
      ========== [环节4/5] 列生成 CG（RMP + 定价子问题迭代求 LP 松弛） ==========
        设计: CPLEX 增量式 RMP(动态加列，不重建模型) ↔ 逐 DC 定价生成负 RC 新列
        定价并行: 否(串行逐DC) | DC 数=8 | 定价线程=4(上限pricing_threads=4)[未启用,parallel_pricing=false]
        核预算: core_budget=0(0=不限制) | GA并发进程数=见num_threads | 峰值占核=GA进程×定价线程
        RMP求解: CPLEX线程=1(cplex_threads=1)[GA并行时子进程强制回退1避免过度订阅]
        收敛: 最大迭代=2000 | tailing-off 早停=否(连续20轮改善<1e-06) | RC 阈值=1e-06
        优化: 每DC持久 PricingSolver(缓存跨迭代保留) + 持久线程池(不再每轮建销)

      ========== [环节5/5] 定价子问题 PS（每DC生成最大负 RC 列，本次瓶颈~83%） ==========
        算法: Simplified候选 + Algorithm3完整校验
        无损缓存: cachedBestCols仅提供 incumbent/上界剪枝，不跳过完整定价
        完整定价: 候选价格(保留价去重)×两点组合 O(候选价×n_neg²×numRetailer)

    ========== [环节3/5] 分支定界 BB（DFS 深度优先，恢复整数解） ==========
      设计: 根节点列生成求 LP → 按 x_ij(DC-零售商对)分数值分支 → 左 x_ij=0 / 右 x_ij=1
      策略: 深度优先(DFS 栈) | 选最大分数化变量分支 | LP≤下界则剪枝
      认证: 所有节点严格列生成 | 目标gap=0 | 最大节点数=10000 | 时间上限=600s
      资源限制仅改变求解状态，不允许LP值冒充整数可行解

  ========== [环节2/5] 分支定价 BP（固定 w_j 下精确求解整数规划） ==========
    设计: 列生成(求 LP 松弛) + 分支定界(恢复整数) = 分支定价
    收尾: 内层列利润已包含减排投资成本；BP整数结果完成后仅加回碳配额常数收益
    优化: fitnessCache 仅复用相同 w 的认证最优结果；未认证结果再次出现时重算
    投资成本模型: ½δw²D^γ, γ=0.500000
    投资成本处理: 列内扣除(新)

========== [环节1/5] 遗传算法 GA（外层：对减排率 w_j 编码搜索） ==========
  设计: 二进制编码 w_j → 轮盘赌选择 → 两点交叉 → 按位变异 → 精英保留
  配置: 种群=30 | 最大代数=50 | 编码位数=10/DC | 基因总长=80
        交叉率=0.7 | 逐位变异率=0.0125(自适应1/L) | 精英保留=是 | w范围=[0,1]
        提前停止=是 | 连续未提升阈值=10代 | 提升容差=0.001
  优化: 二进制解码查表(替代 std::pow) | 相同 w 仅复用认证最优的BP缓存

  +--------------- [并行诊断] 适应度评估层（GA 第4层外层） ---------------
  | 评估任务: 每代对 30 个个体各调用一次分支定价 BP.solve(w)（含 CG->定价->BB）
  | 并行三条件:
  |   1) parallel_fitness = true   [满足]
  |   2) population_size > 1 : 30   [满足]
  |   3) num_threads > 1 : 配置=8 -> 实际=8（0 表示自动取 CPU 核数=36）   [满足]
  +---------------------------------------------------------------
  | >>> 当前模式: 【并行】GA 适应度评估层 fork 进程级并行
  |     并发度: 8 个子进程同时运行（个体总数 30，分批调度）
  |     隔离方式: 每个体 fork() 独立子进程 + Instance.deepCopy() 深拷贝
  |               （不共享求解器，各持独立 BranchAndPrice，无锁无竞争）
  |     结果回传: 子进程算完经管道 pipe() 回传 fitness 及 BP/CG/PS 计时
  |     下层状态: 每个子进程内部 BP->CG->定价PS->BB 全部【串行】
  |     计时口径: 并行时 BP/CG/PS 取墙钟聚合，避免子进程 CPU 时间累加超过总时间
  | 注: 定价子问题 PS 并行开关 parallel_pricing=false —— true 时并行逐DC，false 时串行逐DC；线程数配置在 CG 环节横幅始终展示，仅 false 时不生效）
  +---------------------------------------------------------------
    [CG] 列生成开始，初始列数=128
    [CG] 列生成开始，初始列数=128
    [CG] 列生成开始，初始列数=128
    [CG] 列生成开始，初始列数=128
    [CG] 列生成开始，初始列数=128
    [CG] 列生成开始，初始列数=128
    [CG] 列生成开始，初始列数=128
    [CG] 列生成开始，初始列数=128
    [CG] CG iter 1: obj=142244153.308769, maxRC=59346730.725081, +23 cols
    [CG]   [DIAG] iter=1 posCols=23 newCols=23 effImprove=23 updated=0
    [CG] CG iter 2: obj=160146841.890749, maxRC=10535217.415941, +17 cols
    [CG]   [DIAG] iter=2 posCols=17 newCols=17 effImprove=17 updated=0
    [CG] CG iter 1: obj=143259837.358392, maxRC=59519752.128890, +23 cols
    [CG] CG iter 3: obj=166381745.558929, maxRC=5750834.731140, +10 cols
    [CG]   [DIAG] iter=3 posCols=10 newCols=10 effImprove=10 updated=0
    [CG]   [DIAG] iter=1 posCols=23 newCols=23 effImprove=23 updated=0
    [CG] CG iter 1: obj=142076536.404941, maxRC=59510626.558526, +23 cols
    [CG] CG iter 1: obj=141747237.447436, maxRC=59377217.904579, +23 cols
    [CG] CG iter 1: obj=142321732.054588, maxRC=59497512.265719, +23 cols
    [CG]   [DIAG] iter=1 posCols=23 newCols=23 effImprove=23 updated=0
    [CG] CG iter 4: obj=173196195.055337, maxRC=1138647.897277, +2 cols
    [CG]   [DIAG] iter=1 posCols=23 newCols=23 effImprove=23 updated=0
    [CG]   [DIAG] iter=4 posCols=2 newCols=2 effImprove=2 updated=0
    [CG] CG iter 1: obj=141635074.040528, maxRC=58937900.112748, +23 cols
    [CG]   [DIAG] iter=1 posCols=23 newCols=23 effImprove=23 updated=0
    [CG] CG iter 1: obj=142472693.158598, maxRC=59180360.783212, +23 cols
    [CG]   [DIAG] iter=1 posCols=23 newCols=23 effImprove=23 updated=0
    [CG] CG iter 5: obj=173271228.187346, maxRC=26887.503564, +1 cols
    [CG] CG iter 1: obj=142766943.875663, maxRC=59392488.923727, +23 cols
    [CG]   [DIAG] iter=5 posCols=1 newCols=1 effImprove=1 updated=0
    [CG] CG iter 2: obj=160626609.885663, maxRC=10623485.371715, +17 cols
    [CG]   [DIAG] iter=1 posCols=23 newCols=23 effImprove=23 updated=0
    [CG]   [DIAG] iter=2 posCols=17 newCols=17 effImprove=17 updated=0
    [CG]   [DIAG] iter=1 posCols=23 newCols=23 effImprove=23 updated=0
    [CG] 列生成收敛，共 6 轮迭代
    [CG] [CG-NODE] depth=0 exit=CERTIFIED certified=1 feasible=1 iters=6 generatedColsBeforeNode=0 newCols=53 posCandidates=53 duplicateCandidates=0 updatedCols=0 zeroObjImproveIters=1 objFirst=142244153.308769 objLast=173271228.187347 objGain=31027074.878577 maxRC=59346730.725081 wallSec=0.014386 pricingSec=0.008498 cplexSolveSec=0.002829
    [CG] CG iter 2: obj=160014892.111939, maxRC=9569320.662088, +17 cols
    [CG] CG iter 2: obj=159886856.532709, maxRC=9420967.074512, +17 cols
      [BB] 根节点即为整数解，obj=173271228.187347
    [CG]   [DIAG] iter=2 posCols=17 newCols=17 effImprove=17 updated=0
    [CG]   [DIAG] iter=2 posCols=17 newCols=17 effImprove=17 updated=0
    [CG] CG iter 2: obj=160104414.727346, maxRC=10617286.740886, +17 cols
    [CG]   [DIAG] iter=2 posCols=17 newCols=17 effImprove=17 updated=0
    [CG] CG iter 2: obj=159237763.412068, maxRC=10262162.156314, +17 cols
    [CG] CG iter 3: obj=167020930.268672, maxRC=6255295.270771, +12 cols
    [CG] CG iter 2: obj=159723429.051335, maxRC=9406787.796776, +17 cols
    [CG]   [DIAG] iter=3 posCols=12 newCols=12 effImprove=12 updated=0
    [CG]   [DIAG] iter=2 posCols=17 newCols=17 effImprove=17 updated=0
    [CG]   [DIAG] iter=2 posCols=17 newCols=17 effImprove=17 updated=0
    [CG] CG iter 2: obj=160408111.792659, maxRC=10563038.555058, +17 cols
    [CG]   [DIAG] iter=2 posCols=17 newCols=17 effImprove=17 updated=0
    [CG] CG iter 3: obj=165797354.103812, maxRC=8002280.693930, +15 cols
    [CG] CG iter 3: obj=165653525.081576, maxRC=8074732.119701, +13 cols
    [CG]   [DIAG] iter=3 posCols=15 newCols=15 effImprove=15 updated=0
    [CG]   [DIAG] iter=3 posCols=13 newCols=13 effImprove=13 updated=0
    [CG] CG iter 3: obj=166383899.587096, maxRC=6257909.537823, +11 cols
    [CG] CG iter 4: obj=169719358.461118, maxRC=4143805.047541, +5 cols
    [CG]   [DIAG] iter=3 posCols=11 newCols=11 effImprove=11 updated=0
    [CG]   [DIAG] iter=4 posCols=5 newCols=5 effImprove=5 updated=0
    [CG] CG iter 3: obj=172917196.354897, maxRC=1891711.656956, +8 cols
    [CG]   [DIAG] iter=3 posCols=8 newCols=8 effImprove=8 updated=0
    [CG] CG iter 3: obj=165333842.623856, maxRC=5666593.147596, +9 cols
    [CG]   [DIAG] iter=3 posCols=9 newCols=9 effImprove=9 updated=0
    [CG] CG iter 4: obj=171230742.661916, maxRC=4162838.231150, +4 cols
    [CG]   [DIAG] iter=4 posCols=4 newCols=4 effImprove=4 updated=0
    [CG] CG iter 4: obj=171377699.162550, maxRC=4678115.263144, +4 cols
    [CG]   [DIAG] iter=4 posCols=4 newCols=4 effImprove=4 updated=0
    [CG] 列生成收敛，共 5 轮迭代
    [CG] [CG-NODE] depth=0 exit=CERTIFIED certified=1 feasible=1 iters=5 generatedColsBeforeNode=0 newCols=57 posCandidates=57 duplicateCandidates=0 updatedCols=0 zeroObjImproveIters=0 objFirst=143259837.358392 objLast=173937754.548989 objGain=30677917.190597 maxRC=59519752.128890 wallSec=0.018648 pricingSec=0.012321 cplexSolveSec=0.003369
    [CG] CG iter 3: obj=166758905.502607, maxRC=6281660.030406, +11 cols
    [CG] 列生成开始，初始列数=128
    [CG]   [DIAG] iter=3 posCols=11 newCols=11 effImprove=11 updated=0
    [CG] CG iter 4: obj=169000193.066689, maxRC=4043240.008512, +5 cols
    [CG]   [DIAG] iter=4 posCols=5 newCols=5 effImprove=5 updated=0
      [BB] 根节点即为整数解，obj=173937754.548989
    [CG] CG iter 4: obj=172917196.354897, maxRC=426559.174221, +3 cols
    [CG]   [DIAG] iter=4 posCols=3 newCols=3 effImprove=3 updated=0
    [CG] CG iter 4: obj=172083498.286929, maxRC=1156087.661720, +2 cols
    [CG]   [DIAG] iter=4 posCols=2 newCols=2 effImprove=2 updated=0
    [CG] 列生成收敛，共 5 轮迭代
    [CG] [CG-NODE] depth=0 exit=CERTIFIED certified=1 feasible=1 iters=5 generatedColsBeforeNode=0 newCols=57 posCandidates=57 duplicateCandidates=0 updatedCols=0 zeroObjImproveIters=0 objFirst=141747237.447436 objLast=172982731.441675 objGain=31235493.994238 maxRC=59377217.904579 wallSec=0.018907 pricingSec=0.012652 cplexSolveSec=0.003328
    [CG] CG iter 5: obj=173059783.561676, maxRC=1078454.194589, +3 cols
    [CG]   [DIAG] iter=5 posCols=3 newCols=3 effImprove=3 updated=0
      [BB] 根节点即为整数解，obj=172982731.441675
    [CG] 列生成收敛，共 5 轮迭代
    [CG] 列生成收敛，共 5 轮迭代
    [CG] [CG-NODE] depth=0 exit=CERTIFIED certified=1 feasible=1 iters=5 generatedColsBeforeNode=0 newCols=56 posCandidates=56 duplicateCandidates=0 updatedCols=0 zeroObjImproveIters=0 objFirst=142321732.054588 objLast=173239579.350766 objGain=30917847.296177 maxRC=59497512.265719 wallSec=0.019055 pricingSec=0.012747 cplexSolveSec=0.003370
    [CG] [CG-NODE] depth=0 exit=CERTIFIED certified=1 feasible=1 iters=5 generatedColsBeforeNode=0 newCols=51 posCandidates=51 duplicateCandidates=0 updatedCols=0 zeroObjImproveIters=1 objFirst=142472693.158598 objLast=172954162.293670 objGain=30481469.135072 maxRC=59180360.783212 wallSec=0.018663 pricingSec=0.012019 cplexSolveSec=0.003125
    [CG] CG iter 4: obj=169408345.862508, maxRC=4140620.412538, +5 cols
    [CG]   [DIAG] iter=4 posCols=5 newCols=5 effImprove=5 updated=0
      [BB] 根节点即为整数解，obj=173239579.350766
    [CG] CG iter 5: obj=172156523.433173, maxRC=248040.126911, +1 cols
      [BB] 根节点即为整数解，obj=172954162.293670
    [CG]   [DIAG] iter=5 posCols=1 newCols=1 effImprove=1 updated=0
    [CG] 列生成收敛，共 6 轮迭代
    [CG] [CG-NODE] depth=0 exit=CERTIFIED certified=1 feasible=1 iters=6 generatedColsBeforeNode=0 newCols=62 posCandidates=62 duplicateCandidates=0 updatedCols=0 zeroObjImproveIters=1 objFirst=142076536.404941 objLast=173059783.561676 objGain=30983247.156735 maxRC=59510626.558526 wallSec=0.019875 pricingSec=0.013112 cplexSolveSec=0.003722
      [BB] 根节点即为整数解，obj=173059783.561676
    [CG] 列生成收敛，共 6 轮迭代
    [CG] [CG-NODE] depth=0 exit=CERTIFIED certified=1 feasible=1 iters=6 generatedColsBeforeNode=0 newCols=52 posCandidates=52 duplicateCandidates=0 updatedCols=0 zeroObjImproveIters=1 objFirst=141635074.040528 objLast=172156523.433173 objGain=30521449.392645 maxRC=58937900.112748 wallSec=0.019665 pricingSec=0.012788 cplexSolveSec=0.003385
    [CG] 列生成收敛，共 5 轮迭代
    [CG] [CG-NODE] depth=0 exit=CERTIFIED certified=1 feasible=1 iters=5 generatedColsBeforeNode=0 newCols=56 posCandidates=56 duplicateCandidates=0 updatedCols=0 zeroObjImproveIters=0 objFirst=142766943.875663 objLast=173630367.192191 objGain=30863423.316528 maxRC=59392488.923727 wallSec=0.019634 pricingSec=0.013445 cplexSolveSec=0.003264
      [BB] 根节点即为整数解，obj=172156523.433173
      [BB] 根节点即为整数解，obj=173630367.192191
    [CG] 列生成开始，初始列数=128
    [CG] 列生成开始，初始列数=128
    [CG] 列生成开始，初始列数=128
    [CG] 列生成开始，初始列数=128
    [CG] 列生成开始，初始列数=128
    [CG] 列生成开始，初始列数=128
    [CG] 列生成开始，初始列数=128
    [CG] CG iter 1: obj=141728510.775837, maxRC=58977288.625005, +23 cols
    [CG]   [DIAG] iter=1 posCols=23 newCols=23 effImprove=23 updated=0
    [CG] CG iter 1: obj=142282806.472437, maxRC=59189428.012454, +23 cols
    [CG]   [DIAG] iter=1 posCols=23 newCols=23 effImprove=23 updated=0
    [CG] CG iter 2: obj=159117377.690329, maxRC=10388633.169666, +17 cols
    [CG]   [DIAG] iter=2 posCols=17 newCols=17 effImprove=17 updated=0
    [CG] CG iter 1: obj=142333544.041578, maxRC=59357440.819649, +23 cols
    [CG]   [DIAG] iter=1 posCols=23 newCols=23 effImprove=23 updated=0
    [CG] CG iter 2: obj=159803238.958831, maxRC=10574897.110689, +17 cols
    [CG]   [DIAG] iter=2 posCols=17 newCols=17 effImprove=17 updated=0
    [CG] CG iter 3: obj=165248791.278823, maxRC=6275391.340671, +11 cols
    [CG]   [DIAG] iter=3 posCols=11 newCols=11 effImprove=11 updated=0
    [CG] CG iter 2: obj=159785312.827870, maxRC=10518964.242325, +17 cols
    [CG]   [DIAG] iter=2 posCols=17 newCols=17 effImprove=17 updated=0
    [CG] CG iter 4: obj=167782190.723646, maxRC=4090494.584144, +5 cols
    [CG] CG iter 3: obj=165980725.202932, maxRC=6301242.917050, +11 cols
    [CG]   [DIAG] iter=4 posCols=5 newCols=5 effImprove=5 updated=0
    [CG]   [DIAG] iter=3 posCols=11 newCols=11 effImprove=11 updated=0
    [CG] CG iter 3: obj=166129769.882032, maxRC=6289568.159008, +11 cols
    [CG]   [DIAG] iter=3 posCols=11 newCols=11 effImprove=11 updated=0
    [CG] 列生成收敛，共 5 轮迭代
    [CG] [CG-NODE] depth=0 exit=CERTIFIED certified=1 feasible=1 iters=5 generatedColsBeforeNode=0 newCols=56 posCandidates=56 duplicateCandidates=0 updatedCols=0 zeroObjImproveIters=0 objFirst=141728510.775837 objLast=172056205.789590 objGain=30327695.013754 maxRC=58977288.625005 wallSec=0.014257 pricingSec=0.009237 cplexSolveSec=0.002440
    [CG] CG iter 4: obj=168542201.412881, maxRC=4061910.466128, +5 cols
    [CG]   [DIAG] iter=4 posCols=5 newCols=5 effImprove=5 updated=0
      [BB] 根节点即为整数解，obj=172056205.789590
    [CG] CG iter 4: obj=168771271.461658, maxRC=4151600.427814, +5 cols
    [CG]   [DIAG] iter=4 posCols=5 newCols=5 effImprove=5 updated=0
    [CG] 列生成收敛，共 5 轮迭代
    [CG] [CG-NODE] depth=0 exit=CERTIFIED certified=1 feasible=1 iters=5 generatedColsBeforeNode=0 newCols=56 posCandidates=56 duplicateCandidates=0 updatedCols=0 zeroObjImproveIters=0 objFirst=142282806.472437 objLast=172746737.496584 objGain=30463931.024146 maxRC=59189428.012454 wallSec=0.009814 pricingSec=0.006334 cplexSolveSec=0.001799
      [BB] 根节点即为整数解，obj=172746737.496584
    [CG] 列生成收敛，共 5 轮迭代
    [CG] [CG-NODE] depth=0 exit=CERTIFIED certified=1 feasible=1 iters=5 generatedColsBeforeNode=0 newCols=56 posCandidates=56 duplicateCandidates=0 updatedCols=0 zeroObjImproveIters=0 objFirst=142333544.041578 objLast=173003743.257680 objGain=30670199.216103 maxRC=59357440.819649 wallSec=0.010961 pricingSec=0.007341 cplexSolveSec=0.001822
      [BB] 根节点即为整数解，obj=173003743.257680
    [CG] CG iter 1: obj=142669153.988940, maxRC=59449618.569582, +23 cols
    [CG]   [DIAG] iter=1 posCols=23 newCols=23 effImprove=23 updated=0
    [CG] CG iter 1: obj=141548114.333322, maxRC=59084958.209521, +23 cols
    [CG] CG iter 2: obj=160198869.478237, maxRC=10699602.593454, +17 cols
    [CG]   [DIAG] iter=2 posCols=17 newCols=17 effImprove=17 updated=0
    [CG]   [DIAG] iter=1 posCols=23 newCols=23 effImprove=23 updated=0
    [CG] 列生成开始，初始列数=128
    [CG] CG iter 1: obj=142428790.141265, maxRC=59482657.642458, +23 cols
    [CG]   [DIAG] iter=1 posCols=23 newCols=23 effImprove=23 updated=0
    [CG] CG iter 1: obj=142392512.283509, maxRC=59506789.617628, +23 cols
    [CG] CG iter 1: obj=142246840.726707, maxRC=59340612.366634, +23 cols
    [CG] 列生成开始，初始列数=128
    [CG]   [DIAG] iter=1 posCols=23 newCols=23 effImprove=23 updated=0
    [CG]   [DIAG] iter=1 posCols=23 newCols=23 effImprove=23 updated=0
    [CG] 列生成开始，初始列数=128
    [CG] CG iter 3: obj=166521705.506223, maxRC=6248782.828786, +12 cols
    [CG]   [DIAG] iter=3 posCols=12 newCols=12 effImprove=12 updated=0
    [CG] CG iter 2: obj=159105771.300537, maxRC=10527700.227607, +17 cols
    [CG]   [DIAG] iter=2 posCols=17 newCols=17 effImprove=17 updated=0
    [CG] CG iter 2: obj=160235337.429544, maxRC=10816591.265136, +17 cols
    [CG]   [DIAG] iter=2 posCols=17 newCols=17 effImprove=17 updated=0
    [CG] CG iter 4: obj=169250557.298265, maxRC=4125740.406405, +7 cols
    [CG]   [DIAG] iter=4 posCols=7 newCols=7 effImprove=7 updated=0
    [CG] CG iter 2: obj=160359195.655416, maxRC=9287865.333002, +17 cols
    [CG] CG iter 2: obj=159795462.560957, maxRC=9454887.435775, +17 cols
    [CG]   [DIAG] iter=2 posCols=17 newCols=17 effImprove=17 updated=0
    [CG]   [DIAG] iter=2 posCols=17 newCols=17 effImprove=17 updated=0
    [CG] 列生成收敛，共 5 轮迭代
    [CG] [CG-NODE] depth=0 exit=CERTIFIED certified=1 feasible=1 iters=5 generatedColsBeforeNode=0 newCols=59 posCandidates=59 duplicateCandidates=0 updatedCols=0 zeroObjImproveIters=0 objFirst=142669153.988940 objLast=173441746.465391 objGain=30772592.476452 maxRC=59449618.569582 wallSec=0.017835 pricingSec=0.011972 cplexSolveSec=0.003023
      [BB] 根节点即为整数解，obj=173441746.465391
    [CG] CG iter 3: obj=165274739.162074, maxRC=6300641.586568, +12 cols
    [CG]   [DIAG] iter=3 posCols=12 newCols=12 effImprove=12 updated=0
    [CG] CG iter 3: obj=166430372.471673, maxRC=5671199.841600, +11 cols
    [CG]   [DIAG] iter=3 posCols=11 newCols=11 effImprove=11 updated=0
    [CG] CG iter 3: obj=165616100.174011, maxRC=7338911.130274, +15 cols
    [CG]   [DIAG] iter=3 posCols=15 newCols=15 effImprove=15 updated=0
    [CG] CG iter 3: obj=166808395.629795, maxRC=6908990.396948, +15 cols
    [CG]   [DIAG] iter=3 posCols=15 newCols=15 effImprove=15 updated=0
    [CG] CG iter 4: obj=167831297.160722, maxRC=4087815.078555, +5 cols
    [CG] CG iter 4: obj=173099446.017246, maxRC=1140360.913457, +3 cols
    [CG]   [DIAG] iter=4 posCols=5 newCols=5 effImprove=5 updated=0
    [CG]   [DIAG] iter=4 posCols=3 newCols=3 effImprove=3 updated=0
    [CG] CG iter 4: obj=172955011.304285, maxRC=419251.444656, +4 cols
    [CG]   [DIAG] iter=4 posCols=4 newCols=4 effImprove=4 updated=0
    [CG] CG iter 5: obj=173241933.226730, maxRC=18917.424863, +1 cols
    [CG]   [DIAG] iter=5 posCols=1 newCols=1 effImprove=1 updated=0
    [CG] 列生成收敛，共 5 轮迭代
    [CG] [CG-NODE] depth=0 exit=CERTIFIED certified=1 feasible=1 iters=5 generatedColsBeforeNode=0 newCols=57 posCandidates=57 duplicateCandidates=0 updatedCols=0 zeroObjImproveIters=0 objFirst=141548114.333322 objLast=172041190.772043 objGain=30493076.438721 maxRC=59084958.209521 wallSec=0.018932 pricingSec=0.012828 cplexSolveSec=0.003276
    [CG] CG iter 4: obj=173089667.061069, maxRC=1212024.971462, +7 cols
    [CG]   [DIAG] iter=4 posCols=7 newCols=7 effImprove=7 updated=0
      [BB] 根节点即为整数解，obj=172041190.772043
    [CG] 列生成收敛，共 5 轮迭代
    [CG] [CG-NODE] depth=0 exit=CERTIFIED certified=1 feasible=1 iters=5 generatedColsBeforeNode=0 newCols=59 posCandidates=59 duplicateCandidates=0 updatedCols=0 zeroObjImproveIters=1 objFirst=142246840.726707 objLast=172955011.304285 objGain=30708170.577578 maxRC=59340612.366634 wallSec=0.018486 pricingSec=0.012642 cplexSolveSec=0.002986
    [CG] 列生成收敛，共 6 轮迭代
    [CG] [CG-NODE] depth=0 exit=CERTIFIED certified=1 feasible=1 iters=6 generatedColsBeforeNode=0 newCols=55 posCandidates=55 duplicateCandidates=0 updatedCols=0 zeroObjImproveIters=1 objFirst=142428790.141265 objLast=173241933.226730 objGain=30813143.085465 maxRC=59482657.642458 wallSec=0.019093 pricingSec=0.012730 cplexSolveSec=0.003461
      [BB] 根节点即为整数解，obj=172955011.304285
      [BB] 根节点即为整数解，obj=173241933.226730
    [CG] 列生成开始，初始列数=128
    [CG] 列生成收敛，共 5 轮迭代
    [CG] [CG-NODE] depth=0 exit=CERTIFIED certified=1 feasible=1 iters=5 generatedColsBeforeNode=0 newCols=62 posCandidates=62 duplicateCandidates=0 updatedCols=0 zeroObjImproveIters=0 objFirst=142392512.283509 objLast=173315772.274109 objGain=30923259.990600 maxRC=59506789.617628 wallSec=0.018985 pricingSec=0.012870 cplexSolveSec=0.003238
      [BB] 根节点即为整数解，obj=173315772.274109
    [CG] 列生成开始，初始列数=128
    [CG] 列生成开始，初始列数=128
    [CG] 列生成开始，初始列数=128
    [CG] 列生成开始，初始列数=128
    [CG] CG iter 1: obj=142008575.510978, maxRC=59346599.149173, +23 cols
    [CG]   [DIAG] iter=1 posCols=23 newCols=23 effImprove=23 updated=0
    [CG] CG iter 1: obj=142120167.969839, maxRC=59440874.057672, +23 cols
    [CG] CG iter 1: obj=142688458.725840, maxRC=59424802.905324, +23 cols
    [CG]   [DIAG] iter=1 posCols=23 newCols=23 effImprove=23 updated=0
    [CG]   [DIAG] iter=1 posCols=23 newCols=23 effImprove=23 updated=0
    [CG] CG iter 2: obj=159462349.821646, maxRC=6814102.588797, +15 cols
    [CG]   [DIAG] iter=2 posCols=15 newCols=15 effImprove=15 updated=0
    [CG] CG iter 2: obj=160136053.860080, maxRC=9451516.952090, +17 cols
    [CG] CG iter 2: obj=160397265.927974, maxRC=9255788.739200, +17 cols
    [CG]   [DIAG] iter=2 posCols=17 newCols=17 effImprove=17 updated=0
    [CG] CG iter 1: obj=142013093.472864, maxRC=58973489.412714, +23 cols
    [CG]   [DIAG] iter=2 posCols=17 newCols=17 effImprove=17 updated=0
    [CG]   [DIAG] iter=1 posCols=23 newCols=23 effImprove=23 updated=0
    [CG] CG iter 3: obj=172454074.177796, maxRC=1820025.246882, +6 cols
    [CG]   [DIAG] iter=3 posCols=6 newCols=6 effImprove=6 updated=0
    [CG] CG iter 1: obj=142406166.180164, maxRC=59212449.816603, +23 cols
    [CG] CG iter 3: obj=173588875.952212, maxRC=1339312.491218, +4 cols
    [CG]   [DIAG] iter=3 posCols=4 newCols=4 effImprove=4 updated=0
    [CG]   [DIAG] iter=1 posCols=23 newCols=23 effImprove=23 updated=0
    [CG] CG iter 4: obj=172454074.177796, maxRC=176219.702626, +3 cols
    [CG]   [DIAG] iter=4 posCols=3 newCols=3 effImprove=3 updated=0
    [CG] CG iter 2: obj=159314386.542686, maxRC=10293161.277401, +17 cols
    [CG] CG iter 3: obj=165918687.693226, maxRC=8073945.271025, +13 cols
    [CG]   [DIAG] iter=2 posCols=17 newCols=17 effImprove=17 updated=0
    [CG]   [DIAG] iter=3 posCols=13 newCols=13 effImprove=13 updated=0
    [CG] 列生成收敛，共 5 轮迭代
    [CG] [CG-NODE] depth=0 exit=CERTIFIED certified=1 feasible=1 iters=5 generatedColsBeforeNode=0 newCols=47 posCandidates=47 duplicateCandidates=0 updatedCols=0 zeroObjImproveIters=2 objFirst=142008575.510978 objLast=172454074.177796 objGain=30445498.666818 maxRC=59346599.149173 wallSec=0.017113 pricingSec=0.011694 cplexSolveSec=0.002847
      [BB] 根节点即为整数解，obj=172454074.177796
    [CG] CG iter 2: obj=159869476.354368, maxRC=10437441.978314, +17 cols
    [CG] CG iter 4: obj=173588875.952212, maxRC=586629.217982, +5 cols
    [CG]   [DIAG] iter=4 posCols=5 newCols=5 effImprove=5 updated=0
    [CG]   [DIAG] iter=2 posCols=17 newCols=17 effImprove=17 updated=0
    [CG] CG iter 3: obj=165678051.126503, maxRC=6300130.391873, +12 cols
    [CG] CG iter 4: obj=171554426.809980, maxRC=4199690.928754, +4 cols
    [CG] CG iter 1: obj=142243307.909159, maxRC=59494020.720344, +23 cols
    [CG]   [DIAG] iter=3 posCols=12 newCols=12 effImprove=12 updated=0
    [CG]   [DIAG] iter=4 posCols=4 newCols=4 effImprove=4 updated=0
    [CG]   [DIAG] iter=1 posCols=23 newCols=23 effImprove=23 updated=0
    [CG] CG iter 1: obj=142026667.103977, maxRC=59138777.276071, +23 cols
    [CG] 列生成收敛，共 5 轮迭代
    [CG] [CG-NODE] depth=0 exit=CERTIFIED certified=1 feasible=1 iters=5 generatedColsBeforeNode=0 newCols=49 posCandidates=49 duplicateCandidates=0 updatedCols=0 zeroObjImproveIters=2 objFirst=142688458.725840 objLast=173588875.952212 objGain=30900417.226372 maxRC=59424802.905324 wallSec=0.017288 pricingSec=0.011709 cplexSolveSec=0.003032
    [CG] CG iter 3: obj=166157466.552500, maxRC=6293930.353350, +12 cols
    [CG] CG iter 4: obj=168388408.318081, maxRC=4359868.992745, +5 cols
    [CG]   [DIAG] iter=3 posCols=12 newCols=12 effImprove=12 updated=0
    [CG]   [DIAG] iter=4 posCols=5 newCols=5 effImprove=5 updated=0
    [CG] 列生成收敛，共 5 轮迭代
    [CG] [CG-NODE] depth=0 exit=CERTIFIED certified=1 feasible=1 iters=5 generatedColsBeforeNode=0 newCols=57 posCandidates=57 duplicateCandidates=0 updatedCols=0 zeroObjImproveIters=0 objFirst=142120167.969839 objLast=173255728.310937 objGain=31135560.341098 maxRC=59440874.057672 wallSec=0.017665 pricingSec=0.012100 cplexSolveSec=0.002998
    [CG]   [DIAG] iter=1 posCols=23 newCols=23 effImprove=23 updated=0
      [BB] 根节点即为整数解，obj=173588875.952212
      [BB] 根节点即为整数解，obj=173255728.310937
    [CG] 列生成收敛，共 5 轮迭代
    [CG] [CG-NODE] depth=0 exit=CERTIFIED certified=1 feasible=1 iters=5 generatedColsBeforeNode=0 newCols=57 posCandidates=57 duplicateCandidates=0 updatedCols=0 zeroObjImproveIters=0 objFirst=142013093.472864 objLast=172748277.310826 objGain=30735183.837961 maxRC=58973489.412714 wallSec=0.012142 pricingSec=0.008214 cplexSolveSec=0.002074
    [CG] CG iter 2: obj=160113636.683705, maxRC=10797202.746362, +17 cols
    [CG] CG iter 4: obj=168843993.195819, maxRC=4231468.270999, +5 cols
    [CG]   [DIAG] iter=4 posCols=5 newCols=5 effImprove=5 updated=0
    [CG]   [DIAG] iter=2 posCols=17 newCols=17 effImprove=17 updated=0
      [BB] 根节点即为整数解，obj=172748277.310826
    [CG] 列生成收敛，共 5 轮迭代
    [CG] [CG-NODE] depth=0 exit=CERTIFIED certified=1 feasible=1 iters=5 generatedColsBeforeNode=0 newCols=57 posCandidates=57 duplicateCandidates=0 updatedCols=0 zeroObjImproveIters=0 objFirst=142406166.180164 objLast=173086677.908113 objGain=30680511.727949 maxRC=59212449.816603 wallSec=0.010543 pricingSec=0.007077 cplexSolveSec=0.001824
      [BB] 根节点即为整数解，obj=173086677.908113
    [CG] CG iter 3: obj=166392212.238652, maxRC=6254424.047425, +12 cols
    [CG]   [DIAG] iter=3 posCols=12 newCols=12 effImprove=12 updated=0
    [CG] CG iter 2: obj=159251993.132433, maxRC=10380195.855017, +17 cols
    [CG] 列生成开始，初始列数=128
    [CG]   [DIAG] iter=2 posCols=17 newCols=17 effImprove=17 updated=0
    [CG] CG iter 4: obj=169113211.338026, maxRC=4071274.094218, +7 cols
    [CG]   [DIAG] iter=4 posCols=7 newCols=7 effImprove=7 updated=0
    [CG] 列生成收敛，共 5 轮迭代
    [CG] [CG-NODE] depth=0 exit=CERTIFIED certified=1 feasible=1 iters=5 generatedColsBeforeNode=0 newCols=59 posCandidates=59 duplicateCandidates=0 updatedCols=0 zeroObjImproveIters=0 objFirst=142243307.909159 objLast=173278101.064696 objGain=31034793.155537 maxRC=59494020.720344 wallSec=0.011963 pricingSec=0.007953 cplexSolveSec=0.002111
    [CG] 列生成开始，初始列数=128
      [BB] 根节点即为整数解，obj=173278101.064696
    [CG] 列生成开始，初始列数=128
    [CG] 列生成开始，初始列数=128
    [CG] CG iter 3: obj=165589122.735716, maxRC=6255432.177505, +11 cols
    [CG]   [DIAG] iter=3 posCols=11 newCols=11 effImprove=11 updated=0
    [CG] 列生成开始，初始列数=128
    [CG] CG iter 1: obj=141613239.656819, maxRC=59026111.422027, +23 cols
    [CG]   [DIAG] iter=1 posCols=23 newCols=23 effImprove=23 updated=0
    [CG] CG iter 4: obj=168227627.712422, maxRC=4210762.681513, +5 cols
    [CG]   [DIAG] iter=4 posCols=5 newCols=5 effImprove=5 updated=0
    [CG] 列生成开始，初始列数=128
    [CG] 列生成收敛，共 5 轮迭代
    [CG] [CG-NODE] depth=0 exit=CERTIFIED certified=1 feasible=1 iters=5 generatedColsBeforeNode=0 newCols=56 posCandidates=56 duplicateCandidates=0 updatedCols=0 zeroObjImproveIters=0 objFirst=142026667.103977 objLast=172500778.746116 objGain=30474111.642138 maxRC=59138777.276071 wallSec=0.014925 pricingSec=0.009859 cplexSolveSec=0.002904
    [CG] CG iter 2: obj=159057379.308654, maxRC=10338861.953383, +17 cols
    [CG]   [DIAG] iter=2 posCols=17 newCols=17 effImprove=17 updated=0
      [BB] 根节点即为整数解，obj=172500778.746116
    [CG] CG iter 3: obj=165327101.471116, maxRC=6248636.344540, +11 cols
    [CG]   [DIAG] iter=3 posCols=11 newCols=11 effImprove=11 updated=0
    [CG] CG iter 4: obj=167932308.615142, maxRC=4184938.249219, +5 cols
    [CG]   [DIAG] iter=4 posCols=5 newCols=5 effImprove=5 updated=0
    [CG] 列生成收敛，共 5 轮迭代
    [CG] [CG-NODE] depth=0 exit=CERTIFIED certified=1 feasible=1 iters=5 generatedColsBeforeNode=0 newCols=56 posCandidates=56 duplicateCandidates=0 updatedCols=0 zeroObjImproveIters=0 objFirst=141613239.656819 objLast=172223943.406445 objGain=30610703.749627 maxRC=59026111.422027 wallSec=0.018282 pricingSec=0.012487 cplexSolveSec=0.003086
      [BB] 根节点即为整数解，obj=172223943.406445
    [CG] CG iter 1: obj=142073106.755769, maxRC=59351022.697126, +23 cols
    [CG]   [DIAG] iter=1 posCols=23 newCols=23 effImprove=23 updated=0
    [CG] CG iter 2: obj=159819712.060350, maxRC=10552363.722371, +17 cols
    [CG] CG iter 1: obj=142058042.844638, maxRC=59510847.756473, +23 cols
    [CG]   [DIAG] iter=2 posCols=17 newCols=17 effImprove=17 updated=0
    [CG]   [DIAG] iter=1 posCols=23 newCols=23 effImprove=23 updated=0
    [CG] CG iter 1: obj=142206006.928300, maxRC=58968579.609607, +23 cols
    [CG]   [DIAG] iter=1 posCols=23 newCols=23 effImprove=23 updated=0
    [CG] CG iter 3: obj=166048179.095240, maxRC=6273944.867009, +11 cols
    [CG]   [DIAG] iter=3 posCols=11 newCols=11 effImprove=11 updated=0
    [CG] CG iter 2: obj=159866545.802269, maxRC=9410335.701863, +17 cols
    [CG]   [DIAG] iter=2 posCols=17 newCols=17 effImprove=17 updated=0
    [CG] CG iter 4: obj=168618344.350018, maxRC=4044627.784170, +5 cols
    [CG]   [DIAG] iter=4 posCols=5 newCols=5 effImprove=5 updated=0
    [CG] CG iter 2: obj=159456916.253851, maxRC=10306255.930890, +17 cols
    [CG]   [DIAG] iter=2 posCols=17 newCols=17 effImprove=17 updated=0
    [CG] CG iter 1: obj=141909286.150407, maxRC=59338228.040639, +23 cols
    [CG] CG iter 3: obj=172976251.057311, maxRC=6733005.112104, +7 cols
    [CG] 列生成收敛，共 5 轮迭代
    [CG]   [DIAG] iter=3 posCols=7 newCols=7 effImprove=7 updated=0
    [CG] [CG-NODE] depth=0 exit=CERTIFIED certified=1 feasible=1 iters=5 generatedColsBeforeNode=0 newCols=56 posCandidates=56 duplicateCandidates=0 updatedCols=0 zeroObjImproveIters=0 objFirst=142073106.755769 objLast=172862993.717235 objGain=30789886.961466 maxRC=59351022.697126 wallSec=0.012680 pricingSec=0.008461 cplexSolveSec=0.002292
    [CG] CG iter 1: obj=142417715.176453, maxRC=59467399.781334, +23 cols
    [CG]   [DIAG] iter=1 posCols=23 newCols=23 effImprove=23 updated=0
      [BB] 根节点即为整数解，obj=172862993.717235
    [CG]   [DIAG] iter=1 posCols=23 newCols=23 effImprove=23 updated=0
    [CG] CG iter 1: obj=142400810.335015, maxRC=59202071.238022, +23 cols
    [CG]   [DIAG] iter=1 posCols=23 newCols=23 effImprove=23 updated=0
    [CG] CG iter 4: obj=172976251.057311, maxRC=459291.845398, +2 cols
    [CG]   [DIAG] iter=4 posCols=2 newCols=2 effImprove=2 updated=0
    [CG] CG iter 3: obj=165858692.834033, maxRC=6306235.338509, +11 cols
    [CG]   [DIAG] iter=3 posCols=11 newCols=11 effImprove=11 updated=0
    [CG] CG iter 5: obj=172976251.057311, maxRC=234160.635926, +1 cols
    [CG]   [DIAG] iter=5 posCols=1 newCols=1 effImprove=1 updated=0
    [CG] CG iter 2: obj=160120645.815036, maxRC=10675954.352659, +17 cols
    [CG]   [DIAG] iter=2 posCols=17 newCols=17 effImprove=17 updated=0
    [CG] CG iter 2: obj=159943542.984803, maxRC=9381941.235492, +17 cols
    [CG]   [DIAG] iter=2 posCols=17 newCols=17 effImprove=17 updated=0
    [CG] CG iter 4: obj=168533003.306273, maxRC=4329156.486524, +5 cols
    [CG]   [DIAG] iter=4 posCols=5 newCols=5 effImprove=5 updated=0
    [CG] CG iter 2: obj=159885766.372078, maxRC=9148932.192845, +17 cols
    [CG] CG iter 6: obj=172976251.057311, maxRC=139310.165702, +2 cols
    [CG]   [DIAG] iter=6 posCols=2 newCols=2 effImprove=2 updated=0
    [CG]   [DIAG] iter=2 posCols=17 newCols=17 effImprove=17 updated=0
    [CG] 列生成收敛，共 5 轮迭代
    [CG] [CG-NODE] depth=0 exit=CERTIFIED certified=1 feasible=1 iters=5 generatedColsBeforeNode=0 newCols=56 posCandidates=56 duplicateCandidates=0 updatedCols=0 zeroObjImproveIters=0 objFirst=142206006.928300 objLast=172862159.792797 objGain=30656152.864497 maxRC=58968579.609607 wallSec=0.015074 pricingSec=0.010261 cplexSolveSec=0.002698
    [CG] CG iter 3: obj=166353757.511171, maxRC=6234037.467838, +11 cols
    [CG]   [DIAG] iter=3 posCols=11 newCols=11 effImprove=11 updated=0
    [CG] 列生成收敛，共 7 轮迭代
    [CG] [CG-NODE] depth=0 exit=CERTIFIED certified=1 feasible=1 iters=7 generatedColsBeforeNode=0 newCols=52 posCandidates=52 duplicateCandidates=0 updatedCols=0 zeroObjImproveIters=4 objFirst=142058042.844638 objLast=172976251.057311 objGain=30918208.212673 maxRC=59510847.756473 wallSec=0.017277 pricingSec=0.011270 cplexSolveSec=0.003429
      [BB] 根节点即为整数解，obj=172862159.792797
    [CG] CG iter 3: obj=173171693.593602, maxRC=1457527.580849, +6 cols
      [BB] 根节点即为整数解，obj=172976251.057311
    [CG]   [DIAG] iter=3 posCols=6 newCols=6 effImprove=6 updated=0
    [CG] CG iter 3: obj=166330393.806604, maxRC=9435908.270719, +14 cols
    [CG]   [DIAG] iter=3 posCols=14 newCols=14 effImprove=14 updated=0
    [CG] CG iter 4: obj=168990360.670899, maxRC=4023081.339400, +5 cols
    [CG]   [DIAG] iter=4 posCols=5 newCols=5 effImprove=5 updated=0
    [CG] CG iter 4: obj=173171693.593602, maxRC=234467.716208, +2 cols
    [CG]   [DIAG] iter=4 posCols=2 newCols=2 effImprove=2 updated=0
    [CG] 列生成收敛，共 5 轮迭代
    [CG] [CG-NODE] depth=0 exit=CERTIFIED certified=1 feasible=1 iters=5 generatedColsBeforeNode=0 newCols=56 posCandidates=56 duplicateCandidates=0 updatedCols=0 zeroObjImproveIters=0 objFirst=142417715.176453 objLast=173217575.937381 objGain=30799860.760928 maxRC=59467399.781334 wallSec=0.014098 pricingSec=0.009537 cplexSolveSec=0.002444
      [BB] 根节点即为整数解，obj=173217575.937381
    [CG] CG iter 4: obj=171179270.452943, maxRC=2427482.780159, +3 cols
    [CG]   [DIAG] iter=4 posCols=3 newCols=3 effImprove=3 updated=0
    [CG] 列生成收敛，共 5 轮迭代
    [CG] [CG-NODE] depth=0 exit=CERTIFIED certified=1 feasible=1 iters=5 generatedColsBeforeNode=0 newCols=48 posCandidates=48 duplicateCandidates=0 updatedCols=0 zeroObjImproveIters=2 objFirst=142400810.335015 objLast=173171693.593602 objGain=30770883.258586 maxRC=59202071.238022 wallSec=0.016831 pricingSec=0.011553 cplexSolveSec=0.002809
      [BB] 根节点即为整数解，obj=173171693.593602
    [CG] CG iter 5: obj=172852693.518009, maxRC=1402156.257095, +5 cols
    [CG]   [DIAG] iter=5 posCols=5 newCols=5 effImprove=5 updated=0
    [CG] 列生成收敛，共 6 轮迭代
    [CG] [CG-NODE] depth=0 exit=CERTIFIED certified=1 feasible=1 iters=6 generatedColsBeforeNode=0 newCols=62 posCandidates=62 duplicateCandidates=0 updatedCols=0 zeroObjImproveIters=1 objFirst=141909286.150407 objLast=172852693.518009 objGain=30943407.367602 maxRC=59338228.040639 wallSec=0.018392 pricingSec=0.012528 cplexSolveSec=0.003294
      [BB] 根节点即为整数解，obj=172852693.518009
[GA] 代数 0: Best=173966640.23, Avg=172999362.19, Worst=172070076.46, Valid=30/30, 耗时=0.07s
  ├─ 求解: 30 个体 fork 并行 | CG迭代=157 加列=1672 BB分支=0
  ├─ 并行墙钟=0.0736s | 串行等效(ΣBP)=0.4992s | 加速比=6.78x
  ├─ 管理开销=-0.4256s (fork=0.0047 wait=0.0684 merge=0.0005)
  └─ CG明细: gen_logs/run_gen0_ind{0..29}.log
    [CG] 列生成开始，初始列数=128
    [CG] 列生成开始，初始列数=128
    [CG] 列生成开始，初始列数=128
    [CG] 列生成开始，初始列数=128
    [CG] 列生成开始，初始列数=128
    [CG] 列生成开始，初始列数=128
    [CG] 列生成开始，初始列数=128
    [CG] 列生成开始，初始列数=128
    [CG] CG iter 1: obj=141908373.013530, maxRC=59350996.251277, +23 cols
    [CG]   [DIAG] iter=1 posCols=23 newCols=23 effImprove=23 updated=0
    [CG] CG iter 1: obj=142369969.170018, maxRC=59497512.265719, +23 cols
    [CG]   [DIAG] iter=1 posCols=23 newCols=23 effImprove=23 updated=0
    [CG] CG iter 1: obj=142669461.943672, maxRC=59482657.642458, +23 cols
    [CG]   [DIAG] iter=1 posCols=23 newCols=23 effImprove=23 updated=0
    [CG] CG iter 2: obj=159700161.482102, maxRC=10695511.160184, +17 cols
    [CG]   [DIAG] iter=2 posCols=17 newCols=17 effImprove=17 updated=0
    [CG] CG iter 2: obj=160189539.176773, maxRC=10617286.740886, +17 cols
    [CG] CG iter 3: obj=165859423.693524, maxRC=6253315.722915, +11 cols
    [CG]   [DIAG] iter=3 posCols=11 newCols=11 effImprove=11 updated=0
    [CG]   [DIAG] iter=2 posCols=17 newCols=17 effImprove=17 updated=0
    [CG] CG iter 1: obj=142074559.116853, maxRC=59351022.697126, +23 cols
    [CG] CG iter 2: obj=160410136.237374, maxRC=10633798.809933, +17 cols
    [CG]   [DIAG] iter=2 posCols=17 newCols=17 effImprove=17 updated=0
    [CG] CG iter 4: obj=168451279.351667, maxRC=3996830.930789, +5 cols
    [CG]   [DIAG] iter=4 posCols=5 newCols=5 effImprove=5 updated=0
    [CG]   [DIAG] iter=1 posCols=23 newCols=23 effImprove=23 updated=0
    [CG] 列生成收敛，共 5 轮迭代
    [CG] [CG-NODE] depth=0 exit=CERTIFIED certified=1 feasible=1 iters=5 generatedColsBeforeNode=0 newCols=56 posCandidates=56 duplicateCandidates=0 updatedCols=0 zeroObjImproveIters=0 objFirst=141908373.013530 objLast=172653204.297726 objGain=30744831.284196 maxRC=59350996.251277 wallSec=0.009503 pricingSec=0.005881 cplexSolveSec=0.001732
    [CG] CG iter 3: obj=166486986.516236, maxRC=6296533.544864, +11 cols
      [BB] 根节点即为整数解，obj=172653204.297726
    [CG]   [DIAG] iter=3 posCols=11 newCols=11 effImprove=11 updated=0
    [CG] CG iter 3: obj=166710238.411355, maxRC=6288038.628588, +11 cols
    [CG]   [DIAG] iter=3 posCols=11 newCols=11 effImprove=11 updated=0
    [CG] CG iter 4: obj=169100547.164752, maxRC=4061395.436100, +5 cols
    [CG]   [DIAG] iter=4 posCols=5 newCols=5 effImprove=5 updated=0
    [CG] CG iter 2: obj=159820948.536100, maxRC=10552363.722371, +17 cols
    [CG]   [DIAG] iter=2 posCols=17 newCols=17 effImprove=17 updated=0
    [CG] 列生成收敛，共 5 轮迭代
    [CG] [CG-NODE] depth=0 exit=CERTIFIED certified=1 feasible=1 iters=5 generatedColsBeforeNode=0 newCols=56 posCandidates=56 duplicateCandidates=0 updatedCols=0 zeroObjImproveIters=0 objFirst=142369969.170018 objLast=173321240.704435 objGain=30951271.534417 maxRC=59497512.265719 wallSec=0.010066 pricingSec=0.006641 cplexSolveSec=0.001786
    [CG] CG iter 4: obj=169339996.479750, maxRC=4071265.647636, +5 cols
    [CG] CG iter 1: obj=141886474.735364, maxRC=59440874.057672, +23 cols
    [CG]   [DIAG] iter=4 posCols=5 newCols=5 effImprove=5 updated=0
      [BB] 根节点即为整数解，obj=173321240.704435
    [CG]   [DIAG] iter=1 posCols=23 newCols=23 effImprove=23 updated=0
    [CG] 列生成收敛，共 5 轮迭代
    [CG] [CG-NODE] depth=0 exit=CERTIFIED certified=1 feasible=1 iters=5 generatedColsBeforeNode=0 newCols=56 posCandidates=56 duplicateCandidates=0 updatedCols=0 zeroObjImproveIters=0 objFirst=142669461.943672 objLast=173553749.336869 objGain=30884287.393197 maxRC=59482657.642458 wallSec=0.010993 pricingSec=0.007286 cplexSolveSec=0.001975
      [BB] 根节点即为整数解，obj=173553749.336869
    [CG] CG iter 3: obj=166049523.513657, maxRC=6273836.924342, +11 cols
    [CG]   [DIAG] iter=3 posCols=11 newCols=11 effImprove=11 updated=0
    [CG] 列生成开始，初始列数=128
    [CG] CG iter 2: obj=159895348.331084, maxRC=9538404.633136, +17 cols
    [CG] CG iter 4: obj=168619580.825768, maxRC=4044627.784170, +5 cols
    [CG]   [DIAG] iter=4 posCols=5 newCols=5 effImprove=5 updated=0
    [CG]   [DIAG] iter=2 posCols=17 newCols=17 effImprove=17 updated=0
    [CG] CG iter 1: obj=142287110.848814, maxRC=59189688.065433, +23 cols
    [CG] CG iter 1: obj=142766014.636296, maxRC=59392555.571945, +23 cols
    [CG] 列生成收敛，共 5 轮迭代
    [CG]   [DIAG] iter=1 posCols=23 newCols=23 effImprove=23 updated=0
    [CG] [CG-NODE] depth=0 exit=CERTIFIED certified=1 feasible=1 iters=5 generatedColsBeforeNode=0 newCols=56 posCandidates=56 duplicateCandidates=0 updatedCols=0 zeroObjImproveIters=0 objFirst=142074559.116853 objLast=172864230.192985 objGain=30789671.076132 maxRC=59351022.697126 wallSec=0.012615 pricingSec=0.008515 cplexSolveSec=0.002286
    [CG]   [DIAG] iter=1 posCols=23 newCols=23 effImprove=23 updated=0
    [CG] CG iter 1: obj=142521177.952672, maxRC=59494559.120427, +23 cols
      [BB] 根节点即为整数解，obj=172864230.192985
    [CG]   [DIAG] iter=1 posCols=23 newCols=23 effImprove=23 updated=0
    [CG] 列生成开始，初始列数=128
    [CG] CG iter 3: obj=165640274.687941, maxRC=8049715.759489, +15 cols
    [CG]   [DIAG] iter=3 posCols=15 newCols=15 effImprove=15 updated=0
    [CG] 列生成开始，初始列数=128
    [CG] CG iter 2: obj=159803238.958831, maxRC=10574897.110689, +17 cols
    [CG] CG iter 2: obj=160406381.511004, maxRC=10563038.555058, +17 cols
    [CG]   [DIAG] iter=2 posCols=17 newCols=17 effImprove=17 updated=0
    [CG]   [DIAG] iter=2 posCols=17 newCols=17 effImprove=17 updated=0
    [CG] CG iter 4: obj=171251784.293159, maxRC=4634322.975083, +4 cols
    [CG]   [DIAG] iter=4 posCols=4 newCols=4 effImprove=4 updated=0
    [CG] CG iter 2: obj=160151506.847872, maxRC=10816591.265136, +18 cols
    [CG]   [DIAG] iter=2 posCols=18 newCols=18 effImprove=18 updated=0
    [CG] 列生成开始，初始列数=128
    [CG] CG iter 5: obj=172953085.794116, maxRC=1075713.571646, +3 cols
    [CG]   [DIAG] iter=5 posCols=3 newCols=3 effImprove=3 updated=0
    [CG] CG iter 3: obj=165980725.202932, maxRC=6301242.917050, +11 cols
    [CG] CG iter 3: obj=166757022.662985, maxRC=6281812.588374, +11 cols
    [CG]   [DIAG] iter=3 posCols=11 newCols=11 effImprove=11 updated=0
    [CG]   [DIAG] iter=3 posCols=11 newCols=11 effImprove=11 updated=0
    [CG] 列生成收敛，共 6 轮迭代
    [CG] CG iter 3: obj=166299591.387226, maxRC=5645338.050950, +11 cols
    [CG] [CG-NODE] depth=0 exit=CERTIFIED certified=1 feasible=1 iters=6 generatedColsBeforeNode=0 newCols=62 posCandidates=62 duplicateCandidates=0 updatedCols=0 zeroObjImproveIters=1 objFirst=141886474.735364 objLast=172953085.794116 objGain=31066611.058752 maxRC=59440874.057672 wallSec=0.016426 pricingSec=0.011175 cplexSolveSec=0.003003
    [CG]   [DIAG] iter=3 posCols=11 newCols=11 effImprove=11 updated=0
      [BB] 根节点即为整数解，obj=172953085.794116
    [CG] CG iter 4: obj=168542201.412881, maxRC=4061910.466128, +5 cols
    [CG] CG iter 4: obj=169406615.580853, maxRC=4140620.412538, +5 cols
    [CG]   [DIAG] iter=4 posCols=5 newCols=5 effImprove=5 updated=0
    [CG]   [DIAG] iter=4 posCols=5 newCols=5 effImprove=5 updated=0
    [CG] CG iter 4: obj=172897596.533306, maxRC=1410443.722088, +3 cols
    [CG]   [DIAG] iter=4 posCols=3 newCols=3 effImprove=3 updated=0
    [CG] 列生成收敛，共 5 轮迭代
    [CG] [CG-NODE] depth=0 exit=CERTIFIED certified=1 feasible=1 iters=5 generatedColsBeforeNode=0 newCols=56 posCandidates=56 duplicateCandidates=0 updatedCols=0 zeroObjImproveIters=0 objFirst=142766014.636296 objLast=173628636.910536 objGain=30862622.274241 maxRC=59392555.571945 wallSec=0.017693 pricingSec=0.012163 cplexSolveSec=0.002848
    [CG] 列生成收敛，共 5 轮迭代
    [CG] [CG-NODE] depth=0 exit=CERTIFIED certified=1 feasible=1 iters=5 generatedColsBeforeNode=0 newCols=56 posCandidates=56 duplicateCandidates=0 updatedCols=0 zeroObjImproveIters=0 objFirst=142287110.848814 objLast=172746737.496584 objGain=30459626.647770 maxRC=59189688.065433 wallSec=0.017704 pricingSec=0.012179 cplexSolveSec=0.002794
      [BB] 根节点即为整数解，obj=173628636.910536
    [CG] CG iter 5: obj=172897596.533306, maxRC=1212876.067052, +3 cols
      [BB] 根节点即为整数解，obj=172746737.496584
    [CG]   [DIAG] iter=5 posCols=3 newCols=3 effImprove=3 updated=0
    [CG] CG iter 6: obj=172897596.533306, maxRC=275175.983404, +1 cols
    [CG]   [DIAG] iter=6 posCols=1 newCols=1 effImprove=1 updated=0
    [CG] 列生成开始，初始列数=128
    [CG] 列生成收敛，共 7 轮迭代
    [CG] [CG-NODE] depth=0 exit=CERTIFIED certified=1 feasible=1 iters=7 generatedColsBeforeNode=0 newCols=59 posCandidates=59 duplicateCandidates=0 updatedCols=0 zeroObjImproveIters=2 objFirst=142521177.952672 objLast=173103983.096027 objGain=30582805.143355 maxRC=59494559.120427 wallSec=0.018744 pricingSec=0.012741 cplexSolveSec=0.003301
      [BB] 根节点即为整数解，obj=173103983.096027
    [CG] 列生成开始，初始列数=128
    [CG] CG iter 1: obj=142594495.726332, maxRC=59506789.617628, +23 cols
    [CG]   [DIAG] iter=1 posCols=23 newCols=23 effImprove=23 updated=0
    [CG] 列生成开始，初始列数=128
    [CG] CG iter 2: obj=160359195.655416, maxRC=9287865.333002, +17 cols
    [CG]   [DIAG] iter=2 posCols=17 newCols=17 effImprove=17 updated=0
    [CG] 列生成开始，初始列数=128
    [CG] CG iter 1: obj=142244733.472186, maxRC=59506789.617628, +23 cols
    [CG] CG iter 3: obj=173550810.879134, maxRC=1366293.176113, +4 cols
    [CG]   [DIAG] iter=3 posCols=4 newCols=4 effImprove=4 updated=0
    [CG]   [DIAG] iter=1 posCols=23 newCols=23 effImprove=23 updated=0
    [CG] CG iter 4: obj=173550810.879134, maxRC=555642.170939, +4 cols
    [CG]   [DIAG] iter=4 posCols=4 newCols=4 effImprove=4 updated=0
    [CG] 列生成收敛，共 5 轮迭代
    [CG] [CG-NODE] depth=0 exit=CERTIFIED certified=1 feasible=1 iters=5 generatedColsBeforeNode=0 newCols=48 posCandidates=48 duplicateCandidates=0 updatedCols=0 zeroObjImproveIters=2 objFirst=142594495.726332 objLast=173550810.879134 objGain=30956315.152803 maxRC=59506789.617628 wallSec=0.008806 pricingSec=0.005868 cplexSolveSec=0.001607
      [BB] 根节点即为整数解，obj=173550810.879134
    [CG] CG iter 2: obj=160252850.411008, maxRC=9401344.097225, +17 cols
    [CG]   [DIAG] iter=2 posCols=17 newCols=17 effImprove=17 updated=0
    [CG] CG iter 1: obj=142390246.269347, maxRC=59494203.776341, +23 cols
    [CG] CG iter 1: obj=142508065.935709, maxRC=59506789.617628, +23 cols
    [CG]   [DIAG] iter=1 posCols=23 newCols=23 effImprove=23 updated=0
    [CG]   [DIAG] iter=1 posCols=23 newCols=23 effImprove=23 updated=0
    [CG] CG iter 1: obj=141870520.633160, maxRC=59510626.558526, +23 cols
    [CG]   [DIAG] iter=1 posCols=23 newCols=23 effImprove=23 updated=0
    [CG] 列生成开始，初始列数=128
    [CG] CG iter 2: obj=160359195.655416, maxRC=9287865.333002, +17 cols
    [CG] CG iter 3: obj=166633937.587787, maxRC=9058664.222059, +14 cols
    [CG]   [DIAG] iter=2 posCols=17 newCols=17 effImprove=17 updated=0
    [CG]   [DIAG] iter=3 posCols=14 newCols=14 effImprove=14 updated=0
    [CG] CG iter 2: obj=160217799.733908, maxRC=10659182.375149, +17 cols
    [CG]   [DIAG] iter=2 posCols=17 newCols=17 effImprove=17 updated=0
    [CG] CG iter 3: obj=173431325.926310, maxRC=1239693.566927, +4 cols
    [CG]   [DIAG] iter=3 posCols=4 newCols=4 effImprove=4 updated=0
    [CG] CG iter 2: obj=160014892.111939, maxRC=9569320.662088, +17 cols
    [CG]   [DIAG] iter=2 posCols=17 newCols=17 effImprove=17 updated=0
    [CG] CG iter 4: obj=173431325.926310, maxRC=574987.414397, +5 cols
    [CG]   [DIAG] iter=4 posCols=5 newCols=5 effImprove=5 updated=0
    [CG] CG iter 4: obj=171485607.690749, maxRC=6731578.765257, +10 cols
    [CG] CG iter 1: obj=142009289.177295, maxRC=59510847.756473, +23 cols
    [CG]   [DIAG] iter=4 posCols=10 newCols=10 effImprove=10 updated=0
    [CG] 列生成收敛，共 5 轮迭代
    [CG] [CG-NODE] depth=0 exit=CERTIFIED certified=1 feasible=1 iters=5 generatedColsBeforeNode=0 newCols=49 posCandidates=49 duplicateCandidates=0 updatedCols=0 zeroObjImproveIters=2 objFirst=142508065.935709 objLast=173431325.926310 objGain=30923259.990600 maxRC=59506789.617628 wallSec=0.008684 pricingSec=0.005714 cplexSolveSec=0.001633
    [CG]   [DIAG] iter=1 posCols=23 newCols=23 effImprove=23 updated=0
    [CG] CG iter 3: obj=166559185.148552, maxRC=6273340.925447, +12 cols
      [BB] 根节点即为整数解，obj=173431325.926310
    [CG]   [DIAG] iter=3 posCols=12 newCols=12 effImprove=12 updated=0
    [CG] CG iter 3: obj=166330141.954596, maxRC=9380821.881370, +14 cols
    [CG]   [DIAG] iter=3 posCols=14 newCols=14 effImprove=14 updated=0
    [CG] CG iter 5: obj=171485607.690749, maxRC=1639145.690961, +3 cols
    [CG]   [DIAG] iter=5 posCols=3 newCols=3 effImprove=3 updated=0
    [CG] CG iter 4: obj=169257109.389948, maxRC=4113839.111785, +5 cols
    [CG]   [DIAG] iter=4 posCols=5 newCols=5 effImprove=5 updated=0
    [CG] CG iter 4: obj=171138628.228567, maxRC=2543983.616525, +3 cols
    [CG]   [DIAG] iter=4 posCols=3 newCols=3 effImprove=3 updated=0
    [CG] 列生成收敛，共 6 轮迭代
    [CG] [CG-NODE] depth=0 exit=CERTIFIED certified=1 feasible=1 iters=6 generatedColsBeforeNode=0 newCols=67 posCandidates=67 duplicateCandidates=0 updatedCols=0 zeroObjImproveIters=1 objFirst=142244733.472186 objLast=173124753.381709 objGain=30880019.909524 maxRC=59506789.617628 wallSec=0.018991 pricingSec=0.012916 cplexSolveSec=0.003532
    [CG] 列生成收敛，共 5 轮迭代
    [CG] [CG-NODE] depth=0 exit=CERTIFIED certified=1 feasible=1 iters=5 generatedColsBeforeNode=0 newCols=57 posCandidates=57 duplicateCandidates=0 updatedCols=0 zeroObjImproveIters=0 objFirst=142390246.269347 objLast=173464338.082011 objGain=31074091.812664 maxRC=59494203.776341 wallSec=0.017389 pricingSec=0.012003 cplexSolveSec=0.002870
    [CG] CG iter 2: obj=159866545.802269, maxRC=9410335.701863, +17 cols
      [BB] 根节点即为整数解，obj=173124753.381709
    [CG]   [DIAG] iter=2 posCols=17 newCols=17 effImprove=17 updated=0
      [BB] 根节点即为整数解，obj=173464338.082011
    [CG] CG iter 5: obj=172820712.627693, maxRC=1543709.113304, +4 cols
    [CG]   [DIAG] iter=5 posCols=4 newCols=4 effImprove=4 updated=0
    [CG] 列生成开始，初始列数=128
    [CG] CG iter 3: obj=172927497.389969, maxRC=6733005.112104, +7 cols
    [CG] 列生成收敛，共 6 轮迭代
    [CG] [CG-NODE] depth=0 exit=CERTIFIED certified=1 feasible=1 iters=6 generatedColsBeforeNode=0 newCols=61 posCandidates=61 duplicateCandidates=0 updatedCols=0 zeroObjImproveIters=1 objFirst=141870520.633160 objLast=172820712.627693 objGain=30950191.994533 maxRC=59510626.558526 wallSec=0.018068 pricingSec=0.012724 cplexSolveSec=0.003000
    [CG]   [DIAG] iter=3 posCols=7 newCols=7 effImprove=7 updated=0
      [BB] 根节点即为整数解，obj=172820712.627693
    [CG] CG iter 4: obj=172927497.389969, maxRC=459291.845398, +2 cols
    [CG]   [DIAG] iter=4 posCols=2 newCols=2 effImprove=2 updated=0
    [CG] 列生成开始，初始列数=128
    [CG] CG iter 1: obj=142243482.020353, maxRC=59346730.725081, +23 cols
    [CG] CG iter 5: obj=172927497.389969, maxRC=211449.552891, +1 cols
    [CG] 列生成开始，初始列数=128
    [CG] 列生成开始，初始列数=128
    [CG]   [DIAG] iter=5 posCols=1 newCols=1 effImprove=1 updated=0
    [CG]   [DIAG] iter=1 posCols=23 newCols=23 effImprove=23 updated=0
    [CG] CG iter 1: obj=142606982.836405, maxRC=59392555.571945, +23 cols
    [CG]   [DIAG] iter=1 posCols=23 newCols=23 effImprove=23 updated=0
    [CG] CG iter 6: obj=172927497.389969, maxRC=67431.089894, +2 cols
    [CG]   [DIAG] iter=6 posCols=2 newCols=2 effImprove=2 updated=0
    [CG] CG iter 1: obj=142400816.123271, maxRC=59467399.781334, +23 cols
    [CG] 列生成收敛，共 7 轮迭代
    [CG] [CG-NODE] depth=0 exit=CERTIFIED certified=1 feasible=1 iters=7 generatedColsBeforeNode=0 newCols=52 posCandidates=52 duplicateCandidates=0 updatedCols=0 zeroObjImproveIters=4 objFirst=142009289.177295 objLast=172927497.389969 objGain=30918208.212673 maxRC=59510847.756473 wallSec=0.017409 pricingSec=0.011399 cplexSolveSec=0.003424
    [CG]   [DIAG] iter=1 posCols=23 newCols=23 effImprove=23 updated=0
    [CG] CG iter 2: obj=160146170.602332, maxRC=10535217.415941, +17 cols
    [CG]   [DIAG] iter=2 posCols=17 newCols=17 effImprove=17 updated=0
      [BB] 根节点即为整数解，obj=172927497.389969
    [CG] CG iter 2: obj=160247346.774170, maxRC=10564085.145093, +17 cols
    [CG]   [DIAG] iter=2 posCols=17 newCols=17 effImprove=17 updated=0
    [CG] CG iter 2: obj=160103746.761854, maxRC=10675954.352659, +17 cols
    [CG]   [DIAG] iter=2 posCols=17 newCols=17 effImprove=17 updated=0
    [CG] CG iter 3: obj=166381074.270513, maxRC=5750834.731140, +10 cols
    [CG]   [DIAG] iter=3 posCols=10 newCols=10 effImprove=10 updated=0
    [CG] CG iter 3: obj=166597663.689458, maxRC=6281515.760010, +11 cols
    [CG]   [DIAG] iter=3 posCols=11 newCols=11 effImprove=11 updated=0
    [CG] CG iter 4: obj=173195523.766921, maxRC=1138647.897277, +2 cols
    [CG]   [DIAG] iter=4 posCols=2 newCols=2 effImprove=2 updated=0
    [CG] CG iter 3: obj=166336858.457989, maxRC=6234037.467838, +11 cols
    [CG]   [DIAG] iter=3 posCols=11 newCols=11 effImprove=11 updated=0
    [CG] CG iter 1: obj=142173434.981187, maxRC=59339475.422678, +23 cols
    [CG] CG iter 5: obj=173270556.898930, maxRC=26887.503564, +1 cols
    [CG]   [DIAG] iter=5 posCols=1 newCols=1 effImprove=1 updated=0
    [CG]   [DIAG] iter=1 posCols=23 newCols=23 effImprove=23 updated=0
    [CG] CG iter 4: obj=168973461.617718, maxRC=4023081.339400, +5 cols
    [CG]   [DIAG] iter=4 posCols=5 newCols=5 effImprove=5 updated=0
    [CG] CG iter 4: obj=169247278.665027, maxRC=4140301.526472, +5 cols
    [CG] 列生成开始，初始列数=128
    [CG] 列生成收敛，共 6 轮迭代
    [CG] [CG-NODE] depth=0 exit=CERTIFIED certified=1 feasible=1 iters=6 generatedColsBeforeNode=0 newCols=53 posCandidates=53 duplicateCandidates=0 updatedCols=0 zeroObjImproveIters=1 objFirst=142243482.020353 objLast=173270556.898930 objGain=31027074.878577 maxRC=59346730.725081 wallSec=0.018785 pricingSec=0.012442 cplexSolveSec=0.003095
    [CG]   [DIAG] iter=4 posCols=5 newCols=5 effImprove=5 updated=0
    [CG] 列生成收敛，共 5 轮迭代
    [CG] [CG-NODE] depth=0 exit=CERTIFIED certified=1 feasible=1 iters=5 generatedColsBeforeNode=0 newCols=56 posCandidates=56 duplicateCandidates=0 updatedCols=0 zeroObjImproveIters=0 objFirst=142400816.123271 objLast=173200676.884199 objGain=30799860.760928 maxRC=59467399.781334 wallSec=0.013595 pricingSec=0.009528 cplexSolveSec=0.002178
      [BB] 根节点即为整数解，obj=173270556.898930
    [CG] CG iter 2: obj=160016976.047599, maxRC=10514928.605318, +16 cols
      [BB] 根节点即为整数解，obj=173200676.884199
    [CG]   [DIAG] iter=2 posCols=16 newCols=16 effImprove=16 updated=0
    [CG] 列生成收敛，共 5 轮迭代
    [CG] [CG-NODE] depth=0 exit=CERTIFIED certified=1 feasible=1 iters=5 generatedColsBeforeNode=0 newCols=56 posCandidates=56 duplicateCandidates=0 updatedCols=0 zeroObjImproveIters=0 objFirst=142606982.836405 objLast=173468981.108645 objGain=30861998.272240 maxRC=59392555.571945 wallSec=0.018528 pricingSec=0.012634 cplexSolveSec=0.003140
    [CG] CG iter 3: obj=163650471.065351, maxRC=5095062.052973, +14 cols
    [CG]   [DIAG] iter=3 posCols=14 newCols=14 effImprove=14 updated=0
      [BB] 根节点即为整数解，obj=173468981.108645
    [CG] CG iter 1: obj=142628245.186186, maxRC=59390175.106789, +23 cols
    [CG] CG iter 4: obj=172985870.725440, maxRC=2662125.106176, +6 cols
    [CG]   [DIAG] iter=1 posCols=23 newCols=23 effImprove=23 updated=0
    [CG]   [DIAG] iter=4 posCols=6 newCols=6 effImprove=6 updated=0
    [CG] CG iter 5: obj=172985870.725440, maxRC=754743.816608, +2 cols
    [CG]   [DIAG] iter=5 posCols=2 newCols=2 effImprove=2 updated=0
    [CG] 列生成收敛，共 6 轮迭代
    [CG] [CG-NODE] depth=0 exit=CERTIFIED certified=1 feasible=1 iters=6 generatedColsBeforeNode=0 newCols=61 posCandidates=61 duplicateCandidates=0 updatedCols=0 zeroObjImproveIters=2 objFirst=142173434.981187 objLast=172985870.725440 objGain=30812435.744253 maxRC=59339475.422678 wallSec=0.008636 pricingSec=0.005556 cplexSolveSec=0.001668
      [BB] 根节点即为整数解，obj=172985870.725440
    [CG] 列生成开始，初始列数=128
    [CG] CG iter 2: obj=160098517.212690, maxRC=10661426.361715, +17 cols
    [CG]   [DIAG] iter=2 posCols=17 newCols=17 effImprove=17 updated=0
    [CG] 列生成开始，初始列数=128
    [CG] CG iter 1: obj=142097775.165679, maxRC=59338228.040639, +23 cols
    [CG]   [DIAG] iter=1 posCols=23 newCols=23 effImprove=23 updated=0
    [CG] CG iter 3: obj=166431986.856203, maxRC=6250781.275940, +12 cols
    [CG]   [DIAG] iter=3 posCols=12 newCols=12 effImprove=12 updated=0
    [CG] CG iter 4: obj=169162837.095399, maxRC=4153382.524944, +7 cols
    [CG]   [DIAG] iter=4 posCols=7 newCols=7 effImprove=7 updated=0
    [CG] CG iter 2: obj=160102716.732974, maxRC=9381941.235492, +17 cols
    [CG]   [DIAG] iter=2 posCols=17 newCols=17 effImprove=17 updated=0
    [CG] CG iter 1: obj=142047469.747273, maxRC=59494020.720344, +23 cols
    [CG] 列生成收敛，共 5 轮迭代
    [CG] [CG-NODE] depth=0 exit=CERTIFIED certified=1 feasible=1 iters=5 generatedColsBeforeNode=0 newCols=59 posCandidates=59 duplicateCandidates=0 updatedCols=0 zeroObjImproveIters=0 objFirst=142628245.186186 objLast=173358069.182080 objGain=30729823.995894 maxRC=59390175.106789 wallSec=0.014971 pricingSec=0.010313 cplexSolveSec=0.002511
      [BB] 根节点即为整数解，obj=173358069.182080
    [CG]   [DIAG] iter=1 posCols=23 newCols=23 effImprove=23 updated=0
    [CG] CG iter 3: obj=166543927.821623, maxRC=9435908.270719, +14 cols
    [CG]   [DIAG] iter=3 posCols=14 newCols=14 effImprove=14 updated=0
    [CG] CG iter 2: obj=159948509.437356, maxRC=10797202.746362, +17 cols
    [CG]   [DIAG] iter=2 posCols=17 newCols=17 effImprove=17 updated=0
    [CG] CG iter 1: obj=141982504.312387, maxRC=59339364.984595, +23 cols
    [CG] CG iter 4: obj=171456895.000132, maxRC=2381213.110600, +3 cols
    [CG]   [DIAG] iter=4 posCols=3 newCols=3 effImprove=3 updated=0
    [CG]   [DIAG] iter=1 posCols=23 newCols=23 effImprove=23 updated=0
    [CG] CG iter 5: obj=173066227.533028, maxRC=1394601.848576, +3 cols
    [CG] CG iter 3: obj=166173437.630931, maxRC=6231487.601590, +12 cols
    [CG]   [DIAG] iter=5 posCols=3 newCols=3 effImprove=3 updated=0
    [CG]   [DIAG] iter=3 posCols=12 newCols=12 effImprove=12 updated=0
    [CG] CG iter 2: obj=159693781.380598, maxRC=9454225.596422, +17 cols
    [CG]   [DIAG] iter=2 posCols=17 newCols=17 effImprove=17 updated=0
    [CG] 列生成收敛，共 6 轮迭代
    [CG] [CG-NODE] depth=0 exit=CERTIFIED certified=1 feasible=1 iters=6 generatedColsBeforeNode=0 newCols=60 posCandidates=60 duplicateCandidates=0 updatedCols=0 zeroObjImproveIters=1 objFirst=142097775.165679 objLast=173066227.533028 objGain=30968452.367348 maxRC=59338228.040639 wallSec=0.016523 pricingSec=0.011498 cplexSolveSec=0.002904
      [BB] 根节点即为整数解，obj=173066227.533028
    [CG] CG iter 4: obj=168871500.284470, maxRC=4023720.302424, +7 cols
    [CG]   [DIAG] iter=4 posCols=7 newCols=7 effImprove=7 updated=0
    [CG] CG iter 3: obj=165486028.012203, maxRC=8040882.515699, +13 cols
    [CG]   [DIAG] iter=3 posCols=13 newCols=13 effImprove=13 updated=0
    [CG] 列生成收敛，共 5 轮迭代
    [CG] [CG-NODE] depth=0 exit=CERTIFIED certified=1 feasible=1 iters=5 generatedColsBeforeNode=0 newCols=59 posCandidates=59 duplicateCandidates=0 updatedCols=0 zeroObjImproveIters=0 objFirst=142047469.747273 objLast=173056007.941330 objGain=31008538.194057 maxRC=59494020.720344 wallSec=0.017152 pricingSec=0.012054 cplexSolveSec=0.002615
      [BB] 根节点即为整数解，obj=173056007.941330
    [CG] CG iter 4: obj=171148411.031787, maxRC=4228605.700116, +5 cols
    [CG]   [DIAG] iter=4 posCols=5 newCols=5 effImprove=5 updated=0
    [CG] CG iter 1: obj=142495121.282045, maxRC=59497512.265719, +23 cols
    [CG]   [DIAG] iter=1 posCols=23 newCols=23 effImprove=23 updated=0
    [CG] 列生成收敛，共 5 轮迭代
    [CG] [CG-NODE] depth=0 exit=CERTIFIED certified=1 feasible=1 iters=5 generatedColsBeforeNode=0 newCols=58 posCandidates=58 duplicateCandidates=0 updatedCols=0 zeroObjImproveIters=0 objFirst=141982504.312387 objLast=172821834.096853 objGain=30839329.784467 maxRC=59339364.984595 wallSec=0.012887 pricingSec=0.008784 cplexSolveSec=0.002120
      [BB] 根节点即为整数解，obj=172821834.096853
    [CG] CG iter 2: obj=160204672.451947, maxRC=10617286.740886, +17 cols
    [CG]   [DIAG] iter=2 posCols=17 newCols=17 effImprove=17 updated=0
    [CG] CG iter 3: obj=166530960.950782, maxRC=6283530.768244, +11 cols
    [CG]   [DIAG] iter=3 posCols=11 newCols=11 effImprove=11 updated=0
    [CG] CG iter 4: obj=169172875.660796, maxRC=4088205.926710, +5 cols
    [CG]   [DIAG] iter=4 posCols=5 newCols=5 effImprove=5 updated=0
    [CG] 列生成收敛，共 5 轮迭代
    [CG] [CG-NODE] depth=0 exit=CERTIFIED certified=1 feasible=1 iters=5 generatedColsBeforeNode=0 newCols=56 posCandidates=56 duplicateCandidates=0 updatedCols=0 zeroObjImproveIters=0 objFirst=142495121.282045 objLast=173393667.484264 objGain=30898546.202219 maxRC=59497512.265719 wallSec=0.014594 pricingSec=0.009914 cplexSolveSec=0.002640
      [BB] 根节点即为整数解，obj=173393667.484264
    [CG] CG iter 1: obj=142139320.905619, maxRC=59482657.642458, +23 cols
    [CG]   [DIAG] iter=1 posCols=23 newCols=23 effImprove=23 updated=0
    [CG] CG iter 2: obj=160154971.958320, maxRC=10760322.732752, +17 cols
    [CG]   [DIAG] iter=2 posCols=17 newCols=17 effImprove=17 updated=0
    [CG] CG iter 3: obj=166240503.657330, maxRC=5577591.026655, +11 cols
    [CG]   [DIAG] iter=3 posCols=11 newCols=11 effImprove=11 updated=0
    [CG] CG iter 4: obj=172704622.698086, maxRC=1159749.014938, +3 cols
    [CG]   [DIAG] iter=4 posCols=3 newCols=3 effImprove=3 updated=0
    [CG] CG iter 5: obj=172977148.341835, maxRC=519850.912859, +3 cols
    [CG]   [DIAG] iter=5 posCols=3 newCols=3 effImprove=3 updated=0
    [CG] 列生成收敛，共 6 轮迭代
    [CG] [CG-NODE] depth=0 exit=CERTIFIED certified=1 feasible=1 iters=6 generatedColsBeforeNode=0 newCols=57 posCandidates=57 duplicateCandidates=0 updatedCols=0 zeroObjImproveIters=1 objFirst=142139320.905619 objLast=172977148.341835 objGain=30837827.436216 maxRC=59482657.642458 wallSec=0.023607 pricingSec=0.017144 cplexSolveSec=0.003700
      [BB] 根节点即为整数解，obj=172977148.341835
[GA] 代数 1: Best=173966640.23, Avg=173209211.71, Worst=172682089.98, Valid=30/30, 耗时=0.07s (连续1代未提升)
  ├─ 求解: 30 个体 fork 并行 | CG迭代=131 加列=1366 BB分支=0
  ├─ 并行墙钟=0.0660s | 串行等效(ΣBP)=0.3687s | 加速比=5.59x
  ├─ 管理开销=-0.3027s (fork=0.0037 wait=0.0619 merge=0.0003)
  └─ CG明细: gen_logs/run_gen1_ind{0..29}.log
    [CG] 列生成开始，初始列数=128
    [CG] 列生成开始，初始列数=128
    [CG] 列生成开始，初始列数=128
    [CG] 列生成开始，初始列数=128
    [CG] 列生成开始，初始列数=128
    [CG] 列生成开始，初始列数=128
    [CG] 列生成开始，初始列数=128
    [CG] 列生成开始，初始列数=128
    [CG] CG iter 1: obj=141729055.687912, maxRC=59506243.711594, +23 cols
    [CG] CG iter 1: obj=142763764.488457, maxRC=59392555.571945, +23 cols
    [CG] CG iter 1: obj=142164542.456914, maxRC=59510847.756473, +23 cols
    [CG]   [DIAG] iter=1 posCols=23 newCols=23 effImprove=23 updated=0
    [CG]   [DIAG] iter=1 posCols=23 newCols=23 effImprove=23 updated=0
    [CG] CG iter 1: obj=142642466.710724, maxRC=59502330.962812, +23 cols
    [CG]   [DIAG] iter=1 posCols=23 newCols=23 effImprove=23 updated=0
    [CG] CG iter 1: obj=142308436.398898, maxRC=59494203.776341, +23 cols
    [CG]   [DIAG] iter=1 posCols=23 newCols=23 effImprove=23 updated=0
    [CG] CG iter 1: obj=141832608.580134, maxRC=59494020.720344, +23 cols
    [CG]   [DIAG] iter=1 posCols=23 newCols=23 effImprove=23 updated=0
    [CG] CG iter 1: obj=142179346.892862, maxRC=59497512.265719, +23 cols
    [CG]   [DIAG] iter=1 posCols=23 newCols=23 effImprove=23 updated=0
    [CG]   [DIAG] iter=1 posCols=23 newCols=23 effImprove=23 updated=0
    [CG] CG iter 1: obj=142452014.328343, maxRC=59494203.776341, +23 cols
    [CG]   [DIAG] iter=1 posCols=23 newCols=23 effImprove=23 updated=0
    [CG] CG iter 2: obj=159862956.490063, maxRC=9567217.681766, +17 cols
    [CG]   [DIAG] iter=2 posCols=17 newCols=17 effImprove=17 updated=0
    [CG] CG iter 2: obj=160404746.277776, maxRC=10565169.231287, +17 cols
    [CG] CG iter 2: obj=159979308.908620, maxRC=9291345.378797, +17 cols
    [CG]   [DIAG] iter=2 posCols=17 newCols=17 effImprove=17 updated=0
    [CG]   [DIAG] iter=2 posCols=17 newCols=17 effImprove=17 updated=0
    [CG] CG iter 2: obj=160355467.880500, maxRC=10619793.857539, +17 cols
    [CG] CG iter 2: obj=160121909.895067, maxRC=10659182.375149, +17 cols
    [CG]   [DIAG] iter=2 posCols=17 newCols=17 effImprove=17 updated=0
    [CG]   [DIAG] iter=2 posCols=17 newCols=17 effImprove=17 updated=0
    [CG] CG iter 2: obj=159791809.806568, maxRC=10812019.267949, +17 cols
    [CG]   [DIAG] iter=2 posCols=17 newCols=17 effImprove=17 updated=0
    [CG] CG iter 2: obj=160082624.490393, maxRC=10617286.740886, +17 cols
    [CG] CG iter 3: obj=173128589.086540, maxRC=1392207.307801, +5 cols
    [CG]   [DIAG] iter=2 posCols=17 newCols=17 effImprove=17 updated=0
    [CG]   [DIAG] iter=3 posCols=5 newCols=5 effImprove=5 updated=0
    [CG] CG iter 2: obj=160270440.723150, maxRC=10659182.375149, +17 cols
    [CG]   [DIAG] iter=2 posCols=17 newCols=17 effImprove=17 updated=0
    [CG] CG iter 3: obj=166754416.897763, maxRC=6281518.880862, +11 cols
    [CG]   [DIAG] iter=3 posCols=11 newCols=11 effImprove=11 updated=0
    [CG] CG iter 3: obj=166208982.497257, maxRC=9380568.146450, +14 cols
    [CG]   [DIAG] iter=3 posCols=14 newCols=14 effImprove=14 updated=0
    [CG] CG iter 3: obj=166470335.293907, maxRC=6270325.467406, +12 cols
    [CG] CG iter 4: obj=173128589.086540, maxRC=387282.400225, +4 cols
    [CG]   [DIAG] iter=4 posCols=4 newCols=4 effImprove=4 updated=0
    [CG] CG iter 3: obj=166652373.245222, maxRC=6271163.474249, +11 cols
    [CG]   [DIAG] iter=3 posCols=12 newCols=12 effImprove=12 updated=0
    [CG]   [DIAG] iter=3 posCols=11 newCols=11 effImprove=11 updated=0
    [CG] CG iter 3: obj=165955234.270113, maxRC=6206971.001461, +12 cols
    [CG]   [DIAG] iter=3 posCols=12 newCols=12 effImprove=12 updated=0
    [CG] CG iter 3: obj=166264981.640965, maxRC=5711907.626307, +9 cols
    [CG]   [DIAG] iter=3 posCols=9 newCols=9 effImprove=9 updated=0
    [CG] CG iter 4: obj=169404365.433014, maxRC=4139971.087642, +5 cols
    [CG]   [DIAG] iter=4 posCols=5 newCols=5 effImprove=5 updated=0
    [CG] CG iter 4: obj=171054201.913516, maxRC=2517598.314787, +3 cols
    [CG]   [DIAG] iter=4 posCols=3 newCols=3 effImprove=3 updated=0
    [CG] CG iter 3: obj=166616474.813156, maxRC=6268692.250085, +12 cols
    [CG] 列生成收敛，共 5 轮迭代
    [CG] [CG-NODE] depth=0 exit=CERTIFIED certified=1 feasible=1 iters=5 generatedColsBeforeNode=0 newCols=49 posCandidates=49 duplicateCandidates=0 updatedCols=0 zeroObjImproveIters=2 objFirst=142164542.456914 objLast=173128589.086540 objGain=30964046.629626 maxRC=59510847.756473 wallSec=0.015725 pricingSec=0.010694 cplexSolveSec=0.002625
    [CG]   [DIAG] iter=3 posCols=12 newCols=12 effImprove=12 updated=0
    [CG] CG iter 4: obj=169175299.519500, maxRC=4120378.355301, +5 cols
    [CG]   [DIAG] iter=4 posCols=5 newCols=5 effImprove=5 updated=0
      [BB] 根节点即为整数解，obj=173128589.086540
    [CG] CG iter 4: obj=169281920.661241, maxRC=4061015.880671, +5 cols
    [CG]   [DIAG] iter=4 posCols=5 newCols=5 effImprove=5 updated=0
    [CG] CG iter 4: obj=168633331.076715, maxRC=3971208.623806, +7 cols
    [CG]   [DIAG] iter=4 posCols=7 newCols=7 effImprove=7 updated=0
    [CG] 列生成收敛，共 5 轮迭代
    [CG] [CG-NODE] depth=0 exit=CERTIFIED certified=1 feasible=1 iters=5 generatedColsBeforeNode=0 newCols=56 posCandidates=56 duplicateCandidates=0 updatedCols=0 zeroObjImproveIters=0 objFirst=142763764.488457 objLast=173625737.437802 objGain=30861972.949344 maxRC=59392555.571945 wallSec=0.015519 pricingSec=0.010365 cplexSolveSec=0.002641
    [CG] CG iter 4: obj=172957952.077145, maxRC=1140360.913457, +2 cols
    [CG]   [DIAG] iter=4 posCols=2 newCols=2 effImprove=2 updated=0
      [BB] 根节点即为整数解，obj=173625737.437802
    [CG] CG iter 5: obj=172700006.701286, maxRC=1549641.835614, +4 cols
    [CG]   [DIAG] iter=5 posCols=4 newCols=4 effImprove=4 updated=0
    [CG] 列生成收敛，共 5 轮迭代
    [CG] [CG-NODE] depth=0 exit=CERTIFIED certified=1 feasible=1 iters=5 generatedColsBeforeNode=0 newCols=57 posCandidates=57 duplicateCandidates=0 updatedCols=0 zeroObjImproveIters=0 objFirst=142308436.398898 objLast=173382528.211562 objGain=31074091.812664 maxRC=59494203.776341 wallSec=0.016308 pricingSec=0.011009 cplexSolveSec=0.002707
    [CG] CG iter 4: obj=169309750.379190, maxRC=4113839.111785, +5 cols
    [CG]   [DIAG] iter=4 posCols=5 newCols=5 effImprove=5 updated=0
    [CG] 列生成收敛，共 5 轮迭代
    [CG] [CG-NODE] depth=0 exit=CERTIFIED certified=1 feasible=1 iters=5 generatedColsBeforeNode=0 newCols=56 posCandidates=56 duplicateCandidates=0 updatedCols=0 zeroObjImproveIters=0 objFirst=142642466.710724 objLast=173512967.140095 objGain=30870500.429372 maxRC=59502330.962812 wallSec=0.016675 pricingSec=0.011297 cplexSolveSec=0.002766
    [CG] 列生成收敛，共 5 轮迭代
      [BB] 根节点即为整数解，obj=173382528.211562
    [CG] [CG-NODE] depth=0 exit=CERTIFIED certified=1 feasible=1 iters=5 generatedColsBeforeNode=0 newCols=59 posCandidates=59 duplicateCandidates=0 updatedCols=0 zeroObjImproveIters=0 objFirst=141832608.580134 objLast=172833218.056115 objGain=31000609.475981 maxRC=59494020.720344 wallSec=0.016312 pricingSec=0.011061 cplexSolveSec=0.002685
    [CG] CG iter 5: obj=173117250.180729, maxRC=39568.511752, +1 cols
    [CG]   [DIAG] iter=5 posCols=1 newCols=1 effImprove=1 updated=0
      [BB] 根节点即为整数解，obj=173512967.140095
      [BB] 根节点即为整数解，obj=172833218.056115
    [CG] 列生成收敛，共 6 轮迭代
    [CG] [CG-NODE] depth=0 exit=CERTIFIED certified=1 feasible=1 iters=6 generatedColsBeforeNode=0 newCols=61 posCandidates=61 duplicateCandidates=0 updatedCols=0 zeroObjImproveIters=1 objFirst=141729055.687912 objLast=172700006.701286 objGain=30970951.013374 maxRC=59506243.711594 wallSec=0.017393 pricingSec=0.011830 cplexSolveSec=0.003019
    [CG] 列生成收敛，共 5 轮迭代
    [CG] [CG-NODE] depth=0 exit=CERTIFIED certified=1 feasible=1 iters=5 generatedColsBeforeNode=0 newCols=57 posCandidates=57 duplicateCandidates=0 updatedCols=0 zeroObjImproveIters=0 objFirst=142452014.328343 objLast=173516979.071252 objGain=31064964.742909 maxRC=59494203.776341 wallSec=0.016409 pricingSec=0.011017 cplexSolveSec=0.002838
    [CG] 列生成收敛，共 6 轮迭代
      [BB] 根节点即为整数解，obj=172700006.701286
    [CG] [CG-NODE] depth=0 exit=CERTIFIED certified=1 feasible=1 iters=6 generatedColsBeforeNode=0 newCols=52 posCandidates=52 duplicateCandidates=0 updatedCols=0 zeroObjImproveIters=1 objFirst=142179346.892862 objLast=173117250.180729 objGain=30937903.287867 maxRC=59497512.265719 wallSec=0.017026 pricingSec=0.011275 cplexSolveSec=0.003044
      [BB] 根节点即为整数解，obj=173516979.071252
      [BB] 根节点即为整数解，obj=173117250.180729
    [CG] 列生成开始，初始列数=128
    [CG] 列生成开始，初始列数=128
    [CG] 列生成开始，初始列数=128
    [CG] 列生成开始，初始列数=128
    [CG] 列生成开始，初始列数=128
    [CG] 列生成开始，初始列数=128
    [CG] 列生成开始，初始列数=128
    [CG] 列生成开始，初始列数=128
    [CG] CG iter 1: obj=141841051.216808, maxRC=59440874.057672, +23 cols
    [CG]   [DIAG] iter=1 posCols=23 newCols=23 effImprove=23 updated=0
    [CG] CG iter 1: obj=142794704.390596, maxRC=59493649.736825, +23 cols
    [CG]   [DIAG] iter=1 posCols=23 newCols=23 effImprove=23 updated=0
    [CG] CG iter 2: obj=159895348.331084, maxRC=9538404.633136, +17 cols
    [CG]   [DIAG] iter=2 posCols=17 newCols=17 effImprove=17 updated=0
    [CG] CG iter 1: obj=142243648.184972, maxRC=59346730.725081, +23 cols
    [CG]   [DIAG] iter=1 posCols=23 newCols=23 effImprove=23 updated=0
    [CG] CG iter 2: obj=160415649.655507, maxRC=10636105.927211, +17 cols
    [CG]   [DIAG] iter=2 posCols=17 newCols=17 effImprove=17 updated=0
    [CG] CG iter 3: obj=165599397.441199, maxRC=8051988.895396, +13 cols
    [CG]   [DIAG] iter=3 posCols=13 newCols=13 effImprove=13 updated=0
    [CG] CG iter 4: obj=171213180.182324, maxRC=3062414.480903, +4 cols
    [CG]   [DIAG] iter=4 posCols=4 newCols=4 effImprove=4 updated=0
    [CG] CG iter 3: obj=166714910.990092, maxRC=6287821.556736, +11 cols
    [CG]   [DIAG] iter=3 posCols=11 newCols=11 effImprove=11 updated=0
    [CG] CG iter 2: obj=160147028.485163, maxRC=10534433.299029, +17 cols
    [CG] CG iter 5: obj=172914481.683281, maxRC=1075713.571646, +3 cols
    [CG]   [DIAG] iter=5 posCols=3 newCols=3 effImprove=3 updated=0
    [CG]   [DIAG] iter=2 posCols=17 newCols=17 effImprove=17 updated=0
    [CG] CG iter 4: obj=169344451.986636, maxRC=4069425.326179, +5 cols
    [CG]   [DIAG] iter=4 posCols=5 newCols=5 effImprove=5 updated=0
    [CG] 列生成收敛，共 6 轮迭代
    [CG] [CG-NODE] depth=0 exit=CERTIFIED certified=1 feasible=1 iters=6 generatedColsBeforeNode=0 newCols=60 posCandidates=60 duplicateCandidates=0 updatedCols=0 zeroObjImproveIters=1 objFirst=141841051.216808 objLast=172914481.683281 objGain=31073430.466473 maxRC=59440874.057672 wallSec=0.010495 pricingSec=0.006583 cplexSolveSec=0.002058
    [CG] 列生成收敛，共 5 轮迭代
    [CG] [CG-NODE] depth=0 exit=CERTIFIED certified=1 feasible=1 iters=5 generatedColsBeforeNode=0 newCols=56 posCandidates=56 duplicateCandidates=0 updatedCols=0 zeroObjImproveIters=0 objFirst=142794704.390596 objLast=173558049.046799 objGain=30763344.656203 maxRC=59493649.736825 wallSec=0.009455 pricingSec=0.005886 cplexSolveSec=0.001825
      [BB] 根节点即为整数解，obj=172914481.683281
      [BB] 根节点即为整数解，obj=173558049.046799
    [CG] CG iter 3: obj=166381420.633974, maxRC=5750993.120006, +10 cols
    [CG]   [DIAG] iter=3 posCols=10 newCols=10 effImprove=10 updated=0
    [CG] CG iter 4: obj=173196028.519248, maxRC=1138647.897277, +2 cols
    [CG] 列生成开始，初始列数=128
    [CG]   [DIAG] iter=4 posCols=2 newCols=2 effImprove=2 updated=0
    [CG] 列生成开始，初始列数=128
    [CG] CG iter 1: obj=142243266.981284, maxRC=59346730.725081, +23 cols
    [CG]   [DIAG] iter=1 posCols=23 newCols=23 effImprove=23 updated=0
    [CG] CG iter 5: obj=173271061.651258, maxRC=26887.503564, +1 cols
    [CG] CG iter 1: obj=142597812.425572, maxRC=59494559.120427, +23 cols
    [CG]   [DIAG] iter=5 posCols=1 newCols=1 effImprove=1 updated=0
    [CG] CG iter 1: obj=142254101.149215, maxRC=59346730.725081, +23 cols
    [CG]   [DIAG] iter=1 posCols=23 newCols=23 effImprove=23 updated=0
    [CG] CG iter 1: obj=142002968.258200, maxRC=59510626.558526, +23 cols
    [CG]   [DIAG] iter=1 posCols=23 newCols=23 effImprove=23 updated=0
    [CG]   [DIAG] iter=1 posCols=23 newCols=23 effImprove=23 updated=0
    [CG] CG iter 1: obj=142674139.475043, maxRC=59482657.642458, +23 cols
    [CG]   [DIAG] iter=1 posCols=23 newCols=23 effImprove=23 updated=0
    [CG] 列生成收敛，共 6 轮迭代
    [CG] CG iter 2: obj=160145949.920249, maxRC=10535419.303944, +17 cols
    [CG] [CG-NODE] depth=0 exit=CERTIFIED certified=1 feasible=1 iters=6 generatedColsBeforeNode=0 newCols=53 posCandidates=53 duplicateCandidates=0 updatedCols=0 zeroObjImproveIters=1 objFirst=142243648.184972 objLast=173271061.651258 objGain=31027413.466285 maxRC=59346730.725081 wallSec=0.013287 pricingSec=0.007942 cplexSolveSec=0.003192
    [CG]   [DIAG] iter=2 posCols=17 newCols=17 effImprove=17 updated=0
      [BB] 根节点即为整数解，obj=173271061.651258
    [CG] CG iter 2: obj=160228141.320772, maxRC=10816591.265136, +18 cols
    [CG]   [DIAG] iter=2 posCols=18 newCols=18 effImprove=18 updated=0
    [CG] CG iter 2: obj=160146170.602332, maxRC=10535217.415941, +16 cols
    [CG] CG iter 2: obj=160014892.111939, maxRC=9569320.662088, +17 cols
    [CG]   [DIAG] iter=2 posCols=16 newCols=16 effImprove=16 updated=0
    [CG]   [DIAG] iter=2 posCols=17 newCols=17 effImprove=17 updated=0
    [CG] CG iter 2: obj=160413293.632291, maxRC=10628506.313066, +17 cols
    [CG]   [DIAG] iter=2 posCols=17 newCols=17 effImprove=17 updated=0
    [CG] CG iter 3: obj=166380825.755288, maxRC=5750806.897999, +10 cols
    [CG]   [DIAG] iter=3 posCols=10 newCols=10 effImprove=10 updated=0
    [CG] CG iter 3: obj=166376225.860126, maxRC=5645338.050950, +11 cols
    [CG]   [DIAG] iter=3 posCols=11 newCols=11 effImprove=11 updated=0
    [CG] CG iter 3: obj=165779311.982870, maxRC=7966196.452048, +15 cols
    [CG] CG iter 3: obj=163959454.572333, maxRC=5117845.180918, +14 cols
    [CG]   [DIAG] iter=3 posCols=15 newCols=15 effImprove=15 updated=0
    [CG]   [DIAG] iter=3 posCols=14 newCols=14 effImprove=14 updated=0
    [CG] CG iter 3: obj=166715802.793773, maxRC=6288768.128376, +11 cols
    [CG] CG iter 4: obj=173195247.418555, maxRC=1138647.897277, +2 cols
    [CG]   [DIAG] iter=3 posCols=11 newCols=11 effImprove=11 updated=0
    [CG]   [DIAG] iter=4 posCols=2 newCols=2 effImprove=2 updated=0
    [CG] CG iter 4: obj=172974231.006206, maxRC=1410443.722088, +3 cols
    [CG]   [DIAG] iter=4 posCols=3 newCols=3 effImprove=3 updated=0
    [CG] CG iter 4: obj=173279581.819987, maxRC=2671644.671262, +6 cols
    [CG]   [DIAG] iter=4 posCols=6 newCols=6 effImprove=6 updated=0
    [CG] CG iter 4: obj=171323572.799727, maxRC=4703525.073693, +4 cols
    [CG]   [DIAG] iter=4 posCols=4 newCols=4 effImprove=4 updated=0
    [CG] 列生成开始，初始列数=128
    [CG] CG iter 5: obj=172974231.006206, maxRC=1212876.067052, +3 cols
    [CG]   [DIAG] iter=5 posCols=3 newCols=3 effImprove=3 updated=0
    [CG] CG iter 4: obj=169344674.011121, maxRC=4072881.998471, +5 cols
    [CG] CG iter 5: obj=173270280.550564, maxRC=26887.503564, +1 cols
    [CG]   [DIAG] iter=5 posCols=1 newCols=1 effImprove=1 updated=0
    [CG]   [DIAG] iter=4 posCols=5 newCols=5 effImprove=5 updated=0
    [CG] CG iter 1: obj=142525090.525257, maxRC=59392555.571945, +23 cols
    [CG] CG iter 5: obj=173279581.819987, maxRC=561724.061651, +2 cols
    [CG]   [DIAG] iter=5 posCols=2 newCols=2 effImprove=2 updated=0
    [CG]   [DIAG] iter=1 posCols=23 newCols=23 effImprove=23 updated=0
    [CG] CG iter 5: obj=173005657.198852, maxRC=1087375.629182, +3 cols
    [CG]   [DIAG] iter=5 posCols=3 newCols=3 effImprove=3 updated=0
    [CG] CG iter 6: obj=172974231.006206, maxRC=275175.983404, +1 cols
    [CG]   [DIAG] iter=6 posCols=1 newCols=1 effImprove=1 updated=0
    [CG] 列生成收敛，共 5 轮迭代
    [CG] [CG-NODE] depth=0 exit=CERTIFIED certified=1 feasible=1 iters=5 generatedColsBeforeNode=0 newCols=56 posCandidates=56 duplicateCandidates=0 updatedCols=0 zeroObjImproveIters=0 objFirst=142674139.475043 objLast=173560043.219075 objGain=30885903.744032 maxRC=59482657.642458 wallSec=0.016905 pricingSec=0.011695 cplexSolveSec=0.002656
    [CG] 列生成收敛，共 6 轮迭代
    [CG] [CG-NODE] depth=0 exit=CERTIFIED certified=1 feasible=1 iters=6 generatedColsBeforeNode=0 newCols=53 posCandidates=53 duplicateCandidates=0 updatedCols=0 zeroObjImproveIters=1 objFirst=142243266.981284 objLast=173270280.550564 objGain=31027013.569280 maxRC=59346730.725081 wallSec=0.018910 pricingSec=0.012991 cplexSolveSec=0.003188
    [CG] 列生成收敛，共 6 轮迭代
    [CG] [CG-NODE] depth=0 exit=CERTIFIED certified=1 feasible=1 iters=6 generatedColsBeforeNode=0 newCols=61 posCandidates=61 duplicateCandidates=0 updatedCols=0 zeroObjImproveIters=2 objFirst=142254101.149215 objLast=173279581.819987 objGain=31025480.670772 maxRC=59346730.725081 wallSec=0.017547 pricingSec=0.012022 cplexSolveSec=0.002907
      [BB] 根节点即为整数解，obj=173560043.219075
      [BB] 根节点即为整数解，obj=173279581.819987
      [BB] 根节点即为整数解，obj=173270280.550564
    [CG] CG iter 2: obj=160114836.521441, maxRC=10658416.951278, +17 cols
    [CG]   [DIAG] iter=2 posCols=17 newCols=17 effImprove=17 updated=0
    [CG] 列生成收敛，共 7 轮迭代
    [CG] [CG-NODE] depth=0 exit=CERTIFIED certified=1 feasible=1 iters=7 generatedColsBeforeNode=0 newCols=59 posCandidates=59 duplicateCandidates=0 updatedCols=0 zeroObjImproveIters=2 objFirst=142597812.425572 objLast=173180617.568927 objGain=30582805.143355 maxRC=59494559.120427 wallSec=0.018096 pricingSec=0.012371 cplexSolveSec=0.003037
    [CG] 列生成收敛，共 6 轮迭代
    [CG] [CG-NODE] depth=0 exit=CERTIFIED certified=1 feasible=1 iters=6 generatedColsBeforeNode=0 newCols=62 posCandidates=62 duplicateCandidates=0 updatedCols=0 zeroObjImproveIters=1 objFirst=142002968.258200 objLast=173005657.198852 objGain=31002688.940652 maxRC=59510626.558526 wallSec=0.017790 pricingSec=0.012162 cplexSolveSec=0.003018
      [BB] 根节点即为整数解，obj=173180617.568927
      [BB] 根节点即为整数解，obj=173005657.198852
    [CG] CG iter 3: obj=166423583.784681, maxRC=6266143.309683, +11 cols
    [CG]   [DIAG] iter=3 posCols=11 newCols=11 effImprove=11 updated=0
    [CG] CG iter 4: obj=169101732.806234, maxRC=4116840.230343, +5 cols
    [CG]   [DIAG] iter=4 posCols=5 newCols=5 effImprove=5 updated=0
    [CG] 列生成收敛，共 5 轮迭代
    [CG] [CG-NODE] depth=0 exit=CERTIFIED certified=1 feasible=1 iters=5 generatedColsBeforeNode=0 newCols=56 posCandidates=56 duplicateCandidates=0 updatedCols=0 zeroObjImproveIters=0 objFirst=142525090.525257 objLast=173296313.162759 objGain=30771222.637502 maxRC=59392555.571945 wallSec=0.008486 pricingSec=0.005401 cplexSolveSec=0.001599
      [BB] 根节点即为整数解，obj=173296313.162759
    [CG] 列生成开始，初始列数=128
    [CG] 列生成开始，初始列数=128
    [CG] CG iter 1: obj=142438385.140585, maxRC=59467399.781334, +23 cols
    [CG] 列生成开始，初始列数=128
    [CG]   [DIAG] iter=1 posCols=23 newCols=23 effImprove=23 updated=0
    [CG] CG iter 1: obj=142172476.548757, maxRC=59338852.292535, +23 cols
    [CG] 列生成开始，初始列数=128
    [CG] 列生成开始，初始列数=128
    [CG]   [DIAG] iter=1 posCols=23 newCols=23 effImprove=23 updated=0
    [CG] CG iter 2: obj=160201693.125250, maxRC=10602545.403927, +17 cols
    [CG]   [DIAG] iter=2 posCols=17 newCols=17 effImprove=17 updated=0
    [CG] 列生成开始，初始列数=128
    [CG] CG iter 3: obj=166462080.729226, maxRC=6245555.963407, +11 cols
    [CG]   [DIAG] iter=3 posCols=11 newCols=11 effImprove=11 updated=0
    [CG] CG iter 4: obj=169072742.331188, maxRC=4036483.453887, +5 cols
    [CG]   [DIAG] iter=4 posCols=5 newCols=5 effImprove=5 updated=0
    [CG] 列生成收敛，共 5 轮迭代
    [CG] [CG-NODE] depth=0 exit=CERTIFIED certified=1 feasible=1 iters=5 generatedColsBeforeNode=0 newCols=56 posCandidates=56 duplicateCandidates=0 updatedCols=0 zeroObjImproveIters=0 objFirst=142438385.140585 objLast=173322085.613427 objGain=30883700.472842 maxRC=59467399.781334 wallSec=0.007585 pricingSec=0.004911 cplexSolveSec=0.001378
    [CG] CG iter 2: obj=160015382.277256, maxRC=10515018.266570, +16 cols
    [CG]   [DIAG] iter=2 posCols=16 newCols=16 effImprove=16 updated=0
      [BB] 根节点即为整数解，obj=173322085.613427
    [CG] CG iter 3: obj=163648971.082548, maxRC=5095062.052973, +14 cols
    [CG]   [DIAG] iter=3 posCols=14 newCols=14 effImprove=14 updated=0
    [CG] CG iter 1: obj=141895314.107499, maxRC=59440874.057672, +23 cols
    [CG]   [DIAG] iter=1 posCols=23 newCols=23 effImprove=23 updated=0
    [CG] CG iter 4: obj=172984317.491494, maxRC=2662125.106176, +6 cols
    [CG]   [DIAG] iter=4 posCols=6 newCols=6 effImprove=6 updated=0
    [CG] CG iter 2: obj=159904458.118155, maxRC=9538404.633136, +17 cols
    [CG]   [DIAG] iter=2 posCols=17 newCols=17 effImprove=17 updated=0
    [CG] 列生成开始，初始列数=128
    [CG] CG iter 5: obj=172984317.491494, maxRC=755033.300068, +2 cols
    [CG]   [DIAG] iter=5 posCols=2 newCols=2 effImprove=2 updated=0
    [CG] CG iter 3: obj=165650819.355474, maxRC=8050635.311834, +15 cols
    [CG]   [DIAG] iter=3 posCols=15 newCols=15 effImprove=15 updated=0
    [CG] 列生成收敛，共 6 轮迭代
    [CG] [CG-NODE] depth=0 exit=CERTIFIED certified=1 feasible=1 iters=6 generatedColsBeforeNode=0 newCols=61 posCandidates=61 duplicateCandidates=0 updatedCols=0 zeroObjImproveIters=2 objFirst=142172476.548757 objLast=172984317.491494 objGain=30811840.942737 maxRC=59338852.292535 wallSec=0.016005 pricingSec=0.011381 cplexSolveSec=0.002686
      [BB] 根节点即为整数解，obj=172984317.491494
    [CG] CG iter 4: obj=171263248.513037, maxRC=4634322.975083, +4 cols
    [CG]   [DIAG] iter=4 posCols=4 newCols=4 effImprove=4 updated=0
    [CG] CG iter 1: obj=142262220.770529, maxRC=59494020.720344, +23 cols
    [CG] CG iter 5: obj=172964550.013994, maxRC=1075713.571646, +3 cols
    [CG]   [DIAG] iter=5 posCols=3 newCols=3 effImprove=3 updated=0
    [CG]   [DIAG] iter=1 posCols=23 newCols=23 effImprove=23 updated=0
    [CG] 列生成收敛，共 6 轮迭代
    [CG] [CG-NODE] depth=0 exit=CERTIFIED certified=1 feasible=1 iters=6 generatedColsBeforeNode=0 newCols=62 posCandidates=62 duplicateCandidates=0 updatedCols=0 zeroObjImproveIters=1 objFirst=141895314.107499 objLast=172964550.013994 objGain=31069235.906495 maxRC=59440874.057672 wallSec=0.008709 pricingSec=0.005572 cplexSolveSec=0.001723
      [BB] 根节点即为整数解，obj=172964550.013994
    [CG] CG iter 2: obj=160114537.462494, maxRC=9541860.456686, +17 cols
    [CG]   [DIAG] iter=2 posCols=17 newCols=17 effImprove=17 updated=0
    [CG] CG iter 3: obj=165984070.467348, maxRC=7334590.198189, +15 cols
    [CG]   [DIAG] iter=3 posCols=15 newCols=15 effImprove=15 updated=0
    [CG] CG iter 4: obj=173318660.665537, maxRC=1586126.558586, +7 cols
    [CG]   [DIAG] iter=4 posCols=7 newCols=7 effImprove=7 updated=0
    [CG] CG iter 5: obj=173318660.665537, maxRC=239207.024049, +1 cols
    [CG]   [DIAG] iter=5 posCols=1 newCols=1 effImprove=1 updated=0
    [CG] CG iter 1: obj=142270614.582101, maxRC=59510663.786859, +23 cols
    [CG]   [DIAG] iter=1 posCols=23 newCols=23 effImprove=23 updated=0
    [CG] 列生成收敛，共 6 轮迭代
    [CG] [CG-NODE] depth=0 exit=CERTIFIED certified=1 feasible=1 iters=6 generatedColsBeforeNode=0 newCols=63 posCandidates=63 duplicateCandidates=0 updatedCols=0 zeroObjImproveIters=2 objFirst=142262220.770529 objLast=173318660.665537 objGain=31056439.895008 maxRC=59494020.720344 wallSec=0.010197 pricingSec=0.006413 cplexSolveSec=0.002032
      [BB] 根节点即为整数解，obj=173318660.665537
    [CG] CG iter 1: obj=142429898.396200, maxRC=59390175.106789, +23 cols
    [CG]   [DIAG] iter=1 posCols=23 newCols=23 effImprove=23 updated=0
    [CG] CG iter 1: obj=142130452.633378, maxRC=59482657.642458, +23 cols
    [CG] CG iter 1: obj=142348273.720643, maxRC=59496630.911005, +23 cols
    [CG] CG iter 2: obj=160119471.887038, maxRC=9524584.087868, +17 cols
    [CG]   [DIAG] iter=1 posCols=23 newCols=23 effImprove=23 updated=0
    [CG]   [DIAG] iter=1 posCols=23 newCols=23 effImprove=23 updated=0
    [CG]   [DIAG] iter=2 posCols=17 newCols=17 effImprove=17 updated=0
    [CG] CG iter 2: obj=160024020.649933, maxRC=10760417.496622, +17 cols
    [CG]   [DIAG] iter=2 posCols=17 newCols=17 effImprove=17 updated=0
    [CG] CG iter 2: obj=160148531.701315, maxRC=10788214.145531, +17 cols
    [CG] CG iter 3: obj=165952854.840831, maxRC=8081784.513680, +15 cols
    [CG]   [DIAG] iter=2 posCols=17 newCols=17 effImprove=17 updated=0
    [CG]   [DIAG] iter=3 posCols=15 newCols=15 effImprove=15 updated=0
    [CG] CG iter 2: obj=160400870.574550, maxRC=10632051.011271, +17 cols
    [CG]   [DIAG] iter=2 posCols=17 newCols=17 effImprove=17 updated=0
    [CG] CG iter 3: obj=166260922.056246, maxRC=6259178.927167, +12 cols
    [CG]   [DIAG] iter=3 posCols=12 newCols=12 effImprove=12 updated=0
    [CG] CG iter 4: obj=171612703.719320, maxRC=4630225.464156, +4 cols
    [CG] CG iter 1: obj=142053095.953705, maxRC=59494020.720344, +23 cols
    [CG]   [DIAG] iter=4 posCols=4 newCols=4 effImprove=4 updated=0
    [CG]   [DIAG] iter=1 posCols=23 newCols=23 effImprove=23 updated=0
    [CG] CG iter 3: obj=166230182.964214, maxRC=5576409.935213, +11 cols
    [CG]   [DIAG] iter=3 posCols=11 newCols=11 effImprove=11 updated=0
    [CG] CG iter 3: obj=166609228.101488, maxRC=5735627.892153, +10 cols
    [CG]   [DIAG] iter=3 posCols=10 newCols=10 effImprove=10 updated=0
    [CG] CG iter 4: obj=168956799.973012, maxRC=4075088.165973, +6 cols
    [CG]   [DIAG] iter=4 posCols=6 newCols=6 effImprove=6 updated=0
    [CG] CG iter 5: obj=173294788.118446, maxRC=1061508.886494, +3 cols
    [CG]   [DIAG] iter=5 posCols=3 newCols=3 effImprove=3 updated=0
    [CG] CG iter 4: obj=172693120.913528, maxRC=1159749.014938, +3 cols
    [CG]   [DIAG] iter=4 posCols=3 newCols=3 effImprove=3 updated=0
    [CG] CG iter 4: obj=173348875.420031, maxRC=1138652.021347, +2 cols
    [CG]   [DIAG] iter=4 posCols=2 newCols=2 effImprove=2 updated=0
    [CG] 列生成收敛，共 5 轮迭代
    [CG] CG iter 2: obj=159959950.205514, maxRC=10797202.746362, +17 cols
    [CG] 列生成收敛，共 6 轮迭代
    [CG] [CG-NODE] depth=0 exit=CERTIFIED certified=1 feasible=1 iters=5 generatedColsBeforeNode=0 newCols=58 posCandidates=58 duplicateCandidates=0 updatedCols=0 zeroObjImproveIters=0 objFirst=142429898.396200 objLast=173121632.435757 objGain=30691734.039557 maxRC=59390175.106789 wallSec=0.017113 pricingSec=0.012132 cplexSolveSec=0.002637
    [CG] [CG-NODE] depth=0 exit=CERTIFIED certified=1 feasible=1 iters=6 generatedColsBeforeNode=0 newCols=62 posCandidates=62 duplicateCandidates=0 updatedCols=0 zeroObjImproveIters=1 objFirst=142270614.582101 objLast=173294788.118446 objGain=31024173.536345 maxRC=59510663.786859 wallSec=0.017419 pricingSec=0.012001 cplexSolveSec=0.003087
    [CG]   [DIAG] iter=2 posCols=17 newCols=17 effImprove=17 updated=0
    [CG] CG iter 5: obj=172965646.557277, maxRC=519850.912859, +3 cols
    [CG]   [DIAG] iter=5 posCols=3 newCols=3 effImprove=3 updated=0
      [BB] 根节点即为整数解，obj=173294788.118446
      [BB] 根节点即为整数解，obj=173121632.435757
    [CG] 列生成收敛，共 5 轮迭代
    [CG] [CG-NODE] depth=0 exit=CERTIFIED certified=1 feasible=1 iters=5 generatedColsBeforeNode=0 newCols=52 posCandidates=52 duplicateCandidates=0 updatedCols=0 zeroObjImproveIters=0 objFirst=142348273.720643 objLast=173483508.014988 objGain=31135234.294345 maxRC=59496630.911005 wallSec=0.017097 pricingSec=0.011927 cplexSolveSec=0.002767
      [BB] 根节点即为整数解，obj=173483508.014988
    [CG] 列生成收敛，共 6 轮迭代
    [CG] [CG-NODE] depth=0 exit=CERTIFIED certified=1 feasible=1 iters=6 generatedColsBeforeNode=0 newCols=57 posCandidates=57 duplicateCandidates=0 updatedCols=0 zeroObjImproveIters=1 objFirst=142130452.633378 objLast=172965646.557277 objGain=30835193.923899 maxRC=59482657.642458 wallSec=0.017585 pricingSec=0.012123 cplexSolveSec=0.002920
      [BB] 根节点即为整数解，obj=172965646.557277
    [CG] CG iter 3: obj=166184878.399089, maxRC=6231487.601590, +12 cols
    [CG]   [DIAG] iter=3 posCols=12 newCols=12 effImprove=12 updated=0
    [CG] CG iter 4: obj=168882941.052627, maxRC=4023720.302424, +7 cols
    [CG]   [DIAG] iter=4 posCols=7 newCols=7 effImprove=7 updated=0
    [CG] 列生成收敛，共 5 轮迭代
    [CG] [CG-NODE] depth=0 exit=CERTIFIED certified=1 feasible=1 iters=5 generatedColsBeforeNode=0 newCols=59 posCandidates=59 duplicateCandidates=0 updatedCols=0 zeroObjImproveIters=0 objFirst=142053095.953705 objLast=173067448.709487 objGain=31014352.755783 maxRC=59494020.720344 wallSec=0.014763 pricingSec=0.010120 cplexSolveSec=0.002490
      [BB] 根节点即为整数解，obj=173067448.709487
[GA] 代数 2: Best=173966640.23, Avg=173310575.76, Worst=172728892.39, Valid=30/30, 耗时=0.06s (连续2代未提升)
  ├─ 求解: 30 个体 fork 并行 | CG迭代=144 加列=1493 BB分支=0
  ├─ 并行墙钟=0.0598s | 串行等效(ΣBP)=0.3954s | 加速比=6.61x
  ├─ 管理开销=-0.3356s (fork=0.0039 wait=0.0555 merge=0.0004)
  └─ CG明细: gen_logs/run_gen2_ind{0..29}.log
    [CG] 列生成开始，初始列数=128
    [CG] 列生成开始，初始列数=128
    [CG] 列生成开始，初始列数=128
    [CG] 列生成开始，初始列数=128
    [CG] 列生成开始，初始列数=128
    [CG] 列生成开始，初始列数=128
    [CG] 列生成开始，初始列数=128
    [CG] 列生成开始，初始列数=128
    [CG] CG iter 1: obj=141845263.568610, maxRC=59494020.720344, +23 cols
    [CG]   [DIAG] iter=1 posCols=23 newCols=23 effImprove=23 updated=0
    [CG] CG iter 1: obj=142236917.955197, maxRC=59496432.571304, +23 cols
    [CG]   [DIAG] iter=1 posCols=23 newCols=23 effImprove=23 updated=0
    [CG] CG iter 1: obj=143094806.326903, maxRC=59404751.756039, +23 cols
    [CG]   [DIAG] iter=1 posCols=23 newCols=23 effImprove=23 updated=0
    [CG] CG iter 2: obj=159756319.340039, maxRC=10812019.267949, +17 cols
    [CG] CG iter 1: obj=142914066.805775, maxRC=59512668.663326, +23 cols
    [CG]   [DIAG] iter=2 posCols=17 newCols=17 effImprove=17 updated=0
    [CG]   [DIAG] iter=1 posCols=23 newCols=23 effImprove=23 updated=0
    [CG] CG iter 2: obj=160232567.430278, maxRC=10865957.573829, +17 cols
    [CG]   [DIAG] iter=2 posCols=17 newCols=17 effImprove=17 updated=0
    [CG] CG iter 3: obj=165974537.107129, maxRC=6229445.755262, +12 cols
    [CG]   [DIAG] iter=3 posCols=12 newCols=12 effImprove=12 updated=0
    [CG] CG iter 2: obj=160417522.965481, maxRC=10548978.580230, +17 cols
    [CG] CG iter 1: obj=142029059.681688, maxRC=59494020.720344, +23 cols
    [CG]   [DIAG] iter=2 posCols=17 newCols=17 effImprove=17 updated=0
    [CG] CG iter 2: obj=160413537.988658, maxRC=10619772.340327, +17 cols
    [CG]   [DIAG] iter=1 posCols=23 newCols=23 effImprove=23 updated=0
    [CG]   [DIAG] iter=2 posCols=17 newCols=17 effImprove=17 updated=0
    [CG] CG iter 3: obj=166356451.288026, maxRC=6296813.051142, +11 cols
    [CG]   [DIAG] iter=3 posCols=11 newCols=11 effImprove=11 updated=0
    [CG] CG iter 4: obj=168675108.667533, maxRC=4019169.549231, +7 cols
    [CG]   [DIAG] iter=4 posCols=7 newCols=7 effImprove=7 updated=0
    [CG] CG iter 4: obj=168962432.449918, maxRC=3934479.370099, +5 cols
    [CG] CG iter 3: obj=166830422.065432, maxRC=6259962.882896, +12 cols
    [CG]   [DIAG] iter=4 posCols=5 newCols=5 effImprove=5 updated=0
    [CG]   [DIAG] iter=3 posCols=12 newCols=12 effImprove=12 updated=0
    [CG] 列生成收敛，共 5 轮迭代
    [CG] [CG-NODE] depth=0 exit=CERTIFIED certified=1 feasible=1 iters=5 generatedColsBeforeNode=0 newCols=59 posCandidates=59 duplicateCandidates=0 updatedCols=0 zeroObjImproveIters=0 objFirst=141845263.568610 objLast=172855065.571200 objGain=31009802.002590 maxRC=59494020.720344 wallSec=0.010915 pricingSec=0.007485 cplexSolveSec=0.001896
    [CG] CG iter 3: obj=166731369.760200, maxRC=6260943.260919, +11 cols
    [CG] CG iter 2: obj=159881376.373652, maxRC=9541860.456686, +17 cols
    [CG]   [DIAG] iter=3 posCols=11 newCols=11 effImprove=11 updated=0
      [BB] 根节点即为整数解，obj=172855065.571200
    [CG]   [DIAG] iter=2 posCols=17 newCols=17 effImprove=17 updated=0
    [CG] 列生成收敛，共 5 轮迭代
    [CG] [CG-NODE] depth=0 exit=CERTIFIED certified=1 feasible=1 iters=5 generatedColsBeforeNode=0 newCols=56 posCandidates=56 duplicateCandidates=0 updatedCols=0 zeroObjImproveIters=0 objFirst=142236917.955197 objLast=173105106.460696 objGain=30868188.505499 maxRC=59496432.571304 wallSec=0.011025 pricingSec=0.007181 cplexSolveSec=0.002031
      [BB] 根节点即为整数解，obj=173105106.460696
    [CG] CG iter 4: obj=169533517.870005, maxRC=4196530.636609, +5 cols
    [CG]   [DIAG] iter=4 posCols=5 newCols=5 effImprove=5 updated=0
    [CG] CG iter 4: obj=169371377.476960, maxRC=4076106.937321, +5 cols
    [CG]   [DIAG] iter=4 posCols=5 newCols=5 effImprove=5 updated=0
    [CG] 列生成收敛，共 5 轮迭代
    [CG] [CG-NODE] depth=0 exit=CERTIFIED certified=1 feasible=1 iters=5 generatedColsBeforeNode=0 newCols=57 posCandidates=57 duplicateCandidates=0 updatedCols=0 zeroObjImproveIters=0 objFirst=143094806.326903 objLast=173759768.850616 objGain=30664962.523714 maxRC=59404751.756039 wallSec=0.011683 pricingSec=0.007947 cplexSolveSec=0.002036
      [BB] 根节点即为整数解，obj=173759768.850616
    [CG] CG iter 3: obj=165750909.378506, maxRC=7334590.198189, +15 cols
    [CG] 列生成收敛，共 5 轮迭代
    [CG] [CG-NODE] depth=0 exit=CERTIFIED certified=1 feasible=1 iters=5 generatedColsBeforeNode=0 newCols=56 posCandidates=56 duplicateCandidates=0 updatedCols=0 zeroObjImproveIters=0 objFirst=142914066.805775 objLast=173601769.507394 objGain=30687702.701619 maxRC=59512668.663326 wallSec=0.012683 pricingSec=0.008344 cplexSolveSec=0.002305
    [CG]   [DIAG] iter=3 posCols=15 newCols=15 effImprove=15 updated=0
      [BB] 根节点即为整数解，obj=173601769.507394
    [CG] CG iter 1: obj=142936871.841102, maxRC=59507569.970519, +23 cols
    [CG] CG iter 1: obj=142324974.621261, maxRC=59472981.833146, +23 cols
    [CG] CG iter 4: obj=173085499.576696, maxRC=1586126.558586, +7 cols
    [CG]   [DIAG] iter=4 posCols=7 newCols=7 effImprove=7 updated=0
    [CG]   [DIAG] iter=1 posCols=23 newCols=23 effImprove=23 updated=0
    [CG]   [DIAG] iter=1 posCols=23 newCols=23 effImprove=23 updated=0
    [CG] CG iter 1: obj=142247327.169036, maxRC=59496593.385749, +23 cols
    [CG]   [DIAG] iter=1 posCols=23 newCols=23 effImprove=23 updated=0
    [CG] 列生成开始，初始列数=128
    [CG] CG iter 5: obj=173085499.576696, maxRC=239207.024049, +1 cols
    [CG]   [DIAG] iter=5 posCols=1 newCols=1 effImprove=1 updated=0
    [CG] 列生成收敛，共 6 轮迭代
    [CG] [CG-NODE] depth=0 exit=CERTIFIED certified=1 feasible=1 iters=6 generatedColsBeforeNode=0 newCols=63 posCandidates=63 duplicateCandidates=0 updatedCols=0 zeroObjImproveIters=2 objFirst=142029059.681688 objLast=173085499.576696 objGain=31056439.895008 maxRC=59494020.720344 wallSec=0.014467 pricingSec=0.009786 cplexSolveSec=0.002541
      [BB] 根节点即为整数解，obj=173085499.576696
    [CG] CG iter 2: obj=160282613.474567, maxRC=10616328.519039, +17 cols
    [CG] 列生成开始，初始列数=128
    [CG]   [DIAG] iter=2 posCols=17 newCols=17 effImprove=17 updated=0
    [CG] CG iter 2: obj=159902885.885015, maxRC=10866956.066043, +17 cols
    [CG] CG iter 2: obj=160619717.245435, maxRC=10632059.165106, +17 cols
    [CG]   [DIAG] iter=2 posCols=17 newCols=17 effImprove=17 updated=0
    [CG]   [DIAG] iter=2 posCols=17 newCols=17 effImprove=17 updated=0
    [CG] 列生成开始，初始列数=128
    [CG] CG iter 3: obj=166551531.181226, maxRC=6263614.496329, +11 cols
    [CG]   [DIAG] iter=3 posCols=11 newCols=11 effImprove=11 updated=0
    [CG] 列生成开始，初始列数=128
    [CG] CG iter 3: obj=166039015.624036, maxRC=6241752.711170, +12 cols
    [CG]   [DIAG] iter=3 posCols=12 newCols=12 effImprove=12 updated=0
    [CG] CG iter 3: obj=166954280.609140, maxRC=6277902.371620, +11 cols
    [CG]   [DIAG] iter=3 posCols=11 newCols=11 effImprove=11 updated=0
    [CG] 列生成开始，初始列数=128
    [CG] CG iter 4: obj=169168965.962847, maxRC=4042782.497087, +5 cols
    [CG]   [DIAG] iter=4 posCols=5 newCols=5 effImprove=5 updated=0
    [CG] CG iter 4: obj=168693632.082745, maxRC=3953971.108601, +6 cols
    [CG]   [DIAG] iter=4 posCols=6 newCols=6 effImprove=6 updated=0
    [CG] 列生成收敛，共 5 轮迭代
    [CG] [CG-NODE] depth=0 exit=CERTIFIED certified=1 feasible=1 iters=5 generatedColsBeforeNode=0 newCols=56 posCandidates=56 duplicateCandidates=0 updatedCols=0 zeroObjImproveIters=0 objFirst=142324974.621261 objLast=173406737.518361 objGain=31081762.897099 maxRC=59472981.833146 wallSec=0.017003 pricingSec=0.011898 cplexSolveSec=0.002638
    [CG] CG iter 4: obj=169598292.601930, maxRC=4089558.487337, +5 cols
    [CG]   [DIAG] iter=4 posCols=5 newCols=5 effImprove=5 updated=0
      [BB] 根节点即为整数解，obj=173406737.518361
    [CG] 列生成收敛，共 5 轮迭代
    [CG] [CG-NODE] depth=0 exit=CERTIFIED certified=1 feasible=1 iters=5 generatedColsBeforeNode=0 newCols=58 posCandidates=58 duplicateCandidates=0 updatedCols=0 zeroObjImproveIters=0 objFirst=142247327.169036 objLast=172854799.159677 objGain=30607471.990641 maxRC=59496593.385749 wallSec=0.016855 pricingSec=0.011939 cplexSolveSec=0.002595
      [BB] 根节点即为整数解，obj=172854799.159677
    [CG] 列生成收敛，共 5 轮迭代
    [CG] [CG-NODE] depth=0 exit=CERTIFIED certified=1 feasible=1 iters=5 generatedColsBeforeNode=0 newCols=56 posCandidates=56 duplicateCandidates=0 updatedCols=0 zeroObjImproveIters=0 objFirst=142936871.841102 objLast=173814127.870166 objGain=30877256.029064 maxRC=59507569.970519 wallSec=0.017744 pricingSec=0.012422 cplexSolveSec=0.002900
      [BB] 根节点即为整数解，obj=173814127.870166
    [CG] 列生成开始，初始列数=128
    [CG] 列生成开始，初始列数=128
    [CG] 列生成开始，初始列数=128
    [CG] CG iter 1: obj=142450686.446119, maxRC=59494203.776341, +23 cols
    [CG]   [DIAG] iter=1 posCols=23 newCols=23 effImprove=23 updated=0
    [CG] CG iter 2: obj=160269476.051527, maxRC=10660452.424249, +17 cols
    [CG]   [DIAG] iter=2 posCols=17 newCols=17 effImprove=17 updated=0
    [CG] CG iter 1: obj=142649311.422487, maxRC=59493461.770802, +23 cols
    [CG]   [DIAG] iter=1 posCols=23 newCols=23 effImprove=23 updated=0
    [CG] CG iter 3: obj=166614933.349703, maxRC=6268517.202865, +12 cols
    [CG]   [DIAG] iter=3 posCols=12 newCols=12 effImprove=12 updated=0
    [CG] CG iter 4: obj=169308422.496966, maxRC=4113450.483336, +5 cols
    [CG]   [DIAG] iter=4 posCols=5 newCols=5 effImprove=5 updated=0
    [CG] CG iter 2: obj=160466995.811755, maxRC=10658683.792267, +17 cols
    [CG]   [DIAG] iter=2 posCols=17 newCols=17 effImprove=17 updated=0
    [CG] 列生成收敛，共 5 轮迭代
    [CG] [CG-NODE] depth=0 exit=CERTIFIED certified=1 feasible=1 iters=5 generatedColsBeforeNode=0 newCols=57 posCandidates=57 duplicateCandidates=0 updatedCols=0 zeroObjImproveIters=0 objFirst=142450686.446119 objLast=173515262.560579 objGain=31064576.114460 maxRC=59494203.776341 wallSec=0.008506 pricingSec=0.005534 cplexSolveSec=0.001602
      [BB] 根节点即为整数解，obj=173515262.560579
    [CG] CG iter 1: obj=142252752.654278, maxRC=59496676.788506, +23 cols
    [CG]   [DIAG] iter=1 posCols=23 newCols=23 effImprove=23 updated=0
    [CG] CG iter 3: obj=166813151.613090, maxRC=6268722.553217, +12 cols
    [CG]   [DIAG] iter=3 posCols=12 newCols=12 effImprove=12 updated=0
    [CG] CG iter 1: obj=141830562.729611, maxRC=59436716.072840, +23 cols
    [CG] CG iter 4: obj=169506457.482255, maxRC=4114180.402988, +5 cols
    [CG] CG iter 1: obj=142377557.747239, maxRC=59498379.195178, +23 cols
    [CG]   [DIAG] iter=4 posCols=5 newCols=5 effImprove=5 updated=0
    [CG]   [DIAG] iter=1 posCols=23 newCols=23 effImprove=23 updated=0
    [CG] CG iter 2: obj=160119537.323203, maxRC=9543483.089881, +17 cols
    [CG]   [DIAG] iter=1 posCols=23 newCols=23 effImprove=23 updated=0
    [CG]   [DIAG] iter=2 posCols=17 newCols=17 effImprove=17 updated=0
    [CG] CG iter 1: obj=142679277.576223, maxRC=59482657.642458, +23 cols
    [CG] CG iter 1: obj=142721837.753967, maxRC=59392555.571945, +23 cols
    [CG]   [DIAG] iter=1 posCols=23 newCols=23 effImprove=23 updated=0
    [CG] 列生成收敛，共 5 轮迭代
    [CG] [CG-NODE] depth=0 exit=CERTIFIED certified=1 feasible=1 iters=5 generatedColsBeforeNode=0 newCols=57 posCandidates=57 duplicateCandidates=0 updatedCols=0 zeroObjImproveIters=0 objFirst=142649311.422487 objLast=173713730.007546 objGain=31064418.585059 maxRC=59493461.770802 wallSec=0.013741 pricingSec=0.009492 cplexSolveSec=0.002182
    [CG]   [DIAG] iter=1 posCols=23 newCols=23 effImprove=23 updated=0
      [BB] 根节点即为整数解，obj=173713730.007546
    [CG] CG iter 2: obj=159905022.200178, maxRC=9538404.633136, +17 cols
    [CG] CG iter 2: obj=160121750.209308, maxRC=10659392.585305, +17 cols
    [CG]   [DIAG] iter=2 posCols=17 newCols=17 effImprove=17 updated=0
    [CG] CG iter 3: obj=165988725.849735, maxRC=7334286.431378, +15 cols
    [CG]   [DIAG] iter=2 posCols=17 newCols=17 effImprove=17 updated=0
    [CG]   [DIAG] iter=3 posCols=15 newCols=15 effImprove=15 updated=0
    [CG] CG iter 1: obj=142132684.151492, maxRC=59482657.642458, +23 cols
    [CG] 列生成开始，初始列数=128
    [CG]   [DIAG] iter=1 posCols=23 newCols=23 effImprove=23 updated=0
    [CG] CG iter 4: obj=173323012.281113, maxRC=1586126.558586, +7 cols
    [CG]   [DIAG] iter=4 posCols=7 newCols=7 effImprove=7 updated=0
    [CG] CG iter 3: obj=166470080.138001, maxRC=6270296.494694, +12 cols
    [CG] CG iter 3: obj=165651472.279456, maxRC=8050692.249516, +15 cols
    [CG]   [DIAG] iter=3 posCols=12 newCols=12 effImprove=12 updated=0
    [CG]   [DIAG] iter=3 posCols=15 newCols=15 effImprove=15 updated=0
    [CG] CG iter 2: obj=160409253.802494, maxRC=10633798.809933, +17 cols
    [CG] CG iter 2: obj=160406381.511004, maxRC=10563038.555058, +17 cols
    [CG] CG iter 5: obj=173323012.281113, maxRC=238129.883379, +1 cols
    [CG]   [DIAG] iter=5 posCols=1 newCols=1 effImprove=1 updated=0
    [CG]   [DIAG] iter=2 posCols=17 newCols=17 effImprove=17 updated=0
    [CG]   [DIAG] iter=2 posCols=17 newCols=17 effImprove=17 updated=0
    [CG] CG iter 4: obj=169175079.711010, maxRC=4120314.035173, +5 cols
    [CG]   [DIAG] iter=4 posCols=5 newCols=5 effImprove=5 updated=0
    [CG] CG iter 4: obj=171263958.374700, maxRC=4634322.975083, +4 cols
    [CG]   [DIAG] iter=4 posCols=4 newCols=4 effImprove=4 updated=0
    [CG] 列生成开始，初始列数=128
    [CG] 列生成收敛，共 6 轮迭代
    [CG] [CG-NODE] depth=0 exit=CERTIFIED certified=1 feasible=1 iters=6 generatedColsBeforeNode=0 newCols=63 posCandidates=63 duplicateCandidates=0 updatedCols=0 zeroObjImproveIters=2 objFirst=142252752.654278 objLast=173323012.281113 objGain=31070259.626834 maxRC=59496676.788506 wallSec=0.009427 pricingSec=0.006128 cplexSolveSec=0.001843
    [CG] 列生成收敛，共 5 轮迭代
    [CG] [CG-NODE] depth=0 exit=CERTIFIED certified=1 feasible=1 iters=5 generatedColsBeforeNode=0 newCols=57 posCandidates=57 duplicateCandidates=0 updatedCols=0 zeroObjImproveIters=0 objFirst=142377557.747239 objLast=173382244.082944 objGain=31004686.335705 maxRC=59498379.195178 wallSec=0.009168 pricingSec=0.006026 cplexSolveSec=0.001692
      [BB] 根节点即为整数解，obj=173323012.281113
    [CG] CG iter 2: obj=160150152.256884, maxRC=10781195.757321, +17 cols
    [CG]   [DIAG] iter=2 posCols=17 newCols=17 effImprove=17 updated=0
      [BB] 根节点即为整数解，obj=173382244.082944
    [CG] CG iter 5: obj=172965259.875657, maxRC=1075713.571646, +3 cols
    [CG]   [DIAG] iter=5 posCols=3 newCols=3 effImprove=3 updated=0
    [CG] 列生成收敛，共 6 轮迭代
    [CG] [CG-NODE] depth=0 exit=CERTIFIED certified=1 feasible=1 iters=6 generatedColsBeforeNode=0 newCols=62 posCandidates=62 duplicateCandidates=0 updatedCols=0 zeroObjImproveIters=1 objFirst=141830562.729611 objLast=172965259.875657 objGain=31134697.146046 maxRC=59436716.072840 wallSec=0.009417 pricingSec=0.006186 cplexSolveSec=0.001863
      [BB] 根节点即为整数解，obj=172965259.875657
    [CG] CG iter 3: obj=166731416.817246, maxRC=6278420.853090, +11 cols
    [CG]   [DIAG] iter=3 posCols=11 newCols=11 effImprove=11 updated=0
    [CG] CG iter 3: obj=166736559.109524, maxRC=6290734.820677, +11 cols
    [CG]   [DIAG] iter=3 posCols=11 newCols=11 effImprove=11 updated=0
    [CG] CG iter 3: obj=166232779.982314, maxRC=5576707.145593, +11 cols
    [CG]   [DIAG] iter=3 posCols=11 newCols=11 effImprove=11 updated=0
    [CG] CG iter 4: obj=169383235.726413, maxRC=4091979.509153, +5 cols
    [CG]   [DIAG] iter=4 posCols=5 newCols=5 effImprove=5 updated=0
    [CG] CG iter 4: obj=169365688.473931, maxRC=4121405.230520, +5 cols
    [CG]   [DIAG] iter=4 posCols=5 newCols=5 effImprove=5 updated=0
    [CG] 列生成开始，初始列数=128
    [CG] CG iter 4: obj=172696015.142008, maxRC=1159749.014938, +3 cols
    [CG]   [DIAG] iter=4 posCols=3 newCols=3 effImprove=3 updated=0
    [CG] 列生成开始，初始列数=128
    [CG] 列生成收敛，共 5 轮迭代
    [CG] [CG-NODE] depth=0 exit=CERTIFIED certified=1 feasible=1 iters=5 generatedColsBeforeNode=0 newCols=56 posCandidates=56 duplicateCandidates=0 updatedCols=0 zeroObjImproveIters=0 objFirst=142679277.576223 objLast=173596988.583532 objGain=30917711.007309 maxRC=59482657.642458 wallSec=0.018590 pricingSec=0.012514 cplexSolveSec=0.003267
    [CG] 列生成收敛，共 5 轮迭代
    [CG] [CG-NODE] depth=0 exit=CERTIFIED certified=1 feasible=1 iters=5 generatedColsBeforeNode=0 newCols=56 posCandidates=56 duplicateCandidates=0 updatedCols=0 zeroObjImproveIters=0 objFirst=142721837.753967 objLast=173587709.803614 objGain=30865872.049647 maxRC=59392555.571945 wallSec=0.017981 pricingSec=0.012113 cplexSolveSec=0.003187
    [CG] CG iter 5: obj=172968540.785757, maxRC=519850.912859, +3 cols
    [CG]   [DIAG] iter=5 posCols=3 newCols=3 effImprove=3 updated=0
      [BB] 根节点即为整数解，obj=173596988.583532
      [BB] 根节点即为整数解，obj=173587709.803614
    [CG] 列生成开始，初始列数=128
    [CG] 列生成收敛，共 6 轮迭代
    [CG] [CG-NODE] depth=0 exit=CERTIFIED certified=1 feasible=1 iters=6 generatedColsBeforeNode=0 newCols=57 posCandidates=57 duplicateCandidates=0 updatedCols=0 zeroObjImproveIters=1 objFirst=142132684.151492 objLast=172968540.785757 objGain=30835856.634265 maxRC=59482657.642458 wallSec=0.018357 pricingSec=0.012279 cplexSolveSec=0.003327
      [BB] 根节点即为整数解，obj=172968540.785757
    [CG] CG iter 1: obj=142842030.542823, maxRC=59493649.736825, +23 cols
    [CG]   [DIAG] iter=1 posCols=23 newCols=23 effImprove=23 updated=0
    [CG] 列生成开始，初始列数=128
    [CG] CG iter 1: obj=143259855.344734, maxRC=59519752.128890, +23 cols
    [CG] CG iter 2: obj=160462975.807735, maxRC=10636105.927211, +17 cols
    [CG]   [DIAG] iter=2 posCols=17 newCols=17 effImprove=17 updated=0
    [CG]   [DIAG] iter=1 posCols=23 newCols=23 effImprove=23 updated=0
    [CG] 列生成开始，初始列数=128
    [CG] CG iter 3: obj=166762237.142320, maxRC=6287821.556736, +11 cols
    [CG]   [DIAG] iter=3 posCols=11 newCols=11 effImprove=11 updated=0
    [CG] 列生成开始，初始列数=128
    [CG] CG iter 4: obj=169391778.138864, maxRC=4069425.326179, +5 cols
    [CG]   [DIAG] iter=4 posCols=5 newCols=5 effImprove=5 updated=0
    [CG] CG iter 2: obj=160626626.875727, maxRC=10623485.371715, +17 cols
    [CG] 列生成收敛，共 5 轮迭代
    [CG]   [DIAG] iter=2 posCols=17 newCols=17 effImprove=17 updated=0
    [CG] [CG-NODE] depth=0 exit=CERTIFIED certified=1 feasible=1 iters=5 generatedColsBeforeNode=0 newCols=56 posCandidates=56 duplicateCandidates=0 updatedCols=0 zeroObjImproveIters=0 objFirst=142842030.542823 objLast=173605375.199027 objGain=30763344.656203 maxRC=59493649.736825 wallSec=0.009062 pricingSec=0.006118 cplexSolveSec=0.001607
      [BB] 根节点即为整数解，obj=173605375.199027
    [CG] CG iter 3: obj=167020947.756875, maxRC=6255294.772632, +12 cols
    [CG]   [DIAG] iter=3 posCols=12 newCols=12 effImprove=12 updated=0
    [CG] 列生成开始，初始列数=128
    [CG] CG iter 4: obj=169719375.451182, maxRC=4143805.047541, +5 cols
    [CG]   [DIAG] iter=4 posCols=5 newCols=5 effImprove=5 updated=0
    [CG] CG iter 1: obj=143156675.089161, maxRC=59412194.399197, +23 cols
    [CG]   [DIAG] iter=1 posCols=23 newCols=23 effImprove=23 updated=0
    [CG] CG iter 1: obj=142583089.115335, maxRC=59493649.736825, +23 cols
    [CG] 列生成收敛，共 5 轮迭代
    [CG] [CG-NODE] depth=0 exit=CERTIFIED certified=1 feasible=1 iters=5 generatedColsBeforeNode=0 newCols=57 posCandidates=57 duplicateCandidates=0 updatedCols=0 zeroObjImproveIters=0 objFirst=143259855.344734 objLast=173937771.539053 objGain=30677916.194319 maxRC=59519752.128890 wallSec=0.014147 pricingSec=0.009321 cplexSolveSec=0.002557
    [CG]   [DIAG] iter=1 posCols=23 newCols=23 effImprove=23 updated=0
    [CG] CG iter 2: obj=160443258.527277, maxRC=10557535.036812, +17 cols
      [BB] 根节点即为整数解，obj=173937771.539053
    [CG]   [DIAG] iter=2 posCols=17 newCols=17 effImprove=17 updated=0
    [CG] CG iter 1: obj=142597459.713381, maxRC=59519342.291743, +23 cols
    [CG]   [DIAG] iter=1 posCols=23 newCols=23 effImprove=23 updated=0
    [CG] CG iter 3: obj=166854901.064920, maxRC=6258632.117556, +12 cols
    [CG]   [DIAG] iter=3 posCols=12 newCols=12 effImprove=12 updated=0
    [CG] CG iter 4: obj=169557481.408901, maxRC=4192186.451266, +5 cols
    [CG]   [DIAG] iter=4 posCols=5 newCols=5 effImprove=5 updated=0
    [CG] CG iter 2: obj=160329094.383145, maxRC=10618535.571131, +17 cols
    [CG] CG iter 2: obj=160279699.123407, maxRC=10791512.408104, +17 cols
    [CG]   [DIAG] iter=2 posCols=17 newCols=17 effImprove=17 updated=0
    [CG]   [DIAG] iter=2 posCols=17 newCols=17 effImprove=17 updated=0
    [CG] CG iter 1: obj=142409231.169142, maxRC=59494203.776341, +23 cols
    [CG] 列生成收敛，共 5 轮迭代
    [CG] [CG-NODE] depth=0 exit=CERTIFIED certified=1 feasible=1 iters=5 generatedColsBeforeNode=0 newCols=57 posCandidates=57 duplicateCandidates=0 updatedCols=0 zeroObjImproveIters=0 objFirst=143156675.089161 objLast=173782077.125766 objGain=30625402.036605 maxRC=59412194.399197 wallSec=0.008090 pricingSec=0.005315 cplexSolveSec=0.001473
      [BB] 根节点即为整数解，obj=173782077.125766
    [CG]   [DIAG] iter=1 posCols=23 newCols=23 effImprove=23 updated=0
    [CG] 列生成开始，初始列数=128
    [CG] CG iter 1: obj=142454651.055692, maxRC=59346730.725081, +23 cols
    [CG] CG iter 3: obj=166517301.152050, maxRC=6261845.330949, +12 cols
    [CG]   [DIAG] iter=1 posCols=23 newCols=23 effImprove=23 updated=0
    [CG]   [DIAG] iter=3 posCols=12 newCols=12 effImprove=12 updated=0
    [CG] CG iter 3: obj=166540887.324358, maxRC=5737678.396805, +10 cols
    [CG]   [DIAG] iter=3 posCols=10 newCols=10 effImprove=10 updated=0
    [CG] CG iter 2: obj=160235519.157804, maxRC=10659182.375149, +17 cols
    [CG]   [DIAG] iter=2 posCols=17 newCols=17 effImprove=17 updated=0
    [CG] CG iter 4: obj=169200057.784166, maxRC=4031606.828809, +6 cols
    [CG]   [DIAG] iter=4 posCols=6 newCols=6 effImprove=6 updated=0
    [CG] CG iter 4: obj=173290683.675185, maxRC=1138647.897277, +2 cols
    [CG]   [DIAG] iter=4 posCols=2 newCols=2 effImprove=2 updated=0
    [CG] CG iter 1: obj=142169648.575540, maxRC=59390175.106789, +23 cols
    [CG] CG iter 3: obj=166567989.227931, maxRC=6262989.824062, +12 cols
    [CG] 列生成收敛，共 5 轮迭代
    [CG] [CG-NODE] depth=0 exit=CERTIFIED certified=1 feasible=1 iters=5 generatedColsBeforeNode=0 newCols=58 posCandidates=58 duplicateCandidates=0 updatedCols=0 zeroObjImproveIters=0 objFirst=142597459.713381 objLast=173372151.586616 objGain=30774691.873234 maxRC=59519342.291743 wallSec=0.013047 pricingSec=0.008157 cplexSolveSec=0.002501
    [CG]   [DIAG] iter=3 posCols=12 newCols=12 effImprove=12 updated=0
    [CG] CG iter 5: obj=173417213.618440, maxRC=2235.853993, +1 cols
    [CG]   [DIAG] iter=5 posCols=1 newCols=1 effImprove=1 updated=0
    [CG] CG iter 2: obj=160232433.600227, maxRC=10553214.636986, +17 cols
    [CG]   [DIAG] iter=2 posCols=17 newCols=17 effImprove=17 updated=0
      [BB] 根节点即为整数解，obj=173372151.586616
    [CG]   [DIAG] iter=1 posCols=23 newCols=23 effImprove=23 updated=0
    [CG] 列生成收敛，共 6 轮迭代
    [CG] [CG-NODE] depth=0 exit=CERTIFIED certified=1 feasible=1 iters=6 generatedColsBeforeNode=0 newCols=53 posCandidates=53 duplicateCandidates=0 updatedCols=0 zeroObjImproveIters=1 objFirst=142583089.115335 objLast=173417213.618440 objGain=30834124.503105 maxRC=59493649.736825 wallSec=0.014554 pricingSec=0.009859 cplexSolveSec=0.002408
    [CG] CG iter 4: obj=169255562.367942, maxRC=4101869.234249, +5 cols
    [CG]   [DIAG] iter=4 posCols=5 newCols=5 effImprove=5 updated=0
      [BB] 根节点即为整数解，obj=173417213.618440
    [CG] 列生成收敛，共 5 轮迭代
    [CG] [CG-NODE] depth=0 exit=CERTIFIED certified=1 feasible=1 iters=5 generatedColsBeforeNode=0 newCols=57 posCandidates=57 duplicateCandidates=0 updatedCols=0 zeroObjImproveIters=0 objFirst=142409231.169142 objLast=173467675.419360 objGain=31058444.250218 maxRC=59494203.776341 wallSec=0.010987 pricingSec=0.007365 cplexSolveSec=0.001870
    [CG] CG iter 1: obj=143252469.193442, maxRC=59519779.058582, +23 cols
      [BB] 根节点即为整数解，obj=173467675.419360
    [CG]   [DIAG] iter=1 posCols=23 newCols=23 effImprove=23 updated=0
    [CG] CG iter 3: obj=166554579.903891, maxRC=6292142.835488, +11 cols
    [CG]   [DIAG] iter=3 posCols=11 newCols=11 effImprove=11 updated=0
    [CG] CG iter 4: obj=169188603.188954, maxRC=4129537.349787, +5 cols
    [CG]   [DIAG] iter=4 posCols=5 newCols=5 effImprove=5 updated=0
    [CG] CG iter 2: obj=159763770.829273, maxRC=10760417.496622, +17 cols
    [CG]   [DIAG] iter=2 posCols=17 newCols=17 effImprove=17 updated=0
    [CG] CG iter 2: obj=160620537.916478, maxRC=10623496.537295, +17 cols
    [CG]   [DIAG] iter=2 posCols=17 newCols=17 effImprove=17 updated=0
    [CG] 列生成收敛，共 5 轮迭代
    [CG] [CG-NODE] depth=0 exit=CERTIFIED certified=1 feasible=1 iters=5 generatedColsBeforeNode=0 newCols=56 posCandidates=56 duplicateCandidates=0 updatedCols=0 zeroObjImproveIters=0 objFirst=142454651.055692 objLast=173410815.461480 objGain=30956164.405787 maxRC=59346730.725081 wallSec=0.016532 pricingSec=0.011966 cplexSolveSec=0.002347
      [BB] 根节点即为整数解，obj=173410815.461480
    [CG] CG iter 3: obj=167012843.018598, maxRC=6254557.722141, +12 cols
    [CG]   [DIAG] iter=3 posCols=12 newCols=12 effImprove=12 updated=0
    [CG] CG iter 3: obj=166000672.235586, maxRC=6259178.927167, +12 cols
    [CG]   [DIAG] iter=3 posCols=12 newCols=12 effImprove=12 updated=0
    [CG] CG iter 4: obj=169710533.662415, maxRC=4142080.479653, +5 cols
    [CG]   [DIAG] iter=4 posCols=5 newCols=5 effImprove=5 updated=0
    [CG] CG iter 1: obj=142437473.809628, maxRC=59466798.529187, +23 cols
    [CG] 列生成收敛，共 5 轮迭代
    [CG] [CG-NODE] depth=0 exit=CERTIFIED certified=1 feasible=1 iters=5 generatedColsBeforeNode=0 newCols=57 posCandidates=57 duplicateCandidates=0 updatedCols=0 zeroObjImproveIters=0 objFirst=143252469.193442 objLast=173929581.575542 objGain=30677112.382100 maxRC=59519779.058582 wallSec=0.010777 pricingSec=0.007158 cplexSolveSec=0.001997
    [CG]   [DIAG] iter=1 posCols=23 newCols=23 effImprove=23 updated=0
      [BB] 根节点即为整数解，obj=173929581.575542
    [CG] CG iter 4: obj=168696550.152352, maxRC=4075088.165973, +6 cols
    [CG]   [DIAG] iter=4 posCols=6 newCols=6 effImprove=6 updated=0
    [CG] CG iter 2: obj=160200254.186745, maxRC=10602157.162521, +17 cols
    [CG]   [DIAG] iter=2 posCols=17 newCols=17 effImprove=17 updated=0
    [CG] 列生成收敛，共 5 轮迭代
    [CG] [CG-NODE] depth=0 exit=CERTIFIED certified=1 feasible=1 iters=5 generatedColsBeforeNode=0 newCols=58 posCandidates=58 duplicateCandidates=0 updatedCols=0 zeroObjImproveIters=0 objFirst=142169648.575540 objLast=172861382.615097 objGain=30691734.039557 maxRC=59390175.106789 wallSec=0.015800 pricingSec=0.010266 cplexSolveSec=0.003004
      [BB] 根节点即为整数解，obj=172861382.615097
    [CG] CG iter 3: obj=166460711.473791, maxRC=6245613.509860, +11 cols
    [CG]   [DIAG] iter=3 posCols=11 newCols=11 effImprove=11 updated=0
    [CG] CG iter 4: obj=169071430.622206, maxRC=4036762.687747, +5 cols
    [CG]   [DIAG] iter=4 posCols=5 newCols=5 effImprove=5 updated=0
    [CG] 列生成收敛，共 5 轮迭代
    [CG] [CG-NODE] depth=0 exit=CERTIFIED certified=1 feasible=1 iters=5 generatedColsBeforeNode=0 newCols=56 posCandidates=56 duplicateCandidates=0 updatedCols=0 zeroObjImproveIters=0 objFirst=142437473.809628 objLast=173320814.165326 objGain=30883340.355699 maxRC=59466798.529187 wallSec=0.010500 pricingSec=0.007095 cplexSolveSec=0.001926
      [BB] 根节点即为整数解，obj=173320814.165326
[GA] 代数 3: Best=173966657.22, Avg=173469191.55, Worst=172883684.85, Valid=30/30, 耗时=0.05s (连续3代未提升)
  ├─ 求解: 30 个体 fork 并行 | CG迭代=135 加列=1491 BB分支=0
  ├─ 并行墙钟=0.0537s | 串行等效(ΣBP)=0.3474s | 加速比=6.47x
  ├─ 管理开销=-0.2938s (fork=0.0041 wait=0.0492 merge=0.0004)
  └─ CG明细: gen_logs/run_gen3_ind{0..29}.log
    [CG] 列生成开始，初始列数=128
    [CG] 列生成开始，初始列数=128
    [CG] 列生成开始，初始列数=128
    [CG] 列生成开始，初始列数=128
    [CG] 列生成开始，初始列数=128
    [CG] 列生成开始，初始列数=128
    [CG] 列生成开始，初始列数=128
    [CG] 列生成开始，初始列数=128
    [CG] CG iter 1: obj=142402701.115897, maxRC=59494203.776341, +23 cols
    [CG]   [DIAG] iter=1 posCols=23 newCols=23 effImprove=23 updated=0
    [CG] CG iter 2: obj=160235519.157804, maxRC=10659182.375149, +17 cols
    [CG]   [DIAG] iter=2 posCols=17 newCols=17 effImprove=17 updated=0
    [CG] CG iter 3: obj=166564724.201309, maxRC=6264394.764508, +12 cols
    [CG]   [DIAG] iter=3 posCols=12 newCols=12 effImprove=12 updated=0
    [CG] CG iter 4: obj=169249032.314697, maxRC=4098827.970311, +5 cols
    [CG]   [DIAG] iter=4 posCols=5 newCols=5 effImprove=5 updated=0
    [CG] 列生成收敛，共 5 轮迭代
    [CG] [CG-NODE] depth=0 exit=CERTIFIED certified=1 feasible=1 iters=5 generatedColsBeforeNode=0 newCols=57 posCandidates=57 duplicateCandidates=0 updatedCols=0 zeroObjImproveIters=0 objFirst=142402701.115897 objLast=173461145.366115 objGain=31058444.250218 maxRC=59494203.776341 wallSec=0.008414 pricingSec=0.005555 cplexSolveSec=0.001532
      [BB] 根节点即为整数解，obj=173461145.366115
    [CG] CG iter 1: obj=142857014.124641, maxRC=59513484.602675, +23 cols
    [CG] CG iter 1: obj=143257922.368022, maxRC=59519752.128890, +23 cols
    [CG]   [DIAG] iter=1 posCols=23 newCols=23 effImprove=23 updated=0
    [CG]   [DIAG] iter=1 posCols=23 newCols=23 effImprove=23 updated=0
    [CG] CG iter 2: obj=160490841.763633, maxRC=10649134.867182, +17 cols
    [CG]   [DIAG] iter=2 posCols=17 newCols=17 effImprove=17 updated=0
    [CG] CG iter 2: obj=160624694.895294, maxRC=10623485.371715, +17 cols
    [CG] 列生成开始，初始列数=128
    [CG]   [DIAG] iter=2 posCols=17 newCols=17 effImprove=17 updated=0
    [CG] CG iter 1: obj=142520290.930550, maxRC=59494559.120427, +23 cols
    [CG]   [DIAG] iter=1 posCols=23 newCols=23 effImprove=23 updated=0
    [CG] CG iter 1: obj=142454582.501918, maxRC=59394182.664993, +23 cols
    [CG] CG iter 3: obj=166799465.423798, maxRC=6273486.777191, +11 cols
    [CG]   [DIAG] iter=1 posCols=23 newCols=23 effImprove=23 updated=0
    [CG]   [DIAG] iter=3 posCols=11 newCols=11 effImprove=11 updated=0
    [CG] CG iter 1: obj=143090662.411201, maxRC=59387916.604561, +23 cols
    [CG] CG iter 3: obj=167019015.278302, maxRC=6255295.270771, +12 cols
    [CG]   [DIAG] iter=3 posCols=12 newCols=12 effImprove=12 updated=0
    [CG]   [DIAG] iter=1 posCols=23 newCols=23 effImprove=23 updated=0
    [CG] CG iter 1: obj=142788828.866445, maxRC=59489276.591738, +23 cols
    [CG]   [DIAG] iter=1 posCols=23 newCols=23 effImprove=23 updated=0
    [CG] CG iter 4: obj=169446350.257066, maxRC=4072751.789558, +5 cols
    [CG]   [DIAG] iter=4 posCols=5 newCols=5 effImprove=5 updated=0
    [CG] CG iter 2: obj=160198111.162268, maxRC=10776176.350854, +17 cols
    [CG] CG iter 4: obj=169717443.470749, maxRC=4143805.047541, +5 cols
    [CG]   [DIAG] iter=4 posCols=5 newCols=5 effImprove=5 updated=0
    [CG]   [DIAG] iter=2 posCols=17 newCols=17 effImprove=17 updated=0
    [CG] 列生成收敛，共 5 轮迭代
    [CG] [CG-NODE] depth=0 exit=CERTIFIED certified=1 feasible=1 iters=5 generatedColsBeforeNode=0 newCols=56 posCandidates=56 duplicateCandidates=0 updatedCols=0 zeroObjImproveIters=0 objFirst=142857014.124641 objLast=173662105.835717 objGain=30805091.711076 maxRC=59513484.602675 wallSec=0.011655 pricingSec=0.007806 cplexSolveSec=0.001994
    [CG] CG iter 2: obj=160160799.529017, maxRC=10554482.874460, +17 cols
    [CG]   [DIAG] iter=2 posCols=17 newCols=17 effImprove=17 updated=0
    [CG] 列生成收敛，共 5 轮迭代
      [BB] 根节点即为整数解，obj=173662105.835717
    [CG] [CG-NODE] depth=0 exit=CERTIFIED certified=1 feasible=1 iters=5 generatedColsBeforeNode=0 newCols=57 posCandidates=57 duplicateCandidates=0 updatedCols=0 zeroObjImproveIters=0 objFirst=143257922.368022 objLast=173935839.558619 objGain=30677917.190597 maxRC=59519752.128890 wallSec=0.011689 pricingSec=0.007837 cplexSolveSec=0.001992
      [BB] 根节点即为整数解，obj=173935839.558619
    [CG] CG iter 2: obj=160380628.308933, maxRC=10538179.243194, +17 cols
    [CG]   [DIAG] iter=2 posCols=17 newCols=17 effImprove=17 updated=0
    [CG] CG iter 1: obj=142434578.423481, maxRC=59493461.770802, +23 cols
    [CG] CG iter 2: obj=160570130.838334, maxRC=10625474.045799, +17 cols
    [CG]   [DIAG] iter=2 posCols=17 newCols=17 effImprove=17 updated=0
    [CG] CG iter 3: obj=166449252.545498, maxRC=6266779.406849, +12 cols
    [CG]   [DIAG] iter=3 posCols=12 newCols=12 effImprove=12 updated=0
    [CG]   [DIAG] iter=1 posCols=23 newCols=23 effImprove=23 updated=0
    [CG] CG iter 3: obj=166360493.431089, maxRC=5717940.504990, +9 cols
    [CG]   [DIAG] iter=3 posCols=9 newCols=9 effImprove=9 updated=0
    [CG] CG iter 3: obj=166795794.583759, maxRC=6261276.524249, +12 cols
    [CG]   [DIAG] iter=3 posCols=12 newCols=12 effImprove=12 updated=0
    [CG] CG iter 4: obj=169136943.253513, maxRC=4050834.548403, +6 cols
    [CG]   [DIAG] iter=4 posCols=6 newCols=6 effImprove=6 updated=0
    [CG] CG iter 4: obj=173102043.216425, maxRC=1138632.450504, +2 cols
    [CG]   [DIAG] iter=4 posCols=2 newCols=2 effImprove=2 updated=0
    [CG] CG iter 3: obj=166883042.612956, maxRC=6287419.252061, +11 cols
    [CG]   [DIAG] iter=3 posCols=11 newCols=11 effImprove=11 updated=0
    [CG] 列生成开始，初始列数=128
    [CG] CG iter 4: obj=169500204.029684, maxRC=4204361.394552, +5 cols
    [CG]   [DIAG] iter=4 posCols=5 newCols=5 effImprove=5 updated=0
    [CG] CG iter 5: obj=173217066.386583, maxRC=80909.208611, +1 cols
    [CG] CG iter 2: obj=160466995.811755, maxRC=10658683.792267, +17 cols
    [CG]   [DIAG] iter=5 posCols=1 newCols=1 effImprove=1 updated=0
    [CG] 列生成收敛，共 5 轮迭代
    [CG] [CG-NODE] depth=0 exit=CERTIFIED certified=1 feasible=1 iters=5 generatedColsBeforeNode=0 newCols=58 posCandidates=58 duplicateCandidates=0 updatedCols=0 zeroObjImproveIters=0 objFirst=142520290.930550 objLast=173307034.334431 objGain=30786743.403882 maxRC=59494559.120427 wallSec=0.014200 pricingSec=0.009574 cplexSolveSec=0.002397
    [CG]   [DIAG] iter=2 posCols=17 newCols=17 effImprove=17 updated=0
      [BB] 根节点即为整数解，obj=173307034.334431
    [CG] 列生成收敛，共 6 轮迭代
    [CG] 列生成收敛，共 5 轮迭代
    [CG] [CG-NODE] depth=0 exit=CERTIFIED certified=1 feasible=1 iters=6 generatedColsBeforeNode=0 newCols=52 posCandidates=52 duplicateCandidates=0 updatedCols=0 zeroObjImproveIters=1 objFirst=142454582.501918 objLast=173217066.386583 objGain=30762483.884666 maxRC=59394182.664993 wallSec=0.014973 pricingSec=0.010136 cplexSolveSec=0.002637
    [CG] [CG-NODE] depth=0 exit=CERTIFIED certified=1 feasible=1 iters=5 generatedColsBeforeNode=0 newCols=57 posCandidates=57 duplicateCandidates=0 updatedCols=0 zeroObjImproveIters=0 objFirst=143090662.411201 objLast=173727603.826271 objGain=30636941.415070 maxRC=59387916.604561 wallSec=0.014306 pricingSec=0.009636 cplexSolveSec=0.002441
    [CG] CG iter 4: obj=169508895.637713, maxRC=4076421.558572, +5 cols
    [CG]   [DIAG] iter=4 posCols=5 newCols=5 effImprove=5 updated=0
      [BB] 根节点即为整数解，obj=173217066.386583
      [BB] 根节点即为整数解，obj=173727603.826271
    [CG] 列生成开始，初始列数=128
    [CG] CG iter 1: obj=142539788.589255, maxRC=59514891.418327, +23 cols
    [CG]   [DIAG] iter=1 posCols=23 newCols=23 effImprove=23 updated=0
    [CG] 列生成收敛，共 5 轮迭代
    [CG] [CG-NODE] depth=0 exit=CERTIFIED certified=1 feasible=1 iters=5 generatedColsBeforeNode=0 newCols=56 posCandidates=56 duplicateCandidates=0 updatedCols=0 zeroObjImproveIters=0 objFirst=142788828.866445 objLast=173724356.570349 objGain=30935527.703904 maxRC=59489276.591738 wallSec=0.015682 pricingSec=0.010559 cplexSolveSec=0.002706
    [CG] CG iter 3: obj=166705785.113586, maxRC=6315520.491007, +11 cols
    [CG]   [DIAG] iter=3 posCols=11 newCols=11 effImprove=11 updated=0
      [BB] 根节点即为整数解，obj=173724356.570349
    [CG] CG iter 2: obj=160271703.488689, maxRC=10788491.864728, +17 cols
    [CG]   [DIAG] iter=2 posCols=17 newCols=17 effImprove=17 updated=0
    [CG] CG iter 4: obj=169291724.483249, maxRC=4013382.889362, +5 cols
    [CG]   [DIAG] iter=4 posCols=5 newCols=5 effImprove=5 updated=0
    [CG] CG iter 3: obj=166482957.500940, maxRC=6273832.247236, +11 cols
    [CG]   [DIAG] iter=3 posCols=11 newCols=11 effImprove=11 updated=0
    [CG] 列生成收敛，共 5 轮迭代
    [CG] [CG-NODE] depth=0 exit=CERTIFIED certified=1 feasible=1 iters=5 generatedColsBeforeNode=0 newCols=56 posCandidates=56 duplicateCandidates=0 updatedCols=0 zeroObjImproveIters=0 objFirst=142434578.423481 objLast=173498997.008540 objGain=31064418.585059 maxRC=59493461.770802 wallSec=0.017123 pricingSec=0.011608 cplexSolveSec=0.002893
      [BB] 根节点即为整数解，obj=173498997.008540
    [CG] CG iter 4: obj=169138839.970837, maxRC=4008239.155181, +5 cols
    [CG] 列生成开始，初始列数=128
    [CG]   [DIAG] iter=4 posCols=5 newCols=5 effImprove=5 updated=0
    [CG] 列生成开始，初始列数=128
    [CG] CG iter 5: obj=173311187.731155, maxRC=3465.012015, +1 cols
    [CG]   [DIAG] iter=5 posCols=1 newCols=1 effImprove=1 updated=0
    [CG] 列生成开始，初始列数=128
    [CG] 列生成开始，初始列数=128
    [CG] 列生成收敛，共 6 轮迭代
    [CG] [CG-NODE] depth=0 exit=CERTIFIED certified=1 feasible=1 iters=6 generatedColsBeforeNode=0 newCols=57 posCandidates=57 duplicateCandidates=0 updatedCols=0 zeroObjImproveIters=1 objFirst=142539788.589255 objLast=173311187.731155 objGain=30771399.141900 maxRC=59514891.418327 wallSec=0.009727 pricingSec=0.006437 cplexSolveSec=0.001858
      [BB] 根节点即为整数解，obj=173311187.731155
    [CG] 列生成开始，初始列数=128
    [CG] 列生成开始，初始列数=128
    [CG] CG iter 1: obj=142780036.943313, maxRC=59494010.230227, +23 cols
    [CG]   [DIAG] iter=1 posCols=23 newCols=23 effImprove=23 updated=0
    [CG] CG iter 2: obj=160430670.504775, maxRC=10641931.762739, +17 cols
    [CG]   [DIAG] iter=2 posCols=17 newCols=17 effImprove=17 updated=0
    [CG] CG iter 1: obj=143259819.395123, maxRC=59519752.128890, +23 cols
    [CG]   [DIAG] iter=1 posCols=23 newCols=23 effImprove=23 updated=0
    [CG] CG iter 1: obj=142125350.058248, maxRC=59496676.788506, +23 cols
    [CG] CG iter 3: obj=166804669.881049, maxRC=6254873.868768, +12 cols
    [CG]   [DIAG] iter=3 posCols=12 newCols=12 effImprove=12 updated=0
    [CG]   [DIAG] iter=1 posCols=23 newCols=23 effImprove=23 updated=0
    [CG] CG iter 2: obj=160626594.202328, maxRC=10623485.371715, +17 cols
    [CG]   [DIAG] iter=2 posCols=17 newCols=17 effImprove=17 updated=0
    [CG] CG iter 4: obj=169510057.664314, maxRC=4136314.987156, +5 cols
    [CG]   [DIAG] iter=4 posCols=5 newCols=5 effImprove=5 updated=0
    [CG] CG iter 1: obj=142823504.448516, maxRC=59492532.429094, +23 cols
    [CG] CG iter 3: obj=167020913.445370, maxRC=6255296.410737, +12 cols
    [CG]   [DIAG] iter=3 posCols=12 newCols=12 effImprove=12 updated=0
    [CG]   [DIAG] iter=1 posCols=23 newCols=23 effImprove=23 updated=0
    [CG] CG iter 2: obj=160119537.323203, maxRC=10799082.126919, +17 cols
    [CG]   [DIAG] iter=2 posCols=17 newCols=17 effImprove=17 updated=0
    [CG] 列生成收敛，共 5 轮迭代
    [CG] [CG-NODE] depth=0 exit=CERTIFIED certified=1 feasible=1 iters=5 generatedColsBeforeNode=0 newCols=57 posCandidates=57 duplicateCandidates=0 updatedCols=0 zeroObjImproveIters=0 objFirst=142780036.943313 objLast=173722994.176595 objGain=30942957.233282 maxRC=59494010.230227 wallSec=0.015821 pricingSec=0.010974 cplexSolveSec=0.002863
    [CG] CG iter 1: obj=142443325.927161, maxRC=59496256.709084, +23 cols
    [CG] CG iter 4: obj=169719342.777783, maxRC=4143805.047541, +5 cols
    [CG]   [DIAG] iter=4 posCols=5 newCols=5 effImprove=5 updated=0
    [CG] CG iter 1: obj=142808502.380653, maxRC=59497593.772325, +23 cols
    [CG]   [DIAG] iter=1 posCols=23 newCols=23 effImprove=23 updated=0
      [BB] 根节点即为整数解，obj=173722994.176595
    [CG]   [DIAG] iter=1 posCols=23 newCols=23 effImprove=23 updated=0
    [CG] CG iter 1: obj=142926457.053956, maxRC=59517172.814206, +23 cols
    [CG] CG iter 2: obj=160462975.807735, maxRC=10636105.927211, +17 cols
    [CG] 列生成收敛，共 5 轮迭代
    [CG] CG iter 1: obj=143259849.638033, maxRC=59519752.128890, +23 cols
    [CG] [CG-NODE] depth=0 exit=CERTIFIED certified=1 feasible=1 iters=5 generatedColsBeforeNode=0 newCols=57 posCandidates=57 duplicateCandidates=0 updatedCols=0 zeroObjImproveIters=0 objFirst=143259819.395123 objLast=173937738.865653 objGain=30677919.470530 maxRC=59519752.128890 wallSec=0.012328 pricingSec=0.008400 cplexSolveSec=0.002171
    [CG]   [DIAG] iter=2 posCols=17 newCols=17 effImprove=17 updated=0
    [CG]   [DIAG] iter=1 posCols=23 newCols=23 effImprove=23 updated=0
      [BB] 根节点即为整数解，obj=173937738.865653
    [CG]   [DIAG] iter=1 posCols=23 newCols=23 effImprove=23 updated=0
    [CG] CG iter 2: obj=160235519.157804, maxRC=10659182.375149, +17 cols
    [CG]   [DIAG] iter=2 posCols=17 newCols=17 effImprove=17 updated=0
    [CG] CG iter 3: obj=166355287.284828, maxRC=6272651.991922, +12 cols
    [CG]   [DIAG] iter=3 posCols=12 newCols=12 effImprove=12 updated=0
    [CG] CG iter 2: obj=160596413.766868, maxRC=10662334.019237, +17 cols
    [CG]   [DIAG] iter=2 posCols=17 newCols=17 effImprove=17 updated=0
    [CG] CG iter 3: obj=166762237.142320, maxRC=6287821.556736, +11 cols
    [CG]   [DIAG] iter=3 posCols=11 newCols=11 effImprove=11 updated=0
    [CG] CG iter 2: obj=160308974.326290, maxRC=10621603.776727, +17 cols
    [CG]   [DIAG] iter=2 posCols=17 newCols=17 effImprove=17 updated=0
    [CG] CG iter 2: obj=160626622.165305, maxRC=10623485.371715, +17 cols
    [CG] CG iter 4: obj=169033558.556793, maxRC=4030275.551626, +6 cols
    [CG]   [DIAG] iter=4 posCols=6 newCols=6 effImprove=6 updated=0
    [CG]   [DIAG] iter=2 posCols=17 newCols=17 effImprove=17 updated=0
    [CG] CG iter 3: obj=166567989.227931, maxRC=6262989.824062, +12 cols
    [CG]   [DIAG] iter=3 posCols=12 newCols=12 effImprove=12 updated=0
    [CG] CG iter 3: obj=166951813.307776, maxRC=6258742.704641, +11 cols
    [CG]   [DIAG] iter=3 posCols=11 newCols=11 effImprove=11 updated=0
    [CG] 列生成收敛，共 5 轮迭代
    [CG] CG iter 4: obj=169391778.138864, maxRC=4069425.326179, +5 cols
    [CG] [CG-NODE] depth=0 exit=CERTIFIED certified=1 feasible=1 iters=5 generatedColsBeforeNode=0 newCols=58 posCandidates=58 duplicateCandidates=0 updatedCols=0 zeroObjImproveIters=0 objFirst=142125350.058248 objLast=173198319.858401 objGain=31072969.800153 maxRC=59496676.788506 wallSec=0.018701 pricingSec=0.012940 cplexSolveSec=0.003154
    [CG] 列生成开始，初始列数=128
    [CG]   [DIAG] iter=4 posCols=5 newCols=5 effImprove=5 updated=0
    [CG] 列生成开始，初始列数=128
    [CG] CG iter 3: obj=166694174.394354, maxRC=6264247.841208, +12 cols
      [BB] 根节点即为整数解，obj=173198319.858401
    [CG]   [DIAG] iter=3 posCols=12 newCols=12 effImprove=12 updated=0
    [CG] CG iter 3: obj=167020942.548313, maxRC=6255295.270771, +12 cols
    [CG]   [DIAG] iter=3 posCols=12 newCols=12 effImprove=12 updated=0
    [CG] CG iter 4: obj=169635527.956814, maxRC=4112703.037973, +5 cols
    [CG]   [DIAG] iter=4 posCols=5 newCols=5 effImprove=5 updated=0
    [CG] CG iter 4: obj=169255562.367942, maxRC=4101869.234249, +5 cols
    [CG] 列生成收敛，共 5 轮迭代
    [CG]   [DIAG] iter=4 posCols=5 newCols=5 effImprove=5 updated=0
    [CG] [CG-NODE] depth=0 exit=CERTIFIED certified=1 feasible=1 iters=5 generatedColsBeforeNode=0 newCols=56 posCandidates=56 duplicateCandidates=0 updatedCols=0 zeroObjImproveIters=0 objFirst=142823504.448516 objLast=173605375.199027 objGain=30781870.750511 maxRC=59492532.429094 wallSec=0.014016 pricingSec=0.009553 cplexSolveSec=0.002653
    [CG] CG iter 4: obj=169401555.157237, maxRC=4144552.492904, +5 cols
    [CG]   [DIAG] iter=4 posCols=5 newCols=5 effImprove=5 updated=0
      [BB] 根节点即为整数解，obj=173605375.199027
    [CG] CG iter 4: obj=169719370.740760, maxRC=4143805.047541, +5 cols
    [CG]   [DIAG] iter=4 posCols=5 newCols=5 effImprove=5 updated=0
    [CG] 列生成收敛，共 5 轮迭代
    [CG] [CG-NODE] depth=0 exit=CERTIFIED certified=1 feasible=1 iters=5 generatedColsBeforeNode=0 newCols=56 posCandidates=56 duplicateCandidates=0 updatedCols=0 zeroObjImproveIters=0 objFirst=142808502.380653 objLast=173842121.648816 objGain=31033619.268163 maxRC=59497593.772325 wallSec=0.017587 pricingSec=0.012033 cplexSolveSec=0.002985
    [CG] 列生成收敛，共 5 轮迭代
    [CG] [CG-NODE] depth=0 exit=CERTIFIED certified=1 feasible=1 iters=5 generatedColsBeforeNode=0 newCols=57 posCandidates=57 duplicateCandidates=0 updatedCols=0 zeroObjImproveIters=0 objFirst=142926457.053956 objLast=173620197.616720 objGain=30693740.562764 maxRC=59517172.814206 wallSec=0.017418 pricingSec=0.011927 cplexSolveSec=0.002893
      [BB] 根节点即为整数解，obj=173842121.648816
    [CG] 列生成收敛，共 5 轮迭代
    [CG] [CG-NODE] depth=0 exit=CERTIFIED certified=1 feasible=1 iters=5 generatedColsBeforeNode=0 newCols=57 posCandidates=57 duplicateCandidates=0 updatedCols=0 zeroObjImproveIters=0 objFirst=142443325.927161 objLast=173467675.419360 objGain=31024349.492199 maxRC=59496256.709084 wallSec=0.013871 pricingSec=0.009223 cplexSolveSec=0.002668
    [CG] 列生成收敛，共 5 轮迭代
      [BB] 根节点即为整数解，obj=173620197.616720
    [CG] [CG-NODE] depth=0 exit=CERTIFIED certified=1 feasible=1 iters=5 generatedColsBeforeNode=0 newCols=57 posCandidates=57 duplicateCandidates=0 updatedCols=0 zeroObjImproveIters=0 objFirst=143259849.638033 objLast=173937766.828630 objGain=30677917.190597 maxRC=59519752.128890 wallSec=0.017503 pricingSec=0.011979 cplexSolveSec=0.002938
      [BB] 根节点即为整数解，obj=173467675.419360
      [BB] 根节点即为整数解，obj=173937766.828630
    [CG] 列生成开始，初始列数=128
    [CG] 列生成开始，初始列数=128
    [CG] 列生成开始，初始列数=128
    [CG] CG iter 1: obj=142914071.120932, maxRC=59512668.663326, +23 cols
    [CG] 列生成开始，初始列数=128
    [CG]   [DIAG] iter=1 posCols=23 newCols=23 effImprove=23 updated=0
    [CG] 列生成开始，初始列数=128
    [CG] 列生成开始，初始列数=128
    [CG] CG iter 2: obj=160413541.586144, maxRC=10619772.340327, +17 cols
    [CG]   [DIAG] iter=2 posCols=17 newCols=17 effImprove=17 updated=0
    [CG] CG iter 3: obj=166731373.716522, maxRC=6260942.902084, +11 cols
    [CG]   [DIAG] iter=3 posCols=11 newCols=11 effImprove=11 updated=0
    [CG] CG iter 4: obj=169371381.074446, maxRC=4076106.937321, +5 cols
    [CG]   [DIAG] iter=4 posCols=5 newCols=5 effImprove=5 updated=0
    [CG] CG iter 1: obj=142934968.571122, maxRC=59507594.656705, +23 cols
    [CG] 列生成收敛，共 5 轮迭代
    [CG] [CG-NODE] depth=0 exit=CERTIFIED certified=1 feasible=1 iters=5 generatedColsBeforeNode=0 newCols=56 posCandidates=56 duplicateCandidates=0 updatedCols=0 zeroObjImproveIters=0 objFirst=142914071.120932 objLast=173601773.104880 objGain=30687701.983948 maxRC=59512668.663326 wallSec=0.008569 pricingSec=0.005581 cplexSolveSec=0.001544
    [CG]   [DIAG] iter=1 posCols=23 newCols=23 effImprove=23 updated=0
      [BB] 根节点即为整数解，obj=173601773.104880
    [CG] CG iter 2: obj=160617831.411984, maxRC=10632068.904233, +17 cols
    [CG]   [DIAG] iter=2 posCols=17 newCols=17 effImprove=17 updated=0
    [CG] CG iter 1: obj=142917803.722078, maxRC=59517406.705583, +23 cols
    [CG] CG iter 3: obj=166952390.025430, maxRC=6277904.546224, +11 cols
    [CG]   [DIAG] iter=3 posCols=11 newCols=11 effImprove=11 updated=0
    [CG]   [DIAG] iter=1 posCols=23 newCols=23 effImprove=23 updated=0
    [CG] CG iter 4: obj=169596404.192825, maxRC=4089548.541698, +5 cols
    [CG]   [DIAG] iter=4 posCols=5 newCols=5 effImprove=5 updated=0
    [CG] 列生成收敛，共 5 轮迭代
    [CG] [CG-NODE] depth=0 exit=CERTIFIED certified=1 feasible=1 iters=5 generatedColsBeforeNode=0 newCols=56 posCandidates=56 duplicateCandidates=0 updatedCols=0 zeroObjImproveIters=0 objFirst=142934968.571122 objLast=173812234.399114 objGain=30877265.827993 maxRC=59507594.656705 wallSec=0.008581 pricingSec=0.005629 cplexSolveSec=0.001558
      [BB] 根节点即为整数解，obj=173812234.399114
    [CG] 列生成开始，初始列数=128
    [CG] CG iter 2: obj=160422012.947218, maxRC=10622975.469754, +17 cols
    [CG]   [DIAG] iter=2 posCols=17 newCols=17 effImprove=17 updated=0
    [CG] CG iter 3: obj=166739077.262346, maxRC=6260745.034857, +11 cols
    [CG]   [DIAG] iter=3 posCols=11 newCols=11 effImprove=11 updated=0
    [CG] CG iter 1: obj=142570564.943643, maxRC=59493649.736825, +23 cols
    [CG]   [DIAG] iter=1 posCols=23 newCols=23 effImprove=23 updated=0
    [CG] CG iter 1: obj=142252828.139508, maxRC=59496676.788506, +23 cols
    [CG] CG iter 1: obj=142224399.476013, maxRC=59165273.195382, +23 cols
    [CG] CG iter 4: obj=169378886.753043, maxRC=4073930.949010, +5 cols
    [CG]   [DIAG] iter=1 posCols=23 newCols=23 effImprove=23 updated=0
    [CG]   [DIAG] iter=4 posCols=5 newCols=5 effImprove=5 updated=0
    [CG]   [DIAG] iter=1 posCols=23 newCols=23 effImprove=23 updated=0
    [CG] 列生成收敛，共 5 轮迭代
    [CG] [CG-NODE] depth=0 exit=CERTIFIED certified=1 feasible=1 iters=5 generatedColsBeforeNode=0 newCols=56 posCandidates=56 duplicateCandidates=0 updatedCols=0 zeroObjImproveIters=0 objFirst=142917803.722078 objLast=173609004.740360 objGain=30691201.018282 maxRC=59517406.705583 wallSec=0.016756 pricingSec=0.011236 cplexSolveSec=0.003193
    [CG] CG iter 2: obj=160329094.383145, maxRC=10618535.571131, +17 cols
    [CG] CG iter 1: obj=142276736.671193, maxRC=59498120.896805, +23 cols
    [CG]   [DIAG] iter=2 posCols=17 newCols=17 effImprove=17 updated=0
      [BB] 根节点即为整数解，obj=173609004.740360
    [CG] CG iter 2: obj=159692185.541758, maxRC=10409237.541874, +17 cols
    [CG] CG iter 1: obj=142864722.013317, maxRC=59493461.770802, +23 cols
    [CG]   [DIAG] iter=2 posCols=17 newCols=17 effImprove=17 updated=0
    [CG]   [DIAG] iter=1 posCols=23 newCols=23 effImprove=23 updated=0
    [CG] CG iter 2: obj=160120894.639582, maxRC=9543483.089881, +17 cols
    [CG]   [DIAG] iter=1 posCols=23 newCols=23 effImprove=23 updated=0
    [CG]   [DIAG] iter=2 posCols=17 newCols=17 effImprove=17 updated=0
    [CG] CG iter 3: obj=166528890.541894, maxRC=5747481.205991, +10 cols
    [CG]   [DIAG] iter=3 posCols=10 newCols=10 effImprove=10 updated=0
    [CG] CG iter 3: obj=165998500.952345, maxRC=6259152.556670, +11 cols
    [CG]   [DIAG] iter=3 posCols=11 newCols=11 effImprove=11 updated=0
    [CG] CG iter 2: obj=160119537.323203, maxRC=9543483.089881, +17 cols
    [CG]   [DIAG] iter=2 posCols=17 newCols=17 effImprove=17 updated=0
    [CG] CG iter 4: obj=173296154.075517, maxRC=1138647.897277, +2 cols
    [CG] CG iter 3: obj=165988137.255518, maxRC=7333925.237107, +15 cols
    [CG]   [DIAG] iter=4 posCols=2 newCols=2 effImprove=2 updated=0
    [CG] CG iter 2: obj=160609003.157642, maxRC=10621105.193845, +17 cols
    [CG] CG iter 4: obj=168611171.641107, maxRC=4169311.476096, +5 cols
    [CG]   [DIAG] iter=3 posCols=15 newCols=15 effImprove=15 updated=0
    [CG]   [DIAG] iter=4 posCols=5 newCols=5 effImprove=5 updated=0
    [CG]   [DIAG] iter=2 posCols=17 newCols=17 effImprove=17 updated=0
    [CG] 列生成收敛，共 5 轮迭代
    [CG] [CG-NODE] depth=0 exit=CERTIFIED certified=1 feasible=1 iters=5 generatedColsBeforeNode=0 newCols=52 posCandidates=52 duplicateCandidates=0 updatedCols=0 zeroObjImproveIters=0 objFirst=142570564.943643 objLast=173415019.645162 objGain=30844454.701518 maxRC=59493649.736825 wallSec=0.015036 pricingSec=0.010189 cplexSolveSec=0.002729
    [CG] 列生成收敛，共 5 轮迭代
    [CG] [CG-NODE] depth=0 exit=CERTIFIED certified=1 feasible=1 iters=5 generatedColsBeforeNode=0 newCols=56 posCandidates=56 duplicateCandidates=0 updatedCols=0 zeroObjImproveIters=0 objFirst=142224399.476013 objLast=172881089.162844 objGain=30656689.686831 maxRC=59165273.195382 wallSec=0.015198 pricingSec=0.010055 cplexSolveSec=0.002743
      [BB] 根节点即为整数解，obj=173415019.645162
      [BB] 根节点即为整数解，obj=172881089.162844
    [CG] CG iter 4: obj=173322062.492624, maxRC=1588050.043132, +7 cols
    [CG]   [DIAG] iter=4 posCols=7 newCols=7 effImprove=7 updated=0
    [CG] CG iter 3: obj=165988725.849735, maxRC=7334286.431378, +15 cols
    [CG]   [DIAG] iter=3 posCols=15 newCols=15 effImprove=15 updated=0
    [CG] CG iter 3: obj=167003792.071189, maxRC=6255467.486199, +12 cols
    [CG]   [DIAG] iter=3 posCols=12 newCols=12 effImprove=12 updated=0
    [CG] CG iter 5: obj=173322062.492624, maxRC=236993.084160, +1 cols
    [CG]   [DIAG] iter=5 posCols=1 newCols=1 effImprove=1 updated=0
    [CG] CG iter 4: obj=173323012.281113, maxRC=1586126.558586, +7 cols
    [CG]   [DIAG] iter=4 posCols=7 newCols=7 effImprove=7 updated=0
    [CG] CG iter 4: obj=169702392.479064, maxRC=4145305.101376, +5 cols
    [CG] 列生成收敛，共 6 轮迭代
    [CG]   [DIAG] iter=4 posCols=5 newCols=5 effImprove=5 updated=0
    [CG] [CG-NODE] depth=0 exit=CERTIFIED certified=1 feasible=1 iters=6 generatedColsBeforeNode=0 newCols=63 posCandidates=63 duplicateCandidates=0 updatedCols=0 zeroObjImproveIters=2 objFirst=142252828.139508 objLast=173322062.492624 objGain=31069234.353117 maxRC=59496676.788506 wallSec=0.016820 pricingSec=0.011524 cplexSolveSec=0.002946
      [BB] 根节点即为整数解，obj=173322062.492624
    [CG] CG iter 5: obj=173323012.281113, maxRC=238129.883379, +1 cols
    [CG] 列生成收敛，共 5 轮迭代
    [CG]   [DIAG] iter=5 posCols=1 newCols=1 effImprove=1 updated=0
    [CG] [CG-NODE] depth=0 exit=CERTIFIED certified=1 feasible=1 iters=5 generatedColsBeforeNode=0 newCols=57 posCandidates=57 duplicateCandidates=0 updatedCols=0 zeroObjImproveIters=0 objFirst=142864722.013317 objLast=173920939.042767 objGain=31056217.029450 maxRC=59493461.770802 wallSec=0.016902 pricingSec=0.011673 cplexSolveSec=0.002784
      [BB] 根节点即为整数解，obj=173920939.042767
    [CG] 列生成收敛，共 6 轮迭代
    [CG] [CG-NODE] depth=0 exit=CERTIFIED certified=1 feasible=1 iters=6 generatedColsBeforeNode=0 newCols=63 posCandidates=63 duplicateCandidates=0 updatedCols=0 zeroObjImproveIters=2 objFirst=142276736.671193 objLast=173323012.281113 objGain=31046275.609920 maxRC=59498120.896805 wallSec=0.018305 pricingSec=0.012272 cplexSolveSec=0.003194
      [BB] 根节点即为整数解，obj=173323012.281113
    [CG] CG iter 1: obj=143037665.633596, maxRC=59519752.128890, +23 cols
    [CG]   [DIAG] iter=1 posCols=23 newCols=23 effImprove=23 updated=0
    [CG] CG iter 2: obj=160484928.057241, maxRC=10661063.970137, +17 cols
    [CG]   [DIAG] iter=2 posCols=17 newCols=17 effImprove=17 updated=0
    [CG] CG iter 3: obj=166830615.328036, maxRC=6268550.337789, +12 cols
    [CG]   [DIAG] iter=3 posCols=12 newCols=12 effImprove=12 updated=0
    [CG] CG iter 4: obj=169523748.981774, maxRC=4112680.349153, +5 cols
    [CG]   [DIAG] iter=4 posCols=5 newCols=5 effImprove=5 updated=0
    [CG] 列生成收敛，共 5 轮迭代
    [CG] [CG-NODE] depth=0 exit=CERTIFIED certified=1 feasible=1 iters=5 generatedColsBeforeNode=0 newCols=57 posCandidates=57 duplicateCandidates=0 updatedCols=0 zeroObjImproveIters=0 objFirst=143037665.633596 objLast=173730871.031233 objGain=30693205.397637 maxRC=59519752.128890 wallSec=0.019112 pricingSec=0.013079 cplexSolveSec=0.003396
      [BB] 根节点即为整数解，obj=173730871.031233
[GA] 代数 4: Best=173966657.22, Avg=173611139.77, Worst=172909974.85, Valid=30/30, 耗时=0.06s (连续4代未提升)
  ├─ 求解: 30 个体 fork 并行 | CG迭代=134 加列=1477 BB分支=0
  ├─ 并行墙钟=0.0627s | 串行等效(ΣBP)=0.3877s | 加速比=6.19x
  ├─ 管理开销=-0.3251s (fork=0.0040 wait=0.0581 merge=0.0004)
  └─ CG明细: gen_logs/run_gen4_ind{0..29}.log
    [CG] 列生成开始，初始列数=128
    [CG] 列生成开始，初始列数=128
    [CG] 列生成开始，初始列数=128
    [CG] 列生成开始，初始列数=128
    [CG] 列生成开始，初始列数=128
    [CG] 列生成开始，初始列数=128
    [CG] 列生成开始，初始列数=128
    [CG] 列生成开始，初始列数=128
    [CG] CG iter 1: obj=142699796.902159, maxRC=59493461.770802, +23 cols
    [CG]   [DIAG] iter=1 posCols=23 newCols=23 effImprove=23 updated=0
    [CG] CG iter 1: obj=142423408.093230, maxRC=59493461.770802, +23 cols
    [CG] CG iter 1: obj=142829518.309992, maxRC=59493278.714805, +23 cols
    [CG]   [DIAG] iter=1 posCols=23 newCols=23 effImprove=23 updated=0
    [CG]   [DIAG] iter=1 posCols=23 newCols=23 effImprove=23 updated=0
    [CG] CG iter 2: obj=160478166.651182, maxRC=10658683.792267, +17 cols
    [CG]   [DIAG] iter=2 posCols=17 newCols=17 effImprove=17 updated=0
    [CG] CG iter 2: obj=160241092.482497, maxRC=10658683.792267, +17 cols
    [CG]   [DIAG] iter=2 posCols=17 newCols=17 effImprove=17 updated=0
    [CG] CG iter 1: obj=142864724.559009, maxRC=59493461.770802, +23 cols
    [CG]   [DIAG] iter=1 posCols=23 newCols=23 effImprove=23 updated=0
    [CG] CG iter 2: obj=160584811.949905, maxRC=10621105.193845, +17 cols
    [CG]   [DIAG] iter=2 posCols=17 newCols=17 effImprove=17 updated=0
    [CG] CG iter 1: obj=143012800.592108, maxRC=59387916.604561, +23 cols
    [CG] CG iter 1: obj=142777576.319443, maxRC=59489276.591738, +23 cols
    [CG] CG iter 1: obj=142797410.043528, maxRC=59497593.772325, +23 cols
    [CG]   [DIAG] iter=1 posCols=23 newCols=23 effImprove=23 updated=0
    [CG]   [DIAG] iter=1 posCols=23 newCols=23 effImprove=23 updated=0
    [CG] CG iter 3: obj=166843991.407693, maxRC=6260446.247355, +12 cols
    [CG] CG iter 3: obj=166587248.283832, maxRC=6268722.553217, +12 cols
    [CG]   [DIAG] iter=3 posCols=12 newCols=12 effImprove=12 updated=0
    [CG]   [DIAG] iter=3 posCols=12 newCols=12 effImprove=12 updated=0
    [CG]   [DIAG] iter=1 posCols=23 newCols=23 effImprove=23 updated=0
    [CG] CG iter 1: obj=142823320.765159, maxRC=59492532.429094, +23 cols
    [CG]   [DIAG] iter=1 posCols=23 newCols=23 effImprove=23 updated=0
    [CG] CG iter 3: obj=166965968.396933, maxRC=6249807.207001, +12 cols
    [CG] CG iter 2: obj=160609005.216281, maxRC=10621105.193845, +17 cols
    [CG]   [DIAG] iter=3 posCols=12 newCols=12 effImprove=12 updated=0
    [CG]   [DIAG] iter=2 posCols=17 newCols=17 effImprove=17 updated=0
    [CG] CG iter 4: obj=169280554.152998, maxRC=4114180.402988, +5 cols
    [CG]   [DIAG] iter=4 posCols=5 newCols=5 effImprove=5 updated=0
    [CG] CG iter 4: obj=169556955.923386, maxRC=4132271.279747, +5 cols
    [CG]   [DIAG] iter=4 posCols=5 newCols=5 effImprove=5 updated=0
    [CG] CG iter 2: obj=160558878.291331, maxRC=10625474.045799, +17 cols
    [CG] 列生成收敛，共 5 轮迭代
    [CG] CG iter 2: obj=160324048.364625, maxRC=10612060.298903, +17 cols
    [CG] [CG-NODE] depth=0 exit=CERTIFIED certified=1 feasible=1 iters=5 generatedColsBeforeNode=0 newCols=57 posCandidates=57 duplicateCandidates=0 updatedCols=0 zeroObjImproveIters=0 objFirst=142423408.093230 objLast=173487826.678289 objGain=31064418.585059 maxRC=59493461.770802 wallSec=0.015550 pricingSec=0.010389 cplexSolveSec=0.002694
    [CG] CG iter 4: obj=169658908.525609, maxRC=4133315.229392, +5 cols
    [CG]   [DIAG] iter=2 posCols=17 newCols=17 effImprove=17 updated=0
    [CG]   [DIAG] iter=4 posCols=5 newCols=5 effImprove=5 updated=0
    [CG]   [DIAG] iter=2 posCols=17 newCols=17 effImprove=17 updated=0
      [BB] 根节点即为整数解，obj=173487826.678289
    [CG] CG iter 2: obj=160585296.512476, maxRC=10662334.019237, +17 cols
    [CG] 列生成收敛，共 5 轮迭代
    [CG] [CG-NODE] depth=0 exit=CERTIFIED certified=1 feasible=1 iters=5 generatedColsBeforeNode=0 newCols=57 posCandidates=57 duplicateCandidates=0 updatedCols=0 zeroObjImproveIters=0 objFirst=142699796.902159 objLast=173764222.855299 objGain=31064425.953139 maxRC=59493461.770802 wallSec=0.015726 pricingSec=0.010412 cplexSolveSec=0.002912
    [CG]   [DIAG] iter=2 posCols=17 newCols=17 effImprove=17 updated=0
    [CG] CG iter 3: obj=167003796.494263, maxRC=6255469.363581, +12 cols
    [CG] CG iter 2: obj=160462842.350272, maxRC=10636280.984717, +17 cols
      [BB] 根节点即为整数解，obj=173764222.855299
    [CG]   [DIAG] iter=3 posCols=12 newCols=12 effImprove=12 updated=0
    [CG] 列生成收敛，共 5 轮迭代
    [CG]   [DIAG] iter=2 posCols=17 newCols=17 effImprove=17 updated=0
    [CG] [CG-NODE] depth=0 exit=CERTIFIED certified=1 feasible=1 iters=5 generatedColsBeforeNode=0 newCols=57 posCandidates=57 duplicateCandidates=0 updatedCols=0 zeroObjImproveIters=0 objFirst=142829518.309992 objLast=173882317.923538 objGain=31052799.613545 maxRC=59493278.714805 wallSec=0.015795 pricingSec=0.010534 cplexSolveSec=0.002818
      [BB] 根节点即为整数解，obj=173882317.923538
    [CG] CG iter 3: obj=166871790.065953, maxRC=6287419.252061, +11 cols
    [CG]   [DIAG] iter=3 posCols=11 newCols=11 effImprove=11 updated=0
    [CG] CG iter 3: obj=166705582.329314, maxRC=6251092.542617, +12 cols
    [CG] CG iter 4: obj=169702398.779520, maxRC=4145307.676079, +5 cols
    [CG]   [DIAG] iter=3 posCols=12 newCols=12 effImprove=12 updated=0
    [CG]   [DIAG] iter=4 posCols=5 newCols=5 effImprove=5 updated=0
    [CG] CG iter 3: obj=166940708.512017, maxRC=6258730.246008, +11 cols
    [CG]   [DIAG] iter=3 posCols=11 newCols=11 effImprove=11 updated=0
    [CG] CG iter 3: obj=166762024.098465, maxRC=6287797.427823, +11 cols
    [CG]   [DIAG] iter=3 posCols=11 newCols=11 effImprove=11 updated=0
    [CG] CG iter 4: obj=169497643.090710, maxRC=4076421.558572, +5 cols
    [CG] 列生成收敛，共 5 轮迭代
    [CG] [CG-NODE] depth=0 exit=CERTIFIED certified=1 feasible=1 iters=5 generatedColsBeforeNode=0 newCols=57 posCandidates=57 duplicateCandidates=0 updatedCols=0 zeroObjImproveIters=0 objFirst=142864724.559009 objLast=173920943.799961 objGain=31056219.240952 maxRC=59493461.770802 wallSec=0.018442 pricingSec=0.012401 cplexSolveSec=0.003240
    [CG]   [DIAG] iter=4 posCols=5 newCols=5 effImprove=5 updated=0
    [CG] CG iter 4: obj=169422342.210591, maxRC=4181826.977567, +7 cols
      [BB] 根节点即为整数解，obj=173920943.799961
    [CG]   [DIAG] iter=4 posCols=7 newCols=7 effImprove=7 updated=0
    [CG] CG iter 4: obj=169624410.702422, maxRC=4112703.037973, +5 cols
    [CG]   [DIAG] iter=4 posCols=5 newCols=5 effImprove=5 updated=0
    [CG] 列生成收敛，共 5 轮迭代
    [CG] [CG-NODE] depth=0 exit=CERTIFIED certified=1 feasible=1 iters=5 generatedColsBeforeNode=0 newCols=56 posCandidates=56 duplicateCandidates=0 updatedCols=0 zeroObjImproveIters=0 objFirst=142777576.319443 objLast=173713104.023347 objGain=30935527.703904 maxRC=59489276.591738 wallSec=0.018818 pricingSec=0.012631 cplexSolveSec=0.003283
    [CG] CG iter 4: obj=169391594.455507, maxRC=4069371.836768, +5 cols
    [CG]   [DIAG] iter=4 posCols=5 newCols=5 effImprove=5 updated=0
    [CG] 列生成开始，初始列数=128
    [CG] 列生成收敛，共 5 轮迭代
    [CG] [CG-NODE] depth=0 exit=CERTIFIED certified=1 feasible=1 iters=5 generatedColsBeforeNode=0 newCols=59 posCandidates=59 duplicateCandidates=0 updatedCols=0 zeroObjImproveIters=0 objFirst=143012800.592108 objLast=173627207.590193 objGain=30614406.998085 maxRC=59387916.604561 wallSec=0.019274 pricingSec=0.012890 cplexSolveSec=0.003401
      [BB] 根节点即为整数解，obj=173713104.023347
    [CG] 列生成收敛，共 5 轮迭代
    [CG] [CG-NODE] depth=0 exit=CERTIFIED certified=1 feasible=1 iters=5 generatedColsBeforeNode=0 newCols=56 posCandidates=56 duplicateCandidates=0 updatedCols=0 zeroObjImproveIters=0 objFirst=142797410.043528 objLast=173831004.394424 objGain=31033594.350896 maxRC=59497593.772325 wallSec=0.019095 pricingSec=0.012896 cplexSolveSec=0.003313
      [BB] 根节点即为整数解，obj=173627207.590193
    [CG] 列生成开始，初始列数=128
      [BB] 根节点即为整数解，obj=173831004.394424
    [CG] 列生成开始，初始列数=128
    [CG] 列生成收敛，共 5 轮迭代
    [CG] [CG-NODE] depth=0 exit=CERTIFIED certified=1 feasible=1 iters=5 generatedColsBeforeNode=0 newCols=56 posCandidates=56 duplicateCandidates=0 updatedCols=0 zeroObjImproveIters=0 objFirst=142823320.765159 objLast=173605138.026259 objGain=30781817.261100 maxRC=59492532.429094 wallSec=0.019241 pricingSec=0.013026 cplexSolveSec=0.003307
      [BB] 根节点即为整数解，obj=173605138.026259
    [CG] 列生成开始，初始列数=128
    [CG] 列生成开始，初始列数=128
    [CG] 列生成开始，初始列数=128
    [CG] 列生成开始，初始列数=128
    [CG] 列生成开始，初始列数=128
    [CG] CG iter 1: obj=142901656.566994, maxRC=59517605.013122, +23 cols
    [CG]   [DIAG] iter=1 posCols=23 newCols=23 effImprove=23 updated=0
    [CG] CG iter 2: obj=160422010.845559, maxRC=10622993.525551, +17 cols
    [CG]   [DIAG] iter=2 posCols=17 newCols=17 effImprove=17 updated=0
    [CG] CG iter 3: obj=166739068.948173, maxRC=6260742.575555, +11 cols
    [CG]   [DIAG] iter=3 posCols=11 newCols=11 effImprove=11 updated=0
    [CG] CG iter 4: obj=169378883.329582, maxRC=4073923.598995, +5 cols
    [CG]   [DIAG] iter=4 posCols=5 newCols=5 effImprove=5 updated=0
    [CG] 列生成收敛，共 5 轮迭代
    [CG] [CG-NODE] depth=0 exit=CERTIFIED certified=1 feasible=1 iters=5 generatedColsBeforeNode=0 newCols=56 posCandidates=56 duplicateCandidates=0 updatedCols=0 zeroObjImproveIters=0 objFirst=142901656.566994 objLast=173608993.966885 objGain=30707337.399891 maxRC=59517605.013122 wallSec=0.011139 pricingSec=0.007289 cplexSolveSec=0.001960
      [BB] 根节点即为整数解，obj=173608993.966885
    [CG] CG iter 1: obj=142866587.131732, maxRC=59492532.429094, +23 cols
    [CG] CG iter 1: obj=142780195.235421, maxRC=59402423.637032, +23 cols
    [CG]   [DIAG] iter=1 posCols=23 newCols=23 effImprove=23 updated=0
    [CG]   [DIAG] iter=1 posCols=23 newCols=23 effImprove=23 updated=0
    [CG] CG iter 1: obj=142871952.448424, maxRC=59512668.663326, +23 cols
    [CG]   [DIAG] iter=1 posCols=23 newCols=23 effImprove=23 updated=0
    [CG] CG iter 2: obj=160446207.949046, maxRC=10636105.927211, +17 cols
    [CG]   [DIAG] iter=2 posCols=17 newCols=17 effImprove=17 updated=0
    [CG] CG iter 2: obj=160308286.365428, maxRC=10577281.724635, +17 cols
    [CG]   [DIAG] iter=2 posCols=17 newCols=17 effImprove=17 updated=0
    [CG] CG iter 2: obj=160431154.030687, maxRC=10619772.340327, +17 cols
    [CG]   [DIAG] iter=2 posCols=17 newCols=17 effImprove=17 updated=0
    [CG] 列生成开始，初始列数=128
    [CG] CG iter 3: obj=166754687.676791, maxRC=6257893.384336, +11 cols
    [CG]   [DIAG] iter=3 posCols=11 newCols=11 effImprove=11 updated=0
    [CG] CG iter 3: obj=166623794.957165, maxRC=6290934.591719, +11 cols
    [CG]   [DIAG] iter=3 posCols=11 newCols=11 effImprove=11 updated=0
    [CG] CG iter 3: obj=166739767.767905, maxRC=6290871.074484, +11 cols
    [CG]   [DIAG] iter=3 posCols=11 newCols=11 effImprove=11 updated=0
    [CG] CG iter 4: obj=169399537.763587, maxRC=4075094.695683, +5 cols
    [CG]   [DIAG] iter=4 posCols=5 newCols=5 effImprove=5 updated=0
    [CG] CG iter 4: obj=169256448.988691, maxRC=4111859.829787, +5 cols
    [CG]   [DIAG] iter=4 posCols=5 newCols=5 effImprove=5 updated=0
    [CG] CG iter 1: obj=142537698.183646, maxRC=59514873.992889, +23 cols
    [CG]   [DIAG] iter=1 posCols=23 newCols=23 effImprove=23 updated=0
    [CG] CG iter 4: obj=169364466.035576, maxRC=4070437.567817, +5 cols
    [CG]   [DIAG] iter=4 posCols=5 newCols=5 effImprove=5 updated=0
    [CG] 列生成收敛，共 5 轮迭代
    [CG] 列生成收敛，共 5 轮迭代
    [CG] [CG-NODE] depth=0 exit=CERTIFIED certified=1 feasible=1 iters=5 generatedColsBeforeNode=0 newCols=56 posCandidates=56 duplicateCandidates=0 updatedCols=0 zeroObjImproveIters=0 objFirst=142866587.131732 objLast=173622994.499017 objGain=30756407.367285 maxRC=59492532.429094 wallSec=0.016525 pricingSec=0.011327 cplexSolveSec=0.002669
    [CG] [CG-NODE] depth=0 exit=CERTIFIED certified=1 feasible=1 iters=5 generatedColsBeforeNode=0 newCols=56 posCandidates=56 duplicateCandidates=0 updatedCols=0 zeroObjImproveIters=0 objFirst=142780195.235421 objLast=173476203.704062 objGain=30696008.468641 maxRC=59402423.637032 wallSec=0.012581 pricingSec=0.008334 cplexSolveSec=0.002286
      [BB] 根节点即为整数解，obj=173622994.499017
      [BB] 根节点即为整数解，obj=173476203.704062
    [CG] 列生成收敛，共 5 轮迭代
    [CG] [CG-NODE] depth=0 exit=CERTIFIED certified=1 feasible=1 iters=5 generatedColsBeforeNode=0 newCols=56 posCandidates=56 duplicateCandidates=0 updatedCols=0 zeroObjImproveIters=0 objFirst=142871952.448424 objLast=173584998.390744 objGain=30713045.942320 maxRC=59512668.663326 wallSec=0.016371 pricingSec=0.011175 cplexSolveSec=0.002695
    [CG] CG iter 1: obj=143161526.254355, maxRC=59490433.819816, +23 cols
      [BB] 根节点即为整数解，obj=173584998.390744
    [CG] CG iter 1: obj=142766212.223552, maxRC=59500371.573548, +23 cols
    [CG]   [DIAG] iter=1 posCols=23 newCols=23 effImprove=23 updated=0
    [CG] CG iter 1: obj=142725543.144236, maxRC=59494010.230227, +23 cols
    [CG]   [DIAG] iter=1 posCols=23 newCols=23 effImprove=23 updated=0
    [CG]   [DIAG] iter=1 posCols=23 newCols=23 effImprove=23 updated=0
    [CG] CG iter 2: obj=160270362.701607, maxRC=10790273.624626, +17 cols
    [CG]   [DIAG] iter=2 posCols=17 newCols=17 effImprove=17 updated=0
    [CG] 列生成开始，初始列数=128
    [CG] CG iter 2: obj=160554011.381059, maxRC=10604124.301761, +17 cols
    [CG]   [DIAG] iter=2 posCols=17 newCols=17 effImprove=17 updated=0
    [CG] CG iter 2: obj=160463184.845982, maxRC=10649874.217486, +17 cols
    [CG]   [DIAG] iter=2 posCols=17 newCols=17 effImprove=17 updated=0
    [CG] CG iter 2: obj=160421247.956440, maxRC=10654316.572168, +17 cols
    [CG] CG iter 3: obj=166480809.678060, maxRC=6273586.704043, +11 cols
    [CG]   [DIAG] iter=2 posCols=17 newCols=17 effImprove=17 updated=0
    [CG] 列生成开始，初始列数=128
    [CG]   [DIAG] iter=3 posCols=11 newCols=11 effImprove=11 updated=0
    [CG] 列生成开始，初始列数=128
    [CG] CG iter 3: obj=166950891.034336, maxRC=6257804.421415, +12 cols
    [CG] CG iter 4: obj=169136993.787478, maxRC=4007691.972467, +5 cols
    [CG]   [DIAG] iter=3 posCols=12 newCols=12 effImprove=12 updated=0
    [CG]   [DIAG] iter=4 posCols=5 newCols=5 effImprove=5 updated=0
    [CG] CG iter 3: obj=166844593.370593, maxRC=6251632.784152, +12 cols
    [CG]   [DIAG] iter=3 posCols=12 newCols=12 effImprove=12 updated=0
    [CG] CG iter 3: obj=166768857.979523, maxRC=6261864.206182, +12 cols
    [CG]   [DIAG] iter=3 posCols=12 newCols=12 effImprove=12 updated=0
    [CG] CG iter 5: obj=173308794.365082, maxRC=3465.012015, +1 cols
    [CG]   [DIAG] iter=5 posCols=1 newCols=1 effImprove=1 updated=0
    [CG] CG iter 4: obj=169651828.377427, maxRC=4156706.686721, +5 cols
    [CG]   [DIAG] iter=4 posCols=5 newCols=5 effImprove=5 updated=0
    [CG] CG iter 4: obj=169546847.228575, maxRC=4135199.103766, +5 cols
    [CG]   [DIAG] iter=4 posCols=5 newCols=5 effImprove=5 updated=0
    [CG] CG iter 4: obj=169455563.865238, maxRC=4113500.683804, +5 cols
    [CG]   [DIAG] iter=4 posCols=5 newCols=5 effImprove=5 updated=0
    [CG] 列生成收敛，共 6 轮迭代
    [CG] [CG-NODE] depth=0 exit=CERTIFIED certified=1 feasible=1 iters=6 generatedColsBeforeNode=0 newCols=57 posCandidates=57 duplicateCandidates=0 updatedCols=0 zeroObjImproveIters=1 objFirst=142537698.183646 objLast=173308794.365082 objGain=30771096.181436 maxRC=59514873.992889 wallSec=0.020214 pricingSec=0.013405 cplexSolveSec=0.003831
      [BB] 根节点即为整数解，obj=173308794.365082
    [CG] 列生成收敛，共 5 轮迭代
    [CG] [CG-NODE] depth=0 exit=CERTIFIED certified=1 feasible=1 iters=5 generatedColsBeforeNode=0 newCols=57 posCandidates=57 duplicateCandidates=0 updatedCols=0 zeroObjImproveIters=0 objFirst=142766212.223552 objLast=173757364.072130 objGain=30991151.848578 maxRC=59500371.573548 wallSec=0.019048 pricingSec=0.012847 cplexSolveSec=0.003362
    [CG] 列生成收敛，共 5 轮迭代
    [CG] [CG-NODE] depth=0 exit=CERTIFIED certified=1 feasible=1 iters=5 generatedColsBeforeNode=0 newCols=57 posCandidates=57 duplicateCandidates=0 updatedCols=0 zeroObjImproveIters=0 objFirst=143161526.254355 objLast=173872287.194096 objGain=30710760.939741 maxRC=59490433.819816 wallSec=0.019548 pricingSec=0.013154 cplexSolveSec=0.003454
    [CG] 列生成收敛，共 5 轮迭代
    [CG] [CG-NODE] depth=0 exit=CERTIFIED certified=1 feasible=1 iters=5 generatedColsBeforeNode=0 newCols=57 posCandidates=57 duplicateCandidates=0 updatedCols=0 zeroObjImproveIters=0 objFirst=142725543.144236 objLast=173664713.143119 objGain=30939169.998883 maxRC=59494010.230227 wallSec=0.019117 pricingSec=0.012915 cplexSolveSec=0.003350
      [BB] 根节点即为整数解，obj=173757364.072130
      [BB] 根节点即为整数解，obj=173664713.143119
      [BB] 根节点即为整数解，obj=173872287.194096
    [CG] CG iter 1: obj=143155441.231945, maxRC=59513894.439822, +23 cols
    [CG]   [DIAG] iter=1 posCols=23 newCols=23 effImprove=23 updated=0
    [CG] CG iter 1: obj=143154087.303942, maxRC=59510895.640149, +23 cols
    [CG]   [DIAG] iter=1 posCols=23 newCols=23 effImprove=23 updated=0
    [CG] 列生成开始，初始列数=128
    [CG] CG iter 2: obj=160624425.646318, maxRC=10623485.371715, +17 cols
    [CG] CG iter 2: obj=160609003.157642, maxRC=10621105.193845, +17 cols
    [CG]   [DIAG] iter=2 posCols=17 newCols=17 effImprove=17 updated=0
    [CG]   [DIAG] iter=2 posCols=17 newCols=17 effImprove=17 updated=0
    [CG] 列生成开始，初始列数=128
    [CG] 列生成开始，初始列数=128
    [CG] CG iter 3: obj=167003792.071189, maxRC=6255467.486199, +12 cols
    [CG]   [DIAG] iter=3 posCols=12 newCols=12 effImprove=12 updated=0
    [CG] 列生成开始，初始列数=128
    [CG] CG iter 4: obj=169702392.479064, maxRC=4145305.101376, +5 cols
    [CG]   [DIAG] iter=4 posCols=5 newCols=5 effImprove=5 updated=0
    [CG] CG iter 3: obj=167016009.755584, maxRC=6256287.459420, +12 cols
    [CG]   [DIAG] iter=3 posCols=12 newCols=12 effImprove=12 updated=0
    [CG] 列生成收敛，共 5 轮迭代
    [CG] [CG-NODE] depth=0 exit=CERTIFIED certified=1 feasible=1 iters=5 generatedColsBeforeNode=0 newCols=57 posCandidates=57 duplicateCandidates=0 updatedCols=0 zeroObjImproveIters=0 objFirst=143154087.303942 objLast=173920939.042767 objGain=30766851.738824 maxRC=59510895.640149 wallSec=0.010221 pricingSec=0.006974 cplexSolveSec=0.001722
      [BB] 根节点即为整数解，obj=173920939.042767
    [CG] CG iter 4: obj=169711701.674289, maxRC=4141500.686174, +5 cols
    [CG]   [DIAG] iter=4 posCols=5 newCols=5 effImprove=5 updated=0
    [CG] 列生成收敛，共 5 轮迭代
    [CG] [CG-NODE] depth=0 exit=CERTIFIED certified=1 feasible=1 iters=5 generatedColsBeforeNode=0 newCols=57 posCandidates=57 duplicateCandidates=0 updatedCols=0 zeroObjImproveIters=0 objFirst=143155441.231945 objLast=173930097.762159 objGain=30774656.530215 maxRC=59513894.439822 wallSec=0.016955 pricingSec=0.011365 cplexSolveSec=0.003178
      [BB] 根节点即为整数解，obj=173930097.762159
    [CG] CG iter 1: obj=142820619.695654, maxRC=59493649.736825, +23 cols
    [CG]   [DIAG] iter=1 posCols=23 newCols=23 effImprove=23 updated=0
    [CG] CG iter 1: obj=142940742.101662, maxRC=59507379.401881, +23 cols
    [CG] CG iter 1: obj=142813370.986416, maxRC=59494010.230227, +23 cols
    [CG]   [DIAG] iter=1 posCols=23 newCols=23 effImprove=23 updated=0
    [CG]   [DIAG] iter=1 posCols=23 newCols=23 effImprove=23 updated=0
    [CG] CG iter 1: obj=142920118.859533, maxRC=59492532.429094, +23 cols
    [CG] CG iter 2: obj=160441564.960565, maxRC=10636105.927211, +17 cols
    [CG]   [DIAG] iter=1 posCols=23 newCols=23 effImprove=23 updated=0
    [CG]   [DIAG] iter=2 posCols=17 newCols=17 effImprove=17 updated=0
    [CG] CG iter 2: obj=160430413.599728, maxRC=10641931.762739, +17 cols
    [CG]   [DIAG] iter=2 posCols=17 newCols=17 effImprove=17 updated=0
    [CG] CG iter 2: obj=160617188.861515, maxRC=10631836.734902, +17 cols
    [CG]   [DIAG] iter=2 posCols=17 newCols=17 effImprove=17 updated=0
    [CG] CG iter 1: obj=142345512.539600, maxRC=59496256.709084, +23 cols
    [CG]   [DIAG] iter=1 posCols=23 newCols=23 effImprove=23 updated=0
    [CG] CG iter 2: obj=160453553.259399, maxRC=10648490.736641, +17 cols
    [CG] CG iter 3: obj=166740826.295150, maxRC=6287821.556736, +11 cols
    [CG]   [DIAG] iter=2 posCols=17 newCols=17 effImprove=17 updated=0
    [CG]   [DIAG] iter=3 posCols=11 newCols=11 effImprove=11 updated=0
    [CG] CG iter 3: obj=166804390.296651, maxRC=6254896.548119, +12 cols
    [CG]   [DIAG] iter=3 posCols=12 newCols=12 effImprove=12 updated=0
    [CG] CG iter 3: obj=166954839.430801, maxRC=6276585.346732, +11 cols
    [CG]   [DIAG] iter=3 posCols=11 newCols=11 effImprove=11 updated=0
    [CG] CG iter 4: obj=169370367.291694, maxRC=4069425.326179, +5 cols
    [CG]   [DIAG] iter=4 posCols=5 newCols=5 effImprove=5 updated=0
    [CG] CG iter 2: obj=160244829.798744, maxRC=10646947.550360, +17 cols
    [CG] CG iter 3: obj=166802501.767161, maxRC=6262093.945828, +12 cols
    [CG]   [DIAG] iter=3 posCols=12 newCols=12 effImprove=12 updated=0
    [CG]   [DIAG] iter=2 posCols=17 newCols=17 effImprove=17 updated=0
    [CG] CG iter 4: obj=169509800.759267, maxRC=4136314.987156, +5 cols
    [CG]   [DIAG] iter=4 posCols=5 newCols=5 effImprove=5 updated=0
    [CG] 列生成收敛，共 5 轮迭代
    [CG] [CG-NODE] depth=0 exit=CERTIFIED certified=1 feasible=1 iters=5 generatedColsBeforeNode=0 newCols=56 posCandidates=56 duplicateCandidates=0 updatedCols=0 zeroObjImproveIters=0 objFirst=142820619.695654 objLast=173583964.351857 objGain=30763344.656203 maxRC=59493649.736825 wallSec=0.016975 pricingSec=0.011805 cplexSolveSec=0.002782
    [CG] CG iter 4: obj=169601984.072810, maxRC=4092540.575764, +5 cols
    [CG]   [DIAG] iter=4 posCols=5 newCols=5 effImprove=5 updated=0
    [CG] 列生成收敛，共 5 轮迭代
    [CG] [CG-NODE] depth=0 exit=CERTIFIED certified=1 feasible=1 iters=5 generatedColsBeforeNode=0 newCols=57 posCandidates=57 duplicateCandidates=0 updatedCols=0 zeroObjImproveIters=0 objFirst=142813370.986416 objLast=173722737.271548 objGain=30909366.285132 maxRC=59494010.230227 wallSec=0.010197 pricingSec=0.006642 cplexSolveSec=0.001927
      [BB] 根节点即为整数解，obj=173583964.351857
    [CG] CG iter 4: obj=169489437.392523, maxRC=4117450.338198, +5 cols
    [CG]   [DIAG] iter=4 posCols=5 newCols=5 effImprove=5 updated=0
      [BB] 根节点即为整数解，obj=173722737.271548
    [CG] CG iter 3: obj=166527544.925002, maxRC=6288696.768095, +11 cols
    [CG]   [DIAG] iter=3 posCols=11 newCols=11 effImprove=11 updated=0
    [CG] 列生成收敛，共 5 轮迭代
    [CG] [CG-NODE] depth=0 exit=CERTIFIED certified=1 feasible=1 iters=5 generatedColsBeforeNode=0 newCols=56 posCandidates=56 duplicateCandidates=0 updatedCols=0 zeroObjImproveIters=0 objFirst=142940742.101662 objLast=173817800.661290 objGain=30877058.559628 maxRC=59507379.401881 wallSec=0.017091 pricingSec=0.011919 cplexSolveSec=0.002664
    [CG] 列生成收敛，共 5 轮迭代
    [CG] [CG-NODE] depth=0 exit=CERTIFIED certified=1 feasible=1 iters=5 generatedColsBeforeNode=0 newCols=57 posCandidates=57 duplicateCandidates=0 updatedCols=0 zeroObjImproveIters=0 objFirst=142920118.859533 objLast=173699247.218287 objGain=30779128.358754 maxRC=59492532.429094 wallSec=0.011638 pricingSec=0.007649 cplexSolveSec=0.002152
      [BB] 根节点即为整数解，obj=173817800.661290
      [BB] 根节点即为整数解，obj=173699247.218287
    [CG] CG iter 4: obj=169157748.980381, maxRC=4053798.011169, +5 cols
    [CG]   [DIAG] iter=4 posCols=5 newCols=5 effImprove=5 updated=0
    [CG] 列生成收敛，共 5 轮迭代
    [CG] [CG-NODE] depth=0 exit=CERTIFIED certified=1 feasible=1 iters=5 generatedColsBeforeNode=0 newCols=56 posCandidates=56 duplicateCandidates=0 updatedCols=0 zeroObjImproveIters=0 objFirst=142345512.539600 objLast=173373603.055137 objGain=31028090.515537 maxRC=59496256.709084 wallSec=0.012175 pricingSec=0.008160 cplexSolveSec=0.002167
      [BB] 根节点即为整数解，obj=173373603.055137
    [CG] CG iter 1: obj=142733223.725706, maxRC=59309355.073035, +23 cols
    [CG]   [DIAG] iter=1 posCols=23 newCols=23 effImprove=23 updated=0
    [CG] CG iter 2: obj=160069649.896766, maxRC=10488977.739499, +17 cols
    [CG]   [DIAG] iter=2 posCols=17 newCols=17 effImprove=17 updated=0
    [CG] CG iter 3: obj=166423741.369899, maxRC=6267832.018519, +11 cols
    [CG]   [DIAG] iter=3 posCols=11 newCols=11 effImprove=11 updated=0
    [CG] CG iter 4: obj=169070637.844258, maxRC=4170613.244641, +5 cols
    [CG]   [DIAG] iter=4 posCols=5 newCols=5 effImprove=5 updated=0
    [CG] 列生成收敛，共 5 轮迭代
    [CG] [CG-NODE] depth=0 exit=CERTIFIED certified=1 feasible=1 iters=5 generatedColsBeforeNode=0 newCols=56 posCandidates=56 duplicateCandidates=0 updatedCols=0 zeroObjImproveIters=0 objFirst=142733223.725706 objLast=173314791.323033 objGain=30581567.597327 maxRC=59309355.073035 wallSec=0.018543 pricingSec=0.012714 cplexSolveSec=0.003183
      [BB] 根节点即为整数解，obj=173314791.323033
[GA] 代数 5: Best=173966657.22, Avg=173686980.91, Worst=173337680.05, Valid=30/30, 耗时=0.06s (连续5代未提升)
  ├─ 求解: 30 个体 fork 并行 | CG迭代=121 加列=1359 BB分支=0
  ├─ 并行墙钟=0.0638s | 串行等效(ΣBP)=0.3971s | 加速比=6.23x
  ├─ 管理开销=-0.3334s (fork=0.0038 wait=0.0595 merge=0.0004)
  └─ CG明细: gen_logs/run_gen5_ind{0..29}.log
    [CG] 列生成开始，初始列数=128
    [CG] 列生成开始，初始列数=128
    [CG] 列生成开始，初始列数=128
    [CG] 列生成开始，初始列数=128
    [CG] 列生成开始，初始列数=128
    [CG] 列生成开始，初始列数=128
    [CG] 列生成开始，初始列数=128
    [CG] 列生成开始，初始列数=128
    [CG] CG iter 1: obj=142601378.451704, maxRC=59497593.772325, +23 cols
    [CG]   [DIAG] iter=1 posCols=23 newCols=23 effImprove=23 updated=0
    [CG] CG iter 1: obj=142914602.798719, maxRC=59517605.013122, +23 cols
    [CG]   [DIAG] iter=1 posCols=23 newCols=23 effImprove=23 updated=0
    [CG] CG iter 2: obj=160541757.805255, maxRC=10649874.217486, +17 cols
    [CG]   [DIAG] iter=2 posCols=17 newCols=17 effImprove=17 updated=0
    [CG] CG iter 2: obj=160432577.287179, maxRC=10622993.525551, +17 cols
    [CG]   [DIAG] iter=2 posCols=17 newCols=17 effImprove=17 updated=0
    [CG] CG iter 1: obj=142906312.514170, maxRC=59498079.568392, +23 cols
    [CG] CG iter 1: obj=142970547.939696, maxRC=59402423.637032, +23 cols
    [CG]   [DIAG] iter=1 posCols=23 newCols=23 effImprove=23 updated=0
    [CG]   [DIAG] iter=1 posCols=23 newCols=23 effImprove=23 updated=0
    [CG] CG iter 3: obj=166826149.521129, maxRC=6296455.477028, +11 cols
    [CG]   [DIAG] iter=3 posCols=11 newCols=11 effImprove=11 updated=0
    [CG] CG iter 3: obj=166753809.621101, maxRC=6262537.016759, +11 cols
    [CG]   [DIAG] iter=3 posCols=11 newCols=11 effImprove=11 updated=0
    [CG] CG iter 2: obj=160424476.739954, maxRC=10609080.885163, +17 cols
    [CG] CG iter 4: obj=169440430.091220, maxRC=4049010.163834, +5 cols
    [CG]   [DIAG] iter=4 posCols=5 newCols=5 effImprove=5 updated=0
    [CG]   [DIAG] iter=2 posCols=17 newCols=17 effImprove=17 updated=0
    [CG] CG iter 1: obj=142838556.807061, maxRC=59493649.736825, +23 cols
    [CG] CG iter 1: obj=142786106.629299, maxRC=59497593.772325, +23 cols
    [CG] CG iter 2: obj=160360497.155267, maxRC=10577281.724635, +17 cols
    [CG] CG iter 4: obj=169395418.443714, maxRC=4077629.105600, +5 cols
    [CG]   [DIAG] iter=1 posCols=23 newCols=23 effImprove=23 updated=0
    [CG]   [DIAG] iter=2 posCols=17 newCols=17 effImprove=17 updated=0
    [CG]   [DIAG] iter=4 posCols=5 newCols=5 effImprove=5 updated=0
    [CG]   [DIAG] iter=1 posCols=23 newCols=23 effImprove=23 updated=0
    [CG] 列生成收敛，共 5 轮迭代
    [CG] [CG-NODE] depth=0 exit=CERTIFIED certified=1 feasible=1 iters=5 generatedColsBeforeNode=0 newCols=56 posCandidates=56 duplicateCandidates=0 updatedCols=0 zeroObjImproveIters=0 objFirst=142601378.451704 objLast=173650822.530747 objGain=31049444.079043 maxRC=59497593.772325 wallSec=0.013329 pricingSec=0.008687 cplexSolveSec=0.002589
    [CG] CG iter 1: obj=143169526.054112, maxRC=59490433.819816, +23 cols
      [BB] 根节点即为整数解，obj=173650822.530747
    [CG] CG iter 1: obj=143159684.013011, maxRC=59490317.610243, +23 cols
    [CG]   [DIAG] iter=1 posCols=23 newCols=23 effImprove=23 updated=0
    [CG] CG iter 3: obj=166702225.009203, maxRC=5803413.471041, +10 cols
    [CG] 列生成收敛，共 5 轮迭代
    [CG] [CG-NODE] depth=0 exit=CERTIFIED certified=1 feasible=1 iters=5 generatedColsBeforeNode=0 newCols=56 posCandidates=56 duplicateCandidates=0 updatedCols=0 zeroObjImproveIters=0 objFirst=142914602.798719 objLast=173623994.970918 objGain=30709392.172200 maxRC=59517605.013122 wallSec=0.014081 pricingSec=0.009373 cplexSolveSec=0.002643
    [CG]   [DIAG] iter=3 posCols=10 newCols=10 effImprove=10 updated=0
    [CG]   [DIAG] iter=1 posCols=23 newCols=23 effImprove=23 updated=0
      [BB] 根节点即为整数解，obj=173623994.970918
    [CG] CG iter 4: obj=173578217.013228, maxRC=1138596.185439, +2 cols
    [CG] CG iter 3: obj=166744163.675008, maxRC=6259284.172200, +11 cols
    [CG]   [DIAG] iter=4 posCols=2 newCols=2 effImprove=2 updated=0
    [CG]   [DIAG] iter=3 posCols=11 newCols=11 effImprove=11 updated=0
    [CG] CG iter 2: obj=160468987.706316, maxRC=10618535.571131, +17 cols
    [CG]   [DIAG] iter=2 posCols=17 newCols=17 effImprove=17 updated=0
    [CG] CG iter 2: obj=160594775.014509, maxRC=10649874.217486, +17 cols
    [CG]   [DIAG] iter=2 posCols=17 newCols=17 effImprove=17 updated=0
    [CG] 列生成收敛，共 5 轮迭代
    [CG] CG iter 2: obj=160540045.555479, maxRC=10621866.795536, +17 cols
    [CG] [CG-NODE] depth=0 exit=CERTIFIED certified=1 feasible=1 iters=5 generatedColsBeforeNode=0 newCols=52 posCandidates=52 duplicateCandidates=0 updatedCols=0 zeroObjImproveIters=0 objFirst=142906312.514170 objLast=173644234.665683 objGain=30737922.151513 maxRC=59498079.568392 wallSec=0.015371 pricingSec=0.010228 cplexSolveSec=0.002802
    [CG]   [DIAG] iter=2 posCols=17 newCols=17 effImprove=17 updated=0
    [CG] CG iter 2: obj=160554011.381059, maxRC=10604124.301761, +17 cols
      [BB] 根节点即为整数解，obj=173644234.665683
    [CG]   [DIAG] iter=2 posCols=17 newCols=17 effImprove=17 updated=0
    [CG] CG iter 4: obj=169435257.074312, maxRC=4171229.580735, +5 cols
    [CG]   [DIAG] iter=4 posCols=5 newCols=5 effImprove=5 updated=0
    [CG] 列生成开始，初始列数=128
    [CG] CG iter 3: obj=166795989.022249, maxRC=6283832.077016, +11 cols
    [CG] CG iter 3: obj=166955848.122710, maxRC=6260447.581517, +11 cols
    [CG]   [DIAG] iter=3 posCols=11 newCols=11 effImprove=11 updated=0
    [CG]   [DIAG] iter=3 posCols=11 newCols=11 effImprove=11 updated=0
    [CG] 列生成收敛，共 5 轮迭代
    [CG] [CG-NODE] depth=0 exit=CERTIFIED certified=1 feasible=1 iters=5 generatedColsBeforeNode=0 newCols=56 posCandidates=56 duplicateCandidates=0 updatedCols=0 zeroObjImproveIters=0 objFirst=142970547.939696 objLast=173654781.575930 objGain=30684233.636235 maxRC=59402423.637032 wallSec=0.016920 pricingSec=0.011374 cplexSolveSec=0.003155
    [CG] CG iter 3: obj=166928783.702348, maxRC=6255357.790553, +12 cols
      [BB] 根节点即为整数解，obj=173654781.575930
    [CG]   [DIAG] iter=3 posCols=12 newCols=12 effImprove=12 updated=0
    [CG] CG iter 3: obj=166950891.034336, maxRC=6257804.421415, +12 cols
    [CG]   [DIAG] iter=3 posCols=12 newCols=12 effImprove=12 updated=0
    [CG] CG iter 4: obj=169433611.000676, maxRC=4090211.610132, +5 cols
    [CG]   [DIAG] iter=4 posCols=5 newCols=5 effImprove=5 updated=0
    [CG] CG iter 4: obj=169637457.308695, maxRC=4116513.377902, +5 cols
    [CG]   [DIAG] iter=4 posCols=5 newCols=5 effImprove=5 updated=0
    [CG] 列生成开始，初始列数=128
    [CG] CG iter 4: obj=169632626.607293, maxRC=4151354.494005, +5 cols
    [CG]   [DIAG] iter=4 posCols=5 newCols=5 effImprove=5 updated=0
    [CG] CG iter 4: obj=169651828.377427, maxRC=4156706.686721, +5 cols
    [CG]   [DIAG] iter=4 posCols=5 newCols=5 effImprove=5 updated=0
    [CG] 列生成收敛，共 5 轮迭代
    [CG] [CG-NODE] depth=0 exit=CERTIFIED certified=1 feasible=1 iters=5 generatedColsBeforeNode=0 newCols=56 posCandidates=56 duplicateCandidates=0 updatedCols=0 zeroObjImproveIters=0 objFirst=142838556.807061 objLast=173650935.173379 objGain=30812378.366318 maxRC=59493649.736825 wallSec=0.018112 pricingSec=0.012283 cplexSolveSec=0.003117
    [CG] 列生成收敛，共 5 轮迭代
    [CG] [CG-NODE] depth=0 exit=CERTIFIED certified=1 feasible=1 iters=5 generatedColsBeforeNode=0 newCols=56 posCandidates=56 duplicateCandidates=0 updatedCols=0 zeroObjImproveIters=0 objFirst=142786106.629299 objLast=173847861.340626 objGain=31061754.711327 maxRC=59497593.772325 wallSec=0.018669 pricingSec=0.012506 cplexSolveSec=0.003230
      [BB] 根节点即为整数解，obj=173650935.173379
    [CG] 列生成收敛，共 5 轮迭代
    [CG] [CG-NODE] depth=0 exit=CERTIFIED certified=1 feasible=1 iters=5 generatedColsBeforeNode=0 newCols=57 posCandidates=57 duplicateCandidates=0 updatedCols=0 zeroObjImproveIters=0 objFirst=143169526.054112 objLast=173847733.231246 objGain=30678207.177134 maxRC=59490433.819816 wallSec=0.018323 pricingSec=0.012247 cplexSolveSec=0.003230
      [BB] 根节点即为整数解，obj=173847861.340626
    [CG] 列生成收敛，共 5 轮迭代
    [CG] [CG-NODE] depth=0 exit=CERTIFIED certified=1 feasible=1 iters=5 generatedColsBeforeNode=0 newCols=57 posCandidates=57 duplicateCandidates=0 updatedCols=0 zeroObjImproveIters=0 objFirst=143159684.013011 objLast=173872287.194096 objGain=30712603.181086 maxRC=59490317.610243 wallSec=0.018365 pricingSec=0.012262 cplexSolveSec=0.003191
      [BB] 根节点即为整数解，obj=173847733.231246
      [BB] 根节点即为整数解，obj=173872287.194096
    [CG] 列生成开始，初始列数=128
    [CG] 列生成开始，初始列数=128
    [CG] 列生成开始，初始列数=128
    [CG] 列生成开始，初始列数=128
    [CG] 列生成开始，初始列数=128
    [CG] 列生成开始，初始列数=128
    [CG] CG iter 1: obj=142333551.482259, maxRC=59440412.310442, +23 cols
    [CG]   [DIAG] iter=1 posCols=23 newCols=23 effImprove=23 updated=0
    [CG] CG iter 1: obj=142625186.692481, maxRC=59493461.770802, +23 cols
    [CG]   [DIAG] iter=1 posCols=23 newCols=23 effImprove=23 updated=0
    [CG] CG iter 2: obj=160169143.299473, maxRC=10585340.609134, +17 cols
    [CG] CG iter 1: obj=143126893.941162, maxRC=59510895.640149, +23 cols
    [CG] CG iter 1: obj=142876656.481827, maxRC=59492532.429094, +23 cols
    [CG]   [DIAG] iter=2 posCols=17 newCols=17 effImprove=17 updated=0
    [CG] CG iter 2: obj=160435379.938072, maxRC=10658683.792267, +17 cols
    [CG]   [DIAG] iter=1 posCols=23 newCols=23 effImprove=23 updated=0
    [CG]   [DIAG] iter=2 posCols=17 newCols=17 effImprove=17 updated=0
    [CG]   [DIAG] iter=1 posCols=23 newCols=23 effImprove=23 updated=0
    [CG] CG iter 3: obj=166782008.089016, maxRC=6261703.759150, +12 cols
    [CG]   [DIAG] iter=3 posCols=12 newCols=12 effImprove=12 updated=0
    [CG] CG iter 3: obj=166473478.496702, maxRC=6294065.002216, +11 cols
    [CG]   [DIAG] iter=3 posCols=11 newCols=11 effImprove=11 updated=0
    [CG] CG iter 2: obj=160589229.379004, maxRC=10646448.967478, +17 cols
    [CG]   [DIAG] iter=2 posCols=17 newCols=17 effImprove=17 updated=0
    [CG] CG iter 2: obj=160508177.101406, maxRC=10636280.984717, +17 cols
    [CG] CG iter 4: obj=169468295.164114, maxRC=4110110.693784, +5 cols
    [CG]   [DIAG] iter=4 posCols=5 newCols=5 effImprove=5 updated=0
    [CG]   [DIAG] iter=2 posCols=17 newCols=17 effImprove=17 updated=0
    [CG] CG iter 4: obj=169101708.391719, maxRC=4087587.551742, +5 cols
    [CG]   [DIAG] iter=4 posCols=5 newCols=5 effImprove=5 updated=0
    [CG] CG iter 1: obj=142735221.330926, maxRC=59494010.230227, +23 cols
    [CG] 列生成收敛，共 5 轮迭代
    [CG] [CG-NODE] depth=0 exit=CERTIFIED certified=1 feasible=1 iters=5 generatedColsBeforeNode=0 newCols=57 posCandidates=57 duplicateCandidates=0 updatedCols=0 zeroObjImproveIters=0 objFirst=142625186.692481 objLast=173677207.824725 objGain=31052021.132244 maxRC=59493461.770802 wallSec=0.011502 pricingSec=0.007671 cplexSolveSec=0.001976
    [CG]   [DIAG] iter=1 posCols=23 newCols=23 effImprove=23 updated=0
      [BB] 根节点即为整数解，obj=173677207.824725
    [CG] CG iter 5: obj=173328913.502462, maxRC=9542.884517, +1 cols
    [CG] CG iter 3: obj=166972419.566678, maxRC=6251967.528715, +12 cols
    [CG]   [DIAG] iter=5 posCols=1 newCols=1 effImprove=1 updated=0
    [CG]   [DIAG] iter=3 posCols=12 newCols=12 effImprove=12 updated=0
    [CG] CG iter 3: obj=166811359.332366, maxRC=6283796.945057, +11 cols
    [CG]   [DIAG] iter=3 posCols=11 newCols=11 effImprove=11 updated=0
    [CG] 列生成收敛，共 6 轮迭代
    [CG] [CG-NODE] depth=0 exit=CERTIFIED certified=1 feasible=1 iters=6 generatedColsBeforeNode=0 newCols=57 posCandidates=57 duplicateCandidates=0 updatedCols=0 zeroObjImproveIters=1 objFirst=142333551.482259 objLast=173328913.502462 objGain=30995362.020203 maxRC=59440412.310442 wallSec=0.016020 pricingSec=0.011057 cplexSolveSec=0.002783
      [BB] 根节点即为整数解，obj=173328913.502462
    [CG] CG iter 4: obj=169675199.116284, maxRC=4137639.998866, +5 cols
    [CG]   [DIAG] iter=4 posCols=5 newCols=5 effImprove=5 updated=0
    [CG] CG iter 2: obj=160440791.815801, maxRC=10654316.572168, +17 cols
    [CG] CG iter 4: obj=169436929.206641, maxRC=4069371.836768, +5 cols
    [CG]   [DIAG] iter=4 posCols=5 newCols=5 effImprove=5 updated=0
    [CG]   [DIAG] iter=2 posCols=17 newCols=17 effImprove=17 updated=0
    [CG] 列生成收敛，共 5 轮迭代
    [CG] [CG-NODE] depth=0 exit=CERTIFIED certified=1 feasible=1 iters=5 generatedColsBeforeNode=0 newCols=57 posCandidates=57 duplicateCandidates=0 updatedCols=0 zeroObjImproveIters=0 objFirst=143126893.941162 objLast=173886072.935905 objGain=30759178.994742 maxRC=59510895.640149 wallSec=0.016044 pricingSec=0.010876 cplexSolveSec=0.002692
      [BB] 根节点即为整数解，obj=173886072.935905
    [CG] 列生成收敛，共 5 轮迭代
    [CG] [CG-NODE] depth=0 exit=CERTIFIED certified=1 feasible=1 iters=5 generatedColsBeforeNode=0 newCols=56 posCandidates=56 duplicateCandidates=0 updatedCols=0 zeroObjImproveIters=0 objFirst=142876656.481827 objLast=173650472.777393 objGain=30773816.295566 maxRC=59492532.429094 wallSec=0.012445 pricingSec=0.008224 cplexSolveSec=0.002378
      [BB] 根节点即为整数解，obj=173650472.777393
    [CG] CG iter 1: obj=143100308.658176, maxRC=59510570.390201, +23 cols
    [CG] CG iter 3: obj=166786742.224778, maxRC=6270001.128125, +12 cols
    [CG]   [DIAG] iter=3 posCols=12 newCols=12 effImprove=12 updated=0
    [CG] 列生成开始，初始列数=128
    [CG]   [DIAG] iter=1 posCols=23 newCols=23 effImprove=23 updated=0
    [CG] CG iter 1: obj=142942968.466890, maxRC=59501820.596566, +23 cols
    [CG] CG iter 1: obj=143040002.162000, maxRC=59387916.604561, +23 cols
    [CG]   [DIAG] iter=1 posCols=23 newCols=23 effImprove=23 updated=0
    [CG]   [DIAG] iter=1 posCols=23 newCols=23 effImprove=23 updated=0
    [CG] CG iter 4: obj=169481411.667717, maxRC=4117457.531321, +5 cols
    [CG] 列生成开始，初始列数=128
    [CG]   [DIAG] iter=4 posCols=5 newCols=5 effImprove=5 updated=0
    [CG] 列生成收敛，共 5 轮迭代
    [CG] [CG-NODE] depth=0 exit=CERTIFIED certified=1 feasible=1 iters=5 generatedColsBeforeNode=0 newCols=57 posCandidates=57 duplicateCandidates=0 updatedCols=0 zeroObjImproveIters=0 objFirst=142735221.330926 objLast=173688920.810278 objGain=30953699.479353 maxRC=59494010.230227 wallSec=0.017812 pricingSec=0.011936 cplexSolveSec=0.003188
    [CG] 列生成开始，初始列数=128
    [CG] CG iter 2: obj=160624422.384190, maxRC=10623485.371715, +17 cols
      [BB] 根节点即为整数解，obj=173688920.810278
    [CG]   [DIAG] iter=2 posCols=17 newCols=17 effImprove=17 updated=0
    [CG] 列生成开始，初始列数=128
    [CG] CG iter 2: obj=160430413.599728, maxRC=10641931.762739, +17 cols
    [CG] CG iter 2: obj=160324048.364625, maxRC=10612060.298903, +17 cols
    [CG]   [DIAG] iter=2 posCols=17 newCols=17 effImprove=17 updated=0
    [CG]   [DIAG] iter=2 posCols=17 newCols=17 effImprove=17 updated=0
    [CG] CG iter 3: obj=167016017.522075, maxRC=6256299.036902, +12 cols
    [CG]   [DIAG] iter=3 posCols=12 newCols=12 effImprove=12 updated=0
    [CG] CG iter 3: obj=166804390.296651, maxRC=6254896.548119, +12 cols
    [CG] CG iter 3: obj=166705582.329314, maxRC=6251092.542617, +12 cols
    [CG]   [DIAG] iter=3 posCols=12 newCols=12 effImprove=12 updated=0
    [CG]   [DIAG] iter=3 posCols=12 newCols=12 effImprove=12 updated=0
    [CG] CG iter 4: obj=169711721.018261, maxRC=4141514.254301, +5 cols
    [CG]   [DIAG] iter=4 posCols=5 newCols=5 effImprove=5 updated=0
    [CG] CG iter 4: obj=169509800.759267, maxRC=4136314.987156, +5 cols
    [CG] 列生成开始，初始列数=128
    [CG]   [DIAG] iter=4 posCols=5 newCols=5 effImprove=5 updated=0
    [CG] CG iter 4: obj=169422342.210591, maxRC=4181826.977567, +7 cols
    [CG]   [DIAG] iter=4 posCols=7 newCols=7 effImprove=7 updated=0
    [CG] 列生成收敛，共 5 轮迭代
    [CG] [CG-NODE] depth=0 exit=CERTIFIED certified=1 feasible=1 iters=5 generatedColsBeforeNode=0 newCols=57 posCandidates=57 duplicateCandidates=0 updatedCols=0 zeroObjImproveIters=0 objFirst=143100308.658176 objLast=173930107.698653 objGain=30829799.040477 maxRC=59510570.390201 wallSec=0.018165 pricingSec=0.012344 cplexSolveSec=0.003126
      [BB] 根节点即为整数解，obj=173930107.698653
    [CG] 列生成收敛，共 5 轮迭代
    [CG] [CG-NODE] depth=0 exit=CERTIFIED certified=1 feasible=1 iters=5 generatedColsBeforeNode=0 newCols=57 posCandidates=57 duplicateCandidates=0 updatedCols=0 zeroObjImproveIters=0 objFirst=142942968.466890 objLast=173722737.271548 objGain=30779768.804657 maxRC=59501820.596566 wallSec=0.018282 pricingSec=0.012295 cplexSolveSec=0.003185
    [CG] 列生成收敛，共 5 轮迭代
    [CG] [CG-NODE] depth=0 exit=CERTIFIED certified=1 feasible=1 iters=5 generatedColsBeforeNode=0 newCols=59 posCandidates=59 duplicateCandidates=0 updatedCols=0 zeroObjImproveIters=0 objFirst=143040002.162000 objLast=173627207.590193 objGain=30587205.428194 maxRC=59387916.604561 wallSec=0.018200 pricingSec=0.012289 cplexSolveSec=0.003100
      [BB] 根节点即为整数解，obj=173722737.271548
      [BB] 根节点即为整数解，obj=173627207.590193
    [CG] CG iter 1: obj=142880038.462809, maxRC=59512668.663326, +23 cols
    [CG]   [DIAG] iter=1 posCols=23 newCols=23 effImprove=23 updated=0
    [CG] 列生成开始，初始列数=128
    [CG] CG iter 2: obj=160439181.264351, maxRC=10619772.340327, +17 cols
    [CG]   [DIAG] iter=2 posCols=17 newCols=17 effImprove=17 updated=0
    [CG] 列生成开始，初始列数=128
    [CG] CG iter 3: obj=166747795.001569, maxRC=6290871.074484, +11 cols
    [CG]   [DIAG] iter=3 posCols=11 newCols=11 effImprove=11 updated=0
    [CG] 列生成开始，初始列数=128
    [CG] CG iter 4: obj=169372493.269240, maxRC=4070437.567817, +5 cols
    [CG]   [DIAG] iter=4 posCols=5 newCols=5 effImprove=5 updated=0
    [CG] 列生成收敛，共 5 轮迭代
    [CG] [CG-NODE] depth=0 exit=CERTIFIED certified=1 feasible=1 iters=5 generatedColsBeforeNode=0 newCols=56 posCandidates=56 duplicateCandidates=0 updatedCols=0 zeroObjImproveIters=0 objFirst=142880038.462809 objLast=173593025.624408 objGain=30712987.161599 maxRC=59512668.663326 wallSec=0.008956 pricingSec=0.005775 cplexSolveSec=0.001672
      [BB] 根节点即为整数解，obj=173593025.624408
    [CG] CG iter 1: obj=142764837.815501, maxRC=59485035.939492, +23 cols
    [CG]   [DIAG] iter=1 posCols=23 newCols=23 effImprove=23 updated=0
    [CG] CG iter 1: obj=143067501.643650, maxRC=59490433.819816, +23 cols
    [CG]   [DIAG] iter=1 posCols=23 newCols=23 effImprove=23 updated=0
    [CG] CG iter 1: obj=142464114.757406, maxRC=59493461.770802, +23 cols
    [CG]   [DIAG] iter=1 posCols=23 newCols=23 effImprove=23 updated=0
    [CG] 列生成开始，初始列数=128
    [CG] CG iter 1: obj=142940515.180875, maxRC=59507146.107650, +23 cols
    [CG] CG iter 2: obj=160415070.058779, maxRC=10636105.927211, +17 cols
    [CG]   [DIAG] iter=2 posCols=17 newCols=17 effImprove=17 updated=0
    [CG]   [DIAG] iter=1 posCols=23 newCols=23 effImprove=23 updated=0
    [CG] CG iter 2: obj=160553212.202354, maxRC=10604124.301761, +17 cols
    [CG]   [DIAG] iter=2 posCols=17 newCols=17 effImprove=17 updated=0
    [CG] CG iter 2: obj=160241092.482497, maxRC=10658683.792267, +17 cols
    [CG]   [DIAG] iter=2 posCols=17 newCols=17 effImprove=17 updated=0
    [CG] CG iter 3: obj=166769840.681789, maxRC=6263915.185926, +12 cols
    [CG]   [DIAG] iter=3 posCols=12 newCols=12 effImprove=12 updated=0
    [CG] CG iter 1: obj=142939519.615747, maxRC=59402423.637032, +23 cols
    [CG]   [DIAG] iter=1 posCols=23 newCols=23 effImprove=23 updated=0
    [CG] CG iter 3: obj=166608010.413710, maxRC=6260025.213732, +12 cols
    [CG]   [DIAG] iter=3 posCols=12 newCols=12 effImprove=12 updated=0
    [CG] CG iter 2: obj=160616728.646497, maxRC=10631664.576288, +17 cols
    [CG] CG iter 4: obj=169454810.312849, maxRC=4121429.623005, +5 cols
    [CG]   [DIAG] iter=4 posCols=5 newCols=5 effImprove=5 updated=0
    [CG] CG iter 1: obj=142792446.811325, maxRC=59492532.429094, +23 cols
    [CG]   [DIAG] iter=2 posCols=17 newCols=17 effImprove=17 updated=0
    [CG] CG iter 3: obj=166876087.239618, maxRC=6285076.464618, +11 cols
    [CG]   [DIAG] iter=1 posCols=23 newCols=23 effImprove=23 updated=0
    [CG]   [DIAG] iter=3 posCols=11 newCols=11 effImprove=11 updated=0
    [CG] 列生成收敛，共 5 轮迭代
    [CG] [CG-NODE] depth=0 exit=CERTIFIED certified=1 feasible=1 iters=5 generatedColsBeforeNode=0 newCols=57 posCandidates=57 duplicateCandidates=0 updatedCols=0 zeroObjImproveIters=0 objFirst=142764837.815501 objLast=173668328.955885 objGain=30903491.140384 maxRC=59485035.939492 wallSec=0.017757 pricingSec=0.012097 cplexSolveSec=0.002997
    [CG] CG iter 2: obj=160354420.295267, maxRC=10577281.724635, +17 cols
    [CG] CG iter 4: obj=169322078.412753, maxRC=4133207.471941, +5 cols
    [CG]   [DIAG] iter=4 posCols=5 newCols=5 effImprove=5 updated=0
    [CG]   [DIAG] iter=2 posCols=17 newCols=17 effImprove=17 updated=0
      [BB] 根节点即为整数解，obj=173668328.955885
    [CG] CG iter 4: obj=169503742.203528, maxRC=4087281.809781, +5 cols
    [CG] 列生成收敛，共 5 轮迭代
    [CG] [CG-NODE] depth=0 exit=CERTIFIED certified=1 feasible=1 iters=5 generatedColsBeforeNode=0 newCols=57 posCandidates=57 duplicateCandidates=0 updatedCols=0 zeroObjImproveIters=0 objFirst=142464114.757406 objLast=173529350.938044 objGain=31065236.180638 maxRC=59493461.770802 wallSec=0.017621 pricingSec=0.012018 cplexSolveSec=0.002944
    [CG] CG iter 2: obj=160462842.350272, maxRC=10636280.984717, +17 cols
    [CG]   [DIAG] iter=4 posCols=5 newCols=5 effImprove=5 updated=0
    [CG]   [DIAG] iter=2 posCols=17 newCols=17 effImprove=17 updated=0
      [BB] 根节点即为整数解，obj=173529350.938044
    [CG] CG iter 3: obj=166954409.783591, maxRC=6276598.616404, +11 cols
    [CG] CG iter 3: obj=166753916.012261, maxRC=6257004.924328, +12 cols
    [CG]   [DIAG] iter=3 posCols=11 newCols=11 effImprove=11 updated=0
    [CG]   [DIAG] iter=3 posCols=12 newCols=12 effImprove=12 updated=0
    [CG] 列生成收敛，共 5 轮迭代
    [CG] [CG-NODE] depth=0 exit=CERTIFIED certified=1 feasible=1 iters=5 generatedColsBeforeNode=0 newCols=56 posCandidates=56 duplicateCandidates=0 updatedCols=0 zeroObjImproveIters=0 objFirst=143067501.643650 objLast=173725830.245539 objGain=30658328.601889 maxRC=59490433.819816 wallSec=0.014077 pricingSec=0.009083 cplexSolveSec=0.003005
    [CG] CG iter 4: obj=169461833.966677, maxRC=4186966.374559, +5 cols
    [CG]   [DIAG] iter=4 posCols=5 newCols=5 effImprove=5 updated=0
      [BB] 根节点即为整数解，obj=173725830.245539
    [CG] CG iter 3: obj=166746587.121548, maxRC=6294542.725118, +11 cols
    [CG]   [DIAG] iter=3 posCols=11 newCols=11 effImprove=11 updated=0
    [CG] CG iter 4: obj=169601567.695273, maxRC=4092645.260065, +5 cols
    [CG]   [DIAG] iter=4 posCols=5 newCols=5 effImprove=5 updated=0
    [CG] 列生成收敛，共 5 轮迭代
    [CG] [CG-NODE] depth=0 exit=CERTIFIED certified=1 feasible=1 iters=5 generatedColsBeforeNode=0 newCols=57 posCandidates=57 duplicateCandidates=0 updatedCols=0 zeroObjImproveIters=0 objFirst=142939519.615747 objLast=173679959.456706 objGain=30740439.840959 maxRC=59402423.637032 wallSec=0.011824 pricingSec=0.007875 cplexSolveSec=0.002140
      [BB] 根节点即为整数解，obj=173679959.456706
    [CG] CG iter 4: obj=169360720.501673, maxRC=4054857.215073, +5 cols
    [CG]   [DIAG] iter=4 posCols=5 newCols=5 effImprove=5 updated=0
    [CG] 列生成收敛，共 5 轮迭代
    [CG] [CG-NODE] depth=0 exit=CERTIFIED certified=1 feasible=1 iters=5 generatedColsBeforeNode=0 newCols=56 posCandidates=56 duplicateCandidates=0 updatedCols=0 zeroObjImproveIters=0 objFirst=142940515.180875 objLast=173817393.432581 objGain=30876878.251706 maxRC=59507146.107650 wallSec=0.019009 pricingSec=0.013082 cplexSolveSec=0.003329
    [CG] 列生成收敛，共 5 轮迭代
      [BB] 根节点即为整数解，obj=173817393.432581
    [CG] [CG-NODE] depth=0 exit=CERTIFIED certified=1 feasible=1 iters=5 generatedColsBeforeNode=0 newCols=56 posCandidates=56 duplicateCandidates=0 updatedCols=0 zeroObjImproveIters=0 objFirst=142792446.811325 objLast=173574264.072425 objGain=30781817.261100 maxRC=59492532.429094 wallSec=0.012172 pricingSec=0.008008 cplexSolveSec=0.002297
      [BB] 根节点即为整数解，obj=173574264.072425
    [CG] CG iter 1: obj=143153929.264702, maxRC=59510895.640149, +23 cols
    [CG]   [DIAG] iter=1 posCols=23 newCols=23 effImprove=23 updated=0
    [CG] CG iter 1: obj=142592820.792793, maxRC=59500371.573548, +23 cols
    [CG]   [DIAG] iter=1 posCols=23 newCols=23 effImprove=23 updated=0
    [CG] CG iter 2: obj=160608845.118402, maxRC=10621105.193845, +17 cols
    [CG]   [DIAG] iter=2 posCols=17 newCols=17 effImprove=17 updated=0
    [CG] CG iter 2: obj=160337222.316711, maxRC=10621994.390489, +17 cols
    [CG]   [DIAG] iter=2 posCols=17 newCols=17 effImprove=17 updated=0
    [CG] CG iter 3: obj=167003634.031949, maxRC=6255467.486199, +12 cols
    [CG]   [DIAG] iter=3 posCols=12 newCols=12 effImprove=12 updated=0
    [CG] CG iter 3: obj=166642997.405411, maxRC=5751096.100555, +11 cols
    [CG]   [DIAG] iter=3 posCols=11 newCols=11 effImprove=11 updated=0
    [CG] CG iter 4: obj=173457483.190950, maxRC=1469378.655904, +2 cols
    [CG]   [DIAG] iter=4 posCols=2 newCols=2 effImprove=2 updated=0
    [CG] CG iter 4: obj=169702234.439824, maxRC=4145305.101376, +5 cols
    [CG]   [DIAG] iter=4 posCols=5 newCols=5 effImprove=5 updated=0
    [CG] CG iter 5: obj=173532787.366718, maxRC=644517.648006, +1 cols
    [CG]   [DIAG] iter=5 posCols=1 newCols=1 effImprove=1 updated=0
    [CG] 列生成收敛，共 5 轮迭代
    [CG] [CG-NODE] depth=0 exit=CERTIFIED certified=1 feasible=1 iters=5 generatedColsBeforeNode=0 newCols=57 posCandidates=57 duplicateCandidates=0 updatedCols=0 zeroObjImproveIters=0 objFirst=143153929.264702 objLast=173920781.003526 objGain=30766851.738824 maxRC=59510895.640149 wallSec=0.018369 pricingSec=0.012376 cplexSolveSec=0.003096
    [CG] 列生成收敛，共 6 轮迭代
    [CG] [CG-NODE] depth=0 exit=CERTIFIED certified=1 feasible=1 iters=6 generatedColsBeforeNode=0 newCols=54 posCandidates=54 duplicateCandidates=0 updatedCols=0 zeroObjImproveIters=1 objFirst=142592820.792793 objLast=173532787.366718 objGain=30939966.573926 maxRC=59500371.573548 wallSec=0.014351 pricingSec=0.009929 cplexSolveSec=0.002471
      [BB] 根节点即为整数解，obj=173920781.003526
      [BB] 根节点即为整数解，obj=173532787.366718
[GA] 代数 6: Best=173966657.22, Avg=173736203.38, Worst=173357799.19, Valid=30/30, 耗时=0.06s (连续6代未提升)
  ├─ 求解: 30 个体 fork 并行 | CG迭代=127 加列=1409 BB分支=0
  ├─ 并行墙钟=0.0616s | 串行等效(ΣBP)=0.4030s | 加速比=6.54x
  ├─ 管理开销=-0.3413s (fork=0.0040 wait=0.0571 merge=0.0004)
  └─ CG明细: gen_logs/run_gen6_ind{0..29}.log
    [CG] 列生成开始，初始列数=128
    [CG] 列生成开始，初始列数=128
    [CG] 列生成开始，初始列数=128
    [CG] 列生成开始，初始列数=128
    [CG] 列生成开始，初始列数=128
    [CG] 列生成开始，初始列数=128
    [CG] 列生成开始，初始列数=128
    [CG] 列生成开始，初始列数=128
    [CG] CG iter 1: obj=142903617.030307, maxRC=59498006.333555, +23 cols
    [CG]   [DIAG] iter=1 posCols=23 newCols=23 effImprove=23 updated=0
    [CG] CG iter 2: obj=160417722.649943, maxRC=10627810.276104, +17 cols
    [CG]   [DIAG] iter=2 posCols=17 newCols=17 effImprove=17 updated=0
    [CG] CG iter 3: obj=166715722.775838, maxRC=6252898.338339, +11 cols
    [CG]   [DIAG] iter=3 posCols=11 newCols=11 effImprove=11 updated=0
    [CG] CG iter 1: obj=143259857.412296, maxRC=59519752.128890, +23 cols
    [CG]   [DIAG] iter=1 posCols=23 newCols=23 effImprove=23 updated=0
    [CG] CG iter 4: obj=169353045.112747, maxRC=4064968.406278, +5 cols
    [CG]   [DIAG] iter=4 posCols=5 newCols=5 effImprove=5 updated=0
    [CG] CG iter 1: obj=142810706.555160, maxRC=59466634.695153, +23 cols
    [CG] CG iter 1: obj=142940334.031231, maxRC=59506464.142557, +23 cols
    [CG]   [DIAG] iter=1 posCols=23 newCols=23 effImprove=23 updated=0
    [CG]   [DIAG] iter=1 posCols=23 newCols=23 effImprove=23 updated=0
    [CG] 列生成收敛，共 5 轮迭代
    [CG] [CG-NODE] depth=0 exit=CERTIFIED certified=1 feasible=1 iters=5 generatedColsBeforeNode=0 newCols=56 posCandidates=56 duplicateCandidates=0 updatedCols=0 zeroObjImproveIters=0 objFirst=142903617.030307 objLast=173584281.698779 objGain=30680664.668472 maxRC=59498006.333555 wallSec=0.013824 pricingSec=0.009182 cplexSolveSec=0.002560
    [CG] CG iter 1: obj=142797383.190926, maxRC=59497593.772325, +23 cols
    [CG] CG iter 1: obj=143250969.851351, maxRC=59519766.156755, +23 cols
    [CG] CG iter 1: obj=142921321.838312, maxRC=59492532.429094, +23 cols
      [BB] 根节点即为整数解，obj=173584281.698779
    [CG] CG iter 1: obj=142936115.016883, maxRC=59507648.531314, +23 cols
    [CG]   [DIAG] iter=1 posCols=23 newCols=23 effImprove=23 updated=0
    [CG]   [DIAG] iter=1 posCols=23 newCols=23 effImprove=23 updated=0
    [CG]   [DIAG] iter=1 posCols=23 newCols=23 effImprove=23 updated=0
    [CG]   [DIAG] iter=1 posCols=23 newCols=23 effImprove=23 updated=0
    [CG] CG iter 2: obj=160626622.165305, maxRC=10623485.371715, +17 cols
    [CG]   [DIAG] iter=2 posCols=17 newCols=17 effImprove=17 updated=0
    [CG] CG iter 2: obj=160309735.373727, maxRC=10619041.592713, +17 cols
    [CG] CG iter 2: obj=160615756.115810, maxRC=10630786.574044, +17 cols
    [CG]   [DIAG] iter=2 posCols=17 newCols=17 effImprove=17 updated=0
    [CG]   [DIAG] iter=2 posCols=17 newCols=17 effImprove=17 updated=0
    [CG] CG iter 2: obj=160606051.576137, maxRC=10649874.217486, +17 cols
    [CG]   [DIAG] iter=2 posCols=17 newCols=17 effImprove=17 updated=0
    [CG] CG iter 2: obj=160451983.756592, maxRC=10648490.736641, +17 cols
    [CG] CG iter 2: obj=160617743.938799, maxRC=10623491.311119, +17 cols
    [CG] CG iter 2: obj=160614079.288623, maxRC=10632079.331669, +17 cols
    [CG]   [DIAG] iter=2 posCols=17 newCols=17 effImprove=17 updated=0
    [CG]   [DIAG] iter=2 posCols=17 newCols=17 effImprove=17 updated=0
    [CG]   [DIAG] iter=2 posCols=17 newCols=17 effImprove=17 updated=0
    [CG] CG iter 3: obj=167020943.412979, maxRC=6255291.398729, +12 cols
    [CG]   [DIAG] iter=3 posCols=12 newCols=12 effImprove=12 updated=0
    [CG] 列生成开始，初始列数=128
    [CG] CG iter 3: obj=166668795.006069, maxRC=6242543.917023, +12 cols
    [CG]   [DIAG] iter=3 posCols=12 newCols=12 effImprove=12 updated=0
    [CG] CG iter 3: obj=166953718.822875, maxRC=6276686.758424, +11 cols
    [CG]   [DIAG] iter=3 posCols=11 newCols=11 effImprove=11 updated=0
    [CG] CG iter 3: obj=166967124.684338, maxRC=6260447.581517, +11 cols
    [CG]   [DIAG] iter=3 posCols=11 newCols=11 effImprove=11 updated=0
    [CG] CG iter 4: obj=169719372.470091, maxRC=4143810.470722, +5 cols
    [CG]   [DIAG] iter=4 posCols=5 newCols=5 effImprove=5 updated=0
    [CG] CG iter 3: obj=166949693.740976, maxRC=6275784.879870, +11 cols
    [CG]   [DIAG] iter=3 posCols=11 newCols=11 effImprove=11 updated=0
    [CG] CG iter 3: obj=166805659.182760, maxRC=6264048.382648, +12 cols
    [CG] CG iter 3: obj=167012060.776787, maxRC=6255295.046714, +12 cols
    [CG] CG iter 4: obj=169362359.112513, maxRC=4131448.030516, +5 cols
    [CG]   [DIAG] iter=3 posCols=12 newCols=12 effImprove=12 updated=0
    [CG]   [DIAG] iter=3 posCols=12 newCols=12 effImprove=12 updated=0
    [CG]   [DIAG] iter=4 posCols=5 newCols=5 effImprove=5 updated=0
    [CG] CG iter 4: obj=169600844.424126, maxRC=4093075.469660, +5 cols
    [CG] 列生成收敛，共 5 轮迭代
    [CG] [CG-NODE] depth=0 exit=CERTIFIED certified=1 feasible=1 iters=5 generatedColsBeforeNode=0 newCols=57 posCandidates=57 duplicateCandidates=0 updatedCols=0 zeroObjImproveIters=0 objFirst=143259857.412296 objLast=173937768.557962 objGain=30677911.145666 maxRC=59519752.128890 wallSec=0.017956 pricingSec=0.012125 cplexSolveSec=0.003191
    [CG]   [DIAG] iter=4 posCols=5 newCols=5 effImprove=5 updated=0
    [CG] CG iter 4: obj=169648733.870322, maxRC=4116513.377902, +5 cols
    [CG]   [DIAG] iter=4 posCols=5 newCols=5 effImprove=5 updated=0
    [CG] CG iter 4: obj=169596037.916123, maxRC=4090684.163251, +5 cols
      [BB] 根节点即为整数解，obj=173937768.557962
    [CG]   [DIAG] iter=4 posCols=5 newCols=5 effImprove=5 updated=0
    [CG] 列生成收敛，共 5 轮迭代
    [CG] [CG-NODE] depth=0 exit=CERTIFIED certified=1 feasible=1 iters=5 generatedColsBeforeNode=0 newCols=57 posCandidates=57 duplicateCandidates=0 updatedCols=0 zeroObjImproveIters=0 objFirst=142810706.555160 objLast=173586483.168699 objGain=30775776.613539 maxRC=59466634.695153 wallSec=0.018473 pricingSec=0.012654 cplexSolveSec=0.003094
      [BB] 根节点即为整数解，obj=173586483.168699
    [CG] 列生成收敛，共 5 轮迭代
    [CG] [CG-NODE] depth=0 exit=CERTIFIED certified=1 feasible=1 iters=5 generatedColsBeforeNode=0 newCols=56 posCandidates=56 duplicateCandidates=0 updatedCols=0 zeroObjImproveIters=0 objFirst=142940334.031231 objLast=173816823.975478 objGain=30876489.944247 maxRC=59506464.142557 wallSec=0.018677 pricingSec=0.012583 cplexSolveSec=0.003290
    [CG] 列生成收敛，共 5 轮迭代
    [CG] [CG-NODE] depth=0 exit=CERTIFIED certified=1 feasible=1 iters=5 generatedColsBeforeNode=0 newCols=56 posCandidates=56 duplicateCandidates=0 updatedCols=0 zeroObjImproveIters=0 objFirst=142797383.190926 objLast=173859137.902253 objGain=31061754.711327 maxRC=59497593.772325 wallSec=0.018650 pricingSec=0.012488 cplexSolveSec=0.003286
    [CG] CG iter 4: obj=169494549.244941, maxRC=4121603.589707, +5 cols
    [CG] 列生成收敛，共 5 轮迭代
    [CG]   [DIAG] iter=4 posCols=5 newCols=5 effImprove=5 updated=0
    [CG] [CG-NODE] depth=0 exit=CERTIFIED certified=1 feasible=1 iters=5 generatedColsBeforeNode=0 newCols=56 posCandidates=56 duplicateCandidates=0 updatedCols=0 zeroObjImproveIters=0 objFirst=142936115.016883 objLast=173812526.120525 objGain=30876411.103642 maxRC=59507648.531314 wallSec=0.018354 pricingSec=0.012353 cplexSolveSec=0.003194
    [CG] CG iter 4: obj=169710488.745176, maxRC=4143798.003084, +5 cols
      [BB] 根节点即为整数解，obj=173816823.975478
    [CG]   [DIAG] iter=4 posCols=5 newCols=5 effImprove=5 updated=0
      [BB] 根节点即为整数解，obj=173859137.902253
      [BB] 根节点即为整数解，obj=173812526.120525
    [CG] 列生成收敛，共 5 轮迭代
    [CG] 列生成收敛，共 5 轮迭代
    [CG] [CG-NODE] depth=0 exit=CERTIFIED certified=1 feasible=1 iters=5 generatedColsBeforeNode=0 newCols=57 posCandidates=57 duplicateCandidates=0 updatedCols=0 zeroObjImproveIters=0 objFirst=143250969.851351 objLast=173928882.956017 objGain=30677913.104666 maxRC=59519766.156755 wallSec=0.019683 pricingSec=0.013060 cplexSolveSec=0.003640
    [CG] [CG-NODE] depth=0 exit=CERTIFIED certified=1 feasible=1 iters=5 generatedColsBeforeNode=0 newCols=57 posCandidates=57 duplicateCandidates=0 updatedCols=0 zeroObjImproveIters=0 objFirst=142921321.838312 objLast=173702682.610521 objGain=30781360.772209 maxRC=59492532.429094 wallSec=0.019612 pricingSec=0.013026 cplexSolveSec=0.003578
      [BB] 根节点即为整数解，obj=173928882.956017
      [BB] 根节点即为整数解，obj=173702682.610521
    [CG] 列生成开始，初始列数=128
    [CG] 列生成开始，初始列数=128
    [CG] 列生成开始，初始列数=128
    [CG] 列生成开始，初始列数=128
    [CG] 列生成开始，初始列数=128
    [CG] 列生成开始，初始列数=128
    [CG] 列生成开始，初始列数=128
    [CG] CG iter 1: obj=143032339.751735, maxRC=59492532.429094, +23 cols
    [CG]   [DIAG] iter=1 posCols=23 newCols=23 effImprove=23 updated=0
    [CG] CG iter 1: obj=142852368.323025, maxRC=59485035.939492, +23 cols
    [CG]   [DIAG] iter=1 posCols=23 newCols=23 effImprove=23 updated=0
    [CG] CG iter 2: obj=160508177.101406, maxRC=10636280.984717, +17 cols
    [CG]   [DIAG] iter=2 posCols=17 newCols=17 effImprove=17 updated=0
    [CG] CG iter 1: obj=142787483.735890, maxRC=59497593.772325, +23 cols
    [CG] CG iter 1: obj=142995261.706057, maxRC=59510895.640149, +23 cols
    [CG] CG iter 2: obj=160490144.148565, maxRC=10636105.927211, +17 cols
    [CG]   [DIAG] iter=2 posCols=17 newCols=17 effImprove=17 updated=0
    [CG]   [DIAG] iter=1 posCols=23 newCols=23 effImprove=23 updated=0
    [CG]   [DIAG] iter=1 posCols=23 newCols=23 effImprove=23 updated=0
    [CG] CG iter 3: obj=166887741.200808, maxRC=6250985.223218, +12 cols
    [CG]   [DIAG] iter=3 posCols=12 newCols=12 effImprove=12 updated=0
    [CG] CG iter 2: obj=160594775.014509, maxRC=10649874.217486, +17 cols
    [CG] CG iter 3: obj=166854744.440680, maxRC=6261288.437293, +11 cols
    [CG]   [DIAG] iter=3 posCols=11 newCols=11 effImprove=11 updated=0
    [CG]   [DIAG] iter=2 posCols=17 newCols=17 effImprove=17 updated=0
    [CG] CG iter 4: obj=169589692.943524, maxRC=4140445.939762, +5 cols
    [CG]   [DIAG] iter=4 posCols=5 newCols=5 effImprove=5 updated=0
    [CG] CG iter 2: obj=160608845.118402, maxRC=10621105.193845, +17 cols
    [CG]   [DIAG] iter=2 posCols=17 newCols=17 effImprove=17 updated=0
    [CG] CG iter 4: obj=169537087.323107, maxRC=4125910.649478, +5 cols
    [CG]   [DIAG] iter=4 posCols=5 newCols=5 effImprove=5 updated=0
    [CG] 列生成收敛，共 5 轮迭代
    [CG] [CG-NODE] depth=0 exit=CERTIFIED certified=1 feasible=1 iters=5 generatedColsBeforeNode=0 newCols=57 posCandidates=57 duplicateCandidates=0 updatedCols=0 zeroObjImproveIters=0 objFirst=143032339.751735 objLast=173803236.514276 objGain=30770896.762542 maxRC=59492532.429094 wallSec=0.015446 pricingSec=0.010979 cplexSolveSec=0.002557
    [CG] CG iter 3: obj=166955848.122710, maxRC=6260447.581517, +11 cols
    [CG]   [DIAG] iter=3 posCols=11 newCols=11 effImprove=11 updated=0
      [BB] 根节点即为整数解，obj=173803236.514276
    [CG] 列生成收敛，共 5 轮迭代
    [CG] [CG-NODE] depth=0 exit=CERTIFIED certified=1 feasible=1 iters=5 generatedColsBeforeNode=0 newCols=56 posCandidates=56 duplicateCandidates=0 updatedCols=0 zeroObjImproveIters=0 objFirst=142852368.323025 objLast=173748826.101815 objGain=30896457.778790 maxRC=59485035.939492 wallSec=0.011148 pricingSec=0.007216 cplexSolveSec=0.002119
      [BB] 根节点即为整数解，obj=173748826.101815
    [CG] CG iter 4: obj=169637457.308695, maxRC=4116513.377902, +5 cols
    [CG]   [DIAG] iter=4 posCols=5 newCols=5 effImprove=5 updated=0
    [CG] CG iter 3: obj=166925760.019139, maxRC=6288884.448449, +11 cols
    [CG]   [DIAG] iter=3 posCols=11 newCols=11 effImprove=11 updated=0
    [CG] 列生成收敛，共 5 轮迭代
    [CG] [CG-NODE] depth=0 exit=CERTIFIED certified=1 feasible=1 iters=5 generatedColsBeforeNode=0 newCols=56 posCandidates=56 duplicateCandidates=0 updatedCols=0 zeroObjImproveIters=0 objFirst=142787483.735890 objLast=173847861.340626 objGain=31060377.604736 maxRC=59497593.772325 wallSec=0.011214 pricingSec=0.007251 cplexSolveSec=0.002025
      [BB] 根节点即为整数解，obj=173847861.340626
    [CG] CG iter 4: obj=169546486.414204, maxRC=4072889.706714, +5 cols
    [CG]   [DIAG] iter=4 posCols=5 newCols=5 effImprove=5 updated=0
    [CG] 列生成收敛，共 5 轮迭代
    [CG] [CG-NODE] depth=0 exit=CERTIFIED certified=1 feasible=1 iters=5 generatedColsBeforeNode=0 newCols=56 posCandidates=56 duplicateCandidates=0 updatedCols=0 zeroObjImproveIters=0 objFirst=142995261.706057 objLast=173765032.977906 objGain=30769771.271849 maxRC=59510895.640149 wallSec=0.013488 pricingSec=0.008905 cplexSolveSec=0.002439
      [BB] 根节点即为整数解，obj=173765032.977906
    [CG] CG iter 1: obj=142788485.695063, maxRC=59497593.772325, +23 cols
    [CG]   [DIAG] iter=1 posCols=23 newCols=23 effImprove=23 updated=0
    [CG] CG iter 1: obj=143180528.026260, maxRC=59519752.128890, +23 cols
    [CG] 列生成开始，初始列数=128
    [CG]   [DIAG] iter=1 posCols=23 newCols=23 effImprove=23 updated=0
    [CG] 列生成开始，初始列数=128
    [CG] CG iter 2: obj=160597154.080273, maxRC=10649874.217486, +17 cols
    [CG] CG iter 1: obj=142608721.602979, maxRC=59517605.013122, +23 cols
    [CG]   [DIAG] iter=2 posCols=17 newCols=17 effImprove=17 updated=0
    [CG]   [DIAG] iter=1 posCols=23 newCols=23 effImprove=23 updated=0
    [CG] 列生成开始，初始列数=128
    [CG] CG iter 1: obj=143176539.172165, maxRC=59498079.568392, +23 cols
    [CG]   [DIAG] iter=1 posCols=23 newCols=23 effImprove=23 updated=0
    [CG] CG iter 2: obj=160559755.974992, maxRC=10623485.371715, +17 cols
    [CG]   [DIAG] iter=2 posCols=17 newCols=17 effImprove=17 updated=0
    [CG] 列生成开始，初始列数=128
    [CG] CG iter 3: obj=166958227.188474, maxRC=6260447.581517, +11 cols
    [CG]   [DIAG] iter=3 posCols=11 newCols=11 effImprove=11 updated=0
    [CG] CG iter 2: obj=160269661.120122, maxRC=10622993.525551, +17 cols
    [CG]   [DIAG] iter=2 posCols=17 newCols=17 effImprove=17 updated=0
    [CG] CG iter 2: obj=160558289.237868, maxRC=10609080.885163, +17 cols
    [CG]   [DIAG] iter=2 posCols=17 newCols=17 effImprove=17 updated=0
    [CG] CG iter 3: obj=166944247.187034, maxRC=6257921.521264, +12 cols
    [CG] CG iter 4: obj=169639836.374459, maxRC=4116513.377902, +5 cols
    [CG]   [DIAG] iter=3 posCols=12 newCols=12 effImprove=12 updated=0
    [CG]   [DIAG] iter=4 posCols=5 newCols=5 effImprove=5 updated=0
    [CG] CG iter 3: obj=166471047.327159, maxRC=5744539.355864, +10 cols
    [CG] 列生成收敛，共 5 轮迭代
    [CG] [CG-NODE] depth=0 exit=CERTIFIED certified=1 feasible=1 iters=5 generatedColsBeforeNode=0 newCols=56 posCandidates=56 duplicateCandidates=0 updatedCols=0 zeroObjImproveIters=0 objFirst=142788485.695063 objLast=173850240.406390 objGain=31061754.711327 maxRC=59497593.772325 wallSec=0.017221 pricingSec=0.011442 cplexSolveSec=0.003060
    [CG]   [DIAG] iter=3 posCols=10 newCols=10 effImprove=10 updated=0
    [CG] CG iter 4: obj=169645301.629974, maxRC=4139324.021068, +5 cols
    [CG]   [DIAG] iter=4 posCols=5 newCols=5 effImprove=5 updated=0
      [BB] 根节点即为整数解，obj=173850240.406390
    [CG] CG iter 3: obj=166944645.112436, maxRC=6251331.371184, +12 cols
    [CG]   [DIAG] iter=3 posCols=12 newCols=12 effImprove=12 updated=0
    [CG] CG iter 4: obj=173213627.215510, maxRC=1148672.582190, +2 cols
    [CG] 列生成收敛，共 5 轮迭代
    [CG] [CG-NODE] depth=0 exit=CERTIFIED certified=1 feasible=1 iters=5 generatedColsBeforeNode=0 newCols=57 posCandidates=57 duplicateCandidates=0 updatedCols=0 zeroObjImproveIters=0 objFirst=143180528.026260 objLast=173865477.582173 objGain=30684949.555913 maxRC=59519752.128890 wallSec=0.018126 pricingSec=0.012336 cplexSolveSec=0.003030
    [CG]   [DIAG] iter=4 posCols=2 newCols=2 effImprove=2 updated=0
      [BB] 根节点即为整数解，obj=173865477.582173
    [CG] CG iter 4: obj=169639109.405296, maxRC=4143600.919267, +5 cols
    [CG]   [DIAG] iter=4 posCols=5 newCols=5 effImprove=5 updated=0
    [CG] 列生成收敛，共 5 轮迭代
    [CG] CG iter 1: obj=142920767.468026, maxRC=59492532.429094, +23 cols
    [CG] [CG-NODE] depth=0 exit=CERTIFIED certified=1 feasible=1 iters=5 generatedColsBeforeNode=0 newCols=52 posCandidates=52 duplicateCandidates=0 updatedCols=0 zeroObjImproveIters=0 objFirst=142608721.602979 objLast=173364259.265213 objGain=30755537.662234 maxRC=59517605.013122 wallSec=0.017257 pricingSec=0.011811 cplexSolveSec=0.002886
    [CG]   [DIAG] iter=1 posCols=23 newCols=23 effImprove=23 updated=0
      [BB] 根节点即为整数解，obj=173364259.265213
    [CG] 列生成收敛，共 5 轮迭代
    [CG] [CG-NODE] depth=0 exit=CERTIFIED certified=1 feasible=1 iters=5 generatedColsBeforeNode=0 newCols=57 posCandidates=57 duplicateCandidates=0 updatedCols=0 zeroObjImproveIters=0 objFirst=143176539.172165 objLast=173862958.415012 objGain=30686419.242848 maxRC=59498079.568392 wallSec=0.017677 pricingSec=0.011940 cplexSolveSec=0.003009
      [BB] 根节点即为整数解，obj=173862958.415012
    [CG] CG iter 2: obj=160486736.403622, maxRC=10648490.736641, +17 cols
    [CG]   [DIAG] iter=2 posCols=17 newCols=17 effImprove=17 updated=0
    [CG] 列生成开始，初始列数=128
    [CG] CG iter 3: obj=166838310.870130, maxRC=6258911.433048, +11 cols
    [CG]   [DIAG] iter=3 posCols=11 newCols=11 effImprove=11 updated=0
    [CG] CG iter 4: obj=169522063.982711, maxRC=4117104.584417, +5 cols
    [CG]   [DIAG] iter=4 posCols=5 newCols=5 effImprove=5 updated=0
    [CG] 列生成开始，初始列数=128
    [CG] 列生成收敛，共 5 轮迭代
    [CG] [CG-NODE] depth=0 exit=CERTIFIED certified=1 feasible=1 iters=5 generatedColsBeforeNode=0 newCols=56 posCandidates=56 duplicateCandidates=0 updatedCols=0 zeroObjImproveIters=0 objFirst=142920767.468026 objLast=173732015.079044 objGain=30811247.611019 maxRC=59492532.429094 wallSec=0.009436 pricingSec=0.005695 cplexSolveSec=0.001845
      [BB] 根节点即为整数解，obj=173732015.079044
    [CG] 列生成开始，初始列数=128
    [CG] 列生成开始，初始列数=128
    [CG] CG iter 1: obj=143051947.495684, maxRC=59484297.186644, +23 cols
    [CG]   [DIAG] iter=1 posCols=23 newCols=23 effImprove=23 updated=0
    [CG] 列生成开始，初始列数=128
    [CG] CG iter 2: obj=160506009.121984, maxRC=10622156.565165, +17 cols
    [CG]   [DIAG] iter=2 posCols=17 newCols=17 effImprove=17 updated=0
    [CG] CG iter 1: obj=143099953.420656, maxRC=59510462.823692, +23 cols
    [CG] CG iter 3: obj=166891737.024775, maxRC=6258390.230286, +12 cols
    [CG]   [DIAG] iter=3 posCols=12 newCols=12 effImprove=12 updated=0
    [CG]   [DIAG] iter=1 posCols=23 newCols=23 effImprove=23 updated=0
    [CG] CG iter 1: obj=142981373.148600, maxRC=59512668.663326, +23 cols
    [CG]   [DIAG] iter=1 posCols=23 newCols=23 effImprove=23 updated=0
    [CG] CG iter 4: obj=169598700.755543, maxRC=4151386.917646, +5 cols
    [CG]   [DIAG] iter=4 posCols=5 newCols=5 effImprove=5 updated=0
    [CG] CG iter 1: obj=142786106.348243, maxRC=59497593.772325, +23 cols
    [CG]   [DIAG] iter=1 posCols=23 newCols=23 effImprove=23 updated=0
    [CG] 列生成收敛，共 5 轮迭代
    [CG] [CG-NODE] depth=0 exit=CERTIFIED certified=1 feasible=1 iters=5 generatedColsBeforeNode=0 newCols=57 posCandidates=57 duplicateCandidates=0 updatedCols=0 zeroObjImproveIters=0 objFirst=143051947.495684 objLast=173813671.758564 objGain=30761724.262880 maxRC=59484297.186644 wallSec=0.014887 pricingSec=0.010001 cplexSolveSec=0.002591
      [BB] 根节点即为整数解，obj=173813671.758564
    [CG] CG iter 2: obj=160431713.773887, maxRC=10619772.340327, +17 cols
    [CG] CG iter 2: obj=160623959.580162, maxRC=10623321.672154, +17 cols
    [CG]   [DIAG] iter=2 posCols=17 newCols=17 effImprove=17 updated=0
    [CG]   [DIAG] iter=2 posCols=17 newCols=17 effImprove=17 updated=0
    [CG] CG iter 1: obj=143216139.144102, maxRC=59490317.610243, +23 cols
    [CG]   [DIAG] iter=1 posCols=23 newCols=23 effImprove=23 updated=0
    [CG] CG iter 1: obj=142812870.690944, maxRC=59492583.005338, +23 cols
    [CG]   [DIAG] iter=1 posCols=23 newCols=23 effImprove=23 updated=0
    [CG] CG iter 2: obj=160594774.497153, maxRC=10649874.217486, +17 cols
    [CG] CG iter 3: obj=166795494.688321, maxRC=6267098.827779, +12 cols
    [CG]   [DIAG] iter=3 posCols=12 newCols=12 effImprove=12 updated=0
    [CG]   [DIAG] iter=2 posCols=17 newCols=17 effImprove=17 updated=0
    [CG] CG iter 3: obj=167015526.651520, maxRC=6256325.645848, +12 cols
    [CG]   [DIAG] iter=3 posCols=12 newCols=12 effImprove=12 updated=0
    [CG] CG iter 2: obj=160558585.022861, maxRC=10604124.301761, +17 cols
    [CG] CG iter 4: obj=169475234.120598, maxRC=4122102.293181, +5 cols
    [CG]   [DIAG] iter=4 posCols=5 newCols=5 effImprove=5 updated=0
    [CG]   [DIAG] iter=2 posCols=17 newCols=17 effImprove=17 updated=0
    [CG] CG iter 4: obj=169711256.756652, maxRC=4141548.168757, +5 cols
    [CG] CG iter 2: obj=160453553.259399, maxRC=10648490.736641, +17 cols
    [CG]   [DIAG] iter=4 posCols=5 newCols=5 effImprove=5 updated=0
    [CG]   [DIAG] iter=2 posCols=17 newCols=17 effImprove=17 updated=0
    [CG] 列生成收敛，共 5 轮迭代
    [CG] [CG-NODE] depth=0 exit=CERTIFIED certified=1 feasible=1 iters=5 generatedColsBeforeNode=0 newCols=57 posCandidates=57 duplicateCandidates=0 updatedCols=0 zeroObjImproveIters=0 objFirst=142981373.148600 objLast=173695688.058639 objGain=30714314.910039 maxRC=59512668.663326 wallSec=0.010344 pricingSec=0.006713 cplexSolveSec=0.001939
    [CG] CG iter 3: obj=166955847.723504, maxRC=6260447.463366, +11 cols
    [CG]   [DIAG] iter=3 posCols=11 newCols=11 effImprove=11 updated=0
      [BB] 根节点即为整数解，obj=173695688.058639
    [CG] 列生成收敛，共 5 轮迭代
    [CG] [CG-NODE] depth=0 exit=CERTIFIED certified=1 feasible=1 iters=5 generatedColsBeforeNode=0 newCols=57 posCandidates=57 duplicateCandidates=0 updatedCols=0 zeroObjImproveIters=0 objFirst=143099953.420656 objLast=173929622.287267 objGain=30829668.866610 maxRC=59510462.823692 wallSec=0.017129 pricingSec=0.011774 cplexSolveSec=0.002669
    [CG] 列生成开始，初始列数=128
    [CG] CG iter 3: obj=166955868.142406, maxRC=6257400.955147, +12 cols
    [CG]   [DIAG] iter=3 posCols=12 newCols=12 effImprove=12 updated=0
      [BB] 根节点即为整数解，obj=173929622.287267
    [CG] CG iter 4: obj=169637456.791338, maxRC=4116513.377902, +5 cols
    [CG]   [DIAG] iter=4 posCols=5 newCols=5 effImprove=5 updated=0
    [CG] CG iter 3: obj=166747876.187664, maxRC=6285813.822715, +11 cols
    [CG]   [DIAG] iter=3 posCols=11 newCols=11 effImprove=11 updated=0
    [CG] CG iter 4: obj=169656402.019228, maxRC=4156706.686721, +5 cols
    [CG] CG iter 1: obj=143085931.827245, maxRC=59387916.604561, +23 cols
    [CG]   [DIAG] iter=4 posCols=5 newCols=5 effImprove=5 updated=0
    [CG] 列生成收敛，共 5 轮迭代
    [CG] [CG-NODE] depth=0 exit=CERTIFIED certified=1 feasible=1 iters=5 generatedColsBeforeNode=0 newCols=56 posCandidates=56 duplicateCandidates=0 updatedCols=0 zeroObjImproveIters=0 objFirst=142786106.348243 objLast=173847860.823270 objGain=31061754.475027 maxRC=59497593.772325 wallSec=0.016934 pricingSec=0.011710 cplexSolveSec=0.002788
    [CG]   [DIAG] iter=1 posCols=23 newCols=23 effImprove=23 updated=0
      [BB] 根节点即为整数解，obj=173847860.823270
    [CG] 列生成收敛，共 5 轮迭代
    [CG] [CG-NODE] depth=0 exit=CERTIFIED certified=1 feasible=1 iters=5 generatedColsBeforeNode=0 newCols=57 posCandidates=57 duplicateCandidates=0 updatedCols=0 zeroObjImproveIters=0 objFirst=143216139.144102 objLast=173876860.835898 objGain=30660721.691796 maxRC=59490317.610243 wallSec=0.011079 pricingSec=0.007138 cplexSolveSec=0.002176
    [CG] CG iter 4: obj=169380186.233528, maxRC=4066285.420250, +5 cols
    [CG]   [DIAG] iter=4 posCols=5 newCols=5 effImprove=5 updated=0
      [BB] 根节点即为整数解，obj=173876860.835898
    [CG] 列生成开始，初始列数=128
    [CG] 列生成收敛，共 5 轮迭代
    [CG] [CG-NODE] depth=0 exit=CERTIFIED certified=1 feasible=1 iters=5 generatedColsBeforeNode=0 newCols=56 posCandidates=56 duplicateCandidates=0 updatedCols=0 zeroObjImproveIters=0 objFirst=142812870.690944 objLast=173589996.059293 objGain=30777125.368349 maxRC=59492583.005338 wallSec=0.012561 pricingSec=0.008209 cplexSolveSec=0.002375
    [CG] 列生成开始，初始列数=128
      [BB] 根节点即为整数解，obj=173589996.059293
    [CG] CG iter 2: obj=160356423.024615, maxRC=10569340.459939, +17 cols
    [CG]   [DIAG] iter=2 posCols=17 newCols=17 effImprove=17 updated=0
    [CG] CG iter 1: obj=142583159.398134, maxRC=59493461.770802, +23 cols
    [CG]   [DIAG] iter=1 posCols=23 newCols=23 effImprove=23 updated=0
    [CG] CG iter 3: obj=166757345.610917, maxRC=6256980.310324, +12 cols
    [CG]   [DIAG] iter=3 posCols=12 newCols=12 effImprove=12 updated=0
    [CG] CG iter 4: obj=169466909.676546, maxRC=4194910.560923, +5 cols
    [CG]   [DIAG] iter=4 posCols=5 newCols=5 effImprove=5 updated=0
    [CG] CG iter 2: obj=160454789.631723, maxRC=10658683.792267, +17 cols
    [CG]   [DIAG] iter=2 posCols=17 newCols=17 effImprove=17 updated=0
    [CG] CG iter 1: obj=142417237.456371, maxRC=59512668.663326, +23 cols
    [CG]   [DIAG] iter=1 posCols=23 newCols=23 effImprove=23 updated=0
    [CG] 列生成收敛，共 5 轮迭代
    [CG] [CG-NODE] depth=0 exit=CERTIFIED certified=1 feasible=1 iters=5 generatedColsBeforeNode=0 newCols=57 posCandidates=57 duplicateCandidates=0 updatedCols=0 zeroObjImproveIters=0 objFirst=143085931.827245 objLast=173684858.639503 objGain=30598926.812259 maxRC=59387916.604561 wallSec=0.014305 pricingSec=0.009028 cplexSolveSec=0.003079
    [CG] CG iter 1: obj=142849105.728254, maxRC=59512668.663326, +23 cols
    [CG]   [DIAG] iter=1 posCols=23 newCols=23 effImprove=23 updated=0
      [BB] 根节点即为整数解，obj=173684858.639503
    [CG] CG iter 3: obj=166799867.564503, maxRC=6269800.421772, +12 cols
    [CG]   [DIAG] iter=3 posCols=12 newCols=12 effImprove=12 updated=0
    [CG] CG iter 2: obj=160151747.918356, maxRC=10619772.340327, +17 cols
    [CG]   [DIAG] iter=2 posCols=17 newCols=17 effImprove=17 updated=0
    [CG] CG iter 4: obj=169494251.302224, maxRC=4114180.402988, +5 cols
    [CG]   [DIAG] iter=4 posCols=5 newCols=5 effImprove=5 updated=0
    [CG] CG iter 2: obj=160439181.264351, maxRC=10619772.340327, +17 cols
    [CG]   [DIAG] iter=2 posCols=17 newCols=17 effImprove=17 updated=0
    [CG] CG iter 3: obj=166274276.495494, maxRC=5695626.815058, +10 cols
    [CG]   [DIAG] iter=3 posCols=10 newCols=10 effImprove=10 updated=0
    [CG] 列生成收敛，共 5 轮迭代
    [CG] [CG-NODE] depth=0 exit=CERTIFIED certified=1 feasible=1 iters=5 generatedColsBeforeNode=0 newCols=57 posCandidates=57 duplicateCandidates=0 updatedCols=0 zeroObjImproveIters=0 objFirst=142583159.398134 objLast=173701523.827515 objGain=31118364.429381 maxRC=59493461.770802 wallSec=0.017880 pricingSec=0.012309 cplexSolveSec=0.002899
      [BB] 根节点即为整数解，obj=173701523.827515
    [CG] CG iter 4: obj=172902502.221588, maxRC=1164340.275750, +2 cols
    [CG]   [DIAG] iter=4 posCols=2 newCols=2 effImprove=2 updated=0
    [CG] CG iter 1: obj=142584866.268165, maxRC=59493461.770802, +23 cols
    [CG] CG iter 3: obj=166732358.024652, maxRC=6297616.371779, +11 cols
    [CG]   [DIAG] iter=3 posCols=11 newCols=11 effImprove=11 updated=0
    [CG]   [DIAG] iter=1 posCols=23 newCols=23 effImprove=23 updated=0
    [CG] 列生成收敛，共 5 轮迭代
    [CG] [CG-NODE] depth=0 exit=CERTIFIED certified=1 feasible=1 iters=5 generatedColsBeforeNode=0 newCols=52 posCandidates=52 duplicateCandidates=0 updatedCols=0 zeroObjImproveIters=0 objFirst=142417237.456371 objLast=173134243.586302 objGain=30717006.129931 maxRC=59512668.663326 wallSec=0.008227 pricingSec=0.005168 cplexSolveSec=0.001668
      [BB] 根节点即为整数解，obj=173134243.586302
    [CG] CG iter 4: obj=169341619.315406, maxRC=4055922.946122, +5 cols
    [CG]   [DIAG] iter=4 posCols=5 newCols=5 effImprove=5 updated=0
    [CG] 列生成收敛，共 5 轮迭代
    [CG] [CG-NODE] depth=0 exit=CERTIFIED certified=1 feasible=1 iters=5 generatedColsBeforeNode=0 newCols=56 posCandidates=56 duplicateCandidates=0 updatedCols=0 zeroObjImproveIters=0 objFirst=142849105.728254 objLast=173562151.670574 objGain=30713045.942320 maxRC=59512668.663326 wallSec=0.010024 pricingSec=0.006438 cplexSolveSec=0.001938
    [CG] CG iter 2: obj=160406091.104128, maxRC=10697359.266260, +17 cols
    [CG]   [DIAG] iter=2 posCols=17 newCols=17 effImprove=17 updated=0
      [BB] 根节点即为整数解，obj=173562151.670574
    [CG] CG iter 3: obj=166735169.759430, maxRC=6256373.449721, +12 cols
    [CG]   [DIAG] iter=3 posCols=12 newCols=12 effImprove=12 updated=0
    [CG] CG iter 4: obj=169427974.739798, maxRC=4098262.479085, +5 cols
    [CG]   [DIAG] iter=4 posCols=5 newCols=5 effImprove=5 updated=0
    [CG] 列生成收敛，共 5 轮迭代
    [CG] [CG-NODE] depth=0 exit=CERTIFIED certified=1 feasible=1 iters=5 generatedColsBeforeNode=0 newCols=57 posCandidates=57 duplicateCandidates=0 updatedCols=0 zeroObjImproveIters=0 objFirst=142584866.268165 objLast=173625039.185710 objGain=31040172.917545 maxRC=59493461.770802 wallSec=0.016067 pricingSec=0.010736 cplexSolveSec=0.002918
      [BB] 根节点即为整数解，obj=173625039.185710
[GA] 代数 7: Best=173966657.22, Avg=173762123.48, Worst=173163129.27, Valid=30/30, 耗时=0.07s (连续7代未提升)
  ├─ 求解: 30 个体 fork 并行 | CG迭代=140 加列=1574 BB分支=0
  ├─ 并行墙钟=0.0678s | 串行等效(ΣBP)=0.4341s | 加速比=6.40x
  ├─ 管理开销=-0.3663s (fork=0.0044 wait=0.0629 merge=0.0005)
  └─ CG明细: gen_logs/run_gen7_ind{0..29}.log
    [CG] 列生成开始，初始列数=128
    [CG] 列生成开始，初始列数=128
    [CG] 列生成开始，初始列数=128
    [CG] 列生成开始，初始列数=128
    [CG] 列生成开始，初始列数=128
    [CG] 列生成开始，初始列数=128
    [CG] 列生成开始，初始列数=128
    [CG] 列生成开始，初始列数=128
    [CG] CG iter 1: obj=142852370.868717, maxRC=59485035.939492, +23 cols
    [CG]   [DIAG] iter=1 posCols=23 newCols=23 effImprove=23 updated=0
    [CG] CG iter 2: obj=160490146.207203, maxRC=10636105.927211, +17 cols
    [CG]   [DIAG] iter=2 posCols=17 newCols=17 effImprove=17 updated=0
    [CG] CG iter 1: obj=143231768.081217, maxRC=59519766.156755, +23 cols
    [CG] CG iter 3: obj=166854748.863754, maxRC=6261290.314675, +11 cols
    [CG]   [DIAG] iter=1 posCols=23 newCols=23 effImprove=23 updated=0
    [CG]   [DIAG] iter=3 posCols=11 newCols=11 effImprove=11 updated=0
    [CG] CG iter 1: obj=142967730.481136, maxRC=59510895.640149, +23 cols
    [CG] CG iter 4: obj=169537093.623563, maxRC=4125913.224181, +5 cols
    [CG]   [DIAG] iter=4 posCols=5 newCols=5 effImprove=5 updated=0
    [CG]   [DIAG] iter=1 posCols=23 newCols=23 effImprove=23 updated=0
    [CG] CG iter 1: obj=142552021.157826, maxRC=59477441.686417, +23 cols
    [CG]   [DIAG] iter=1 posCols=23 newCols=23 effImprove=23 updated=0
    [CG] 列生成收敛，共 5 轮迭代
    [CG] [CG-NODE] depth=0 exit=CERTIFIED certified=1 feasible=1 iters=5 generatedColsBeforeNode=0 newCols=56 posCandidates=56 duplicateCandidates=0 updatedCols=0 zeroObjImproveIters=0 objFirst=142852370.868717 objLast=173748830.859009 objGain=30896459.990292 maxRC=59485035.939492 wallSec=0.011096 pricingSec=0.007473 cplexSolveSec=0.001893
    [CG] CG iter 1: obj=143179048.931217, maxRC=59518388.320511, +23 cols
      [BB] 根节点即为整数解，obj=173748830.859009
    [CG] CG iter 2: obj=160603778.113218, maxRC=10641233.804893, +17 cols
    [CG]   [DIAG] iter=1 posCols=23 newCols=23 effImprove=23 updated=0
    [CG]   [DIAG] iter=2 posCols=17 newCols=17 effImprove=17 updated=0
    [CG] CG iter 1: obj=142982230.863450, maxRC=59512684.515002, +23 cols
    [CG]   [DIAG] iter=1 posCols=23 newCols=23 effImprove=23 updated=0
    [CG] CG iter 1: obj=142806178.521155, maxRC=59497593.772325, +23 cols
    [CG] CG iter 2: obj=160586371.144931, maxRC=10621105.193845, +17 cols
    [CG]   [DIAG] iter=2 posCols=17 newCols=17 effImprove=17 updated=0
    [CG]   [DIAG] iter=1 posCols=23 newCols=23 effImprove=23 updated=0
    [CG] CG iter 2: obj=160388370.253247, maxRC=10608576.801103, +17 cols
    [CG]   [DIAG] iter=2 posCols=17 newCols=17 effImprove=17 updated=0
    [CG] CG iter 1: obj=142432119.136641, maxRC=59434305.964078, +23 cols
    [CG] CG iter 3: obj=166989953.444798, maxRC=6252848.415852, +12 cols
    [CG]   [DIAG] iter=3 posCols=12 newCols=12 effImprove=12 updated=0
    [CG] CG iter 2: obj=160556913.071570, maxRC=10622427.628388, +17 cols
    [CG]   [DIAG] iter=2 posCols=17 newCols=17 effImprove=17 updated=0
    [CG]   [DIAG] iter=1 posCols=23 newCols=23 effImprove=23 updated=0
    [CG] CG iter 3: obj=166676610.869554, maxRC=5732276.214383, +11 cols
    [CG] CG iter 3: obj=166894697.510554, maxRC=6285353.164786, +11 cols
    [CG]   [DIAG] iter=3 posCols=11 newCols=11 effImprove=11 updated=0
    [CG] CG iter 2: obj=160532628.421095, maxRC=10661908.326027, +17 cols
    [CG]   [DIAG] iter=3 posCols=11 newCols=11 effImprove=11 updated=0
    [CG]   [DIAG] iter=2 posCols=17 newCols=17 effImprove=17 updated=0
    [CG] CG iter 4: obj=169691286.975042, maxRC=4138445.810368, +5 cols
    [CG]   [DIAG] iter=4 posCols=5 newCols=5 effImprove=5 updated=0
    [CG] CG iter 2: obj=160608360.463611, maxRC=10632153.876765, +17 cols
    [CG]   [DIAG] iter=2 posCols=17 newCols=17 effImprove=17 updated=0
    [CG] CG iter 4: obj=173461183.689416, maxRC=1425791.567399, +2 cols
    [CG]   [DIAG] iter=4 posCols=2 newCols=2 effImprove=2 updated=0
    [CG] CG iter 3: obj=166941557.316138, maxRC=6258011.566628, +12 cols
    [CG]   [DIAG] iter=3 posCols=12 newCols=12 effImprove=12 updated=0
    [CG] CG iter 4: obj=169511892.621955, maxRC=4065354.440435, +5 cols
    [CG]   [DIAG] iter=4 posCols=5 newCols=5 effImprove=5 updated=0
    [CG] 列生成收敛，共 5 轮迭代
    [CG] [CG-NODE] depth=0 exit=CERTIFIED certified=1 feasible=1 iters=5 generatedColsBeforeNode=0 newCols=57 posCandidates=57 duplicateCandidates=0 updatedCols=0 zeroObjImproveIters=0 objFirst=143231768.081217 objLast=173904328.993167 objGain=30672560.911950 maxRC=59519766.156755 wallSec=0.014330 pricingSec=0.009589 cplexSolveSec=0.002533
    [CG] 列生成开始，初始列数=128
      [BB] 根节点即为整数解，obj=173904328.993167
    [CG] CG iter 2: obj=160168462.449858, maxRC=10620309.227411, +17 cols
    [CG] CG iter 5: obj=173547625.271912, maxRC=644470.748449, +1 cols
    [CG]   [DIAG] iter=5 posCols=1 newCols=1 effImprove=1 updated=0
    [CG]   [DIAG] iter=2 posCols=17 newCols=17 effImprove=17 updated=0
    [CG] 列生成收敛，共 5 轮迭代
    [CG] CG iter 3: obj=166883567.439750, maxRC=6263469.761494, +12 cols
    [CG] [CG-NODE] depth=0 exit=CERTIFIED certified=1 feasible=1 iters=5 generatedColsBeforeNode=0 newCols=56 posCandidates=56 duplicateCandidates=0 updatedCols=0 zeroObjImproveIters=0 objFirst=142967730.481136 objLast=173733469.697817 objGain=30765739.216681 maxRC=59510895.640149 wallSec=0.015098 pricingSec=0.009979 cplexSolveSec=0.002575
    [CG] CG iter 4: obj=169642701.804441, maxRC=4139927.255543, +5 cols
    [CG]   [DIAG] iter=4 posCols=5 newCols=5 effImprove=5 updated=0
    [CG]   [DIAG] iter=3 posCols=12 newCols=12 effImprove=12 updated=0
      [BB] 根节点即为整数解，obj=173733469.697817
    [CG] CG iter 6: obj=173547625.271912, maxRC=1870.125751, +1 cols
    [CG]   [DIAG] iter=6 posCols=1 newCols=1 effImprove=1 updated=0
    [CG] CG iter 3: obj=166977502.795882, maxRC=6262890.242551, +11 cols
    [CG]   [DIAG] iter=3 posCols=11 newCols=11 effImprove=11 updated=0
    [CG] 列生成收敛，共 5 轮迭代
    [CG] [CG-NODE] depth=0 exit=CERTIFIED certified=1 feasible=1 iters=5 generatedColsBeforeNode=0 newCols=57 posCandidates=57 duplicateCandidates=0 updatedCols=0 zeroObjImproveIters=0 objFirst=143179048.931217 objLast=173862915.798081 objGain=30683866.866864 maxRC=59518388.320511 wallSec=0.015233 pricingSec=0.010185 cplexSolveSec=0.002655
    [CG] 列生成收敛，共 7 轮迭代
    [CG] [CG-NODE] depth=0 exit=CERTIFIED certified=1 feasible=1 iters=7 generatedColsBeforeNode=0 newCols=55 posCandidates=55 duplicateCandidates=0 updatedCols=0 zeroObjImproveIters=2 objFirst=142552021.157826 objLast=173547625.271912 objGain=30995604.114085 maxRC=59477441.686417 wallSec=0.015036 pricingSec=0.009916 cplexSolveSec=0.002867
      [BB] 根节点即为整数解，obj=173862915.798081
      [BB] 根节点即为整数解，obj=173547625.271912
    [CG] CG iter 4: obj=169571878.880777, maxRC=4112842.095329, +5 cols
    [CG] CG iter 4: obj=169656152.093959, maxRC=4121915.926844, +5 cols
    [CG]   [DIAG] iter=4 posCols=5 newCols=5 effImprove=5 updated=0
    [CG]   [DIAG] iter=4 posCols=5 newCols=5 effImprove=5 updated=0
    [CG] CG iter 3: obj=166548276.517041, maxRC=6259601.564463, +12 cols
    [CG]   [DIAG] iter=3 posCols=12 newCols=12 effImprove=12 updated=0
    [CG] 列生成收敛，共 5 轮迭代
    [CG] [CG-NODE] depth=0 exit=CERTIFIED certified=1 feasible=1 iters=5 generatedColsBeforeNode=0 newCols=56 posCandidates=56 duplicateCandidates=0 updatedCols=0 zeroObjImproveIters=0 objFirst=142806178.521155 objLast=173871958.674833 objGain=31065780.153678 maxRC=59497593.772325 wallSec=0.016128 pricingSec=0.010768 cplexSolveSec=0.002746
      [BB] 根节点即为整数解，obj=173871958.674833
    [CG] 列生成收敛，共 5 轮迭代
    [CG] [CG-NODE] depth=0 exit=CERTIFIED certified=1 feasible=1 iters=5 generatedColsBeforeNode=0 newCols=57 posCandidates=57 duplicateCandidates=0 updatedCols=0 zeroObjImproveIters=0 objFirst=142982230.863450 objLast=173778597.294299 objGain=30796366.430849 maxRC=59512684.515002 wallSec=0.016125 pricingSec=0.010722 cplexSolveSec=0.002932
      [BB] 根节点即为整数解，obj=173778597.294299
    [CG] CG iter 4: obj=169261920.866815, maxRC=4160650.619832, +5 cols
    [CG]   [DIAG] iter=4 posCols=5 newCols=5 effImprove=5 updated=0
    [CG] 列生成开始，初始列数=128
    [CG] 列生成开始，初始列数=128
    [CG] 列生成收敛，共 5 轮迭代
    [CG] [CG-NODE] depth=0 exit=CERTIFIED certified=1 feasible=1 iters=5 generatedColsBeforeNode=0 newCols=57 posCandidates=57 duplicateCandidates=0 updatedCols=0 zeroObjImproveIters=0 objFirst=142432119.136641 objLast=173473101.499428 objGain=31040982.362787 maxRC=59434305.964078 wallSec=0.017349 pricingSec=0.011671 cplexSolveSec=0.003170
      [BB] 根节点即为整数解，obj=173473101.499428
    [CG] 列生成开始，初始列数=128
    [CG] 列生成开始，初始列数=128
    [CG] 列生成开始，初始列数=128
    [CG] 列生成开始，初始列数=128
    [CG] 列生成开始，初始列数=128
    [CG] CG iter 1: obj=143121805.909203, maxRC=59387913.703177, +23 cols
    [CG]   [DIAG] iter=1 posCols=23 newCols=23 effImprove=23 updated=0
    [CG] CG iter 1: obj=143225717.304375, maxRC=59519752.128890, +23 cols
    [CG]   [DIAG] iter=1 posCols=23 newCols=23 effImprove=23 updated=0
    [CG] CG iter 1: obj=142794605.496651, maxRC=59496870.265342, +23 cols
    [CG] CG iter 2: obj=160380628.308933, maxRC=10538179.243194, +17 cols
    [CG]   [DIAG] iter=2 posCols=17 newCols=17 effImprove=17 updated=0
    [CG] CG iter 2: obj=160601702.936814, maxRC=10654646.588460, +17 cols
    [CG]   [DIAG] iter=1 posCols=23 newCols=23 effImprove=23 updated=0
    [CG]   [DIAG] iter=2 posCols=17 newCols=17 effImprove=17 updated=0
    [CG] CG iter 3: obj=166795794.583759, maxRC=6261276.524249, +12 cols
    [CG]   [DIAG] iter=3 posCols=12 newCols=12 effImprove=12 updated=0
    [CG] CG iter 3: obj=166981717.613124, maxRC=6251061.075019, +12 cols
    [CG]   [DIAG] iter=3 posCols=12 newCols=12 effImprove=12 updated=0
    [CG] CG iter 4: obj=169500204.029684, maxRC=4204361.394552, +5 cols
    [CG]   [DIAG] iter=4 posCols=5 newCols=5 effImprove=5 updated=0
    [CG] CG iter 4: obj=169685362.443449, maxRC=4134354.213911, +5 cols
    [CG] CG iter 2: obj=160592160.018488, maxRC=10649874.217486, +17 cols
    [CG]   [DIAG] iter=4 posCols=5 newCols=5 effImprove=5 updated=0
    [CG]   [DIAG] iter=2 posCols=17 newCols=17 effImprove=17 updated=0
    [CG] CG iter 1: obj=142711501.492450, maxRC=59497607.798048, +23 cols
    [CG] 列生成收敛，共 5 轮迭代
    [CG] [CG-NODE] depth=0 exit=CERTIFIED certified=1 feasible=1 iters=5 generatedColsBeforeNode=0 newCols=57 posCandidates=57 duplicateCandidates=0 updatedCols=0 zeroObjImproveIters=0 objFirst=143121805.909203 objLast=173727603.826271 objGain=30605797.917068 maxRC=59387913.703177 wallSec=0.011303 pricingSec=0.007193 cplexSolveSec=0.002148
    [CG]   [DIAG] iter=1 posCols=23 newCols=23 effImprove=23 updated=0
      [BB] 根节点即为整数解，obj=173727603.826271
    [CG] 列生成收敛，共 5 轮迭代
    [CG] [CG-NODE] depth=0 exit=CERTIFIED certified=1 feasible=1 iters=5 generatedColsBeforeNode=0 newCols=57 posCandidates=57 duplicateCandidates=0 updatedCols=0 zeroObjImproveIters=0 objFirst=143225717.304375 objLast=173894307.697690 objGain=30668590.393315 maxRC=59519752.128890 wallSec=0.012286 pricingSec=0.007678 cplexSolveSec=0.002414
      [BB] 根节点即为整数解，obj=173894307.697690
    [CG] CG iter 2: obj=160520183.903383, maxRC=10649880.156890, +17 cols
    [CG]   [DIAG] iter=2 posCols=17 newCols=17 effImprove=17 updated=0
    [CG] CG iter 3: obj=166953031.937615, maxRC=6260648.770591, +11 cols
    [CG]   [DIAG] iter=3 posCols=11 newCols=11 effImprove=11 updated=0
    [CG] CG iter 1: obj=143108421.959501, maxRC=59510895.640149, +23 cols
    [CG] CG iter 3: obj=166881252.968425, maxRC=6260447.855599, +11 cols
    [CG]   [DIAG] iter=1 posCols=23 newCols=23 effImprove=23 updated=0
    [CG]   [DIAG] iter=3 posCols=11 newCols=11 effImprove=11 updated=0
    [CG] 列生成开始，初始列数=128
    [CG] CG iter 4: obj=169634842.312673, maxRC=4116513.377902, +5 cols
    [CG]   [DIAG] iter=4 posCols=5 newCols=5 effImprove=5 updated=0
    [CG] CG iter 4: obj=169562862.428492, maxRC=4116506.333445, +5 cols
    [CG]   [DIAG] iter=4 posCols=5 newCols=5 effImprove=5 updated=0
    [CG] CG iter 1: obj=142810313.815475, maxRC=59492532.429094, +23 cols
    [CG] 列生成开始，初始列数=128
    [CG] 列生成收敛，共 5 轮迭代
    [CG]   [DIAG] iter=1 posCols=23 newCols=23 effImprove=23 updated=0
    [CG] [CG-NODE] depth=0 exit=CERTIFIED certified=1 feasible=1 iters=5 generatedColsBeforeNode=0 newCols=56 posCandidates=56 duplicateCandidates=0 updatedCols=0 zeroObjImproveIters=0 objFirst=142711501.492450 objLast=173773264.583393 objGain=31061763.090943 maxRC=59497607.798048 wallSec=0.010870 pricingSec=0.007221 cplexSolveSec=0.001963
    [CG] 列生成收敛，共 5 轮迭代
    [CG] [CG-NODE] depth=0 exit=CERTIFIED certified=1 feasible=1 iters=5 generatedColsBeforeNode=0 newCols=56 posCandidates=56 duplicateCandidates=0 updatedCols=0 zeroObjImproveIters=0 objFirst=142794605.496651 objLast=173845246.344605 objGain=31050640.847954 maxRC=59496870.265342 wallSec=0.018631 pricingSec=0.012735 cplexSolveSec=0.003317
      [BB] 根节点即为整数解，obj=173773264.583393
    [CG] CG iter 1: obj=143043798.439160, maxRC=59510462.823692, +23 cols
    [CG] CG iter 2: obj=160608845.118402, maxRC=10621105.193845, +17 cols
      [BB] 根节点即为整数解，obj=173845246.344605
    [CG] CG iter 1: obj=142853235.042435, maxRC=59479718.242835, +23 cols
    [CG]   [DIAG] iter=2 posCols=17 newCols=17 effImprove=17 updated=0
    [CG]   [DIAG] iter=1 posCols=23 newCols=23 effImprove=23 updated=0
    [CG]   [DIAG] iter=1 posCols=23 newCols=23 effImprove=23 updated=0
    [CG] CG iter 3: obj=166982340.145861, maxRC=6264310.337978, +11 cols
    [CG]   [DIAG] iter=3 posCols=11 newCols=11 effImprove=11 updated=0
    [CG] CG iter 2: obj=160451983.756592, maxRC=10648490.736641, +17 cols
    [CG] CG iter 2: obj=160594524.146393, maxRC=10612095.192653, +17 cols
    [CG]   [DIAG] iter=2 posCols=17 newCols=17 effImprove=17 updated=0
    [CG]   [DIAG] iter=2 posCols=17 newCols=17 effImprove=17 updated=0
    [CG] 列生成开始，初始列数=128
    [CG] CG iter 2: obj=160609993.754582, maxRC=10641064.165929, +17 cols
    [CG] CG iter 4: obj=169659646.667648, maxRC=4125892.625989, +5 cols
    [CG]   [DIAG] iter=4 posCols=5 newCols=5 effImprove=5 updated=0
    [CG]   [DIAG] iter=2 posCols=17 newCols=17 effImprove=17 updated=0
    [CG] 列生成开始，初始列数=128
    [CG] CG iter 3: obj=166988803.824610, maxRC=6256923.740282, +12 cols
    [CG] 列生成收敛，共 5 轮迭代
    [CG] [CG-NODE] depth=0 exit=CERTIFIED certified=1 feasible=1 iters=5 generatedColsBeforeNode=0 newCols=56 posCandidates=56 duplicateCandidates=0 updatedCols=0 zeroObjImproveIters=0 objFirst=143108421.959501 objLast=173878193.231350 objGain=30769771.271849 maxRC=59510895.640149 wallSec=0.016906 pricingSec=0.012055 cplexSolveSec=0.002646
    [CG]   [DIAG] iter=3 posCols=12 newCols=12 effImprove=12 updated=0
      [BB] 根节点即为整数解，obj=173878193.231350
    [CG] CG iter 3: obj=166749189.834306, maxRC=6288573.286796, +11 cols
    [CG]   [DIAG] iter=3 posCols=11 newCols=11 effImprove=11 updated=0
    [CG] CG iter 4: obj=169685276.490119, maxRC=4149590.790392, +5 cols
    [CG] CG iter 3: obj=166974982.957856, maxRC=6261677.564066, +11 cols
    [CG]   [DIAG] iter=4 posCols=5 newCols=5 effImprove=5 updated=0
    [CG]   [DIAG] iter=3 posCols=11 newCols=11 effImprove=11 updated=0
    [CG] CG iter 4: obj=169381610.548033, maxRC=4068705.886502, +5 cols
    [CG]   [DIAG] iter=4 posCols=5 newCols=5 effImprove=5 updated=0
    [CG] 列生成收敛，共 5 轮迭代
    [CG] [CG-NODE] depth=0 exit=CERTIFIED certified=1 feasible=1 iters=5 generatedColsBeforeNode=0 newCols=57 posCandidates=57 duplicateCandidates=0 updatedCols=0 zeroObjImproveIters=0 objFirst=142853235.042435 objLast=173904606.328321 objGain=31051371.285886 maxRC=59479718.242835 wallSec=0.017369 pricingSec=0.011737 cplexSolveSec=0.002961
      [BB] 根节点即为整数解，obj=173904606.328321
    [CG] CG iter 4: obj=169655182.263167, maxRC=4119200.723708, +5 cols
    [CG]   [DIAG] iter=4 posCols=5 newCols=5 effImprove=5 updated=0
    [CG] 列生成开始，初始列数=128
    [CG] 列生成收敛，共 5 轮迭代
    [CG] [CG-NODE] depth=0 exit=CERTIFIED certified=1 feasible=1 iters=5 generatedColsBeforeNode=0 newCols=56 posCandidates=56 duplicateCandidates=0 updatedCols=0 zeroObjImproveIters=0 objFirst=142810313.815475 objLast=173589743.913614 objGain=30779430.098138 maxRC=59492532.429094 wallSec=0.019420 pricingSec=0.013049 cplexSolveSec=0.003455
      [BB] 根节点即为整数解，obj=173589743.913614
    [CG] 列生成收敛，共 5 轮迭代
    [CG] [CG-NODE] depth=0 exit=CERTIFIED certified=1 feasible=1 iters=5 generatedColsBeforeNode=0 newCols=56 posCandidates=56 duplicateCandidates=0 updatedCols=0 zeroObjImproveIters=0 objFirst=143043798.439160 objLast=173868195.601066 objGain=30824397.161906 maxRC=59510462.823692 wallSec=0.019392 pricingSec=0.013028 cplexSolveSec=0.003475
    [CG] CG iter 1: obj=142697861.271876, maxRC=59497593.772325, +23 cols
    [CG]   [DIAG] iter=1 posCols=23 newCols=23 effImprove=23 updated=0
      [BB] 根节点即为整数解，obj=173868195.601066
    [CG] CG iter 1: obj=142919926.474864, maxRC=59492532.429094, +23 cols
    [CG] CG iter 1: obj=142574844.434904, maxRC=59493548.702875, +23 cols
    [CG]   [DIAG] iter=1 posCols=23 newCols=23 effImprove=23 updated=0
    [CG]   [DIAG] iter=1 posCols=23 newCols=23 effImprove=23 updated=0
    [CG] CG iter 2: obj=160511530.001218, maxRC=10649874.217486, +17 cols
    [CG]   [DIAG] iter=2 posCols=17 newCols=17 effImprove=17 updated=0
    [CG] CG iter 1: obj=142938088.337955, maxRC=59466634.695153, +23 cols
    [CG] CG iter 2: obj=160450588.393143, maxRC=10648490.736641, +17 cols
    [CG]   [DIAG] iter=2 posCols=17 newCols=17 effImprove=17 updated=0
    [CG]   [DIAG] iter=1 posCols=23 newCols=23 effImprove=23 updated=0
    [CG] CG iter 3: obj=166862421.884625, maxRC=6240827.626219, +12 cols
    [CG]   [DIAG] iter=3 posCols=12 newCols=12 effImprove=12 updated=0
    [CG] 列生成开始，初始列数=128
    [CG] CG iter 2: obj=160485648.309223, maxRC=10697716.780802, +17 cols
    [CG] CG iter 4: obj=169554210.298897, maxRC=4109626.928773, +5 cols
    [CG] CG iter 3: obj=166804263.819311, maxRC=6264048.382648, +12 cols
    [CG]   [DIAG] iter=4 posCols=5 newCols=5 effImprove=5 updated=0
    [CG]   [DIAG] iter=2 posCols=17 newCols=17 effImprove=17 updated=0
    [CG]   [DIAG] iter=3 posCols=12 newCols=12 effImprove=12 updated=0
    [CG] 列生成收敛，共 5 轮迭代
    [CG] [CG-NODE] depth=0 exit=CERTIFIED certified=1 feasible=1 iters=5 generatedColsBeforeNode=0 newCols=57 posCandidates=57 duplicateCandidates=0 updatedCols=0 zeroObjImproveIters=0 objFirst=142697861.271876 objLast=173775313.406004 objGain=31077452.134128 maxRC=59497593.772325 wallSec=0.007929 pricingSec=0.005056 cplexSolveSec=0.001458
    [CG] CG iter 4: obj=169493153.881492, maxRC=4121603.589707, +5 cols
    [CG]   [DIAG] iter=4 posCols=5 newCols=5 effImprove=5 updated=0
      [BB] 根节点即为整数解，obj=173775313.406004
    [CG] CG iter 2: obj=160404771.618151, maxRC=10619041.592713, +17 cols
    [CG]   [DIAG] iter=2 posCols=17 newCols=17 effImprove=17 updated=0
    [CG] 列生成收敛，共 5 轮迭代
    [CG] [CG-NODE] depth=0 exit=CERTIFIED certified=1 feasible=1 iters=5 generatedColsBeforeNode=0 newCols=57 posCandidates=57 duplicateCandidates=0 updatedCols=0 zeroObjImproveIters=0 objFirst=142919926.474864 objLast=173701287.247073 objGain=30781360.772209 maxRC=59492532.429094 wallSec=0.007860 pricingSec=0.005143 cplexSolveSec=0.001448
    [CG] CG iter 3: obj=166814576.914994, maxRC=6256328.695180, +12 cols
    [CG]   [DIAG] iter=3 posCols=12 newCols=12 effImprove=12 updated=0
    [CG] 列生成开始，初始列数=128
      [BB] 根节点即为整数解，obj=173701287.247073
    [CG] CG iter 3: obj=166775510.062155, maxRC=6261512.614817, +11 cols
    [CG]   [DIAG] iter=3 posCols=11 newCols=11 effImprove=11 updated=0
    [CG] CG iter 1: obj=143246898.118106, maxRC=59519752.131033, +23 cols
    [CG] CG iter 4: obj=169507428.898767, maxRC=4098130.708467, +5 cols
    [CG]   [DIAG] iter=4 posCols=5 newCols=5 effImprove=5 updated=0
    [CG]   [DIAG] iter=1 posCols=23 newCols=23 effImprove=23 updated=0
    [CG] CG iter 4: obj=169460392.527181, maxRC=4139738.464679, +5 cols
    [CG] 列生成收敛，共 5 轮迭代
    [CG] [CG-NODE] depth=0 exit=CERTIFIED certified=1 feasible=1 iters=5 generatedColsBeforeNode=0 newCols=57 posCandidates=57 duplicateCandidates=0 updatedCols=0 zeroObjImproveIters=0 objFirst=142574844.434904 objLast=173704396.402543 objGain=31129551.967639 maxRC=59493548.702875 wallSec=0.012589 pricingSec=0.008672 cplexSolveSec=0.002246
    [CG]   [DIAG] iter=4 posCols=5 newCols=5 effImprove=5 updated=0
      [BB] 根节点即为整数解，obj=173704396.402543
    [CG] CG iter 2: obj=160618280.157458, maxRC=10623485.371715, +17 cols
    [CG]   [DIAG] iter=2 posCols=17 newCols=17 effImprove=17 updated=0
    [CG] 列生成收敛，共 5 轮迭代
    [CG] [CG-NODE] depth=0 exit=CERTIFIED certified=1 feasible=1 iters=5 generatedColsBeforeNode=0 newCols=56 posCandidates=56 duplicateCandidates=0 updatedCols=0 zeroObjImproveIters=0 objFirst=142938088.337955 objLast=173673817.508192 objGain=30735729.170237 maxRC=59466634.695153 wallSec=0.012518 pricingSec=0.008569 cplexSolveSec=0.002131
      [BB] 根节点即为整数解，obj=173673817.508192
    [CG] CG iter 3: obj=167012601.038606, maxRC=6255294.772632, +12 cols
    [CG]   [DIAG] iter=3 posCols=12 newCols=12 effImprove=12 updated=0
    [CG] CG iter 4: obj=169711028.732913, maxRC=4143805.047541, +5 cols
    [CG]   [DIAG] iter=4 posCols=5 newCols=5 effImprove=5 updated=0
    [CG] 列生成收敛，共 5 轮迭代
    [CG] [CG-NODE] depth=0 exit=CERTIFIED certified=1 feasible=1 iters=5 generatedColsBeforeNode=0 newCols=57 posCandidates=57 duplicateCandidates=0 updatedCols=0 zeroObjImproveIters=0 objFirst=143246898.118106 objLast=173929424.820784 objGain=30682526.702677 maxRC=59519752.131033 wallSec=0.008290 pricingSec=0.005324 cplexSolveSec=0.001621
      [BB] 根节点即为整数解，obj=173929424.820784
    [CG] CG iter 1: obj=142993229.153406, maxRC=59492532.429094, +23 cols
    [CG]   [DIAG] iter=1 posCols=23 newCols=23 effImprove=23 updated=0
    [CG] CG iter 2: obj=160529875.146795, maxRC=10636456.628100, +17 cols
    [CG]   [DIAG] iter=2 posCols=17 newCols=17 effImprove=17 updated=0
    [CG] CG iter 1: obj=142877554.786972, maxRC=59507051.656557, +23 cols
    [CG]   [DIAG] iter=1 posCols=23 newCols=23 effImprove=23 updated=0
    [CG] CG iter 3: obj=166894315.503257, maxRC=6261240.596876, +11 cols
    [CG]   [DIAG] iter=3 posCols=11 newCols=11 effImprove=11 updated=0
    [CG] CG iter 4: obj=169576717.704601, maxRC=4125803.490144, +5 cols
    [CG]   [DIAG] iter=4 posCols=5 newCols=5 effImprove=5 updated=0
    [CG] CG iter 2: obj=160555276.254180, maxRC=10655415.952029, +17 cols
    [CG]   [DIAG] iter=2 posCols=17 newCols=17 effImprove=17 updated=0
    [CG] 列生成收敛，共 5 轮迭代
    [CG] [CG-NODE] depth=0 exit=CERTIFIED certified=1 feasible=1 iters=5 generatedColsBeforeNode=0 newCols=56 posCandidates=56 duplicateCandidates=0 updatedCols=0 zeroObjImproveIters=0 objFirst=142993229.153406 objLast=173788349.323976 objGain=30795120.170570 maxRC=59492532.429094 wallSec=0.014926 pricingSec=0.010387 cplexSolveSec=0.002493
      [BB] 根节点即为整数解，obj=173788349.323976
    [CG] CG iter 3: obj=166906432.625468, maxRC=6259013.252473, +11 cols
    [CG]   [DIAG] iter=3 posCols=11 newCols=11 effImprove=11 updated=0
    [CG] CG iter 4: obj=169588301.518154, maxRC=4109800.511496, +5 cols
    [CG]   [DIAG] iter=4 posCols=5 newCols=5 effImprove=5 updated=0
    [CG] 列生成收敛，共 5 轮迭代
    [CG] [CG-NODE] depth=0 exit=CERTIFIED certified=1 feasible=1 iters=5 generatedColsBeforeNode=0 newCols=56 posCandidates=56 duplicateCandidates=0 updatedCols=0 zeroObjImproveIters=0 objFirst=142877554.786972 objLast=173799011.066365 objGain=30921456.279394 maxRC=59507051.656557 wallSec=0.016196 pricingSec=0.011301 cplexSolveSec=0.002694
      [BB] 根节点即为整数解，obj=173799011.066365
[GA] 代数 8: Best=173966657.22, Avg=173803023.12, Worst=173501987.19, Valid=30/30, 耗时=0.06s (连续8代未提升)
  ├─ 求解: 30 个体 fork 并行 | CG迭代=117 加列=1298 BB分支=0
  ├─ 并行墙钟=0.0577s | 串行等效(ΣBP)=0.3329s | 加速比=5.77x
  ├─ 管理开销=-0.2752s (fork=0.0038 wait=0.0536 merge=0.0003)
  └─ CG明细: gen_logs/run_gen8_ind{0..29}.log
    [CG] 列生成开始，初始列数=128
    [CG] 列生成开始，初始列数=128
    [CG] 列生成开始，初始列数=128
    [CG] 列生成开始，初始列数=128
    [CG] 列生成开始，初始列数=128
    [CG] 列生成开始，初始列数=128
    [CG] 列生成开始，初始列数=128
    [CG] 列生成开始，初始列数=128
    [CG] CG iter 1: obj=142901097.522474, maxRC=59494452.680055, +23 cols
    [CG]   [DIAG] iter=1 posCols=23 newCols=23 effImprove=23 updated=0
    [CG] CG iter 1: obj=143106014.692499, maxRC=59519766.154613, +23 cols
    [CG]   [DIAG] iter=1 posCols=23 newCols=23 effImprove=23 updated=0
    [CG] CG iter 2: obj=160411649.488610, maxRC=10625503.158826, +17 cols
    [CG]   [DIAG] iter=2 posCols=17 newCols=17 effImprove=17 updated=0
    [CG] CG iter 1: obj=143237301.408437, maxRC=59519752.131033, +23 cols
    [CG]   [DIAG] iter=1 posCols=23 newCols=23 effImprove=23 updated=0
    [CG] CG iter 1: obj=142667420.969736, maxRC=59496870.265342, +23 cols
    [CG]   [DIAG] iter=1 posCols=23 newCols=23 effImprove=23 updated=0
    [CG] CG iter 3: obj=166710272.882616, maxRC=6253023.851515, +11 cols
    [CG] CG iter 2: obj=160502408.337684, maxRC=10654652.527863, +17 cols
    [CG]   [DIAG] iter=3 posCols=11 newCols=11 effImprove=11 updated=0
    [CG]   [DIAG] iter=2 posCols=17 newCols=17 effImprove=17 updated=0
    [CG] CG iter 4: obj=169347720.732702, maxRC=4066616.677326, +5 cols
    [CG]   [DIAG] iter=4 posCols=5 newCols=5 effImprove=5 updated=0
    [CG] CG iter 2: obj=160610118.318594, maxRC=10643611.640801, +17 cols
    [CG] CG iter 2: obj=160483363.237923, maxRC=10649874.217486, +17 cols
    [CG]   [DIAG] iter=2 posCols=17 newCols=17 effImprove=17 updated=0
    [CG]   [DIAG] iter=2 posCols=17 newCols=17 effImprove=17 updated=0
    [CG] 列生成收敛，共 5 轮迭代
    [CG] [CG-NODE] depth=0 exit=CERTIFIED certified=1 feasible=1 iters=5 generatedColsBeforeNode=0 newCols=56 posCandidates=56 duplicateCandidates=0 updatedCols=0 zeroObjImproveIters=0 objFirst=142901097.522474 objLast=173579191.532817 objGain=30678094.010343 maxRC=59494452.680055 wallSec=0.010363 pricingSec=0.006791 cplexSolveSec=0.001871
    [CG] CG iter 3: obj=166846844.647357, maxRC=6235881.012648, +12 cols
    [CG]   [DIAG] iter=3 posCols=12 newCols=12 effImprove=12 updated=0
      [BB] 根节点即为整数解，obj=173579191.532817
    [CG] CG iter 3: obj=166834632.486086, maxRC=6270251.441555, +12 cols
    [CG] CG iter 4: obj=169535309.415311, maxRC=4102823.586434, +5 cols
    [CG]   [DIAG] iter=4 posCols=5 newCols=5 effImprove=5 updated=0
    [CG]   [DIAG] iter=3 posCols=12 newCols=12 effImprove=12 updated=0
    [CG] CG iter 3: obj=166995145.432277, maxRC=6252570.277526, +12 cols
    [CG]   [DIAG] iter=3 posCols=12 newCols=12 effImprove=12 updated=0
    [CG] 列生成收敛，共 5 轮迭代
    [CG] [CG-NODE] depth=0 exit=CERTIFIED certified=1 feasible=1 iters=5 generatedColsBeforeNode=0 newCols=57 posCandidates=57 duplicateCandidates=0 updatedCols=0 zeroObjImproveIters=0 objFirst=143106014.692499 objLast=173757191.858614 objGain=30651177.166115 maxRC=59519766.154613 wallSec=0.012064 pricingSec=0.008113 cplexSolveSec=0.002213
    [CG] CG iter 4: obj=169526045.532108, maxRC=4116513.377902, +5 cols
    [CG]   [DIAG] iter=4 posCols=5 newCols=5 effImprove=5 updated=0
      [BB] 根节点即为整数解，obj=173757191.858614
    [CG] CG iter 4: obj=169696935.078242, maxRC=4137739.350284, +5 cols
    [CG]   [DIAG] iter=4 posCols=5 newCols=5 effImprove=5 updated=0
    [CG] 列生成收敛，共 5 轮迭代
    [CG] [CG-NODE] depth=0 exit=CERTIFIED certified=1 feasible=1 iters=5 generatedColsBeforeNode=0 newCols=57 posCandidates=57 duplicateCandidates=0 updatedCols=0 zeroObjImproveIters=0 objFirst=142667420.969736 objLast=173736449.564040 objGain=31069028.594303 maxRC=59496870.265342 wallSec=0.012443 pricingSec=0.008120 cplexSolveSec=0.002266
      [BB] 根节点即为整数解，obj=173736449.564040
    [CG] CG iter 1: obj=143173576.383734, maxRC=59518388.320511, +23 cols
    [CG] 列生成收敛，共 5 轮迭代
    [CG] [CG-NODE] depth=0 exit=CERTIFIED certified=1 feasible=1 iters=5 generatedColsBeforeNode=0 newCols=57 posCandidates=57 duplicateCandidates=0 updatedCols=0 zeroObjImproveIters=0 objFirst=143237301.408437 objLast=173909251.667335 objGain=30671950.258899 maxRC=59519752.131033 wallSec=0.013282 pricingSec=0.009076 cplexSolveSec=0.002391
    [CG]   [DIAG] iter=1 posCols=23 newCols=23 effImprove=23 updated=0
      [BB] 根节点即为整数解，obj=173909251.667335
    [CG] CG iter 1: obj=143052421.022043, maxRC=59484297.186644, +23 cols
    [CG]   [DIAG] iter=1 posCols=23 newCols=23 effImprove=23 updated=0
    [CG] CG iter 1: obj=142692347.084086, maxRC=59497593.772325, +23 cols
    [CG] 列生成开始，初始列数=128
    [CG] CG iter 1: obj=142685122.446518, maxRC=59497593.772325, +23 cols
    [CG]   [DIAG] iter=1 posCols=23 newCols=23 effImprove=23 updated=0
    [CG]   [DIAG] iter=1 posCols=23 newCols=23 effImprove=23 updated=0
    [CG] CG iter 2: obj=160556913.071570, maxRC=10622427.628388, +17 cols
    [CG]   [DIAG] iter=2 posCols=17 newCols=17 effImprove=17 updated=0
    [CG] CG iter 2: obj=160506395.733861, maxRC=10622156.565165, +17 cols
    [CG]   [DIAG] iter=2 posCols=17 newCols=17 effImprove=17 updated=0
    [CG] CG iter 2: obj=160513619.858238, maxRC=10647134.228652, +17 cols
    [CG]   [DIAG] iter=2 posCols=17 newCols=17 effImprove=17 updated=0
    [CG] 列生成开始，初始列数=128
    [CG] 列生成开始，初始列数=128
    [CG] CG iter 2: obj=160498791.175859, maxRC=10649874.217486, +17 cols
    [CG]   [DIAG] iter=2 posCols=17 newCols=17 effImprove=17 updated=0
    [CG] CG iter 3: obj=166938821.042396, maxRC=6259003.755277, +12 cols
    [CG]   [DIAG] iter=3 posCols=12 newCols=12 effImprove=12 updated=0
    [CG] CG iter 3: obj=166892265.838543, maxRC=6258445.517696, +12 cols
    [CG]   [DIAG] iter=3 posCols=12 newCols=12 effImprove=12 updated=0
    [CG] CG iter 3: obj=166865757.592079, maxRC=6241205.292910, +12 cols
    [CG] 列生成开始，初始列数=128
    [CG]   [DIAG] iter=3 posCols=12 newCols=12 effImprove=12 updated=0
    [CG] CG iter 3: obj=166849683.059267, maxRC=6240827.626219, +12 cols
    [CG]   [DIAG] iter=3 posCols=12 newCols=12 effImprove=12 updated=0
    [CG] CG iter 4: obj=169637229.256958, maxRC=4137622.894177, +5 cols
    [CG]   [DIAG] iter=4 posCols=5 newCols=5 effImprove=5 updated=0
    [CG] CG iter 4: obj=169599284.856721, maxRC=4151509.922693, +5 cols
    [CG]   [DIAG] iter=4 posCols=5 newCols=5 effImprove=5 updated=0
    [CG] CG iter 4: obj=169557086.615711, maxRC=4110463.986104, +5 cols
    [CG]   [DIAG] iter=4 posCols=5 newCols=5 effImprove=5 updated=0
    [CG] 列生成收敛，共 5 轮迭代
    [CG] [CG-NODE] depth=0 exit=CERTIFIED certified=1 feasible=1 iters=5 generatedColsBeforeNode=0 newCols=57 posCandidates=57 duplicateCandidates=0 updatedCols=0 zeroObjImproveIters=0 objFirst=143173576.383734 objLast=173857443.250598 objGain=30683866.866864 maxRC=59518388.320511 wallSec=0.017853 pricingSec=0.012020 cplexSolveSec=0.003018
    [CG] CG iter 4: obj=169541471.473539, maxRC=4109626.928773, +5 cols
    [CG]   [DIAG] iter=4 posCols=5 newCols=5 effImprove=5 updated=0
      [BB] 根节点即为整数解，obj=173857443.250598
    [CG] 列生成收敛，共 5 轮迭代
    [CG] [CG-NODE] depth=0 exit=CERTIFIED certified=1 feasible=1 iters=5 generatedColsBeforeNode=0 newCols=57 posCandidates=57 duplicateCandidates=0 updatedCols=0 zeroObjImproveIters=0 objFirst=143052421.022043 objLast=173814208.174101 objGain=30761787.152058 maxRC=59484297.186644 wallSec=0.017712 pricingSec=0.011983 cplexSolveSec=0.002943
      [BB] 根节点即为整数解，obj=173814208.174101
    [CG] 列生成收敛，共 5 轮迭代
    [CG] [CG-NODE] depth=0 exit=CERTIFIED certified=1 feasible=1 iters=5 generatedColsBeforeNode=0 newCols=57 posCandidates=57 duplicateCandidates=0 updatedCols=0 zeroObjImproveIters=0 objFirst=142692347.084086 objLast=173779026.780148 objGain=31086679.696062 maxRC=59497593.772325 wallSec=0.017715 pricingSec=0.012072 cplexSolveSec=0.002842
    [CG] 列生成收敛，共 5 轮迭代
    [CG] [CG-NODE] depth=0 exit=CERTIFIED certified=1 feasible=1 iters=5 generatedColsBeforeNode=0 newCols=57 posCandidates=57 duplicateCandidates=0 updatedCols=0 zeroObjImproveIters=0 objFirst=142685122.446518 objLast=173762574.580646 objGain=31077452.134128 maxRC=59497593.772325 wallSec=0.017705 pricingSec=0.012119 cplexSolveSec=0.002893
      [BB] 根节点即为整数解，obj=173779026.780148
      [BB] 根节点即为整数解，obj=173762574.580646
    [CG] CG iter 1: obj=142953815.468425, maxRC=59512684.515002, +23 cols
    [CG] 列生成开始，初始列数=128
    [CG]   [DIAG] iter=1 posCols=23 newCols=23 effImprove=23 updated=0
    [CG] 列生成开始，初始列数=128
    [CG] 列生成开始，初始列数=128
    [CG] CG iter 2: obj=160509432.848095, maxRC=10661908.326027, +17 cols
    [CG]   [DIAG] iter=2 posCols=17 newCols=17 effImprove=17 updated=0
    [CG] 列生成开始，初始列数=128
    [CG] CG iter 3: obj=166851494.897737, maxRC=6259812.614505, +12 cols
    [CG]   [DIAG] iter=3 posCols=12 newCols=12 effImprove=12 updated=0
    [CG] CG iter 4: obj=169536149.191775, maxRC=4105049.750136, +5 cols
    [CG]   [DIAG] iter=4 posCols=5 newCols=5 effImprove=5 updated=0
    [CG] 列生成收敛，共 5 轮迭代
    [CG] [CG-NODE] depth=0 exit=CERTIFIED certified=1 feasible=1 iters=5 generatedColsBeforeNode=0 newCols=57 posCandidates=57 duplicateCandidates=0 updatedCols=0 zeroObjImproveIters=0 objFirst=142953815.468425 objLast=173746005.586859 objGain=30792190.118434 maxRC=59512684.515002 wallSec=0.009678 pricingSec=0.006062 cplexSolveSec=0.002000
      [BB] 根节点即为整数解，obj=173746005.586859
    [CG] CG iter 1: obj=142794992.096811, maxRC=59367489.548898, +23 cols
    [CG] CG iter 1: obj=143237541.247548, maxRC=59516160.607272, +23 cols
    [CG]   [DIAG] iter=1 posCols=23 newCols=23 effImprove=23 updated=0
    [CG]   [DIAG] iter=1 posCols=23 newCols=23 effImprove=23 updated=0
    [CG] 列生成开始，初始列数=128
    [CG] CG iter 1: obj=143219025.052740, maxRC=59519752.128890, +23 cols
    [CG] CG iter 2: obj=160606291.478434, maxRC=10621099.801080, +17 cols
    [CG] CG iter 1: obj=143235035.096419, maxRC=59519403.483036, +23 cols
    [CG]   [DIAG] iter=2 posCols=17 newCols=17 effImprove=17 updated=0
    [CG]   [DIAG] iter=1 posCols=23 newCols=23 effImprove=23 updated=0
    [CG]   [DIAG] iter=1 posCols=23 newCols=23 effImprove=23 updated=0
    [CG] CG iter 1: obj=143094854.501077, maxRC=59510208.502033, +23 cols
    [CG]   [DIAG] iter=1 posCols=23 newCols=23 effImprove=23 updated=0
    [CG] CG iter 2: obj=160332733.940044, maxRC=10565155.454538, +17 cols
    [CG]   [DIAG] iter=2 posCols=17 newCols=17 effImprove=17 updated=0
    [CG] CG iter 3: obj=167000635.129223, maxRC=6255915.435100, +12 cols
    [CG]   [DIAG] iter=3 posCols=12 newCols=12 effImprove=12 updated=0
    [CG] CG iter 2: obj=160612661.050147, maxRC=10641227.865490, +17 cols
    [CG] CG iter 1: obj=142983381.399641, maxRC=59376912.530842, +23 cols
    [CG]   [DIAG] iter=2 posCols=17 newCols=17 effImprove=17 updated=0
    [CG]   [DIAG] iter=1 posCols=23 newCols=23 effImprove=23 updated=0
    [CG] CG iter 4: obj=169699681.377727, maxRC=4145307.209648, +5 cols
    [CG]   [DIAG] iter=4 posCols=5 newCols=5 effImprove=5 updated=0
    [CG] CG iter 2: obj=160617221.219290, maxRC=10623304.788301, +17 cols
    [CG]   [DIAG] iter=2 posCols=17 newCols=17 effImprove=17 updated=0
    [CG] CG iter 2: obj=160596238.746311, maxRC=10654646.588460, +17 cols
    [CG]   [DIAG] iter=2 posCols=17 newCols=17 effImprove=17 updated=0
    [CG] 列生成收敛，共 5 轮迭代
    [CG] [CG-NODE] depth=0 exit=CERTIFIED certified=1 feasible=1 iters=5 generatedColsBeforeNode=0 newCols=57 posCandidates=57 duplicateCandidates=0 updatedCols=0 zeroObjImproveIters=0 objFirst=143237541.247548 objLast=173918230.049702 objGain=30680688.802154 maxRC=59516160.607272 wallSec=0.009598 pricingSec=0.006171 cplexSolveSec=0.001843
    [CG] CG iter 3: obj=166998840.424887, maxRC=6252848.141770, +12 cols
    [CG]   [DIAG] iter=3 posCols=12 newCols=12 effImprove=12 updated=0
      [BB] 根节点即为整数解，obj=173918230.049702
    [CG] CG iter 3: obj=166708749.874575, maxRC=6263649.534081, +11 cols
    [CG]   [DIAG] iter=3 posCols=11 newCols=11 effImprove=11 updated=0
    [CG] CG iter 3: obj=167011516.527176, maxRC=6255322.806518, +12 cols
    [CG]   [DIAG] iter=3 posCols=12 newCols=12 effImprove=12 updated=0
    [CG] CG iter 4: obj=169700173.681048, maxRC=4138452.854825, +5 cols
    [CG]   [DIAG] iter=4 posCols=5 newCols=5 effImprove=5 updated=0
    [CG] CG iter 2: obj=160332414.538735, maxRC=10607105.929933, +17 cols
    [CG]   [DIAG] iter=2 posCols=17 newCols=17 effImprove=17 updated=0
    [CG] CG iter 3: obj=166974266.626259, maxRC=6250302.339789, +12 cols
    [CG] CG iter 4: obj=169709972.255370, maxRC=4143848.648965, +5 cols
    [CG]   [DIAG] iter=4 posCols=5 newCols=5 effImprove=5 updated=0
    [CG]   [DIAG] iter=3 posCols=12 newCols=12 effImprove=12 updated=0
    [CG] 列生成收敛，共 5 轮迭代
    [CG] [CG-NODE] depth=0 exit=CERTIFIED certified=1 feasible=1 iters=5 generatedColsBeforeNode=0 newCols=57 posCandidates=57 duplicateCandidates=0 updatedCols=0 zeroObjImproveIters=0 objFirst=143235035.096419 objLast=173913217.576203 objGain=30678182.479783 maxRC=59519403.483036 wallSec=0.010280 pricingSec=0.006728 cplexSolveSec=0.001973
    [CG] CG iter 4: obj=169395255.048868, maxRC=4174591.810162, +5 cols
    [CG]   [DIAG] iter=4 posCols=5 newCols=5 effImprove=5 updated=0
      [BB] 根节点即为整数解，obj=173913217.576203
    [CG] 列生成收敛，共 5 轮迭代
    [CG] [CG-NODE] depth=0 exit=CERTIFIED certified=1 feasible=1 iters=5 generatedColsBeforeNode=0 newCols=57 posCandidates=57 duplicateCandidates=0 updatedCols=0 zeroObjImproveIters=0 objFirst=143094854.501077 objLast=173928347.827090 objGain=30833493.326013 maxRC=59510208.502033 wallSec=0.010916 pricingSec=0.007266 cplexSolveSec=0.002028
      [BB] 根节点即为整数解，obj=173928347.827090
    [CG] CG iter 1: obj=143182626.462792, maxRC=59498006.333555, +23 cols
    [CG]   [DIAG] iter=1 posCols=23 newCols=23 effImprove=23 updated=0
    [CG] CG iter 4: obj=169677152.721353, maxRC=4132643.212080, +5 cols
    [CG] 列生成收敛，共 5 轮迭代
    [CG] [CG-NODE] depth=0 exit=CERTIFIED certified=1 feasible=1 iters=5 generatedColsBeforeNode=0 newCols=56 posCandidates=56 duplicateCandidates=0 updatedCols=0 zeroObjImproveIters=0 objFirst=142794992.096811 objLast=173615267.120149 objGain=30820275.023337 maxRC=59367489.548898 wallSec=0.019416 pricingSec=0.013124 cplexSolveSec=0.003423
    [CG]   [DIAG] iter=4 posCols=5 newCols=5 effImprove=5 updated=0
      [BB] 根节点即为整数解，obj=173615267.120149
    [CG] 列生成开始，初始列数=128
    [CG] CG iter 3: obj=166696470.559219, maxRC=6258810.758165, +11 cols
    [CG]   [DIAG] iter=3 posCols=11 newCols=11 effImprove=11 updated=0
    [CG] CG iter 2: obj=160555380.544644, maxRC=10610067.782329, +17 cols
    [CG]   [DIAG] iter=2 posCols=17 newCols=17 effImprove=17 updated=0
    [CG] 列生成收敛，共 5 轮迭代
    [CG] [CG-NODE] depth=0 exit=CERTIFIED certified=1 feasible=1 iters=5 generatedColsBeforeNode=0 newCols=57 posCandidates=57 duplicateCandidates=0 updatedCols=0 zeroObjImproveIters=0 objFirst=143219025.052740 objLast=173886753.476453 objGain=30667728.423713 maxRC=59519752.128890 wallSec=0.018564 pricingSec=0.012598 cplexSolveSec=0.003275
      [BB] 根节点即为整数解，obj=173886753.476453
    [CG] CG iter 3: obj=166953068.674052, maxRC=6256087.787991, +12 cols
    [CG]   [DIAG] iter=3 posCols=12 newCols=12 effImprove=12 updated=0
    [CG] CG iter 4: obj=169390811.918177, maxRC=4166663.021962, +5 cols
    [CG]   [DIAG] iter=4 posCols=5 newCols=5 effImprove=5 updated=0
    [CG] CG iter 4: obj=169652289.383719, maxRC=4153095.159783, +5 cols
    [CG]   [DIAG] iter=4 posCols=5 newCols=5 effImprove=5 updated=0
    [CG] CG iter 1: obj=142910283.006552, maxRC=59507594.656705, +23 cols
    [CG] 列生成开始，初始列数=128
    [CG]   [DIAG] iter=1 posCols=23 newCols=23 effImprove=23 updated=0
    [CG] 列生成收敛，共 5 轮迭代
    [CG] [CG-NODE] depth=0 exit=CERTIFIED certified=1 feasible=1 iters=5 generatedColsBeforeNode=0 newCols=57 posCandidates=57 duplicateCandidates=0 updatedCols=0 zeroObjImproveIters=0 objFirst=143182626.462792 objLast=173871913.059033 objGain=30689286.596240 maxRC=59498006.333555 wallSec=0.008036 pricingSec=0.005360 cplexSolveSec=0.001469
    [CG] 列生成开始，初始列数=128
      [BB] 根节点即为整数解，obj=173871913.059033
    [CG] 列生成收敛，共 5 轮迭代
    [CG] [CG-NODE] depth=0 exit=CERTIFIED certified=1 feasible=1 iters=5 generatedColsBeforeNode=0 newCols=56 posCandidates=56 duplicateCandidates=0 updatedCols=0 zeroObjImproveIters=0 objFirst=142983381.399641 objLast=173595966.704653 objGain=30612585.305013 maxRC=59376912.530842 wallSec=0.019112 pricingSec=0.012925 cplexSolveSec=0.003507
      [BB] 根节点即为整数解，obj=173595966.704653
    [CG] 列生成开始，初始列数=128
    [CG] 列生成开始，初始列数=128
    [CG] CG iter 2: obj=160614060.179799, maxRC=10632068.904233, +17 cols
    [CG]   [DIAG] iter=2 posCols=17 newCols=17 effImprove=17 updated=0
    [CG] 列生成开始，初始列数=128
    [CG] CG iter 3: obj=166936762.967681, maxRC=6281414.051469, +11 cols
    [CG]   [DIAG] iter=3 posCols=11 newCols=11 effImprove=11 updated=0
    [CG] 列生成开始，初始列数=128
    [CG] CG iter 4: obj=169570169.691964, maxRC=4078576.591849, +5 cols
    [CG]   [DIAG] iter=4 posCols=5 newCols=5 effImprove=5 updated=0
    [CG] 列生成收敛，共 5 轮迭代
    [CG] [CG-NODE] depth=0 exit=CERTIFIED certified=1 feasible=1 iters=5 generatedColsBeforeNode=0 newCols=56 posCandidates=56 duplicateCandidates=0 updatedCols=0 zeroObjImproveIters=0 objFirst=142910283.006552 objLast=173786668.832787 objGain=30876385.826235 maxRC=59507594.656705 wallSec=0.017616 pricingSec=0.012237 cplexSolveSec=0.002863
      [BB] 根节点即为整数解，obj=173786668.832787
    [CG] CG iter 1: obj=143116118.958494, maxRC=59510895.640149, +23 cols
    [CG]   [DIAG] iter=1 posCols=23 newCols=23 effImprove=23 updated=0
    [CG] CG iter 1: obj=142824681.410553, maxRC=59519752.131033, +23 cols
    [CG] CG iter 2: obj=160608845.118402, maxRC=10621105.193845, +17 cols
    [CG]   [DIAG] iter=2 posCols=17 newCols=17 effImprove=17 updated=0
    [CG]   [DIAG] iter=1 posCols=23 newCols=23 effImprove=23 updated=0
    [CG] CG iter 1: obj=142846171.320848, maxRC=59492532.429094, +23 cols
    [CG]   [DIAG] iter=1 posCols=23 newCols=23 effImprove=23 updated=0
    [CG] CG iter 3: obj=166986158.633859, maxRC=6262671.764792, +11 cols
    [CG]   [DIAG] iter=3 posCols=11 newCols=11 effImprove=11 updated=0
    [CG] CG iter 4: obj=169667283.643644, maxRC=4129443.455148, +5 cols
    [CG]   [DIAG] iter=4 posCols=5 newCols=5 effImprove=5 updated=0
    [CG] CG iter 2: obj=160493754.967533, maxRC=9269475.877550, +17 cols
    [CG]   [DIAG] iter=2 posCols=17 newCols=17 effImprove=17 updated=0
    [CG] CG iter 2: obj=160506611.626590, maxRC=10648490.736641, +17 cols
    [CG] CG iter 1: obj=143149244.574651, maxRC=59519752.128890, +23 cols
    [CG] CG iter 1: obj=143217311.766545, maxRC=59501675.250635, +23 cols
    [CG]   [DIAG] iter=2 posCols=17 newCols=17 effImprove=17 updated=0
    [CG] 列生成收敛，共 5 轮迭代
    [CG] [CG-NODE] depth=0 exit=CERTIFIED certified=1 feasible=1 iters=5 generatedColsBeforeNode=0 newCols=56 posCandidates=56 duplicateCandidates=0 updatedCols=0 zeroObjImproveIters=0 objFirst=143116118.958494 objLast=173885830.207346 objGain=30769711.248853 maxRC=59510895.640149 wallSec=0.009831 pricingSec=0.006395 cplexSolveSec=0.001779
    [CG]   [DIAG] iter=1 posCols=23 newCols=23 effImprove=23 updated=0
      [BB] 根节点即为整数解，obj=173885830.207346
    [CG]   [DIAG] iter=1 posCols=23 newCols=23 effImprove=23 updated=0
    [CG] CG iter 1: obj=142704536.085457, maxRC=59497593.772325, +23 cols
    [CG] CG iter 3: obj=173654926.165306, maxRC=1375468.415319, +4 cols
    [CG]   [DIAG] iter=3 posCols=4 newCols=4 effImprove=4 updated=0
    [CG] CG iter 3: obj=166811059.846210, maxRC=6285412.225336, +11 cols
    [CG] CG iter 2: obj=160563156.632131, maxRC=10683915.746557, +17 cols
    [CG]   [DIAG] iter=1 posCols=23 newCols=23 effImprove=23 updated=0
    [CG]   [DIAG] iter=3 posCols=11 newCols=11 effImprove=11 updated=0
    [CG]   [DIAG] iter=2 posCols=17 newCols=17 effImprove=17 updated=0
    [CG] CG iter 1: obj=143178702.112957, maxRC=59518388.320511, +23 cols
    [CG] CG iter 2: obj=160571598.717344, maxRC=10629159.504924, +17 cols
    [CG]   [DIAG] iter=1 posCols=23 newCols=23 effImprove=23 updated=0
    [CG]   [DIAG] iter=2 posCols=17 newCols=17 effImprove=17 updated=0
    [CG] CG iter 4: obj=173654926.165306, maxRC=441263.589229, +4 cols
    [CG] CG iter 4: obj=169450722.701842, maxRC=4075510.768245, +5 cols
    [CG]   [DIAG] iter=4 posCols=5 newCols=5 effImprove=5 updated=0
    [CG]   [DIAG] iter=4 posCols=4 newCols=4 effImprove=4 updated=0
    [CG] CG iter 3: obj=166925222.689104, maxRC=6247198.499883, +12 cols
    [CG]   [DIAG] iter=3 posCols=12 newCols=12 effImprove=12 updated=0
    [CG] CG iter 2: obj=160481649.484094, maxRC=10624032.553084, +17 cols
    [CG]   [DIAG] iter=2 posCols=17 newCols=17 effImprove=17 updated=0
    [CG] 列生成收敛，共 5 轮迭代
    [CG] [CG-NODE] depth=0 exit=CERTIFIED certified=1 feasible=1 iters=5 generatedColsBeforeNode=0 newCols=56 posCandidates=56 duplicateCandidates=0 updatedCols=0 zeroObjImproveIters=0 objFirst=142846171.320848 objLast=173658856.067423 objGain=30812684.746575 maxRC=59492532.429094 wallSec=0.013957 pricingSec=0.009639 cplexSolveSec=0.002310
    [CG] 列生成收敛，共 5 轮迭代
    [CG] [CG-NODE] depth=0 exit=CERTIFIED certified=1 feasible=1 iters=5 generatedColsBeforeNode=0 newCols=48 posCandidates=48 duplicateCandidates=0 updatedCols=0 zeroObjImproveIters=2 objFirst=142824681.410553 objLast=173654926.165306 objGain=30830244.754752 maxRC=59519752.131033 wallSec=0.016263 pricingSec=0.011021 cplexSolveSec=0.002782
      [BB] 根节点即为整数解，obj=173658856.067423
    [CG] CG iter 4: obj=169630237.282521, maxRC=4121378.050093, +5 cols
    [CG]   [DIAG] iter=4 posCols=5 newCols=5 effImprove=5 updated=0
      [BB] 根节点即为整数解，obj=173654926.165306
    [CG] CG iter 3: obj=166960565.971010, maxRC=6253578.354751, +12 cols
    [CG]   [DIAG] iter=3 posCols=12 newCols=12 effImprove=12 updated=0
    [CG] CG iter 3: obj=166854461.697933, maxRC=6264072.241783, +11 cols
    [CG] CG iter 2: obj=160556913.071570, maxRC=10622427.628388, +17 cols
    [CG]   [DIAG] iter=3 posCols=11 newCols=11 effImprove=11 updated=0
    [CG] 列生成收敛，共 5 轮迭代
    [CG] [CG-NODE] depth=0 exit=CERTIFIED certified=1 feasible=1 iters=5 generatedColsBeforeNode=0 newCols=57 posCandidates=57 duplicateCandidates=0 updatedCols=0 zeroObjImproveIters=0 objFirst=143149244.574651 objLast=173830877.237000 objGain=30681632.662349 maxRC=59519752.128890 wallSec=0.011945 pricingSec=0.008067 cplexSolveSec=0.002033
    [CG]   [DIAG] iter=2 posCols=17 newCols=17 effImprove=17 updated=0
      [BB] 根节点即为整数解，obj=173830877.237000
    [CG] CG iter 4: obj=169531847.954187, maxRC=4124360.967899, +5 cols
    [CG]   [DIAG] iter=4 posCols=5 newCols=5 effImprove=5 updated=0
    [CG] CG iter 4: obj=169662465.250590, maxRC=4146667.583782, +5 cols
    [CG]   [DIAG] iter=4 posCols=5 newCols=5 effImprove=5 updated=0
    [CG] 列生成收敛，共 5 轮迭代
    [CG] [CG-NODE] depth=0 exit=CERTIFIED certified=1 feasible=1 iters=5 generatedColsBeforeNode=0 newCols=56 posCandidates=56 duplicateCandidates=0 updatedCols=0 zeroObjImproveIters=0 objFirst=142704536.085457 objLast=173750099.576115 objGain=31045563.490657 maxRC=59497593.772325 wallSec=0.012023 pricingSec=0.008081 cplexSolveSec=0.002001
      [BB] 根节点即为整数解，obj=173750099.576115
    [CG] CG iter 3: obj=166941394.510986, maxRC=6258026.331168, +12 cols
    [CG]   [DIAG] iter=3 posCols=12 newCols=12 effImprove=12 updated=0
    [CG] 列生成收敛，共 5 轮迭代
    [CG] [CG-NODE] depth=0 exit=CERTIFIED certified=1 feasible=1 iters=5 generatedColsBeforeNode=0 newCols=57 posCandidates=57 duplicateCandidates=0 updatedCols=0 zeroObjImproveIters=0 objFirst=143217311.766545 objLast=173876603.220036 objGain=30659291.453492 maxRC=59501675.250635 wallSec=0.016502 pricingSec=0.011603 cplexSolveSec=0.002623
      [BB] 根节点即为整数解，obj=173876603.220036
    [CG] CG iter 4: obj=169642376.194138, maxRC=4139848.556726, +5 cols
    [CG]   [DIAG] iter=4 posCols=5 newCols=5 effImprove=5 updated=0
    [CG] 列生成收敛，共 5 轮迭代
    [CG] [CG-NODE] depth=0 exit=CERTIFIED certified=1 feasible=1 iters=5 generatedColsBeforeNode=0 newCols=57 posCandidates=57 duplicateCandidates=0 updatedCols=0 zeroObjImproveIters=0 objFirst=143178702.112957 objLast=173862590.187779 objGain=30683888.074822 maxRC=59518388.320511 wallSec=0.016477 pricingSec=0.011753 cplexSolveSec=0.002649
      [BB] 根节点即为整数解，obj=173862590.187779
[GA] 代数 9: Best=173966657.22, Avg=173825424.08, Worst=173608077.22, Valid=30/30, 耗时=0.05s (连续9代未提升)
  ├─ 求解: 30 个体 fork 并行 | CG迭代=120 加列=1352 BB分支=0
  ├─ 并行墙钟=0.0519s | 串行等效(ΣBP)=0.3456s | 加速比=6.66x
  ├─ 管理开销=-0.2937s (fork=0.0038 wait=0.0477 merge=0.0004)
  └─ CG明细: gen_logs/run_gen9_ind{0..29}.log
    [CG] 列生成开始，初始列数=128
    [CG] 列生成开始，初始列数=128
    [CG] 列生成开始，初始列数=128
    [CG] 列生成开始，初始列数=128
    [CG] 列生成开始，初始列数=128
    [CG] 列生成开始，初始列数=128
    [CG] 列生成开始，初始列数=128
    [CG] 列生成开始，初始列数=128
    [CG] CG iter 1: obj=143237303.954129, maxRC=59519752.131033, +23 cols
    [CG]   [DIAG] iter=1 posCols=23 newCols=23 effImprove=23 updated=0
    [CG] CG iter 2: obj=160610120.377233, maxRC=10643611.640801, +17 cols
    [CG]   [DIAG] iter=2 posCols=17 newCols=17 effImprove=17 updated=0
    [CG] CG iter 1: obj=142998618.510858, maxRC=59507594.656705, +23 cols
    [CG]   [DIAG] iter=1 posCols=23 newCols=23 effImprove=23 updated=0
    [CG] CG iter 3: obj=166995149.855351, maxRC=6252572.154908, +12 cols
    [CG]   [DIAG] iter=3 posCols=12 newCols=12 effImprove=12 updated=0
    [CG] CG iter 4: obj=169696941.378698, maxRC=4137741.924988, +5 cols
    [CG]   [DIAG] iter=4 posCols=5 newCols=5 effImprove=5 updated=0
    [CG] CG iter 1: obj=143182321.797295, maxRC=59498006.333555, +23 cols
    [CG] CG iter 2: obj=160614060.179799, maxRC=10632068.904233, +17 cols
    [CG]   [DIAG] iter=2 posCols=17 newCols=17 effImprove=17 updated=0
    [CG]   [DIAG] iter=1 posCols=23 newCols=23 effImprove=23 updated=0
    [CG] 列生成收敛，共 5 轮迭代
    [CG] [CG-NODE] depth=0 exit=CERTIFIED certified=1 feasible=1 iters=5 generatedColsBeforeNode=0 newCols=57 posCandidates=57 duplicateCandidates=0 updatedCols=0 zeroObjImproveIters=0 objFirst=143237303.954129 objLast=173909256.424529 objGain=30671952.470401 maxRC=59519752.131033 wallSec=0.007868 pricingSec=0.005131 cplexSolveSec=0.001472
      [BB] 根节点即为整数解，obj=173909256.424529
    [CG] CG iter 3: obj=166980973.986305, maxRC=6262236.481166, +11 cols
    [CG]   [DIAG] iter=3 posCols=11 newCols=11 effImprove=11 updated=0
    [CG] CG iter 1: obj=143217022.348651, maxRC=59501269.183559, +23 cols
    [CG] CG iter 2: obj=160555380.544644, maxRC=10610067.782329, +17 cols
    [CG]   [DIAG] iter=2 posCols=17 newCols=17 effImprove=17 updated=0
    [CG] CG iter 1: obj=142718794.204759, maxRC=59497593.772325, +23 cols
    [CG]   [DIAG] iter=1 posCols=23 newCols=23 effImprove=23 updated=0
    [CG]   [DIAG] iter=1 posCols=23 newCols=23 effImprove=23 updated=0
    [CG] CG iter 4: obj=169658591.729213, maxRC=4119960.312271, +5 cols
    [CG]   [DIAG] iter=4 posCols=5 newCols=5 effImprove=5 updated=0
    [CG] 列生成收敛，共 5 轮迭代
    [CG] [CG-NODE] depth=0 exit=CERTIFIED certified=1 feasible=1 iters=5 generatedColsBeforeNode=0 newCols=56 posCandidates=56 duplicateCandidates=0 updatedCols=0 zeroObjImproveIters=0 objFirst=142998618.510858 objLast=173875090.870035 objGain=30876472.359178 maxRC=59507594.656705 wallSec=0.010514 pricingSec=0.007112 cplexSolveSec=0.001936
    [CG] CG iter 3: obj=166952916.341304, maxRC=6256099.644805, +12 cols
    [CG]   [DIAG] iter=3 posCols=12 newCols=12 effImprove=12 updated=0
      [BB] 根节点即为整数解，obj=173875090.870035
    [CG] CG iter 2: obj=160570903.232375, maxRC=10628895.364974, +17 cols
    [CG] CG iter 2: obj=160531838.164833, maxRC=10623692.318510, +17 cols
    [CG]   [DIAG] iter=2 posCols=17 newCols=17 effImprove=17 updated=0
    [CG]   [DIAG] iter=2 posCols=17 newCols=17 effImprove=17 updated=0
    [CG] 列生成开始，初始列数=128
    [CG] CG iter 4: obj=169651984.718222, maxRC=4153024.106582, +5 cols
    [CG]   [DIAG] iter=4 posCols=5 newCols=5 effImprove=5 updated=0
    [CG] 列生成收敛，共 5 轮迭代
    [CG] [CG-NODE] depth=0 exit=CERTIFIED certified=1 feasible=1 iters=5 generatedColsBeforeNode=0 newCols=57 posCandidates=57 duplicateCandidates=0 updatedCols=0 zeroObjImproveIters=0 objFirst=143182321.797295 objLast=173871608.393536 objGain=30689286.596240 maxRC=59498006.333555 wallSec=0.011754 pricingSec=0.008014 cplexSolveSec=0.002092
      [BB] 根节点即为整数解，obj=173871608.393536
    [CG] CG iter 3: obj=166894845.024151, maxRC=6244425.408194, +12 cols
    [CG] CG iter 3: obj=166959941.449604, maxRC=6253592.821111, +12 cols
    [CG]   [DIAG] iter=3 posCols=12 newCols=12 effImprove=12 updated=0
    [CG]   [DIAG] iter=3 posCols=12 newCols=12 effImprove=12 updated=0
    [CG] 列生成开始，初始列数=128
    [CG] CG iter 1: obj=143037913.780684, maxRC=59484808.698529, +23 cols
    [CG] CG iter 1: obj=143193495.723095, maxRC=59518271.665783, +23 cols
    [CG] CG iter 4: obj=169582450.139605, maxRC=4117643.252329, +5 cols
    [CG] CG iter 4: obj=169661855.195544, maxRC=4146855.840525, +5 cols
    [CG]   [DIAG] iter=4 posCols=5 newCols=5 effImprove=5 updated=0
    [CG]   [DIAG] iter=4 posCols=5 newCols=5 effImprove=5 updated=0
    [CG]   [DIAG] iter=1 posCols=23 newCols=23 effImprove=23 updated=0
    [CG]   [DIAG] iter=1 posCols=23 newCols=23 effImprove=23 updated=0
    [CG] CG iter 1: obj=143139313.792754, maxRC=59498006.333555, +23 cols
    [CG] 列生成收敛，共 5 轮迭代
    [CG] [CG-NODE] depth=0 exit=CERTIFIED certified=1 feasible=1 iters=5 generatedColsBeforeNode=0 newCols=57 posCandidates=57 duplicateCandidates=0 updatedCols=0 zeroObjImproveIters=0 objFirst=142718794.204759 objLast=173811498.517068 objGain=31092704.312309 maxRC=59497593.772325 wallSec=0.013703 pricingSec=0.009168 cplexSolveSec=0.002497
    [CG] 列生成收敛，共 5 轮迭代
    [CG] [CG-NODE] depth=0 exit=CERTIFIED certified=1 feasible=1 iters=5 generatedColsBeforeNode=0 newCols=57 posCandidates=57 duplicateCandidates=0 updatedCols=0 zeroObjImproveIters=0 objFirst=143217022.348651 objLast=173876019.774179 objGain=30658997.425527 maxRC=59501269.183559 wallSec=0.013575 pricingSec=0.009291 cplexSolveSec=0.002373
    [CG]   [DIAG] iter=1 posCols=23 newCols=23 effImprove=23 updated=0
      [BB] 根节点即为整数解，obj=173811498.517068
      [BB] 根节点即为整数解，obj=173876019.774179
    [CG] CG iter 2: obj=160495363.154968, maxRC=10622487.748430, +17 cols
    [CG] CG iter 2: obj=160568604.720746, maxRC=10622347.500943, +17 cols
    [CG]   [DIAG] iter=2 posCols=17 newCols=17 effImprove=17 updated=0
    [CG]   [DIAG] iter=2 posCols=17 newCols=17 effImprove=17 updated=0
    [CG] 列生成开始，初始列数=128
    [CG] CG iter 2: obj=160554944.146552, maxRC=10610469.799408, +17 cols
    [CG]   [DIAG] iter=2 posCols=17 newCols=17 effImprove=17 updated=0
    [CG] CG iter 3: obj=166876316.534228, maxRC=6256544.041299, +12 cols
    [CG] CG iter 3: obj=166957942.062743, maxRC=6259910.227488, +12 cols
    [CG]   [DIAG] iter=3 posCols=12 newCols=12 effImprove=12 updated=0
    [CG]   [DIAG] iter=3 posCols=12 newCols=12 effImprove=12 updated=0
    [CG] CG iter 3: obj=166931254.636599, maxRC=6264822.786490, +11 cols
    [CG] 列生成开始，初始列数=128
    [CG]   [DIAG] iter=3 posCols=11 newCols=11 effImprove=11 updated=0
    [CG] CG iter 4: obj=169581269.886447, maxRC=4147117.258044, +5 cols
    [CG] CG iter 4: obj=169660987.830237, maxRC=4144067.697320, +5 cols
    [CG]   [DIAG] iter=4 posCols=5 newCols=5 effImprove=5 updated=0
    [CG]   [DIAG] iter=4 posCols=5 newCols=5 effImprove=5 updated=0
    [CG] CG iter 4: obj=169609349.392067, maxRC=4133693.125634, +5 cols
    [CG]   [DIAG] iter=4 posCols=5 newCols=5 effImprove=5 updated=0
    [CG] 列生成收敛，共 5 轮迭代
    [CG] 列生成收敛，共 5 轮迭代
    [CG] [CG-NODE] depth=0 exit=CERTIFIED certified=1 feasible=1 iters=5 generatedColsBeforeNode=0 newCols=57 posCandidates=57 duplicateCandidates=0 updatedCols=0 zeroObjImproveIters=0 objFirst=143193495.723095 objLast=173879562.462202 objGain=30686066.739107 maxRC=59518271.665783 wallSec=0.016676 pricingSec=0.011727 cplexSolveSec=0.002662
    [CG] [CG-NODE] depth=0 exit=CERTIFIED certified=1 feasible=1 iters=5 generatedColsBeforeNode=0 newCols=57 posCandidates=57 duplicateCandidates=0 updatedCols=0 zeroObjImproveIters=0 objFirst=143037913.780684 objLast=173797804.948285 objGain=30759891.167601 maxRC=59484808.698529 wallSec=0.016592 pricingSec=0.011760 cplexSolveSec=0.002618
    [CG] 列生成开始，初始列数=128
      [BB] 根节点即为整数解，obj=173879562.462202
    [CG] CG iter 1: obj=143192697.461942, maxRC=59519403.483036, +23 cols
      [BB] 根节点即为整数解，obj=173797804.948285
    [CG]   [DIAG] iter=1 posCols=23 newCols=23 effImprove=23 updated=0
    [CG] 列生成收敛，共 5 轮迭代
    [CG] [CG-NODE] depth=0 exit=CERTIFIED certified=1 feasible=1 iters=5 generatedColsBeforeNode=0 newCols=56 posCandidates=56 duplicateCandidates=0 updatedCols=0 zeroObjImproveIters=0 objFirst=143139313.792754 objLast=173828870.646931 objGain=30689556.854177 maxRC=59498006.333555 wallSec=0.016857 pricingSec=0.011834 cplexSolveSec=0.002604
      [BB] 根节点即为整数解，obj=173828870.646931
    [CG] CG iter 2: obj=160612661.050147, maxRC=10641227.865490, +17 cols
    [CG]   [DIAG] iter=2 posCols=17 newCols=17 effImprove=17 updated=0
    [CG] CG iter 3: obj=166977667.789469, maxRC=6261638.879500, +11 cols
    [CG]   [DIAG] iter=3 posCols=11 newCols=11 effImprove=11 updated=0
    [CG] CG iter 4: obj=169657828.410214, maxRC=4119153.241125, +5 cols
    [CG]   [DIAG] iter=4 posCols=5 newCols=5 effImprove=5 updated=0
    [CG] 列生成开始，初始列数=128
    [CG] 列生成收敛，共 5 轮迭代
    [CG] [CG-NODE] depth=0 exit=CERTIFIED certified=1 feasible=1 iters=5 generatedColsBeforeNode=0 newCols=56 posCandidates=56 duplicateCandidates=0 updatedCols=0 zeroObjImproveIters=0 objFirst=143192697.461942 objLast=173870872.305368 objGain=30678174.843427 maxRC=59519403.483036 wallSec=0.008224 pricingSec=0.005353 cplexSolveSec=0.001574
      [BB] 根节点即为整数解，obj=173870872.305368
    [CG] 列生成开始，初始列数=128
    [CG] 列生成开始，初始列数=128
    [CG] CG iter 1: obj=142746705.553268, maxRC=59497620.702017, +23 cols
    [CG] CG iter 1: obj=143149242.203868, maxRC=59519801.501261, +23 cols
    [CG]   [DIAG] iter=1 posCols=23 newCols=23 effImprove=23 updated=0
    [CG]   [DIAG] iter=1 posCols=23 newCols=23 effImprove=23 updated=0
    [CG] 列生成开始，初始列数=128
    [CG] CG iter 2: obj=160563203.633717, maxRC=10683935.224811, +17 cols
    [CG]   [DIAG] iter=2 posCols=17 newCols=17 effImprove=17 updated=0
    [CG] CG iter 3: obj=166925254.743632, maxRC=6247199.811999, +12 cols
    [CG]   [DIAG] iter=3 posCols=12 newCols=12 effImprove=12 updated=0
    [CG] CG iter 2: obj=160482240.418963, maxRC=10623486.337642, +17 cols
    [CG]   [DIAG] iter=2 posCols=17 newCols=17 effImprove=17 updated=0
    [CG] CG iter 4: obj=169630270.649165, maxRC=4121353.009408, +5 cols
    [CG]   [DIAG] iter=4 posCols=5 newCols=5 effImprove=5 updated=0
    [CG] CG iter 1: obj=143243799.322407, maxRC=59519203.223707, +23 cols
    [CG] 列生成收敛，共 5 轮迭代
    [CG] [CG-NODE] depth=0 exit=CERTIFIED certified=1 feasible=1 iters=5 generatedColsBeforeNode=0 newCols=57 posCandidates=57 duplicateCandidates=0 updatedCols=0 zeroObjImproveIters=0 objFirst=143149242.203868 objLast=173830903.566274 objGain=30681661.362406 maxRC=59519801.501261 wallSec=0.009527 pricingSec=0.006309 cplexSolveSec=0.001705
    [CG]   [DIAG] iter=1 posCols=23 newCols=23 effImprove=23 updated=0
      [BB] 根节点即为整数解，obj=173830903.566274
    [CG] CG iter 1: obj=142910392.373666, maxRC=59507594.656705, +23 cols
    [CG]   [DIAG] iter=1 posCols=23 newCols=23 effImprove=23 updated=0
    [CG] CG iter 1: obj=142882838.077838, maxRC=59497548.893647, +23 cols
    [CG]   [DIAG] iter=1 posCols=23 newCols=23 effImprove=23 updated=0
    [CG] CG iter 3: obj=166875835.381502, maxRC=6255540.438045, +12 cols
    [CG] CG iter 2: obj=160617221.219290, maxRC=10623304.788301, +17 cols
    [CG]   [DIAG] iter=2 posCols=17 newCols=17 effImprove=17 updated=0
    [CG]   [DIAG] iter=3 posCols=12 newCols=12 effImprove=12 updated=0
    [CG] CG iter 2: obj=160614149.434038, maxRC=10632068.904233, +17 cols
    [CG]   [DIAG] iter=2 posCols=17 newCols=17 effImprove=17 updated=0
    [CG] CG iter 1: obj=143155710.115287, maxRC=59519403.483036, +23 cols
    [CG]   [DIAG] iter=1 posCols=23 newCols=23 effImprove=23 updated=0
    [CG] CG iter 3: obj=167011516.527176, maxRC=6255322.806518, +12 cols
    [CG]   [DIAG] iter=3 posCols=12 newCols=12 effImprove=12 updated=0
    [CG] CG iter 3: obj=166936886.051025, maxRC=6281427.767699, +11 cols
    [CG]   [DIAG] iter=3 posCols=11 newCols=11 effImprove=11 updated=0
    [CG] 列生成开始，初始列数=128
    [CG] CG iter 4: obj=169573664.375376, maxRC=4143316.719687, +5 cols
    [CG]   [DIAG] iter=4 posCols=5 newCols=5 effImprove=5 updated=0
    [CG] CG iter 4: obj=169570306.491538, maxRC=4078606.152010, +5 cols
    [CG]   [DIAG] iter=4 posCols=5 newCols=5 effImprove=5 updated=0
    [CG] CG iter 4: obj=169709972.255370, maxRC=4143848.648965, +5 cols
    [CG]   [DIAG] iter=4 posCols=5 newCols=5 effImprove=5 updated=0
    [CG] CG iter 2: obj=160625346.456880, maxRC=10624032.553084, +17 cols
    [CG]   [DIAG] iter=2 posCols=17 newCols=17 effImprove=17 updated=0
    [CG] CG iter 2: obj=160545792.486753, maxRC=10641227.865490, +17 cols
    [CG]   [DIAG] iter=2 posCols=17 newCols=17 effImprove=17 updated=0
    [CG] 列生成收敛，共 5 轮迭代
    [CG] [CG-NODE] depth=0 exit=CERTIFIED certified=1 feasible=1 iters=5 generatedColsBeforeNode=0 newCols=56 posCandidates=56 duplicateCandidates=0 updatedCols=0 zeroObjImproveIters=0 objFirst=142910392.373666 objLast=173786793.741948 objGain=30876401.368281 maxRC=59507594.656705 wallSec=0.008985 pricingSec=0.005940 cplexSolveSec=0.001593
    [CG] 列生成收敛，共 5 轮迭代
    [CG] [CG-NODE] depth=0 exit=CERTIFIED certified=1 feasible=1 iters=5 generatedColsBeforeNode=0 newCols=57 posCandidates=57 duplicateCandidates=0 updatedCols=0 zeroObjImproveIters=0 objFirst=143243799.322407 objLast=173928347.827090 objGain=30684548.504683 maxRC=59519203.223707 wallSec=0.012203 pricingSec=0.007992 cplexSolveSec=0.002032
      [BB] 根节点即为整数解，obj=173786793.741948
    [CG] 列生成收敛，共 5 轮迭代
    [CG] [CG-NODE] depth=0 exit=CERTIFIED certified=1 feasible=1 iters=5 generatedColsBeforeNode=0 newCols=57 posCandidates=57 duplicateCandidates=0 updatedCols=0 zeroObjImproveIters=0 objFirst=142746705.553268 objLast=173792060.823677 objGain=31045355.270409 maxRC=59497620.702017 wallSec=0.018490 pricingSec=0.012815 cplexSolveSec=0.003270
      [BB] 根节点即为整数解，obj=173928347.827090
      [BB] 根节点即为整数解，obj=173792060.823677
    [CG] CG iter 3: obj=166922142.192387, maxRC=6255474.890402, +12 cols
    [CG]   [DIAG] iter=3 posCols=12 newCols=12 effImprove=12 updated=0
    [CG] CG iter 4: obj=169626102.197181, maxRC=4133971.828352, +5 cols
    [CG]   [DIAG] iter=4 posCols=5 newCols=5 effImprove=5 updated=0
    [CG] CG iter 3: obj=167019331.306136, maxRC=6255281.504053, +12 cols
    [CG]   [DIAG] iter=3 posCols=12 newCols=12 effImprove=12 updated=0
    [CG] 列生成收敛，共 5 轮迭代
    [CG] [CG-NODE] depth=0 exit=CERTIFIED certified=1 feasible=1 iters=5 generatedColsBeforeNode=0 newCols=57 posCandidates=57 duplicateCandidates=0 updatedCols=0 zeroObjImproveIters=0 objFirst=143155710.115287 objLast=173840925.956664 objGain=30685215.841377 maxRC=59519403.483036 wallSec=0.010403 pricingSec=0.007208 cplexSolveSec=0.001717
    [CG] 列生成开始，初始列数=128
      [BB] 根节点即为整数解，obj=173840925.956664
    [CG] 列生成开始，初始列数=128
    [CG] CG iter 4: obj=169717890.197807, maxRC=4143660.581598, +5 cols
    [CG] CG iter 1: obj=143258027.094089, maxRC=59518388.320511, +23 cols
    [CG]   [DIAG] iter=4 posCols=5 newCols=5 effImprove=5 updated=0
    [CG]   [DIAG] iter=1 posCols=23 newCols=23 effImprove=23 updated=0
    [CG] 列生成收敛，共 5 轮迭代
    [CG] [CG-NODE] depth=0 exit=CERTIFIED certified=1 feasible=1 iters=5 generatedColsBeforeNode=0 newCols=57 posCandidates=57 duplicateCandidates=0 updatedCols=0 zeroObjImproveIters=0 objFirst=142882838.077838 objLast=173936141.819735 objGain=31053303.741897 maxRC=59497548.893647 wallSec=0.018217 pricingSec=0.012405 cplexSolveSec=0.003373
    [CG] CG iter 1: obj=143232981.300148, maxRC=59516160.607272, +23 cols
      [BB] 根节点即为整数解，obj=173936141.819735
    [CG]   [DIAG] iter=1 posCols=23 newCols=23 effImprove=23 updated=0
    [CG] CG iter 2: obj=160623781.634964, maxRC=10622427.628388, +17 cols
    [CG]   [DIAG] iter=2 posCols=17 newCols=17 effImprove=17 updated=0
    [CG] CG iter 1: obj=143038353.790898, maxRC=59484297.186644, +23 cols
    [CG]   [DIAG] iter=1 posCols=23 newCols=23 effImprove=23 updated=0
    [CG] CG iter 3: obj=167018092.743486, maxRC=6255399.582535, +12 cols
    [CG] CG iter 1: obj=142771181.932267, maxRC=59492532.429094, +23 cols
    [CG] CG iter 2: obj=160602991.546867, maxRC=10625246.531768, +17 cols
    [CG]   [DIAG] iter=3 posCols=12 newCols=12 effImprove=12 updated=0
    [CG]   [DIAG] iter=1 posCols=23 newCols=23 effImprove=23 updated=0
    [CG]   [DIAG] iter=2 posCols=17 newCols=17 effImprove=17 updated=0
    [CG] CG iter 2: obj=160494797.947361, maxRC=10622156.565165, +17 cols
    [CG]   [DIAG] iter=2 posCols=17 newCols=17 effImprove=17 updated=0
    [CG] CG iter 4: obj=169716447.678005, maxRC=4144329.583198, +5 cols
    [CG]   [DIAG] iter=4 posCols=5 newCols=5 effImprove=5 updated=0
    [CG] CG iter 2: obj=160523919.831221, maxRC=10636632.857361, +17 cols
    [CG]   [DIAG] iter=2 posCols=17 newCols=17 effImprove=17 updated=0
    [CG] CG iter 3: obj=166995413.132015, maxRC=6255329.215476, +12 cols
    [CG]   [DIAG] iter=3 posCols=12 newCols=12 effImprove=12 updated=0
    [CG] CG iter 3: obj=166876229.567537, maxRC=6256616.944201, +12 cols
    [CG]   [DIAG] iter=3 posCols=12 newCols=12 effImprove=12 updated=0
    [CG] 列生成收敛，共 5 轮迭代
    [CG] CG iter 1: obj=143258816.445625, maxRC=59519752.128890, +23 cols
    [CG] [CG-NODE] depth=0 exit=CERTIFIED certified=1 feasible=1 iters=5 generatedColsBeforeNode=0 newCols=57 posCandidates=57 duplicateCandidates=0 updatedCols=0 zeroObjImproveIters=0 objFirst=143258027.094089 objLast=173934881.807317 objGain=30676854.713228 maxRC=59518388.320511 wallSec=0.014224 pricingSec=0.009730 cplexSolveSec=0.002535
    [CG]   [DIAG] iter=1 posCols=23 newCols=23 effImprove=23 updated=0
      [BB] 根节点即为整数解，obj=173934881.807317
    [CG] CG iter 3: obj=166778790.326716, maxRC=6307199.349448, +11 cols
    [CG]   [DIAG] iter=3 posCols=11 newCols=11 effImprove=11 updated=0
    [CG] CG iter 4: obj=169695093.608840, maxRC=4144086.761703, +5 cols
    [CG] CG iter 4: obj=169581420.012220, maxRC=4147613.750096, +5 cols
    [CG]   [DIAG] iter=4 posCols=5 newCols=5 effImprove=5 updated=0
    [CG]   [DIAG] iter=4 posCols=5 newCols=5 effImprove=5 updated=0
    [CG] CG iter 2: obj=160626626.875727, maxRC=10623485.371715, +17 cols
    [CG]   [DIAG] iter=2 posCols=17 newCols=17 effImprove=17 updated=0
    [CG] 列生成收敛，共 5 轮迭代
    [CG] [CG-NODE] depth=0 exit=CERTIFIED certified=1 feasible=1 iters=5 generatedColsBeforeNode=0 newCols=57 posCandidates=57 duplicateCandidates=0 updatedCols=0 zeroObjImproveIters=0 objFirst=143038353.790898 objLast=173797912.320381 objGain=30759558.529484 maxRC=59484297.186644 wallSec=0.010650 pricingSec=0.007219 cplexSolveSec=0.001856
    [CG] CG iter 4: obj=169353040.693774, maxRC=4023121.377286, +5 cols
    [CG]   [DIAG] iter=4 posCols=5 newCols=5 effImprove=5 updated=0
    [CG] 列生成收敛，共 5 轮迭代
    [CG] [CG-NODE] depth=0 exit=CERTIFIED certified=1 feasible=1 iters=5 generatedColsBeforeNode=0 newCols=57 posCandidates=57 duplicateCandidates=0 updatedCols=0 zeroObjImproveIters=0 objFirst=143232981.300148 objLast=173912421.832869 objGain=30679440.532721 maxRC=59516160.607272 wallSec=0.017643 pricingSec=0.012145 cplexSolveSec=0.002891
      [BB] 根节点即为整数解，obj=173797912.320381
      [BB] 根节点即为整数解，obj=173912421.832869
    [CG] CG iter 3: obj=167020947.756875, maxRC=6255294.772632, +12 cols
    [CG] 列生成收敛，共 5 轮迭代
    [CG]   [DIAG] iter=3 posCols=12 newCols=12 effImprove=12 updated=0
    [CG] [CG-NODE] depth=0 exit=CERTIFIED certified=1 feasible=1 iters=5 generatedColsBeforeNode=0 newCols=56 posCandidates=56 duplicateCandidates=0 updatedCols=0 zeroObjImproveIters=0 objFirst=142771181.932267 objLast=173565322.154929 objGain=30794140.222662 maxRC=59492532.429094 wallSec=0.008149 pricingSec=0.005192 cplexSolveSec=0.001644
      [BB] 根节点即为整数解，obj=173565322.154929
    [CG] CG iter 4: obj=169719375.451182, maxRC=4143805.047541, +5 cols
    [CG]   [DIAG] iter=4 posCols=5 newCols=5 effImprove=5 updated=0
    [CG] 列生成收敛，共 5 轮迭代
    [CG] [CG-NODE] depth=0 exit=CERTIFIED certified=1 feasible=1 iters=5 generatedColsBeforeNode=0 newCols=57 posCandidates=57 duplicateCandidates=0 updatedCols=0 zeroObjImproveIters=0 objFirst=143258816.445625 objLast=173937771.539053 objGain=30678955.093427 maxRC=59519752.128890 wallSec=0.008565 pricingSec=0.005617 cplexSolveSec=0.001519
      [BB] 根节点即为整数解，obj=173937771.539053
[GA] 代数 10: Best=173966657.22, Avg=173875865.53, Worst=173594207.84, Valid=30/30, 耗时=0.04s (连续10代未提升 → 提前停止)
  ├─ 求解: 30 个体 fork 并行 | CG迭代=100 加列=1135 BB分支=0
  ├─ 并行墙钟=0.0400s | 串行等效(ΣBP)=0.2581s | 加速比=6.45x
  ├─ 管理开销=-0.2181s (fork=0.0033 wait=0.0363 merge=0.0003)
  └─ CG明细: gen_logs/run_gen10_ind{0..29}.log

========== 遗传算法完成 ==========
总耗时: 0.662797s
最优适应度: 173966657.22
最优w: w0=0.00 w1=0.00 w2=0.00 w3=0.00 w4=0.00 w5=0.00 w6=0.00 w7=0.00 

========== 并行效率总报告 ==========
并行代数            : 11
并行墙钟(累计)      : 0.6586s
串行等效(ΣBP累计)   : 4.1692s
净管理开销          : -3.5106s (-533.0%)
  ├─ fork  : 0.0435s
  ├─ wait  : 0.6103s
  └─ merge : 0.0041s
加速比              : 6.33x
结论: 加速比 > 1，并行有效收益。
====================================

--- 最优解详细结果 ---
FORMAL_PASS seed=505 distance=15.00 profit=173966657.22 wall=0.68
