
      ========== [环节4/5] 列生成 CG（RMP + 定价子问题迭代求 LP 松弛） ==========
        设计: CPLEX 增量式 RMP(动态加列，不重建模型) ↔ 逐 DC 定价生成负 RC 新列
        定价并行: 否(串行逐DC) | DC 数=8 | 定价线程=4(上限pricing_threads=4)[未启用,parallel_pricing=false]
        核预算: core_budget=0(0=不限制) | GA并发进程数=见num_threads | 峰值占核=GA进程×定价线程
        RMP求解: CPLEX线程=1(cplex_threads=1)[GA并行时子进程强制回退1避免过度订阅]
        收敛: 最大迭代=2000 | tailing-off 早停=否(连续20轮改善<1e-06) | RC 阈值=1e-06
        优化: 每DC持久 PricingSolver(缓存跨迭代保留) + 持久线程池(不再每轮建销)

      ========== [环节5/5] 定价子问题 PS（每DC生成最大负 RC 列，本次瓶颈~83%） ==========
        算法: Simplified候选 + Algorithm3完整校验
        无损缓存: cachedBestCols仅提供 incumbent/上界剪枝，不跳过完整定价
        完整定价: 候选价格(保留价去重)×两点组合 O(候选价×n_neg²×numRetailer)

    ========== [环节3/5] 分支定界 BB（DFS 深度优先，恢复整数解） ==========
      设计: 根节点列生成求 LP → 按 x_ij(DC-零售商对)分数值分支 → 左 x_ij=0 / 右 x_ij=1
      策略: 深度优先(DFS 栈) | 选最大分数化变量分支 | LP≤下界则剪枝
      认证: 所有节点严格列生成 | 目标gap=0 | 最大节点数=10000 | 时间上限=600s
      资源限制仅改变求解状态，不允许LP值冒充整数可行解

  ========== [环节2/5] 分支定价 BP（固定 w_j 下精确求解整数规划） ==========
    设计: 列生成(求 LP 松弛) + 分支定界(恢复整数) = 分支定价
    收尾: 内层列利润已包含减排投资成本；BP整数结果完成后仅加回碳配额常数收益
    优化: fitnessCache 仅复用相同 w 的认证最优结果；未认证结果再次出现时重算
    投资成本模型: ½δw²D^γ, γ=0.500000
    投资成本处理: 列内扣除(新)

========== [环节1/5] 遗传算法 GA（外层：对减排率 w_j 编码搜索） ==========
  设计: 二进制编码 w_j → 轮盘赌选择 → 两点交叉 → 按位变异 → 精英保留
  配置: 种群=30 | 最大代数=50 | 编码位数=10/DC | 基因总长=80
        交叉率=0.7 | 逐位变异率=0.0125(自适应1/L) | 精英保留=是 | w范围=[0,1]
        提前停止=是 | 连续未提升阈值=10代 | 提升容差=0.001
  优化: 二进制解码查表(替代 std::pow) | 相同 w 仅复用认证最优的BP缓存

  +--------------- [并行诊断] 适应度评估层（GA 第4层外层） ---------------
  | 评估任务: 每代对 30 个个体各调用一次分支定价 BP.solve(w)（含 CG->定价->BB）
  | 并行三条件:
  |   1) parallel_fitness = true   [满足]
  |   2) population_size > 1 : 30   [满足]
  |   3) num_threads > 1 : 配置=8 -> 实际=8（0 表示自动取 CPU 核数=36）   [满足]
  +---------------------------------------------------------------
  | >>> 当前模式: 【并行】GA 适应度评估层 fork 进程级并行
  |     并发度: 8 个子进程同时运行（个体总数 30，分批调度）
  |     隔离方式: 每个体 fork() 独立子进程 + Instance.deepCopy() 深拷贝
  |               （不共享求解器，各持独立 BranchAndPrice，无锁无竞争）
  |     结果回传: 子进程算完经管道 pipe() 回传 fitness 及 BP/CG/PS 计时
  |     下层状态: 每个子进程内部 BP->CG->定价PS->BB 全部【串行】
  |     计时口径: 并行时 BP/CG/PS 取墙钟聚合，避免子进程 CPU 时间累加超过总时间
  | 注: 定价子问题 PS 并行开关 parallel_pricing=false —— true 时并行逐DC，false 时串行逐DC；线程数配置在 CG 环节横幅始终展示，仅 false 时不生效）
  +---------------------------------------------------------------
    [CG] 列生成开始，初始列数=128
    [CG] 列生成开始，初始列数=128
    [CG] 列生成开始，初始列数=128
    [CG] 列生成开始，初始列数=128
    [CG] 列生成开始，初始列数=128
    [CG] 列生成开始，初始列数=128
    [CG] 列生成开始，初始列数=128
    [CG] 列生成开始，初始列数=128
    [CG] CG iter 1: obj=141774133.871915, maxRC=59327842.003501, +23 cols
    [CG] CG iter 1: obj=143259837.358392, maxRC=59519752.128890, +23 cols
    [CG]   [DIAG] iter=1 posCols=23 newCols=23 effImprove=23 updated=0
    [CG]   [DIAG] iter=1 posCols=23 newCols=23 effImprove=23 updated=0
    [CG] CG iter 1: obj=141952396.467822, maxRC=59433179.650312, +23 cols
    [CG]   [DIAG] iter=1 posCols=23 newCols=23 effImprove=23 updated=0
    [CG] CG iter 1: obj=142197680.559738, maxRC=59501754.985053, +23 cols
    [CG] CG iter 1: obj=142657167.581134, maxRC=59445785.631546, +23 cols
    [CG] CG iter 1: obj=142011216.957977, maxRC=59492177.611268, +23 cols
    [CG]   [DIAG] iter=1 posCols=23 newCols=23 effImprove=23 updated=0
    [CG]   [DIAG] iter=1 posCols=23 newCols=23 effImprove=23 updated=0
    [CG]   [DIAG] iter=1 posCols=23 newCols=23 effImprove=23 updated=0
    [CG] CG iter 1: obj=142301896.582414, maxRC=59509588.222269, +23 cols
    [CG] CG iter 1: obj=141801326.131676, maxRC=58948443.790307, +23 cols
    [CG]   [DIAG] iter=1 posCols=23 newCols=23 effImprove=23 updated=0
    [CG]   [DIAG] iter=1 posCols=23 newCols=23 effImprove=23 updated=0
    [CG] CG iter 2: obj=159882022.962361, maxRC=10269251.792063, +17 cols
    [CG]   [DIAG] iter=2 posCols=17 newCols=17 effImprove=17 updated=0
    [CG] CG iter 2: obj=160626609.885663, maxRC=10623485.371715, +17 cols
    [CG]   [DIAG] iter=2 posCols=17 newCols=17 effImprove=17 updated=0
    [CG] CG iter 2: obj=159889206.516079, maxRC=10622516.794242, +17 cols
    [CG]   [DIAG] iter=2 posCols=17 newCols=17 effImprove=17 updated=0
    [CG] CG iter 2: obj=160093274.275035, maxRC=10805737.165694, +17 cols
    [CG]   [DIAG] iter=2 posCols=17 newCols=17 effImprove=17 updated=0
    [CG] CG iter 2: obj=160367440.186621, maxRC=9512237.312668, +17 cols
    [CG]   [DIAG] iter=2 posCols=17 newCols=17 effImprove=17 updated=0
    [CG] CG iter 2: obj=160116241.062392, maxRC=9475413.304533, +17 cols
    [CG] CG iter 3: obj=165050588.701257, maxRC=4923837.953820, +12 cols
    [CG]   [DIAG] iter=2 posCols=17 newCols=17 effImprove=17 updated=0
    [CG]   [DIAG] iter=3 posCols=12 newCols=12 effImprove=12 updated=0
    [CG] CG iter 3: obj=167020930.268672, maxRC=6255295.270771, +12 cols
    [CG]   [DIAG] iter=3 posCols=12 newCols=12 effImprove=12 updated=0
    [CG] CG iter 2: obj=160023449.753540, maxRC=10665857.517730, +16 cols
    [CG] CG iter 2: obj=158929677.118572, maxRC=10277569.199447, +17 cols
    [CG]   [DIAG] iter=2 posCols=16 newCols=16 effImprove=16 updated=0
    [CG]   [DIAG] iter=2 posCols=17 newCols=17 effImprove=17 updated=0
    [CG] CG iter 3: obj=165987537.165575, maxRC=5664885.086540, +9 cols
    [CG]   [DIAG] iter=3 posCols=9 newCols=9 effImprove=9 updated=0
    [CG] CG iter 3: obj=173576597.424040, maxRC=1946590.209804, +7 cols
    [CG] CG iter 4: obj=169870370.734389, maxRC=3385402.922220, +7 cols
    [CG]   [DIAG] iter=3 posCols=7 newCols=7 effImprove=7 updated=0
    [CG] CG iter 3: obj=166255823.248355, maxRC=6299710.546166, +11 cols
    [CG]   [DIAG] iter=4 posCols=7 newCols=7 effImprove=7 updated=0
    [CG]   [DIAG] iter=3 posCols=11 newCols=11 effImprove=11 updated=0
    [CG] CG iter 4: obj=169719358.461118, maxRC=4143805.047541, +5 cols
    [CG]   [DIAG] iter=4 posCols=5 newCols=5 effImprove=5 updated=0
    [CG] CG iter 4: obj=172601196.741704, maxRC=1151834.838115, +2 cols
    [CG]   [DIAG] iter=4 posCols=2 newCols=2 effImprove=2 updated=0
    [CG] CG iter 3: obj=166452838.817357, maxRC=9441956.765099, +14 cols
    [CG] CG iter 5: obj=172627947.777669, maxRC=2574028.601508, +8 cols
    [CG]   [DIAG] iter=5 posCols=8 newCols=8 effImprove=8 updated=0
    [CG]   [DIAG] iter=3 posCols=14 newCols=14 effImprove=14 updated=0
    [CG] 列生成收敛，共 5 轮迭代
    [CG] CG iter 4: obj=173576597.424040, maxRC=440269.011672, +2 cols
    [CG] [CG-NODE] depth=0 exit=CERTIFIED certified=1 feasible=1 iters=5 generatedColsBeforeNode=0 newCols=57 posCandidates=57 duplicateCandidates=0 updatedCols=0 zeroObjImproveIters=0 objFirst=143259837.358392 objLast=173937754.548989 objGain=30677917.190597 maxRC=59519752.128890 wallSec=0.017752 pricingSec=0.011903 cplexSolveSec=0.003097
    [CG]   [DIAG] iter=4 posCols=2 newCols=2 effImprove=2 updated=0
    [CG] CG iter 4: obj=168871272.532928, maxRC=3968540.046695, +5 cols
    [CG]   [DIAG] iter=4 posCols=5 newCols=5 effImprove=5 updated=0
    [CG] CG iter 3: obj=163866132.947017, maxRC=4976160.441587, +14 cols
    [CG] CG iter 3: obj=165298701.863140, maxRC=6311929.448422, +11 cols
      [BB] 根节点即为整数解，obj=173937754.548989
    [CG]   [DIAG] iter=3 posCols=11 newCols=11 effImprove=11 updated=0
    [CG]   [DIAG] iter=3 posCols=14 newCols=14 effImprove=14 updated=0
    [CG] CG iter 5: obj=172804257.090230, maxRC=70014.595041, +1 cols
    [CG]   [DIAG] iter=5 posCols=1 newCols=1 effImprove=1 updated=0
    [CG] CG iter 6: obj=172627947.777669, maxRC=203611.078993, +1 cols
    [CG]   [DIAG] iter=6 posCols=1 newCols=1 effImprove=1 updated=0
    [CG] CG iter 5: obj=173576597.424040, maxRC=392413.459779, +3 cols
    [CG] 列生成收敛，共 5 轮迭代
    [CG]   [DIAG] iter=5 posCols=3 newCols=3 effImprove=3 updated=0
    [CG] [CG-NODE] depth=0 exit=CERTIFIED certified=1 feasible=1 iters=5 generatedColsBeforeNode=0 newCols=56 posCandidates=56 duplicateCandidates=0 updatedCols=0 zeroObjImproveIters=0 objFirst=142197680.559738 objLast=173032352.508048 objGain=30834671.948310 maxRC=59501754.985053 wallSec=0.018013 pricingSec=0.012166 cplexSolveSec=0.003107
    [CG] 列生成收敛，共 6 轮迭代
    [CG] [CG-NODE] depth=0 exit=CERTIFIED certified=1 feasible=1 iters=6 generatedColsBeforeNode=0 newCols=52 posCandidates=52 duplicateCandidates=0 updatedCols=0 zeroObjImproveIters=1 objFirst=141952396.467822 objLast=172804257.090230 objGain=30851860.622408 maxRC=59433179.650312 wallSec=0.018346 pricingSec=0.012191 cplexSolveSec=0.003389
      [BB] 根节点即为整数解，obj=173032352.508048
    [CG] CG iter 4: obj=171298405.493840, maxRC=2539690.824544, +3 cols
    [CG]   [DIAG] iter=4 posCols=3 newCols=3 effImprove=3 updated=0
    [CG] 列生成收敛，共 7 轮迭代
      [BB] 根节点即为整数解，obj=172804257.090230
    [CG] [CG-NODE] depth=0 exit=CERTIFIED certified=1 feasible=1 iters=7 generatedColsBeforeNode=0 newCols=68 posCandidates=68 duplicateCandidates=0 updatedCols=0 zeroObjImproveIters=1 objFirst=141774133.871915 objLast=172831558.856662 objGain=31057424.984747 maxRC=59327842.003501 wallSec=0.018922 pricingSec=0.012417 cplexSolveSec=0.003661
    [CG] CG iter 4: obj=173021249.024314, maxRC=2612612.493908, +6 cols
    [CG]   [DIAG] iter=4 posCols=6 newCols=6 effImprove=6 updated=0
    [CG] CG iter 4: obj=167929809.465689, maxRC=4302270.537372, +5 cols
    [CG]   [DIAG] iter=4 posCols=5 newCols=5 effImprove=5 updated=0
      [BB] 根节点即为整数解，obj=172831558.856662
    [CG] 列生成收敛，共 6 轮迭代
    [CG] [CG-NODE] depth=0 exit=CERTIFIED certified=1 feasible=1 iters=6 generatedColsBeforeNode=0 newCols=52 posCandidates=52 duplicateCandidates=0 updatedCols=0 zeroObjImproveIters=3 objFirst=142657167.581134 objLast=173576597.424040 objGain=30919429.842906 maxRC=59445785.631546 wallSec=0.019269 pricingSec=0.012728 cplexSolveSec=0.003642
      [BB] 根节点即为整数解，obj=173576597.424040
    [CG] 列生成收敛，共 5 轮迭代
    [CG] CG iter 5: obj=173056239.644172, maxRC=1502106.477320, +5 cols
    [CG] [CG-NODE] depth=0 exit=CERTIFIED certified=1 feasible=1 iters=5 generatedColsBeforeNode=0 newCols=56 posCandidates=56 duplicateCandidates=0 updatedCols=0 zeroObjImproveIters=0 objFirst=141801326.131676 objLast=172232080.003060 objGain=30430753.871384 maxRC=58948443.790307 wallSec=0.019379 pricingSec=0.013082 cplexSolveSec=0.003444
    [CG]   [DIAG] iter=5 posCols=5 newCols=5 effImprove=5 updated=0
      [BB] 根节点即为整数解，obj=172232080.003060
    [CG] CG iter 5: obj=173021249.024314, maxRC=279175.088440, +1 cols
    [CG]   [DIAG] iter=5 posCols=1 newCols=1 effImprove=1 updated=0
    [CG] 列生成收敛，共 6 轮迭代
    [CG] [CG-NODE] depth=0 exit=CERTIFIED certified=1 feasible=1 iters=6 generatedColsBeforeNode=0 newCols=62 posCandidates=62 duplicateCandidates=0 updatedCols=0 zeroObjImproveIters=1 objFirst=142011216.957977 objLast=173056239.644172 objGain=31045022.686195 maxRC=59492177.611268 wallSec=0.020655 pricingSec=0.013906 cplexSolveSec=0.003797
      [BB] 根节点即为整数解，obj=173056239.644172
    [CG] 列生成开始，初始列数=128
    [CG] 列生成收敛，共 6 轮迭代
    [CG] [CG-NODE] depth=0 exit=CERTIFIED certified=1 feasible=1 iters=6 generatedColsBeforeNode=0 newCols=60 posCandidates=60 duplicateCandidates=0 updatedCols=0 zeroObjImproveIters=2 objFirst=142301896.582414 objLast=173021249.024314 objGain=30719352.441900 maxRC=59509588.222269 wallSec=0.021031 pricingSec=0.013586 cplexSolveSec=0.004314
    [CG] 列生成开始，初始列数=128
    [CG] 列生成开始，初始列数=128
      [BB] 根节点即为整数解，obj=173021249.024314
    [CG] 列生成开始，初始列数=128
    [CG] 列生成开始，初始列数=128
    [CG] 列生成开始，初始列数=128
    [CG] 列生成开始，初始列数=128
    [CG] 列生成开始，初始列数=128
    [CG] CG iter 1: obj=142709315.852424, maxRC=59414099.553003, +23 cols
    [CG]   [DIAG] iter=1 posCols=23 newCols=23 effImprove=23 updated=0
    [CG] CG iter 2: obj=160209649.875420, maxRC=10603613.016252, +17 cols
    [CG] CG iter 1: obj=142170445.884516, maxRC=59332630.033263, +23 cols
    [CG]   [DIAG] iter=2 posCols=17 newCols=17 effImprove=17 updated=0
    [CG]   [DIAG] iter=1 posCols=23 newCols=23 effImprove=23 updated=0
    [CG] CG iter 1: obj=142226056.150303, maxRC=59285325.920040, +23 cols
    [CG] CG iter 3: obj=166533942.128478, maxRC=6262220.961274, +11 cols
    [CG]   [DIAG] iter=3 posCols=11 newCols=11 effImprove=11 updated=0
    [CG]   [DIAG] iter=1 posCols=23 newCols=23 effImprove=23 updated=0
    [CG] CG iter 2: obj=159776341.000327, maxRC=10723487.734085, +18 cols
    [CG]   [DIAG] iter=2 posCols=18 newCols=18 effImprove=18 updated=0
    [CG] CG iter 4: obj=169196424.430670, maxRC=4120044.456688, +5 cols
    [CG]   [DIAG] iter=4 posCols=5 newCols=5 effImprove=5 updated=0
    [CG] CG iter 1: obj=142886597.831766, maxRC=59481263.059556, +23 cols
    [CG] 列生成收敛，共 5 轮迭代
    [CG] [CG-NODE] depth=0 exit=CERTIFIED certified=1 feasible=1 iters=5 generatedColsBeforeNode=0 newCols=56 posCandidates=56 duplicateCandidates=0 updatedCols=0 zeroObjImproveIters=0 objFirst=142709315.852424 objLast=173415441.860668 objGain=30706126.008244 maxRC=59414099.553003 wallSec=0.010051 pricingSec=0.006715 cplexSolveSec=0.001798
    [CG]   [DIAG] iter=1 posCols=23 newCols=23 effImprove=23 updated=0
      [BB] 根节点即为整数解，obj=173415441.860668
    [CG] CG iter 2: obj=159872358.382286, maxRC=10484213.231162, +17 cols
    [CG] CG iter 3: obj=165877325.138380, maxRC=5621030.449307, +11 cols
    [CG]   [DIAG] iter=2 posCols=17 newCols=17 effImprove=17 updated=0
    [CG]   [DIAG] iter=3 posCols=11 newCols=11 effImprove=11 updated=0
    [CG] CG iter 4: obj=172448845.340604, maxRC=1368032.119947, +3 cols
    [CG]   [DIAG] iter=4 posCols=3 newCols=3 effImprove=3 updated=0
    [CG] CG iter 2: obj=160332355.411420, maxRC=10751473.037521, +17 cols
    [CG] CG iter 3: obj=166145571.176027, maxRC=5781206.757937, +10 cols
    [CG]   [DIAG] iter=3 posCols=10 newCols=10 effImprove=10 updated=0
    [CG]   [DIAG] iter=2 posCols=17 newCols=17 effImprove=17 updated=0
    [CG] CG iter 1: obj=142539396.866738, maxRC=59516957.238947, +23 cols
    [CG] CG iter 4: obj=173038709.946302, maxRC=1138688.792127, +2 cols
    [CG] CG iter 5: obj=172448845.340604, maxRC=1199487.825240, +3 cols
    [CG]   [DIAG] iter=4 posCols=2 newCols=2 effImprove=2 updated=0
    [CG]   [DIAG] iter=5 posCols=3 newCols=3 effImprove=3 updated=0
    [CG]   [DIAG] iter=1 posCols=23 newCols=23 effImprove=23 updated=0
    [CG] CG iter 3: obj=166634383.116064, maxRC=6247637.803426, +12 cols
    [CG] 列生成收敛，共 5 轮迭代
    [CG] [CG-NODE] depth=0 exit=CERTIFIED certified=1 feasible=1 iters=5 generatedColsBeforeNode=0 newCols=52 posCandidates=52 duplicateCandidates=0 updatedCols=0 zeroObjImproveIters=0 objFirst=142226056.150303 objLast=173065466.726091 objGain=30839410.575788 maxRC=59285325.920040 wallSec=0.011993 pricingSec=0.008187 cplexSolveSec=0.001955
    [CG]   [DIAG] iter=3 posCols=12 newCols=12 effImprove=12 updated=0
    [CG] CG iter 1: obj=142107557.053721, maxRC=59137562.691499, +23 cols
    [CG] CG iter 6: obj=172448845.340604, maxRC=271569.742600, +1 cols
    [CG]   [DIAG] iter=6 posCols=1 newCols=1 effImprove=1 updated=0
      [BB] 根节点即为整数解，obj=173065466.726091
    [CG]   [DIAG] iter=1 posCols=23 newCols=23 effImprove=23 updated=0
    [CG] CG iter 4: obj=169331190.917325, maxRC=4087953.994322, +6 cols
    [CG]   [DIAG] iter=4 posCols=6 newCols=6 effImprove=6 updated=0
    [CG] 列生成收敛，共 7 轮迭代
    [CG] [CG-NODE] depth=0 exit=CERTIFIED certified=1 feasible=1 iters=7 generatedColsBeforeNode=0 newCols=59 posCandidates=59 duplicateCandidates=0 updatedCols=0 zeroObjImproveIters=2 objFirst=142170445.884516 objLast=172678658.051530 objGain=30508212.167015 maxRC=59332630.033263 wallSec=0.011780 pricingSec=0.007728 cplexSolveSec=0.002298
      [BB] 根节点即为整数解，obj=172678658.051530
    [CG] CG iter 2: obj=160340156.847214, maxRC=10699541.541937, +17 cols
    [CG] 列生成收敛，共 5 轮迭代
    [CG] 列生成开始，初始列数=128
    [CG] [CG-NODE] depth=0 exit=CERTIFIED certified=1 feasible=1 iters=5 generatedColsBeforeNode=0 newCols=58 posCandidates=58 duplicateCandidates=0 updatedCols=0 zeroObjImproveIters=0 objFirst=142886597.831766 objLast=173505257.515506 objGain=30618659.683741 maxRC=59481263.059556 wallSec=0.011760 pricingSec=0.008056 cplexSolveSec=0.001917
    [CG]   [DIAG] iter=2 posCols=17 newCols=17 effImprove=17 updated=0
      [BB] 根节点即为整数解，obj=173505257.515506
    [CG] 列生成开始，初始列数=128
    [CG] CG iter 3: obj=166558247.420650, maxRC=6292958.109479, +11 cols
    [CG] CG iter 2: obj=159755435.828777, maxRC=10443001.577114, +17 cols
    [CG]   [DIAG] iter=3 posCols=11 newCols=11 effImprove=11 updated=0
    [CG]   [DIAG] iter=2 posCols=17 newCols=17 effImprove=17 updated=0
    [CG] CG iter 4: obj=169168801.364596, maxRC=4002744.737284, +5 cols
    [CG]   [DIAG] iter=4 posCols=5 newCols=5 effImprove=5 updated=0
    [CG] CG iter 1: obj=142533657.365792, maxRC=59505009.276506, +23 cols
    [CG]   [DIAG] iter=1 posCols=23 newCols=23 effImprove=23 updated=0
    [CG] 列生成开始，初始列数=128
    [CG] 列生成收敛，共 5 轮迭代
    [CG] [CG-NODE] depth=0 exit=CERTIFIED certified=1 feasible=1 iters=5 generatedColsBeforeNode=0 newCols=56 posCandidates=56 duplicateCandidates=0 updatedCols=0 zeroObjImproveIters=0 objFirst=142539396.866738 objLast=173372287.272981 objGain=30832890.406242 maxRC=59516957.238947 wallSec=0.016674 pricingSec=0.011320 cplexSolveSec=0.002667
      [BB] 根节点即为整数解，obj=173372287.272981
    [CG] CG iter 3: obj=166045311.183062, maxRC=5721829.139898, +11 cols
    [CG]   [DIAG] iter=3 posCols=11 newCols=11 effImprove=11 updated=0
    [CG] 列生成开始，初始列数=128
    [CG] CG iter 1: obj=142453951.903870, maxRC=59498963.954434, +23 cols
    [CG]   [DIAG] iter=1 posCols=23 newCols=23 effImprove=23 updated=0
    [CG] CG iter 4: obj=172906917.806115, maxRC=1345815.088170, +2 cols
    [CG]   [DIAG] iter=4 posCols=2 newCols=2 effImprove=2 updated=0
    [CG] CG iter 2: obj=160168257.272166, maxRC=10819125.157825, +17 cols
    [CG]   [DIAG] iter=2 posCols=17 newCols=17 effImprove=17 updated=0
    [CG] 列生成开始，初始列数=128
    [CG] CG iter 5: obj=172910745.460453, maxRC=642595.407554, +2 cols
    [CG]   [DIAG] iter=5 posCols=2 newCols=2 effImprove=2 updated=0
    [CG] CG iter 2: obj=160250945.010922, maxRC=9264638.704457, +17 cols
    [CG]   [DIAG] iter=2 posCols=17 newCols=17 effImprove=17 updated=0
    [CG] 列生成收敛，共 6 轮迭代
    [CG] [CG-NODE] depth=0 exit=CERTIFIED certified=1 feasible=1 iters=6 generatedColsBeforeNode=0 newCols=55 posCandidates=55 duplicateCandidates=0 updatedCols=0 zeroObjImproveIters=1 objFirst=142107557.053721 objLast=172910745.460453 objGain=30803188.406732 maxRC=59137562.691499 wallSec=0.018607 pricingSec=0.012991 cplexSolveSec=0.003323
    [CG] CG iter 3: obj=166360117.638697, maxRC=6268003.198416, +12 cols
      [BB] 根节点即为整数解，obj=172910745.460453
    [CG]   [DIAG] iter=3 posCols=12 newCols=12 effImprove=12 updated=0
    [CG] CG iter 3: obj=173414050.106860, maxRC=1467589.776688, +6 cols
    [CG]   [DIAG] iter=3 posCols=6 newCols=6 effImprove=6 updated=0
    [CG] CG iter 4: obj=169080733.697399, maxRC=4052981.856919, +7 cols
    [CG] CG iter 4: obj=173414050.106860, maxRC=96908.509730, +2 cols
    [CG]   [DIAG] iter=4 posCols=2 newCols=2 effImprove=2 updated=0
    [CG]   [DIAG] iter=4 posCols=7 newCols=7 effImprove=7 updated=0
    [CG] CG iter 1: obj=142382089.891539, maxRC=59122655.531273, +23 cols
    [CG]   [DIAG] iter=1 posCols=23 newCols=23 effImprove=23 updated=0
    [CG] 列生成收敛，共 5 轮迭代
    [CG] [CG-NODE] depth=0 exit=CERTIFIED certified=1 feasible=1 iters=5 generatedColsBeforeNode=0 newCols=48 posCandidates=48 duplicateCandidates=0 updatedCols=0 zeroObjImproveIters=2 objFirst=142453951.903870 objLast=173414050.106860 objGain=30960098.202990 maxRC=59498963.954434 wallSec=0.017614 pricingSec=0.011956 cplexSolveSec=0.003085
    [CG] 列生成收敛，共 5 轮迭代
    [CG] [CG-NODE] depth=0 exit=CERTIFIED certified=1 feasible=1 iters=5 generatedColsBeforeNode=0 newCols=59 posCandidates=59 duplicateCandidates=0 updatedCols=0 zeroObjImproveIters=0 objFirst=142533657.365792 objLast=173237084.380023 objGain=30703427.014231 maxRC=59505009.276506 wallSec=0.018628 pricingSec=0.012805 cplexSolveSec=0.003148
      [BB] 根节点即为整数解，obj=173414050.106860
      [BB] 根节点即为整数解，obj=173237084.380023
    [CG] CG iter 2: obj=159648392.850776, maxRC=10396374.548099, +17 cols
    [CG]   [DIAG] iter=2 posCols=17 newCols=17 effImprove=17 updated=0
    [CG] 列生成开始，初始列数=128
    [CG] CG iter 1: obj=141804480.180187, maxRC=59487801.096363, +23 cols
    [CG]   [DIAG] iter=1 posCols=23 newCols=23 effImprove=23 updated=0
    [CG] CG iter 3: obj=166044471.760340, maxRC=6270224.111955, +12 cols
    [CG] CG iter 2: obj=159700693.112653, maxRC=10193953.307086, +17 cols
    [CG]   [DIAG] iter=2 posCols=17 newCols=17 effImprove=17 updated=0
    [CG]   [DIAG] iter=3 posCols=12 newCols=12 effImprove=12 updated=0
    [CG] CG iter 1: obj=142811412.815531, maxRC=59512096.417861, +23 cols
    [CG]   [DIAG] iter=1 posCols=23 newCols=23 effImprove=23 updated=0
    [CG] 列生成开始，初始列数=128
    [CG] CG iter 3: obj=169288765.376293, maxRC=3410563.308958, +12 cols
    [CG]   [DIAG] iter=3 posCols=12 newCols=12 effImprove=12 updated=0
    [CG] 列生成开始，初始列数=128
    [CG] CG iter 4: obj=168750221.502693, maxRC=4278493.509703, +5 cols
    [CG]   [DIAG] iter=4 posCols=5 newCols=5 effImprove=5 updated=0
    [CG] CG iter 4: obj=172631075.331070, maxRC=1174866.039758, +3 cols
    [CG]   [DIAG] iter=4 posCols=3 newCols=3 effImprove=3 updated=0
    [CG] 列生成收敛，共 5 轮迭代
    [CG] [CG-NODE] depth=0 exit=CERTIFIED certified=1 feasible=1 iters=5 generatedColsBeforeNode=0 newCols=57 posCandidates=57 duplicateCandidates=0 updatedCols=0 zeroObjImproveIters=0 objFirst=142382089.891539 objLast=173028715.012396 objGain=30646625.120857 maxRC=59122655.531273 wallSec=0.011966 pricingSec=0.008359 cplexSolveSec=0.002100
    [CG] CG iter 5: obj=172631075.331070, maxRC=730302.031401, +3 cols
    [CG]   [DIAG] iter=5 posCols=3 newCols=3 effImprove=3 updated=0
      [BB] 根节点即为整数解，obj=173028715.012396
    [CG] CG iter 6: obj=172854799.297772, maxRC=135642.266982, +1 cols
    [CG]   [DIAG] iter=6 posCols=1 newCols=1 effImprove=1 updated=0
    [CG] CG iter 2: obj=160320068.669658, maxRC=9547253.987597, +17 cols
    [CG] CG iter 1: obj=142568828.448562, maxRC=59506667.665281, +23 cols
    [CG]   [DIAG] iter=2 posCols=17 newCols=17 effImprove=17 updated=0
    [CG] 列生成收敛，共 7 轮迭代
    [CG] [CG-NODE] depth=0 exit=CERTIFIED certified=1 feasible=1 iters=7 generatedColsBeforeNode=0 newCols=59 posCandidates=59 duplicateCandidates=0 updatedCols=0 zeroObjImproveIters=2 objFirst=141804480.180187 objLast=172854799.297772 objGain=31050319.117585 maxRC=59487801.096363 wallSec=0.008832 pricingSec=0.005741 cplexSolveSec=0.001805
    [CG]   [DIAG] iter=1 posCols=23 newCols=23 effImprove=23 updated=0
      [BB] 根节点即为整数解，obj=172854799.297772
    [CG] CG iter 1: obj=141434226.497159, maxRC=58994841.287287, +23 cols
    [CG] CG iter 3: obj=173475503.722889, maxRC=1937179.720775, +7 cols
    [CG]   [DIAG] iter=3 posCols=7 newCols=7 effImprove=7 updated=0
    [CG]   [DIAG] iter=1 posCols=23 newCols=23 effImprove=23 updated=0
    [CG] 列生成开始，初始列数=128
    [CG] CG iter 2: obj=160493366.697875, maxRC=10725178.348488, +17 cols
    [CG]   [DIAG] iter=2 posCols=17 newCols=17 effImprove=17 updated=0
    [CG] CG iter 4: obj=173475503.722889, maxRC=417187.644337, +2 cols
    [CG]   [DIAG] iter=4 posCols=2 newCols=2 effImprove=2 updated=0
    [CG] 列生成开始，初始列数=128
    [CG] CG iter 5: obj=173475503.722889, maxRC=342867.432274, +3 cols
    [CG]   [DIAG] iter=5 posCols=3 newCols=3 effImprove=3 updated=0
    [CG] CG iter 2: obj=159086890.071684, maxRC=10336081.193138, +17 cols
    [CG]   [DIAG] iter=2 posCols=17 newCols=17 effImprove=17 updated=0
    [CG] CG iter 3: obj=166654876.843189, maxRC=6306433.264748, +12 cols
    [CG]   [DIAG] iter=3 posCols=12 newCols=12 effImprove=12 updated=0
    [CG] 列生成收敛，共 6 轮迭代
    [CG] [CG-NODE] depth=0 exit=CERTIFIED certified=1 feasible=1 iters=6 generatedColsBeforeNode=0 newCols=52 posCandidates=52 duplicateCandidates=0 updatedCols=0 zeroObjImproveIters=3 objFirst=142811412.815531 objLast=173475503.722889 objGain=30664090.907358 maxRC=59512096.417861 wallSec=0.018639 pricingSec=0.012297 cplexSolveSec=0.003593
      [BB] 根节点即为整数解，obj=173475503.722889
    [CG] CG iter 3: obj=164067947.673890, maxRC=8566845.867270, +12 cols
    [CG] CG iter 4: obj=169195568.189107, maxRC=3940463.978164, +5 cols
    [CG]   [DIAG] iter=4 posCols=5 newCols=5 effImprove=5 updated=0
    [CG]   [DIAG] iter=3 posCols=12 newCols=12 effImprove=12 updated=0
    [CG] 列生成收敛，共 5 轮迭代
    [CG] [CG-NODE] depth=0 exit=CERTIFIED certified=1 feasible=1 iters=5 generatedColsBeforeNode=0 newCols=57 posCandidates=57 duplicateCandidates=0 updatedCols=0 zeroObjImproveIters=0 objFirst=142568828.448562 objLast=173388789.288177 objGain=30819960.839614 maxRC=59506667.665281 wallSec=0.017226 pricingSec=0.011949 cplexSolveSec=0.002909
      [BB] 根节点即为整数解，obj=173388789.288177
    [CG] CG iter 4: obj=169093070.727067, maxRC=3211654.015338, +9 cols
    [CG]   [DIAG] iter=4 posCols=9 newCols=9 effImprove=9 updated=0
    [CG] CG iter 5: obj=169093070.727067, maxRC=2917872.187376, +9 cols
    [CG]   [DIAG] iter=5 posCols=9 newCols=9 effImprove=9 updated=0
    [CG] CG iter 1: obj=141816486.535795, maxRC=59462028.013816, +23 cols
    [CG]   [DIAG] iter=1 posCols=23 newCols=23 effImprove=23 updated=0
    [CG] CG iter 6: obj=172010942.914442, maxRC=718261.408613, +5 cols
    [CG]   [DIAG] iter=6 posCols=5 newCols=5 effImprove=5 updated=0
    [CG] CG iter 1: obj=141772317.837704, maxRC=59112683.518498, +23 cols
    [CG] 列生成开始，初始列数=128
    [CG]   [DIAG] iter=1 posCols=23 newCols=23 effImprove=23 updated=0
    [CG] 列生成开始，初始列数=128
    [CG] CG iter 7: obj=172010942.914442, maxRC=68489.291196, +1 cols
    [CG]   [DIAG] iter=7 posCols=1 newCols=1 effImprove=1 updated=0
    [CG] 列生成收敛，共 8 轮迭代
    [CG] [CG-NODE] depth=0 exit=CERTIFIED certified=1 feasible=1 iters=8 generatedColsBeforeNode=0 newCols=76 posCandidates=76 duplicateCandidates=0 updatedCols=0 zeroObjImproveIters=3 objFirst=141434226.497159 objLast=172010942.914442 objGain=30576716.417283 maxRC=58994841.287287 wallSec=0.019863 pricingSec=0.013225 cplexSolveSec=0.003870
      [BB] 根节点即为整数解，obj=172010942.914442
    [CG] CG iter 2: obj=159677261.461917, maxRC=10641784.699414, +17 cols
    [CG]   [DIAG] iter=2 posCols=17 newCols=17 effImprove=17 updated=0
    [CG] CG iter 2: obj=159654423.920203, maxRC=9909566.816559, +17 cols
    [CG]   [DIAG] iter=2 posCols=17 newCols=17 effImprove=17 updated=0
    [CG] CG iter 1: obj=141757932.573599, maxRC=58959360.024639, +23 cols
    [CG] CG iter 1: obj=142451224.431022, maxRC=59519813.996734, +23 cols
    [CG]   [DIAG] iter=1 posCols=23 newCols=23 effImprove=23 updated=0
    [CG]   [DIAG] iter=1 posCols=23 newCols=23 effImprove=23 updated=0
    [CG] CG iter 3: obj=165843979.946892, maxRC=6237270.992364, +11 cols
    [CG]   [DIAG] iter=3 posCols=11 newCols=11 effImprove=11 updated=0
    [CG] CG iter 3: obj=169204280.909925, maxRC=3982319.144893, +13 cols
    [CG]   [DIAG] iter=3 posCols=13 newCols=13 effImprove=13 updated=0
    [CG] 列生成开始，初始列数=128
    [CG] CG iter 4: obj=168440668.842729, maxRC=3970050.544324, +5 cols
    [CG]   [DIAG] iter=4 posCols=5 newCols=5 effImprove=5 updated=0
    [CG] CG iter 4: obj=172595110.302777, maxRC=2576863.896117, +7 cols
    [CG] CG iter 2: obj=160151324.727734, maxRC=10781264.281988, +17 cols
    [CG]   [DIAG] iter=4 posCols=7 newCols=7 effImprove=7 updated=0
    [CG] CG iter 1: obj=142526926.623375, maxRC=59400379.760049, +23 cols
    [CG]   [DIAG] iter=2 posCols=17 newCols=17 effImprove=17 updated=0
    [CG] CG iter 2: obj=159151513.323451, maxRC=10586693.790721, +17 cols
    [CG]   [DIAG] iter=1 posCols=23 newCols=23 effImprove=23 updated=0
    [CG]   [DIAG] iter=2 posCols=17 newCols=17 effImprove=17 updated=0
    [CG] 列生成收敛，共 5 轮迭代
    [CG] [CG-NODE] depth=0 exit=CERTIFIED certified=1 feasible=1 iters=5 generatedColsBeforeNode=0 newCols=56 posCandidates=56 duplicateCandidates=0 updatedCols=0 zeroObjImproveIters=0 objFirst=141816486.535795 objLast=172695472.861522 objGain=30878986.325728 maxRC=59462028.013816 wallSec=0.017206 pricingSec=0.011720 cplexSolveSec=0.002961
      [BB] 根节点即为整数解，obj=172695472.861522
    [CG] CG iter 5: obj=172595110.302777, maxRC=574500.212745, +5 cols
    [CG]   [DIAG] iter=5 posCols=5 newCols=5 effImprove=5 updated=0
    [CG] CG iter 1: obj=141988340.609729, maxRC=58992357.707495, +23 cols
    [CG]   [DIAG] iter=1 posCols=23 newCols=23 effImprove=23 updated=0
    [CG] CG iter 3: obj=166370797.623912, maxRC=5686665.349908, +11 cols
    [CG]   [DIAG] iter=3 posCols=11 newCols=11 effImprove=11 updated=0
    [CG] CG iter 6: obj=172595110.302777, maxRC=350446.764284, +1 cols
    [CG]   [DIAG] iter=6 posCols=1 newCols=1 effImprove=1 updated=0
    [CG] CG iter 2: obj=160137799.831567, maxRC=10693304.256458, +17 cols
    [CG]   [DIAG] iter=2 posCols=17 newCols=17 effImprove=17 updated=0
    [CG] CG iter 2: obj=159367966.337546, maxRC=10324900.633611, +17 cols
    [CG]   [DIAG] iter=2 posCols=17 newCols=17 effImprove=17 updated=0
    [CG] CG iter 3: obj=165298295.160317, maxRC=6292237.213000, +12 cols
    [CG] CG iter 4: obj=173064157.415439, maxRC=1138824.545467, +3 cols
    [CG]   [DIAG] iter=4 posCols=3 newCols=3 effImprove=3 updated=0
    [CG]   [DIAG] iter=3 posCols=12 newCols=12 effImprove=12 updated=0
    [CG] 列生成收敛，共 7 轮迭代
    [CG] [CG-NODE] depth=0 exit=CERTIFIED certified=1 feasible=1 iters=7 generatedColsBeforeNode=0 newCols=66 posCandidates=66 duplicateCandidates=0 updatedCols=0 zeroObjImproveIters=2 objFirst=141772317.837704 objLast=172701831.238877 objGain=30929513.401173 maxRC=59112683.518498 wallSec=0.017422 pricingSec=0.011501 cplexSolveSec=0.003428
    [CG] CG iter 3: obj=165603910.441555, maxRC=5813636.999215, +10 cols
    [CG]   [DIAG] iter=3 posCols=10 newCols=10 effImprove=10 updated=0
      [BB] 根节点即为整数解，obj=172701831.238877
    [CG] 列生成收敛，共 5 轮迭代
    [CG] [CG-NODE] depth=0 exit=CERTIFIED certified=1 feasible=1 iters=5 generatedColsBeforeNode=0 newCols=54 posCandidates=54 duplicateCandidates=0 updatedCols=0 zeroObjImproveIters=0 objFirst=142451224.431022 objLast=173196287.519286 objGain=30745063.088264 maxRC=59519813.996734 wallSec=0.013930 pricingSec=0.009672 cplexSolveSec=0.002356
    [CG] CG iter 4: obj=172617364.185131, maxRC=1163176.927278, +2 cols
    [CG]   [DIAG] iter=4 posCols=2 newCols=2 effImprove=2 updated=0
      [BB] 根节点即为整数解，obj=173196287.519286
    [CG] CG iter 3: obj=166446926.785704, maxRC=6243757.802285, +12 cols
    [CG]   [DIAG] iter=3 posCols=12 newCols=12 effImprove=12 updated=0
    [CG] CG iter 4: obj=167913185.288184, maxRC=4138287.892517, +6 cols
    [CG]   [DIAG] iter=4 posCols=6 newCols=6 effImprove=6 updated=0
    [CG] 列生成收敛，共 5 轮迭代
    [CG] [CG-NODE] depth=0 exit=CERTIFIED certified=1 feasible=1 iters=5 generatedColsBeforeNode=0 newCols=52 posCandidates=52 duplicateCandidates=0 updatedCols=0 zeroObjImproveIters=1 objFirst=141988340.609729 objLast=172617364.185131 objGain=30629023.575403 maxRC=58992357.707495 wallSec=0.008295 pricingSec=0.005464 cplexSolveSec=0.001511
    [CG] 列生成开始，初始列数=128
      [BB] 根节点即为整数解，obj=172617364.185131
    [CG] 列生成收敛，共 5 轮迭代
    [CG] [CG-NODE] depth=0 exit=CERTIFIED certified=1 feasible=1 iters=5 generatedColsBeforeNode=0 newCols=58 posCandidates=58 duplicateCandidates=0 updatedCols=0 zeroObjImproveIters=0 objFirst=141757932.573599 objLast=172093795.077005 objGain=30335862.503405 maxRC=58959360.024639 wallSec=0.019195 pricingSec=0.013246 cplexSolveSec=0.003152
    [CG] CG iter 4: obj=169144821.349149, maxRC=4115139.782611, +6 cols
    [CG]   [DIAG] iter=4 posCols=6 newCols=6 effImprove=6 updated=0
      [BB] 根节点即为整数解，obj=172093795.077005
    [CG] 列生成收敛，共 5 轮迭代
    [CG] [CG-NODE] depth=0 exit=CERTIFIED certified=1 feasible=1 iters=5 generatedColsBeforeNode=0 newCols=58 posCandidates=58 duplicateCandidates=0 updatedCols=0 zeroObjImproveIters=0 objFirst=142526926.623375 objLast=173334128.966858 objGain=30807202.343484 maxRC=59400379.760049 wallSec=0.015202 pricingSec=0.010701 cplexSolveSec=0.002524
      [BB] 根节点即为整数解，obj=173334128.966858
    [CG] CG iter 1: obj=142239115.179055, maxRC=59476545.832627, +23 cols
    [CG]   [DIAG] iter=1 posCols=23 newCols=23 effImprove=23 updated=0
    [CG] CG iter 1: obj=141846840.844845, maxRC=59407151.544644, +23 cols
    [CG]   [DIAG] iter=1 posCols=23 newCols=23 effImprove=23 updated=0
    [CG] CG iter 2: obj=160233885.750466, maxRC=10841244.140753, +17 cols
    [CG]   [DIAG] iter=2 posCols=17 newCols=17 effImprove=17 updated=0
    [CG] CG iter 3: obj=166408999.773044, maxRC=6276349.717743, +12 cols
    [CG]   [DIAG] iter=3 posCols=12 newCols=12 effImprove=12 updated=0
    [CG] CG iter 2: obj=159549241.128845, maxRC=10581942.568256, +17 cols
    [CG]   [DIAG] iter=2 posCols=17 newCols=17 effImprove=17 updated=0
    [CG] CG iter 4: obj=169057404.899096, maxRC=3984595.293062, +6 cols
    [CG]   [DIAG] iter=4 posCols=6 newCols=6 effImprove=6 updated=0
    [CG] 列生成收敛，共 5 轮迭代
    [CG] [CG-NODE] depth=0 exit=CERTIFIED certified=1 feasible=1 iters=5 generatedColsBeforeNode=0 newCols=58 posCandidates=58 duplicateCandidates=0 updatedCols=0 zeroObjImproveIters=0 objFirst=142239115.179055 objLast=173208167.205398 objGain=30969052.026343 maxRC=59476545.832627 wallSec=0.012180 pricingSec=0.008080 cplexSolveSec=0.001957
      [BB] 根节点即为整数解，obj=173208167.205398
    [CG] CG iter 3: obj=165784009.910012, maxRC=6229055.529499, +11 cols
    [CG]   [DIAG] iter=3 posCols=11 newCols=11 effImprove=11 updated=0
    [CG] CG iter 4: obj=168405014.997892, maxRC=4041159.140226, +5 cols
    [CG]   [DIAG] iter=4 posCols=5 newCols=5 effImprove=5 updated=0
    [CG] 列生成收敛，共 5 轮迭代
    [CG] [CG-NODE] depth=0 exit=CERTIFIED certified=1 feasible=1 iters=5 generatedColsBeforeNode=0 newCols=56 posCandidates=56 duplicateCandidates=0 updatedCols=0 zeroObjImproveIters=0 objFirst=141846840.844845 objLast=172665882.975773 objGain=30819042.130928 maxRC=59407151.544644 wallSec=0.019413 pricingSec=0.013339 cplexSolveSec=0.003405
      [BB] 根节点即为整数解，obj=172665882.975773
    [CG] CG iter 1: obj=142509252.165557, maxRC=59385989.948542, +23 cols
    [CG]   [DIAG] iter=1 posCols=23 newCols=23 effImprove=23 updated=0
    [CG] CG iter 2: obj=159883718.501948, maxRC=10598629.068636, +17 cols
    [CG]   [DIAG] iter=2 posCols=17 newCols=17 effImprove=17 updated=0
    [CG] CG iter 3: obj=166214439.252792, maxRC=6278625.558489, +11 cols
    [CG]   [DIAG] iter=3 posCols=11 newCols=11 effImprove=11 updated=0
    [CG] CG iter 4: obj=168877038.430618, maxRC=4136047.241319, +5 cols
    [CG]   [DIAG] iter=4 posCols=5 newCols=5 effImprove=5 updated=0
    [CG] 列生成收敛，共 5 轮迭代
    [CG] [CG-NODE] depth=0 exit=CERTIFIED certified=1 feasible=1 iters=5 generatedColsBeforeNode=0 newCols=56 posCandidates=56 duplicateCandidates=0 updatedCols=0 zeroObjImproveIters=0 objFirst=142509252.165557 objLast=173085715.812838 objGain=30576463.647281 maxRC=59385989.948542 wallSec=0.016450 pricingSec=0.011548 cplexSolveSec=0.002628
      [BB] 根节点即为整数解，obj=173085715.812838
[GA] 代数 0: Best=173966640.23, Avg=173043834.90, Worst=172039828.60, Valid=30/30, 耗时=0.08s
  ├─ 求解: 30 个体 fork 并行 | CG迭代=167 加列=1721 BB分支=0
  ├─ 并行墙钟=0.0782s | 串行等效(ΣBP)=0.4948s | 加速比=6.32x
  ├─ 管理开销=-0.4166s (fork=0.0046 wait=0.0731 merge=0.0005)
  └─ CG明细: gen_logs/run_gen0_ind{0..29}.log
    [CG] 列生成开始，初始列数=128
    [CG] 列生成开始，初始列数=128
    [CG] 列生成开始，初始列数=128
    [CG] 列生成开始，初始列数=128
    [CG] 列生成开始，初始列数=128
    [CG] 列生成开始，初始列数=128
    [CG] 列生成开始，初始列数=128
    [CG] 列生成开始，初始列数=128
    [CG] CG iter 1: obj=141982429.245710, maxRC=59492590.408863, +23 cols
    [CG]   [DIAG] iter=1 posCols=23 newCols=23 effImprove=23 updated=0
    [CG] CG iter 1: obj=142226235.204362, maxRC=59285325.920040, +23 cols
    [CG]   [DIAG] iter=1 posCols=23 newCols=23 effImprove=23 updated=0
    [CG] CG iter 2: obj=160091650.047392, maxRC=9486378.794447, +17 cols
    [CG]   [DIAG] iter=2 posCols=17 newCols=17 effImprove=17 updated=0
    [CG] CG iter 2: obj=159872358.382286, maxRC=10484213.231162, +17 cols
    [CG]   [DIAG] iter=2 posCols=17 newCols=17 effImprove=17 updated=0
    [CG] CG iter 3: obj=166420199.749992, maxRC=9434753.080736, +14 cols
    [CG]   [DIAG] iter=3 posCols=14 newCols=14 effImprove=14 updated=0
    [CG] CG iter 3: obj=166145571.176027, maxRC=5781206.757937, +10 cols
    [CG]   [DIAG] iter=3 posCols=10 newCols=10 effImprove=10 updated=0
    [CG] CG iter 4: obj=171263322.882491, maxRC=1757909.194206, +3 cols
    [CG]   [DIAG] iter=4 posCols=3 newCols=3 effImprove=3 updated=0
    [CG] CG iter 1: obj=142307007.160800, maxRC=59480298.932207, +23 cols
    [CG]   [DIAG] iter=1 posCols=23 newCols=23 effImprove=23 updated=0
    [CG] CG iter 1: obj=142732936.296984, maxRC=59414099.553003, +23 cols
    [CG] CG iter 5: obj=173021232.076697, maxRC=474324.846503, +1 cols
    [CG] CG iter 4: obj=173038709.946302, maxRC=1138688.792127, +2 cols
    [CG] CG iter 1: obj=141787974.427118, maxRC=59462028.013816, +23 cols
    [CG]   [DIAG] iter=5 posCols=1 newCols=1 effImprove=1 updated=0
    [CG]   [DIAG] iter=4 posCols=2 newCols=2 effImprove=2 updated=0
    [CG]   [DIAG] iter=1 posCols=23 newCols=23 effImprove=23 updated=0
    [CG] CG iter 1: obj=142528690.308593, maxRC=59516454.723928, +23 cols
    [CG]   [DIAG] iter=1 posCols=23 newCols=23 effImprove=23 updated=0
    [CG]   [DIAG] iter=1 posCols=23 newCols=23 effImprove=23 updated=0
    [CG] CG iter 1: obj=141978042.147962, maxRC=59505009.276506, +23 cols
    [CG] CG iter 1: obj=142093784.968233, maxRC=59510501.251165, +23 cols
    [CG] 列生成收敛，共 6 轮迭代
    [CG] [CG-NODE] depth=0 exit=CERTIFIED certified=1 feasible=1 iters=6 generatedColsBeforeNode=0 newCols=58 posCandidates=58 duplicateCandidates=0 updatedCols=0 zeroObjImproveIters=1 objFirst=141982429.245710 objLast=173021232.076697 objGain=31038802.830987 maxRC=59492590.408863 wallSec=0.013262 pricingSec=0.008845 cplexSolveSec=0.002482
    [CG]   [DIAG] iter=1 posCols=23 newCols=23 effImprove=23 updated=0
    [CG] 列生成收敛，共 5 轮迭代
    [CG] [CG-NODE] depth=0 exit=CERTIFIED certified=1 feasible=1 iters=5 generatedColsBeforeNode=0 newCols=52 posCandidates=52 duplicateCandidates=0 updatedCols=0 zeroObjImproveIters=0 objFirst=142226235.204362 objLast=173065466.726091 objGain=30839231.521729 maxRC=59285325.920040 wallSec=0.013601 pricingSec=0.009339 cplexSolveSec=0.002386
    [CG]   [DIAG] iter=1 posCols=23 newCols=23 effImprove=23 updated=0
      [BB] 根节点即为整数解，obj=173021232.076697
      [BB] 根节点即为整数解，obj=173065466.726091
    [CG] CG iter 2: obj=160318806.297704, maxRC=9477467.084979, +17 cols
    [CG]   [DIAG] iter=2 posCols=17 newCols=17 effImprove=17 updated=0
    [CG] CG iter 2: obj=160226675.129726, maxRC=10580561.615858, +17 cols
    [CG]   [DIAG] iter=2 posCols=17 newCols=17 effImprove=17 updated=0
    [CG] CG iter 2: obj=159648749.353240, maxRC=10641784.699414, +17 cols
    [CG] CG iter 2: obj=160328947.774050, maxRC=10699198.208900, +17 cols
    [CG]   [DIAG] iter=2 posCols=17 newCols=17 effImprove=17 updated=0
    [CG]   [DIAG] iter=2 posCols=17 newCols=17 effImprove=17 updated=0
    [CG] CG iter 2: obj=159588492.906622, maxRC=10819125.157825, +17 cols
    [CG]   [DIAG] iter=2 posCols=17 newCols=17 effImprove=17 updated=0
    [CG] CG iter 2: obj=160036808.017406, maxRC=10648347.532360, +17 cols
    [CG]   [DIAG] iter=2 posCols=17 newCols=17 effImprove=17 updated=0
    [CG] CG iter 3: obj=166132367.492750, maxRC=8042333.793269, +13 cols
    [CG]   [DIAG] iter=3 posCols=13 newCols=13 effImprove=13 updated=0
    [CG] CG iter 3: obj=166561437.666821, maxRC=6265398.091810, +11 cols
    [CG]   [DIAG] iter=3 posCols=11 newCols=11 effImprove=11 updated=0
    [CG] CG iter 3: obj=165815467.838215, maxRC=6237270.992364, +11 cols
    [CG] CG iter 3: obj=166547117.938477, maxRC=6292980.010591, +11 cols
    [CG]   [DIAG] iter=3 posCols=11 newCols=11 effImprove=11 updated=0
    [CG] CG iter 4: obj=171821420.876460, maxRC=4250085.912176, +4 cols
    [CG]   [DIAG] iter=4 posCols=4 newCols=4 effImprove=4 updated=0
    [CG]   [DIAG] iter=3 posCols=11 newCols=11 effImprove=11 updated=0
    [CG] CG iter 3: obj=165729155.166059, maxRC=6192655.943608, +12 cols
    [CG]   [DIAG] iter=3 posCols=12 newCols=12 effImprove=12 updated=0
    [CG] CG iter 3: obj=166125147.722214, maxRC=5660421.754311, +9 cols
    [CG]   [DIAG] iter=3 posCols=9 newCols=9 effImprove=9 updated=0
    [CG] CG iter 5: obj=173457329.168571, maxRC=17784.285358, +1 cols
    [CG] CG iter 4: obj=169220044.875230, maxRC=4127096.681006, +5 cols
    [CG]   [DIAG] iter=5 posCols=1 newCols=1 effImprove=1 updated=0
    [CG]   [DIAG] iter=4 posCols=5 newCols=5 effImprove=5 updated=0
    [CG] CG iter 4: obj=168412156.734052, maxRC=3970050.544324, +5 cols
    [CG] CG iter 4: obj=169157693.783534, maxRC=4002974.907263, +5 cols
    [CG]   [DIAG] iter=4 posCols=5 newCols=5 effImprove=5 updated=0
    [CG]   [DIAG] iter=4 posCols=5 newCols=5 effImprove=5 updated=0
    [CG] CG iter 4: obj=172705234.384619, maxRC=1151834.838115, +2 cols
    [CG] CG iter 4: obj=168374423.969954, maxRC=3943663.422881, +6 cols
    [CG]   [DIAG] iter=4 posCols=2 newCols=2 effImprove=2 updated=0
    [CG]   [DIAG] iter=4 posCols=6 newCols=6 effImprove=6 updated=0
    [CG] 列生成开始，初始列数=128
    [CG] 列生成收敛，共 6 轮迭代
    [CG] [CG-NODE] depth=0 exit=CERTIFIED certified=1 feasible=1 iters=6 generatedColsBeforeNode=0 newCols=58 posCandidates=58 duplicateCandidates=0 updatedCols=0 zeroObjImproveIters=1 objFirst=142307007.160800 objLast=173457329.168571 objGain=31150322.007771 maxRC=59480298.932207 wallSec=0.017004 pricingSec=0.011788 cplexSolveSec=0.002799
    [CG] 列生成收敛，共 5 轮迭代
    [CG] [CG-NODE] depth=0 exit=CERTIFIED certified=1 feasible=1 iters=5 generatedColsBeforeNode=0 newCols=56 posCandidates=56 duplicateCandidates=0 updatedCols=0 zeroObjImproveIters=0 objFirst=142732936.296984 objLast=173446114.529547 objGain=30713178.232563 maxRC=59414099.553003 wallSec=0.016966 pricingSec=0.011919 cplexSolveSec=0.002621
      [BB] 根节点即为整数解，obj=173457329.168571
    [CG] 列生成收敛，共 5 轮迭代
    [CG] 列生成收敛，共 5 轮迭代
      [BB] 根节点即为整数解，obj=173446114.529547
    [CG] [CG-NODE] depth=0 exit=CERTIFIED certified=1 feasible=1 iters=5 generatedColsBeforeNode=0 newCols=56 posCandidates=56 duplicateCandidates=0 updatedCols=0 zeroObjImproveIters=0 objFirst=141787974.427118 objLast=172666960.752846 objGain=30878986.325728 maxRC=59462028.013816 wallSec=0.017496 pricingSec=0.012050 cplexSolveSec=0.002799
    [CG] 列生成开始，初始列数=128
    [CG] [CG-NODE] depth=0 exit=CERTIFIED certified=1 feasible=1 iters=5 generatedColsBeforeNode=0 newCols=56 posCandidates=56 duplicateCandidates=0 updatedCols=0 zeroObjImproveIters=0 objFirst=142528690.308593 objLast=173361207.670668 objGain=30832517.362075 maxRC=59516454.723928 wallSec=0.017590 pricingSec=0.012003 cplexSolveSec=0.002854
    [CG] CG iter 5: obj=172937404.314640, maxRC=56172.011647, +1 cols
    [CG]   [DIAG] iter=5 posCols=1 newCols=1 effImprove=1 updated=0
    [CG] 列生成收敛，共 5 轮迭代
      [BB] 根节点即为整数解，obj=172666960.752846
      [BB] 根节点即为整数解，obj=173361207.670668
    [CG] [CG-NODE] depth=0 exit=CERTIFIED certified=1 feasible=1 iters=5 generatedColsBeforeNode=0 newCols=58 posCandidates=58 duplicateCandidates=0 updatedCols=0 zeroObjImproveIters=0 objFirst=141978042.147962 objLast=172576042.275921 objGain=30598000.127959 maxRC=59505009.276506 wallSec=0.017457 pricingSec=0.011958 cplexSolveSec=0.002819
      [BB] 根节点即为整数解，obj=172576042.275921
    [CG] 列生成收敛，共 6 轮迭代
    [CG] [CG-NODE] depth=0 exit=CERTIFIED certified=1 feasible=1 iters=6 generatedColsBeforeNode=0 newCols=52 posCandidates=52 duplicateCandidates=0 updatedCols=0 zeroObjImproveIters=1 objFirst=142093784.968233 objLast=172937404.314640 objGain=30843619.346407 maxRC=59510501.251165 wallSec=0.017603 pricingSec=0.012012 cplexSolveSec=0.002967
      [BB] 根节点即为整数解，obj=172937404.314640
    [CG] 列生成开始，初始列数=128
    [CG] 列生成开始，初始列数=128
    [CG] 列生成开始，初始列数=128
    [CG] 列生成开始，初始列数=128
    [CG] 列生成开始，初始列数=128
    [CG] 列生成开始，初始列数=128
    [CG] CG iter 1: obj=142155894.896098, maxRC=59436805.855104, +23 cols
    [CG]   [DIAG] iter=1 posCols=23 newCols=23 effImprove=23 updated=0
    [CG] CG iter 1: obj=142236306.644347, maxRC=59122655.531273, +23 cols
    [CG]   [DIAG] iter=1 posCols=23 newCols=23 effImprove=23 updated=0
    [CG] CG iter 2: obj=159889206.516079, maxRC=10622516.794242, +17 cols
    [CG]   [DIAG] iter=2 posCols=17 newCols=17 effImprove=17 updated=0
    [CG] CG iter 2: obj=159648392.850776, maxRC=10396374.548099, +17 cols
    [CG]   [DIAG] iter=2 posCols=17 newCols=17 effImprove=17 updated=0
    [CG] CG iter 3: obj=165986248.570605, maxRC=5664989.663998, +9 cols
    [CG]   [DIAG] iter=3 posCols=9 newCols=9 effImprove=9 updated=0
    [CG] CG iter 1: obj=142423527.880062, maxRC=59501530.748564, +23 cols
    [CG] CG iter 3: obj=166044471.760340, maxRC=6270224.111955, +12 cols
    [CG] CG iter 4: obj=172600012.724192, maxRC=1151834.838115, +2 cols
    [CG] CG iter 1: obj=143259490.550638, maxRC=59519752.128890, +23 cols
    [CG]   [DIAG] iter=4 posCols=2 newCols=2 effImprove=2 updated=0
    [CG]   [DIAG] iter=3 posCols=12 newCols=12 effImprove=12 updated=0
    [CG]   [DIAG] iter=1 posCols=23 newCols=23 effImprove=23 updated=0
    [CG]   [DIAG] iter=1 posCols=23 newCols=23 effImprove=23 updated=0
    [CG] CG iter 5: obj=172803073.072718, maxRC=70014.595041, +1 cols
    [CG]   [DIAG] iter=5 posCols=1 newCols=1 effImprove=1 updated=0
    [CG] 列生成收敛，共 6 轮迭代
    [CG] [CG-NODE] depth=0 exit=CERTIFIED certified=1 feasible=1 iters=6 generatedColsBeforeNode=0 newCols=52 posCandidates=52 duplicateCandidates=0 updatedCols=0 zeroObjImproveIters=1 objFirst=142155894.896098 objLast=172803073.072718 objGain=30647178.176620 maxRC=59436805.855104 wallSec=0.010907 pricingSec=0.006786 cplexSolveSec=0.002021
      [BB] 根节点即为整数解，obj=172803073.072718
    [CG] CG iter 4: obj=168750221.502693, maxRC=4278493.509703, +5 cols
    [CG]   [DIAG] iter=4 posCols=5 newCols=5 effImprove=5 updated=0
    [CG] CG iter 2: obj=160626326.237331, maxRC=10623485.371715, +17 cols
    [CG] CG iter 2: obj=160113981.613357, maxRC=10870012.690751, +17 cols
    [CG]   [DIAG] iter=2 posCols=17 newCols=17 effImprove=17 updated=0
    [CG]   [DIAG] iter=2 posCols=17 newCols=17 effImprove=17 updated=0
    [CG] 列生成收敛，共 5 轮迭代
    [CG] [CG-NODE] depth=0 exit=CERTIFIED certified=1 feasible=1 iters=5 generatedColsBeforeNode=0 newCols=57 posCandidates=57 duplicateCandidates=0 updatedCols=0 zeroObjImproveIters=0 objFirst=142236306.644347 objLast=173028715.012396 objGain=30792408.368048 maxRC=59122655.531273 wallSec=0.012497 pricingSec=0.007746 cplexSolveSec=0.002283
    [CG] CG iter 1: obj=142199112.072227, maxRC=59400950.719476, +23 cols
      [BB] 根节点即为整数解，obj=173028715.012396
    [CG]   [DIAG] iter=1 posCols=23 newCols=23 effImprove=23 updated=0
    [CG] 列生成开始，初始列数=128
    [CG] CG iter 1: obj=142337925.277950, maxRC=59492177.611268, +23 cols
    [CG] CG iter 3: obj=167020582.572098, maxRC=6255294.381951, +12 cols
    [CG] CG iter 1: obj=142811703.418816, maxRC=59512477.798751, +23 cols
    [CG] CG iter 3: obj=166298829.317866, maxRC=6260990.536394, +12 cols
    [CG]   [DIAG] iter=1 posCols=23 newCols=23 effImprove=23 updated=0
    [CG]   [DIAG] iter=3 posCols=12 newCols=12 effImprove=12 updated=0
    [CG]   [DIAG] iter=3 posCols=12 newCols=12 effImprove=12 updated=0
    [CG]   [DIAG] iter=1 posCols=23 newCols=23 effImprove=23 updated=0
    [CG] CG iter 1: obj=141816263.388576, maxRC=59461707.757060, +23 cols
    [CG] CG iter 2: obj=160222498.159756, maxRC=10125469.748317, +17 cols
    [CG]   [DIAG] iter=1 posCols=23 newCols=23 effImprove=23 updated=0
    [CG]   [DIAG] iter=2 posCols=17 newCols=17 effImprove=17 updated=0
    [CG] CG iter 2: obj=160012850.911937, maxRC=10748698.280571, +17 cols
    [CG]   [DIAG] iter=2 posCols=17 newCols=17 effImprove=17 updated=0
    [CG] CG iter 4: obj=169028067.652682, maxRC=4037346.918784, +7 cols
    [CG] CG iter 4: obj=169719009.875725, maxRC=4143762.915453, +5 cols
    [CG]   [DIAG] iter=4 posCols=5 newCols=5 effImprove=5 updated=0
    [CG]   [DIAG] iter=4 posCols=7 newCols=7 effImprove=7 updated=0
    [CG] CG iter 2: obj=160320740.653833, maxRC=9547468.443941, +17 cols
    [CG]   [DIAG] iter=2 posCols=17 newCols=17 effImprove=17 updated=0
    [CG] 列生成开始，初始列数=128
    [CG] CG iter 3: obj=169696909.840350, maxRC=3900062.205364, +11 cols
    [CG]   [DIAG] iter=3 posCols=11 newCols=11 effImprove=11 updated=0
    [CG] 列生成收敛，共 5 轮迭代
    [CG] [CG-NODE] depth=0 exit=CERTIFIED certified=1 feasible=1 iters=5 generatedColsBeforeNode=0 newCols=57 posCandidates=57 duplicateCandidates=0 updatedCols=0 zeroObjImproveIters=0 objFirst=143259490.550638 objLast=173937408.634706 objGain=30677918.084068 maxRC=59519752.128890 wallSec=0.019454 pricingSec=0.013072 cplexSolveSec=0.003425
    [CG] CG iter 3: obj=166212887.193979, maxRC=6221965.024778, +12 cols
    [CG]   [DIAG] iter=3 posCols=12 newCols=12 effImprove=12 updated=0
    [CG] CG iter 2: obj=159676718.057942, maxRC=10641578.097243, +17 cols
    [CG] 列生成收敛，共 5 轮迭代
    [CG]   [DIAG] iter=2 posCols=17 newCols=17 effImprove=17 updated=0
    [CG] [CG-NODE] depth=0 exit=CERTIFIED certified=1 feasible=1 iters=5 generatedColsBeforeNode=0 newCols=59 posCandidates=59 duplicateCandidates=0 updatedCols=0 zeroObjImproveIters=0 objFirst=142423527.880062 objLast=173168783.397170 objGain=30745255.517108 maxRC=59501530.748564 wallSec=0.019926 pricingSec=0.013184 cplexSolveSec=0.003387
      [BB] 根节点即为整数解，obj=173937408.634706
      [BB] 根节点即为整数解，obj=173168783.397170
    [CG] CG iter 3: obj=173476074.004110, maxRC=1937179.720775, +7 cols
    [CG] CG iter 4: obj=173109586.493381, maxRC=1475180.485017, +4 cols
    [CG]   [DIAG] iter=3 posCols=7 newCols=7 effImprove=7 updated=0
    [CG]   [DIAG] iter=4 posCols=4 newCols=4 effImprove=4 updated=0
    [CG] CG iter 4: obj=168888988.979918, maxRC=4005260.774055, +7 cols
    [CG]   [DIAG] iter=4 posCols=7 newCols=7 effImprove=7 updated=0
    [CG] 列生成收敛，共 5 轮迭代
    [CG] [CG-NODE] depth=0 exit=CERTIFIED certified=1 feasible=1 iters=5 generatedColsBeforeNode=0 newCols=59 posCandidates=59 duplicateCandidates=0 updatedCols=0 zeroObjImproveIters=0 objFirst=142337925.277950 objLast=173101520.978670 objGain=30763595.700720 maxRC=59492177.611268 wallSec=0.016523 pricingSec=0.011436 cplexSolveSec=0.002503
    [CG] CG iter 4: obj=173476074.004110, maxRC=417187.644337, +2 cols
    [CG]   [DIAG] iter=4 posCols=2 newCols=2 effImprove=2 updated=0
    [CG] CG iter 5: obj=173109586.493381, maxRC=687247.889555, +4 cols
    [CG]   [DIAG] iter=5 posCols=4 newCols=4 effImprove=4 updated=0
    [CG] CG iter 3: obj=165843493.370210, maxRC=6237281.983816, +11 cols
      [BB] 根节点即为整数解，obj=173101520.978670
    [CG]   [DIAG] iter=3 posCols=11 newCols=11 effImprove=11 updated=0
    [CG] CG iter 5: obj=173476074.004110, maxRC=342714.786376, +3 cols
    [CG]   [DIAG] iter=5 posCols=3 newCols=3 effImprove=3 updated=0
    [CG] CG iter 6: obj=173279852.525905, maxRC=144969.352039, +1 cols
    [CG]   [DIAG] iter=6 posCols=1 newCols=1 effImprove=1 updated=0
    [CG] 列生成收敛，共 6 轮迭代
    [CG] [CG-NODE] depth=0 exit=CERTIFIED certified=1 feasible=1 iters=6 generatedColsBeforeNode=0 newCols=52 posCandidates=52 duplicateCandidates=0 updatedCols=0 zeroObjImproveIters=3 objFirst=142811703.418816 objLast=173476074.004110 objGain=30664370.585294 maxRC=59512477.798751 wallSec=0.017633 pricingSec=0.011961 cplexSolveSec=0.002960
    [CG] 列生成收敛，共 7 轮迭代
    [CG] [CG-NODE] depth=0 exit=CERTIFIED certified=1 feasible=1 iters=7 generatedColsBeforeNode=0 newCols=60 posCandidates=60 duplicateCandidates=0 updatedCols=0 zeroObjImproveIters=2 objFirst=142199112.072227 objLast=173279852.525905 objGain=31080740.453678 maxRC=59400950.719476 wallSec=0.018133 pricingSec=0.012248 cplexSolveSec=0.003331
    [CG] CG iter 4: obj=168440193.257499, maxRC=3970199.311251, +5 cols
    [CG]   [DIAG] iter=4 posCols=5 newCols=5 effImprove=5 updated=0
      [BB] 根节点即为整数解，obj=173476074.004110
      [BB] 根节点即为整数解，obj=173279852.525905
    [CG] CG iter 1: obj=141791594.295830, maxRC=59487801.096363, +23 cols
    [CG]   [DIAG] iter=1 posCols=23 newCols=23 effImprove=23 updated=0
    [CG] 列生成收敛，共 5 轮迭代
    [CG] [CG-NODE] depth=0 exit=CERTIFIED certified=1 feasible=1 iters=5 generatedColsBeforeNode=0 newCols=56 posCandidates=56 duplicateCandidates=0 updatedCols=0 zeroObjImproveIters=0 objFirst=141816263.388576 objLast=172695018.779748 objGain=30878755.391172 maxRC=59461707.757060 wallSec=0.018294 pricingSec=0.012485 cplexSolveSec=0.003070
      [BB] 根节点即为整数解，obj=172695018.779748
    [CG] 列生成开始，初始列数=128
    [CG] CG iter 2: obj=159691332.452908, maxRC=10194592.556057, +17 cols
    [CG]   [DIAG] iter=2 posCols=17 newCols=17 effImprove=17 updated=0
    [CG] 列生成开始，初始列数=128
    [CG] CG iter 3: obj=169272098.367358, maxRC=3410563.308958, +12 cols
    [CG]   [DIAG] iter=3 posCols=12 newCols=12 effImprove=12 updated=0
    [CG] 列生成开始，初始列数=128
    [CG] CG iter 4: obj=172614408.322136, maxRC=1178269.611961, +3 cols
    [CG]   [DIAG] iter=4 posCols=3 newCols=3 effImprove=3 updated=0
    [CG] CG iter 5: obj=172614408.322136, maxRC=730302.031401, +5 cols
    [CG]   [DIAG] iter=5 posCols=5 newCols=5 effImprove=5 updated=0
    [CG] 列生成收敛，共 6 轮迭代
    [CG] [CG-NODE] depth=0 exit=CERTIFIED certified=1 feasible=1 iters=6 generatedColsBeforeNode=0 newCols=60 posCandidates=60 duplicateCandidates=0 updatedCols=0 zeroObjImproveIters=1 objFirst=141791594.295830 objLast=172838132.288837 objGain=31046537.993007 maxRC=59487801.096363 wallSec=0.009498 pricingSec=0.006044 cplexSolveSec=0.001927
      [BB] 根节点即为整数解，obj=172838132.288837
    [CG] 列生成开始，初始列数=128
    [CG] 列生成开始，初始列数=128
    [CG] 列生成开始，初始列数=128
    [CG] 列生成开始，初始列数=128
    [CG] CG iter 1: obj=142199393.003094, maxRC=59332630.033263, +23 cols
    [CG]   [DIAG] iter=1 posCols=23 newCols=23 effImprove=23 updated=0
    [CG] CG iter 2: obj=159797362.760352, maxRC=10632446.005759, +17 cols
    [CG]   [DIAG] iter=2 posCols=17 newCols=17 effImprove=17 updated=0
    [CG] CG iter 3: obj=165911013.379453, maxRC=5624885.788330, +11 cols
    [CG]   [DIAG] iter=3 posCols=11 newCols=11 effImprove=11 updated=0
    [CG] CG iter 4: obj=172486388.920700, maxRC=1274404.938255, +2 cols
    [CG]   [DIAG] iter=4 posCols=2 newCols=2 effImprove=2 updated=0
    [CG] CG iter 5: obj=172716201.631626, maxRC=606187.361337, +1 cols
    [CG]   [DIAG] iter=5 posCols=1 newCols=1 effImprove=1 updated=0
    [CG] CG iter 6: obj=172716201.631626, maxRC=122102.313438, +1 cols
    [CG]   [DIAG] iter=6 posCols=1 newCols=1 effImprove=1 updated=0
    [CG] 列生成收敛，共 7 轮迭代
    [CG] [CG-NODE] depth=0 exit=CERTIFIED certified=1 feasible=1 iters=7 generatedColsBeforeNode=0 newCols=55 posCandidates=55 duplicateCandidates=0 updatedCols=0 zeroObjImproveIters=2 objFirst=142199393.003094 objLast=172716201.631626 objGain=30516808.628533 maxRC=59332630.033263 wallSec=0.016294 pricingSec=0.011327 cplexSolveSec=0.002895
    [CG] CG iter 1: obj=141879512.535619, maxRC=59465927.385650, +23 cols
      [BB] 根节点即为整数解，obj=172716201.631626
    [CG] CG iter 1: obj=142815909.384372, maxRC=59322918.072571, +23 cols
    [CG]   [DIAG] iter=1 posCols=23 newCols=23 effImprove=23 updated=0
    [CG]   [DIAG] iter=1 posCols=23 newCols=23 effImprove=23 updated=0
    [CG] CG iter 1: obj=142070598.763331, maxRC=59424427.662183, +23 cols
    [CG]   [DIAG] iter=1 posCols=23 newCols=23 effImprove=23 updated=0
    [CG] CG iter 1: obj=142609198.288708, maxRC=59498963.954434, +23 cols
    [CG]   [DIAG] iter=1 posCols=23 newCols=23 effImprove=23 updated=0
    [CG] CG iter 2: obj=159675893.553527, maxRC=10641784.699414, +17 cols
    [CG]   [DIAG] iter=2 posCols=17 newCols=17 effImprove=17 updated=0
    [CG] 列生成开始，初始列数=128
    [CG] CG iter 2: obj=160289686.695672, maxRC=10508184.539706, +17 cols
    [CG]   [DIAG] iter=2 posCols=17 newCols=17 effImprove=17 updated=0
    [CG] CG iter 1: obj=142354652.732607, maxRC=59385989.948542, +23 cols
    [CG] CG iter 3: obj=165842068.348621, maxRC=6237035.434731, +11 cols
    [CG]   [DIAG] iter=3 posCols=11 newCols=11 effImprove=11 updated=0
    [CG] CG iter 2: obj=159909552.636571, maxRC=10764533.290379, +16 cols
    [CG] CG iter 1: obj=142172785.378236, maxRC=59332630.033263, +23 cols
    [CG]   [DIAG] iter=2 posCols=16 newCols=16 effImprove=16 updated=0
    [CG]   [DIAG] iter=1 posCols=23 newCols=23 effImprove=23 updated=0
    [CG]   [DIAG] iter=1 posCols=23 newCols=23 effImprove=23 updated=0
    [CG] CG iter 2: obj=160210142.325261, maxRC=10670252.633022, +17 cols
    [CG]   [DIAG] iter=2 posCols=17 newCols=17 effImprove=17 updated=0
    [CG] CG iter 4: obj=168438521.686825, maxRC=3969566.892320, +5 cols
    [CG]   [DIAG] iter=4 posCols=5 newCols=5 effImprove=5 updated=0
    [CG] CG iter 1: obj=141984177.908035, maxRC=59478982.593173, +23 cols
    [CG] CG iter 3: obj=166708354.166138, maxRC=6260139.977733, +12 cols
    [CG]   [DIAG] iter=1 posCols=23 newCols=23 effImprove=23 updated=0
    [CG]   [DIAG] iter=3 posCols=12 newCols=12 effImprove=12 updated=0
    [CG] 列生成收敛，共 5 轮迭代
    [CG] [CG-NODE] depth=0 exit=CERTIFIED certified=1 feasible=1 iters=5 generatedColsBeforeNode=0 newCols=56 posCandidates=56 duplicateCandidates=0 updatedCols=0 zeroObjImproveIters=0 objFirst=141879512.535619 objLast=172693526.957891 objGain=30814014.422272 maxRC=59465927.385650 wallSec=0.011779 pricingSec=0.008072 cplexSolveSec=0.002106
      [BB] 根节点即为整数解，obj=172693526.957891
    [CG] CG iter 3: obj=163352293.282589, maxRC=5269985.397479, +17 cols
    [CG] CG iter 2: obj=159925330.414564, maxRC=9224176.093123, +17 cols
    [CG]   [DIAG] iter=3 posCols=17 newCols=17 effImprove=17 updated=0
    [CG]   [DIAG] iter=2 posCols=17 newCols=17 effImprove=17 updated=0
    [CG] CG iter 2: obj=159777469.503476, maxRC=10723487.734085, +18 cols
    [CG] CG iter 3: obj=166466838.192035, maxRC=6205762.407133, +12 cols
    [CG]   [DIAG] iter=2 posCols=18 newCols=18 effImprove=18 updated=0
    [CG]   [DIAG] iter=3 posCols=12 newCols=12 effImprove=12 updated=0
    [CG] CG iter 4: obj=169411036.599324, maxRC=4222063.106664, +5 cols
    [CG]   [DIAG] iter=4 posCols=5 newCols=5 effImprove=5 updated=0
    [CG] CG iter 3: obj=173127960.226001, maxRC=1355052.368989, +7 cols
    [CG]   [DIAG] iter=3 posCols=7 newCols=7 effImprove=7 updated=0
    [CG] CG iter 2: obj=159966790.899153, maxRC=10652020.188556, +17 cols
    [CG]   [DIAG] iter=2 posCols=17 newCols=17 effImprove=17 updated=0
    [CG] CG iter 4: obj=173009845.049396, maxRC=2183496.911002, +9 cols
    [CG]   [DIAG] iter=4 posCols=9 newCols=9 effImprove=9 updated=0
    [CG] 列生成收敛，共 5 轮迭代
    [CG] [CG-NODE] depth=0 exit=CERTIFIED certified=1 feasible=1 iters=5 generatedColsBeforeNode=0 newCols=57 posCandidates=57 duplicateCandidates=0 updatedCols=0 zeroObjImproveIters=0 objFirst=142815909.384372 objLast=173643057.885725 objGain=30827148.501353 maxRC=59322918.072571 wallSec=0.018824 pricingSec=0.012804 cplexSolveSec=0.003230
    [CG] CG iter 4: obj=169130633.640400, maxRC=4034411.787304, +5 cols
    [CG]   [DIAG] iter=4 posCols=5 newCols=5 effImprove=5 updated=0
      [BB] 根节点即为整数解，obj=173643057.885725
    [CG] CG iter 3: obj=165879059.136815, maxRC=5621436.845843, +11 cols
    [CG]   [DIAG] iter=3 posCols=11 newCols=11 effImprove=11 updated=0
    [CG] CG iter 4: obj=173127960.226001, maxRC=85137.847962, +2 cols
    [CG]   [DIAG] iter=4 posCols=2 newCols=2 effImprove=2 updated=0
    [CG] CG iter 5: obj=173009845.049396, maxRC=55778.727740, +1 cols
    [CG]   [DIAG] iter=5 posCols=1 newCols=1 effImprove=1 updated=0
    [CG] 列生成收敛，共 5 轮迭代
    [CG] [CG-NODE] depth=0 exit=CERTIFIED certified=1 feasible=1 iters=5 generatedColsBeforeNode=0 newCols=57 posCandidates=57 duplicateCandidates=0 updatedCols=0 zeroObjImproveIters=0 objFirst=142609198.288708 objLast=173373247.421200 objGain=30764049.132491 maxRC=59498963.954434 wallSec=0.018535 pricingSec=0.012701 cplexSolveSec=0.003103
    [CG] CG iter 3: obj=166056971.774375, maxRC=5660235.095387, +9 cols
    [CG]   [DIAG] iter=3 posCols=9 newCols=9 effImprove=9 updated=0
      [BB] 根节点即为整数解，obj=173373247.421200
    [CG] 列生成收敛，共 5 轮迭代
    [CG] [CG-NODE] depth=0 exit=CERTIFIED certified=1 feasible=1 iters=5 generatedColsBeforeNode=0 newCols=49 posCandidates=49 duplicateCandidates=0 updatedCols=0 zeroObjImproveIters=2 objFirst=142354652.732607 objLast=173127960.226001 objGain=30773307.493394 maxRC=59385989.948542 wallSec=0.017218 pricingSec=0.011747 cplexSolveSec=0.002882
    [CG] CG iter 4: obj=172451461.675918, maxRC=1366424.101677, +3 cols
    [CG] CG iter 1: obj=142551531.941709, maxRC=59516957.238947, +23 cols
    [CG]   [DIAG] iter=4 posCols=3 newCols=3 effImprove=3 updated=0
    [CG]   [DIAG] iter=1 posCols=23 newCols=23 effImprove=23 updated=0
      [BB] 根节点即为整数解，obj=173127960.226001
    [CG] 列生成收敛，共 6 轮迭代
    [CG] [CG-NODE] depth=0 exit=CERTIFIED certified=1 feasible=1 iters=6 generatedColsBeforeNode=0 newCols=66 posCandidates=66 duplicateCandidates=0 updatedCols=0 zeroObjImproveIters=2 objFirst=142070598.763331 objLast=173009845.049396 objGain=30939246.286064 maxRC=59424427.662183 wallSec=0.019491 pricingSec=0.013189 cplexSolveSec=0.003434
      [BB] 根节点即为整数解，obj=173009845.049396
    [CG] CG iter 4: obj=172647786.052080, maxRC=1151834.838115, +2 cols
    [CG]   [DIAG] iter=4 posCols=2 newCols=2 effImprove=2 updated=0
    [CG] CG iter 5: obj=172451461.675918, maxRC=1199080.776153, +3 cols
    [CG]   [DIAG] iter=5 posCols=3 newCols=3 effImprove=3 updated=0
    [CG] CG iter 2: obj=160352291.922185, maxRC=10699541.541937, +17 cols
    [CG]   [DIAG] iter=2 posCols=17 newCols=17 effImprove=17 updated=0
    [CG] CG iter 5: obj=172869041.707877, maxRC=61320.611416, +1 cols
    [CG]   [DIAG] iter=5 posCols=1 newCols=1 effImprove=1 updated=0
    [CG] CG iter 6: obj=172451461.675918, maxRC=271569.742600, +1 cols
    [CG]   [DIAG] iter=6 posCols=1 newCols=1 effImprove=1 updated=0
    [CG] 列生成收敛，共 6 轮迭代
    [CG] [CG-NODE] depth=0 exit=CERTIFIED certified=1 feasible=1 iters=6 generatedColsBeforeNode=0 newCols=52 posCandidates=52 duplicateCandidates=0 updatedCols=0 zeroObjImproveIters=1 objFirst=141984177.908035 objLast=172869041.707877 objGain=30884863.799842 maxRC=59478982.593173 wallSec=0.017910 pricingSec=0.012181 cplexSolveSec=0.003075
    [CG] 列生成收敛，共 7 轮迭代
    [CG] [CG-NODE] depth=0 exit=CERTIFIED certified=1 feasible=1 iters=7 generatedColsBeforeNode=0 newCols=59 posCandidates=59 duplicateCandidates=0 updatedCols=0 zeroObjImproveIters=2 objFirst=142172785.378236 objLast=172680798.446501 objGain=30508013.068264 maxRC=59332630.033263 wallSec=0.018878 pricingSec=0.012783 cplexSolveSec=0.003269
      [BB] 根节点即为整数解，obj=172869041.707877
    [CG] CG iter 3: obj=166570382.495621, maxRC=6292958.109479, +11 cols
      [BB] 根节点即为整数解，obj=172680798.446501
    [CG]   [DIAG] iter=3 posCols=11 newCols=11 effImprove=11 updated=0
    [CG] CG iter 4: obj=169180936.439567, maxRC=4002744.737284, +5 cols
    [CG]   [DIAG] iter=4 posCols=5 newCols=5 effImprove=5 updated=0
    [CG] 列生成收敛，共 5 轮迭代
    [CG] [CG-NODE] depth=0 exit=CERTIFIED certified=1 feasible=1 iters=5 generatedColsBeforeNode=0 newCols=56 posCandidates=56 duplicateCandidates=0 updatedCols=0 zeroObjImproveIters=0 objFirst=142551531.941709 objLast=173384422.347952 objGain=30832890.406242 maxRC=59516957.238947 wallSec=0.008561 pricingSec=0.005746 cplexSolveSec=0.001596
      [BB] 根节点即为整数解，obj=173384422.347952
[GA] 代数 1: Best=173966640.23, Avg=173137819.20, Worst=172604927.96, Valid=30/30, 耗时=0.06s (连续1代未提升)
  ├─ 求解: 30 个体 fork 并行 | CG迭代=144 加列=1465 BB分支=0
  ├─ 并行墙钟=0.0615s | 串行等效(ΣBP)=0.4285s | 加速比=6.97x
  ├─ 管理开销=-0.3670s (fork=0.0038 wait=0.0572 merge=0.0004)
  └─ CG明细: gen_logs/run_gen1_ind{0..29}.log
    [CG] 列生成开始，初始列数=128
    [CG] 列生成开始，初始列数=128
    [CG] 列生成开始，初始列数=128
    [CG] 列生成开始，初始列数=128
    [CG] 列生成开始，初始列数=128
    [CG] 列生成开始，初始列数=128
    [CG] 列生成开始，初始列数=128
    [CG] 列生成开始，初始列数=128
    [CG] CG iter 1: obj=142053316.757217, maxRC=59487801.096363, +23 cols
    [CG]   [DIAG] iter=1 posCols=23 newCols=23 effImprove=23 updated=0
    [CG] CG iter 1: obj=143259491.239844, maxRC=59519752.128890, +23 cols
    [CG] CG iter 2: obj=159672594.714603, maxRC=10664112.731671, +17 cols
    [CG]   [DIAG] iter=1 posCols=23 newCols=23 effImprove=23 updated=0
    [CG]   [DIAG] iter=2 posCols=17 newCols=17 effImprove=17 updated=0
    [CG] CG iter 1: obj=143018497.033638, maxRC=59518325.011962, +23 cols
    [CG] CG iter 1: obj=143048893.861044, maxRC=59516957.238947, +23 cols
    [CG]   [DIAG] iter=1 posCols=23 newCols=23 effImprove=23 updated=0
    [CG]   [DIAG] iter=1 posCols=23 newCols=23 effImprove=23 updated=0
    [CG] CG iter 3: obj=165932908.360552, maxRC=6206956.388811, +12 cols
    [CG] CG iter 2: obj=160626326.237331, maxRC=10623485.371715, +17 cols
    [CG]   [DIAG] iter=3 posCols=12 newCols=12 effImprove=12 updated=0
    [CG]   [DIAG] iter=2 posCols=17 newCols=17 effImprove=17 updated=0
    [CG] CG iter 1: obj=142819834.633126, maxRC=59414099.553003, +23 cols
    [CG]   [DIAG] iter=1 posCols=23 newCols=23 effImprove=23 updated=0
    [CG] CG iter 2: obj=160408904.666566, maxRC=10623491.311119, +17 cols
    [CG]   [DIAG] iter=2 posCols=17 newCols=17 effImprove=17 updated=0
    [CG] CG iter 2: obj=160493426.588817, maxRC=10699541.541937, +17 cols
    [CG]   [DIAG] iter=2 posCols=17 newCols=17 effImprove=17 updated=0
    [CG] CG iter 4: obj=168597897.790595, maxRC=4040536.215101, +5 cols
    [CG]   [DIAG] iter=4 posCols=5 newCols=5 effImprove=5 updated=0
    [CG] CG iter 3: obj=167020582.916701, maxRC=6255287.252946, +12 cols
    [CG]   [DIAG] iter=3 posCols=12 newCols=12 effImprove=12 updated=0
    [CG] 列生成收敛，共 5 轮迭代
    [CG] [CG-NODE] depth=0 exit=CERTIFIED certified=1 feasible=1 iters=5 generatedColsBeforeNode=0 newCols=57 posCandidates=57 duplicateCandidates=0 updatedCols=0 zeroObjImproveIters=0 objFirst=142053316.757217 objLast=172840394.679525 objGain=30787077.922308 maxRC=59487801.096363 wallSec=0.010252 pricingSec=0.006813 cplexSolveSec=0.001873
    [CG] CG iter 3: obj=166803217.730203, maxRC=6255298.821065, +12 cols
    [CG]   [DIAG] iter=3 posCols=12 newCols=12 effImprove=12 updated=0
    [CG] CG iter 1: obj=142324856.203888, maxRC=59498963.954434, +23 cols
    [CG] CG iter 3: obj=166826628.331535, maxRC=6235870.106053, +12 cols
      [BB] 根节点即为整数解，obj=172840394.679525
    [CG]   [DIAG] iter=3 posCols=12 newCols=12 effImprove=12 updated=0
    [CG] CG iter 4: obj=169719010.564931, maxRC=4143772.446615, +5 cols
    [CG] CG iter 2: obj=160227611.877218, maxRC=10558143.178571, +17 cols
    [CG]   [DIAG] iter=4 posCols=5 newCols=5 effImprove=5 updated=0
    [CG]   [DIAG] iter=2 posCols=17 newCols=17 effImprove=17 updated=0
    [CG]   [DIAG] iter=1 posCols=23 newCols=23 effImprove=23 updated=0
    [CG] CG iter 1: obj=142716489.866351, maxRC=59322918.072571, +23 cols
    [CG]   [DIAG] iter=1 posCols=23 newCols=23 effImprove=23 updated=0
    [CG] CG iter 4: obj=169501649.472944, maxRC=4143798.003084, +5 cols
    [CG]   [DIAG] iter=4 posCols=5 newCols=5 effImprove=5 updated=0
    [CG] CG iter 1: obj=142319728.108356, maxRC=59322918.072571, +23 cols
    [CG] 列生成收敛，共 5 轮迭代
    [CG] [CG-NODE] depth=0 exit=CERTIFIED certified=1 feasible=1 iters=5 generatedColsBeforeNode=0 newCols=57 posCandidates=57 duplicateCandidates=0 updatedCols=0 zeroObjImproveIters=0 objFirst=143259491.239844 objLast=173937409.323912 objGain=30677918.084068 maxRC=59519752.128890 wallSec=0.011251 pricingSec=0.007272 cplexSolveSec=0.002095
    [CG] CG iter 4: obj=169527402.499293, maxRC=4098624.077382, +7 cols
    [CG]   [DIAG] iter=4 posCols=7 newCols=7 effImprove=7 updated=0
      [BB] 根节点即为整数解，obj=173937409.323912
    [CG]   [DIAG] iter=1 posCols=23 newCols=23 effImprove=23 updated=0
    [CG] 列生成收敛，共 5 轮迭代
    [CG] [CG-NODE] depth=0 exit=CERTIFIED certified=1 feasible=1 iters=5 generatedColsBeforeNode=0 newCols=57 posCandidates=57 duplicateCandidates=0 updatedCols=0 zeroObjImproveIters=0 objFirst=143018497.033638 objLast=173720043.683785 objGain=30701546.650146 maxRC=59518325.011962 wallSec=0.010691 pricingSec=0.006849 cplexSolveSec=0.001993
      [BB] 根节点即为整数解，obj=173720043.683785
    [CG] CG iter 3: obj=166612332.298679, maxRC=6251566.168325, +12 cols
    [CG] 列生成收敛，共 5 轮迭代
    [CG] [CG-NODE] depth=0 exit=CERTIFIED certified=1 feasible=1 iters=5 generatedColsBeforeNode=0 newCols=59 posCandidates=59 duplicateCandidates=0 updatedCols=0 zeroObjImproveIters=0 objFirst=143048893.861044 objLast=173730973.584599 objGain=30682079.723555 maxRC=59516957.238947 wallSec=0.011094 pricingSec=0.007164 cplexSolveSec=0.002052
    [CG]   [DIAG] iter=3 posCols=12 newCols=12 effImprove=12 updated=0
      [BB] 根节点即为整数解，obj=173730973.584599
    [CG] CG iter 2: obj=160275183.660263, maxRC=10526890.857122, +17 cols
    [CG] CG iter 2: obj=160205139.678406, maxRC=10200732.457408, +17 cols
    [CG] CG iter 4: obj=169306943.211371, maxRC=4170698.244090, +5 cols
    [CG]   [DIAG] iter=2 posCols=17 newCols=17 effImprove=17 updated=0
    [CG]   [DIAG] iter=4 posCols=5 newCols=5 effImprove=5 updated=0
    [CG]   [DIAG] iter=2 posCols=17 newCols=17 effImprove=17 updated=0
    [CG] 列生成开始，初始列数=128
    [CG] CG iter 2: obj=160148247.604238, maxRC=10508184.539706, +17 cols
    [CG]   [DIAG] iter=2 posCols=17 newCols=17 effImprove=17 updated=0
    [CG] 列生成收敛，共 5 轮迭代
    [CG] [CG-NODE] depth=0 exit=CERTIFIED certified=1 feasible=1 iters=5 generatedColsBeforeNode=0 newCols=57 posCandidates=57 duplicateCandidates=0 updatedCols=0 zeroObjImproveIters=0 objFirst=142819834.633126 objLast=173539834.332166 objGain=30719999.699041 maxRC=59414099.553003 wallSec=0.012851 pricingSec=0.008585 cplexSolveSec=0.002317
      [BB] 根节点即为整数解，obj=173539834.332166
    [CG] CG iter 3: obj=169779559.431182, maxRC=3410563.308958, +11 cols
    [CG]   [DIAG] iter=3 posCols=11 newCols=11 effImprove=11 updated=0
    [CG] CG iter 3: obj=166645570.571007, maxRC=6274483.406364, +11 cols
    [CG]   [DIAG] iter=3 posCols=11 newCols=11 effImprove=11 updated=0
    [CG] 列生成开始，初始列数=128
    [CG] CG iter 3: obj=166452459.048661, maxRC=6316801.922292, +11 cols
    [CG] CG iter 4: obj=173121869.385959, maxRC=1289201.694273, +5 cols
    [CG]   [DIAG] iter=4 posCols=5 newCols=5 effImprove=5 updated=0
    [CG]   [DIAG] iter=3 posCols=11 newCols=11 effImprove=11 updated=0
    [CG] 列生成开始，初始列数=128
    [CG] 列生成开始，初始列数=128
    [CG] CG iter 5: obj=173121869.385959, maxRC=1042480.660271, +5 cols
    [CG] CG iter 4: obj=169311617.081303, maxRC=4179605.267334, +5 cols
    [CG]   [DIAG] iter=5 posCols=5 newCols=5 effImprove=5 updated=0
    [CG]   [DIAG] iter=4 posCols=5 newCols=5 effImprove=5 updated=0
    [CG] CG iter 4: obj=169065644.985735, maxRC=4126849.948545, +5 cols
    [CG]   [DIAG] iter=4 posCols=5 newCols=5 effImprove=5 updated=0
    [CG] 列生成收敛，共 6 轮迭代
    [CG] [CG-NODE] depth=0 exit=CERTIFIED certified=1 feasible=1 iters=6 generatedColsBeforeNode=0 newCols=61 posCandidates=61 duplicateCandidates=0 updatedCols=0 zeroObjImproveIters=1 objFirst=142324856.203888 objLast=173349345.682192 objGain=31024489.478304 maxRC=59498963.954434 wallSec=0.016243 pricingSec=0.011276 cplexSolveSec=0.002881
    [CG] 列生成开始，初始列数=128
    [CG] 列生成收敛，共 5 轮迭代
    [CG] [CG-NODE] depth=0 exit=CERTIFIED certified=1 feasible=1 iters=5 generatedColsBeforeNode=0 newCols=56 posCandidates=56 duplicateCandidates=0 updatedCols=0 zeroObjImproveIters=0 objFirst=142716489.866351 objLast=173537960.624980 objGain=30821470.758629 maxRC=59322918.072571 wallSec=0.016230 pricingSec=0.011175 cplexSolveSec=0.002839
      [BB] 根节点即为整数解，obj=173349345.682192
      [BB] 根节点即为整数解，obj=173537960.624980
    [CG] 列生成收敛，共 5 轮迭代
    [CG] [CG-NODE] depth=0 exit=CERTIFIED certified=1 feasible=1 iters=5 generatedColsBeforeNode=0 newCols=56 posCandidates=56 duplicateCandidates=0 updatedCols=0 zeroObjImproveIters=0 objFirst=142319728.108356 objLast=173297626.433869 objGain=30977898.325514 maxRC=59322918.072571 wallSec=0.016482 pricingSec=0.011330 cplexSolveSec=0.002899
      [BB] 根节点即为整数解，obj=173297626.433869
    [CG] CG iter 1: obj=142456863.299199, maxRC=59288811.749337, +23 cols
    [CG]   [DIAG] iter=1 posCols=23 newCols=23 effImprove=23 updated=0
    [CG] 列生成开始，初始列数=128
    [CG] 列生成开始，初始列数=128
    [CG] CG iter 2: obj=160095899.955386, maxRC=10486444.462980, +16 cols
    [CG]   [DIAG] iter=2 posCols=16 newCols=16 effImprove=16 updated=0
    [CG] 列生成开始，初始列数=128
    [CG] CG iter 3: obj=163970762.785194, maxRC=5117713.057641, +14 cols
    [CG]   [DIAG] iter=3 posCols=14 newCols=14 effImprove=14 updated=0
    [CG] CG iter 4: obj=173297011.464648, maxRC=2671588.513078, +6 cols
    [CG]   [DIAG] iter=4 posCols=6 newCols=6 effImprove=6 updated=0
    [CG] CG iter 5: obj=173297011.464648, maxRC=526440.292118, +1 cols
    [CG]   [DIAG] iter=5 posCols=1 newCols=1 effImprove=1 updated=0
    [CG] 列生成收敛，共 6 轮迭代
    [CG] [CG-NODE] depth=0 exit=CERTIFIED certified=1 feasible=1 iters=6 generatedColsBeforeNode=0 newCols=60 posCandidates=60 duplicateCandidates=0 updatedCols=0 zeroObjImproveIters=2 objFirst=142456863.299199 objLast=173297011.464648 objGain=30840148.165448 maxRC=59288811.749337 wallSec=0.010456 pricingSec=0.006980 cplexSolveSec=0.001965
      [BB] 根节点即为整数解，obj=173297011.464648
    [CG] CG iter 1: obj=142630802.100911, maxRC=59492590.408863, +23 cols
    [CG]   [DIAG] iter=1 posCols=23 newCols=23 effImprove=23 updated=0
    [CG] CG iter 2: obj=160231284.860413, maxRC=6912409.382940, +15 cols
    [CG]   [DIAG] iter=2 posCols=15 newCols=15 effImprove=15 updated=0
    [CG] CG iter 1: obj=142714626.262468, maxRC=59322918.072571, +23 cols
    [CG] CG iter 1: obj=142067498.361108, maxRC=59451886.147824, +23 cols
    [CG]   [DIAG] iter=1 posCols=23 newCols=23 effImprove=23 updated=0
    [CG]   [DIAG] iter=1 posCols=23 newCols=23 effImprove=23 updated=0
    [CG] CG iter 3: obj=173340676.059507, maxRC=3406891.685077, +9 cols
    [CG]   [DIAG] iter=3 posCols=9 newCols=9 effImprove=9 updated=0
    [CG] CG iter 4: obj=173340676.059507, maxRC=1070367.019305, +5 cols
    [CG]   [DIAG] iter=4 posCols=5 newCols=5 effImprove=5 updated=0
    [CG] CG iter 2: obj=160049680.204466, maxRC=9463287.774151, +17 cols
    [CG]   [DIAG] iter=2 posCols=17 newCols=17 effImprove=17 updated=0
    [CG] CG iter 1: obj=141994995.185839, maxRC=59509676.467656, +23 cols
    [CG] CG iter 2: obj=160289686.695672, maxRC=10508184.539706, +17 cols
    [CG]   [DIAG] iter=2 posCols=17 newCols=17 effImprove=17 updated=0
    [CG]   [DIAG] iter=1 posCols=23 newCols=23 effImprove=23 updated=0
    [CG] 列生成开始，初始列数=128
    [CG] CG iter 1: obj=141978103.729286, maxRC=59402294.738590, +23 cols
    [CG] CG iter 5: obj=173340676.059507, maxRC=187830.218377, +1 cols
    [CG]   [DIAG] iter=5 posCols=1 newCols=1 effImprove=1 updated=0
    [CG] CG iter 1: obj=142627563.431069, maxRC=59498963.954434, +23 cols
    [CG]   [DIAG] iter=1 posCols=23 newCols=23 effImprove=23 updated=0
    [CG]   [DIAG] iter=1 posCols=23 newCols=23 effImprove=23 updated=0
    [CG] 列生成收敛，共 6 轮迭代
    [CG] [CG-NODE] depth=0 exit=CERTIFIED certified=1 feasible=1 iters=6 generatedColsBeforeNode=0 newCols=53 posCandidates=53 duplicateCandidates=0 updatedCols=0 zeroObjImproveIters=3 objFirst=142630802.100911 objLast=173340676.059507 objGain=30709873.958596 maxRC=59492590.408863 wallSec=0.007894 pricingSec=0.004891 cplexSolveSec=0.001657
    [CG] CG iter 3: obj=166390886.051219, maxRC=9441381.197754, +14 cols
    [CG]   [DIAG] iter=3 posCols=14 newCols=14 effImprove=14 updated=0
      [BB] 根节点即为整数解，obj=173340676.059507
    [CG] CG iter 3: obj=166651148.066421, maxRC=6284657.292648, +11 cols
    [CG]   [DIAG] iter=3 posCols=11 newCols=11 effImprove=11 updated=0
    [CG] CG iter 2: obj=160121302.046313, maxRC=9495803.677563, +17 cols
    [CG] CG iter 4: obj=171251616.575930, maxRC=2526905.664327, +3 cols
    [CG]   [DIAG] iter=4 posCols=3 newCols=3 effImprove=3 updated=0
    [CG]   [DIAG] iter=2 posCols=17 newCols=17 effImprove=17 updated=0
    [CG] CG iter 4: obj=169296624.399890, maxRC=4168907.429967, +5 cols
    [CG]   [DIAG] iter=4 posCols=5 newCols=5 effImprove=5 updated=0
    [CG] CG iter 2: obj=159563146.490595, maxRC=10690787.008250, +17 cols
    [CG]   [DIAG] iter=2 posCols=17 newCols=17 effImprove=17 updated=0
    [CG] CG iter 2: obj=160250923.850589, maxRC=10616416.679973, +17 cols
    [CG] CG iter 5: obj=173001098.074549, maxRC=1504380.985122, +5 cols
    [CG]   [DIAG] iter=5 posCols=5 newCols=5 effImprove=5 updated=0
    [CG]   [DIAG] iter=2 posCols=17 newCols=17 effImprove=17 updated=0
    [CG] 列生成收敛，共 5 轮迭代
    [CG] [CG-NODE] depth=0 exit=CERTIFIED certified=1 feasible=1 iters=5 generatedColsBeforeNode=0 newCols=56 posCandidates=56 duplicateCandidates=0 updatedCols=0 zeroObjImproveIters=0 objFirst=142714626.262468 objLast=173528645.686291 objGain=30814019.423823 maxRC=59322918.072571 wallSec=0.008230 pricingSec=0.005276 cplexSolveSec=0.001628
      [BB] 根节点即为整数解，obj=173528645.686291
    [CG] 列生成收敛，共 6 轮迭代
    [CG] [CG-NODE] depth=0 exit=CERTIFIED certified=1 feasible=1 iters=6 generatedColsBeforeNode=0 newCols=62 posCandidates=62 duplicateCandidates=0 updatedCols=0 zeroObjImproveIters=1 objFirst=142067498.361108 objLast=173001098.074549 objGain=30933599.713441 maxRC=59451886.147824 wallSec=0.009155 pricingSec=0.005974 cplexSolveSec=0.001769
    [CG] CG iter 1: obj=143215865.956253, maxRC=59519752.128890, +23 cols
      [BB] 根节点即为整数解，obj=173001098.074549
    [CG] CG iter 3: obj=166447253.170379, maxRC=9435874.670346, +14 cols
    [CG] CG iter 3: obj=165779168.572816, maxRC=6225032.025421, +12 cols
    [CG] CG iter 3: obj=166513146.942440, maxRC=6221193.487672, +12 cols
    [CG]   [DIAG] iter=3 posCols=12 newCols=12 effImprove=12 updated=0
    [CG]   [DIAG] iter=3 posCols=12 newCols=12 effImprove=12 updated=0
    [CG]   [DIAG] iter=3 posCols=14 newCols=14 effImprove=14 updated=0
    [CG]   [DIAG] iter=1 posCols=23 newCols=23 effImprove=23 updated=0
    [CG] CG iter 4: obj=171285313.705736, maxRC=1760928.955632, +3 cols
    [CG]   [DIAG] iter=4 posCols=3 newCols=3 effImprove=3 updated=0
    [CG] CG iter 4: obj=168458337.359396, maxRC=4047026.020711, +7 cols
    [CG]   [DIAG] iter=4 posCols=7 newCols=7 effImprove=7 updated=0
    [CG] CG iter 4: obj=169149046.823734, maxRC=4033424.386944, +5 cols
    [CG] 列生成开始，初始列数=128
    [CG]   [DIAG] iter=4 posCols=5 newCols=5 effImprove=5 updated=0
    [CG] 列生成开始，初始列数=128
    [CG] CG iter 5: obj=173046242.661368, maxRC=471170.525153, +1 cols
    [CG]   [DIAG] iter=5 posCols=1 newCols=1 effImprove=1 updated=0
    [CG] 列生成收敛，共 5 轮迭代
    [CG] [CG-NODE] depth=0 exit=CERTIFIED certified=1 feasible=1 iters=5 generatedColsBeforeNode=0 newCols=59 posCandidates=59 duplicateCandidates=0 updatedCols=0 zeroObjImproveIters=0 objFirst=141978103.729286 objLast=172676926.587111 objGain=30698822.857826 maxRC=59402294.738590 wallSec=0.016664 pricingSec=0.011288 cplexSolveSec=0.002724
    [CG] 列生成收敛，共 5 轮迭代
    [CG] [CG-NODE] depth=0 exit=CERTIFIED certified=1 feasible=1 iters=5 generatedColsBeforeNode=0 newCols=57 posCandidates=57 duplicateCandidates=0 updatedCols=0 zeroObjImproveIters=0 objFirst=142627563.431069 objLast=173408076.201135 objGain=30780512.770066 maxRC=59498963.954434 wallSec=0.016514 pricingSec=0.011245 cplexSolveSec=0.002757
      [BB] 根节点即为整数解，obj=172676926.587111
      [BB] 根节点即为整数解，obj=173408076.201135
    [CG] 列生成收敛，共 6 轮迭代
    [CG] [CG-NODE] depth=0 exit=CERTIFIED certified=1 feasible=1 iters=6 generatedColsBeforeNode=0 newCols=58 posCandidates=58 duplicateCandidates=0 updatedCols=0 zeroObjImproveIters=1 objFirst=141994995.185839 objLast=173046242.661368 objGain=31051247.475529 maxRC=59509676.467656 wallSec=0.017535 pricingSec=0.011701 cplexSolveSec=0.002942
    [CG] CG iter 2: obj=160594613.897684, maxRC=10664497.637937, +17 cols
    [CG]   [DIAG] iter=2 posCols=17 newCols=17 effImprove=17 updated=0
      [BB] 根节点即为整数解，obj=173046242.661368
    [CG] 列生成开始，初始列数=128
    [CG] CG iter 3: obj=166970145.337219, maxRC=6249638.359846, +12 cols
    [CG]   [DIAG] iter=3 posCols=12 newCols=12 effImprove=12 updated=0
    [CG] 列生成开始，初始列数=128
    [CG] 列生成开始，初始列数=128
    [CG] 列生成开始，初始列数=128
    [CG] CG iter 4: obj=169675381.169647, maxRC=4131292.905534, +5 cols
    [CG]   [DIAG] iter=4 posCols=5 newCols=5 effImprove=5 updated=0
    [CG] 列生成收敛，共 5 轮迭代
    [CG] [CG-NODE] depth=0 exit=CERTIFIED certified=1 feasible=1 iters=5 generatedColsBeforeNode=0 newCols=57 posCandidates=57 duplicateCandidates=0 updatedCols=0 zeroObjImproveIters=0 objFirst=143215865.956253 objLast=173881317.192879 objGain=30665451.236625 maxRC=59519752.128890 wallSec=0.019657 pricingSec=0.012913 cplexSolveSec=0.003464
      [BB] 根节点即为整数解，obj=173881317.192879
    [CG] CG iter 1: obj=143240242.727235, maxRC=59519752.128890, +23 cols
    [CG]   [DIAG] iter=1 posCols=23 newCols=23 effImprove=23 updated=0
    [CG] CG iter 2: obj=160612360.411750, maxRC=10641227.865490, +17 cols
    [CG]   [DIAG] iter=2 posCols=17 newCols=17 effImprove=17 updated=0
    [CG] CG iter 1: obj=142243235.350491, maxRC=59465927.385650, +23 cols
    [CG]   [DIAG] iter=1 posCols=23 newCols=23 effImprove=23 updated=0
    [CG] CG iter 3: obj=166998452.213475, maxRC=6252833.563456, +12 cols
    [CG]   [DIAG] iter=3 posCols=12 newCols=12 effImprove=12 updated=0
    [CG] CG iter 4: obj=169699762.052322, maxRC=4138421.065789, +5 cols
    [CG]   [DIAG] iter=4 posCols=5 newCols=5 effImprove=5 updated=0
    [CG] 列生成收敛，共 5 轮迭代
    [CG] [CG-NODE] depth=0 exit=CERTIFIED certified=1 feasible=1 iters=5 generatedColsBeforeNode=0 newCols=57 posCandidates=57 duplicateCandidates=0 updatedCols=0 zeroObjImproveIters=0 objFirst=143240242.727235 objLast=173912808.618587 objGain=30672565.891352 maxRC=59519752.128890 wallSec=0.008413 pricingSec=0.005552 cplexSolveSec=0.001497
      [BB] 根节点即为整数解，obj=173912808.618587
    [CG] CG iter 2: obj=159912210.706846, maxRC=10641784.699414, +17 cols
    [CG]   [DIAG] iter=2 posCols=17 newCols=17 effImprove=17 updated=0
    [CG] 列生成开始，初始列数=128
    [CG] CG iter 1: obj=141957055.748168, maxRC=59424427.662183, +23 cols
    [CG] CG iter 1: obj=142543188.253378, maxRC=59512477.798751, +23 cols
    [CG]   [DIAG] iter=1 posCols=23 newCols=23 effImprove=23 updated=0
    [CG]   [DIAG] iter=1 posCols=23 newCols=23 effImprove=23 updated=0
    [CG] CG iter 3: obj=166127094.814672, maxRC=6239631.099381, +11 cols
    [CG]   [DIAG] iter=3 posCols=11 newCols=11 effImprove=11 updated=0
    [CG] CG iter 2: obj=159795523.051626, maxRC=10779949.750531, +16 cols
    [CG]   [DIAG] iter=2 posCols=16 newCols=16 effImprove=16 updated=0
    [CG] CG iter 2: obj=160169622.435756, maxRC=9547468.443941, +17 cols
    [CG]   [DIAG] iter=2 posCols=17 newCols=17 effImprove=17 updated=0
    [CG] 列生成开始，初始列数=128
    [CG] CG iter 1: obj=143208886.300382, maxRC=59519752.128890, +23 cols
    [CG]   [DIAG] iter=1 posCols=23 newCols=23 effImprove=23 updated=0
    [CG] CG iter 4: obj=168726143.817526, maxRC=4001410.711540, +5 cols
    [CG]   [DIAG] iter=4 posCols=5 newCols=5 effImprove=5 updated=0
    [CG] CG iter 1: obj=142824511.719028, maxRC=59414093.288193, +23 cols
    [CG] CG iter 3: obj=163238750.267427, maxRC=5247681.662662, +17 cols
    [CG]   [DIAG] iter=3 posCols=17 newCols=17 effImprove=17 updated=0
    [CG]   [DIAG] iter=1 posCols=23 newCols=23 effImprove=23 updated=0
    [CG] CG iter 3: obj=165999523.920912, maxRC=7323362.597061, +15 cols
    [CG]   [DIAG] iter=3 posCols=15 newCols=15 effImprove=15 updated=0
    [CG] CG iter 4: obj=172891566.436797, maxRC=2213652.534792, +9 cols
    [CG]   [DIAG] iter=4 posCols=9 newCols=9 effImprove=9 updated=0
    [CG] CG iter 2: obj=160626326.237331, maxRC=10623485.371715, +17 cols
    [CG] 列生成收敛，共 5 轮迭代
    [CG] [CG-NODE] depth=0 exit=CERTIFIED certified=1 feasible=1 iters=5 generatedColsBeforeNode=0 newCols=56 posCandidates=56 duplicateCandidates=0 updatedCols=0 zeroObjImproveIters=0 objFirst=142243235.350491 objLast=172967903.386123 objGain=30724668.035632 maxRC=59465927.385650 wallSec=0.017146 pricingSec=0.011779 cplexSolveSec=0.002902
    [CG]   [DIAG] iter=2 posCols=17 newCols=17 effImprove=17 updated=0
    [CG] CG iter 4: obj=173322886.517973, maxRC=1554106.962306, +7 cols
    [CG]   [DIAG] iter=4 posCols=7 newCols=7 effImprove=7 updated=0
      [BB] 根节点即为整数解，obj=172967903.386123
    [CG] CG iter 5: obj=172891566.436797, maxRC=53310.561166, +1 cols
    [CG]   [DIAG] iter=5 posCols=1 newCols=1 effImprove=1 updated=0
    [CG] CG iter 2: obj=160226675.129726, maxRC=10580561.615858, +17 cols
    [CG]   [DIAG] iter=2 posCols=17 newCols=17 effImprove=17 updated=0
    [CG] CG iter 5: obj=173322886.517973, maxRC=221012.465119, +1 cols
    [CG]   [DIAG] iter=5 posCols=1 newCols=1 effImprove=1 updated=0
    [CG] 列生成收敛，共 6 轮迭代
    [CG] [CG-NODE] depth=0 exit=CERTIFIED certified=1 feasible=1 iters=6 generatedColsBeforeNode=0 newCols=66 posCandidates=66 duplicateCandidates=0 updatedCols=0 zeroObjImproveIters=2 objFirst=141957055.748168 objLast=172891566.436797 objGain=30934510.688629 maxRC=59424427.662183 wallSec=0.009788 pricingSec=0.006452 cplexSolveSec=0.001795
      [BB] 根节点即为整数解，obj=172891566.436797
    [CG] CG iter 3: obj=166995358.208896, maxRC=6265829.039051, +11 cols
    [CG]   [DIAG] iter=3 posCols=11 newCols=11 effImprove=11 updated=0
    [CG] 列生成收敛，共 6 轮迭代
    [CG] [CG-NODE] depth=0 exit=CERTIFIED certified=1 feasible=1 iters=6 generatedColsBeforeNode=0 newCols=63 posCandidates=63 duplicateCandidates=0 updatedCols=0 zeroObjImproveIters=2 objFirst=142543188.253378 objLast=173322886.517973 objGain=30779698.264594 maxRC=59512477.798751 wallSec=0.014633 pricingSec=0.009654 cplexSolveSec=0.002583
      [BB] 根节点即为整数解，obj=173322886.517973
    [CG] CG iter 3: obj=166601722.360828, maxRC=6248285.438912, +12 cols
    [CG]   [DIAG] iter=3 posCols=12 newCols=12 effImprove=12 updated=0
    [CG] CG iter 1: obj=142350476.942931, maxRC=59480298.932207, +23 cols
    [CG] CG iter 4: obj=169668561.149320, maxRC=4120688.642855, +5 cols
    [CG]   [DIAG] iter=4 posCols=5 newCols=5 effImprove=5 updated=0
    [CG]   [DIAG] iter=1 posCols=23 newCols=23 effImprove=23 updated=0
    [CG] CG iter 4: obj=169300614.263245, maxRC=4164327.840658, +5 cols
    [CG]   [DIAG] iter=4 posCols=5 newCols=5 effImprove=5 updated=0
    [CG] 列生成收敛，共 5 轮迭代
    [CG] [CG-NODE] depth=0 exit=CERTIFIED certified=1 feasible=1 iters=5 generatedColsBeforeNode=0 newCols=56 posCandidates=56 duplicateCandidates=0 updatedCols=0 zeroObjImproveIters=0 objFirst=143208886.300382 objLast=173886959.908301 objGain=30678073.607919 maxRC=59519752.128890 wallSec=0.011912 pricingSec=0.008307 cplexSolveSec=0.002065
      [BB] 根节点即为整数解，obj=173886959.908301
    [CG] 列生成收敛，共 5 轮迭代
    [CG] [CG-NODE] depth=0 exit=CERTIFIED certified=1 feasible=1 iters=5 generatedColsBeforeNode=0 newCols=57 posCandidates=57 duplicateCandidates=0 updatedCols=0 zeroObjImproveIters=0 objFirst=142824511.719028 objLast=173526683.917562 objGain=30702172.198535 maxRC=59414093.288193 wallSec=0.012434 pricingSec=0.008577 cplexSolveSec=0.002165
      [BB] 根节点即为整数解，obj=173526683.917562
    [CG] CG iter 2: obj=160359615.490176, maxRC=9460243.352722, +17 cols
    [CG]   [DIAG] iter=2 posCols=17 newCols=17 effImprove=17 updated=0
    [CG] CG iter 1: obj=142802785.429139, maxRC=59322302.801711, +23 cols
    [CG]   [DIAG] iter=1 posCols=23 newCols=23 effImprove=23 updated=0
    [CG] CG iter 3: obj=166180731.981527, maxRC=8048937.350419, +13 cols
    [CG]   [DIAG] iter=3 posCols=13 newCols=13 effImprove=13 updated=0
    [CG] CG iter 2: obj=160287312.422963, maxRC=10508184.539706, +17 cols
    [CG]   [DIAG] iter=2 posCols=17 newCols=17 effImprove=17 updated=0
    [CG] CG iter 4: obj=171876388.922387, maxRC=4250085.912176, +4 cols
    [CG]   [DIAG] iter=4 posCols=4 newCols=4 effImprove=4 updated=0
    [CG] CG iter 3: obj=166705055.526932, maxRC=6259750.143660, +12 cols
    [CG] CG iter 5: obj=173512297.214498, maxRC=12258.795342, +1 cols
    [CG]   [DIAG] iter=3 posCols=12 newCols=12 effImprove=12 updated=0
    [CG]   [DIAG] iter=5 posCols=1 newCols=1 effImprove=1 updated=0
    [CG] CG iter 1: obj=142954395.922799, maxRC=59331181.723077, +23 cols
    [CG] CG iter 4: obj=169407348.126046, maxRC=4221246.702731, +5 cols
    [CG] 列生成收敛，共 6 轮迭代
    [CG]   [DIAG] iter=4 posCols=5 newCols=5 effImprove=5 updated=0
    [CG] [CG-NODE] depth=0 exit=CERTIFIED certified=1 feasible=1 iters=6 generatedColsBeforeNode=0 newCols=58 posCandidates=58 duplicateCandidates=0 updatedCols=0 zeroObjImproveIters=1 objFirst=142350476.942931 objLast=173512297.214498 objGain=31161820.271567 maxRC=59480298.932207 wallSec=0.019292 pricingSec=0.012887 cplexSolveSec=0.003625
    [CG]   [DIAG] iter=1 posCols=23 newCols=23 effImprove=23 updated=0
      [BB] 根节点即为整数解，obj=173512297.214498
    [CG] 列生成收敛，共 5 轮迭代
    [CG] [CG-NODE] depth=0 exit=CERTIFIED certified=1 feasible=1 iters=5 generatedColsBeforeNode=0 newCols=57 posCandidates=57 duplicateCandidates=0 updatedCols=0 zeroObjImproveIters=0 objFirst=142802785.429139 objLast=173639703.231467 objGain=30836917.802327 maxRC=59322302.801711 wallSec=0.011106 pricingSec=0.007335 cplexSolveSec=0.002102
      [BB] 根节点即为整数解，obj=173639703.231467
    [CG] CG iter 2: obj=160290537.164709, maxRC=10507166.605114, +17 cols
    [CG]   [DIAG] iter=2 posCols=17 newCols=17 effImprove=17 updated=0
    [CG] CG iter 3: obj=166709769.820674, maxRC=6260247.620461, +12 cols
    [CG]   [DIAG] iter=3 posCols=12 newCols=12 effImprove=12 updated=0
    [CG] CG iter 4: obj=169412383.074856, maxRC=4222438.399163, +5 cols
    [CG]   [DIAG] iter=4 posCols=5 newCols=5 effImprove=5 updated=0
    [CG] 列生成收敛，共 5 轮迭代
    [CG] [CG-NODE] depth=0 exit=CERTIFIED certified=1 feasible=1 iters=5 generatedColsBeforeNode=0 newCols=57 posCandidates=57 duplicateCandidates=0 updatedCols=0 zeroObjImproveIters=0 objFirst=142954395.922799 objLast=173644703.696861 objGain=30690307.774062 maxRC=59331181.723077 wallSec=0.018896 pricingSec=0.012961 cplexSolveSec=0.003367
      [BB] 根节点即为整数解，obj=173644703.696861
[GA] 代数 2: Best=173966640.23, Avg=173444571.21, Worst=172705812.27, Valid=30/30, 耗时=0.06s (连续2代未提升)
  ├─ 求解: 30 个体 fork 并行 | CG迭代=133 加列=1449 BB分支=0
  ├─ 并行墙钟=0.0572s | 串行等效(ΣBP)=0.3422s | 加速比=5.99x
  ├─ 管理开销=-0.2850s (fork=0.0042 wait=0.0524 merge=0.0004)
  └─ CG明细: gen_logs/run_gen2_ind{0..29}.log
    [CG] 列生成开始，初始列数=128
    [CG] 列生成开始，初始列数=128
    [CG] 列生成开始，初始列数=128
    [CG] 列生成开始，初始列数=128
    [CG] 列生成开始，初始列数=128
    [CG] 列生成开始，初始列数=128
    [CG] 列生成开始，初始列数=128
    [CG] 列生成开始，初始列数=128
    [CG] CG iter 1: obj=142594318.804164, maxRC=59414093.288193, +23 cols
    [CG]   [DIAG] iter=1 posCols=23 newCols=23 effImprove=23 updated=0
    [CG] CG iter 1: obj=142956112.780447, maxRC=59331181.723077, +23 cols
    [CG] CG iter 2: obj=160136164.485276, maxRC=10580561.615858, +17 cols
    [CG]   [DIAG] iter=2 posCols=17 newCols=17 effImprove=17 updated=0
    [CG]   [DIAG] iter=1 posCols=23 newCols=23 effImprove=23 updated=0
    [CG] CG iter 1: obj=142828591.708645, maxRC=59360783.182749, +23 cols
    [CG]   [DIAG] iter=1 posCols=23 newCols=23 effImprove=23 updated=0
    [CG] CG iter 3: obj=166402364.454192, maxRC=5808798.177986, +10 cols
    [CG]   [DIAG] iter=3 posCols=10 newCols=10 effImprove=10 updated=0
    [CG] CG iter 4: obj=173314703.502830, maxRC=1139480.414392, +2 cols
    [CG]   [DIAG] iter=4 posCols=2 newCols=2 effImprove=2 updated=0
    [CG] CG iter 2: obj=160290975.664460, maxRC=10506746.532239, +17 cols
    [CG] 列生成收敛，共 5 轮迭代
    [CG] [CG-NODE] depth=0 exit=CERTIFIED certified=1 feasible=1 iters=5 generatedColsBeforeNode=0 newCols=52 posCandidates=52 duplicateCandidates=0 updatedCols=0 zeroObjImproveIters=0 objFirst=142594318.804164 objLast=173350643.046570 objGain=30756324.242406 maxRC=59414093.288193 wallSec=0.011068 pricingSec=0.007215 cplexSolveSec=0.001938
    [CG]   [DIAG] iter=2 posCols=17 newCols=17 effImprove=17 updated=0
      [BB] 根节点即为整数解，obj=173350643.046570
    [CG] CG iter 2: obj=160351675.362489, maxRC=10532841.530133, +17 cols
    [CG]   [DIAG] iter=2 posCols=17 newCols=17 effImprove=17 updated=0
    [CG] CG iter 1: obj=142365549.228617, maxRC=59480298.932207, +23 cols
    [CG]   [DIAG] iter=1 posCols=23 newCols=23 effImprove=23 updated=0
    [CG] CG iter 3: obj=166710419.536883, maxRC=6260305.818994, +12 cols
    [CG]   [DIAG] iter=3 posCols=12 newCols=12 effImprove=12 updated=0
    [CG] CG iter 1: obj=142527138.048257, maxRC=59480298.932207, +23 cols
    [CG]   [DIAG] iter=1 posCols=23 newCols=23 effImprove=23 updated=0
    [CG] CG iter 3: obj=166762468.631661, maxRC=6258508.250101, +12 cols
    [CG]   [DIAG] iter=3 posCols=12 newCols=12 effImprove=12 updated=0
    [CG] CG iter 4: obj=169412981.219135, maxRC=4222548.169627, +5 cols
    [CG]   [DIAG] iter=4 posCols=5 newCols=5 effImprove=5 updated=0
    [CG] CG iter 2: obj=160307692.709909, maxRC=9482193.235895, +17 cols
    [CG]   [DIAG] iter=2 posCols=17 newCols=17 effImprove=17 updated=0
    [CG] CG iter 1: obj=142605733.457353, maxRC=59414099.553003, +23 cols
    [CG] CG iter 1: obj=142649301.309822, maxRC=59288811.749337, +23 cols
    [CG] 列生成收敛，共 5 轮迭代
    [CG] [CG-NODE] depth=0 exit=CERTIFIED certified=1 feasible=1 iters=5 generatedColsBeforeNode=0 newCols=57 posCandidates=57 duplicateCandidates=0 updatedCols=0 zeroObjImproveIters=0 objFirst=142956112.780447 objLast=173645411.611604 objGain=30689298.831156 maxRC=59331181.723077 wallSec=0.014464 pricingSec=0.009501 cplexSolveSec=0.002760
    [CG]   [DIAG] iter=1 posCols=23 newCols=23 effImprove=23 updated=0
    [CG] CG iter 1: obj=143045975.051743, maxRC=59516957.238947, +23 cols
    [CG] 列生成开始，初始列数=128
    [CG] CG iter 4: obj=169463519.337216, maxRC=4203343.176056, +5 cols
    [CG] CG iter 2: obj=160407439.627293, maxRC=10203288.538528, +17 cols
    [CG]   [DIAG] iter=1 posCols=23 newCols=23 effImprove=23 updated=0
    [CG]   [DIAG] iter=4 posCols=5 newCols=5 effImprove=5 updated=0
    [CG]   [DIAG] iter=2 posCols=17 newCols=17 effImprove=17 updated=0
      [BB] 根节点即为整数解，obj=173645411.611604
    [CG]   [DIAG] iter=1 posCols=23 newCols=23 effImprove=23 updated=0
    [CG] 列生成收敛，共 5 轮迭代
    [CG] [CG-NODE] depth=0 exit=CERTIFIED certified=1 feasible=1 iters=5 generatedColsBeforeNode=0 newCols=57 posCandidates=57 duplicateCandidates=0 updatedCols=0 zeroObjImproveIters=0 objFirst=142828591.708645 objLast=173693240.382766 objGain=30864648.674122 maxRC=59360783.182749 wallSec=0.015833 pricingSec=0.010586 cplexSolveSec=0.002944
    [CG] CG iter 3: obj=166119520.488366, maxRC=8041215.681100, +13 cols
    [CG]   [DIAG] iter=3 posCols=13 newCols=13 effImprove=13 updated=0
    [CG] CG iter 3: obj=170087307.232342, maxRC=3658865.886771, +12 cols
      [BB] 根节点即为整数解，obj=173693240.382766
    [CG]   [DIAG] iter=3 posCols=12 newCols=12 effImprove=12 updated=0
    [CG] CG iter 2: obj=160157962.932593, maxRC=10592833.936807, +17 cols
    [CG] CG iter 2: obj=160175769.023841, maxRC=10486444.462980, +17 cols
    [CG]   [DIAG] iter=2 posCols=17 newCols=17 effImprove=17 updated=0
    [CG]   [DIAG] iter=2 posCols=17 newCols=17 effImprove=17 updated=0
    [CG] CG iter 2: obj=160491044.303243, maxRC=10699541.541937, +17 cols
    [CG]   [DIAG] iter=2 posCols=17 newCols=17 effImprove=17 updated=0
    [CG] CG iter 4: obj=171807455.759907, maxRC=4250085.912176, +4 cols
    [CG] CG iter 4: obj=173505107.659036, maxRC=1294078.344934, +4 cols
    [CG]   [DIAG] iter=4 posCols=4 newCols=4 effImprove=4 updated=0
    [CG]   [DIAG] iter=4 posCols=4 newCols=4 effImprove=4 updated=0
    [CG] 列生成开始，初始列数=128
    [CG] CG iter 5: obj=173505107.659036, maxRC=689743.590245, +6 cols
    [CG] CG iter 5: obj=173443364.052018, maxRC=17784.285358, +1 cols
    [CG]   [DIAG] iter=5 posCols=6 newCols=6 effImprove=6 updated=0
    [CG]   [DIAG] iter=5 posCols=1 newCols=1 effImprove=1 updated=0
    [CG] CG iter 3: obj=166424195.310005, maxRC=5807477.900799, +10 cols
    [CG]   [DIAG] iter=3 posCols=10 newCols=10 effImprove=10 updated=0
    [CG] CG iter 3: obj=166540772.484863, maxRC=6272065.160245, +11 cols
    [CG] CG iter 3: obj=166823306.144067, maxRC=6235466.727884, +12 cols
    [CG]   [DIAG] iter=3 posCols=11 newCols=11 effImprove=11 updated=0
    [CG]   [DIAG] iter=3 posCols=12 newCols=12 effImprove=12 updated=0
    [CG] 列生成收敛，共 6 轮迭代
    [CG] [CG-NODE] depth=0 exit=CERTIFIED certified=1 feasible=1 iters=6 generatedColsBeforeNode=0 newCols=58 posCandidates=58 duplicateCandidates=0 updatedCols=0 zeroObjImproveIters=1 objFirst=142365549.228617 objLast=173443364.052018 objGain=31077814.823401 maxRC=59480298.932207 wallSec=0.018270 pricingSec=0.012053 cplexSolveSec=0.003528
    [CG] 列生成收敛，共 6 轮迭代
    [CG] [CG-NODE] depth=0 exit=CERTIFIED certified=1 feasible=1 iters=6 generatedColsBeforeNode=0 newCols=62 posCandidates=62 duplicateCandidates=0 updatedCols=0 zeroObjImproveIters=1 objFirst=142527138.048257 objLast=173622243.932068 objGain=31095105.883811 maxRC=59480298.932207 wallSec=0.017849 pricingSec=0.011502 cplexSolveSec=0.003355
      [BB] 根节点即为整数解，obj=173443364.052018
      [BB] 根节点即为整数解，obj=173622243.932068
    [CG] CG iter 4: obj=173336750.492051, maxRC=1138688.792127, +2 cols
    [CG]   [DIAG] iter=4 posCols=2 newCols=2 effImprove=2 updated=0
    [CG] CG iter 4: obj=169197029.999456, maxRC=4184148.545804, +5 cols
    [CG] CG iter 4: obj=169523676.933656, maxRC=4097790.088465, +7 cols
    [CG]   [DIAG] iter=4 posCols=5 newCols=5 effImprove=5 updated=0
    [CG]   [DIAG] iter=4 posCols=7 newCols=7 effImprove=7 updated=0
    [CG] 列生成收敛，共 5 轮迭代
    [CG] [CG-NODE] depth=0 exit=CERTIFIED certified=1 feasible=1 iters=5 generatedColsBeforeNode=0 newCols=52 posCandidates=52 duplicateCandidates=0 updatedCols=0 zeroObjImproveIters=0 objFirst=142605733.457353 objLast=173370362.002931 objGain=30764628.545578 maxRC=59414099.553003 wallSec=0.018565 pricingSec=0.012237 cplexSolveSec=0.003138
    [CG] 列生成开始，初始列数=128
      [BB] 根节点即为整数解，obj=173370362.002931
    [CG] 列生成收敛，共 5 轮迭代
    [CG] [CG-NODE] depth=0 exit=CERTIFIED certified=1 feasible=1 iters=5 generatedColsBeforeNode=0 newCols=56 posCandidates=56 duplicateCandidates=0 updatedCols=0 zeroObjImproveIters=0 objFirst=142649301.309822 objLast=173437899.598537 objGain=30788598.288714 maxRC=59288811.749337 wallSec=0.018640 pricingSec=0.012391 cplexSolveSec=0.003127
    [CG] 列生成收敛，共 5 轮迭代
    [CG] [CG-NODE] depth=0 exit=CERTIFIED certified=1 feasible=1 iters=5 generatedColsBeforeNode=0 newCols=59 posCandidates=59 duplicateCandidates=0 updatedCols=0 zeroObjImproveIters=0 objFirst=143045975.051743 objLast=173727592.924670 objGain=30681617.872926 maxRC=59516957.238947 wallSec=0.018386 pricingSec=0.012318 cplexSolveSec=0.003022
      [BB] 根节点即为整数解，obj=173437899.598537
      [BB] 根节点即为整数解，obj=173727592.924670
    [CG] 列生成开始，初始列数=128
    [CG] 列生成开始，初始列数=128
    [CG] 列生成开始，初始列数=128
    [CG] CG iter 1: obj=142713753.449281, maxRC=59322918.072571, +23 cols
    [CG] 列生成开始，初始列数=128
    [CG]   [DIAG] iter=1 posCols=23 newCols=23 effImprove=23 updated=0
    [CG] 列生成开始，初始列数=128
    [CG] CG iter 2: obj=160288813.882485, maxRC=10508184.539706, +17 cols
    [CG]   [DIAG] iter=2 posCols=17 newCols=17 effImprove=17 updated=0
    [CG] CG iter 3: obj=166650275.253234, maxRC=6284657.292648, +11 cols
    [CG]   [DIAG] iter=3 posCols=11 newCols=11 effImprove=11 updated=0
    [CG] CG iter 4: obj=169295751.586703, maxRC=4168907.429967, +5 cols
    [CG]   [DIAG] iter=4 posCols=5 newCols=5 effImprove=5 updated=0
    [CG] 列生成收敛，共 5 轮迭代
    [CG] [CG-NODE] depth=0 exit=CERTIFIED certified=1 feasible=1 iters=5 generatedColsBeforeNode=0 newCols=56 posCandidates=56 duplicateCandidates=0 updatedCols=0 zeroObjImproveIters=0 objFirst=142713753.449281 objLast=173527772.873105 objGain=30814019.423823 maxRC=59322918.072571 wallSec=0.009434 pricingSec=0.006135 cplexSolveSec=0.001735
      [BB] 根节点即为整数解，obj=173527772.873105
    [CG] CG iter 1: obj=142350804.339230, maxRC=59480298.932207, +23 cols
    [CG]   [DIAG] iter=1 posCols=23 newCols=23 effImprove=23 updated=0
    [CG] CG iter 1: obj=142357659.831075, maxRC=59498963.954434, +23 cols
    [CG] CG iter 2: obj=160359942.886476, maxRC=9460243.352722, +17 cols
    [CG]   [DIAG] iter=1 posCols=23 newCols=23 effImprove=23 updated=0
    [CG]   [DIAG] iter=2 posCols=17 newCols=17 effImprove=17 updated=0
    [CG] CG iter 1: obj=143208150.764443, maxRC=59519752.493170, +23 cols
    [CG]   [DIAG] iter=1 posCols=23 newCols=23 effImprove=23 updated=0
    [CG] CG iter 1: obj=142581745.899794, maxRC=59492590.408863, +23 cols
    [CG]   [DIAG] iter=1 posCols=23 newCols=23 effImprove=23 updated=0
    [CG] 列生成开始，初始列数=128
    [CG] CG iter 1: obj=143252696.278920, maxRC=59519752.128890, +23 cols
    [CG] CG iter 3: obj=166181059.377827, maxRC=8048937.350419, +13 cols
    [CG]   [DIAG] iter=1 posCols=23 newCols=23 effImprove=23 updated=0
    [CG]   [DIAG] iter=3 posCols=13 newCols=13 effImprove=13 updated=0
    [CG] CG iter 2: obj=160625734.788675, maxRC=10623603.398459, +17 cols
    [CG]   [DIAG] iter=2 posCols=17 newCols=17 effImprove=17 updated=0
    [CG] CG iter 1: obj=142622322.714508, maxRC=59486400.561268, +23 cols
    [CG] CG iter 2: obj=160205139.678406, maxRC=10200732.457408, +17 cols
    [CG]   [DIAG] iter=1 posCols=23 newCols=23 effImprove=23 updated=0
    [CG]   [DIAG] iter=2 posCols=17 newCols=17 effImprove=17 updated=0
    [CG] CG iter 2: obj=160181565.714932, maxRC=6913283.152845, +15 cols
    [CG]   [DIAG] iter=2 posCols=15 newCols=15 effImprove=15 updated=0
    [CG] CG iter 4: obj=171876716.318686, maxRC=4250085.912176, +4 cols
    [CG] CG iter 3: obj=173292704.453835, maxRC=2349394.282758, +6 cols
    [CG]   [DIAG] iter=3 posCols=6 newCols=6 effImprove=6 updated=0
    [CG]   [DIAG] iter=4 posCols=4 newCols=4 effImprove=4 updated=0
    [CG] CG iter 3: obj=166994557.674803, maxRC=6265764.903281, +11 cols
    [CG]   [DIAG] iter=3 posCols=11 newCols=11 effImprove=11 updated=0
    [CG] CG iter 4: obj=173292704.453835, maxRC=188623.300689, +2 cols
    [CG]   [DIAG] iter=4 posCols=2 newCols=2 effImprove=2 updated=0
    [CG] CG iter 2: obj=160237242.263674, maxRC=10608238.080654, +17 cols
    [CG]   [DIAG] iter=2 posCols=17 newCols=17 effImprove=17 updated=0
    [CG] CG iter 3: obj=169815256.629733, maxRC=3376605.679824, +11 cols
    [CG] CG iter 2: obj=160626326.237331, maxRC=10623485.371715, +17 cols
    [CG]   [DIAG] iter=3 posCols=11 newCols=11 effImprove=11 updated=0
    [CG]   [DIAG] iter=2 posCols=17 newCols=17 effImprove=17 updated=0
    [CG] 列生成收敛，共 5 轮迭代
    [CG] [CG-NODE] depth=0 exit=CERTIFIED certified=1 feasible=1 iters=5 generatedColsBeforeNode=0 newCols=46 posCandidates=46 duplicateCandidates=0 updatedCols=0 zeroObjImproveIters=2 objFirst=142581745.899794 objLast=173292704.453835 objGain=30710958.554041 maxRC=59492590.408863 wallSec=0.009088 pricingSec=0.005382 cplexSolveSec=0.001752
    [CG] CG iter 5: obj=173512624.610797, maxRC=12258.795342, +1 cols
    [CG]   [DIAG] iter=5 posCols=1 newCols=1 effImprove=1 updated=0
      [BB] 根节点即为整数解，obj=173292704.453835
    [CG] CG iter 4: obj=169667718.548697, maxRC=4120549.102980, +5 cols
    [CG]   [DIAG] iter=4 posCols=5 newCols=5 effImprove=5 updated=0
    [CG] CG iter 3: obj=166499596.491043, maxRC=6222528.539720, +12 cols
    [CG]   [DIAG] iter=3 posCols=12 newCols=12 effImprove=12 updated=0
    [CG] 列生成收敛，共 6 轮迭代
    [CG] [CG-NODE] depth=0 exit=CERTIFIED certified=1 feasible=1 iters=6 generatedColsBeforeNode=0 newCols=58 posCandidates=58 duplicateCandidates=0 updatedCols=0 zeroObjImproveIters=1 objFirst=142350804.339230 objLast=173512624.610797 objGain=31161820.271567 maxRC=59480298.932207 wallSec=0.018240 pricingSec=0.012215 cplexSolveSec=0.003236
    [CG] CG iter 4: obj=173131476.221409, maxRC=1282327.248176, +4 cols
    [CG]   [DIAG] iter=4 posCols=4 newCols=4 effImprove=4 updated=0
    [CG] 列生成收敛，共 5 轮迭代
    [CG] [CG-NODE] depth=0 exit=CERTIFIED certified=1 feasible=1 iters=5 generatedColsBeforeNode=0 newCols=56 posCandidates=56 duplicateCandidates=0 updatedCols=0 zeroObjImproveIters=0 objFirst=143208150.764443 objLast=173886136.875021 objGain=30677986.110578 maxRC=59519752.493170 wallSec=0.011066 pricingSec=0.007341 cplexSolveSec=0.001941
      [BB] 根节点即为整数解，obj=173512624.610797
      [BB] 根节点即为整数解，obj=173886136.875021
    [CG] CG iter 4: obj=169133884.224147, maxRC=4037329.176960, +5 cols
    [CG]   [DIAG] iter=4 posCols=5 newCols=5 effImprove=5 updated=0
    [CG] CG iter 1: obj=143079382.128088, maxRC=59510373.130750, +23 cols
    [CG] CG iter 3: obj=167017669.397730, maxRC=6256358.171712, +12 cols
    [CG]   [DIAG] iter=1 posCols=23 newCols=23 effImprove=23 updated=0
    [CG]   [DIAG] iter=3 posCols=12 newCols=12 effImprove=12 updated=0
    [CG] 列生成收敛，共 5 轮迭代
    [CG] [CG-NODE] depth=0 exit=CERTIFIED certified=1 feasible=1 iters=5 generatedColsBeforeNode=0 newCols=57 posCandidates=57 duplicateCandidates=0 updatedCols=0 zeroObjImproveIters=0 objFirst=142622322.714508 objLast=173393734.967698 objGain=30771412.253190 maxRC=59486400.561268 wallSec=0.010308 pricingSec=0.006940 cplexSolveSec=0.001712
    [CG] CG iter 5: obj=173131476.221409, maxRC=730302.031401, +4 cols
    [CG]   [DIAG] iter=5 posCols=4 newCols=4 effImprove=4 updated=0
      [BB] 根节点即为整数解，obj=173393734.967698
    [CG] CG iter 2: obj=160594567.002680, maxRC=10622205.981626, +17 cols
    [CG]   [DIAG] iter=2 posCols=17 newCols=17 effImprove=17 updated=0
    [CG] 列生成收敛，共 6 轮迭代
    [CG] CG iter 4: obj=169713183.526990, maxRC=4141299.739535, +5 cols
    [CG] [CG-NODE] depth=0 exit=CERTIFIED certified=1 feasible=1 iters=6 generatedColsBeforeNode=0 newCols=59 posCandidates=59 duplicateCandidates=0 updatedCols=0 zeroObjImproveIters=1 objFirst=142357659.831075 objLast=173356058.946278 objGain=30998399.115202 maxRC=59498963.954434 wallSec=0.012622 pricingSec=0.008056 cplexSolveSec=0.002591
    [CG]   [DIAG] iter=4 posCols=5 newCols=5 effImprove=5 updated=0
    [CG] 列生成开始，初始列数=128
      [BB] 根节点即为整数解，obj=173356058.946278
    [CG] CG iter 3: obj=166982137.081067, maxRC=6254189.859275, +12 cols
    [CG]   [DIAG] iter=3 posCols=12 newCols=12 effImprove=12 updated=0
    [CG] 列生成收敛，共 5 轮迭代
    [CG] [CG-NODE] depth=0 exit=CERTIFIED certified=1 feasible=1 iters=5 generatedColsBeforeNode=0 newCols=57 posCandidates=57 duplicateCandidates=0 updatedCols=0 zeroObjImproveIters=0 objFirst=143252696.278920 objLast=173931582.285971 objGain=30678886.007051 maxRC=59519752.128890 wallSec=0.015352 pricingSec=0.010348 cplexSolveSec=0.002626
    [CG] CG iter 4: obj=169678578.082703, maxRC=4139290.099991, +5 cols
    [CG]   [DIAG] iter=4 posCols=5 newCols=5 effImprove=5 updated=0
      [BB] 根节点即为整数解，obj=173931582.285971
    [CG] 列生成收敛，共 5 轮迭代
    [CG] [CG-NODE] depth=0 exit=CERTIFIED certified=1 feasible=1 iters=5 generatedColsBeforeNode=0 newCols=57 posCandidates=57 duplicateCandidates=0 updatedCols=0 zeroObjImproveIters=0 objFirst=143079382.128088 objLast=173898938.908641 objGain=30819556.780554 maxRC=59510373.130750 wallSec=0.012366 pricingSec=0.008108 cplexSolveSec=0.001992
      [BB] 根节点即为整数解，obj=173898938.908641
    [CG] 列生成开始，初始列数=128
    [CG] 列生成开始，初始列数=128
    [CG] 列生成开始，初始列数=128
    [CG] 列生成开始，初始列数=128
    [CG] 列生成开始，初始列数=128
    [CG] 列生成开始，初始列数=128
    [CG] CG iter 1: obj=143214641.549042, maxRC=59507983.010005, +23 cols
    [CG]   [DIAG] iter=1 posCols=23 newCols=23 effImprove=23 updated=0
    [CG] CG iter 1: obj=142352506.519805, maxRC=59513894.439822, +23 cols
    [CG]   [DIAG] iter=1 posCols=23 newCols=23 effImprove=23 updated=0
    [CG] CG iter 2: obj=160583644.199606, maxRC=10633531.500887, +17 cols
    [CG]   [DIAG] iter=2 posCols=17 newCols=17 effImprove=17 updated=0
    [CG] CG iter 1: obj=142329929.741338, maxRC=59288811.749337, +23 cols
    [CG]   [DIAG] iter=1 posCols=23 newCols=23 effImprove=23 updated=0
    [CG] CG iter 3: obj=166968434.279314, maxRC=6252048.940516, +12 cols
    [CG]   [DIAG] iter=3 posCols=12 newCols=12 effImprove=12 updated=0
    [CG] CG iter 2: obj=160223664.734119, maxRC=9282220.235676, +17 cols
    [CG]   [DIAG] iter=2 posCols=17 newCols=17 effImprove=17 updated=0
    [CG] CG iter 4: obj=169668959.495222, maxRC=4140904.154121, +5 cols
    [CG]   [DIAG] iter=4 posCols=5 newCols=5 effImprove=5 updated=0
    [CG] CG iter 2: obj=160095899.955386, maxRC=10486444.462980, +16 cols
    [CG]   [DIAG] iter=2 posCols=16 newCols=16 effImprove=16 updated=0
    [CG] 列生成收敛，共 5 轮迭代
    [CG] [CG-NODE] depth=0 exit=CERTIFIED certified=1 feasible=1 iters=5 generatedColsBeforeNode=0 newCols=57 posCandidates=57 duplicateCandidates=0 updatedCols=0 zeroObjImproveIters=0 objFirst=143214641.549042 objLast=173883747.180604 objGain=30669105.631562 maxRC=59507983.010005 wallSec=0.008394 pricingSec=0.005535 cplexSolveSec=0.001419
    [CG] CG iter 3: obj=173364898.621722, maxRC=1463217.572976, +2 cols
      [BB] 根节点即为整数解，obj=173883747.180604
    [CG]   [DIAG] iter=3 posCols=2 newCols=2 effImprove=2 updated=0
    [CG] CG iter 3: obj=163970762.785194, maxRC=5117713.057641, +14 cols
    [CG]   [DIAG] iter=3 posCols=14 newCols=14 effImprove=14 updated=0
    [CG] CG iter 4: obj=173364898.621722, maxRC=305322.766093, +4 cols
    [CG]   [DIAG] iter=4 posCols=4 newCols=4 effImprove=4 updated=0
    [CG] CG iter 4: obj=173297011.464648, maxRC=2671588.513078, +6 cols
    [CG]   [DIAG] iter=4 posCols=6 newCols=6 effImprove=6 updated=0
    [CG] CG iter 1: obj=143012792.051223, maxRC=59508629.421287, +23 cols
    [CG]   [DIAG] iter=1 posCols=23 newCols=23 effImprove=23 updated=0
    [CG] CG iter 5: obj=173297011.464648, maxRC=526440.292118, +1 cols
    [CG]   [DIAG] iter=5 posCols=1 newCols=1 effImprove=1 updated=0
    [CG] 列生成收敛，共 5 轮迭代
    [CG] [CG-NODE] depth=0 exit=CERTIFIED certified=1 feasible=1 iters=5 generatedColsBeforeNode=0 newCols=46 posCandidates=46 duplicateCandidates=0 updatedCols=0 zeroObjImproveIters=2 objFirst=142352506.519805 objLast=173364898.621722 objGain=31012392.101917 maxRC=59513894.439822 wallSec=0.014172 pricingSec=0.009846 cplexSolveSec=0.002175
      [BB] 根节点即为整数解，obj=173364898.621722
    [CG] 列生成收敛，共 6 轮迭代
    [CG] [CG-NODE] depth=0 exit=CERTIFIED certified=1 feasible=1 iters=6 generatedColsBeforeNode=0 newCols=60 posCandidates=60 duplicateCandidates=0 updatedCols=0 zeroObjImproveIters=2 objFirst=142329929.741338 objLast=173297011.464648 objGain=30967081.723310 maxRC=59288811.749337 wallSec=0.008547 pricingSec=0.004518 cplexSolveSec=0.002044
      [BB] 根节点即为整数解，obj=173297011.464648
    [CG] CG iter 1: obj=142936258.288930, maxRC=59414099.553003, +23 cols
    [CG] CG iter 2: obj=160583671.658238, maxRC=10678964.429746, +17 cols
    [CG]   [DIAG] iter=2 posCols=17 newCols=17 effImprove=17 updated=0
    [CG]   [DIAG] iter=1 posCols=23 newCols=23 effImprove=23 updated=0
    [CG] CG iter 3: obj=166951371.827934, maxRC=6248057.548736, +12 cols
    [CG]   [DIAG] iter=3 posCols=12 newCols=12 effImprove=12 updated=0
    [CG] CG iter 2: obj=160225263.416622, maxRC=10558143.178571, +17 cols
    [CG]   [DIAG] iter=2 posCols=17 newCols=17 effImprove=17 updated=0
    [CG] CG iter 4: obj=169657773.490978, maxRC=4125862.760127, +5 cols
    [CG]   [DIAG] iter=4 posCols=5 newCols=5 effImprove=5 updated=0
    [CG] 列生成收敛，共 5 轮迭代
    [CG] [CG-NODE] depth=0 exit=CERTIFIED certified=1 feasible=1 iters=5 generatedColsBeforeNode=0 newCols=57 posCandidates=57 duplicateCandidates=0 updatedCols=0 zeroObjImproveIters=0 objFirst=143012792.051223 objLast=173859277.654682 objGain=30846485.603458 maxRC=59508629.421287 wallSec=0.008107 pricingSec=0.005244 cplexSolveSec=0.001462
      [BB] 根节点即为整数解，obj=173859277.654682
    [CG] CG iter 3: obj=166609057.456527, maxRC=6251168.690000, +12 cols
    [CG]   [DIAG] iter=3 posCols=12 newCols=12 effImprove=12 updated=0
    [CG] CG iter 4: obj=169303270.890894, maxRC=4169876.305747, +5 cols
    [CG]   [DIAG] iter=4 posCols=5 newCols=5 effImprove=5 updated=0
    [CG] 列生成收敛，共 5 轮迭代
    [CG] [CG-NODE] depth=0 exit=CERTIFIED certified=1 feasible=1 iters=5 generatedColsBeforeNode=0 newCols=57 posCandidates=57 duplicateCandidates=0 updatedCols=0 zeroObjImproveIters=0 objFirst=142936258.288930 objLast=173536501.879769 objGain=30600243.590839 maxRC=59414099.553003 wallSec=0.012278 pricingSec=0.007818 cplexSolveSec=0.002265
      [BB] 根节点即为整数解，obj=173536501.879769
    [CG] CG iter 1: obj=142640036.159977, maxRC=59519752.128890, +23 cols
    [CG] CG iter 1: obj=142300298.087890, maxRC=59498955.766311, +23 cols
    [CG]   [DIAG] iter=1 posCols=23 newCols=23 effImprove=23 updated=0
    [CG]   [DIAG] iter=1 posCols=23 newCols=23 effImprove=23 updated=0
    [CG] CG iter 2: obj=160433922.069582, maxRC=9473918.942165, +17 cols
    [CG] CG iter 2: obj=159715434.350740, maxRC=10609649.105761, +17 cols
    [CG]   [DIAG] iter=2 posCols=17 newCols=17 effImprove=17 updated=0
    [CG]   [DIAG] iter=2 posCols=17 newCols=17 effImprove=17 updated=0
    [CG] CG iter 1: obj=142960442.364691, maxRC=59480298.932207, +23 cols
    [CG]   [DIAG] iter=1 posCols=23 newCols=23 effImprove=23 updated=0
    [CG] CG iter 3: obj=166240220.923855, maxRC=8054777.661930, +13 cols
    [CG]   [DIAG] iter=3 posCols=13 newCols=13 effImprove=13 updated=0
    [CG] CG iter 3: obj=166001928.036734, maxRC=6213961.844354, +12 cols
    [CG]   [DIAG] iter=3 posCols=12 newCols=12 effImprove=12 updated=0
    [CG] CG iter 4: obj=171909854.370880, maxRC=4233036.774850, +4 cols
    [CG]   [DIAG] iter=4 posCols=4 newCols=4 effImprove=4 updated=0
    [CG] CG iter 2: obj=160495760.904556, maxRC=10646899.861364, +17 cols
    [CG] CG iter 4: obj=168659030.276372, maxRC=4058134.828514, +5 cols
    [CG]   [DIAG] iter=4 posCols=5 newCols=5 effImprove=5 updated=0
    [CG]   [DIAG] iter=2 posCols=17 newCols=17 effImprove=17 updated=0
    [CG] CG iter 5: obj=173564555.096015, maxRC=18573.622726, +1 cols
    [CG]   [DIAG] iter=5 posCols=1 newCols=1 effImprove=1 updated=0
    [CG] 列生成收敛，共 5 轮迭代
    [CG] [CG-NODE] depth=0 exit=CERTIFIED certified=1 feasible=1 iters=5 generatedColsBeforeNode=0 newCols=57 posCandidates=57 duplicateCandidates=0 updatedCols=0 zeroObjImproveIters=0 objFirst=142300298.087890 objLast=172918110.687503 objGain=30617812.599614 maxRC=59498955.766311 wallSec=0.014577 pricingSec=0.009972 cplexSolveSec=0.002389
      [BB] 根节点即为整数解，obj=172918110.687503
    [CG] 列生成收敛，共 6 轮迭代
    [CG] [CG-NODE] depth=0 exit=CERTIFIED certified=1 feasible=1 iters=6 generatedColsBeforeNode=0 newCols=58 posCandidates=58 duplicateCandidates=0 updatedCols=0 zeroObjImproveIters=1 objFirst=142640036.159977 objLast=173564555.096015 objGain=30924518.936038 maxRC=59519752.128890 wallSec=0.016817 pricingSec=0.010689 cplexSolveSec=0.003062
    [CG] CG iter 3: obj=166875654.545169, maxRC=6250575.773919, +12 cols
      [BB] 根节点即为整数解，obj=173564555.096015
    [CG]   [DIAG] iter=3 posCols=12 newCols=12 effImprove=12 updated=0
    [CG] CG iter 4: obj=169582173.111995, maxRC=4144085.530070, +5 cols
    [CG]   [DIAG] iter=4 posCols=5 newCols=5 effImprove=5 updated=0
    [CG] 列生成收敛，共 5 轮迭代
    [CG] [CG-NODE] depth=0 exit=CERTIFIED certified=1 feasible=1 iters=5 generatedColsBeforeNode=0 newCols=57 posCandidates=57 duplicateCandidates=0 updatedCols=0 zeroObjImproveIters=0 objFirst=142960442.364691 objLast=173789521.895652 objGain=30829079.530961 maxRC=59480298.932207 wallSec=0.017272 pricingSec=0.011801 cplexSolveSec=0.002596
      [BB] 根节点即为整数解，obj=173789521.895652
[GA] 代数 3: Best=173966640.23, Avg=173605692.08, Worst=172946996.37, Valid=30/30, 耗时=0.05s (连续3代未提升)
  ├─ 求解: 30 个体 fork 并行 | CG迭代=126 加列=1348 BB分支=0
  ├─ 并行墙钟=0.0534s | 串行等效(ΣBP)=0.3374s | 加速比=6.32x
  ├─ 管理开销=-0.2841s (fork=0.0039 wait=0.0490 merge=0.0004)
  └─ CG明细: gen_logs/run_gen3_ind{0..29}.log
    [CG] 列生成开始，初始列数=128
    [CG] 列生成开始，初始列数=128
    [CG] 列生成开始，初始列数=128
    [CG] 列生成开始，初始列数=128
    [CG] 列生成开始，初始列数=128
    [CG] 列生成开始，初始列数=128
    [CG] 列生成开始，初始列数=128
    [CG] 列生成开始，初始列数=128
    [CG] CG iter 1: obj=143147361.881935, maxRC=59516647.127889, +23 cols
    [CG]   [DIAG] iter=1 posCols=23 newCols=23 effImprove=23 updated=0
    [CG] CG iter 1: obj=143234971.698849, maxRC=59519752.128890, +23 cols
    [CG]   [DIAG] iter=1 posCols=23 newCols=23 effImprove=23 updated=0
    [CG] CG iter 1: obj=142793738.661153, maxRC=59371914.569483, +23 cols
    [CG]   [DIAG] iter=1 posCols=23 newCols=23 effImprove=23 updated=0
    [CG] CG iter 1: obj=142298190.662301, maxRC=59510570.390201, +23 cols
    [CG] CG iter 2: obj=160615639.847140, maxRC=10622221.960574, +17 cols
    [CG]   [DIAG] iter=2 posCols=17 newCols=17 effImprove=17 updated=0
    [CG]   [DIAG] iter=1 posCols=23 newCols=23 effImprove=23 updated=0
    [CG] CG iter 2: obj=160607865.445992, maxRC=10641227.865490, +17 cols
    [CG]   [DIAG] iter=2 posCols=17 newCols=17 effImprove=17 updated=0
    [CG] CG iter 2: obj=160161815.785528, maxRC=10532847.585728, +17 cols
    [CG]   [DIAG] iter=2 posCols=17 newCols=17 effImprove=17 updated=0
    [CG] CG iter 3: obj=167010157.177541, maxRC=6255401.830986, +12 cols
    [CG]   [DIAG] iter=3 posCols=12 newCols=12 effImprove=12 updated=0
    [CG] CG iter 2: obj=160224355.697755, maxRC=10206355.931105, +17 cols
    [CG] CG iter 3: obj=166993601.684934, maxRC=6253254.063300, +12 cols
    [CG]   [DIAG] iter=3 posCols=12 newCols=12 effImprove=12 updated=0
    [CG]   [DIAG] iter=2 posCols=17 newCols=17 effImprove=17 updated=0
    [CG] CG iter 3: obj=166573943.761493, maxRC=6258950.675026, +12 cols
    [CG] CG iter 4: obj=169708691.930203, maxRC=4144545.602540, +5 cols
    [CG]   [DIAG] iter=3 posCols=12 newCols=12 effImprove=12 updated=0
    [CG]   [DIAG] iter=4 posCols=5 newCols=5 effImprove=5 updated=0
    [CG] CG iter 4: obj=169695332.023625, maxRC=4138463.197877, +5 cols
    [CG]   [DIAG] iter=4 posCols=5 newCols=5 effImprove=5 updated=0
    [CG] CG iter 3: obj=169752872.571017, maxRC=3448927.407120, +11 cols
    [CG]   [DIAG] iter=3 posCols=11 newCols=11 effImprove=11 updated=0
    [CG] 列生成收敛，共 5 轮迭代
    [CG] 列生成收敛，共 5 轮迭代
    [CG] [CG-NODE] depth=0 exit=CERTIFIED certified=1 feasible=1 iters=5 generatedColsBeforeNode=0 newCols=57 posCandidates=57 duplicateCandidates=0 updatedCols=0 zeroObjImproveIters=0 objFirst=143147361.881935 objLast=173927142.565508 objGain=30779780.683573 maxRC=59516647.127889 wallSec=0.009305 pricingSec=0.006164 cplexSolveSec=0.001658
    [CG] [CG-NODE] depth=0 exit=CERTIFIED certified=1 feasible=1 iters=5 generatedColsBeforeNode=0 newCols=57 posCandidates=57 duplicateCandidates=0 updatedCols=0 zeroObjImproveIters=0 objFirst=143234971.698849 objLast=173908375.918779 objGain=30673404.219930 maxRC=59519752.128890 wallSec=0.009797 pricingSec=0.006358 cplexSolveSec=0.001761
    [CG] CG iter 4: obj=169275150.299777, maxRC=4203596.781086, +5 cols
    [CG]   [DIAG] iter=4 posCols=5 newCols=5 effImprove=5 updated=0
      [BB] 根节点即为整数解，obj=173908375.918779
      [BB] 根节点即为整数解，obj=173927142.565508
    [CG] CG iter 4: obj=173133546.623956, maxRC=1288928.204064, +5 cols
    [CG]   [DIAG] iter=4 posCols=5 newCols=5 effImprove=5 updated=0
    [CG] 列生成收敛，共 5 轮迭代
    [CG] [CG-NODE] depth=0 exit=CERTIFIED certified=1 feasible=1 iters=5 generatedColsBeforeNode=0 newCols=57 posCandidates=57 duplicateCandidates=0 updatedCols=0 zeroObjImproveIters=0 objFirst=142793738.661153 objLast=173504792.673922 objGain=30711054.012768 maxRC=59371914.569483 wallSec=0.009884 pricingSec=0.006367 cplexSolveSec=0.001805
      [BB] 根节点即为整数解，obj=173504792.673922
    [CG] CG iter 5: obj=173133546.623956, maxRC=1042480.660271, +5 cols
    [CG]   [DIAG] iter=5 posCols=5 newCols=5 effImprove=5 updated=0
    [CG] 列生成收敛，共 6 轮迭代
    [CG] [CG-NODE] depth=0 exit=CERTIFIED certified=1 feasible=1 iters=6 generatedColsBeforeNode=0 newCols=61 posCandidates=61 duplicateCandidates=0 updatedCols=0 zeroObjImproveIters=1 objFirst=142298190.662301 objLast=173365589.585357 objGain=31067398.923056 maxRC=59510570.390201 wallSec=0.010386 pricingSec=0.006754 cplexSolveSec=0.001966
      [BB] 根节点即为整数解，obj=173365589.585357
    [CG] 列生成开始，初始列数=128
    [CG] 列生成开始，初始列数=128
    [CG] 列生成开始，初始列数=128
    [CG] 列生成开始，初始列数=128
    [CG] CG iter 1: obj=143045606.315068, maxRC=59516957.238947, +23 cols
    [CG] CG iter 1: obj=142828545.300794, maxRC=59360783.182749, +23 cols
    [CG]   [DIAG] iter=1 posCols=23 newCols=23 effImprove=23 updated=0
    [CG]   [DIAG] iter=1 posCols=23 newCols=23 effImprove=23 updated=0
    [CG] CG iter 1: obj=142711273.012270, maxRC=59403281.873867, +23 cols
    [CG]   [DIAG] iter=1 posCols=23 newCols=23 effImprove=23 updated=0
    [CG] CG iter 2: obj=160351641.572551, maxRC=10532883.007568, +17 cols
    [CG]   [DIAG] iter=2 posCols=17 newCols=17 effImprove=17 updated=0
    [CG] CG iter 2: obj=160490743.346454, maxRC=10699541.541937, +17 cols
    [CG]   [DIAG] iter=2 posCols=17 newCols=17 effImprove=17 updated=0
    [CG] CG iter 3: obj=166762415.613604, maxRC=6258502.527623, +12 cols
    [CG]   [DIAG] iter=3 posCols=12 newCols=12 effImprove=12 updated=0
    [CG] CG iter 2: obj=160255074.882268, maxRC=10556511.455993, +17 cols
    [CG]   [DIAG] iter=2 posCols=17 newCols=17 effImprove=17 updated=0
    [CG] CG iter 4: obj=169463472.929365, maxRC=4203330.843371, +5 cols
    [CG]   [DIAG] iter=4 posCols=5 newCols=5 effImprove=5 updated=0
    [CG] 列生成收敛，共 5 轮迭代
    [CG] [CG-NODE] depth=0 exit=CERTIFIED certified=1 feasible=1 iters=5 generatedColsBeforeNode=0 newCols=57 posCandidates=57 duplicateCandidates=0 updatedCols=0 zeroObjImproveIters=0 objFirst=142828545.300794 objLast=173693181.642231 objGain=30864636.341437 maxRC=59360783.182749 wallSec=0.015849 pricingSec=0.011430 cplexSolveSec=0.002111
    [CG] CG iter 1: obj=142705915.515430, maxRC=59518349.698147, +23 cols
    [CG]   [DIAG] iter=1 posCols=23 newCols=23 effImprove=23 updated=0
    [CG] CG iter 3: obj=166822886.432009, maxRC=6235415.752503, +12 cols
    [CG] CG iter 1: obj=142672576.959102, maxRC=59480298.932207, +23 cols
      [BB] 根节点即为整数解，obj=173693181.642231
    [CG]   [DIAG] iter=3 posCols=12 newCols=12 effImprove=12 updated=0
    [CG]   [DIAG] iter=1 posCols=23 newCols=23 effImprove=23 updated=0
    [CG] CG iter 3: obj=166640261.358407, maxRC=6251656.584491, +12 cols
    [CG]   [DIAG] iter=3 posCols=12 newCols=12 effImprove=12 updated=0
    [CG] CG iter 2: obj=160368556.984551, maxRC=9267655.733904, +17 cols
    [CG]   [DIAG] iter=2 posCols=17 newCols=17 effImprove=17 updated=0
    [CG] CG iter 2: obj=160364749.244207, maxRC=10604783.815385, +17 cols
    [CG]   [DIAG] iter=2 posCols=17 newCols=17 effImprove=17 updated=0
    [CG] CG iter 4: obj=169523206.246217, maxRC=4097684.710109, +7 cols
    [CG]   [DIAG] iter=4 posCols=7 newCols=7 effImprove=7 updated=0
    [CG] CG iter 3: obj=173594324.422048, maxRC=1413255.446269, +7 cols
    [CG]   [DIAG] iter=3 posCols=7 newCols=7 effImprove=7 updated=0
    [CG] CG iter 1: obj=143255077.105466, maxRC=59519752.128890, +23 cols
    [CG]   [DIAG] iter=1 posCols=23 newCols=23 effImprove=23 updated=0
    [CG] CG iter 4: obj=169334944.578198, maxRC=4171854.944824, +5 cols
    [CG]   [DIAG] iter=4 posCols=5 newCols=5 effImprove=5 updated=0
    [CG] CG iter 1: obj=142483880.472143, maxRC=59414099.553003, +23 cols
    [CG] CG iter 4: obj=173594324.422048, maxRC=104504.747362, +2 cols
    [CG]   [DIAG] iter=4 posCols=2 newCols=2 effImprove=2 updated=0
    [CG] CG iter 3: obj=166619746.604268, maxRC=5806063.794869, +10 cols
    [CG]   [DIAG] iter=3 posCols=10 newCols=10 effImprove=10 updated=0
    [CG]   [DIAG] iter=1 posCols=23 newCols=23 effImprove=23 updated=0
    [CG] 列生成收敛，共 5 轮迭代
    [CG] [CG-NODE] depth=0 exit=CERTIFIED certified=1 feasible=1 iters=5 generatedColsBeforeNode=0 newCols=59 posCandidates=59 duplicateCandidates=0 updatedCols=0 zeroObjImproveIters=0 objFirst=143045606.315068 objLast=173727165.822722 objGain=30681559.507655 maxRC=59516957.238947 wallSec=0.017234 pricingSec=0.011860 cplexSolveSec=0.002814
    [CG] 列生成收敛，共 5 轮迭代
    [CG] [CG-NODE] depth=0 exit=CERTIFIED certified=1 feasible=1 iters=5 generatedColsBeforeNode=0 newCols=49 posCandidates=49 duplicateCandidates=0 updatedCols=0 zeroObjImproveIters=2 objFirst=142705915.515430 objLast=173594324.422048 objGain=30888408.906618 maxRC=59518349.698147 wallSec=0.007149 pricingSec=0.004555 cplexSolveSec=0.001287
    [CG] CG iter 2: obj=160623581.684387, maxRC=10623485.371715, +17 cols
      [BB] 根节点即为整数解，obj=173727165.822722
    [CG] 列生成收敛，共 5 轮迭代
    [CG]   [DIAG] iter=2 posCols=17 newCols=17 effImprove=17 updated=0
    [CG] [CG-NODE] depth=0 exit=CERTIFIED certified=1 feasible=1 iters=5 generatedColsBeforeNode=0 newCols=57 posCandidates=57 duplicateCandidates=0 updatedCols=0 zeroObjImproveIters=0 objFirst=142711273.012270 objLast=173568020.561131 objGain=30856747.548861 maxRC=59403281.873867 wallSec=0.018080 pricingSec=0.013195 cplexSolveSec=0.002580
    [CG] CG iter 4: obj=173501109.934206, maxRC=1138569.673703, +2 cols
    [CG]   [DIAG] iter=4 posCols=2 newCols=2 effImprove=2 updated=0
      [BB] 根节点即为整数解，obj=173594324.422048
      [BB] 根节点即为整数解，obj=173568020.561131
    [CG] 列生成收敛，共 5 轮迭代
    [CG] [CG-NODE] depth=0 exit=CERTIFIED certified=1 feasible=1 iters=5 generatedColsBeforeNode=0 newCols=52 posCandidates=52 duplicateCandidates=0 updatedCols=0 zeroObjImproveIters=0 objFirst=142672576.959102 objLast=173564380.072840 objGain=30891803.113738 maxRC=59480298.932207 wallSec=0.007368 pricingSec=0.004708 cplexSolveSec=0.001361
      [BB] 根节点即为整数解，obj=173564380.072840
    [CG] CG iter 3: obj=167017042.061038, maxRC=6255621.301301, +12 cols
    [CG]   [DIAG] iter=3 posCols=12 newCols=12 effImprove=12 updated=0
    [CG] 列生成开始，初始列数=128
    [CG] CG iter 2: obj=160002337.950384, maxRC=10744314.283047, +17 cols
    [CG]   [DIAG] iter=2 posCols=17 newCols=17 effImprove=17 updated=0
    [CG] CG iter 4: obj=169714804.061740, maxRC=4143240.918085, +5 cols
    [CG]   [DIAG] iter=4 posCols=5 newCols=5 effImprove=5 updated=0
    [CG] 列生成收敛，共 5 轮迭代
    [CG] [CG-NODE] depth=0 exit=CERTIFIED certified=1 feasible=1 iters=5 generatedColsBeforeNode=0 newCols=57 posCandidates=57 duplicateCandidates=0 updatedCols=0 zeroObjImproveIters=0 objFirst=143255077.105466 objLast=173933194.606266 objGain=30678117.500800 maxRC=59519752.128890 wallSec=0.007439 pricingSec=0.004697 cplexSolveSec=0.001392
      [BB] 根节点即为整数解，obj=173933194.606266
    [CG] 列生成开始，初始列数=128
    [CG] CG iter 3: obj=166178552.278690, maxRC=5659779.496173, +11 cols
    [CG] 列生成开始，初始列数=128
    [CG]   [DIAG] iter=3 posCols=11 newCols=11 effImprove=11 updated=0
    [CG] 列生成开始，初始列数=128
    [CG] CG iter 4: obj=172833327.246766, maxRC=1155248.987413, +3 cols
    [CG] 列生成开始，初始列数=128
    [CG]   [DIAG] iter=4 posCols=3 newCols=3 effImprove=3 updated=0
    [CG] 列生成开始，初始列数=128
    [CG] 列生成收敛，共 5 轮迭代
    [CG] [CG-NODE] depth=0 exit=CERTIFIED certified=1 feasible=1 iters=5 generatedColsBeforeNode=0 newCols=54 posCandidates=54 duplicateCandidates=0 updatedCols=0 zeroObjImproveIters=0 objFirst=142483880.472143 objLast=172993580.762275 objGain=30509700.290132 maxRC=59414099.553003 wallSec=0.021669 pricingSec=0.016560 cplexSolveSec=0.002575
      [BB] 根节点即为整数解，obj=172993580.762275
    [CG] CG iter 1: obj=142893109.749651, maxRC=59414099.553003, +23 cols
    [CG] CG iter 1: obj=142578736.112833, maxRC=59492590.408863, +23 cols
    [CG]   [DIAG] iter=1 posCols=23 newCols=23 effImprove=23 updated=0
    [CG]   [DIAG] iter=1 posCols=23 newCols=23 effImprove=23 updated=0
    [CG] 列生成开始，初始列数=128
    [CG] CG iter 2: obj=160286163.934550, maxRC=10558143.178571, +17 cols
    [CG]   [DIAG] iter=2 posCols=17 newCols=17 effImprove=17 updated=0
    [CG] CG iter 2: obj=160231284.860413, maxRC=10798521.956750, +17 cols
    [CG]   [DIAG] iter=2 posCols=17 newCols=17 effImprove=17 updated=0
    [CG] CG iter 1: obj=143079425.228547, maxRC=59510373.130750, +23 cols
    [CG]   [DIAG] iter=1 posCols=23 newCols=23 effImprove=23 updated=0
    [CG] CG iter 1: obj=142899509.510247, maxRC=59518325.011962, +23 cols
    [CG] CG iter 3: obj=166694520.398071, maxRC=6261018.705233, +12 cols
    [CG] CG iter 3: obj=166437312.852701, maxRC=5696048.231316, +11 cols
    [CG]   [DIAG] iter=3 posCols=12 newCols=12 effImprove=12 updated=0
    [CG]   [DIAG] iter=3 posCols=11 newCols=11 effImprove=11 updated=0
    [CG]   [DIAG] iter=1 posCols=23 newCols=23 effImprove=23 updated=0
    [CG] CG iter 4: obj=173136046.372212, maxRC=1155248.987413, +3 cols
    [CG]   [DIAG] iter=4 posCols=3 newCols=3 effImprove=3 updated=0
    [CG] CG iter 4: obj=169399584.162078, maxRC=4191499.555945, +5 cols
    [CG]   [DIAG] iter=4 posCols=5 newCols=5 effImprove=5 updated=0
    [CG] CG iter 2: obj=160333862.275399, maxRC=10697372.366828, +17 cols
    [CG]   [DIAG] iter=2 posCols=17 newCols=17 effImprove=17 updated=0
    [CG] 列生成收敛，共 5 轮迭代
    [CG] [CG-NODE] depth=0 exit=CERTIFIED certified=1 feasible=1 iters=5 generatedColsBeforeNode=0 newCols=54 posCandidates=54 duplicateCandidates=0 updatedCols=0 zeroObjImproveIters=0 objFirst=142578736.112833 objLast=173288610.071429 objGain=30709873.958596 maxRC=59492590.408863 wallSec=0.006367 pricingSec=0.004071 cplexSolveSec=0.001211
    [CG] 列生成收敛，共 5 轮迭代
    [CG] [CG-NODE] depth=0 exit=CERTIFIED certified=1 feasible=1 iters=5 generatedColsBeforeNode=0 newCols=57 posCandidates=57 duplicateCandidates=0 updatedCols=0 zeroObjImproveIters=0 objFirst=142893109.749651 objLast=173624186.592229 objGain=30731076.842578 maxRC=59414099.553003 wallSec=0.006659 pricingSec=0.004215 cplexSolveSec=0.001323
      [BB] 根节点即为整数解，obj=173288610.071429
      [BB] 根节点即为整数解，obj=173624186.592229
    [CG] CG iter 2: obj=160594567.002680, maxRC=10622205.981626, +17 cols
    [CG]   [DIAG] iter=2 posCols=17 newCols=17 effImprove=17 updated=0
    [CG] CG iter 3: obj=166688940.517585, maxRC=6244983.386897, +12 cols
    [CG]   [DIAG] iter=3 posCols=12 newCols=12 effImprove=12 updated=0
    [CG] CG iter 1: obj=142291273.400966, maxRC=59492177.611268, +23 cols
    [CG]   [DIAG] iter=1 posCols=23 newCols=23 effImprove=23 updated=0
    [CG] CG iter 4: obj=169397824.585681, maxRC=4117194.801754, +7 cols
    [CG]   [DIAG] iter=4 posCols=7 newCols=7 effImprove=7 updated=0
    [CG] CG iter 1: obj=143207946.315796, maxRC=59516957.238947, +23 cols
    [CG]   [DIAG] iter=1 posCols=23 newCols=23 effImprove=23 updated=0
    [CG] 列生成收敛，共 5 轮迭代
    [CG] [CG-NODE] depth=0 exit=CERTIFIED certified=1 feasible=1 iters=5 generatedColsBeforeNode=0 newCols=59 posCandidates=59 duplicateCandidates=0 updatedCols=0 zeroObjImproveIters=0 objFirst=142899509.510247 objLast=173594865.496368 objGain=30695355.986121 maxRC=59518325.011962 wallSec=0.006520 pricingSec=0.004300 cplexSolveSec=0.001177
    [CG] CG iter 3: obj=166982158.631297, maxRC=6254182.030916, +12 cols
      [BB] 根节点即为整数解，obj=173594865.496368
    [CG]   [DIAG] iter=3 posCols=12 newCols=12 effImprove=12 updated=0
    [CG] CG iter 2: obj=160046951.282679, maxRC=6884220.833262, +15 cols
    [CG] 列生成开始，初始列数=128
    [CG]   [DIAG] iter=2 posCols=15 newCols=15 effImprove=15 updated=0
    [CG] CG iter 1: obj=142831660.428608, maxRC=59360783.182749, +23 cols
    [CG] CG iter 2: obj=160600861.044214, maxRC=10622360.824121, +17 cols
    [CG]   [DIAG] iter=2 posCols=17 newCols=17 effImprove=17 updated=0
    [CG]   [DIAG] iter=1 posCols=23 newCols=23 effImprove=23 updated=0
    [CG] CG iter 3: obj=173077548.391386, maxRC=2325057.131548, +6 cols
    [CG]   [DIAG] iter=3 posCols=6 newCols=6 effImprove=6 updated=0
    [CG] CG iter 4: obj=169678621.183163, maxRC=4139308.267214, +5 cols
    [CG]   [DIAG] iter=4 posCols=5 newCols=5 effImprove=5 updated=0
    [CG] 列生成开始，初始列数=128
    [CG] CG iter 4: obj=173077548.391386, maxRC=149608.282688, +2 cols
    [CG]   [DIAG] iter=4 posCols=2 newCols=2 effImprove=2 updated=0
    [CG] CG iter 3: obj=166986757.173027, maxRC=6251864.936879, +12 cols
    [CG]   [DIAG] iter=3 posCols=12 newCols=12 effImprove=12 updated=0
    [CG] 列生成收敛，共 5 轮迭代
    [CG] [CG-NODE] depth=0 exit=CERTIFIED certified=1 feasible=1 iters=5 generatedColsBeforeNode=0 newCols=57 posCandidates=57 duplicateCandidates=0 updatedCols=0 zeroObjImproveIters=0 objFirst=143079425.228547 objLast=173898982.009101 objGain=30819556.780554 maxRC=59510373.130750 wallSec=0.017205 pricingSec=0.012394 cplexSolveSec=0.002527
    [CG] 列生成收敛，共 5 轮迭代
    [CG] [CG-NODE] depth=0 exit=CERTIFIED certified=1 feasible=1 iters=5 generatedColsBeforeNode=0 newCols=46 posCandidates=46 duplicateCandidates=0 updatedCols=0 zeroObjImproveIters=2 objFirst=142291273.400966 objLast=173077548.391386 objGain=30786274.990420 maxRC=59492177.611268 wallSec=0.009485 pricingSec=0.006256 cplexSolveSec=0.001633
    [CG] 列生成开始，初始列数=128
      [BB] 根节点即为整数解，obj=173077548.391386
      [BB] 根节点即为整数解，obj=173898982.009101
    [CG] CG iter 4: obj=169681741.768751, maxRC=4136912.696958, +5 cols
    [CG]   [DIAG] iter=4 posCols=5 newCols=5 effImprove=5 updated=0
    [CG] 列生成收敛，共 5 轮迭代
    [CG] [CG-NODE] depth=0 exit=CERTIFIED certified=1 feasible=1 iters=5 generatedColsBeforeNode=0 newCols=57 posCandidates=57 duplicateCandidates=0 updatedCols=0 zeroObjImproveIters=0 objFirst=143207946.315796 objLast=173903222.817335 objGain=30695276.501539 maxRC=59516957.238947 wallSec=0.009902 pricingSec=0.006501 cplexSolveSec=0.001753
      [BB] 根节点即为整数解，obj=173903222.817335
    [CG] CG iter 2: obj=160351675.362489, maxRC=10532841.530133, +17 cols
    [CG]   [DIAG] iter=2 posCols=17 newCols=17 effImprove=17 updated=0
    [CG] CG iter 1: obj=143213527.234303, maxRC=59519752.128890, +23 cols
    [CG]   [DIAG] iter=1 posCols=23 newCols=23 effImprove=23 updated=0
    [CG] 列生成开始，初始列数=128
    [CG] CG iter 1: obj=143070835.120948, maxRC=59516957.238947, +23 cols
    [CG]   [DIAG] iter=1 posCols=23 newCols=23 effImprove=23 updated=0
    [CG] CG iter 2: obj=160606773.126824, maxRC=10623485.371715, +17 cols
    [CG] CG iter 3: obj=166763239.000586, maxRC=6258286.396750, +12 cols
    [CG]   [DIAG] iter=2 posCols=17 newCols=17 effImprove=17 updated=0
    [CG]   [DIAG] iter=3 posCols=12 newCols=12 effImprove=12 updated=0
    [CG] CG iter 2: obj=160503154.099114, maxRC=10742834.263991, +17 cols
    [CG]   [DIAG] iter=2 posCols=17 newCols=17 effImprove=17 updated=0
    [CG] CG iter 1: obj=142879675.336832, maxRC=59519832.925579, +23 cols
    [CG]   [DIAG] iter=1 posCols=23 newCols=23 effImprove=23 updated=0
    [CG] CG iter 3: obj=166993543.484948, maxRC=6255644.546332, +12 cols
    [CG]   [DIAG] iter=3 posCols=12 newCols=12 effImprove=12 updated=0
    [CG] CG iter 3: obj=166830604.018470, maxRC=6234682.138147, +12 cols
    [CG]   [DIAG] iter=3 posCols=12 newCols=12 effImprove=12 updated=0
    [CG] CG iter 4: obj=169465060.075065, maxRC=4203916.098004, +5 cols
    [CG]   [DIAG] iter=4 posCols=5 newCols=5 effImprove=5 updated=0
    [CG] CG iter 2: obj=160583328.960862, maxRC=9298582.266573, +17 cols
    [CG] CG iter 4: obj=169543471.753124, maxRC=4096923.332733, +7 cols
    [CG]   [DIAG] iter=2 posCols=17 newCols=17 effImprove=17 updated=0
    [CG]   [DIAG] iter=4 posCols=7 newCols=7 effImprove=7 updated=0
    [CG] CG iter 1: obj=142828203.587443, maxRC=59360783.182749, +23 cols
    [CG] CG iter 4: obj=169688343.988828, maxRC=4138011.261895, +5 cols
    [CG]   [DIAG] iter=4 posCols=5 newCols=5 effImprove=5 updated=0
    [CG]   [DIAG] iter=1 posCols=23 newCols=23 effImprove=23 updated=0
    [CG] CG iter 3: obj=173829570.045830, maxRC=1413255.446269, +5 cols
    [CG]   [DIAG] iter=3 posCols=5 newCols=5 effImprove=5 updated=0
    [CG] 列生成收敛，共 5 轮迭代
    [CG] [CG-NODE] depth=0 exit=CERTIFIED certified=1 feasible=1 iters=5 generatedColsBeforeNode=0 newCols=59 posCandidates=59 duplicateCandidates=0 updatedCols=0 zeroObjImproveIters=0 objFirst=143070835.120948 objLast=173728982.632917 objGain=30658147.511969 maxRC=59516957.238947 wallSec=0.006569 pricingSec=0.004181 cplexSolveSec=0.001289
      [BB] 根节点即为整数解，obj=173728982.632917
    [CG] 列生成收敛，共 5 轮迭代
    [CG] [CG-NODE] depth=0 exit=CERTIFIED certified=1 feasible=1 iters=5 generatedColsBeforeNode=0 newCols=57 posCandidates=57 duplicateCandidates=0 updatedCols=0 zeroObjImproveIters=0 objFirst=143213527.234303 objLast=173908051.160433 objGain=30694523.926130 maxRC=59519752.128890 wallSec=0.010841 pricingSec=0.007087 cplexSolveSec=0.001996
    [CG] CG iter 4: obj=173829570.045830, maxRC=501866.392532, +4 cols
    [CG]   [DIAG] iter=4 posCols=4 newCols=4 effImprove=4 updated=0
    [CG] 列生成收敛，共 5 轮迭代
    [CG] [CG-NODE] depth=0 exit=CERTIFIED certified=1 feasible=1 iters=5 generatedColsBeforeNode=0 newCols=57 posCandidates=57 duplicateCandidates=0 updatedCols=0 zeroObjImproveIters=0 objFirst=142831660.428608 objLast=173694781.120615 objGain=30863120.692007 maxRC=59360783.182749 wallSec=0.016278 pricingSec=0.010941 cplexSolveSec=0.003069
    [CG] CG iter 2: obj=160351392.803108, maxRC=10533189.754182, +17 cols
      [BB] 根节点即为整数解，obj=173908051.160433
    [CG]   [DIAG] iter=2 posCols=17 newCols=17 effImprove=17 updated=0
    [CG] 列生成收敛，共 5 轮迭代
    [CG] [CG-NODE] depth=0 exit=CERTIFIED certified=1 feasible=1 iters=5 generatedColsBeforeNode=0 newCols=49 posCandidates=49 duplicateCandidates=0 updatedCols=0 zeroObjImproveIters=2 objFirst=142879675.336832 objLast=173829570.045830 objGain=30949894.708998 maxRC=59519832.925579 wallSec=0.005921 pricingSec=0.003839 cplexSolveSec=0.001120
      [BB] 根节点即为整数解，obj=173694781.120615
      [BB] 根节点即为整数解，obj=173829570.045830
    [CG] CG iter 3: obj=166762024.834908, maxRC=6258460.209839, +12 cols
    [CG]   [DIAG] iter=3 posCols=12 newCols=12 effImprove=12 updated=0
    [CG] CG iter 4: obj=169463131.216014, maxRC=4203239.460243, +5 cols
    [CG]   [DIAG] iter=4 posCols=5 newCols=5 effImprove=5 updated=0
    [CG] 列生成收敛，共 5 轮迭代
    [CG] [CG-NODE] depth=0 exit=CERTIFIED certified=1 feasible=1 iters=5 generatedColsBeforeNode=0 newCols=57 posCandidates=57 duplicateCandidates=0 updatedCols=0 zeroObjImproveIters=0 objFirst=142828203.587443 objLast=173692748.545751 objGain=30864544.958308 maxRC=59360783.182749 wallSec=0.008074 pricingSec=0.005285 cplexSolveSec=0.001342
      [BB] 根节点即为整数解，obj=173692748.545751
    [CG] CG iter 1: obj=142918523.409471, maxRC=59480171.265502, +23 cols
    [CG]   [DIAG] iter=1 posCols=23 newCols=23 effImprove=23 updated=0
    [CG] CG iter 2: obj=160465384.632743, maxRC=10609209.410303, +17 cols
    [CG]   [DIAG] iter=2 posCols=17 newCols=17 effImprove=17 updated=0
    [CG] CG iter 3: obj=166836195.520931, maxRC=6246998.929755, +12 cols
    [CG]   [DIAG] iter=3 posCols=12 newCols=12 effImprove=12 updated=0
    [CG] CG iter 4: obj=169523654.542060, maxRC=4132507.420514, +5 cols
    [CG]   [DIAG] iter=4 posCols=5 newCols=5 effImprove=5 updated=0
    [CG] 列生成收敛，共 5 轮迭代
    [CG] [CG-NODE] depth=0 exit=CERTIFIED certified=1 feasible=1 iters=5 generatedColsBeforeNode=0 newCols=57 posCandidates=57 duplicateCandidates=0 updatedCols=0 zeroObjImproveIters=0 objFirst=142918523.409471 objLast=173750929.851986 objGain=30832406.442515 maxRC=59480171.265502 wallSec=0.012013 pricingSec=0.008051 cplexSolveSec=0.002163
      [BB] 根节点即为整数解，obj=173750929.851986
[GA] 代数 4: Best=173966640.23, Avg=173676767.43, Worst=173022466.45, Valid=30/30, 耗时=0.04s (连续4代未提升)
  ├─ 求解: 30 个体 fork 并行 | CG迭代=116 加列=1283 BB分支=0
  ├─ 并行墙钟=0.0437s | 串行等效(ΣBP)=0.2548s | 加速比=5.82x
  ├─ 管理开销=-0.2111s (fork=0.0032 wait=0.0402 merge=0.0003)
  └─ CG明细: gen_logs/run_gen4_ind{0..29}.log
    [CG] 列生成开始，初始列数=128
    [CG] 列生成开始，初始列数=128
    [CG] 列生成开始，初始列数=128
    [CG] 列生成开始，初始列数=128
    [CG] 列生成开始，初始列数=128
    [CG] 列生成开始，初始列数=128
    [CG] 列生成开始，初始列数=128
    [CG] 列生成开始，初始列数=128
    [CG] CG iter 1: obj=142274951.374274, maxRC=59510570.390201, +23 cols
    [CG]   [DIAG] iter=1 posCols=23 newCols=23 effImprove=23 updated=0
    [CG] CG iter 1: obj=142878821.830417, maxRC=59480171.265502, +23 cols
    [CG]   [DIAG] iter=1 posCols=23 newCols=23 effImprove=23 updated=0
    [CG] CG iter 1: obj=143048751.624449, maxRC=59519752.128890, +23 cols
    [CG]   [DIAG] iter=1 posCols=23 newCols=23 effImprove=23 updated=0
    [CG] CG iter 2: obj=160197315.513826, maxRC=10287476.482890, +17 cols
    [CG]   [DIAG] iter=2 posCols=17 newCols=17 effImprove=17 updated=0
    [CG] CG iter 2: obj=160436535.123614, maxRC=10646899.861364, +17 cols
    [CG]   [DIAG] iter=2 posCols=17 newCols=17 effImprove=17 updated=0
    [CG] CG iter 2: obj=160602565.781053, maxRC=10623485.371715, +17 cols
    [CG]   [DIAG] iter=2 posCols=17 newCols=17 effImprove=17 updated=0
    [CG] CG iter 3: obj=165774449.734959, maxRC=5008925.265627, +12 cols
    [CG]   [DIAG] iter=3 posCols=12 newCols=12 effImprove=12 updated=0
    [CG] CG iter 3: obj=166790191.003269, maxRC=6241803.604565, +12 cols
    [CG]   [DIAG] iter=3 posCols=12 newCols=12 effImprove=12 updated=0
    [CG] CG iter 1: obj=143086165.215796, maxRC=59512063.434949, +23 cols
    [CG] CG iter 4: obj=170465135.855855, maxRC=3500192.895106, +7 cols
    [CG]   [DIAG] iter=4 posCols=7 newCols=7 effImprove=7 updated=0
    [CG] CG iter 3: obj=166919331.182468, maxRC=6284436.587915, +11 cols
    [CG]   [DIAG] iter=3 posCols=11 newCols=11 effImprove=11 updated=0
    [CG]   [DIAG] iter=1 posCols=23 newCols=23 effImprove=23 updated=0
    [CG] CG iter 4: obj=169483952.963006, maxRC=4121009.156718, +5 cols
    [CG]   [DIAG] iter=4 posCols=5 newCols=5 effImprove=5 updated=0
    [CG] CG iter 5: obj=173116113.275477, maxRC=2505698.233247, +7 cols
    [CG]   [DIAG] iter=5 posCols=7 newCols=7 effImprove=7 updated=0
    [CG] CG iter 4: obj=169545073.866559, maxRC=4072809.806566, +5 cols
    [CG]   [DIAG] iter=4 posCols=5 newCols=5 effImprove=5 updated=0
    [CG] 列生成收敛，共 5 轮迭代
    [CG] [CG-NODE] depth=0 exit=CERTIFIED certified=1 feasible=1 iters=5 generatedColsBeforeNode=0 newCols=57 posCandidates=57 duplicateCandidates=0 updatedCols=0 zeroObjImproveIters=0 objFirst=142878821.830417 objLast=173699730.009135 objGain=30820908.178719 maxRC=59480171.265502 wallSec=0.008351 pricingSec=0.005538 cplexSolveSec=0.001486
      [BB] 根节点即为整数解，obj=173699730.009135
    [CG] CG iter 6: obj=173116113.275477, maxRC=229149.390038, +1 cols
    [CG]   [DIAG] iter=6 posCols=1 newCols=1 effImprove=1 updated=0
    [CG] CG iter 1: obj=143067843.193079, maxRC=59510373.130750, +23 cols
    [CG] 列生成收敛，共 5 轮迭代
    [CG] CG iter 1: obj=143205036.321497, maxRC=59515504.031953, +23 cols
    [CG] CG iter 2: obj=160602532.222417, maxRC=10623469.392767, +17 cols
    [CG] CG iter 7: obj=173345262.665515, maxRC=196752.515869, +1 cols
    [CG] [CG-NODE] depth=0 exit=CERTIFIED certified=1 feasible=1 iters=5 generatedColsBeforeNode=0 newCols=56 posCandidates=56 duplicateCandidates=0 updatedCols=0 zeroObjImproveIters=0 objFirst=143048751.624449 objLast=173765368.074151 objGain=30716616.449703 maxRC=59519752.128890 wallSec=0.008939 pricingSec=0.005615 cplexSolveSec=0.001397
    [CG]   [DIAG] iter=7 posCols=1 newCols=1 effImprove=1 updated=0
    [CG]   [DIAG] iter=2 posCols=17 newCols=17 effImprove=17 updated=0
      [BB] 根节点即为整数解，obj=173765368.074151
    [CG]   [DIAG] iter=1 posCols=23 newCols=23 effImprove=23 updated=0
    [CG]   [DIAG] iter=1 posCols=23 newCols=23 effImprove=23 updated=0
    [CG] 列生成收敛，共 8 轮迭代
    [CG] [CG-NODE] depth=0 exit=CERTIFIED certified=1 feasible=1 iters=8 generatedColsBeforeNode=0 newCols=68 posCandidates=68 duplicateCandidates=0 updatedCols=0 zeroObjImproveIters=2 objFirst=142274951.374274 objLast=173345262.665515 objGain=31070311.291241 maxRC=59510570.390201 wallSec=0.009801 pricingSec=0.006101 cplexSolveSec=0.001942
      [BB] 根节点即为整数解，obj=173345262.665515
    [CG] 列生成开始，初始列数=128
    [CG] CG iter 3: obj=166989923.627429, maxRC=6254078.746912, +12 cols
    [CG]   [DIAG] iter=3 posCols=12 newCols=12 effImprove=12 updated=0
    [CG] CG iter 2: obj=160594210.934926, maxRC=10620483.456323, +17 cols
    [CG]   [DIAG] iter=2 posCols=17 newCols=17 effImprove=17 updated=0
    [CG] CG iter 2: obj=160594561.189590, maxRC=10622209.962901, +17 cols
    [CG]   [DIAG] iter=2 posCols=17 newCols=17 effImprove=17 updated=0
    [CG] CG iter 4: obj=169686282.895291, maxRC=4138567.712215, +5 cols
    [CG]   [DIAG] iter=4 posCols=5 newCols=5 effImprove=5 updated=0
    [CG] 列生成开始，初始列数=128
    [CG] 列生成收敛，共 5 轮迭代
    [CG] [CG-NODE] depth=0 exit=CERTIFIED certified=1 feasible=1 iters=5 generatedColsBeforeNode=0 newCols=57 posCandidates=57 duplicateCandidates=0 updatedCols=0 zeroObjImproveIters=0 objFirst=143086165.215796 objLast=173906589.173794 objGain=30820423.957998 maxRC=59512063.434949 wallSec=0.011440 pricingSec=0.007505 cplexSolveSec=0.001945
    [CG] 列生成开始，初始列数=128
    [CG] CG iter 3: obj=166981513.936003, maxRC=6255890.571693, +12 cols
      [BB] 根节点即为整数解，obj=173906589.173794
    [CG]   [DIAG] iter=3 posCols=12 newCols=12 effImprove=12 updated=0
    [CG] CG iter 1: obj=142819761.287592, maxRC=59322918.072571, +23 cols
    [CG] CG iter 1: obj=142705812.329725, maxRC=59288811.749337, +23 cols
    [CG]   [DIAG] iter=1 posCols=23 newCols=23 effImprove=23 updated=0
    [CG] CG iter 3: obj=166976578.335356, maxRC=6256433.345665, +12 cols
    [CG]   [DIAG] iter=1 posCols=23 newCols=23 effImprove=23 updated=0
    [CG]   [DIAG] iter=3 posCols=12 newCols=12 effImprove=12 updated=0
    [CG] CG iter 4: obj=169676433.214664, maxRC=4139858.819516, +5 cols
    [CG]   [DIAG] iter=4 posCols=5 newCols=5 effImprove=5 updated=0
    [CG] CG iter 4: obj=169667468.913978, maxRC=4134309.594512, +5 cols
    [CG] 列生成收敛，共 5 轮迭代
    [CG] [CG-NODE] depth=0 exit=CERTIFIED certified=1 feasible=1 iters=5 generatedColsBeforeNode=0 newCols=57 posCandidates=57 duplicateCandidates=0 updatedCols=0 zeroObjImproveIters=0 objFirst=143205036.321497 objLast=173896347.019199 objGain=30691310.697702 maxRC=59515504.031953 wallSec=0.012773 pricingSec=0.008395 cplexSolveSec=0.002059
    [CG]   [DIAG] iter=4 posCols=5 newCols=5 effImprove=5 updated=0
      [BB] 根节点即为整数解，obj=173896347.019199
    [CG] 列生成收敛，共 5 轮迭代
    [CG] CG iter 2: obj=160293021.228256, maxRC=10508184.539706, +17 cols
    [CG] [CG-NODE] depth=0 exit=CERTIFIED certified=1 feasible=1 iters=5 generatedColsBeforeNode=0 newCols=57 posCandidates=57 duplicateCandidates=0 updatedCols=0 zeroObjImproveIters=0 objFirst=143067843.193079 objLast=173887828.959996 objGain=30819985.766917 maxRC=59510373.130750 wallSec=0.013392 pricingSec=0.009072 cplexSolveSec=0.001981
    [CG] CG iter 2: obj=160167417.831015, maxRC=10486444.462980, +17 cols
    [CG]   [DIAG] iter=2 posCols=17 newCols=17 effImprove=17 updated=0
    [CG]   [DIAG] iter=2 posCols=17 newCols=17 effImprove=17 updated=0
      [BB] 根节点即为整数解，obj=173887828.959996
    [CG] 列生成开始，初始列数=128
    [CG] CG iter 3: obj=166713321.106292, maxRC=6260825.248383, +12 cols
    [CG]   [DIAG] iter=3 posCols=12 newCols=12 effImprove=12 updated=0
    [CG] CG iter 3: obj=166570038.718234, maxRC=6256379.440479, +12 cols
    [CG]   [DIAG] iter=3 posCols=12 newCols=12 effImprove=12 updated=0
    [CG] 列生成开始，初始列数=128
    [CG] CG iter 4: obj=169416688.810128, maxRC=4223503.105344, +5 cols
    [CG]   [DIAG] iter=4 posCols=5 newCols=5 effImprove=5 updated=0
    [CG] CG iter 4: obj=169265387.496223, maxRC=4219767.172109, +5 cols
    [CG]   [DIAG] iter=4 posCols=5 newCols=5 effImprove=5 updated=0
    [CG] CG iter 1: obj=142554064.633269, maxRC=59492177.611268, +23 cols
    [CG]   [DIAG] iter=1 posCols=23 newCols=23 effImprove=23 updated=0
    [CG] 列生成收敛，共 5 轮迭代
    [CG] [CG-NODE] depth=0 exit=CERTIFIED certified=1 feasible=1 iters=5 generatedColsBeforeNode=0 newCols=57 posCandidates=57 duplicateCandidates=0 updatedCols=0 zeroObjImproveIters=0 objFirst=142819761.287592 objLast=173648123.060542 objGain=30828361.772950 maxRC=59322918.072571 wallSec=0.015487 pricingSec=0.010974 cplexSolveSec=0.002500
    [CG] 列生成收敛，共 5 轮迭代
    [CG] [CG-NODE] depth=0 exit=CERTIFIED certified=1 feasible=1 iters=5 generatedColsBeforeNode=0 newCols=57 posCandidates=57 duplicateCandidates=0 updatedCols=0 zeroObjImproveIters=0 objFirst=142705812.329725 objLast=173506257.095304 objGain=30800444.765579 maxRC=59288811.749337 wallSec=0.015442 pricingSec=0.010957 cplexSolveSec=0.002463
      [BB] 根节点即为整数解，obj=173648123.060542
      [BB] 根节点即为整数解，obj=173506257.095304
    [CG] CG iter 2: obj=160235637.635244, maxRC=10613440.087238, +17 cols
    [CG]   [DIAG] iter=2 posCols=17 newCols=17 effImprove=17 updated=0
    [CG] CG iter 1: obj=143153854.865790, maxRC=59519644.562382, +23 cols
    [CG]   [DIAG] iter=1 posCols=23 newCols=23 effImprove=23 updated=0
    [CG] 列生成开始，初始列数=128
    [CG] CG iter 3: obj=166512221.825214, maxRC=6205235.786159, +12 cols
    [CG]   [DIAG] iter=3 posCols=12 newCols=12 effImprove=12 updated=0
    [CG] CG iter 2: obj=160610412.676092, maxRC=10623321.672154, +17 cols
    [CG] CG iter 4: obj=169161379.697425, maxRC=4046241.675361, +5 cols
    [CG]   [DIAG] iter=2 posCols=17 newCols=17 effImprove=17 updated=0
    [CG]   [DIAG] iter=4 posCols=5 newCols=5 effImprove=5 updated=0
    [CG] 列生成收敛，共 5 轮迭代
    [CG] [CG-NODE] depth=0 exit=CERTIFIED certified=1 feasible=1 iters=5 generatedColsBeforeNode=0 newCols=57 posCandidates=57 duplicateCandidates=0 updatedCols=0 zeroObjImproveIters=0 objFirst=142554064.633269 objLast=173423863.267336 objGain=30869798.634067 maxRC=59492177.611268 wallSec=0.006848 pricingSec=0.004335 cplexSolveSec=0.001293
      [BB] 根节点即为整数解，obj=173423863.267336
    [CG] CG iter 3: obj=166960258.905712, maxRC=6271245.073086, +11 cols
    [CG]   [DIAG] iter=3 posCols=11 newCols=11 effImprove=11 updated=0
    [CG] 列生成开始，初始列数=128
    [CG] CG iter 1: obj=142704634.881120, maxRC=59482979.386599, +23 cols
    [CG]   [DIAG] iter=1 posCols=23 newCols=23 effImprove=23 updated=0
    [CG] CG iter 4: obj=169617466.800631, maxRC=4103468.189150, +5 cols
    [CG]   [DIAG] iter=4 posCols=5 newCols=5 effImprove=5 updated=0
    [CG] CG iter 1: obj=142574037.002091, maxRC=59414099.553003, +23 cols
    [CG] CG iter 2: obj=160278887.312834, maxRC=6921233.683808, +15 cols
    [CG]   [DIAG] iter=1 posCols=23 newCols=23 effImprove=23 updated=0
    [CG]   [DIAG] iter=2 posCols=15 newCols=15 effImprove=15 updated=0
    [CG] 列生成收敛，共 5 轮迭代
    [CG] [CG-NODE] depth=0 exit=CERTIFIED certified=1 feasible=1 iters=5 generatedColsBeforeNode=0 newCols=56 posCandidates=56 duplicateCandidates=0 updatedCols=0 zeroObjImproveIters=0 objFirst=143153854.865790 objLast=173837152.822459 objGain=30683297.956669 maxRC=59519644.562382 wallSec=0.009967 pricingSec=0.006700 cplexSolveSec=0.001704
      [BB] 根节点即为整数解，obj=173837152.822459
    [CG] CG iter 3: obj=173414773.175134, maxRC=3429331.735747, +9 cols
    [CG]   [DIAG] iter=3 posCols=9 newCols=9 effImprove=9 updated=0
    [CG] 列生成开始，初始列数=128
    [CG] CG iter 1: obj=142845647.642093, maxRC=59489782.287766, +23 cols
    [CG]   [DIAG] iter=1 posCols=23 newCols=23 effImprove=23 updated=0
    [CG] CG iter 4: obj=173414773.175134, maxRC=1048496.758243, +5 cols
    [CG]   [DIAG] iter=4 posCols=5 newCols=5 effImprove=5 updated=0
    [CG] 列生成开始，初始列数=128
    [CG] CG iter 5: obj=173414773.175134, maxRC=204788.221394, +1 cols
    [CG]   [DIAG] iter=5 posCols=1 newCols=1 effImprove=1 updated=0
    [CG] CG iter 2: obj=160094931.688746, maxRC=10758518.021188, +17 cols
    [CG]   [DIAG] iter=2 posCols=17 newCols=17 effImprove=17 updated=0
    [CG] 列生成收敛，共 6 轮迭代
    [CG] [CG-NODE] depth=0 exit=CERTIFIED certified=1 feasible=1 iters=6 generatedColsBeforeNode=0 newCols=53 posCandidates=53 duplicateCandidates=0 updatedCols=0 zeroObjImproveIters=3 objFirst=142704634.881120 objLast=173414773.175134 objGain=30710138.294015 maxRC=59482979.386599 wallSec=0.007479 pricingSec=0.004407 cplexSolveSec=0.001357
    [CG] CG iter 2: obj=160418591.976576, maxRC=10615445.326302, +17 cols
    [CG]   [DIAG] iter=2 posCols=17 newCols=17 effImprove=17 updated=0
      [BB] 根节点即为整数解，obj=173414773.175134
    [CG] CG iter 3: obj=166764765.335097, maxRC=6237984.593667, +12 cols
    [CG]   [DIAG] iter=3 posCols=12 newCols=12 effImprove=12 updated=0
    [CG] CG iter 3: obj=166357132.230568, maxRC=5724696.972491, +11 cols
    [CG]   [DIAG] iter=3 posCols=11 newCols=11 effImprove=11 updated=0
    [CG] CG iter 4: obj=169443210.020139, maxRC=4108415.337916, +5 cols
    [CG] 列生成开始，初始列数=128
    [CG]   [DIAG] iter=4 posCols=5 newCols=5 effImprove=5 updated=0
    [CG] CG iter 4: obj=173158610.750678, maxRC=1138709.696331, +3 cols
    [CG] 列生成开始，初始列数=128
    [CG]   [DIAG] iter=4 posCols=3 newCols=3 effImprove=3 updated=0
    [CG] 列生成收敛，共 5 轮迭代
    [CG] [CG-NODE] depth=0 exit=CERTIFIED certified=1 feasible=1 iters=5 generatedColsBeforeNode=0 newCols=57 posCandidates=57 duplicateCandidates=0 updatedCols=0 zeroObjImproveIters=0 objFirst=142845647.642093 objLast=173677983.215711 objGain=30832335.573618 maxRC=59489782.287766 wallSec=0.008286 pricingSec=0.005549 cplexSolveSec=0.001458
      [BB] 根节点即为整数解，obj=173677983.215711
    [CG] 列生成收敛，共 5 轮迭代
    [CG] [CG-NODE] depth=0 exit=CERTIFIED certified=1 feasible=1 iters=5 generatedColsBeforeNode=0 newCols=54 posCandidates=54 duplicateCandidates=0 updatedCols=0 zeroObjImproveIters=0 objFirst=142574037.002091 objLast=173220538.899391 objGain=30646501.897300 maxRC=59414099.553003 wallSec=0.012356 pricingSec=0.008658 cplexSolveSec=0.002044
      [BB] 根节点即为整数解，obj=173220538.899391
    [CG] 列生成开始，初始列数=128
    [CG] 列生成开始，初始列数=128
    [CG] CG iter 1: obj=143103944.157640, maxRC=59518325.011962, +23 cols
    [CG]   [DIAG] iter=1 posCols=23 newCols=23 effImprove=23 updated=0
    [CG] CG iter 1: obj=142740692.338717, maxRC=59403281.873867, +23 cols
    [CG]   [DIAG] iter=1 posCols=23 newCols=23 effImprove=23 updated=0
    [CG] CG iter 1: obj=143147834.065085, maxRC=59519752.128890, +23 cols
    [CG]   [DIAG] iter=1 posCols=23 newCols=23 effImprove=23 updated=0
    [CG] CG iter 2: obj=160199200.388678, maxRC=10630627.251824, +17 cols
    [CG]   [DIAG] iter=2 posCols=17 newCols=17 effImprove=17 updated=0
    [CG] CG iter 2: obj=160620544.404444, maxRC=10624905.323385, +17 cols
    [CG]   [DIAG] iter=2 posCols=17 newCols=17 effImprove=17 updated=0
    [CG] CG iter 2: obj=160541255.506415, maxRC=10697372.366828, +17 cols
    [CG]   [DIAG] iter=2 posCols=17 newCols=17 effImprove=17 updated=0
    [CG] CG iter 3: obj=166550269.379132, maxRC=6241520.456749, +12 cols
    [CG] CG iter 1: obj=142866151.911659, maxRC=59516957.238947, +23 cols
    [CG]   [DIAG] iter=3 posCols=12 newCols=12 effImprove=12 updated=0
    [CG] CG iter 3: obj=166961452.856576, maxRC=6277792.214429, +11 cols
    [CG]   [DIAG] iter=3 posCols=11 newCols=11 effImprove=11 updated=0
    [CG]   [DIAG] iter=1 posCols=23 newCols=23 effImprove=23 updated=0
    [CG] CG iter 4: obj=169256693.897586, maxRC=4148717.999473, +7 cols
    [CG]   [DIAG] iter=4 posCols=7 newCols=7 effImprove=7 updated=0
    [CG] CG iter 4: obj=169608194.389861, maxRC=4094988.215946, +5 cols
    [CG]   [DIAG] iter=4 posCols=5 newCols=5 effImprove=5 updated=0
    [CG] 列生成收敛，共 5 轮迭代
    [CG] [CG-NODE] depth=0 exit=CERTIFIED certified=1 feasible=1 iters=5 generatedColsBeforeNode=0 newCols=59 posCandidates=59 duplicateCandidates=0 updatedCols=0 zeroObjImproveIters=0 objFirst=142740692.338717 objLast=173467118.018927 objGain=30726425.680211 maxRC=59403281.873867 wallSec=0.008769 pricingSec=0.005763 cplexSolveSec=0.001488
    [CG] 列生成收敛，共 5 轮迭代
      [BB] 根节点即为整数解，obj=173467118.018927
    [CG] [CG-NODE] depth=0 exit=CERTIFIED certified=1 feasible=1 iters=5 generatedColsBeforeNode=0 newCols=56 posCandidates=56 duplicateCandidates=0 updatedCols=0 zeroObjImproveIters=0 objFirst=143147834.065085 objLast=173826188.721678 objGain=30678354.656593 maxRC=59519752.128890 wallSec=0.006129 pricingSec=0.004086 cplexSolveSec=0.001085
    [CG] CG iter 3: obj=166889523.229522, maxRC=6241055.398602, +12 cols
      [BB] 根节点即为整数解，obj=173826188.721678
    [CG]   [DIAG] iter=3 posCols=12 newCols=12 effImprove=12 updated=0
    [CG] CG iter 1: obj=142511327.391228, maxRC=59492590.408863, +23 cols
    [CG]   [DIAG] iter=1 posCols=23 newCols=23 effImprove=23 updated=0
    [CG] CG iter 2: obj=160295760.868098, maxRC=10742834.263991, +17 cols
    [CG]   [DIAG] iter=2 posCols=17 newCols=17 effImprove=17 updated=0
    [CG] CG iter 4: obj=169594306.800266, maxRC=4110462.713801, +7 cols
    [CG]   [DIAG] iter=4 posCols=7 newCols=7 effImprove=7 updated=0
    [CG] CG iter 2: obj=160226475.342351, maxRC=6911692.306917, +15 cols
    [CG]   [DIAG] iter=2 posCols=15 newCols=15 effImprove=15 updated=0
    [CG] CG iter 1: obj=142735104.494525, maxRC=59360783.182749, +23 cols
    [CG]   [DIAG] iter=1 posCols=23 newCols=23 effImprove=23 updated=0
    [CG] CG iter 3: obj=173333797.273386, maxRC=3404773.872874, +9 cols
    [CG]   [DIAG] iter=3 posCols=9 newCols=9 effImprove=9 updated=0
    [CG] 列生成开始，初始列数=128
    [CG] 列生成收敛，共 5 轮迭代
    [CG] [CG-NODE] depth=0 exit=CERTIFIED certified=1 feasible=1 iters=5 generatedColsBeforeNode=0 newCols=59 posCandidates=59 duplicateCandidates=0 updatedCols=0 zeroObjImproveIters=0 objFirst=143103944.157640 objLast=173794059.532614 objGain=30690115.374974 maxRC=59518325.011962 wallSec=0.012312 pricingSec=0.008257 cplexSolveSec=0.002281
    [CG] 列生成开始，初始列数=128
      [BB] 根节点即为整数解，obj=173794059.532614
    [CG] CG iter 4: obj=173333797.273386, maxRC=1072066.404260, +5 cols
    [CG]   [DIAG] iter=4 posCols=5 newCols=5 effImprove=5 updated=0
    [CG] CG iter 3: obj=166629897.025585, maxRC=6238658.354551, +12 cols
    [CG]   [DIAG] iter=3 posCols=12 newCols=12 effImprove=12 updated=0
    [CG] CG iter 5: obj=173333797.273386, maxRC=186855.586146, +1 cols
    [CG] CG iter 2: obj=160274649.579750, maxRC=10551547.847549, +17 cols
    [CG]   [DIAG] iter=5 posCols=1 newCols=1 effImprove=1 updated=0
    [CG]   [DIAG] iter=2 posCols=17 newCols=17 effImprove=17 updated=0
    [CG] 列生成收敛，共 6 轮迭代
    [CG] [CG-NODE] depth=0 exit=CERTIFIED certified=1 feasible=1 iters=6 generatedColsBeforeNode=0 newCols=53 posCandidates=53 duplicateCandidates=0 updatedCols=0 zeroObjImproveIters=3 objFirst=142511327.391228 objLast=173333797.273386 objGain=30822469.882157 maxRC=59492590.408863 wallSec=0.006471 pricingSec=0.003987 cplexSolveSec=0.001368
      [BB] 根节点即为整数解，obj=173333797.273386
    [CG] CG iter 4: obj=169346740.976642, maxRC=4103546.583769, +7 cols
    [CG]   [DIAG] iter=4 posCols=7 newCols=7 effImprove=7 updated=0
    [CG] CG iter 3: obj=166653069.166387, maxRC=6245180.947015, +12 cols
    [CG]   [DIAG] iter=3 posCols=12 newCols=12 effImprove=12 updated=0
    [CG] CG iter 1: obj=143041760.172775, maxRC=59457535.038521, +23 cols
    [CG] CG iter 4: obj=169347470.744556, maxRC=4176447.533245, +5 cols
    [CG]   [DIAG] iter=4 posCols=5 newCols=5 effImprove=5 updated=0
    [CG]   [DIAG] iter=1 posCols=23 newCols=23 effImprove=23 updated=0
    [CG] 列生成收敛，共 5 轮迭代
    [CG] [CG-NODE] depth=0 exit=CERTIFIED certified=1 feasible=1 iters=5 generatedColsBeforeNode=0 newCols=59 posCandidates=59 duplicateCandidates=0 updatedCols=0 zeroObjImproveIters=0 objFirst=142866151.911659 objLast=173529540.034775 objGain=30663388.123117 maxRC=59516957.238947 wallSec=0.016874 pricingSec=0.011517 cplexSolveSec=0.002889
    [CG] 列生成开始，初始列数=128
    [CG] 列生成收敛，共 5 轮迭代
    [CG] [CG-NODE] depth=0 exit=CERTIFIED certified=1 feasible=1 iters=5 generatedColsBeforeNode=0 newCols=57 posCandidates=57 duplicateCandidates=0 updatedCols=0 zeroObjImproveIters=0 objFirst=142735104.494525 objLast=173580509.111391 objGain=30845404.616866 maxRC=59360783.182749 wallSec=0.008473 pricingSec=0.005636 cplexSolveSec=0.001524
      [BB] 根节点即为整数解，obj=173529540.034775
      [BB] 根节点即为整数解，obj=173580509.111391
    [CG] 列生成开始，初始列数=128
    [CG] CG iter 2: obj=160504106.955139, maxRC=10587848.309893, +17 cols
    [CG]   [DIAG] iter=2 posCols=17 newCols=17 effImprove=17 updated=0
    [CG] CG iter 3: obj=166900917.243774, maxRC=6256069.173946, +12 cols
    [CG]   [DIAG] iter=3 posCols=12 newCols=12 effImprove=12 updated=0
    [CG] CG iter 1: obj=143016017.807898, maxRC=59516957.238947, +23 cols
    [CG]   [DIAG] iter=1 posCols=23 newCols=23 effImprove=23 updated=0
    [CG] CG iter 4: obj=169599237.560081, maxRC=4163788.517295, +5 cols
    [CG]   [DIAG] iter=4 posCols=5 newCols=5 effImprove=5 updated=0
    [CG] 列生成开始，初始列数=128
    [CG] 列生成收敛，共 5 轮迭代
    [CG] [CG-NODE] depth=0 exit=CERTIFIED certified=1 feasible=1 iters=5 generatedColsBeforeNode=0 newCols=57 posCandidates=57 duplicateCandidates=0 updatedCols=0 zeroObjImproveIters=0 objFirst=143041760.172775 objLast=173823064.617864 objGain=30781304.445089 maxRC=59457535.038521 wallSec=0.016734 pricingSec=0.011966 cplexSolveSec=0.002254
      [BB] 根节点即为整数解，obj=173823064.617864
    [CG] CG iter 1: obj=142795775.205846, maxRC=59371914.569483, +23 cols
    [CG]   [DIAG] iter=1 posCols=23 newCols=23 effImprove=23 updated=0
    [CG] CG iter 2: obj=160546336.258940, maxRC=10625425.746106, +17 cols
    [CG]   [DIAG] iter=2 posCols=17 newCols=17 effImprove=17 updated=0
    [CG] CG iter 2: obj=160163478.102637, maxRC=10532847.585728, +17 cols
    [CG]   [DIAG] iter=2 posCols=17 newCols=17 effImprove=17 updated=0
    [CG] CG iter 3: obj=166912653.030370, maxRC=6245495.680054, +12 cols
    [CG]   [DIAG] iter=3 posCols=12 newCols=12 effImprove=12 updated=0
    [CG] CG iter 1: obj=143101500.867232, maxRC=59519665.311012, +23 cols
    [CG] CG iter 1: obj=142439466.060214, maxRC=59480298.932207, +23 cols
    [CG]   [DIAG] iter=1 posCols=23 newCols=23 effImprove=23 updated=0
    [CG]   [DIAG] iter=1 posCols=23 newCols=23 effImprove=23 updated=0
    [CG] CG iter 1: obj=143065866.335641, maxRC=59428199.877588, +23 cols
    [CG] CG iter 3: obj=166576252.032288, maxRC=6259222.401128, +12 cols
    [CG]   [DIAG] iter=3 posCols=12 newCols=12 effImprove=12 updated=0
    [CG] CG iter 4: obj=169601175.345725, maxRC=4120821.655460, +5 cols
    [CG]   [DIAG] iter=4 posCols=5 newCols=5 effImprove=5 updated=0
    [CG]   [DIAG] iter=1 posCols=23 newCols=23 effImprove=23 updated=0
    [CG] CG iter 2: obj=160355465.487118, maxRC=9300923.964869, +17 cols
    [CG]   [DIAG] iter=2 posCols=17 newCols=17 effImprove=17 updated=0
    [CG] 列生成收敛，共 5 轮迭代
    [CG] [CG-NODE] depth=0 exit=CERTIFIED certified=1 feasible=1 iters=5 generatedColsBeforeNode=0 newCols=57 posCandidates=57 duplicateCandidates=0 updatedCols=0 zeroObjImproveIters=0 objFirst=143016017.807898 objLast=173827786.783822 objGain=30811768.975924 maxRC=59516957.238947 wallSec=0.016283 pricingSec=0.011851 cplexSolveSec=0.002385
    [CG] CG iter 2: obj=160472922.221332, maxRC=10623337.842780, +17 cols
    [CG] CG iter 4: obj=169277730.296674, maxRC=4204166.907026, +5 cols
    [CG]   [DIAG] iter=4 posCols=5 newCols=5 effImprove=5 updated=0
    [CG]   [DIAG] iter=2 posCols=17 newCols=17 effImprove=17 updated=0
      [BB] 根节点即为整数解，obj=173827786.783822
    [CG] CG iter 3: obj=173513492.179967, maxRC=1396220.254493, +7 cols
    [CG]   [DIAG] iter=3 posCols=7 newCols=7 effImprove=7 updated=0
    [CG] 列生成收敛，共 5 轮迭代
    [CG] [CG-NODE] depth=0 exit=CERTIFIED certified=1 feasible=1 iters=5 generatedColsBeforeNode=0 newCols=57 posCandidates=57 duplicateCandidates=0 updatedCols=0 zeroObjImproveIters=0 objFirst=142795775.205846 objLast=173507139.938253 objGain=30711364.732407 maxRC=59371914.569483 wallSec=0.008691 pricingSec=0.005786 cplexSolveSec=0.001546
    [CG] CG iter 4: obj=173513492.179967, maxRC=88823.331796, +2 cols
    [CG]   [DIAG] iter=4 posCols=2 newCols=2 effImprove=2 updated=0
      [BB] 根节点即为整数解，obj=173507139.938253
    [CG] CG iter 2: obj=160467526.497846, maxRC=10567197.716899, +17 cols
    [CG]   [DIAG] iter=2 posCols=17 newCols=17 effImprove=17 updated=0
    [CG] 列生成收敛，共 5 轮迭代
    [CG] [CG-NODE] depth=0 exit=CERTIFIED certified=1 feasible=1 iters=5 generatedColsBeforeNode=0 newCols=49 posCandidates=49 duplicateCandidates=0 updatedCols=0 zeroObjImproveIters=2 objFirst=142439466.060214 objLast=173513492.179967 objGain=31074026.119752 maxRC=59480298.932207 wallSec=0.006242 pricingSec=0.004112 cplexSolveSec=0.001152
    [CG] CG iter 3: obj=166864539.256265, maxRC=6257383.142901, +12 cols
    [CG]   [DIAG] iter=3 posCols=12 newCols=12 effImprove=12 updated=0
      [BB] 根节点即为整数解，obj=173513492.179967
    [CG] CG iter 4: obj=169565055.320842, maxRC=4143447.223452, +5 cols
    [CG]   [DIAG] iter=4 posCols=5 newCols=5 effImprove=5 updated=0
    [CG] CG iter 3: obj=166876412.412071, maxRC=6258102.921085, +12 cols
    [CG]   [DIAG] iter=3 posCols=12 newCols=12 effImprove=12 updated=0
    [CG] 列生成收敛，共 5 轮迭代
    [CG] [CG-NODE] depth=0 exit=CERTIFIED certified=1 feasible=1 iters=5 generatedColsBeforeNode=0 newCols=57 posCandidates=57 duplicateCandidates=0 updatedCols=0 zeroObjImproveIters=0 objFirst=143101500.867232 objLast=173783558.350969 objGain=30682057.483737 maxRC=59519665.311012 wallSec=0.007972 pricingSec=0.005261 cplexSolveSec=0.001519
      [BB] 根节点即为整数解，obj=173783558.350969
    [CG] CG iter 4: obj=169578560.391929, maxRC=4185325.080299, +5 cols
    [CG]   [DIAG] iter=4 posCols=5 newCols=5 effImprove=5 updated=0
    [CG] 列生成收敛，共 5 轮迭代
    [CG] [CG-NODE] depth=0 exit=CERTIFIED certified=1 feasible=1 iters=5 generatedColsBeforeNode=0 newCols=57 posCandidates=57 duplicateCandidates=0 updatedCols=0 zeroObjImproveIters=0 objFirst=143065866.335641 objLast=173802074.846907 objGain=30736208.511266 maxRC=59428199.877588 wallSec=0.011192 pricingSec=0.007595 cplexSolveSec=0.001987
      [BB] 根节点即为整数解，obj=173802074.846907
    [CG] CG iter 1: obj=142699671.404674, maxRC=59403281.873867, +23 cols
    [CG]   [DIAG] iter=1 posCols=23 newCols=23 effImprove=23 updated=0
    [CG] CG iter 2: obj=160249195.209594, maxRC=10595367.749438, +17 cols
    [CG]   [DIAG] iter=2 posCols=17 newCols=17 effImprove=17 updated=0
    [CG] CG iter 3: obj=166618091.940044, maxRC=6242736.378880, +12 cols
    [CG]   [DIAG] iter=3 posCols=12 newCols=12 effImprove=12 updated=0
    [CG] CG iter 4: obj=169316686.868855, maxRC=4158929.734350, +5 cols
    [CG]   [DIAG] iter=4 posCols=5 newCols=5 effImprove=5 updated=0
    [CG] 列生成收敛，共 5 轮迭代
    [CG] [CG-NODE] depth=0 exit=CERTIFIED certified=1 feasible=1 iters=5 generatedColsBeforeNode=0 newCols=57 posCandidates=57 duplicateCandidates=0 updatedCols=0 zeroObjImproveIters=0 objFirst=142699671.404674 objLast=173538600.773428 objGain=30838929.368754 maxRC=59403281.873867 wallSec=0.011427 pricingSec=0.007805 cplexSolveSec=0.001959
      [BB] 根节点即为整数解，obj=173538600.773428
[GA] 代数 5: Best=173966640.23, Avg=173691431.29, Worst=173249424.59, Valid=30/30, 耗时=0.05s (连续5代未提升)
  ├─ 求解: 30 个体 fork 并行 | CG迭代=135 加列=1477 BB分支=0
  ├─ 并行墙钟=0.0457s | 串行等效(ΣBP)=0.2834s | 加速比=6.20x
  ├─ 管理开销=-0.2377s (fork=0.0024 wait=0.0429 merge=0.0003)
  └─ CG明细: gen_logs/run_gen5_ind{0..29}.log
    [CG] 列生成开始，初始列数=128
    [CG] 列生成开始，初始列数=128
    [CG] 列生成开始，初始列数=128
    [CG] 列生成开始，初始列数=128
    [CG] 列生成开始，初始列数=128
    [CG] 列生成开始，初始列数=128
    [CG] 列生成开始，初始列数=128
    [CG] 列生成开始，初始列数=128
    [CG] CG iter 1: obj=142923890.564640, maxRC=59482154.494856, +23 cols
    [CG]   [DIAG] iter=1 posCols=23 newCols=23 effImprove=23 updated=0
    [CG] CG iter 2: obj=160487271.714914, maxRC=10648184.653727, +17 cols
    [CG]   [DIAG] iter=2 posCols=17 newCols=17 effImprove=17 updated=0
    [CG] CG iter 1: obj=143090141.084397, maxRC=59518325.011962, +23 cols
    [CG]   [DIAG] iter=1 posCols=23 newCols=23 effImprove=23 updated=0
    [CG] CG iter 1: obj=143106966.318820, maxRC=59518325.011962, +23 cols
    [CG]   [DIAG] iter=1 posCols=23 newCols=23 effImprove=23 updated=0
    [CG] CG iter 3: obj=166840487.848668, maxRC=6241770.953715, +12 cols
    [CG]   [DIAG] iter=3 posCols=12 newCols=12 effImprove=12 updated=0
    [CG] CG iter 4: obj=169534089.906975, maxRC=4120007.435430, +5 cols
    [CG]   [DIAG] iter=4 posCols=5 newCols=5 effImprove=5 updated=0
    [CG] CG iter 2: obj=160541255.506415, maxRC=10697372.366828, +17 cols
    [CG]   [DIAG] iter=2 posCols=17 newCols=17 effImprove=17 updated=0
    [CG] CG iter 2: obj=160533914.408462, maxRC=10707089.410612, +17 cols
    [CG] 列生成收敛，共 5 轮迭代
    [CG] [CG-NODE] depth=0 exit=CERTIFIED certified=1 feasible=1 iters=5 generatedColsBeforeNode=0 newCols=57 posCandidates=57 duplicateCandidates=0 updatedCols=0 zeroObjImproveIters=0 objFirst=142923890.564640 objLast=173749735.409790 objGain=30825844.845151 maxRC=59482154.494856 wallSec=0.007419 pricingSec=0.004876 cplexSolveSec=0.001355
    [CG]   [DIAG] iter=2 posCols=17 newCols=17 effImprove=17 updated=0
      [BB] 根节点即为整数解，obj=173749735.409790
    [CG] CG iter 3: obj=166882621.692901, maxRC=6243897.744981, +12 cols
    [CG]   [DIAG] iter=3 posCols=12 newCols=12 effImprove=12 updated=0
    [CG] CG iter 3: obj=166877775.908635, maxRC=6239716.226012, +12 cols
    [CG]   [DIAG] iter=3 posCols=12 newCols=12 effImprove=12 updated=0
    [CG] CG iter 4: obj=169580503.727023, maxRC=4104202.228166, +7 cols
    [CG]   [DIAG] iter=4 posCols=7 newCols=7 effImprove=7 updated=0
    [CG] 列生成收敛，共 5 轮迭代
    [CG] [CG-NODE] depth=0 exit=CERTIFIED certified=1 feasible=1 iters=5 generatedColsBeforeNode=0 newCols=59 posCandidates=59 duplicateCandidates=0 updatedCols=0 zeroObjImproveIters=0 objFirst=143090141.084397 objLast=173780256.459370 objGain=30690115.374974 maxRC=59518325.011962 wallSec=0.009712 pricingSec=0.006325 cplexSolveSec=0.001810
    [CG] CG iter 4: obj=169584199.883917, maxRC=4107483.136673, +7 cols
    [CG]   [DIAG] iter=4 posCols=7 newCols=7 effImprove=7 updated=0
      [BB] 根节点即为整数解，obj=173780256.459370
    [CG] CG iter 1: obj=143048578.939250, maxRC=59428199.877588, +23 cols
    [CG] 列生成收敛，共 5 轮迭代
    [CG] [CG-NODE] depth=0 exit=CERTIFIED certified=1 feasible=1 iters=5 generatedColsBeforeNode=0 newCols=59 posCandidates=59 duplicateCandidates=0 updatedCols=0 zeroObjImproveIters=0 objFirst=143106966.318820 objLast=173780973.039137 objGain=30674006.720317 maxRC=59518325.011962 wallSec=0.010582 pricingSec=0.006980 cplexSolveSec=0.001982
    [CG]   [DIAG] iter=1 posCols=23 newCols=23 effImprove=23 updated=0
      [BB] 根节点即为整数解，obj=173780973.039137
    [CG] 列生成开始，初始列数=128
    [CG] 列生成开始，初始列数=128
    [CG] CG iter 2: obj=160450603.987340, maxRC=10567197.716899, +17 cols
    [CG]   [DIAG] iter=2 posCols=17 newCols=17 effImprove=17 updated=0
    [CG] CG iter 1: obj=143002542.011969, maxRC=59515504.031953, +23 cols
    [CG]   [DIAG] iter=1 posCols=23 newCols=23 effImprove=23 updated=0
    [CG] 列生成开始，初始列数=128
    [CG] CG iter 3: obj=166855073.630397, maxRC=6257167.827538, +12 cols
    [CG]   [DIAG] iter=3 posCols=12 newCols=12 effImprove=12 updated=0
    [CG] CG iter 4: obj=169556286.516707, maxRC=4181994.470571, +5 cols
    [CG]   [DIAG] iter=4 posCols=5 newCols=5 effImprove=5 updated=0
    [CG] CG iter 1: obj=143225796.085272, maxRC=59519766.154613, +23 cols
    [CG] CG iter 2: obj=160425507.079765, maxRC=10620483.456323, +17 cols
    [CG]   [DIAG] iter=2 posCols=17 newCols=17 effImprove=17 updated=0
    [CG]   [DIAG] iter=1 posCols=23 newCols=23 effImprove=23 updated=0
    [CG] 列生成收敛，共 5 轮迭代
    [CG] [CG-NODE] depth=0 exit=CERTIFIED certified=1 feasible=1 iters=5 generatedColsBeforeNode=0 newCols=57 posCandidates=57 duplicateCandidates=0 updatedCols=0 zeroObjImproveIters=0 objFirst=143048578.939250 objLast=173781112.055419 objGain=30732533.116170 maxRC=59428199.877588 wallSec=0.014699 pricingSec=0.010074 cplexSolveSec=0.002517
      [BB] 根节点即为整数解，obj=173781112.055419
    [CG] CG iter 1: obj=142848395.911743, maxRC=59489782.287766, +23 cols
    [CG] CG iter 3: obj=166773213.206052, maxRC=6250084.151268, +12 cols
    [CG]   [DIAG] iter=1 posCols=23 newCols=23 effImprove=23 updated=0
    [CG]   [DIAG] iter=3 posCols=12 newCols=12 effImprove=12 updated=0
    [CG] CG iter 2: obj=160596999.896451, maxRC=10623491.311119, +17 cols
    [CG]   [DIAG] iter=2 posCols=17 newCols=17 effImprove=17 updated=0
    [CG] CG iter 4: obj=169462326.064288, maxRC=4111665.846223, +5 cols
    [CG]   [DIAG] iter=4 posCols=5 newCols=5 effImprove=5 updated=0
    [CG] 列生成开始，初始列数=128
    [CG] CG iter 1: obj=143087712.870261, maxRC=59519641.660999, +23 cols
    [CG]   [DIAG] iter=1 posCols=23 newCols=23 effImprove=23 updated=0
    [CG] CG iter 2: obj=160418591.976576, maxRC=10615445.326302, +17 cols
    [CG]   [DIAG] iter=2 posCols=17 newCols=17 effImprove=17 updated=0
    [CG] 列生成收敛，共 5 轮迭代
    [CG] [CG-NODE] depth=0 exit=CERTIFIED certified=1 feasible=1 iters=5 generatedColsBeforeNode=0 newCols=57 posCandidates=57 duplicateCandidates=0 updatedCols=0 zeroObjImproveIters=0 objFirst=143002542.011969 objLast=173693867.851180 objGain=30691325.839210 maxRC=59515504.031953 wallSec=0.017776 pricingSec=0.012053 cplexSolveSec=0.003063
    [CG] CG iter 3: obj=166989107.607207, maxRC=6257504.173946, +12 cols
    [CG]   [DIAG] iter=3 posCols=12 newCols=12 effImprove=12 updated=0
      [BB] 根节点即为整数解，obj=173693867.851180
    [CG] CG iter 2: obj=160556456.819884, maxRC=10623353.947972, +17 cols
    [CG]   [DIAG] iter=2 posCols=17 newCols=17 effImprove=17 updated=0
    [CG] CG iter 3: obj=166764765.335097, maxRC=6237984.593667, +12 cols
    [CG] CG iter 4: obj=169689744.702829, maxRC=4143798.003084, +5 cols
    [CG]   [DIAG] iter=4 posCols=5 newCols=5 effImprove=5 updated=0
    [CG] CG iter 1: obj=142825571.769591, maxRC=59322918.072571, +23 cols
    [CG]   [DIAG] iter=3 posCols=12 newCols=12 effImprove=12 updated=0
    [CG] CG iter 3: obj=166885141.379823, maxRC=6262234.115394, +11 cols
    [CG]   [DIAG] iter=1 posCols=23 newCols=23 effImprove=23 updated=0
    [CG]   [DIAG] iter=3 posCols=11 newCols=11 effImprove=11 updated=0
    [CG] CG iter 1: obj=143004607.992257, maxRC=59513807.621943, +23 cols
    [CG]   [DIAG] iter=1 posCols=23 newCols=23 effImprove=23 updated=0
    [CG] 列生成收敛，共 5 轮迭代
    [CG] [CG-NODE] depth=0 exit=CERTIFIED certified=1 feasible=1 iters=5 generatedColsBeforeNode=0 newCols=57 posCandidates=57 duplicateCandidates=0 updatedCols=0 zeroObjImproveIters=0 objFirst=143225796.085272 objLast=173908138.913670 objGain=30682342.828398 maxRC=59519766.154613 wallSec=0.018788 pricingSec=0.013141 cplexSolveSec=0.002995
    [CG] CG iter 4: obj=169533337.539832, maxRC=4084750.767353, +5 cols
    [CG]   [DIAG] iter=4 posCols=5 newCols=5 effImprove=5 updated=0
    [CG] CG iter 4: obj=169443210.020139, maxRC=4108415.337916, +5 cols
    [CG]   [DIAG] iter=4 posCols=5 newCols=5 effImprove=5 updated=0
      [BB] 根节点即为整数解，obj=173908138.913670
    [CG] 列生成收敛，共 5 轮迭代
    [CG] [CG-NODE] depth=0 exit=CERTIFIED certified=1 feasible=1 iters=5 generatedColsBeforeNode=0 newCols=56 posCandidates=56 duplicateCandidates=0 updatedCols=0 zeroObjImproveIters=0 objFirst=143087712.870261 objLast=173760729.770054 objGain=30673016.899794 maxRC=59519641.660999 wallSec=0.009164 pricingSec=0.006277 cplexSolveSec=0.001538
      [BB] 根节点即为整数解，obj=173760729.770054
    [CG] CG iter 2: obj=160472789.893735, maxRC=10623337.842780, +17 cols
    [CG] CG iter 2: obj=160298831.710255, maxRC=10508184.539706, +17 cols
    [CG]   [DIAG] iter=2 posCols=17 newCols=17 effImprove=17 updated=0
    [CG] 列生成收敛，共 5 轮迭代
    [CG] [CG-NODE] depth=0 exit=CERTIFIED certified=1 feasible=1 iters=5 generatedColsBeforeNode=0 newCols=57 posCandidates=57 duplicateCandidates=0 updatedCols=0 zeroObjImproveIters=0 objFirst=142848395.911743 objLast=173677983.215711 objGain=30829587.303968 maxRC=59489782.287766 wallSec=0.019752 pricingSec=0.014213 cplexSolveSec=0.002865
    [CG] 列生成开始，初始列数=128
    [CG]   [DIAG] iter=2 posCols=17 newCols=17 effImprove=17 updated=0
      [BB] 根节点即为整数解，obj=173677983.215711
    [CG] CG iter 3: obj=166864407.555255, maxRC=6257404.977247, +12 cols
    [CG]   [DIAG] iter=3 posCols=12 newCols=12 effImprove=12 updated=0
    [CG] CG iter 1: obj=143085700.472770, maxRC=59512063.434949, +23 cols
    [CG] CG iter 3: obj=166719131.588291, maxRC=6260825.248383, +12 cols
    [CG]   [DIAG] iter=3 posCols=12 newCols=12 effImprove=12 updated=0
    [CG]   [DIAG] iter=1 posCols=23 newCols=23 effImprove=23 updated=0
    [CG] CG iter 4: obj=169564945.454178, maxRC=4143461.218287, +5 cols
    [CG]   [DIAG] iter=4 posCols=5 newCols=5 effImprove=5 updated=0
    [CG] 列生成收敛，共 5 轮迭代
    [CG] [CG-NODE] depth=0 exit=CERTIFIED certified=1 feasible=1 iters=5 generatedColsBeforeNode=0 newCols=57 posCandidates=57 duplicateCandidates=0 updatedCols=0 zeroObjImproveIters=0 objFirst=143004607.992257 objLast=173783443.100829 objGain=30778835.108572 maxRC=59513807.621943 wallSec=0.010233 pricingSec=0.006909 cplexSolveSec=0.001765
      [BB] 根节点即为整数解，obj=173783443.100829
    [CG] CG iter 4: obj=169422499.292127, maxRC=4223503.105344, +5 cols
    [CG]   [DIAG] iter=4 posCols=5 newCols=5 effImprove=5 updated=0
    [CG] 列生成开始，初始列数=128
    [CG] 列生成收敛，共 5 轮迭代
    [CG] [CG-NODE] depth=0 exit=CERTIFIED certified=1 feasible=1 iters=5 generatedColsBeforeNode=0 newCols=57 posCandidates=57 duplicateCandidates=0 updatedCols=0 zeroObjImproveIters=0 objFirst=142825571.769591 objLast=173653933.542541 objGain=30828361.772950 maxRC=59322918.072571 wallSec=0.022091 pricingSec=0.016928 cplexSolveSec=0.002593
    [CG] 列生成开始，初始列数=128
      [BB] 根节点即为整数解，obj=173653933.542541
    [CG] CG iter 2: obj=160602133.210639, maxRC=10623485.371715, +17 cols
    [CG] 列生成开始，初始列数=128
    [CG]   [DIAG] iter=2 posCols=17 newCols=17 effImprove=17 updated=0
    [CG] CG iter 3: obj=166989487.040114, maxRC=6254114.799273, +12 cols
    [CG] 列生成开始，初始列数=128
    [CG]   [DIAG] iter=3 posCols=12 newCols=12 effImprove=12 updated=0
    [CG] 列生成开始，初始列数=128
    [CG] CG iter 4: obj=169685894.431248, maxRC=4138555.641304, +5 cols
    [CG] CG iter 1: obj=142745790.218664, maxRC=59403281.873867, +23 cols
    [CG]   [DIAG] iter=4 posCols=5 newCols=5 effImprove=5 updated=0
    [CG]   [DIAG] iter=1 posCols=23 newCols=23 effImprove=23 updated=0
    [CG] 列生成收敛，共 5 轮迭代
    [CG] [CG-NODE] depth=0 exit=CERTIFIED certified=1 feasible=1 iters=5 generatedColsBeforeNode=0 newCols=57 posCandidates=57 duplicateCandidates=0 updatedCols=0 zeroObjImproveIters=0 objFirst=143085700.472770 objLast=173906188.638840 objGain=30820488.166071 maxRC=59512063.434949 wallSec=0.017710 pricingSec=0.012008 cplexSolveSec=0.003097
    [CG] CG iter 1: obj=142856134.508129, maxRC=59383082.219276, +23 cols
      [BB] 根节点即为整数解，obj=173906188.638840
    [CG]   [DIAG] iter=1 posCols=23 newCols=23 effImprove=23 updated=0
    [CG] CG iter 2: obj=160198826.334533, maxRC=10630627.251824, +17 cols
    [CG]   [DIAG] iter=2 posCols=17 newCols=17 effImprove=17 updated=0
    [CG] CG iter 2: obj=160304575.599784, maxRC=10542293.476741, +17 cols
    [CG]   [DIAG] iter=2 posCols=17 newCols=17 effImprove=17 updated=0
    [CG] CG iter 3: obj=166548712.977798, maxRC=6242008.180494, +12 cols
    [CG]   [DIAG] iter=3 posCols=12 newCols=12 effImprove=12 updated=0
    [CG] CG iter 3: obj=166694747.309587, maxRC=6250925.421247, +12 cols
    [CG]   [DIAG] iter=3 posCols=12 newCols=12 effImprove=12 updated=0
    [CG] CG iter 4: obj=169254021.169119, maxRC=4147700.001634, +7 cols
    [CG]   [DIAG] iter=4 posCols=7 newCols=7 effImprove=7 updated=0
    [CG] CG iter 4: obj=169384819.952144, maxRC=4178948.440516, +5 cols
    [CG]   [DIAG] iter=4 posCols=5 newCols=5 effImprove=5 updated=0
    [CG] 列生成开始，初始列数=128
    [CG] 列生成收敛，共 5 轮迭代
    [CG] [CG-NODE] depth=0 exit=CERTIFIED certified=1 feasible=1 iters=5 generatedColsBeforeNode=0 newCols=59 posCandidates=59 duplicateCandidates=0 updatedCols=0 zeroObjImproveIters=0 objFirst=142745790.218664 objLast=173464445.290460 objGain=30718655.071796 maxRC=59403281.873867 wallSec=0.013496 pricingSec=0.009398 cplexSolveSec=0.002376
    [CG] 列生成收敛，共 5 轮迭代
    [CG] [CG-NODE] depth=0 exit=CERTIFIED certified=1 feasible=1 iters=5 generatedColsBeforeNode=0 newCols=57 posCandidates=57 duplicateCandidates=0 updatedCols=0 zeroObjImproveIters=0 objFirst=142856134.508129 objLast=173619976.545751 objGain=30763842.037622 maxRC=59383082.219276 wallSec=0.010675 pricingSec=0.007313 cplexSolveSec=0.001829
      [BB] 根节点即为整数解，obj=173464445.290460
      [BB] 根节点即为整数解，obj=173619976.545751
    [CG] CG iter 1: obj=143176145.760706, maxRC=59519752.128890, +23 cols
    [CG]   [DIAG] iter=1 posCols=23 newCols=23 effImprove=23 updated=0
    [CG] CG iter 2: obj=160570029.941356, maxRC=10697366.427424, +17 cols
    [CG]   [DIAG] iter=2 posCols=17 newCols=17 effImprove=17 updated=0
    [CG] CG iter 1: obj=143021998.792532, maxRC=59510373.130750, +23 cols
    [CG] CG iter 1: obj=142704704.614970, maxRC=59482979.386599, +23 cols
    [CG]   [DIAG] iter=1 posCols=23 newCols=23 effImprove=23 updated=0
    [CG]   [DIAG] iter=1 posCols=23 newCols=23 effImprove=23 updated=0
    [CG] 列生成开始，初始列数=128
    [CG] CG iter 3: obj=166929386.043122, maxRC=6245545.975496, +12 cols
    [CG]   [DIAG] iter=3 posCols=12 newCols=12 effImprove=12 updated=0
    [CG] 列生成开始，初始列数=128
    [CG] CG iter 1: obj=142836129.015859, maxRC=59403281.873867, +23 cols
    [CG] CG iter 4: obj=169638832.699816, maxRC=4120212.624849, +7 cols
    [CG]   [DIAG] iter=1 posCols=23 newCols=23 effImprove=23 updated=0
    [CG]   [DIAG] iter=4 posCols=7 newCols=7 effImprove=7 updated=0
    [CG] 列生成收敛，共 5 轮迭代
    [CG] [CG-NODE] depth=0 exit=CERTIFIED certified=1 feasible=1 iters=5 generatedColsBeforeNode=0 newCols=59 posCandidates=59 duplicateCandidates=0 updatedCols=0 zeroObjImproveIters=0 objFirst=143176145.760706 objLast=173834694.370702 objGain=30658548.609996 maxRC=59519752.128890 wallSec=0.009234 pricingSec=0.006247 cplexSolveSec=0.001623
      [BB] 根节点即为整数解，obj=173834694.370702
    [CG] CG iter 2: obj=160278887.312834, maxRC=6921233.683808, +15 cols
    [CG] CG iter 2: obj=160560015.702715, maxRC=10667046.837474, +17 cols
    [CG]   [DIAG] iter=2 posCols=15 newCols=15 effImprove=15 updated=0
    [CG]   [DIAG] iter=2 posCols=17 newCols=17 effImprove=17 updated=0
    [CG] CG iter 1: obj=143086162.845013, maxRC=59512112.807320, +23 cols
    [CG]   [DIAG] iter=1 posCols=23 newCols=23 effImprove=23 updated=0
    [CG] CG iter 2: obj=160258242.295677, maxRC=10553446.534007, +17 cols
    [CG]   [DIAG] iter=2 posCols=17 newCols=17 effImprove=17 updated=0
    [CG] CG iter 3: obj=173414773.175134, maxRC=3429331.735747, +9 cols
    [CG]   [DIAG] iter=3 posCols=9 newCols=9 effImprove=9 updated=0
    [CG] 列生成开始，初始列数=128
    [CG] CG iter 3: obj=166921586.449710, maxRC=6250252.374103, +12 cols
    [CG]   [DIAG] iter=3 posCols=12 newCols=12 effImprove=12 updated=0
    [CG] CG iter 3: obj=166645766.522613, maxRC=6251724.423266, +12 cols
    [CG]   [DIAG] iter=3 posCols=12 newCols=12 effImprove=12 updated=0
    [CG] CG iter 2: obj=160602579.224004, maxRC=10623488.871020, +17 cols
    [CG]   [DIAG] iter=2 posCols=17 newCols=17 effImprove=17 updated=0
    [CG] CG iter 4: obj=173414773.175134, maxRC=1048496.758243, +5 cols
    [CG]   [DIAG] iter=4 posCols=5 newCols=5 effImprove=5 updated=0
    [CG] CG iter 4: obj=169340610.604724, maxRC=4173327.065501, +5 cols
    [CG]   [DIAG] iter=4 posCols=5 newCols=5 effImprove=5 updated=0
    [CG] CG iter 4: obj=169619938.989726, maxRC=4120666.661556, +5 cols
    [CG]   [DIAG] iter=4 posCols=5 newCols=5 effImprove=5 updated=0
    [CG] CG iter 5: obj=173414773.175134, maxRC=204788.221394, +1 cols
    [CG]   [DIAG] iter=5 posCols=1 newCols=1 effImprove=1 updated=0
    [CG] 列生成收敛，共 5 轮迭代
    [CG] [CG-NODE] depth=0 exit=CERTIFIED certified=1 feasible=1 iters=5 generatedColsBeforeNode=0 newCols=57 posCandidates=57 duplicateCandidates=0 updatedCols=0 zeroObjImproveIters=0 objFirst=142836129.015859 objLast=173574585.786387 objGain=30738456.770528 maxRC=59403281.873867 wallSec=0.013945 pricingSec=0.009700 cplexSolveSec=0.002415
      [BB] 根节点即为整数解，obj=173574585.786387
    [CG] CG iter 3: obj=166989955.681957, maxRC=6254080.059028, +12 cols
    [CG] 列生成收敛，共 5 轮迭代
    [CG] [CG-NODE] depth=0 exit=CERTIFIED certified=1 feasible=1 iters=5 generatedColsBeforeNode=0 newCols=57 posCandidates=57 duplicateCandidates=0 updatedCols=0 zeroObjImproveIters=0 objFirst=143021998.792532 objLast=173826656.102788 objGain=30804657.310256 maxRC=59510373.130750 wallSec=0.016929 pricingSec=0.011365 cplexSolveSec=0.003182
    [CG]   [DIAG] iter=3 posCols=12 newCols=12 effImprove=12 updated=0
    [CG] 列生成收敛，共 6 轮迭代
    [CG] [CG-NODE] depth=0 exit=CERTIFIED certified=1 feasible=1 iters=6 generatedColsBeforeNode=0 newCols=53 posCandidates=53 duplicateCandidates=0 updatedCols=0 zeroObjImproveIters=3 objFirst=142704704.614970 objLast=173414773.175134 objGain=30710068.560165 maxRC=59482979.386599 wallSec=0.016453 pricingSec=0.010676 cplexSolveSec=0.003399
      [BB] 根节点即为整数解，obj=173826656.102788
      [BB] 根节点即为整数解，obj=173414773.175134
    [CG] CG iter 1: obj=143186376.189790, maxRC=59519752.128890, +23 cols
    [CG]   [DIAG] iter=1 posCols=23 newCols=23 effImprove=23 updated=0
    [CG] CG iter 4: obj=169686316.261935, maxRC=4138542.671530, +5 cols
    [CG]   [DIAG] iter=4 posCols=5 newCols=5 effImprove=5 updated=0
    [CG] CG iter 2: obj=160566650.294330, maxRC=10623485.371715, +17 cols
    [CG] CG iter 1: obj=142953169.750358, maxRC=59480171.265502, +23 cols
    [CG]   [DIAG] iter=2 posCols=17 newCols=17 effImprove=17 updated=0
    [CG] 列生成收敛，共 5 轮迭代
    [CG] [CG-NODE] depth=0 exit=CERTIFIED certified=1 feasible=1 iters=5 generatedColsBeforeNode=0 newCols=57 posCandidates=57 duplicateCandidates=0 updatedCols=0 zeroObjImproveIters=0 objFirst=143086162.845013 objLast=173906615.503068 objGain=30820452.658055 maxRC=59512112.807320 wallSec=0.018199 pricingSec=0.012481 cplexSolveSec=0.003004
    [CG]   [DIAG] iter=1 posCols=23 newCols=23 effImprove=23 updated=0
      [BB] 根节点即为整数解，obj=173906615.503068
    [CG] CG iter 1: obj=143005864.938255, maxRC=59403547.783701, +23 cols
    [CG]   [DIAG] iter=1 posCols=23 newCols=23 effImprove=23 updated=0
    [CG] CG iter 1: obj=142736833.184911, maxRC=59457125.544267, +23 cols
    [CG] 列生成开始，初始列数=128
    [CG] CG iter 3: obj=166937640.206047, maxRC=6245466.376748, +12 cols
    [CG]   [DIAG] iter=1 posCols=23 newCols=23 effImprove=23 updated=0
    [CG]   [DIAG] iter=3 posCols=12 newCols=12 effImprove=12 updated=0
    [CG] 列生成开始，初始列数=128
    [CG] CG iter 4: obj=169626239.504471, maxRC=4123205.175149, +5 cols
    [CG]   [DIAG] iter=4 posCols=5 newCols=5 effImprove=5 updated=0
    [CG] CG iter 2: obj=160340200.660231, maxRC=10629983.553181, +17 cols
    [CG]   [DIAG] iter=2 posCols=17 newCols=17 effImprove=17 updated=0
    [CG] 列生成开始，初始列数=128
    [CG] CG iter 2: obj=160412861.842581, maxRC=10553141.213124, +17 cols
    [CG]   [DIAG] iter=2 posCols=17 newCols=17 effImprove=17 updated=0
    [CG] 列生成收敛，共 5 轮迭代
    [CG] [CG-NODE] depth=0 exit=CERTIFIED certified=1 feasible=1 iters=5 generatedColsBeforeNode=0 newCols=57 posCandidates=57 duplicateCandidates=0 updatedCols=0 zeroObjImproveIters=0 objFirst=143186376.189790 objLast=173853052.930188 objGain=30666676.740398 maxRC=59519752.128890 wallSec=0.009973 pricingSec=0.006887 cplexSolveSec=0.001590
      [BB] 根节点即为整数解，obj=173853052.930188
    [CG] CG iter 3: obj=166699483.457353, maxRC=6240917.465651, +12 cols
    [CG] CG iter 2: obj=160498122.302271, maxRC=10646899.861364, +17 cols
    [CG]   [DIAG] iter=3 posCols=12 newCols=12 effImprove=12 updated=0
    [CG]   [DIAG] iter=2 posCols=17 newCols=17 effImprove=17 updated=0
    [CG] CG iter 3: obj=166819993.521850, maxRC=6257701.675484, +12 cols
    [CG]   [DIAG] iter=3 posCols=12 newCols=12 effImprove=12 updated=0
    [CG] CG iter 4: obj=169396259.472935, maxRC=4133897.717922, +5 cols
    [CG]   [DIAG] iter=4 posCols=5 newCols=5 effImprove=5 updated=0
    [CG] 列生成收敛，共 5 轮迭代
    [CG] [CG-NODE] depth=0 exit=CERTIFIED certified=1 feasible=1 iters=5 generatedColsBeforeNode=0 newCols=57 posCandidates=57 duplicateCandidates=0 updatedCols=0 zeroObjImproveIters=0 objFirst=142736833.184911 objLast=173614522.120309 objGain=30877688.935398 maxRC=59457125.544267 wallSec=0.007660 pricingSec=0.005125 cplexSolveSec=0.001327
      [BB] 根节点即为整数解，obj=173614522.120309
    [CG] CG iter 4: obj=169520818.666429, maxRC=4189387.300462, +5 cols
    [CG]   [DIAG] iter=4 posCols=5 newCols=5 effImprove=5 updated=0
    [CG] 列生成收敛，共 5 轮迭代
    [CG] [CG-NODE] depth=0 exit=CERTIFIED certified=1 feasible=1 iters=5 generatedColsBeforeNode=0 newCols=57 posCandidates=57 duplicateCandidates=0 updatedCols=0 zeroObjImproveIters=0 objFirst=143005864.938255 objLast=173748307.024036 objGain=30742442.085782 maxRC=59403547.783701 wallSec=0.011746 pricingSec=0.007945 cplexSolveSec=0.001985
    [CG] CG iter 3: obj=166874738.235225, maxRC=6251783.081759, +12 cols
      [BB] 根节点即为整数解，obj=173748307.024036
    [CG]   [DIAG] iter=3 posCols=12 newCols=12 effImprove=12 updated=0
    [CG] CG iter 4: obj=169577958.670993, maxRC=4141275.617596, +5 cols
    [CG]   [DIAG] iter=4 posCols=5 newCols=5 effImprove=5 updated=0
    [CG] 列生成收敛，共 5 轮迭代
    [CG] [CG-NODE] depth=0 exit=CERTIFIED certified=1 feasible=1 iters=5 generatedColsBeforeNode=0 newCols=57 posCandidates=57 duplicateCandidates=0 updatedCols=0 zeroObjImproveIters=0 objFirst=142953169.750358 objLast=173785318.379276 objGain=30832148.628918 maxRC=59480171.265502 wallSec=0.017116 pricingSec=0.011519 cplexSolveSec=0.003171
      [BB] 根节点即为整数解，obj=173785318.379276
    [CG] CG iter 1: obj=143016986.717679, maxRC=59516957.238947, +23 cols
    [CG] CG iter 1: obj=143098967.766416, maxRC=59518325.011962, +23 cols
    [CG]   [DIAG] iter=1 posCols=23 newCols=23 effImprove=23 updated=0
    [CG]   [DIAG] iter=1 posCols=23 newCols=23 effImprove=23 updated=0
    [CG] CG iter 1: obj=143063073.037118, maxRC=59510373.130750, +23 cols
    [CG]   [DIAG] iter=1 posCols=23 newCols=23 effImprove=23 updated=0
    [CG] CG iter 2: obj=160537640.911136, maxRC=10702155.896399, +17 cols
    [CG]   [DIAG] iter=2 posCols=17 newCols=17 effImprove=17 updated=0
    [CG] CG iter 2: obj=160594349.584621, maxRC=10622209.962901, +17 cols
    [CG]   [DIAG] iter=2 posCols=17 newCols=17 effImprove=17 updated=0
    [CG] CG iter 2: obj=160547041.261946, maxRC=10624541.817207, +17 cols
    [CG] CG iter 3: obj=166883739.408123, maxRC=6240396.145744, +12 cols
    [CG]   [DIAG] iter=3 posCols=12 newCols=12 effImprove=12 updated=0
    [CG]   [DIAG] iter=2 posCols=17 newCols=17 effImprove=17 updated=0
    [CG] CG iter 4: obj=169589330.409042, maxRC=4108996.030767, +7 cols
    [CG] CG iter 3: obj=166974087.454891, maxRC=6257389.963872, +12 cols
    [CG]   [DIAG] iter=4 posCols=7 newCols=7 effImprove=7 updated=0
    [CG]   [DIAG] iter=3 posCols=12 newCols=12 effImprove=12 updated=0
    [CG] 列生成收敛，共 5 轮迭代
    [CG] [CG-NODE] depth=0 exit=CERTIFIED certified=1 feasible=1 iters=5 generatedColsBeforeNode=0 newCols=59 posCandidates=59 duplicateCandidates=0 updatedCols=0 zeroObjImproveIters=0 objFirst=143098967.766416 objLast=173787616.458356 objGain=30688648.691940 maxRC=59518325.011962 wallSec=0.011004 pricingSec=0.007620 cplexSolveSec=0.001714
    [CG] CG iter 4: obj=169662698.758017, maxRC=4132218.392749, +5 cols
      [BB] 根节点即为整数解，obj=173787616.458356
    [CG]   [DIAG] iter=4 posCols=5 newCols=5 effImprove=5 updated=0
    [CG] CG iter 3: obj=166913765.221488, maxRC=6245617.594171, +12 cols
    [CG]   [DIAG] iter=3 posCols=12 newCols=12 effImprove=12 updated=0
    [CG] 列生成收敛，共 5 轮迭代
    [CG] [CG-NODE] depth=0 exit=CERTIFIED certified=1 feasible=1 iters=5 generatedColsBeforeNode=0 newCols=57 posCandidates=57 duplicateCandidates=0 updatedCols=0 zeroObjImproveIters=0 objFirst=143063073.037118 objLast=173883058.804035 objGain=30819985.766917 maxRC=59510373.130750 wallSec=0.011376 pricingSec=0.007933 cplexSolveSec=0.001769
      [BB] 根节点即为整数解，obj=173883058.804035
    [CG] CG iter 4: obj=169602144.255505, maxRC=4121086.850914, +5 cols
    [CG]   [DIAG] iter=4 posCols=5 newCols=5 effImprove=5 updated=0
    [CG] 列生成收敛，共 5 轮迭代
    [CG] [CG-NODE] depth=0 exit=CERTIFIED certified=1 feasible=1 iters=5 generatedColsBeforeNode=0 newCols=57 posCandidates=57 duplicateCandidates=0 updatedCols=0 zeroObjImproveIters=0 objFirst=143016986.717679 objLast=173829020.889056 objGain=30812034.171377 maxRC=59516957.238947 wallSec=0.013730 pricingSec=0.009239 cplexSolveSec=0.002560
      [BB] 根节点即为整数解，obj=173829020.889056
[GA] 代数 6: Best=173966640.23, Avg=173785328.52, Worst=173443658.86, Valid=30/30, 耗时=0.05s (连续6代未提升)
  ├─ 求解: 30 个体 fork 并行 | CG迭代=126 加列=1430 BB分支=0
  ├─ 并行墙钟=0.0544s | 串行等效(ΣBP)=0.3454s | 加速比=6.35x
  ├─ 管理开销=-0.2910s (fork=0.0035 wait=0.0504 merge=0.0004)
  └─ CG明细: gen_logs/run_gen6_ind{0..29}.log
    [CG] 列生成开始，初始列数=128
    [CG] 列生成开始，初始列数=128
    [CG] 列生成开始，初始列数=128
    [CG] 列生成开始，初始列数=128
    [CG] 列生成开始，初始列数=128
    [CG] 列生成开始，初始列数=128
    [CG] 列生成开始，初始列数=128
    [CG] 列生成开始，初始列数=128
    [CG] CG iter 1: obj=142811261.275135, maxRC=59301954.869008, +23 cols
    [CG]   [DIAG] iter=1 posCols=23 newCols=23 effImprove=23 updated=0
    [CG] CG iter 1: obj=143160439.259113, maxRC=59519644.562382, +23 cols
    [CG]   [DIAG] iter=1 posCols=23 newCols=23 effImprove=23 updated=0
    [CG] CG iter 1: obj=142859254.196463, maxRC=59384673.640193, +23 cols
    [CG] CG iter 2: obj=160263558.012236, maxRC=10494760.528186, +17 cols
    [CG]   [DIAG] iter=1 posCols=23 newCols=23 effImprove=23 updated=0
    [CG]   [DIAG] iter=2 posCols=17 newCols=17 effImprove=17 updated=0
    [CG] CG iter 2: obj=160610651.675844, maxRC=10623321.672154, +17 cols
    [CG]   [DIAG] iter=2 posCols=17 newCols=17 effImprove=17 updated=0
    [CG] CG iter 3: obj=166687627.486293, maxRC=6261520.506116, +12 cols
    [CG]   [DIAG] iter=3 posCols=12 newCols=12 effImprove=12 updated=0
    [CG] CG iter 3: obj=166960590.354030, maxRC=6271283.723446, +11 cols
    [CG] CG iter 2: obj=160356997.819093, maxRC=10543986.222354, +17 cols
    [CG]   [DIAG] iter=3 posCols=11 newCols=11 effImprove=11 updated=0
    [CG]   [DIAG] iter=2 posCols=17 newCols=17 effImprove=17 updated=0
    [CG] CG iter 1: obj=143073246.584480, maxRC=59512149.313786, +23 cols
    [CG]   [DIAG] iter=1 posCols=23 newCols=23 effImprove=23 updated=0
    [CG] CG iter 4: obj=169391690.447863, maxRC=4233257.977023, +5 cols
    [CG]   [DIAG] iter=4 posCols=5 newCols=5 effImprove=5 updated=0
    [CG] CG iter 4: obj=169617836.899309, maxRC=4103549.653244, +5 cols
    [CG]   [DIAG] iter=4 posCols=5 newCols=5 effImprove=5 updated=0
    [CG] 列生成收敛，共 5 轮迭代
    [CG] 列生成收敛，共 5 轮迭代
    [CG] [CG-NODE] depth=0 exit=CERTIFIED certified=1 feasible=1 iters=5 generatedColsBeforeNode=0 newCols=57 posCandidates=57 duplicateCandidates=0 updatedCols=0 zeroObjImproveIters=0 objFirst=142811261.275135 objLast=173624948.424886 objGain=30813687.149751 maxRC=59301954.869008 wallSec=0.008767 pricingSec=0.005835 cplexSolveSec=0.001578
    [CG] [CG-NODE] depth=0 exit=CERTIFIED certified=1 feasible=1 iters=5 generatedColsBeforeNode=0 newCols=56 posCandidates=56 duplicateCandidates=0 updatedCols=0 zeroObjImproveIters=0 objFirst=143160439.259113 objLast=173837489.799707 objGain=30677050.540595 maxRC=59519644.562382 wallSec=0.008264 pricingSec=0.005460 cplexSolveSec=0.001475
    [CG] CG iter 1: obj=143026572.511433, maxRC=59512339.422101, +23 cols
    [CG] CG iter 3: obj=166746696.448919, maxRC=6250837.196983, +12 cols
    [CG]   [DIAG] iter=3 posCols=12 newCols=12 effImprove=12 updated=0
      [BB] 根节点即为整数解，obj=173837489.799707
      [BB] 根节点即为整数解，obj=173624948.424886
    [CG]   [DIAG] iter=1 posCols=23 newCols=23 effImprove=23 updated=0
    [CG] CG iter 1: obj=143087665.147330, maxRC=59519596.798480, +23 cols
    [CG] CG iter 2: obj=160592081.455497, maxRC=10623473.363787, +17 cols
    [CG] CG iter 4: obj=169436680.867211, maxRC=4177720.963160, +5 cols
    [CG]   [DIAG] iter=4 posCols=5 newCols=5 effImprove=5 updated=0
    [CG]   [DIAG] iter=2 posCols=17 newCols=17 effImprove=17 updated=0
    [CG]   [DIAG] iter=1 posCols=23 newCols=23 effImprove=23 updated=0
    [CG] 列生成收敛，共 5 轮迭代
    [CG] [CG-NODE] depth=0 exit=CERTIFIED certified=1 feasible=1 iters=5 generatedColsBeforeNode=0 newCols=57 posCandidates=57 duplicateCandidates=0 updatedCols=0 zeroObjImproveIters=0 objFirst=142859254.196463 objLast=173671657.369886 objGain=30812403.173423 maxRC=59384673.640193 wallSec=0.010019 pricingSec=0.006777 cplexSolveSec=0.001786
    [CG] CG iter 2: obj=160562013.118349, maxRC=10670168.945500, +17 cols
    [CG]   [DIAG] iter=2 posCols=17 newCols=17 effImprove=17 updated=0
    [CG] CG iter 2: obj=160556364.234435, maxRC=10623319.467039, +17 cols
    [CG]   [DIAG] iter=2 posCols=17 newCols=17 effImprove=17 updated=0
      [BB] 根节点即为整数解，obj=173671657.369886
    [CG] 列生成开始，初始列数=128
    [CG] CG iter 3: obj=166975301.789764, maxRC=6252340.166186, +12 cols
    [CG] CG iter 3: obj=166885053.985167, maxRC=6262237.001240, +11 cols
    [CG]   [DIAG] iter=3 posCols=12 newCols=12 effImprove=12 updated=0
    [CG]   [DIAG] iter=3 posCols=11 newCols=11 effImprove=11 updated=0
    [CG] 列生成开始，初始列数=128
    [CG] CG iter 3: obj=166922538.536447, maxRC=6249894.009333, +12 cols
    [CG] CG iter 4: obj=169533253.031022, maxRC=4084770.664144, +5 cols
    [CG]   [DIAG] iter=4 posCols=5 newCols=5 effImprove=5 updated=0
    [CG]   [DIAG] iter=3 posCols=12 newCols=12 effImprove=12 updated=0
    [CG] CG iter 4: obj=169669922.476900, maxRC=4134867.830903, +5 cols
    [CG] 列生成收敛，共 5 轮迭代
    [CG] [CG-NODE] depth=0 exit=CERTIFIED certified=1 feasible=1 iters=5 generatedColsBeforeNode=0 newCols=56 posCandidates=56 duplicateCandidates=0 updatedCols=0 zeroObjImproveIters=0 objFirst=143087665.147330 objLast=173760646.606955 objGain=30672981.459626 maxRC=59519596.798480 wallSec=0.011288 pricingSec=0.007313 cplexSolveSec=0.001663
    [CG]   [DIAG] iter=4 posCols=5 newCols=5 effImprove=5 updated=0
      [BB] 根节点即为整数解，obj=173760646.606955
    [CG] CG iter 4: obj=169621099.982209, maxRC=4119351.791583, +5 cols
    [CG]   [DIAG] iter=4 posCols=5 newCols=5 effImprove=5 updated=0
    [CG] 列生成收敛，共 5 轮迭代
    [CG] [CG-NODE] depth=0 exit=CERTIFIED certified=1 feasible=1 iters=5 generatedColsBeforeNode=0 newCols=57 posCandidates=57 duplicateCandidates=0 updatedCols=0 zeroObjImproveIters=0 objFirst=143073246.584480 objLast=173891703.996372 objGain=30818457.411892 maxRC=59512149.313786 wallSec=0.012675 pricingSec=0.008581 cplexSolveSec=0.002233
    [CG] 列生成开始，初始列数=128
      [BB] 根节点即为整数解，obj=173891703.996372
    [CG] 列生成收敛，共 5 轮迭代
    [CG] [CG-NODE] depth=0 exit=CERTIFIED certified=1 feasible=1 iters=5 generatedColsBeforeNode=0 newCols=57 posCandidates=57 duplicateCandidates=0 updatedCols=0 zeroObjImproveIters=0 objFirst=143026572.511433 objLast=173827193.400291 objGain=30800620.888858 maxRC=59512339.422101 wallSec=0.012109 pricingSec=0.008402 cplexSolveSec=0.002074
      [BB] 根节点即为整数解，obj=173827193.400291
    [CG] CG iter 1: obj=143055512.565829, maxRC=59518378.314275, +23 cols
    [CG]   [DIAG] iter=1 posCols=23 newCols=23 effImprove=23 updated=0
    [CG] 列生成开始，初始列数=128
    [CG] CG iter 1: obj=143035775.340275, maxRC=59510373.130750, +23 cols
    [CG] CG iter 1: obj=143224074.728311, maxRC=59518087.524368, +23 cols
    [CG]   [DIAG] iter=1 posCols=23 newCols=23 effImprove=23 updated=0
    [CG]   [DIAG] iter=1 posCols=23 newCols=23 effImprove=23 updated=0
    [CG] CG iter 2: obj=160485985.850167, maxRC=10707108.409228, +17 cols
    [CG]   [DIAG] iter=2 posCols=17 newCols=17 effImprove=17 updated=0
    [CG] 列生成开始，初始列数=128
    [CG] CG iter 2: obj=160564118.056011, maxRC=10667046.837474, +17 cols
    [CG]   [DIAG] iter=2 posCols=17 newCols=17 effImprove=17 updated=0
    [CG] 列生成开始，初始列数=128
    [CG] CG iter 3: obj=166926050.380971, maxRC=6249890.796139, +12 cols
    [CG]   [DIAG] iter=3 posCols=12 newCols=12 effImprove=12 updated=0
    [CG] CG iter 3: obj=166828636.550023, maxRC=6240192.532136, +12 cols
    [CG]   [DIAG] iter=3 posCols=12 newCols=12 effImprove=12 updated=0
    [CG] CG iter 2: obj=160593597.350379, maxRC=10622221.960574, +17 cols
    [CG]   [DIAG] iter=2 posCols=17 newCols=17 effImprove=17 updated=0
    [CG] CG iter 4: obj=169624041.343022, maxRC=4120666.661556, +5 cols
    [CG]   [DIAG] iter=4 posCols=5 newCols=5 effImprove=5 updated=0
    [CG] 列生成收敛，共 5 轮迭代
    [CG] [CG-NODE] depth=0 exit=CERTIFIED certified=1 feasible=1 iters=5 generatedColsBeforeNode=0 newCols=57 posCandidates=57 duplicateCandidates=0 updatedCols=0 zeroObjImproveIters=0 objFirst=143035775.340275 objLast=173830758.456085 objGain=30794983.115810 maxRC=59510373.130750 wallSec=0.006667 pricingSec=0.004431 cplexSolveSec=0.001182
    [CG] CG iter 4: obj=169533868.786713, maxRC=4106395.672977, +7 cols
      [BB] 根节点即为整数解，obj=173830758.456085
    [CG]   [DIAG] iter=4 posCols=7 newCols=7 effImprove=7 updated=0
    [CG] 列生成收敛，共 5 轮迭代
    [CG] [CG-NODE] depth=0 exit=CERTIFIED certified=1 feasible=1 iters=5 generatedColsBeforeNode=0 newCols=59 posCandidates=59 duplicateCandidates=0 updatedCols=0 zeroObjImproveIters=0 objFirst=143055512.565829 objLast=173730633.733655 objGain=30675121.167826 maxRC=59518378.314275 wallSec=0.016926 pricingSec=0.011954 cplexSolveSec=0.002463
      [BB] 根节点即为整数解，obj=173730633.733655
    [CG] CG iter 3: obj=166985909.327899, maxRC=6257607.183867, +12 cols
    [CG]   [DIAG] iter=3 posCols=12 newCols=12 effImprove=12 updated=0
    [CG] CG iter 1: obj=143069797.145020, maxRC=59476251.031266, +23 cols
    [CG]   [DIAG] iter=1 posCols=23 newCols=23 effImprove=23 updated=0
    [CG] CG iter 1: obj=142847947.361150, maxRC=59489782.287766, +23 cols
    [CG]   [DIAG] iter=1 posCols=23 newCols=23 effImprove=23 updated=0
    [CG] 列生成开始，初始列数=128
    [CG] CG iter 4: obj=169686649.433442, maxRC=4144545.602540, +5 cols
    [CG]   [DIAG] iter=4 posCols=5 newCols=5 effImprove=5 updated=0
    [CG] CG iter 2: obj=160533221.270750, maxRC=10598618.264749, +17 cols
    [CG]   [DIAG] iter=2 posCols=17 newCols=17 effImprove=17 updated=0
    [CG] CG iter 2: obj=160418591.976576, maxRC=10615445.326302, +17 cols
    [CG] CG iter 1: obj=143065717.220678, maxRC=59519644.562382, +23 cols
    [CG]   [DIAG] iter=2 posCols=17 newCols=17 effImprove=17 updated=0
    [CG] 列生成收敛，共 5 轮迭代
    [CG] [CG-NODE] depth=0 exit=CERTIFIED certified=1 feasible=1 iters=5 generatedColsBeforeNode=0 newCols=57 posCandidates=57 duplicateCandidates=0 updatedCols=0 zeroObjImproveIters=0 objFirst=143224074.728311 objLast=173905100.068747 objGain=30681025.340436 maxRC=59518087.524368 wallSec=0.018512 pricingSec=0.012851 cplexSolveSec=0.002947
    [CG]   [DIAG] iter=1 posCols=23 newCols=23 effImprove=23 updated=0
      [BB] 根节点即为整数解，obj=173905100.068747
    [CG] CG iter 1: obj=143078551.343394, maxRC=59507724.641339, +23 cols
    [CG] CG iter 3: obj=166928992.079888, maxRC=6255510.034499, +12 cols
    [CG]   [DIAG] iter=3 posCols=12 newCols=12 effImprove=12 updated=0
    [CG]   [DIAG] iter=1 posCols=23 newCols=23 effImprove=23 updated=0
    [CG] CG iter 3: obj=166764765.335097, maxRC=6237984.593667, +12 cols
    [CG]   [DIAG] iter=3 posCols=12 newCols=12 effImprove=12 updated=0
    [CG] CG iter 4: obj=169628547.173160, maxRC=4159304.853474, +5 cols
    [CG]   [DIAG] iter=4 posCols=5 newCols=5 effImprove=5 updated=0
    [CG] CG iter 4: obj=169443210.020139, maxRC=4108415.337916, +5 cols
    [CG]   [DIAG] iter=4 posCols=5 newCols=5 effImprove=5 updated=0
    [CG] 列生成开始，初始列数=128
    [CG] CG iter 2: obj=160535392.786497, maxRC=10615433.896127, +17 cols
    [CG]   [DIAG] iter=2 posCols=17 newCols=17 effImprove=17 updated=0
    [CG] 列生成收敛，共 5 轮迭代
    [CG] [CG-NODE] depth=0 exit=CERTIFIED certified=1 feasible=1 iters=5 generatedColsBeforeNode=0 newCols=57 posCandidates=57 duplicateCandidates=0 updatedCols=0 zeroObjImproveIters=0 objFirst=143069797.145020 objLast=173850072.946529 objGain=30780275.801510 maxRC=59476251.031266 wallSec=0.009139 pricingSec=0.006127 cplexSolveSec=0.001612
    [CG] CG iter 2: obj=160552833.166568, maxRC=10697202.727863, +17 cols
    [CG] 列生成收敛，共 5 轮迭代
      [BB] 根节点即为整数解，obj=173850072.946529
    [CG] [CG-NODE] depth=0 exit=CERTIFIED certified=1 feasible=1 iters=5 generatedColsBeforeNode=0 newCols=57 posCandidates=57 duplicateCandidates=0 updatedCols=0 zeroObjImproveIters=0 objFirst=142847947.361150 objLast=173677983.215711 objGain=30830035.854561 maxRC=59489782.287766 wallSec=0.008074 pricingSec=0.005343 cplexSolveSec=0.001462
    [CG]   [DIAG] iter=2 posCols=17 newCols=17 effImprove=17 updated=0
      [BB] 根节点即为整数解，obj=173677983.215711
    [CG] CG iter 3: obj=166866037.534626, maxRC=6262703.535120, +11 cols
    [CG]   [DIAG] iter=3 posCols=11 newCols=11 effImprove=11 updated=0
    [CG] CG iter 4: obj=169514713.093494, maxRC=4090230.501660, +5 cols
    [CG]   [DIAG] iter=4 posCols=5 newCols=5 effImprove=5 updated=0
    [CG] 列生成开始，初始列数=128
    [CG] 列生成收敛，共 5 轮迭代
    [CG] [CG-NODE] depth=0 exit=CERTIFIED certified=1 feasible=1 iters=5 generatedColsBeforeNode=0 newCols=56 posCandidates=56 duplicateCandidates=0 updatedCols=0 zeroObjImproveIters=0 objFirst=143078551.343394 objLast=173742814.155433 objGain=30664262.812039 maxRC=59507724.641339 wallSec=0.008148 pricingSec=0.005533 cplexSolveSec=0.001462
    [CG] CG iter 3: obj=166868959.011414, maxRC=6261149.166090, +11 cols
    [CG]   [DIAG] iter=3 posCols=11 newCols=11 effImprove=11 updated=0
      [BB] 根节点即为整数解，obj=173742814.155433
    [CG] 列生成开始，初始列数=128
    [CG] 列生成开始，初始列数=128
    [CG] CG iter 4: obj=169538605.416322, maxRC=4080933.772165, +5 cols
    [CG]   [DIAG] iter=4 posCols=5 newCols=5 effImprove=5 updated=0
    [CG] 列生成收敛，共 5 轮迭代
    [CG] 列生成开始，初始列数=128
    [CG] [CG-NODE] depth=0 exit=CERTIFIED certified=1 feasible=1 iters=5 generatedColsBeforeNode=0 newCols=56 posCandidates=56 duplicateCandidates=0 updatedCols=0 zeroObjImproveIters=0 objFirst=143065717.220678 objLast=173735757.021165 objGain=30670039.800487 maxRC=59519644.562382 wallSec=0.013861 pricingSec=0.009577 cplexSolveSec=0.002420
      [BB] 根节点即为整数解，obj=173735757.021165
    [CG] CG iter 1: obj=142957161.336563, maxRC=59484109.992108, +23 cols
    [CG]   [DIAG] iter=1 posCols=23 newCols=23 effImprove=23 updated=0
    [CG] CG iter 2: obj=160487702.219934, maxRC=10647300.458167, +17 cols
    [CG] CG iter 1: obj=143153610.643540, maxRC=59519627.136944, +23 cols
    [CG]   [DIAG] iter=2 posCols=17 newCols=17 effImprove=17 updated=0
    [CG]   [DIAG] iter=1 posCols=23 newCols=23 effImprove=23 updated=0
    [CG] 列生成开始，初始列数=128
    [CG] CG iter 3: obj=166841389.749183, maxRC=6241876.697877, +12 cols
    [CG]   [DIAG] iter=3 posCols=12 newCols=12 effImprove=12 updated=0
    [CG] CG iter 1: obj=142950007.360433, maxRC=59502109.480244, +23 cols
    [CG]   [DIAG] iter=1 posCols=23 newCols=23 effImprove=23 updated=0
    [CG] CG iter 2: obj=160610412.676092, maxRC=10623321.672154, +17 cols
    [CG]   [DIAG] iter=2 posCols=17 newCols=17 effImprove=17 updated=0
    [CG] CG iter 4: obj=169534954.163833, maxRC=4120359.453905, +5 cols
    [CG]   [DIAG] iter=4 posCols=5 newCols=5 effImprove=5 updated=0
    [CG] CG iter 1: obj=143211917.482873, maxRC=59519690.651691, +23 cols
    [CG] CG iter 2: obj=160602458.708770, maxRC=10623641.912245, +17 cols
    [CG]   [DIAG] iter=2 posCols=17 newCols=17 effImprove=17 updated=0
    [CG]   [DIAG] iter=1 posCols=23 newCols=23 effImprove=23 updated=0
    [CG] 列生成收敛，共 5 轮迭代
    [CG] [CG-NODE] depth=0 exit=CERTIFIED certified=1 feasible=1 iters=5 generatedColsBeforeNode=0 newCols=57 posCandidates=57 duplicateCandidates=0 updatedCols=0 zeroObjImproveIters=0 objFirst=142957161.336563 objLast=173750870.305046 objGain=30793708.968483 maxRC=59484109.992108 wallSec=0.009942 pricingSec=0.006679 cplexSolveSec=0.001793
      [BB] 根节点即为整数解，obj=173750870.305046
    [CG] CG iter 3: obj=166960258.905712, maxRC=6271245.073086, +11 cols
    [CG] CG iter 2: obj=160602896.882361, maxRC=10623504.849969, +17 cols
    [CG] CG iter 3: obj=166990891.569239, maxRC=6254709.660835, +12 cols
    [CG]   [DIAG] iter=2 posCols=17 newCols=17 effImprove=17 updated=0
    [CG]   [DIAG] iter=3 posCols=11 newCols=11 effImprove=11 updated=0
    [CG]   [DIAG] iter=3 posCols=12 newCols=12 effImprove=12 updated=0
    [CG] CG iter 1: obj=142966731.255845, maxRC=59516957.238947, +23 cols
    [CG]   [DIAG] iter=1 posCols=23 newCols=23 effImprove=23 updated=0
    [CG] CG iter 4: obj=169688143.685527, maxRC=4140240.314812, +5 cols
    [CG]   [DIAG] iter=4 posCols=5 newCols=5 effImprove=5 updated=0
    [CG] CG iter 3: obj=166990384.379955, maxRC=6254124.488715, +12 cols
    [CG]   [DIAG] iter=3 posCols=12 newCols=12 effImprove=12 updated=0
    [CG] CG iter 4: obj=169617466.800631, maxRC=4103468.189150, +5 cols
    [CG]   [DIAG] iter=4 posCols=5 newCols=5 effImprove=5 updated=0
    [CG] 列生成收敛，共 5 轮迭代
    [CG] [CG-NODE] depth=0 exit=CERTIFIED certified=1 feasible=1 iters=5 generatedColsBeforeNode=0 newCols=57 posCandidates=57 duplicateCandidates=0 updatedCols=0 zeroObjImproveIters=0 objFirst=142950007.360433 objLast=173907503.648513 objGain=30957496.288080 maxRC=59502109.480244 wallSec=0.007081 pricingSec=0.004756 cplexSolveSec=0.001255
      [BB] 根节点即为整数解，obj=173907503.648513
    [CG] CG iter 4: obj=169686801.460531, maxRC=4138628.132146, +5 cols
    [CG]   [DIAG] iter=4 posCols=5 newCols=5 effImprove=5 updated=0
    [CG] CG iter 2: obj=160522332.326435, maxRC=10656682.836542, +17 cols
    [CG]   [DIAG] iter=2 posCols=17 newCols=17 effImprove=17 updated=0
    [CG] 列生成收敛，共 5 轮迭代
    [CG] [CG-NODE] depth=0 exit=CERTIFIED certified=1 feasible=1 iters=5 generatedColsBeforeNode=0 newCols=57 posCandidates=57 duplicateCandidates=0 updatedCols=0 zeroObjImproveIters=0 objFirst=143211917.482873 objLast=173907048.792486 objGain=30695131.309613 maxRC=59519690.651691 wallSec=0.006124 pricingSec=0.004044 cplexSolveSec=0.001114
    [CG] 列生成收敛，共 5 轮迭代
    [CG] [CG-NODE] depth=0 exit=CERTIFIED certified=1 feasible=1 iters=5 generatedColsBeforeNode=0 newCols=56 posCandidates=56 duplicateCandidates=0 updatedCols=0 zeroObjImproveIters=0 objFirst=143153610.643540 objLast=173837152.822459 objGain=30683542.178919 maxRC=59519627.136944 wallSec=0.015495 pricingSec=0.010729 cplexSolveSec=0.002523
      [BB] 根节点即为整数解，obj=173907048.792486
    [CG] 列生成开始，初始列数=128
      [BB] 根节点即为整数解，obj=173837152.822459
    [CG] CG iter 1: obj=143057071.419801, maxRC=59513786.873314, +23 cols
    [CG]   [DIAG] iter=1 posCols=23 newCols=23 effImprove=23 updated=0
    [CG] CG iter 1: obj=143129871.817168, maxRC=59518203.419731, +23 cols
    [CG]   [DIAG] iter=1 posCols=23 newCols=23 effImprove=23 updated=0
    [CG] CG iter 3: obj=166866280.374503, maxRC=6244518.447866, +12 cols
    [CG]   [DIAG] iter=3 posCols=12 newCols=12 effImprove=12 updated=0
    [CG] CG iter 2: obj=160610379.117457, maxRC=10623305.693205, +17 cols
    [CG]   [DIAG] iter=2 posCols=17 newCols=17 effImprove=17 updated=0
    [CG] CG iter 4: obj=169551888.793671, maxRC=4103946.261642, +5 cols
    [CG]   [DIAG] iter=4 posCols=5 newCols=5 effImprove=5 updated=0
    [CG] 列生成开始，初始列数=128
    [CG] CG iter 3: obj=166960224.783121, maxRC=6271247.160217, +11 cols
    [CG] CG iter 2: obj=160610058.230374, maxRC=10623321.672154, +17 cols
    [CG]   [DIAG] iter=3 posCols=11 newCols=11 effImprove=11 updated=0
    [CG] 列生成收敛，共 5 轮迭代
    [CG] [CG-NODE] depth=0 exit=CERTIFIED certified=1 feasible=1 iters=5 generatedColsBeforeNode=0 newCols=57 posCandidates=57 duplicateCandidates=0 updatedCols=0 zeroObjImproveIters=0 objFirst=142966731.255845 objLast=173768976.972673 objGain=30802245.716829 maxRC=59516957.238947 wallSec=0.010505 pricingSec=0.006946 cplexSolveSec=0.001883
    [CG]   [DIAG] iter=2 posCols=17 newCols=17 effImprove=17 updated=0
      [BB] 根节点即为整数解，obj=173768976.972673
    [CG] 列生成开始，初始列数=128
    [CG] CG iter 1: obj=143061822.621102, maxRC=59510373.130750, +23 cols
    [CG] CG iter 4: obj=169617422.694261, maxRC=4103480.260061, +5 cols
    [CG]   [DIAG] iter=4 posCols=5 newCols=5 effImprove=5 updated=0
    [CG]   [DIAG] iter=1 posCols=23 newCols=23 effImprove=23 updated=0
    [CG] 列生成开始，初始列数=128
    [CG] 列生成收敛，共 5 轮迭代
    [CG] [CG-NODE] depth=0 exit=CERTIFIED certified=1 feasible=1 iters=5 generatedColsBeforeNode=0 newCols=56 posCandidates=56 duplicateCandidates=0 updatedCols=0 zeroObjImproveIters=0 objFirst=143057071.419801 objLast=173837120.786999 objGain=30780049.367198 maxRC=59513786.873314 wallSec=0.006941 pricingSec=0.004576 cplexSolveSec=0.001226
      [BB] 根节点即为整数解，obj=173837120.786999
    [CG] CG iter 3: obj=166959897.422297, maxRC=6271252.110782, +11 cols
    [CG]   [DIAG] iter=3 posCols=11 newCols=11 effImprove=11 updated=0
    [CG] CG iter 4: obj=169617112.354913, maxRC=4103468.189150, +5 cols
    [CG]   [DIAG] iter=4 posCols=5 newCols=5 effImprove=5 updated=0
    [CG] CG iter 2: obj=160594349.584621, maxRC=10622209.962901, +17 cols
    [CG]   [DIAG] iter=2 posCols=17 newCols=17 effImprove=17 updated=0
    [CG] 列生成收敛，共 5 轮迭代
    [CG] [CG-NODE] depth=0 exit=CERTIFIED certified=1 feasible=1 iters=5 generatedColsBeforeNode=0 newCols=56 posCandidates=56 duplicateCandidates=0 updatedCols=0 zeroObjImproveIters=0 objFirst=143129871.817168 objLast=173836798.376741 objGain=30706926.559573 maxRC=59518203.419731 wallSec=0.011964 pricingSec=0.008280 cplexSolveSec=0.002104
      [BB] 根节点即为整数解，obj=173836798.376741
    [CG] CG iter 1: obj=143166203.712172, maxRC=59519644.562382, +23 cols
    [CG] CG iter 3: obj=166973462.246883, maxRC=6257653.721586, +12 cols
    [CG]   [DIAG] iter=3 posCols=12 newCols=12 effImprove=12 updated=0
    [CG]   [DIAG] iter=1 posCols=23 newCols=23 effImprove=23 updated=0
    [CG] CG iter 4: obj=169661448.342001, maxRC=4131642.984272, +5 cols
    [CG]   [DIAG] iter=4 posCols=5 newCols=5 effImprove=5 updated=0
    [CG] CG iter 2: obj=160615504.602187, maxRC=10623321.672154, +17 cols
    [CG] 列生成收敛，共 5 轮迭代
    [CG]   [DIAG] iter=2 posCols=17 newCols=17 effImprove=17 updated=0
    [CG] [CG-NODE] depth=0 exit=CERTIFIED certified=1 feasible=1 iters=5 generatedColsBeforeNode=0 newCols=57 posCandidates=57 duplicateCandidates=0 updatedCols=0 zeroObjImproveIters=0 objFirst=143061822.621102 objLast=173881808.388019 objGain=30819985.766917 maxRC=59510373.130750 wallSec=0.017633 pricingSec=0.012196 cplexSolveSec=0.002874
      [BB] 根节点即为整数解，obj=173881808.388019
    [CG] CG iter 1: obj=143247935.731046, maxRC=59519752.128890, +23 cols
    [CG]   [DIAG] iter=1 posCols=23 newCols=23 effImprove=23 updated=0
    [CG] CG iter 3: obj=166965798.044787, maxRC=6270797.860105, +11 cols
    [CG]   [DIAG] iter=3 posCols=11 newCols=11 effImprove=11 updated=0
    [CG] CG iter 4: obj=169622558.726726, maxRC=4103468.189150, +5 cols
    [CG]   [DIAG] iter=4 posCols=5 newCols=5 effImprove=5 updated=0
    [CG] CG iter 2: obj=160621517.959569, maxRC=10623485.371715, +17 cols
    [CG]   [DIAG] iter=2 posCols=17 newCols=17 effImprove=17 updated=0
    [CG] 列生成收敛，共 5 轮迭代
    [CG] [CG-NODE] depth=0 exit=CERTIFIED certified=1 feasible=1 iters=5 generatedColsBeforeNode=0 newCols=56 posCandidates=56 duplicateCandidates=0 updatedCols=0 zeroObjImproveIters=0 objFirst=143166203.712172 objLast=173842244.748553 objGain=30676041.036381 maxRC=59519644.562382 wallSec=0.010354 pricingSec=0.006781 cplexSolveSec=0.002018
      [BB] 根节点即为整数解，obj=173842244.748553
    [CG] CG iter 3: obj=167015391.129597, maxRC=6255742.483752, +12 cols
    [CG]   [DIAG] iter=3 posCols=12 newCols=12 effImprove=12 updated=0
    [CG] CG iter 1: obj=143130580.846330, maxRC=59519766.154613, +23 cols
    [CG] CG iter 4: obj=169714266.535024, maxRC=4143805.047541, +5 cols
    [CG]   [DIAG] iter=4 posCols=5 newCols=5 effImprove=5 updated=0
    [CG]   [DIAG] iter=1 posCols=23 newCols=23 effImprove=23 updated=0
    [CG] CG iter 1: obj=143130240.338279, maxRC=59518203.419731, +23 cols
    [CG] 列生成收敛，共 5 轮迭代
    [CG] [CG-NODE] depth=0 exit=CERTIFIED certified=1 feasible=1 iters=5 generatedColsBeforeNode=0 newCols=57 posCandidates=57 duplicateCandidates=0 updatedCols=0 zeroObjImproveIters=0 objFirst=143247935.731046 objLast=173932662.622894 objGain=30684726.891848 maxRC=59519752.128890 wallSec=0.010910 pricingSec=0.007382 cplexSolveSec=0.001949
    [CG]   [DIAG] iter=1 posCols=23 newCols=23 effImprove=23 updated=0
      [BB] 根节点即为整数解，obj=173932662.622894
    [CG] CG iter 2: obj=160533914.408462, maxRC=10707089.410612, +17 cols
    [CG]   [DIAG] iter=2 posCols=17 newCols=17 effImprove=17 updated=0
    [CG] CG iter 2: obj=160610412.676092, maxRC=10623321.672154, +17 cols
    [CG]   [DIAG] iter=2 posCols=17 newCols=17 effImprove=17 updated=0
    [CG] CG iter 3: obj=166877775.908635, maxRC=6239716.226012, +12 cols
    [CG]   [DIAG] iter=3 posCols=12 newCols=12 effImprove=12 updated=0
    [CG] CG iter 4: obj=169584199.883917, maxRC=4107483.136673, +7 cols
    [CG]   [DIAG] iter=4 posCols=7 newCols=7 effImprove=7 updated=0
    [CG] CG iter 3: obj=166960258.905712, maxRC=6271245.073086, +11 cols
    [CG]   [DIAG] iter=3 posCols=11 newCols=11 effImprove=11 updated=0
    [CG] 列生成收敛，共 5 轮迭代
    [CG] [CG-NODE] depth=0 exit=CERTIFIED certified=1 feasible=1 iters=5 generatedColsBeforeNode=0 newCols=59 posCandidates=59 duplicateCandidates=0 updatedCols=0 zeroObjImproveIters=0 objFirst=143130580.846330 objLast=173780973.039137 objGain=30650392.192806 maxRC=59519766.154613 wallSec=0.013932 pricingSec=0.009834 cplexSolveSec=0.002262
      [BB] 根节点即为整数解，obj=173780973.039137
    [CG] CG iter 4: obj=169617466.800631, maxRC=4103468.189150, +5 cols
    [CG]   [DIAG] iter=4 posCols=5 newCols=5 effImprove=5 updated=0
    [CG] 列生成收敛，共 5 轮迭代
    [CG] [CG-NODE] depth=0 exit=CERTIFIED certified=1 feasible=1 iters=5 generatedColsBeforeNode=0 newCols=56 posCandidates=56 duplicateCandidates=0 updatedCols=0 zeroObjImproveIters=0 objFirst=143130240.338279 objLast=173837152.822459 objGain=30706912.484180 maxRC=59518203.419731 wallSec=0.015564 pricingSec=0.010780 cplexSolveSec=0.002643
      [BB] 根节点即为整数解，obj=173837152.822459
[GA] 代数 7: Best=173966640.23, Avg=173835481.66, Worst=173653834.11, Valid=30/30, 耗时=0.05s (连续7代未提升)
  ├─ 求解: 30 个体 fork 并行 | CG迭代=125 加列=1420 BB分支=0
  ├─ 并行墙钟=0.0479s | 串行等效(ΣBP)=0.2863s | 加速比=5.98x
  ├─ 管理开销=-0.2384s (fork=0.0037 wait=0.0437 merge=0.0004)
  └─ CG明细: gen_logs/run_gen7_ind{0..29}.log
    [CG] 列生成开始，初始列数=128
    [CG] 列生成开始，初始列数=128
    [CG] 列生成开始，初始列数=128
    [CG] 列生成开始，初始列数=128
    [CG] 列生成开始，初始列数=128
    [CG] 列生成开始，初始列数=128
    [CG] 列生成开始，初始列数=128
    [CG] 列生成开始，初始列数=128
    [CG] CG iter 1: obj=143142754.997522, maxRC=59518085.369157, +23 cols
    [CG]   [DIAG] iter=1 posCols=23 newCols=23 effImprove=23 updated=0
    [CG] CG iter 2: obj=160598202.657786, maxRC=10622254.236392, +17 cols
    [CG]   [DIAG] iter=2 posCols=17 newCols=17 effImprove=17 updated=0
    [CG] CG iter 3: obj=166950732.062997, maxRC=6274187.348075, +11 cols
    [CG]   [DIAG] iter=3 posCols=11 newCols=11 effImprove=11 updated=0
    [CG] CG iter 1: obj=143171652.159367, maxRC=59519643.816210, +23 cols
    [CG]   [DIAG] iter=1 posCols=23 newCols=23 effImprove=23 updated=0
    [CG] CG iter 4: obj=169610881.455687, maxRC=4107506.216639, +5 cols
    [CG]   [DIAG] iter=4 posCols=5 newCols=5 effImprove=5 updated=0
    [CG] 列生成收敛，共 5 轮迭代
    [CG] [CG-NODE] depth=0 exit=CERTIFIED certified=1 feasible=1 iters=5 generatedColsBeforeNode=0 newCols=56 posCandidates=56 duplicateCandidates=0 updatedCols=0 zeroObjImproveIters=0 objFirst=143142754.997522 objLast=173829332.868211 objGain=30686577.870688 maxRC=59518085.369157 wallSec=0.008571 pricingSec=0.005670 cplexSolveSec=0.001561
      [BB] 根节点即为整数解，obj=173829332.868211
    [CG] CG iter 2: obj=160554077.669460, maxRC=10623321.672154, +17 cols
    [CG] CG iter 1: obj=143254122.464265, maxRC=59519752.128890, +23 cols
    [CG]   [DIAG] iter=2 posCols=17 newCols=17 effImprove=17 updated=0
    [CG]   [DIAG] iter=1 posCols=23 newCols=23 effImprove=23 updated=0
    [CG] CG iter 3: obj=166922741.502376, maxRC=6245457.250519, +12 cols
    [CG] CG iter 1: obj=143156139.000128, maxRC=59519635.851805, +23 cols
    [CG]   [DIAG] iter=3 posCols=12 newCols=12 effImprove=12 updated=0
    [CG]   [DIAG] iter=1 posCols=23 newCols=23 effImprove=23 updated=0
    [CG] CG iter 2: obj=160626430.860997, maxRC=10623603.398459, +17 cols
    [CG]   [DIAG] iter=2 posCols=17 newCols=17 effImprove=17 updated=0
    [CG] CG iter 4: obj=169611331.674571, maxRC=4121790.153254, +5 cols
    [CG]   [DIAG] iter=4 posCols=5 newCols=5 effImprove=5 updated=0
    [CG] 列生成收敛，共 5 轮迭代
    [CG] [CG-NODE] depth=0 exit=CERTIFIED certified=1 feasible=1 iters=5 generatedColsBeforeNode=0 newCols=57 posCandidates=57 duplicateCandidates=0 updatedCols=0 zeroObjImproveIters=0 objFirst=143171652.159367 objLast=173838723.127575 objGain=30667070.968208 maxRC=59519643.816210 wallSec=0.011485 pricingSec=0.007666 cplexSolveSec=0.002087
    [CG] 列生成开始，初始列数=128
      [BB] 根节点即为整数解，obj=173838723.127575
    [CG] CG iter 2: obj=160556770.131888, maxRC=10623353.947972, +17 cols
    [CG]   [DIAG] iter=2 posCols=17 newCols=17 effImprove=17 updated=0
    [CG] CG iter 3: obj=167017946.071660, maxRC=6256270.966807, +12 cols
    [CG]   [DIAG] iter=3 posCols=12 newCols=12 effImprove=12 updated=0
    [CG] CG iter 1: obj=143052589.696428, maxRC=59513908.465544, +23 cols
    [CG]   [DIAG] iter=1 posCols=23 newCols=23 effImprove=23 updated=0
    [CG] CG iter 4: obj=169713643.566991, maxRC=4141478.616935, +5 cols
    [CG]   [DIAG] iter=4 posCols=5 newCols=5 effImprove=5 updated=0
    [CG] CG iter 1: obj=143153817.541335, maxRC=59519644.111049, +23 cols
    [CG] CG iter 3: obj=166919421.754733, maxRC=6247640.272273, +12 cols
    [CG]   [DIAG] iter=3 posCols=12 newCols=12 effImprove=12 updated=0
    [CG]   [DIAG] iter=1 posCols=23 newCols=23 effImprove=23 updated=0
    [CG] CG iter 1: obj=143085427.920891, maxRC=59512411.275215, +23 cols
    [CG] 列生成收敛，共 5 轮迭代
    [CG] [CG-NODE] depth=0 exit=CERTIFIED certified=1 feasible=1 iters=5 generatedColsBeforeNode=0 newCols=57 posCandidates=57 duplicateCandidates=0 updatedCols=0 zeroObjImproveIters=0 objFirst=143254122.464265 objLast=173932017.585623 objGain=30677895.121358 maxRC=59519752.128890 wallSec=0.013523 pricingSec=0.009107 cplexSolveSec=0.002414
    [CG] 列生成开始，初始列数=128
    [CG] CG iter 1: obj=142760469.928925, maxRC=59512339.422101, +23 cols
    [CG]   [DIAG] iter=1 posCols=23 newCols=23 effImprove=23 updated=0
      [BB] 根节点即为整数解，obj=173932017.585623
    [CG]   [DIAG] iter=1 posCols=23 newCols=23 effImprove=23 updated=0
    [CG] CG iter 2: obj=160562013.118349, maxRC=10670168.945500, +17 cols
    [CG] CG iter 4: obj=169601529.773735, maxRC=4116314.239861, +5 cols
    [CG]   [DIAG] iter=4 posCols=5 newCols=5 effImprove=5 updated=0
    [CG]   [DIAG] iter=2 posCols=17 newCols=17 effImprove=17 updated=0
    [CG] 列生成收敛，共 5 轮迭代
    [CG] [CG-NODE] depth=0 exit=CERTIFIED certified=1 feasible=1 iters=5 generatedColsBeforeNode=0 newCols=57 posCandidates=57 duplicateCandidates=0 updatedCols=0 zeroObjImproveIters=0 objFirst=143156139.000128 objLast=173828922.003958 objGain=30672783.003830 maxRC=59519635.851805 wallSec=0.014375 pricingSec=0.009898 cplexSolveSec=0.002450
    [CG] CG iter 2: obj=160610379.117457, maxRC=10623305.693205, +17 cols
      [BB] 根节点即为整数解，obj=173828922.003958
    [CG]   [DIAG] iter=2 posCols=17 newCols=17 effImprove=17 updated=0
    [CG] CG iter 2: obj=160592081.455497, maxRC=10623473.363787, +17 cols
    [CG]   [DIAG] iter=2 posCols=17 newCols=17 effImprove=17 updated=0
    [CG] CG iter 3: obj=166922538.536447, maxRC=6249894.009333, +12 cols
    [CG] CG iter 2: obj=160400563.934580, maxRC=10670168.945500, +17 cols
    [CG]   [DIAG] iter=3 posCols=12 newCols=12 effImprove=12 updated=0
    [CG]   [DIAG] iter=2 posCols=17 newCols=17 effImprove=17 updated=0
    [CG] 列生成开始，初始列数=128
    [CG] CG iter 3: obj=166960224.783121, maxRC=6271247.160217, +11 cols
    [CG] CG iter 4: obj=169621099.982209, maxRC=4119351.791583, +5 cols
    [CG]   [DIAG] iter=3 posCols=11 newCols=11 effImprove=11 updated=0
    [CG]   [DIAG] iter=4 posCols=5 newCols=5 effImprove=5 updated=0
    [CG] CG iter 3: obj=166975301.789764, maxRC=6252340.166186, +12 cols
    [CG]   [DIAG] iter=3 posCols=12 newCols=12 effImprove=12 updated=0
    [CG] 列生成开始，初始列数=128
    [CG] CG iter 3: obj=166663393.238469, maxRC=6237065.078509, +11 cols
    [CG]   [DIAG] iter=3 posCols=11 newCols=11 effImprove=11 updated=0
    [CG] 列生成收敛，共 5 轮迭代
    [CG] [CG-NODE] depth=0 exit=CERTIFIED certified=1 feasible=1 iters=5 generatedColsBeforeNode=0 newCols=57 posCandidates=57 duplicateCandidates=0 updatedCols=0 zeroObjImproveIters=0 objFirst=143052589.696428 objLast=173827193.400291 objGain=30774603.703863 maxRC=59513908.465544 wallSec=0.017107 pricingSec=0.011607 cplexSolveSec=0.003021
    [CG] CG iter 4: obj=169617422.694261, maxRC=4103480.260061, +5 cols
      [BB] 根节点即为整数解，obj=173827193.400291
    [CG]   [DIAG] iter=4 posCols=5 newCols=5 effImprove=5 updated=0
    [CG] CG iter 4: obj=169669922.476900, maxRC=4134867.830903, +5 cols
    [CG]   [DIAG] iter=4 posCols=5 newCols=5 effImprove=5 updated=0
    [CG] CG iter 4: obj=169300620.051294, maxRC=4031198.024437, +5 cols
    [CG]   [DIAG] iter=4 posCols=5 newCols=5 effImprove=5 updated=0
    [CG] 列生成收敛，共 5 轮迭代
    [CG] [CG-NODE] depth=0 exit=CERTIFIED certified=1 feasible=1 iters=5 generatedColsBeforeNode=0 newCols=56 posCandidates=56 duplicateCandidates=0 updatedCols=0 zeroObjImproveIters=0 objFirst=143153817.541335 objLast=173837120.786999 objGain=30683303.245664 maxRC=59519644.111049 wallSec=0.018178 pricingSec=0.012441 cplexSolveSec=0.003103
      [BB] 根节点即为整数解，obj=173837120.786999
    [CG] 列生成收敛，共 5 轮迭代
    [CG] [CG-NODE] depth=0 exit=CERTIFIED certified=1 feasible=1 iters=5 generatedColsBeforeNode=0 newCols=57 posCandidates=57 duplicateCandidates=0 updatedCols=0 zeroObjImproveIters=0 objFirst=143085427.920891 objLast=173891703.996372 objGain=30806276.075481 maxRC=59512411.275215 wallSec=0.018457 pricingSec=0.012669 cplexSolveSec=0.003045
      [BB] 根节点即为整数解，obj=173891703.996372
    [CG] 列生成收敛，共 5 轮迭代
    [CG] [CG-NODE] depth=0 exit=CERTIFIED certified=1 feasible=1 iters=5 generatedColsBeforeNode=0 newCols=56 posCandidates=56 duplicateCandidates=0 updatedCols=0 zeroObjImproveIters=0 objFirst=142760469.928925 objLast=173530135.172080 objGain=30769665.243155 maxRC=59512339.422101 wallSec=0.018514 pricingSec=0.012713 cplexSolveSec=0.003108
      [BB] 根节点即为整数解，obj=173530135.172080
    [CG] CG iter 1: obj=143069650.129415, maxRC=59476242.110226, +23 cols
    [CG]   [DIAG] iter=1 posCols=23 newCols=23 effImprove=23 updated=0
    [CG] 列生成开始，初始列数=128
    [CG] CG iter 2: obj=160533221.270750, maxRC=10598618.264749, +17 cols
    [CG]   [DIAG] iter=2 posCols=17 newCols=17 effImprove=17 updated=0
    [CG] 列生成开始，初始列数=128
    [CG] CG iter 3: obj=166928992.079888, maxRC=6255510.034499, +12 cols
    [CG]   [DIAG] iter=3 posCols=12 newCols=12 effImprove=12 updated=0
    [CG] 列生成开始，初始列数=128
    [CG] 列生成开始，初始列数=128
    [CG] CG iter 4: obj=169628547.173160, maxRC=4159304.853474, +5 cols
    [CG]   [DIAG] iter=4 posCols=5 newCols=5 effImprove=5 updated=0
    [CG] CG iter 1: obj=142951857.722756, maxRC=59480171.265502, +23 cols
    [CG] 列生成收敛，共 5 轮迭代
    [CG] [CG-NODE] depth=0 exit=CERTIFIED certified=1 feasible=1 iters=5 generatedColsBeforeNode=0 newCols=57 posCandidates=57 duplicateCandidates=0 updatedCols=0 zeroObjImproveIters=0 objFirst=143069650.129415 objLast=173850072.946529 objGain=30780422.817114 maxRC=59476242.110226 wallSec=0.010293 pricingSec=0.006958 cplexSolveSec=0.001900
    [CG]   [DIAG] iter=1 posCols=23 newCols=23 effImprove=23 updated=0
      [BB] 根节点即为整数解，obj=173850072.946529
    [CG] CG iter 1: obj=143181225.863831, maxRC=59519644.562382, +23 cols
    [CG]   [DIAG] iter=1 posCols=23 newCols=23 effImprove=23 updated=0
    [CG] CG iter 2: obj=160497005.084930, maxRC=10646899.861364, +17 cols
    [CG] CG iter 2: obj=160569172.699379, maxRC=10697202.727863, +17 cols
    [CG]   [DIAG] iter=2 posCols=17 newCols=17 effImprove=17 updated=0
    [CG]   [DIAG] iter=2 posCols=17 newCols=17 effImprove=17 updated=0
    [CG] 列生成开始，初始列数=128
    [CG] CG iter 3: obj=166929832.705723, maxRC=6245137.898084, +12 cols
    [CG]   [DIAG] iter=3 posCols=12 newCols=12 effImprove=12 updated=0
    [CG] CG iter 3: obj=166873523.612754, maxRC=6251880.486890, +12 cols
    [CG] CG iter 4: obj=169640637.942468, maxRC=4121304.545012, +7 cols
    [CG]   [DIAG] iter=4 posCols=7 newCols=7 effImprove=7 updated=0
    [CG]   [DIAG] iter=3 posCols=12 newCols=12 effImprove=12 updated=0
    [CG] CG iter 1: obj=143144328.715239, maxRC=59519752.128890, +23 cols
    [CG] 列生成收敛，共 5 轮迭代
    [CG] [CG-NODE] depth=0 exit=CERTIFIED certified=1 feasible=1 iters=5 generatedColsBeforeNode=0 newCols=59 posCandidates=59 duplicateCandidates=0 updatedCols=0 zeroObjImproveIters=0 objFirst=143181225.863831 objLast=173836478.463576 objGain=30655252.599746 maxRC=59519644.562382 wallSec=0.011062 pricingSec=0.007382 cplexSolveSec=0.001890
    [CG]   [DIAG] iter=1 posCols=23 newCols=23 effImprove=23 updated=0
      [BB] 根节点即为整数解，obj=173836478.463576
    [CG] CG iter 4: obj=169576841.453653, maxRC=4141275.617596, +5 cols
    [CG]   [DIAG] iter=4 posCols=5 newCols=5 effImprove=5 updated=0
    [CG] CG iter 1: obj=143229240.470078, maxRC=59518087.524368, +23 cols
    [CG] CG iter 1: obj=143123899.518011, maxRC=59518180.447331, +23 cols
    [CG]   [DIAG] iter=1 posCols=23 newCols=23 effImprove=23 updated=0
    [CG]   [DIAG] iter=1 posCols=23 newCols=23 effImprove=23 updated=0
    [CG] 列生成收敛，共 5 轮迭代
    [CG] [CG-NODE] depth=0 exit=CERTIFIED certified=1 feasible=1 iters=5 generatedColsBeforeNode=0 newCols=57 posCandidates=57 duplicateCandidates=0 updatedCols=0 zeroObjImproveIters=0 objFirst=142951857.722756 objLast=173784201.161936 objGain=30832343.439180 maxRC=59480171.265502 wallSec=0.018466 pricingSec=0.012677 cplexSolveSec=0.003187
    [CG] CG iter 2: obj=160610270.352853, maxRC=10623485.371715, +17 cols
      [BB] 根节点即为整数解，obj=173784201.161936
    [CG]   [DIAG] iter=2 posCols=17 newCols=17 effImprove=17 updated=0
    [CG] CG iter 2: obj=160599609.509016, maxRC=10624157.664208, +17 cols
    [CG]   [DIAG] iter=2 posCols=17 newCols=17 effImprove=17 updated=0
    [CG] CG iter 2: obj=160603715.573579, maxRC=10622221.960574, +17 cols
    [CG]   [DIAG] iter=2 posCols=17 newCols=17 effImprove=17 updated=0
    [CG] 列生成开始，初始列数=128
    [CG] CG iter 1: obj=143078871.526277, maxRC=59507724.641339, +23 cols
    [CG]   [DIAG] iter=1 posCols=23 newCols=23 effImprove=23 updated=0
    [CG] CG iter 3: obj=166960056.574363, maxRC=6271306.538776, +11 cols
    [CG] CG iter 3: obj=166951113.502117, maxRC=6274414.141617, +11 cols
    [CG]   [DIAG] iter=3 posCols=11 newCols=11 effImprove=11 updated=0
    [CG]   [DIAG] iter=3 posCols=11 newCols=11 effImprove=11 updated=0
    [CG] CG iter 3: obj=166994137.640381, maxRC=6254406.309374, +12 cols
    [CG]   [DIAG] iter=3 posCols=12 newCols=12 effImprove=12 updated=0
    [CG] CG iter 4: obj=169611719.448289, maxRC=4106569.816156, +5 cols
    [CG]   [DIAG] iter=4 posCols=5 newCols=5 effImprove=5 updated=0
    [CG] CG iter 4: obj=169617325.934972, maxRC=4103434.274693, +5 cols
    [CG]   [DIAG] iter=4 posCols=5 newCols=5 effImprove=5 updated=0
    [CG] 列生成收敛，共 5 轮迭代
    [CG] [CG-NODE] depth=0 exit=CERTIFIED certified=1 feasible=1 iters=5 generatedColsBeforeNode=0 newCols=56 posCandidates=56 duplicateCandidates=0 updatedCols=0 zeroObjImproveIters=0 objFirst=143123899.518011 objLast=173829865.403662 objGain=30705965.885651 maxRC=59518180.447331 wallSec=0.010752 pricingSec=0.007479 cplexSolveSec=0.001718
    [CG] CG iter 4: obj=169691676.871431, maxRC=4141376.916786, +5 cols
    [CG]   [DIAG] iter=4 posCols=5 newCols=5 effImprove=5 updated=0
      [BB] 根节点即为整数解，obj=173829865.403662
    [CG] CG iter 2: obj=160535362.314912, maxRC=10615433.896127, +17 cols
    [CG]   [DIAG] iter=2 posCols=17 newCols=17 effImprove=17 updated=0
    [CG] 列生成收敛，共 5 轮迭代
    [CG] [CG-NODE] depth=0 exit=CERTIFIED certified=1 feasible=1 iters=5 generatedColsBeforeNode=0 newCols=56 posCandidates=56 duplicateCandidates=0 updatedCols=0 zeroObjImproveIters=0 objFirst=143144328.715239 objLast=173837033.106577 objGain=30692704.391338 maxRC=59519752.128890 wallSec=0.016126 pricingSec=0.011791 cplexSolveSec=0.002224
      [BB] 根节点即为整数解，obj=173837033.106577
    [CG] 列生成收敛，共 5 轮迭代
    [CG] [CG-NODE] depth=0 exit=CERTIFIED certified=1 feasible=1 iters=5 generatedColsBeforeNode=0 newCols=57 posCandidates=57 duplicateCandidates=0 updatedCols=0 zeroObjImproveIters=0 objFirst=143229240.470078 objLast=173911372.767414 objGain=30682132.297336 maxRC=59518087.524368 wallSec=0.012342 pricingSec=0.008364 cplexSolveSec=0.002088
    [CG] 列生成开始，初始列数=128
      [BB] 根节点即为整数解，obj=173911372.767414
    [CG] CG iter 3: obj=166866007.063041, maxRC=6262703.535120, +11 cols
    [CG]   [DIAG] iter=3 posCols=11 newCols=11 effImprove=11 updated=0
    [CG] 列生成开始，初始列数=128
    [CG] CG iter 1: obj=143160311.311159, maxRC=59519644.562382, +23 cols
    [CG]   [DIAG] iter=1 posCols=23 newCols=23 effImprove=23 updated=0
    [CG] CG iter 4: obj=169514682.621909, maxRC=4090230.501660, +5 cols
    [CG]   [DIAG] iter=4 posCols=5 newCols=5 effImprove=5 updated=0
    [CG] CG iter 1: obj=142932016.188938, maxRC=59501495.026799, +23 cols
    [CG] 列生成开始，初始列数=128
    [CG]   [DIAG] iter=1 posCols=23 newCols=23 effImprove=23 updated=0
    [CG] 列生成收敛，共 5 轮迭代
    [CG] [CG-NODE] depth=0 exit=CERTIFIED certified=1 feasible=1 iters=5 generatedColsBeforeNode=0 newCols=56 posCandidates=56 duplicateCandidates=0 updatedCols=0 zeroObjImproveIters=0 objFirst=143078871.526277 objLast=173742783.683848 objGain=30663912.157571 maxRC=59507724.641339 wallSec=0.013308 pricingSec=0.009023 cplexSolveSec=0.002391
      [BB] 根节点即为整数解，obj=173742783.683848
    [CG] CG iter 2: obj=160610451.423223, maxRC=10623321.672154, +17 cols
    [CG]   [DIAG] iter=2 posCols=17 newCols=17 effImprove=17 updated=0
    [CG] 列生成开始，初始列数=128
    [CG] CG iter 3: obj=166960325.254799, maxRC=6271217.471129, +11 cols
    [CG] CG iter 1: obj=143136231.996452, maxRC=59518203.419731, +23 cols
    [CG]   [DIAG] iter=3 posCols=11 newCols=11 effImprove=11 updated=0
    [CG] CG iter 2: obj=160491697.161909, maxRC=10615433.896127, +17 cols
    [CG]   [DIAG] iter=2 posCols=17 newCols=17 effImprove=17 updated=0
    [CG]   [DIAG] iter=1 posCols=23 newCols=23 effImprove=23 updated=0
    [CG] CG iter 4: obj=169617505.547762, maxRC=4103468.189150, +5 cols
    [CG]   [DIAG] iter=4 posCols=5 newCols=5 effImprove=5 updated=0
    [CG] 列生成开始，初始列数=128
    [CG] 列生成收敛，共 5 轮迭代
    [CG] [CG-NODE] depth=0 exit=CERTIFIED certified=1 feasible=1 iters=5 generatedColsBeforeNode=0 newCols=56 posCandidates=56 duplicateCandidates=0 updatedCols=0 zeroObjImproveIters=0 objFirst=143160311.311159 objLast=173837191.569590 objGain=30676880.258430 maxRC=59519644.562382 wallSec=0.012495 pricingSec=0.008583 cplexSolveSec=0.002198
    [CG] CG iter 1: obj=143076331.505154, maxRC=59510373.130750, +23 cols
      [BB] 根节点即为整数解，obj=173837191.569590
    [CG]   [DIAG] iter=1 posCols=23 newCols=23 effImprove=23 updated=0
    [CG] CG iter 3: obj=166822341.910038, maxRC=6262703.535120, +11 cols
    [CG]   [DIAG] iter=3 posCols=11 newCols=11 effImprove=11 updated=0
    [CG] CG iter 2: obj=160615508.937371, maxRC=10623321.672154, +17 cols
    [CG]   [DIAG] iter=2 posCols=17 newCols=17 effImprove=17 updated=0
    [CG] CG iter 2: obj=160591867.859845, maxRC=10622209.962901, +17 cols
    [CG]   [DIAG] iter=2 posCols=17 newCols=17 effImprove=17 updated=0
    [CG] CG iter 4: obj=169471017.468906, maxRC=4090230.501660, +5 cols
    [CG]   [DIAG] iter=4 posCols=5 newCols=5 effImprove=5 updated=0
    [CG] CG iter 1: obj=143012638.214550, maxRC=59512149.313786, +23 cols
    [CG]   [DIAG] iter=1 posCols=23 newCols=23 effImprove=23 updated=0
    [CG] 列生成收敛，共 5 轮迭代
    [CG] [CG-NODE] depth=0 exit=CERTIFIED certified=1 feasible=1 iters=5 generatedColsBeforeNode=0 newCols=56 posCandidates=56 duplicateCandidates=0 updatedCols=0 zeroObjImproveIters=0 objFirst=142932016.188938 objLast=173699118.530845 objGain=30767102.341908 maxRC=59501495.026799 wallSec=0.018492 pricingSec=0.012705 cplexSolveSec=0.003130
    [CG] CG iter 3: obj=166978532.836519, maxRC=6253791.641085, +12 cols
    [CG] CG iter 2: obj=160596515.325880, maxRC=10623473.363787, +17 cols
    [CG]   [DIAG] iter=3 posCols=12 newCols=12 effImprove=12 updated=0
    [CG]   [DIAG] iter=2 posCols=17 newCols=17 effImprove=17 updated=0
      [BB] 根节点即为整数解，obj=173699118.530845
    [CG] CG iter 3: obj=166965802.865438, maxRC=6270797.374638, +11 cols
    [CG]   [DIAG] iter=3 posCols=11 newCols=11 effImprove=11 updated=0
    [CG] CG iter 3: obj=166946341.066466, maxRC=6271237.139518, +11 cols
    [CG] CG iter 4: obj=169674605.778473, maxRC=4138491.083362, +5 cols
    [CG]   [DIAG] iter=4 posCols=5 newCols=5 effImprove=5 updated=0
    [CG]   [DIAG] iter=3 posCols=11 newCols=11 effImprove=11 updated=0
    [CG] 列生成开始，初始列数=128
    [CG] CG iter 4: obj=169603528.956907, maxRC=4103397.698392, +5 cols
    [CG]   [DIAG] iter=4 posCols=5 newCols=5 effImprove=5 updated=0
    [CG] 列生成收敛，共 5 轮迭代
    [CG] [CG-NODE] depth=0 exit=CERTIFIED certified=1 feasible=1 iters=5 generatedColsBeforeNode=0 newCols=57 posCandidates=57 duplicateCandidates=0 updatedCols=0 zeroObjImproveIters=0 objFirst=143076331.505154 objLast=173895299.643511 objGain=30818968.138357 maxRC=59510373.130750 wallSec=0.008262 pricingSec=0.005405 cplexSolveSec=0.001556
      [BB] 根节点即为整数解，obj=173895299.643511
    [CG] 列生成收敛，共 5 轮迭代
    [CG] [CG-NODE] depth=0 exit=CERTIFIED certified=1 feasible=1 iters=5 generatedColsBeforeNode=0 newCols=56 posCandidates=56 duplicateCandidates=0 updatedCols=0 zeroObjImproveIters=0 objFirst=143012638.214550 objLast=173823226.960208 objGain=30810588.745658 maxRC=59512149.313786 wallSec=0.007918 pricingSec=0.005399 cplexSolveSec=0.001326
      [BB] 根节点即为整数解，obj=173823226.960208
    [CG] CG iter 4: obj=169622563.061910, maxRC=4103468.189150, +5 cols
    [CG]   [DIAG] iter=4 posCols=5 newCols=5 effImprove=5 updated=0
    [CG] 列生成开始，初始列数=128
    [CG] 列生成收敛，共 5 轮迭代
    [CG] [CG-NODE] depth=0 exit=CERTIFIED certified=1 feasible=1 iters=5 generatedColsBeforeNode=0 newCols=56 posCandidates=56 duplicateCandidates=0 updatedCols=0 zeroObjImproveIters=0 objFirst=143136231.996452 objLast=173842249.083737 objGain=30706017.087285 maxRC=59518203.419731 wallSec=0.013334 pricingSec=0.008506 cplexSolveSec=0.002851
    [CG] CG iter 1: obj=143194536.725556, maxRC=59519641.279320, +23 cols
    [CG]   [DIAG] iter=1 posCols=23 newCols=23 effImprove=23 updated=0
      [BB] 根节点即为整数解，obj=173842249.083737
    [CG] CG iter 2: obj=160602849.880775, maxRC=10623485.371715, +17 cols
    [CG]   [DIAG] iter=2 posCols=17 newCols=17 effImprove=17 updated=0
    [CG] CG iter 3: obj=166981875.644518, maxRC=6257595.423028, +12 cols
    [CG]   [DIAG] iter=3 posCols=12 newCols=12 effImprove=12 updated=0
    [CG] CG iter 1: obj=143176732.259126, maxRC=59518203.419731, +23 cols
    [CG]   [DIAG] iter=1 posCols=23 newCols=23 effImprove=23 updated=0
    [CG] CG iter 4: obj=169669814.732070, maxRC=4130988.669808, +5 cols
    [CG]   [DIAG] iter=4 posCols=5 newCols=5 effImprove=5 updated=0
    [CG] CG iter 1: obj=143081747.377729, maxRC=59510373.130750, +23 cols
    [CG] 列生成收敛，共 5 轮迭代
    [CG] [CG-NODE] depth=0 exit=CERTIFIED certified=1 feasible=1 iters=5 generatedColsBeforeNode=0 newCols=57 posCandidates=57 duplicateCandidates=0 updatedCols=0 zeroObjImproveIters=0 objFirst=143194536.725556 objLast=173890069.101395 objGain=30695532.375839 maxRC=59519641.279320 wallSec=0.016809 pricingSec=0.011454 cplexSolveSec=0.002918
    [CG]   [DIAG] iter=1 posCols=23 newCols=23 effImprove=23 updated=0
    [CG] CG iter 1: obj=143128336.090043, maxRC=59518110.440506, +23 cols
      [BB] 根节点即为整数解，obj=173890069.101395
    [CG] CG iter 2: obj=160590853.670090, maxRC=10624157.664208, +17 cols
    [CG]   [DIAG] iter=1 posCols=23 newCols=23 effImprove=23 updated=0
    [CG]   [DIAG] iter=2 posCols=17 newCols=17 effImprove=17 updated=0
    [CG] CG iter 1: obj=143221709.731343, maxRC=59519752.128890, +23 cols
    [CG]   [DIAG] iter=1 posCols=23 newCols=23 effImprove=23 updated=0
    [CG] CG iter 2: obj=160594349.584621, maxRC=10622209.962901, +17 cols
    [CG]   [DIAG] iter=2 posCols=17 newCols=17 effImprove=17 updated=0
    [CG] CG iter 3: obj=166974337.731672, maxRC=6252058.310866, +12 cols
    [CG] CG iter 2: obj=160616053.769065, maxRC=10623485.371715, +17 cols
    [CG] CG iter 3: obj=166982445.750998, maxRC=6254012.158111, +12 cols
    [CG]   [DIAG] iter=3 posCols=12 newCols=12 effImprove=12 updated=0
    [CG]   [DIAG] iter=3 posCols=12 newCols=12 effImprove=12 updated=0
    [CG]   [DIAG] iter=2 posCols=17 newCols=17 effImprove=17 updated=0
    [CG] CG iter 2: obj=160610058.230374, maxRC=10623321.672154, +17 cols
    [CG]   [DIAG] iter=2 posCols=17 newCols=17 effImprove=17 updated=0
    [CG] CG iter 4: obj=169679415.350231, maxRC=4139715.231923, +5 cols
    [CG]   [DIAG] iter=4 posCols=5 newCols=5 effImprove=5 updated=0
    [CG] CG iter 4: obj=169669757.946934, maxRC=4135188.136769, +5 cols
    [CG]   [DIAG] iter=4 posCols=5 newCols=5 effImprove=5 updated=0
    [CG] CG iter 3: obj=166998804.305867, maxRC=6258637.168811, +12 cols
    [CG]   [DIAG] iter=3 posCols=12 newCols=12 effImprove=12 updated=0
    [CG] 列生成收敛，共 5 轮迭代
    [CG] [CG-NODE] depth=0 exit=CERTIFIED certified=1 feasible=1 iters=5 generatedColsBeforeNode=0 newCols=57 posCandidates=57 duplicateCandidates=0 updatedCols=0 zeroObjImproveIters=0 objFirst=143081747.377729 objLast=173899775.396249 objGain=30818028.018520 maxRC=59510373.130750 wallSec=0.009450 pricingSec=0.006357 cplexSolveSec=0.001641
      [BB] 根节点即为整数解，obj=173899775.396249
    [CG] 列生成收敛，共 5 轮迭代
    [CG] [CG-NODE] depth=0 exit=CERTIFIED certified=1 feasible=1 iters=5 generatedColsBeforeNode=0 newCols=57 posCandidates=57 duplicateCandidates=0 updatedCols=0 zeroObjImproveIters=0 objFirst=143176732.259126 objLast=173891298.502212 objGain=30714566.243086 maxRC=59518203.419731 wallSec=0.017074 pricingSec=0.011902 cplexSolveSec=0.002853
    [CG] CG iter 4: obj=169687785.139201, maxRC=4133950.744858, +5 cols
    [CG]   [DIAG] iter=4 posCols=5 newCols=5 effImprove=5 updated=0
      [BB] 根节点即为整数解，obj=173891298.502212
    [CG] 列生成收敛，共 5 轮迭代
    [CG] CG iter 3: obj=166959897.422297, maxRC=6271252.110782, +11 cols
    [CG] [CG-NODE] depth=0 exit=CERTIFIED certified=1 feasible=1 iters=5 generatedColsBeforeNode=0 newCols=57 posCandidates=57 duplicateCandidates=0 updatedCols=0 zeroObjImproveIters=0 objFirst=143221709.731343 objLast=173906836.727930 objGain=30685126.996587 maxRC=59519752.128890 wallSec=0.012304 pricingSec=0.008137 cplexSolveSec=0.001937
    [CG]   [DIAG] iter=3 posCols=11 newCols=11 effImprove=11 updated=0
      [BB] 根节点即为整数解，obj=173906836.727930
    [CG] CG iter 4: obj=169617112.354913, maxRC=4103468.189150, +5 cols
    [CG]   [DIAG] iter=4 posCols=5 newCols=5 effImprove=5 updated=0
    [CG] 列生成收敛，共 5 轮迭代
    [CG] [CG-NODE] depth=0 exit=CERTIFIED certified=1 feasible=1 iters=5 generatedColsBeforeNode=0 newCols=56 posCandidates=56 duplicateCandidates=0 updatedCols=0 zeroObjImproveIters=0 objFirst=143128336.090043 objLast=173836798.376741 objGain=30708462.286698 maxRC=59518110.440506 wallSec=0.017245 pricingSec=0.012412 cplexSolveSec=0.002788
      [BB] 根节点即为整数解，obj=173836798.376741
[GA] 代数 8: Best=173966640.23, Avg=173869392.73, Worst=173559020.86, Valid=30/30, 耗时=0.05s (连续8代未提升)
  ├─ 求解: 30 个体 fork 并行 | CG迭代=125 加列=1416 BB分支=0
  ├─ 并行墙钟=0.0545s | 串行等效(ΣBP)=0.3520s | 加速比=6.46x
  ├─ 管理开销=-0.2975s (fork=0.0032 wait=0.0508 merge=0.0004)
  └─ CG明细: gen_logs/run_gen8_ind{0..29}.log
    [CG] 列生成开始，初始列数=128
    [CG] 列生成开始，初始列数=128
    [CG] 列生成开始，初始列数=128
    [CG] 列生成开始，初始列数=128
    [CG] 列生成开始，初始列数=128
    [CG] 列生成开始，初始列数=128
    [CG] 列生成开始，初始列数=128
    [CG] 列生成开始，初始列数=128
    [CG] CG iter 1: obj=143041099.034737, maxRC=59519635.851805, +23 cols
    [CG]   [DIAG] iter=1 posCols=23 newCols=23 effImprove=23 updated=0
    [CG] CG iter 1: obj=143083591.544673, maxRC=59510373.130750, +23 cols
    [CG]   [DIAG] iter=1 posCols=23 newCols=23 effImprove=23 updated=0
    [CG] CG iter 2: obj=160516682.750787, maxRC=10623353.947972, +17 cols
    [CG]   [DIAG] iter=2 posCols=17 newCols=17 effImprove=17 updated=0
    [CG] CG iter 2: obj=160597207.397977, maxRC=10622209.962901, +17 cols
    [CG]   [DIAG] iter=2 posCols=17 newCols=17 effImprove=17 updated=0
    [CG] CG iter 1: obj=143142408.189768, maxRC=59518085.369157, +23 cols
    [CG] CG iter 3: obj=166841858.081487, maxRC=6265743.344633, +11 cols
    [CG]   [DIAG] iter=3 posCols=11 newCols=11 effImprove=11 updated=0
    [CG]   [DIAG] iter=1 posCols=23 newCols=23 effImprove=23 updated=0
    [CG] CG iter 1: obj=143153735.483962, maxRC=59518085.369157, +23 cols
    [CG] CG iter 4: obj=169493563.470735, maxRC=4084750.767353, +5 cols
    [CG]   [DIAG] iter=4 posCols=5 newCols=5 effImprove=5 updated=0
    [CG]   [DIAG] iter=1 posCols=23 newCols=23 effImprove=23 updated=0
    [CG] CG iter 3: obj=166984796.741148, maxRC=6254181.475157, +12 cols
    [CG] CG iter 1: obj=143009503.684976, maxRC=59519641.279320, +23 cols
    [CG]   [DIAG] iter=3 posCols=12 newCols=12 effImprove=12 updated=0
    [CG]   [DIAG] iter=1 posCols=23 newCols=23 effImprove=23 updated=0
    [CG] 列生成收敛，共 5 轮迭代
    [CG] [CG-NODE] depth=0 exit=CERTIFIED certified=1 feasible=1 iters=5 generatedColsBeforeNode=0 newCols=56 posCandidates=56 duplicateCandidates=0 updatedCols=0 zeroObjImproveIters=0 objFirst=143041099.034737 objLast=173720955.700957 objGain=30679856.666221 maxRC=59519635.851805 wallSec=0.009777 pricingSec=0.006670 cplexSolveSec=0.001723
    [CG] CG iter 2: obj=160597919.009454, maxRC=10622254.236392, +17 cols
      [BB] 根节点即为整数解，obj=173720955.700957
    [CG]   [DIAG] iter=2 posCols=17 newCols=17 effImprove=17 updated=0
    [CG] CG iter 4: obj=169681259.517174, maxRC=4139307.487295, +5 cols
    [CG]   [DIAG] iter=4 posCols=5 newCols=5 effImprove=5 updated=0
    [CG] 列生成收敛，共 5 轮迭代
    [CG] [CG-NODE] depth=0 exit=CERTIFIED certified=1 feasible=1 iters=5 generatedColsBeforeNode=0 newCols=57 posCandidates=57 duplicateCandidates=0 updatedCols=0 zeroObjImproveIters=0 objFirst=143083591.544673 objLast=173901619.563192 objGain=30818028.018520 maxRC=59510373.130750 wallSec=0.010443 pricingSec=0.007054 cplexSolveSec=0.001888
    [CG] CG iter 2: obj=160597680.456545, maxRC=10622254.236392, +17 cols
    [CG]   [DIAG] iter=2 posCols=17 newCols=17 effImprove=17 updated=0
      [BB] 根节点即为整数解，obj=173901619.563192
    [CG] CG iter 3: obj=166950384.366423, maxRC=6274186.459255, +11 cols
    [CG] CG iter 2: obj=160590010.984258, maxRC=10623485.371715, +17 cols
    [CG]   [DIAG] iter=3 posCols=11 newCols=11 effImprove=11 updated=0
    [CG]   [DIAG] iter=2 posCols=17 newCols=17 effImprove=17 updated=0
    [CG] CG iter 1: obj=143172387.042376, maxRC=59519643.816210, +23 cols
    [CG]   [DIAG] iter=1 posCols=23 newCols=23 effImprove=23 updated=0
    [CG] CG iter 4: obj=169610532.870294, maxRC=4107464.084551, +5 cols
    [CG]   [DIAG] iter=4 posCols=5 newCols=5 effImprove=5 updated=0
    [CG] CG iter 3: obj=166955961.205596, maxRC=6271711.119401, +11 cols
    [CG]   [DIAG] iter=3 posCols=11 newCols=11 effImprove=11 updated=0
    [CG] CG iter 3: obj=166882939.675970, maxRC=6294945.746878, +11 cols
    [CG]   [DIAG] iter=3 posCols=11 newCols=11 effImprove=11 updated=0
    [CG] 列生成收敛，共 5 轮迭代
    [CG] [CG-NODE] depth=0 exit=CERTIFIED certified=1 feasible=1 iters=5 generatedColsBeforeNode=0 newCols=56 posCandidates=56 duplicateCandidates=0 updatedCols=0 zeroObjImproveIters=0 objFirst=143142408.189768 objLast=173828986.953928 objGain=30686578.764160 maxRC=59518085.369157 wallSec=0.011925 pricingSec=0.008203 cplexSolveSec=0.002096
    [CG] 列生成开始，初始列数=128
      [BB] 根节点即为整数解，obj=173828986.953928
    [CG] CG iter 4: obj=169621918.302774, maxRC=4112912.715082, +5 cols
    [CG]   [DIAG] iter=4 posCols=5 newCols=5 effImprove=5 updated=0
    [CG] CG iter 1: obj=143166714.238773, maxRC=59518085.369157, +23 cols
    [CG] CG iter 4: obj=169484781.691489, maxRC=4050392.641805, +5 cols
    [CG]   [DIAG] iter=4 posCols=5 newCols=5 effImprove=5 updated=0
    [CG] CG iter 1: obj=143086023.366712, maxRC=59512411.275215, +23 cols
    [CG] CG iter 2: obj=160554677.468976, maxRC=10623321.672154, +17 cols
    [CG]   [DIAG] iter=1 posCols=23 newCols=23 effImprove=23 updated=0
    [CG]   [DIAG] iter=2 posCols=17 newCols=17 effImprove=17 updated=0
    [CG]   [DIAG] iter=1 posCols=23 newCols=23 effImprove=23 updated=0
    [CG] 列生成收敛，共 5 轮迭代
    [CG] [CG-NODE] depth=0 exit=CERTIFIED certified=1 feasible=1 iters=5 generatedColsBeforeNode=0 newCols=56 posCandidates=56 duplicateCandidates=0 updatedCols=0 zeroObjImproveIters=0 objFirst=143153735.483962 objLast=173840369.715298 objGain=30686634.231336 maxRC=59518085.369157 wallSec=0.013575 pricingSec=0.009427 cplexSolveSec=0.002320
      [BB] 根节点即为整数解，obj=173840369.715298
    [CG] 列生成收敛，共 5 轮迭代
    [CG] [CG-NODE] depth=0 exit=CERTIFIED certified=1 feasible=1 iters=5 generatedColsBeforeNode=0 newCols=56 posCandidates=56 duplicateCandidates=0 updatedCols=0 zeroObjImproveIters=0 objFirst=143009503.684976 objLast=173705036.060815 objGain=30695532.375839 maxRC=59519641.279320 wallSec=0.013603 pricingSec=0.009507 cplexSolveSec=0.002297
      [BB] 根节点即为整数解，obj=173705036.060815
    [CG] 列生成开始，初始列数=128
    [CG] CG iter 3: obj=166923577.967407, maxRC=6245558.832542, +12 cols
    [CG]   [DIAG] iter=3 posCols=12 newCols=12 effImprove=12 updated=0
    [CG] CG iter 2: obj=160592081.455497, maxRC=10623473.363787, +17 cols
    [CG] CG iter 2: obj=160618572.648459, maxRC=10622254.236392, +17 cols
    [CG]   [DIAG] iter=2 posCols=17 newCols=17 effImprove=17 updated=0
    [CG]   [DIAG] iter=2 posCols=17 newCols=17 effImprove=17 updated=0
    [CG] 列生成开始，初始列数=128
    [CG] CG iter 4: obj=169612269.721625, maxRC=4122000.156805, +5 cols
    [CG]   [DIAG] iter=4 posCols=5 newCols=5 effImprove=5 updated=0
    [CG] 列生成开始，初始列数=128
    [CG] CG iter 3: obj=166975599.512675, maxRC=6252235.825134, +12 cols
    [CG]   [DIAG] iter=3 posCols=12 newCols=12 effImprove=12 updated=0
    [CG] CG iter 3: obj=166972896.678959, maxRC=6272392.722786, +11 cols
    [CG]   [DIAG] iter=3 posCols=11 newCols=11 effImprove=11 updated=0
    [CG] 列生成收敛，共 5 轮迭代
    [CG] [CG-NODE] depth=0 exit=CERTIFIED certified=1 feasible=1 iters=5 generatedColsBeforeNode=0 newCols=57 posCandidates=57 duplicateCandidates=0 updatedCols=0 zeroObjImproveIters=0 objFirst=143172387.042376 objLast=173839574.318499 objGain=30667187.276123 maxRC=59519643.816210 wallSec=0.016384 pricingSec=0.011674 cplexSolveSec=0.002579
      [BB] 根节点即为整数解，obj=173839574.318499
    [CG] CG iter 4: obj=169670517.922721, maxRC=4135113.789646, +5 cols
    [CG]   [DIAG] iter=4 posCols=5 newCols=5 effImprove=5 updated=0
    [CG] CG iter 4: obj=169631251.446361, maxRC=4107506.216639, +5 cols
    [CG]   [DIAG] iter=4 posCols=5 newCols=5 effImprove=5 updated=0
    [CG] 列生成开始，初始列数=128
    [CG] 列生成收敛，共 5 轮迭代
    [CG] [CG-NODE] depth=0 exit=CERTIFIED certified=1 feasible=1 iters=5 generatedColsBeforeNode=0 newCols=57 posCandidates=57 duplicateCandidates=0 updatedCols=0 zeroObjImproveIters=0 objFirst=143086023.366712 objLast=173892299.442193 objGain=30806276.075481 maxRC=59512411.275215 wallSec=0.016782 pricingSec=0.011758 cplexSolveSec=0.002611
      [BB] 根节点即为整数解，obj=173892299.442193
    [CG] 列生成收敛，共 5 轮迭代
    [CG] [CG-NODE] depth=0 exit=CERTIFIED certified=1 feasible=1 iters=5 generatedColsBeforeNode=0 newCols=56 posCandidates=56 duplicateCandidates=0 updatedCols=0 zeroObjImproveIters=0 objFirst=143166714.238773 objLast=173849702.858884 objGain=30682988.620111 maxRC=59518085.369157 wallSec=0.016967 pricingSec=0.012128 cplexSolveSec=0.002588
      [BB] 根节点即为整数解，obj=173849702.858884
    [CG] 列生成开始，初始列数=128
    [CG] 列生成开始，初始列数=128
    [CG] 列生成开始，初始列数=128
    [CG] CG iter 1: obj=143083780.724989, maxRC=59517571.672574, +23 cols
    [CG]   [DIAG] iter=1 posCols=23 newCols=23 effImprove=23 updated=0
    [CG] CG iter 2: obj=160578001.627656, maxRC=10624325.334789, +17 cols
    [CG]   [DIAG] iter=2 posCols=17 newCols=17 effImprove=17 updated=0
    [CG] CG iter 3: obj=166920904.198262, maxRC=6270865.799559, +11 cols
    [CG]   [DIAG] iter=3 posCols=11 newCols=11 effImprove=11 updated=0
    [CG] CG iter 4: obj=169577961.802375, maxRC=4098951.988209, +5 cols
    [CG]   [DIAG] iter=4 posCols=5 newCols=5 effImprove=5 updated=0
    [CG] 列生成收敛，共 5 轮迭代
    [CG] [CG-NODE] depth=0 exit=CERTIFIED certified=1 feasible=1 iters=5 generatedColsBeforeNode=0 newCols=56 posCandidates=56 duplicateCandidates=0 updatedCols=0 zeroObjImproveIters=0 objFirst=143083780.724989 objLast=173799138.180470 objGain=30715357.455480 maxRC=59517571.672574 wallSec=0.007639 pricingSec=0.005177 cplexSolveSec=0.001357
      [BB] 根节点即为整数解，obj=173799138.180470
    [CG] CG iter 1: obj=143137382.465546, maxRC=59518203.419731, +23 cols
    [CG]   [DIAG] iter=1 posCols=23 newCols=23 effImprove=23 updated=0
    [CG] CG iter 1: obj=143179056.804636, maxRC=59518203.419731, +23 cols
    [CG]   [DIAG] iter=1 posCols=23 newCols=23 effImprove=23 updated=0
    [CG] CG iter 2: obj=160616448.023887, maxRC=10623321.672154, +17 cols
    [CG]   [DIAG] iter=2 posCols=17 newCols=17 effImprove=17 updated=0
    [CG] CG iter 1: obj=143140632.081324, maxRC=59513740.655572, +23 cols
    [CG] CG iter 1: obj=143078767.763136, maxRC=59510373.130750, +23 cols
    [CG]   [DIAG] iter=1 posCols=23 newCols=23 effImprove=23 updated=0
    [CG]   [DIAG] iter=1 posCols=23 newCols=23 effImprove=23 updated=0
    [CG] 列生成开始，初始列数=128
    [CG] CG iter 3: obj=166967104.986050, maxRC=6270949.026156, +11 cols
    [CG]   [DIAG] iter=3 posCols=11 newCols=11 effImprove=11 updated=0
    [CG] CG iter 2: obj=160591659.349003, maxRC=10623321.672154, +17 cols
    [CG]   [DIAG] iter=2 posCols=17 newCols=17 effImprove=17 updated=0
    [CG] CG iter 4: obj=169624016.834040, maxRC=4103788.020239, +5 cols
    [CG]   [DIAG] iter=4 posCols=5 newCols=5 effImprove=5 updated=0
    [CG] 列生成收敛，共 5 轮迭代
    [CG] [CG-NODE] depth=0 exit=CERTIFIED certified=1 feasible=1 iters=5 generatedColsBeforeNode=0 newCols=56 posCandidates=56 duplicateCandidates=0 updatedCols=0 zeroObjImproveIters=0 objFirst=143137382.465546 objLast=173843572.888965 objGain=30706190.423419 maxRC=59518203.419731 wallSec=0.008255 pricingSec=0.005557 cplexSolveSec=0.001423
      [BB] 根节点即为整数解，obj=173843572.888965
    [CG] CG iter 2: obj=160593068.299279, maxRC=10623683.389680, +17 cols
    [CG]   [DIAG] iter=2 posCols=17 newCols=17 effImprove=17 updated=0
    [CG] CG iter 3: obj=166975399.957813, maxRC=6252185.820404, +12 cols
    [CG]   [DIAG] iter=3 posCols=12 newCols=12 effImprove=12 updated=0
    [CG] CG iter 2: obj=160616214.935208, maxRC=10623305.693205, +17 cols
    [CG]   [DIAG] iter=2 posCols=17 newCols=17 effImprove=17 updated=0
    [CG] CG iter 1: obj=143068898.415458, maxRC=59493143.487538, +23 cols
    [CG] CG iter 4: obj=169670554.510331, maxRC=4135346.066289, +5 cols
    [CG]   [DIAG] iter=4 posCols=5 newCols=5 effImprove=5 updated=0
    [CG] CG iter 3: obj=166980619.892983, maxRC=6253796.814355, +12 cols
    [CG]   [DIAG] iter=3 posCols=12 newCols=12 effImprove=12 updated=0
    [CG]   [DIAG] iter=1 posCols=23 newCols=23 effImprove=23 updated=0
    [CG] 列生成收敛，共 5 轮迭代
    [CG] [CG-NODE] depth=0 exit=CERTIFIED certified=1 feasible=1 iters=5 generatedColsBeforeNode=0 newCols=57 posCandidates=57 duplicateCandidates=0 updatedCols=0 zeroObjImproveIters=0 objFirst=143179056.804636 objLast=173892324.048329 objGain=30713267.243693 maxRC=59518203.419731 wallSec=0.016895 pricingSec=0.011994 cplexSolveSec=0.002634
      [BB] 根节点即为整数解，obj=173892324.048329
    [CG] CG iter 3: obj=167009046.210619, maxRC=6256329.029883, +12 cols
    [CG] CG iter 1: obj=143229506.109127, maxRC=59518085.891001, +23 cols
    [CG]   [DIAG] iter=3 posCols=12 newCols=12 effImprove=12 updated=0
    [CG] CG iter 4: obj=169677963.717752, maxRC=4139360.905395, +5 cols
    [CG]   [DIAG] iter=4 posCols=5 newCols=5 effImprove=5 updated=0
    [CG]   [DIAG] iter=1 posCols=23 newCols=23 effImprove=23 updated=0
    [CG] 列生成开始，初始列数=128
    [CG] CG iter 2: obj=160564457.923779, maxRC=10610873.880668, +17 cols
    [CG]   [DIAG] iter=2 posCols=17 newCols=17 effImprove=17 updated=0
    [CG] 列生成收敛，共 5 轮迭代
    [CG] CG iter 4: obj=169707655.761451, maxRC=4143385.435048, +5 cols
    [CG] [CG-NODE] depth=0 exit=CERTIFIED certified=1 feasible=1 iters=5 generatedColsBeforeNode=0 newCols=57 posCandidates=57 duplicateCandidates=0 updatedCols=0 zeroObjImproveIters=0 objFirst=143078767.763136 objLast=173897898.384041 objGain=30819130.620905 maxRC=59510373.130750 wallSec=0.017298 pricingSec=0.011918 cplexSolveSec=0.002954
    [CG]   [DIAG] iter=4 posCols=5 newCols=5 effImprove=5 updated=0
      [BB] 根节点即为整数解，obj=173897898.384041
    [CG] 列生成开始，初始列数=128
    [CG] CG iter 3: obj=166955407.398325, maxRC=6254684.763035, +12 cols
    [CG]   [DIAG] iter=3 posCols=12 newCols=12 effImprove=12 updated=0
    [CG] CG iter 2: obj=160603948.935834, maxRC=10622221.960574, +17 cols
    [CG] 列生成收敛，共 5 轮迭代
    [CG] [CG-NODE] depth=0 exit=CERTIFIED certified=1 feasible=1 iters=5 generatedColsBeforeNode=0 newCols=57 posCandidates=57 duplicateCandidates=0 updatedCols=0 zeroObjImproveIters=0 objFirst=143140632.081324 objLast=173926030.715292 objGain=30785398.633968 maxRC=59513740.655572 wallSec=0.016648 pricingSec=0.012132 cplexSolveSec=0.002692
    [CG]   [DIAG] iter=2 posCols=17 newCols=17 effImprove=17 updated=0
    [CG] CG iter 1: obj=143171283.422691, maxRC=59519643.816210, +23 cols
      [BB] 根节点即为整数解，obj=173926030.715292
    [CG]   [DIAG] iter=1 posCols=23 newCols=23 effImprove=23 updated=0
    [CG] CG iter 4: obj=169652928.562796, maxRC=4147610.824748, +5 cols
    [CG]   [DIAG] iter=4 posCols=5 newCols=5 effImprove=5 updated=0
    [CG] 列生成收敛，共 5 轮迭代
    [CG] [CG-NODE] depth=0 exit=CERTIFIED certified=1 feasible=1 iters=5 generatedColsBeforeNode=0 newCols=57 posCandidates=57 duplicateCandidates=0 updatedCols=0 zeroObjImproveIters=0 objFirst=143068898.415458 objLast=173874378.996770 objGain=30805480.581313 maxRC=59493143.487538 wallSec=0.012747 pricingSec=0.008742 cplexSolveSec=0.002278
      [BB] 根节点即为整数解，obj=173874378.996770
    [CG] CG iter 3: obj=166994461.803236, maxRC=6254441.963521, +12 cols
    [CG]   [DIAG] iter=3 posCols=12 newCols=12 effImprove=12 updated=0
    [CG] CG iter 2: obj=160553776.712672, maxRC=10623321.672154, +17 cols
    [CG]   [DIAG] iter=2 posCols=17 newCols=17 effImprove=17 updated=0
    [CG] 列生成开始，初始列数=128
    [CG] CG iter 1: obj=143258845.336280, maxRC=59519644.562382, +23 cols
    [CG]   [DIAG] iter=1 posCols=23 newCols=23 effImprove=23 updated=0
    [CG] CG iter 4: obj=169692039.306763, maxRC=4141459.248442, +5 cols
    [CG] 列生成开始，初始列数=128
    [CG]   [DIAG] iter=4 posCols=5 newCols=5 effImprove=5 updated=0
    [CG] 列生成开始，初始列数=128
    [CG] CG iter 3: obj=166922321.790319, maxRC=6245406.275138, +12 cols
    [CG] CG iter 1: obj=143194409.986142, maxRC=59519690.651691, +23 cols
    [CG] 列生成收敛，共 5 轮迭代
    [CG] [CG-NODE] depth=0 exit=CERTIFIED certified=1 feasible=1 iters=5 generatedColsBeforeNode=0 newCols=57 posCandidates=57 duplicateCandidates=0 updatedCols=0 zeroObjImproveIters=0 objFirst=143229506.109127 objLast=173911702.920922 objGain=30682196.811794 maxRC=59518085.891001 wallSec=0.018997 pricingSec=0.013014 cplexSolveSec=0.003326
    [CG]   [DIAG] iter=3 posCols=12 newCols=12 effImprove=12 updated=0
    [CG]   [DIAG] iter=1 posCols=23 newCols=23 effImprove=23 updated=0
      [BB] 根节点即为整数解，obj=173911702.920922
    [CG] CG iter 2: obj=160625573.619020, maxRC=10623439.698898, +17 cols
    [CG]   [DIAG] iter=2 posCols=17 newCols=17 effImprove=17 updated=0
    [CG] CG iter 2: obj=160586656.109698, maxRC=10627576.588336, +17 cols
    [CG]   [DIAG] iter=2 posCols=17 newCols=17 effImprove=17 updated=0
    [CG] CG iter 4: obj=169610860.987132, maxRC=4121684.774898, +5 cols
    [CG]   [DIAG] iter=4 posCols=5 newCols=5 effImprove=5 updated=0
    [CG] CG iter 3: obj=167019797.036899, maxRC=6255305.387104, +12 cols
    [CG] CG iter 3: obj=166972241.516254, maxRC=6253562.513272, +12 cols
    [CG]   [DIAG] iter=3 posCols=12 newCols=12 effImprove=12 updated=0
    [CG]   [DIAG] iter=3 posCols=12 newCols=12 effImprove=12 updated=0
    [CG] 列生成收敛，共 5 轮迭代
    [CG] [CG-NODE] depth=0 exit=CERTIFIED certified=1 feasible=1 iters=5 generatedColsBeforeNode=0 newCols=57 posCandidates=57 duplicateCandidates=0 updatedCols=0 zeroObjImproveIters=0 objFirst=143171283.422691 objLast=173838296.025627 objGain=30667012.602937 maxRC=59519643.816210 wallSec=0.017086 pricingSec=0.012395 cplexSolveSec=0.002813
      [BB] 根节点即为整数解，obj=173838296.025627
    [CG] CG iter 4: obj=169669293.963800, maxRC=4137430.789732, +5 cols
    [CG]   [DIAG] iter=4 posCols=5 newCols=5 effImprove=5 updated=0
    [CG] CG iter 4: obj=169718257.414917, maxRC=4143816.892758, +5 cols
    [CG]   [DIAG] iter=4 posCols=5 newCols=5 effImprove=5 updated=0
    [CG] 列生成收敛，共 5 轮迭代
    [CG] [CG-NODE] depth=0 exit=CERTIFIED certified=1 feasible=1 iters=5 generatedColsBeforeNode=0 newCols=57 posCandidates=57 duplicateCandidates=0 updatedCols=0 zeroObjImproveIters=0 objFirst=143194409.986142 objLast=173888343.953342 objGain=30693933.967199 maxRC=59519690.651691 wallSec=0.007219 pricingSec=0.004845 cplexSolveSec=0.001261
      [BB] 根节点即为整数解，obj=173888343.953342
    [CG] 列生成收敛，共 5 轮迭代
    [CG] [CG-NODE] depth=0 exit=CERTIFIED certified=1 feasible=1 iters=5 generatedColsBeforeNode=0 newCols=57 posCandidates=57 duplicateCandidates=0 updatedCols=0 zeroObjImproveIters=0 objFirst=143258845.336280 objLast=173936610.283771 objGain=30677764.947492 maxRC=59519644.562382 wallSec=0.013180 pricingSec=0.009130 cplexSolveSec=0.002127
      [BB] 根节点即为整数解，obj=173936610.283771
    [CG] 列生成开始，初始列数=128
    [CG] 列生成开始，初始列数=128
    [CG] CG iter 1: obj=142785388.093430, maxRC=59506115.981169, +23 cols
    [CG] 列生成开始，初始列数=128
    [CG]   [DIAG] iter=1 posCols=23 newCols=23 effImprove=23 updated=0
    [CG] CG iter 1: obj=143176502.991816, maxRC=59519752.128890, +23 cols
    [CG]   [DIAG] iter=1 posCols=23 newCols=23 effImprove=23 updated=0
    [CG] 列生成开始，初始列数=128
    [CG] CG iter 2: obj=160487586.485480, maxRC=10623321.672154, +17 cols
    [CG]   [DIAG] iter=2 posCols=17 newCols=17 effImprove=17 updated=0
    [CG] CG iter 3: obj=166826614.702343, maxRC=6282063.085843, +12 cols
    [CG]   [DIAG] iter=3 posCols=12 newCols=12 effImprove=12 updated=0
    [CG] CG iter 2: obj=160570029.941356, maxRC=10697366.427424, +17 cols
    [CG] CG iter 4: obj=169494640.610019, maxRC=4103468.189150, +5 cols
    [CG]   [DIAG] iter=4 posCols=5 newCols=5 effImprove=5 updated=0
    [CG]   [DIAG] iter=2 posCols=17 newCols=17 effImprove=17 updated=0
    [CG] CG iter 1: obj=143194221.719773, maxRC=59519641.279320, +23 cols
    [CG] 列生成收敛，共 5 轮迭代
    [CG] [CG-NODE] depth=0 exit=CERTIFIED certified=1 feasible=1 iters=5 generatedColsBeforeNode=0 newCols=57 posCandidates=57 duplicateCandidates=0 updatedCols=0 zeroObjImproveIters=0 objFirst=142785388.093430 objLast=173714326.631847 objGain=30928938.538417 maxRC=59506115.981169 wallSec=0.008901 pricingSec=0.006022 cplexSolveSec=0.001627
      [BB] 根节点即为整数解，obj=173714326.631847
    [CG]   [DIAG] iter=1 posCols=23 newCols=23 effImprove=23 updated=0
    [CG] CG iter 3: obj=166927981.740485, maxRC=6246103.477788, +12 cols
    [CG] CG iter 1: obj=142938008.247694, maxRC=59501495.026799, +23 cols
    [CG]   [DIAG] iter=3 posCols=12 newCols=12 effImprove=12 updated=0
    [CG]   [DIAG] iter=1 posCols=23 newCols=23 effImprove=23 updated=0
    [CG] CG iter 2: obj=160602572.794951, maxRC=10623485.371715, +17 cols
    [CG]   [DIAG] iter=2 posCols=17 newCols=17 effImprove=17 updated=0
    [CG] CG iter 1: obj=143039419.284485, maxRC=59518203.419731, +23 cols
    [CG]   [DIAG] iter=1 posCols=23 newCols=23 effImprove=23 updated=0
    [CG] CG iter 4: obj=169636024.094542, maxRC=4118966.269189, +7 cols
    [CG]   [DIAG] iter=4 posCols=7 newCols=7 effImprove=7 updated=0
    [CG] CG iter 2: obj=160496793.798425, maxRC=10615433.896127, +17 cols
    [CG]   [DIAG] iter=2 posCols=17 newCols=17 effImprove=17 updated=0
    [CG] CG iter 3: obj=166981579.598715, maxRC=6257614.383008, +12 cols
    [CG]   [DIAG] iter=3 posCols=12 newCols=12 effImprove=12 updated=0
    [CG] CG iter 1: obj=143039130.222954, maxRC=59510373.130750, +23 cols
    [CG] 列生成收敛，共 5 轮迭代
    [CG] [CG-NODE] depth=0 exit=CERTIFIED certified=1 feasible=1 iters=5 generatedColsBeforeNode=0 newCols=59 posCandidates=59 duplicateCandidates=0 updatedCols=0 zeroObjImproveIters=0 objFirst=143176502.991816 objLast=173831885.765428 objGain=30655382.773612 maxRC=59519752.128890 wallSec=0.018061 pricingSec=0.012456 cplexSolveSec=0.003095
    [CG]   [DIAG] iter=1 posCols=23 newCols=23 effImprove=23 updated=0
    [CG] CG iter 3: obj=166827886.257674, maxRC=6262255.824000, +11 cols
    [CG] CG iter 4: obj=169669537.646247, maxRC=4130988.669808, +5 cols
    [CG]   [DIAG] iter=4 posCols=5 newCols=5 effImprove=5 updated=0
      [BB] 根节点即为整数解，obj=173831885.765428
    [CG] CG iter 2: obj=160533124.551136, maxRC=10623321.672154, +17 cols
    [CG]   [DIAG] iter=3 posCols=11 newCols=11 effImprove=11 updated=0
    [CG]   [DIAG] iter=2 posCols=17 newCols=17 effImprove=17 updated=0
    [CG] 列生成收敛，共 5 轮迭代
    [CG] [CG-NODE] depth=0 exit=CERTIFIED certified=1 feasible=1 iters=5 generatedColsBeforeNode=0 newCols=57 posCandidates=57 duplicateCandidates=0 updatedCols=0 zeroObjImproveIters=0 objFirst=143194221.719773 objLast=173889792.015572 objGain=30695570.295799 maxRC=59519641.279320 wallSec=0.013426 pricingSec=0.009266 cplexSolveSec=0.002279
    [CG] CG iter 4: obj=169476114.105423, maxRC=4090230.501660, +5 cols
    [CG]   [DIAG] iter=4 posCols=5 newCols=5 effImprove=5 updated=0
      [BB] 根节点即为整数解，obj=173889792.015572
    [CG] CG iter 2: obj=160571657.186473, maxRC=10622209.962901, +17 cols
    [CG] 列生成收敛，共 5 轮迭代
    [CG]   [DIAG] iter=2 posCols=17 newCols=17 effImprove=17 updated=0
    [CG] [CG-NODE] depth=0 exit=CERTIFIED certified=1 feasible=1 iters=5 generatedColsBeforeNode=0 newCols=56 posCandidates=56 duplicateCandidates=0 updatedCols=0 zeroObjImproveIters=0 objFirst=142938008.247694 objLast=173704215.167362 objGain=30766206.919668 maxRC=59501495.026799 wallSec=0.009242 pricingSec=0.006209 cplexSolveSec=0.001644
      [BB] 根节点即为整数解，obj=173704215.167362
    [CG] CG iter 3: obj=166876204.316337, maxRC=6278011.537505, +11 cols
    [CG]   [DIAG] iter=3 posCols=11 newCols=11 effImprove=11 updated=0
    [CG] CG iter 3: obj=166950769.848735, maxRC=6257653.721586, +12 cols
    [CG]   [DIAG] iter=3 posCols=12 newCols=12 effImprove=12 updated=0
    [CG] CG iter 4: obj=169540178.675675, maxRC=4103468.189150, +5 cols
    [CG]   [DIAG] iter=4 posCols=5 newCols=5 effImprove=5 updated=0
    [CG] CG iter 4: obj=169638755.943853, maxRC=4131642.984272, +5 cols
    [CG] 列生成收敛，共 5 轮迭代
    [CG]   [DIAG] iter=4 posCols=5 newCols=5 effImprove=5 updated=0
    [CG] [CG-NODE] depth=0 exit=CERTIFIED certified=1 feasible=1 iters=5 generatedColsBeforeNode=0 newCols=56 posCandidates=56 duplicateCandidates=0 updatedCols=0 zeroObjImproveIters=0 objFirst=143039419.284485 objLast=173759864.697503 objGain=30720445.413018 maxRC=59518203.419731 wallSec=0.016810 pricingSec=0.012055 cplexSolveSec=0.002593
      [BB] 根节点即为整数解，obj=173759864.697503
    [CG] 列生成收敛，共 5 轮迭代
    [CG] [CG-NODE] depth=0 exit=CERTIFIED certified=1 feasible=1 iters=5 generatedColsBeforeNode=0 newCols=57 posCandidates=57 duplicateCandidates=0 updatedCols=0 zeroObjImproveIters=0 objFirst=143039130.222954 objLast=173859115.989871 objGain=30819985.766917 maxRC=59510373.130750 wallSec=0.013097 pricingSec=0.008893 cplexSolveSec=0.002243
      [BB] 根节点即为整数解，obj=173859115.989871
    [CG] CG iter 1: obj=143093797.002213, maxRC=59519644.903694, +23 cols
    [CG]   [DIAG] iter=1 posCols=23 newCols=23 effImprove=23 updated=0
    [CG] CG iter 1: obj=143160285.899809, maxRC=59519641.660999, +23 cols
    [CG]   [DIAG] iter=1 posCols=23 newCols=23 effImprove=23 updated=0
    [CG] CG iter 2: obj=160497497.725153, maxRC=10697202.727863, +17 cols
    [CG]   [DIAG] iter=2 posCols=17 newCols=17 effImprove=17 updated=0
    [CG] CG iter 2: obj=160610451.423223, maxRC=10623321.672154, +17 cols
    [CG]   [DIAG] iter=2 posCols=17 newCols=17 effImprove=17 updated=0
    [CG] CG iter 3: obj=166832529.247930, maxRC=6235273.268887, +12 cols
    [CG]   [DIAG] iter=3 posCols=12 newCols=12 effImprove=12 updated=0
    [CG] CG iter 3: obj=166960325.254799, maxRC=6271217.471129, +11 cols
    [CG]   [DIAG] iter=3 posCols=11 newCols=11 effImprove=11 updated=0
    [CG] CG iter 4: obj=169533469.855478, maxRC=4099255.736269, +7 cols
    [CG]   [DIAG] iter=4 posCols=7 newCols=7 effImprove=7 updated=0
    [CG] CG iter 4: obj=169617505.547762, maxRC=4103468.189150, +5 cols
    [CG] 列生成收敛，共 5 轮迭代
    [CG] [CG-NODE] depth=0 exit=CERTIFIED certified=1 feasible=1 iters=5 generatedColsBeforeNode=0 newCols=59 posCandidates=59 duplicateCandidates=0 updatedCols=0 zeroObjImproveIters=0 objFirst=143093797.002213 objLast=173738326.891497 objGain=30644529.889284 maxRC=59519644.903694 wallSec=0.017912 pricingSec=0.012522 cplexSolveSec=0.002914
    [CG]   [DIAG] iter=4 posCols=5 newCols=5 effImprove=5 updated=0
      [BB] 根节点即为整数解，obj=173738326.891497
    [CG] 列生成收敛，共 5 轮迭代
    [CG] [CG-NODE] depth=0 exit=CERTIFIED certified=1 feasible=1 iters=5 generatedColsBeforeNode=0 newCols=56 posCandidates=56 duplicateCandidates=0 updatedCols=0 zeroObjImproveIters=0 objFirst=143160285.899809 objLast=173837191.569590 objGain=30676905.669781 maxRC=59519641.660999 wallSec=0.018020 pricingSec=0.012440 cplexSolveSec=0.003077
      [BB] 根节点即为整数解，obj=173837191.569590
[GA] 代数 9: Best=173966640.23, Avg=173871755.20, Worst=173733100.85, Valid=30/30, 耗时=0.06s (连续9代未提升)
  ├─ 求解: 30 个体 fork 并行 | CG迭代=130 加列=1476 BB分支=0
  ├─ 并行墙钟=0.0583s | 串行等效(ΣBP)=0.3672s | 加速比=6.30x
  ├─ 管理开销=-0.3089s (fork=0.0038 wait=0.0540 merge=0.0004)
  └─ CG明细: gen_logs/run_gen9_ind{0..29}.log
    [CG] 列生成开始，初始列数=128
    [CG] 列生成开始，初始列数=128
    [CG] 列生成开始，初始列数=128
    [CG] 列生成开始，初始列数=128
    [CG] 列生成开始，初始列数=128
    [CG] 列生成开始，初始列数=128
    [CG] 列生成开始，初始列数=128
    [CG] 列生成开始，初始列数=128
    [CG] CG iter 1: obj=143189453.331104, maxRC=59511793.995800, +23 cols
    [CG]   [DIAG] iter=1 posCols=23 newCols=23 effImprove=23 updated=0
    [CG] CG iter 1: obj=143031398.201452, maxRC=59512036.989101, +23 cols
    [CG]   [DIAG] iter=1 posCols=23 newCols=23 effImprove=23 updated=0
    [CG] CG iter 1: obj=143189961.023430, maxRC=59517977.420970, +23 cols
    [CG] CG iter 1: obj=143077933.804280, maxRC=59519752.128890, +23 cols
    [CG] CG iter 2: obj=160572342.473706, maxRC=10622174.552763, +17 cols
    [CG] CG iter 1: obj=143221698.842033, maxRC=59466986.072486, +23 cols
    [CG]   [DIAG] iter=2 posCols=17 newCols=17 effImprove=17 updated=0
    [CG]   [DIAG] iter=1 posCols=23 newCols=23 effImprove=23 updated=0
    [CG]   [DIAG] iter=1 posCols=23 newCols=23 effImprove=23 updated=0
    [CG]   [DIAG] iter=1 posCols=23 newCols=23 effImprove=23 updated=0
    [CG] CG iter 1: obj=143187954.021848, maxRC=59518085.891001, +23 cols
    [CG]   [DIAG] iter=1 posCols=23 newCols=23 effImprove=23 updated=0
    [CG] CG iter 2: obj=160555034.359917, maxRC=10623469.392767, +17 cols
    [CG]   [DIAG] iter=2 posCols=17 newCols=17 effImprove=17 updated=0
    [CG] CG iter 3: obj=166959834.346375, maxRC=6253727.153763, +12 cols
    [CG]   [DIAG] iter=3 posCols=12 newCols=12 effImprove=12 updated=0
    [CG] CG iter 2: obj=160493843.591933, maxRC=10623485.371715, +17 cols
    [CG] CG iter 4: obj=169657891.764228, maxRC=4141525.381536, +5 cols
    [CG] CG iter 2: obj=160597031.726771, maxRC=10622221.960574, +17 cols
    [CG]   [DIAG] iter=2 posCols=17 newCols=17 effImprove=17 updated=0
    [CG]   [DIAG] iter=4 posCols=5 newCols=5 effImprove=5 updated=0
    [CG]   [DIAG] iter=2 posCols=17 newCols=17 effImprove=17 updated=0
    [CG] CG iter 2: obj=160535704.735029, maxRC=10588977.494145, +17 cols
    [CG]   [DIAG] iter=2 posCols=17 newCols=17 effImprove=17 updated=0
    [CG] CG iter 3: obj=166938325.007132, maxRC=6258336.497211, +12 cols
    [CG] 列生成收敛，共 5 轮迭代
    [CG] [CG-NODE] depth=0 exit=CERTIFIED certified=1 feasible=1 iters=5 generatedColsBeforeNode=0 newCols=57 posCandidates=57 duplicateCandidates=0 updatedCols=0 zeroObjImproveIters=0 objFirst=143189453.331104 objLast=173877379.371133 objGain=30687926.040029 maxRC=59511793.995800 wallSec=0.011294 pricingSec=0.007560 cplexSolveSec=0.002027
    [CG]   [DIAG] iter=3 posCols=12 newCols=12 effImprove=12 updated=0
      [BB] 根节点即为整数解，obj=173877379.371133
    [CG] CG iter 2: obj=160563305.390725, maxRC=10622221.960574, +17 cols
    [CG]   [DIAG] iter=2 posCols=17 newCols=17 effImprove=17 updated=0
    [CG] CG iter 3: obj=166865811.253769, maxRC=6269420.043776, +12 cols
    [CG] CG iter 1: obj=143083557.831230, maxRC=59509277.362588, +23 cols
    [CG]   [DIAG] iter=3 posCols=12 newCols=12 effImprove=12 updated=0
    [CG] CG iter 3: obj=166975968.514632, maxRC=6257738.627320, +12 cols
    [CG] CG iter 4: obj=169638942.025293, maxRC=4138665.243741, +5 cols
    [CG]   [DIAG] iter=4 posCols=5 newCols=5 effImprove=5 updated=0
    [CG]   [DIAG] iter=3 posCols=12 newCols=12 effImprove=12 updated=0
    [CG]   [DIAG] iter=1 posCols=23 newCols=23 effImprove=23 updated=0
    [CG] CG iter 3: obj=166939158.854060, maxRC=6257219.332386, +12 cols
    [CG]   [DIAG] iter=3 posCols=12 newCols=12 effImprove=12 updated=0
    [CG] CG iter 1: obj=143253576.436215, maxRC=59519752.128890, +23 cols
    [CG]   [DIAG] iter=1 posCols=23 newCols=23 effImprove=23 updated=0
    [CG] 列生成收敛，共 5 轮迭代
    [CG] [CG-NODE] depth=0 exit=CERTIFIED certified=1 feasible=1 iters=5 generatedColsBeforeNode=0 newCols=57 posCandidates=57 duplicateCandidates=0 updatedCols=0 zeroObjImproveIters=0 objFirst=143031398.201452 objLast=173859208.465529 objGain=30827810.264078 maxRC=59512036.989101 wallSec=0.013682 pricingSec=0.009218 cplexSolveSec=0.002522
    [CG] CG iter 3: obj=166950232.264438, maxRC=6258027.957210, +12 cols
    [CG] CG iter 4: obj=169565574.962069, maxRC=4133950.744858, +5 cols
    [CG]   [DIAG] iter=3 posCols=12 newCols=12 effImprove=12 updated=0
    [CG]   [DIAG] iter=4 posCols=5 newCols=5 effImprove=5 updated=0
      [BB] 根节点即为整数解，obj=173859208.465529
    [CG] CG iter 4: obj=169663823.565526, maxRC=4131484.553160, +5 cols
    [CG]   [DIAG] iter=4 posCols=5 newCols=5 effImprove=5 updated=0
    [CG] CG iter 4: obj=169639508.999850, maxRC=4168239.550639, +5 cols
    [CG]   [DIAG] iter=4 posCols=5 newCols=5 effImprove=5 updated=0
    [CG] 列生成收敛，共 5 轮迭代
    [CG] [CG-NODE] depth=0 exit=CERTIFIED certified=1 feasible=1 iters=5 generatedColsBeforeNode=0 newCols=57 posCandidates=57 duplicateCandidates=0 updatedCols=0 zeroObjImproveIters=0 objFirst=143077933.804280 objLast=173784626.550797 objGain=30706692.746518 maxRC=59519752.128890 wallSec=0.014818 pricingSec=0.010141 cplexSolveSec=0.002641
      [BB] 根节点即为整数解，obj=173784626.550797
    [CG] CG iter 2: obj=160595148.573817, maxRC=10621432.003800, +17 cols
    [CG] 列生成收敛，共 5 轮迭代
    [CG] 列生成开始，初始列数=128
    [CG] CG iter 4: obj=169651395.761654, maxRC=4141459.248442, +5 cols
    [CG] [CG-NODE] depth=0 exit=CERTIFIED certified=1 feasible=1 iters=5 generatedColsBeforeNode=0 newCols=57 posCandidates=57 duplicateCandidates=0 updatedCols=0 zeroObjImproveIters=0 objFirst=143189961.023430 objLast=173884172.320553 objGain=30694211.297124 maxRC=59517977.420970 wallSec=0.014828 pricingSec=0.009980 cplexSolveSec=0.002754
    [CG]   [DIAG] iter=4 posCols=5 newCols=5 effImprove=5 updated=0
    [CG]   [DIAG] iter=2 posCols=17 newCols=17 effImprove=17 updated=0
    [CG] 列生成收敛，共 5 轮迭代
    [CG] [CG-NODE] depth=0 exit=CERTIFIED certified=1 feasible=1 iters=5 generatedColsBeforeNode=0 newCols=57 posCandidates=57 duplicateCandidates=0 updatedCols=0 zeroObjImproveIters=0 objFirst=143221698.842033 objLast=173861311.043034 objGain=30639612.201001 maxRC=59466986.072486 wallSec=0.014818 pricingSec=0.010000 cplexSolveSec=0.002758
      [BB] 根节点即为整数解，obj=173884172.320553
      [BB] 根节点即为整数解，obj=173861311.043034
    [CG] CG iter 2: obj=160626611.994975, maxRC=10623485.371715, +17 cols
    [CG]   [DIAG] iter=2 posCols=17 newCols=17 effImprove=17 updated=0
    [CG] 列生成收敛，共 5 轮迭代
    [CG] [CG-NODE] depth=0 exit=CERTIFIED certified=1 feasible=1 iters=5 generatedColsBeforeNode=0 newCols=57 posCandidates=57 duplicateCandidates=0 updatedCols=0 zeroObjImproveIters=0 objFirst=143187954.021848 objLast=173871059.375813 objGain=30683105.353965 maxRC=59518085.891001 wallSec=0.015318 pricingSec=0.010433 cplexSolveSec=0.002830
      [BB] 根节点即为整数解，obj=173871059.375813
    [CG] 列生成开始，初始列数=128
    [CG] CG iter 3: obj=166982923.244667, maxRC=6254229.880814, +12 cols
    [CG]   [DIAG] iter=3 posCols=12 newCols=12 effImprove=12 updated=0
    [CG] CG iter 3: obj=167020932.584843, maxRC=6255295.063911, +12 cols
    [CG]   [DIAG] iter=3 posCols=12 newCols=12 effImprove=12 updated=0
    [CG] CG iter 4: obj=169679434.426351, maxRC=4139834.752949, +5 cols
    [CG]   [DIAG] iter=4 posCols=5 newCols=5 effImprove=5 updated=0
    [CG] CG iter 4: obj=169719360.570430, maxRC=4143805.047541, +5 cols
    [CG]   [DIAG] iter=4 posCols=5 newCols=5 effImprove=5 updated=0
    [CG] 列生成开始，初始列数=128
    [CG] 列生成收敛，共 5 轮迭代
    [CG] [CG-NODE] depth=0 exit=CERTIFIED certified=1 feasible=1 iters=5 generatedColsBeforeNode=0 newCols=57 posCandidates=57 duplicateCandidates=0 updatedCols=0 zeroObjImproveIters=0 objFirst=143083557.831230 objLast=173899860.472492 objGain=30816302.641262 maxRC=59509277.362588 wallSec=0.017837 pricingSec=0.012334 cplexSolveSec=0.003019
    [CG] 列生成开始，初始列数=128
      [BB] 根节点即为整数解，obj=173899860.472492
    [CG] 列生成收敛，共 5 轮迭代
    [CG] [CG-NODE] depth=0 exit=CERTIFIED certified=1 feasible=1 iters=5 generatedColsBeforeNode=0 newCols=57 posCandidates=57 duplicateCandidates=0 updatedCols=0 zeroObjImproveIters=0 objFirst=143253576.436215 objLast=173937756.658301 objGain=30684180.222086 maxRC=59519752.128890 wallSec=0.017837 pricingSec=0.012254 cplexSolveSec=0.003045
      [BB] 根节点即为整数解，obj=173937756.658301
    [CG] 列生成开始，初始列数=128
    [CG] 列生成开始，初始列数=128
    [CG] 列生成开始，初始列数=128
    [CG] 列生成开始，初始列数=128
    [CG] CG iter 1: obj=142833585.925742, maxRC=59509943.822626, +23 cols
    [CG]   [DIAG] iter=1 posCols=23 newCols=23 effImprove=23 updated=0
    [CG] CG iter 2: obj=160400297.886926, maxRC=10716469.115094, +17 cols
    [CG]   [DIAG] iter=2 posCols=17 newCols=17 effImprove=17 updated=0
    [CG] CG iter 3: obj=166736547.025977, maxRC=6244661.431356, +12 cols
    [CG]   [DIAG] iter=3 posCols=12 newCols=12 effImprove=12 updated=0
    [CG] CG iter 4: obj=169440332.403953, maxRC=4102851.411184, +7 cols
    [CG]   [DIAG] iter=4 posCols=7 newCols=7 effImprove=7 updated=0
    [CG] 列生成收敛，共 5 轮迭代
    [CG] [CG-NODE] depth=0 exit=CERTIFIED certified=1 feasible=1 iters=5 generatedColsBeforeNode=0 newCols=59 posCandidates=59 duplicateCandidates=0 updatedCols=0 zeroObjImproveIters=0 objFirst=142833585.925742 objLast=173631900.876883 objGain=30798314.951141 maxRC=59509943.822626 wallSec=0.009827 pricingSec=0.006503 cplexSolveSec=0.001738
      [BB] 根节点即为整数解，obj=173631900.876883
    [CG] CG iter 1: obj=143232596.934058, maxRC=59519644.562382, +23 cols
    [CG]   [DIAG] iter=1 posCols=23 newCols=23 effImprove=23 updated=0
    [CG] CG iter 1: obj=143259491.726184, maxRC=59519644.562382, +23 cols
    [CG] CG iter 1: obj=143227518.818121, maxRC=59517960.964425, +23 cols
    [CG]   [DIAG] iter=1 posCols=23 newCols=23 effImprove=23 updated=0
    [CG]   [DIAG] iter=1 posCols=23 newCols=23 effImprove=23 updated=0
    [CG] 列生成开始，初始列数=128
    [CG] CG iter 1: obj=143230355.845449, maxRC=59518310.986239, +23 cols
    [CG] CG iter 2: obj=160605839.673200, maxRC=10623439.698898, +17 cols
    [CG]   [DIAG] iter=2 posCols=17 newCols=17 effImprove=17 updated=0
    [CG]   [DIAG] iter=1 posCols=23 newCols=23 effImprove=23 updated=0
    [CG] CG iter 2: obj=160626147.081635, maxRC=10623321.672154, +17 cols
    [CG]   [DIAG] iter=2 posCols=17 newCols=17 effImprove=17 updated=0
    [CG] CG iter 1: obj=143171605.015521, maxRC=59519644.903694, +23 cols
    [CG]   [DIAG] iter=1 posCols=23 newCols=23 effImprove=23 updated=0
    [CG] CG iter 2: obj=160603948.935834, maxRC=10622221.960574, +17 cols
    [CG] CG iter 2: obj=160626215.447715, maxRC=10623485.371715, +17 cols
    [CG]   [DIAG] iter=2 posCols=17 newCols=17 effImprove=17 updated=0
    [CG]   [DIAG] iter=2 posCols=17 newCols=17 effImprove=17 updated=0
    [CG] CG iter 3: obj=167020439.398117, maxRC=6255321.879716, +12 cols
    [CG] CG iter 3: obj=166996804.196360, maxRC=6257551.763340, +12 cols
    [CG]   [DIAG] iter=3 posCols=12 newCols=12 effImprove=12 updated=0
    [CG]   [DIAG] iter=3 posCols=12 newCols=12 effImprove=12 updated=0
    [CG] CG iter 1: obj=143118964.168764, maxRC=59513740.655572, +23 cols
    [CG]   [DIAG] iter=1 posCols=23 newCols=23 effImprove=23 updated=0
    [CG] CG iter 4: obj=169718894.199509, maxRC=4143838.961997, +5 cols
    [CG] CG iter 2: obj=160554044.110825, maxRC=10623305.693205, +17 cols
    [CG]   [DIAG] iter=4 posCols=5 newCols=5 effImprove=5 updated=0
    [CG]   [DIAG] iter=2 posCols=17 newCols=17 effImprove=17 updated=0
    [CG] CG iter 4: obj=169695482.529857, maxRC=4142593.658874, +5 cols
    [CG]   [DIAG] iter=4 posCols=5 newCols=5 effImprove=5 updated=0
    [CG] CG iter 1: obj=143133215.246232, maxRC=59518203.419731, +23 cols
    [CG] 列生成收敛，共 5 轮迭代
    [CG] [CG-NODE] depth=0 exit=CERTIFIED certified=1 feasible=1 iters=5 generatedColsBeforeNode=0 newCols=57 posCandidates=57 duplicateCandidates=0 updatedCols=0 zeroObjImproveIters=0 objFirst=143259491.726184 objLast=173937269.137602 objGain=30677777.411419 maxRC=59519644.562382 wallSec=0.010816 pricingSec=0.007119 cplexSolveSec=0.002074
    [CG] CG iter 3: obj=166994461.803236, maxRC=6254441.963521, +12 cols
    [CG] CG iter 3: obj=167017799.556981, maxRC=6256287.459420, +12 cols
      [BB] 根节点即为整数解，obj=173937269.137602
    [CG]   [DIAG] iter=3 posCols=12 newCols=12 effImprove=12 updated=0
    [CG]   [DIAG] iter=1 posCols=23 newCols=23 effImprove=23 updated=0
    [CG]   [DIAG] iter=3 posCols=12 newCols=12 effImprove=12 updated=0
    [CG] 列生成收敛，共 5 轮迭代
    [CG] [CG-NODE] depth=0 exit=CERTIFIED certified=1 feasible=1 iters=5 generatedColsBeforeNode=0 newCols=57 posCandidates=57 duplicateCandidates=0 updatedCols=0 zeroObjImproveIters=0 objFirst=143232596.934058 objLast=173913835.398711 objGain=30681238.464653 maxRC=59519644.562382 wallSec=0.017763 pricingSec=0.012414 cplexSolveSec=0.002924
    [CG] CG iter 2: obj=160600458.591306, maxRC=10643447.941240, +17 cols
    [CG] CG iter 3: obj=166922702.530078, maxRC=6245447.539957, +12 cols
    [CG]   [DIAG] iter=2 posCols=17 newCols=17 effImprove=17 updated=0
    [CG]   [DIAG] iter=3 posCols=12 newCols=12 effImprove=12 updated=0
      [BB] 根节点即为整数解，obj=173913835.398711
    [CG] CG iter 4: obj=169692039.306763, maxRC=4141459.248442, +5 cols
    [CG] CG iter 4: obj=169611277.868786, maxRC=4121816.025686, +5 cols
    [CG] CG iter 4: obj=169713491.475686, maxRC=4141500.686174, +5 cols
    [CG]   [DIAG] iter=4 posCols=5 newCols=5 effImprove=5 updated=0
    [CG]   [DIAG] iter=4 posCols=5 newCols=5 effImprove=5 updated=0
    [CG]   [DIAG] iter=4 posCols=5 newCols=5 effImprove=5 updated=0
    [CG] CG iter 3: obj=166984064.029227, maxRC=6253551.729026, +12 cols
    [CG]   [DIAG] iter=3 posCols=12 newCols=12 effImprove=12 updated=0
    [CG] CG iter 2: obj=160612280.804574, maxRC=10623321.672154, +17 cols
    [CG] 列生成收敛，共 5 轮迭代
    [CG] [CG-NODE] depth=0 exit=CERTIFIED certified=1 feasible=1 iters=5 generatedColsBeforeNode=0 newCols=57 posCandidates=57 duplicateCandidates=0 updatedCols=0 zeroObjImproveIters=0 objFirst=143171605.015521 objLast=173838681.392701 objGain=30667076.377180 maxRC=59519644.903694 wallSec=0.016238 pricingSec=0.011141 cplexSolveSec=0.002667
    [CG]   [DIAG] iter=2 posCols=17 newCols=17 effImprove=17 updated=0
      [BB] 根节点即为整数解，obj=173838681.392701
    [CG] 列生成收敛，共 5 轮迭代
    [CG] [CG-NODE] depth=0 exit=CERTIFIED certified=1 feasible=1 iters=5 generatedColsBeforeNode=0 newCols=57 posCandidates=57 duplicateCandidates=0 updatedCols=0 zeroObjImproveIters=0 objFirst=143227518.818121 objLast=173911702.920922 objGain=30684184.102801 maxRC=59517960.964425 wallSec=0.016301 pricingSec=0.011316 cplexSolveSec=0.002909
    [CG] 列生成收敛，共 5 轮迭代
    [CG] [CG-NODE] depth=0 exit=CERTIFIED certified=1 feasible=1 iters=5 generatedColsBeforeNode=0 newCols=57 posCandidates=57 duplicateCandidates=0 updatedCols=0 zeroObjImproveIters=0 objFirst=143230355.845449 objLast=173931887.563557 objGain=30701531.718108 maxRC=59518310.986239 wallSec=0.013311 pricingSec=0.008818 cplexSolveSec=0.002684
    [CG] 列生成开始，初始列数=128
      [BB] 根节点即为整数解，obj=173911702.920922
      [BB] 根节点即为整数解，obj=173931887.563557
    [CG] CG iter 4: obj=169685987.848891, maxRC=4137293.865360, +5 cols
    [CG]   [DIAG] iter=4 posCols=5 newCols=5 effImprove=5 updated=0
    [CG] 列生成收敛，共 5 轮迭代
    [CG] [CG-NODE] depth=0 exit=CERTIFIED certified=1 feasible=1 iters=5 generatedColsBeforeNode=0 newCols=57 posCandidates=57 duplicateCandidates=0 updatedCols=0 zeroObjImproveIters=0 objFirst=143118964.168764 objLast=173898271.233043 objGain=30779307.064280 maxRC=59513740.655572 wallSec=0.017288 pricingSec=0.011759 cplexSolveSec=0.002969
    [CG] CG iter 3: obj=166962937.766736, maxRC=6270949.026156, +11 cols
    [CG]   [DIAG] iter=3 posCols=11 newCols=11 effImprove=11 updated=0
      [BB] 根节点即为整数解，obj=173898271.233043
    [CG] 列生成开始，初始列数=128
    [CG] 列生成开始，初始列数=128
    [CG] CG iter 4: obj=169619849.614726, maxRC=4103788.020239, +5 cols
    [CG]   [DIAG] iter=4 posCols=5 newCols=5 effImprove=5 updated=0
    [CG] 列生成开始，初始列数=128
    [CG] 列生成开始，初始列数=128
    [CG] 列生成收敛，共 5 轮迭代
    [CG] [CG-NODE] depth=0 exit=CERTIFIED certified=1 feasible=1 iters=5 generatedColsBeforeNode=0 newCols=56 posCandidates=56 duplicateCandidates=0 updatedCols=0 zeroObjImproveIters=0 objFirst=143133215.246232 objLast=173839405.669651 objGain=30706190.423419 maxRC=59518203.419731 wallSec=0.019187 pricingSec=0.013081 cplexSolveSec=0.003405
      [BB] 根节点即为整数解，obj=173839405.669651
    [CG] CG iter 1: obj=143173478.460389, maxRC=59518085.891001, +23 cols
    [CG]   [DIAG] iter=1 posCols=23 newCols=23 effImprove=23 updated=0
    [CG] 列生成开始，初始列数=128
    [CG] CG iter 2: obj=160542628.672540, maxRC=10622221.960574, +17 cols
    [CG]   [DIAG] iter=2 posCols=17 newCols=17 effImprove=17 updated=0
    [CG] CG iter 1: obj=143164441.771610, maxRC=59519643.816210, +23 cols
    [CG] CG iter 3: obj=166933175.574170, maxRC=6254409.336774, +12 cols
    [CG] 列生成开始，初始列数=128
    [CG]   [DIAG] iter=3 posCols=12 newCols=12 effImprove=12 updated=0
    [CG]   [DIAG] iter=1 posCols=23 newCols=23 effImprove=23 updated=0
    [CG] CG iter 4: obj=169630717.832620, maxRC=4141456.372451, +5 cols
    [CG]   [DIAG] iter=4 posCols=5 newCols=5 effImprove=5 updated=0
    [CG] CG iter 2: obj=160553284.137815, maxRC=10623321.672154, +17 cols
    [CG]   [DIAG] iter=2 posCols=17 newCols=17 effImprove=17 updated=0
    [CG] 列生成收敛，共 5 轮迭代
    [CG] [CG-NODE] depth=0 exit=CERTIFIED certified=1 feasible=1 iters=5 generatedColsBeforeNode=0 newCols=57 posCandidates=57 duplicateCandidates=0 updatedCols=0 zeroObjImproveIters=0 objFirst=143173478.460389 objLast=173850381.446779 objGain=30676902.986390 maxRC=59518085.891001 wallSec=0.014448 pricingSec=0.010182 cplexSolveSec=0.002387
      [BB] 根节点即为整数解，obj=173850381.446779
    [CG] CG iter 1: obj=143216674.969032, maxRC=59518203.419731, +23 cols
    [CG]   [DIAG] iter=1 posCols=23 newCols=23 effImprove=23 updated=0
    [CG] CG iter 3: obj=166921786.399953, maxRC=6245447.683164, +12 cols
    [CG]   [DIAG] iter=3 posCols=12 newCols=12 effImprove=12 updated=0
    [CG] CG iter 4: obj=169610369.623123, maxRC=4121687.650889, +5 cols
    [CG]   [DIAG] iter=4 posCols=5 newCols=5 effImprove=5 updated=0
    [CG] CG iter 2: obj=160616250.595503, maxRC=10623303.616357, +17 cols
    [CG]   [DIAG] iter=2 posCols=17 newCols=17 effImprove=17 updated=0
    [CG] 列生成收敛，共 5 轮迭代
    [CG] [CG-NODE] depth=0 exit=CERTIFIED certified=1 feasible=1 iters=5 generatedColsBeforeNode=0 newCols=57 posCandidates=57 duplicateCandidates=0 updatedCols=0 zeroObjImproveIters=0 objFirst=143164441.771610 objLast=173837804.661618 objGain=30673362.890009 maxRC=59519643.816210 wallSec=0.010546 pricingSec=0.007113 cplexSolveSec=0.001866
      [BB] 根节点即为整数解，obj=173837804.661618
    [CG] CG iter 3: obj=167009595.470590, maxRC=6256160.085008, +12 cols
    [CG]   [DIAG] iter=3 posCols=12 newCols=12 effImprove=12 updated=0
    [CG] 列生成开始，初始列数=128
    [CG] CG iter 4: obj=169708716.937696, maxRC=4143788.458780, +5 cols
    [CG]   [DIAG] iter=4 posCols=5 newCols=5 effImprove=5 updated=0
    [CG] 列生成收敛，共 5 轮迭代
    [CG] 列生成开始，初始列数=128
    [CG] [CG-NODE] depth=0 exit=CERTIFIED certified=1 feasible=1 iters=5 generatedColsBeforeNode=0 newCols=57 posCandidates=57 duplicateCandidates=0 updatedCols=0 zeroObjImproveIters=0 objFirst=143216674.969032 objLast=173927087.170640 objGain=30710412.201608 maxRC=59518203.419731 wallSec=0.010914 pricingSec=0.007403 cplexSolveSec=0.001947
      [BB] 根节点即为整数解，obj=173927087.170640
    [CG] CG iter 1: obj=143080115.969519, maxRC=59512165.800793, +23 cols
    [CG] CG iter 1: obj=143083258.244436, maxRC=59512411.275215, +23 cols
    [CG]   [DIAG] iter=1 posCols=23 newCols=23 effImprove=23 updated=0
    [CG]   [DIAG] iter=1 posCols=23 newCols=23 effImprove=23 updated=0
    [CG] CG iter 1: obj=143234687.796083, maxRC=59518085.891001, +23 cols
    [CG]   [DIAG] iter=1 posCols=23 newCols=23 effImprove=23 updated=0
    [CG] CG iter 2: obj=160603029.251462, maxRC=10622221.960574, +17 cols
    [CG] CG iter 2: obj=160592075.642407, maxRC=10623477.345061, +17 cols
    [CG]   [DIAG] iter=2 posCols=17 newCols=17 effImprove=17 updated=0
    [CG] 列生成开始，初始列数=128
    [CG]   [DIAG] iter=2 posCols=17 newCols=17 effImprove=17 updated=0
    [CG] CG iter 2: obj=160594728.578448, maxRC=10623305.693205, +17 cols
    [CG] CG iter 1: obj=143194288.504105, maxRC=59500744.577251, +23 cols
    [CG]   [DIAG] iter=2 posCols=17 newCols=17 effImprove=17 updated=0
    [CG]   [DIAG] iter=1 posCols=23 newCols=23 effImprove=23 updated=0
    [CG] CG iter 3: obj=166993461.081925, maxRC=6254523.000461, +12 cols
    [CG]   [DIAG] iter=3 posCols=12 newCols=12 effImprove=12 updated=0
    [CG] CG iter 1: obj=143252584.414103, maxRC=59519644.562382, +23 cols
    [CG] CG iter 3: obj=166974161.660014, maxRC=6252772.685186, +12 cols
    [CG]   [DIAG] iter=3 posCols=12 newCols=12 effImprove=12 updated=0
    [CG]   [DIAG] iter=1 posCols=23 newCols=23 effImprove=23 updated=0
    [CG] CG iter 3: obj=166978235.303424, maxRC=6252083.721253, +12 cols
    [CG] CG iter 4: obj=169691119.622391, maxRC=4141459.248442, +5 cols
    [CG]   [DIAG] iter=3 posCols=12 newCols=12 effImprove=12 updated=0
    [CG]   [DIAG] iter=4 posCols=5 newCols=5 effImprove=5 updated=0
    [CG] CG iter 2: obj=160564463.736869, maxRC=10610869.899394, +17 cols
    [CG]   [DIAG] iter=2 posCols=17 newCols=17 effImprove=17 updated=0
    [CG] 列生成收敛，共 5 轮迭代
    [CG] [CG-NODE] depth=0 exit=CERTIFIED certified=1 feasible=1 iters=5 generatedColsBeforeNode=0 newCols=57 posCandidates=57 duplicateCandidates=0 updatedCols=0 zeroObjImproveIters=0 objFirst=143234687.796083 objLast=173910783.236550 objGain=30676095.440467 maxRC=59518085.891001 wallSec=0.011146 pricingSec=0.007508 cplexSolveSec=0.002049
    [CG] CG iter 4: obj=169672599.545627, maxRC=4134950.392572, +5 cols
    [CG]   [DIAG] iter=4 posCols=5 newCols=5 effImprove=5 updated=0
      [BB] 根节点即为整数解，obj=173910783.236550
    [CG] CG iter 4: obj=169667650.540095, maxRC=4133883.897879, +5 cols
    [CG]   [DIAG] iter=4 posCols=5 newCols=5 effImprove=5 updated=0
    [CG] CG iter 2: obj=160625575.728332, maxRC=10623439.698898, +17 cols
    [CG]   [DIAG] iter=2 posCols=17 newCols=17 effImprove=17 updated=0
    [CG] 列生成收敛，共 5 轮迭代
    [CG] [CG-NODE] depth=0 exit=CERTIFIED certified=1 feasible=1 iters=5 generatedColsBeforeNode=0 newCols=57 posCandidates=57 duplicateCandidates=0 updatedCols=0 zeroObjImproveIters=0 objFirst=143080115.969519 objLast=173894381.154536 objGain=30814265.185017 maxRC=59512165.800793 wallSec=0.017310 pricingSec=0.012029 cplexSolveSec=0.002903
      [BB] 根节点即为整数解，obj=173894381.154536
    [CG] 列生成收敛，共 5 轮迭代
    [CG] [CG-NODE] depth=0 exit=CERTIFIED certified=1 feasible=1 iters=5 generatedColsBeforeNode=0 newCols=57 posCandidates=57 duplicateCandidates=0 updatedCols=0 zeroObjImproveIters=0 objFirst=143083258.244436 objLast=173889431.279648 objGain=30806173.035212 maxRC=59512411.275215 wallSec=0.015904 pricingSec=0.011116 cplexSolveSec=0.002755
      [BB] 根节点即为整数解，obj=173889431.279648
    [CG] CG iter 3: obj=167019799.353070, maxRC=6255305.180244, +12 cols
    [CG]   [DIAG] iter=3 posCols=12 newCols=12 effImprove=12 updated=0
    [CG] CG iter 3: obj=166955299.868886, maxRC=6254722.727424, +12 cols
    [CG]   [DIAG] iter=3 posCols=12 newCols=12 effImprove=12 updated=0
    [CG] CG iter 4: obj=169718259.524229, maxRC=4143816.892758, +5 cols
    [CG]   [DIAG] iter=4 posCols=5 newCols=5 effImprove=5 updated=0
    [CG] CG iter 1: obj=143020461.935164, maxRC=59510373.130750, +23 cols
    [CG] 列生成开始，初始列数=128
    [CG]   [DIAG] iter=1 posCols=23 newCols=23 effImprove=23 updated=0
    [CG] CG iter 4: obj=169652705.181222, maxRC=4147520.190118, +5 cols
    [CG] 列生成收敛，共 5 轮迭代
    [CG] [CG-NODE] depth=0 exit=CERTIFIED certified=1 feasible=1 iters=5 generatedColsBeforeNode=0 newCols=57 posCandidates=57 duplicateCandidates=0 updatedCols=0 zeroObjImproveIters=0 objFirst=143252584.414103 objLast=173936612.393083 objGain=30684027.978981 maxRC=59519644.562382 wallSec=0.016575 pricingSec=0.011784 cplexSolveSec=0.002617
    [CG]   [DIAG] iter=4 posCols=5 newCols=5 effImprove=5 updated=0
    [CG] CG iter 1: obj=143240611.957067, maxRC=59518085.369157, +23 cols
      [BB] 根节点即为整数解，obj=173936612.393083
    [CG]   [DIAG] iter=1 posCols=23 newCols=23 effImprove=23 updated=0
    [CG] CG iter 2: obj=160555788.574979, maxRC=10622209.962901, +17 cols
    [CG]   [DIAG] iter=2 posCols=17 newCols=17 effImprove=17 updated=0
    [CG] 列生成收敛，共 5 轮迭代
    [CG] [CG-NODE] depth=0 exit=CERTIFIED certified=1 feasible=1 iters=5 generatedColsBeforeNode=0 newCols=57 posCandidates=57 duplicateCandidates=0 updatedCols=0 zeroObjImproveIters=0 objFirst=143194288.504105 objLast=173874156.395116 objGain=30679867.891011 maxRC=59500744.577251 wallSec=0.018405 pricingSec=0.012996 cplexSolveSec=0.003089
      [BB] 根节点即为整数解，obj=173874156.395116
    [CG] CG iter 3: obj=166933501.399093, maxRC=6259053.559733, +12 cols
    [CG]   [DIAG] iter=3 posCols=12 newCols=12 effImprove=12 updated=0
    [CG] CG iter 2: obj=160613021.123983, maxRC=10622221.960574, +17 cols
    [CG]   [DIAG] iter=2 posCols=17 newCols=17 effImprove=17 updated=0
    [CG] CG iter 4: obj=169622887.332359, maxRC=4131642.984272, +5 cols
    [CG]   [DIAG] iter=4 posCols=5 newCols=5 effImprove=5 updated=0
    [CG] 列生成收敛，共 5 轮迭代
    [CG] [CG-NODE] depth=0 exit=CERTIFIED certified=1 feasible=1 iters=5 generatedColsBeforeNode=0 newCols=57 posCandidates=57 duplicateCandidates=0 updatedCols=0 zeroObjImproveIters=0 objFirst=143020461.935164 objLast=173843247.378377 objGain=30822785.443213 maxRC=59510373.130750 wallSec=0.008657 pricingSec=0.005798 cplexSolveSec=0.001579
    [CG] CG iter 1: obj=143160029.241349, maxRC=59518085.891001, +23 cols
      [BB] 根节点即为整数解，obj=173843247.378377
    [CG]   [DIAG] iter=1 posCols=23 newCols=23 effImprove=23 updated=0
    [CG] CG iter 3: obj=167006962.957244, maxRC=6255830.015377, +12 cols
    [CG]   [DIAG] iter=3 posCols=12 newCols=12 effImprove=12 updated=0
    [CG] CG iter 4: obj=169705928.512626, maxRC=4144455.644841, +5 cols
    [CG]   [DIAG] iter=4 posCols=5 newCols=5 effImprove=5 updated=0
    [CG] CG iter 2: obj=160613108.457956, maxRC=10622254.236392, +17 cols
    [CG]   [DIAG] iter=2 posCols=17 newCols=17 effImprove=17 updated=0
    [CG] 列生成收敛，共 5 轮迭代
    [CG] [CG-NODE] depth=0 exit=CERTIFIED certified=1 feasible=1 iters=5 generatedColsBeforeNode=0 newCols=57 posCandidates=57 duplicateCandidates=0 updatedCols=0 zeroObjImproveIters=0 objFirst=143240611.957067 objLast=173924399.278914 objGain=30683787.321847 maxRC=59518085.369157 wallSec=0.013795 pricingSec=0.009377 cplexSolveSec=0.002582
      [BB] 根节点即为整数解，obj=173924399.278914
    [CG] CG iter 3: obj=166965445.692093, maxRC=6271633.987556, +11 cols
    [CG]   [DIAG] iter=3 posCols=11 newCols=11 effImprove=11 updated=0
    [CG] CG iter 4: obj=169623041.724265, maxRC=4105795.214807, +5 cols
    [CG]   [DIAG] iter=4 posCols=5 newCols=5 effImprove=5 updated=0
    [CG] 列生成收敛，共 5 轮迭代
    [CG] [CG-NODE] depth=0 exit=CERTIFIED certified=1 feasible=1 iters=5 generatedColsBeforeNode=0 newCols=56 posCandidates=56 duplicateCandidates=0 updatedCols=0 zeroObjImproveIters=0 objFirst=143160029.241349 objLast=173842148.637647 objGain=30682119.396298 maxRC=59518085.891001 wallSec=0.017962 pricingSec=0.012385 cplexSolveSec=0.003059
      [BB] 根节点即为整数解，obj=173842148.637647
    [CG] CG iter 1: obj=143102449.012779, maxRC=59517571.672574, +23 cols
    [CG]   [DIAG] iter=1 posCols=23 newCols=23 effImprove=23 updated=0
    [CG] CG iter 2: obj=160593870.239150, maxRC=10624325.334789, +17 cols
    [CG]   [DIAG] iter=2 posCols=17 newCols=17 effImprove=17 updated=0
    [CG] CG iter 3: obj=166938172.647903, maxRC=6269465.961411, +11 cols
    [CG]   [DIAG] iter=3 posCols=11 newCols=11 effImprove=11 updated=0
    [CG] CG iter 4: obj=169593830.413869, maxRC=4098951.988209, +5 cols
    [CG]   [DIAG] iter=4 posCols=5 newCols=5 effImprove=5 updated=0
    [CG] 列生成收敛，共 5 轮迭代
    [CG] [CG-NODE] depth=0 exit=CERTIFIED certified=1 feasible=1 iters=5 generatedColsBeforeNode=0 newCols=56 posCandidates=56 duplicateCandidates=0 updatedCols=0 zeroObjImproveIters=0 objFirst=143102449.012779 objLast=173815006.791963 objGain=30712557.779185 maxRC=59517571.672574 wallSec=0.014576 pricingSec=0.009820 cplexSolveSec=0.002656
      [BB] 根节点即为整数解，obj=173815006.791963
[GA] 代数 10: Best=173966642.34, Avg=173904013.91, Worst=173660786.56, Valid=30/30, 耗时=0.07s (连续10代未提升 → 提前停止)
  ├─ 求解: 30 个体 fork 并行 | CG迭代=140 加列=1595 BB分支=0
  ├─ 并行墙钟=0.0679s | 串行等效(ΣBP)=0.4195s | 加速比=6.18x
  ├─ 管理开销=-0.3516s (fork=0.0043 wait=0.0630 merge=0.0005)
  └─ CG明细: gen_logs/run_gen10_ind{0..29}.log

========== 遗传算法完成 ==========
总耗时: 0.626704s
最优适应度: 173966642.34
最优w: w0=0.00 w1=0.00 w2=0.00 w3=0.00 w4=0.00 w5=0.14 w6=0.00 w7=0.00 

========== 并行效率总报告 ==========
并行代数            : 11
并行墙钟(累计)      : 0.6227s
串行等效(ΣBP累计)   : 3.9115s
净管理开销          : -3.2889s (-528.2%)
  ├─ fork  : 0.0407s
  ├─ wait  : 0.5768s
  └─ merge : 0.0044s
加速比              : 6.28x
结论: 加速比 > 1，并行有效收益。
====================================

--- 最优解详细结果 ---
FORMAL_PASS seed=909 distance=15.00 profit=173966642.34 wall=0.65
