
      ========== [环节4/5] 列生成 CG（RMP + 定价子问题迭代求 LP 松弛） ==========
        设计: CPLEX 增量式 RMP(动态加列，不重建模型) ↔ 逐 DC 定价生成负 RC 新列
        定价并行: 否(串行逐DC) | DC 数=8 | 定价线程=4(上限pricing_threads=4)[未启用,parallel_pricing=false]
        核预算: core_budget=0(0=不限制) | GA并发进程数=见num_threads | 峰值占核=GA进程×定价线程
        RMP求解: CPLEX线程=1(cplex_threads=1)[GA并行时子进程强制回退1避免过度订阅]
        收敛: 最大迭代=2000 | tailing-off 早停=否(连续20轮改善<1e-06) | RC 阈值=1e-06
        优化: 每DC持久 PricingSolver(缓存跨迭代保留) + 持久线程池(不再每轮建销)

      ========== [环节5/5] 定价子问题 PS（每DC生成最大负 RC 列，本次瓶颈~83%） ==========
        算法: Simplified候选 + Algorithm3完整校验
        无损缓存: cachedBestCols仅提供 incumbent/上界剪枝，不跳过完整定价
        完整定价: 候选价格(保留价去重)×两点组合 O(候选价×n_neg²×numRetailer)

    ========== [环节3/5] 分支定界 BB（DFS 深度优先，恢复整数解） ==========
      设计: 根节点列生成求 LP → 按 x_ij(DC-零售商对)分数值分支 → 左 x_ij=0 / 右 x_ij=1
      策略: 深度优先(DFS 栈) | 选最大分数化变量分支 | LP≤下界则剪枝
      认证: 所有节点严格列生成 | 目标gap=0 | 最大节点数=10000 | 时间上限=600s
      资源限制仅改变求解状态，不允许LP值冒充整数可行解

  ========== [环节2/5] 分支定价 BP（固定 w_j 下精确求解整数规划） ==========
    设计: 列生成(求 LP 松弛) + 分支定界(恢复整数) = 分支定价
    收尾: 内层列利润已包含减排投资成本；BP整数结果完成后仅加回碳配额常数收益
    优化: fitnessCache 仅复用相同 w 的认证最优结果；未认证结果再次出现时重算
    投资成本模型: ½δw²D^γ, γ=0.500000
    投资成本处理: 列内扣除(新)

========== [环节1/5] 遗传算法 GA（外层：对减排率 w_j 编码搜索） ==========
  设计: 二进制编码 w_j → 轮盘赌选择 → 两点交叉 → 按位变异 → 精英保留
  配置: 种群=30 | 最大代数=50 | 编码位数=10/DC | 基因总长=80
        交叉率=0.7 | 逐位变异率=0.0125(自适应1/L) | 精英保留=是 | w范围=[0,1]
        提前停止=是 | 连续未提升阈值=10代 | 提升容差=0.001
  优化: 二进制解码查表(替代 std::pow) | 相同 w 仅复用认证最优的BP缓存

  +--------------- [并行诊断] 适应度评估层（GA 第4层外层） ---------------
  | 评估任务: 每代对 30 个个体各调用一次分支定价 BP.solve(w)（含 CG->定价->BB）
  | 并行三条件:
  |   1) parallel_fitness = true   [满足]
  |   2) population_size > 1 : 30   [满足]
  |   3) num_threads > 1 : 配置=8 -> 实际=8（0 表示自动取 CPU 核数=36）   [满足]
  +---------------------------------------------------------------
  | >>> 当前模式: 【并行】GA 适应度评估层 fork 进程级并行
  |     并发度: 8 个子进程同时运行（个体总数 30，分批调度）
  |     隔离方式: 每个体 fork() 独立子进程 + Instance.deepCopy() 深拷贝
  |               （不共享求解器，各持独立 BranchAndPrice，无锁无竞争）
  |     结果回传: 子进程算完经管道 pipe() 回传 fitness 及 BP/CG/PS 计时
  |     下层状态: 每个子进程内部 BP->CG->定价PS->BB 全部【串行】
  |     计时口径: 并行时 BP/CG/PS 取墙钟聚合，避免子进程 CPU 时间累加超过总时间
  | 注: 定价子问题 PS 并行开关 parallel_pricing=false —— true 时并行逐DC，false 时串行逐DC；线程数配置在 CG 环节横幅始终展示，仅 false 时不生效）
  +---------------------------------------------------------------
    [CG] 列生成开始，初始列数=128
    [CG] 列生成开始，初始列数=128
    [CG] 列生成开始，初始列数=128
    [CG] 列生成开始，初始列数=128
    [CG] 列生成开始，初始列数=128
    [CG] 列生成开始，初始列数=128
    [CG] 列生成开始，初始列数=128
    [CG] 列生成开始，初始列数=128
    [CG] CG iter 1: obj=142335363.754659, maxRC=59519752.128890, +23 cols
    [CG] CG iter 1: obj=141242374.499797, maxRC=59237875.228948, +23 cols
    [CG]   [DIAG] iter=1 posCols=23 newCols=23 effImprove=23 updated=0
    [CG] CG iter 1: obj=141503272.030676, maxRC=59151250.202710, +23 cols
    [CG] CG iter 1: obj=141492593.586595, maxRC=59336934.681075, +23 cols
    [CG]   [DIAG] iter=1 posCols=23 newCols=23 effImprove=23 updated=0
    [CG] CG iter 1: obj=141900360.503575, maxRC=59427496.810743, +23 cols
    [CG]   [DIAG] iter=1 posCols=23 newCols=23 effImprove=23 updated=0
    [CG]   [DIAG] iter=1 posCols=23 newCols=23 effImprove=23 updated=0
    [CG] CG iter 1: obj=140580479.683408, maxRC=59496798.589991, +23 cols
    [CG]   [DIAG] iter=1 posCols=23 newCols=23 effImprove=23 updated=0
    [CG]   [DIAG] iter=1 posCols=23 newCols=23 effImprove=23 updated=0
    [CG] CG iter 2: obj=160205777.658157, maxRC=10623485.371715, +17 cols
    [CG]   [DIAG] iter=2 posCols=17 newCols=17 effImprove=17 updated=0
    [CG] CG iter 2: obj=159094119.511991, maxRC=10214067.473904, +16 cols
    [CG]   [DIAG] iter=2 posCols=16 newCols=16 effImprove=16 updated=0
    [CG] CG iter 2: obj=159682267.174763, maxRC=9413938.231313, +17 cols
    [CG]   [DIAG] iter=2 posCols=17 newCols=17 effImprove=17 updated=0
    [CG] CG iter 2: obj=159220749.385901, maxRC=10444627.329924, +17 cols
    [CG]   [DIAG] iter=2 posCols=17 newCols=17 effImprove=17 updated=0
    [CG] CG iter 2: obj=159849867.832085, maxRC=10583079.134471, +17 cols
    [CG]   [DIAG] iter=2 posCols=17 newCols=17 effImprove=17 updated=0
    [CG] CG iter 2: obj=158982725.020310, maxRC=10842231.957126, +17 cols
    [CG]   [DIAG] iter=2 posCols=17 newCols=17 effImprove=17 updated=0
    [CG] CG iter 3: obj=166348277.353052, maxRC=6307268.735563, +12 cols
    [CG]   [DIAG] iter=3 posCols=12 newCols=12 effImprove=12 updated=0
    [CG] CG iter 3: obj=163005108.909418, maxRC=9335101.402071, +14 cols
    [CG]   [DIAG] iter=3 posCols=14 newCols=14 effImprove=14 updated=0
    [CG] CG iter 3: obj=165288145.233259, maxRC=6267161.491512, +12 cols
    [CG]   [DIAG] iter=3 posCols=12 newCols=12 effImprove=12 updated=0
    [CG] CG iter 3: obj=166057021.616025, maxRC=6947937.367293, +15 cols
    [CG] CG iter 3: obj=165954056.753581, maxRC=6300241.573174, +12 cols
    [CG]   [DIAG] iter=3 posCols=15 newCols=15 effImprove=15 updated=0
    [CG]   [DIAG] iter=3 posCols=12 newCols=12 effImprove=12 updated=0
    [CG] CG iter 3: obj=164710496.762822, maxRC=6323002.220707, +12 cols
    [CG]   [DIAG] iter=3 posCols=12 newCols=12 effImprove=12 updated=0
    [CG] CG iter 4: obj=169098679.010291, maxRC=4100569.741606, +5 cols
    [CG]   [DIAG] iter=4 posCols=5 newCols=5 effImprove=5 updated=0
    [CG] CG iter 4: obj=172129152.543839, maxRC=2628492.745460, +5 cols
    [CG]   [DIAG] iter=4 posCols=5 newCols=5 effImprove=5 updated=0
    [CG] CG iter 4: obj=168014657.098143, maxRC=4152941.611270, +5 cols
    [CG]   [DIAG] iter=4 posCols=5 newCols=5 effImprove=5 updated=0
    [CG] CG iter 4: obj=170877686.156477, maxRC=2210419.687450, +7 cols
    [CG]   [DIAG] iter=4 posCols=7 newCols=7 effImprove=7 updated=0
    [CG] CG iter 4: obj=168691312.455803, maxRC=4097946.566504, +5 cols
    [CG] 列生成收敛，共 5 轮迭代
    [CG] [CG-NODE] depth=0 exit=CERTIFIED certified=1 feasible=1 iters=5 generatedColsBeforeNode=0 newCols=57 posCandidates=57 duplicateCandidates=0 updatedCols=0 zeroObjImproveIters=0 objFirst=142335363.754659 objLast=173317075.098162 objGain=30981711.343503 maxRC=59519752.128890 wallSec=0.017068 pricingSec=0.011623 cplexSolveSec=0.002762
    [CG]   [DIAG] iter=4 posCols=5 newCols=5 effImprove=5 updated=0
    [CG] 列生成收敛，共 5 轮迭代
    [CG] CG iter 4: obj=167290585.560636, maxRC=3769424.278864, +5 cols
    [CG] [CG-NODE] depth=0 exit=CERTIFIED certified=1 feasible=1 iters=5 generatedColsBeforeNode=0 newCols=58 posCandidates=58 duplicateCandidates=0 updatedCols=0 zeroObjImproveIters=1 objFirst=141242374.499797 objLast=172129152.543839 objGain=30886778.044042 maxRC=59237875.228948 wallSec=0.017214 pricingSec=0.011602 cplexSolveSec=0.002760
      [BB] 根节点即为整数解，obj=173317075.098162
    [CG]   [DIAG] iter=4 posCols=5 newCols=5 effImprove=5 updated=0
    [CG] 列生成收敛，共 5 轮迭代
      [BB] 根节点即为整数解，obj=172129152.543839
    [CG] [CG-NODE] depth=0 exit=CERTIFIED certified=1 feasible=1 iters=5 generatedColsBeforeNode=0 newCols=57 posCandidates=57 duplicateCandidates=0 updatedCols=0 zeroObjImproveIters=0 objFirst=141503272.030676 objLast=172282496.785109 objGain=30779224.754434 maxRC=59151250.202710 wallSec=0.016999 pricingSec=0.011563 cplexSolveSec=0.002753
    [CG] 列生成收敛，共 5 轮迭代
    [CG] [CG-NODE] depth=0 exit=CERTIFIED certified=1 feasible=1 iters=5 generatedColsBeforeNode=0 newCols=57 posCandidates=57 duplicateCandidates=0 updatedCols=0 zeroObjImproveIters=0 objFirst=141900360.503575 objLast=172923479.073135 objGain=31023118.569560 maxRC=59427496.810743 wallSec=0.016997 pricingSec=0.011475 cplexSolveSec=0.002763
    [CG] 列生成收敛，共 5 轮迭代
    [CG] [CG-NODE] depth=0 exit=CERTIFIED certified=1 feasible=1 iters=5 generatedColsBeforeNode=0 newCols=62 posCandidates=62 duplicateCandidates=0 updatedCols=0 zeroObjImproveIters=0 objFirst=141492593.586595 objLast=172680906.672244 objGain=31188313.085649 maxRC=59336934.681075 wallSec=0.017422 pricingSec=0.011817 cplexSolveSec=0.002833
      [BB] 根节点即为整数解，obj=172282496.785109
      [BB] 根节点即为整数解，obj=172923479.073135
      [BB] 根节点即为整数解，obj=172680906.672244
    [CG] 列生成收敛，共 5 轮迭代
    [CG] [CG-NODE] depth=0 exit=CERTIFIED certified=1 feasible=1 iters=5 generatedColsBeforeNode=0 newCols=57 posCandidates=57 duplicateCandidates=0 updatedCols=0 zeroObjImproveIters=0 objFirst=140580479.683408 objLast=171480854.466254 objGain=30900374.782846 maxRC=59496798.589991 wallSec=0.017191 pricingSec=0.011702 cplexSolveSec=0.002734
      [BB] 根节点即为整数解，obj=171480854.466254
    [CG] CG iter 1: obj=140884971.593076, maxRC=58975790.194723, +23 cols
    [CG] CG iter 1: obj=141067126.919240, maxRC=59314115.694631, +23 cols
    [CG]   [DIAG] iter=1 posCols=23 newCols=23 effImprove=23 updated=0
    [CG]   [DIAG] iter=1 posCols=23 newCols=23 effImprove=23 updated=0
    [CG] 列生成开始，初始列数=128
    [CG] 列生成开始，初始列数=128
    [CG] 列生成开始，初始列数=128
    [CG] 列生成开始，初始列数=128
    [CG] CG iter 2: obj=158771420.942170, maxRC=9275218.332888, +17 cols
    [CG]   [DIAG] iter=2 posCols=17 newCols=17 effImprove=17 updated=0
    [CG] 列生成开始，初始列数=128
    [CG] CG iter 2: obj=159397366.562635, maxRC=10502620.668729, +17 cols
    [CG]   [DIAG] iter=2 posCols=17 newCols=17 effImprove=17 updated=0
    [CG] 列生成开始，初始列数=128
    [CG] CG iter 3: obj=171879805.445151, maxRC=1927889.865104, +7 cols
    [CG]   [DIAG] iter=3 posCols=7 newCols=7 effImprove=7 updated=0
    [CG] CG iter 3: obj=165337124.139978, maxRC=5744831.857016, +11 cols
    [CG]   [DIAG] iter=3 posCols=11 newCols=11 effImprove=11 updated=0
    [CG] CG iter 4: obj=171879805.445151, maxRC=452045.002513, +4 cols
    [CG]   [DIAG] iter=4 posCols=4 newCols=4 effImprove=4 updated=0
    [CG] CG iter 4: obj=172051536.671938, maxRC=1393892.262225, +2 cols
    [CG]   [DIAG] iter=4 posCols=2 newCols=2 effImprove=2 updated=0
    [CG] CG iter 5: obj=171927859.587427, maxRC=311546.034654, +2 cols
    [CG]   [DIAG] iter=5 posCols=2 newCols=2 effImprove=2 updated=0
    [CG] CG iter 5: obj=172260316.119063, maxRC=462507.464753, +1 cols
    [CG]   [DIAG] iter=5 posCols=1 newCols=1 effImprove=1 updated=0
    [CG] 列生成收敛，共 6 轮迭代
    [CG] CG iter 6: obj=172260316.119063, maxRC=113487.008613, +1 cols
    [CG]   [DIAG] iter=6 posCols=1 newCols=1 effImprove=1 updated=0
    [CG] [CG-NODE] depth=0 exit=CERTIFIED certified=1 feasible=1 iters=6 generatedColsBeforeNode=0 newCols=53 posCandidates=53 duplicateCandidates=0 updatedCols=0 zeroObjImproveIters=2 objFirst=140884971.593076 objLast=171927859.587427 objGain=31042887.994351 maxRC=58975790.194723 wallSec=0.024154 pricingSec=0.017159 cplexSolveSec=0.003811
      [BB] 根节点即为整数解，obj=171927859.587427
    [CG] 列生成收敛，共 7 轮迭代
    [CG] [CG-NODE] depth=0 exit=CERTIFIED certified=1 feasible=1 iters=7 generatedColsBeforeNode=0 newCols=55 posCandidates=55 duplicateCandidates=0 updatedCols=0 zeroObjImproveIters=2 objFirst=141067126.919240 objLast=172260316.119063 objGain=31193189.199823 maxRC=59314115.694631 wallSec=0.024094 pricingSec=0.017017 cplexSolveSec=0.003815
      [BB] 根节点即为整数解，obj=172260316.119063
    [CG] CG iter 1: obj=141106056.380608, maxRC=59028192.396611, +23 cols
    [CG]   [DIAG] iter=1 posCols=23 newCols=23 effImprove=23 updated=0
    [CG] CG iter 1: obj=141130315.894173, maxRC=59023067.213761, +23 cols
    [CG]   [DIAG] iter=1 posCols=23 newCols=23 effImprove=23 updated=0
    [CG] CG iter 1: obj=141192835.631852, maxRC=59287079.171277, +23 cols
    [CG] CG iter 1: obj=141246164.724886, maxRC=59032415.280435, +23 cols
    [CG]   [DIAG] iter=1 posCols=23 newCols=23 effImprove=23 updated=0
    [CG]   [DIAG] iter=1 posCols=23 newCols=23 effImprove=23 updated=0
    [CG] CG iter 1: obj=141246383.024354, maxRC=59084968.304056, +23 cols
    [CG] CG iter 2: obj=159027380.467301, maxRC=10429572.883640, +17 cols
    [CG] CG iter 1: obj=141185107.653392, maxRC=59091272.362774, +23 cols
    [CG]   [DIAG] iter=2 posCols=17 newCols=17 effImprove=17 updated=0
    [CG]   [DIAG] iter=1 posCols=23 newCols=23 effImprove=23 updated=0
    [CG] CG iter 2: obj=158718783.122172, maxRC=10242023.515663, +16 cols
    [CG]   [DIAG] iter=1 posCols=23 newCols=23 effImprove=23 updated=0
    [CG]   [DIAG] iter=2 posCols=16 newCols=16 effImprove=16 updated=0
    [CG] 列生成开始，初始列数=128
    [CG] CG iter 2: obj=159194050.551554, maxRC=9366023.577646, +17 cols
    [CG]   [DIAG] iter=2 posCols=17 newCols=17 effImprove=17 updated=0
    [CG] CG iter 2: obj=159002548.554831, maxRC=9218457.849812, +17 cols
    [CG]   [DIAG] iter=2 posCols=17 newCols=17 effImprove=17 updated=0
    [CG] CG iter 3: obj=165118085.531423, maxRC=6276496.534642, +12 cols
    [CG]   [DIAG] iter=3 posCols=12 newCols=12 effImprove=12 updated=0
    [CG] CG iter 2: obj=159149532.908884, maxRC=10384293.673112, +17 cols
    [CG] CG iter 3: obj=162590694.695627, maxRC=9257030.208045, +14 cols
    [CG] CG iter 2: obj=158868857.197596, maxRC=10094638.688031, +16 cols
    [CG]   [DIAG] iter=2 posCols=17 newCols=17 effImprove=17 updated=0
    [CG]   [DIAG] iter=3 posCols=14 newCols=14 effImprove=14 updated=0
    [CG]   [DIAG] iter=2 posCols=16 newCols=16 effImprove=16 updated=0
    [CG] 列生成开始，初始列数=128
    [CG] CG iter 3: obj=165557413.238553, maxRC=7053607.958447, +15 cols
    [CG]   [DIAG] iter=3 posCols=15 newCols=15 effImprove=15 updated=0
    [CG] CG iter 4: obj=167868951.296783, maxRC=4212239.454640, +7 cols
    [CG] CG iter 3: obj=165459984.766857, maxRC=6966140.675012, +15 cols
    [CG]   [DIAG] iter=4 posCols=7 newCols=7 effImprove=7 updated=0
    [CG] CG iter 4: obj=171787140.910477, maxRC=2642837.870576, +6 cols
    [CG]   [DIAG] iter=3 posCols=15 newCols=15 effImprove=15 updated=0
    [CG]   [DIAG] iter=4 posCols=6 newCols=6 effImprove=6 updated=0
    [CG] CG iter 3: obj=165256363.756943, maxRC=6297377.628189, +12 cols
    [CG]   [DIAG] iter=3 posCols=12 newCols=12 effImprove=12 updated=0
    [CG] CG iter 3: obj=162693349.000191, maxRC=9281812.985837, +14 cols
    [CG]   [DIAG] iter=3 posCols=14 newCols=14 effImprove=14 updated=0
    [CG] 列生成收敛，共 5 轮迭代
    [CG] [CG-NODE] depth=0 exit=CERTIFIED certified=1 feasible=1 iters=5 generatedColsBeforeNode=0 newCols=59 posCandidates=59 duplicateCandidates=0 updatedCols=0 zeroObjImproveIters=1 objFirst=141130315.894173 objLast=171787140.910477 objGain=30656825.016304 maxRC=59023067.213761 wallSec=0.009910 pricingSec=0.006052 cplexSolveSec=0.001887
    [CG] CG iter 5: obj=172116622.039728, maxRC=1385109.238296, +2 cols
    [CG] CG iter 4: obj=170404127.117079, maxRC=2426033.269282, +7 cols
    [CG]   [DIAG] iter=5 posCols=2 newCols=2 effImprove=2 updated=0
    [CG]   [DIAG] iter=4 posCols=7 newCols=7 effImprove=7 updated=0
    [CG] CG iter 4: obj=170335587.187489, maxRC=2383273.487665, +7 cols
    [CG]   [DIAG] iter=4 posCols=7 newCols=7 effImprove=7 updated=0
      [BB] 根节点即为整数解，obj=171787140.910477
    [CG] 列生成收敛，共 6 轮迭代
    [CG] CG iter 4: obj=167993399.798039, maxRC=4207915.168341, +5 cols
    [CG] [CG-NODE] depth=0 exit=CERTIFIED certified=1 feasible=1 iters=6 generatedColsBeforeNode=0 newCols=61 posCandidates=61 duplicateCandidates=0 updatedCols=0 zeroObjImproveIters=1 objFirst=141106056.380608 objLast=172116622.039728 objGain=31010565.659119 maxRC=59028192.396611 wallSec=0.010834 pricingSec=0.006771 cplexSolveSec=0.002052
    [CG] CG iter 4: obj=171819676.438366, maxRC=2623254.866021, +5 cols
    [CG]   [DIAG] iter=4 posCols=5 newCols=5 effImprove=5 updated=0
    [CG]   [DIAG] iter=4 posCols=5 newCols=5 effImprove=5 updated=0
    [CG] 列生成收敛，共 5 轮迭代
    [CG] [CG-NODE] depth=0 exit=CERTIFIED certified=1 feasible=1 iters=5 generatedColsBeforeNode=0 newCols=62 posCandidates=62 duplicateCandidates=0 updatedCols=0 zeroObjImproveIters=0 objFirst=141192835.631852 objLast=172251524.697831 objGain=31058689.065979 maxRC=59287079.171277 wallSec=0.010185 pricingSec=0.006365 cplexSolveSec=0.001948
    [CG] 列生成收敛，共 5 轮迭代
    [CG] [CG-NODE] depth=0 exit=CERTIFIED certified=1 feasible=1 iters=5 generatedColsBeforeNode=0 newCols=62 posCandidates=62 duplicateCandidates=0 updatedCols=0 zeroObjImproveIters=0 objFirst=141246164.724886 objLast=172072825.848227 objGain=30826661.123342 maxRC=59032415.280435 wallSec=0.009798 pricingSec=0.005982 cplexSolveSec=0.001916
      [BB] 根节点即为整数解，obj=172116622.039728
      [BB] 根节点即为整数解，obj=172251524.697831
      [BB] 根节点即为整数解，obj=172072825.848227
    [CG] 列生成收敛，共 5 轮迭代
    [CG] [CG-NODE] depth=0 exit=CERTIFIED certified=1 feasible=1 iters=5 generatedColsBeforeNode=0 newCols=57 posCandidates=57 duplicateCandidates=0 updatedCols=0 zeroObjImproveIters=0 objFirst=141246383.024354 objLast=172260674.953229 objGain=31014291.928875 maxRC=59084968.304056 wallSec=0.010354 pricingSec=0.005892 cplexSolveSec=0.001900
    [CG] 列生成收敛，共 5 轮迭代
    [CG] [CG-NODE] depth=0 exit=CERTIFIED certified=1 feasible=1 iters=5 generatedColsBeforeNode=0 newCols=58 posCandidates=58 duplicateCandidates=0 updatedCols=0 zeroObjImproveIters=1 objFirst=141185107.653392 objLast=171819676.438366 objGain=30634568.784974 maxRC=59091272.362774 wallSec=0.009918 pricingSec=0.006064 cplexSolveSec=0.001928
      [BB] 根节点即为整数解，obj=172260674.953229
      [BB] 根节点即为整数解，obj=171819676.438366
    [CG] 列生成开始，初始列数=128
    [CG] 列生成开始，初始列数=128
    [CG] 列生成开始，初始列数=128
    [CG] 列生成开始，初始列数=128
    [CG] 列生成开始，初始列数=128
    [CG] 列生成开始，初始列数=128
    [CG] CG iter 1: obj=141685470.636142, maxRC=59508025.552600, +23 cols
    [CG]   [DIAG] iter=1 posCols=23 newCols=23 effImprove=23 updated=0
    [CG] CG iter 2: obj=159767167.637182, maxRC=10850251.874185, +17 cols
    [CG]   [DIAG] iter=2 posCols=17 newCols=17 effImprove=17 updated=0
    [CG] CG iter 3: obj=165698750.121941, maxRC=6284879.197996, +12 cols
    [CG]   [DIAG] iter=3 posCols=12 newCols=12 effImprove=12 updated=0
    [CG] CG iter 4: obj=168429573.011147, maxRC=3946183.503906, +6 cols
    [CG]   [DIAG] iter=4 posCols=6 newCols=6 effImprove=6 updated=0
    [CG] CG iter 1: obj=141611678.959046, maxRC=59508834.693463, +23 cols
    [CG]   [DIAG] iter=1 posCols=23 newCols=23 effImprove=23 updated=0
    [CG] CG iter 1: obj=141523651.148010, maxRC=59414141.513033, +23 cols
    [CG] 列生成收敛，共 5 轮迭代
    [CG] [CG-NODE] depth=0 exit=CERTIFIED certified=1 feasible=1 iters=5 generatedColsBeforeNode=0 newCols=58 posCandidates=58 duplicateCandidates=0 updatedCols=0 zeroObjImproveIters=0 objFirst=141685470.636142 objLast=172594522.194544 objGain=30909051.558402 maxRC=59508025.552600 wallSec=0.009976 pricingSec=0.006428 cplexSolveSec=0.001749
    [CG]   [DIAG] iter=1 posCols=23 newCols=23 effImprove=23 updated=0
    [CG] CG iter 1: obj=141461120.318954, maxRC=59510810.113420, +23 cols
      [BB] 根节点即为整数解，obj=172594522.194544
    [CG]   [DIAG] iter=1 posCols=23 newCols=23 effImprove=23 updated=0
    [CG] CG iter 1: obj=141417766.416204, maxRC=59309951.563968, +23 cols
    [CG] CG iter 1: obj=141290312.609129, maxRC=59416125.086773, +23 cols
    [CG]   [DIAG] iter=1 posCols=23 newCols=23 effImprove=23 updated=0
    [CG]   [DIAG] iter=1 posCols=23 newCols=23 effImprove=23 updated=0
    [CG] CG iter 2: obj=160014848.110195, maxRC=10722753.114889, +17 cols
    [CG]   [DIAG] iter=2 posCols=17 newCols=17 effImprove=17 updated=0
    [CG] CG iter 1: obj=141000007.690714, maxRC=59441611.756487, +23 cols
    [CG] CG iter 2: obj=159924666.869057, maxRC=9459606.271506, +17 cols
    [CG]   [DIAG] iter=2 posCols=17 newCols=17 effImprove=17 updated=0
    [CG]   [DIAG] iter=1 posCols=23 newCols=23 effImprove=23 updated=0
    [CG] CG iter 2: obj=159902859.303717, maxRC=10649364.723499, +17 cols
    [CG]   [DIAG] iter=2 posCols=17 newCols=17 effImprove=17 updated=0
    [CG] CG iter 2: obj=159330576.812778, maxRC=9419950.872397, +17 cols
    [CG]   [DIAG] iter=2 posCols=17 newCols=17 effImprove=17 updated=0
    [CG] CG iter 2: obj=159349769.354075, maxRC=9368393.868912, +17 cols
    [CG] CG iter 3: obj=165927258.855359, maxRC=5675323.379791, +11 cols
    [CG]   [DIAG] iter=2 posCols=17 newCols=17 effImprove=17 updated=0
    [CG]   [DIAG] iter=3 posCols=11 newCols=11 effImprove=11 updated=0
    [CG] CG iter 2: obj=159397291.952500, maxRC=10866481.941831, +18 cols
    [CG]   [DIAG] iter=2 posCols=18 newCols=18 effImprove=18 updated=0
    [CG] CG iter 3: obj=166292948.549868, maxRC=6997985.432270, +15 cols
    [CG]   [DIAG] iter=3 posCols=15 newCols=15 effImprove=15 updated=0
    [CG] CG iter 3: obj=165761110.536383, maxRC=6329263.442144, +12 cols
    [CG]   [DIAG] iter=3 posCols=12 newCols=12 effImprove=12 updated=0
    [CG] CG iter 4: obj=172504254.290538, maxRC=1213956.315306, +3 cols
    [CG]   [DIAG] iter=4 posCols=3 newCols=3 effImprove=3 updated=0
    [CG] CG iter 3: obj=165693946.910509, maxRC=6824621.931988, +15 cols
    [CG]   [DIAG] iter=3 posCols=15 newCols=15 effImprove=15 updated=0
    [CG] CG iter 4: obj=171153538.405883, maxRC=2389957.802565, +7 cols
    [CG]   [DIAG] iter=4 posCols=7 newCols=7 effImprove=7 updated=0
    [CG] CG iter 4: obj=168306501.724229, maxRC=3843748.144169, +5 cols
    [CG] CG iter 3: obj=165230741.617604, maxRC=5697971.616705, +11 cols
    [CG]   [DIAG] iter=4 posCols=5 newCols=5 effImprove=5 updated=0
    [CG] CG iter 5: obj=172743663.218984, maxRC=525576.691677, +3 cols
    [CG]   [DIAG] iter=5 posCols=3 newCols=3 effImprove=3 updated=0
    [CG]   [DIAG] iter=3 posCols=11 newCols=11 effImprove=11 updated=0
    [CG] CG iter 3: obj=165763049.430646, maxRC=8867664.957302, +15 cols
    [CG]   [DIAG] iter=3 posCols=15 newCols=15 effImprove=15 updated=0
    [CG] 列生成开始，初始列数=128
    [CG] 列生成收敛，共 5 轮迭代
    [CG] CG iter 4: obj=170359195.914971, maxRC=2423576.045803, +7 cols
    [CG] [CG-NODE] depth=0 exit=CERTIFIED certified=1 feasible=1 iters=5 generatedColsBeforeNode=0 newCols=62 posCandidates=62 duplicateCandidates=0 updatedCols=0 zeroObjImproveIters=0 objFirst=141523651.148010 objLast=172963630.708670 objGain=31439979.560660 maxRC=59414141.513033 wallSec=0.007341 pricingSec=0.004425 cplexSolveSec=0.001459
    [CG]   [DIAG] iter=4 posCols=7 newCols=7 effImprove=7 updated=0
    [CG] 列生成收敛，共 5 轮迭代
    [CG] [CG-NODE] depth=0 exit=CERTIFIED certified=1 feasible=1 iters=5 generatedColsBeforeNode=0 newCols=57 posCandidates=57 duplicateCandidates=0 updatedCols=0 zeroObjImproveIters=0 objFirst=141461120.318954 objLast=172556657.330551 objGain=31095537.011598 maxRC=59510810.113420 wallSec=0.007215 pricingSec=0.004285 cplexSolveSec=0.001452
    [CG] 列生成收敛，共 6 轮迭代
    [CG] [CG-NODE] depth=0 exit=CERTIFIED certified=1 feasible=1 iters=6 generatedColsBeforeNode=0 newCols=57 posCandidates=57 duplicateCandidates=0 updatedCols=0 zeroObjImproveIters=1 objFirst=141611678.959046 objLast=172743663.218984 objGain=31131984.259938 maxRC=59508834.693463 wallSec=0.007564 pricingSec=0.004593 cplexSolveSec=0.001547
    [CG] CG iter 4: obj=171815902.259656, maxRC=1187313.295925, +3 cols
    [CG]   [DIAG] iter=4 posCols=3 newCols=3 effImprove=3 updated=0
      [BB] 根节点即为整数解，obj=172963630.708670
      [BB] 根节点即为整数解，obj=172556657.330551
      [BB] 根节点即为整数解，obj=172743663.218984
    [CG] 列生成收敛，共 5 轮迭代
    [CG] [CG-NODE] depth=0 exit=CERTIFIED certified=1 feasible=1 iters=5 generatedColsBeforeNode=0 newCols=62 posCandidates=62 duplicateCandidates=0 updatedCols=0 zeroObjImproveIters=0 objFirst=141290312.609129 objLast=172204695.835128 objGain=30914383.225999 maxRC=59416125.086773 wallSec=0.007307 pricingSec=0.004402 cplexSolveSec=0.001449
    [CG] CG iter 4: obj=170722846.484309, maxRC=1996473.359141, +6 cols
    [CG] CG iter 5: obj=172116026.530234, maxRC=479387.459162, +1 cols
    [CG]   [DIAG] iter=4 posCols=6 newCols=6 effImprove=6 updated=0
    [CG]   [DIAG] iter=5 posCols=1 newCols=1 effImprove=1 updated=0
      [BB] 根节点即为整数解，obj=172204695.835128
    [CG] CG iter 6: obj=172116026.530234, maxRC=74418.324040, +1 cols
    [CG]   [DIAG] iter=6 posCols=1 newCols=1 effImprove=1 updated=0
    [CG] CG iter 5: obj=172505758.723074, maxRC=231431.660643, +2 cols
    [CG]   [DIAG] iter=5 posCols=2 newCols=2 effImprove=2 updated=0
    [CG] 列生成收敛，共 7 轮迭代
    [CG] [CG-NODE] depth=0 exit=CERTIFIED certified=1 feasible=1 iters=7 generatedColsBeforeNode=0 newCols=57 posCandidates=57 duplicateCandidates=0 updatedCols=0 zeroObjImproveIters=2 objFirst=141000007.690714 objLast=172116026.530234 objGain=31116018.839520 maxRC=59441611.756487 wallSec=0.007968 pricingSec=0.004691 cplexSolveSec=0.001713
      [BB] 根节点即为整数解，obj=172116026.530234
    [CG] CG iter 6: obj=172505758.723074, maxRC=142084.646027, +1 cols
    [CG] CG iter 1: obj=141845465.002270, maxRC=59519481.825103, +23 cols
    [CG]   [DIAG] iter=6 posCols=1 newCols=1 effImprove=1 updated=0
    [CG]   [DIAG] iter=1 posCols=23 newCols=23 effImprove=23 updated=0
    [CG] 列生成收敛，共 7 轮迭代
    [CG] [CG-NODE] depth=0 exit=CERTIFIED certified=1 feasible=1 iters=7 generatedColsBeforeNode=0 newCols=64 posCandidates=64 duplicateCandidates=0 updatedCols=0 zeroObjImproveIters=2 objFirst=141417766.416204 objLast=172505758.723074 objGain=31087992.306870 maxRC=59309951.563968 wallSec=0.009903 pricingSec=0.006306 cplexSolveSec=0.001960
      [BB] 根节点即为整数解，obj=172505758.723074
    [CG] 列生成开始，初始列数=128
    [CG] 列生成开始，初始列数=128
    [CG] 列生成开始，初始列数=128
    [CG] 列生成开始，初始列数=128
    [CG] CG iter 2: obj=159931986.801175, maxRC=10716590.536901, +17 cols
    [CG]   [DIAG] iter=2 posCols=17 newCols=17 effImprove=17 updated=0
    [CG] 列生成开始，初始列数=128
    [CG] 列生成开始，初始列数=128
    [CG] CG iter 1: obj=141432670.974069, maxRC=59338042.921975, +23 cols
    [CG]   [DIAG] iter=1 posCols=23 newCols=23 effImprove=23 updated=0
    [CG] CG iter 3: obj=165944624.892615, maxRC=6320761.757990, +12 cols
    [CG]   [DIAG] iter=3 posCols=12 newCols=12 effImprove=12 updated=0
    [CG] CG iter 2: obj=159517245.285387, maxRC=10646324.583709, +17 cols
    [CG]   [DIAG] iter=2 posCols=17 newCols=17 effImprove=17 updated=0
    [CG] CG iter 4: obj=168721095.421607, maxRC=4061752.902318, +7 cols
    [CG]   [DIAG] iter=4 posCols=7 newCols=7 effImprove=7 updated=0
    [CG] CG iter 1: obj=140671932.698496, maxRC=58947105.203567, +23 cols
    [CG]   [DIAG] iter=1 posCols=23 newCols=23 effImprove=23 updated=0
    [CG] CG iter 1: obj=141028132.740526, maxRC=59084571.429119, +23 cols
    [CG]   [DIAG] iter=1 posCols=23 newCols=23 effImprove=23 updated=0
    [CG] CG iter 3: obj=165573889.828777, maxRC=6306578.725154, +12 cols
    [CG]   [DIAG] iter=3 posCols=12 newCols=12 effImprove=12 updated=0
    [CG] 列生成收敛，共 5 轮迭代
    [CG] [CG-NODE] depth=0 exit=CERTIFIED certified=1 feasible=1 iters=5 generatedColsBeforeNode=0 newCols=59 posCandidates=59 duplicateCandidates=0 updatedCols=0 zeroObjImproveIters=0 objFirst=141845465.002270 objLast=172911057.409773 objGain=31065592.407502 maxRC=59519481.825103 wallSec=0.018300 pricingSec=0.012505 cplexSolveSec=0.003120
    [CG] CG iter 2: obj=158413359.205720, maxRC=9200633.556954, +17 cols
    [CG]   [DIAG] iter=2 posCols=17 newCols=17 effImprove=17 updated=0
      [BB] 根节点即为整数解，obj=172911057.409773
    [CG] CG iter 2: obj=158853626.132325, maxRC=9271829.872047, +17 cols
    [CG]   [DIAG] iter=2 posCols=17 newCols=17 effImprove=17 updated=0
    [CG] CG iter 4: obj=168365586.999386, maxRC=4125573.165855, +7 cols
    [CG]   [DIAG] iter=4 posCols=7 newCols=7 effImprove=7 updated=0
    [CG] CG iter 1: obj=141093104.422231, maxRC=59383777.897882, +23 cols
    [CG]   [DIAG] iter=1 posCols=23 newCols=23 effImprove=23 updated=0
    [CG] CG iter 3: obj=164822736.371795, maxRC=6822959.719434, +15 cols
    [CG] 列生成收敛，共 5 轮迭代
    [CG] CG iter 1: obj=141382112.611227, maxRC=59042957.822234, +23 cols
    [CG]   [DIAG] iter=3 posCols=15 newCols=15 effImprove=15 updated=0
    [CG] [CG-NODE] depth=0 exit=CERTIFIED certified=1 feasible=1 iters=5 generatedColsBeforeNode=0 newCols=59 posCandidates=59 duplicateCandidates=0 updatedCols=0 zeroObjImproveIters=0 objFirst=141432670.974069 objLast=172559907.671541 objGain=31127236.697473 maxRC=59338042.921975 wallSec=0.008530 pricingSec=0.005473 cplexSolveSec=0.001622
    [CG] CG iter 1: obj=141620003.099072, maxRC=59465683.938327, +23 cols
    [CG]   [DIAG] iter=1 posCols=23 newCols=23 effImprove=23 updated=0
    [CG] CG iter 3: obj=165256257.113171, maxRC=6888123.102026, +15 cols
    [CG]   [DIAG] iter=3 posCols=15 newCols=15 effImprove=15 updated=0
      [BB] 根节点即为整数解，obj=172559907.671541
    [CG]   [DIAG] iter=1 posCols=23 newCols=23 effImprove=23 updated=0
    [CG] CG iter 2: obj=159165267.853343, maxRC=10600991.212006, +17 cols
    [CG]   [DIAG] iter=2 posCols=17 newCols=17 effImprove=17 updated=0
    [CG] CG iter 4: obj=169499614.714058, maxRC=1864578.914796, +7 cols
    [CG]   [DIAG] iter=4 posCols=7 newCols=7 effImprove=7 updated=0
    [CG] CG iter 4: obj=170017774.937705, maxRC=2372484.996417, +7 cols
    [CG]   [DIAG] iter=4 posCols=7 newCols=7 effImprove=7 updated=0
    [CG] CG iter 2: obj=160023486.404539, maxRC=10318488.717361, +17 cols
    [CG] CG iter 3: obj=165124746.976754, maxRC=6278598.041396, +11 cols
    [CG]   [DIAG] iter=2 posCols=17 newCols=17 effImprove=17 updated=0
    [CG] 列生成收敛，共 5 轮迭代
    [CG] CG iter 2: obj=159266416.397157, maxRC=10342838.392460, +17 cols
    [CG] [CG-NODE] depth=0 exit=CERTIFIED certified=1 feasible=1 iters=5 generatedColsBeforeNode=0 newCols=62 posCandidates=62 duplicateCandidates=0 updatedCols=0 zeroObjImproveIters=0 objFirst=140671932.698496 objLast=171251765.976028 objGain=30579833.277532 maxRC=58947105.203567 wallSec=0.007052 pricingSec=0.004419 cplexSolveSec=0.001339
    [CG]   [DIAG] iter=3 posCols=11 newCols=11 effImprove=11 updated=0
    [CG]   [DIAG] iter=2 posCols=17 newCols=17 effImprove=17 updated=0
    [CG] 列生成收敛，共 5 轮迭代
    [CG] [CG-NODE] depth=0 exit=CERTIFIED certified=1 feasible=1 iters=5 generatedColsBeforeNode=0 newCols=62 posCandidates=62 duplicateCandidates=0 updatedCols=0 zeroObjImproveIters=0 objFirst=141028132.740526 objLast=171790967.081207 objGain=30762834.340681 maxRC=59084571.429119 wallSec=0.007087 pricingSec=0.004491 cplexSolveSec=0.001356
      [BB] 根节点即为整数解，obj=171251765.976028
    [CG] 列生成开始，初始列数=128
      [BB] 根节点即为整数解，obj=171790967.081207
    [CG] CG iter 4: obj=167804486.655336, maxRC=3992318.139512, +5 cols
    [CG]   [DIAG] iter=4 posCols=5 newCols=5 effImprove=5 updated=0
    [CG] CG iter 3: obj=165945407.966905, maxRC=5644315.579036, +11 cols
    [CG]   [DIAG] iter=3 posCols=11 newCols=11 effImprove=11 updated=0
    [CG] CG iter 3: obj=165419006.033757, maxRC=6297303.529379, +12 cols
    [CG]   [DIAG] iter=3 posCols=12 newCols=12 effImprove=12 updated=0
    [CG] 列生成收敛，共 5 轮迭代
    [CG] [CG-NODE] depth=0 exit=CERTIFIED certified=1 feasible=1 iters=5 generatedColsBeforeNode=0 newCols=56 posCandidates=56 duplicateCandidates=0 updatedCols=0 zeroObjImproveIters=0 objFirst=141093104.422231 objLast=172058469.543530 objGain=30965365.121300 maxRC=59383777.897882 wallSec=0.007034 pricingSec=0.004424 cplexSolveSec=0.001287
      [BB] 根节点即为整数解，obj=172058469.543530
    [CG] CG iter 4: obj=172462130.799677, maxRC=1139001.513390, +3 cols
    [CG]   [DIAG] iter=4 posCols=3 newCols=3 effImprove=3 updated=0
    [CG] CG iter 4: obj=168156051.341850, maxRC=4251272.993013, +5 cols
    [CG]   [DIAG] iter=4 posCols=5 newCols=5 effImprove=5 updated=0
    [CG] CG iter 5: obj=172728725.059331, maxRC=458155.190154, +3 cols
    [CG]   [DIAG] iter=5 posCols=3 newCols=3 effImprove=3 updated=0
    [CG] 列生成收敛，共 5 轮迭代
    [CG] [CG-NODE] depth=0 exit=CERTIFIED certified=1 feasible=1 iters=5 generatedColsBeforeNode=0 newCols=57 posCandidates=57 duplicateCandidates=0 updatedCols=0 zeroObjImproveIters=0 objFirst=141382112.611227 objLast=172423836.754671 objGain=31041724.143445 maxRC=59042957.822234 wallSec=0.008787 pricingSec=0.005632 cplexSolveSec=0.001629
    [CG] 列生成收敛，共 6 轮迭代
    [CG] [CG-NODE] depth=0 exit=CERTIFIED certified=1 feasible=1 iters=6 generatedColsBeforeNode=0 newCols=57 posCandidates=57 duplicateCandidates=0 updatedCols=0 zeroObjImproveIters=1 objFirst=141620003.099072 objLast=172728725.059331 objGain=31108721.960259 maxRC=59465683.938327 wallSec=0.007244 pricingSec=0.004535 cplexSolveSec=0.001470
      [BB] 根节点即为整数解，obj=172423836.754671
      [BB] 根节点即为整数解，obj=172728725.059331
    [CG] CG iter 1: obj=141081034.983012, maxRC=59487161.840926, +23 cols
    [CG]   [DIAG] iter=1 posCols=23 newCols=23 effImprove=23 updated=0
    [CG] CG iter 2: obj=159339167.989733, maxRC=10176447.877084, +17 cols
    [CG]   [DIAG] iter=2 posCols=17 newCols=17 effImprove=17 updated=0
    [CG] CG iter 3: obj=168635097.086664, maxRC=3461945.340220, +12 cols
    [CG]   [DIAG] iter=3 posCols=12 newCols=12 effImprove=12 updated=0
    [CG] CG iter 4: obj=172000650.409526, maxRC=1164480.578134, +5 cols
    [CG]   [DIAG] iter=4 posCols=5 newCols=5 effImprove=5 updated=0
    [CG] CG iter 5: obj=172000650.409526, maxRC=732470.236234, +6 cols
    [CG]   [DIAG] iter=5 posCols=6 newCols=6 effImprove=6 updated=0
    [CG] CG iter 1: obj=140918857.851040, maxRC=59396330.865301, +23 cols
    [CG]   [DIAG] iter=1 posCols=23 newCols=23 effImprove=23 updated=0
    [CG] CG iter 6: obj=172285622.621891, maxRC=135175.773091, +1 cols
    [CG]   [DIAG] iter=6 posCols=1 newCols=1 effImprove=1 updated=0
    [CG] 列生成收敛，共 7 轮迭代
    [CG] [CG-NODE] depth=0 exit=CERTIFIED certified=1 feasible=1 iters=7 generatedColsBeforeNode=0 newCols=64 posCandidates=64 duplicateCandidates=0 updatedCols=0 zeroObjImproveIters=2 objFirst=141081034.983012 objLast=172285622.621891 objGain=31204587.638879 maxRC=59487161.840926 wallSec=0.007429 pricingSec=0.004595 cplexSolveSec=0.001550
      [BB] 根节点即为整数解，obj=172285622.621891
    [CG] CG iter 2: obj=159294117.159749, maxRC=9412239.013701, +17 cols
    [CG]   [DIAG] iter=2 posCols=17 newCols=17 effImprove=17 updated=0
    [CG] CG iter 3: obj=165615657.318125, maxRC=6901371.160037, +15 cols
    [CG]   [DIAG] iter=3 posCols=15 newCols=15 effImprove=15 updated=0
    [CG] CG iter 4: obj=170287060.875225, maxRC=2527691.923808, +7 cols
    [CG]   [DIAG] iter=4 posCols=7 newCols=7 effImprove=7 updated=0
    [CG] 列生成收敛，共 5 轮迭代
    [CG] [CG-NODE] depth=0 exit=CERTIFIED certified=1 feasible=1 iters=5 generatedColsBeforeNode=0 newCols=62 posCandidates=62 duplicateCandidates=0 updatedCols=0 zeroObjImproveIters=0 objFirst=140918857.851040 objLast=172187085.619791 objGain=31268227.768751 maxRC=59396330.865301 wallSec=0.017584 pricingSec=0.012015 cplexSolveSec=0.002788
      [BB] 根节点即为整数解，obj=172187085.619791
[GA] 代数 0: Best=173345960.78, Avg=172335318.94, Worst=171280651.66, Valid=30/30, 耗时=0.06s
  ├─ 求解: 30 个体 fork 并行 | CG迭代=162 加列=1770 BB分支=0
  ├─ 并行墙钟=0.0595s | 串行等效(ΣBP)=0.3648s | 加速比=6.13x
  ├─ 管理开销=-0.3053s (fork=0.0044 wait=0.0548 merge=0.0003)
  └─ CG明细: gen_logs/run_gen0_ind{0..29}.log
    [CG] 列生成开始，初始列数=128
    [CG] 列生成开始，初始列数=128
    [CG] 列生成开始，初始列数=128
    [CG] 列生成开始，初始列数=128
    [CG] 列生成开始，初始列数=128
    [CG] 列生成开始，初始列数=128
    [CG] 列生成开始，初始列数=128
    [CG] 列生成开始，初始列数=128
    [CG] CG iter 1: obj=141174800.780469, maxRC=59487161.840926, +23 cols
    [CG]   [DIAG] iter=1 posCols=23 newCols=23 effImprove=23 updated=0
    [CG] CG iter 2: obj=159415323.121966, maxRC=9460144.608637, +17 cols
    [CG] CG iter 1: obj=142000912.610274, maxRC=59519766.154613, +23 cols
    [CG]   [DIAG] iter=2 posCols=17 newCols=17 effImprove=17 updated=0
    [CG]   [DIAG] iter=1 posCols=23 newCols=23 effImprove=23 updated=0
    [CG] CG iter 1: obj=141686201.348321, maxRC=59508025.552600, +23 cols
    [CG]   [DIAG] iter=1 posCols=23 newCols=23 effImprove=23 updated=0
    [CG] CG iter 3: obj=165711495.143110, maxRC=7023521.527355, +15 cols
    [CG]   [DIAG] iter=3 posCols=15 newCols=15 effImprove=15 updated=0
    [CG] CG iter 2: obj=160121635.001253, maxRC=10282716.455442, +17 cols
    [CG]   [DIAG] iter=2 posCols=17 newCols=17 effImprove=17 updated=0
    [CG] CG iter 4: obj=170457289.228250, maxRC=2538641.085489, +7 cols
    [CG]   [DIAG] iter=4 posCols=7 newCols=7 effImprove=7 updated=0
    [CG] CG iter 2: obj=159767167.637182, maxRC=10850251.874185, +17 cols
    [CG]   [DIAG] iter=2 posCols=17 newCols=17 effImprove=17 updated=0
    [CG] 列生成收敛，共 5 轮迭代
    [CG] [CG-NODE] depth=0 exit=CERTIFIED certified=1 feasible=1 iters=5 generatedColsBeforeNode=0 newCols=62 posCandidates=62 duplicateCandidates=0 updatedCols=0 zeroObjImproveIters=0 objFirst=141174800.780469 objLast=172393940.521655 objGain=31219139.741186 maxRC=59487161.840926 wallSec=0.006622 pricingSec=0.004275 cplexSolveSec=0.001204
    [CG] CG iter 3: obj=165188867.680636, maxRC=8726096.827648, +13 cols
    [CG]   [DIAG] iter=3 posCols=13 newCols=13 effImprove=13 updated=0
      [BB] 根节点即为整数解，obj=172393940.521655
    [CG] CG iter 3: obj=165699115.478030, maxRC=6284720.341740, +12 cols
    [CG] CG iter 4: obj=170292240.168265, maxRC=2885783.591025, +8 cols
    [CG]   [DIAG] iter=3 posCols=12 newCols=12 effImprove=12 updated=0
    [CG]   [DIAG] iter=4 posCols=8 newCols=8 effImprove=8 updated=0
    [CG] CG iter 1: obj=142315943.081765, maxRC=59519752.128890, +23 cols
    [CG] CG iter 1: obj=141382370.940119, maxRC=59042957.822234, +23 cols
    [CG]   [DIAG] iter=1 posCols=23 newCols=23 effImprove=23 updated=0
    [CG]   [DIAG] iter=1 posCols=23 newCols=23 effImprove=23 updated=0
    [CG] CG iter 5: obj=173178023.759289, maxRC=145949.805379, +2 cols
    [CG]   [DIAG] iter=5 posCols=2 newCols=2 effImprove=2 updated=0
    [CG] CG iter 4: obj=168430303.723326, maxRC=3946525.951359, +6 cols
    [CG]   [DIAG] iter=4 posCols=6 newCols=6 effImprove=6 updated=0
    [CG] 列生成收敛，共 6 轮迭代
    [CG] [CG-NODE] depth=0 exit=CERTIFIED certified=1 feasible=1 iters=6 generatedColsBeforeNode=0 newCols=63 posCandidates=63 duplicateCandidates=0 updatedCols=0 zeroObjImproveIters=1 objFirst=142000912.610274 objLast=173178023.759289 objGain=31177111.149016 maxRC=59519766.154613 wallSec=0.007728 pricingSec=0.004909 cplexSolveSec=0.001564
    [CG] 列生成收敛，共 5 轮迭代
    [CG] [CG-NODE] depth=0 exit=CERTIFIED certified=1 feasible=1 iters=5 generatedColsBeforeNode=0 newCols=58 posCandidates=58 duplicateCandidates=0 updatedCols=0 zeroObjImproveIters=0 objFirst=141686201.348321 objLast=172595252.906723 objGain=30909051.558402 maxRC=59508025.552600 wallSec=0.007664 pricingSec=0.004963 cplexSolveSec=0.001459
      [BB] 根节点即为整数解，obj=173178023.759289
      [BB] 根节点即为整数解，obj=172595252.906723
    [CG] CG iter 2: obj=160205777.658157, maxRC=10623485.371715, +17 cols
    [CG]   [DIAG] iter=2 posCols=17 newCols=17 effImprove=17 updated=0
    [CG] CG iter 2: obj=159266604.190056, maxRC=10342594.321276, +17 cols
    [CG]   [DIAG] iter=2 posCols=17 newCols=17 effImprove=17 updated=0
    [CG] 列生成开始，初始列数=128
    [CG] CG iter 3: obj=166348277.353052, maxRC=6307268.735563, +12 cols
    [CG]   [DIAG] iter=3 posCols=12 newCols=12 effImprove=12 updated=0
    [CG] CG iter 3: obj=165419305.053275, maxRC=6297337.144911, +12 cols
    [CG]   [DIAG] iter=3 posCols=12 newCols=12 effImprove=12 updated=0
    [CG] 列生成开始，初始列数=128
    [CG] 列生成开始，初始列数=128
    [CG] CG iter 4: obj=169098679.010291, maxRC=4100569.741606, +5 cols
    [CG]   [DIAG] iter=4 posCols=5 newCols=5 effImprove=5 updated=0
    [CG] CG iter 4: obj=168156309.670742, maxRC=4251347.299171, +5 cols
    [CG]   [DIAG] iter=4 posCols=5 newCols=5 effImprove=5 updated=0
    [CG] 列生成收敛，共 5 轮迭代
    [CG] [CG-NODE] depth=0 exit=CERTIFIED certified=1 feasible=1 iters=5 generatedColsBeforeNode=0 newCols=57 posCandidates=57 duplicateCandidates=0 updatedCols=0 zeroObjImproveIters=0 objFirst=142315943.081765 objLast=173317075.098162 objGain=31001132.016397 maxRC=59519752.128890 wallSec=0.010411 pricingSec=0.006909 cplexSolveSec=0.001916
    [CG] 列生成收敛，共 5 轮迭代
    [CG] [CG-NODE] depth=0 exit=CERTIFIED certified=1 feasible=1 iters=5 generatedColsBeforeNode=0 newCols=57 posCandidates=57 duplicateCandidates=0 updatedCols=0 zeroObjImproveIters=0 objFirst=141382370.940119 objLast=172424169.389721 objGain=31041798.449602 maxRC=59042957.822234 wallSec=0.010465 pricingSec=0.007043 cplexSolveSec=0.001892
      [BB] 根节点即为整数解，obj=173317075.098162
      [BB] 根节点即为整数解，obj=172424169.389721
    [CG] CG iter 1: obj=141238022.626436, maxRC=59231476.778668, +23 cols
    [CG]   [DIAG] iter=1 posCols=23 newCols=23 effImprove=23 updated=0
    [CG] 列生成开始，初始列数=128
    [CG] CG iter 1: obj=141850718.973794, maxRC=59414576.188624, +23 cols
    [CG] CG iter 1: obj=141320215.884208, maxRC=59032415.280435, +23 cols
    [CG] CG iter 2: obj=159083369.188350, maxRC=10209975.421006, +16 cols
    [CG]   [DIAG] iter=2 posCols=16 newCols=16 effImprove=16 updated=0
    [CG]   [DIAG] iter=1 posCols=23 newCols=23 effImprove=23 updated=0
    [CG] CG iter 1: obj=141592699.712144, maxRC=59465683.938327, +23 cols
    [CG]   [DIAG] iter=1 posCols=23 newCols=23 effImprove=23 updated=0
    [CG]   [DIAG] iter=1 posCols=23 newCols=23 effImprove=23 updated=0
    [CG] 列生成开始，初始列数=128
    [CG] CG iter 3: obj=162995260.826941, maxRC=9332771.802004, +14 cols
    [CG] CG iter 2: obj=160001792.239327, maxRC=10318488.717361, +17 cols
    [CG]   [DIAG] iter=3 posCols=14 newCols=14 effImprove=14 updated=0
    [CG]   [DIAG] iter=2 posCols=17 newCols=17 effImprove=17 updated=0
    [CG] CG iter 1: obj=140907656.504810, maxRC=59244326.517129, +23 cols
    [CG]   [DIAG] iter=1 posCols=23 newCols=23 effImprove=23 updated=0
    [CG] CG iter 2: obj=159002548.554831, maxRC=9218457.849812, +17 cols
    [CG] CG iter 4: obj=172120206.702526, maxRC=2628492.745460, +5 cols
    [CG]   [DIAG] iter=4 posCols=5 newCols=5 effImprove=5 updated=0
    [CG]   [DIAG] iter=2 posCols=17 newCols=17 effImprove=17 updated=0
    [CG] CG iter 2: obj=160009558.469463, maxRC=10637624.500976, +17 cols
    [CG] CG iter 3: obj=165920909.190835, maxRC=5641510.968178, +11 cols
    [CG]   [DIAG] iter=3 posCols=11 newCols=11 effImprove=11 updated=0
    [CG]   [DIAG] iter=2 posCols=17 newCols=17 effImprove=17 updated=0
    [CG] 列生成收敛，共 5 轮迭代
    [CG] [CG-NODE] depth=0 exit=CERTIFIED certified=1 feasible=1 iters=5 generatedColsBeforeNode=0 newCols=58 posCandidates=58 duplicateCandidates=0 updatedCols=0 zeroObjImproveIters=1 objFirst=141238022.626436 objLast=172120206.702526 objGain=30882184.076090 maxRC=59231476.778668 wallSec=0.015504 pricingSec=0.011320 cplexSolveSec=0.002154
    [CG] CG iter 2: obj=158924178.599876, maxRC=10020620.100770, +17 cols
    [CG]   [DIAG] iter=2 posCols=17 newCols=17 effImprove=17 updated=0
    [CG] CG iter 4: obj=172432181.878076, maxRC=1139001.513390, +3 cols
    [CG]   [DIAG] iter=4 posCols=3 newCols=3 effImprove=3 updated=0
      [BB] 根节点即为整数解，obj=172120206.702526
    [CG] CG iter 5: obj=172701421.672403, maxRC=460421.268733, +3 cols
    [CG]   [DIAG] iter=5 posCols=3 newCols=3 effImprove=3 updated=0
    [CG] CG iter 3: obj=168381268.100316, maxRC=3457833.967414, +12 cols
    [CG]   [DIAG] iter=3 posCols=12 newCols=12 effImprove=12 updated=0
    [CG] 列生成收敛，共 6 轮迭代
    [CG] [CG-NODE] depth=0 exit=CERTIFIED certified=1 feasible=1 iters=6 generatedColsBeforeNode=0 newCols=57 posCandidates=57 duplicateCandidates=0 updatedCols=0 zeroObjImproveIters=1 objFirst=141592699.712144 objLast=172701421.672403 objGain=31108721.960259 maxRC=59465683.938327 wallSec=0.006975 pricingSec=0.004616 cplexSolveSec=0.001266
    [CG] CG iter 3: obj=165459984.766857, maxRC=7040191.834335, +15 cols
      [BB] 根节点即为整数解，obj=172701421.672403
    [CG]   [DIAG] iter=3 posCols=15 newCols=15 effImprove=15 updated=0
    [CG] CG iter 4: obj=171745199.444450, maxRC=1165249.868953, +5 cols
    [CG]   [DIAG] iter=4 posCols=5 newCols=5 effImprove=5 updated=0
    [CG] CG iter 3: obj=166135475.622442, maxRC=6300788.747956, +12 cols
    [CG]   [DIAG] iter=3 posCols=12 newCols=12 effImprove=12 updated=0
    [CG] CG iter 5: obj=171745199.444450, maxRC=733350.432917, +6 cols
    [CG]   [DIAG] iter=5 posCols=6 newCols=6 effImprove=6 updated=0
    [CG] CG iter 4: obj=170409638.346811, maxRC=2126656.983986, +7 cols
    [CG] CG iter 6: obj=171936526.673133, maxRC=134986.437202, +1 cols
    [CG]   [DIAG] iter=6 posCols=1 newCols=1 effImprove=1 updated=0
    [CG]   [DIAG] iter=4 posCols=7 newCols=7 effImprove=7 updated=0
    [CG] CG iter 4: obj=168900336.927305, maxRC=4118517.556780, +7 cols
    [CG]   [DIAG] iter=4 posCols=7 newCols=7 effImprove=7 updated=0
    [CG] CG iter 1: obj=141105716.216724, maxRC=59028236.094862, +23 cols
    [CG] 列生成收敛，共 7 轮迭代
    [CG] [CG-NODE] depth=0 exit=CERTIFIED certified=1 feasible=1 iters=7 generatedColsBeforeNode=0 newCols=64 posCandidates=64 duplicateCandidates=0 updatedCols=0 zeroObjImproveIters=2 objFirst=140907656.504810 objLast=171936526.673133 objGain=31028870.168323 maxRC=59244326.517129 wallSec=0.008351 pricingSec=0.005435 cplexSolveSec=0.001569
      [BB] 根节点即为整数解，obj=171936526.673133
    [CG]   [DIAG] iter=1 posCols=23 newCols=23 effImprove=23 updated=0
    [CG] CG iter 5: obj=172146877.007550, maxRC=20325.562667, +1 cols
    [CG] CG iter 1: obj=140895661.849121, maxRC=59028934.324755, +23 cols
    [CG]   [DIAG] iter=5 posCols=1 newCols=1 effImprove=1 updated=0
    [CG]   [DIAG] iter=1 posCols=23 newCols=23 effImprove=23 updated=0
    [CG] 列生成开始，初始列数=128
    [CG] CG iter 5: obj=173103303.516808, maxRC=1479702.029650, +2 cols
    [CG] 列生成收敛，共 6 轮迭代
    [CG] CG iter 2: obj=158825081.591424, maxRC=10450907.691458, +17 cols
    [CG] [CG-NODE] depth=0 exit=CERTIFIED certified=1 feasible=1 iters=6 generatedColsBeforeNode=0 newCols=63 posCandidates=63 duplicateCandidates=0 updatedCols=0 zeroObjImproveIters=0 objFirst=141320215.884208 objLast=172167202.570217 objGain=30846986.686009 maxRC=59032415.280435 wallSec=0.018957 pricingSec=0.013071 cplexSolveSec=0.002917
    [CG]   [DIAG] iter=5 posCols=2 newCols=2 effImprove=2 updated=0
    [CG]   [DIAG] iter=2 posCols=17 newCols=17 effImprove=17 updated=0
      [BB] 根节点即为整数解，obj=172167202.570217
    [CG] CG iter 2: obj=159026842.963792, maxRC=10430285.656827, +17 cols
    [CG]   [DIAG] iter=2 posCols=17 newCols=17 effImprove=17 updated=0
    [CG] CG iter 3: obj=166854733.205465, maxRC=5110251.230607, +13 cols
    [CG]   [DIAG] iter=3 posCols=13 newCols=13 effImprove=13 updated=0
    [CG] CG iter 6: obj=173103303.516808, maxRC=84221.057506, +1 cols
    [CG]   [DIAG] iter=6 posCols=1 newCols=1 effImprove=1 updated=0
    [CG] 列生成开始，初始列数=128
    [CG] CG iter 4: obj=171964984.436072, maxRC=1471669.730476, +7 cols
    [CG]   [DIAG] iter=4 posCols=7 newCols=7 effImprove=7 updated=0
    [CG] 列生成开始，初始列数=128
    [CG] 列生成收敛，共 7 轮迭代
    [CG] [CG-NODE] depth=0 exit=CERTIFIED certified=1 feasible=1 iters=7 generatedColsBeforeNode=0 newCols=62 posCandidates=62 duplicateCandidates=0 updatedCols=0 zeroObjImproveIters=2 objFirst=141850718.973794 objLast=173103303.516808 objGain=31252584.543014 maxRC=59414576.188624 wallSec=0.019779 pricingSec=0.013338 cplexSolveSec=0.003158
    [CG] CG iter 5: obj=171964984.436072, maxRC=184806.594630, +2 cols
    [CG]   [DIAG] iter=5 posCols=2 newCols=2 effImprove=2 updated=0
      [BB] 根节点即为整数解，obj=173103303.516808
    [CG] CG iter 3: obj=165117225.017881, maxRC=6276398.335127, +12 cols
    [CG]   [DIAG] iter=3 posCols=12 newCols=12 effImprove=12 updated=0
    [CG] 列生成收敛，共 6 轮迭代
    [CG] [CG-NODE] depth=0 exit=CERTIFIED certified=1 feasible=1 iters=6 generatedColsBeforeNode=0 newCols=62 posCandidates=62 duplicateCandidates=0 updatedCols=0 zeroObjImproveIters=1 objFirst=140895661.849121 objLast=172028599.324946 objGain=31132937.475825 maxRC=59028934.324755 wallSec=0.008127 pricingSec=0.004991 cplexSolveSec=0.001542
      [BB] 根节点即为整数解，obj=172028599.324946
    [CG] 列生成开始，初始列数=128
    [CG] CG iter 4: obj=167868211.299449, maxRC=4212020.738918, +7 cols
    [CG]   [DIAG] iter=4 posCols=7 newCols=7 effImprove=7 updated=0
    [CG] CG iter 5: obj=172115663.326670, maxRC=1385109.238296, +2 cols
    [CG]   [DIAG] iter=5 posCols=2 newCols=2 effImprove=2 updated=0
    [CG] 列生成开始，初始列数=128
    [CG] 列生成收敛，共 6 轮迭代
    [CG] [CG-NODE] depth=0 exit=CERTIFIED certified=1 feasible=1 iters=6 generatedColsBeforeNode=0 newCols=61 posCandidates=61 duplicateCandidates=0 updatedCols=0 zeroObjImproveIters=1 objFirst=141105716.216724 objLast=172115663.326670 objGain=31009947.109946 maxRC=59028236.094862 wallSec=0.015171 pricingSec=0.010197 cplexSolveSec=0.002773
    [CG] 列生成开始，初始列数=128
      [BB] 根节点即为整数解，obj=172115663.326670
    [CG] CG iter 1: obj=140814403.394734, maxRC=59084478.812031, +23 cols
    [CG]   [DIAG] iter=1 posCols=23 newCols=23 effImprove=23 updated=0
    [CG] CG iter 1: obj=141755823.901727, maxRC=59376558.169955, +23 cols
    [CG]   [DIAG] iter=1 posCols=23 newCols=23 effImprove=23 updated=0
    [CG] CG iter 2: obj=158695434.273264, maxRC=10589206.323908, +17 cols
    [CG]   [DIAG] iter=2 posCols=17 newCols=17 effImprove=17 updated=0
    [CG] 列生成开始，初始列数=128
    [CG] CG iter 3: obj=166426542.148987, maxRC=5087736.944303, +11 cols
    [CG] CG iter 1: obj=141863757.318696, maxRC=59519481.825103, +23 cols
    [CG]   [DIAG] iter=3 posCols=11 newCols=11 effImprove=11 updated=0
    [CG]   [DIAG] iter=1 posCols=23 newCols=23 effImprove=23 updated=0
    [CG] CG iter 1: obj=141276839.361814, maxRC=59336934.681075, +23 cols
    [CG] CG iter 2: obj=159762888.935938, maxRC=10434476.620296, +16 cols
    [CG]   [DIAG] iter=1 posCols=23 newCols=23 effImprove=23 updated=0
    [CG] CG iter 4: obj=171514279.093290, maxRC=2168396.112547, +8 cols
    [CG]   [DIAG] iter=4 posCols=8 newCols=8 effImprove=8 updated=0
    [CG]   [DIAG] iter=2 posCols=16 newCols=16 effImprove=16 updated=0
    [CG] CG iter 2: obj=159950827.167347, maxRC=10698995.145753, +17 cols
    [CG]   [DIAG] iter=2 posCols=17 newCols=17 effImprove=17 updated=0
    [CG] CG iter 5: obj=171514279.093290, maxRC=1492623.216052, +6 cols
    [CG]   [DIAG] iter=5 posCols=6 newCols=6 effImprove=6 updated=0
    [CG] CG iter 6: obj=171514279.093290, maxRC=240482.887624, +2 cols
    [CG]   [DIAG] iter=6 posCols=2 newCols=2 effImprove=2 updated=0
    [CG] CG iter 3: obj=165965889.341926, maxRC=6323185.841129, +12 cols
    [CG]   [DIAG] iter=3 posCols=12 newCols=12 effImprove=12 updated=0
    [CG] 列生成收敛，共 7 轮迭代
    [CG] [CG-NODE] depth=0 exit=CERTIFIED certified=1 feasible=1 iters=7 generatedColsBeforeNode=0 newCols=67 posCandidates=67 duplicateCandidates=0 updatedCols=0 zeroObjImproveIters=3 objFirst=140814403.394734 objLast=171514279.093290 objGain=30699875.698556 maxRC=59084478.812031 wallSec=0.006967 pricingSec=0.004364 cplexSolveSec=0.001469
      [BB] 根节点即为整数解，obj=171514279.093290
    [CG] CG iter 3: obj=163507832.670559, maxRC=9385964.255206, +14 cols
    [CG]   [DIAG] iter=3 posCols=14 newCols=14 effImprove=14 updated=0
    [CG] CG iter 4: obj=168739387.738032, maxRC=4067149.118342, +5 cols
    [CG] CG iter 2: obj=159508364.101051, maxRC=10793289.400252, +17 cols
    [CG]   [DIAG] iter=4 posCols=5 newCols=5 effImprove=5 updated=0
    [CG]   [DIAG] iter=2 posCols=17 newCols=17 effImprove=17 updated=0
    [CG] CG iter 5: obj=172934745.942223, maxRC=6293.331817, +1 cols
    [CG]   [DIAG] iter=5 posCols=1 newCols=1 effImprove=1 updated=0
    [CG] CG iter 1: obj=141626876.762872, maxRC=59430897.237005, +23 cols
    [CG] CG iter 1: obj=141798681.638209, maxRC=59508834.693463, +23 cols
    [CG] 列生成收敛，共 6 轮迭代
    [CG] [CG-NODE] depth=0 exit=CERTIFIED certified=1 feasible=1 iters=6 generatedColsBeforeNode=0 newCols=58 posCandidates=58 duplicateCandidates=0 updatedCols=0 zeroObjImproveIters=1 objFirst=141863757.318696 objLast=172934745.942223 objGain=31070988.623527 maxRC=59519481.825103 wallSec=0.006565 pricingSec=0.004193 cplexSolveSec=0.001294
    [CG] CG iter 4: obj=172726216.015747, maxRC=2663585.207203, +6 cols
    [CG]   [DIAG] iter=4 posCols=6 newCols=6 effImprove=6 updated=0
    [CG]   [DIAG] iter=1 posCols=23 newCols=23 effImprove=23 updated=0
      [BB] 根节点即为整数解，obj=172934745.942223
    [CG] CG iter 1: obj=141398627.759958, maxRC=59300073.180316, +23 cols
    [CG]   [DIAG] iter=1 posCols=23 newCols=23 effImprove=23 updated=0
    [CG]   [DIAG] iter=1 posCols=23 newCols=23 effImprove=23 updated=0
    [CG] CG iter 3: obj=165478515.687441, maxRC=6302346.559697, +12 cols
    [CG] CG iter 5: obj=172726216.015747, maxRC=15152.994655, +1 cols
    [CG]   [DIAG] iter=3 posCols=12 newCols=12 effImprove=12 updated=0
    [CG]   [DIAG] iter=5 posCols=1 newCols=1 effImprove=1 updated=0
    [CG] CG iter 2: obj=159648351.924047, maxRC=10800374.388112, +17 cols
    [CG] 列生成开始，初始列数=128
    [CG] CG iter 2: obj=159187005.329151, maxRC=9370240.751024, +17 cols
    [CG]   [DIAG] iter=2 posCols=17 newCols=17 effImprove=17 updated=0
    [CG]   [DIAG] iter=2 posCols=17 newCols=17 effImprove=17 updated=0
    [CG] 列生成收敛，共 6 轮迭代
    [CG] [CG-NODE] depth=0 exit=CERTIFIED certified=1 feasible=1 iters=6 generatedColsBeforeNode=0 newCols=60 posCandidates=60 duplicateCandidates=0 updatedCols=0 zeroObjImproveIters=2 objFirst=141755823.901727 objLast=172726216.015747 objGain=30970392.114020 maxRC=59376558.169955 wallSec=0.017284 pricingSec=0.011870 cplexSolveSec=0.002870
    [CG] CG iter 4: obj=168231181.045492, maxRC=4030932.326042, +6 cols
      [BB] 根节点即为整数解，obj=172726216.015747
    [CG]   [DIAG] iter=4 posCols=6 newCols=6 effImprove=6 updated=0
    [CG] CG iter 2: obj=160154910.971249, maxRC=10661483.989990, +17 cols
    [CG]   [DIAG] iter=2 posCols=17 newCols=17 effImprove=17 updated=0
    [CG] CG iter 3: obj=165594582.724305, maxRC=6286340.867639, +12 cols
    [CG]   [DIAG] iter=3 posCols=12 newCols=12 effImprove=12 updated=0
    [CG] CG iter 3: obj=165545899.681434, maxRC=7051065.440371, +15 cols
    [CG]   [DIAG] iter=3 posCols=15 newCols=15 effImprove=15 updated=0
    [CG] 列生成收敛，共 5 轮迭代
    [CG] [CG-NODE] depth=0 exit=CERTIFIED certified=1 feasible=1 iters=5 generatedColsBeforeNode=0 newCols=58 posCandidates=58 duplicateCandidates=0 updatedCols=0 zeroObjImproveIters=0 objFirst=141276839.361814 objLast=172380514.779422 objGain=31103675.417608 maxRC=59336934.681075 wallSec=0.013829 pricingSec=0.008772 cplexSolveSec=0.002391
    [CG] CG iter 4: obj=168326867.283155, maxRC=3981900.294960, +6 cols
      [BB] 根节点即为整数解，obj=172380514.779422
    [CG]   [DIAG] iter=4 posCols=6 newCols=6 effImprove=6 updated=0
    [CG] CG iter 4: obj=170391614.077063, maxRC=2433562.201358, +7 cols
    [CG]   [DIAG] iter=4 posCols=7 newCols=7 effImprove=7 updated=0
    [CG] 列生成收敛，共 5 轮迭代
    [CG] [CG-NODE] depth=0 exit=CERTIFIED certified=1 feasible=1 iters=5 generatedColsBeforeNode=0 newCols=58 posCandidates=58 duplicateCandidates=0 updatedCols=0 zeroObjImproveIters=0 objFirst=141626876.762872 objLast=172497050.951849 objGain=30870174.188977 maxRC=59430897.237005 wallSec=0.013693 pricingSec=0.008663 cplexSolveSec=0.002271
    [CG] 列生成开始，初始列数=128
    [CG] 列生成收敛，共 5 轮迭代
    [CG] [CG-NODE] depth=0 exit=CERTIFIED certified=1 feasible=1 iters=5 generatedColsBeforeNode=0 newCols=62 posCandidates=62 duplicateCandidates=0 updatedCols=0 zeroObjImproveIters=0 objFirst=141398627.759958 objLast=172239011.657816 objGain=30840383.897858 maxRC=59300073.180316 wallSec=0.009740 pricingSec=0.006163 cplexSolveSec=0.001875
      [BB] 根节点即为整数解，obj=172497050.951849
      [BB] 根节点即为整数解，obj=172239011.657816
    [CG] CG iter 3: obj=166148589.447997, maxRC=6352796.648118, +11 cols
    [CG]   [DIAG] iter=3 posCols=11 newCols=11 effImprove=11 updated=0
    [CG] 列生成开始，初始列数=128
    [CG] CG iter 1: obj=140578822.463361, maxRC=59496697.622321, +23 cols
    [CG]   [DIAG] iter=1 posCols=23 newCols=23 effImprove=23 updated=0
    [CG] CG iter 4: obj=168778508.487285, maxRC=3967011.680761, +5 cols
    [CG]   [DIAG] iter=4 posCols=5 newCols=5 effImprove=5 updated=0
    [CG] 列生成开始，初始列数=128
    [CG] CG iter 1: obj=141243499.614560, maxRC=59084968.304056, +23 cols
    [CG]   [DIAG] iter=1 posCols=23 newCols=23 effImprove=23 updated=0
    [CG] 列生成收敛，共 5 轮迭代
    [CG] [CG-NODE] depth=0 exit=CERTIFIED certified=1 feasible=1 iters=5 generatedColsBeforeNode=0 newCols=56 posCandidates=56 duplicateCandidates=0 updatedCols=0 zeroObjImproveIters=0 objFirst=141798681.638209 objLast=172987673.766455 objGain=31188992.128245 maxRC=59508834.693463 wallSec=0.014769 pricingSec=0.010124 cplexSolveSec=0.002630
    [CG] 列生成开始，初始列数=128
    [CG] CG iter 2: obj=159149532.908884, maxRC=10384293.673112, +17 cols
    [CG] CG iter 2: obj=158982725.020310, maxRC=10842231.957126, +17 cols
    [CG]   [DIAG] iter=2 posCols=17 newCols=17 effImprove=17 updated=0
    [CG]   [DIAG] iter=2 posCols=17 newCols=17 effImprove=17 updated=0
      [BB] 根节点即为整数解，obj=172987673.766455
    [CG] CG iter 3: obj=165256363.756943, maxRC=6297377.628189, +12 cols
    [CG]   [DIAG] iter=3 posCols=12 newCols=12 effImprove=12 updated=0
    [CG] CG iter 3: obj=164710496.762822, maxRC=6323002.220707, +12 cols
    [CG]   [DIAG] iter=3 posCols=12 newCols=12 effImprove=12 updated=0
    [CG] CG iter 4: obj=167993399.798039, maxRC=4207915.168341, +5 cols
    [CG]   [DIAG] iter=4 posCols=5 newCols=5 effImprove=5 updated=0
    [CG] 列生成收敛，共 5 轮迭代
    [CG] [CG-NODE] depth=0 exit=CERTIFIED certified=1 feasible=1 iters=5 generatedColsBeforeNode=0 newCols=57 posCandidates=57 duplicateCandidates=0 updatedCols=0 zeroObjImproveIters=0 objFirst=141243499.614560 objLast=172260674.953229 objGain=31017175.338669 maxRC=59084968.304056 wallSec=0.006588 pricingSec=0.004214 cplexSolveSec=0.001255
    [CG] CG iter 4: obj=167290585.560636, maxRC=3769424.278864, +5 cols
    [CG]   [DIAG] iter=4 posCols=5 newCols=5 effImprove=5 updated=0
      [BB] 根节点即为整数解，obj=172260674.953229
    [CG] CG iter 1: obj=141680593.935781, maxRC=59517048.754166, +23 cols
    [CG]   [DIAG] iter=1 posCols=23 newCols=23 effImprove=23 updated=0
    [CG] 列生成收敛，共 5 轮迭代
    [CG] [CG-NODE] depth=0 exit=CERTIFIED certified=1 feasible=1 iters=5 generatedColsBeforeNode=0 newCols=57 posCandidates=57 duplicateCandidates=0 updatedCols=0 zeroObjImproveIters=0 objFirst=140578822.463361 objLast=171480854.466254 objGain=30902032.002893 maxRC=59496697.622321 wallSec=0.011145 pricingSec=0.007650 cplexSolveSec=0.001876
      [BB] 根节点即为整数解，obj=171480854.466254
    [CG] CG iter 2: obj=159782153.874363, maxRC=10738979.526545, +17 cols
    [CG]   [DIAG] iter=2 posCols=17 newCols=17 effImprove=17 updated=0
    [CG] CG iter 1: obj=141932188.671804, maxRC=59519481.825103, +23 cols
    [CG] CG iter 3: obj=165771621.533577, maxRC=6272531.833641, +12 cols
    [CG]   [DIAG] iter=3 posCols=12 newCols=12 effImprove=12 updated=0
    [CG]   [DIAG] iter=1 posCols=23 newCols=23 effImprove=23 updated=0
    [CG] CG iter 4: obj=168506722.408158, maxRC=3985240.198244, +7 cols
    [CG]   [DIAG] iter=4 posCols=7 newCols=7 effImprove=7 updated=0
    [CG] CG iter 2: obj=160028232.740522, maxRC=9475756.938594, +17 cols
    [CG]   [DIAG] iter=2 posCols=17 newCols=17 effImprove=17 updated=0
    [CG] 列生成收敛，共 5 轮迭代
    [CG] [CG-NODE] depth=0 exit=CERTIFIED certified=1 feasible=1 iters=5 generatedColsBeforeNode=0 newCols=59 posCandidates=59 duplicateCandidates=0 updatedCols=0 zeroObjImproveIters=0 objFirst=141680593.935781 objLast=172718623.364236 objGain=31038029.428455 maxRC=59517048.754166 wallSec=0.006254 pricingSec=0.004100 cplexSolveSec=0.001124
      [BB] 根节点即为整数解，obj=172718623.364236
    [CG] CG iter 3: obj=165716678.146788, maxRC=7308295.741786, +13 cols
    [CG]   [DIAG] iter=3 posCols=13 newCols=13 effImprove=13 updated=0
    [CG] CG iter 4: obj=173024973.888574, maxRC=318948.867565, +3 cols
    [CG]   [DIAG] iter=4 posCols=3 newCols=3 effImprove=3 updated=0
    [CG] 列生成收敛，共 5 轮迭代
    [CG] [CG-NODE] depth=0 exit=CERTIFIED certified=1 feasible=1 iters=5 generatedColsBeforeNode=0 newCols=56 posCandidates=56 duplicateCandidates=0 updatedCols=0 zeroObjImproveIters=1 objFirst=141932188.671804 objLast=173024973.888574 objGain=31092785.216770 maxRC=59519481.825103 wallSec=0.006489 pricingSec=0.004246 cplexSolveSec=0.001211
      [BB] 根节点即为整数解，obj=173024973.888574
    [CG] CG iter 1: obj=140948776.535978, maxRC=59022131.386268, +23 cols
    [CG]   [DIAG] iter=1 posCols=23 newCols=23 effImprove=23 updated=0
    [CG] CG iter 2: obj=158600853.316332, maxRC=9251949.638336, +17 cols
    [CG] CG iter 1: obj=141333413.341978, maxRC=59083036.652514, +23 cols
    [CG]   [DIAG] iter=2 posCols=17 newCols=17 effImprove=17 updated=0
    [CG]   [DIAG] iter=1 posCols=23 newCols=23 effImprove=23 updated=0
    [CG] CG iter 3: obj=164983384.037402, maxRC=6903696.354706, +15 cols
    [CG]   [DIAG] iter=3 posCols=15 newCols=15 effImprove=15 updated=0
    [CG] CG iter 2: obj=159286660.857183, maxRC=10395669.331157, +17 cols
    [CG]   [DIAG] iter=2 posCols=17 newCols=17 effImprove=17 updated=0
    [CG] CG iter 4: obj=169781807.260403, maxRC=2411187.815456, +7 cols
    [CG] CG iter 3: obj=167286097.784803, maxRC=5117858.363099, +11 cols
    [CG]   [DIAG] iter=4 posCols=7 newCols=7 effImprove=7 updated=0
    [CG]   [DIAG] iter=3 posCols=11 newCols=11 effImprove=11 updated=0
    [CG] CG iter 4: obj=172403956.147902, maxRC=733753.913125, +5 cols
    [CG]   [DIAG] iter=4 posCols=5 newCols=5 effImprove=5 updated=0
    [CG] 列生成收敛，共 5 轮迭代
    [CG] [CG-NODE] depth=0 exit=CERTIFIED certified=1 feasible=1 iters=5 generatedColsBeforeNode=0 newCols=62 posCandidates=62 duplicateCandidates=0 updatedCols=0 zeroObjImproveIters=0 objFirst=140948776.535978 objLast=171553013.527191 objGain=30604236.991213 maxRC=59022131.386268 wallSec=0.014165 pricingSec=0.009686 cplexSolveSec=0.002702
    [CG] CG iter 5: obj=172403956.147902, maxRC=128547.788224, +1 cols
      [BB] 根节点即为整数解，obj=171553013.527191
    [CG]   [DIAG] iter=5 posCols=1 newCols=1 effImprove=1 updated=0
    [CG] CG iter 6: obj=172403956.147902, maxRC=40119.013262, +1 cols
    [CG]   [DIAG] iter=6 posCols=1 newCols=1 effImprove=1 updated=0
    [CG] 列生成收敛，共 7 轮迭代
    [CG] [CG-NODE] depth=0 exit=CERTIFIED certified=1 feasible=1 iters=7 generatedColsBeforeNode=0 newCols=58 posCandidates=58 duplicateCandidates=0 updatedCols=0 zeroObjImproveIters=2 objFirst=141333413.341978 objLast=172444075.161164 objGain=31110661.819186 maxRC=59083036.652514 wallSec=0.018687 pricingSec=0.012869 cplexSolveSec=0.003244
      [BB] 根节点即为整数解，obj=172444075.161164
[GA] 代数 1: Best=173345960.78, Avg=172480929.15, Worst=171509740.15, Valid=30/30, 耗时=0.05s (连续1代未提升)
  ├─ 求解: 30 个体 fork 并行 | CG迭代=140 加列=1492 BB分支=0
  ├─ 并行墙钟=0.0502s | 串行等效(ΣBP)=0.2872s | 加速比=5.72x
  ├─ 管理开销=-0.2370s (fork=0.0038 wait=0.0460 merge=0.0003)
  └─ CG明细: gen_logs/run_gen1_ind{0..29}.log
    [CG] 列生成开始，初始列数=128
    [CG] 列生成开始，初始列数=128
    [CG] 列生成开始，初始列数=128
    [CG] 列生成开始，初始列数=128
    [CG] 列生成开始，初始列数=128
    [CG] 列生成开始，初始列数=128
    [CG] 列生成开始，初始列数=128
    [CG] 列生成开始，初始列数=128
    [CG] CG iter 1: obj=141262719.841348, maxRC=59092650.040093, +23 cols
    [CG]   [DIAG] iter=1 posCols=23 newCols=23 effImprove=23 updated=0
    [CG] CG iter 1: obj=142003773.927887, maxRC=59507993.954534, +23 cols
    [CG]   [DIAG] iter=1 posCols=23 newCols=23 effImprove=23 updated=0
    [CG] CG iter 2: obj=159174333.244948, maxRC=10389201.657426, +17 cols
    [CG]   [DIAG] iter=2 posCols=17 newCols=17 effImprove=17 updated=0
    [CG] CG iter 1: obj=141245986.867522, maxRC=59084968.304056, +23 cols
    [CG] CG iter 2: obj=159936057.680219, maxRC=10626577.924609, +17 cols
    [CG]   [DIAG] iter=1 posCols=23 newCols=23 effImprove=23 updated=0
    [CG]   [DIAG] iter=2 posCols=17 newCols=17 effImprove=17 updated=0
    [CG] CG iter 3: obj=165280828.030527, maxRC=6296074.741997, +12 cols
    [CG]   [DIAG] iter=3 posCols=12 newCols=12 effImprove=12 updated=0
    [CG] CG iter 1: obj=141624676.419675, maxRC=59376558.169955, +23 cols
    [CG] CG iter 3: obj=166012199.117713, maxRC=6297132.232672, +12 cols
    [CG]   [DIAG] iter=3 posCols=12 newCols=12 effImprove=12 updated=0
    [CG]   [DIAG] iter=1 posCols=23 newCols=23 effImprove=23 updated=0
    [CG] CG iter 2: obj=159149136.752052, maxRC=10384293.673112, +17 cols
    [CG]   [DIAG] iter=2 posCols=17 newCols=17 effImprove=17 updated=0
    [CG] CG iter 4: obj=168016561.185431, maxRC=4204339.088704, +5 cols
    [CG]   [DIAG] iter=4 posCols=5 newCols=5 effImprove=5 updated=0
    [CG] CG iter 4: obj=168748396.373282, maxRC=4054966.753730, +5 cols
    [CG]   [DIAG] iter=4 posCols=5 newCols=5 effImprove=5 updated=0
    [CG] CG iter 2: obj=159729816.672273, maxRC=10532135.015713, +17 cols
    [CG] 列生成收敛，共 5 轮迭代
    [CG] [CG-NODE] depth=0 exit=CERTIFIED certified=1 feasible=1 iters=5 generatedColsBeforeNode=0 newCols=57 posCandidates=57 duplicateCandidates=0 updatedCols=0 zeroObjImproveIters=0 objFirst=141262719.841348 objLast=172283306.230647 objGain=31020586.389299 maxRC=59092650.040093 wallSec=0.008410 pricingSec=0.005490 cplexSolveSec=0.001597
    [CG]   [DIAG] iter=2 posCols=17 newCols=17 effImprove=17 updated=0
      [BB] 根节点即为整数解，obj=172283306.230647
    [CG] 列生成收敛，共 5 轮迭代
    [CG] [CG-NODE] depth=0 exit=CERTIFIED certified=1 feasible=1 iters=5 generatedColsBeforeNode=0 newCols=57 posCandidates=57 duplicateCandidates=0 updatedCols=0 zeroObjImproveIters=0 objFirst=142003773.927887 objLast=172981946.183487 objGain=30978172.255600 maxRC=59507993.954534 wallSec=0.008514 pricingSec=0.005555 cplexSolveSec=0.001627
    [CG] CG iter 3: obj=165255967.600111, maxRC=6297377.628189, +12 cols
      [BB] 根节点即为整数解，obj=172981946.183487
    [CG] CG iter 1: obj=141057072.530261, maxRC=59042957.822234, +23 cols
    [CG]   [DIAG] iter=3 posCols=12 newCols=12 effImprove=12 updated=0
    [CG]   [DIAG] iter=1 posCols=23 newCols=23 effImprove=23 updated=0
    [CG] CG iter 3: obj=164593005.816296, maxRC=5568755.293769, +9 cols
    [CG]   [DIAG] iter=3 posCols=9 newCols=9 effImprove=9 updated=0
    [CG] CG iter 1: obj=142335207.241943, maxRC=59519779.217754, +23 cols
    [CG] CG iter 4: obj=167993003.641207, maxRC=4207915.168341, +5 cols
    [CG]   [DIAG] iter=4 posCols=5 newCols=5 effImprove=5 updated=0
    [CG]   [DIAG] iter=1 posCols=23 newCols=23 effImprove=23 updated=0
    [CG] CG iter 4: obj=169704667.143550, maxRC=1766857.274800, +8 cols
    [CG]   [DIAG] iter=4 posCols=8 newCols=8 effImprove=8 updated=0
    [CG] CG iter 5: obj=172616811.092716, maxRC=982188.512090, +1 cols
    [CG]   [DIAG] iter=5 posCols=1 newCols=1 effImprove=1 updated=0
    [CG] 列生成收敛，共 5 轮迭代
    [CG] [CG-NODE] depth=0 exit=CERTIFIED certified=1 feasible=1 iters=5 generatedColsBeforeNode=0 newCols=57 posCandidates=57 duplicateCandidates=0 updatedCols=0 zeroObjImproveIters=0 objFirst=141245986.867522 objLast=172260278.796397 objGain=31014291.928875 maxRC=59084968.304056 wallSec=0.010247 pricingSec=0.006786 cplexSolveSec=0.001922
      [BB] 根节点即为整数解，obj=172260278.796397
    [CG] CG iter 6: obj=172616811.092716, maxRC=144835.308669, +1 cols
    [CG]   [DIAG] iter=6 posCols=1 newCols=1 effImprove=1 updated=0
    [CG] CG iter 2: obj=159092482.476299, maxRC=10491259.884856, +17 cols
    [CG]   [DIAG] iter=2 posCols=17 newCols=17 effImprove=17 updated=0
    [CG] 列生成收敛，共 7 轮迭代
    [CG] [CG-NODE] depth=0 exit=CERTIFIED certified=1 feasible=1 iters=7 generatedColsBeforeNode=0 newCols=59 posCandidates=59 duplicateCandidates=0 updatedCols=0 zeroObjImproveIters=2 objFirst=141624676.419675 objLast=172616811.092716 objGain=30992134.673041 maxRC=59376558.169955 wallSec=0.010551 pricingSec=0.006761 cplexSolveSec=0.002079
      [BB] 根节点即为整数解，obj=172616811.092716
    [CG] CG iter 2: obj=160205804.480087, maxRC=10623496.537295, +17 cols
    [CG]   [DIAG] iter=2 posCols=17 newCols=17 effImprove=17 updated=0
    [CG] 列生成开始，初始列数=128
    [CG] 列生成开始，初始列数=128
    [CG] CG iter 1: obj=142026381.366376, maxRC=59519766.154613, +23 cols
    [CG] CG iter 3: obj=165097821.462989, maxRC=5769630.896009, +11 cols
    [CG]   [DIAG] iter=3 posCols=11 newCols=11 effImprove=11 updated=0
    [CG]   [DIAG] iter=1 posCols=23 newCols=23 effImprove=23 updated=0
    [CG] CG iter 1: obj=142075223.043434, maxRC=59519481.825103, +23 cols
    [CG] 列生成开始，初始列数=128
    [CG] CG iter 3: obj=166348216.051553, maxRC=6307263.633145, +12 cols
    [CG]   [DIAG] iter=3 posCols=12 newCols=12 effImprove=12 updated=0
    [CG]   [DIAG] iter=1 posCols=23 newCols=23 effImprove=23 updated=0
    [CG] CG iter 4: obj=171971757.390593, maxRC=1160657.626967, +3 cols
    [CG]   [DIAG] iter=4 posCols=3 newCols=3 effImprove=3 updated=0
    [CG] 列生成开始，初始列数=128
    [CG] CG iter 5: obj=172028109.985965, maxRC=508369.774780, +2 cols
    [CG]   [DIAG] iter=5 posCols=2 newCols=2 effImprove=2 updated=0
    [CG] CG iter 4: obj=169098537.459579, maxRC=4100534.356695, +5 cols
    [CG]   [DIAG] iter=4 posCols=5 newCols=5 effImprove=5 updated=0
    [CG] CG iter 2: obj=160121455.976587, maxRC=10282677.264214, +17 cols
    [CG]   [DIAG] iter=2 posCols=17 newCols=17 effImprove=17 updated=0
    [CG] 列生成收敛，共 6 轮迭代
    [CG] [CG-NODE] depth=0 exit=CERTIFIED certified=1 feasible=1 iters=6 generatedColsBeforeNode=0 newCols=56 posCandidates=56 duplicateCandidates=0 updatedCols=0 zeroObjImproveIters=1 objFirst=141057072.530261 objLast=172028109.985965 objGain=30971037.455704 maxRC=59042957.822234 wallSec=0.014154 pricingSec=0.009538 cplexSolveSec=0.002705
    [CG] 列生成收敛，共 5 轮迭代
    [CG] [CG-NODE] depth=0 exit=CERTIFIED certified=1 feasible=1 iters=5 generatedColsBeforeNode=0 newCols=57 posCandidates=57 duplicateCandidates=0 updatedCols=0 zeroObjImproveIters=0 objFirst=142335207.241943 objLast=173316929.871849 objGain=30981722.629906 maxRC=59519779.217754 wallSec=0.013926 pricingSec=0.009549 cplexSolveSec=0.002460
      [BB] 根节点即为整数解，obj=172028109.985965
    [CG] CG iter 2: obj=160067624.139477, maxRC=10627691.494633, +17 cols
      [BB] 根节点即为整数解，obj=173316929.871849
    [CG]   [DIAG] iter=2 posCols=17 newCols=17 effImprove=17 updated=0
    [CG] CG iter 3: obj=165217181.710408, maxRC=8723229.484739, +13 cols
    [CG]   [DIAG] iter=3 posCols=13 newCols=13 effImprove=13 updated=0
    [CG] CG iter 3: obj=166182024.675779, maxRC=6323745.492712, +12 cols
    [CG]   [DIAG] iter=3 posCols=12 newCols=12 effImprove=12 updated=0
    [CG] CG iter 4: obj=170329627.190082, maxRC=2873843.256070, +8 cols
    [CG]   [DIAG] iter=4 posCols=8 newCols=8 effImprove=8 updated=0
    [CG] CG iter 4: obj=168929421.867690, maxRC=4085808.791685, +5 cols
    [CG]   [DIAG] iter=4 posCols=5 newCols=5 effImprove=5 updated=0
    [CG] CG iter 5: obj=173203470.446152, maxRC=145949.805379, +2 cols
    [CG]   [DIAG] iter=5 posCols=2 newCols=2 effImprove=2 updated=0
    [CG] 列生成开始，初始列数=128
    [CG] 列生成开始，初始列数=128
    [CG] CG iter 5: obj=173146568.941737, maxRC=13153.692763, +1 cols
    [CG]   [DIAG] iter=5 posCols=1 newCols=1 effImprove=1 updated=0
    [CG] 列生成收敛，共 6 轮迭代
    [CG] [CG-NODE] depth=0 exit=CERTIFIED certified=1 feasible=1 iters=6 generatedColsBeforeNode=0 newCols=63 posCandidates=63 duplicateCandidates=0 updatedCols=0 zeroObjImproveIters=1 objFirst=142026381.366376 objLast=173203470.446152 objGain=31177089.079777 maxRC=59519766.154613 wallSec=0.017335 pricingSec=0.011965 cplexSolveSec=0.003034
      [BB] 根节点即为整数解，obj=173203470.446152
    [CG] CG iter 1: obj=141116287.917311, maxRC=59487161.840926, +23 cols
    [CG]   [DIAG] iter=1 posCols=23 newCols=23 effImprove=23 updated=0
    [CG] 列生成收敛，共 6 轮迭代
    [CG] [CG-NODE] depth=0 exit=CERTIFIED certified=1 feasible=1 iters=6 generatedColsBeforeNode=0 newCols=58 posCandidates=58 duplicateCandidates=0 updatedCols=0 zeroObjImproveIters=1 objFirst=142075223.043434 objLast=173146568.941736 objGain=31071345.898302 maxRC=59519481.825103 wallSec=0.017444 pricingSec=0.012214 cplexSolveSec=0.002877
      [BB] 根节点即为整数解，obj=173146568.941736
    [CG] CG iter 2: obj=159339400.866438, maxRC=10176489.527882, +17 cols
    [CG]   [DIAG] iter=2 posCols=17 newCols=17 effImprove=17 updated=0
    [CG] CG iter 3: obj=168686249.491946, maxRC=3419797.819268, +12 cols
    [CG]   [DIAG] iter=3 posCols=12 newCols=12 effImprove=12 updated=0
    [CG] CG iter 1: obj=141582422.576028, maxRC=59336934.681075, +23 cols
    [CG]   [DIAG] iter=1 posCols=23 newCols=23 effImprove=23 updated=0
    [CG] CG iter 4: obj=172051802.814808, maxRC=1127914.229322, +5 cols
    [CG]   [DIAG] iter=4 posCols=5 newCols=5 effImprove=5 updated=0
    [CG] CG iter 5: obj=172051802.814808, maxRC=1031815.983799, +5 cols
    [CG]   [DIAG] iter=5 posCols=5 newCols=5 effImprove=5 updated=0
    [CG] CG iter 6: obj=172320913.380945, maxRC=135175.773091, +1 cols
    [CG]   [DIAG] iter=6 posCols=1 newCols=1 effImprove=1 updated=0
    [CG] CG iter 2: obj=159716906.196971, maxRC=10517523.012640, +17 cols
    [CG]   [DIAG] iter=2 posCols=17 newCols=17 effImprove=17 updated=0
    [CG] 列生成开始，初始列数=128
    [CG] 列生成收敛，共 7 轮迭代
    [CG] [CG-NODE] depth=0 exit=CERTIFIED certified=1 feasible=1 iters=7 generatedColsBeforeNode=0 newCols=63 posCandidates=63 duplicateCandidates=0 updatedCols=0 zeroObjImproveIters=2 objFirst=141116287.917311 objLast=172320913.380945 objGain=31204625.463633 maxRC=59487161.840926 wallSec=0.009115 pricingSec=0.005758 cplexSolveSec=0.001890
      [BB] 根节点即为整数解，obj=172320913.380945
    [CG] 列生成开始，初始列数=128
    [CG] CG iter 3: obj=165821380.126281, maxRC=6336312.327570, +11 cols
    [CG]   [DIAG] iter=3 posCols=11 newCols=11 effImprove=11 updated=0
    [CG] CG iter 1: obj=142295135.105615, maxRC=59519644.562382, +23 cols
    [CG] CG iter 4: obj=168536764.259706, maxRC=4124135.876721, +5 cols
    [CG]   [DIAG] iter=4 posCols=5 newCols=5 effImprove=5 updated=0
    [CG]   [DIAG] iter=1 posCols=23 newCols=23 effImprove=23 updated=0
    [CG] CG iter 5: obj=172770625.277912, maxRC=83453.926052, +1 cols
    [CG]   [DIAG] iter=5 posCols=1 newCols=1 effImprove=1 updated=0
    [CG] CG iter 1: obj=141765908.553716, maxRC=59376558.169955, +23 cols
    [CG] 列生成开始，初始列数=128
    [CG]   [DIAG] iter=1 posCols=23 newCols=23 effImprove=23 updated=0
    [CG] 列生成收敛，共 6 轮迭代
    [CG] [CG-NODE] depth=0 exit=CERTIFIED certified=1 feasible=1 iters=6 generatedColsBeforeNode=0 newCols=57 posCandidates=57 duplicateCandidates=0 updatedCols=0 zeroObjImproveIters=1 objFirst=141582422.576028 objLast=172770625.277912 objGain=31188202.701884 maxRC=59336934.681075 wallSec=0.010909 pricingSec=0.007433 cplexSolveSec=0.002045
      [BB] 根节点即为整数解，obj=172770625.277912
    [CG] CG iter 1: obj=142027957.201139, maxRC=59519749.227507, +23 cols
    [CG]   [DIAG] iter=1 posCols=23 newCols=23 effImprove=23 updated=0
    [CG] CG iter 2: obj=160205083.477826, maxRC=10623496.635422, +17 cols
    [CG]   [DIAG] iter=2 posCols=17 newCols=17 effImprove=17 updated=0
    [CG] CG iter 1: obj=141188534.218036, maxRC=59231476.778668, +23 cols
    [CG]   [DIAG] iter=1 posCols=23 newCols=23 effImprove=23 updated=0
    [CG] CG iter 2: obj=159761847.186804, maxRC=10434476.620296, +16 cols
    [CG]   [DIAG] iter=2 posCols=16 newCols=16 effImprove=16 updated=0
    [CG] CG iter 2: obj=159993988.926973, maxRC=9541191.321459, +17 cols
    [CG] 列生成开始，初始列数=128
    [CG]   [DIAG] iter=2 posCols=17 newCols=17 effImprove=17 updated=0
    [CG] CG iter 2: obj=159051838.846293, maxRC=10438027.772661, +17 cols
    [CG]   [DIAG] iter=2 posCols=17 newCols=17 effImprove=17 updated=0
    [CG] CG iter 3: obj=166329990.062676, maxRC=6314482.182361, +11 cols
    [CG]   [DIAG] iter=3 posCols=11 newCols=11 effImprove=11 updated=0
    [CG] CG iter 3: obj=165637829.990851, maxRC=7281652.664720, +14 cols
    [CG]   [DIAG] iter=3 posCols=14 newCols=14 effImprove=14 updated=0
    [CG] CG iter 3: obj=163519459.213909, maxRC=9385964.255206, +14 cols
    [CG]   [DIAG] iter=3 posCols=14 newCols=14 effImprove=14 updated=0
    [CG] CG iter 3: obj=164152153.516653, maxRC=5539682.872073, +12 cols
    [CG]   [DIAG] iter=3 posCols=12 newCols=12 effImprove=12 updated=0
    [CG] CG iter 4: obj=172919482.655570, maxRC=1609838.439961, +6 cols
    [CG] CG iter 4: obj=169062963.314785, maxRC=4084702.684679, +5 cols
    [CG]   [DIAG] iter=4 posCols=6 newCols=6 effImprove=6 updated=0
    [CG]   [DIAG] iter=4 posCols=5 newCols=5 effImprove=5 updated=0
    [CG] CG iter 4: obj=172736099.360000, maxRC=2663403.534060, +6 cols
    [CG]   [DIAG] iter=4 posCols=6 newCols=6 effImprove=6 updated=0
    [CG] 列生成收敛，共 5 轮迭代
    [CG] [CG-NODE] depth=0 exit=CERTIFIED certified=1 feasible=1 iters=5 generatedColsBeforeNode=0 newCols=60 posCandidates=60 duplicateCandidates=0 updatedCols=0 zeroObjImproveIters=1 objFirst=142027957.201139 objLast=172919482.655570 objGain=30891525.454431 maxRC=59519749.227507 wallSec=0.011310 pricingSec=0.007858 cplexSolveSec=0.001841
    [CG] CG iter 4: obj=169252656.976717, maxRC=2854487.915752, +8 cols
    [CG]   [DIAG] iter=4 posCols=8 newCols=8 effImprove=8 updated=0
    [CG] CG iter 5: obj=173281300.428123, maxRC=18952.238928, +1 cols
    [CG]   [DIAG] iter=5 posCols=1 newCols=1 effImprove=1 updated=0
      [BB] 根节点即为整数解，obj=172919482.655570
    [CG] CG iter 5: obj=172107144.892468, maxRC=829900.034999, +2 cols
    [CG]   [DIAG] iter=5 posCols=2 newCols=2 effImprove=2 updated=0
    [CG] CG iter 5: obj=172736099.360001, maxRC=5258.196392, +1 cols
    [CG]   [DIAG] iter=5 posCols=1 newCols=1 effImprove=1 updated=0
    [CG] 列生成收敛，共 6 轮迭代
    [CG] 列生成收敛，共 6 轮迭代
    [CG] [CG-NODE] depth=0 exit=CERTIFIED certified=1 feasible=1 iters=6 generatedColsBeforeNode=0 newCols=62 posCandidates=62 duplicateCandidates=0 updatedCols=0 zeroObjImproveIters=1 objFirst=141188534.218036 objLast=172107144.892468 objGain=30918610.674432 maxRC=59231476.778668 wallSec=0.012054 pricingSec=0.008205 cplexSolveSec=0.002119
    [CG] [CG-NODE] depth=0 exit=CERTIFIED certified=1 feasible=1 iters=6 generatedColsBeforeNode=0 newCols=57 posCandidates=57 duplicateCandidates=0 updatedCols=0 zeroObjImproveIters=1 objFirst=142295135.105615 objLast=173281300.428123 objGain=30986165.322509 maxRC=59519644.562382 wallSec=0.018041 pricingSec=0.012416 cplexSolveSec=0.003187
      [BB] 根节点即为整数解，obj=172107144.892468
    [CG] 列生成收敛，共 6 轮迭代
    [CG] [CG-NODE] depth=0 exit=CERTIFIED certified=1 feasible=1 iters=6 generatedColsBeforeNode=0 newCols=60 posCandidates=60 duplicateCandidates=0 updatedCols=0 zeroObjImproveIters=2 objFirst=141765908.553716 objLast=172736099.360001 objGain=30970190.806284 maxRC=59376558.169955 wallSec=0.018415 pricingSec=0.012571 cplexSolveSec=0.003162
      [BB] 根节点即为整数解，obj=173281300.428123
      [BB] 根节点即为整数解，obj=172736099.360001
    [CG] CG iter 1: obj=141644178.627655, maxRC=59517048.754166, +23 cols
    [CG]   [DIAG] iter=1 posCols=23 newCols=23 effImprove=23 updated=0
    [CG] 列生成开始，初始列数=128
    [CG] CG iter 2: obj=159763828.931181, maxRC=10738979.526545, +17 cols
    [CG]   [DIAG] iter=2 posCols=17 newCols=17 effImprove=17 updated=0
    [CG] 列生成开始，初始列数=128
    [CG] CG iter 3: obj=165730692.917580, maxRC=6264365.984480, +12 cols
    [CG]   [DIAG] iter=3 posCols=12 newCols=12 effImprove=12 updated=0
    [CG] 列生成开始，初始列数=128
    [CG] CG iter 4: obj=168448532.408306, maxRC=3962506.067723, +7 cols
    [CG]   [DIAG] iter=4 posCols=7 newCols=7 effImprove=7 updated=0
    [CG] 列生成开始，初始列数=128
    [CG] CG iter 5: obj=172667429.906343, maxRC=1405339.612485, +2 cols
    [CG]   [DIAG] iter=5 posCols=2 newCols=2 effImprove=2 updated=0
    [CG] CG iter 1: obj=141246688.474618, maxRC=59205165.055448, +23 cols
    [CG] CG iter 6: obj=172667429.906343, maxRC=105180.364149, +1 cols
    [CG]   [DIAG] iter=6 posCols=1 newCols=1 effImprove=1 updated=0
    [CG]   [DIAG] iter=1 posCols=23 newCols=23 effImprove=23 updated=0
    [CG] CG iter 1: obj=142250267.988138, maxRC=59519752.128890, +23 cols
    [CG] 列生成收敛，共 7 轮迭代
    [CG] [CG-NODE] depth=0 exit=CERTIFIED certified=1 feasible=1 iters=7 generatedColsBeforeNode=0 newCols=62 posCandidates=62 duplicateCandidates=0 updatedCols=0 zeroObjImproveIters=2 objFirst=141644178.627655 objLast=172667429.906343 objGain=31023251.278688 maxRC=59517048.754166 wallSec=0.007516 pricingSec=0.004846 cplexSolveSec=0.001475
      [BB] 根节点即为整数解，obj=172667429.906343
    [CG]   [DIAG] iter=1 posCols=23 newCols=23 effImprove=23 updated=0
    [CG] CG iter 1: obj=141711961.424151, maxRC=59508025.552600, +23 cols
    [CG]   [DIAG] iter=1 posCols=23 newCols=23 effImprove=23 updated=0
    [CG] CG iter 2: obj=159060438.961686, maxRC=10285817.431880, +16 cols
    [CG]   [DIAG] iter=2 posCols=16 newCols=16 effImprove=16 updated=0
    [CG] CG iter 1: obj=141849033.139099, maxRC=59519481.825103, +23 cols
    [CG] 列生成开始，初始列数=128
    [CG]   [DIAG] iter=1 posCols=23 newCols=23 effImprove=23 updated=0
    [CG] CG iter 2: obj=160159850.309249, maxRC=10681805.202974, +17 cols
    [CG]   [DIAG] iter=2 posCols=17 newCols=17 effImprove=17 updated=0
    [CG] CG iter 2: obj=159787237.322876, maxRC=10850251.874185, +17 cols
    [CG]   [DIAG] iter=2 posCols=17 newCols=17 effImprove=17 updated=0
    [CG] CG iter 2: obj=159936620.566006, maxRC=10708824.678018, +17 cols
    [CG] CG iter 3: obj=162979062.018569, maxRC=9323194.465969, +14 cols
    [CG]   [DIAG] iter=2 posCols=17 newCols=17 effImprove=17 updated=0
    [CG]   [DIAG] iter=3 posCols=14 newCols=14 effImprove=14 updated=0
    [CG] CG iter 3: obj=165948958.568294, maxRC=6321285.102411, +12 cols
    [CG]   [DIAG] iter=3 posCols=12 newCols=12 effImprove=12 updated=0
    [CG] CG iter 4: obj=172124818.802678, maxRC=2636869.414568, +5 cols
    [CG]   [DIAG] iter=4 posCols=5 newCols=5 effImprove=5 updated=0
    [CG] CG iter 3: obj=166274326.480223, maxRC=6299780.576014, +12 cols
    [CG] CG iter 4: obj=168723570.461105, maxRC=4062945.936802, +7 cols
    [CG]   [DIAG] iter=4 posCols=7 newCols=7 effImprove=7 updated=0
    [CG]   [DIAG] iter=3 posCols=12 newCols=12 effImprove=12 updated=0
    [CG] 列生成收敛，共 5 轮迭代
    [CG] [CG-NODE] depth=0 exit=CERTIFIED certified=1 feasible=1 iters=5 generatedColsBeforeNode=0 newCols=59 posCandidates=59 duplicateCandidates=0 updatedCols=0 zeroObjImproveIters=0 objFirst=141849033.139099 objLast=172916383.233892 objGain=31067350.094793 maxRC=59519481.825103 wallSec=0.007320 pricingSec=0.004865 cplexSolveSec=0.001306
    [CG] CG iter 3: obj=165729190.135824, maxRC=6289034.923704, +12 cols
    [CG]   [DIAG] iter=3 posCols=12 newCols=12 effImprove=12 updated=0
      [BB] 根节点即为整数解，obj=172916383.233892
    [CG] 列生成收敛，共 5 轮迭代
    [CG] [CG-NODE] depth=0 exit=CERTIFIED certified=1 feasible=1 iters=5 generatedColsBeforeNode=0 newCols=58 posCandidates=58 duplicateCandidates=0 updatedCols=0 zeroObjImproveIters=1 objFirst=141246688.474618 objLast=172124818.802678 objGain=30878130.328060 maxRC=59205165.055448 wallSec=0.014396 pricingSec=0.010101 cplexSolveSec=0.002464
    [CG] CG iter 1: obj=141266988.055868, maxRC=59084968.304056, +23 cols
      [BB] 根节点即为整数解，obj=172124818.802678
    [CG]   [DIAG] iter=1 posCols=23 newCols=23 effImprove=23 updated=0
    [CG] CG iter 4: obj=169033195.881586, maxRC=4081720.081398, +5 cols
    [CG]   [DIAG] iter=4 posCols=5 newCols=5 effImprove=5 updated=0
    [CG] CG iter 4: obj=168464692.963084, maxRC=3955411.197450, +6 cols
    [CG]   [DIAG] iter=4 posCols=6 newCols=6 effImprove=6 updated=0
    [CG] 列生成收敛，共 5 轮迭代
    [CG] [CG-NODE] depth=0 exit=CERTIFIED certified=1 feasible=1 iters=5 generatedColsBeforeNode=0 newCols=57 posCandidates=57 duplicateCandidates=0 updatedCols=0 zeroObjImproveIters=0 objFirst=142250267.988138 objLast=173233827.030984 objGain=30983559.042847 maxRC=59519752.128890 wallSec=0.018425 pricingSec=0.012683 cplexSolveSec=0.003134
      [BB] 根节点即为整数解，obj=173233827.030984
    [CG] 列生成收敛，共 5 轮迭代
    [CG] [CG-NODE] depth=0 exit=CERTIFIED certified=1 feasible=1 iters=5 generatedColsBeforeNode=0 newCols=58 posCandidates=58 duplicateCandidates=0 updatedCols=0 zeroObjImproveIters=0 objFirst=141711961.424151 objLast=172625955.977218 objGain=30913994.553067 maxRC=59508025.552600 wallSec=0.018296 pricingSec=0.012696 cplexSolveSec=0.003037
    [CG] CG iter 2: obj=159170410.571133, maxRC=10357371.358300, +17 cols
      [BB] 根节点即为整数解，obj=172625955.977218
    [CG]   [DIAG] iter=2 posCols=17 newCols=17 effImprove=17 updated=0
    [CG] 列生成开始，初始列数=128
    [CG] CG iter 3: obj=165286926.373532, maxRC=6302190.016379, +12 cols
    [CG]   [DIAG] iter=3 posCols=12 newCols=12 effImprove=12 updated=0
    [CG] CG iter 1: obj=141114975.702726, maxRC=59487161.840926, +23 cols
    [CG]   [DIAG] iter=1 posCols=23 newCols=23 effImprove=23 updated=0
    [CG] CG iter 1: obj=140942594.535034, maxRC=59244326.517129, +23 cols
    [CG] CG iter 4: obj=168016888.239347, maxRC=4213679.034360, +5 cols
    [CG]   [DIAG] iter=1 posCols=23 newCols=23 effImprove=23 updated=0
    [CG]   [DIAG] iter=4 posCols=5 newCols=5 effImprove=5 updated=0
    [CG] 列生成收敛，共 5 轮迭代
    [CG] [CG-NODE] depth=0 exit=CERTIFIED certified=1 feasible=1 iters=5 generatedColsBeforeNode=0 newCols=57 posCandidates=57 duplicateCandidates=0 updatedCols=0 zeroObjImproveIters=0 objFirst=141266988.055868 objLast=172292334.110532 objGain=31025346.054664 maxRC=59084968.304056 wallSec=0.010939 pricingSec=0.007186 cplexSolveSec=0.002145
      [BB] 根节点即为整数解，obj=172292334.110532
    [CG] CG iter 2: obj=158924178.599876, maxRC=10020620.100770, +17 cols
    [CG]   [DIAG] iter=2 posCols=17 newCols=17 effImprove=17 updated=0
    [CG] CG iter 1: obj=140961657.938011, maxRC=59381287.314337, +23 cols
    [CG] CG iter 2: obj=159339402.968097, maxRC=10176482.731719, +17 cols
    [CG]   [DIAG] iter=2 posCols=17 newCols=17 effImprove=17 updated=0
    [CG]   [DIAG] iter=1 posCols=23 newCols=23 effImprove=23 updated=0
    [CG] CG iter 3: obj=168432067.776767, maxRC=3415686.446461, +12 cols
    [CG]   [DIAG] iter=3 posCols=12 newCols=12 effImprove=12 updated=0
    [CG] CG iter 4: obj=171795999.120902, maxRC=1128731.167578, +5 cols
    [CG]   [DIAG] iter=4 posCols=5 newCols=5 effImprove=5 updated=0
    [CG] CG iter 3: obj=168684465.829546, maxRC=3421209.378211, +12 cols
    [CG]   [DIAG] iter=3 posCols=12 newCols=12 effImprove=12 updated=0
    [CG] CG iter 5: obj=171795999.120902, maxRC=1030285.367483, +4 cols
    [CG]   [DIAG] iter=5 posCols=4 newCols=4 effImprove=4 updated=0
    [CG] CG iter 2: obj=159122634.518569, maxRC=10109478.303087, +17 cols
    [CG]   [DIAG] iter=2 posCols=17 newCols=17 effImprove=17 updated=0
    [CG] CG iter 6: obj=171971464.703357, maxRC=134986.437202, +1 cols
    [CG]   [DIAG] iter=6 posCols=1 newCols=1 effImprove=1 updated=0
    [CG] CG iter 4: obj=172050019.152408, maxRC=1129177.391233, +5 cols
    [CG]   [DIAG] iter=4 posCols=5 newCols=5 effImprove=5 updated=0
    [CG] 列生成收敛，共 7 轮迭代
    [CG] [CG-NODE] depth=0 exit=CERTIFIED certified=1 feasible=1 iters=7 generatedColsBeforeNode=0 newCols=62 posCandidates=62 duplicateCandidates=0 updatedCols=0 zeroObjImproveIters=2 objFirst=140942594.535034 objLast=171971464.703357 objGain=31028870.168323 maxRC=59244326.517129 wallSec=0.011520 pricingSec=0.007725 cplexSolveSec=0.002287
      [BB] 根节点即为整数解，obj=171971464.703357
    [CG] CG iter 3: obj=168472926.894203, maxRC=3463027.314667, +12 cols
    [CG]   [DIAG] iter=3 posCols=12 newCols=12 effImprove=12 updated=0
    [CG] CG iter 5: obj=172050019.152408, maxRC=1033084.184988, +5 cols
    [CG]   [DIAG] iter=5 posCols=5 newCols=5 effImprove=5 updated=0
    [CG] CG iter 4: obj=171838480.217065, maxRC=1169114.218398, +5 cols
    [CG] CG iter 6: obj=172319608.516374, maxRC=135175.773091, +1 cols
    [CG]   [DIAG] iter=6 posCols=1 newCols=1 effImprove=1 updated=0
    [CG]   [DIAG] iter=4 posCols=5 newCols=5 effImprove=5 updated=0
    [CG] 列生成收敛，共 7 轮迭代
    [CG] [CG-NODE] depth=0 exit=CERTIFIED certified=1 feasible=1 iters=7 generatedColsBeforeNode=0 newCols=63 posCandidates=63 duplicateCandidates=0 updatedCols=0 zeroObjImproveIters=2 objFirst=141114975.702726 objLast=172319608.516374 objGain=31204632.813648 maxRC=59487161.840926 wallSec=0.017603 pricingSec=0.011723 cplexSolveSec=0.003661
    [CG] CG iter 5: obj=171838480.217065, maxRC=732470.236234, +6 cols
    [CG]   [DIAG] iter=5 posCols=6 newCols=6 effImprove=6 updated=0
      [BB] 根节点即为整数解，obj=172319608.516374
    [CG] CG iter 6: obj=172081826.945312, maxRC=135175.773091, +1 cols
    [CG]   [DIAG] iter=6 posCols=1 newCols=1 effImprove=1 updated=0
    [CG] 列生成收敛，共 7 轮迭代
    [CG] [CG-NODE] depth=0 exit=CERTIFIED certified=1 feasible=1 iters=7 generatedColsBeforeNode=0 newCols=64 posCandidates=64 duplicateCandidates=0 updatedCols=0 zeroObjImproveIters=2 objFirst=140961657.938011 objLast=172081826.945312 objGain=31120169.007301 maxRC=59381287.314337 wallSec=0.018261 pricingSec=0.012289 cplexSolveSec=0.003520
    [CG] CG iter 1: obj=141276242.855768, maxRC=59038900.593735, +23 cols
      [BB] 根节点即为整数解，obj=172081826.945312
    [CG]   [DIAG] iter=1 posCols=23 newCols=23 effImprove=23 updated=0
    [CG] CG iter 2: obj=159002548.554831, maxRC=9218457.849812, +17 cols
    [CG]   [DIAG] iter=2 posCols=17 newCols=17 effImprove=17 updated=0
    [CG] CG iter 3: obj=165459984.766857, maxRC=6889601.292236, +15 cols
    [CG]   [DIAG] iter=3 posCols=15 newCols=15 effImprove=15 updated=0
    [CG] CG iter 4: obj=170259047.804712, maxRC=2302123.061148, +7 cols
    [CG]   [DIAG] iter=4 posCols=7 newCols=7 effImprove=7 updated=0
    [CG] 列生成收敛，共 5 轮迭代
    [CG] [CG-NODE] depth=0 exit=CERTIFIED certified=1 feasible=1 iters=5 generatedColsBeforeNode=0 newCols=62 posCandidates=62 duplicateCandidates=0 updatedCols=0 zeroObjImproveIters=0 objFirst=141276242.855768 objLast=171996286.465451 objGain=30720043.609683 maxRC=59038900.593735 wallSec=0.017384 pricingSec=0.012777 cplexSolveSec=0.002752
      [BB] 根节点即为整数解，obj=171996286.465451
[GA] 代数 2: Best=173345960.78, Avg=172683901.84, Worst=172000350.39, Valid=30/30, 耗时=0.06s (连续2代未提升)
  ├─ 求解: 30 个体 fork 并行 | CG迭代=139 加列=1425 BB分支=0
  ├─ 并行墙钟=0.0566s | 串行等效(ΣBP)=0.3279s | 加速比=5.80x
  ├─ 管理开销=-0.2714s (fork=0.0031 wait=0.0530 merge=0.0003)
  └─ CG明细: gen_logs/run_gen2_ind{0..29}.log
    [CG] 列生成开始，初始列数=128
    [CG] 列生成开始，初始列数=128
    [CG] 列生成开始，初始列数=128
    [CG] 列生成开始，初始列数=128
    [CG] 列生成开始，初始列数=128
    [CG] 列生成开始，初始列数=128
    [CG] 列生成开始，初始列数=128
    [CG] 列生成开始，初始列数=128
    [CG] CG iter 1: obj=141847934.801353, maxRC=59518261.479338, +23 cols
    [CG]   [DIAG] iter=1 posCols=23 newCols=23 effImprove=23 updated=0
    [CG] CG iter 1: obj=142317339.706530, maxRC=59519749.227507, +23 cols
    [CG]   [DIAG] iter=1 posCols=23 newCols=23 effImprove=23 updated=0
    [CG] CG iter 2: obj=159934301.882494, maxRC=10707953.457509, +17 cols
    [CG]   [DIAG] iter=2 posCols=17 newCols=17 effImprove=17 updated=0
    [CG] CG iter 2: obj=160192747.467068, maxRC=10639538.461427, +17 cols
    [CG]   [DIAG] iter=2 posCols=17 newCols=17 effImprove=17 updated=0
    [CG] CG iter 1: obj=142158617.541910, maxRC=59519819.616098, +23 cols
    [CG]   [DIAG] iter=1 posCols=23 newCols=23 effImprove=23 updated=0
    [CG] CG iter 3: obj=165946814.447410, maxRC=6321347.387970, +12 cols
    [CG]   [DIAG] iter=3 posCols=12 newCols=12 effImprove=12 updated=0
    [CG] CG iter 3: obj=166327728.321866, maxRC=6305049.300773, +12 cols
    [CG] CG iter 4: obj=168721488.625780, maxRC=4063497.024994, +7 cols
    [CG]   [DIAG] iter=3 posCols=12 newCols=12 effImprove=12 updated=0
    [CG]   [DIAG] iter=4 posCols=7 newCols=7 effImprove=7 updated=0
    [CG] CG iter 2: obj=160077994.334173, maxRC=9541205.229696, +17 cols
    [CG]   [DIAG] iter=2 posCols=17 newCols=17 effImprove=17 updated=0
    [CG] CG iter 1: obj=142079877.601702, maxRC=59519481.825103, +23 cols
    [CG] 列生成收敛，共 5 轮迭代
    [CG] [CG-NODE] depth=0 exit=CERTIFIED certified=1 feasible=1 iters=5 generatedColsBeforeNode=0 newCols=59 posCandidates=59 duplicateCandidates=0 updatedCols=0 zeroObjImproveIters=0 objFirst=141847934.801353 objLast=172914358.079130 objGain=31066423.277777 maxRC=59518261.479338 wallSec=0.010524 pricingSec=0.007049 cplexSolveSec=0.001868
      [BB] 根节点即为整数解，obj=172914358.079130
    [CG]   [DIAG] iter=1 posCols=23 newCols=23 effImprove=23 updated=0
    [CG] CG iter 4: obj=169080672.436699, maxRC=4095665.433729, +5 cols
    [CG]   [DIAG] iter=4 posCols=5 newCols=5 effImprove=5 updated=0
    [CG] CG iter 3: obj=166394523.403003, maxRC=7010098.877278, +15 cols
    [CG] 列生成收敛，共 5 轮迭代
    [CG] [CG-NODE] depth=0 exit=CERTIFIED certified=1 feasible=1 iters=5 generatedColsBeforeNode=0 newCols=57 posCandidates=57 duplicateCandidates=0 updatedCols=0 zeroObjImproveIters=0 objFirst=142317339.706530 objLast=173294235.971658 objGain=30976896.265128 maxRC=59519749.227507 wallSec=0.011236 pricingSec=0.007473 cplexSolveSec=0.002060
    [CG]   [DIAG] iter=3 posCols=15 newCols=15 effImprove=15 updated=0
      [BB] 根节点即为整数解，obj=173294235.971658
    [CG] CG iter 4: obj=171270934.823961, maxRC=3028258.280628, +7 cols
    [CG]   [DIAG] iter=4 posCols=7 newCols=7 effImprove=7 updated=0
    [CG] CG iter 2: obj=160071014.852050, maxRC=10623512.806048, +17 cols
    [CG]   [DIAG] iter=2 posCols=17 newCols=17 effImprove=17 updated=0
    [CG] 列生成收敛，共 5 轮迭代
    [CG] [CG-NODE] depth=0 exit=CERTIFIED certified=1 feasible=1 iters=5 generatedColsBeforeNode=0 newCols=62 posCandidates=62 duplicateCandidates=0 updatedCols=0 zeroObjImproveIters=0 objFirst=142158617.541910 objLast=173088815.774525 objGain=30930198.232615 maxRC=59519819.616098 wallSec=0.012264 pricingSec=0.008367 cplexSolveSec=0.002019
      [BB] 根节点即为整数解，obj=173088815.774525
    [CG] CG iter 1: obj=142200633.963753, maxRC=59376523.303013, +23 cols
    [CG]   [DIAG] iter=1 posCols=23 newCols=23 effImprove=23 updated=0
    [CG] CG iter 3: obj=166187348.788749, maxRC=6324320.527776, +12 cols
    [CG] CG iter 1: obj=141993819.512288, maxRC=59511439.073894, +23 cols
    [CG] 列生成开始，初始列数=128
    [CG]   [DIAG] iter=3 posCols=12 newCols=12 effImprove=12 updated=0
    [CG] CG iter 1: obj=142194763.892433, maxRC=59519749.227507, +23 cols
    [CG] CG iter 1: obj=141594744.107732, maxRC=59519749.227507, +23 cols
    [CG]   [DIAG] iter=1 posCols=23 newCols=23 effImprove=23 updated=0
    [CG]   [DIAG] iter=1 posCols=23 newCols=23 effImprove=23 updated=0
    [CG]   [DIAG] iter=1 posCols=23 newCols=23 effImprove=23 updated=0
    [CG] 列生成开始，初始列数=128
    [CG] CG iter 2: obj=159943640.535308, maxRC=10040718.722908, +16 cols
    [CG]   [DIAG] iter=2 posCols=16 newCols=16 effImprove=16 updated=0
    [CG] CG iter 4: obj=168934076.425958, maxRC=4087053.381452, +5 cols
    [CG]   [DIAG] iter=4 posCols=5 newCols=5 effImprove=5 updated=0
    [CG] 列生成开始，初始列数=128
    [CG] CG iter 2: obj=160067624.139477, maxRC=10627691.494633, +17 cols
    [CG] CG iter 2: obj=160151496.728429, maxRC=10693877.207666, +17 cols
    [CG]   [DIAG] iter=2 posCols=17 newCols=17 effImprove=17 updated=0
    [CG] CG iter 2: obj=159814221.185125, maxRC=10939701.980531, +17 cols
    [CG]   [DIAG] iter=2 posCols=17 newCols=17 effImprove=17 updated=0
    [CG]   [DIAG] iter=2 posCols=17 newCols=17 effImprove=17 updated=0
    [CG] CG iter 5: obj=173152468.089770, maxRC=13153.692763, +1 cols
    [CG] CG iter 3: obj=163861179.965302, maxRC=9385964.255206, +14 cols
    [CG]   [DIAG] iter=5 posCols=1 newCols=1 effImprove=1 updated=0
    [CG]   [DIAG] iter=3 posCols=14 newCols=14 effImprove=14 updated=0
    [CG] 列生成收敛，共 6 轮迭代
    [CG] [CG-NODE] depth=0 exit=CERTIFIED certified=1 feasible=1 iters=6 generatedColsBeforeNode=0 newCols=58 posCandidates=58 duplicateCandidates=0 updatedCols=0 zeroObjImproveIters=1 objFirst=142079877.601702 objLast=173152468.089770 objGain=31072590.488068 maxRC=59519481.825103 wallSec=0.017278 pricingSec=0.011325 cplexSolveSec=0.003523
    [CG] CG iter 4: obj=173093293.041433, maxRC=2671769.720189, +6 cols
    [CG]   [DIAG] iter=4 posCols=6 newCols=6 effImprove=6 updated=0
      [BB] 根节点即为整数解，obj=173152468.089770
    [CG] CG iter 3: obj=166174853.034256, maxRC=6326821.274937, +12 cols
    [CG] CG iter 3: obj=166261498.240289, maxRC=6297660.011474, +12 cols
    [CG]   [DIAG] iter=3 posCols=12 newCols=12 effImprove=12 updated=0
    [CG]   [DIAG] iter=3 posCols=12 newCols=12 effImprove=12 updated=0
    [CG] CG iter 3: obj=165703787.324214, maxRC=6303904.400505, +12 cols
    [CG] CG iter 5: obj=173093293.041433, maxRC=11707.203678, +1 cols
    [CG]   [DIAG] iter=5 posCols=1 newCols=1 effImprove=1 updated=0
    [CG]   [DIAG] iter=3 posCols=12 newCols=12 effImprove=12 updated=0
    [CG] 列生成收敛，共 6 轮迭代
    [CG] [CG-NODE] depth=0 exit=CERTIFIED certified=1 feasible=1 iters=6 generatedColsBeforeNode=0 newCols=60 posCandidates=60 duplicateCandidates=0 updatedCols=0 zeroObjImproveIters=2 objFirst=142200633.963753 objLast=173093293.041433 objGain=30892659.077680 maxRC=59376523.303013 wallSec=0.017659 pricingSec=0.011907 cplexSolveSec=0.003103
      [BB] 根节点即为整数解，obj=173093293.041433
    [CG] CG iter 4: obj=169023274.379636, maxRC=4078805.883510, +7 cols
    [CG] CG iter 4: obj=168915078.584645, maxRC=4079143.288884, +5 cols
    [CG]   [DIAG] iter=4 posCols=7 newCols=7 effImprove=7 updated=0
    [CG] CG iter 4: obj=168429410.030529, maxRC=3921109.377004, +6 cols
    [CG]   [DIAG] iter=4 posCols=5 newCols=5 effImprove=5 updated=0
    [CG]   [DIAG] iter=4 posCols=6 newCols=6 effImprove=6 updated=0
    [CG] 列生成开始，初始列数=128
    [CG] CG iter 5: obj=173132225.658691, maxRC=27496.975808, +1 cols
    [CG]   [DIAG] iter=5 posCols=1 newCols=1 effImprove=1 updated=0
    [CG] 列生成收敛，共 5 轮迭代
    [CG] [CG-NODE] depth=0 exit=CERTIFIED certified=1 feasible=1 iters=5 generatedColsBeforeNode=0 newCols=58 posCandidates=58 duplicateCandidates=0 updatedCols=0 zeroObjImproveIters=0 objFirst=141594744.107732 objLast=172564376.846745 objGain=30969632.739014 maxRC=59519749.227507 wallSec=0.019321 pricingSec=0.013199 cplexSolveSec=0.003341
    [CG] CG iter 5: obj=173220208.407898, maxRC=1480394.328797, +2 cols
    [CG]   [DIAG] iter=5 posCols=2 newCols=2 effImprove=2 updated=0
      [BB] 根节点即为整数解，obj=172564376.846745
    [CG] 列生成收敛，共 6 轮迭代
    [CG] [CG-NODE] depth=0 exit=CERTIFIED certified=1 feasible=1 iters=6 generatedColsBeforeNode=0 newCols=58 posCandidates=58 duplicateCandidates=0 updatedCols=0 zeroObjImproveIters=1 objFirst=141993819.512288 objLast=173132225.658691 objGain=31138406.146403 maxRC=59511439.073894 wallSec=0.020248 pricingSec=0.013518 cplexSolveSec=0.003815
    [CG] CG iter 6: obj=173220208.407898, maxRC=102898.723460, +1 cols
    [CG]   [DIAG] iter=6 posCols=1 newCols=1 effImprove=1 updated=0
      [BB] 根节点即为整数解，obj=173132225.658691
    [CG] 列生成收敛，共 7 轮迭代
    [CG] [CG-NODE] depth=0 exit=CERTIFIED certified=1 feasible=1 iters=7 generatedColsBeforeNode=0 newCols=62 posCandidates=62 duplicateCandidates=0 updatedCols=0 zeroObjImproveIters=2 objFirst=142194763.892433 objLast=173220208.407898 objGain=31025444.515465 maxRC=59519749.227507 wallSec=0.020760 pricingSec=0.013903 cplexSolveSec=0.003847
      [BB] 根节点即为整数解，obj=173220208.407898
    [CG] 列生成开始，初始列数=128
    [CG] 列生成开始，初始列数=128
    [CG] 列生成开始，初始列数=128
    [CG] 列生成开始，初始列数=128
    [CG] CG iter 1: obj=141861441.106294, maxRC=59519501.451979, +23 cols
    [CG]   [DIAG] iter=1 posCols=23 newCols=23 effImprove=23 updated=0
    [CG] CG iter 1: obj=142327177.623353, maxRC=59519766.154613, +23 cols
    [CG]   [DIAG] iter=1 posCols=23 newCols=23 effImprove=23 updated=0
    [CG] CG iter 1: obj=141935830.921241, maxRC=59519481.825103, +23 cols
    [CG] CG iter 2: obj=159959055.443693, maxRC=10699010.603153, +17 cols
    [CG]   [DIAG] iter=1 posCols=23 newCols=23 effImprove=23 updated=0
    [CG]   [DIAG] iter=2 posCols=17 newCols=17 effImprove=17 updated=0
    [CG] CG iter 1: obj=141511002.971742, maxRC=59508834.693463, +23 cols
    [CG] CG iter 2: obj=160128181.266230, maxRC=10238411.340323, +17 cols
    [CG]   [DIAG] iter=2 posCols=17 newCols=17 effImprove=17 updated=0
    [CG]   [DIAG] iter=1 posCols=23 newCols=23 effImprove=23 updated=0
    [CG] CG iter 2: obj=160197605.552573, maxRC=10623491.311119, +17 cols
    [CG]   [DIAG] iter=2 posCols=17 newCols=17 effImprove=17 updated=0
    [CG] CG iter 3: obj=165964380.394872, maxRC=6323974.211328, +12 cols
    [CG]   [DIAG] iter=3 posCols=12 newCols=12 effImprove=12 updated=0
    [CG] CG iter 3: obj=166217742.766399, maxRC=5805608.947002, +11 cols
    [CG]   [DIAG] iter=3 posCols=11 newCols=11 effImprove=11 updated=0
    [CG] CG iter 4: obj=173027765.736148, maxRC=1446560.976667, +2 cols
    [CG]   [DIAG] iter=4 posCols=2 newCols=2 effImprove=2 updated=0
    [CG] CG iter 4: obj=168738667.161178, maxRC=4067140.523977, +5 cols
    [CG]   [DIAG] iter=4 posCols=5 newCols=5 effImprove=5 updated=0
    [CG] CG iter 2: obj=159989253.352742, maxRC=9490996.061121, +17 cols
    [CG]   [DIAG] iter=2 posCols=17 newCols=17 effImprove=17 updated=0
    [CG] CG iter 3: obj=166340101.204309, maxRC=6307269.009646, +12 cols
    [CG] CG iter 5: obj=173164432.697234, maxRC=472886.289775, +1 cols
    [CG]   [DIAG] iter=5 posCols=1 newCols=1 effImprove=1 updated=0
    [CG]   [DIAG] iter=3 posCols=12 newCols=12 effImprove=12 updated=0
    [CG] CG iter 5: obj=172934024.888657, maxRC=6290.652577, +1 cols
    [CG]   [DIAG] iter=5 posCols=1 newCols=1 effImprove=1 updated=0
    [CG] CG iter 6: obj=173164432.697234, maxRC=131245.170306, +1 cols
    [CG]   [DIAG] iter=6 posCols=1 newCols=1 effImprove=1 updated=0
    [CG] CG iter 1: obj=142294715.161370, maxRC=59519644.562382, +23 cols
    [CG]   [DIAG] iter=1 posCols=23 newCols=23 effImprove=23 updated=0
    [CG] 列生成收敛，共 7 轮迭代
    [CG] [CG-NODE] depth=0 exit=CERTIFIED certified=1 feasible=1 iters=7 generatedColsBeforeNode=0 newCols=55 posCandidates=55 duplicateCandidates=0 updatedCols=0 zeroObjImproveIters=2 objFirst=141935830.921241 objLast=173164432.697234 objGain=31228601.775993 maxRC=59519481.825103 wallSec=0.011414 pricingSec=0.007725 cplexSolveSec=0.002195
    [CG] 列生成收敛，共 6 轮迭代
      [BB] 根节点即为整数解，obj=173164432.697234
    [CG] [CG-NODE] depth=0 exit=CERTIFIED certified=1 feasible=1 iters=6 generatedColsBeforeNode=0 newCols=58 posCandidates=58 duplicateCandidates=0 updatedCols=0 zeroObjImproveIters=1 objFirst=141861441.106294 objLast=172934024.888657 objGain=31072583.782364 maxRC=59519501.451979 wallSec=0.018396 pricingSec=0.012340 cplexSolveSec=0.003360
    [CG] CG iter 4: obj=169090503.135631, maxRC=4100562.650262, +5 cols
    [CG]   [DIAG] iter=4 posCols=5 newCols=5 effImprove=5 updated=0
    [CG] CG iter 3: obj=165599147.840509, maxRC=7158839.170934, +13 cols
      [BB] 根节点即为整数解，obj=172934024.888657
    [CG]   [DIAG] iter=3 posCols=13 newCols=13 effImprove=13 updated=0
    [CG] CG iter 2: obj=160204776.577485, maxRC=10623843.194781, +17 cols
    [CG]   [DIAG] iter=2 posCols=17 newCols=17 effImprove=17 updated=0
    [CG] 列生成收敛，共 5 轮迭代
    [CG] [CG-NODE] depth=0 exit=CERTIFIED certified=1 feasible=1 iters=5 generatedColsBeforeNode=0 newCols=57 posCandidates=57 duplicateCandidates=0 updatedCols=0 zeroObjImproveIters=0 objFirst=142327177.623353 objLast=173308897.346472 objGain=30981719.723118 maxRC=59519766.154613 wallSec=0.018557 pricingSec=0.012645 cplexSolveSec=0.003272
    [CG] CG iter 1: obj=141246642.042619, maxRC=59084882.859800, +23 cols
    [CG] CG iter 4: obj=172757987.011443, maxRC=331028.554382, +2 cols
    [CG]   [DIAG] iter=4 posCols=2 newCols=2 effImprove=2 updated=0
      [BB] 根节点即为整数解，obj=173308897.346472
    [CG]   [DIAG] iter=1 posCols=23 newCols=23 effImprove=23 updated=0
    [CG] CG iter 3: obj=166329518.555051, maxRC=6314434.563416, +11 cols
    [CG]   [DIAG] iter=3 posCols=11 newCols=11 effImprove=11 updated=0
    [CG] 列生成收敛，共 5 轮迭代
    [CG] [CG-NODE] depth=0 exit=CERTIFIED certified=1 feasible=1 iters=5 generatedColsBeforeNode=0 newCols=55 posCandidates=55 duplicateCandidates=0 updatedCols=0 zeroObjImproveIters=1 objFirst=141511002.971742 objLast=172757987.011443 objGain=31246984.039701 maxRC=59508834.693463 wallSec=0.018117 pricingSec=0.012406 cplexSolveSec=0.003176
      [BB] 根节点即为整数解，obj=172757987.011443
    [CG] CG iter 4: obj=169062543.370541, maxRC=4084603.502353, +5 cols
    [CG]   [DIAG] iter=4 posCols=5 newCols=5 effImprove=5 updated=0
    [CG] CG iter 1: obj=141819171.899493, maxRC=59519481.825103, +23 cols
    [CG] CG iter 1: obj=142119967.079350, maxRC=59519481.825103, +23 cols
    [CG]   [DIAG] iter=1 posCols=23 newCols=23 effImprove=23 updated=0
    [CG] CG iter 2: obj=159186265.092799, maxRC=10357371.358300, +17 cols
    [CG]   [DIAG] iter=2 posCols=17 newCols=17 effImprove=17 updated=0
    [CG] CG iter 5: obj=173280781.301553, maxRC=18952.238928, +1 cols
    [CG]   [DIAG] iter=5 posCols=1 newCols=1 effImprove=1 updated=0
    [CG]   [DIAG] iter=1 posCols=23 newCols=23 effImprove=23 updated=0
    [CG] 列生成收敛，共 6 轮迭代
    [CG] [CG-NODE] depth=0 exit=CERTIFIED certified=1 feasible=1 iters=6 generatedColsBeforeNode=0 newCols=57 posCandidates=57 duplicateCandidates=0 updatedCols=0 zeroObjImproveIters=1 objFirst=142294715.161370 objLast=173280781.301553 objGain=30986066.140183 maxRC=59519644.562382 wallSec=0.010474 pricingSec=0.006937 cplexSolveSec=0.001986
    [CG] 列生成开始，初始列数=128
      [BB] 根节点即为整数解，obj=173280781.301553
    [CG] 列生成开始，初始列数=128
    [CG] CG iter 3: obj=165304179.945849, maxRC=6300790.965728, +12 cols
    [CG]   [DIAG] iter=3 posCols=12 newCols=12 effImprove=12 updated=0
    [CG] CG iter 2: obj=159904901.271404, maxRC=10741912.906204, +17 cols
    [CG]   [DIAG] iter=2 posCols=17 newCols=17 effImprove=17 updated=0
    [CG] CG iter 4: obj=168032742.761013, maxRC=4213679.034360, +5 cols
    [CG]   [DIAG] iter=4 posCols=5 newCols=5 effImprove=5 updated=0
    [CG] CG iter 2: obj=160050060.247270, maxRC=10627691.494633, +17 cols
    [CG] 列生成开始，初始列数=128
    [CG]   [DIAG] iter=2 posCols=17 newCols=17 effImprove=17 updated=0
    [CG] CG iter 3: obj=165914050.680778, maxRC=6317273.075925, +12 cols
    [CG] 列生成收敛，共 5 轮迭代
    [CG] [CG-NODE] depth=0 exit=CERTIFIED certified=1 feasible=1 iters=5 generatedColsBeforeNode=0 newCols=57 posCandidates=57 duplicateCandidates=0 updatedCols=0 zeroObjImproveIters=0 objFirst=141246642.042619 objLast=172308188.632198 objGain=31061546.589579 maxRC=59084882.859800 wallSec=0.012928 pricingSec=0.008817 cplexSolveSec=0.002208
    [CG]   [DIAG] iter=3 posCols=12 newCols=12 effImprove=12 updated=0
      [BB] 根节点即为整数解，obj=172308188.632198
    [CG] 列生成开始，初始列数=128
    [CG] 列生成开始，初始列数=128
    [CG] CG iter 4: obj=168694802.318829, maxRC=4053983.111193, +7 cols
    [CG]   [DIAG] iter=4 posCols=7 newCols=7 effImprove=7 updated=0
    [CG] CG iter 3: obj=166162910.694909, maxRC=6325295.581375, +12 cols
    [CG] 列生成收敛，共 5 轮迭代
    [CG] [CG-NODE] depth=0 exit=CERTIFIED certified=1 feasible=1 iters=5 generatedColsBeforeNode=0 newCols=59 posCandidates=59 duplicateCandidates=0 updatedCols=0 zeroObjImproveIters=0 objFirst=141819171.899493 objLast=172876994.515871 objGain=31057822.616378 maxRC=59519481.825103 wallSec=0.016502 pricingSec=0.011299 cplexSolveSec=0.002759
    [CG]   [DIAG] iter=3 posCols=12 newCols=12 effImprove=12 updated=0
      [BB] 根节点即为整数解，obj=172876994.515871
    [CG] 列生成开始，初始列数=128
    [CG] CG iter 4: obj=168911857.975483, maxRC=4085808.791685, +5 cols
    [CG]   [DIAG] iter=4 posCols=5 newCols=5 effImprove=5 updated=0
    [CG] CG iter 5: obj=173129005.049529, maxRC=13153.692763, +1 cols
    [CG]   [DIAG] iter=5 posCols=1 newCols=1 effImprove=1 updated=0
    [CG] 列生成开始，初始列数=128
    [CG] 列生成收敛，共 6 轮迭代
    [CG] [CG-NODE] depth=0 exit=CERTIFIED certified=1 feasible=1 iters=6 generatedColsBeforeNode=0 newCols=58 posCandidates=58 duplicateCandidates=0 updatedCols=0 zeroObjImproveIters=1 objFirst=142119967.079350 objLast=173129005.049529 objGain=31009037.970179 maxRC=59519481.825103 wallSec=0.017957 pricingSec=0.011906 cplexSolveSec=0.003598
      [BB] 根节点即为整数解，obj=173129005.049529
    [CG] CG iter 1: obj=142029091.054315, maxRC=59519766.154613, +23 cols
    [CG]   [DIAG] iter=1 posCols=23 newCols=23 effImprove=23 updated=0
    [CG] CG iter 1: obj=142250191.549105, maxRC=59519841.930057, +23 cols
    [CG] CG iter 2: obj=160123681.726030, maxRC=10282672.887149, +17 cols
    [CG] 列生成开始，初始列数=128
    [CG]   [DIAG] iter=2 posCols=17 newCols=17 effImprove=17 updated=0
    [CG]   [DIAG] iter=1 posCols=23 newCols=23 effImprove=23 updated=0
    [CG] CG iter 1: obj=141820023.604231, maxRC=59100867.980836, +23 cols
    [CG]   [DIAG] iter=1 posCols=23 newCols=23 effImprove=23 updated=0
    [CG] CG iter 3: obj=165219610.958796, maxRC=8722949.605857, +13 cols
    [CG]   [DIAG] iter=3 posCols=13 newCols=13 effImprove=13 updated=0
    [CG] CG iter 2: obj=160159862.731947, maxRC=10681814.646219, +17 cols
    [CG]   [DIAG] iter=2 posCols=17 newCols=17 effImprove=17 updated=0
    [CG] CG iter 2: obj=159375591.359979, maxRC=9867653.987274, +16 cols
    [CG]   [DIAG] iter=2 posCols=16 newCols=16 effImprove=16 updated=0
    [CG] CG iter 4: obj=170333211.070810, maxRC=2873374.743842, +8 cols
    [CG]   [DIAG] iter=4 posCols=8 newCols=8 effImprove=8 updated=0
    [CG] CG iter 3: obj=166274303.233202, maxRC=6299792.846859, +12 cols
    [CG]   [DIAG] iter=3 posCols=12 newCols=12 effImprove=12 updated=0
    [CG] CG iter 5: obj=173206585.814653, maxRC=146032.346066, +2 cols
    [CG]   [DIAG] iter=5 posCols=2 newCols=2 effImprove=2 updated=0
    [CG] CG iter 1: obj=141730128.177682, maxRC=59336934.681075, +23 cols
    [CG] CG iter 3: obj=163321187.801020, maxRC=9286762.075815, +14 cols
    [CG]   [DIAG] iter=3 posCols=14 newCols=14 effImprove=14 updated=0
    [CG]   [DIAG] iter=1 posCols=23 newCols=23 effImprove=23 updated=0
    [CG] 列生成收敛，共 6 轮迭代
    [CG] CG iter 4: obj=169033184.905410, maxRC=4081674.385174, +5 cols
    [CG] [CG-NODE] depth=0 exit=CERTIFIED certified=1 feasible=1 iters=6 generatedColsBeforeNode=0 newCols=63 posCandidates=63 duplicateCandidates=0 updatedCols=0 zeroObjImproveIters=1 objFirst=142029091.054315 objLast=173206585.814653 objGain=31177494.760338 maxRC=59519766.154613 wallSec=0.013416 pricingSec=0.008687 cplexSolveSec=0.002468
    [CG]   [DIAG] iter=4 posCols=5 newCols=5 effImprove=5 updated=0
      [BB] 根节点即为整数解，obj=173206585.814653
    [CG] 列生成收敛，共 5 轮迭代
    [CG] [CG-NODE] depth=0 exit=CERTIFIED certified=1 feasible=1 iters=5 generatedColsBeforeNode=0 newCols=57 posCandidates=57 duplicateCandidates=0 updatedCols=0 zeroObjImproveIters=0 objFirst=142250191.549105 objLast=173233792.455722 objGain=30983600.906617 maxRC=59519841.930057 wallSec=0.010748 pricingSec=0.007203 cplexSolveSec=0.001832
    [CG] CG iter 4: obj=172546412.769599, maxRC=2655978.032040, +7 cols
    [CG]   [DIAG] iter=4 posCols=7 newCols=7 effImprove=7 updated=0
      [BB] 根节点即为整数解，obj=173233792.455722
    [CG] CG iter 1: obj=142116214.472448, maxRC=59519752.128890, +23 cols
    [CG]   [DIAG] iter=1 posCols=23 newCols=23 effImprove=23 updated=0
    [CG] 列生成收敛，共 5 轮迭代
    [CG] [CG-NODE] depth=0 exit=CERTIFIED certified=1 feasible=1 iters=5 generatedColsBeforeNode=0 newCols=60 posCandidates=60 duplicateCandidates=0 updatedCols=0 zeroObjImproveIters=0 objFirst=141820023.604231 objLast=172547587.300588 objGain=30727563.696357 maxRC=59100867.980836 wallSec=0.009259 pricingSec=0.006147 cplexSolveSec=0.001708
      [BB] 根节点即为整数解，obj=172547587.300588
    [CG] CG iter 2: obj=159790898.937551, maxRC=9411538.485046, +17 cols
    [CG]   [DIAG] iter=2 posCols=17 newCols=17 effImprove=17 updated=0
    [CG] CG iter 1: obj=141933657.876884, maxRC=59519749.227507, +23 cols
    [CG]   [DIAG] iter=1 posCols=23 newCols=23 effImprove=23 updated=0
    [CG] 列生成开始，初始列数=128
    [CG] CG iter 2: obj=160096805.066078, maxRC=10623458.634161, +17 cols
    [CG]   [DIAG] iter=2 posCols=17 newCols=17 effImprove=17 updated=0
    [CG] CG iter 3: obj=166178065.206005, maxRC=7073572.325979, +15 cols
    [CG]   [DIAG] iter=3 posCols=15 newCols=15 effImprove=15 updated=0
    [CG] CG iter 2: obj=159913814.164771, maxRC=9541191.321459, +17 cols
    [CG]   [DIAG] iter=2 posCols=17 newCols=17 effImprove=17 updated=0
    [CG] CG iter 3: obj=166184568.199265, maxRC=6335830.630377, +11 cols
    [CG] CG iter 1: obj=142147272.372578, maxRC=59519752.128890, +23 cols
    [CG]   [DIAG] iter=3 posCols=11 newCols=11 effImprove=11 updated=0
    [CG]   [DIAG] iter=1 posCols=23 newCols=23 effImprove=23 updated=0
    [CG] CG iter 1: obj=142138906.626073, maxRC=59519752.128890, +23 cols
    [CG] CG iter 4: obj=171104579.838391, maxRC=2498539.599795, +7 cols
    [CG]   [DIAG] iter=1 posCols=23 newCols=23 effImprove=23 updated=0
    [CG]   [DIAG] iter=4 posCols=7 newCols=7 effImprove=7 updated=0
    [CG] CG iter 4: obj=168899458.823658, maxRC=4058845.944786, +5 cols
    [CG]   [DIAG] iter=4 posCols=5 newCols=5 effImprove=5 updated=0
    [CG] CG iter 3: obj=165552947.041297, maxRC=7286360.852071, +14 cols
    [CG]   [DIAG] iter=3 posCols=14 newCols=14 effImprove=14 updated=0
    [CG] CG iter 5: obj=172902701.055704, maxRC=34272.369284, +1 cols
    [CG]   [DIAG] iter=5 posCols=1 newCols=1 effImprove=1 updated=0
    [CG] CG iter 2: obj=160185729.287396, maxRC=10623485.371715, +17 cols
    [CG]   [DIAG] iter=2 posCols=17 newCols=17 effImprove=17 updated=0
    [CG] CG iter 5: obj=173117925.638227, maxRC=73631.080577, +1 cols
    [CG]   [DIAG] iter=5 posCols=1 newCols=1 effImprove=1 updated=0
    [CG] CG iter 2: obj=160067718.992531, maxRC=10623485.371715, +17 cols
    [CG]   [DIAG] iter=2 posCols=17 newCols=17 effImprove=17 updated=0
    [CG] 列生成收敛，共 6 轮迭代
    [CG] [CG-NODE] depth=0 exit=CERTIFIED certified=1 feasible=1 iters=6 generatedColsBeforeNode=0 newCols=63 posCandidates=63 duplicateCandidates=0 updatedCols=0 zeroObjImproveIters=1 objFirst=141730128.177682 objLast=172902701.055705 objGain=31172572.878023 maxRC=59336934.681075 wallSec=0.019538 pricingSec=0.013048 cplexSolveSec=0.003715
    [CG] CG iter 4: obj=172839307.893368, maxRC=1649228.331345, +6 cols
    [CG]   [DIAG] iter=4 posCols=6 newCols=6 effImprove=6 updated=0
    [CG] 列生成收敛，共 6 轮迭代
    [CG] [CG-NODE] depth=0 exit=CERTIFIED certified=1 feasible=1 iters=6 generatedColsBeforeNode=0 newCols=57 posCandidates=57 duplicateCandidates=0 updatedCols=0 zeroObjImproveIters=1 objFirst=142116214.472448 objLast=173117925.638227 objGain=31001711.165780 maxRC=59519752.128890 wallSec=0.018781 pricingSec=0.012573 cplexSolveSec=0.003501
      [BB] 根节点即为整数解，obj=172902701.055705
    [CG] CG iter 3: obj=166326468.551074, maxRC=6309029.166781, +12 cols
      [BB] 根节点即为整数解，obj=173117925.638227
    [CG]   [DIAG] iter=3 posCols=12 newCols=12 effImprove=12 updated=0
    [CG] 列生成收敛，共 5 轮迭代
    [CG] [CG-NODE] depth=0 exit=CERTIFIED certified=1 feasible=1 iters=5 generatedColsBeforeNode=0 newCols=60 posCandidates=60 duplicateCandidates=0 updatedCols=0 zeroObjImproveIters=1 objFirst=141933657.876884 objLast=172839307.893368 objGain=30905650.016484 maxRC=59519749.227507 wallSec=0.018230 pricingSec=0.012535 cplexSolveSec=0.003031
      [BB] 根节点即为整数解，obj=172839307.893368
    [CG] CG iter 4: obj=169078630.639531, maxRC=4100569.741606, +5 cols
    [CG]   [DIAG] iter=4 posCols=5 newCols=5 effImprove=5 updated=0
    [CG] CG iter 3: obj=166192030.626544, maxRC=6314402.932294, +12 cols
    [CG]   [DIAG] iter=3 posCols=12 newCols=12 effImprove=12 updated=0
    [CG] 列生成收敛，共 5 轮迭代
    [CG] [CG-NODE] depth=0 exit=CERTIFIED certified=1 feasible=1 iters=5 generatedColsBeforeNode=0 newCols=57 posCandidates=57 duplicateCandidates=0 updatedCols=0 zeroObjImproveIters=0 objFirst=142138906.626073 objLast=173297026.727401 objGain=31158120.101328 maxRC=59519752.128890 wallSec=0.011688 pricingSec=0.008038 cplexSolveSec=0.001943
      [BB] 根节点即为整数解，obj=173297026.727401
    [CG] CG iter 4: obj=168949566.480514, maxRC=4093711.752057, +5 cols
    [CG]   [DIAG] iter=4 posCols=5 newCols=5 effImprove=5 updated=0
    [CG] 列生成收敛，共 5 轮迭代
    [CG] [CG-NODE] depth=0 exit=CERTIFIED certified=1 feasible=1 iters=5 generatedColsBeforeNode=0 newCols=57 posCandidates=57 duplicateCandidates=0 updatedCols=0 zeroObjImproveIters=0 objFirst=142147272.372578 objLast=173170721.442306 objGain=31023449.069728 maxRC=59519752.128890 wallSec=0.016665 pricingSec=0.012073 cplexSolveSec=0.002642
      [BB] 根节点即为整数解，obj=173170721.442306
    [CG] CG iter 1: obj=141371257.909055, maxRC=59487161.840926, +23 cols
    [CG]   [DIAG] iter=1 posCols=23 newCols=23 effImprove=23 updated=0
    [CG] CG iter 2: obj=159435371.492727, maxRC=10607177.209765, +17 cols
    [CG]   [DIAG] iter=2 posCols=17 newCols=17 effImprove=17 updated=0
    [CG] CG iter 3: obj=165466319.619179, maxRC=6273247.588881, +11 cols
    [CG]   [DIAG] iter=3 posCols=11 newCols=11 effImprove=11 updated=0
    [CG] CG iter 4: obj=168158058.277807, maxRC=4009054.778005, +5 cols
    [CG]   [DIAG] iter=4 posCols=5 newCols=5 effImprove=5 updated=0
    [CG] 列生成收敛，共 5 轮迭代
    [CG] [CG-NODE] depth=0 exit=CERTIFIED certified=1 feasible=1 iters=5 generatedColsBeforeNode=0 newCols=56 posCandidates=56 duplicateCandidates=0 updatedCols=0 zeroObjImproveIters=0 objFirst=141371257.909055 objLast=172413988.892416 objGain=31042730.983361 maxRC=59487161.840926 wallSec=0.013519 pricingSec=0.009470 cplexSolveSec=0.002212
      [BB] 根节点即为整数解，obj=172413988.892416
[GA] 代数 3: Best=173345960.78, Avg=173022986.18, Worst=172337074.32, Valid=30/30, 耗时=0.06s (连续3代未提升)
  ├─ 求解: 30 个体 fork 并行 | CG迭代=138 加列=1460 BB分支=0
  ├─ 并行墙钟=0.0617s | 串行等效(ΣBP)=0.3917s | 加速比=6.35x
  ├─ 管理开销=-0.3299s (fork=0.0040 wait=0.0573 merge=0.0003)
  └─ CG明细: gen_logs/run_gen3_ind{0..29}.log
    [CG] 列生成开始，初始列数=128
    [CG] 列生成开始，初始列数=128
    [CG] 列生成开始，初始列数=128
    [CG] 列生成开始，初始列数=128
    [CG] 列生成开始，初始列数=128
    [CG] 列生成开始，初始列数=128
    [CG] 列生成开始，初始列数=128
    [CG] 列生成开始，初始列数=128
    [CG] CG iter 1: obj=141243262.442946, maxRC=59336934.681075, +23 cols
    [CG]   [DIAG] iter=1 posCols=23 newCols=23 effImprove=23 updated=0
    [CG] CG iter 1: obj=142288283.905401, maxRC=59519519.957102, +23 cols
    [CG] CG iter 2: obj=159634647.177432, maxRC=6684456.810624, +15 cols
    [CG]   [DIAG] iter=2 posCols=15 newCols=15 effImprove=15 updated=0
    [CG]   [DIAG] iter=1 posCols=23 newCols=23 effImprove=23 updated=0
    [CG] CG iter 1: obj=142141283.870127, maxRC=59481421.356044, +23 cols
    [CG]   [DIAG] iter=1 posCols=23 newCols=23 effImprove=23 updated=0
    [CG] CG iter 3: obj=172602784.874247, maxRC=2300462.042282, +7 cols
    [CG]   [DIAG] iter=3 posCols=7 newCols=7 effImprove=7 updated=0
    [CG] CG iter 1: obj=142138910.703866, maxRC=59519752.288062, +23 cols
    [CG] CG iter 1: obj=141853031.452379, maxRC=59519627.554062, +23 cols
    [CG]   [DIAG] iter=1 posCols=23 newCols=23 effImprove=23 updated=0
    [CG] CG iter 4: obj=172602784.874247, maxRC=173166.018407, +2 cols
    [CG]   [DIAG] iter=1 posCols=23 newCols=23 effImprove=23 updated=0
    [CG]   [DIAG] iter=4 posCols=2 newCols=2 effImprove=2 updated=0
    [CG] CG iter 2: obj=160185588.146599, maxRC=10623344.475921, +17 cols
    [CG] CG iter 2: obj=160143816.471998, maxRC=10603458.825397, +17 cols
    [CG]   [DIAG] iter=2 posCols=17 newCols=17 effImprove=17 updated=0
    [CG]   [DIAG] iter=2 posCols=17 newCols=17 effImprove=17 updated=0
    [CG] 列生成收敛，共 5 轮迭代
    [CG] [CG-NODE] depth=0 exit=CERTIFIED certified=1 feasible=1 iters=5 generatedColsBeforeNode=0 newCols=47 posCandidates=47 duplicateCandidates=0 updatedCols=0 zeroObjImproveIters=2 objFirst=141243262.442946 objLast=172602784.874247 objGain=31359522.431301 maxRC=59336934.681075 wallSec=0.012296 pricingSec=0.008070 cplexSolveSec=0.002339
      [BB] 根节点即为整数解，obj=172602784.874247
    [CG] CG iter 2: obj=159940247.029988, maxRC=10699165.239438, +17 cols
    [CG]   [DIAG] iter=2 posCols=17 newCols=17 effImprove=17 updated=0
    [CG] CG iter 3: obj=166273721.219447, maxRC=6315553.353792, +11 cols
    [CG]   [DIAG] iter=3 posCols=11 newCols=11 effImprove=11 updated=0
    [CG] CG iter 2: obj=160185729.287396, maxRC=10623485.371715, +17 cols
    [CG] CG iter 1: obj=141659143.749712, maxRC=59519665.311012, +23 cols
    [CG]   [DIAG] iter=2 posCols=17 newCols=17 effImprove=17 updated=0
    [CG] CG iter 1: obj=142197524.006913, maxRC=59361733.672352, +23 cols
    [CG]   [DIAG] iter=1 posCols=23 newCols=23 effImprove=23 updated=0
    [CG] CG iter 3: obj=166320742.563843, maxRC=6304472.032180, +12 cols
    [CG] CG iter 1: obj=141933600.176958, maxRC=59519749.227507, +23 cols
    [CG]   [DIAG] iter=1 posCols=23 newCols=23 effImprove=23 updated=0
    [CG]   [DIAG] iter=3 posCols=12 newCols=12 effImprove=12 updated=0
    [CG] CG iter 4: obj=169007765.642986, maxRC=4098618.007720, +5 cols
    [CG]   [DIAG] iter=4 posCols=5 newCols=5 effImprove=5 updated=0
    [CG]   [DIAG] iter=1 posCols=23 newCols=23 effImprove=23 updated=0
    [CG] CG iter 3: obj=165955321.386931, maxRC=6323162.351216, +12 cols
    [CG]   [DIAG] iter=3 posCols=12 newCols=12 effImprove=12 updated=0
    [CG] 列生成收敛，共 5 轮迭代
    [CG] [CG-NODE] depth=0 exit=CERTIFIED certified=1 feasible=1 iters=5 generatedColsBeforeNode=0 newCols=56 posCandidates=56 duplicateCandidates=0 updatedCols=0 zeroObjImproveIters=0 objFirst=142141283.870127 objLast=173228099.018047 objGain=31086815.147920 maxRC=59481421.356044 wallSec=0.013844 pricingSec=0.009330 cplexSolveSec=0.002389
      [BB] 根节点即为整数解，obj=173228099.018047
    [CG] CG iter 3: obj=166326468.551074, maxRC=6309029.166781, +12 cols
    [CG] CG iter 4: obj=169068232.787554, maxRC=4094321.583594, +5 cols
    [CG]   [DIAG] iter=3 posCols=12 newCols=12 effImprove=12 updated=0
    [CG] CG iter 4: obj=168728796.293124, maxRC=4067095.593359, +5 cols
    [CG]   [DIAG] iter=4 posCols=5 newCols=5 effImprove=5 updated=0
    [CG]   [DIAG] iter=4 posCols=5 newCols=5 effImprove=5 updated=0
    [CG] CG iter 2: obj=159917966.403493, maxRC=9554786.139238, +17 cols
    [CG]   [DIAG] iter=2 posCols=17 newCols=17 effImprove=17 updated=0
    [CG] CG iter 2: obj=159930866.746079, maxRC=10031443.619142, +16 cols
    [CG]   [DIAG] iter=2 posCols=16 newCols=16 effImprove=16 updated=0
    [CG] CG iter 2: obj=159913756.464845, maxRC=9541191.321459, +17 cols
    [CG] CG iter 5: obj=172924167.601692, maxRC=6293.999315, +1 cols
    [CG]   [DIAG] iter=5 posCols=1 newCols=1 effImprove=1 updated=0
    [CG]   [DIAG] iter=2 posCols=17 newCols=17 effImprove=17 updated=0
    [CG] 列生成开始，初始列数=128
    [CG] 列生成收敛，共 5 轮迭代
    [CG] [CG-NODE] depth=0 exit=CERTIFIED certified=1 feasible=1 iters=5 generatedColsBeforeNode=0 newCols=57 posCandidates=57 duplicateCandidates=0 updatedCols=0 zeroObjImproveIters=0 objFirst=142288283.905401 objLast=173289116.172172 objGain=31000832.266771 maxRC=59519519.957102 wallSec=0.015884 pricingSec=0.010296 cplexSolveSec=0.003102
    [CG] CG iter 4: obj=169078630.639531, maxRC=4100569.741606, +5 cols
      [BB] 根节点即为整数解，obj=173289116.172172
    [CG]   [DIAG] iter=4 posCols=5 newCols=5 effImprove=5 updated=0
    [CG] 列生成收敛，共 6 轮迭代
    [CG] [CG-NODE] depth=0 exit=CERTIFIED certified=1 feasible=1 iters=6 generatedColsBeforeNode=0 newCols=58 posCandidates=58 duplicateCandidates=0 updatedCols=0 zeroObjImproveIters=1 objFirst=141853031.452379 objLast=172924167.601692 objGain=31071136.149313 maxRC=59519627.554062 wallSec=0.016022 pricingSec=0.010566 cplexSolveSec=0.002992
      [BB] 根节点即为整数解，obj=172924167.601692
    [CG] CG iter 3: obj=165548416.017523, maxRC=7264558.851767, +14 cols
    [CG]   [DIAG] iter=3 posCols=14 newCols=14 effImprove=14 updated=0
    [CG] 列生成收敛，共 5 轮迭代
    [CG] [CG-NODE] depth=0 exit=CERTIFIED certified=1 feasible=1 iters=5 generatedColsBeforeNode=0 newCols=57 posCandidates=57 duplicateCandidates=0 updatedCols=0 zeroObjImproveIters=0 objFirst=142138910.703866 objLast=173297026.727401 objGain=31158116.023535 maxRC=59519752.288062 wallSec=0.016665 pricingSec=0.011030 cplexSolveSec=0.003172
    [CG] CG iter 3: obj=163850656.617583, maxRC=9380671.789289, +14 cols
    [CG] 列生成开始，初始列数=128
    [CG]   [DIAG] iter=3 posCols=14 newCols=14 effImprove=14 updated=0
    [CG] CG iter 3: obj=165552889.341371, maxRC=7286360.852071, +14 cols
      [BB] 根节点即为整数解，obj=173297026.727401
    [CG]   [DIAG] iter=3 posCols=14 newCols=14 effImprove=14 updated=0
    [CG] CG iter 4: obj=172812974.869291, maxRC=1446560.976667, +5 cols
    [CG]   [DIAG] iter=4 posCols=5 newCols=5 effImprove=5 updated=0
    [CG] CG iter 4: obj=173084986.673820, maxRC=2671769.720189, +6 cols
    [CG]   [DIAG] iter=4 posCols=6 newCols=6 effImprove=6 updated=0
    [CG] CG iter 4: obj=172839250.193442, maxRC=1649228.331345, +6 cols
    [CG]   [DIAG] iter=4 posCols=6 newCols=6 effImprove=6 updated=0
    [CG] CG iter 5: obj=172812974.869291, maxRC=377019.573445, +3 cols
    [CG]   [DIAG] iter=5 posCols=3 newCols=3 effImprove=3 updated=0
    [CG] CG iter 5: obj=173084986.673820, maxRC=14473.688076, +1 cols
    [CG]   [DIAG] iter=5 posCols=1 newCols=1 effImprove=1 updated=0
    [CG] 列生成开始，初始列数=128
    [CG] 列生成收敛，共 6 轮迭代
    [CG] 列生成收敛，共 5 轮迭代
    [CG] [CG-NODE] depth=0 exit=CERTIFIED certified=1 feasible=1 iters=6 generatedColsBeforeNode=0 newCols=62 posCandidates=62 duplicateCandidates=0 updatedCols=0 zeroObjImproveIters=2 objFirst=141659143.749712 objLast=172812974.869291 objGain=31153831.119578 maxRC=59519665.311012 wallSec=0.020018 pricingSec=0.013444 cplexSolveSec=0.003642
    [CG] [CG-NODE] depth=0 exit=CERTIFIED certified=1 feasible=1 iters=5 generatedColsBeforeNode=0 newCols=60 posCandidates=60 duplicateCandidates=0 updatedCols=0 zeroObjImproveIters=1 objFirst=141933600.176958 objLast=172839250.193442 objGain=30905650.016484 maxRC=59519749.227507 wallSec=0.019329 pricingSec=0.012974 cplexSolveSec=0.003415
    [CG] 列生成收敛，共 6 轮迭代
    [CG] [CG-NODE] depth=0 exit=CERTIFIED certified=1 feasible=1 iters=6 generatedColsBeforeNode=0 newCols=60 posCandidates=60 duplicateCandidates=0 updatedCols=0 zeroObjImproveIters=2 objFirst=142197524.006913 objLast=173084986.673820 objGain=30887462.666907 maxRC=59361733.672352 wallSec=0.019738 pricingSec=0.013234 cplexSolveSec=0.003574
      [BB] 根节点即为整数解，obj=172812974.869291
    [CG] 列生成开始，初始列数=128
      [BB] 根节点即为整数解，obj=172839250.193442
      [BB] 根节点即为整数解，obj=173084986.673820
    [CG] 列生成开始，初始列数=128
    [CG] 列生成开始，初始列数=128
    [CG] 列生成开始，初始列数=128
    [CG] 列生成开始，初始列数=128
    [CG] CG iter 1: obj=141624394.029435, maxRC=59376558.169955, +23 cols
    [CG]   [DIAG] iter=1 posCols=23 newCols=23 effImprove=23 updated=0
    [CG] CG iter 1: obj=141346228.486447, maxRC=59519568.642982, +23 cols
    [CG] CG iter 2: obj=159729816.672273, maxRC=10532135.015713, +17 cols
    [CG]   [DIAG] iter=2 posCols=17 newCols=17 effImprove=17 updated=0
    [CG]   [DIAG] iter=1 posCols=23 newCols=23 effImprove=23 updated=0
    [CG] CG iter 1: obj=141855195.076887, maxRC=59519481.825103, +23 cols
    [CG] CG iter 3: obj=164593005.816296, maxRC=5568755.293769, +9 cols
    [CG]   [DIAG] iter=1 posCols=23 newCols=23 effImprove=23 updated=0
    [CG]   [DIAG] iter=3 posCols=9 newCols=9 effImprove=9 updated=0
    [CG] CG iter 2: obj=159332248.969164, maxRC=10627839.023568, +17 cols
    [CG]   [DIAG] iter=2 posCols=17 newCols=17 effImprove=17 updated=0
    [CG] CG iter 4: obj=169704667.143550, maxRC=1766857.274800, +8 cols
    [CG]   [DIAG] iter=4 posCols=8 newCols=8 effImprove=8 updated=0
    [CG] CG iter 2: obj=160071272.794249, maxRC=10549647.446996, +17 cols
    [CG]   [DIAG] iter=2 posCols=17 newCols=17 effImprove=17 updated=0
    [CG] CG iter 1: obj=142246702.425390, maxRC=59519752.128890, +23 cols
    [CG]   [DIAG] iter=1 posCols=23 newCols=23 effImprove=23 updated=0
    [CG] CG iter 5: obj=172616811.092716, maxRC=982188.512090, +1 cols
    [CG]   [DIAG] iter=5 posCols=1 newCols=1 effImprove=1 updated=0
    [CG] CG iter 1: obj=141018773.057627, maxRC=59487161.840926, +23 cols
    [CG] CG iter 3: obj=165347184.201593, maxRC=6283165.287585, +12 cols
    [CG]   [DIAG] iter=3 posCols=12 newCols=12 effImprove=12 updated=0
    [CG] CG iter 6: obj=172616811.092716, maxRC=144835.308669, +1 cols
    [CG]   [DIAG] iter=1 posCols=23 newCols=23 effImprove=23 updated=0
    [CG]   [DIAG] iter=6 posCols=1 newCols=1 effImprove=1 updated=0
    [CG] CG iter 3: obj=166123396.005406, maxRC=5794891.131776, +11 cols
    [CG]   [DIAG] iter=3 posCols=11 newCols=11 effImprove=11 updated=0
    [CG] 列生成收敛，共 7 轮迭代
    [CG] CG iter 2: obj=160205777.658157, maxRC=10623485.371715, +17 cols
    [CG] [CG-NODE] depth=0 exit=CERTIFIED certified=1 feasible=1 iters=7 generatedColsBeforeNode=0 newCols=59 posCandidates=59 duplicateCandidates=0 updatedCols=0 zeroObjImproveIters=2 objFirst=141624394.029435 objLast=172616811.092716 objGain=30992417.063280 maxRC=59376558.169955 wallSec=0.014998 pricingSec=0.010161 cplexSolveSec=0.002848
    [CG]   [DIAG] iter=2 posCols=17 newCols=17 effImprove=17 updated=0
    [CG] CG iter 4: obj=172927810.515621, maxRC=1446560.976667, +2 cols
    [CG]   [DIAG] iter=4 posCols=2 newCols=2 effImprove=2 updated=0
      [BB] 根节点即为整数解，obj=172616811.092716
    [CG] CG iter 4: obj=168054001.188377, maxRC=3998885.206271, +5 cols
    [CG]   [DIAG] iter=4 posCols=5 newCols=5 effImprove=5 updated=0
    [CG] CG iter 2: obj=159273520.541286, maxRC=10607177.209765, +17 cols
    [CG] CG iter 1: obj=141952947.028550, maxRC=59519481.825103, +23 cols
    [CG]   [DIAG] iter=2 posCols=17 newCols=17 effImprove=17 updated=0
    [CG] CG iter 5: obj=173057288.650573, maxRC=509339.014108, +2 cols
    [CG]   [DIAG] iter=5 posCols=2 newCols=2 effImprove=2 updated=0
    [CG]   [DIAG] iter=1 posCols=23 newCols=23 effImprove=23 updated=0
    [CG] 列生成收敛，共 5 轮迭代
    [CG] CG iter 3: obj=166336961.723956, maxRC=6311852.480929, +12 cols
    [CG] [CG-NODE] depth=0 exit=CERTIFIED certified=1 feasible=1 iters=5 generatedColsBeforeNode=0 newCols=57 posCandidates=57 duplicateCandidates=0 updatedCols=0 zeroObjImproveIters=0 objFirst=141346228.486447 objLast=172307148.100747 objGain=30960919.614299 maxRC=59519568.642982 wallSec=0.018134 pricingSec=0.012378 cplexSolveSec=0.003093
    [CG]   [DIAG] iter=3 posCols=12 newCols=12 effImprove=12 updated=0
    [CG] 列生成收敛，共 6 轮迭代
    [CG] [CG-NODE] depth=0 exit=CERTIFIED certified=1 feasible=1 iters=6 generatedColsBeforeNode=0 newCols=55 posCandidates=55 duplicateCandidates=0 updatedCols=0 zeroObjImproveIters=1 objFirst=141855195.076887 objLast=173057288.650573 objGain=31202093.573686 maxRC=59519481.825103 wallSec=0.014107 pricingSec=0.009271 cplexSolveSec=0.002598
      [BB] 根节点即为整数解，obj=172307148.100747
      [BB] 根节点即为整数解，obj=173057288.650573
    [CG] CG iter 3: obj=165196430.399337, maxRC=5802279.998969, +11 cols
    [CG] CG iter 1: obj=141922835.066200, maxRC=59510541.231130, +23 cols
    [CG]   [DIAG] iter=3 posCols=11 newCols=11 effImprove=11 updated=0
    [CG]   [DIAG] iter=1 posCols=23 newCols=23 effImprove=23 updated=0
    [CG] CG iter 1: obj=142171467.452268, maxRC=59519501.451979, +23 cols
    [CG] CG iter 4: obj=169076047.752099, maxRC=4090411.033509, +5 cols
    [CG]   [DIAG] iter=4 posCols=5 newCols=5 effImprove=5 updated=0
    [CG]   [DIAG] iter=1 posCols=23 newCols=23 effImprove=23 updated=0
    [CG] CG iter 4: obj=171932940.961728, maxRC=1174353.812748, +2 cols
    [CG] CG iter 2: obj=159951355.547931, maxRC=10698995.145753, +17 cols
    [CG]   [DIAG] iter=4 posCols=2 newCols=2 effImprove=2 updated=0
    [CG]   [DIAG] iter=2 posCols=17 newCols=17 effImprove=17 updated=0
    [CG] CG iter 5: obj=173294443.839970, maxRC=6660.137589, +1 cols
    [CG]   [DIAG] iter=5 posCols=1 newCols=1 effImprove=1 updated=0
    [CG] 列生成收敛，共 5 轮迭代
    [CG] [CG-NODE] depth=0 exit=CERTIFIED certified=1 feasible=1 iters=5 generatedColsBeforeNode=0 newCols=53 posCandidates=53 duplicateCandidates=0 updatedCols=0 zeroObjImproveIters=0 objFirst=141018773.057627 objLast=172173064.211054 objGain=31154291.153427 maxRC=59487161.840926 wallSec=0.011377 pricingSec=0.007596 cplexSolveSec=0.001973
      [BB] 根节点即为整数解，obj=172173064.211054
    [CG] 列生成收敛，共 6 轮迭代
    [CG] CG iter 2: obj=160021072.776820, maxRC=10627691.494633, +17 cols
    [CG] [CG-NODE] depth=0 exit=CERTIFIED certified=1 feasible=1 iters=6 generatedColsBeforeNode=0 newCols=58 posCandidates=58 duplicateCandidates=0 updatedCols=0 zeroObjImproveIters=1 objFirst=142246702.425390 objLast=173294443.839970 objGain=31047741.414580 maxRC=59519752.128890 wallSec=0.015601 pricingSec=0.010458 cplexSolveSec=0.002594
    [CG]   [DIAG] iter=2 posCols=17 newCols=17 effImprove=17 updated=0
    [CG] 列生成开始，初始列数=128
      [BB] 根节点即为整数解，obj=173294443.839970
    [CG] CG iter 3: obj=165977733.351606, maxRC=6318602.095763, +12 cols
    [CG] CG iter 2: obj=160114265.796101, maxRC=10741928.363603, +17 cols
    [CG]   [DIAG] iter=3 posCols=12 newCols=12 effImprove=12 updated=0
    [CG]   [DIAG] iter=2 posCols=17 newCols=17 effImprove=17 updated=0
    [CG] CG iter 4: obj=168762547.376809, maxRC=4077307.826440, +7 cols
    [CG]   [DIAG] iter=4 posCols=7 newCols=7 effImprove=7 updated=0
    [CG] CG iter 3: obj=166110584.445068, maxRC=6318921.974419, +12 cols
    [CG]   [DIAG] iter=3 posCols=12 newCols=12 effImprove=12 updated=0
    [CG] CG iter 3: obj=166184911.663938, maxRC=6298197.140946, +12 cols
    [CG] 列生成开始，初始列数=128
    [CG]   [DIAG] iter=3 posCols=12 newCols=12 effImprove=12 updated=0
    [CG] 列生成开始，初始列数=128
    [CG] 列生成收敛，共 5 轮迭代
    [CG] [CG-NODE] depth=0 exit=CERTIFIED certified=1 feasible=1 iters=5 generatedColsBeforeNode=0 newCols=59 posCandidates=59 duplicateCandidates=0 updatedCols=0 zeroObjImproveIters=0 objFirst=141952947.028550 objLast=172957905.581000 objGain=31004958.552450 maxRC=59519481.825103 wallSec=0.016418 pricingSec=0.011119 cplexSolveSec=0.002784
      [BB] 根节点即为整数解，obj=172957905.581000
    [CG] CG iter 4: obj=168843611.153144, maxRC=4063532.126029, +5 cols
    [CG]   [DIAG] iter=4 posCols=5 newCols=5 effImprove=5 updated=0
    [CG] CG iter 4: obj=168937491.832316, maxRC=4048076.987777, +6 cols
    [CG]   [DIAG] iter=4 posCols=6 newCols=6 effImprove=6 updated=0
    [CG] 列生成收敛，共 5 轮迭代
    [CG] [CG-NODE] depth=0 exit=CERTIFIED certified=1 feasible=1 iters=5 generatedColsBeforeNode=0 newCols=57 posCandidates=57 duplicateCandidates=0 updatedCols=0 zeroObjImproveIters=0 objFirst=141922835.066200 objLast=173067333.855022 objGain=31144498.788822 maxRC=59510541.231130 wallSec=0.014622 pricingSec=0.009778 cplexSolveSec=0.002633
      [BB] 根节点即为整数解，obj=173067333.855022
    [CG] 列生成开始，初始列数=128
    [CG] CG iter 5: obj=173119679.638478, maxRC=1508424.553132, +3 cols
    [CG]   [DIAG] iter=5 posCols=3 newCols=3 effImprove=3 updated=0
    [CG] 列生成开始，初始列数=128
    [CG] 列生成收敛，共 6 轮迭代
    [CG] [CG-NODE] depth=0 exit=CERTIFIED certified=1 feasible=1 iters=6 generatedColsBeforeNode=0 newCols=61 posCandidates=61 duplicateCandidates=0 updatedCols=0 zeroObjImproveIters=1 objFirst=142171467.452268 objLast=173119679.638478 objGain=30948212.186210 maxRC=59519501.451979 wallSec=0.016199 pricingSec=0.010870 cplexSolveSec=0.003046
      [BB] 根节点即为整数解，obj=173119679.638478
    [CG] 列生成开始，初始列数=128
    [CG] 列生成开始，初始列数=128
    [CG] 列生成开始，初始列数=128
    [CG] CG iter 1: obj=141682122.817480, maxRC=59376558.169955, +23 cols
    [CG]   [DIAG] iter=1 posCols=23 newCols=23 effImprove=23 updated=0
    [CG] CG iter 2: obj=159776643.079249, maxRC=10532135.015713, +17 cols
    [CG]   [DIAG] iter=2 posCols=17 newCols=17 effImprove=17 updated=0
    [CG] CG iter 1: obj=142151898.635644, maxRC=59519841.930057, +23 cols
    [CG]   [DIAG] iter=1 posCols=23 newCols=23 effImprove=23 updated=0
    [CG] CG iter 1: obj=142308467.552205, maxRC=59519752.128890, +23 cols
    [CG]   [DIAG] iter=1 posCols=23 newCols=23 effImprove=23 updated=0
    [CG] CG iter 3: obj=164645142.218687, maxRC=5599168.643675, +9 cols
    [CG]   [DIAG] iter=3 posCols=9 newCols=9 effImprove=9 updated=0
    [CG] CG iter 1: obj=142307983.576300, maxRC=59519766.154613, +23 cols
    [CG] CG iter 2: obj=160185738.297504, maxRC=10623494.814960, +17 cols
    [CG]   [DIAG] iter=2 posCols=17 newCols=17 effImprove=17 updated=0
    [CG]   [DIAG] iter=1 posCols=23 newCols=23 effImprove=23 updated=0
    [CG] CG iter 1: obj=142317214.243878, maxRC=59519644.562382, +23 cols
    [CG] CG iter 4: obj=169780467.040155, maxRC=1764038.328671, +8 cols
    [CG]   [DIAG] iter=4 posCols=8 newCols=8 effImprove=8 updated=0
    [CG] CG iter 1: obj=141905531.495318, maxRC=59519607.231204, +23 cols
    [CG]   [DIAG] iter=1 posCols=23 newCols=23 effImprove=23 updated=0
    [CG]   [DIAG] iter=1 posCols=23 newCols=23 effImprove=23 updated=0
    [CG] CG iter 2: obj=160205781.070747, maxRC=10623485.371715, +17 cols
    [CG] CG iter 3: obj=166308968.367109, maxRC=6316248.529391, +11 cols
    [CG]   [DIAG] iter=3 posCols=11 newCols=11 effImprove=11 updated=0
    [CG] CG iter 5: obj=172683149.246984, maxRC=964171.590543, +1 cols
    [CG]   [DIAG] iter=2 posCols=17 newCols=17 effImprove=17 updated=0
    [CG]   [DIAG] iter=5 posCols=1 newCols=1 effImprove=1 updated=0
    [CG] CG iter 1: obj=142133288.147892, maxRC=59519403.483036, +23 cols
    [CG]   [DIAG] iter=1 posCols=23 newCols=23 effImprove=23 updated=0
    [CG] CG iter 1: obj=142202922.942302, maxRC=59513908.465544, +23 cols
    [CG] CG iter 2: obj=159960295.754607, maxRC=10699142.674688, +17 cols
    [CG] CG iter 2: obj=160204735.789969, maxRC=10623843.194781, +17 cols
    [CG] CG iter 6: obj=172683149.246984, maxRC=146501.770016, +1 cols
    [CG]   [DIAG] iter=6 posCols=1 newCols=1 effImprove=1 updated=0
    [CG]   [DIAG] iter=2 posCols=17 newCols=17 effImprove=17 updated=0
    [CG]   [DIAG] iter=2 posCols=17 newCols=17 effImprove=17 updated=0
    [CG] CG iter 4: obj=169043670.141493, maxRC=4084657.376711, +5 cols
    [CG] CG iter 2: obj=160183639.726993, maxRC=10641233.804893, +17 cols
    [CG]   [DIAG] iter=4 posCols=5 newCols=5 effImprove=5 updated=0
    [CG]   [DIAG] iter=1 posCols=23 newCols=23 effImprove=23 updated=0
    [CG]   [DIAG] iter=2 posCols=17 newCols=17 effImprove=17 updated=0
    [CG] 列生成收敛，共 7 轮迭代
    [CG] [CG-NODE] depth=0 exit=CERTIFIED certified=1 feasible=1 iters=7 generatedColsBeforeNode=0 newCols=59 posCandidates=59 duplicateCandidates=0 updatedCols=0 zeroObjImproveIters=2 objFirst=141682122.817480 objLast=172683149.246984 objGain=31001026.429504 maxRC=59376558.169955 wallSec=0.017203 pricingSec=0.011314 cplexSolveSec=0.003394
    [CG] CG iter 5: obj=173262045.611850, maxRC=18931.875963, +1 cols
    [CG]   [DIAG] iter=5 posCols=1 newCols=1 effImprove=1 updated=0
      [BB] 根节点即为整数解，obj=172683149.246984
    [CG] CG iter 3: obj=166337145.986458, maxRC=6311781.152768, +12 cols
    [CG] CG iter 3: obj=165975651.867313, maxRC=6323233.985126, +12 cols
    [CG]   [DIAG] iter=3 posCols=12 newCols=12 effImprove=12 updated=0
    [CG]   [DIAG] iter=3 posCols=12 newCols=12 effImprove=12 updated=0
    [CG] 列生成收敛，共 6 轮迭代
    [CG] CG iter 3: obj=166346943.862104, maxRC=6307226.822389, +12 cols
    [CG] [CG-NODE] depth=0 exit=CERTIFIED certified=1 feasible=1 iters=6 generatedColsBeforeNode=0 newCols=57 posCandidates=57 duplicateCandidates=0 updatedCols=0 zeroObjImproveIters=1 objFirst=142151898.635644 objLast=173262045.611850 objGain=31110146.976206 maxRC=59519841.930057 wallSec=0.012772 pricingSec=0.008459 cplexSolveSec=0.002462
    [CG]   [DIAG] iter=3 posCols=12 newCols=12 effImprove=12 updated=0
    [CG] CG iter 2: obj=160185729.287396, maxRC=10623485.371715, +17 cols
      [BB] 根节点即为整数解，obj=173262045.611850
    [CG]   [DIAG] iter=2 posCols=17 newCols=17 effImprove=17 updated=0
    [CG] CG iter 4: obj=168749198.407416, maxRC=4067334.662493, +5 cols
    [CG] CG iter 3: obj=166317997.733861, maxRC=6304826.240324, +12 cols
    [CG]   [DIAG] iter=4 posCols=5 newCols=5 effImprove=5 updated=0
    [CG] CG iter 2: obj=160175131.579102, maxRC=10623491.311119, +17 cols
    [CG]   [DIAG] iter=3 posCols=12 newCols=12 effImprove=12 updated=0
    [CG]   [DIAG] iter=2 posCols=17 newCols=17 effImprove=17 updated=0
    [CG] CG iter 4: obj=169097440.613249, maxRC=4100465.148580, +5 cols
    [CG]   [DIAG] iter=4 posCols=5 newCols=5 effImprove=5 updated=0
    [CG] CG iter 4: obj=169076411.925076, maxRC=4090578.978484, +5 cols
    [CG]   [DIAG] iter=4 posCols=5 newCols=5 effImprove=5 updated=0
    [CG] CG iter 5: obj=172944513.944261, maxRC=6666.467056, +1 cols
    [CG]   [DIAG] iter=5 posCols=1 newCols=1 effImprove=1 updated=0
    [CG] 列生成收敛，共 5 轮迭代
    [CG] [CG-NODE] depth=0 exit=CERTIFIED certified=1 feasible=1 iters=5 generatedColsBeforeNode=0 newCols=57 posCandidates=57 duplicateCandidates=0 updatedCols=0 zeroObjImproveIters=0 objFirst=142317214.243878 objLast=173315678.544262 objGain=30998464.300383 maxRC=59519644.562382 wallSec=0.013030 pricingSec=0.008955 cplexSolveSec=0.002303
    [CG] 列生成收敛，共 6 轮迭代
    [CG] [CG-NODE] depth=0 exit=CERTIFIED certified=1 feasible=1 iters=6 generatedColsBeforeNode=0 newCols=58 posCandidates=58 duplicateCandidates=0 updatedCols=0 zeroObjImproveIters=1 objFirst=141905531.495318 objLast=172944513.944261 objGain=31038982.448943 maxRC=59519607.231204 wallSec=0.011768 pricingSec=0.007879 cplexSolveSec=0.002222
    [CG] CG iter 4: obj=169071309.088577, maxRC=4095210.457546, +5 cols
      [BB] 根节点即为整数解，obj=173315678.544262
    [CG] CG iter 3: obj=166326468.551074, maxRC=6309029.166781, +12 cols
    [CG]   [DIAG] iter=4 posCols=5 newCols=5 effImprove=5 updated=0
    [CG] CG iter 5: obj=173294805.031373, maxRC=6319.618305, +1 cols
      [BB] 根节点即为整数解，obj=172944513.944261
    [CG]   [DIAG] iter=5 posCols=1 newCols=1 effImprove=1 updated=0
    [CG]   [DIAG] iter=3 posCols=12 newCols=12 effImprove=12 updated=0
    [CG] CG iter 3: obj=166309046.637468, maxRC=6303729.784238, +12 cols
    [CG]   [DIAG] iter=3 posCols=12 newCols=12 effImprove=12 updated=0
    [CG] 列生成收敛，共 5 轮迭代
    [CG] [CG-NODE] depth=0 exit=CERTIFIED certified=1 feasible=1 iters=5 generatedColsBeforeNode=0 newCols=57 posCandidates=57 duplicateCandidates=0 updatedCols=0 zeroObjImproveIters=0 objFirst=142307983.576300 objLast=173284351.106702 objGain=30976367.530402 maxRC=59519766.154613 wallSec=0.018569 pricingSec=0.012638 cplexSolveSec=0.003207
    [CG] 列生成收敛，共 6 轮迭代
    [CG] [CG-NODE] depth=0 exit=CERTIFIED certified=1 feasible=1 iters=6 generatedColsBeforeNode=0 newCols=58 posCandidates=58 duplicateCandidates=0 updatedCols=0 zeroObjImproveIters=1 objFirst=142308467.552205 objLast=173294805.031373 objGain=30986337.479169 maxRC=59519752.128890 wallSec=0.018490 pricingSec=0.012519 cplexSolveSec=0.003377
      [BB] 根节点即为整数解，obj=173284351.106702
    [CG] CG iter 4: obj=169078630.639531, maxRC=4100569.741606, +5 cols
      [BB] 根节点即为整数解，obj=173294805.031373
    [CG]   [DIAG] iter=4 posCols=5 newCols=5 effImprove=5 updated=0
    [CG] CG iter 4: obj=169055909.343382, maxRC=4093043.267472, +5 cols
    [CG] 列生成开始，初始列数=128
    [CG]   [DIAG] iter=4 posCols=5 newCols=5 effImprove=5 updated=0
    [CG] 列生成收敛，共 5 轮迭代
    [CG] [CG-NODE] depth=0 exit=CERTIFIED certified=1 feasible=1 iters=5 generatedColsBeforeNode=0 newCols=57 posCandidates=57 duplicateCandidates=0 updatedCols=0 zeroObjImproveIters=0 objFirst=142133288.147892 objLast=173297026.727401 objGain=31163738.579509 maxRC=59519403.483036 wallSec=0.017953 pricingSec=0.012287 cplexSolveSec=0.003013
      [BB] 根节点即为整数解，obj=173297026.727401
    [CG] 列生成收敛，共 5 轮迭代
    [CG] [CG-NODE] depth=0 exit=CERTIFIED certified=1 feasible=1 iters=5 generatedColsBeforeNode=0 newCols=57 posCandidates=57 duplicateCandidates=0 updatedCols=0 zeroObjImproveIters=0 objFirst=142202922.942302 objLast=173277334.066382 objGain=31074411.124080 maxRC=59513908.465544 wallSec=0.017749 pricingSec=0.012179 cplexSolveSec=0.002936
      [BB] 根节点即为整数解，obj=173277334.066382
    [CG] CG iter 1: obj=142325825.007514, maxRC=59519663.407916, +23 cols
    [CG]   [DIAG] iter=1 posCols=23 newCols=23 effImprove=23 updated=0
    [CG] CG iter 2: obj=160196345.714623, maxRC=10623337.842780, +17 cols
    [CG]   [DIAG] iter=2 posCols=17 newCols=17 effImprove=17 updated=0
    [CG] CG iter 3: obj=166338566.118425, maxRC=6307226.983064, +12 cols
    [CG]   [DIAG] iter=3 posCols=12 newCols=12 effImprove=12 updated=0
    [CG] CG iter 4: obj=169088926.023164, maxRC=4100397.252244, +5 cols
    [CG]   [DIAG] iter=4 posCols=5 newCols=5 effImprove=5 updated=0
    [CG] 列生成收敛，共 5 轮迭代
    [CG] [CG-NODE] depth=0 exit=CERTIFIED certified=1 feasible=1 iters=5 generatedColsBeforeNode=0 newCols=57 posCandidates=57 duplicateCandidates=0 updatedCols=0 zeroObjImproveIters=0 objFirst=142325825.007514 objLast=173307359.320950 objGain=30981534.313436 maxRC=59519663.407916 wallSec=0.012159 pricingSec=0.008005 cplexSolveSec=0.002053
      [BB] 根节点即为整数解，obj=173307359.320950
[GA] 代数 4: Best=173345960.78, Avg=173079751.30, Worst=172201949.90, Valid=30/30, 耗时=0.07s (连续4代未提升)
  ├─ 求解: 30 个体 fork 并行 | CG迭代=138 加列=1433 BB分支=0
  ├─ 并行墙钟=0.0656s | 串行等效(ΣBP)=0.4024s | 加速比=6.14x
  ├─ 管理开销=-0.3368s (fork=0.0041 wait=0.0610 merge=0.0003)
  └─ CG明细: gen_logs/run_gen4_ind{0..29}.log
    [CG] 列生成开始，初始列数=128
    [CG] 列生成开始，初始列数=128
    [CG] 列生成开始，初始列数=128
    [CG] 列生成开始，初始列数=128
    [CG] 列生成开始，初始列数=128
    [CG] 列生成开始，初始列数=128
    [CG] 列生成开始，初始列数=128
    [CG] 列生成开始，初始列数=128
    [CG] CG iter 1: obj=142202608.038227, maxRC=59513908.465544, +23 cols
    [CG]   [DIAG] iter=1 posCols=23 newCols=23 effImprove=23 updated=0
    [CG] CG iter 1: obj=142151979.426703, maxRC=59519752.128890, +23 cols
    [CG]   [DIAG] iter=1 posCols=23 newCols=23 effImprove=23 updated=0
    [CG] CG iter 2: obj=160174898.702398, maxRC=10623666.274386, +17 cols
    [CG]   [DIAG] iter=2 posCols=17 newCols=17 effImprove=17 updated=0
    [CG] CG iter 1: obj=142245907.963283, maxRC=59519841.930057, +23 cols
    [CG]   [DIAG] iter=1 posCols=23 newCols=23 effImprove=23 updated=0
    [CG] CG iter 2: obj=160185729.287396, maxRC=10623485.371715, +17 cols
    [CG]   [DIAG] iter=2 posCols=17 newCols=17 effImprove=17 updated=0
    [CG] CG iter 3: obj=166308717.732357, maxRC=6303705.960519, +12 cols
    [CG]   [DIAG] iter=3 posCols=12 newCols=12 effImprove=12 updated=0
    [CG] CG iter 3: obj=166308999.535962, maxRC=6316239.828352, +11 cols
    [CG] CG iter 2: obj=160205786.668265, maxRC=10623494.814960, +17 cols
    [CG]   [DIAG] iter=3 posCols=11 newCols=11 effImprove=11 updated=0
    [CG] CG iter 4: obj=169055594.439306, maxRC=4093005.442717, +5 cols
    [CG]   [DIAG] iter=4 posCols=5 newCols=5 effImprove=5 updated=0
    [CG]   [DIAG] iter=2 posCols=17 newCols=17 effImprove=17 updated=0
    [CG] CG iter 1: obj=142194630.897042, maxRC=59519749.227507, +23 cols
    [CG]   [DIAG] iter=1 posCols=23 newCols=23 effImprove=23 updated=0
    [CG] 列生成收敛，共 5 轮迭代
    [CG] [CG-NODE] depth=0 exit=CERTIFIED certified=1 feasible=1 iters=5 generatedColsBeforeNode=0 newCols=57 posCandidates=57 duplicateCandidates=0 updatedCols=0 zeroObjImproveIters=0 objFirst=142202608.038227 objLast=173276981.337552 objGain=31074373.299325 maxRC=59513908.465544 wallSec=0.013705 pricingSec=0.009220 cplexSolveSec=0.002515
    [CG] CG iter 4: obj=169043692.609307, maxRC=4084708.095379, +5 cols
    [CG]   [DIAG] iter=4 posCols=5 newCols=5 effImprove=5 updated=0
    [CG] CG iter 1: obj=142103233.955081, maxRC=59361733.672352, +23 cols
      [BB] 根节点即为整数解，obj=173276981.337552
    [CG] CG iter 1: obj=142027814.270707, maxRC=59519743.418314, +23 cols
    [CG] CG iter 1: obj=142325598.761418, maxRC=59519664.224599, +23 cols
    [CG]   [DIAG] iter=1 posCols=23 newCols=23 effImprove=23 updated=0
    [CG]   [DIAG] iter=1 posCols=23 newCols=23 effImprove=23 updated=0
    [CG]   [DIAG] iter=1 posCols=23 newCols=23 effImprove=23 updated=0
    [CG] CG iter 1: obj=141725867.150221, maxRC=59519481.825103, +23 cols
    [CG] CG iter 3: obj=166336573.719579, maxRC=6312012.823141, +12 cols
    [CG] CG iter 5: obj=173262088.697177, maxRC=18966.909620, +1 cols
    [CG]   [DIAG] iter=3 posCols=12 newCols=12 effImprove=12 updated=0
    [CG]   [DIAG] iter=5 posCols=1 newCols=1 effImprove=1 updated=0
    [CG]   [DIAG] iter=1 posCols=23 newCols=23 effImprove=23 updated=0
    [CG] CG iter 2: obj=160151363.733038, maxRC=10693877.207666, +17 cols
    [CG]   [DIAG] iter=2 posCols=17 newCols=17 effImprove=17 updated=0
    [CG] 列生成收敛，共 6 轮迭代
    [CG] [CG-NODE] depth=0 exit=CERTIFIED certified=1 feasible=1 iters=6 generatedColsBeforeNode=0 newCols=57 posCandidates=57 duplicateCandidates=0 updatedCols=0 zeroObjImproveIters=1 objFirst=142151979.426703 objLast=173262088.697177 objGain=31110109.270475 maxRC=59519752.128890 wallSec=0.014868 pricingSec=0.009772 cplexSolveSec=0.002939
      [BB] 根节点即为整数解，obj=173262088.697177
    [CG] CG iter 4: obj=169075311.613237, maxRC=4090030.524174, +5 cols
    [CG]   [DIAG] iter=4 posCols=5 newCols=5 effImprove=5 updated=0
    [CG] CG iter 2: obj=159993931.227047, maxRC=9541191.321459, +17 cols
    [CG] CG iter 2: obj=159850691.983877, maxRC=10271967.905749, +16 cols
    [CG]   [DIAG] iter=2 posCols=17 newCols=17 effImprove=17 updated=0
    [CG]   [DIAG] iter=2 posCols=16 newCols=16 effImprove=16 updated=0
    [CG] CG iter 2: obj=160196170.287443, maxRC=10623455.869524, +17 cols
    [CG]   [DIAG] iter=2 posCols=17 newCols=17 effImprove=17 updated=0
    [CG] CG iter 2: obj=159923711.172639, maxRC=9551929.962206, +17 cols
    [CG]   [DIAG] iter=2 posCols=17 newCols=17 effImprove=17 updated=0
    [CG] CG iter 5: obj=173293687.083594, maxRC=7338.774979, +1 cols
    [CG]   [DIAG] iter=5 posCols=1 newCols=1 effImprove=1 updated=0
    [CG] CG iter 3: obj=166261365.244898, maxRC=6297660.011474, +12 cols
    [CG]   [DIAG] iter=3 posCols=12 newCols=12 effImprove=12 updated=0
    [CG] 列生成收敛，共 6 轮迭代
    [CG] [CG-NODE] depth=0 exit=CERTIFIED certified=1 feasible=1 iters=6 generatedColsBeforeNode=0 newCols=58 posCandidates=58 duplicateCandidates=0 updatedCols=0 zeroObjImproveIters=1 objFirst=142245907.963283 objLast=173293687.083594 objGain=31047779.120311 maxRC=59519841.930057 wallSec=0.016672 pricingSec=0.011276 cplexSolveSec=0.003087
    [CG] CG iter 3: obj=165637772.290924, maxRC=7281652.664720, +14 cols
    [CG]   [DIAG] iter=3 posCols=14 newCols=14 effImprove=14 updated=0
    [CG] CG iter 3: obj=163778345.498698, maxRC=9380671.789289, +14 cols
      [BB] 根节点即为整数解，obj=173293687.083594
    [CG]   [DIAG] iter=3 posCols=14 newCols=14 effImprove=14 updated=0
    [CG] 列生成开始，初始列数=128
    [CG] CG iter 3: obj=166338322.678628, maxRC=6307210.569850, +12 cols
    [CG]   [DIAG] iter=3 posCols=12 newCols=12 effImprove=12 updated=0
    [CG] CG iter 3: obj=166237539.534432, maxRC=6987427.279081, +15 cols
    [CG]   [DIAG] iter=3 posCols=15 newCols=15 effImprove=15 updated=0
    [CG] CG iter 4: obj=169023141.384245, maxRC=4078805.883510, +7 cols
    [CG]   [DIAG] iter=4 posCols=7 newCols=7 effImprove=7 updated=0
    [CG] CG iter 4: obj=172919424.955644, maxRC=1609838.439961, +6 cols
    [CG]   [DIAG] iter=4 posCols=6 newCols=6 effImprove=6 updated=0
    [CG] CG iter 4: obj=173004811.911618, maxRC=2671769.720189, +6 cols
    [CG]   [DIAG] iter=4 posCols=6 newCols=6 effImprove=6 updated=0
    [CG] CG iter 4: obj=169088688.239392, maxRC=4100375.183005, +5 cols
    [CG]   [DIAG] iter=4 posCols=5 newCols=5 effImprove=5 updated=0
    [CG] CG iter 4: obj=171090289.692886, maxRC=3027424.803846, +7 cols
    [CG]   [DIAG] iter=4 posCols=7 newCols=7 effImprove=7 updated=0
    [CG] 列生成收敛，共 5 轮迭代
    [CG] [CG-NODE] depth=0 exit=CERTIFIED certified=1 feasible=1 iters=5 generatedColsBeforeNode=0 newCols=60 posCandidates=60 duplicateCandidates=0 updatedCols=0 zeroObjImproveIters=1 objFirst=142027814.270707 objLast=172919424.955644 objGain=30891610.684937 maxRC=59519743.418314 wallSec=0.017790 pricingSec=0.012253 cplexSolveSec=0.002782
    [CG] CG iter 5: obj=173220075.412507, maxRC=1480394.328797, +2 cols
    [CG] 列生成收敛，共 5 轮迭代
    [CG]   [DIAG] iter=5 posCols=2 newCols=2 effImprove=2 updated=0
    [CG] [CG-NODE] depth=0 exit=CERTIFIED certified=1 feasible=1 iters=5 generatedColsBeforeNode=0 newCols=59 posCandidates=59 duplicateCandidates=0 updatedCols=0 zeroObjImproveIters=1 objFirst=142103233.955081 objLast=173004811.911618 objGain=30901577.956537 maxRC=59361733.672352 wallSec=0.017846 pricingSec=0.012314 cplexSolveSec=0.002823
      [BB] 根节点即为整数解，obj=172919424.955644
    [CG] 列生成收敛，共 5 轮迭代
    [CG] [CG-NODE] depth=0 exit=CERTIFIED certified=1 feasible=1 iters=5 generatedColsBeforeNode=0 newCols=57 posCandidates=57 duplicateCandidates=0 updatedCols=0 zeroObjImproveIters=0 objFirst=142325598.761418 objLast=173307099.467939 objGain=30981500.706520 maxRC=59519664.224599 wallSec=0.017803 pricingSec=0.012294 cplexSolveSec=0.002884
      [BB] 根节点即为整数解，obj=173004811.911618
    [CG] 列生成开始，初始列数=128
      [BB] 根节点即为整数解，obj=173307099.467939
    [CG] 列生成收敛，共 5 轮迭代
    [CG] [CG-NODE] depth=0 exit=CERTIFIED certified=1 feasible=1 iters=5 generatedColsBeforeNode=0 newCols=62 posCandidates=62 duplicateCandidates=0 updatedCols=0 zeroObjImproveIters=0 objFirst=141725867.150221 objLast=172909727.028963 objGain=31183859.878743 maxRC=59519481.825103 wallSec=0.017955 pricingSec=0.012297 cplexSolveSec=0.002941
      [BB] 根节点即为整数解，obj=172909727.028963
    [CG] CG iter 6: obj=173220075.412507, maxRC=102898.723460, +1 cols
    [CG]   [DIAG] iter=6 posCols=1 newCols=1 effImprove=1 updated=0
    [CG] 列生成开始，初始列数=128
    [CG] 列生成收敛，共 7 轮迭代
    [CG] [CG-NODE] depth=0 exit=CERTIFIED certified=1 feasible=1 iters=7 generatedColsBeforeNode=0 newCols=62 posCandidates=62 duplicateCandidates=0 updatedCols=0 zeroObjImproveIters=2 objFirst=142194630.897042 objLast=173220075.412507 objGain=31025444.515465 maxRC=59519749.227507 wallSec=0.019805 pricingSec=0.013321 cplexSolveSec=0.003675
      [BB] 根节点即为整数解，obj=173220075.412507
    [CG] 列生成开始，初始列数=128
    [CG] 列生成开始，初始列数=128
    [CG] 列生成开始，初始列数=128
    [CG] 列生成开始，初始列数=128
    [CG] 列生成开始，初始列数=128
    [CG] CG iter 1: obj=142153177.502798, maxRC=59519842.812312, +23 cols
    [CG]   [DIAG] iter=1 posCols=23 newCols=23 effImprove=23 updated=0
    [CG] CG iter 2: obj=160196772.648860, maxRC=10623511.477682, +17 cols
    [CG]   [DIAG] iter=2 posCols=17 newCols=17 effImprove=17 updated=0
    [CG] CG iter 1: obj=142277568.904425, maxRC=59519752.128890, +23 cols
    [CG] CG iter 1: obj=142305721.945667, maxRC=59519752.128890, +23 cols
    [CG] CG iter 1: obj=142117001.945555, maxRC=59519752.288062, +23 cols
    [CG]   [DIAG] iter=1 posCols=23 newCols=23 effImprove=23 updated=0
    [CG]   [DIAG] iter=1 posCols=23 newCols=23 effImprove=23 updated=0
    [CG]   [DIAG] iter=1 posCols=23 newCols=23 effImprove=23 updated=0
    [CG] CG iter 1: obj=142307178.658617, maxRC=59519752.128890, +23 cols
    [CG]   [DIAG] iter=1 posCols=23 newCols=23 effImprove=23 updated=0
    [CG] CG iter 3: obj=166338986.598332, maxRC=6307210.325623, +12 cols
    [CG]   [DIAG] iter=3 posCols=12 newCols=12 effImprove=12 updated=0
    [CG] CG iter 2: obj=160205781.070747, maxRC=10623485.371715, +17 cols
    [CG]   [DIAG] iter=2 posCols=17 newCols=17 effImprove=17 updated=0
    [CG] CG iter 4: obj=169089329.845631, maxRC=4100324.707760, +5 cols
    [CG]   [DIAG] iter=4 posCols=5 newCols=5 effImprove=5 updated=0
    [CG] CG iter 2: obj=160186043.712336, maxRC=10623485.371715, +17 cols
    [CG] CG iter 2: obj=160205784.668234, maxRC=10623485.371715, +17 cols
    [CG]   [DIAG] iter=2 posCols=17 newCols=17 effImprove=17 updated=0
    [CG]   [DIAG] iter=2 posCols=17 newCols=17 effImprove=17 updated=0
    [CG] CG iter 2: obj=160205782.251870, maxRC=10623479.978949, +17 cols
    [CG] 列生成收敛，共 5 轮迭代
    [CG]   [DIAG] iter=2 posCols=17 newCols=17 effImprove=17 updated=0
    [CG] [CG-NODE] depth=0 exit=CERTIFIED certified=1 feasible=1 iters=5 generatedColsBeforeNode=0 newCols=57 posCandidates=57 duplicateCandidates=0 updatedCols=0 zeroObjImproveIters=0 objFirst=142153177.502798 objLast=173307768.516227 objGain=31154591.013429 maxRC=59519842.812312 wallSec=0.010780 pricingSec=0.007184 cplexSolveSec=0.001880
    [CG] CG iter 3: obj=166337145.986458, maxRC=6311781.152768, +12 cols
    [CG]   [DIAG] iter=3 posCols=12 newCols=12 effImprove=12 updated=0
      [BB] 根节点即为整数解，obj=173307768.516227
    [CG] CG iter 3: obj=166337149.987238, maxRC=6311780.749474, +12 cols
    [CG]   [DIAG] iter=3 posCols=12 newCols=12 effImprove=12 updated=0
    [CG] CG iter 4: obj=169076411.925076, maxRC=4090578.978484, +5 cols
    [CG]   [DIAG] iter=4 posCols=5 newCols=5 effImprove=5 updated=0
    [CG] CG iter 3: obj=166315671.384388, maxRC=6313510.317378, +12 cols
    [CG]   [DIAG] iter=3 posCols=12 newCols=12 effImprove=12 updated=0
    [CG] CG iter 1: obj=142334279.573296, maxRC=59519644.562382, +23 cols
    [CG] CG iter 5: obj=173294805.031373, maxRC=6319.618305, +1 cols
    [CG]   [DIAG] iter=5 posCols=1 newCols=1 effImprove=1 updated=0
    [CG]   [DIAG] iter=1 posCols=23 newCols=23 effImprove=23 updated=0
    [CG] CG iter 3: obj=166323071.717684, maxRC=6317815.373047, +11 cols
    [CG] CG iter 4: obj=169076415.522562, maxRC=4090578.978484, +5 cols
    [CG]   [DIAG] iter=3 posCols=11 newCols=11 effImprove=11 updated=0
    [CG]   [DIAG] iter=4 posCols=5 newCols=5 effImprove=5 updated=0
    [CG] 列生成收敛，共 6 轮迭代
    [CG] [CG-NODE] depth=0 exit=CERTIFIED certified=1 feasible=1 iters=6 generatedColsBeforeNode=0 newCols=58 posCandidates=58 duplicateCandidates=0 updatedCols=0 zeroObjImproveIters=1 objFirst=142305721.945667 objLast=173294805.031373 objGain=30989083.085707 maxRC=59519752.128890 wallSec=0.010751 pricingSec=0.007037 cplexSolveSec=0.001939
    [CG] CG iter 4: obj=169056666.487617, maxRC=4090573.956041, +5 cols
    [CG]   [DIAG] iter=4 posCols=5 newCols=5 effImprove=5 updated=0
      [BB] 根节点即为整数解，obj=173294805.031373
    [CG] CG iter 5: obj=173294808.628860, maxRC=6319.618305, +1 cols
    [CG]   [DIAG] iter=5 posCols=1 newCols=1 effImprove=1 updated=0
    [CG] CG iter 5: obj=173275062.575488, maxRC=6307.456250, +1 cols
    [CG] CG iter 4: obj=169048258.883834, maxRC=4077502.599723, +5 cols
    [CG]   [DIAG] iter=5 posCols=1 newCols=1 effImprove=1 updated=0
    [CG]   [DIAG] iter=4 posCols=5 newCols=5 effImprove=5 updated=0
    [CG] 列生成收敛，共 6 轮迭代
    [CG] [CG-NODE] depth=0 exit=CERTIFIED certified=1 feasible=1 iters=6 generatedColsBeforeNode=0 newCols=58 posCandidates=58 duplicateCandidates=0 updatedCols=0 zeroObjImproveIters=1 objFirst=142307178.658617 objLast=173294808.628860 objGain=30987629.970243 maxRC=59519752.128890 wallSec=0.011103 pricingSec=0.007207 cplexSolveSec=0.002107
      [BB] 根节点即为整数解，obj=173294808.628860
    [CG] 列生成收敛，共 6 轮迭代
    [CG] [CG-NODE] depth=0 exit=CERTIFIED certified=1 feasible=1 iters=6 generatedColsBeforeNode=0 newCols=58 posCandidates=58 duplicateCandidates=0 updatedCols=0 zeroObjImproveIters=1 objFirst=142117001.945555 objLast=173275062.575488 objGain=31158060.629932 maxRC=59519752.288062 wallSec=0.011442 pricingSec=0.007350 cplexSolveSec=0.002303
    [CG] 列生成收敛，共 5 轮迭代
    [CG] [CG-NODE] depth=0 exit=CERTIFIED certified=1 feasible=1 iters=5 generatedColsBeforeNode=0 newCols=56 posCandidates=56 duplicateCandidates=0 updatedCols=0 zeroObjImproveIters=0 objFirst=142277568.904425 objLast=173266654.098403 objGain=30989085.193978 maxRC=59519752.128890 wallSec=0.016809 pricingSec=0.011534 cplexSolveSec=0.002823
      [BB] 根节点即为整数解，obj=173275062.575488
    [CG] 列生成开始，初始列数=128
    [CG] CG iter 2: obj=160204780.174971, maxRC=10623843.194781, +17 cols
      [BB] 根节点即为整数解，obj=173266654.098403
    [CG]   [DIAG] iter=2 posCols=17 newCols=17 effImprove=17 updated=0
    [CG] 列生成开始，初始列数=128
    [CG] CG iter 1: obj=142245440.382693, maxRC=59519670.787331, +23 cols
    [CG] CG iter 3: obj=166346991.570943, maxRC=6307223.498551, +12 cols
    [CG]   [DIAG] iter=3 posCols=12 newCols=12 effImprove=12 updated=0
    [CG]   [DIAG] iter=1 posCols=23 newCols=23 effImprove=23 updated=0
    [CG] 列生成开始，初始列数=128
    [CG] CG iter 1: obj=142147279.772697, maxRC=59519752.401832, +23 cols
    [CG]   [DIAG] iter=1 posCols=23 newCols=23 effImprove=23 updated=0
    [CG] CG iter 4: obj=169097484.998251, maxRC=4100465.148580, +5 cols
    [CG]   [DIAG] iter=4 posCols=5 newCols=5 effImprove=5 updated=0
    [CG] 列生成开始，初始列数=128
    [CG] 列生成开始，初始列数=128
    [CG] CG iter 2: obj=160205777.658157, maxRC=10623485.371715, +17 cols
    [CG]   [DIAG] iter=2 posCols=17 newCols=17 effImprove=17 updated=0
    [CG] 列生成收敛，共 5 轮迭代
    [CG] [CG-NODE] depth=0 exit=CERTIFIED certified=1 feasible=1 iters=5 generatedColsBeforeNode=0 newCols=57 posCandidates=57 duplicateCandidates=0 updatedCols=0 zeroObjImproveIters=0 objFirst=142334279.573296 objLast=173315722.929264 objGain=30981443.355968 maxRC=59519644.562382 wallSec=0.019598 pricingSec=0.013305 cplexSolveSec=0.003460
      [BB] 根节点即为整数解，obj=173315722.929264
    [CG] CG iter 2: obj=160067718.992531, maxRC=10623485.371715, +17 cols
    [CG]   [DIAG] iter=2 posCols=17 newCols=17 effImprove=17 updated=0
    [CG] CG iter 3: obj=166336961.723956, maxRC=6311852.480929, +12 cols
    [CG]   [DIAG] iter=3 posCols=12 newCols=12 effImprove=12 updated=0
    [CG] CG iter 3: obj=166192030.626544, maxRC=6314402.932294, +12 cols
    [CG]   [DIAG] iter=3 posCols=12 newCols=12 effImprove=12 updated=0
    [CG] CG iter 4: obj=168949566.480514, maxRC=4093711.752057, +5 cols
    [CG]   [DIAG] iter=4 posCols=5 newCols=5 effImprove=5 updated=0
    [CG] CG iter 4: obj=169076047.752099, maxRC=4090411.033509, +5 cols
    [CG] 列生成开始，初始列数=128
    [CG]   [DIAG] iter=4 posCols=5 newCols=5 effImprove=5 updated=0
    [CG] 列生成收敛，共 5 轮迭代
    [CG] [CG-NODE] depth=0 exit=CERTIFIED certified=1 feasible=1 iters=5 generatedColsBeforeNode=0 newCols=57 posCandidates=57 duplicateCandidates=0 updatedCols=0 zeroObjImproveIters=0 objFirst=142147279.772697 objLast=173170721.442306 objGain=31023441.669609 maxRC=59519752.401832 wallSec=0.017641 pricingSec=0.012268 cplexSolveSec=0.002892
      [BB] 根节点即为整数解，obj=173170721.442306
    [CG] CG iter 5: obj=173294443.839970, maxRC=6660.137589, +1 cols
    [CG]   [DIAG] iter=5 posCols=1 newCols=1 effImprove=1 updated=0
    [CG] 列生成收敛，共 6 轮迭代
    [CG] [CG-NODE] depth=0 exit=CERTIFIED certified=1 feasible=1 iters=6 generatedColsBeforeNode=0 newCols=58 posCandidates=58 duplicateCandidates=0 updatedCols=0 zeroObjImproveIters=1 objFirst=142245440.382693 objLast=173294443.839970 objGain=31049003.457276 maxRC=59519670.787331 wallSec=0.020458 pricingSec=0.013719 cplexSolveSec=0.003873
      [BB] 根节点即为整数解，obj=173294443.839970
    [CG] 列生成开始，初始列数=128
    [CG] CG iter 1: obj=142317243.763165, maxRC=59519644.562382, +23 cols
    [CG]   [DIAG] iter=1 posCols=23 newCols=23 effImprove=23 updated=0
    [CG] CG iter 1: obj=142056054.802118, maxRC=59519752.128890, +23 cols
    [CG] CG iter 2: obj=160204757.340037, maxRC=10623818.121916, +17 cols
    [CG]   [DIAG] iter=1 posCols=23 newCols=23 effImprove=23 updated=0
    [CG]   [DIAG] iter=2 posCols=17 newCols=17 effImprove=17 updated=0
    [CG] CG iter 1: obj=142241068.834614, maxRC=59519752.128890, +23 cols
    [CG]   [DIAG] iter=1 posCols=23 newCols=23 effImprove=23 updated=0
    [CG] CG iter 2: obj=160205781.070747, maxRC=10132827.540818, +17 cols
    [CG] CG iter 1: obj=142282645.249459, maxRC=59519752.128890, +23 cols
    [CG] CG iter 3: obj=166346977.212787, maxRC=6307230.269343, +12 cols
    [CG] CG iter 1: obj=142166892.899962, maxRC=59519779.058582, +23 cols
    [CG]   [DIAG] iter=2 posCols=17 newCols=17 effImprove=17 updated=0
    [CG]   [DIAG] iter=3 posCols=12 newCols=12 effImprove=12 updated=0
    [CG] CG iter 1: obj=141938017.770615, maxRC=59519327.833282, +23 cols
    [CG]   [DIAG] iter=1 posCols=23 newCols=23 effImprove=23 updated=0
    [CG]   [DIAG] iter=1 posCols=23 newCols=23 effImprove=23 updated=0
    [CG]   [DIAG] iter=1 posCols=23 newCols=23 effImprove=23 updated=0
    [CG] CG iter 1: obj=142141653.894398, maxRC=59519403.483036, +23 cols
    [CG]   [DIAG] iter=1 posCols=23 newCols=23 effImprove=23 updated=0
    [CG] CG iter 4: obj=169097470.132536, maxRC=4100472.426931, +5 cols
    [CG] CG iter 2: obj=160125606.142278, maxRC=10623485.371715, +17 cols
    [CG]   [DIAG] iter=4 posCols=5 newCols=5 effImprove=5 updated=0
    [CG]   [DIAG] iter=2 posCols=17 newCols=17 effImprove=17 updated=0
    [CG] CG iter 3: obj=167935595.514548, maxRC=3770375.055762, +12 cols
    [CG]   [DIAG] iter=3 posCols=12 newCols=12 effImprove=12 updated=0
    [CG] CG iter 2: obj=160083768.735571, maxRC=10623496.537295, +17 cols
    [CG]   [DIAG] iter=2 posCols=17 newCols=17 effImprove=17 updated=0
    [CG] CG iter 2: obj=160182764.532467, maxRC=10623485.371715, +17 cols
    [CG]   [DIAG] iter=2 posCols=17 newCols=17 effImprove=17 updated=0
    [CG] 列生成收敛，共 5 轮迭代
    [CG] [CG-NODE] depth=0 exit=CERTIFIED certified=1 feasible=1 iters=5 generatedColsBeforeNode=0 newCols=57 posCandidates=57 duplicateCandidates=0 updatedCols=0 zeroObjImproveIters=0 objFirst=142317243.763165 objLast=173315715.341899 objGain=30998471.578734 maxRC=59519644.562382 wallSec=0.017753 pricingSec=0.012285 cplexSolveSec=0.002999
    [CG] CG iter 2: obj=159941240.106391, maxRC=10698995.145753, +17 cols
    [CG] CG iter 2: obj=160067718.992531, maxRC=10623485.371715, +17 cols
    [CG]   [DIAG] iter=2 posCols=17 newCols=17 effImprove=17 updated=0
    [CG]   [DIAG] iter=2 posCols=17 newCols=17 effImprove=17 updated=0
      [BB] 根节点即为整数解，obj=173315715.341899
    [CG] CG iter 4: obj=171476603.726930, maxRC=1689871.572759, +8 cols
    [CG]   [DIAG] iter=4 posCols=8 newCols=8 effImprove=8 updated=0
    [CG] CG iter 3: obj=166214273.658797, maxRC=6317006.973656, +12 cols
    [CG]   [DIAG] iter=3 posCols=12 newCols=12 effImprove=12 updated=0
    [CG] CG iter 3: obj=166261052.716698, maxRC=6314339.019254, +12 cols
    [CG] CG iter 3: obj=166317474.005625, maxRC=6304473.434493, +12 cols
    [CG]   [DIAG] iter=3 posCols=12 newCols=12 effImprove=12 updated=0
    [CG]   [DIAG] iter=3 posCols=12 newCols=12 effImprove=12 updated=0
    [CG] CG iter 3: obj=166192030.626544, maxRC=6314402.932294, +12 cols
    [CG] CG iter 5: obj=173294452.350034, maxRC=1146336.851812, +5 cols
    [CG]   [DIAG] iter=5 posCols=5 newCols=5 effImprove=5 updated=0
    [CG]   [DIAG] iter=3 posCols=12 newCols=12 effImprove=12 updated=0
    [CG] CG iter 3: obj=165963724.209993, maxRC=6317005.545132, +12 cols
    [CG]   [DIAG] iter=3 posCols=12 newCols=12 effImprove=12 updated=0
    [CG] CG iter 4: obj=168974413.554129, maxRC=4099160.931422, +5 cols
    [CG]   [DIAG] iter=4 posCols=5 newCols=5 effImprove=5 updated=0
    [CG] 列生成收敛，共 6 轮迭代
    [CG] CG iter 4: obj=169065080.361794, maxRC=4094002.343203, +5 cols
    [CG] [CG-NODE] depth=0 exit=CERTIFIED certified=1 feasible=1 iters=6 generatedColsBeforeNode=0 newCols=65 posCandidates=65 duplicateCandidates=0 updatedCols=0 zeroObjImproveIters=1 objFirst=142056054.802118 objLast=173294452.350034 objGain=31238397.547917 maxRC=59519752.128890 wallSec=0.017902 pricingSec=0.012230 cplexSolveSec=0.003061
    [CG]   [DIAG] iter=4 posCols=5 newCols=5 effImprove=5 updated=0
    [CG] CG iter 4: obj=168949566.480514, maxRC=4093711.752057, +5 cols
    [CG]   [DIAG] iter=4 posCols=5 newCols=5 effImprove=5 updated=0
    [CG] CG iter 4: obj=169018524.657628, maxRC=4100580.414812, +5 cols
    [CG] 列生成收敛，共 5 轮迭代
      [BB] 根节点即为整数解，obj=173294452.350034
    [CG] [CG-NODE] depth=0 exit=CERTIFIED certified=1 feasible=1 iters=5 generatedColsBeforeNode=0 newCols=57 posCandidates=57 duplicateCandidates=0 updatedCols=0 zeroObjImproveIters=0 objFirst=142166892.899962 objLast=173193337.599448 objGain=31026444.699486 maxRC=59519779.058582 wallSec=0.012165 pricingSec=0.008344 cplexSolveSec=0.002101
    [CG]   [DIAG] iter=4 posCols=5 newCols=5 effImprove=5 updated=0
    [CG] CG iter 4: obj=168746941.684565, maxRC=4073901.618551, +7 cols
    [CG]   [DIAG] iter=4 posCols=7 newCols=7 effImprove=7 updated=0
      [BB] 根节点即为整数解，obj=173193337.599448
    [CG] 列生成收敛，共 5 轮迭代
    [CG] 列生成收敛，共 5 轮迭代
    [CG] [CG-NODE] depth=0 exit=CERTIFIED certified=1 feasible=1 iters=5 generatedColsBeforeNode=0 newCols=57 posCandidates=57 duplicateCandidates=0 updatedCols=0 zeroObjImproveIters=0 objFirst=142282645.249459 objLast=173286116.049684 objGain=31003470.800225 maxRC=59519752.128890 wallSec=0.017018 pricingSec=0.011864 cplexSolveSec=0.002671
    [CG] [CG-NODE] depth=0 exit=CERTIFIED certified=1 feasible=1 iters=5 generatedColsBeforeNode=0 newCols=57 posCandidates=57 duplicateCandidates=0 updatedCols=0 zeroObjImproveIters=0 objFirst=142141653.894398 objLast=173170721.442306 objGain=31029067.547908 maxRC=59519403.483036 wallSec=0.009697 pricingSec=0.006384 cplexSolveSec=0.001897
      [BB] 根节点即为整数解，obj=173170721.442306
      [BB] 根节点即为整数解，obj=173286116.049684
    [CG] 列生成收敛，共 5 轮迭代
    [CG] [CG-NODE] depth=0 exit=CERTIFIED certified=1 feasible=1 iters=5 generatedColsBeforeNode=0 newCols=57 posCandidates=57 duplicateCandidates=0 updatedCols=0 zeroObjImproveIters=0 objFirst=142241068.834614 objLast=173236914.078695 objGain=30995845.244081 maxRC=59519752.128890 wallSec=0.018079 pricingSec=0.012555 cplexSolveSec=0.002988
    [CG] 列生成收敛，共 5 轮迭代
    [CG] [CG-NODE] depth=0 exit=CERTIFIED certified=1 feasible=1 iters=5 generatedColsBeforeNode=0 newCols=59 posCandidates=59 duplicateCandidates=0 updatedCols=0 zeroObjImproveIters=0 objFirst=141938017.770615 objLast=172943667.374406 objGain=31005649.603790 maxRC=59519327.833282 wallSec=0.017248 pricingSec=0.012179 cplexSolveSec=0.002726
      [BB] 根节点即为整数解，obj=173236914.078695
      [BB] 根节点即为整数解，obj=172943667.374406
[GA] 代数 5: Best=173345960.78, Avg=173199714.54, Worst=172645696.78, Valid=30/30, 耗时=0.05s (连续5代未提升)
  ├─ 求解: 30 个体 fork 并行 | CG迭代=124 加列=1340 BB分支=0
  ├─ 并行墙钟=0.0537s | 串行等效(ΣBP)=0.3713s | 加速比=6.91x
  ├─ 管理开销=-0.3175s (fork=0.0040 wait=0.0494 merge=0.0003)
  └─ CG明细: gen_logs/run_gen5_ind{0..29}.log
    [CG] 列生成开始，初始列数=128
    [CG] 列生成开始，初始列数=128
    [CG] 列生成开始，初始列数=128
    [CG] 列生成开始，初始列数=128
    [CG] 列生成开始，初始列数=128
    [CG] 列生成开始，初始列数=128
    [CG] 列生成开始，初始列数=128
    [CG] 列生成开始，初始列数=128
    [CG] CG iter 1: obj=142180647.909582, maxRC=59513908.465544, +23 cols
    [CG] CG iter 1: obj=142327770.610530, maxRC=59519752.131033, +23 cols
    [CG]   [DIAG] iter=1 posCols=23 newCols=23 effImprove=23 updated=0
    [CG] CG iter 1: obj=141936693.152876, maxRC=59519327.833282, +23 cols
    [CG]   [DIAG] iter=1 posCols=23 newCols=23 effImprove=23 updated=0
    [CG]   [DIAG] iter=1 posCols=23 newCols=23 effImprove=23 updated=0
    [CG] CG iter 1: obj=142215985.063967, maxRC=59519749.227507, +23 cols
    [CG]   [DIAG] iter=1 posCols=23 newCols=23 effImprove=23 updated=0
    [CG] CG iter 2: obj=160175133.680762, maxRC=10623473.255321, +17 cols
    [CG]   [DIAG] iter=2 posCols=17 newCols=17 effImprove=17 updated=0
    [CG] CG iter 2: obj=160205602.046081, maxRC=10623603.398459, +17 cols
    [CG]   [DIAG] iter=2 posCols=17 newCols=17 effImprove=17 updated=0
    [CG] CG iter 2: obj=159941487.661365, maxRC=10697808.637400, +17 cols
    [CG]   [DIAG] iter=2 posCols=17 newCols=17 effImprove=17 updated=0
    [CG] CG iter 2: obj=160151363.733038, maxRC=10693877.207666, +17 cols
    [CG]   [DIAG] iter=2 posCols=17 newCols=17 effImprove=17 updated=0
    [CG] CG iter 3: obj=166297915.723551, maxRC=6308241.151275, +12 cols
    [CG]   [DIAG] iter=3 posCols=12 newCols=12 effImprove=12 updated=0
    [CG] CG iter 3: obj=166348037.834307, maxRC=6307256.295449, +12 cols
    [CG]   [DIAG] iter=3 posCols=12 newCols=12 effImprove=12 updated=0
    [CG] CG iter 3: obj=165962531.211356, maxRC=6317100.304063, +12 cols
    [CG]   [DIAG] iter=3 posCols=12 newCols=12 effImprove=12 updated=0
    [CG] CG iter 1: obj=142335372.510760, maxRC=59519752.128890, +23 cols
    [CG] CG iter 4: obj=169033634.310662, maxRC=4083054.831921, +5 cols
    [CG]   [DIAG] iter=4 posCols=5 newCols=5 effImprove=5 updated=0
    [CG] CG iter 4: obj=169098449.120671, maxRC=4100552.694810, +5 cols
    [CG]   [DIAG] iter=4 posCols=5 newCols=5 effImprove=5 updated=0
    [CG] CG iter 3: obj=166245794.825748, maxRC=6304137.111776, +11 cols
    [CG]   [DIAG] iter=3 posCols=11 newCols=11 effImprove=11 updated=0
    [CG]   [DIAG] iter=1 posCols=23 newCols=23 effImprove=23 updated=0
    [CG] CG iter 4: obj=168745479.662292, maxRC=4073915.939952, +7 cols
    [CG]   [DIAG] iter=4 posCols=7 newCols=7 effImprove=7 updated=0
    [CG] 列生成收敛，共 5 轮迭代
    [CG] [CG-NODE] depth=0 exit=CERTIFIED certified=1 feasible=1 iters=5 generatedColsBeforeNode=0 newCols=57 posCandidates=57 duplicateCandidates=0 updatedCols=0 zeroObjImproveIters=0 objFirst=142180647.909582 objLast=173255066.383677 objGain=31074418.474095 maxRC=59513908.465544 wallSec=0.009923 pricingSec=0.006361 cplexSolveSec=0.001849
    [CG] 列生成收敛，共 5 轮迭代
    [CG] [CG-NODE] depth=0 exit=CERTIFIED certified=1 feasible=1 iters=5 generatedColsBeforeNode=0 newCols=57 posCandidates=57 duplicateCandidates=0 updatedCols=0 zeroObjImproveIters=0 objFirst=142327770.610530 objLast=173316820.157729 objGain=30989049.547199 maxRC=59519752.131033 wallSec=0.009884 pricingSec=0.006341 cplexSolveSec=0.001837
      [BB] 根节点即为整数解，obj=173255066.383677
      [BB] 根节点即为整数解，obj=173316820.157729
    [CG] CG iter 4: obj=168992000.545945, maxRC=4064601.455106, +5 cols
    [CG]   [DIAG] iter=4 posCols=5 newCols=5 effImprove=5 updated=0
    [CG] 列生成收敛，共 5 轮迭代
    [CG] [CG-NODE] depth=0 exit=CERTIFIED certified=1 feasible=1 iters=5 generatedColsBeforeNode=0 newCols=59 posCandidates=59 duplicateCandidates=0 updatedCols=0 zeroObjImproveIters=0 objFirst=141936693.152876 objLast=172942711.695674 objGain=31006018.542798 maxRC=59519327.833282 wallSec=0.010905 pricingSec=0.007046 cplexSolveSec=0.002007
      [BB] 根节点即为整数解，obj=172942711.695674
    [CG] 列生成收敛，共 5 轮迭代
    [CG] [CG-NODE] depth=0 exit=CERTIFIED certified=1 feasible=1 iters=5 generatedColsBeforeNode=0 newCols=56 posCandidates=56 duplicateCandidates=0 updatedCols=0 zeroObjImproveIters=0 objFirst=142215985.063967 objLast=173188934.574207 objGain=30972949.510240 maxRC=59519749.227507 wallSec=0.010347 pricingSec=0.006544 cplexSolveSec=0.001964
      [BB] 根节点即为整数解，obj=173188934.574207
    [CG] CG iter 2: obj=160205784.668234, maxRC=10623485.371715, +17 cols
    [CG]   [DIAG] iter=2 posCols=17 newCols=17 effImprove=17 updated=0
    [CG] CG iter 1: obj=142046281.052776, maxRC=59519664.224599, +23 cols
    [CG] CG iter 1: obj=142209316.943933, maxRC=59519752.288062, +23 cols
    [CG]   [DIAG] iter=1 posCols=23 newCols=23 effImprove=23 updated=0
    [CG]   [DIAG] iter=1 posCols=23 newCols=23 effImprove=23 updated=0
    [CG] CG iter 1: obj=141750889.683214, maxRC=59519481.825103, +23 cols
    [CG] CG iter 3: obj=166348289.275665, maxRC=6307271.902075, +12 cols
    [CG]   [DIAG] iter=3 posCols=12 newCols=12 effImprove=12 updated=0
    [CG]   [DIAG] iter=1 posCols=23 newCols=23 effImprove=23 updated=0
    [CG] 列生成开始，初始列数=128
    [CG] 列生成开始，初始列数=128
    [CG] CG iter 2: obj=160186043.712336, maxRC=10623485.371715, +17 cols
    [CG] CG iter 2: obj=160196166.689957, maxRC=10132640.820655, +17 cols
    [CG] 列生成开始，初始列数=128
    [CG]   [DIAG] iter=2 posCols=17 newCols=17 effImprove=17 updated=0
    [CG]   [DIAG] iter=2 posCols=17 newCols=17 effImprove=17 updated=0
    [CG] 列生成开始，初始列数=128
    [CG] CG iter 4: obj=169098694.099416, maxRC=4100574.764049, +5 cols
    [CG]   [DIAG] iter=4 posCols=5 newCols=5 effImprove=5 updated=0
    [CG] 列生成收敛，共 5 轮迭代
    [CG] [CG-NODE] depth=0 exit=CERTIFIED certified=1 feasible=1 iters=5 generatedColsBeforeNode=0 newCols=57 posCandidates=57 duplicateCandidates=0 updatedCols=0 zeroObjImproveIters=0 objFirst=142335372.510760 objLast=173317087.205713 objGain=30981714.694953 maxRC=59519752.128890 wallSec=0.014224 pricingSec=0.009773 cplexSolveSec=0.002431
    [CG] CG iter 2: obj=159925663.519882, maxRC=10782844.727209, +17 cols
    [CG]   [DIAG] iter=2 posCols=17 newCols=17 effImprove=17 updated=0
      [BB] 根节点即为整数解，obj=173317087.205713
    [CG] CG iter 3: obj=166312683.766275, maxRC=6314782.494348, +12 cols
    [CG]   [DIAG] iter=3 posCols=12 newCols=12 effImprove=12 updated=0
    [CG] CG iter 3: obj=167925416.329995, maxRC=3769965.646596, +12 cols
    [CG]   [DIAG] iter=3 posCols=12 newCols=12 effImprove=12 updated=0
    [CG] CG iter 4: obj=169050691.251390, maxRC=4087809.371423, +5 cols
    [CG]   [DIAG] iter=4 posCols=5 newCols=5 effImprove=5 updated=0
    [CG] CG iter 3: obj=164673312.366927, maxRC=5852642.458143, +13 cols
    [CG]   [DIAG] iter=3 posCols=13 newCols=13 effImprove=13 updated=0
    [CG] CG iter 4: obj=171466310.657495, maxRC=1689959.201125, +8 cols
    [CG]   [DIAG] iter=4 posCols=8 newCols=8 effImprove=8 updated=0
    [CG] CG iter 5: obj=173269087.339260, maxRC=12282.692477, +1 cols
    [CG]   [DIAG] iter=5 posCols=1 newCols=1 effImprove=1 updated=0
    [CG] CG iter 5: obj=173284464.612260, maxRC=1146157.542010, +5 cols
    [CG] CG iter 4: obj=170074347.282424, maxRC=2988885.962923, +8 cols
    [CG] 列生成收敛，共 6 轮迭代
    [CG]   [DIAG] iter=5 posCols=5 newCols=5 effImprove=5 updated=0
    [CG] [CG-NODE] depth=0 exit=CERTIFIED certified=1 feasible=1 iters=6 generatedColsBeforeNode=0 newCols=58 posCandidates=58 duplicateCandidates=0 updatedCols=0 zeroObjImproveIters=1 objFirst=142209316.943933 objLast=173269087.339260 objGain=31059770.395327 maxRC=59519752.288062 wallSec=0.015749 pricingSec=0.010666 cplexSolveSec=0.002820
    [CG]   [DIAG] iter=4 posCols=8 newCols=8 effImprove=8 updated=0
      [BB] 根节点即为整数解，obj=173269087.339260
    [CG] 列生成开始，初始列数=128
    [CG] 列生成收敛，共 6 轮迭代
    [CG] [CG-NODE] depth=0 exit=CERTIFIED certified=1 feasible=1 iters=6 generatedColsBeforeNode=0 newCols=65 posCandidates=65 duplicateCandidates=0 updatedCols=0 zeroObjImproveIters=1 objFirst=142046281.052776 objLast=173284464.612260 objGain=31238183.559484 maxRC=59519664.224599 wallSec=0.016799 pricingSec=0.011550 cplexSolveSec=0.002900
    [CG] CG iter 5: obj=171796333.929520, maxRC=1138750.319286, +7 cols
    [CG]   [DIAG] iter=5 posCols=7 newCols=7 effImprove=7 updated=0
    [CG] CG iter 1: obj=142172447.785813, maxRC=59519752.288062, +23 cols
      [BB] 根节点即为整数解，obj=173284464.612260
    [CG]   [DIAG] iter=1 posCols=23 newCols=23 effImprove=23 updated=0
    [CG] CG iter 1: obj=142110186.806169, maxRC=59519697.717022, +23 cols
    [CG]   [DIAG] iter=1 posCols=23 newCols=23 effImprove=23 updated=0
    [CG] 列生成收敛，共 6 轮迭代
    [CG] [CG-NODE] depth=0 exit=CERTIFIED certified=1 feasible=1 iters=6 generatedColsBeforeNode=0 newCols=68 posCandidates=68 duplicateCandidates=0 updatedCols=0 zeroObjImproveIters=0 objFirst=141750889.683214 objLast=172935084.248806 objGain=31184194.565593 maxRC=59519481.825103 wallSec=0.017633 pricingSec=0.012116 cplexSolveSec=0.002951
      [BB] 根节点即为整数解，obj=172935084.248806
    [CG] CG iter 2: obj=160088278.902791, maxRC=10623479.978949, +17 cols
    [CG]   [DIAG] iter=2 posCols=17 newCols=17 effImprove=17 updated=0
    [CG] CG iter 2: obj=160181534.726239, maxRC=10623496.537295, +17 cols
    [CG]   [DIAG] iter=2 posCols=17 newCols=17 effImprove=17 updated=0
    [CG] CG iter 3: obj=166220424.842757, maxRC=6317625.206803, +12 cols
    [CG]   [DIAG] iter=3 posCols=12 newCols=12 effImprove=12 updated=0
    [CG] CG iter 3: obj=166309523.346857, maxRC=6312892.835236, +12 cols
    [CG]   [DIAG] iter=3 posCols=12 newCols=12 effImprove=12 updated=0
    [CG] 列生成开始，初始列数=128
    [CG] CG iter 4: obj=168981180.862965, maxRC=4100571.849878, +5 cols
    [CG]   [DIAG] iter=4 posCols=5 newCols=5 effImprove=5 updated=0
    [CG] CG iter 4: obj=169049900.967943, maxRC=4089165.145857, +5 cols
    [CG]   [DIAG] iter=4 posCols=5 newCols=5 effImprove=5 updated=0
    [CG] 列生成收敛，共 5 轮迭代
    [CG] [CG-NODE] depth=0 exit=CERTIFIED certified=1 feasible=1 iters=5 generatedColsBeforeNode=0 newCols=57 posCandidates=57 duplicateCandidates=0 updatedCols=0 zeroObjImproveIters=0 objFirst=142172447.785813 objLast=173199579.059107 objGain=31027131.273294 maxRC=59519752.288062 wallSec=0.007233 pricingSec=0.004504 cplexSolveSec=0.001348
    [CG] CG iter 5: obj=173268825.013262, maxRC=3668.764645, +1 cols
    [CG]   [DIAG] iter=5 posCols=1 newCols=1 effImprove=1 updated=0
      [BB] 根节点即为整数解，obj=173199579.059107
    [CG] 列生成收敛，共 6 轮迭代
    [CG] [CG-NODE] depth=0 exit=CERTIFIED certified=1 feasible=1 iters=6 generatedColsBeforeNode=0 newCols=58 posCandidates=58 duplicateCandidates=0 updatedCols=0 zeroObjImproveIters=1 objFirst=142110186.806169 objLast=173268825.013262 objGain=31158638.207093 maxRC=59519697.717022 wallSec=0.007350 pricingSec=0.004512 cplexSolveSec=0.001444
      [BB] 根节点即为整数解，obj=173268825.013262
    [CG] 列生成开始，初始列数=128
    [CG] CG iter 1: obj=142166890.354860, maxRC=59519779.058582, +23 cols
    [CG]   [DIAG] iter=1 posCols=23 newCols=23 effImprove=23 updated=0
    [CG] 列生成开始，初始列数=128
    [CG] 列生成开始，初始列数=128
    [CG] CG iter 2: obj=160083765.944678, maxRC=10623469.799741, +17 cols
    [CG]   [DIAG] iter=2 posCols=17 newCols=17 effImprove=17 updated=0
    [CG] 列生成开始，初始列数=128
    [CG] CG iter 3: obj=166214279.177935, maxRC=6317010.721254, +12 cols
    [CG]   [DIAG] iter=3 posCols=12 newCols=12 effImprove=12 updated=0
    [CG] CG iter 1: obj=142303951.883892, maxRC=59519752.128890, +23 cols
    [CG]   [DIAG] iter=1 posCols=23 newCols=23 effImprove=23 updated=0
    [CG] CG iter 4: obj=168974411.009027, maxRC=4099172.743261, +5 cols
    [CG]   [DIAG] iter=4 posCols=5 newCols=5 effImprove=5 updated=0
    [CG] 列生成收敛，共 5 轮迭代
    [CG] [CG-NODE] depth=0 exit=CERTIFIED certified=1 feasible=1 iters=5 generatedColsBeforeNode=0 newCols=57 posCandidates=57 duplicateCandidates=0 updatedCols=0 zeroObjImproveIters=0 objFirst=142166890.354860 objLast=173193346.866184 objGain=31026456.511324 maxRC=59519779.058582 wallSec=0.007810 pricingSec=0.005034 cplexSolveSec=0.001452
      [BB] 根节点即为整数解，obj=173193346.866184
    [CG] CG iter 2: obj=160203035.516535, maxRC=10623485.371715, +17 cols
    [CG]   [DIAG] iter=2 posCols=17 newCols=17 effImprove=17 updated=0
    [CG] CG iter 1: obj=141922784.043640, maxRC=59510541.231130, +23 cols
    [CG] CG iter 3: obj=166334162.024026, maxRC=6312019.560986, +12 cols
    [CG]   [DIAG] iter=1 posCols=23 newCols=23 effImprove=23 updated=0
    [CG]   [DIAG] iter=3 posCols=12 newCols=12 effImprove=12 updated=0
    [CG] CG iter 1: obj=142299322.995511, maxRC=59519663.407916, +23 cols
    [CG]   [DIAG] iter=1 posCols=23 newCols=23 effImprove=23 updated=0
    [CG] CG iter 4: obj=169073666.370863, maxRC=4090578.978484, +5 cols
    [CG]   [DIAG] iter=4 posCols=5 newCols=5 effImprove=5 updated=0
    [CG] 列生成开始，初始列数=128
    [CG] CG iter 5: obj=173292059.477161, maxRC=6319.618305, +1 cols
    [CG]   [DIAG] iter=5 posCols=1 newCols=1 effImprove=1 updated=0
    [CG] CG iter 2: obj=160021072.776820, maxRC=10627691.494633, +17 cols
    [CG]   [DIAG] iter=2 posCols=17 newCols=17 effImprove=17 updated=0
    [CG] CG iter 2: obj=160170147.091521, maxRC=10623337.842780, +17 cols
    [CG]   [DIAG] iter=2 posCols=17 newCols=17 effImprove=17 updated=0
    [CG] 列生成收敛，共 6 轮迭代
    [CG] [CG-NODE] depth=0 exit=CERTIFIED certified=1 feasible=1 iters=6 generatedColsBeforeNode=0 newCols=58 posCandidates=58 duplicateCandidates=0 updatedCols=0 zeroObjImproveIters=1 objFirst=142303951.883892 objLast=173292059.477161 objGain=30988107.593269 maxRC=59519752.128890 wallSec=0.008171 pricingSec=0.005116 cplexSolveSec=0.001695
      [BB] 根节点即为整数解，obj=173292059.477161
    [CG] CG iter 1: obj=142196304.746874, maxRC=59519752.401832, +23 cols
    [CG]   [DIAG] iter=1 posCols=23 newCols=23 effImprove=23 updated=0
    [CG] CG iter 3: obj=166110584.445068, maxRC=6318921.974419, +12 cols
    [CG]   [DIAG] iter=3 posCols=12 newCols=12 effImprove=12 updated=0
    [CG] CG iter 3: obj=166312215.800873, maxRC=6307239.478175, +12 cols
    [CG] CG iter 2: obj=160109181.359259, maxRC=10623485.371715, +17 cols
    [CG]   [DIAG] iter=3 posCols=12 newCols=12 effImprove=12 updated=0
    [CG]   [DIAG] iter=2 posCols=17 newCols=17 effImprove=17 updated=0
    [CG] CG iter 3: obj=166238685.598478, maxRC=6312032.930051, +12 cols
    [CG] CG iter 4: obj=168843611.153144, maxRC=4063532.126029, +5 cols
    [CG]   [DIAG] iter=3 posCols=12 newCols=12 effImprove=12 updated=0
    [CG]   [DIAG] iter=4 posCols=5 newCols=5 effImprove=5 updated=0
    [CG] CG iter 4: obj=169062424.011161, maxRC=4100326.199043, +5 cols
    [CG]   [DIAG] iter=4 posCols=5 newCols=5 effImprove=5 updated=0
    [CG] CG iter 4: obj=168993851.450204, maxRC=4095463.080226, +5 cols
    [CG]   [DIAG] iter=4 posCols=5 newCols=5 effImprove=5 updated=0
    [CG] 列生成收敛，共 5 轮迭代
    [CG] [CG-NODE] depth=0 exit=CERTIFIED certified=1 feasible=1 iters=5 generatedColsBeforeNode=0 newCols=57 posCandidates=57 duplicateCandidates=0 updatedCols=0 zeroObjImproveIters=0 objFirst=141922784.043640 objLast=173067333.855022 objGain=31144549.811382 maxRC=59510541.231130 wallSec=0.017086 pricingSec=0.012010 cplexSolveSec=0.002776
    [CG] 列生成收敛，共 5 轮迭代
    [CG] [CG-NODE] depth=0 exit=CERTIFIED certified=1 feasible=1 iters=5 generatedColsBeforeNode=0 newCols=57 posCandidates=57 duplicateCandidates=0 updatedCols=0 zeroObjImproveIters=0 objFirst=142299322.995511 objLast=173280857.308947 objGain=30981534.313436 maxRC=59519663.407916 wallSec=0.016662 pricingSec=0.011651 cplexSolveSec=0.002712
    [CG] 列生成收敛，共 5 轮迭代
    [CG] [CG-NODE] depth=0 exit=CERTIFIED certified=1 feasible=1 iters=5 generatedColsBeforeNode=0 newCols=57 posCandidates=57 duplicateCandidates=0 updatedCols=0 zeroObjImproveIters=0 objFirst=142196304.746874 objLast=173214288.397674 objGain=31017983.650800 maxRC=59519752.401832 wallSec=0.009907 pricingSec=0.005611 cplexSolveSec=0.002039
    [CG] CG iter 1: obj=142204594.256897, maxRC=59519752.128890, +23 cols
      [BB] 根节点即为整数解，obj=173067333.855022
      [BB] 根节点即为整数解，obj=173214288.397674
      [BB] 根节点即为整数解，obj=173280857.308947
    [CG]   [DIAG] iter=1 posCols=23 newCols=23 effImprove=23 updated=0
    [CG] 列生成开始，初始列数=128
    [CG] CG iter 2: obj=160126017.521909, maxRC=10697366.427424, +17 cols
    [CG] CG iter 1: obj=142151836.745748, maxRC=59519841.930057, +23 cols
    [CG]   [DIAG] iter=2 posCols=17 newCols=17 effImprove=17 updated=0
    [CG]   [DIAG] iter=1 posCols=23 newCols=23 effImprove=23 updated=0
    [CG] CG iter 3: obj=166227037.201772, maxRC=6294269.523085, +12 cols
    [CG]   [DIAG] iter=3 posCols=12 newCols=12 effImprove=12 updated=0
    [CG] CG iter 4: obj=168986974.063517, maxRC=4071410.310096, +7 cols
    [CG]   [DIAG] iter=4 posCols=7 newCols=7 effImprove=7 updated=0
    [CG] CG iter 5: obj=173185498.979301, maxRC=1470792.147682, +2 cols
    [CG]   [DIAG] iter=5 posCols=2 newCols=2 effImprove=2 updated=0
    [CG] CG iter 2: obj=160185686.673279, maxRC=10623494.814960, +17 cols
    [CG] 列生成开始，初始列数=128
    [CG]   [DIAG] iter=2 posCols=17 newCols=17 effImprove=17 updated=0
    [CG] 列生成开始，初始列数=128
    [CG] CG iter 6: obj=173185498.979301, maxRC=98299.104675, +1 cols
    [CG]   [DIAG] iter=6 posCols=1 newCols=1 effImprove=1 updated=0
    [CG] CG iter 1: obj=142326157.996998, maxRC=59519664.224599, +23 cols
    [CG] 列生成收敛，共 7 轮迭代
    [CG]   [DIAG] iter=1 posCols=23 newCols=23 effImprove=23 updated=0
    [CG] [CG-NODE] depth=0 exit=CERTIFIED certified=1 feasible=1 iters=7 generatedColsBeforeNode=0 newCols=62 posCandidates=62 duplicateCandidates=0 updatedCols=0 zeroObjImproveIters=2 objFirst=142204594.256897 objLast=173185498.979301 objGain=30980904.722405 maxRC=59519752.128890 wallSec=0.006912 pricingSec=0.004324 cplexSolveSec=0.001401
      [BB] 根节点即为整数解，obj=173185498.979301
    [CG] CG iter 3: obj=166308921.269360, maxRC=6316263.321537, +11 cols
    [CG]   [DIAG] iter=3 posCols=11 newCols=11 effImprove=11 updated=0
    [CG] CG iter 1: obj=141804018.161240, maxRC=59380181.310655, +23 cols
    [CG]   [DIAG] iter=1 posCols=23 newCols=23 effImprove=23 updated=0
    [CG] CG iter 2: obj=160196627.811403, maxRC=10623455.869524, +17 cols
    [CG]   [DIAG] iter=2 posCols=17 newCols=17 effImprove=17 updated=0
    [CG] CG iter 4: obj=169043637.835890, maxRC=4084669.438249, +5 cols
    [CG]   [DIAG] iter=4 posCols=5 newCols=5 effImprove=5 updated=0
    [CG] CG iter 5: obj=173262001.208127, maxRC=18973.521795, +1 cols
    [CG]   [DIAG] iter=5 posCols=1 newCols=1 effImprove=1 updated=0
    [CG] CG iter 2: obj=159653799.015833, maxRC=9466243.433930, +17 cols
    [CG] 列生成收敛，共 6 轮迭代
    [CG] [CG-NODE] depth=0 exit=CERTIFIED certified=1 feasible=1 iters=6 generatedColsBeforeNode=0 newCols=57 posCandidates=57 duplicateCandidates=0 updatedCols=0 zeroObjImproveIters=1 objFirst=142151836.745748 objLast=173262001.208127 objGain=31110164.462379 maxRC=59519841.930057 wallSec=0.013860 pricingSec=0.009265 cplexSolveSec=0.002615
    [CG] CG iter 3: obj=166338937.920181, maxRC=6307266.575823, +12 cols
    [CG]   [DIAG] iter=2 posCols=17 newCols=17 effImprove=17 updated=0
    [CG]   [DIAG] iter=3 posCols=12 newCols=12 effImprove=12 updated=0
      [BB] 根节点即为整数解，obj=173262001.208127
    [CG] CG iter 1: obj=142333952.426955, maxRC=59519644.562382, +23 cols
    [CG]   [DIAG] iter=1 posCols=23 newCols=23 effImprove=23 updated=0
    [CG] CG iter 3: obj=165282909.328451, maxRC=7292319.320854, +14 cols
    [CG]   [DIAG] iter=3 posCols=14 newCols=14 effImprove=14 updated=0
    [CG] CG iter 4: obj=169089359.486919, maxRC=4100507.728355, +5 cols
    [CG]   [DIAG] iter=4 posCols=5 newCols=5 effImprove=5 updated=0
    [CG] CG iter 2: obj=160204499.835924, maxRC=10623843.194781, +17 cols
    [CG]   [DIAG] iter=2 posCols=17 newCols=17 effImprove=17 updated=0
    [CG] CG iter 4: obj=172575228.649305, maxRC=1593028.252067, +6 cols
    [CG]   [DIAG] iter=4 posCols=6 newCols=6 effImprove=6 updated=0
    [CG] 列生成收敛，共 5 轮迭代
    [CG] [CG-NODE] depth=0 exit=CERTIFIED certified=1 feasible=1 iters=5 generatedColsBeforeNode=0 newCols=57 posCandidates=57 duplicateCandidates=0 updatedCols=0 zeroObjImproveIters=0 objFirst=142326157.996998 objLast=173307722.362046 objGain=30981564.365049 maxRC=59519664.224599 wallSec=0.015480 pricingSec=0.010483 cplexSolveSec=0.002790
    [CG] CG iter 1: obj=142039155.572624, maxRC=59519752.288062, +23 cols
    [CG] CG iter 3: obj=166346687.828249, maxRC=6307246.902198, +12 cols
    [CG]   [DIAG] iter=3 posCols=12 newCols=12 effImprove=12 updated=0
    [CG]   [DIAG] iter=1 posCols=23 newCols=23 effImprove=23 updated=0
      [BB] 根节点即为整数解，obj=173307722.362046
    [CG] CG iter 5: obj=172575228.649305, maxRC=28294.901866, +1 cols
    [CG]   [DIAG] iter=5 posCols=1 newCols=1 effImprove=1 updated=0
    [CG] CG iter 4: obj=169097204.659204, maxRC=4100465.148580, +5 cols
    [CG]   [DIAG] iter=4 posCols=5 newCols=5 effImprove=5 updated=0
    [CG] 列生成收敛，共 6 轮迭代
    [CG] [CG-NODE] depth=0 exit=CERTIFIED certified=1 feasible=1 iters=6 generatedColsBeforeNode=0 newCols=61 posCandidates=61 duplicateCandidates=0 updatedCols=0 zeroObjImproveIters=2 objFirst=141804018.161240 objLast=172575228.649305 objGain=30771210.488065 maxRC=59380181.310655 wallSec=0.018074 pricingSec=0.012349 cplexSolveSec=0.003011
      [BB] 根节点即为整数解，obj=172575228.649305
    [CG] CG iter 2: obj=160129463.768028, maxRC=10697366.427424, +17 cols
    [CG]   [DIAG] iter=2 posCols=17 newCols=17 effImprove=17 updated=0
    [CG] 列生成收敛，共 5 轮迭代
    [CG] [CG-NODE] depth=0 exit=CERTIFIED certified=1 feasible=1 iters=5 generatedColsBeforeNode=0 newCols=57 posCandidates=57 duplicateCandidates=0 updatedCols=0 zeroObjImproveIters=0 objFirst=142333952.426955 objLast=173315442.590216 objGain=30981490.163262 maxRC=59519644.562382 wallSec=0.007597 pricingSec=0.004861 cplexSolveSec=0.001464
      [BB] 根节点即为整数解，obj=173315442.590216
    [CG] CG iter 3: obj=166225466.853024, maxRC=6303334.058826, +12 cols
    [CG]   [DIAG] iter=3 posCols=12 newCols=12 effImprove=12 updated=0
    [CG] CG iter 1: obj=142142223.816768, maxRC=59519752.401832, +23 cols
    [CG]   [DIAG] iter=1 posCols=23 newCols=23 effImprove=23 updated=0
    [CG] CG iter 4: obj=168978820.114686, maxRC=4068039.539056, +5 cols
    [CG]   [DIAG] iter=4 posCols=5 newCols=5 effImprove=5 updated=0
    [CG] 列生成收敛，共 5 轮迭代
    [CG] [CG-NODE] depth=0 exit=CERTIFIED certified=1 feasible=1 iters=5 generatedColsBeforeNode=0 newCols=57 posCandidates=57 duplicateCandidates=0 updatedCols=0 zeroObjImproveIters=0 objFirst=142039155.572624 objLast=173174681.785571 objGain=31135526.212947 maxRC=59519752.288062 wallSec=0.009657 pricingSec=0.006419 cplexSolveSec=0.001740
      [BB] 根节点即为整数解，obj=173174681.785571
    [CG] CG iter 2: obj=160063925.899129, maxRC=10627557.110082, +17 cols
    [CG]   [DIAG] iter=2 posCols=17 newCols=17 effImprove=17 updated=0
    [CG] CG iter 3: obj=166186337.372873, maxRC=6313842.887621, +12 cols
    [CG]   [DIAG] iter=3 posCols=12 newCols=12 effImprove=12 updated=0
    [CG] CG iter 4: obj=168944510.524585, maxRC=4092514.409643, +5 cols
    [CG]   [DIAG] iter=4 posCols=5 newCols=5 effImprove=5 updated=0
    [CG] 列生成收敛，共 5 轮迭代
    [CG] [CG-NODE] depth=0 exit=CERTIFIED certified=1 feasible=1 iters=5 generatedColsBeforeNode=0 newCols=57 posCandidates=57 duplicateCandidates=0 updatedCols=0 zeroObjImproveIters=0 objFirst=142142223.816768 objLast=173164468.143963 objGain=31022244.327195 maxRC=59519752.401832 wallSec=0.017431 pricingSec=0.011850 cplexSolveSec=0.003169
      [BB] 根节点即为整数解，obj=173164468.143963
[GA] 代数 6: Best=173345972.89, Avg=173222203.37, Worst=172604114.34, Valid=30/30, 耗时=0.05s (连续6代未提升)
  ├─ 求解: 30 个体 fork 并行 | CG迭代=119 加列=1286 BB分支=0
  ├─ 并行墙钟=0.0474s | 串行等效(ΣBP)=0.2737s | 加速比=5.77x
  ├─ 管理开销=-0.2263s (fork=0.0037 wait=0.0434 merge=0.0003)
  └─ CG明细: gen_logs/run_gen6_ind{0..29}.log
    [CG] 列生成开始，初始列数=128
    [CG] 列生成开始，初始列数=128
    [CG] 列生成开始，初始列数=128
    [CG] 列生成开始，初始列数=128
    [CG] 列生成开始，初始列数=128
    [CG] 列生成开始，初始列数=128
    [CG] 列生成开始，初始列数=128
    [CG] 列生成开始，初始列数=128
    [CG] CG iter 1: obj=142149475.404928, maxRC=59519760.588497, +23 cols
    [CG]   [DIAG] iter=1 posCols=23 newCols=23 effImprove=23 updated=0
    [CG] CG iter 1: obj=142052592.362393, maxRC=59519766.154613, +23 cols
    [CG]   [DIAG] iter=1 posCols=23 newCols=23 effImprove=23 updated=0
    [CG] CG iter 2: obj=160184880.994366, maxRC=10624330.807014, +17 cols
    [CG]   [DIAG] iter=2 posCols=17 newCols=17 effImprove=17 updated=0
    [CG] CG iter 2: obj=159991636.522594, maxRC=10623491.311119, +17 cols
    [CG]   [DIAG] iter=2 posCols=17 newCols=17 effImprove=17 updated=0
    [CG] CG iter 3: obj=166307707.675854, maxRC=6316148.634198, +11 cols
    [CG]   [DIAG] iter=3 posCols=11 newCols=11 effImprove=11 updated=0
    [CG] CG iter 3: obj=166041871.797111, maxRC=6276994.422379, +12 cols
    [CG]   [DIAG] iter=3 posCols=12 newCols=12 effImprove=12 updated=0
    [CG] CG iter 1: obj=142046097.975528, maxRC=59519664.224599, +23 cols
    [CG]   [DIAG] iter=1 posCols=23 newCols=23 effImprove=23 updated=0
    [CG] CG iter 4: obj=169042538.537766, maxRC=4084440.455528, +5 cols
    [CG]   [DIAG] iter=4 posCols=5 newCols=5 effImprove=5 updated=0
    [CG] CG iter 4: obj=168746351.005340, maxRC=4018649.564936, +5 cols
    [CG]   [DIAG] iter=4 posCols=5 newCols=5 effImprove=5 updated=0
    [CG] CG iter 5: obj=173260672.927283, maxRC=18973.521795, +1 cols
    [CG]   [DIAG] iter=5 posCols=1 newCols=1 effImprove=1 updated=0
    [CG] 列生成收敛，共 5 轮迭代
    [CG] [CG-NODE] depth=0 exit=CERTIFIED certified=1 feasible=1 iters=5 generatedColsBeforeNode=0 newCols=57 posCandidates=57 duplicateCandidates=0 updatedCols=0 zeroObjImproveIters=0 objFirst=142052592.362393 objLast=172994470.877976 objGain=30941878.515583 maxRC=59519766.154613 wallSec=0.009905 pricingSec=0.006568 cplexSolveSec=0.001793
      [BB] 根节点即为整数解，obj=172994470.877976
    [CG] CG iter 1: obj=142334774.849476, maxRC=59519644.562382, +23 cols
    [CG] 列生成收敛，共 6 轮迭代
    [CG] [CG-NODE] depth=0 exit=CERTIFIED certified=1 feasible=1 iters=6 generatedColsBeforeNode=0 newCols=57 posCandidates=57 duplicateCandidates=0 updatedCols=0 zeroObjImproveIters=1 objFirst=142149475.404928 objLast=173260672.927283 objGain=31111197.522355 maxRC=59519760.588497 wallSec=0.010534 pricingSec=0.006828 cplexSolveSec=0.002117
    [CG] CG iter 2: obj=160195771.352489, maxRC=10132633.955429, +17 cols
    [CG]   [DIAG] iter=2 posCols=17 newCols=17 effImprove=17 updated=0
      [BB] 根节点即为整数解，obj=173260672.927283
    [CG]   [DIAG] iter=1 posCols=23 newCols=23 effImprove=23 updated=0
    [CG] CG iter 1: obj=142335028.204764, maxRC=59519752.128890, +23 cols
    [CG] CG iter 1: obj=142334675.227547, maxRC=59519644.562382, +23 cols
    [CG]   [DIAG] iter=1 posCols=23 newCols=23 effImprove=23 updated=0
    [CG]   [DIAG] iter=1 posCols=23 newCols=23 effImprove=23 updated=0
    [CG] CG iter 3: obj=167925106.516780, maxRC=3769514.135165, +12 cols
    [CG]   [DIAG] iter=3 posCols=12 newCols=12 effImprove=12 updated=0
    [CG] CG iter 2: obj=160205140.927351, maxRC=10623439.698898, +17 cols
    [CG]   [DIAG] iter=2 posCols=17 newCols=17 effImprove=17 updated=0
    [CG] CG iter 4: obj=171465993.134090, maxRC=1690122.123657, +8 cols
    [CG]   [DIAG] iter=4 posCols=8 newCols=8 effImprove=8 updated=0
    [CG] CG iter 2: obj=160205494.009824, maxRC=10623485.371715, +17 cols
    [CG]   [DIAG] iter=2 posCols=17 newCols=17 effImprove=17 updated=0
    [CG] 列生成开始，初始列数=128
    [CG] CG iter 2: obj=160205068.921971, maxRC=10623512.334246, +17 cols
    [CG] CG iter 1: obj=142326365.719419, maxRC=59519644.562382, +23 cols
    [CG]   [DIAG] iter=2 posCols=17 newCols=17 effImprove=17 updated=0
    [CG] CG iter 1: obj=142311023.172235, maxRC=59518310.986239, +23 cols
    [CG] CG iter 5: obj=173284161.421064, maxRC=1145777.694905, +5 cols
    [CG]   [DIAG] iter=5 posCols=5 newCols=5 effImprove=5 updated=0
    [CG]   [DIAG] iter=1 posCols=23 newCols=23 effImprove=23 updated=0
    [CG]   [DIAG] iter=1 posCols=23 newCols=23 effImprove=23 updated=0
    [CG] 列生成开始，初始列数=128
    [CG] CG iter 3: obj=166347545.447662, maxRC=6307275.099147, +12 cols
    [CG]   [DIAG] iter=3 posCols=12 newCols=12 effImprove=12 updated=0
    [CG] 列生成收敛，共 6 轮迭代
    [CG] [CG-NODE] depth=0 exit=CERTIFIED certified=1 feasible=1 iters=6 generatedColsBeforeNode=0 newCols=65 posCandidates=65 duplicateCandidates=0 updatedCols=0 zeroObjImproveIters=1 objFirst=142046097.975528 objLast=173284161.421064 objGain=31238063.445536 maxRC=59519664.224599 wallSec=0.013842 pricingSec=0.009072 cplexSolveSec=0.002684
    [CG] CG iter 3: obj=166347930.649196, maxRC=6307266.854026, +12 cols
    [CG]   [DIAG] iter=3 posCols=12 newCols=12 effImprove=12 updated=0
      [BB] 根节点即为整数解，obj=173284161.421064
    [CG] CG iter 3: obj=166347436.956986, maxRC=6307269.365516, +12 cols
    [CG]   [DIAG] iter=3 posCols=12 newCols=12 effImprove=12 updated=0
    [CG] CG iter 4: obj=169097980.274431, maxRC=4100585.509604, +5 cols
    [CG]   [DIAG] iter=4 posCols=5 newCols=5 effImprove=5 updated=0
    [CG] CG iter 2: obj=160196718.057115, maxRC=10623321.672154, +17 cols
    [CG]   [DIAG] iter=2 posCols=17 newCols=17 effImprove=17 updated=0
    [CG] CG iter 4: obj=169098330.424898, maxRC=4100529.594955, +5 cols
    [CG] CG iter 2: obj=160205244.632509, maxRC=10624006.894342, +17 cols
    [CG]   [DIAG] iter=4 posCols=5 newCols=5 effImprove=5 updated=0
    [CG]   [DIAG] iter=2 posCols=17 newCols=17 effImprove=17 updated=0
    [CG] 列生成收敛，共 5 轮迭代
    [CG] [CG-NODE] depth=0 exit=CERTIFIED certified=1 feasible=1 iters=5 generatedColsBeforeNode=0 newCols=57 posCandidates=57 duplicateCandidates=0 updatedCols=0 zeroObjImproveIters=0 objFirst=142334774.849476 objLast=173316333.143285 objGain=30981558.293809 maxRC=59519644.562382 wallSec=0.015589 pricingSec=0.010514 cplexSolveSec=0.002813
      [BB] 根节点即为整数解，obj=173316333.143285
    [CG] 列生成收敛，共 5 轮迭代
    [CG] [CG-NODE] depth=0 exit=CERTIFIED certified=1 feasible=1 iters=5 generatedColsBeforeNode=0 newCols=57 posCandidates=57 duplicateCandidates=0 updatedCols=0 zeroObjImproveIters=0 objFirst=142335028.204764 objLast=173316729.183879 objGain=30981700.979115 maxRC=59519752.128890 wallSec=0.016414 pricingSec=0.011120 cplexSolveSec=0.002887
    [CG] CG iter 4: obj=169097881.459091, maxRC=4100559.940748, +5 cols
    [CG]   [DIAG] iter=4 posCols=5 newCols=5 effImprove=5 updated=0
      [BB] 根节点即为整数解，obj=173316729.183879
    [CG] CG iter 3: obj=166339166.685131, maxRC=6307318.344862, +12 cols
    [CG]   [DIAG] iter=3 posCols=12 newCols=12 effImprove=12 updated=0
    [CG] CG iter 3: obj=166347488.752242, maxRC=6307200.311420, +12 cols
    [CG] 列生成收敛，共 5 轮迭代
    [CG] [CG-NODE] depth=0 exit=CERTIFIED certified=1 feasible=1 iters=5 generatedColsBeforeNode=0 newCols=57 posCandidates=57 duplicateCandidates=0 updatedCols=0 zeroObjImproveIters=0 objFirst=142334675.227547 objLast=173316214.182270 objGain=30981538.954723 maxRC=59519644.562382 wallSec=0.017762 pricingSec=0.012282 cplexSolveSec=0.003235
    [CG]   [DIAG] iter=3 posCols=12 newCols=12 effImprove=12 updated=0
    [CG] 列生成开始，初始列数=128
      [BB] 根节点即为整数解，obj=173316214.182270
    [CG] CG iter 4: obj=169089617.951668, maxRC=4100602.155661, +5 cols
    [CG]   [DIAG] iter=4 posCols=5 newCols=5 effImprove=5 updated=0
    [CG] CG iter 4: obj=169097958.992418, maxRC=4100437.756969, +5 cols
    [CG]   [DIAG] iter=4 posCols=5 newCols=5 effImprove=5 updated=0
    [CG] CG iter 1: obj=142203512.098269, maxRC=59480685.037007, +23 cols
    [CG]   [DIAG] iter=1 posCols=23 newCols=23 effImprove=23 updated=0
    [CG] 列生成收敛，共 5 轮迭代
    [CG] [CG-NODE] depth=0 exit=CERTIFIED certified=1 feasible=1 iters=5 generatedColsBeforeNode=0 newCols=57 posCandidates=57 duplicateCandidates=0 updatedCols=0 zeroObjImproveIters=0 objFirst=142326365.719419 objLast=173307992.889762 objGain=30981627.170342 maxRC=59519644.562382 wallSec=0.018738 pricingSec=0.012668 cplexSolveSec=0.003282
    [CG] 列生成收敛，共 5 轮迭代
    [CG] [CG-NODE] depth=0 exit=CERTIFIED certified=1 feasible=1 iters=5 generatedColsBeforeNode=0 newCols=57 posCandidates=57 duplicateCandidates=0 updatedCols=0 zeroObjImproveIters=0 objFirst=142311023.172235 objLast=173316215.091635 objGain=31005191.919399 maxRC=59518310.986239 wallSec=0.018785 pricingSec=0.012673 cplexSolveSec=0.003357
    [CG] 列生成开始，初始列数=128
      [BB] 根节点即为整数解，obj=173307992.889762
      [BB] 根节点即为整数解，obj=173316215.091635
    [CG] CG iter 2: obj=160148173.494783, maxRC=10601901.100774, +17 cols
    [CG] 列生成开始，初始列数=128
    [CG]   [DIAG] iter=2 posCols=17 newCols=17 effImprove=17 updated=0
    [CG] CG iter 3: obj=166296213.774519, maxRC=6308492.522431, +12 cols
    [CG]   [DIAG] iter=3 posCols=12 newCols=12 effImprove=12 updated=0
    [CG] CG iter 4: obj=169047877.043380, maxRC=4115787.607450, +5 cols
    [CG]   [DIAG] iter=4 posCols=5 newCols=5 effImprove=5 updated=0
    [CG] 列生成收敛，共 5 轮迭代
    [CG] [CG-NODE] depth=0 exit=CERTIFIED certified=1 feasible=1 iters=5 generatedColsBeforeNode=0 newCols=57 posCandidates=57 duplicateCandidates=0 updatedCols=0 zeroObjImproveIters=0 objFirst=142203512.098269 objLast=173268312.674589 objGain=31064800.576319 maxRC=59480685.037007 wallSec=0.008928 pricingSec=0.006101 cplexSolveSec=0.001482
      [BB] 根节点即为整数解，obj=173268312.674589
    [CG] 列生成开始，初始列数=128
    [CG] 列生成开始，初始列数=128
    [CG] 列生成开始，初始列数=128
    [CG] 列生成开始，初始列数=128
    [CG] CG iter 1: obj=142298781.740508, maxRC=59519766.154613, +23 cols
    [CG]   [DIAG] iter=1 posCols=23 newCols=23 effImprove=23 updated=0
    [CG] CG iter 1: obj=141917397.239644, maxRC=59510541.231130, +23 cols
    [CG]   [DIAG] iter=1 posCols=23 newCols=23 effImprove=23 updated=0
    [CG] CG iter 2: obj=160174595.167262, maxRC=10623609.337863, +17 cols
    [CG]   [DIAG] iter=2 posCols=17 newCols=17 effImprove=17 updated=0
    [CG] CG iter 2: obj=160199831.066159, maxRC=9475756.938594, +17 cols
    [CG]   [DIAG] iter=2 posCols=17 newCols=17 effImprove=17 updated=0
    [CG] CG iter 1: obj=142105101.998209, maxRC=59519752.128890, +23 cols
    [CG]   [DIAG] iter=1 posCols=23 newCols=23 effImprove=23 updated=0
    [CG] CG iter 3: obj=166308302.102009, maxRC=6303654.412461, +12 cols
    [CG] CG iter 3: obj=166595691.203572, maxRC=7052934.773837, +15 cols
    [CG]   [DIAG] iter=3 posCols=15 newCols=15 effImprove=15 updated=0
    [CG]   [DIAG] iter=3 posCols=12 newCols=12 effImprove=12 updated=0
    [CG] CG iter 1: obj=142305720.288350, maxRC=59519752.128890, +23 cols
    [CG] CG iter 4: obj=171487418.991599, maxRC=2472054.378663, +7 cols
    [CG]   [DIAG] iter=1 posCols=23 newCols=23 effImprove=23 updated=0
    [CG]   [DIAG] iter=4 posCols=7 newCols=7 effImprove=7 updated=0
    [CG] CG iter 1: obj=142232311.686619, maxRC=59519734.703453, +23 cols
    [CG]   [DIAG] iter=1 posCols=23 newCols=23 effImprove=23 updated=0
    [CG] CG iter 2: obj=160031034.564216, maxRC=10623485.371715, +17 cols
    [CG] CG iter 4: obj=169055111.505385, maxRC=4092897.681219, +5 cols
    [CG]   [DIAG] iter=4 posCols=5 newCols=5 effImprove=5 updated=0
    [CG]   [DIAG] iter=2 posCols=17 newCols=17 effImprove=17 updated=0
    [CG] 列生成收敛，共 5 轮迭代
    [CG] [CG-NODE] depth=0 exit=CERTIFIED certified=1 feasible=1 iters=5 generatedColsBeforeNode=0 newCols=62 posCandidates=62 duplicateCandidates=0 updatedCols=0 zeroObjImproveIters=0 objFirst=141917397.239644 objLast=173305310.241292 objGain=31387913.001648 maxRC=59510541.231130 wallSec=0.010693 pricingSec=0.007204 cplexSolveSec=0.001829
    [CG] CG iter 1: obj=142213266.458803, maxRC=59513708.479228, +23 cols
      [BB] 根节点即为整数解，obj=173305310.241292
    [CG]   [DIAG] iter=1 posCols=23 newCols=23 effImprove=23 updated=0
    [CG] CG iter 2: obj=160205779.439684, maxRC=10623485.371715, +17 cols
    [CG]   [DIAG] iter=2 posCols=17 newCols=17 effImprove=17 updated=0
    [CG] 列生成收敛，共 5 轮迭代
    [CG] [CG-NODE] depth=0 exit=CERTIFIED certified=1 feasible=1 iters=5 generatedColsBeforeNode=0 newCols=57 posCandidates=57 duplicateCandidates=0 updatedCols=0 zeroObjImproveIters=0 objFirst=142298781.740508 objLast=173276564.912274 objGain=30977783.171766 maxRC=59519766.154613 wallSec=0.016892 pricingSec=0.011766 cplexSolveSec=0.002853
    [CG] CG iter 2: obj=160128808.869711, maxRC=10697366.427424, +17 cols
      [BB] 根节点即为整数解，obj=173276564.912274
    [CG]   [DIAG] iter=2 posCols=17 newCols=17 effImprove=17 updated=0
    [CG] CG iter 3: obj=166132698.809470, maxRC=6315177.177832, +12 cols
    [CG]   [DIAG] iter=3 posCols=12 newCols=12 effImprove=12 updated=0
    [CG] CG iter 3: obj=166337149.993793, maxRC=6311786.817419, +12 cols
    [CG]   [DIAG] iter=3 posCols=12 newCols=12 effImprove=12 updated=0
    [CG] CG iter 4: obj=168875109.534515, maxRC=4074158.201494, +5 cols
    [CG]   [DIAG] iter=4 posCols=5 newCols=5 effImprove=5 updated=0
    [CG] CG iter 3: obj=166229917.969835, maxRC=6293899.098018, +12 cols
    [CG]   [DIAG] iter=3 posCols=12 newCols=12 effImprove=12 updated=0
    [CG] CG iter 4: obj=169076421.597062, maxRC=4090586.010726, +5 cols
    [CG]   [DIAG] iter=4 posCols=5 newCols=5 effImprove=5 updated=0
    [CG] 列生成收敛，共 5 轮迭代
    [CG] [CG-NODE] depth=0 exit=CERTIFIED certified=1 feasible=1 iters=5 generatedColsBeforeNode=0 newCols=57 posCandidates=57 duplicateCandidates=0 updatedCols=0 zeroObjImproveIters=0 objFirst=142105101.998209 objLast=173100136.355860 objGain=30995034.357651 maxRC=59519752.128890 wallSec=0.012510 pricingSec=0.008561 cplexSolveSec=0.002053
    [CG] CG iter 2: obj=160205779.759816, maxRC=10623467.315918, +17 cols
      [BB] 根节点即为整数解，obj=173100136.355860
    [CG] CG iter 4: obj=168989484.406513, maxRC=4071235.955408, +7 cols
    [CG]   [DIAG] iter=2 posCols=17 newCols=17 effImprove=17 updated=0
    [CG]   [DIAG] iter=4 posCols=7 newCols=7 effImprove=7 updated=0
    [CG] CG iter 5: obj=173294809.999620, maxRC=6337.979850, +1 cols
    [CG]   [DIAG] iter=5 posCols=1 newCols=1 effImprove=1 updated=0
    [CG] 列生成收敛，共 6 轮迭代
    [CG] [CG-NODE] depth=0 exit=CERTIFIED certified=1 feasible=1 iters=6 generatedColsBeforeNode=0 newCols=58 posCandidates=58 duplicateCandidates=0 updatedCols=0 zeroObjImproveIters=1 objFirst=142305720.288350 objLast=173294809.999620 objGain=30989089.711270 maxRC=59519752.128890 wallSec=0.010894 pricingSec=0.007210 cplexSolveSec=0.002026
    [CG] CG iter 5: obj=173188080.886639, maxRC=1470559.093953, +2 cols
    [CG]   [DIAG] iter=5 posCols=2 newCols=2 effImprove=2 updated=0
      [BB] 根节点即为整数解，obj=173294809.999620
    [CG] 列生成开始，初始列数=128
    [CG] CG iter 1: obj=141686575.124598, maxRC=59519481.825103, +23 cols
    [CG] 列生成开始，初始列数=128
    [CG] CG iter 6: obj=173188080.886639, maxRC=98203.276913, +1 cols
    [CG]   [DIAG] iter=6 posCols=1 newCols=1 effImprove=1 updated=0
    [CG]   [DIAG] iter=1 posCols=23 newCols=23 effImprove=23 updated=0
    [CG] 列生成收敛，共 7 轮迭代
    [CG] [CG-NODE] depth=0 exit=CERTIFIED certified=1 feasible=1 iters=7 generatedColsBeforeNode=0 newCols=62 posCandidates=62 duplicateCandidates=0 updatedCols=0 zeroObjImproveIters=2 objFirst=142232311.686619 objLast=173188080.886639 objGain=30955769.200020 maxRC=59519734.703453 wallSec=0.011763 pricingSec=0.007699 cplexSolveSec=0.002291
    [CG] CG iter 3: obj=166337146.439135, maxRC=6311780.102600, +12 cols
      [BB] 根节点即为整数解，obj=173188080.886639
    [CG]   [DIAG] iter=3 posCols=12 newCols=12 effImprove=12 updated=0
    [CG] 列生成开始，初始列数=128
    [CG] CG iter 2: obj=159878953.481831, maxRC=6745100.357617, +15 cols
    [CG]   [DIAG] iter=2 posCols=15 newCols=15 effImprove=15 updated=0
    [CG] 列生成开始，初始列数=128
    [CG] CG iter 4: obj=169076403.977572, maxRC=4090581.306055, +5 cols
    [CG] CG iter 1: obj=142270874.728944, maxRC=59519664.224599, +23 cols
    [CG]   [DIAG] iter=4 posCols=5 newCols=5 effImprove=5 updated=0
    [CG]   [DIAG] iter=1 posCols=23 newCols=23 effImprove=23 updated=0
    [CG] CG iter 3: obj=172851688.667266, maxRC=2268532.516210, +7 cols
    [CG]   [DIAG] iter=3 posCols=7 newCols=7 effImprove=7 updated=0
    [CG] 列生成开始，初始列数=128
    [CG] CG iter 5: obj=173294807.415457, maxRC=6307.456250, +1 cols
    [CG]   [DIAG] iter=5 posCols=1 newCols=1 effImprove=1 updated=0
    [CG] CG iter 4: obj=172851688.667266, maxRC=160113.084911, +2 cols
    [CG]   [DIAG] iter=4 posCols=2 newCols=2 effImprove=2 updated=0
    [CG] 列生成收敛，共 6 轮迭代
    [CG] [CG-NODE] depth=0 exit=CERTIFIED certified=1 feasible=1 iters=6 generatedColsBeforeNode=0 newCols=58 posCandidates=58 duplicateCandidates=0 updatedCols=0 zeroObjImproveIters=1 objFirst=142213266.458803 objLast=173294807.415457 objGain=31081540.956654 maxRC=59513708.479228 wallSec=0.020066 pricingSec=0.013293 cplexSolveSec=0.003908
    [CG] 列生成收敛，共 5 轮迭代
    [CG] [CG-NODE] depth=0 exit=CERTIFIED certified=1 feasible=1 iters=5 generatedColsBeforeNode=0 newCols=47 posCandidates=47 duplicateCandidates=0 updatedCols=0 zeroObjImproveIters=2 objFirst=141686575.124598 objLast=172851688.667266 objGain=31165113.542667 maxRC=59519481.825103 wallSec=0.016513 pricingSec=0.010999 cplexSolveSec=0.002925
    [CG] CG iter 2: obj=160166949.843984, maxRC=10623337.842780, +17 cols
      [BB] 根节点即为整数解，obj=173294807.415457
      [BB] 根节点即为整数解，obj=172851688.667266
    [CG]   [DIAG] iter=2 posCols=17 newCols=17 effImprove=17 updated=0
    [CG] CG iter 3: obj=166308766.889006, maxRC=6307539.105122, +12 cols
    [CG]   [DIAG] iter=3 posCols=12 newCols=12 effImprove=12 updated=0
    [CG] CG iter 1: obj=142177821.348971, maxRC=59513885.379374, +23 cols
    [CG]   [DIAG] iter=1 posCols=23 newCols=23 effImprove=23 updated=0
    [CG] 列生成开始，初始列数=128
    [CG] CG iter 4: obj=169059274.726242, maxRC=4100355.946842, +5 cols
    [CG] 列生成开始，初始列数=128
    [CG]   [DIAG] iter=4 posCols=5 newCols=5 effImprove=5 updated=0
    [CG] CG iter 1: obj=142179779.908051, maxRC=59519752.288062, +23 cols
    [CG] CG iter 1: obj=142151921.614599, maxRC=59519752.288062, +23 cols
    [CG]   [DIAG] iter=1 posCols=23 newCols=23 effImprove=23 updated=0
    [CG]   [DIAG] iter=1 posCols=23 newCols=23 effImprove=23 updated=0
    [CG] 列生成收敛，共 5 轮迭代
    [CG] [CG-NODE] depth=0 exit=CERTIFIED certified=1 feasible=1 iters=5 generatedColsBeforeNode=0 newCols=57 posCandidates=57 duplicateCandidates=0 updatedCols=0 zeroObjImproveIters=0 objFirst=142270874.728944 objLast=173277696.911224 objGain=31006822.182280 maxRC=59519664.224599 wallSec=0.017195 pricingSec=0.011921 cplexSolveSec=0.003023
      [BB] 根节点即为整数解，obj=173277696.911224
    [CG] CG iter 2: obj=160175122.720628, maxRC=10623473.255321, +17 cols
    [CG]   [DIAG] iter=2 posCols=17 newCols=17 effImprove=17 updated=0
    [CG] CG iter 2: obj=160185677.663171, maxRC=10623485.371715, +17 cols
    [CG]   [DIAG] iter=2 posCols=17 newCols=17 effImprove=17 updated=0
    [CG] CG iter 2: obj=160092444.030868, maxRC=10623479.978949, +17 cols
    [CG]   [DIAG] iter=2 posCols=17 newCols=17 effImprove=17 updated=0
    [CG] CG iter 3: obj=166309043.553252, maxRC=6303732.802468, +12 cols
    [CG] CG iter 3: obj=166308952.438213, maxRC=6316254.620499, +11 cols
    [CG]   [DIAG] iter=3 posCols=12 newCols=12 effImprove=12 updated=0
    [CG]   [DIAG] iter=3 posCols=11 newCols=11 effImprove=11 updated=0
    [CG] CG iter 4: obj=169043660.303704, maxRC=4084720.156917, +5 cols
    [CG]   [DIAG] iter=4 posCols=5 newCols=5 effImprove=5 updated=0
    [CG] CG iter 3: obj=166213818.238494, maxRC=6321766.498115, +12 cols
    [CG]   [DIAG] iter=3 posCols=12 newCols=12 effImprove=12 updated=0
    [CG] CG iter 4: obj=169055901.927382, maxRC=4093050.617486, +5 cols
    [CG]   [DIAG] iter=4 posCols=5 newCols=5 effImprove=5 updated=0
    [CG] CG iter 5: obj=173262044.293455, maxRC=19008.555452, +1 cols
    [CG]   [DIAG] iter=5 posCols=1 newCols=1 effImprove=1 updated=0
    [CG] 列生成收敛，共 6 轮迭代
    [CG] [CG-NODE] depth=0 exit=CERTIFIED certified=1 feasible=1 iters=6 generatedColsBeforeNode=0 newCols=57 posCandidates=57 duplicateCandidates=0 updatedCols=0 zeroObjImproveIters=1 objFirst=142151921.614599 objLast=173262044.293455 objGain=31110122.678855 maxRC=59519752.288062 wallSec=0.009224 pricingSec=0.006060 cplexSolveSec=0.001677
    [CG] CG iter 4: obj=168963067.414188, maxRC=4090576.064312, +5 cols
    [CG] 列生成收敛，共 5 轮迭代
    [CG]   [DIAG] iter=4 posCols=5 newCols=5 effImprove=5 updated=0
    [CG] [CG-NODE] depth=0 exit=CERTIFIED certified=1 feasible=1 iters=5 generatedColsBeforeNode=0 newCols=57 posCandidates=57 duplicateCandidates=0 updatedCols=0 zeroObjImproveIters=0 objFirst=142177821.348971 objLast=173277334.000396 objGain=31099512.651426 maxRC=59513885.379374 wallSec=0.010072 pricingSec=0.006520 cplexSolveSec=0.001983
      [BB] 根节点即为整数解，obj=173262044.293455
      [BB] 根节点即为整数解，obj=173277334.000396
    [CG] CG iter 1: obj=142191633.806928, maxRC=59486725.785285, +23 cols
    [CG] 列生成开始，初始列数=128
    [CG] CG iter 5: obj=173181465.610330, maxRC=6307.456250, +1 cols
    [CG]   [DIAG] iter=1 posCols=23 newCols=23 effImprove=23 updated=0
    [CG]   [DIAG] iter=5 posCols=1 newCols=1 effImprove=1 updated=0
    [CG] 列生成收敛，共 6 轮迭代
    [CG] [CG-NODE] depth=0 exit=CERTIFIED certified=1 feasible=1 iters=6 generatedColsBeforeNode=0 newCols=58 posCandidates=58 duplicateCandidates=0 updatedCols=0 zeroObjImproveIters=1 objFirst=142179779.908051 objLast=173181465.610330 objGain=31001685.702279 maxRC=59519752.288062 wallSec=0.012562 pricingSec=0.008323 cplexSolveSec=0.002342
      [BB] 根节点即为整数解，obj=173181465.610330
    [CG] CG iter 1: obj=142209232.075082, maxRC=59519841.930057, +23 cols
    [CG]   [DIAG] iter=1 posCols=23 newCols=23 effImprove=23 updated=0
    [CG] CG iter 2: obj=160093989.033778, maxRC=10672117.973457, +17 cols
    [CG]   [DIAG] iter=2 posCols=17 newCols=17 effImprove=17 updated=0
    [CG] CG iter 1: obj=142333960.967511, maxRC=59519644.562382, +23 cols
    [CG]   [DIAG] iter=1 posCols=23 newCols=23 effImprove=23 updated=0
    [CG] CG iter 1: obj=141891537.052035, maxRC=59510541.231130, +23 cols
    [CG]   [DIAG] iter=1 posCols=23 newCols=23 effImprove=23 updated=0
    [CG] CG iter 2: obj=160204508.376480, maxRC=10623843.194781, +17 cols
    [CG] CG iter 2: obj=160186052.722444, maxRC=10623494.814960, +17 cols
    [CG]   [DIAG] iter=2 posCols=17 newCols=17 effImprove=17 updated=0
    [CG]   [DIAG] iter=2 posCols=17 newCols=17 effImprove=17 updated=0
    [CG] CG iter 2: obj=159994513.765380, maxRC=10627691.494633, +17 cols
    [CG] CG iter 3: obj=166194052.230494, maxRC=6305381.152556, +11 cols
    [CG]   [DIAG] iter=2 posCols=17 newCols=17 effImprove=17 updated=0
    [CG]   [DIAG] iter=3 posCols=11 newCols=11 effImprove=11 updated=0
    [CG] CG iter 3: obj=166346696.368805, maxRC=6307246.902198, +12 cols
    [CG]   [DIAG] iter=3 posCols=12 newCols=12 effImprove=12 updated=0
    [CG] CG iter 3: obj=166081681.443545, maxRC=6321265.964501, +12 cols
    [CG]   [DIAG] iter=3 posCols=12 newCols=12 effImprove=12 updated=0
    [CG] CG iter 4: obj=169097213.199760, maxRC=4100465.148580, +5 cols
    [CG]   [DIAG] iter=4 posCols=5 newCols=5 effImprove=5 updated=0
    [CG] CG iter 4: obj=168941501.991471, maxRC=4079852.123261, +5 cols
    [CG]   [DIAG] iter=4 posCols=5 newCols=5 effImprove=5 updated=0
    [CG] CG iter 3: obj=166312652.597422, maxRC=6314791.195387, +12 cols
    [CG]   [DIAG] iter=3 posCols=12 newCols=12 effImprove=12 updated=0
    [CG] CG iter 4: obj=168817052.141704, maxRC=4063532.126029, +5 cols
    [CG] 列生成收敛，共 5 轮迭代
    [CG]   [DIAG] iter=4 posCols=5 newCols=5 effImprove=5 updated=0
    [CG] [CG-NODE] depth=0 exit=CERTIFIED certified=1 feasible=1 iters=5 generatedColsBeforeNode=0 newCols=57 posCandidates=57 duplicateCandidates=0 updatedCols=0 zeroObjImproveIters=0 objFirst=142333960.967511 objLast=173315451.130773 objGain=30981490.163262 maxRC=59519644.562382 wallSec=0.010113 pricingSec=0.006750 cplexSolveSec=0.001859
      [BB] 根节点即为整数解，obj=173315451.130773
    [CG] 列生成收敛，共 5 轮迭代
    [CG] 列生成收敛，共 5 轮迭代
    [CG] [CG-NODE] depth=0 exit=CERTIFIED certified=1 feasible=1 iters=5 generatedColsBeforeNode=0 newCols=57 posCandidates=57 duplicateCandidates=0 updatedCols=0 zeroObjImproveIters=0 objFirst=141891537.052035 objLast=173040774.843582 objGain=31149237.791546 maxRC=59510541.231130 wallSec=0.010715 pricingSec=0.007125 cplexSolveSec=0.001954
    [CG] [CG-NODE] depth=0 exit=CERTIFIED certified=1 feasible=1 iters=5 generatedColsBeforeNode=0 newCols=56 posCandidates=56 duplicateCandidates=0 updatedCols=0 zeroObjImproveIters=0 objFirst=142191633.806928 objLast=173140516.369399 objGain=30948882.562471 maxRC=59486725.785285 wallSec=0.018525 pricingSec=0.012440 cplexSolveSec=0.003426
      [BB] 根节点即为整数解，obj=173040774.843582
      [BB] 根节点即为整数解，obj=173140516.369399
    [CG] CG iter 4: obj=169050668.783576, maxRC=4087758.652755, +5 cols
    [CG]   [DIAG] iter=4 posCols=5 newCols=5 effImprove=5 updated=0
    [CG] CG iter 1: obj=142056052.257016, maxRC=59519752.128890, +23 cols
    [CG] CG iter 5: obj=173269044.253933, maxRC=12247.658820, +1 cols
    [CG]   [DIAG] iter=5 posCols=1 newCols=1 effImprove=1 updated=0
    [CG]   [DIAG] iter=1 posCols=23 newCols=23 effImprove=23 updated=0
    [CG] 列生成收敛，共 6 轮迭代
    [CG] [CG-NODE] depth=0 exit=CERTIFIED certified=1 feasible=1 iters=6 generatedColsBeforeNode=0 newCols=58 posCandidates=58 duplicateCandidates=0 updatedCols=0 zeroObjImproveIters=1 objFirst=142209232.075082 objLast=173269044.253933 objGain=31059812.178851 maxRC=59519841.930057 wallSec=0.016160 pricingSec=0.011627 cplexSolveSec=0.002787
      [BB] 根节点即为整数解，obj=173269044.253933
    [CG] CG iter 2: obj=160205778.279854, maxRC=10132814.490566, +17 cols
    [CG]   [DIAG] iter=2 posCols=17 newCols=17 effImprove=17 updated=0
    [CG] CG iter 3: obj=167935604.781285, maxRC=3770375.055762, +12 cols
    [CG]   [DIAG] iter=3 posCols=12 newCols=12 effImprove=12 updated=0
    [CG] CG iter 4: obj=171476612.993667, maxRC=1689871.572759, +8 cols
    [CG]   [DIAG] iter=4 posCols=8 newCols=8 effImprove=8 updated=0
    [CG] CG iter 5: obj=173294461.616771, maxRC=1146336.851812, +5 cols
    [CG]   [DIAG] iter=5 posCols=5 newCols=5 effImprove=5 updated=0
    [CG] 列生成收敛，共 6 轮迭代
    [CG] [CG-NODE] depth=0 exit=CERTIFIED certified=1 feasible=1 iters=6 generatedColsBeforeNode=0 newCols=65 posCandidates=65 duplicateCandidates=0 updatedCols=0 zeroObjImproveIters=1 objFirst=142056052.257016 objLast=173294461.616771 objGain=31238409.359755 maxRC=59519752.128890 wallSec=0.012433 pricingSec=0.007987 cplexSolveSec=0.002487
      [BB] 根节点即为整数解，obj=173294461.616771
[GA] 代数 7: Best=173345972.89, Avg=173263548.98, Worst=172880574.35, Valid=30/30, 耗时=0.06s (连续7代未提升)
  ├─ 求解: 30 个体 fork 并行 | CG迭代=135 加列=1444 BB分支=0
  ├─ 并行墙钟=0.0561s | 串行等效(ΣBP)=0.3533s | 加速比=6.30x
  ├─ 管理开销=-0.2972s (fork=0.0041 wait=0.0516 merge=0.0004)
  └─ CG明细: gen_logs/run_gen7_ind{0..29}.log
    [CG] 列生成开始，初始列数=128
    [CG] 列生成开始，初始列数=128
    [CG] 列生成开始，初始列数=128
    [CG] 列生成开始，初始列数=128
    [CG] 列生成开始，初始列数=128
    [CG] 列生成开始，初始列数=128
    [CG] 列生成开始，初始列数=128
    [CG] 列生成开始，初始列数=128
    [CG] CG iter 1: obj=142179339.858249, maxRC=59519752.288062, +23 cols
    [CG]   [DIAG] iter=1 posCols=23 newCols=23 effImprove=23 updated=0
    [CG] CG iter 2: obj=160092069.539378, maxRC=10623470.951051, +17 cols
    [CG]   [DIAG] iter=2 posCols=17 newCols=17 effImprove=17 updated=0
    [CG] CG iter 1: obj=142177383.615945, maxRC=59513885.379374, +23 cols
    [CG] CG iter 1: obj=142197060.433370, maxRC=59513708.479228, +23 cols
    [CG]   [DIAG] iter=1 posCols=23 newCols=23 effImprove=23 updated=0
    [CG]   [DIAG] iter=1 posCols=23 newCols=23 effImprove=23 updated=0
    [CG] CG iter 3: obj=166213413.743654, maxRC=6321800.897709, +12 cols
    [CG]   [DIAG] iter=3 posCols=12 newCols=12 effImprove=12 updated=0
    [CG] CG iter 2: obj=160174765.333453, maxRC=10623473.255321, +17 cols
    [CG] CG iter 4: obj=168962693.643936, maxRC=4090579.739320, +5 cols
    [CG]   [DIAG] iter=2 posCols=17 newCols=17 effImprove=17 updated=0
    [CG]   [DIAG] iter=4 posCols=5 newCols=5 effImprove=5 updated=0
    [CG] CG iter 2: obj=160202646.400939, maxRC=10623467.315918, +17 cols
    [CG]   [DIAG] iter=2 posCols=17 newCols=17 effImprove=17 updated=0
    [CG] CG iter 5: obj=173181095.515085, maxRC=6307.456250, +1 cols
    [CG] CG iter 1: obj=142213090.464316, maxRC=59513708.479228, +23 cols
    [CG]   [DIAG] iter=5 posCols=1 newCols=1 effImprove=1 updated=0
    [CG]   [DIAG] iter=1 posCols=23 newCols=23 effImprove=23 updated=0
    [CG] CG iter 3: obj=166308546.458370, maxRC=6303673.440612, +12 cols
    [CG]   [DIAG] iter=3 posCols=12 newCols=12 effImprove=12 updated=0
    [CG] 列生成收敛，共 6 轮迭代
    [CG] [CG-NODE] depth=0 exit=CERTIFIED certified=1 feasible=1 iters=6 generatedColsBeforeNode=0 newCols=58 posCandidates=58 duplicateCandidates=0 updatedCols=0 zeroObjImproveIters=1 objFirst=142179339.858249 objLast=173181095.515085 objGain=31001755.656836 maxRC=59519752.288062 wallSec=0.008916 pricingSec=0.005838 cplexSolveSec=0.001728
      [BB] 根节点即为整数解，obj=173181095.515085
    [CG] CG iter 3: obj=166330791.563167, maxRC=6313294.257595, +11 cols
    [CG]   [DIAG] iter=3 posCols=11 newCols=11 effImprove=11 updated=0
    [CG] CG iter 4: obj=169055345.470643, maxRC=4092927.100473, +5 cols
    [CG]   [DIAG] iter=4 posCols=5 newCols=5 effImprove=5 updated=0
    [CG] CG iter 2: obj=160205779.759816, maxRC=10623467.315918, +17 cols
    [CG]   [DIAG] iter=2 posCols=17 newCols=17 effImprove=17 updated=0
    [CG] 列生成收敛，共 5 轮迭代
    [CG] [CG-NODE] depth=0 exit=CERTIFIED certified=1 feasible=1 iters=5 generatedColsBeforeNode=0 newCols=57 posCandidates=57 duplicateCandidates=0 updatedCols=0 zeroObjImproveIters=0 objFirst=142177383.615945 objLast=173276828.296786 objGain=31099444.680840 maxRC=59513885.379374 wallSec=0.009207 pricingSec=0.006159 cplexSolveSec=0.001645
    [CG] CG iter 1: obj=142334695.113466, maxRC=59519644.562382, +23 cols
    [CG] CG iter 4: obj=169067303.461514, maxRC=4087821.743881, +5 cols
      [BB] 根节点即为整数解，obj=173276828.296786
    [CG]   [DIAG] iter=4 posCols=5 newCols=5 effImprove=5 updated=0
    [CG]   [DIAG] iter=1 posCols=23 newCols=23 effImprove=23 updated=0
    [CG] CG iter 5: obj=173285703.917826, maxRC=12294.854532, +1 cols
    [CG]   [DIAG] iter=5 posCols=1 newCols=1 effImprove=1 updated=0
    [CG] CG iter 3: obj=166337058.441891, maxRC=6311817.474699, +12 cols
    [CG] CG iter 1: obj=142254380.380552, maxRC=59519644.562382, +23 cols
    [CG]   [DIAG] iter=3 posCols=12 newCols=12 effImprove=12 updated=0
    [CG]   [DIAG] iter=1 posCols=23 newCols=23 effImprove=23 updated=0
    [CG] 列生成收敛，共 6 轮迭代
    [CG] [CG-NODE] depth=0 exit=CERTIFIED certified=1 feasible=1 iters=6 generatedColsBeforeNode=0 newCols=57 posCandidates=57 duplicateCandidates=0 updatedCols=0 zeroObjImproveIters=1 objFirst=142197060.433370 objLast=173285703.917826 objGain=31088643.484456 maxRC=59513708.479228 wallSec=0.011354 pricingSec=0.007679 cplexSolveSec=0.002161
      [BB] 根节点即为整数解，obj=173285703.917826
    [CG] 列生成开始，初始列数=128
    [CG] CG iter 4: obj=169076227.983084, maxRC=4090500.009189, +5 cols
    [CG]   [DIAG] iter=4 posCols=5 newCols=5 effImprove=5 updated=0
    [CG] CG iter 2: obj=160205083.477826, maxRC=10623496.635422, +17 cols
    [CG]   [DIAG] iter=2 posCols=17 newCols=17 effImprove=17 updated=0
    [CG] CG iter 5: obj=173294631.420969, maxRC=6483.450737, +1 cols
    [CG]   [DIAG] iter=5 posCols=1 newCols=1 effImprove=1 updated=0
    [CG] CG iter 2: obj=160204478.302323, maxRC=10623818.121916, +17 cols
    [CG]   [DIAG] iter=2 posCols=17 newCols=17 effImprove=17 updated=0
    [CG] 列生成收敛，共 6 轮迭代
    [CG] [CG-NODE] depth=0 exit=CERTIFIED certified=1 feasible=1 iters=6 generatedColsBeforeNode=0 newCols=58 posCandidates=58 duplicateCandidates=0 updatedCols=0 zeroObjImproveIters=1 objFirst=142213090.464316 objLast=173294631.420969 objGain=31081540.956654 maxRC=59513708.479228 wallSec=0.012844 pricingSec=0.008483 cplexSolveSec=0.002459
    [CG] 列生成开始，初始列数=128
      [BB] 根节点即为整数解，obj=173294631.420969
    [CG] CG iter 1: obj=142050766.630710, maxRC=59519752.128890, +23 cols
    [CG] 列生成开始，初始列数=128
    [CG]   [DIAG] iter=1 posCols=23 newCols=23 effImprove=23 updated=0
    [CG] CG iter 1: obj=142301052.888393, maxRC=59519752.128890, +23 cols
    [CG]   [DIAG] iter=1 posCols=23 newCols=23 effImprove=23 updated=0
    [CG] CG iter 3: obj=166347459.077788, maxRC=6307271.520790, +12 cols
    [CG] CG iter 3: obj=166346682.621739, maxRC=6307265.141299, +12 cols
    [CG]   [DIAG] iter=3 posCols=12 newCols=12 effImprove=12 updated=0
    [CG]   [DIAG] iter=3 posCols=12 newCols=12 effImprove=12 updated=0
    [CG] CG iter 2: obj=160201925.361536, maxRC=10132900.574894, +17 cols
    [CG] CG iter 4: obj=169097210.413445, maxRC=4100484.488469, +5 cols
    [CG]   [DIAG] iter=4 posCols=5 newCols=5 effImprove=5 updated=0
    [CG]   [DIAG] iter=2 posCols=17 newCols=17 effImprove=17 updated=0
    [CG] CG iter 2: obj=160203035.516535, maxRC=10623485.371715, +17 cols
    [CG]   [DIAG] iter=2 posCols=17 newCols=17 effImprove=17 updated=0
    [CG] 列生成收敛，共 5 轮迭代
    [CG] CG iter 4: obj=169097901.345009, maxRC=4100564.330906, +5 cols
    [CG] [CG-NODE] depth=0 exit=CERTIFIED certified=1 feasible=1 iters=5 generatedColsBeforeNode=0 newCols=57 posCandidates=57 duplicateCandidates=0 updatedCols=0 zeroObjImproveIters=0 objFirst=142254380.380552 objLast=173315443.524687 objGain=31061063.144135 maxRC=59519644.562382 wallSec=0.014916 pricingSec=0.010496 cplexSolveSec=0.002406
    [CG] 列生成开始，初始列数=128
    [CG]   [DIAG] iter=4 posCols=5 newCols=5 effImprove=5 updated=0
      [BB] 根节点即为整数解，obj=173315443.524687
    [CG] CG iter 3: obj=167928931.328896, maxRC=3770363.485117, +12 cols
    [CG]   [DIAG] iter=3 posCols=12 newCols=12 effImprove=12 updated=0
    [CG] CG iter 3: obj=166332712.526277, maxRC=6312635.966942, +12 cols
    [CG] 列生成收敛，共 5 轮迭代
    [CG] [CG-NODE] depth=0 exit=CERTIFIED certified=1 feasible=1 iters=5 generatedColsBeforeNode=0 newCols=57 posCandidates=57 duplicateCandidates=0 updatedCols=0 zeroObjImproveIters=0 objFirst=142334695.113466 objLast=173316238.458347 objGain=30981543.344882 maxRC=59519644.562382 wallSec=0.015783 pricingSec=0.010776 cplexSolveSec=0.002873
    [CG]   [DIAG] iter=3 posCols=12 newCols=12 effImprove=12 updated=0
    [CG] CG iter 4: obj=171469933.018648, maxRC=1689871.572759, +8 cols
    [CG]   [DIAG] iter=4 posCols=8 newCols=8 effImprove=8 updated=0
      [BB] 根节点即为整数解，obj=173316238.458347
    [CG] CG iter 4: obj=169070767.375364, maxRC=4089238.772603, +5 cols
    [CG]   [DIAG] iter=4 posCols=5 newCols=5 effImprove=5 updated=0
    [CG] CG iter 5: obj=173287789.645769, maxRC=1146333.649577, +5 cols
    [CG]   [DIAG] iter=5 posCols=5 newCols=5 effImprove=5 updated=0
    [CG] 列生成开始，初始列数=128
    [CG] CG iter 5: obj=173289160.481662, maxRC=9218.613804, +1 cols
    [CG]   [DIAG] iter=5 posCols=1 newCols=1 effImprove=1 updated=0
    [CG] 列生成收敛，共 6 轮迭代
    [CG] [CG-NODE] depth=0 exit=CERTIFIED certified=1 feasible=1 iters=6 generatedColsBeforeNode=0 newCols=65 posCandidates=65 duplicateCandidates=0 updatedCols=0 zeroObjImproveIters=1 objFirst=142050766.630710 objLast=173287789.645769 objGain=31237023.015059 maxRC=59519752.128890 wallSec=0.017129 pricingSec=0.012032 cplexSolveSec=0.002848
      [BB] 根节点即为整数解，obj=173287789.645769
    [CG] 列生成收敛，共 6 轮迭代
    [CG] [CG-NODE] depth=0 exit=CERTIFIED certified=1 feasible=1 iters=6 generatedColsBeforeNode=0 newCols=58 posCandidates=58 duplicateCandidates=0 updatedCols=0 zeroObjImproveIters=1 objFirst=142301052.888393 objLast=173289160.481661 objGain=30988107.593269 maxRC=59519752.128890 wallSec=0.017191 pricingSec=0.011852 cplexSolveSec=0.002955
    [CG] CG iter 1: obj=142041729.092049, maxRC=59519664.224599, +23 cols
    [CG]   [DIAG] iter=1 posCols=23 newCols=23 effImprove=23 updated=0
      [BB] 根节点即为整数解，obj=173289160.481661
    [CG] CG iter 2: obj=160192225.902584, maxRC=10132633.955429, +17 cols
    [CG] 列生成开始，初始列数=128
    [CG]   [DIAG] iter=2 posCols=17 newCols=17 effImprove=17 updated=0
    [CG] CG iter 3: obj=167919392.163050, maxRC=3766995.104773, +12 cols
    [CG]   [DIAG] iter=3 posCols=12 newCols=12 effImprove=12 updated=0
    [CG] CG iter 1: obj=142326794.634812, maxRC=59519644.562382, +23 cols
    [CG]   [DIAG] iter=1 posCols=23 newCols=23 effImprove=23 updated=0
    [CG] CG iter 1: obj=142046146.610807, maxRC=59519702.356598, +23 cols
    [CG]   [DIAG] iter=1 posCols=23 newCols=23 effImprove=23 updated=0
    [CG] CG iter 4: obj=171459342.207164, maxRC=1690122.123657, +8 cols
    [CG]   [DIAG] iter=4 posCols=8 newCols=8 effImprove=8 updated=0
    [CG] 列生成开始，初始列数=128
    [CG] CG iter 2: obj=160195857.074534, maxRC=10132650.763432, +17 cols
    [CG] 列生成开始，初始列数=128
    [CG]   [DIAG] iter=2 posCols=17 newCols=17 effImprove=17 updated=0
    [CG] CG iter 1: obj=142306401.194608, maxRC=59518310.986239, +23 cols
    [CG] CG iter 5: obj=173279168.244275, maxRC=1144807.589612, +5 cols
    [CG] CG iter 2: obj=160201636.244125, maxRC=10627747.267072, +17 cols
    [CG]   [DIAG] iter=1 posCols=23 newCols=23 effImprove=23 updated=0
    [CG]   [DIAG] iter=5 posCols=5 newCols=5 effImprove=5 updated=0
    [CG]   [DIAG] iter=2 posCols=17 newCols=17 effImprove=17 updated=0
    [CG] CG iter 3: obj=167925182.308978, maxRC=3769513.089932, +12 cols
    [CG]   [DIAG] iter=3 posCols=12 newCols=12 effImprove=12 updated=0
    [CG] CG iter 2: obj=160205244.632509, maxRC=10624006.894342, +17 cols
    [CG]   [DIAG] iter=2 posCols=17 newCols=17 effImprove=17 updated=0
    [CG] 列生成收敛，共 6 轮迭代
    [CG] [CG-NODE] depth=0 exit=CERTIFIED certified=1 feasible=1 iters=6 generatedColsBeforeNode=0 newCols=65 posCandidates=65 duplicateCandidates=0 updatedCols=0 zeroObjImproveIters=1 objFirst=142041729.092049 objLast=173279168.244275 objGain=31237439.152226 maxRC=59519664.224599 wallSec=0.010492 pricingSec=0.006310 cplexSolveSec=0.002564
    [CG] CG iter 4: obj=171466067.881055, maxRC=1690109.797589, +8 cols
    [CG]   [DIAG] iter=4 posCols=8 newCols=8 effImprove=8 updated=0
    [CG] CG iter 3: obj=166340461.347605, maxRC=6307222.138051, +12 cols
      [BB] 根节点即为整数解，obj=173279168.244275
    [CG]   [DIAG] iter=3 posCols=12 newCols=12 effImprove=12 updated=0
    [CG] CG iter 5: obj=173284239.632872, maxRC=1145777.694905, +5 cols
    [CG] CG iter 3: obj=166347488.752242, maxRC=6307200.311420, +12 cols
    [CG]   [DIAG] iter=5 posCols=5 newCols=5 effImprove=5 updated=0
    [CG]   [DIAG] iter=3 posCols=12 newCols=12 effImprove=12 updated=0
    [CG] CG iter 1: obj=142045840.146151, maxRC=59519664.224599, +23 cols
    [CG] CG iter 1: obj=141925220.032167, maxRC=59510541.231130, +23 cols
    [CG]   [DIAG] iter=1 posCols=23 newCols=23 effImprove=23 updated=0
    [CG] 列生成收敛，共 6 轮迭代
    [CG] [CG-NODE] depth=0 exit=CERTIFIED certified=1 feasible=1 iters=6 generatedColsBeforeNode=0 newCols=65 posCandidates=65 duplicateCandidates=0 updatedCols=0 zeroObjImproveIters=1 objFirst=142046146.610807 objLast=173284239.632872 objGain=31238093.022065 maxRC=59519702.356598 wallSec=0.009580 pricingSec=0.006295 cplexSolveSec=0.001846
    [CG]   [DIAG] iter=1 posCols=23 newCols=23 effImprove=23 updated=0
    [CG] CG iter 4: obj=169090000.866355, maxRC=4098017.081489, +5 cols
    [CG]   [DIAG] iter=4 posCols=5 newCols=5 effImprove=5 updated=0
    [CG] CG iter 4: obj=169097958.992418, maxRC=4100437.756969, +5 cols
      [BB] 根节点即为整数解，obj=173284239.632872
    [CG]   [DIAG] iter=4 posCols=5 newCols=5 effImprove=5 updated=0
    [CG] 列生成收敛，共 5 轮迭代
    [CG] 列生成收敛，共 5 轮迭代
    [CG] [CG-NODE] depth=0 exit=CERTIFIED certified=1 feasible=1 iters=5 generatedColsBeforeNode=0 newCols=57 posCandidates=57 duplicateCandidates=0 updatedCols=0 zeroObjImproveIters=0 objFirst=142306401.194608 objLast=173316215.091635 objGain=31009813.897026 maxRC=59518310.986239 wallSec=0.007978 pricingSec=0.005193 cplexSolveSec=0.001495
    [CG] [CG-NODE] depth=0 exit=CERTIFIED certified=1 feasible=1 iters=5 generatedColsBeforeNode=0 newCols=57 posCandidates=57 duplicateCandidates=0 updatedCols=0 zeroObjImproveIters=0 objFirst=142326794.634812 objLast=173307071.670621 objGain=30980277.035809 maxRC=59519644.562382 wallSec=0.014257 pricingSec=0.009904 cplexSolveSec=0.002389
      [BB] 根节点即为整数解，obj=173316215.091635
    [CG] CG iter 2: obj=160195583.214973, maxRC=10132635.270143, +17 cols
      [BB] 根节点即为整数解，obj=173307071.670621
    [CG]   [DIAG] iter=2 posCols=17 newCols=17 effImprove=17 updated=0
    [CG] CG iter 2: obj=160203221.778733, maxRC=9473844.227832, +17 cols
    [CG]   [DIAG] iter=2 posCols=17 newCols=17 effImprove=17 updated=0
    [CG] CG iter 3: obj=167924783.962173, maxRC=3769514.135165, +12 cols
    [CG]   [DIAG] iter=3 posCols=12 newCols=12 effImprove=12 updated=0
    [CG] CG iter 4: obj=171465670.579483, maxRC=1690122.123657, +8 cols
    [CG]   [DIAG] iter=4 posCols=8 newCols=8 effImprove=8 updated=0
    [CG] CG iter 3: obj=166601126.175684, maxRC=7057253.078220, +15 cols
    [CG] CG iter 5: obj=173283838.866456, maxRC=1145777.694905, +5 cols
    [CG]   [DIAG] iter=5 posCols=5 newCols=5 effImprove=5 updated=0
    [CG]   [DIAG] iter=3 posCols=15 newCols=15 effImprove=15 updated=0
    [CG] 列生成开始，初始列数=128
    [CG] 列生成开始，初始列数=128
    [CG] 列生成开始，初始列数=128
    [CG] 列生成收敛，共 6 轮迭代
    [CG] [CG-NODE] depth=0 exit=CERTIFIED certified=1 feasible=1 iters=6 generatedColsBeforeNode=0 newCols=65 posCandidates=65 duplicateCandidates=0 updatedCols=0 zeroObjImproveIters=1 objFirst=142045840.146151 objLast=173283838.866456 objGain=31237998.720305 maxRC=59519664.224599 wallSec=0.008662 pricingSec=0.005534 cplexSolveSec=0.001739
      [BB] 根节点即为整数解，obj=173283838.866456
    [CG] CG iter 4: obj=171496486.373888, maxRC=2476408.269917, +7 cols
    [CG] 列生成开始，初始列数=128
    [CG]   [DIAG] iter=4 posCols=7 newCols=7 effImprove=7 updated=0
    [CG] 列生成收敛，共 5 轮迭代
    [CG] [CG-NODE] depth=0 exit=CERTIFIED certified=1 feasible=1 iters=5 generatedColsBeforeNode=0 newCols=62 posCandidates=62 duplicateCandidates=0 updatedCols=0 zeroObjImproveIters=0 objFirst=141925220.032167 objLast=173314377.623581 objGain=31389157.591414 maxRC=59510541.231130 wallSec=0.016390 pricingSec=0.011516 cplexSolveSec=0.002657
      [BB] 根节点即为整数解，obj=173314377.623581
    [CG] 列生成开始，初始列数=128
    [CG] 列生成开始，初始列数=128
    [CG] CG iter 1: obj=142227689.708992, maxRC=59519734.703453, +23 cols
    [CG]   [DIAG] iter=1 posCols=23 newCols=23 effImprove=23 updated=0
    [CG] CG iter 2: obj=160128808.869711, maxRC=10697366.427424, +17 cols
    [CG]   [DIAG] iter=2 posCols=17 newCols=17 effImprove=17 updated=0
    [CG] CG iter 3: obj=166229917.969835, maxRC=6293899.098018, +12 cols
    [CG]   [DIAG] iter=3 posCols=12 newCols=12 effImprove=12 updated=0
    [CG] CG iter 4: obj=168989484.406513, maxRC=4071235.955408, +7 cols
    [CG]   [DIAG] iter=4 posCols=7 newCols=7 effImprove=7 updated=0
    [CG] CG iter 1: obj=142190890.045374, maxRC=59518310.986239, +23 cols
    [CG] CG iter 1: obj=142316254.822894, maxRC=59519752.401832, +23 cols
    [CG] CG iter 5: obj=173188080.886639, maxRC=1470559.093953, +2 cols
    [CG]   [DIAG] iter=5 posCols=2 newCols=2 effImprove=2 updated=0
    [CG]   [DIAG] iter=1 posCols=23 newCols=23 effImprove=23 updated=0
    [CG]   [DIAG] iter=1 posCols=23 newCols=23 effImprove=23 updated=0
    [CG] CG iter 1: obj=142303651.146690, maxRC=59518310.986239, +23 cols
    [CG]   [DIAG] iter=1 posCols=23 newCols=23 effImprove=23 updated=0
    [CG] CG iter 6: obj=173188080.886639, maxRC=98203.276913, +1 cols
    [CG]   [DIAG] iter=6 posCols=1 newCols=1 effImprove=1 updated=0
    [CG] 列生成收敛，共 7 轮迭代
    [CG] [CG-NODE] depth=0 exit=CERTIFIED certified=1 feasible=1 iters=7 generatedColsBeforeNode=0 newCols=62 posCandidates=62 duplicateCandidates=0 updatedCols=0 zeroObjImproveIters=2 objFirst=142227689.708992 objLast=173188080.886639 objGain=30960391.177647 maxRC=59519734.703453 wallSec=0.008170 pricingSec=0.005171 cplexSolveSec=0.001656
      [BB] 根节点即为整数解，obj=173188080.886639
    [CG] CG iter 1: obj=142303935.507738, maxRC=59519832.925579, +23 cols
    [CG] CG iter 2: obj=160205241.293701, maxRC=10624006.894342, +17 cols
    [CG]   [DIAG] iter=1 posCols=23 newCols=23 effImprove=23 updated=0
    [CG] CG iter 2: obj=160124115.574792, maxRC=10624006.894342, +17 cols
    [CG]   [DIAG] iter=2 posCols=17 newCols=17 effImprove=17 updated=0
    [CG] CG iter 2: obj=160190161.023325, maxRC=10623485.371715, +17 cols
    [CG]   [DIAG] iter=2 posCols=17 newCols=17 effImprove=17 updated=0
    [CG]   [DIAG] iter=2 posCols=17 newCols=17 effImprove=17 updated=0
    [CG] CG iter 1: obj=142055709.271666, maxRC=59519752.131033, +23 cols
    [CG]   [DIAG] iter=1 posCols=23 newCols=23 effImprove=23 updated=0
    [CG] CG iter 3: obj=166347484.862148, maxRC=6307200.862706, +12 cols
    [CG]   [DIAG] iter=3 posCols=12 newCols=12 effImprove=12 updated=0
    [CG] CG iter 2: obj=160203099.937069, maxRC=10623512.916594, +17 cols
    [CG] CG iter 2: obj=160205259.431178, maxRC=10132781.472484, +17 cols
    [CG]   [DIAG] iter=2 posCols=17 newCols=17 effImprove=17 updated=0
    [CG] CG iter 1: obj=142303517.795176, maxRC=59519664.224599, +23 cols
    [CG]   [DIAG] iter=2 posCols=17 newCols=17 effImprove=17 updated=0
    [CG] CG iter 3: obj=166326754.271478, maxRC=6304861.985874, +12 cols
    [CG] CG iter 3: obj=166259210.970758, maxRC=6314345.197955, +12 cols
    [CG]   [DIAG] iter=3 posCols=12 newCols=12 effImprove=12 updated=0
    [CG]   [DIAG] iter=1 posCols=23 newCols=23 effImprove=23 updated=0
    [CG]   [DIAG] iter=3 posCols=12 newCols=12 effImprove=12 updated=0
    [CG] CG iter 4: obj=169097955.653610, maxRC=4100437.756969, +5 cols
    [CG]   [DIAG] iter=4 posCols=5 newCols=5 effImprove=5 updated=0
    [CG] CG iter 1: obj=142180261.615214, maxRC=59436605.107190, +23 cols
    [CG] 列生成开始，初始列数=128
    [CG] CG iter 3: obj=167935103.146672, maxRC=3769933.866654, +12 cols
    [CG]   [DIAG] iter=3 posCols=12 newCols=12 effImprove=12 updated=0
    [CG]   [DIAG] iter=1 posCols=23 newCols=23 effImprove=23 updated=0
    [CG] 列生成收敛，共 5 轮迭代
    [CG] [CG-NODE] depth=0 exit=CERTIFIED certified=1 feasible=1 iters=5 generatedColsBeforeNode=0 newCols=57 posCandidates=57 duplicateCandidates=0 updatedCols=0 zeroObjImproveIters=0 objFirst=142303651.146690 objLast=173316211.752826 objGain=31012560.606137 maxRC=59518310.986239 wallSec=0.011186 pricingSec=0.007526 cplexSolveSec=0.001946
    [CG] CG iter 4: obj=169074749.179027, maxRC=4095412.242552, +5 cols
    [CG] CG iter 4: obj=169016826.097470, maxRC=4100435.371274, +5 cols
    [CG]   [DIAG] iter=4 posCols=5 newCols=5 effImprove=5 updated=0
    [CG] CG iter 3: obj=166334199.818656, maxRC=6312022.760647, +12 cols
    [CG]   [DIAG] iter=4 posCols=5 newCols=5 effImprove=5 updated=0
      [BB] 根节点即为整数解，obj=173316211.752826
    [CG]   [DIAG] iter=3 posCols=12 newCols=12 effImprove=12 updated=0
    [CG] CG iter 4: obj=171476104.836425, maxRC=1690034.495291, +8 cols
    [CG] CG iter 2: obj=160196312.663764, maxRC=10623316.737727, +17 cols
    [CG]   [DIAG] iter=4 posCols=8 newCols=8 effImprove=8 updated=0
    [CG]   [DIAG] iter=2 posCols=17 newCols=17 effImprove=17 updated=0
    [CG] 列生成收敛，共 5 轮迭代
    [CG] CG iter 5: obj=173293961.463545, maxRC=1145962.476226, +5 cols
    [CG] [CG-NODE] depth=0 exit=CERTIFIED certified=1 feasible=1 iters=5 generatedColsBeforeNode=0 newCols=57 posCandidates=57 duplicateCandidates=0 updatedCols=0 zeroObjImproveIters=0 objFirst=142316254.822894 objLast=173295206.937711 objGain=30978952.114817 maxRC=59519752.401832 wallSec=0.017684 pricingSec=0.011969 cplexSolveSec=0.002773
    [CG]   [DIAG] iter=5 posCols=5 newCols=5 effImprove=5 updated=0
    [CG] 列生成收敛，共 5 轮迭代
    [CG] [CG-NODE] depth=0 exit=CERTIFIED certified=1 feasible=1 iters=5 generatedColsBeforeNode=0 newCols=57 posCandidates=57 duplicateCandidates=0 updatedCols=0 zeroObjImproveIters=0 objFirst=142190890.045374 objLast=173235083.634998 objGain=31044193.589624 maxRC=59518310.986239 wallSec=0.017323 pricingSec=0.012035 cplexSolveSec=0.002721
      [BB] 根节点即为整数解，obj=173295206.937711
    [CG] CG iter 4: obj=169073707.365154, maxRC=4090536.887726, +5 cols
      [BB] 根节点即为整数解，obj=173235083.634998
    [CG]   [DIAG] iter=4 posCols=5 newCols=5 effImprove=5 updated=0
    [CG] 列生成收敛，共 6 轮迭代
    [CG] [CG-NODE] depth=0 exit=CERTIFIED certified=1 feasible=1 iters=6 generatedColsBeforeNode=0 newCols=65 posCandidates=65 duplicateCandidates=0 updatedCols=0 zeroObjImproveIters=1 objFirst=142055709.271666 objLast=173293961.463545 objGain=31238252.191879 maxRC=59519752.131033 wallSec=0.008361 pricingSec=0.005467 cplexSolveSec=0.001641
      [BB] 根节点即为整数解，obj=173293961.463545
    [CG] CG iter 3: obj=166327388.706803, maxRC=6311734.233048, +12 cols
    [CG]   [DIAG] iter=3 posCols=12 newCols=12 effImprove=12 updated=0
    [CG] CG iter 5: obj=173292087.652038, maxRC=6295.176898, +1 cols
    [CG]   [DIAG] iter=5 posCols=1 newCols=1 effImprove=1 updated=0
    [CG] CG iter 2: obj=160073474.395174, maxRC=10573493.222767, +17 cols
    [CG]   [DIAG] iter=2 posCols=17 newCols=17 effImprove=17 updated=0
    [CG] CG iter 4: obj=169066598.989463, maxRC=4090399.784876, +5 cols
    [CG]   [DIAG] iter=4 posCols=5 newCols=5 effImprove=5 updated=0
    [CG] 列生成收敛，共 6 轮迭代
    [CG] [CG-NODE] depth=0 exit=CERTIFIED certified=1 feasible=1 iters=6 generatedColsBeforeNode=0 newCols=58 posCandidates=58 duplicateCandidates=0 updatedCols=0 zeroObjImproveIters=1 objFirst=142303935.507738 objLast=173292087.652038 objGain=30988152.144300 maxRC=59519832.925579 wallSec=0.012565 pricingSec=0.008307 cplexSolveSec=0.002432
      [BB] 根节点即为整数解，obj=173292087.652038
    [CG] 列生成开始，初始列数=128
    [CG] CG iter 5: obj=173285044.937656, maxRC=5940.650478, +1 cols
    [CG]   [DIAG] iter=5 posCols=1 newCols=1 effImprove=1 updated=0
    [CG] 列生成收敛，共 6 轮迭代
    [CG] [CG-NODE] depth=0 exit=CERTIFIED certified=1 feasible=1 iters=6 generatedColsBeforeNode=0 newCols=58 posCandidates=58 duplicateCandidates=0 updatedCols=0 zeroObjImproveIters=1 objFirst=142303517.795176 objLast=173285044.937656 objGain=30981527.142480 maxRC=59519664.224599 wallSec=0.011300 pricingSec=0.007519 cplexSolveSec=0.002162
      [BB] 根节点即为整数解，obj=173285044.937656
    [CG] CG iter 3: obj=166229351.252100, maxRC=6309997.850862, +12 cols
    [CG]   [DIAG] iter=3 posCols=12 newCols=12 effImprove=12 updated=0
    [CG] CG iter 4: obj=168982519.849393, maxRC=4136262.674999, +5 cols
    [CG]   [DIAG] iter=4 posCols=5 newCols=5 effImprove=5 updated=0
    [CG] CG iter 1: obj=142186290.981582, maxRC=59519824.504619, +23 cols
    [CG]   [DIAG] iter=1 posCols=23 newCols=23 effImprove=23 updated=0
    [CG] 列生成收敛，共 5 轮迭代
    [CG] [CG-NODE] depth=0 exit=CERTIFIED certified=1 feasible=1 iters=5 generatedColsBeforeNode=0 newCols=57 posCandidates=57 duplicateCandidates=0 updatedCols=0 zeroObjImproveIters=0 objFirst=142180261.615214 objLast=173205923.839336 objGain=31025662.224122 maxRC=59436605.107190 wallSec=0.017299 pricingSec=0.011662 cplexSolveSec=0.003164
      [BB] 根节点即为整数解，obj=173205923.839336
    [CG] CG iter 2: obj=160185507.648613, maxRC=10623612.841704, +17 cols
    [CG]   [DIAG] iter=2 posCols=17 newCols=17 effImprove=17 updated=0
    [CG] CG iter 3: obj=166326143.748454, maxRC=6309032.817898, +12 cols
    [CG]   [DIAG] iter=3 posCols=12 newCols=12 effImprove=12 updated=0
    [CG] CG iter 4: obj=169078336.293974, maxRC=4100514.438419, +5 cols
    [CG]   [DIAG] iter=4 posCols=5 newCols=5 effImprove=5 updated=0
    [CG] CG iter 1: obj=142296676.151463, maxRC=59519563.220823, +23 cols
    [CG]   [DIAG] iter=1 posCols=23 newCols=23 effImprove=23 updated=0
    [CG] 列生成收敛，共 5 轮迭代
    [CG] [CG-NODE] depth=0 exit=CERTIFIED certified=1 feasible=1 iters=5 generatedColsBeforeNode=0 newCols=57 posCandidates=57 duplicateCandidates=0 updatedCols=0 zeroObjImproveIters=0 objFirst=142186290.981582 objLast=173296677.596973 objGain=31110386.615390 maxRC=59519824.504619 wallSec=0.010360 pricingSec=0.006817 cplexSolveSec=0.001934
      [BB] 根节点即为整数解，obj=173296677.596973
    [CG] CG iter 2: obj=160204514.273104, maxRC=10624157.664208, +17 cols
    [CG]   [DIAG] iter=2 posCols=17 newCols=17 effImprove=17 updated=0
    [CG] CG iter 3: obj=166329109.375062, maxRC=6314390.915447, +11 cols
    [CG]   [DIAG] iter=3 posCols=11 newCols=11 effImprove=11 updated=0
    [CG] CG iter 4: obj=169062182.518223, maxRC=4084511.526712, +5 cols
    [CG]   [DIAG] iter=4 posCols=5 newCols=5 effImprove=5 updated=0
    [CG] CG iter 5: obj=173280328.473596, maxRC=18952.238928, +1 cols
    [CG]   [DIAG] iter=5 posCols=1 newCols=1 effImprove=1 updated=0
    [CG] 列生成收敛，共 6 轮迭代
    [CG] [CG-NODE] depth=0 exit=CERTIFIED certified=1 feasible=1 iters=6 generatedColsBeforeNode=0 newCols=57 posCandidates=57 duplicateCandidates=0 updatedCols=0 zeroObjImproveIters=1 objFirst=142296676.151463 objLast=173280328.473596 objGain=30983652.322133 maxRC=59519563.220823 wallSec=0.011992 pricingSec=0.007872 cplexSolveSec=0.002406
      [BB] 根节点即为整数解，obj=173280328.473596
[GA] 代数 8: Best=173345972.89, Avg=173306267.03, Worst=173069660.53, Valid=30/30, 耗时=0.05s (连续8代未提升)
  ├─ 求解: 30 个体 fork 并行 | CG迭代=134 加列=1423 BB分支=0
  ├─ 并行墙钟=0.0516s | 串行等效(ΣBP)=0.3069s | 加速比=5.94x
  ├─ 管理开销=-0.2552s (fork=0.0040 wait=0.0473 merge=0.0003)
  └─ CG明细: gen_logs/run_gen8_ind{0..29}.log
    [CG] 列生成开始，初始列数=128
    [CG] 列生成开始，初始列数=128
    [CG] 列生成开始，初始列数=128
    [CG] 列生成开始，初始列数=128
    [CG] 列生成开始，初始列数=128
    [CG] 列生成开始，初始列数=128
    [CG] 列生成开始，初始列数=128
    [CG] 列生成开始，初始列数=128
    [CG] CG iter 1: obj=141990705.885508, maxRC=59519664.224599, +23 cols
    [CG]   [DIAG] iter=1 posCols=23 newCols=23 effImprove=23 updated=0
    [CG] CG iter 1: obj=142177290.815199, maxRC=59513957.232487, +23 cols
    [CG]   [DIAG] iter=1 posCols=23 newCols=23 effImprove=23 updated=0
    [CG] CG iter 1: obj=142208597.465611, maxRC=59519644.562382, +23 cols
    [CG]   [DIAG] iter=1 posCols=23 newCols=23 effImprove=23 updated=0
    [CG] CG iter 2: obj=160122092.353443, maxRC=9474003.278025, +17 cols
    [CG]   [DIAG] iter=2 posCols=17 newCols=17 effImprove=17 updated=0
    [CG] CG iter 1: obj=142323810.436752, maxRC=59518444.965246, +23 cols
    [CG]   [DIAG] iter=1 posCols=23 newCols=23 effImprove=23 updated=0
    [CG] CG iter 2: obj=160174744.385821, maxRC=10623471.286938, +17 cols
    [CG]   [DIAG] iter=2 posCols=17 newCols=17 effImprove=17 updated=0
    [CG] CG iter 2: obj=160204089.789359, maxRC=10623818.121916, +17 cols
    [CG] CG iter 3: obj=166518101.809075, maxRC=7053989.606075, +15 cols
    [CG]   [DIAG] iter=2 posCols=17 newCols=17 effImprove=17 updated=0
    [CG]   [DIAG] iter=3 posCols=15 newCols=15 effImprove=15 updated=0
    [CG] CG iter 3: obj=166308488.599989, maxRC=6303682.717080, +12 cols
    [CG] CG iter 4: obj=171408319.000622, maxRC=2471273.992882, +7 cols
    [CG] CG iter 2: obj=160197452.448928, maxRC=10626892.217189, +17 cols
    [CG]   [DIAG] iter=4 posCols=7 newCols=7 effImprove=7 updated=0
    [CG]   [DIAG] iter=3 posCols=12 newCols=12 effImprove=12 updated=0
    [CG]   [DIAG] iter=2 posCols=17 newCols=17 effImprove=17 updated=0
    [CG] CG iter 1: obj=142064243.197191, maxRC=59519752.131033, +23 cols
    [CG] CG iter 3: obj=166346261.331880, maxRC=6307297.918194, +12 cols
    [CG]   [DIAG] iter=3 posCols=12 newCols=12 effImprove=12 updated=0
    [CG] 列生成收敛，共 5 轮迭代
    [CG] [CG-NODE] depth=0 exit=CERTIFIED certified=1 feasible=1 iters=5 generatedColsBeforeNode=0 newCols=62 posCandidates=62 duplicateCandidates=0 updatedCols=0 zeroObjImproveIters=0 objFirst=141990705.885508 objLast=173228145.037733 objGain=31237439.152226 maxRC=59519664.224599 wallSec=0.010371 pricingSec=0.006794 cplexSolveSec=0.001825
    [CG]   [DIAG] iter=1 posCols=23 newCols=23 effImprove=23 updated=0
    [CG] CG iter 1: obj=141740229.300153, maxRC=59510720.650752, +23 cols
      [BB] 根节点即为整数解，obj=173228145.037733
    [CG] CG iter 1: obj=141898286.897046, maxRC=59510541.231130, +23 cols
    [CG] CG iter 4: obj=169055296.888730, maxRC=4092884.747517, +5 cols
    [CG]   [DIAG] iter=4 posCols=5 newCols=5 effImprove=5 updated=0
    [CG]   [DIAG] iter=1 posCols=23 newCols=23 effImprove=23 updated=0
    [CG]   [DIAG] iter=1 posCols=23 newCols=23 effImprove=23 updated=0
    [CG] CG iter 3: obj=166336449.826036, maxRC=6307283.034633, +12 cols
    [CG]   [DIAG] iter=3 posCols=12 newCols=12 effImprove=12 updated=0
    [CG] CG iter 4: obj=169096821.900481, maxRC=4100484.488469, +5 cols
    [CG]   [DIAG] iter=4 posCols=5 newCols=5 effImprove=5 updated=0
    [CG] 列生成收敛，共 5 轮迭代
    [CG] [CG-NODE] depth=0 exit=CERTIFIED certified=1 feasible=1 iters=5 generatedColsBeforeNode=0 newCols=57 posCandidates=57 duplicateCandidates=0 updatedCols=0 zeroObjImproveIters=0 objFirst=142177290.815199 objLast=173276760.352688 objGain=31099469.537489 maxRC=59513957.232487 wallSec=0.011589 pricingSec=0.007891 cplexSolveSec=0.002091
      [BB] 根节点即为整数解，obj=173276760.352688
    [CG] 列生成收敛，共 5 轮迭代
    [CG] [CG-NODE] depth=0 exit=CERTIFIED certified=1 feasible=1 iters=5 generatedColsBeforeNode=0 newCols=57 posCandidates=57 duplicateCandidates=0 updatedCols=0 zeroObjImproveIters=0 objFirst=142208597.465611 objLast=173315055.011723 objGain=31106457.546113 maxRC=59519644.562382 wallSec=0.011985 pricingSec=0.008140 cplexSolveSec=0.002248
    [CG] CG iter 4: obj=169086050.241368, maxRC=4098559.052458, +5 cols
    [CG]   [DIAG] iter=4 posCols=5 newCols=5 effImprove=5 updated=0
      [BB] 根节点即为整数解，obj=173315055.011723
    [CG] CG iter 2: obj=160197042.826366, maxRC=10133058.366930, +17 cols
    [CG] CG iter 2: obj=160022842.546290, maxRC=9475908.252912, +17 cols
    [CG]   [DIAG] iter=2 posCols=17 newCols=17 effImprove=17 updated=0
    [CG]   [DIAG] iter=2 posCols=17 newCols=17 effImprove=17 updated=0
    [CG] CG iter 2: obj=160199831.066159, maxRC=9475756.938594, +17 cols
    [CG] 列生成收敛，共 5 轮迭代
    [CG] [CG-NODE] depth=0 exit=CERTIFIED certified=1 feasible=1 iters=5 generatedColsBeforeNode=0 newCols=57 posCandidates=57 duplicateCandidates=0 updatedCols=0 zeroObjImproveIters=0 objFirst=142323810.436752 objLast=173303177.171028 objGain=30979366.734276 maxRC=59518444.965246 wallSec=0.011924 pricingSec=0.008043 cplexSolveSec=0.002172
    [CG]   [DIAG] iter=2 posCols=17 newCols=17 effImprove=17 updated=0
      [BB] 根节点即为整数解，obj=173303177.171028
    [CG] 列生成开始，初始列数=128
    [CG] CG iter 1: obj=142306097.805706, maxRC=59518310.986239, +23 cols
    [CG]   [DIAG] iter=1 posCols=23 newCols=23 effImprove=23 updated=0
    [CG] CG iter 3: obj=167941243.881629, maxRC=3746834.048910, +12 cols
    [CG] CG iter 3: obj=166418688.920441, maxRC=7052908.597137, +15 cols
    [CG]   [DIAG] iter=3 posCols=12 newCols=12 effImprove=12 updated=0
    [CG]   [DIAG] iter=3 posCols=15 newCols=15 effImprove=15 updated=0
    [CG] CG iter 3: obj=166595691.203572, maxRC=7033824.431238, +15 cols
    [CG]   [DIAG] iter=3 posCols=15 newCols=15 effImprove=15 updated=0
    [CG] CG iter 4: obj=171310402.366425, maxRC=2472058.094860, +7 cols
    [CG]   [DIAG] iter=4 posCols=7 newCols=7 effImprove=7 updated=0
    [CG] CG iter 4: obj=171482252.094011, maxRC=1698749.340511, +8 cols
    [CG]   [DIAG] iter=4 posCols=8 newCols=8 effImprove=8 updated=0
    [CG] 列生成开始，初始列数=128
    [CG] CG iter 4: obj=171468308.649001, maxRC=2421615.019002, +7 cols
    [CG] 列生成收敛，共 5 轮迭代
    [CG]   [DIAG] iter=4 posCols=7 newCols=7 effImprove=7 updated=0
    [CG] [CG-NODE] depth=0 exit=CERTIFIED certified=1 feasible=1 iters=5 generatedColsBeforeNode=0 newCols=62 posCandidates=62 duplicateCandidates=0 updatedCols=0 zeroObjImproveIters=0 objFirst=141740229.300153 objLast=173128297.332316 objGain=31388068.032163 maxRC=59510720.650752 wallSec=0.015096 pricingSec=0.010480 cplexSolveSec=0.002614
    [CG] CG iter 2: obj=160205244.632509, maxRC=10624006.894342, +17 cols
      [BB] 根节点即为整数解，obj=173128297.332316
    [CG]   [DIAG] iter=2 posCols=17 newCols=17 effImprove=17 updated=0
    [CG] 列生成开始，初始列数=128
    [CG] CG iter 5: obj=173300100.717115, maxRC=1125955.631914, +4 cols
    [CG]   [DIAG] iter=5 posCols=4 newCols=4 effImprove=4 updated=0
    [CG] 列生成收敛，共 5 轮迭代
    [CG] [CG-NODE] depth=0 exit=CERTIFIED certified=1 feasible=1 iters=5 generatedColsBeforeNode=0 newCols=62 posCandidates=62 duplicateCandidates=0 updatedCols=0 zeroObjImproveIters=0 objFirst=141898286.897046 objLast=173286199.898694 objGain=31387913.001648 maxRC=59510541.231130 wallSec=0.015286 pricingSec=0.010433 cplexSolveSec=0.002680
    [CG] 列生成开始，初始列数=128
      [BB] 根节点即为整数解，obj=173286199.898694
    [CG] 列生成收敛，共 6 轮迭代
    [CG] [CG-NODE] depth=0 exit=CERTIFIED certified=1 feasible=1 iters=6 generatedColsBeforeNode=0 newCols=64 posCandidates=64 duplicateCandidates=0 updatedCols=0 zeroObjImproveIters=1 objFirst=142064243.197191 objLast=173300100.717115 objGain=31235857.519924 maxRC=59519752.131033 wallSec=0.016462 pricingSec=0.011250 cplexSolveSec=0.003116
      [BB] 根节点即为整数解，obj=173300100.717115
    [CG] CG iter 1: obj=141927419.255677, maxRC=59510628.049009, +23 cols
    [CG]   [DIAG] iter=1 posCols=23 newCols=23 effImprove=23 updated=0
    [CG] CG iter 3: obj=166347337.057791, maxRC=6307212.806531, +12 cols
    [CG]   [DIAG] iter=3 posCols=12 newCols=12 effImprove=12 updated=0
    [CG] CG iter 2: obj=160205518.645194, maxRC=9474015.211361, +17 cols
    [CG]   [DIAG] iter=2 posCols=17 newCols=17 effImprove=17 updated=0
    [CG] 列生成开始，初始列数=128
    [CG] CG iter 4: obj=169097655.603516, maxRC=4100366.703768, +5 cols
    [CG] CG iter 3: obj=166603421.819683, maxRC=7057249.431220, +15 cols
    [CG]   [DIAG] iter=4 posCols=5 newCols=5 effImprove=5 updated=0
    [CG]   [DIAG] iter=3 posCols=15 newCols=15 effImprove=15 updated=0
    [CG] CG iter 4: obj=171498832.921541, maxRC=2476391.413284, +7 cols
    [CG]   [DIAG] iter=4 posCols=7 newCols=7 effImprove=7 updated=0
    [CG] 列生成开始，初始列数=128
    [CG] 列生成收敛，共 5 轮迭代
    [CG] [CG-NODE] depth=0 exit=CERTIFIED certified=1 feasible=1 iters=5 generatedColsBeforeNode=0 newCols=62 posCandidates=62 duplicateCandidates=0 updatedCols=0 zeroObjImproveIters=0 objFirst=141927419.255677 objLast=173316681.544645 objGain=31389262.288968 maxRC=59510628.049009 wallSec=0.006901 pricingSec=0.004488 cplexSolveSec=0.001295
    [CG] 列生成收敛，共 5 轮迭代
    [CG] [CG-NODE] depth=0 exit=CERTIFIED certified=1 feasible=1 iters=5 generatedColsBeforeNode=0 newCols=57 posCandidates=57 duplicateCandidates=0 updatedCols=0 zeroObjImproveIters=0 objFirst=142306097.805706 objLast=173315911.702733 objGain=31009813.897027 maxRC=59518310.986239 wallSec=0.018649 pricingSec=0.012851 cplexSolveSec=0.003300
    [CG] 列生成开始，初始列数=128
      [BB] 根节点即为整数解，obj=173316681.544645
      [BB] 根节点即为整数解，obj=173315911.702733
    [CG] 列生成开始，初始列数=128
    [CG] 列生成开始，初始列数=128
    [CG] CG iter 1: obj=142335019.774868, maxRC=59519644.562382, +23 cols
    [CG]   [DIAG] iter=1 posCols=23 newCols=23 effImprove=23 updated=0
    [CG] CG iter 2: obj=160205322.053676, maxRC=10623303.616357, +17 cols
    [CG]   [DIAG] iter=2 posCols=17 newCols=17 effImprove=17 updated=0
    [CG] CG iter 3: obj=166347801.262749, maxRC=6307293.628706, +12 cols
    [CG]   [DIAG] iter=3 posCols=12 newCols=12 effImprove=12 updated=0
    [CG] CG iter 4: obj=169098225.199823, maxRC=4100614.928857, +5 cols
    [CG]   [DIAG] iter=4 posCols=5 newCols=5 effImprove=5 updated=0
    [CG] CG iter 1: obj=141961385.573449, maxRC=59518288.013839, +23 cols
    [CG]   [DIAG] iter=1 posCols=23 newCols=23 effImprove=23 updated=0
    [CG] 列生成收敛，共 5 轮迭代
    [CG] [CG-NODE] depth=0 exit=CERTIFIED certified=1 feasible=1 iters=5 generatedColsBeforeNode=0 newCols=57 posCandidates=57 duplicateCandidates=0 updatedCols=0 zeroObjImproveIters=0 objFirst=142335019.774868 objLast=173316607.487931 objGain=30981587.713063 maxRC=59519644.562382 wallSec=0.008564 pricingSec=0.005658 cplexSolveSec=0.001521
    [CG] CG iter 1: obj=142302892.817741, maxRC=59519644.562382, +23 cols
      [BB] 根节点即为整数解，obj=173316607.487931
    [CG]   [DIAG] iter=1 posCols=23 newCols=23 effImprove=23 updated=0
    [CG] CG iter 2: obj=160125095.268171, maxRC=10373305.759090, +17 cols
    [CG]   [DIAG] iter=2 posCols=17 newCols=17 effImprove=17 updated=0
    [CG] CG iter 1: obj=142169629.959483, maxRC=59518310.986239, +23 cols
    [CG] CG iter 3: obj=165244695.048507, maxRC=8721757.627805, +13 cols
    [CG]   [DIAG] iter=3 posCols=13 newCols=13 effImprove=13 updated=0
    [CG]   [DIAG] iter=1 posCols=23 newCols=23 effImprove=23 updated=0
    [CG] CG iter 2: obj=160202055.985930, maxRC=10623818.121916, +17 cols
    [CG] CG iter 4: obj=170375632.077408, maxRC=3144662.420125, +9 cols
    [CG]   [DIAG] iter=4 posCols=9 newCols=9 effImprove=9 updated=0
    [CG] CG iter 1: obj=142305505.587338, maxRC=59519752.401832, +23 cols
    [CG]   [DIAG] iter=2 posCols=17 newCols=17 effImprove=17 updated=0
    [CG] CG iter 1: obj=142303256.011388, maxRC=59519664.224599, +23 cols
    [CG] CG iter 1: obj=142255423.070549, maxRC=59519832.925579, +23 cols
    [CG]   [DIAG] iter=1 posCols=23 newCols=23 effImprove=23 updated=0
    [CG]   [DIAG] iter=1 posCols=23 newCols=23 effImprove=23 updated=0
    [CG]   [DIAG] iter=1 posCols=23 newCols=23 effImprove=23 updated=0
    [CG] CG iter 5: obj=170375632.077408, maxRC=1828947.596234, +8 cols
    [CG]   [DIAG] iter=5 posCols=8 newCols=8 effImprove=8 updated=0
    [CG] CG iter 6: obj=173118256.409693, maxRC=136264.015822, +1 cols
    [CG]   [DIAG] iter=6 posCols=1 newCols=1 effImprove=1 updated=0
    [CG] CG iter 3: obj=166332905.591820, maxRC=6311978.174223, +12 cols
    [CG] CG iter 7: obj=173118256.409693, maxRC=117822.166254, +1 cols
    [CG]   [DIAG] iter=7 posCols=1 newCols=1 effImprove=1 updated=0
    [CG]   [DIAG] iter=3 posCols=12 newCols=12 effImprove=12 updated=0
    [CG] 列生成开始，初始列数=128
    [CG] 列生成收敛，共 8 轮迭代
    [CG] [CG-NODE] depth=0 exit=CERTIFIED certified=1 feasible=1 iters=8 generatedColsBeforeNode=0 newCols=72 posCandidates=72 duplicateCandidates=0 updatedCols=0 zeroObjImproveIters=2 objFirst=141961385.573449 objLast=173236078.575947 objGain=31274693.002498 maxRC=59518288.013839 wallSec=0.007468 pricingSec=0.004614 cplexSolveSec=0.001601
    [CG] CG iter 2: obj=160063851.419757, maxRC=10624006.894342, +17 cols
      [BB] 根节点即为整数解，obj=173236078.575947
    [CG]   [DIAG] iter=2 posCols=17 newCols=17 effImprove=17 updated=0
    [CG] CG iter 4: obj=169072498.280624, maxRC=4090481.663808, +5 cols
    [CG]   [DIAG] iter=4 posCols=5 newCols=5 effImprove=5 updated=0
    [CG] CG iter 2: obj=160196119.297567, maxRC=10623469.224839, +17 cols
    [CG] CG iter 2: obj=160205522.253461, maxRC=10623512.916594, +17 cols
    [CG] CG iter 2: obj=160190161.023325, maxRC=10623485.371715, +17 cols
    [CG]   [DIAG] iter=2 posCols=17 newCols=17 effImprove=17 updated=0
    [CG]   [DIAG] iter=2 posCols=17 newCols=17 effImprove=17 updated=0
    [CG]   [DIAG] iter=2 posCols=17 newCols=17 effImprove=17 updated=0
    [CG] CG iter 5: obj=173290740.508413, maxRC=6304.947613, +1 cols
    [CG]   [DIAG] iter=5 posCols=1 newCols=1 effImprove=1 updated=0
    [CG] CG iter 1: obj=142024350.609453, maxRC=59510541.231130, +23 cols
    [CG]   [DIAG] iter=1 posCols=23 newCols=23 effImprove=23 updated=0
    [CG] 列生成收敛，共 6 轮迭代
    [CG] [CG-NODE] depth=0 exit=CERTIFIED certified=1 feasible=1 iters=6 generatedColsBeforeNode=0 newCols=58 posCandidates=58 duplicateCandidates=0 updatedCols=0 zeroObjImproveIters=1 objFirst=142302892.817741 objLast=173290740.508413 objGain=30987847.690672 maxRC=59519644.562382 wallSec=0.012269 pricingSec=0.008111 cplexSolveSec=0.002355
      [BB] 根节点即为整数解，obj=173290740.508413
    [CG] CG iter 3: obj=166206095.539489, maxRC=6307200.311420, +12 cols
    [CG] 列生成开始，初始列数=128
    [CG]   [DIAG] iter=3 posCols=12 newCols=12 effImprove=12 updated=0
    [CG] CG iter 3: obj=166327113.239425, maxRC=6311713.443050, +12 cols
    [CG]   [DIAG] iter=3 posCols=12 newCols=12 effImprove=12 updated=0
    [CG] CG iter 2: obj=160199835.530682, maxRC=10627691.494633, +17 cols
    [CG] CG iter 3: obj=166326754.271478, maxRC=6304861.985874, +12 cols
    [CG] CG iter 3: obj=166347976.848575, maxRC=6307309.727724, +12 cols
    [CG]   [DIAG] iter=2 posCols=17 newCols=17 effImprove=17 updated=0
    [CG]   [DIAG] iter=3 posCols=12 newCols=12 effImprove=12 updated=0
    [CG]   [DIAG] iter=3 posCols=12 newCols=12 effImprove=12 updated=0
    [CG] CG iter 4: obj=168956565.779665, maxRC=4100437.756969, +5 cols
    [CG]   [DIAG] iter=4 posCols=5 newCols=5 effImprove=5 updated=0
    [CG] CG iter 4: obj=169066337.205676, maxRC=4090365.311288, +5 cols
    [CG]   [DIAG] iter=4 posCols=5 newCols=5 effImprove=5 updated=0
    [CG] CG iter 3: obj=166276360.357386, maxRC=6334044.402665, +11 cols
    [CG]   [DIAG] iter=3 posCols=11 newCols=11 effImprove=11 updated=0
    [CG] CG iter 4: obj=169074749.179027, maxRC=4095412.242552, +5 cols
    [CG] CG iter 4: obj=169098419.497975, maxRC=4100539.712387, +5 cols
    [CG]   [DIAG] iter=4 posCols=5 newCols=5 effImprove=5 updated=0
    [CG]   [DIAG] iter=4 posCols=5 newCols=5 effImprove=5 updated=0
    [CG] 列生成收敛，共 5 轮迭代
    [CG] [CG-NODE] depth=0 exit=CERTIFIED certified=1 feasible=1 iters=5 generatedColsBeforeNode=0 newCols=57 posCandidates=57 duplicateCandidates=0 updatedCols=0 zeroObjImproveIters=0 objFirst=142169629.959483 objLast=173174821.878882 objGain=31005191.919399 maxRC=59518310.986239 wallSec=0.019233 pricingSec=0.013073 cplexSolveSec=0.003457
    [CG] CG iter 5: obj=173284748.680280, maxRC=5940.650478, +1 cols
    [CG]   [DIAG] iter=5 posCols=1 newCols=1 effImprove=1 updated=0
    [CG] CG iter 4: obj=168963553.721803, maxRC=4039997.003626, +5 cols
      [BB] 根节点即为整数解，obj=173174821.878882
    [CG] 列生成开始，初始列数=128
    [CG]   [DIAG] iter=4 posCols=5 newCols=5 effImprove=5 updated=0
    [CG] 列生成收敛，共 5 轮迭代
    [CG] 列生成收敛，共 5 轮迭代
    [CG] [CG-NODE] depth=0 exit=CERTIFIED certified=1 feasible=1 iters=5 generatedColsBeforeNode=0 newCols=57 posCandidates=57 duplicateCandidates=0 updatedCols=0 zeroObjImproveIters=0 objFirst=142305505.587338 objLast=173295206.937711 objGain=30989701.350373 maxRC=59519752.401832 wallSec=0.019400 pricingSec=0.013125 cplexSolveSec=0.003528
    [CG] [CG-NODE] depth=0 exit=CERTIFIED certified=1 feasible=1 iters=5 generatedColsBeforeNode=0 newCols=57 posCandidates=57 duplicateCandidates=0 updatedCols=0 zeroObjImproveIters=0 objFirst=142255423.070549 objLast=173316790.668312 objGain=31061367.597763 maxRC=59519832.925579 wallSec=0.015041 pricingSec=0.010115 cplexSolveSec=0.002925
      [BB] 根节点即为整数解，obj=173295206.937711
    [CG] 列生成收敛，共 5 轮迭代
    [CG] [CG-NODE] depth=0 exit=CERTIFIED certified=1 feasible=1 iters=5 generatedColsBeforeNode=0 newCols=56 posCandidates=56 duplicateCandidates=0 updatedCols=0 zeroObjImproveIters=0 objFirst=142024350.609453 objLast=173180642.708634 objGain=31156292.099181 maxRC=59510541.231130 wallSec=0.013073 pricingSec=0.008588 cplexSolveSec=0.002428
    [CG] 列生成收敛，共 6 轮迭代
    [CG] [CG-NODE] depth=0 exit=CERTIFIED certified=1 feasible=1 iters=6 generatedColsBeforeNode=0 newCols=58 posCandidates=58 duplicateCandidates=0 updatedCols=0 zeroObjImproveIters=1 objFirst=142303256.011388 objLast=173284748.680280 objGain=30981492.668891 maxRC=59519664.224599 wallSec=0.019186 pricingSec=0.012811 cplexSolveSec=0.003636
      [BB] 根节点即为整数解，obj=173316790.668312
      [BB] 根节点即为整数解，obj=173180642.708634
      [BB] 根节点即为整数解，obj=173284748.680280
    [CG] CG iter 1: obj=142253593.473183, maxRC=59519644.562382, +23 cols
    [CG]   [DIAG] iter=1 posCols=23 newCols=23 effImprove=23 updated=0
    [CG] 列生成开始，初始列数=128
    [CG] CG iter 2: obj=160203833.854226, maxRC=10623818.121916, +17 cols
    [CG]   [DIAG] iter=2 posCols=17 newCols=17 effImprove=17 updated=0
    [CG] 列生成开始，初始列数=128
    [CG] 列生成开始，初始列数=128
    [CG] CG iter 3: obj=166345830.901169, maxRC=6307200.328099, +12 cols
    [CG]   [DIAG] iter=3 posCols=12 newCols=12 effImprove=12 updated=0
    [CG] CG iter 4: obj=169096293.879674, maxRC=4100315.802361, +5 cols
    [CG]   [DIAG] iter=4 posCols=5 newCols=5 effImprove=5 updated=0
    [CG] 列生成收敛，共 5 轮迭代
    [CG] [CG-NODE] depth=0 exit=CERTIFIED certified=1 feasible=1 iters=5 generatedColsBeforeNode=0 newCols=57 posCandidates=57 duplicateCandidates=0 updatedCols=0 zeroObjImproveIters=0 objFirst=142253593.473183 objLast=173314583.396729 objGain=31060989.923546 maxRC=59519644.562382 wallSec=0.007796 pricingSec=0.005182 cplexSolveSec=0.001419
      [BB] 根节点即为整数解，obj=173314583.396729
    [CG] CG iter 1: obj=142254050.418070, maxRC=59519308.082075, +23 cols
    [CG] CG iter 1: obj=142181859.191673, maxRC=59510541.231130, +23 cols
    [CG]   [DIAG] iter=1 posCols=23 newCols=23 effImprove=23 updated=0
    [CG]   [DIAG] iter=1 posCols=23 newCols=23 effImprove=23 updated=0
    [CG] CG iter 2: obj=160203221.778733, maxRC=10623512.806048, +17 cols
    [CG]   [DIAG] iter=2 posCols=17 newCols=17 effImprove=17 updated=0
    [CG] CG iter 3: obj=166345599.598934, maxRC=6307273.701620, +12 cols
    [CG]   [DIAG] iter=3 posCols=12 newCols=12 effImprove=12 updated=0
    [CG] CG iter 4: obj=169096044.046984, maxRC=4100560.236127, +5 cols
    [CG]   [DIAG] iter=4 posCols=5 newCols=5 effImprove=5 updated=0
    [CG] CG iter 2: obj=160203811.010751, maxRC=10623568.442715, +17 cols
    [CG] 列生成收敛，共 5 轮迭代
    [CG] [CG-NODE] depth=0 exit=CERTIFIED certified=1 feasible=1 iters=5 generatedColsBeforeNode=0 newCols=57 posCandidates=57 duplicateCandidates=0 updatedCols=0 zeroObjImproveIters=0 objFirst=142181859.191673 objLast=173314377.623581 objGain=31132518.431908 maxRC=59510541.231130 wallSec=0.006523 pricingSec=0.004213 cplexSolveSec=0.001239
    [CG]   [DIAG] iter=2 posCols=17 newCols=17 effImprove=17 updated=0
      [BB] 根节点即为整数解，obj=173314377.623581
    [CG] CG iter 1: obj=142296455.845668, maxRC=59519563.220823, +23 cols
    [CG]   [DIAG] iter=1 posCols=23 newCols=23 effImprove=23 updated=0
    [CG] CG iter 1: obj=142080729.720979, maxRC=59519644.562382, +23 cols
    [CG]   [DIAG] iter=1 posCols=23 newCols=23 effImprove=23 updated=0
    [CG] CG iter 2: obj=160204514.273104, maxRC=10624157.664208, +17 cols
    [CG]   [DIAG] iter=2 posCols=17 newCols=17 effImprove=17 updated=0
    [CG] CG iter 3: obj=166346059.155112, maxRC=6307277.565019, +12 cols
    [CG]   [DIAG] iter=3 posCols=12 newCols=12 effImprove=12 updated=0
    [CG] CG iter 2: obj=160201636.244125, maxRC=10132728.505299, +17 cols
    [CG]   [DIAG] iter=2 posCols=17 newCols=17 effImprove=17 updated=0
    [CG] CG iter 3: obj=166328999.222165, maxRC=6314438.128811, +11 cols
    [CG]   [DIAG] iter=3 posCols=11 newCols=11 effImprove=11 updated=0
    [CG] CG iter 1: obj=142280095.347619, maxRC=59442648.758994, +23 cols
    [CG] CG iter 4: obj=169061962.212429, maxRC=4084409.186632, +5 cols
    [CG]   [DIAG] iter=4 posCols=5 newCols=5 effImprove=5 updated=0
    [CG] CG iter 4: obj=169096606.844145, maxRC=4100644.209148, +5 cols
    [CG]   [DIAG] iter=1 posCols=23 newCols=23 effImprove=23 updated=0
    [CG]   [DIAG] iter=4 posCols=5 newCols=5 effImprove=5 updated=0
    [CG] CG iter 3: obj=167958789.913586, maxRC=3736205.345722, +12 cols
    [CG]   [DIAG] iter=3 posCols=12 newCols=12 effImprove=12 updated=0
    [CG] CG iter 5: obj=173280108.167801, maxRC=19172.544723, +1 cols
    [CG]   [DIAG] iter=5 posCols=1 newCols=1 effImprove=1 updated=0
    [CG] 列生成收敛，共 5 轮迭代
    [CG] [CG-NODE] depth=0 exit=CERTIFIED certified=1 feasible=1 iters=5 generatedColsBeforeNode=0 newCols=57 posCandidates=57 duplicateCandidates=0 updatedCols=0 zeroObjImproveIters=0 objFirst=142254050.418070 objLast=173314852.737134 objGain=31060802.319065 maxRC=59519308.082075 wallSec=0.017669 pricingSec=0.012172 cplexSolveSec=0.003120
    [CG] 列生成收敛，共 6 轮迭代
    [CG] [CG-NODE] depth=0 exit=CERTIFIED certified=1 feasible=1 iters=6 generatedColsBeforeNode=0 newCols=57 posCandidates=57 duplicateCandidates=0 updatedCols=0 zeroObjImproveIters=1 objFirst=142296455.845668 objLast=173280108.167801 objGain=30983652.322133 maxRC=59519563.220823 wallSec=0.009535 pricingSec=0.006304 cplexSolveSec=0.001809
    [CG] CG iter 4: obj=171489174.470796, maxRC=1698843.477048, +8 cols
      [BB] 根节点即为整数解，obj=173280108.167801
    [CG]   [DIAG] iter=4 posCols=8 newCols=8 effImprove=8 updated=0
      [BB] 根节点即为整数解，obj=173314852.737134
    [CG] CG iter 2: obj=160073474.395174, maxRC=10082608.761379, +16 cols
    [CG]   [DIAG] iter=2 posCols=16 newCols=16 effImprove=16 updated=0
    [CG] CG iter 5: obj=173307071.670621, maxRC=1125952.429679, +4 cols
    [CG]   [DIAG] iter=5 posCols=4 newCols=4 effImprove=4 updated=0
    [CG] CG iter 3: obj=163982824.103714, maxRC=9409869.176877, +14 cols
    [CG] 列生成收敛，共 6 轮迭代
    [CG]   [DIAG] iter=3 posCols=14 newCols=14 effImprove=14 updated=0
    [CG] [CG-NODE] depth=0 exit=CERTIFIED certified=1 feasible=1 iters=6 generatedColsBeforeNode=0 newCols=64 posCandidates=64 duplicateCandidates=0 updatedCols=0 zeroObjImproveIters=1 objFirst=142080729.720979 objLast=173307071.670621 objGain=31226341.949642 maxRC=59519644.562382 wallSec=0.014119 pricingSec=0.009441 cplexSolveSec=0.002517
      [BB] 根节点即为整数解，obj=173307071.670621
    [CG] CG iter 4: obj=173205923.839336, maxRC=2671771.566589, +6 cols
    [CG]   [DIAG] iter=4 posCols=6 newCols=6 effImprove=6 updated=0
    [CG] 列生成收敛，共 5 轮迭代
    [CG] [CG-NODE] depth=0 exit=CERTIFIED certified=1 feasible=1 iters=5 generatedColsBeforeNode=0 newCols=59 posCandidates=59 duplicateCandidates=0 updatedCols=0 zeroObjImproveIters=1 objFirst=142280095.347619 objLast=173205923.839336 objGain=30925828.491717 maxRC=59442648.758994 wallSec=0.011489 pricingSec=0.007956 cplexSolveSec=0.001848
      [BB] 根节点即为整数解，obj=173205923.839336
[GA] 代数 9: Best=173345972.89, Avg=173307485.13, Worst=173157183.02, Valid=30/30, 耗时=0.05s (连续9代未提升)
  ├─ 求解: 30 个体 fork 并行 | CG迭代=123 加列=1363 BB分支=0
  ├─ 并行墙钟=0.0480s | 串行等效(ΣBP)=0.3050s | 加速比=6.35x
  ├─ 管理开销=-0.2570s (fork=0.0037 wait=0.0440 merge=0.0003)
  └─ CG明细: gen_logs/run_gen9_ind{0..29}.log
    [CG] 列生成开始，初始列数=128
    [CG] 列生成开始，初始列数=128
    [CG] 列生成开始，初始列数=128
    [CG] 列生成开始，初始列数=128
    [CG] 列生成开始，初始列数=128
    [CG] 列生成开始，初始列数=128
    [CG] 列生成开始，初始列数=128
    [CG] 列生成开始，初始列数=128
    [CG] CG iter 1: obj=141925224.436241, maxRC=59510541.231130, +23 cols
    [CG]   [DIAG] iter=1 posCols=23 newCols=23 effImprove=23 updated=0
    [CG] CG iter 2: obj=160203225.376219, maxRC=9473844.227832, +17 cols
    [CG]   [DIAG] iter=2 posCols=17 newCols=17 effImprove=17 updated=0
    [CG] CG iter 3: obj=166601130.042033, maxRC=7057253.448216, +15 cols
    [CG]   [DIAG] iter=3 posCols=15 newCols=15 effImprove=15 updated=0
    [CG] CG iter 4: obj=171496489.971374, maxRC=2476409.076505, +7 cols
    [CG]   [DIAG] iter=4 posCols=7 newCols=7 effImprove=7 updated=0
    [CG] CG iter 1: obj=142302496.452291, maxRC=59518264.859835, +23 cols
    [CG]   [DIAG] iter=1 posCols=23 newCols=23 effImprove=23 updated=0
    [CG] 列生成收敛，共 5 轮迭代
    [CG] [CG-NODE] depth=0 exit=CERTIFIED certified=1 feasible=1 iters=5 generatedColsBeforeNode=0 newCols=62 posCandidates=62 duplicateCandidates=0 updatedCols=0 zeroObjImproveIters=0 objFirst=141925224.436241 objLast=173314381.221068 objGain=31389156.784826 maxRC=59510541.231130 wallSec=0.006168 pricingSec=0.003954 cplexSolveSec=0.001159
      [BB] 根节点即为整数解，obj=173314381.221068
    [CG] CG iter 2: obj=160204848.445382, maxRC=10624006.894342, +17 cols
    [CG]   [DIAG] iter=2 posCols=17 newCols=17 effImprove=17 updated=0
    [CG] CG iter 3: obj=166347097.652227, maxRC=6307206.527357, +12 cols
    [CG]   [DIAG] iter=3 posCols=12 newCols=12 effImprove=12 updated=0
    [CG] CG iter 1: obj=142104375.013761, maxRC=59510541.231130, +23 cols
    [CG]   [DIAG] iter=1 posCols=23 newCols=23 effImprove=23 updated=0
    [CG] CG iter 4: obj=169097574.108340, maxRC=4100444.789211, +5 cols
    [CG]   [DIAG] iter=4 posCols=5 newCols=5 effImprove=5 updated=0
    [CG] 列生成收敛，共 5 轮迭代
    [CG] [CG-NODE] depth=0 exit=CERTIFIED certified=1 feasible=1 iters=5 generatedColsBeforeNode=0 newCols=57 posCandidates=57 duplicateCandidates=0 updatedCols=0 zeroObjImproveIters=0 objFirst=142302496.452291 objLast=173315825.503818 objGain=31013329.051526 maxRC=59518264.859835 wallSec=0.007543 pricingSec=0.004946 cplexSolveSec=0.001353
      [BB] 根节点即为整数解，obj=173315825.503818
    [CG] 列生成开始，初始列数=128
    [CG] CG iter 1: obj=142088176.598715, maxRC=59519644.562382, +23 cols
    [CG]   [DIAG] iter=1 posCols=23 newCols=23 effImprove=23 updated=0
    [CG] CG iter 2: obj=160146878.308616, maxRC=10697218.898489, +17 cols
    [CG]   [DIAG] iter=2 posCols=17 newCols=17 effImprove=17 updated=0
    [CG] CG iter 3: obj=166255727.973462, maxRC=6297120.863493, +12 cols
    [CG]   [DIAG] iter=3 posCols=12 newCols=12 effImprove=12 updated=0
    [CG] 列生成开始，初始列数=128
    [CG] CG iter 2: obj=160204745.217263, maxRC=10132617.772922, +17 cols
    [CG]   [DIAG] iter=2 posCols=17 newCols=17 effImprove=17 updated=0
    [CG] CG iter 1: obj=142321165.325305, maxRC=59519627.136944, +23 cols
    [CG] CG iter 4: obj=169018516.175615, maxRC=4078063.643896, +7 cols
    [CG]   [DIAG] iter=4 posCols=7 newCols=7 effImprove=7 updated=0
    [CG]   [DIAG] iter=1 posCols=23 newCols=23 effImprove=23 updated=0
    [CG] CG iter 3: obj=167967424.521575, maxRC=3732649.034192, +12 cols
    [CG]   [DIAG] iter=3 posCols=12 newCols=12 effImprove=12 updated=0
    [CG] CG iter 5: obj=173214353.159982, maxRC=1479707.848333, +2 cols
    [CG]   [DIAG] iter=5 posCols=2 newCols=2 effImprove=2 updated=0
    [CG] CG iter 6: obj=173214353.159982, maxRC=101796.815596, +1 cols
    [CG]   [DIAG] iter=6 posCols=1 newCols=1 effImprove=1 updated=0
    [CG] CG iter 2: obj=160200985.223714, maxRC=10627747.267072, +17 cols
    [CG]   [DIAG] iter=2 posCols=17 newCols=17 effImprove=17 updated=0
    [CG] CG iter 4: obj=171497837.399461, maxRC=1700124.417393, +8 cols
    [CG]   [DIAG] iter=4 posCols=8 newCols=8 effImprove=8 updated=0
    [CG] CG iter 1: obj=142324869.191173, maxRC=59519644.562382, +23 cols
    [CG] 列生成收敛，共 7 轮迭代
    [CG] [CG-NODE] depth=0 exit=CERTIFIED certified=1 feasible=1 iters=7 generatedColsBeforeNode=0 newCols=62 posCandidates=62 duplicateCandidates=0 updatedCols=0 zeroObjImproveIters=2 objFirst=142104375.013761 objLast=173214353.159982 objGain=31109978.146220 maxRC=59510541.231130 wallSec=0.012240 pricingSec=0.007790 cplexSolveSec=0.002561
    [CG]   [DIAG] iter=1 posCols=23 newCols=23 effImprove=23 updated=0
      [BB] 根节点即为整数解，obj=173214353.159982
    [CG] CG iter 5: obj=173315710.439627, maxRC=1122786.326739, +4 cols
    [CG]   [DIAG] iter=5 posCols=4 newCols=4 effImprove=4 updated=0
    [CG] CG iter 3: obj=166339763.941896, maxRC=6307287.841972, +12 cols
    [CG]   [DIAG] iter=3 posCols=12 newCols=12 effImprove=12 updated=0
    [CG] CG iter 1: obj=141907683.234210, maxRC=59510541.231130, +23 cols
    [CG] 列生成收敛，共 6 轮迭代
    [CG] [CG-NODE] depth=0 exit=CERTIFIED certified=1 feasible=1 iters=6 generatedColsBeforeNode=0 newCols=64 posCandidates=64 duplicateCandidates=0 updatedCols=0 zeroObjImproveIters=1 objFirst=142088176.598715 objLast=173315710.439627 objGain=31227533.840912 maxRC=59519644.562382 wallSec=0.013988 pricingSec=0.009186 cplexSolveSec=0.002777
    [CG]   [DIAG] iter=1 posCols=23 newCols=23 effImprove=23 updated=0
      [BB] 根节点即为整数解，obj=173315710.439627
    [CG] CG iter 4: obj=169089369.164567, maxRC=4098029.143027, +5 cols
    [CG]   [DIAG] iter=4 posCols=5 newCols=5 effImprove=5 updated=0
    [CG] CG iter 2: obj=160195361.823629, maxRC=10623818.121916, +17 cols
    [CG] 列生成开始，初始列数=128
    [CG]   [DIAG] iter=2 posCols=17 newCols=17 effImprove=17 updated=0
    [CG] CG iter 1: obj=142093725.238091, maxRC=59509733.660121, +23 cols
    [CG]   [DIAG] iter=1 posCols=23 newCols=23 effImprove=23 updated=0
    [CG] 列生成收敛，共 5 轮迭代
    [CG] [CG-NODE] depth=0 exit=CERTIFIED certified=1 feasible=1 iters=5 generatedColsBeforeNode=0 newCols=57 posCandidates=57 duplicateCandidates=0 updatedCols=0 zeroObjImproveIters=0 objFirst=142321165.325305 objLast=173306427.870713 objGain=30985262.545408 maxRC=59519627.136944 wallSec=0.015204 pricingSec=0.010758 cplexSolveSec=0.002449
    [CG] CG iter 1: obj=142209317.974517, maxRC=59519644.562382, +23 cols
      [BB] 根节点即为整数解，obj=173306427.870713
    [CG] CG iter 2: obj=160185684.980775, maxRC=9473844.227832, +17 cols
    [CG] CG iter 2: obj=160195526.245753, maxRC=10627106.549020, +17 cols
    [CG]   [DIAG] iter=2 posCols=17 newCols=17 effImprove=17 updated=0
    [CG]   [DIAG] iter=1 posCols=23 newCols=23 effImprove=23 updated=0
    [CG]   [DIAG] iter=2 posCols=17 newCols=17 effImprove=17 updated=0
    [CG] CG iter 1: obj=141981631.816617, maxRC=59513894.439822, +23 cols
    [CG]   [DIAG] iter=1 posCols=23 newCols=23 effImprove=23 updated=0
    [CG] CG iter 3: obj=166337585.020217, maxRC=6307226.945506, +12 cols
    [CG] CG iter 3: obj=166335843.570038, maxRC=6306980.336368, +12 cols
    [CG]   [DIAG] iter=3 posCols=12 newCols=12 effImprove=12 updated=0
    [CG]   [DIAG] iter=3 posCols=12 newCols=12 effImprove=12 updated=0
    [CG] CG iter 4: obj=169087239.242603, maxRC=4099678.768234, +5 cols
    [CG]   [DIAG] iter=4 posCols=5 newCols=5 effImprove=5 updated=0
    [CG] CG iter 2: obj=160204619.944617, maxRC=10623303.616357, +17 cols
    [CG] CG iter 3: obj=166583589.377726, maxRC=7057253.078220, +15 cols
    [CG] CG iter 2: obj=160205548.194043, maxRC=9474000.512805, +17 cols
    [CG]   [DIAG] iter=2 posCols=17 newCols=17 effImprove=17 updated=0
    [CG]   [DIAG] iter=2 posCols=17 newCols=17 effImprove=17 updated=0
    [CG]   [DIAG] iter=3 posCols=15 newCols=15 effImprove=15 updated=0
    [CG] 列生成收敛，共 5 轮迭代
    [CG] [CG-NODE] depth=0 exit=CERTIFIED certified=1 feasible=1 iters=5 generatedColsBeforeNode=0 newCols=57 posCandidates=57 duplicateCandidates=0 updatedCols=0 zeroObjImproveIters=0 objFirst=142093725.238091 objLast=173304363.207887 objGain=31210637.969796 maxRC=59509733.660121 wallSec=0.008157 pricingSec=0.005470 cplexSolveSec=0.001450
      [BB] 根节点即为整数解，obj=173304363.207887
    [CG] 列生成开始，初始列数=128
    [CG] CG iter 4: obj=169088074.616128, maxRC=4100472.426931, +5 cols
    [CG]   [DIAG] iter=4 posCols=5 newCols=5 effImprove=5 updated=0
    [CG] CG iter 4: obj=171478949.575931, maxRC=2476408.269917, +7 cols
    [CG]   [DIAG] iter=4 posCols=7 newCols=7 effImprove=7 updated=0
    [CG] CG iter 3: obj=166347047.499624, maxRC=6307364.601394, +12 cols
    [CG]   [DIAG] iter=3 posCols=12 newCols=12 effImprove=12 updated=0
    [CG] CG iter 3: obj=166603467.393271, maxRC=7057258.213779, +15 cols
    [CG]   [DIAG] iter=3 posCols=15 newCols=15 effImprove=15 updated=0
    [CG] 列生成收敛，共 5 轮迭代
    [CG] [CG-NODE] depth=0 exit=CERTIFIED certified=1 feasible=1 iters=5 generatedColsBeforeNode=0 newCols=62 posCandidates=62 duplicateCandidates=0 updatedCols=0 zeroObjImproveIters=0 objFirst=141907683.234210 objLast=173296840.825624 objGain=31389157.591414 maxRC=59510541.231130 wallSec=0.018184 pricingSec=0.012358 cplexSolveSec=0.003141
    [CG] 列生成收敛，共 5 轮迭代
    [CG] [CG-NODE] depth=0 exit=CERTIFIED certified=1 feasible=1 iters=5 generatedColsBeforeNode=0 newCols=57 posCandidates=57 duplicateCandidates=0 updatedCols=0 zeroObjImproveIters=0 objFirst=142324869.191173 objLast=173306319.825491 objGain=30981450.634318 maxRC=59519644.562382 wallSec=0.018710 pricingSec=0.013846 cplexSolveSec=0.002867
    [CG] 列生成开始，初始列数=128
      [BB] 根节点即为整数解，obj=173296840.825624
    [CG] CG iter 4: obj=169097542.409387, maxRC=4100626.990396, +5 cols
      [BB] 根节点即为整数解，obj=173306319.825491
    [CG]   [DIAG] iter=4 posCols=5 newCols=5 effImprove=5 updated=0
    [CG] CG iter 4: obj=171498882.256292, maxRC=2476365.643328, +7 cols
    [CG]   [DIAG] iter=4 posCols=7 newCols=7 effImprove=7 updated=0
    [CG] CG iter 1: obj=142054951.438732, maxRC=59519308.082075, +23 cols
    [CG] 列生成开始，初始列数=128
    [CG] 列生成收敛，共 5 轮迭代
    [CG] [CG-NODE] depth=0 exit=CERTIFIED certified=1 feasible=1 iters=5 generatedColsBeforeNode=0 newCols=57 posCandidates=57 duplicateCandidates=0 updatedCols=0 zeroObjImproveIters=0 objFirst=142209317.974517 objLast=173315912.599375 objGain=31106594.624858 maxRC=59519644.562382 wallSec=0.019392 pricingSec=0.013974 cplexSolveSec=0.002804
    [CG]   [DIAG] iter=1 posCols=23 newCols=23 effImprove=23 updated=0
    [CG] 列生成收敛，共 5 轮迭代
    [CG] [CG-NODE] depth=0 exit=CERTIFIED certified=1 feasible=1 iters=5 generatedColsBeforeNode=0 newCols=62 posCandidates=62 duplicateCandidates=0 updatedCols=0 zeroObjImproveIters=0 objFirst=141981631.816617 objLast=173316730.879396 objGain=31335099.062780 maxRC=59513894.439822 wallSec=0.012722 pricingSec=0.008569 cplexSolveSec=0.002215
      [BB] 根节点即为整数解，obj=173315912.599375
      [BB] 根节点即为整数解，obj=173316730.879396
    [CG] CG iter 2: obj=160204078.694399, maxRC=10132369.645790, +17 cols
    [CG]   [DIAG] iter=2 posCols=17 newCols=17 effImprove=17 updated=0
    [CG] 列生成开始，初始列数=128
    [CG] CG iter 3: obj=167933979.899195, maxRC=3769965.646281, +12 cols
    [CG]   [DIAG] iter=3 posCols=12 newCols=12 effImprove=12 updated=0
    [CG] CG iter 4: obj=171475009.317655, maxRC=1690224.676924, +8 cols
    [CG]   [DIAG] iter=4 posCols=8 newCols=8 effImprove=8 updated=0
    [CG] CG iter 5: obj=173292840.995148, maxRC=1145965.748754, +5 cols
    [CG]   [DIAG] iter=5 posCols=5 newCols=5 effImprove=5 updated=0
    [CG] 列生成开始，初始列数=128
    [CG] 列生成收敛，共 6 轮迭代
    [CG] [CG-NODE] depth=0 exit=CERTIFIED certified=1 feasible=1 iters=6 generatedColsBeforeNode=0 newCols=65 posCandidates=65 duplicateCandidates=0 updatedCols=0 zeroObjImproveIters=1 objFirst=142054951.438732 objLast=173292840.995148 objGain=31237889.556416 maxRC=59519308.082075 wallSec=0.008787 pricingSec=0.005822 cplexSolveSec=0.001730
      [BB] 根节点即为整数解，obj=173292840.995148
    [CG] 列生成开始，初始列数=128
    [CG] 列生成开始，初始列数=128
    [CG] 列生成开始，初始列数=128
    [CG] CG iter 1: obj=141815315.094745, maxRC=59510628.049009, +23 cols
    [CG]   [DIAG] iter=1 posCols=23 newCols=23 effImprove=23 updated=0
    [CG] CG iter 1: obj=142310692.123787, maxRC=59518224.168360, +23 cols
    [CG] CG iter 2: obj=160026210.769196, maxRC=9474000.512805, +17 cols
    [CG]   [DIAG] iter=2 posCols=17 newCols=17 effImprove=17 updated=0
    [CG]   [DIAG] iter=1 posCols=23 newCols=23 effImprove=23 updated=0
    [CG] CG iter 3: obj=166424129.968424, maxRC=7057258.213779, +15 cols
    [CG]   [DIAG] iter=3 posCols=15 newCols=15 effImprove=15 updated=0
    [CG] CG iter 4: obj=171319544.831446, maxRC=2476365.643328, +7 cols
    [CG]   [DIAG] iter=4 posCols=7 newCols=7 effImprove=7 updated=0
    [CG] CG iter 2: obj=160204826.766182, maxRC=10623859.365407, +17 cols
    [CG]   [DIAG] iter=2 posCols=17 newCols=17 effImprove=17 updated=0
    [CG] 列生成收敛，共 5 轮迭代
    [CG] [CG-NODE] depth=0 exit=CERTIFIED certified=1 feasible=1 iters=5 generatedColsBeforeNode=0 newCols=62 posCandidates=62 duplicateCandidates=0 updatedCols=0 zeroObjImproveIters=0 objFirst=141815315.094745 objLast=173137393.454550 objGain=31322078.359805 maxRC=59510628.049009 wallSec=0.007181 pricingSec=0.004784 cplexSolveSec=0.001239
      [BB] 根节点即为整数解，obj=173137393.454550
    [CG] CG iter 1: obj=142224068.356430, maxRC=59519752.401832, +23 cols
    [CG]   [DIAG] iter=1 posCols=23 newCols=23 effImprove=23 updated=0
    [CG] CG iter 3: obj=166347040.530387, maxRC=6307225.531389, +12 cols
    [CG]   [DIAG] iter=3 posCols=12 newCols=12 effImprove=12 updated=0
    [CG] CG iter 4: obj=169097535.990532, maxRC=4100461.053801, +5 cols
    [CG]   [DIAG] iter=4 posCols=5 newCols=5 effImprove=5 updated=0
    [CG] 列生成开始，初始列数=128
    [CG] CG iter 2: obj=160123701.512796, maxRC=10623485.371715, +17 cols
    [CG]   [DIAG] iter=2 posCols=17 newCols=17 effImprove=17 updated=0
    [CG] 列生成收敛，共 5 轮迭代
    [CG] [CG-NODE] depth=0 exit=CERTIFIED certified=1 feasible=1 iters=5 generatedColsBeforeNode=0 newCols=57 posCandidates=57 duplicateCandidates=0 updatedCols=0 zeroObjImproveIters=0 objFirst=142310692.123787 objLast=173315770.384803 objGain=31005078.261015 maxRC=59518224.168360 wallSec=0.010811 pricingSec=0.007158 cplexSolveSec=0.001972
      [BB] 根节点即为整数解，obj=173315770.384803
    [CG] CG iter 3: obj=166258975.386621, maxRC=6314502.635681, +12 cols
    [CG] CG iter 1: obj=142286972.680415, maxRC=59518310.986239, +23 cols
    [CG]   [DIAG] iter=3 posCols=12 newCols=12 effImprove=12 updated=0
    [CG]   [DIAG] iter=1 posCols=23 newCols=23 effImprove=23 updated=0
    [CG] CG iter 4: obj=169016610.943978, maxRC=4100574.764049, +5 cols
    [CG]   [DIAG] iter=4 posCols=5 newCols=5 effImprove=5 updated=0
    [CG] CG iter 1: obj=142179180.376903, maxRC=59510628.049009, +23 cols
    [CG]   [DIAG] iter=1 posCols=23 newCols=23 effImprove=23 updated=0
    [CG] 列生成收敛，共 5 轮迭代
    [CG] [CG-NODE] depth=0 exit=CERTIFIED certified=1 feasible=1 iters=5 generatedColsBeforeNode=0 newCols=57 posCandidates=57 duplicateCandidates=0 updatedCols=0 zeroObjImproveIters=0 objFirst=142224068.356430 objLast=173235004.050275 objGain=31010935.693845 maxRC=59519752.401832 wallSec=0.016102 pricingSec=0.011014 cplexSolveSec=0.002665
    [CG] 列生成开始，初始列数=128
      [BB] 根节点即为整数解，obj=173235004.050275
    [CG] CG iter 2: obj=160205521.984003, maxRC=10623692.318510, +17 cols
    [CG] CG iter 2: obj=160189621.246279, maxRC=10624006.894342, +17 cols
    [CG]   [DIAG] iter=2 posCols=17 newCols=17 effImprove=17 updated=0
    [CG]   [DIAG] iter=2 posCols=17 newCols=17 effImprove=17 updated=0
    [CG] CG iter 1: obj=142054335.027163, maxRC=59518310.986239, +23 cols
    [CG]   [DIAG] iter=1 posCols=23 newCols=23 effImprove=23 updated=0
    [CG] CG iter 3: obj=166347763.621944, maxRC=6307256.034197, +12 cols
    [CG]   [DIAG] iter=3 posCols=12 newCols=12 effImprove=12 updated=0
    [CG] CG iter 1: obj=142323789.228795, maxRC=59518444.965246, +23 cols
    [CG] CG iter 2: obj=160205239.662637, maxRC=10132781.484365, +17 cols
    [CG]   [DIAG] iter=2 posCols=17 newCols=17 effImprove=17 updated=0
    [CG] CG iter 4: obj=169098035.173839, maxRC=4100456.925264, +5 cols
    [CG]   [DIAG] iter=4 posCols=5 newCols=5 effImprove=5 updated=0
    [CG]   [DIAG] iter=1 posCols=23 newCols=23 effImprove=23 updated=0
    [CG] CG iter 3: obj=166325802.164290, maxRC=6304803.038322, +12 cols
    [CG]   [DIAG] iter=3 posCols=12 newCols=12 effImprove=12 updated=0
    [CG] 列生成开始，初始列数=128
    [CG] CG iter 1: obj=142163888.515895, maxRC=59513527.591428, +23 cols
    [CG] CG iter 3: obj=167957361.132777, maxRC=3743262.057763, +12 cols
    [CG] 列生成收敛，共 5 轮迭代
    [CG]   [DIAG] iter=3 posCols=12 newCols=12 effImprove=12 updated=0
    [CG] [CG-NODE] depth=0 exit=CERTIFIED certified=1 feasible=1 iters=5 generatedColsBeforeNode=0 newCols=57 posCandidates=57 duplicateCandidates=0 updatedCols=0 zeroObjImproveIters=0 objFirst=142179180.376903 objLast=173316381.494552 objGain=31137201.117648 maxRC=59510628.049009 wallSec=0.010580 pricingSec=0.007047 cplexSolveSec=0.001948
    [CG] CG iter 1: obj=142087559.867418, maxRC=59510541.231130, +23 cols
    [CG]   [DIAG] iter=1 posCols=23 newCols=23 effImprove=23 updated=0
      [BB] 根节点即为整数解，obj=173316381.494552
    [CG]   [DIAG] iter=1 posCols=23 newCols=23 effImprove=23 updated=0
    [CG] CG iter 4: obj=171498379.833951, maxRC=1700030.280856, +8 cols
    [CG]   [DIAG] iter=4 posCols=8 newCols=8 effImprove=8 updated=0
    [CG] CG iter 4: obj=169073710.941806, maxRC=4095204.182271, +5 cols
    [CG] CG iter 5: obj=173316216.721073, maxRC=1122790.266771, +4 cols
    [CG]   [DIAG] iter=4 posCols=5 newCols=5 effImprove=5 updated=0
    [CG] CG iter 2: obj=160197452.448928, maxRC=10626892.217189, +17 cols
    [CG]   [DIAG] iter=5 posCols=4 newCols=4 effImprove=4 updated=0
    [CG]   [DIAG] iter=2 posCols=17 newCols=17 effImprove=17 updated=0
    [CG] 列生成开始，初始列数=128
    [CG] CG iter 2: obj=160195367.100607, maxRC=10624340.210582, +17 cols
    [CG] 列生成收敛，共 6 轮迭代
    [CG] 列生成收敛，共 5 轮迭代
    [CG]   [DIAG] iter=2 posCols=17 newCols=17 effImprove=17 updated=0
    [CG] [CG-NODE] depth=0 exit=CERTIFIED certified=1 feasible=1 iters=6 generatedColsBeforeNode=0 newCols=64 posCandidates=64 duplicateCandidates=0 updatedCols=0 zeroObjImproveIters=1 objFirst=142054335.027163 objLast=173316216.721073 objGain=31261881.693910 maxRC=59518310.986239 wallSec=0.008515 pricingSec=0.005167 cplexSolveSec=0.001656
    [CG] [CG-NODE] depth=0 exit=CERTIFIED certified=1 feasible=1 iters=5 generatedColsBeforeNode=0 newCols=57 posCandidates=57 duplicateCandidates=0 updatedCols=0 zeroObjImproveIters=0 objFirst=142286972.680415 objLast=173294031.693409 objGain=31007059.012993 maxRC=59518310.986239 wallSec=0.019695 pricingSec=0.013086 cplexSolveSec=0.003494
    [CG] CG iter 2: obj=160123047.016531, maxRC=10623512.806048, +17 cols
      [BB] 根节点即为整数解，obj=173316216.721073
      [BB] 根节点即为整数解，obj=173294031.693409
    [CG]   [DIAG] iter=2 posCols=17 newCols=17 effImprove=17 updated=0
    [CG] CG iter 3: obj=166336449.826036, maxRC=6307283.034633, +12 cols
    [CG]   [DIAG] iter=3 posCols=12 newCols=12 effImprove=12 updated=0
    [CG] CG iter 4: obj=169086050.241368, maxRC=4098559.052458, +5 cols
    [CG]   [DIAG] iter=4 posCols=5 newCols=5 effImprove=5 updated=0
    [CG] CG iter 3: obj=166307467.520541, maxRC=6319529.199290, +11 cols
    [CG]   [DIAG] iter=3 posCols=11 newCols=11 effImprove=11 updated=0
    [CG] CG iter 3: obj=166258362.555706, maxRC=6314335.982646, +12 cols
    [CG] 列生成开始，初始列数=128
    [CG]   [DIAG] iter=3 posCols=12 newCols=12 effImprove=12 updated=0
    [CG] 列生成收敛，共 5 轮迭代
    [CG] [CG-NODE] depth=0 exit=CERTIFIED certified=1 feasible=1 iters=5 generatedColsBeforeNode=0 newCols=57 posCandidates=57 duplicateCandidates=0 updatedCols=0 zeroObjImproveIters=0 objFirst=142323789.228795 objLast=173303177.171028 objGain=30979387.942233 maxRC=59518444.965246 wallSec=0.018170 pricingSec=0.012450 cplexSolveSec=0.003083
      [BB] 根节点即为整数解，obj=173303177.171028
    [CG] CG iter 4: obj=169028341.033669, maxRC=4072923.200971, +5 cols
    [CG]   [DIAG] iter=4 posCols=5 newCols=5 effImprove=5 updated=0
    [CG] CG iter 4: obj=169015869.284782, maxRC=4100560.236127, +5 cols
    [CG] CG iter 1: obj=142041081.111691, maxRC=59519644.562382, +23 cols
    [CG]   [DIAG] iter=4 posCols=5 newCols=5 effImprove=5 updated=0
    [CG] 列生成开始，初始列数=128
    [CG]   [DIAG] iter=1 posCols=23 newCols=23 effImprove=23 updated=0
    [CG] CG iter 1: obj=142323572.259433, maxRC=59518427.539808, +23 cols
    [CG]   [DIAG] iter=1 posCols=23 newCols=23 effImprove=23 updated=0
    [CG] 列生成收敛，共 5 轮迭代
    [CG] [CG-NODE] depth=0 exit=CERTIFIED certified=1 feasible=1 iters=5 generatedColsBeforeNode=0 newCols=56 posCandidates=56 duplicateCandidates=0 updatedCols=0 zeroObjImproveIters=0 objFirst=142163888.515895 objLast=173246500.235314 objGain=31082611.719420 maxRC=59513527.591428 wallSec=0.019300 pricingSec=0.013132 cplexSolveSec=0.003428
      [BB] 根节点即为整数解，obj=173246500.235314
    [CG] 列生成收敛，共 5 轮迭代
    [CG] [CG-NODE] depth=0 exit=CERTIFIED certified=1 feasible=1 iters=5 generatedColsBeforeNode=0 newCols=57 posCandidates=57 duplicateCandidates=0 updatedCols=0 zeroObjImproveIters=0 objFirst=142087559.867418 objLast=173234202.861379 objGain=31146642.993961 maxRC=59510541.231130 wallSec=0.019480 pricingSec=0.013177 cplexSolveSec=0.003469
    [CG] 列生成开始，初始列数=128
    [CG] CG iter 1: obj=142167593.608047, maxRC=59442648.758994, +23 cols
    [CG]   [DIAG] iter=1 posCols=23 newCols=23 effImprove=23 updated=0
      [BB] 根节点即为整数解，obj=173234202.861379
    [CG] CG iter 2: obj=160197452.448928, maxRC=10626892.217189, +17 cols
    [CG]   [DIAG] iter=2 posCols=17 newCols=17 effImprove=17 updated=0
    [CG] CG iter 2: obj=160201636.244125, maxRC=10132728.505299, +17 cols
    [CG]   [DIAG] iter=2 posCols=17 newCols=17 effImprove=17 updated=0
    [CG] CG iter 2: obj=159981622.478847, maxRC=10573493.222767, +17 cols
    [CG]   [DIAG] iter=2 posCols=17 newCols=17 effImprove=17 updated=0
    [CG] CG iter 3: obj=166336449.826036, maxRC=6307283.034633, +12 cols
    [CG]   [DIAG] iter=3 posCols=12 newCols=12 effImprove=12 updated=0
    [CG] CG iter 1: obj=142300984.268758, maxRC=59519644.562382, +23 cols
    [CG]   [DIAG] iter=1 posCols=23 newCols=23 effImprove=23 updated=0
    [CG] CG iter 3: obj=166101589.945574, maxRC=6294738.283907, +12 cols
    [CG] CG iter 3: obj=167919141.304298, maxRC=3784397.874557, +12 cols
    [CG]   [DIAG] iter=3 posCols=12 newCols=12 effImprove=12 updated=0
    [CG]   [DIAG] iter=3 posCols=12 newCols=12 effImprove=12 updated=0
    [CG] CG iter 4: obj=169086050.241368, maxRC=4098559.052458, +5 cols
    [CG]   [DIAG] iter=4 posCols=5 newCols=5 effImprove=5 updated=0
    [CG] CG iter 2: obj=160200147.436947, maxRC=10623818.121916, +17 cols
    [CG]   [DIAG] iter=2 posCols=17 newCols=17 effImprove=17 updated=0
    [CG] CG iter 4: obj=168839498.975911, maxRC=4104513.780042, +5 cols
    [CG]   [DIAG] iter=4 posCols=5 newCols=5 effImprove=5 updated=0
    [CG] 列生成收敛，共 5 轮迭代
    [CG] [CG-NODE] depth=0 exit=CERTIFIED certified=1 feasible=1 iters=5 generatedColsBeforeNode=0 newCols=57 posCandidates=57 duplicateCandidates=0 updatedCols=0 zeroObjImproveIters=0 objFirst=142323572.259433 objLast=173303177.171028 objGain=30979604.911595 maxRC=59518427.539808 wallSec=0.010256 pricingSec=0.006923 cplexSolveSec=0.001817
      [BB] 根节点即为整数解，obj=173303177.171028
    [CG] 列生成收敛，共 5 轮迭代
    [CG] [CG-NODE] depth=0 exit=CERTIFIED certified=1 feasible=1 iters=5 generatedColsBeforeNode=0 newCols=57 posCandidates=57 duplicateCandidates=0 updatedCols=0 zeroObjImproveIters=0 objFirst=142167593.608047 objLast=173075949.501349 objGain=30908355.893301 maxRC=59442648.758994 wallSec=0.008169 pricingSec=0.005564 cplexSolveSec=0.001457
    [CG] CG iter 4: obj=171449525.861507, maxRC=1680598.751519, +8 cols
    [CG]   [DIAG] iter=4 posCols=8 newCols=8 effImprove=8 updated=0
      [BB] 根节点即为整数解，obj=173075949.501349
    [CG] CG iter 3: obj=166330997.042837, maxRC=6311978.174223, +12 cols
    [CG]   [DIAG] iter=3 posCols=12 newCols=12 effImprove=12 updated=0
    [CG] CG iter 4: obj=169070589.731641, maxRC=4090481.663808, +5 cols
    [CG]   [DIAG] iter=4 posCols=5 newCols=5 effImprove=5 updated=0
    [CG] CG iter 5: obj=173267423.061332, maxRC=1167615.690144, +5 cols
    [CG]   [DIAG] iter=5 posCols=5 newCols=5 effImprove=5 updated=0
    [CG] CG iter 5: obj=173288831.959430, maxRC=6304.947613, +1 cols
    [CG]   [DIAG] iter=5 posCols=1 newCols=1 effImprove=1 updated=0
    [CG] 列生成收敛，共 6 轮迭代
    [CG] [CG-NODE] depth=0 exit=CERTIFIED certified=1 feasible=1 iters=6 generatedColsBeforeNode=0 newCols=58 posCandidates=58 duplicateCandidates=0 updatedCols=0 zeroObjImproveIters=1 objFirst=142300984.268758 objLast=173288831.959430 objGain=30987847.690672 maxRC=59519644.562382 wallSec=0.007120 pricingSec=0.004653 cplexSolveSec=0.001372
      [BB] 根节点即为整数解，obj=173288831.959430
    [CG] 列生成收敛，共 6 轮迭代
    [CG] CG iter 1: obj=142174961.363752, maxRC=59512217.829871, +23 cols
    [CG] [CG-NODE] depth=0 exit=CERTIFIED certified=1 feasible=1 iters=6 generatedColsBeforeNode=0 newCols=65 posCandidates=65 duplicateCandidates=0 updatedCols=0 zeroObjImproveIters=1 objFirst=142041081.111691 objLast=173267423.061332 objGain=31226341.949642 maxRC=59519644.562382 wallSec=0.014780 pricingSec=0.009842 cplexSolveSec=0.002845
    [CG]   [DIAG] iter=1 posCols=23 newCols=23 effImprove=23 updated=0
      [BB] 根节点即为整数解，obj=173267423.061332
    [CG] CG iter 2: obj=160204514.273104, maxRC=10624157.664208, +17 cols
    [CG]   [DIAG] iter=2 posCols=17 newCols=17 effImprove=17 updated=0
    [CG] CG iter 3: obj=166328999.222165, maxRC=6314438.128811, +11 cols
    [CG]   [DIAG] iter=3 posCols=11 newCols=11 effImprove=11 updated=0
    [CG] CG iter 4: obj=169061962.212429, maxRC=4084409.186632, +5 cols
    [CG]   [DIAG] iter=4 posCols=5 newCols=5 effImprove=5 updated=0
    [CG] CG iter 5: obj=173280108.167801, maxRC=19172.544723, +1 cols
    [CG]   [DIAG] iter=5 posCols=1 newCols=1 effImprove=1 updated=0
    [CG] 列生成收敛，共 6 轮迭代
    [CG] [CG-NODE] depth=0 exit=CERTIFIED certified=1 feasible=1 iters=6 generatedColsBeforeNode=0 newCols=57 posCandidates=57 duplicateCandidates=0 updatedCols=0 zeroObjImproveIters=1 objFirst=142174961.363752 objLast=173280108.167801 objGain=31105146.804049 maxRC=59512217.829871 wallSec=0.008421 pricingSec=0.005373 cplexSolveSec=0.001771
      [BB] 根节点即为整数解，obj=173280108.167801
    [CG] CG iter 1: obj=142053214.379546, maxRC=59519644.562382, +23 cols
    [CG]   [DIAG] iter=1 posCols=23 newCols=23 effImprove=23 updated=0
    [CG] CG iter 2: obj=160179162.270654, maxRC=10132728.505299, +17 cols
    [CG]   [DIAG] iter=2 posCols=17 newCols=17 effImprove=17 updated=0
    [CG] CG iter 3: obj=167922768.163993, maxRC=3720213.056824, +12 cols
    [CG]   [DIAG] iter=3 posCols=12 newCols=12 effImprove=12 updated=0
    [CG] CG iter 4: obj=171447061.295757, maxRC=1698843.477048, +8 cols
    [CG]   [DIAG] iter=4 posCols=8 newCols=8 effImprove=8 updated=0
    [CG] CG iter 5: obj=173275508.390531, maxRC=1119875.779808, +4 cols
    [CG]   [DIAG] iter=5 posCols=4 newCols=4 effImprove=4 updated=0
    [CG] 列生成收敛，共 6 轮迭代
    [CG] [CG-NODE] depth=0 exit=CERTIFIED certified=1 feasible=1 iters=6 generatedColsBeforeNode=0 newCols=64 posCandidates=64 duplicateCandidates=0 updatedCols=0 zeroObjImproveIters=1 objFirst=142053214.379546 objLast=173275508.390531 objGain=31222294.010986 maxRC=59519644.562382 wallSec=0.018842 pricingSec=0.012571 cplexSolveSec=0.003554
      [BB] 根节点即为整数解，obj=173275508.390531
[GA] 代数 10: Best=173345972.89, Avg=173308808.91, Worst=173104835.19, Valid=30/30, 耗时=0.06s (连续10代未提升 → 提前停止)
  ├─ 求解: 30 个体 fork 并行 | CG迭代=139 加列=1544 BB分支=0
  ├─ 并行墙钟=0.0589s | 串行等效(ΣBP)=0.3446s | 加速比=5.85x
  ├─ 管理开销=-0.2857s (fork=0.0033 wait=0.0552 merge=0.0003)
  └─ CG明细: gen_logs/run_gen10_ind{0..29}.log

========== 遗传算法完成 ==========
总耗时: 0.613346s
最优适应度: 173345972.89
最优w: w0=0.00 w1=0.00 w2=0.00 w3=0.00 w4=0.00 w5=0.00 w6=0.00 w7=0.00 

========== 并行效率总报告 ==========
并行代数            : 11
并行墙钟(累计)      : 0.6094s
串行等效(ΣBP累计)   : 3.7286s
净管理开销          : -3.1192s (-511.9%)
  ├─ fork  : 0.0420s
  ├─ wait  : 0.5631s
  └─ merge : 0.0035s
加速比              : 6.12x
结论: 加速比 > 1，并行有效收益。
====================================

--- 最优解详细结果 ---
FORMAL_PASS seed=606 distance=20.00 profit=173345972.89 wall=0.63
