
      ========== [环节4/5] 列生成 CG（RMP + 定价子问题迭代求 LP 松弛） ==========
        设计: CPLEX 增量式 RMP(动态加列，不重建模型) ↔ 逐 DC 定价生成负 RC 新列
        定价并行: 否(串行逐DC) | DC 数=8 | 定价线程=4(上限pricing_threads=4)[未启用,parallel_pricing=false]
        核预算: core_budget=0(0=不限制) | GA并发进程数=见num_threads | 峰值占核=GA进程×定价线程
        RMP求解: CPLEX线程=1(cplex_threads=1)[GA并行时子进程强制回退1避免过度订阅]
        收敛: 最大迭代=2000 | tailing-off 早停=否(连续20轮改善<1e-06) | RC 阈值=1e-06
        优化: 每DC持久 PricingSolver(缓存跨迭代保留) + 持久线程池(不再每轮建销)

      ========== [环节5/5] 定价子问题 PS（每DC生成最大负 RC 列，本次瓶颈~83%） ==========
        算法: Simplified候选 + Algorithm3完整校验
        无损缓存: cachedBestCols仅提供 incumbent/上界剪枝，不跳过完整定价
        完整定价: 候选价格(保留价去重)×两点组合 O(候选价×n_neg²×numRetailer)

    ========== [环节3/5] 分支定界 BB（DFS 深度优先，恢复整数解） ==========
      设计: 根节点列生成求 LP → 按 x_ij(DC-零售商对)分数值分支 → 左 x_ij=0 / 右 x_ij=1
      策略: 深度优先(DFS 栈) | 选最大分数化变量分支 | LP≤下界则剪枝
      认证: 所有节点严格列生成 | 目标gap=0 | 最大节点数=10000 | 时间上限=600s
      资源限制仅改变求解状态，不允许LP值冒充整数可行解

  ========== [环节2/5] 分支定价 BP（固定 w_j 下精确求解整数规划） ==========
    设计: 列生成(求 LP 松弛) + 分支定界(恢复整数) = 分支定价
    收尾: 内层列利润已包含减排投资成本；BP整数结果完成后仅加回碳配额常数收益
    优化: fitnessCache 仅复用相同 w 的认证最优结果；未认证结果再次出现时重算
    投资成本模型: ½δw²D^γ, γ=0.500000
    投资成本处理: 列内扣除(新)

========== [环节1/5] 遗传算法 GA（外层：对减排率 w_j 编码搜索） ==========
  设计: 二进制编码 w_j → 轮盘赌选择 → 两点交叉 → 按位变异 → 精英保留
  配置: 种群=30 | 最大代数=50 | 编码位数=10/DC | 基因总长=80
        交叉率=0.7 | 逐位变异率=0.0125(自适应1/L) | 精英保留=是 | w范围=[0,1]
        提前停止=是 | 连续未提升阈值=10代 | 提升容差=0.001
  优化: 二进制解码查表(替代 std::pow) | 相同 w 仅复用认证最优的BP缓存

  +--------------- [并行诊断] 适应度评估层（GA 第4层外层） ---------------
  | 评估任务: 每代对 30 个个体各调用一次分支定价 BP.solve(w)（含 CG->定价->BB）
  | 并行三条件:
  |   1) parallel_fitness = true   [满足]
  |   2) population_size > 1 : 30   [满足]
  |   3) num_threads > 1 : 配置=8 -> 实际=8（0 表示自动取 CPU 核数=36）   [满足]
  +---------------------------------------------------------------
  | >>> 当前模式: 【并行】GA 适应度评估层 fork 进程级并行
  |     并发度: 8 个子进程同时运行（个体总数 30，分批调度）
  |     隔离方式: 每个体 fork() 独立子进程 + Instance.deepCopy() 深拷贝
  |               （不共享求解器，各持独立 BranchAndPrice，无锁无竞争）
  |     结果回传: 子进程算完经管道 pipe() 回传 fitness 及 BP/CG/PS 计时
  |     下层状态: 每个子进程内部 BP->CG->定价PS->BB 全部【串行】
  |     计时口径: 并行时 BP/CG/PS 取墙钟聚合，避免子进程 CPU 时间累加超过总时间
  | 注: 定价子问题 PS 并行开关 parallel_pricing=false —— true 时并行逐DC，false 时串行逐DC；线程数配置在 CG 环节横幅始终展示，仅 false 时不生效）
  +---------------------------------------------------------------
    [CG] 列生成开始，初始列数=128
    [CG] 列生成开始，初始列数=128
    [CG] 列生成开始，初始列数=128
    [CG] 列生成开始，初始列数=128
    [CG] 列生成开始，初始列数=128
    [CG] 列生成开始，初始列数=128
    [CG] 列生成开始，初始列数=128
    [CG] 列生成开始，初始列数=128
    [CG] CG iter 1: obj=141799873.699650, maxRC=59078799.233139, +23 cols
    [CG]   [DIAG] iter=1 posCols=23 newCols=23 effImprove=23 updated=0
    [CG] CG iter 2: obj=159676903.381711, maxRC=9283589.621183, +17 cols
    [CG]   [DIAG] iter=2 posCols=17 newCols=17 effImprove=17 updated=0
    [CG] CG iter 3: obj=166090489.885571, maxRC=7002910.363469, +14 cols
    [CG] CG iter 1: obj=143259837.358392, maxRC=59519752.128890, +23 cols
    [CG]   [DIAG] iter=3 posCols=14 newCols=14 effImprove=14 updated=0
    [CG]   [DIAG] iter=1 posCols=23 newCols=23 effImprove=23 updated=0
    [CG] CG iter 4: obj=172676465.690720, maxRC=1293017.158179, +7 cols
    [CG]   [DIAG] iter=4 posCols=7 newCols=7 effImprove=7 updated=0
    [CG] CG iter 1: obj=142539985.530711, maxRC=59457409.415973, +23 cols
    [CG]   [DIAG] iter=1 posCols=23 newCols=23 effImprove=23 updated=0
    [CG] 列生成收敛，共 5 轮迭代
    [CG] [CG-NODE] depth=0 exit=CERTIFIED certified=1 feasible=1 iters=5 generatedColsBeforeNode=0 newCols=61 posCandidates=61 duplicateCandidates=0 updatedCols=0 zeroObjImproveIters=0 objFirst=141799873.699650 objLast=172715548.389587 objGain=30915674.689937 maxRC=59078799.233139 wallSec=0.011449 pricingSec=0.007746 cplexSolveSec=0.002096
    [CG] CG iter 2: obj=160626609.885663, maxRC=10623485.371715, +17 cols
      [BB] 根节点即为整数解，obj=172715548.389587
    [CG]   [DIAG] iter=2 posCols=17 newCols=17 effImprove=17 updated=0
    [CG] CG iter 1: obj=142357595.368108, maxRC=59026397.891694, +23 cols
    [CG]   [DIAG] iter=1 posCols=23 newCols=23 effImprove=23 updated=0
    [CG] CG iter 2: obj=160043190.841967, maxRC=9544966.679613, +17 cols
    [CG]   [DIAG] iter=2 posCols=17 newCols=17 effImprove=17 updated=0
    [CG] CG iter 1: obj=142455688.455080, maxRC=59108898.379008, +23 cols
    [CG] CG iter 3: obj=167020930.268672, maxRC=6255295.270771, +12 cols
    [CG]   [DIAG] iter=3 posCols=12 newCols=12 effImprove=12 updated=0
    [CG]   [DIAG] iter=1 posCols=23 newCols=23 effImprove=23 updated=0
    [CG] CG iter 1: obj=142254889.605947, maxRC=59488747.135782, +23 cols
    [CG] CG iter 1: obj=142547613.369892, maxRC=59158942.212105, +23 cols
    [CG] CG iter 1: obj=142574003.669083, maxRC=59513443.737995, +23 cols
    [CG]   [DIAG] iter=1 posCols=23 newCols=23 effImprove=23 updated=0
    [CG]   [DIAG] iter=1 posCols=23 newCols=23 effImprove=23 updated=0
    [CG]   [DIAG] iter=1 posCols=23 newCols=23 effImprove=23 updated=0
    [CG] CG iter 2: obj=159525276.115600, maxRC=10318032.572917, +17 cols
    [CG] CG iter 3: obj=165844364.191155, maxRC=7294557.242954, +13 cols
    [CG]   [DIAG] iter=2 posCols=17 newCols=17 effImprove=17 updated=0
    [CG]   [DIAG] iter=3 posCols=13 newCols=13 effImprove=13 updated=0
    [CG] CG iter 4: obj=169719358.461118, maxRC=4143805.047541, +5 cols
    [CG]   [DIAG] iter=4 posCols=5 newCols=5 effImprove=5 updated=0
    [CG] 列生成开始，初始列数=128
    [CG] 列生成收敛，共 5 轮迭代
    [CG] [CG-NODE] depth=0 exit=CERTIFIED certified=1 feasible=1 iters=5 generatedColsBeforeNode=0 newCols=57 posCandidates=57 duplicateCandidates=0 updatedCols=0 zeroObjImproveIters=0 objFirst=143259837.358392 objLast=173937754.548989 objGain=30677917.190597 maxRC=59519752.128890 wallSec=0.014004 pricingSec=0.009532 cplexSolveSec=0.002203
    [CG] CG iter 4: obj=173138921.434110, maxRC=1558419.973867, +7 cols
    [CG]   [DIAG] iter=4 posCols=7 newCols=7 effImprove=7 updated=0
    [CG] CG iter 2: obj=159579730.351992, maxRC=9282951.417158, +17 cols
      [BB] 根节点即为整数解，obj=173937754.548989
    [CG]   [DIAG] iter=2 posCols=17 newCols=17 effImprove=17 updated=0
    [CG] CG iter 2: obj=160031814.115114, maxRC=9465215.318514, +17 cols
    [CG]   [DIAG] iter=2 posCols=17 newCols=17 effImprove=17 updated=0
    [CG] CG iter 2: obj=159800957.856363, maxRC=10400440.786097, +17 cols
    [CG] CG iter 3: obj=165896807.640625, maxRC=6234985.093185, +12 cols
    [CG] CG iter 2: obj=160145853.108635, maxRC=10649179.920962, +17 cols
    [CG] CG iter 5: obj=173138921.434110, maxRC=168818.328570, +1 cols
    [CG]   [DIAG] iter=3 posCols=12 newCols=12 effImprove=12 updated=0
    [CG]   [DIAG] iter=2 posCols=17 newCols=17 effImprove=17 updated=0
    [CG]   [DIAG] iter=2 posCols=17 newCols=17 effImprove=17 updated=0
    [CG]   [DIAG] iter=5 posCols=1 newCols=1 effImprove=1 updated=0
    [CG] CG iter 3: obj=172878310.241996, maxRC=1652085.318022, +5 cols
    [CG]   [DIAG] iter=3 posCols=5 newCols=5 effImprove=5 updated=0
    [CG] 列生成收敛，共 6 轮迭代
    [CG] [CG-NODE] depth=0 exit=CERTIFIED certified=1 feasible=1 iters=6 generatedColsBeforeNode=0 newCols=61 posCandidates=61 duplicateCandidates=0 updatedCols=0 zeroObjImproveIters=2 objFirst=142539985.530711 objLast=173138921.434110 objGain=30598935.903399 maxRC=59457409.415973 wallSec=0.014424 pricingSec=0.009939 cplexSolveSec=0.002373
    [CG] CG iter 3: obj=173247278.763843, maxRC=7493204.123554, +5 cols
    [CG]   [DIAG] iter=3 posCols=5 newCols=5 effImprove=5 updated=0
    [CG] CG iter 4: obj=172839224.650170, maxRC=2216992.736188, +4 cols
      [BB] 根节点即为整数解，obj=173138921.434110
    [CG]   [DIAG] iter=4 posCols=4 newCols=4 effImprove=4 updated=0
    [CG] CG iter 4: obj=172878310.241996, maxRC=307197.005925, +2 cols
    [CG] CG iter 3: obj=166387367.512994, maxRC=6207984.094698, +11 cols
    [CG]   [DIAG] iter=4 posCols=2 newCols=2 effImprove=2 updated=0
    [CG] CG iter 4: obj=173247278.763843, maxRC=194592.039497, +2 cols
    [CG] CG iter 3: obj=166182102.680920, maxRC=6248777.989406, +12 cols
    [CG]   [DIAG] iter=3 posCols=11 newCols=11 effImprove=11 updated=0
    [CG]   [DIAG] iter=4 posCols=2 newCols=2 effImprove=2 updated=0
    [CG] CG iter 5: obj=172839224.650170, maxRC=137930.910746, +2 cols
    [CG]   [DIAG] iter=5 posCols=2 newCols=2 effImprove=2 updated=0
    [CG]   [DIAG] iter=3 posCols=12 newCols=12 effImprove=12 updated=0
    [CG] 列生成收敛，共 6 轮迭代
    [CG] 列生成收敛，共 5 轮迭代
    [CG] [CG-NODE] depth=0 exit=CERTIFIED certified=1 feasible=1 iters=6 generatedColsBeforeNode=0 newCols=58 posCandidates=58 duplicateCandidates=0 updatedCols=0 zeroObjImproveIters=1 objFirst=142357595.368108 objLast=172851052.635919 objGain=30493457.267812 maxRC=59026397.891694 wallSec=0.016173 pricingSec=0.011263 cplexSolveSec=0.002682
    [CG] [CG-NODE] depth=0 exit=CERTIFIED certified=1 feasible=1 iters=5 generatedColsBeforeNode=0 newCols=47 posCandidates=47 duplicateCandidates=0 updatedCols=0 zeroObjImproveIters=1 objFirst=142455688.455080 objLast=172904070.109398 objGain=30448381.654319 maxRC=59108898.379008 wallSec=0.016038 pricingSec=0.011302 cplexSolveSec=0.002593
    [CG] 列生成收敛，共 5 轮迭代
    [CG] [CG-NODE] depth=0 exit=CERTIFIED certified=1 feasible=1 iters=5 generatedColsBeforeNode=0 newCols=47 posCandidates=47 duplicateCandidates=0 updatedCols=0 zeroObjImproveIters=2 objFirst=142254889.605947 objLast=173247278.763843 objGain=30992389.157896 maxRC=59488747.135782 wallSec=0.015896 pricingSec=0.010904 cplexSolveSec=0.002596
    [CG] CG iter 4: obj=169022537.064990, maxRC=4012795.988199, +5 cols
      [BB] 根节点即为整数解，obj=172851052.635919
    [CG]   [DIAG] iter=4 posCols=5 newCols=5 effImprove=5 updated=0
      [BB] 根节点即为整数解，obj=172904070.109398
      [BB] 根节点即为整数解，obj=173247278.763843
    [CG] CG iter 4: obj=168862035.855342, maxRC=4243944.482237, +5 cols
    [CG]   [DIAG] iter=4 posCols=5 newCols=5 effImprove=5 updated=0
    [CG] 列生成收敛，共 5 轮迭代
    [CG] [CG-NODE] depth=0 exit=CERTIFIED certified=1 feasible=1 iters=5 generatedColsBeforeNode=0 newCols=56 posCandidates=56 duplicateCandidates=0 updatedCols=0 zeroObjImproveIters=0 objFirst=142574003.669083 objLast=173277521.162397 objGain=30703517.493313 maxRC=59513443.737995 wallSec=0.016838 pricingSec=0.011757 cplexSolveSec=0.002626
    [CG] 列生成收敛，共 5 轮迭代
    [CG] 列生成开始，初始列数=128
    [CG] [CG-NODE] depth=0 exit=CERTIFIED certified=1 feasible=1 iters=5 generatedColsBeforeNode=0 newCols=57 posCandidates=57 duplicateCandidates=0 updatedCols=0 zeroObjImproveIters=0 objFirst=142547613.369892 objLast=173125900.659098 objGain=30578287.289205 maxRC=59158942.212105 wallSec=0.017013 pricingSec=0.011689 cplexSolveSec=0.002709
    [CG] 列生成开始，初始列数=128
      [BB] 根节点即为整数解，obj=173277521.162397
      [BB] 根节点即为整数解，obj=173125900.659098
    [CG] 列生成开始，初始列数=128
    [CG] 列生成开始，初始列数=128
    [CG] 列生成开始，初始列数=128
    [CG] CG iter 1: obj=141611347.090501, maxRC=58971884.203483, +23 cols
    [CG]   [DIAG] iter=1 posCols=23 newCols=23 effImprove=23 updated=0
    [CG] 列生成开始，初始列数=128
    [CG] CG iter 2: obj=159070387.666771, maxRC=10515330.528433, +17 cols
    [CG]   [DIAG] iter=2 posCols=17 newCols=17 effImprove=17 updated=0
    [CG] 列生成开始，初始列数=128
    [CG] CG iter 3: obj=165204515.219736, maxRC=6238711.639995, +12 cols
    [CG]   [DIAG] iter=3 posCols=12 newCols=12 effImprove=12 updated=0
    [CG] CG iter 4: obj=167811967.918479, maxRC=4104681.098858, +6 cols
    [CG]   [DIAG] iter=4 posCols=6 newCols=6 effImprove=6 updated=0
    [CG] 列生成收敛，共 5 轮迭代
    [CG] [CG-NODE] depth=0 exit=CERTIFIED certified=1 feasible=1 iters=5 generatedColsBeforeNode=0 newCols=58 posCandidates=58 duplicateCandidates=0 updatedCols=0 zeroObjImproveIters=0 objFirst=141611347.090501 objLast=172045004.887375 objGain=30433657.796874 maxRC=58971884.203483 wallSec=0.009250 pricingSec=0.006099 cplexSolveSec=0.001620
      [BB] 根节点即为整数解，obj=172045004.887375
    [CG] CG iter 1: obj=142322212.171669, maxRC=59196895.463946, +23 cols
    [CG]   [DIAG] iter=1 posCols=23 newCols=23 effImprove=23 updated=0
    [CG] 列生成开始，初始列数=128
    [CG] CG iter 1: obj=142786527.656986, maxRC=59506833.680185, +23 cols
    [CG] CG iter 1: obj=142387456.606113, maxRC=59371946.822241, +23 cols
    [CG]   [DIAG] iter=1 posCols=23 newCols=23 effImprove=23 updated=0
    [CG]   [DIAG] iter=1 posCols=23 newCols=23 effImprove=23 updated=0
    [CG] CG iter 2: obj=159935270.210270, maxRC=10435360.881273, +17 cols
    [CG]   [DIAG] iter=2 posCols=17 newCols=17 effImprove=17 updated=0
    [CG] CG iter 1: obj=142125972.956333, maxRC=59081277.357400, +23 cols
    [CG] CG iter 3: obj=166263781.801996, maxRC=6288201.397132, +11 cols
    [CG] CG iter 2: obj=159876253.751555, maxRC=10528796.375922, +17 cols
    [CG]   [DIAG] iter=2 posCols=17 newCols=17 effImprove=17 updated=0
    [CG]   [DIAG] iter=1 posCols=23 newCols=23 effImprove=23 updated=0
    [CG]   [DIAG] iter=3 posCols=11 newCols=11 effImprove=11 updated=0
    [CG] CG iter 1: obj=142477852.003806, maxRC=59222253.516352, +23 cols
    [CG] CG iter 2: obj=160521525.210408, maxRC=9286226.129283, +17 cols
    [CG]   [DIAG] iter=1 posCols=23 newCols=23 effImprove=23 updated=0
    [CG]   [DIAG] iter=2 posCols=17 newCols=17 effImprove=17 updated=0
    [CG] CG iter 4: obj=168888957.286138, maxRC=4181482.536111, +5 cols
    [CG]   [DIAG] iter=4 posCols=5 newCols=5 effImprove=5 updated=0
    [CG] CG iter 3: obj=166123440.270413, maxRC=6250511.046117, +11 cols
    [CG]   [DIAG] iter=3 posCols=11 newCols=11 effImprove=11 updated=0
    [CG] 列生成收敛，共 5 轮迭代
    [CG] [CG-NODE] depth=0 exit=CERTIFIED certified=1 feasible=1 iters=5 generatedColsBeforeNode=0 newCols=56 posCandidates=56 duplicateCandidates=0 updatedCols=0 zeroObjImproveIters=0 objFirst=142322212.171669 objLast=173138455.293896 objGain=30816243.122227 maxRC=59196895.463946 wallSec=0.008330 pricingSec=0.005055 cplexSolveSec=0.001560
    [CG] CG iter 3: obj=173788354.960796, maxRC=1427562.568999, +4 cols
    [CG]   [DIAG] iter=3 posCols=4 newCols=4 effImprove=4 updated=0
      [BB] 根节点即为整数解，obj=173138455.293896
    [CG] CG iter 2: obj=159970901.512705, maxRC=10444235.263511, +17 cols
    [CG]   [DIAG] iter=2 posCols=17 newCols=17 effImprove=17 updated=0
    [CG] CG iter 4: obj=168710160.154557, maxRC=4055418.100260, +5 cols
    [CG] CG iter 2: obj=159601110.806633, maxRC=10447400.533115, +17 cols
    [CG]   [DIAG] iter=4 posCols=5 newCols=5 effImprove=5 updated=0
    [CG]   [DIAG] iter=2 posCols=17 newCols=17 effImprove=17 updated=0
    [CG] 列生成收敛，共 5 轮迭代
    [CG] [CG-NODE] depth=0 exit=CERTIFIED certified=1 feasible=1 iters=5 generatedColsBeforeNode=0 newCols=56 posCandidates=56 duplicateCandidates=0 updatedCols=0 zeroObjImproveIters=0 objFirst=142387456.606113 objLast=172974236.662629 objGain=30586780.056516 maxRC=59371946.822241 wallSec=0.008905 pricingSec=0.005931 cplexSolveSec=0.001548
    [CG] CG iter 4: obj=173788354.960796, maxRC=484674.667856, +4 cols
      [BB] 根节点即为整数解，obj=172974236.662629
    [CG]   [DIAG] iter=4 posCols=4 newCols=4 effImprove=4 updated=0
    [CG] CG iter 3: obj=166298364.653915, maxRC=6258083.133268, +11 cols
    [CG]   [DIAG] iter=3 posCols=11 newCols=11 effImprove=11 updated=0
    [CG] 列生成收敛，共 5 轮迭代
    [CG] [CG-NODE] depth=0 exit=CERTIFIED certified=1 feasible=1 iters=5 generatedColsBeforeNode=0 newCols=48 posCandidates=48 duplicateCandidates=0 updatedCols=0 zeroObjImproveIters=2 objFirst=142786527.656986 objLast=173788354.960796 objGain=31001827.303810 maxRC=59506833.680185 wallSec=0.011496 pricingSec=0.007645 cplexSolveSec=0.002109
    [CG] CG iter 3: obj=165914002.254250, maxRC=6284122.035933, +11 cols
    [CG]   [DIAG] iter=3 posCols=11 newCols=11 effImprove=11 updated=0
    [CG] CG iter 4: obj=168928651.387627, maxRC=4170523.290013, +5 cols
    [CG]   [DIAG] iter=4 posCols=5 newCols=5 effImprove=5 updated=0
      [BB] 根节点即为整数解，obj=173788354.960796
    [CG] 列生成开始，初始列数=128
    [CG] 列生成收敛，共 5 轮迭代
    [CG] [CG-NODE] depth=0 exit=CERTIFIED certified=1 feasible=1 iters=5 generatedColsBeforeNode=0 newCols=56 posCandidates=56 duplicateCandidates=0 updatedCols=0 zeroObjImproveIters=0 objFirst=142477852.003806 objLast=173188926.258721 objGain=30711074.254915 maxRC=59222253.516352 wallSec=0.009690 pricingSec=0.006293 cplexSolveSec=0.001777
      [BB] 根节点即为整数解，obj=173188926.258721
    [CG] CG iter 4: obj=168544546.872006, maxRC=4206477.243390, +5 cols
    [CG]   [DIAG] iter=4 posCols=5 newCols=5 effImprove=5 updated=0
    [CG] CG iter 1: obj=142352778.316587, maxRC=59450378.291270, +23 cols
    [CG] CG iter 1: obj=142386541.488623, maxRC=59025491.404302, +23 cols
    [CG]   [DIAG] iter=1 posCols=23 newCols=23 effImprove=23 updated=0
    [CG]   [DIAG] iter=1 posCols=23 newCols=23 effImprove=23 updated=0
    [CG] 列生成收敛，共 5 轮迭代
    [CG] [CG-NODE] depth=0 exit=CERTIFIED certified=1 feasible=1 iters=5 generatedColsBeforeNode=0 newCols=56 posCandidates=56 duplicateCandidates=0 updatedCols=0 zeroObjImproveIters=0 objFirst=142125972.956333 objLast=172772125.580209 objGain=30646152.623877 maxRC=59081277.357400 wallSec=0.011476 pricingSec=0.007819 cplexSolveSec=0.002030
    [CG] 列生成开始，初始列数=128
      [BB] 根节点即为整数解，obj=172772125.580209
    [CG] CG iter 2: obj=159716828.511883, maxRC=10323429.653942, +17 cols
    [CG]   [DIAG] iter=2 posCols=17 newCols=17 effImprove=17 updated=0
    [CG] 列生成开始，初始列数=128
    [CG] 列生成开始，初始列数=128
    [CG] CG iter 3: obj=166139982.054611, maxRC=6266257.207290, +11 cols
    [CG]   [DIAG] iter=3 posCols=11 newCols=11 effImprove=11 updated=0
    [CG] CG iter 2: obj=160108682.768875, maxRC=9536576.812747, +17 cols
    [CG]   [DIAG] iter=2 posCols=17 newCols=17 effImprove=17 updated=0
    [CG] CG iter 4: obj=168822608.859174, maxRC=4316096.408601, +5 cols
    [CG]   [DIAG] iter=4 posCols=5 newCols=5 effImprove=5 updated=0
    [CG] 列生成开始，初始列数=128
    [CG] 列生成收敛，共 5 轮迭代
    [CG] [CG-NODE] depth=0 exit=CERTIFIED certified=1 feasible=1 iters=5 generatedColsBeforeNode=0 newCols=56 posCandidates=56 duplicateCandidates=0 updatedCols=0 zeroObjImproveIters=0 objFirst=142386541.488623 objLast=173138705.267775 objGain=30752163.779151 maxRC=59025491.404302 wallSec=0.008285 pricingSec=0.005563 cplexSolveSec=0.001448
      [BB] 根节点即为整数解，obj=173138705.267775
    [CG] CG iter 1: obj=141743074.299009, maxRC=59042090.023061, +23 cols
    [CG]   [DIAG] iter=1 posCols=23 newCols=23 effImprove=23 updated=0
    [CG] CG iter 3: obj=165931303.532356, maxRC=7306734.989212, +13 cols
    [CG] CG iter 1: obj=142339086.908039, maxRC=59092120.759583, +23 cols
    [CG]   [DIAG] iter=3 posCols=13 newCols=13 effImprove=13 updated=0
    [CG]   [DIAG] iter=1 posCols=23 newCols=23 effImprove=23 updated=0
    [CG] CG iter 4: obj=173238038.521568, maxRC=1433824.504843, +5 cols
    [CG]   [DIAG] iter=4 posCols=5 newCols=5 effImprove=5 updated=0
    [CG] CG iter 2: obj=159214065.154264, maxRC=9178931.358482, +17 cols
    [CG]   [DIAG] iter=2 posCols=17 newCols=17 effImprove=17 updated=0
    [CG] CG iter 2: obj=159434152.784760, maxRC=10375436.062989, +17 cols
    [CG]   [DIAG] iter=2 posCols=17 newCols=17 effImprove=17 updated=0
    [CG] CG iter 5: obj=173238038.521568, maxRC=349691.202796, +3 cols
    [CG]   [DIAG] iter=5 posCols=3 newCols=3 effImprove=3 updated=0
    [CG] 列生成开始，初始列数=128
    [CG] CG iter 3: obj=172551302.425135, maxRC=1469345.210198, +6 cols
    [CG]   [DIAG] iter=3 posCols=6 newCols=6 effImprove=6 updated=0
    [CG] 列生成收敛，共 6 轮迭代
    [CG] [CG-NODE] depth=0 exit=CERTIFIED certified=1 feasible=1 iters=6 generatedColsBeforeNode=0 newCols=61 posCandidates=61 duplicateCandidates=0 updatedCols=0 zeroObjImproveIters=2 objFirst=142352778.316587 objLast=173238038.521568 objGain=30885260.204981 maxRC=59450378.291270 wallSec=0.019114 pricingSec=0.012863 cplexSolveSec=0.003437
    [CG] CG iter 3: obj=165840978.656582, maxRC=6274729.464089, +12 cols
    [CG]   [DIAG] iter=3 posCols=12 newCols=12 effImprove=12 updated=0
    [CG] CG iter 1: obj=142080042.228365, maxRC=59381965.401748, +23 cols
    [CG]   [DIAG] iter=1 posCols=23 newCols=23 effImprove=23 updated=0
      [BB] 根节点即为整数解，obj=173238038.521568
    [CG] CG iter 4: obj=172551302.425135, maxRC=394945.273999, +3 cols
    [CG]   [DIAG] iter=4 posCols=3 newCols=3 effImprove=3 updated=0
    [CG] CG iter 4: obj=168542301.025093, maxRC=4297160.586402, +5 cols
    [CG]   [DIAG] iter=4 posCols=5 newCols=5 effImprove=5 updated=0
    [CG] CG iter 2: obj=160131533.604388, maxRC=10728093.110721, +17 cols
    [CG]   [DIAG] iter=2 posCols=17 newCols=17 effImprove=17 updated=0
    [CG] 列生成收敛，共 5 轮迭代
    [CG] [CG-NODE] depth=0 exit=CERTIFIED certified=1 feasible=1 iters=5 generatedColsBeforeNode=0 newCols=49 posCandidates=49 duplicateCandidates=0 updatedCols=0 zeroObjImproveIters=1 objFirst=141743074.299009 objLast=172649902.575894 objGain=30906828.276886 maxRC=59042090.023061 wallSec=0.016541 pricingSec=0.011498 cplexSolveSec=0.002586
    [CG] 列生成收敛，共 5 轮迭代
    [CG] [CG-NODE] depth=0 exit=CERTIFIED certified=1 feasible=1 iters=5 generatedColsBeforeNode=0 newCols=57 posCandidates=57 duplicateCandidates=0 updatedCols=0 zeroObjImproveIters=0 objFirst=142339086.908039 objLast=172839461.611495 objGain=30500374.703456 maxRC=59092120.759583 wallSec=0.008176 pricingSec=0.005254 cplexSolveSec=0.001598
    [CG] CG iter 1: obj=142165333.930894, maxRC=59016256.540825, +23 cols
      [BB] 根节点即为整数解，obj=172649902.575894
      [BB] 根节点即为整数解，obj=172839461.611495
    [CG]   [DIAG] iter=1 posCols=23 newCols=23 effImprove=23 updated=0
    [CG] CG iter 3: obj=166340756.013679, maxRC=6280905.374426, +11 cols
    [CG]   [DIAG] iter=3 posCols=11 newCols=11 effImprove=11 updated=0
    [CG] CG iter 4: obj=168963421.152011, maxRC=4030612.413931, +5 cols
    [CG]   [DIAG] iter=4 posCols=5 newCols=5 effImprove=5 updated=0
    [CG] CG iter 2: obj=159520656.242690, maxRC=10310697.821720, +17 cols
    [CG]   [DIAG] iter=2 posCols=17 newCols=17 effImprove=17 updated=0
    [CG] 列生成收敛，共 5 轮迭代
    [CG] [CG-NODE] depth=0 exit=CERTIFIED certified=1 feasible=1 iters=5 generatedColsBeforeNode=0 newCols=56 posCandidates=56 duplicateCandidates=0 updatedCols=0 zeroObjImproveIters=0 objFirst=142080042.228365 objLast=173138655.356156 objGain=31058613.127790 maxRC=59381965.401748 wallSec=0.007179 pricingSec=0.004648 cplexSolveSec=0.001283
      [BB] 根节点即为整数解，obj=173138655.356156
    [CG] 列生成开始，初始列数=128
    [CG] CG iter 3: obj=165741762.017794, maxRC=6297263.834806, +11 cols
    [CG]   [DIAG] iter=3 posCols=11 newCols=11 effImprove=11 updated=0
    [CG] CG iter 1: obj=142297427.094835, maxRC=59247132.164899, +23 cols
    [CG] CG iter 4: obj=168256107.925062, maxRC=4136590.946890, +5 cols
    [CG]   [DIAG] iter=4 posCols=5 newCols=5 effImprove=5 updated=0
    [CG]   [DIAG] iter=1 posCols=23 newCols=23 effImprove=23 updated=0
    [CG] 列生成开始，初始列数=128
    [CG] 列生成收敛，共 5 轮迭代
    [CG] [CG-NODE] depth=0 exit=CERTIFIED certified=1 feasible=1 iters=5 generatedColsBeforeNode=0 newCols=56 posCandidates=56 duplicateCandidates=0 updatedCols=0 zeroObjImproveIters=0 objFirst=142165333.930894 objLast=172542699.667652 objGain=30377365.736758 maxRC=59016256.540825 wallSec=0.007308 pricingSec=0.004817 cplexSolveSec=0.001312
      [BB] 根节点即为整数解，obj=172542699.667652
    [CG] CG iter 1: obj=141965499.878501, maxRC=59504383.769060, +23 cols
    [CG] 列生成开始，初始列数=128
    [CG] CG iter 2: obj=159800012.119805, maxRC=10525407.979662, +17 cols
    [CG]   [DIAG] iter=1 posCols=23 newCols=23 effImprove=23 updated=0
    [CG] 列生成开始，初始列数=128
    [CG]   [DIAG] iter=2 posCols=17 newCols=17 effImprove=17 updated=0
    [CG] 列生成开始，初始列数=128
    [CG] CG iter 2: obj=160000968.928634, maxRC=9416889.094760, +17 cols
    [CG] CG iter 3: obj=165933040.345098, maxRC=5609646.164080, +11 cols
    [CG]   [DIAG] iter=2 posCols=17 newCols=17 effImprove=17 updated=0
    [CG]   [DIAG] iter=3 posCols=11 newCols=11 effImprove=11 updated=0
    [CG] CG iter 1: obj=142716637.756631, maxRC=59362111.109457, +23 cols
    [CG] CG iter 1: obj=141935954.818080, maxRC=59277992.214888, +23 cols
    [CG] CG iter 4: obj=172521967.528479, maxRC=1182967.161914, +2 cols
    [CG] CG iter 1: obj=141988251.405662, maxRC=59340035.135585, +23 cols
    [CG]   [DIAG] iter=4 posCols=2 newCols=2 effImprove=2 updated=0
    [CG]   [DIAG] iter=1 posCols=23 newCols=23 effImprove=23 updated=0
    [CG]   [DIAG] iter=1 posCols=23 newCols=23 effImprove=23 updated=0
    [CG]   [DIAG] iter=1 posCols=23 newCols=23 effImprove=23 updated=0
    [CG] CG iter 3: obj=166226229.859241, maxRC=9060318.705608, +14 cols
    [CG] CG iter 2: obj=159713875.557263, maxRC=9983185.580739, +17 cols
    [CG]   [DIAG] iter=3 posCols=14 newCols=14 effImprove=14 updated=0
    [CG]   [DIAG] iter=2 posCols=17 newCols=17 effImprove=17 updated=0
    [CG] CG iter 2: obj=159379668.894383, maxRC=10617782.452924, +17 cols
    [CG]   [DIAG] iter=2 posCols=17 newCols=17 effImprove=17 updated=0
    [CG] CG iter 5: obj=172708367.666839, maxRC=551120.284149, +3 cols
    [CG]   [DIAG] iter=5 posCols=3 newCols=3 effImprove=3 updated=0
    [CG] CG iter 3: obj=169123209.672826, maxRC=3707417.071039, +11 cols
    [CG]   [DIAG] iter=3 posCols=11 newCols=11 effImprove=11 updated=0
    [CG] CG iter 2: obj=160102029.011156, maxRC=10637831.182971, +17 cols
    [CG] CG iter 3: obj=165590036.104773, maxRC=6214241.267900, +11 cols
    [CG]   [DIAG] iter=3 posCols=11 newCols=11 effImprove=11 updated=0
    [CG]   [DIAG] iter=2 posCols=17 newCols=17 effImprove=17 updated=0
    [CG] 列生成收敛，共 6 轮迭代
    [CG] [CG-NODE] depth=0 exit=CERTIFIED certified=1 feasible=1 iters=6 generatedColsBeforeNode=0 newCols=56 posCandidates=56 duplicateCandidates=0 updatedCols=0 zeroObjImproveIters=1 objFirst=142297427.094835 objLast=172708367.666839 objGain=30410940.572004 maxRC=59247132.164899 wallSec=0.014686 pricingSec=0.009980 cplexSolveSec=0.002724
    [CG] CG iter 4: obj=172392805.425780, maxRC=1553353.186539, +4 cols
    [CG] CG iter 4: obj=171160984.433355, maxRC=6642974.237965, +10 cols
    [CG]   [DIAG] iter=4 posCols=4 newCols=4 effImprove=4 updated=0
    [CG]   [DIAG] iter=4 posCols=10 newCols=10 effImprove=10 updated=0
      [BB] 根节点即为整数解，obj=172708367.666839
    [CG] CG iter 4: obj=168216900.288179, maxRC=4045079.996466, +5 cols
    [CG] CG iter 5: obj=172392805.425780, maxRC=725796.578761, +5 cols
    [CG]   [DIAG] iter=4 posCols=5 newCols=5 effImprove=5 updated=0
    [CG]   [DIAG] iter=5 posCols=5 newCols=5 effImprove=5 updated=0
    [CG] CG iter 5: obj=171160984.433355, maxRC=1818940.539987, +3 cols
    [CG]   [DIAG] iter=5 posCols=3 newCols=3 effImprove=3 updated=0
    [CG] 列生成收敛，共 5 轮迭代
    [CG] [CG-NODE] depth=0 exit=CERTIFIED certified=1 feasible=1 iters=5 generatedColsBeforeNode=0 newCols=56 posCandidates=56 duplicateCandidates=0 updatedCols=0 zeroObjImproveIters=0 objFirst=141988251.405662 objLast=172457933.794422 objGain=30469682.388760 maxRC=59340035.135585 wallSec=0.007820 pricingSec=0.004487 cplexSolveSec=0.001679
    [CG] 列生成收敛，共 6 轮迭代
    [CG] [CG-NODE] depth=0 exit=CERTIFIED certified=1 feasible=1 iters=6 generatedColsBeforeNode=0 newCols=60 posCandidates=60 duplicateCandidates=0 updatedCols=0 zeroObjImproveIters=1 objFirst=141935954.818080 objLast=172652988.913739 objGain=30717034.095659 maxRC=59277992.214888 wallSec=0.006770 pricingSec=0.004355 cplexSolveSec=0.001306
    [CG] CG iter 3: obj=166453465.124045, maxRC=6249586.686564, +12 cols
    [CG]   [DIAG] iter=3 posCols=12 newCols=12 effImprove=12 updated=0
      [BB] 根节点即为整数解，obj=172457933.794422
      [BB] 根节点即为整数解，obj=172652988.913739
    [CG] CG iter 6: obj=172979924.973342, maxRC=287156.240153, +2 cols
    [CG]   [DIAG] iter=6 posCols=2 newCols=2 effImprove=2 updated=0
    [CG] CG iter 4: obj=169159970.234854, maxRC=4163609.272254, +6 cols
    [CG]   [DIAG] iter=4 posCols=6 newCols=6 effImprove=6 updated=0
    [CG] 列生成收敛，共 7 轮迭代
    [CG] [CG-NODE] depth=0 exit=CERTIFIED certified=1 feasible=1 iters=7 generatedColsBeforeNode=0 newCols=69 posCandidates=69 duplicateCandidates=0 updatedCols=0 zeroObjImproveIters=2 objFirst=141965499.878501 objLast=172979924.973342 objGain=31014425.094841 maxRC=59504383.769060 wallSec=0.015465 pricingSec=0.010540 cplexSolveSec=0.002850
    [CG] 列生成收敛，共 5 轮迭代
      [BB] 根节点即为整数解，obj=172979924.973342
    [CG] [CG-NODE] depth=0 exit=CERTIFIED certified=1 feasible=1 iters=5 generatedColsBeforeNode=0 newCols=58 posCandidates=58 duplicateCandidates=0 updatedCols=0 zeroObjImproveIters=0 objFirst=142716637.756631 objLast=173355298.268179 objGain=30638660.511548 maxRC=59362111.109457 wallSec=0.012221 pricingSec=0.008368 cplexSolveSec=0.002004
    [CG] CG iter 1: obj=142324284.197211, maxRC=59301383.700922, +23 cols
    [CG]   [DIAG] iter=1 posCols=23 newCols=23 effImprove=23 updated=0
      [BB] 根节点即为整数解，obj=173355298.268179
    [CG] 列生成开始，初始列数=128
    [CG] CG iter 2: obj=159782756.910235, maxRC=10614874.587923, +17 cols
    [CG]   [DIAG] iter=2 posCols=17 newCols=17 effImprove=17 updated=0
    [CG] 列生成开始，初始列数=128
    [CG] CG iter 3: obj=166027588.943540, maxRC=6240326.278126, +12 cols
    [CG]   [DIAG] iter=3 posCols=12 newCols=12 effImprove=12 updated=0
    [CG] CG iter 1: obj=142687004.491438, maxRC=59161563.165825, +23 cols
    [CG]   [DIAG] iter=1 posCols=23 newCols=23 effImprove=23 updated=0
    [CG] CG iter 4: obj=168693278.631711, maxRC=4097690.549811, +7 cols
    [CG]   [DIAG] iter=4 posCols=7 newCols=7 effImprove=7 updated=0
    [CG] 列生成收敛，共 5 轮迭代
    [CG] [CG-NODE] depth=0 exit=CERTIFIED certified=1 feasible=1 iters=5 generatedColsBeforeNode=0 newCols=59 posCandidates=59 duplicateCandidates=0 updatedCols=0 zeroObjImproveIters=0 objFirst=142324284.197211 objLast=172915101.420188 objGain=30590817.222977 maxRC=59301383.700922 wallSec=0.008277 pricingSec=0.005485 cplexSolveSec=0.001465
      [BB] 根节点即为整数解，obj=172915101.420188
    [CG] CG iter 2: obj=159824306.263437, maxRC=10528391.263050, +17 cols
    [CG]   [DIAG] iter=2 posCols=17 newCols=17 effImprove=17 updated=0
    [CG] CG iter 3: obj=166201403.638749, maxRC=6261933.192290, +12 cols
    [CG]   [DIAG] iter=3 posCols=12 newCols=12 effImprove=12 updated=0
    [CG] CG iter 4: obj=168931277.405907, maxRC=4258346.993832, +7 cols
    [CG]   [DIAG] iter=4 posCols=7 newCols=7 effImprove=7 updated=0
    [CG] CG iter 1: obj=142407264.243923, maxRC=59443374.518860, +23 cols
    [CG] 列生成收敛，共 5 轮迭代
    [CG] [CG-NODE] depth=0 exit=CERTIFIED certified=1 feasible=1 iters=5 generatedColsBeforeNode=0 newCols=59 posCandidates=59 duplicateCandidates=0 updatedCols=0 zeroObjImproveIters=0 objFirst=142687004.491438 objLast=173189624.399739 objGain=30502619.908301 maxRC=59161563.165825 wallSec=0.012637 pricingSec=0.008448 cplexSolveSec=0.002248
    [CG]   [DIAG] iter=1 posCols=23 newCols=23 effImprove=23 updated=0
      [BB] 根节点即为整数解，obj=173189624.399739
    [CG] CG iter 1: obj=142414951.891410, maxRC=59514191.386312, +23 cols
    [CG]   [DIAG] iter=1 posCols=23 newCols=23 effImprove=23 updated=0
    [CG] CG iter 2: obj=160239679.411908, maxRC=10575857.471673, +17 cols
    [CG]   [DIAG] iter=2 posCols=17 newCols=17 effImprove=17 updated=0
    [CG] CG iter 2: obj=160130802.124642, maxRC=10862450.281066, +17 cols
    [CG]   [DIAG] iter=2 posCols=17 newCols=17 effImprove=17 updated=0
    [CG] CG iter 1: obj=141710600.432005, maxRC=59298844.357627, +23 cols
    [CG] CG iter 3: obj=165043661.458952, maxRC=5672409.860223, +12 cols
    [CG]   [DIAG] iter=1 posCols=23 newCols=23 effImprove=23 updated=0
    [CG]   [DIAG] iter=3 posCols=12 newCols=12 effImprove=12 updated=0
    [CG] CG iter 3: obj=166425690.134606, maxRC=6289042.340429, +11 cols
    [CG]   [DIAG] iter=3 posCols=11 newCols=11 effImprove=11 updated=0
    [CG] CG iter 4: obj=170301656.228601, maxRC=2277971.253395, +8 cols
    [CG]   [DIAG] iter=4 posCols=8 newCols=8 effImprove=8 updated=0
    [CG] CG iter 4: obj=168950327.244288, maxRC=3975417.384105, +5 cols
    [CG] CG iter 5: obj=173165083.881184, maxRC=995565.373331, +4 cols
    [CG]   [DIAG] iter=4 posCols=5 newCols=5 effImprove=5 updated=0
    [CG]   [DIAG] iter=5 posCols=4 newCols=4 effImprove=4 updated=0
    [CG] CG iter 2: obj=159389139.288032, maxRC=10580173.519270, +17 cols
    [CG] 列生成收敛，共 6 轮迭代
    [CG] [CG-NODE] depth=0 exit=CERTIFIED certified=1 feasible=1 iters=6 generatedColsBeforeNode=0 newCols=64 posCandidates=64 duplicateCandidates=0 updatedCols=0 zeroObjImproveIters=1 objFirst=142414951.891410 objLast=173165083.881184 objGain=30750131.989775 maxRC=59514191.386312 wallSec=0.010293 pricingSec=0.006982 cplexSolveSec=0.001756
    [CG]   [DIAG] iter=2 posCols=17 newCols=17 effImprove=17 updated=0
      [BB] 根节点即为整数解，obj=173165083.881184
    [CG] 列生成收敛，共 5 轮迭代
    [CG] [CG-NODE] depth=0 exit=CERTIFIED certified=1 feasible=1 iters=5 generatedColsBeforeNode=0 newCols=56 posCandidates=56 duplicateCandidates=0 updatedCols=0 zeroObjImproveIters=0 objFirst=142407264.243923 objLast=173201118.444252 objGain=30793854.200329 maxRC=59443374.518860 wallSec=0.017943 pricingSec=0.012395 cplexSolveSec=0.002982
      [BB] 根节点即为整数解，obj=173201118.444252
    [CG] CG iter 3: obj=165432670.257041, maxRC=5636055.556247, +9 cols
    [CG]   [DIAG] iter=3 posCols=9 newCols=9 effImprove=9 updated=0
    [CG] CG iter 4: obj=172012574.256834, maxRC=1170642.025776, +2 cols
    [CG]   [DIAG] iter=4 posCols=2 newCols=2 effImprove=2 updated=0
    [CG] CG iter 5: obj=172239367.839064, maxRC=37103.913396, +1 cols
    [CG]   [DIAG] iter=5 posCols=1 newCols=1 effImprove=1 updated=0
    [CG] 列生成收敛，共 6 轮迭代
    [CG] [CG-NODE] depth=0 exit=CERTIFIED certified=1 feasible=1 iters=6 generatedColsBeforeNode=0 newCols=52 posCandidates=52 duplicateCandidates=0 updatedCols=0 zeroObjImproveIters=1 objFirst=141710600.432005 objLast=172239367.839064 objGain=30528767.407059 maxRC=59298844.357627 wallSec=0.014035 pricingSec=0.009384 cplexSolveSec=0.002602
      [BB] 根节点即为整数解，obj=172239367.839064
[GA] 代数 0: Best=173966640.23, Avg=173012799.82, Worst=172073890.57, Valid=30/30, 耗时=0.06s
  ├─ 求解: 30 个体 fork 并行 | CG迭代=159 加列=1698 BB分支=0
  ├─ 并行墙钟=0.0600s | 串行等效(ΣBP)=0.3740s | 加速比=6.23x
  ├─ 管理开销=-0.3139s (fork=0.0044 wait=0.0552 merge=0.0004)
  └─ CG明细: gen_logs/run_gen0_ind{0..29}.log
    [CG] 列生成开始，初始列数=128
    [CG] 列生成开始，初始列数=128
    [CG] 列生成开始，初始列数=128
    [CG] 列生成开始，初始列数=128
    [CG] 列生成开始，初始列数=128
    [CG] 列生成开始，初始列数=128
    [CG] 列生成开始，初始列数=128
    [CG] 列生成开始，初始列数=128
    [CG] CG iter 1: obj=142374679.187393, maxRC=59504480.796912, +23 cols
    [CG] CG iter 1: obj=142696116.145903, maxRC=59443374.518860, +23 cols
    [CG]   [DIAG] iter=1 posCols=23 newCols=23 effImprove=23 updated=0
    [CG]   [DIAG] iter=1 posCols=23 newCols=23 effImprove=23 updated=0
    [CG] CG iter 1: obj=142676575.076225, maxRC=59362111.109457, +23 cols
    [CG]   [DIAG] iter=1 posCols=23 newCols=23 effImprove=23 updated=0
    [CG] CG iter 2: obj=160239679.411908, maxRC=10575857.471673, +17 cols
    [CG]   [DIAG] iter=2 posCols=17 newCols=17 effImprove=17 updated=0
    [CG] CG iter 2: obj=160126179.528587, maxRC=10807268.626226, +17 cols
    [CG]   [DIAG] iter=2 posCols=17 newCols=17 effImprove=17 updated=0
    [CG] CG iter 1: obj=141466078.660090, maxRC=59042090.023061, +23 cols
    [CG]   [DIAG] iter=1 posCols=23 newCols=23 effImprove=23 updated=0
    [CG] CG iter 1: obj=142541858.810220, maxRC=59301383.700922, +23 cols
    [CG] CG iter 3: obj=166570116.085596, maxRC=6226400.427672, +12 cols
    [CG] CG iter 2: obj=160053841.955036, maxRC=10528253.782644, +17 cols
    [CG]   [DIAG] iter=3 posCols=12 newCols=12 effImprove=12 updated=0
    [CG]   [DIAG] iter=1 posCols=23 newCols=23 effImprove=23 updated=0
    [CG]   [DIAG] iter=2 posCols=17 newCols=17 effImprove=17 updated=0
    [CG] CG iter 3: obj=166331450.427432, maxRC=6243349.519019, +12 cols
    [CG]   [DIAG] iter=3 posCols=12 newCols=12 effImprove=12 updated=0
    [CG] CG iter 4: obj=169239179.146267, maxRC=4110599.045627, +5 cols
    [CG]   [DIAG] iter=4 posCols=5 newCols=5 effImprove=5 updated=0
    [CG] CG iter 2: obj=159223742.644982, maxRC=9178931.358482, +17 cols
    [CG]   [DIAG] iter=2 posCols=17 newCols=17 effImprove=17 updated=0
    [CG] CG iter 4: obj=169024184.930864, maxRC=4011684.336401, +7 cols
    [CG] CG iter 2: obj=159914969.670167, maxRC=10614874.587923, +17 cols
    [CG]   [DIAG] iter=4 posCols=7 newCols=7 effImprove=7 updated=0
    [CG] CG iter 3: obj=166443370.549638, maxRC=6276227.538714, +12 cols
    [CG] 列生成收敛，共 5 轮迭代
    [CG] CG iter 3: obj=172276126.247027, maxRC=1163793.366838, +7 cols
    [CG] [CG-NODE] depth=0 exit=CERTIFIED certified=1 feasible=1 iters=5 generatedColsBeforeNode=0 newCols=57 posCandidates=57 duplicateCandidates=0 updatedCols=0 zeroObjImproveIters=0 objFirst=142696116.145903 objLast=173489970.346232 objGain=30793854.200329 maxRC=59443374.518860 wallSec=0.009564 pricingSec=0.006201 cplexSolveSec=0.001578
    [CG]   [DIAG] iter=3 posCols=7 newCols=7 effImprove=7 updated=0
    [CG]   [DIAG] iter=2 posCols=17 newCols=17 effImprove=17 updated=0
    [CG]   [DIAG] iter=3 posCols=12 newCols=12 effImprove=12 updated=0
      [BB] 根节点即为整数解，obj=173489970.346232
    [CG] 列生成收敛，共 5 轮迭代
    [CG] [CG-NODE] depth=0 exit=CERTIFIED certified=1 feasible=1 iters=5 generatedColsBeforeNode=0 newCols=59 posCandidates=59 duplicateCandidates=0 updatedCols=0 zeroObjImproveIters=0 objFirst=142374679.187393 objLast=173203683.946768 objGain=30829004.759375 maxRC=59504480.796912 wallSec=0.010641 pricingSec=0.006884 cplexSolveSec=0.001775
    [CG] CG iter 4: obj=172276126.247027, maxRC=169582.450495, +1 cols
    [CG]   [DIAG] iter=4 posCols=1 newCols=1 effImprove=1 updated=0
    [CG] CG iter 4: obj=169142983.863153, maxRC=4197060.457604, +5 cols
    [CG] CG iter 3: obj=166203057.173180, maxRC=6215490.110814, +12 cols
      [BB] 根节点即为整数解，obj=173203683.946768
    [CG]   [DIAG] iter=4 posCols=5 newCols=5 effImprove=5 updated=0
    [CG]   [DIAG] iter=3 posCols=12 newCols=12 effImprove=12 updated=0
    [CG] CG iter 1: obj=142196632.116263, maxRC=59081277.357400, +23 cols
    [CG]   [DIAG] iter=1 posCols=23 newCols=23 effImprove=23 updated=0
    [CG] CG iter 4: obj=168888612.031532, maxRC=4127164.251735, +7 cols
    [CG]   [DIAG] iter=4 posCols=7 newCols=7 effImprove=7 updated=0
    [CG] 列生成收敛，共 5 轮迭代
    [CG] 列生成收敛，共 5 轮迭代
    [CG] [CG-NODE] depth=0 exit=CERTIFIED certified=1 feasible=1 iters=5 generatedColsBeforeNode=0 newCols=57 posCandidates=57 duplicateCandidates=0 updatedCols=0 zeroObjImproveIters=0 objFirst=142676575.076225 objLast=173371877.667351 objGain=30695302.591126 maxRC=59362111.109457 wallSec=0.011171 pricingSec=0.007301 cplexSolveSec=0.001839
    [CG] [CG-NODE] depth=0 exit=CERTIFIED certified=1 feasible=1 iters=5 generatedColsBeforeNode=0 newCols=48 posCandidates=48 duplicateCandidates=0 updatedCols=0 zeroObjImproveIters=2 objFirst=141466078.660090 objLast=172276126.247027 objGain=30810047.586937 maxRC=59042090.023061 wallSec=0.010910 pricingSec=0.007508 cplexSolveSec=0.001833
      [BB] 根节点即为整数解，obj=173371877.667351
      [BB] 根节点即为整数解，obj=172276126.247027
    [CG] 列生成收敛，共 5 轮迭代
    [CG] [CG-NODE] depth=0 exit=CERTIFIED certified=1 feasible=1 iters=5 generatedColsBeforeNode=0 newCols=59 posCandidates=59 duplicateCandidates=0 updatedCols=0 zeroObjImproveIters=0 objFirst=142541858.810220 objLast=173110280.795501 objGain=30568421.985281 maxRC=59301383.700922 wallSec=0.011366 pricingSec=0.007549 cplexSolveSec=0.001709
    [CG] CG iter 2: obj=159518017.069145, maxRC=10447400.533115, +17 cols
    [CG] CG iter 1: obj=142589579.836105, maxRC=59306875.322983, +23 cols
    [CG]   [DIAG] iter=2 posCols=17 newCols=17 effImprove=17 updated=0
      [BB] 根节点即为整数解，obj=173110280.795501
    [CG]   [DIAG] iter=1 posCols=23 newCols=23 effImprove=23 updated=0
    [CG] CG iter 1: obj=142042798.841285, maxRC=59107939.844633, +23 cols
    [CG] 列生成开始，初始列数=128
    [CG] CG iter 3: obj=165906215.655872, maxRC=6253918.599369, +12 cols
    [CG]   [DIAG] iter=3 posCols=12 newCols=12 effImprove=12 updated=0
    [CG]   [DIAG] iter=1 posCols=23 newCols=23 effImprove=23 updated=0
    [CG] CG iter 4: obj=168619381.576388, maxRC=4280437.841745, +7 cols
    [CG]   [DIAG] iter=4 posCols=7 newCols=7 effImprove=7 updated=0
    [CG] 列生成开始，初始列数=128
    [CG] 列生成收敛，共 5 轮迭代
    [CG] [CG-NODE] depth=0 exit=CERTIFIED certified=1 feasible=1 iters=5 generatedColsBeforeNode=0 newCols=59 posCandidates=59 duplicateCandidates=0 updatedCols=0 zeroObjImproveIters=0 objFirst=142196632.116263 objLast=172899819.418133 objGain=30703187.301870 maxRC=59081277.357400 wallSec=0.012515 pricingSec=0.008513 cplexSolveSec=0.002039
      [BB] 根节点即为整数解，obj=172899819.418133
    [CG] CG iter 2: obj=159852727.250374, maxRC=10487093.817150, +17 cols
    [CG]   [DIAG] iter=2 posCols=17 newCols=17 effImprove=17 updated=0
    [CG] CG iter 2: obj=159410313.799604, maxRC=9154572.949554, +17 cols
    [CG]   [DIAG] iter=2 posCols=17 newCols=17 effImprove=17 updated=0
    [CG] 列生成开始，初始列数=128
    [CG] CG iter 3: obj=172650224.207680, maxRC=1469834.508608, +3 cols
    [CG] 列生成开始，初始列数=128
    [CG]   [DIAG] iter=3 posCols=3 newCols=3 effImprove=3 updated=0
    [CG] CG iter 3: obj=166189532.609458, maxRC=6244783.979363, +12 cols
    [CG]   [DIAG] iter=3 posCols=12 newCols=12 effImprove=12 updated=0
    [CG] 列生成开始，初始列数=128
    [CG] CG iter 4: obj=172650224.207680, maxRC=441991.300050, +4 cols
    [CG]   [DIAG] iter=4 posCols=4 newCols=4 effImprove=4 updated=0
    [CG] CG iter 4: obj=168872470.893743, maxRC=4170513.119440, +5 cols
    [CG] 列生成开始，初始列数=128
    [CG]   [DIAG] iter=4 posCols=5 newCols=5 effImprove=5 updated=0
    [CG] 列生成收敛，共 5 轮迭代
    [CG] [CG-NODE] depth=0 exit=CERTIFIED certified=1 feasible=1 iters=5 generatedColsBeforeNode=0 newCols=47 posCandidates=47 duplicateCandidates=0 updatedCols=0 zeroObjImproveIters=2 objFirst=142042798.841285 objLast=172650224.207680 objGain=30607425.366395 maxRC=59107939.844633 wallSec=0.015762 pricingSec=0.011407 cplexSolveSec=0.002315
    [CG] 列生成收敛，共 5 轮迭代
    [CG] [CG-NODE] depth=0 exit=CERTIFIED certified=1 feasible=1 iters=5 generatedColsBeforeNode=0 newCols=57 posCandidates=57 duplicateCandidates=0 updatedCols=0 zeroObjImproveIters=0 objFirst=142589579.836105 objLast=173133383.065403 objGain=30543803.229298 maxRC=59306875.322983 wallSec=0.016220 pricingSec=0.011714 cplexSolveSec=0.002456
      [BB] 根节点即为整数解，obj=172650224.207680
      [BB] 根节点即为整数解，obj=173133383.065403
    [CG] 列生成开始，初始列数=128
    [CG] 列生成开始，初始列数=128
    [CG] CG iter 1: obj=142421120.754785, maxRC=59234906.832491, +23 cols
    [CG]   [DIAG] iter=1 posCols=23 newCols=23 effImprove=23 updated=0
    [CG] CG iter 2: obj=159934113.164591, maxRC=10452328.076282, +17 cols
    [CG]   [DIAG] iter=2 posCols=17 newCols=17 effImprove=17 updated=0
    [CG] CG iter 1: obj=142135083.996882, maxRC=59340035.135585, +23 cols
    [CG] CG iter 3: obj=166246458.838943, maxRC=6252118.247055, +11 cols
    [CG]   [DIAG] iter=1 posCols=23 newCols=23 effImprove=23 updated=0
    [CG]   [DIAG] iter=3 posCols=11 newCols=11 effImprove=11 updated=0
    [CG] CG iter 1: obj=142434608.405915, maxRC=59158942.212105, +23 cols
    [CG] CG iter 1: obj=142344970.298224, maxRC=59316913.827765, +23 cols
    [CG]   [DIAG] iter=1 posCols=23 newCols=23 effImprove=23 updated=0
    [CG]   [DIAG] iter=1 posCols=23 newCols=23 effImprove=23 updated=0
    [CG] CG iter 4: obj=168870780.686442, maxRC=4153221.799233, +5 cols
    [CG]   [DIAG] iter=4 posCols=5 newCols=5 effImprove=5 updated=0
    [CG] CG iter 2: obj=159526501.485602, maxRC=10617782.452924, +17 cols
    [CG]   [DIAG] iter=2 posCols=17 newCols=17 effImprove=17 updated=0
    [CG] 列生成收敛，共 5 轮迭代
    [CG] [CG-NODE] depth=0 exit=CERTIFIED certified=1 feasible=1 iters=5 generatedColsBeforeNode=0 newCols=56 posCandidates=56 duplicateCandidates=0 updatedCols=0 zeroObjImproveIters=0 objFirst=142421120.754785 objLast=173134925.604903 objGain=30713804.850118 maxRC=59234906.832491 wallSec=0.008751 pricingSec=0.005889 cplexSolveSec=0.001532
    [CG] CG iter 1: obj=142090070.008385, maxRC=59025491.404302, +23 cols
      [BB] 根节点即为整数解，obj=173134925.604903
    [CG]   [DIAG] iter=1 posCols=23 newCols=23 effImprove=23 updated=0
    [CG] CG iter 2: obj=159917336.986060, maxRC=10570062.079447, +17 cols
    [CG] CG iter 3: obj=165736868.695993, maxRC=6214241.267900, +11 cols
    [CG]   [DIAG] iter=2 posCols=17 newCols=17 effImprove=17 updated=0
    [CG]   [DIAG] iter=3 posCols=11 newCols=11 effImprove=11 updated=0
    [CG] CG iter 2: obj=159842153.296375, maxRC=10400440.786097, +17 cols
    [CG] CG iter 1: obj=141691582.915778, maxRC=59504383.769060, +23 cols
    [CG]   [DIAG] iter=2 posCols=17 newCols=17 effImprove=17 updated=0
    [CG]   [DIAG] iter=1 posCols=23 newCols=23 effImprove=23 updated=0
    [CG] CG iter 4: obj=168363732.879399, maxRC=4045079.996466, +5 cols
    [CG]   [DIAG] iter=4 posCols=5 newCols=5 effImprove=5 updated=0
    [CG] CG iter 1: obj=142743030.589201, maxRC=59514191.386312, +23 cols
    [CG] CG iter 3: obj=166037801.429812, maxRC=5602544.755786, +11 cols
    [CG] CG iter 2: obj=159543999.382872, maxRC=10447487.042983, +17 cols
    [CG]   [DIAG] iter=3 posCols=11 newCols=11 effImprove=11 updated=0
    [CG]   [DIAG] iter=1 posCols=23 newCols=23 effImprove=23 updated=0
    [CG] 列生成收敛，共 5 轮迭代
    [CG]   [DIAG] iter=2 posCols=17 newCols=17 effImprove=17 updated=0
    [CG] [CG-NODE] depth=0 exit=CERTIFIED certified=1 feasible=1 iters=5 generatedColsBeforeNode=0 newCols=56 posCandidates=56 duplicateCandidates=0 updatedCols=0 zeroObjImproveIters=0 objFirst=142135083.996882 objLast=172604766.385642 objGain=30469682.388760 maxRC=59340035.135585 wallSec=0.007647 pricingSec=0.005165 cplexSolveSec=0.001356
      [BB] 根节点即为整数解，obj=172604766.385642
    [CG] CG iter 1: obj=142419953.898443, maxRC=59016256.540825, +23 cols
    [CG] CG iter 4: obj=172591944.826755, maxRC=1182967.161914, +2 cols
    [CG]   [DIAG] iter=4 posCols=2 newCols=2 effImprove=2 updated=0
    [CG] CG iter 2: obj=160000968.928634, maxRC=9416889.094760, +17 cols
    [CG]   [DIAG] iter=1 posCols=23 newCols=23 effImprove=23 updated=0
    [CG] CG iter 3: obj=166147624.004692, maxRC=6278968.827843, +11 cols
    [CG]   [DIAG] iter=2 posCols=17 newCols=17 effImprove=17 updated=0
    [CG]   [DIAG] iter=3 posCols=11 newCols=11 effImprove=11 updated=0
    [CG] CG iter 5: obj=172806027.343259, maxRC=551120.284149, +3 cols
    [CG]   [DIAG] iter=5 posCols=3 newCols=3 effImprove=3 updated=0
    [CG] CG iter 3: obj=165834171.943509, maxRC=5732691.466648, +11 cols
    [CG]   [DIAG] iter=3 posCols=11 newCols=11 effImprove=11 updated=0
    [CG] 列生成开始，初始列数=128
    [CG] 列生成收敛，共 6 轮迭代
    [CG] [CG-NODE] depth=0 exit=CERTIFIED certified=1 feasible=1 iters=6 generatedColsBeforeNode=0 newCols=56 posCandidates=56 duplicateCandidates=0 updatedCols=0 zeroObjImproveIters=1 objFirst=142344970.298224 objLast=172806027.343259 objGain=30461057.045035 maxRC=59316913.827765 wallSec=0.008796 pricingSec=0.005850 cplexSolveSec=0.001690
    [CG] CG iter 4: obj=168744681.301533, maxRC=4169646.998608, +5 cols
    [CG]   [DIAG] iter=4 posCols=5 newCols=5 effImprove=5 updated=0
      [BB] 根节点即为整数解，obj=172806027.343259
    [CG] CG iter 3: obj=166226229.859241, maxRC=9060318.705608, +14 cols
    [CG] CG iter 4: obj=172744761.291721, maxRC=1150498.326055, +3 cols
    [CG]   [DIAG] iter=3 posCols=14 newCols=14 effImprove=14 updated=0
    [CG] CG iter 2: obj=160383459.885609, maxRC=10626541.506701, +16 cols
    [CG]   [DIAG] iter=4 posCols=3 newCols=3 effImprove=3 updated=0
    [CG] CG iter 2: obj=159520656.242690, maxRC=10310697.821720, +17 cols
    [CG]   [DIAG] iter=2 posCols=16 newCols=16 effImprove=16 updated=0
    [CG]   [DIAG] iter=2 posCols=17 newCols=17 effImprove=17 updated=0
    [CG] 列生成收敛，共 5 轮迭代
    [CG] [CG-NODE] depth=0 exit=CERTIFIED certified=1 feasible=1 iters=5 generatedColsBeforeNode=0 newCols=56 posCandidates=56 duplicateCandidates=0 updatedCols=0 zeroObjImproveIters=0 objFirst=142434608.405915 objLast=173008752.111334 objGain=30574143.705419 maxRC=59158942.212105 wallSec=0.015889 pricingSec=0.011426 cplexSolveSec=0.002563
    [CG] 列生成收敛，共 5 轮迭代
    [CG] [CG-NODE] depth=0 exit=CERTIFIED certified=1 feasible=1 iters=5 generatedColsBeforeNode=0 newCols=54 posCandidates=54 duplicateCandidates=0 updatedCols=0 zeroObjImproveIters=1 objFirst=142090070.008385 objLast=172744761.291721 objGain=30654691.283337 maxRC=59025491.404302 wallSec=0.015214 pricingSec=0.010967 cplexSolveSec=0.002382
    [CG] CG iter 4: obj=170909029.936274, maxRC=6696541.198528, +10 cols
      [BB] 根节点即为整数解，obj=172744761.291721
    [CG]   [DIAG] iter=4 posCols=10 newCols=10 effImprove=10 updated=0
      [BB] 根节点即为整数解，obj=173008752.111334
    [CG] 列生成开始，初始列数=128
    [CG] CG iter 3: obj=165863974.183634, maxRC=6243843.733769, +11 cols
    [CG]   [DIAG] iter=3 posCols=11 newCols=11 effImprove=11 updated=0
    [CG] CG iter 5: obj=170909029.936274, maxRC=1818940.539987, +3 cols
    [CG]   [DIAG] iter=5 posCols=3 newCols=3 effImprove=3 updated=0
    [CG] CG iter 3: obj=164274387.639526, maxRC=5114970.352755, +14 cols
    [CG]   [DIAG] iter=3 posCols=14 newCols=14 effImprove=14 updated=0
    [CG] 列生成开始，初始列数=128
    [CG] 列生成收敛，共 6 轮迭代
    [CG] [CG-NODE] depth=0 exit=CERTIFIED certified=1 feasible=1 iters=6 generatedColsBeforeNode=0 newCols=67 posCandidates=67 duplicateCandidates=0 updatedCols=0 zeroObjImproveIters=1 objFirst=141691582.915778 objLast=172727970.476260 objGain=31036387.560482 maxRC=59504383.769060 wallSec=0.015714 pricingSec=0.010835 cplexSolveSec=0.002681
    [CG] CG iter 4: obj=168500532.256740, maxRC=4251525.538674, +5 cols
    [CG]   [DIAG] iter=4 posCols=5 newCols=5 effImprove=5 updated=0
      [BB] 根节点即为整数解，obj=172727970.476260
    [CG] CG iter 4: obj=173561869.842649, maxRC=2670435.681357, +6 cols
    [CG]   [DIAG] iter=4 posCols=6 newCols=6 effImprove=6 updated=0
    [CG] 列生成收敛，共 5 轮迭代
    [CG] [CG-NODE] depth=0 exit=CERTIFIED certified=1 feasible=1 iters=5 generatedColsBeforeNode=0 newCols=56 posCandidates=56 duplicateCandidates=0 updatedCols=0 zeroObjImproveIters=0 objFirst=142419953.898443 objLast=172787123.999331 objGain=30367170.100888 maxRC=59016256.540825 wallSec=0.016292 pricingSec=0.011267 cplexSolveSec=0.002672
      [BB] 根节点即为整数解，obj=172787123.999331
    [CG] CG iter 5: obj=173561869.842649, maxRC=437979.014174, +1 cols
    [CG]   [DIAG] iter=5 posCols=1 newCols=1 effImprove=1 updated=0
    [CG] 列生成收敛，共 6 轮迭代
    [CG] [CG-NODE] depth=0 exit=CERTIFIED certified=1 feasible=1 iters=6 generatedColsBeforeNode=0 newCols=60 posCandidates=60 duplicateCandidates=0 updatedCols=0 zeroObjImproveIters=2 objFirst=142743030.589201 objLast=173561869.842649 objGain=30818839.253448 maxRC=59514191.386312 wallSec=0.017169 pricingSec=0.011417 cplexSolveSec=0.003180
    [CG] 列生成开始，初始列数=128
      [BB] 根节点即为整数解，obj=173561869.842649
    [CG] 列生成开始，初始列数=128
    [CG] 列生成开始，初始列数=128
    [CG] 列生成开始，初始列数=128
    [CG] CG iter 1: obj=142140631.588758, maxRC=59381965.401748, +23 cols
    [CG]   [DIAG] iter=1 posCols=23 newCols=23 effImprove=23 updated=0
    [CG] CG iter 2: obj=160128200.957304, maxRC=10728093.110721, +17 cols
    [CG]   [DIAG] iter=2 posCols=17 newCols=17 effImprove=17 updated=0
    [CG] CG iter 3: obj=166368452.150798, maxRC=6266208.260076, +11 cols
    [CG]   [DIAG] iter=3 posCols=11 newCols=11 effImprove=11 updated=0
    [CG] CG iter 1: obj=142704592.796717, maxRC=59168402.929172, +23 cols
    [CG] CG iter 1: obj=142786419.681415, maxRC=59506833.680185, +23 cols
    [CG]   [DIAG] iter=1 posCols=23 newCols=23 effImprove=23 updated=0
    [CG]   [DIAG] iter=1 posCols=23 newCols=23 effImprove=23 updated=0
    [CG] CG iter 4: obj=169022896.519802, maxRC=4059872.672593, +5 cols
    [CG]   [DIAG] iter=4 posCols=5 newCols=5 effImprove=5 updated=0
    [CG] 列生成收敛，共 5 轮迭代
    [CG] [CG-NODE] depth=0 exit=CERTIFIED certified=1 feasible=1 iters=5 generatedColsBeforeNode=0 newCols=56 posCandidates=56 duplicateCandidates=0 updatedCols=0 zeroObjImproveIters=0 objFirst=142140631.588758 objLast=173198607.275767 objGain=31057975.687009 maxRC=59381965.401748 wallSec=0.009026 pricingSec=0.006164 cplexSolveSec=0.001546
    [CG] CG iter 2: obj=159801166.148500, maxRC=10400180.669948, +17 cols
    [CG]   [DIAG] iter=2 posCols=17 newCols=17 effImprove=17 updated=0
      [BB] 根节点即为整数解，obj=173198607.275767
    [CG] CG iter 3: obj=166182430.939287, maxRC=6248813.867493, +12 cols
    [CG]   [DIAG] iter=3 posCols=12 newCols=12 effImprove=12 updated=0
    [CG] CG iter 2: obj=160521437.069106, maxRC=9286226.129283, +17 cols
    [CG]   [DIAG] iter=2 posCols=17 newCols=17 effImprove=17 updated=0
    [CG] CG iter 1: obj=142398550.186544, maxRC=59372713.884251, +23 cols
    [CG] CG iter 4: obj=168862322.082296, maxRC=4244022.391738, +5 cols
    [CG]   [DIAG] iter=4 posCols=5 newCols=5 effImprove=5 updated=0
    [CG]   [DIAG] iter=1 posCols=23 newCols=23 effImprove=23 updated=0
    [CG] 列生成收敛，共 5 轮迭代
    [CG] [CG-NODE] depth=0 exit=CERTIFIED certified=1 feasible=1 iters=5 generatedColsBeforeNode=0 newCols=57 posCandidates=57 duplicateCandidates=0 updatedCols=0 zeroObjImproveIters=0 objFirst=142704592.796717 objLast=173126264.795552 objGain=30421671.998835 maxRC=59168402.929172 wallSec=0.008606 pricingSec=0.005807 cplexSolveSec=0.001541
      [BB] 根节点即为整数解，obj=173126264.795552
    [CG] CG iter 3: obj=173788231.164571, maxRC=1427562.568999, +4 cols
    [CG]   [DIAG] iter=3 posCols=4 newCols=4 effImprove=4 updated=0
    [CG] CG iter 1: obj=143163100.792886, maxRC=59513894.439822, +23 cols
    [CG]   [DIAG] iter=1 posCols=23 newCols=23 effImprove=23 updated=0
    [CG] CG iter 4: obj=173788231.164571, maxRC=484601.657536, +4 cols
    [CG]   [DIAG] iter=4 posCols=4 newCols=4 effImprove=4 updated=0
    [CG] CG iter 2: obj=159874766.470035, maxRC=10528796.375922, +17 cols
    [CG]   [DIAG] iter=2 posCols=17 newCols=17 effImprove=17 updated=0
    [CG] CG iter 1: obj=142241113.198974, maxRC=59196895.463946, +23 cols
    [CG] 列生成收敛，共 5 轮迭代
    [CG] [CG-NODE] depth=0 exit=CERTIFIED certified=1 feasible=1 iters=5 generatedColsBeforeNode=0 newCols=48 posCandidates=48 duplicateCandidates=0 updatedCols=0 zeroObjImproveIters=2 objFirst=142786419.681415 objLast=173788231.164571 objGain=31001811.483156 maxRC=59506833.680185 wallSec=0.016120 pricingSec=0.010826 cplexSolveSec=0.003034
    [CG] CG iter 2: obj=160626611.419892, maxRC=10623464.266662, +17 cols
    [CG]   [DIAG] iter=1 posCols=23 newCols=23 effImprove=23 updated=0
    [CG]   [DIAG] iter=2 posCols=17 newCols=17 effImprove=17 updated=0
    [CG] CG iter 1: obj=142685110.160495, maxRC=59362111.109457, +23 cols
      [BB] 根节点即为整数解，obj=173788231.164571
    [CG]   [DIAG] iter=1 posCols=23 newCols=23 effImprove=23 updated=0
    [CG] CG iter 3: obj=166121952.988893, maxRC=6250511.046117, +11 cols
    [CG] CG iter 3: obj=167020938.906719, maxRC=6255298.143074, +12 cols
    [CG]   [DIAG] iter=3 posCols=12 newCols=12 effImprove=12 updated=0
    [CG]   [DIAG] iter=3 posCols=11 newCols=11 effImprove=11 updated=0
    [CG] CG iter 2: obj=160102029.011156, maxRC=10637831.182971, +17 cols
    [CG]   [DIAG] iter=2 posCols=17 newCols=17 effImprove=17 updated=0
    [CG] CG iter 4: obj=169719361.235230, maxRC=4143813.783779, +5 cols
    [CG]   [DIAG] iter=4 posCols=5 newCols=5 effImprove=5 updated=0
    [CG] CG iter 2: obj=159935270.210270, maxRC=10435360.881273, +17 cols
    [CG] 列生成收敛，共 5 轮迭代
    [CG] [CG-NODE] depth=0 exit=CERTIFIED certified=1 feasible=1 iters=5 generatedColsBeforeNode=0 newCols=57 posCandidates=57 duplicateCandidates=0 updatedCols=0 zeroObjImproveIters=0 objFirst=143163100.792886 objLast=173937766.059339 objGain=30774665.266453 maxRC=59513894.439822 wallSec=0.011985 pricingSec=0.008300 cplexSolveSec=0.001997
    [CG]   [DIAG] iter=2 posCols=17 newCols=17 effImprove=17 updated=0
    [CG] CG iter 4: obj=168708672.873037, maxRC=4055418.100260, +5 cols
      [BB] 根节点即为整数解，obj=173937766.059339
    [CG] CG iter 3: obj=166437701.325977, maxRC=6256365.538751, +12 cols
    [CG]   [DIAG] iter=4 posCols=5 newCols=5 effImprove=5 updated=0
    [CG]   [DIAG] iter=3 posCols=12 newCols=12 effImprove=12 updated=0
    [CG] CG iter 4: obj=169128442.638718, maxRC=4148931.500943, +6 cols
    [CG]   [DIAG] iter=4 posCols=6 newCols=6 effImprove=6 updated=0
    [CG] 列生成收敛，共 5 轮迭代
    [CG] [CG-NODE] depth=0 exit=CERTIFIED certified=1 feasible=1 iters=5 generatedColsBeforeNode=0 newCols=56 posCandidates=56 duplicateCandidates=0 updatedCols=0 zeroObjImproveIters=0 objFirst=142398550.186544 objLast=172972749.381109 objGain=30574199.194564 maxRC=59372713.884251 wallSec=0.017950 pricingSec=0.012337 cplexSolveSec=0.003226
    [CG] 列生成收敛，共 5 轮迭代
    [CG] [CG-NODE] depth=0 exit=CERTIFIED certified=1 feasible=1 iters=5 generatedColsBeforeNode=0 newCols=58 posCandidates=58 duplicateCandidates=0 updatedCols=0 zeroObjImproveIters=0 objFirst=142685110.160495 objLast=173323770.672043 objGain=30638660.511548 maxRC=59362111.109457 wallSec=0.015337 pricingSec=0.011146 cplexSolveSec=0.002181
      [BB] 根节点即为整数解，obj=172972749.381109
    [CG] CG iter 3: obj=166231622.820252, maxRC=6302262.785064, +11 cols
      [BB] 根节点即为整数解，obj=173323770.672043
    [CG]   [DIAG] iter=3 posCols=11 newCols=11 effImprove=11 updated=0
    [CG] CG iter 4: obj=168824639.322651, maxRC=4151232.786298, +5 cols
    [CG]   [DIAG] iter=4 posCols=5 newCols=5 effImprove=5 updated=0
    [CG] 列生成收敛，共 5 轮迭代
    [CG] [CG-NODE] depth=0 exit=CERTIFIED certified=1 feasible=1 iters=5 generatedColsBeforeNode=0 newCols=56 posCandidates=56 duplicateCandidates=0 updatedCols=0 zeroObjImproveIters=0 objFirst=142241113.198974 objLast=173074137.330409 objGain=30833024.131435 maxRC=59196895.463946 wallSec=0.017373 pricingSec=0.012267 cplexSolveSec=0.002886
      [BB] 根节点即为整数解，obj=173074137.330409
[GA] 代数 1: Best=173966651.75, Avg=173174833.88, Worst=172305011.93, Valid=30/30, 耗时=0.05s (连续1代未提升)
  ├─ 求解: 30 个体 fork 并行 | CG迭代=118 加列=1292 BB分支=0
  ├─ 并行墙钟=0.0478s | 串行等效(ΣBP)=0.3053s | 加速比=6.39x
  ├─ 管理开销=-0.2575s (fork=0.0033 wait=0.0441 merge=0.0003)
  └─ CG明细: gen_logs/run_gen1_ind{0..29}.log
    [CG] 列生成开始，初始列数=128
    [CG] 列生成开始，初始列数=128
    [CG] 列生成开始，初始列数=128
    [CG] 列生成开始，初始列数=128
    [CG] 列生成开始，初始列数=128
    [CG] 列生成开始，初始列数=128
    [CG] 列生成开始，初始列数=128
    [CG] 列生成开始，初始列数=128
    [CG] CG iter 1: obj=142520675.028859, maxRC=59382471.869549, +23 cols
    [CG]   [DIAG] iter=1 posCols=23 newCols=23 effImprove=23 updated=0
    [CG] CG iter 2: obj=160210726.594639, maxRC=9479027.527665, +17 cols
    [CG]   [DIAG] iter=2 posCols=17 newCols=17 effImprove=17 updated=0
    [CG] CG iter 1: obj=143259816.150434, maxRC=59519752.128890, +23 cols
    [CG]   [DIAG] iter=1 posCols=23 newCols=23 effImprove=23 updated=0
    [CG] CG iter 3: obj=173447639.954717, maxRC=1948371.661397, +7 cols
    [CG]   [DIAG] iter=3 posCols=7 newCols=7 effImprove=7 updated=0
    [CG] CG iter 1: obj=143165515.271409, maxRC=59519752.128890, +23 cols
    [CG]   [DIAG] iter=1 posCols=23 newCols=23 effImprove=23 updated=0
    [CG] CG iter 4: obj=173447639.954717, maxRC=476650.946684, +2 cols
    [CG]   [DIAG] iter=4 posCols=2 newCols=2 effImprove=2 updated=0
    [CG] CG iter 2: obj=160626609.885663, maxRC=10623485.371715, +17 cols
    [CG] CG iter 5: obj=173447639.954717, maxRC=413964.373127, +3 cols
    [CG]   [DIAG] iter=5 posCols=3 newCols=3 effImprove=3 updated=0
    [CG]   [DIAG] iter=2 posCols=17 newCols=17 effImprove=17 updated=0
    [CG] CG iter 1: obj=142157686.905057, maxRC=59340035.135585, +23 cols
    [CG]   [DIAG] iter=1 posCols=23 newCols=23 effImprove=23 updated=0
    [CG] 列生成收敛，共 6 轮迭代
    [CG] [CG-NODE] depth=0 exit=CERTIFIED certified=1 feasible=1 iters=6 generatedColsBeforeNode=0 newCols=52 posCandidates=52 duplicateCandidates=0 updatedCols=0 zeroObjImproveIters=3 objFirst=142520675.028859 objLast=173447639.954717 objGain=30926964.925858 maxRC=59382471.869549 wallSec=0.010781 pricingSec=0.006995 cplexSolveSec=0.002117
    [CG] CG iter 1: obj=142167059.388657, maxRC=59301383.700922, +23 cols
    [CG] CG iter 2: obj=160546435.123461, maxRC=10623485.371715, +17 cols
    [CG]   [DIAG] iter=2 posCols=17 newCols=17 effImprove=17 updated=0
      [BB] 根节点即为整数解，obj=173447639.954717
    [CG]   [DIAG] iter=1 posCols=23 newCols=23 effImprove=23 updated=0
    [CG] CG iter 3: obj=167020930.268672, maxRC=6255295.270771, +12 cols
    [CG]   [DIAG] iter=3 posCols=12 newCols=12 effImprove=12 updated=0
    [CG] CG iter 3: obj=166933681.844079, maxRC=6262368.933161, +12 cols
    [CG]   [DIAG] iter=3 posCols=12 newCols=12 effImprove=12 updated=0
    [CG] CG iter 1: obj=142867690.889484, maxRC=59513894.439822, +23 cols
    [CG] CG iter 2: obj=159542918.246132, maxRC=10596023.603416, +17 cols
    [CG]   [DIAG] iter=2 posCols=17 newCols=17 effImprove=17 updated=0
    [CG] CG iter 4: obj=169719358.461118, maxRC=4143805.047541, +5 cols
    [CG]   [DIAG] iter=4 posCols=5 newCols=5 effImprove=5 updated=0
    [CG]   [DIAG] iter=1 posCols=23 newCols=23 effImprove=23 updated=0
    [CG] CG iter 2: obj=159711890.705119, maxRC=10614874.587923, +17 cols
    [CG]   [DIAG] iter=2 posCols=17 newCols=17 effImprove=17 updated=0
    [CG] CG iter 1: obj=143259843.403323, maxRC=59519752.128890, +23 cols
    [CG] CG iter 4: obj=169639183.698916, maxRC=4143805.047541, +5 cols
    [CG]   [DIAG] iter=4 posCols=5 newCols=5 effImprove=5 updated=0
    [CG]   [DIAG] iter=1 posCols=23 newCols=23 effImprove=23 updated=0
    [CG] 列生成收敛，共 5 轮迭代
    [CG] [CG-NODE] depth=0 exit=CERTIFIED certified=1 feasible=1 iters=5 generatedColsBeforeNode=0 newCols=57 posCandidates=57 duplicateCandidates=0 updatedCols=0 zeroObjImproveIters=0 objFirst=143259816.150434 objLast=173937754.548989 objGain=30677938.398554 maxRC=59519752.128890 wallSec=0.013244 pricingSec=0.008872 cplexSolveSec=0.002453
    [CG] CG iter 1: obj=143096869.024745, maxRC=59514191.386312, +23 cols
      [BB] 根节点即为整数解，obj=173937754.548989
    [CG] 列生成收敛，共 5 轮迭代
    [CG] [CG-NODE] depth=0 exit=CERTIFIED certified=1 feasible=1 iters=5 generatedColsBeforeNode=0 newCols=57 posCandidates=57 duplicateCandidates=0 updatedCols=0 zeroObjImproveIters=0 objFirst=143165515.271409 objLast=173857579.786787 objGain=30692064.515377 maxRC=59519752.128890 wallSec=0.014051 pricingSec=0.009940 cplexSolveSec=0.002300
      [BB] 根节点即为整数解，obj=173857579.786787
    [CG]   [DIAG] iter=1 posCols=23 newCols=23 effImprove=23 updated=0
    [CG] CG iter 3: obj=165909420.475406, maxRC=5764447.633364, +11 cols
    [CG] CG iter 3: obj=165763148.348127, maxRC=6217239.949637, +11 cols
    [CG]   [DIAG] iter=3 posCols=11 newCols=11 effImprove=11 updated=0
    [CG]   [DIAG] iter=3 posCols=11 newCols=11 effImprove=11 updated=0
    [CG] CG iter 2: obj=160553991.195223, maxRC=10623464.266662, +17 cols
    [CG] 列生成开始，初始列数=128
    [CG]   [DIAG] iter=2 posCols=17 newCols=17 effImprove=17 updated=0
    [CG] CG iter 2: obj=160626609.885663, maxRC=10623485.371715, +17 cols
    [CG] CG iter 4: obj=172746296.133637, maxRC=1166670.719918, +3 cols
    [CG]   [DIAG] iter=2 posCols=17 newCols=17 effImprove=17 updated=0
    [CG]   [DIAG] iter=4 posCols=3 newCols=3 effImprove=3 updated=0
    [CG] CG iter 4: obj=168386335.787574, maxRC=4051755.422162, +5 cols
    [CG]   [DIAG] iter=4 posCols=5 newCols=5 effImprove=5 updated=0
    [CG] 列生成开始，初始列数=128
    [CG] CG iter 5: obj=172840538.828689, maxRC=540013.737986, +1 cols
    [CG]   [DIAG] iter=5 posCols=1 newCols=1 effImprove=1 updated=0
    [CG] CG iter 3: obj=166831793.771856, maxRC=6298234.103358, +11 cols
    [CG] CG iter 2: obj=160548284.588448, maxRC=10626541.506701, +17 cols
    [CG]   [DIAG] iter=3 posCols=11 newCols=11 effImprove=11 updated=0
    [CG]   [DIAG] iter=2 posCols=17 newCols=17 effImprove=17 updated=0
    [CG] 列生成收敛，共 5 轮迭代
    [CG] [CG-NODE] depth=0 exit=CERTIFIED certified=1 feasible=1 iters=5 generatedColsBeforeNode=0 newCols=56 posCandidates=56 duplicateCandidates=0 updatedCols=0 zeroObjImproveIters=0 objFirst=142157686.905057 objLast=172634044.719513 objGain=30476357.814456 maxRC=59340035.135585 wallSec=0.016118 pricingSec=0.010940 cplexSolveSec=0.002963
      [BB] 根节点即为整数解，obj=172634044.719513
    [CG] CG iter 3: obj=167020930.268672, maxRC=6255295.270771, +12 cols
    [CG] 列生成开始，初始列数=128
    [CG]   [DIAG] iter=3 posCols=12 newCols=12 effImprove=12 updated=0
    [CG] 列生成收敛，共 6 轮迭代
    [CG] [CG-NODE] depth=0 exit=CERTIFIED certified=1 feasible=1 iters=6 generatedColsBeforeNode=0 newCols=55 posCandidates=55 duplicateCandidates=0 updatedCols=0 zeroObjImproveIters=1 objFirst=142167059.388657 objLast=172840538.828689 objGain=30673479.440031 maxRC=59301383.700922 wallSec=0.016128 pricingSec=0.010799 cplexSolveSec=0.003121
    [CG] CG iter 4: obj=169427913.120662, maxRC=4039337.704028, +5 cols
    [CG]   [DIAG] iter=4 posCols=5 newCols=5 effImprove=5 updated=0
      [BB] 根节点即为整数解，obj=172840538.828689
    [CG] 列生成收敛，共 5 轮迭代
    [CG] [CG-NODE] depth=0 exit=CERTIFIED certified=1 feasible=1 iters=5 generatedColsBeforeNode=0 newCols=56 posCandidates=56 duplicateCandidates=0 updatedCols=0 zeroObjImproveIters=0 objFirst=142867690.889484 objLast=173650297.245637 objGain=30782606.356153 maxRC=59513894.439822 wallSec=0.017945 pricingSec=0.012460 cplexSolveSec=0.002948
    [CG] CG iter 4: obj=169719358.461118, maxRC=4143805.047541, +5 cols
    [CG]   [DIAG] iter=4 posCols=5 newCols=5 effImprove=5 updated=0
      [BB] 根节点即为整数解，obj=173650297.245637
    [CG] CG iter 3: obj=166917541.325330, maxRC=6261771.108655, +11 cols
    [CG]   [DIAG] iter=3 posCols=11 newCols=11 effImprove=11 updated=0
    [CG] 列生成收敛，共 5 轮迭代
    [CG] [CG-NODE] depth=0 exit=CERTIFIED certified=1 feasible=1 iters=5 generatedColsBeforeNode=0 newCols=57 posCandidates=57 duplicateCandidates=0 updatedCols=0 zeroObjImproveIters=0 objFirst=143259843.403323 objLast=173937754.548989 objGain=30677911.145666 maxRC=59519752.128890 wallSec=0.018046 pricingSec=0.012432 cplexSolveSec=0.003067
      [BB] 根节点即为整数解，obj=173937754.548989
    [CG] CG iter 4: obj=169596056.977980, maxRC=4123098.606668, +5 cols
    [CG]   [DIAG] iter=4 posCols=5 newCols=5 effImprove=5 updated=0
    [CG] 列生成开始，初始列数=128
    [CG] 列生成收敛，共 5 轮迭代
    [CG] [CG-NODE] depth=0 exit=CERTIFIED certified=1 feasible=1 iters=5 generatedColsBeforeNode=0 newCols=56 posCandidates=56 duplicateCandidates=0 updatedCols=0 zeroObjImproveIters=0 objFirst=143096869.024745 objLast=173813957.762894 objGain=30717088.738149 maxRC=59514191.386312 wallSec=0.019406 pricingSec=0.013419 cplexSolveSec=0.003231
      [BB] 根节点即为整数解，obj=173813957.762894
    [CG] 列生成开始，初始列数=128
    [CG] 列生成开始，初始列数=128
    [CG] 列生成开始，初始列数=128
    [CG] CG iter 1: obj=142246183.375835, maxRC=59196895.463946, +23 cols
    [CG]   [DIAG] iter=1 posCols=23 newCols=23 effImprove=23 updated=0
    [CG] CG iter 1: obj=142352182.772841, maxRC=59503167.809012, +23 cols
    [CG]   [DIAG] iter=1 posCols=23 newCols=23 effImprove=23 updated=0
    [CG] 列生成开始，初始列数=128
    [CG] CG iter 2: obj=159938957.504606, maxRC=10430662.784707, +17 cols
    [CG]   [DIAG] iter=2 posCols=17 newCols=17 effImprove=17 updated=0
    [CG] CG iter 2: obj=160125473.873017, maxRC=10807268.626226, +17 cols
    [CG]   [DIAG] iter=2 posCols=17 newCols=17 effImprove=17 updated=0
    [CG] CG iter 3: obj=166237464.089903, maxRC=6302910.609810, +11 cols
    [CG]   [DIAG] iter=3 posCols=11 newCols=11 effImprove=11 updated=0
    [CG] CG iter 4: obj=168829709.499512, maxRC=4152651.703834, +5 cols
    [CG]   [DIAG] iter=4 posCols=5 newCols=5 effImprove=5 updated=0
    [CG] CG iter 3: obj=166330744.771862, maxRC=6243349.519019, +12 cols
    [CG]   [DIAG] iter=3 posCols=12 newCols=12 effImprove=12 updated=0
    [CG] 列生成收敛，共 5 轮迭代
    [CG] [CG-NODE] depth=0 exit=CERTIFIED certified=1 feasible=1 iters=5 generatedColsBeforeNode=0 newCols=56 posCandidates=56 duplicateCandidates=0 updatedCols=0 zeroObjImproveIters=0 objFirst=142246183.375835 objLast=173080626.424805 objGain=30834443.048970 maxRC=59196895.463946 wallSec=0.010627 pricingSec=0.007149 cplexSolveSec=0.001904
      [BB] 根节点即为整数解，obj=173080626.424805
    [CG] CG iter 4: obj=169023479.275294, maxRC=4011684.336401, +7 cols
    [CG]   [DIAG] iter=4 posCols=7 newCols=7 effImprove=7 updated=0
    [CG] CG iter 1: obj=142547628.317053, maxRC=59317773.871142, +23 cols
    [CG] 列生成收敛，共 5 轮迭代
    [CG] [CG-NODE] depth=0 exit=CERTIFIED certified=1 feasible=1 iters=5 generatedColsBeforeNode=0 newCols=59 posCandidates=59 duplicateCandidates=0 updatedCols=0 zeroObjImproveIters=0 objFirst=142352182.772841 objLast=173202978.291198 objGain=30850795.518357 maxRC=59503167.809012 wallSec=0.013949 pricingSec=0.009021 cplexSolveSec=0.002617
    [CG]   [DIAG] iter=1 posCols=23 newCols=23 effImprove=23 updated=0
      [BB] 根节点即为整数解，obj=173202978.291198
    [CG] CG iter 1: obj=142610076.541110, maxRC=59306875.322983, +23 cols
    [CG]   [DIAG] iter=1 posCols=23 newCols=23 effImprove=23 updated=0
    [CG] CG iter 1: obj=142603287.804083, maxRC=59168402.929172, +23 cols
    [CG] CG iter 2: obj=160054266.440050, maxRC=10529053.648019, +17 cols
    [CG] CG iter 2: obj=159879882.553864, maxRC=10487093.817150, +17 cols
    [CG]   [DIAG] iter=2 posCols=17 newCols=17 effImprove=17 updated=0
    [CG]   [DIAG] iter=2 posCols=17 newCols=17 effImprove=17 updated=0
    [CG] 列生成开始，初始列数=128
    [CG]   [DIAG] iter=1 posCols=23 newCols=23 effImprove=23 updated=0
    [CG] CG iter 3: obj=166219086.013379, maxRC=6242385.878932, +12 cols
    [CG]   [DIAG] iter=3 posCols=12 newCols=12 effImprove=12 updated=0
    [CG] 列生成开始，初始列数=128
    [CG] CG iter 4: obj=168899626.197233, maxRC=4170513.119440, +5 cols
    [CG]   [DIAG] iter=4 posCols=5 newCols=5 effImprove=5 updated=0
    [CG] CG iter 3: obj=166257022.551276, maxRC=6285623.175413, +11 cols
    [CG]   [DIAG] iter=3 posCols=11 newCols=11 effImprove=11 updated=0
    [CG] CG iter 2: obj=159702459.330413, maxRC=10404616.293392, +17 cols
    [CG] 列生成收敛，共 5 轮迭代
    [CG]   [DIAG] iter=2 posCols=17 newCols=17 effImprove=17 updated=0
    [CG] [CG-NODE] depth=0 exit=CERTIFIED certified=1 feasible=1 iters=5 generatedColsBeforeNode=0 newCols=57 posCandidates=57 duplicateCandidates=0 updatedCols=0 zeroObjImproveIters=0 objFirst=142610076.541110 objLast=173160538.368892 objGain=30550461.827782 maxRC=59306875.322983 wallSec=0.010543 pricingSec=0.007102 cplexSolveSec=0.001886
    [CG] CG iter 1: obj=142435047.622372, maxRC=59209313.031372, +23 cols
      [BB] 根节点即为整数解，obj=173160538.368892
    [CG]   [DIAG] iter=1 posCols=23 newCols=23 effImprove=23 updated=0
    [CG] CG iter 4: obj=168802051.698958, maxRC=4034137.046886, +5 cols
    [CG]   [DIAG] iter=4 posCols=5 newCols=5 effImprove=5 updated=0
    [CG] CG iter 1: obj=142755351.743331, maxRC=59517852.545416, +23 cols
    [CG] CG iter 2: obj=159891110.369627, maxRC=10435959.864689, +17 cols
    [CG] CG iter 3: obj=166081044.150393, maxRC=6248474.578597, +12 cols
    [CG]   [DIAG] iter=2 posCols=17 newCols=17 effImprove=17 updated=0
    [CG]   [DIAG] iter=3 posCols=12 newCols=12 effImprove=12 updated=0
    [CG]   [DIAG] iter=1 posCols=23 newCols=23 effImprove=23 updated=0
    [CG] 列生成收敛，共 5 轮迭代
    [CG] [CG-NODE] depth=0 exit=CERTIFIED certified=1 feasible=1 iters=5 generatedColsBeforeNode=0 newCols=56 posCandidates=56 duplicateCandidates=0 updatedCols=0 zeroObjImproveIters=0 objFirst=142547628.317053 objLast=173050271.262348 objGain=30502642.945295 maxRC=59317773.871142 wallSec=0.014451 pricingSec=0.009427 cplexSolveSec=0.002937
    [CG] CG iter 1: obj=142668243.443269, maxRC=59362111.109457, +23 cols
      [BB] 根节点即为整数解，obj=173050271.262348
    [CG]   [DIAG] iter=1 posCols=23 newCols=23 effImprove=23 updated=0
    [CG] CG iter 3: obj=166208068.838741, maxRC=6252961.965535, +11 cols
    [CG] 列生成开始，初始列数=128
    [CG] CG iter 4: obj=168761017.089661, maxRC=4242090.522270, +5 cols
    [CG]   [DIAG] iter=3 posCols=11 newCols=11 effImprove=11 updated=0
    [CG]   [DIAG] iter=4 posCols=5 newCols=5 effImprove=5 updated=0
    [CG] CG iter 2: obj=160390137.379763, maxRC=10629059.938436, +16 cols
    [CG]   [DIAG] iter=2 posCols=16 newCols=16 effImprove=16 updated=0
    [CG] CG iter 4: obj=168833234.404721, maxRC=4165135.024581, +5 cols
    [CG] 列生成收敛，共 5 轮迭代
    [CG]   [DIAG] iter=4 posCols=5 newCols=5 effImprove=5 updated=0
    [CG] [CG-NODE] depth=0 exit=CERTIFIED certified=1 feasible=1 iters=5 generatedColsBeforeNode=0 newCols=57 posCandidates=57 duplicateCandidates=0 updatedCols=0 zeroObjImproveIters=0 objFirst=142603287.804083 objLast=173023621.754738 objGain=30420333.950656 maxRC=59168402.929172 wallSec=0.019462 pricingSec=0.013238 cplexSolveSec=0.003430
    [CG] CG iter 2: obj=160026686.651546, maxRC=10528253.782644, +17 cols
    [CG]   [DIAG] iter=2 posCols=17 newCols=17 effImprove=17 updated=0
      [BB] 根节点即为整数解，obj=173023621.754738
    [CG] 列生成收敛，共 5 轮迭代
    [CG] [CG-NODE] depth=0 exit=CERTIFIED certified=1 feasible=1 iters=5 generatedColsBeforeNode=0 newCols=56 posCandidates=56 duplicateCandidates=0 updatedCols=0 zeroObjImproveIters=0 objFirst=142435047.622372 objLast=173099140.739251 objGain=30664093.116878 maxRC=59209313.031372 wallSec=0.013399 pricingSec=0.009283 cplexSolveSec=0.002360
    [CG] 列生成开始，初始列数=128
      [BB] 根节点即为整数解，obj=173099140.739251
    [CG] CG iter 3: obj=164280598.239968, maxRC=5114970.352755, +14 cols
    [CG]   [DIAG] iter=3 posCols=14 newCols=14 effImprove=14 updated=0
    [CG] CG iter 3: obj=166413817.145718, maxRC=6278625.639145, +12 cols
    [CG]   [DIAG] iter=3 posCols=12 newCols=12 effImprove=12 updated=0
    [CG] CG iter 4: obj=173567613.549379, maxRC=2670435.681357, +6 cols
    [CG]   [DIAG] iter=4 posCols=6 newCols=6 effImprove=6 updated=0
    [CG] CG iter 4: obj=169115828.559664, maxRC=4197060.457604, +5 cols
    [CG]   [DIAG] iter=4 posCols=5 newCols=5 effImprove=5 updated=0
    [CG] 列生成开始，初始列数=128
    [CG] CG iter 5: obj=173567613.549379, maxRC=437343.596085, +1 cols
    [CG]   [DIAG] iter=5 posCols=1 newCols=1 effImprove=1 updated=0
    [CG] 列生成收敛，共 5 轮迭代
    [CG] [CG-NODE] depth=0 exit=CERTIFIED certified=1 feasible=1 iters=5 generatedColsBeforeNode=0 newCols=57 posCandidates=57 duplicateCandidates=0 updatedCols=0 zeroObjImproveIters=0 objFirst=142668243.443269 objLast=173344722.363862 objGain=30676478.920593 maxRC=59362111.109457 wallSec=0.019180 pricingSec=0.013223 cplexSolveSec=0.003259
    [CG] CG iter 1: obj=143163044.338221, maxRC=59513894.439822, +23 cols
    [CG]   [DIAG] iter=1 posCols=23 newCols=23 effImprove=23 updated=0
    [CG] 列生成收敛，共 6 轮迭代
      [BB] 根节点即为整数解，obj=173344722.363862
    [CG] [CG-NODE] depth=0 exit=CERTIFIED certified=1 feasible=1 iters=6 generatedColsBeforeNode=0 newCols=60 posCandidates=60 duplicateCandidates=0 updatedCols=0 zeroObjImproveIters=2 objFirst=142755351.743331 objLast=173567613.549379 objGain=30812261.806048 maxRC=59517852.545416 wallSec=0.020019 pricingSec=0.013603 cplexSolveSec=0.003574
    [CG] 列生成开始，初始列数=128
      [BB] 根节点即为整数解，obj=173567613.549379
    [CG] CG iter 2: obj=160626554.965227, maxRC=10623464.266662, +17 cols
    [CG]   [DIAG] iter=2 posCols=17 newCols=17 effImprove=17 updated=0
    [CG] CG iter 1: obj=143259842.360475, maxRC=59519752.128890, +23 cols
    [CG]   [DIAG] iter=1 posCols=23 newCols=23 effImprove=23 updated=0
    [CG] CG iter 1: obj=142717287.479104, maxRC=59506833.680185, +23 cols
    [CG]   [DIAG] iter=1 posCols=23 newCols=23 effImprove=23 updated=0
    [CG] CG iter 3: obj=167020882.452054, maxRC=6255298.143074, +12 cols
    [CG]   [DIAG] iter=3 posCols=12 newCols=12 effImprove=12 updated=0
    [CG] CG iter 2: obj=160626613.892096, maxRC=10623485.371715, +17 cols
    [CG] CG iter 2: obj=160462674.506158, maxRC=9345076.833533, +17 cols
    [CG]   [DIAG] iter=2 posCols=17 newCols=17 effImprove=17 updated=0
    [CG]   [DIAG] iter=2 posCols=17 newCols=17 effImprove=17 updated=0
    [CG] 列生成开始，初始列数=128
    [CG] CG iter 4: obj=169719304.780565, maxRC=4143813.783779, +5 cols
    [CG] CG iter 3: obj=173729504.256546, maxRC=1427562.568999, +6 cols
    [CG] 列生成开始，初始列数=128
    [CG]   [DIAG] iter=4 posCols=5 newCols=5 effImprove=5 updated=0
    [CG]   [DIAG] iter=3 posCols=6 newCols=6 effImprove=6 updated=0
    [CG] CG iter 4: obj=173729504.256546, maxRC=474285.194224, +1 cols
    [CG]   [DIAG] iter=4 posCols=1 newCols=1 effImprove=1 updated=0
    [CG] 列生成收敛，共 5 轮迭代
    [CG] [CG-NODE] depth=0 exit=CERTIFIED certified=1 feasible=1 iters=5 generatedColsBeforeNode=0 newCols=57 posCandidates=57 duplicateCandidates=0 updatedCols=0 zeroObjImproveIters=0 objFirst=143163044.338221 objLast=173937709.604674 objGain=30774665.266453 maxRC=59513894.439822 wallSec=0.016385 pricingSec=0.011151 cplexSolveSec=0.002850
    [CG] CG iter 3: obj=167020942.042803, maxRC=6255302.042819, +12 cols
    [CG]   [DIAG] iter=3 posCols=12 newCols=12 effImprove=12 updated=0
      [BB] 根节点即为整数解，obj=173937709.604674
    [CG] 列生成收敛，共 5 轮迭代
    [CG] [CG-NODE] depth=0 exit=CERTIFIED certified=1 feasible=1 iters=5 generatedColsBeforeNode=0 newCols=47 posCandidates=47 duplicateCandidates=0 updatedCols=0 zeroObjImproveIters=2 objFirst=142717287.479104 objLast=173729504.256546 objGain=31012216.777441 maxRC=59506833.680185 wallSec=0.009199 pricingSec=0.006074 cplexSolveSec=0.001685
      [BB] 根节点即为整数解，obj=173729504.256546
    [CG] CG iter 4: obj=169719377.007298, maxRC=4143813.840033, +5 cols
    [CG]   [DIAG] iter=4 posCols=5 newCols=5 effImprove=5 updated=0
    [CG] 列生成收敛，共 5 轮迭代
    [CG] [CG-NODE] depth=0 exit=CERTIFIED certified=1 feasible=1 iters=5 generatedColsBeforeNode=0 newCols=57 posCandidates=57 duplicateCandidates=0 updatedCols=0 zeroObjImproveIters=0 objFirst=143259842.360475 objLast=173937767.551824 objGain=30677925.191349 maxRC=59519752.128890 wallSec=0.017064 pricingSec=0.011707 cplexSolveSec=0.002940
    [CG] CG iter 1: obj=142138893.285396, maxRC=59340026.759357, +23 cols
      [BB] 根节点即为整数解，obj=173937767.551824
    [CG]   [DIAG] iter=1 posCols=23 newCols=23 effImprove=23 updated=0
    [CG] 列生成开始，初始列数=128
    [CG] CG iter 1: obj=142742886.788770, maxRC=59514002.939373, +23 cols
    [CG]   [DIAG] iter=1 posCols=23 newCols=23 effImprove=23 updated=0
    [CG] CG iter 2: obj=159529656.222549, maxRC=10617066.164472, +17 cols
    [CG]   [DIAG] iter=2 posCols=17 newCols=17 effImprove=17 updated=0
    [CG] CG iter 1: obj=142690212.391324, maxRC=59443374.518860, +23 cols
    [CG]   [DIAG] iter=1 posCols=23 newCols=23 effImprove=23 updated=0
    [CG] CG iter 2: obj=160383127.638238, maxRC=10626415.732743, +16 cols
    [CG]   [DIAG] iter=2 posCols=16 newCols=16 effImprove=16 updated=0
    [CG] CG iter 3: obj=165741386.993399, maxRC=6214789.956123, +11 cols
    [CG]   [DIAG] iter=3 posCols=11 newCols=11 effImprove=11 updated=0
    [CG] CG iter 3: obj=164274080.499208, maxRC=5114970.352755, +14 cols
    [CG]   [DIAG] iter=3 posCols=14 newCols=14 effImprove=14 updated=0
    [CG] CG iter 2: obj=160234553.231207, maxRC=10575857.471673, +17 cols
    [CG]   [DIAG] iter=2 posCols=17 newCols=17 effImprove=17 updated=0
    [CG] CG iter 4: obj=168368580.066233, maxRC=4046223.918044, +5 cols
    [CG] CG iter 4: obj=173561587.809385, maxRC=2670435.681357, +6 cols
    [CG]   [DIAG] iter=4 posCols=6 newCols=6 effImprove=6 updated=0
    [CG]   [DIAG] iter=4 posCols=5 newCols=5 effImprove=5 updated=0
    [CG] CG iter 5: obj=173561587.809385, maxRC=438013.152931, +1 cols
    [CG]   [DIAG] iter=5 posCols=1 newCols=1 effImprove=1 updated=0
    [CG] 列生成收敛，共 5 轮迭代
    [CG] [CG-NODE] depth=0 exit=CERTIFIED certified=1 feasible=1 iters=5 generatedColsBeforeNode=0 newCols=56 posCandidates=56 duplicateCandidates=0 updatedCols=0 zeroObjImproveIters=0 objFirst=142138893.285396 objLast=172609448.918227 objGain=30470555.632831 maxRC=59340026.759357 wallSec=0.017712 pricingSec=0.012336 cplexSolveSec=0.002864
    [CG] CG iter 3: obj=166565336.976674, maxRC=6227525.073329, +12 cols
    [CG]   [DIAG] iter=3 posCols=12 newCols=12 effImprove=12 updated=0
      [BB] 根节点即为整数解，obj=172609448.918227
    [CG] 列生成收敛，共 6 轮迭代
    [CG] [CG-NODE] depth=0 exit=CERTIFIED certified=1 feasible=1 iters=6 generatedColsBeforeNode=0 newCols=60 posCandidates=60 duplicateCandidates=0 updatedCols=0 zeroObjImproveIters=2 objFirst=142742886.788770 objLast=173561587.809385 objGain=30818701.020615 maxRC=59514002.939373 wallSec=0.013440 pricingSec=0.009341 cplexSolveSec=0.002087
      [BB] 根节点即为整数解，obj=173561587.809385
    [CG] CG iter 4: obj=169235524.683002, maxRC=4111512.559991, +5 cols
    [CG]   [DIAG] iter=4 posCols=5 newCols=5 effImprove=5 updated=0
    [CG] CG iter 1: obj=142795804.736792, maxRC=59506833.680185, +23 cols
    [CG]   [DIAG] iter=1 posCols=23 newCols=23 effImprove=23 updated=0
    [CG] 列生成收敛，共 5 轮迭代
    [CG] [CG-NODE] depth=0 exit=CERTIFIED certified=1 feasible=1 iters=5 generatedColsBeforeNode=0 newCols=57 posCandidates=57 duplicateCandidates=0 updatedCols=0 zeroObjImproveIters=0 objFirst=142690212.391324 objLast=173485936.331604 objGain=30795723.940280 maxRC=59443374.518860 wallSec=0.013860 pricingSec=0.008698 cplexSolveSec=0.002669
      [BB] 根节点即为整数解，obj=173485936.331604
    [CG] CG iter 2: obj=160529429.684563, maxRC=9277873.901746, +17 cols
    [CG]   [DIAG] iter=2 posCols=17 newCols=17 effImprove=17 updated=0
    [CG] CG iter 1: obj=143250129.186735, maxRC=59519644.562382, +23 cols
    [CG]   [DIAG] iter=1 posCols=23 newCols=23 effImprove=23 updated=0
    [CG] CG iter 3: obj=173796078.163974, maxRC=1427562.568999, +4 cols
    [CG]   [DIAG] iter=3 posCols=4 newCols=4 effImprove=4 updated=0
    [CG] CG iter 2: obj=160618192.942919, maxRC=10623321.672154, +17 cols
    [CG] CG iter 4: obj=173796078.163974, maxRC=485776.805216, +4 cols
    [CG]   [DIAG] iter=2 posCols=17 newCols=17 effImprove=17 updated=0
    [CG]   [DIAG] iter=4 posCols=4 newCols=4 effImprove=4 updated=0
    [CG] CG iter 1: obj=142784789.909372, maxRC=59382208.043023, +23 cols
    [CG]   [DIAG] iter=1 posCols=23 newCols=23 effImprove=23 updated=0
    [CG] 列生成收敛，共 5 轮迭代
    [CG] [CG-NODE] depth=0 exit=CERTIFIED certified=1 feasible=1 iters=5 generatedColsBeforeNode=0 newCols=48 posCandidates=48 duplicateCandidates=0 updatedCols=0 zeroObjImproveIters=2 objFirst=142795804.736792 objLast=173796078.163974 objGain=31000273.427183 maxRC=59506833.680185 wallSec=0.012914 pricingSec=0.007979 cplexSolveSec=0.002452
    [CG] CG iter 3: obj=167011787.982599, maxRC=6256023.398336, +12 cols
    [CG]   [DIAG] iter=3 posCols=12 newCols=12 effImprove=12 updated=0
      [BB] 根节点即为整数解，obj=173796078.163974
    [CG] CG iter 4: obj=169710944.302611, maxRC=4143841.536701, +5 cols
    [CG]   [DIAG] iter=4 posCols=5 newCols=5 effImprove=5 updated=0
    [CG] CG iter 2: obj=160125299.565247, maxRC=10536411.452643, +17 cols
    [CG]   [DIAG] iter=2 posCols=17 newCols=17 effImprove=17 updated=0
    [CG] 列生成收敛，共 5 轮迭代
    [CG] [CG-NODE] depth=0 exit=CERTIFIED certified=1 feasible=1 iters=5 generatedColsBeforeNode=0 newCols=57 posCandidates=57 duplicateCandidates=0 updatedCols=0 zeroObjImproveIters=0 objFirst=143250129.186735 objLast=173929317.697442 objGain=30679188.510707 maxRC=59519644.562382 wallSec=0.013733 pricingSec=0.009791 cplexSolveSec=0.001952
      [BB] 根节点即为整数解，obj=173929317.697442
    [CG] CG iter 3: obj=166465935.107236, maxRC=6229616.319595, +12 cols
    [CG]   [DIAG] iter=3 posCols=12 newCols=12 effImprove=12 updated=0
    [CG] CG iter 4: obj=169138174.661443, maxRC=4139266.875875, +5 cols
    [CG]   [DIAG] iter=4 posCols=5 newCols=5 effImprove=5 updated=0
    [CG] 列生成收敛，共 5 轮迭代
    [CG] [CG-NODE] depth=0 exit=CERTIFIED certified=1 feasible=1 iters=5 generatedColsBeforeNode=0 newCols=57 posCandidates=57 duplicateCandidates=0 updatedCols=0 zeroObjImproveIters=0 objFirst=142784789.909372 objLast=173393092.570668 objGain=30608302.661296 maxRC=59382208.043023 wallSec=0.011554 pricingSec=0.007082 cplexSolveSec=0.002398
      [BB] 根节点即为整数解，obj=173393092.570668
[GA] 代数 2: Best=173966653.24, Avg=173483397.83, Worst=172638334.60, Valid=30/30, 耗时=0.06s (连续2代未提升)
  ├─ 求解: 30 个体 fork 并行 | CG迭代=129 加列=1400 BB分支=0
  ├─ 并行墙钟=0.0584s | 串行等效(ΣBP)=0.3800s | 加速比=6.50x
  ├─ 管理开销=-0.3216s (fork=0.0043 wait=0.0537 merge=0.0003)
  └─ CG明细: gen_logs/run_gen2_ind{0..29}.log
    [CG] 列生成开始，初始列数=128
    [CG] 列生成开始，初始列数=128
    [CG] 列生成开始，初始列数=128
    [CG] 列生成开始，初始列数=128
    [CG] 列生成开始，初始列数=128
    [CG] 列生成开始，初始列数=128
    [CG] 列生成开始，初始列数=128
    [CG] 列生成开始，初始列数=128
    [CG] CG iter 1: obj=142696696.485994, maxRC=59443780.028866, +23 cols
    [CG]   [DIAG] iter=1 posCols=23 newCols=23 effImprove=23 updated=0
    [CG] CG iter 1: obj=142856682.788841, maxRC=59486684.918311, +23 cols
    [CG]   [DIAG] iter=1 posCols=23 newCols=23 effImprove=23 updated=0
    [CG] CG iter 2: obj=160240586.105087, maxRC=10575944.008093, +17 cols
    [CG]   [DIAG] iter=2 posCols=17 newCols=17 effImprove=17 updated=0
    [CG] CG iter 2: obj=160301748.476921, maxRC=10603782.027983, +17 cols
    [CG]   [DIAG] iter=2 posCols=17 newCols=17 effImprove=17 updated=0
    [CG] CG iter 3: obj=166571044.740088, maxRC=6226410.945622, +12 cols
    [CG]   [DIAG] iter=3 posCols=12 newCols=12 effImprove=12 updated=0
    [CG] CG iter 1: obj=142667667.471375, maxRC=59362111.109457, +23 cols
    [CG]   [DIAG] iter=1 posCols=23 newCols=23 effImprove=23 updated=0
    [CG] CG iter 3: obj=166623649.420831, maxRC=6226055.733080, +12 cols
    [CG]   [DIAG] iter=3 posCols=12 newCols=12 effImprove=12 updated=0
    [CG] CG iter 1: obj=142746435.648270, maxRC=59514191.386312, +23 cols
    [CG]   [DIAG] iter=1 posCols=23 newCols=23 effImprove=23 updated=0
    [CG] CG iter 4: obj=169240078.920323, maxRC=4110449.939955, +5 cols
    [CG]   [DIAG] iter=4 posCols=5 newCols=5 effImprove=5 updated=0
    [CG] CG iter 4: obj=169292367.786910, maxRC=4090660.878836, +5 cols
    [CG]   [DIAG] iter=4 posCols=5 newCols=5 effImprove=5 updated=0
    [CG] 列生成收敛，共 5 轮迭代
    [CG] [CG-NODE] depth=0 exit=CERTIFIED certified=1 feasible=1 iters=5 generatedColsBeforeNode=0 newCols=57 posCandidates=57 duplicateCandidates=0 updatedCols=0 zeroObjImproveIters=0 objFirst=142696696.485994 objLast=173490882.052410 objGain=30794185.566416 maxRC=59443780.028866 wallSec=0.006859 pricingSec=0.004455 cplexSolveSec=0.001245
      [BB] 根节点即为整数解，obj=173490882.052410
    [CG] 列生成收敛，共 5 轮迭代
    [CG] [CG-NODE] depth=0 exit=CERTIFIED certified=1 feasible=1 iters=5 generatedColsBeforeNode=0 newCols=57 posCandidates=57 duplicateCandidates=0 updatedCols=0 zeroObjImproveIters=0 objFirst=142856682.788841 objLast=173540170.122766 objGain=30683487.333925 maxRC=59486684.918311 wallSec=0.007203 pricingSec=0.004496 cplexSolveSec=0.001293
    [CG] CG iter 2: obj=160026267.705027, maxRC=10528784.800475, +17 cols
    [CG]   [DIAG] iter=2 posCols=17 newCols=17 effImprove=17 updated=0
      [BB] 根节点即为整数解，obj=173540170.122766
    [CG] CG iter 2: obj=160384291.859695, maxRC=10626541.506701, +16 cols
    [CG]   [DIAG] iter=2 posCols=16 newCols=16 effImprove=16 updated=0
    [CG] CG iter 3: obj=166413154.366294, maxRC=6278552.411130, +12 cols
    [CG]   [DIAG] iter=3 posCols=12 newCols=12 effImprove=12 updated=0
    [CG] CG iter 1: obj=143231264.310694, maxRC=59519550.350332, +23 cols
    [CG] CG iter 3: obj=164275219.613612, maxRC=5115309.526711, +14 cols
    [CG] 列生成开始，初始列数=128
    [CG]   [DIAG] iter=3 posCols=14 newCols=14 effImprove=14 updated=0
    [CG]   [DIAG] iter=1 posCols=23 newCols=23 effImprove=23 updated=0
    [CG] CG iter 4: obj=169115252.587769, maxRC=4196900.422060, +5 cols
    [CG]   [DIAG] iter=4 posCols=5 newCols=5 effImprove=5 updated=0
    [CG] CG iter 4: obj=173563040.990692, maxRC=2670577.784420, +6 cols
    [CG] 列生成开始，初始列数=128
    [CG]   [DIAG] iter=4 posCols=6 newCols=6 effImprove=6 updated=0
    [CG] 列生成收敛，共 5 轮迭代
    [CG] [CG-NODE] depth=0 exit=CERTIFIED certified=1 feasible=1 iters=5 generatedColsBeforeNode=0 newCols=57 posCandidates=57 duplicateCandidates=0 updatedCols=0 zeroObjImproveIters=0 objFirst=142667667.471375 objLast=173343986.356423 objGain=30676318.885049 maxRC=59362111.109457 wallSec=0.009368 pricingSec=0.006271 cplexSolveSec=0.001680
      [BB] 根节点即为整数解，obj=173343986.356423
    [CG] CG iter 5: obj=173563040.990692, maxRC=438674.258204, +1 cols
    [CG]   [DIAG] iter=5 posCols=1 newCols=1 effImprove=1 updated=0
    [CG] CG iter 1: obj=143179659.142121, maxRC=59519752.128890, +23 cols
    [CG] CG iter 2: obj=160602986.725159, maxRC=10623249.857382, +17 cols
    [CG]   [DIAG] iter=1 posCols=23 newCols=23 effImprove=23 updated=0
    [CG]   [DIAG] iter=2 posCols=17 newCols=17 effImprove=17 updated=0
    [CG] 列生成收敛，共 6 轮迭代
    [CG] [CG-NODE] depth=0 exit=CERTIFIED certified=1 feasible=1 iters=6 generatedColsBeforeNode=0 newCols=60 posCandidates=60 duplicateCandidates=0 updatedCols=0 zeroObjImproveIters=2 objFirst=142746435.648270 objLast=173563040.990692 objGain=30816605.342421 maxRC=59514191.386312 wallSec=0.010450 pricingSec=0.006957 cplexSolveSec=0.001959
      [BB] 根节点即为整数解，obj=173563040.990692
    [CG] CG iter 3: obj=166988604.831771, maxRC=6251794.052509, +12 cols
    [CG] CG iter 2: obj=160626609.885663, maxRC=10623485.371715, +17 cols
    [CG]   [DIAG] iter=3 posCols=12 newCols=12 effImprove=12 updated=0
    [CG]   [DIAG] iter=2 posCols=17 newCols=17 effImprove=17 updated=0
    [CG] CG iter 4: obj=169683531.805955, maxRC=4136283.885704, +5 cols
    [CG]   [DIAG] iter=4 posCols=5 newCols=5 effImprove=5 updated=0
    [CG] CG iter 3: obj=167020930.268672, maxRC=6255295.270771, +12 cols
    [CG]   [DIAG] iter=3 posCols=12 newCols=12 effImprove=12 updated=0
    [CG] 列生成收敛，共 5 轮迭代
    [CG] [CG-NODE] depth=0 exit=CERTIFIED certified=1 feasible=1 iters=5 generatedColsBeforeNode=0 newCols=57 posCandidates=57 duplicateCandidates=0 updatedCols=0 zeroObjImproveIters=0 objFirst=143231264.310694 objLast=173904965.585551 objGain=30673701.274857 maxRC=59519550.350332 wallSec=0.011832 pricingSec=0.008006 cplexSolveSec=0.002028
    [CG] CG iter 4: obj=169719358.461118, maxRC=4143805.047541, +5 cols
    [CG]   [DIAG] iter=4 posCols=5 newCols=5 effImprove=5 updated=0
      [BB] 根节点即为整数解，obj=173904965.585551
    [CG] CG iter 1: obj=143254224.644086, maxRC=59519403.483036, +23 cols
    [CG]   [DIAG] iter=1 posCols=23 newCols=23 effImprove=23 updated=0
    [CG] 列生成开始，初始列数=128
    [CG] 列生成开始，初始列数=128
    [CG] 列生成收敛，共 5 轮迭代
    [CG] [CG-NODE] depth=0 exit=CERTIFIED certified=1 feasible=1 iters=5 generatedColsBeforeNode=0 newCols=57 posCandidates=57 duplicateCandidates=0 updatedCols=0 zeroObjImproveIters=0 objFirst=143179659.142121 objLast=173937754.548989 objGain=30758095.406868 maxRC=59519752.128890 wallSec=0.012566 pricingSec=0.009376 cplexSolveSec=0.001656
      [BB] 根节点即为整数解，obj=173937754.548989
    [CG] CG iter 1: obj=143165433.730150, maxRC=59519841.930057, +23 cols
    [CG] CG iter 2: obj=160626609.368307, maxRC=10623485.371715, +17 cols
    [CG]   [DIAG] iter=1 posCols=23 newCols=23 effImprove=23 updated=0
    [CG] CG iter 1: obj=143153392.621229, maxRC=59513786.873314, +23 cols
    [CG]   [DIAG] iter=2 posCols=17 newCols=17 effImprove=17 updated=0
    [CG]   [DIAG] iter=1 posCols=23 newCols=23 effImprove=23 updated=0
    [CG] CG iter 1: obj=142294093.740183, maxRC=59484761.143223, +23 cols
    [CG] CG iter 3: obj=167020929.869466, maxRC=6255295.152621, +12 cols
    [CG]   [DIAG] iter=3 posCols=12 newCols=12 effImprove=12 updated=0
    [CG]   [DIAG] iter=1 posCols=23 newCols=23 effImprove=23 updated=0
    [CG] 列生成开始，初始列数=128
    [CG] CG iter 4: obj=169719357.943762, maxRC=4143805.047541, +5 cols
    [CG]   [DIAG] iter=4 posCols=5 newCols=5 effImprove=5 updated=0
    [CG] 列生成收敛，共 5 轮迭代
    [CG] [CG-NODE] depth=0 exit=CERTIFIED certified=1 feasible=1 iters=5 generatedColsBeforeNode=0 newCols=57 posCandidates=57 duplicateCandidates=0 updatedCols=0 zeroObjImproveIters=0 objFirst=143254224.644086 objLast=173937754.031633 objGain=30683529.387546 maxRC=59519403.483036 wallSec=0.006598 pricingSec=0.004367 cplexSolveSec=0.001202
    [CG] CG iter 2: obj=160401381.059234, maxRC=10566957.939629, +17 cols
    [CG]   [DIAG] iter=2 posCols=17 newCols=17 effImprove=17 updated=0
      [BB] 根节点即为整数解，obj=173937754.031633
    [CG] CG iter 2: obj=160546443.383368, maxRC=10623494.814960, +17 cols
    [CG] CG iter 2: obj=160618194.477148, maxRC=10623300.567101, +17 cols
    [CG]   [DIAG] iter=2 posCols=17 newCols=17 effImprove=17 updated=0
    [CG]   [DIAG] iter=2 posCols=17 newCols=17 effImprove=17 updated=0
    [CG] CG iter 3: obj=166713385.415369, maxRC=5754789.085069, +11 cols
    [CG]   [DIAG] iter=3 posCols=11 newCols=11 effImprove=11 updated=0
    [CG] 列生成开始，初始列数=128
    [CG] CG iter 4: obj=173535011.434340, maxRC=1470103.653475, +2 cols
    [CG]   [DIAG] iter=4 posCols=2 newCols=2 effImprove=2 updated=0
    [CG] CG iter 5: obj=173607471.551997, maxRC=636841.042765, +1 cols
    [CG]   [DIAG] iter=5 posCols=1 newCols=1 effImprove=1 updated=0
    [CG] 列生成收敛，共 6 轮迭代
    [CG] [CG-NODE] depth=0 exit=CERTIFIED certified=1 feasible=1 iters=6 generatedColsBeforeNode=0 newCols=54 posCandidates=54 duplicateCandidates=0 updatedCols=0 zeroObjImproveIters=1 objFirst=142294093.740183 objLast=173607471.551997 objGain=31313377.811814 maxRC=59484761.143223 wallSec=0.008104 pricingSec=0.005306 cplexSolveSec=0.001445
      [BB] 根节点即为整数解，obj=173607471.551997
    [CG] CG iter 3: obj=167011796.620647, maxRC=6256026.270639, +12 cols
    [CG]   [DIAG] iter=3 posCols=12 newCols=12 effImprove=12 updated=0
    [CG] CG iter 3: obj=166933649.925025, maxRC=6262377.634200, +12 cols
    [CG]   [DIAG] iter=3 posCols=12 newCols=12 effImprove=12 updated=0
    [CG] 列生成开始，初始列数=128
    [CG] CG iter 4: obj=169710947.076722, maxRC=4143850.272939, +5 cols
    [CG]   [DIAG] iter=4 posCols=5 newCols=5 effImprove=5 updated=0
    [CG] CG iter 1: obj=142716612.483368, maxRC=59444184.417118, +23 cols
    [CG]   [DIAG] iter=1 posCols=23 newCols=23 effImprove=23 updated=0
    [CG] CG iter 4: obj=169639160.480901, maxRC=4143755.079074, +5 cols
    [CG] 列生成开始，初始列数=128
    [CG]   [DIAG] iter=4 posCols=5 newCols=5 effImprove=5 updated=0
    [CG] CG iter 2: obj=160257320.533926, maxRC=10576378.373257, +17 cols
    [CG]   [DIAG] iter=2 posCols=17 newCols=17 effImprove=17 updated=0
    [CG] 列生成收敛，共 5 轮迭代
    [CG] [CG-NODE] depth=0 exit=CERTIFIED certified=1 feasible=1 iters=5 generatedColsBeforeNode=0 newCols=57 posCandidates=57 duplicateCandidates=0 updatedCols=0 zeroObjImproveIters=0 objFirst=143153392.621229 objLast=173929329.207792 objGain=30775936.586564 maxRC=59513786.873314 wallSec=0.018565 pricingSec=0.012712 cplexSolveSec=0.003296
    [CG] CG iter 1: obj=142432774.066312, maxRC=59209178.100498, +23 cols
      [BB] 根节点即为整数解，obj=173929329.207792
    [CG]   [DIAG] iter=1 posCols=23 newCols=23 effImprove=23 updated=0
    [CG] CG iter 3: obj=166594067.371101, maxRC=6229162.562274, +12 cols
    [CG] 列生成收敛，共 5 轮迭代
    [CG]   [DIAG] iter=3 posCols=12 newCols=12 effImprove=12 updated=0
    [CG] [CG-NODE] depth=0 exit=CERTIFIED certified=1 feasible=1 iters=5 generatedColsBeforeNode=0 newCols=57 posCandidates=57 duplicateCandidates=0 updatedCols=0 zeroObjImproveIters=0 objFirst=143165433.730150 objLast=173857535.951258 objGain=30692102.221108 maxRC=59519841.930057 wallSec=0.019223 pricingSec=0.013194 cplexSolveSec=0.003453
      [BB] 根节点即为整数解，obj=173857535.951258
    [CG] CG iter 4: obj=169265892.566374, maxRC=4115960.597130, +5 cols
    [CG]   [DIAG] iter=4 posCols=5 newCols=5 effImprove=5 updated=0
    [CG] 列生成收敛，共 5 轮迭代
    [CG] [CG-NODE] depth=0 exit=CERTIFIED certified=1 feasible=1 iters=5 generatedColsBeforeNode=0 newCols=57 posCandidates=57 duplicateCandidates=0 updatedCols=0 zeroObjImproveIters=0 objFirst=142716612.483368 objLast=173514245.122204 objGain=30797632.638837 maxRC=59444184.417118 wallSec=0.006789 pricingSec=0.004449 cplexSolveSec=0.001245
    [CG] CG iter 2: obj=159888991.858695, maxRC=10435959.864689, +17 cols
      [BB] 根节点即为整数解，obj=173514245.122204
    [CG]   [DIAG] iter=2 posCols=17 newCols=17 effImprove=17 updated=0
    [CG] CG iter 3: obj=166206596.203276, maxRC=6251952.185540, +11 cols
    [CG]   [DIAG] iter=3 posCols=11 newCols=11 effImprove=11 updated=0
    [CG] 列生成开始，初始列数=128
    [CG] CG iter 4: obj=168832884.835174, maxRC=4165781.106978, +5 cols
    [CG]   [DIAG] iter=4 posCols=5 newCols=5 effImprove=5 updated=0
    [CG] CG iter 1: obj=143098893.701693, maxRC=59519752.128890, +23 cols
    [CG]   [DIAG] iter=1 posCols=23 newCols=23 effImprove=23 updated=0
    [CG] 列生成收敛，共 5 轮迭代
    [CG] [CG-NODE] depth=0 exit=CERTIFIED certified=1 feasible=1 iters=5 generatedColsBeforeNode=0 newCols=56 posCandidates=56 duplicateCandidates=0 updatedCols=0 zeroObjImproveIters=0 objFirst=142432774.066312 objLast=173099101.737533 objGain=30666327.671221 maxRC=59209178.100498 wallSec=0.010701 pricingSec=0.007180 cplexSolveSec=0.001888
    [CG] 列生成开始，初始列数=128
    [CG] 列生成开始，初始列数=128
      [BB] 根节点即为整数解，obj=173099101.737533
    [CG] CG iter 2: obj=160618457.559111, maxRC=10623485.371715, +17 cols
    [CG]   [DIAG] iter=2 posCols=17 newCols=17 effImprove=17 updated=0
    [CG] CG iter 3: obj=167012068.425793, maxRC=6256019.326844, +12 cols
    [CG]   [DIAG] iter=3 posCols=12 newCols=12 effImprove=12 updated=0
    [CG] CG iter 1: obj=143024385.501144, maxRC=59404544.406511, +23 cols
    [CG] CG iter 4: obj=169711220.674313, maxRC=4143813.840033, +5 cols
    [CG]   [DIAG] iter=4 posCols=5 newCols=5 effImprove=5 updated=0
    [CG]   [DIAG] iter=1 posCols=23 newCols=23 effImprove=23 updated=0
    [CG] 列生成开始，初始列数=128
    [CG] 列生成收敛，共 5 轮迭代
    [CG] [CG-NODE] depth=0 exit=CERTIFIED certified=1 feasible=1 iters=5 generatedColsBeforeNode=0 newCols=57 posCandidates=57 duplicateCandidates=0 updatedCols=0 zeroObjImproveIters=0 objFirst=143098893.701693 objLast=173929611.218839 objGain=30830717.517145 maxRC=59519752.128890 wallSec=0.006497 pricingSec=0.004240 cplexSolveSec=0.001197
      [BB] 根节点即为整数解，obj=173929611.218839
    [CG] CG iter 2: obj=160340148.588993, maxRC=10557317.647994, +17 cols
    [CG]   [DIAG] iter=2 posCols=17 newCols=17 effImprove=17 updated=0
    [CG] CG iter 1: obj=143259143.344762, maxRC=59519752.128890, +23 cols
    [CG] 列生成开始，初始列数=128
    [CG] CG iter 3: obj=166730642.844232, maxRC=6266655.197499, +11 cols
    [CG]   [DIAG] iter=3 posCols=11 newCols=11 effImprove=11 updated=0
    [CG]   [DIAG] iter=1 posCols=23 newCols=23 effImprove=23 updated=0
    [CG] CG iter 4: obj=169413959.130758, maxRC=4175888.852072, +5 cols
    [CG]   [DIAG] iter=4 posCols=5 newCols=5 effImprove=5 updated=0
    [CG] CG iter 1: obj=142667775.682053, maxRC=59362111.109457, +23 cols
    [CG]   [DIAG] iter=1 posCols=23 newCols=23 effImprove=23 updated=0
    [CG] 列生成收敛，共 5 轮迭代
    [CG] [CG-NODE] depth=0 exit=CERTIFIED certified=1 feasible=1 iters=5 generatedColsBeforeNode=0 newCols=56 posCandidates=56 duplicateCandidates=0 updatedCols=0 zeroObjImproveIters=0 objFirst=143024385.501144 objLast=173637619.935719 objGain=30613234.434575 maxRC=59404544.406511 wallSec=0.017103 pricingSec=0.011816 cplexSolveSec=0.002738
    [CG] CG iter 2: obj=160625976.963130, maxRC=10623467.315918, +17 cols
      [BB] 根节点即为整数解，obj=173637619.935719
    [CG]   [DIAG] iter=2 posCols=17 newCols=17 effImprove=17 updated=0
    [CG] CG iter 1: obj=142623124.424256, maxRC=59429009.034647, +23 cols
    [CG] CG iter 2: obj=160026686.651546, maxRC=10528253.782644, +17 cols
    [CG]   [DIAG] iter=2 posCols=17 newCols=17 effImprove=17 updated=0
    [CG]   [DIAG] iter=1 posCols=23 newCols=23 effImprove=23 updated=0
    [CG] CG iter 1: obj=142460477.091229, maxRC=59203561.268054, +23 cols
    [CG]   [DIAG] iter=1 posCols=23 newCols=23 effImprove=23 updated=0
    [CG] CG iter 3: obj=166413817.145718, maxRC=6278625.639145, +12 cols
    [CG]   [DIAG] iter=3 posCols=12 newCols=12 effImprove=12 updated=0
    [CG] CG iter 3: obj=167020282.956182, maxRC=6255318.332543, +12 cols
    [CG]   [DIAG] iter=3 posCols=12 newCols=12 effImprove=12 updated=0
    [CG] CG iter 2: obj=160004855.691305, maxRC=10432281.962950, +17 cols
    [CG]   [DIAG] iter=2 posCols=17 newCols=17 effImprove=17 updated=0
    [CG] CG iter 2: obj=160247835.744893, maxRC=10575857.471673, +17 cols
    [CG]   [DIAG] iter=2 posCols=17 newCols=17 effImprove=17 updated=0
    [CG] CG iter 4: obj=169115828.559664, maxRC=4197060.457604, +5 cols
    [CG]   [DIAG] iter=4 posCols=5 newCols=5 effImprove=5 updated=0
    [CG] CG iter 1: obj=142755585.936303, maxRC=59517852.545416, +23 cols
    [CG] CG iter 3: obj=166306622.114457, maxRC=6297602.570562, +11 cols
    [CG]   [DIAG] iter=1 posCols=23 newCols=23 effImprove=23 updated=0
    [CG]   [DIAG] iter=3 posCols=11 newCols=11 effImprove=11 updated=0
    [CG] 列生成收敛，共 5 轮迭代
    [CG] [CG-NODE] depth=0 exit=CERTIFIED certified=1 feasible=1 iters=5 generatedColsBeforeNode=0 newCols=57 posCandidates=57 duplicateCandidates=0 updatedCols=0 zeroObjImproveIters=0 objFirst=142667775.682053 objLast=173344722.363862 objGain=30676946.681809 maxRC=59362111.109457 wallSec=0.009209 pricingSec=0.006092 cplexSolveSec=0.001642
    [CG] CG iter 4: obj=169718726.860386, maxRC=4143812.397555, +5 cols
    [CG]   [DIAG] iter=4 posCols=5 newCols=5 effImprove=5 updated=0
      [BB] 根节点即为整数解，obj=173344722.363862
    [CG] CG iter 3: obj=166578989.702606, maxRC=6225683.143647, +12 cols
    [CG]   [DIAG] iter=3 posCols=12 newCols=12 effImprove=12 updated=0
    [CG] CG iter 4: obj=168891282.843446, maxRC=4150354.800194, +5 cols
    [CG]   [DIAG] iter=4 posCols=5 newCols=5 effImprove=5 updated=0
    [CG] 列生成收敛，共 5 轮迭代
    [CG] [CG-NODE] depth=0 exit=CERTIFIED certified=1 feasible=1 iters=5 generatedColsBeforeNode=0 newCols=56 posCandidates=56 duplicateCandidates=0 updatedCols=0 zeroObjImproveIters=0 objFirst=142460477.091229 objLast=173141712.506397 objGain=30681235.415168 maxRC=59203561.268054 wallSec=0.008100 pricingSec=0.005464 cplexSolveSec=0.001395
    [CG] 列生成收敛，共 5 轮迭代
    [CG] [CG-NODE] depth=0 exit=CERTIFIED certified=1 feasible=1 iters=5 generatedColsBeforeNode=0 newCols=57 posCandidates=57 duplicateCandidates=0 updatedCols=0 zeroObjImproveIters=0 objFirst=143259143.344762 objLast=173937130.298272 objGain=30677986.953510 maxRC=59519752.128890 wallSec=0.017520 pricingSec=0.011837 cplexSolveSec=0.003081
      [BB] 根节点即为整数解，obj=173141712.506397
    [CG] CG iter 4: obj=169247335.479253, maxRC=4110599.045627, +5 cols
    [CG]   [DIAG] iter=4 posCols=5 newCols=5 effImprove=5 updated=0
      [BB] 根节点即为整数解，obj=173937130.298272
    [CG] CG iter 2: obj=160390137.379763, maxRC=10629059.938436, +16 cols
    [CG] 列生成收敛，共 5 轮迭代
    [CG] [CG-NODE] depth=0 exit=CERTIFIED certified=1 feasible=1 iters=5 generatedColsBeforeNode=0 newCols=57 posCandidates=57 duplicateCandidates=0 updatedCols=0 zeroObjImproveIters=0 objFirst=142623124.424256 objLast=173498126.679217 objGain=30875002.254960 maxRC=59429009.034647 wallSec=0.011534 pricingSec=0.007695 cplexSolveSec=0.001970
    [CG]   [DIAG] iter=2 posCols=16 newCols=16 effImprove=16 updated=0
      [BB] 根节点即为整数解，obj=173498126.679217
    [CG] CG iter 3: obj=164280858.507575, maxRC=5114970.352755, +14 cols
    [CG]   [DIAG] iter=3 posCols=14 newCols=14 effImprove=14 updated=0
    [CG] CG iter 4: obj=173567847.742351, maxRC=2670435.681357, +6 cols
    [CG]   [DIAG] iter=4 posCols=6 newCols=6 effImprove=6 updated=0
    [CG] CG iter 1: obj=142527488.170357, maxRC=59382471.869549, +23 cols
    [CG]   [DIAG] iter=1 posCols=23 newCols=23 effImprove=23 updated=0
    [CG] CG iter 5: obj=173567847.742351, maxRC=437109.403114, +1 cols
    [CG]   [DIAG] iter=5 posCols=1 newCols=1 effImprove=1 updated=0
    [CG] 列生成收敛，共 6 轮迭代
    [CG] [CG-NODE] depth=0 exit=CERTIFIED certified=1 feasible=1 iters=6 generatedColsBeforeNode=0 newCols=60 posCandidates=60 duplicateCandidates=0 updatedCols=0 zeroObjImproveIters=2 objFirst=142755585.936303 objLast=173567847.742351 objGain=30812261.806048 maxRC=59517852.545416 wallSec=0.013064 pricingSec=0.009000 cplexSolveSec=0.002134
      [BB] 根节点即为整数解，obj=173567847.742351
    [CG] CG iter 1: obj=142116411.181669, maxRC=59201633.882066, +23 cols
    [CG]   [DIAG] iter=1 posCols=23 newCols=23 effImprove=23 updated=0
    [CG] CG iter 2: obj=160217539.736137, maxRC=9479027.527665, +17 cols
    [CG]   [DIAG] iter=2 posCols=17 newCols=17 effImprove=17 updated=0
    [CG] CG iter 3: obj=173454453.096216, maxRC=1948371.661397, +7 cols
    [CG]   [DIAG] iter=3 posCols=7 newCols=7 effImprove=7 updated=0
    [CG] CG iter 2: obj=159825212.182928, maxRC=10434340.686446, +17 cols
    [CG]   [DIAG] iter=2 posCols=17 newCols=17 effImprove=17 updated=0
    [CG] CG iter 4: obj=173454453.096216, maxRC=476650.946684, +2 cols
    [CG]   [DIAG] iter=4 posCols=2 newCols=2 effImprove=2 updated=0
    [CG] CG iter 5: obj=173454453.096216, maxRC=414608.307522, +3 cols
    [CG]   [DIAG] iter=5 posCols=3 newCols=3 effImprove=3 updated=0
    [CG] CG iter 3: obj=166079644.339725, maxRC=6284148.972337, +11 cols
    [CG]   [DIAG] iter=3 posCols=11 newCols=11 effImprove=11 updated=0
    [CG] 列生成收敛，共 6 轮迭代
    [CG] [CG-NODE] depth=0 exit=CERTIFIED certified=1 feasible=1 iters=6 generatedColsBeforeNode=0 newCols=52 posCandidates=52 duplicateCandidates=0 updatedCols=0 zeroObjImproveIters=3 objFirst=142527488.170357 objLast=173454453.096216 objGain=30926964.925858 maxRC=59382471.869549 wallSec=0.021717 pricingSec=0.016202 cplexSolveSec=0.002864
      [BB] 根节点即为整数解，obj=173454453.096216
    [CG] CG iter 4: obj=168653128.111861, maxRC=4111730.281432, +5 cols
    [CG]   [DIAG] iter=4 posCols=5 newCols=5 effImprove=5 updated=0
    [CG] 列生成收敛，共 5 轮迭代
    [CG] [CG-NODE] depth=0 exit=CERTIFIED certified=1 feasible=1 iters=5 generatedColsBeforeNode=0 newCols=56 posCandidates=56 duplicateCandidates=0 updatedCols=0 zeroObjImproveIters=0 objFirst=142116411.181669 objLast=172919521.708734 objGain=30803110.527065 maxRC=59201633.882066 wallSec=0.013525 pricingSec=0.009723 cplexSolveSec=0.002056
      [BB] 根节点即为整数解，obj=172919521.708734
[GA] 代数 3: Best=173966653.24, Avg=173657419.34, Worst=172948407.39, Valid=30/30, 耗时=0.04s (连续3代未提升)
  ├─ 求解: 30 个体 fork 并行 | CG迭代=109 加列=1191 BB分支=0
  ├─ 并行墙钟=0.0401s | 串行等效(ΣBP)=0.2508s | 加速比=6.26x
  ├─ 管理开销=-0.2107s (fork=0.0023 wait=0.0375 merge=0.0002)
  └─ CG明细: gen_logs/run_gen3_ind{0..29}.log
    [CG] 列生成开始，初始列数=128
    [CG] 列生成开始，初始列数=128
    [CG] 列生成开始，初始列数=128
    [CG] 列生成开始，初始列数=128
    [CG] 列生成开始，初始列数=128
    [CG] 列生成开始，初始列数=128
    [CG] 列生成开始，初始列数=128
    [CG] 列生成开始，初始列数=128
    [CG] CG iter 1: obj=142957417.516545, maxRC=59519752.128890, +23 cols
    [CG]   [DIAG] iter=1 posCols=23 newCols=23 effImprove=23 updated=0
    [CG] CG iter 2: obj=160476987.003157, maxRC=10623485.371715, +17 cols
    [CG]   [DIAG] iter=2 posCols=17 newCols=17 effImprove=17 updated=0
    [CG] CG iter 1: obj=143250014.615695, maxRC=59519644.562382, +23 cols
    [CG] CG iter 1: obj=143258525.330789, maxRC=59519752.128890, +23 cols
    [CG]   [DIAG] iter=1 posCols=23 newCols=23 effImprove=23 updated=0
    [CG]   [DIAG] iter=1 posCols=23 newCols=23 effImprove=23 updated=0
    [CG] CG iter 1: obj=143071791.632072, maxRC=59519841.930057, +23 cols
    [CG] CG iter 3: obj=166870599.884897, maxRC=6256026.971097, +12 cols
    [CG]   [DIAG] iter=3 posCols=12 newCols=12 effImprove=12 updated=0
    [CG]   [DIAG] iter=1 posCols=23 newCols=23 effImprove=23 updated=0
    [CG] CG iter 4: obj=169569759.777670, maxRC=4143819.374443, +5 cols
    [CG]   [DIAG] iter=4 posCols=5 newCols=5 effImprove=5 updated=0
    [CG] CG iter 2: obj=160618094.719901, maxRC=10623300.567101, +17 cols
    [CG]   [DIAG] iter=2 posCols=17 newCols=17 effImprove=17 updated=0
    [CG] CG iter 2: obj=160625492.668323, maxRC=10623485.371715, +17 cols
    [CG]   [DIAG] iter=2 posCols=17 newCols=17 effImprove=17 updated=0
    [CG] 列生成收敛，共 5 轮迭代
    [CG] [CG-NODE] depth=0 exit=CERTIFIED certified=1 feasible=1 iters=5 generatedColsBeforeNode=0 newCols=57 posCandidates=57 duplicateCandidates=0 updatedCols=0 zeroObjImproveIters=0 objFirst=142957417.516545 objLast=173788144.273136 objGain=30830726.756591 maxRC=59519752.128890 wallSec=0.006698 pricingSec=0.004163 cplexSolveSec=0.001238
    [CG] CG iter 2: obj=160538108.944740, maxRC=10623494.814960, +17 cols
      [BB] 根节点即为整数解，obj=173788144.273136
    [CG]   [DIAG] iter=2 posCols=17 newCols=17 effImprove=17 updated=0
    [CG] CG iter 1: obj=143165061.585606, maxRC=59519550.350332, +23 cols
    [CG] CG iter 3: obj=167011688.069448, maxRC=6256035.064591, +12 cols
    [CG]   [DIAG] iter=3 posCols=12 newCols=12 effImprove=12 updated=0
    [CG] CG iter 3: obj=167019715.646200, maxRC=6255392.675902, +12 cols
    [CG]   [DIAG] iter=3 posCols=12 newCols=12 effImprove=12 updated=0
    [CG]   [DIAG] iter=1 posCols=23 newCols=23 effImprove=23 updated=0
    [CG] CG iter 3: obj=166925315.486398, maxRC=6262377.634200, +12 cols
    [CG]   [DIAG] iter=3 posCols=12 newCols=12 effImprove=12 updated=0
    [CG] CG iter 4: obj=169710847.319476, maxRC=4143850.272939, +5 cols
    [CG] CG iter 4: obj=169718241.243778, maxRC=4143805.047541, +5 cols
    [CG]   [DIAG] iter=4 posCols=5 newCols=5 effImprove=5 updated=0
    [CG]   [DIAG] iter=4 posCols=5 newCols=5 effImprove=5 updated=0
    [CG] 列生成开始，初始列数=128
    [CG] CG iter 4: obj=169630826.042273, maxRC=4143755.079074, +5 cols
    [CG]   [DIAG] iter=4 posCols=5 newCols=5 effImprove=5 updated=0
    [CG] 列生成收敛，共 5 轮迭代
    [CG] [CG-NODE] depth=0 exit=CERTIFIED certified=1 feasible=1 iters=5 generatedColsBeforeNode=0 newCols=57 posCandidates=57 duplicateCandidates=0 updatedCols=0 zeroObjImproveIters=0 objFirst=143250014.615695 objLast=173929229.450546 objGain=30679214.834851 maxRC=59519644.562382 wallSec=0.008487 pricingSec=0.005765 cplexSolveSec=0.001539
    [CG] 列生成收敛，共 5 轮迭代
    [CG] [CG-NODE] depth=0 exit=CERTIFIED certified=1 feasible=1 iters=5 generatedColsBeforeNode=0 newCols=57 posCandidates=57 duplicateCandidates=0 updatedCols=0 zeroObjImproveIters=0 objFirst=143258525.330789 objLast=173936637.331648 objGain=30678112.000860 maxRC=59519752.128890 wallSec=0.008668 pricingSec=0.005778 cplexSolveSec=0.001573
    [CG] CG iter 2: obj=160545779.659099, maxRC=10623249.857382, +17 cols
    [CG]   [DIAG] iter=2 posCols=17 newCols=17 effImprove=17 updated=0
      [BB] 根节点即为整数解，obj=173929229.450546
      [BB] 根节点即为整数解，obj=173936637.331648
    [CG] 列生成收敛，共 5 轮迭代
    [CG] [CG-NODE] depth=0 exit=CERTIFIED certified=1 feasible=1 iters=5 generatedColsBeforeNode=0 newCols=57 posCandidates=57 duplicateCandidates=0 updatedCols=0 zeroObjImproveIters=0 objFirst=143071791.632072 objLast=173849201.512631 objGain=30777409.880559 maxRC=59519841.930057 wallSec=0.008761 pricingSec=0.005823 cplexSolveSec=0.001540
      [BB] 根节点即为整数解，obj=173849201.512631
    [CG] CG iter 3: obj=166933009.511830, maxRC=6262401.457656, +12 cols
    [CG]   [DIAG] iter=3 posCols=12 newCols=12 effImprove=12 updated=0
    [CG] CG iter 4: obj=169638543.891162, maxRC=4143880.847008, +5 cols
    [CG]   [DIAG] iter=4 posCols=5 newCols=5 effImprove=5 updated=0
    [CG] CG iter 1: obj=143195959.759108, maxRC=59519779.142325, +23 cols
    [CG]   [DIAG] iter=1 posCols=23 newCols=23 effImprove=23 updated=0
    [CG] 列生成开始，初始列数=128
    [CG] 列生成收敛，共 5 轮迭代
    [CG] [CG-NODE] depth=0 exit=CERTIFIED certified=1 feasible=1 iters=5 generatedColsBeforeNode=0 newCols=57 posCandidates=57 duplicateCandidates=0 updatedCols=0 zeroObjImproveIters=0 objFirst=143165061.585606 objLast=173856921.834509 objGain=30691860.248904 maxRC=59519550.350332 wallSec=0.010771 pricingSec=0.007296 cplexSolveSec=0.001714
    [CG] 列生成开始，初始列数=128
      [BB] 根节点即为整数解，obj=173856921.834509
    [CG] CG iter 1: obj=143162224.023753, maxRC=59513894.439822, +23 cols
    [CG]   [DIAG] iter=1 posCols=23 newCols=23 effImprove=23 updated=0
    [CG] CG iter 2: obj=160574430.694823, maxRC=10623431.066813, +17 cols
    [CG] 列生成开始，初始列数=128
    [CG]   [DIAG] iter=2 posCols=17 newCols=17 effImprove=17 updated=0
    [CG] CG iter 1: obj=143165445.508520, maxRC=59519842.294336, +23 cols
    [CG]   [DIAG] iter=1 posCols=23 newCols=23 effImprove=23 updated=0
    [CG] 列生成开始，初始列数=128
    [CG] CG iter 2: obj=160626555.662950, maxRC=10623470.951051, +17 cols
    [CG]   [DIAG] iter=2 posCols=17 newCols=17 effImprove=17 updated=0
    [CG] CG iter 3: obj=167020470.596898, maxRC=6255390.634587, +12 cols
    [CG] CG iter 3: obj=166948737.730559, maxRC=6247003.697408, +12 cols
    [CG]   [DIAG] iter=3 posCols=12 newCols=12 effImprove=12 updated=0
    [CG]   [DIAG] iter=3 posCols=12 newCols=12 effImprove=12 updated=0
    [CG] CG iter 2: obj=160546443.383368, maxRC=10623494.814960, +17 cols
    [CG] CG iter 4: obj=169718484.466097, maxRC=4143538.286073, +5 cols
    [CG]   [DIAG] iter=4 posCols=5 newCols=5 effImprove=5 updated=0
    [CG] CG iter 1: obj=142697236.607227, maxRC=59443374.518860, +23 cols
    [CG]   [DIAG] iter=2 posCols=17 newCols=17 effImprove=17 updated=0
    [CG]   [DIAG] iter=1 posCols=23 newCols=23 effImprove=23 updated=0
    [CG] CG iter 4: obj=169638881.823252, maxRC=4126223.197043, +5 cols
    [CG] 列生成收敛，共 5 轮迭代
    [CG] [CG-NODE] depth=0 exit=CERTIFIED certified=1 feasible=1 iters=5 generatedColsBeforeNode=0 newCols=57 posCandidates=57 duplicateCandidates=0 updatedCols=0 zeroObjImproveIters=0 objFirst=143162224.023753 objLast=173936886.337247 objGain=30774662.313494 maxRC=59513894.439822 wallSec=0.006299 pricingSec=0.004224 cplexSolveSec=0.001138
    [CG]   [DIAG] iter=4 posCols=5 newCols=5 effImprove=5 updated=0
      [BB] 根节点即为整数解，obj=173936886.337247
    [CG] 列生成收敛，共 5 轮迭代
    [CG] [CG-NODE] depth=0 exit=CERTIFIED certified=1 feasible=1 iters=5 generatedColsBeforeNode=0 newCols=57 posCandidates=57 duplicateCandidates=0 updatedCols=0 zeroObjImproveIters=0 objFirst=143195959.759108 objLast=173864418.308488 objGain=30668458.549380 maxRC=59519779.142325 wallSec=0.014592 pricingSec=0.009976 cplexSolveSec=0.002578
      [BB] 根节点即为整数解，obj=173864418.308488
    [CG] CG iter 2: obj=160239899.704124, maxRC=10575676.516299, +17 cols
    [CG] CG iter 3: obj=166933649.925025, maxRC=6262377.634200, +12 cols
    [CG]   [DIAG] iter=2 posCols=17 newCols=17 effImprove=17 updated=0
    [CG]   [DIAG] iter=3 posCols=12 newCols=12 effImprove=12 updated=0
    [CG] 列生成开始，初始列数=128
    [CG] CG iter 4: obj=169639160.480901, maxRC=4143755.079074, +5 cols
    [CG]   [DIAG] iter=4 posCols=5 newCols=5 effImprove=5 updated=0
    [CG] CG iter 3: obj=166570843.243305, maxRC=6226332.178850, +12 cols
    [CG]   [DIAG] iter=3 posCols=12 newCols=12 effImprove=12 updated=0
    [CG] 列生成收敛，共 5 轮迭代
    [CG] [CG-NODE] depth=0 exit=CERTIFIED certified=1 feasible=1 iters=5 generatedColsBeforeNode=0 newCols=57 posCandidates=57 duplicateCandidates=0 updatedCols=0 zeroObjImproveIters=0 objFirst=143165445.508520 objLast=173857535.951258 objGain=30692090.442738 maxRC=59519842.294336 wallSec=0.016136 pricingSec=0.011340 cplexSolveSec=0.002564
    [CG] 列生成开始，初始列数=128
    [CG] CG iter 1: obj=142738018.993054, maxRC=59362111.109457, +23 cols
    [CG] CG iter 4: obj=169240299.607591, maxRC=4110913.941719, +5 cols
      [BB] 根节点即为整数解，obj=173857535.951258
    [CG]   [DIAG] iter=4 posCols=5 newCols=5 effImprove=5 updated=0
    [CG]   [DIAG] iter=1 posCols=23 newCols=23 effImprove=23 updated=0
    [CG] 列生成收敛，共 5 轮迭代
    [CG] [CG-NODE] depth=0 exit=CERTIFIED certified=1 feasible=1 iters=5 generatedColsBeforeNode=0 newCols=57 posCandidates=57 duplicateCandidates=0 updatedCols=0 zeroObjImproveIters=0 objFirst=142697236.607227 objLast=173491133.158902 objGain=30793896.551675 maxRC=59443374.518860 wallSec=0.016723 pricingSec=0.011941 cplexSolveSec=0.002578
    [CG] CG iter 2: obj=160083853.287323, maxRC=10528253.782644, +17 cols
    [CG] CG iter 1: obj=143097414.606650, maxRC=59518388.320511, +23 cols
      [BB] 根节点即为整数解，obj=173491133.158902
    [CG]   [DIAG] iter=2 posCols=17 newCols=17 effImprove=17 updated=0
    [CG]   [DIAG] iter=1 posCols=23 newCols=23 effImprove=23 updated=0
    [CG] CG iter 1: obj=142853104.600262, maxRC=59486684.918311, +23 cols
    [CG]   [DIAG] iter=1 posCols=23 newCols=23 effImprove=23 updated=0
    [CG] CG iter 3: obj=166476032.030528, maxRC=6273577.390111, +12 cols
    [CG]   [DIAG] iter=3 posCols=12 newCols=12 effImprove=12 updated=0
    [CG] CG iter 4: obj=169172995.195440, maxRC=4197060.457604, +5 cols
    [CG]   [DIAG] iter=4 posCols=5 newCols=5 effImprove=5 updated=0
    [CG] CG iter 2: obj=160615614.655688, maxRC=10622427.628388, +17 cols
    [CG]   [DIAG] iter=2 posCols=17 newCols=17 effImprove=17 updated=0
    [CG] 列生成开始，初始列数=128
    [CG] 列生成收敛，共 5 轮迭代
    [CG] [CG-NODE] depth=0 exit=CERTIFIED certified=1 feasible=1 iters=5 generatedColsBeforeNode=0 newCols=57 posCandidates=57 duplicateCandidates=0 updatedCols=0 zeroObjImproveIters=0 objFirst=142738018.993054 objLast=173401888.999638 objGain=30663870.006584 maxRC=59362111.109457 wallSec=0.006948 pricingSec=0.004607 cplexSolveSec=0.001279
      [BB] 根节点即为整数解，obj=173401888.999638
    [CG] CG iter 2: obj=160301748.476921, maxRC=10603782.027983, +17 cols
    [CG] 列生成开始，初始列数=128
    [CG]   [DIAG] iter=2 posCols=17 newCols=17 effImprove=17 updated=0
    [CG] CG iter 1: obj=143259170.597650, maxRC=59519752.128890, +23 cols
    [CG] CG iter 3: obj=167009378.554897, maxRC=6256109.372207, +12 cols
    [CG]   [DIAG] iter=1 posCols=23 newCols=23 effImprove=23 updated=0
    [CG]   [DIAG] iter=3 posCols=12 newCols=12 effImprove=12 updated=0
    [CG] CG iter 1: obj=143254200.840312, maxRC=59519417.508758, +23 cols
    [CG]   [DIAG] iter=1 posCols=23 newCols=23 effImprove=23 updated=0
    [CG] CG iter 2: obj=160625976.963130, maxRC=10623467.315918, +17 cols
    [CG] CG iter 3: obj=166621860.326541, maxRC=6226738.811431, +12 cols
    [CG]   [DIAG] iter=2 posCols=17 newCols=17 effImprove=17 updated=0
    [CG]   [DIAG] iter=3 posCols=12 newCols=12 effImprove=12 updated=0
    [CG] CG iter 4: obj=169708620.848780, maxRC=4144417.074507, +5 cols
    [CG]   [DIAG] iter=4 posCols=5 newCols=5 effImprove=5 updated=0
    [CG] 列生成开始，初始列数=128
    [CG] CG iter 2: obj=160626625.852348, maxRC=10623481.111465, +17 cols
    [CG]   [DIAG] iter=2 posCols=17 newCols=17 effImprove=17 updated=0
    [CG] 列生成收敛，共 5 轮迭代
    [CG] CG iter 3: obj=167020282.956182, maxRC=6255318.332543, +12 cols
    [CG] [CG-NODE] depth=0 exit=CERTIFIED certified=1 feasible=1 iters=5 generatedColsBeforeNode=0 newCols=57 posCandidates=57 duplicateCandidates=0 updatedCols=0 zeroObjImproveIters=0 objFirst=143097414.606650 objLast=173927049.434747 objGain=30829634.828097 maxRC=59518388.320511 wallSec=0.011145 pricingSec=0.007413 cplexSolveSec=0.002019
    [CG]   [DIAG] iter=3 posCols=12 newCols=12 effImprove=12 updated=0
      [BB] 根节点即为整数解，obj=173927049.434747
    [CG] CG iter 4: obj=169288789.598331, maxRC=4089108.877083, +5 cols
    [CG]   [DIAG] iter=4 posCols=5 newCols=5 effImprove=5 updated=0
    [CG] CG iter 4: obj=169718726.860386, maxRC=4143812.397555, +5 cols
    [CG] CG iter 3: obj=167020945.946063, maxRC=6255296.817814, +12 cols
    [CG]   [DIAG] iter=4 posCols=5 newCols=5 effImprove=5 updated=0
    [CG]   [DIAG] iter=3 posCols=12 newCols=12 effImprove=12 updated=0
    [CG] 列生成收敛，共 5 轮迭代
    [CG] [CG-NODE] depth=0 exit=CERTIFIED certified=1 feasible=1 iters=5 generatedColsBeforeNode=0 newCols=57 posCandidates=57 duplicateCandidates=0 updatedCols=0 zeroObjImproveIters=0 objFirst=143259170.597650 objLast=173937130.298272 objGain=30677959.700621 maxRC=59519752.128890 wallSec=0.006813 pricingSec=0.004464 cplexSolveSec=0.001258
    [CG] CG iter 4: obj=169719371.649521, maxRC=4143802.039115, +5 cols
      [BB] 根节点即为整数解，obj=173937130.298272
    [CG]   [DIAG] iter=4 posCols=5 newCols=5 effImprove=5 updated=0
    [CG] 列生成收敛，共 5 轮迭代
    [CG] [CG-NODE] depth=0 exit=CERTIFIED certified=1 feasible=1 iters=5 generatedColsBeforeNode=0 newCols=57 posCandidates=57 duplicateCandidates=0 updatedCols=0 zeroObjImproveIters=0 objFirst=142853104.600262 objLast=173536591.934187 objGain=30683487.333925 maxRC=59486684.918311 wallSec=0.012134 pricingSec=0.008344 cplexSolveSec=0.002048
      [BB] 根节点即为整数解，obj=173536591.934187
    [CG] 列生成收敛，共 5 轮迭代
    [CG] [CG-NODE] depth=0 exit=CERTIFIED certified=1 feasible=1 iters=5 generatedColsBeforeNode=0 newCols=57 posCandidates=57 duplicateCandidates=0 updatedCols=0 zeroObjImproveIters=0 objFirst=143254200.840312 objLast=173937769.896393 objGain=30683569.056082 maxRC=59519417.508758 wallSec=0.006347 pricingSec=0.004256 cplexSolveSec=0.001130
      [BB] 根节点即为整数解，obj=173937769.896393
    [CG] 列生成开始，初始列数=128
    [CG] CG iter 1: obj=142509914.427170, maxRC=59382471.869549, +23 cols
    [CG]   [DIAG] iter=1 posCols=23 newCols=23 effImprove=23 updated=0
    [CG] CG iter 1: obj=142901192.107365, maxRC=59513894.439822, +23 cols
    [CG]   [DIAG] iter=1 posCols=23 newCols=23 effImprove=23 updated=0
    [CG] 列生成开始，初始列数=128
    [CG] CG iter 2: obj=160204733.089975, maxRC=9479027.527665, +17 cols
    [CG]   [DIAG] iter=2 posCols=17 newCols=17 effImprove=17 updated=0
    [CG] CG iter 2: obj=160577717.843435, maxRC=10623464.266662, +17 cols
    [CG]   [DIAG] iter=2 posCols=17 newCols=17 effImprove=17 updated=0
    [CG] CG iter 1: obj=143152340.873306, maxRC=59513975.236510, +23 cols
    [CG] CG iter 3: obj=173441646.450053, maxRC=1948371.661397, +7 cols
    [CG]   [DIAG] iter=1 posCols=23 newCols=23 effImprove=23 updated=0
    [CG]   [DIAG] iter=3 posCols=7 newCols=7 effImprove=7 updated=0
    [CG] CG iter 3: obj=166857614.380460, maxRC=6296140.142966, +11 cols
    [CG]   [DIAG] iter=3 posCols=11 newCols=11 effImprove=11 updated=0
    [CG] CG iter 4: obj=173441646.450053, maxRC=461589.619438, +2 cols
    [CG]   [DIAG] iter=4 posCols=2 newCols=2 effImprove=2 updated=0
    [CG] CG iter 2: obj=160621993.325746, maxRC=10623491.811541, +17 cols
    [CG] CG iter 4: obj=169451639.768875, maxRC=4039337.704028, +5 cols
    [CG]   [DIAG] iter=2 posCols=17 newCols=17 effImprove=17 updated=0
    [CG]   [DIAG] iter=4 posCols=5 newCols=5 effImprove=5 updated=0
    [CG] CG iter 1: obj=142447939.954008, maxRC=59382471.869549, +23 cols
    [CG]   [DIAG] iter=1 posCols=23 newCols=23 effImprove=23 updated=0
    [CG] 列生成收敛，共 5 轮迭代
    [CG] [CG-NODE] depth=0 exit=CERTIFIED certified=1 feasible=1 iters=5 generatedColsBeforeNode=0 newCols=56 posCandidates=56 duplicateCandidates=0 updatedCols=0 zeroObjImproveIters=0 objFirst=142901192.107365 objLast=173674023.893849 objGain=30772831.786485 maxRC=59513894.439822 wallSec=0.007878 pricingSec=0.005222 cplexSolveSec=0.001429
    [CG] CG iter 5: obj=173441646.450053, maxRC=409820.663354, +3 cols
    [CG]   [DIAG] iter=5 posCols=3 newCols=3 effImprove=3 updated=0
      [BB] 根节点即为整数解，obj=173674023.893849
    [CG] CG iter 3: obj=167015888.047324, maxRC=6255707.482079, +12 cols
    [CG] CG iter 2: obj=160217539.736137, maxRC=9479027.527665, +17 cols
    [CG]   [DIAG] iter=2 posCols=17 newCols=17 effImprove=17 updated=0
    [CG]   [DIAG] iter=3 posCols=12 newCols=12 effImprove=12 updated=0
    [CG] 列生成收敛，共 6 轮迭代
    [CG] [CG-NODE] depth=0 exit=CERTIFIED certified=1 feasible=1 iters=6 generatedColsBeforeNode=0 newCols=52 posCandidates=52 duplicateCandidates=0 updatedCols=0 zeroObjImproveIters=3 objFirst=142509914.427170 objLast=173441646.450053 objGain=30931732.022884 maxRC=59382471.869549 wallSec=0.016660 pricingSec=0.011234 cplexSolveSec=0.002809
    [CG] CG iter 3: obj=173454453.096216, maxRC=1948371.661397, +7 cols
    [CG]   [DIAG] iter=3 posCols=7 newCols=7 effImprove=7 updated=0
    [CG] CG iter 1: obj=142810664.501691, maxRC=59517852.545416, +23 cols
    [CG] CG iter 4: obj=169714719.714841, maxRC=4143772.068122, +5 cols
      [BB] 根节点即为整数解，obj=173441646.450053
    [CG]   [DIAG] iter=1 posCols=23 newCols=23 effImprove=23 updated=0
    [CG]   [DIAG] iter=4 posCols=5 newCols=5 effImprove=5 updated=0
    [CG] CG iter 4: obj=173454453.096216, maxRC=476650.946684, +2 cols
    [CG]   [DIAG] iter=4 posCols=2 newCols=2 effImprove=2 updated=0
    [CG] 列生成收敛，共 5 轮迭代
    [CG] [CG-NODE] depth=0 exit=CERTIFIED certified=1 feasible=1 iters=5 generatedColsBeforeNode=0 newCols=57 posCandidates=57 duplicateCandidates=0 updatedCols=0 zeroObjImproveIters=0 objFirst=143152340.873306 objLast=173933111.719537 objGain=30780770.846231 maxRC=59513975.236510 wallSec=0.007644 pricingSec=0.005214 cplexSolveSec=0.001341
    [CG] CG iter 5: obj=173454453.096216, maxRC=414608.307522, +3 cols
    [CG]   [DIAG] iter=5 posCols=3 newCols=3 effImprove=3 updated=0
      [BB] 根节点即为整数解，obj=173933111.719537
    [CG] CG iter 2: obj=160445450.138123, maxRC=10629059.938436, +16 cols
    [CG]   [DIAG] iter=2 posCols=16 newCols=16 effImprove=16 updated=0
    [CG] 列生成收敛，共 6 轮迭代
    [CG] [CG-NODE] depth=0 exit=CERTIFIED certified=1 feasible=1 iters=6 generatedColsBeforeNode=0 newCols=52 posCandidates=52 duplicateCandidates=0 updatedCols=0 zeroObjImproveIters=3 objFirst=142447939.954008 objLast=173454453.096216 objGain=31006513.142208 maxRC=59382471.869549 wallSec=0.010266 pricingSec=0.007309 cplexSolveSec=0.001480
      [BB] 根节点即为整数解，obj=173454453.096216
    [CG] CG iter 3: obj=164335910.998327, maxRC=5114970.352755, +14 cols
    [CG]   [DIAG] iter=3 posCols=14 newCols=14 effImprove=14 updated=0
    [CG] CG iter 4: obj=173622926.307739, maxRC=2670435.681357, +6 cols
    [CG]   [DIAG] iter=4 posCols=6 newCols=6 effImprove=6 updated=0
    [CG] CG iter 5: obj=173622926.307739, maxRC=437343.596085, +1 cols
    [CG]   [DIAG] iter=5 posCols=1 newCols=1 effImprove=1 updated=0
    [CG] 列生成收敛，共 6 轮迭代
    [CG] [CG-NODE] depth=0 exit=CERTIFIED certified=1 feasible=1 iters=6 generatedColsBeforeNode=0 newCols=60 posCandidates=60 duplicateCandidates=0 updatedCols=0 zeroObjImproveIters=2 objFirst=142810664.501691 objLast=173622926.307739 objGain=30812261.806048 maxRC=59517852.545416 wallSec=0.007651 pricingSec=0.004999 cplexSolveSec=0.001437
      [BB] 根节点即为整数解，obj=173622926.307739
    [CG] CG iter 1: obj=143127311.726099, maxRC=59512217.829871, +23 cols
    [CG]   [DIAG] iter=1 posCols=23 newCols=23 effImprove=23 updated=0
    [CG] CG iter 2: obj=160618194.477148, maxRC=10623300.567101, +17 cols
    [CG]   [DIAG] iter=2 posCols=17 newCols=17 effImprove=17 updated=0
    [CG] CG iter 3: obj=167011764.765579, maxRC=6256012.516516, +12 cols
    [CG]   [DIAG] iter=3 posCols=12 newCols=12 effImprove=12 updated=0
    [CG] CG iter 4: obj=169710883.366588, maxRC=4143856.832767, +5 cols
    [CG]   [DIAG] iter=4 posCols=5 newCols=5 effImprove=5 updated=0
    [CG] 列生成收敛，共 5 轮迭代
    [CG] [CG-NODE] depth=0 exit=CERTIFIED certified=1 feasible=1 iters=5 generatedColsBeforeNode=0 newCols=57 posCandidates=57 duplicateCandidates=0 updatedCols=0 zeroObjImproveIters=0 objFirst=143127311.726099 objLast=173929265.497658 objGain=30801953.771559 maxRC=59512217.829871 wallSec=0.011706 pricingSec=0.007876 cplexSolveSec=0.002120
      [BB] 根节点即为整数解，obj=173929265.497658
[GA] 代数 4: Best=173966655.58, Avg=173795554.29, Worst=173430774.69, Valid=30/30, 耗时=0.04s (连续4代未提升)
  ├─ 求解: 30 个体 fork 并行 | CG迭代=103 加列=1132 BB分支=0
  ├─ 并行墙钟=0.0359s | 串行等效(ΣBP)=0.2061s | 加速比=5.75x
  ├─ 管理开销=-0.1702s (fork=0.0015 wait=0.0343 merge=0.0001)
  └─ CG明细: gen_logs/run_gen4_ind{0..29}.log
    [CG] 列生成开始，初始列数=128
    [CG] 列生成开始，初始列数=128
    [CG] 列生成开始，初始列数=128
    [CG] 列生成开始，初始列数=128
    [CG] 列生成开始，初始列数=128
    [CG] 列生成开始，初始列数=128
    [CG] 列生成开始，初始列数=128
    [CG] 列生成开始，初始列数=128
    [CG] CG iter 1: obj=143220401.431355, maxRC=59517758.333366, +23 cols
    [CG]   [DIAG] iter=1 posCols=23 newCols=23 effImprove=23 updated=0
    [CG] CG iter 2: obj=160617825.531090, maxRC=10623266.554243, +17 cols
    [CG]   [DIAG] iter=2 posCols=17 newCols=17 effImprove=17 updated=0
    [CG] CG iter 3: obj=167011404.727886, maxRC=6256035.649464, +12 cols
    [CG] CG iter 1: obj=143257865.687875, maxRC=59519541.350440, +23 cols
    [CG]   [DIAG] iter=3 posCols=12 newCols=12 effImprove=12 updated=0
    [CG]   [DIAG] iter=1 posCols=23 newCols=23 effImprove=23 updated=0
    [CG] CG iter 4: obj=169710568.615312, maxRC=4143888.105425, +5 cols
    [CG]   [DIAG] iter=4 posCols=5 newCols=5 effImprove=5 updated=0
    [CG] 列生成收敛，共 5 轮迭代
    [CG] [CG-NODE] depth=0 exit=CERTIFIED certified=1 feasible=1 iters=5 generatedColsBeforeNode=0 newCols=57 posCandidates=57 duplicateCandidates=0 updatedCols=0 zeroObjImproveIters=0 objFirst=143220401.431355 objLast=173928949.699111 objGain=30708548.267756 maxRC=59517758.333366 wallSec=0.006142 pricingSec=0.004038 cplexSolveSec=0.001114
    [CG] CG iter 2: obj=160625858.298963, maxRC=10623495.450393, +17 cols
    [CG]   [DIAG] iter=2 posCols=17 newCols=17 effImprove=17 updated=0
      [BB] 根节点即为整数解，obj=173928949.699111
    [CG] CG iter 1: obj=142529283.623324, maxRC=59206410.078716, +23 cols
    [CG]   [DIAG] iter=1 posCols=23 newCols=23 effImprove=23 updated=0
    [CG] CG iter 3: obj=167020056.724941, maxRC=6255303.539599, +12 cols
    [CG]   [DIAG] iter=3 posCols=12 newCols=12 effImprove=12 updated=0
    [CG] CG iter 2: obj=159771564.676898, maxRC=10423880.094484, +17 cols
    [CG]   [DIAG] iter=2 posCols=17 newCols=17 effImprove=17 updated=0
    [CG] CG iter 4: obj=169718535.401129, maxRC=4143815.226543, +5 cols
    [CG]   [DIAG] iter=4 posCols=5 newCols=5 effImprove=5 updated=0
    [CG] CG iter 1: obj=143259843.049682, maxRC=59519752.128890, +23 cols
    [CG] CG iter 1: obj=142814948.412161, maxRC=59477431.717259, +23 cols
    [CG] 列生成收敛，共 5 轮迭代
    [CG] [CG-NODE] depth=0 exit=CERTIFIED certified=1 feasible=1 iters=5 generatedColsBeforeNode=0 newCols=57 posCandidates=57 duplicateCandidates=0 updatedCols=0 zeroObjImproveIters=0 objFirst=143257865.687875 objLast=173936863.214591 objGain=30678997.526716 maxRC=59519541.350440 wallSec=0.008088 pricingSec=0.005297 cplexSolveSec=0.001533
    [CG]   [DIAG] iter=1 posCols=23 newCols=23 effImprove=23 updated=0
    [CG]   [DIAG] iter=1 posCols=23 newCols=23 effImprove=23 updated=0
      [BB] 根节点即为整数解，obj=173936863.214591
    [CG] CG iter 3: obj=166139758.011230, maxRC=6241005.563651, +12 cols
    [CG]   [DIAG] iter=3 posCols=12 newCols=12 effImprove=12 updated=0
    [CG] 列生成开始，初始列数=128
    [CG] CG iter 1: obj=143214845.878888, maxRC=59519841.930057, +23 cols
    [CG] CG iter 1: obj=143195959.069901, maxRC=59519779.142325, +23 cols
    [CG] CG iter 4: obj=168823890.713279, maxRC=4222081.611281, +5 cols
    [CG]   [DIAG] iter=4 posCols=5 newCols=5 effImprove=5 updated=0
    [CG] CG iter 2: obj=160374487.869326, maxRC=10599861.022233, +17 cols
    [CG]   [DIAG] iter=1 posCols=23 newCols=23 effImprove=23 updated=0
    [CG]   [DIAG] iter=2 posCols=17 newCols=17 effImprove=17 updated=0
    [CG]   [DIAG] iter=1 posCols=23 newCols=23 effImprove=23 updated=0
    [CG] CG iter 2: obj=160626613.892096, maxRC=10623485.371715, +17 cols
    [CG]   [DIAG] iter=2 posCols=17 newCols=17 effImprove=17 updated=0
    [CG] 列生成收敛，共 5 轮迭代
    [CG] [CG-NODE] depth=0 exit=CERTIFIED certified=1 feasible=1 iters=5 generatedColsBeforeNode=0 newCols=57 posCandidates=57 duplicateCandidates=0 updatedCols=0 zeroObjImproveIters=0 objFirst=142529283.623324 objLast=173090573.311397 objGain=30561289.688073 maxRC=59206410.078716 wallSec=0.009432 pricingSec=0.006119 cplexSolveSec=0.001864
      [BB] 根节点即为整数解，obj=173090573.311397
    [CG] 列生成开始，初始列数=128
    [CG] CG iter 3: obj=166642995.325550, maxRC=6284867.467450, +12 cols
    [CG]   [DIAG] iter=3 posCols=12 newCols=12 effImprove=12 updated=0
    [CG] CG iter 3: obj=167020942.387406, maxRC=6255294.913814, +12 cols
    [CG] CG iter 2: obj=160598060.317948, maxRC=10623612.841704, +17 cols
    [CG]   [DIAG] iter=3 posCols=12 newCols=12 effImprove=12 updated=0
    [CG]   [DIAG] iter=2 posCols=17 newCols=17 effImprove=17 updated=0
    [CG] CG iter 2: obj=160574430.694823, maxRC=10623431.066813, +17 cols
    [CG]   [DIAG] iter=2 posCols=17 newCols=17 effImprove=17 updated=0
    [CG] CG iter 4: obj=169346742.546842, maxRC=4143192.657562, +5 cols
    [CG]   [DIAG] iter=4 posCols=5 newCols=5 effImprove=5 updated=0
    [CG] CG iter 4: obj=169719377.696504, maxRC=4143823.371195, +5 cols
    [CG] 列生成收敛，共 5 轮迭代
    [CG]   [DIAG] iter=4 posCols=5 newCols=5 effImprove=5 updated=0
    [CG] [CG-NODE] depth=0 exit=CERTIFIED certified=1 feasible=1 iters=5 generatedColsBeforeNode=0 newCols=57 posCandidates=57 duplicateCandidates=0 updatedCols=0 zeroObjImproveIters=0 objFirst=142814948.412161 objLast=173567635.602573 objGain=30752687.190412 maxRC=59477431.717259 wallSec=0.011599 pricingSec=0.007819 cplexSolveSec=0.002031
      [BB] 根节点即为整数解，obj=173567635.602573
    [CG] 列生成开始，初始列数=128
    [CG] CG iter 3: obj=166990102.719194, maxRC=6257153.815848, +12 cols
    [CG]   [DIAG] iter=3 posCols=12 newCols=12 effImprove=12 updated=0
    [CG] 列生成收敛，共 5 轮迭代
    [CG] [CG-NODE] depth=0 exit=CERTIFIED certified=1 feasible=1 iters=5 generatedColsBeforeNode=0 newCols=57 posCandidates=57 duplicateCandidates=0 updatedCols=0 zeroObjImproveIters=0 objFirst=143259843.049682 objLast=173937768.241031 objGain=30677925.191349 maxRC=59519752.128890 wallSec=0.011880 pricingSec=0.007972 cplexSolveSec=0.002144
    [CG] CG iter 3: obj=166948737.385956, maxRC=6247010.826413, +12 cols
    [CG]   [DIAG] iter=3 posCols=12 newCols=12 effImprove=12 updated=0
      [BB] 根节点即为整数解，obj=173937768.241031
    [CG] CG iter 4: obj=169689907.622171, maxRC=4143469.257580, +5 cols
    [CG]   [DIAG] iter=4 posCols=5 newCols=5 effImprove=5 updated=0
    [CG] CG iter 4: obj=169638881.134045, maxRC=4126213.665881, +5 cols
    [CG] CG iter 1: obj=143248452.088734, maxRC=59519752.128890, +23 cols
    [CG] 列生成开始，初始列数=128
    [CG]   [DIAG] iter=4 posCols=5 newCols=5 effImprove=5 updated=0
    [CG] 列生成收敛，共 5 轮迭代
    [CG] [CG-NODE] depth=0 exit=CERTIFIED certified=1 feasible=1 iters=5 generatedColsBeforeNode=0 newCols=57 posCandidates=57 duplicateCandidates=0 updatedCols=0 zeroObjImproveIters=0 objFirst=143214845.878888 objLast=173908255.479946 objGain=30693409.601058 maxRC=59519841.930057 wallSec=0.013449 pricingSec=0.009136 cplexSolveSec=0.002379
    [CG]   [DIAG] iter=1 posCols=23 newCols=23 effImprove=23 updated=0
    [CG] 列生成收敛，共 5 轮迭代
    [CG] [CG-NODE] depth=0 exit=CERTIFIED certified=1 feasible=1 iters=5 generatedColsBeforeNode=0 newCols=57 posCandidates=57 duplicateCandidates=0 updatedCols=0 zeroObjImproveIters=0 objFirst=143195959.069901 objLast=173864417.619282 objGain=30668458.549380 maxRC=59519779.142325 wallSec=0.013793 pricingSec=0.009018 cplexSolveSec=0.002316
      [BB] 根节点即为整数解，obj=173908255.479946
      [BB] 根节点即为整数解，obj=173864417.619282
    [CG] CG iter 1: obj=143259487.122955, maxRC=59519644.562382, +23 cols
    [CG]   [DIAG] iter=1 posCols=23 newCols=23 effImprove=23 updated=0
    [CG] 列生成开始，初始列数=128
    [CG] CG iter 2: obj=160626151.088068, maxRC=10623321.672154, +17 cols
    [CG]   [DIAG] iter=2 posCols=17 newCols=17 effImprove=17 updated=0
    [CG] CG iter 2: obj=160616640.999332, maxRC=10623485.371715, +17 cols
    [CG]   [DIAG] iter=2 posCols=17 newCols=17 effImprove=17 updated=0
    [CG] CG iter 3: obj=167020451.172248, maxRC=6255328.651765, +12 cols
    [CG]   [DIAG] iter=3 posCols=12 newCols=12 effImprove=12 updated=0
    [CG] CG iter 4: obj=169718912.745689, maxRC=4143847.754489, +5 cols
    [CG]   [DIAG] iter=4 posCols=5 newCols=5 effImprove=5 updated=0
    [CG] 列生成开始，初始列数=128
    [CG] 列生成开始，初始列数=128
    [CG] 列生成收敛，共 5 轮迭代
    [CG] [CG-NODE] depth=0 exit=CERTIFIED certified=1 feasible=1 iters=5 generatedColsBeforeNode=0 newCols=57 posCandidates=57 duplicateCandidates=0 updatedCols=0 zeroObjImproveIters=0 objFirst=143259487.122955 objLast=173937282.140438 objGain=30677795.017483 maxRC=59519644.562382 wallSec=0.007658 pricingSec=0.005085 cplexSolveSec=0.001389
      [BB] 根节点即为整数解，obj=173937282.140438
    [CG] CG iter 3: obj=167010255.311586, maxRC=6256005.583343, +12 cols
    [CG]   [DIAG] iter=3 posCols=12 newCols=12 effImprove=12 updated=0
    [CG] CG iter 1: obj=143165459.547155, maxRC=59519842.294336, +23 cols
    [CG]   [DIAG] iter=1 posCols=23 newCols=23 effImprove=23 updated=0
    [CG] CG iter 1: obj=142701262.640056, maxRC=59449728.068557, +23 cols
    [CG] CG iter 4: obj=169709393.816604, maxRC=4143807.622244, +5 cols
    [CG]   [DIAG] iter=4 posCols=5 newCols=5 effImprove=5 updated=0
    [CG]   [DIAG] iter=1 posCols=23 newCols=23 effImprove=23 updated=0
    [CG] 列生成收敛，共 5 轮迭代
    [CG] [CG-NODE] depth=0 exit=CERTIFIED certified=1 feasible=1 iters=5 generatedColsBeforeNode=0 newCols=57 posCandidates=57 duplicateCandidates=0 updatedCols=0 zeroObjImproveIters=0 objFirst=143248452.088734 objLast=173927788.361212 objGain=30679336.272479 maxRC=59519752.128890 wallSec=0.018401 pricingSec=0.012328 cplexSolveSec=0.002985
    [CG] CG iter 2: obj=160546456.844132, maxRC=10623489.422194, +17 cols
    [CG]   [DIAG] iter=2 posCols=17 newCols=17 effImprove=17 updated=0
      [BB] 根节点即为整数解，obj=173927788.361212
    [CG] 列生成开始，初始列数=128
    [CG] CG iter 2: obj=160250279.286650, maxRC=10579763.847575, +17 cols
    [CG]   [DIAG] iter=2 posCols=17 newCols=17 effImprove=17 updated=0
    [CG] CG iter 3: obj=166933665.336012, maxRC=6262378.370120, +12 cols
    [CG]   [DIAG] iter=3 posCols=12 newCols=12 effImprove=12 updated=0
    [CG] CG iter 1: obj=143253109.969541, maxRC=59519417.508758, +23 cols
    [CG]   [DIAG] iter=1 posCols=23 newCols=23 effImprove=23 updated=0
    [CG] CG iter 4: obj=169639174.519536, maxRC=4143757.187345, +5 cols
    [CG]   [DIAG] iter=4 posCols=5 newCols=5 effImprove=5 updated=0
    [CG] 列生成收敛，共 5 轮迭代
    [CG] [CG-NODE] depth=0 exit=CERTIFIED certified=1 feasible=1 iters=5 generatedColsBeforeNode=0 newCols=57 posCandidates=57 duplicateCandidates=0 updatedCols=0 zeroObjImproveIters=0 objFirst=143165459.547155 objLast=173857552.098165 objGain=30692092.551010 maxRC=59519842.294336 wallSec=0.009388 pricingSec=0.006421 cplexSolveSec=0.001606
    [CG] CG iter 3: obj=166580089.716621, maxRC=6226116.898710, +12 cols
    [CG]   [DIAG] iter=3 posCols=12 newCols=12 effImprove=12 updated=0
      [BB] 根节点即为整数解，obj=173857552.098165
    [CG] CG iter 2: obj=160626626.369704, maxRC=10623481.111465, +17 cols
    [CG]   [DIAG] iter=2 posCols=17 newCols=17 effImprove=17 updated=0
    [CG] CG iter 1: obj=143181954.050286, maxRC=59519752.128890, +23 cols
    [CG] CG iter 4: obj=169249330.800768, maxRC=4107960.619616, +5 cols
    [CG]   [DIAG] iter=1 posCols=23 newCols=23 effImprove=23 updated=0
    [CG]   [DIAG] iter=4 posCols=5 newCols=5 effImprove=5 updated=0
    [CG] 列生成开始，初始列数=128
    [CG] 列生成收敛，共 5 轮迭代
    [CG] [CG-NODE] depth=0 exit=CERTIFIED certified=1 feasible=1 iters=5 generatedColsBeforeNode=0 newCols=57 posCandidates=57 duplicateCandidates=0 updatedCols=0 zeroObjImproveIters=0 objFirst=142701262.640056 objLast=173499734.306818 objGain=30798471.666761 maxRC=59449728.068557 wallSec=0.014748 pricingSec=0.010198 cplexSolveSec=0.002505
    [CG] CG iter 3: obj=167020946.345269, maxRC=6255296.935964, +12 cols
    [CG]   [DIAG] iter=3 posCols=12 newCols=12 effImprove=12 updated=0
      [BB] 根节点即为整数解，obj=173499734.306818
    [CG] CG iter 2: obj=160570029.424000, maxRC=10697366.427424, +17 cols
    [CG]   [DIAG] iter=2 posCols=17 newCols=17 effImprove=17 updated=0
    [CG] 列生成开始，初始列数=128
    [CG] CG iter 4: obj=169719372.166877, maxRC=4143802.039115, +5 cols
    [CG]   [DIAG] iter=4 posCols=5 newCols=5 effImprove=5 updated=0
    [CG] CG iter 1: obj=143250958.873585, maxRC=59519752.128890, +23 cols
    [CG] CG iter 3: obj=166930717.615021, maxRC=6245111.170988, +12 cols
    [CG]   [DIAG] iter=3 posCols=12 newCols=12 effImprove=12 updated=0
    [CG]   [DIAG] iter=1 posCols=23 newCols=23 effImprove=23 updated=0
    [CG] 列生成收敛，共 5 轮迭代
    [CG] [CG-NODE] depth=0 exit=CERTIFIED certified=1 feasible=1 iters=5 generatedColsBeforeNode=0 newCols=57 posCandidates=57 duplicateCandidates=0 updatedCols=0 zeroObjImproveIters=0 objFirst=143253109.969541 objLast=173937770.413750 objGain=30684660.444209 maxRC=59519417.508758 wallSec=0.010999 pricingSec=0.007374 cplexSolveSec=0.001981
      [BB] 根节点即为整数解，obj=173937770.413750
    [CG] CG iter 4: obj=169641496.124670, maxRC=4121270.630556, +7 cols
    [CG]   [DIAG] iter=4 posCols=7 newCols=7 effImprove=7 updated=0
    [CG] CG iter 1: obj=143071795.055533, maxRC=59519841.930057, +23 cols
    [CG]   [DIAG] iter=1 posCols=23 newCols=23 effImprove=23 updated=0
    [CG] 列生成收敛，共 5 轮迭代
    [CG] [CG-NODE] depth=0 exit=CERTIFIED certified=1 feasible=1 iters=5 generatedColsBeforeNode=0 newCols=59 posCandidates=59 duplicateCandidates=0 updatedCols=0 zeroObjImproveIters=0 objFirst=143181954.050286 objLast=173837357.795555 objGain=30655403.745269 maxRC=59519752.128890 wallSec=0.010923 pricingSec=0.007011 cplexSolveSec=0.002035
    [CG] CG iter 2: obj=160617728.675874, maxRC=10623485.371715, +17 cols
      [BB] 根节点即为整数解，obj=173837357.795555
    [CG]   [DIAG] iter=2 posCols=17 newCols=17 effImprove=17 updated=0
    [CG] 列生成开始，初始列数=128
    [CG] CG iter 2: obj=160538111.046400, maxRC=10623476.759163, +17 cols
    [CG]   [DIAG] iter=2 posCols=17 newCols=17 effImprove=17 updated=0
    [CG] CG iter 1: obj=143239740.456364, maxRC=59519752.128890, +23 cols
    [CG] CG iter 3: obj=167012057.691247, maxRC=6255298.170777, +12 cols
    [CG]   [DIAG] iter=3 posCols=12 newCols=12 effImprove=12 updated=0
    [CG]   [DIAG] iter=1 posCols=23 newCols=23 effImprove=23 updated=0
    [CG] CG iter 4: obj=169710493.520408, maxRC=4143819.263214, +5 cols
    [CG]   [DIAG] iter=4 posCols=5 newCols=5 effImprove=5 updated=0
    [CG] CG iter 3: obj=166925323.800571, maxRC=6262380.093502, +12 cols
    [CG]   [DIAG] iter=3 posCols=12 newCols=12 effImprove=12 updated=0
    [CG] 列生成开始，初始列数=128
    [CG] CG iter 2: obj=160625974.861471, maxRC=10623485.371715, +17 cols
    [CG] 列生成收敛，共 5 轮迭代
    [CG] [CG-NODE] depth=0 exit=CERTIFIED certified=1 feasible=1 iters=5 generatedColsBeforeNode=0 newCols=57 posCandidates=57 duplicateCandidates=0 updatedCols=0 zeroObjImproveIters=0 objFirst=143250958.873585 objLast=173928884.064934 objGain=30677925.191349 maxRC=59519752.128890 wallSec=0.011555 pricingSec=0.007689 cplexSolveSec=0.002138
    [CG]   [DIAG] iter=2 posCols=17 newCols=17 effImprove=17 updated=0
    [CG] 列生成开始，初始列数=128
      [BB] 根节点即为整数解，obj=173928884.064934
    [CG] CG iter 4: obj=169630829.465734, maxRC=4143762.429088, +5 cols
    [CG]   [DIAG] iter=4 posCols=5 newCols=5 effImprove=5 updated=0
    [CG] 列生成收敛，共 5 轮迭代
    [CG] [CG-NODE] depth=0 exit=CERTIFIED certified=1 feasible=1 iters=5 generatedColsBeforeNode=0 newCols=57 posCandidates=57 duplicateCandidates=0 updatedCols=0 zeroObjImproveIters=0 objFirst=143071795.055533 objLast=173849212.286106 objGain=30777417.230573 maxRC=59519841.930057 wallSec=0.012213 pricingSec=0.008485 cplexSolveSec=0.002067
      [BB] 根节点即为整数解，obj=173849212.286106
    [CG] CG iter 3: obj=167020274.642009, maxRC=6255315.873241, +12 cols
    [CG]   [DIAG] iter=3 posCols=12 newCols=12 effImprove=12 updated=0
    [CG] CG iter 1: obj=143195239.627273, maxRC=59519779.142325, +23 cols
    [CG]   [DIAG] iter=1 posCols=23 newCols=23 effImprove=23 updated=0
    [CG] CG iter 4: obj=169718723.436926, maxRC=4143805.047541, +5 cols
    [CG]   [DIAG] iter=4 posCols=5 newCols=5 effImprove=5 updated=0
    [CG] 列生成开始，初始列数=128
    [CG] 列生成收敛，共 5 轮迭代
    [CG] [CG-NODE] depth=0 exit=CERTIFIED certified=1 feasible=1 iters=5 generatedColsBeforeNode=0 newCols=57 posCandidates=57 duplicateCandidates=0 updatedCols=0 zeroObjImproveIters=0 objFirst=143239740.456364 objLast=173937119.524796 objGain=30697379.068432 maxRC=59519752.128890 wallSec=0.011419 pricingSec=0.007703 cplexSolveSec=0.002098
    [CG] CG iter 2: obj=160574432.796482, maxRC=10623413.011016, +17 cols
    [CG]   [DIAG] iter=2 posCols=17 newCols=17 effImprove=17 updated=0
      [BB] 根节点即为整数解，obj=173937119.524796
    [CG] 列生成开始，初始列数=128
    [CG] CG iter 3: obj=166948384.267084, maxRC=6247090.118523, +12 cols
    [CG]   [DIAG] iter=3 posCols=12 newCols=12 effImprove=12 updated=0
    [CG] CG iter 4: obj=169638161.691416, maxRC=4125988.176809, +5 cols
    [CG]   [DIAG] iter=4 posCols=5 newCols=5 effImprove=5 updated=0
    [CG] 列生成开始，初始列数=128
    [CG] 列生成收敛，共 5 轮迭代
    [CG] [CG-NODE] depth=0 exit=CERTIFIED certified=1 feasible=1 iters=5 generatedColsBeforeNode=0 newCols=57 posCandidates=57 duplicateCandidates=0 updatedCols=0 zeroObjImproveIters=0 objFirst=143195239.627273 objLast=173863705.526668 objGain=30668465.899395 maxRC=59519779.142325 wallSec=0.010242 pricingSec=0.006901 cplexSolveSec=0.001868
      [BB] 根节点即为整数解，obj=173863705.526668
    [CG] CG iter 1: obj=143259851.828867, maxRC=59519752.128890, +23 cols
    [CG] CG iter 1: obj=143117577.648402, maxRC=59519752.128890, +23 cols
    [CG] CG iter 1: obj=143162963.474792, maxRC=59513984.240988, +23 cols
    [CG]   [DIAG] iter=1 posCols=23 newCols=23 effImprove=23 updated=0
    [CG]   [DIAG] iter=1 posCols=23 newCols=23 effImprove=23 updated=0
    [CG]   [DIAG] iter=1 posCols=23 newCols=23 effImprove=23 updated=0
    [CG] 列生成开始，初始列数=128
    [CG] CG iter 2: obj=160485165.141822, maxRC=10623485.371715, +17 cols
    [CG]   [DIAG] iter=2 posCols=17 newCols=17 effImprove=17 updated=0
    [CG] CG iter 2: obj=160626563.922857, maxRC=10623480.394296, +17 cols
    [CG]   [DIAG] iter=2 posCols=17 newCols=17 effImprove=17 updated=0
    [CG] CG iter 2: obj=160626615.993755, maxRC=10623467.315918, +17 cols
    [CG] CG iter 3: obj=166879075.019290, maxRC=6255388.669016, +12 cols
    [CG]   [DIAG] iter=3 posCols=12 newCols=12 effImprove=12 updated=0
    [CG]   [DIAG] iter=2 posCols=17 newCols=17 effImprove=17 updated=0
    [CG] CG iter 1: obj=143229581.714922, maxRC=59486106.897696, +23 cols
    [CG]   [DIAG] iter=1 posCols=23 newCols=23 effImprove=23 updated=0
    [CG] CG iter 1: obj=143097422.006769, maxRC=59518388.593453, +23 cols
    [CG] CG iter 4: obj=169577092.706197, maxRC=4143532.502794, +5 cols
    [CG]   [DIAG] iter=4 posCols=5 newCols=5 effImprove=5 updated=0
    [CG] CG iter 1: obj=143253128.459158, maxRC=59512429.810681, +23 cols
    [CG]   [DIAG] iter=1 posCols=23 newCols=23 effImprove=23 updated=0
    [CG]   [DIAG] iter=1 posCols=23 newCols=23 effImprove=23 updated=0
    [CG] CG iter 3: obj=167020846.151527, maxRC=6255295.076205, +12 cols
    [CG]   [DIAG] iter=3 posCols=12 newCols=12 effImprove=12 updated=0
    [CG] 列生成收敛，共 5 轮迭代
    [CG] [CG-NODE] depth=0 exit=CERTIFIED certified=1 feasible=1 iters=5 generatedColsBeforeNode=0 newCols=57 posCandidates=57 duplicateCandidates=0 updatedCols=0 zeroObjImproveIters=0 objFirst=143117577.648402 objLast=173795488.794068 objGain=30677911.145666 maxRC=59519752.128890 wallSec=0.010596 pricingSec=0.007051 cplexSolveSec=0.001847
    [CG] CG iter 2: obj=160568759.826031, maxRC=10601539.291205, +17 cols
      [BB] 根节点即为整数解，obj=173795488.794068
    [CG]   [DIAG] iter=2 posCols=17 newCols=17 effImprove=17 updated=0
    [CG] CG iter 2: obj=160612619.873162, maxRC=10618448.508245, +17 cols
    [CG]   [DIAG] iter=2 posCols=17 newCols=17 effImprove=17 updated=0
    [CG] CG iter 2: obj=160615614.655688, maxRC=10622427.628388, +17 cols
    [CG] CG iter 3: obj=167020950.356976, maxRC=6255304.502121, +12 cols
    [CG]   [DIAG] iter=2 posCols=17 newCols=17 effImprove=17 updated=0
    [CG]   [DIAG] iter=3 posCols=12 newCols=12 effImprove=12 updated=0
    [CG] CG iter 4: obj=169719276.195449, maxRC=4143774.089484, +5 cols
    [CG]   [DIAG] iter=4 posCols=5 newCols=5 effImprove=5 updated=0
    [CG] CG iter 3: obj=167008062.381069, maxRC=6255643.273855, +12 cols
    [CG]   [DIAG] iter=3 posCols=12 newCols=12 effImprove=12 updated=0
    [CG] CG iter 3: obj=166968732.460079, maxRC=6256536.311340, +12 cols
    [CG]   [DIAG] iter=3 posCols=12 newCols=12 effImprove=12 updated=0
    [CG] CG iter 3: obj=167009378.554897, maxRC=6256109.372207, +12 cols
    [CG]   [DIAG] iter=3 posCols=12 newCols=12 effImprove=12 updated=0
    [CG] 列生成收敛，共 5 轮迭代
    [CG] [CG-NODE] depth=0 exit=CERTIFIED certified=1 feasible=1 iters=5 generatedColsBeforeNode=0 newCols=57 posCandidates=57 duplicateCandidates=0 updatedCols=0 zeroObjImproveIters=0 objFirst=143162963.474792 objLast=173937657.449086 objGain=30774693.974294 maxRC=59513984.240988 wallSec=0.014305 pricingSec=0.009902 cplexSolveSec=0.002511
    [CG] CG iter 4: obj=169719380.430758, maxRC=4143821.190047, +5 cols
    [CG] CG iter 4: obj=169706838.576600, maxRC=4147153.138735, +5 cols
    [CG]   [DIAG] iter=4 posCols=5 newCols=5 effImprove=5 updated=0
    [CG]   [DIAG] iter=4 posCols=5 newCols=5 effImprove=5 updated=0
    [CG] CG iter 1: obj=143065126.834107, maxRC=59374332.332163, +23 cols
      [BB] 根节点即为整数解，obj=173937657.449086
    [CG]   [DIAG] iter=1 posCols=23 newCols=23 effImprove=23 updated=0
    [CG] 列生成开始，初始列数=128
    [CG] CG iter 4: obj=169708620.848780, maxRC=4144417.074507, +5 cols
    [CG]   [DIAG] iter=4 posCols=5 newCols=5 effImprove=5 updated=0
    [CG] CG iter 4: obj=169668379.556118, maxRC=4159205.121704, +5 cols
    [CG] CG iter 1: obj=143158735.096683, maxRC=59519752.128890, +23 cols
    [CG] 列生成收敛，共 5 轮迭代
    [CG]   [DIAG] iter=4 posCols=5 newCols=5 effImprove=5 updated=0
    [CG] [CG-NODE] depth=0 exit=CERTIFIED certified=1 feasible=1 iters=5 generatedColsBeforeNode=0 newCols=57 posCandidates=57 duplicateCandidates=0 updatedCols=0 zeroObjImproveIters=0 objFirst=143253128.459158 objLast=173925632.111337 objGain=30672503.652179 maxRC=59512429.810681 wallSec=0.007614 pricingSec=0.005043 cplexSolveSec=0.001394
    [CG] 列生成收敛，共 5 轮迭代
    [CG] [CG-NODE] depth=0 exit=CERTIFIED certified=1 feasible=1 iters=5 generatedColsBeforeNode=0 newCols=57 posCandidates=57 duplicateCandidates=0 updatedCols=0 zeroObjImproveIters=0 objFirst=143259851.828867 objLast=173937778.325299 objGain=30677926.496433 maxRC=59519752.128890 wallSec=0.018428 pricingSec=0.012599 cplexSolveSec=0.003212
    [CG]   [DIAG] iter=1 posCols=23 newCols=23 effImprove=23 updated=0
      [BB] 根节点即为整数解，obj=173925632.111337
      [BB] 根节点即为整数解，obj=173937778.325299
    [CG] 列生成收敛，共 5 轮迭代
    [CG] [CG-NODE] depth=0 exit=CERTIFIED certified=1 feasible=1 iters=5 generatedColsBeforeNode=0 newCols=57 posCandidates=57 duplicateCandidates=0 updatedCols=0 zeroObjImproveIters=0 objFirst=143097422.006769 objLast=173927049.434747 objGain=30829627.427978 maxRC=59518388.593453 wallSec=0.009889 pricingSec=0.006717 cplexSolveSec=0.001747
      [BB] 根节点即为整数解，obj=173927049.434747
    [CG] 列生成收敛，共 5 轮迭代
    [CG] [CG-NODE] depth=0 exit=CERTIFIED certified=1 feasible=1 iters=5 generatedColsBeforeNode=0 newCols=57 posCandidates=57 duplicateCandidates=0 updatedCols=0 zeroObjImproveIters=0 objFirst=143229581.714922 objLast=173888878.237906 objGain=30659296.522984 maxRC=59486106.897696 wallSec=0.010933 pricingSec=0.007263 cplexSolveSec=0.002069
      [BB] 根节点即为整数解，obj=173888878.237906
    [CG] CG iter 2: obj=160389075.354566, maxRC=10533210.453559, +17 cols
    [CG] CG iter 2: obj=160626269.665892, maxRC=10623485.371715, +17 cols
    [CG]   [DIAG] iter=2 posCols=17 newCols=17 effImprove=17 updated=0
    [CG]   [DIAG] iter=2 posCols=17 newCols=17 effImprove=17 updated=0
    [CG] CG iter 3: obj=166975590.915583, maxRC=6274417.701815, +11 cols
    [CG]   [DIAG] iter=3 posCols=11 newCols=11 effImprove=11 updated=0
    [CG] CG iter 3: obj=166808051.599137, maxRC=6260142.276108, +12 cols
    [CG]   [DIAG] iter=3 posCols=12 newCols=12 effImprove=12 updated=0
    [CG] CG iter 4: obj=169629080.423252, maxRC=4102274.017569, +5 cols
    [CG]   [DIAG] iter=4 posCols=5 newCols=5 effImprove=5 updated=0
    [CG] CG iter 4: obj=169511321.013642, maxRC=4208602.129486, +5 cols
    [CG]   [DIAG] iter=4 posCols=5 newCols=5 effImprove=5 updated=0
    [CG] 列生成收敛，共 5 轮迭代
    [CG] [CG-NODE] depth=0 exit=CERTIFIED certified=1 feasible=1 iters=5 generatedColsBeforeNode=0 newCols=56 posCandidates=56 duplicateCandidates=0 updatedCols=0 zeroObjImproveIters=0 objFirst=143158735.096683 objLast=173847470.967778 objGain=30688735.871096 maxRC=59519752.128890 wallSec=0.008317 pricingSec=0.005608 cplexSolveSec=0.001535
      [BB] 根节点即为整数解，obj=173847470.967778
    [CG] 列生成收敛，共 5 轮迭代
    [CG] [CG-NODE] depth=0 exit=CERTIFIED certified=1 feasible=1 iters=5 generatedColsBeforeNode=0 newCols=57 posCandidates=57 duplicateCandidates=0 updatedCols=0 zeroObjImproveIters=0 objFirst=143065126.834107 objLast=173739025.407860 objGain=30673898.573753 maxRC=59374332.332163 wallSec=0.016569 pricingSec=0.011614 cplexSolveSec=0.002581
      [BB] 根节点即为整数解，obj=173739025.407860
    [CG] CG iter 1: obj=143252745.429292, maxRC=59518388.320511, +23 cols
    [CG]   [DIAG] iter=1 posCols=23 newCols=23 effImprove=23 updated=0
    [CG] CG iter 2: obj=160618992.374583, maxRC=10622427.628388, +17 cols
    [CG]   [DIAG] iter=2 posCols=17 newCols=17 effImprove=17 updated=0
    [CG] CG iter 3: obj=167013053.946792, maxRC=6255811.699207, +12 cols
    [CG]   [DIAG] iter=3 posCols=12 newCols=12 effImprove=12 updated=0
    [CG] CG iter 4: obj=169711998.567674, maxRC=4144417.074507, +5 cols
    [CG]   [DIAG] iter=4 posCols=5 newCols=5 effImprove=5 updated=0
    [CG] 列生成收敛，共 5 轮迭代
    [CG] [CG-NODE] depth=0 exit=CERTIFIED certified=1 feasible=1 iters=5 generatedColsBeforeNode=0 newCols=57 posCandidates=57 duplicateCandidates=0 updatedCols=0 zeroObjImproveIters=0 objFirst=143252745.429292 objLast=173930427.153642 objGain=30677681.724350 maxRC=59518388.320511 wallSec=0.007118 pricingSec=0.004720 cplexSolveSec=0.001282
      [BB] 根节点即为整数解，obj=173930427.153642
[GA] 代数 5: Best=173966664.01, Avg=173878559.61, Worst=173119459.00, Valid=30/30, 耗时=0.05s (连续5代未提升)
  ├─ 求解: 30 个体 fork 并行 | CG迭代=130 加列=1483 BB分支=0
  ├─ 并行墙钟=0.0459s | 串行等效(ΣBP)=0.3012s | 加速比=6.56x
  ├─ 管理开销=-0.2553s (fork=0.0035 wait=0.0420 merge=0.0004)
  └─ CG明细: gen_logs/run_gen5_ind{0..29}.log
    [CG] 列生成开始，初始列数=128
    [CG] 列生成开始，初始列数=128
    [CG] 列生成开始，初始列数=128
    [CG] 列生成开始，初始列数=128
    [CG] 列生成开始，初始列数=128
    [CG] 列生成开始，初始列数=128
    [CG] 列生成开始，初始列数=128
    [CG] 列生成开始，初始列数=128
    [CG] CG iter 1: obj=143254220.102630, maxRC=59519417.508758, +23 cols
    [CG]   [DIAG] iter=1 posCols=23 newCols=23 effImprove=23 updated=0
    [CG] CG iter 2: obj=160626624.444598, maxRC=10623491.311119, +17 cols
    [CG]   [DIAG] iter=2 posCols=17 newCols=17 effImprove=17 updated=0
    [CG] CG iter 3: obj=167020941.129050, maxRC=6255288.415848, +12 cols
    [CG]   [DIAG] iter=3 posCols=12 newCols=12 effImprove=12 updated=0
    [CG] CG iter 4: obj=169719369.940183, maxRC=4143807.534246, +5 cols
    [CG]   [DIAG] iter=4 posCols=5 newCols=5 effImprove=5 updated=0
    [CG] 列生成收敛，共 5 轮迭代
    [CG] [CG-NODE] depth=0 exit=CERTIFIED certified=1 feasible=1 iters=5 generatedColsBeforeNode=0 newCols=57 posCandidates=57 duplicateCandidates=0 updatedCols=0 zeroObjImproveIters=0 objFirst=143254220.102630 objLast=173937764.151024 objGain=30683544.048394 maxRC=59519417.508758 wallSec=0.007745 pricingSec=0.005306 cplexSolveSec=0.001332
      [BB] 根节点即为整数解，obj=173937764.151024
    [CG] CG iter 1: obj=143259841.673549, maxRC=59519752.128890, +23 cols
    [CG]   [DIAG] iter=1 posCols=23 newCols=23 effImprove=23 updated=0
    [CG] CG iter 1: obj=143192214.595290, maxRC=59519779.142325, +23 cols
    [CG] CG iter 1: obj=143252751.474223, maxRC=59518388.320511, +23 cols
    [CG] CG iter 1: obj=143257992.414272, maxRC=59519752.128890, +23 cols
    [CG]   [DIAG] iter=1 posCols=23 newCols=23 effImprove=23 updated=0
    [CG]   [DIAG] iter=1 posCols=23 newCols=23 effImprove=23 updated=0
    [CG]   [DIAG] iter=1 posCols=23 newCols=23 effImprove=23 updated=0
    [CG] CG iter 1: obj=143039122.813728, maxRC=59200136.132579, +23 cols
    [CG]   [DIAG] iter=1 posCols=23 newCols=23 effImprove=23 updated=0
    [CG] CG iter 2: obj=160626613.483150, maxRC=10623485.371715, +17 cols
    [CG] 列生成开始，初始列数=128
    [CG]   [DIAG] iter=2 posCols=17 newCols=17 effImprove=17 updated=0
    [CG] CG iter 2: obj=160571246.331712, maxRC=10623431.066813, +17 cols
    [CG] CG iter 2: obj=160618992.374583, maxRC=10622427.628388, +17 cols
    [CG]   [DIAG] iter=2 posCols=17 newCols=17 effImprove=17 updated=0
    [CG]   [DIAG] iter=2 posCols=17 newCols=17 effImprove=17 updated=0
    [CG] CG iter 2: obj=160626568.270142, maxRC=10623477.941193, +17 cols
    [CG]   [DIAG] iter=2 posCols=17 newCols=17 effImprove=17 updated=0
    [CG] CG iter 3: obj=167020934.224993, maxRC=6255294.911935, +12 cols
    [CG]   [DIAG] iter=3 posCols=12 newCols=12 effImprove=12 updated=0
    [CG] CG iter 2: obj=160086276.619706, maxRC=10417981.581868, +17 cols
    [CG]   [DIAG] iter=2 posCols=17 newCols=17 effImprove=17 updated=0
    [CG] CG iter 3: obj=166945272.967095, maxRC=6247290.882164, +12 cols
    [CG] CG iter 3: obj=167013053.946792, maxRC=6255811.699207, +12 cols
    [CG]   [DIAG] iter=3 posCols=12 newCols=12 effImprove=12 updated=0
    [CG] CG iter 4: obj=169719362.058604, maxRC=4143805.047541, +5 cols
    [CG]   [DIAG] iter=3 posCols=12 newCols=12 effImprove=12 updated=0
    [CG]   [DIAG] iter=4 posCols=5 newCols=5 effImprove=5 updated=0
    [CG] CG iter 1: obj=142914106.988597, maxRC=59519779.142325, +23 cols
    [CG] CG iter 3: obj=167020891.021273, maxRC=6255302.937702, +12 cols
    [CG]   [DIAG] iter=3 posCols=12 newCols=12 effImprove=12 updated=0
    [CG]   [DIAG] iter=1 posCols=23 newCols=23 effImprove=23 updated=0
    [CG] 列生成收敛，共 5 轮迭代
    [CG] [CG-NODE] depth=0 exit=CERTIFIED certified=1 feasible=1 iters=5 generatedColsBeforeNode=0 newCols=57 posCandidates=57 duplicateCandidates=0 updatedCols=0 zeroObjImproveIters=0 objFirst=143259841.673549 objLast=173937758.146475 objGain=30677916.472926 maxRC=59519752.128890 wallSec=0.011392 pricingSec=0.007752 cplexSolveSec=0.002070
    [CG] CG iter 3: obj=166537661.738312, maxRC=6266101.167734, +12 cols
    [CG]   [DIAG] iter=3 posCols=12 newCols=12 effImprove=12 updated=0
      [BB] 根节点即为整数解，obj=173937758.146475
    [CG] CG iter 4: obj=169711998.567674, maxRC=4144417.074507, +5 cols
    [CG] CG iter 4: obj=169635696.770934, maxRC=4126213.665881, +5 cols
    [CG] CG iter 1: obj=143056298.072551, maxRC=59374332.332163, +23 cols
    [CG]   [DIAG] iter=4 posCols=5 newCols=5 effImprove=5 updated=0
    [CG]   [DIAG] iter=4 posCols=5 newCols=5 effImprove=5 updated=0
    [CG] CG iter 4: obj=169719316.550090, maxRC=4143824.170592, +5 cols
    [CG]   [DIAG] iter=1 posCols=23 newCols=23 effImprove=23 updated=0
    [CG]   [DIAG] iter=4 posCols=5 newCols=5 effImprove=5 updated=0
    [CG] 列生成收敛，共 5 轮迭代
    [CG] 列生成收敛，共 5 轮迭代
    [CG] [CG-NODE] depth=0 exit=CERTIFIED certified=1 feasible=1 iters=5 generatedColsBeforeNode=0 newCols=57 posCandidates=57 duplicateCandidates=0 updatedCols=0 zeroObjImproveIters=0 objFirst=143252751.474223 objLast=173930427.153642 objGain=30677675.679419 maxRC=59518388.320511 wallSec=0.012424 pricingSec=0.008597 cplexSolveSec=0.002205
    [CG] [CG-NODE] depth=0 exit=CERTIFIED certified=1 feasible=1 iters=5 generatedColsBeforeNode=0 newCols=57 posCandidates=57 duplicateCandidates=0 updatedCols=0 zeroObjImproveIters=0 objFirst=143192214.595290 objLast=173861233.256171 objGain=30669018.660881 maxRC=59519779.142325 wallSec=0.012423 pricingSec=0.008600 cplexSolveSec=0.002226
    [CG] CG iter 4: obj=169246900.564429, maxRC=4292405.145101, +5 cols
      [BB] 根节点即为整数解，obj=173930427.153642
      [BB] 根节点即为整数解，obj=173861233.256171
    [CG]   [DIAG] iter=4 posCols=5 newCols=5 effImprove=5 updated=0
    [CG] 列生成收敛，共 5 轮迭代
    [CG] [CG-NODE] depth=0 exit=CERTIFIED certified=1 feasible=1 iters=5 generatedColsBeforeNode=0 newCols=57 posCandidates=57 duplicateCandidates=0 updatedCols=0 zeroObjImproveIters=0 objFirst=143257992.414272 objLast=173937717.425176 objGain=30679725.010904 maxRC=59519752.128890 wallSec=0.012998 pricingSec=0.009093 cplexSolveSec=0.002226
    [CG] CG iter 2: obj=160344392.468695, maxRC=10623431.066813, +17 cols
    [CG] CG iter 1: obj=143194975.529284, maxRC=59519779.144467, +23 cols
    [CG]   [DIAG] iter=2 posCols=17 newCols=17 effImprove=17 updated=0
      [BB] 根节点即为整数解，obj=173937717.425176
    [CG]   [DIAG] iter=1 posCols=23 newCols=23 effImprove=23 updated=0
    [CG] 列生成收敛，共 5 轮迭代
    [CG] [CG-NODE] depth=0 exit=CERTIFIED certified=1 feasible=1 iters=5 generatedColsBeforeNode=0 newCols=57 posCandidates=57 duplicateCandidates=0 updatedCols=0 zeroObjImproveIters=0 objFirst=143039122.813728 objLast=173539305.709530 objGain=30500182.895801 maxRC=59200136.132579 wallSec=0.013705 pricingSec=0.009668 cplexSolveSec=0.002243
      [BB] 根节点即为整数解，obj=173539305.709530
    [CG] CG iter 2: obj=160380246.593009, maxRC=10533210.453559, +17 cols
    [CG]   [DIAG] iter=2 posCols=17 newCols=17 effImprove=17 updated=0
    [CG] CG iter 2: obj=160574432.796482, maxRC=10623413.011016, +17 cols
    [CG]   [DIAG] iter=2 posCols=17 newCols=17 effImprove=17 updated=0
    [CG] CG iter 3: obj=166627538.794406, maxRC=6207664.316167, +12 cols
    [CG]   [DIAG] iter=3 posCols=12 newCols=12 effImprove=12 updated=0
    [CG] 列生成开始，初始列数=128
    [CG] CG iter 3: obj=166948246.483456, maxRC=6247137.368417, +12 cols
    [CG]   [DIAG] iter=3 posCols=12 newCols=12 effImprove=12 updated=0
    [CG] CG iter 4: obj=169278336.032249, maxRC=4045202.392014, +5 cols
    [CG]   [DIAG] iter=4 posCols=5 newCols=5 effImprove=5 updated=0
    [CG] CG iter 3: obj=166799222.837580, maxRC=6260142.276108, +12 cols
    [CG]   [DIAG] iter=3 posCols=12 newCols=12 effImprove=12 updated=0
    [CG] CG iter 4: obj=169637886.124159, maxRC=4125875.719045, +5 cols
    [CG]   [DIAG] iter=4 posCols=5 newCols=5 effImprove=5 updated=0
    [CG] 列生成收敛，共 5 轮迭代
    [CG] [CG-NODE] depth=0 exit=CERTIFIED certified=1 feasible=1 iters=5 generatedColsBeforeNode=0 newCols=57 posCandidates=57 duplicateCandidates=0 updatedCols=0 zeroObjImproveIters=0 objFirst=142914106.988597 objLast=173537499.443596 objGain=30623392.454999 maxRC=59519779.142325 wallSec=0.014803 pricingSec=0.010473 cplexSolveSec=0.002475
      [BB] 根节点即为整数解，obj=173537499.443596
    [CG] 列生成收敛，共 5 轮迭代
    [CG] [CG-NODE] depth=0 exit=CERTIFIED certified=1 feasible=1 iters=5 generatedColsBeforeNode=0 newCols=57 posCandidates=57 duplicateCandidates=0 updatedCols=0 zeroObjImproveIters=0 objFirst=143194975.529284 objLast=173863429.959411 objGain=30668454.430127 maxRC=59519779.144467 wallSec=0.006902 pricingSec=0.004514 cplexSolveSec=0.001305
    [CG] CG iter 4: obj=169502492.252085, maxRC=4208602.129486, +5 cols
    [CG]   [DIAG] iter=4 posCols=5 newCols=5 effImprove=5 updated=0
      [BB] 根节点即为整数解，obj=173863429.959411
    [CG] 列生成开始，初始列数=128
    [CG] 列生成开始，初始列数=128
    [CG] 列生成开始，初始列数=128
    [CG] 列生成开始，初始列数=128
    [CG] 列生成收敛，共 5 轮迭代
    [CG] [CG-NODE] depth=0 exit=CERTIFIED certified=1 feasible=1 iters=5 generatedColsBeforeNode=0 newCols=57 posCandidates=57 duplicateCandidates=0 updatedCols=0 zeroObjImproveIters=0 objFirst=143056298.072551 objLast=173730196.646304 objGain=30673898.573753 maxRC=59374332.332163 wallSec=0.016689 pricingSec=0.011869 cplexSolveSec=0.002702
      [BB] 根节点即为整数解，obj=173730196.646304
    [CG] 列生成开始，初始列数=128
    [CG] 列生成开始，初始列数=128
    [CG] 列生成开始，初始列数=128
    [CG] CG iter 1: obj=142885200.927873, maxRC=59519752.128890, +23 cols
    [CG]   [DIAG] iter=1 posCols=23 newCols=23 effImprove=23 updated=0
    [CG] CG iter 2: obj=160485165.141822, maxRC=10623485.371715, +17 cols
    [CG]   [DIAG] iter=2 posCols=17 newCols=17 effImprove=17 updated=0
    [CG] CG iter 3: obj=166762886.659026, maxRC=6305651.731278, +11 cols
    [CG]   [DIAG] iter=3 posCols=11 newCols=11 effImprove=11 updated=0
    [CG] CG iter 1: obj=143257880.072069, maxRC=59519541.350440, +23 cols
    [CG] CG iter 4: obj=169344715.985668, maxRC=4034954.326651, +5 cols
    [CG]   [DIAG] iter=1 posCols=23 newCols=23 effImprove=23 updated=0
    [CG]   [DIAG] iter=4 posCols=5 newCols=5 effImprove=5 updated=0
    [CG] CG iter 1: obj=143153728.933400, maxRC=59513894.439822, +23 cols
    [CG]   [DIAG] iter=1 posCols=23 newCols=23 effImprove=23 updated=0
    [CG] 列生成收敛，共 5 轮迭代
    [CG] [CG-NODE] depth=0 exit=CERTIFIED certified=1 feasible=1 iters=5 generatedColsBeforeNode=0 newCols=56 posCandidates=56 duplicateCandidates=0 updatedCols=0 zeroObjImproveIters=0 objFirst=142885200.927873 objLast=173563112.073539 objGain=30677911.145666 maxRC=59519752.128890 wallSec=0.010064 pricingSec=0.006756 cplexSolveSec=0.001810
      [BB] 根节点即为整数解，obj=173563112.073539
    [CG] CG iter 2: obj=160625866.638226, maxRC=10623495.450393, +17 cols
    [CG]   [DIAG] iter=2 posCols=17 newCols=17 effImprove=17 updated=0
    [CG] CG iter 1: obj=142692440.985341, maxRC=59446587.189813, +23 cols
    [CG]   [DIAG] iter=1 posCols=23 newCols=23 effImprove=23 updated=0
    [CG] CG iter 1: obj=143054215.598917, maxRC=59519752.128890, +23 cols
    [CG] CG iter 2: obj=160618277.556348, maxRC=10623485.371715, +17 cols
    [CG]   [DIAG] iter=2 posCols=17 newCols=17 effImprove=17 updated=0
    [CG]   [DIAG] iter=1 posCols=23 newCols=23 effImprove=23 updated=0
    [CG] CG iter 3: obj=167020065.064204, maxRC=6255303.539599, +12 cols
    [CG]   [DIAG] iter=3 posCols=12 newCols=12 effImprove=12 updated=0
    [CG] CG iter 3: obj=167012599.010881, maxRC=6255291.191870, +12 cols
    [CG]   [DIAG] iter=3 posCols=12 newCols=12 effImprove=12 updated=0
    [CG] CG iter 2: obj=160245363.704448, maxRC=10577743.005194, +17 cols
    [CG]   [DIAG] iter=2 posCols=17 newCols=17 effImprove=17 updated=0
    [CG] CG iter 4: obj=169718543.740392, maxRC=4143815.226543, +5 cols
    [CG]   [DIAG] iter=4 posCols=5 newCols=5 effImprove=5 updated=0
    [CG] CG iter 4: obj=169711027.861134, maxRC=4143810.470722, +5 cols
    [CG]   [DIAG] iter=4 posCols=5 newCols=5 effImprove=5 updated=0
    [CG] 列生成收敛，共 5 轮迭代
    [CG] [CG-NODE] depth=0 exit=CERTIFIED certified=1 feasible=1 iters=5 generatedColsBeforeNode=0 newCols=57 posCandidates=57 duplicateCandidates=0 updatedCols=0 zeroObjImproveIters=0 objFirst=143257880.072069 objLast=173936871.553854 objGain=30678991.481785 maxRC=59519541.350440 wallSec=0.010459 pricingSec=0.007142 cplexSolveSec=0.001734
    [CG] CG iter 2: obj=160554915.884588, maxRC=10717400.453558, +17 cols
      [BB] 根节点即为整数解，obj=173936871.553854
    [CG]   [DIAG] iter=2 posCols=17 newCols=17 effImprove=17 updated=0
    [CG] CG iter 3: obj=166575769.218643, maxRC=6226188.321877, +12 cols
    [CG]   [DIAG] iter=3 posCols=12 newCols=12 effImprove=12 updated=0
    [CG] 列生成收敛，共 5 轮迭代
    [CG] [CG-NODE] depth=0 exit=CERTIFIED certified=1 feasible=1 iters=5 generatedColsBeforeNode=0 newCols=57 posCandidates=57 duplicateCandidates=0 updatedCols=0 zeroObjImproveIters=0 objFirst=143153728.933400 objLast=173929423.949005 objGain=30775695.015605 maxRC=59513894.439822 wallSec=0.008805 pricingSec=0.005967 cplexSolveSec=0.001498
      [BB] 根节点即为整数解，obj=173929423.949005
    [CG] 列生成开始，初始列数=128
    [CG] CG iter 1: obj=143118392.614550, maxRC=59519752.128890, +23 cols
    [CG] CG iter 4: obj=169245081.725957, maxRC=4109420.549244, +5 cols
    [CG]   [DIAG] iter=4 posCols=5 newCols=5 effImprove=5 updated=0
    [CG]   [DIAG] iter=1 posCols=23 newCols=23 effImprove=23 updated=0
    [CG] CG iter 3: obj=166895383.919859, maxRC=6246860.671374, +12 cols
    [CG] 列生成收敛，共 5 轮迭代
    [CG] [CG-NODE] depth=0 exit=CERTIFIED certified=1 feasible=1 iters=5 generatedColsBeforeNode=0 newCols=57 posCandidates=57 duplicateCandidates=0 updatedCols=0 zeroObjImproveIters=0 objFirst=142692440.985341 objLast=173495697.743981 objGain=30803256.758640 maxRC=59446587.189813 wallSec=0.008842 pricingSec=0.006006 cplexSolveSec=0.001534
    [CG] CG iter 1: obj=143251508.964695, maxRC=59519752.128890, +23 cols
    [CG]   [DIAG] iter=3 posCols=12 newCols=12 effImprove=12 updated=0
      [BB] 根节点即为整数解，obj=173495697.743981
    [CG] CG iter 1: obj=143257991.456113, maxRC=59519644.562382, +23 cols
    [CG]   [DIAG] iter=1 posCols=23 newCols=23 effImprove=23 updated=0
    [CG]   [DIAG] iter=1 posCols=23 newCols=23 effImprove=23 updated=0
    [CG] CG iter 2: obj=160485165.141822, maxRC=10623485.371715, +17 cols
    [CG]   [DIAG] iter=2 posCols=17 newCols=17 effImprove=17 updated=0
    [CG] CG iter 4: obj=169598407.792567, maxRC=4105139.638985, +7 cols
    [CG]   [DIAG] iter=4 posCols=7 newCols=7 effImprove=7 updated=0
    [CG] 列生成开始，初始列数=128
    [CG] 列生成开始，初始列数=128
    [CG] CG iter 3: obj=166879485.524830, maxRC=6255295.270771, +12 cols
    [CG] 列生成收敛，共 5 轮迭代
    [CG]   [DIAG] iter=3 posCols=12 newCols=12 effImprove=12 updated=0
    [CG] [CG-NODE] depth=0 exit=CERTIFIED certified=1 feasible=1 iters=5 generatedColsBeforeNode=0 newCols=59 posCandidates=59 duplicateCandidates=0 updatedCols=0 zeroObjImproveIters=0 objFirst=143054215.598917 objLast=173788119.921610 objGain=30733904.322693 maxRC=59519752.128890 wallSec=0.011189 pricingSec=0.007431 cplexSolveSec=0.002133
      [BB] 根节点即为整数解，obj=173788119.921610
    [CG] 列生成开始，初始列数=128
    [CG] CG iter 2: obj=160618275.447036, maxRC=10623485.371715, +17 cols
    [CG]   [DIAG] iter=2 posCols=17 newCols=17 effImprove=17 updated=0
    [CG] CG iter 4: obj=169577913.717277, maxRC=4143805.047541, +5 cols
    [CG]   [DIAG] iter=4 posCols=5 newCols=5 effImprove=5 updated=0
    [CG] CG iter 2: obj=160624950.971207, maxRC=10624157.664208, +17 cols
    [CG]   [DIAG] iter=2 posCols=17 newCols=17 effImprove=17 updated=0
    [CG] 列生成收敛，共 5 轮迭代
    [CG] [CG-NODE] depth=0 exit=CERTIFIED certified=1 feasible=1 iters=5 generatedColsBeforeNode=0 newCols=57 posCandidates=57 duplicateCandidates=0 updatedCols=0 zeroObjImproveIters=0 objFirst=143118392.614550 objLast=173796309.805147 objGain=30677917.190597 maxRC=59519752.128890 wallSec=0.014621 pricingSec=0.010113 cplexSolveSec=0.002282
      [BB] 根节点即为整数解，obj=173796309.805147
    [CG] CG iter 3: obj=167012595.830044, maxRC=6255295.270771, +12 cols
    [CG]   [DIAG] iter=3 posCols=12 newCols=12 effImprove=12 updated=0
    [CG] CG iter 3: obj=167018842.175409, maxRC=6255212.999041, +12 cols
    [CG]   [DIAG] iter=3 posCols=12 newCols=12 effImprove=12 updated=0
    [CG] CG iter 4: obj=169711024.022491, maxRC=4143805.047541, +5 cols
    [CG]   [DIAG] iter=4 posCols=5 newCols=5 effImprove=5 updated=0
    [CG] 列生成开始，初始列数=128
    [CG] 列生成开始，初始列数=128
    [CG] CG iter 4: obj=169717417.078846, maxRC=4143618.771769, +5 cols
    [CG]   [DIAG] iter=4 posCols=5 newCols=5 effImprove=5 updated=0
    [CG] 列生成收敛，共 5 轮迭代
    [CG] [CG-NODE] depth=0 exit=CERTIFIED certified=1 feasible=1 iters=5 generatedColsBeforeNode=0 newCols=57 posCandidates=57 duplicateCandidates=0 updatedCols=0 zeroObjImproveIters=0 objFirst=143251508.964695 objLast=173929420.110361 objGain=30677911.145666 maxRC=59519752.128890 wallSec=0.017499 pricingSec=0.011865 cplexSolveSec=0.003061
    [CG] CG iter 1: obj=143083158.835200, maxRC=59513894.439822, +23 cols
    [CG]   [DIAG] iter=1 posCols=23 newCols=23 effImprove=23 updated=0
      [BB] 根节点即为整数解，obj=173929420.110361
    [CG] 列生成收敛，共 5 轮迭代
    [CG] [CG-NODE] depth=0 exit=CERTIFIED certified=1 feasible=1 iters=5 generatedColsBeforeNode=0 newCols=57 posCandidates=57 duplicateCandidates=0 updatedCols=0 zeroObjImproveIters=0 objFirst=143257991.456113 objLast=173935557.490875 objGain=30677566.034762 maxRC=59519644.562382 wallSec=0.018259 pricingSec=0.012473 cplexSolveSec=0.003198
      [BB] 根节点即为整数解，obj=173935557.490875
    [CG] CG iter 2: obj=160626217.679667, maxRC=10623470.951051, +17 cols
    [CG]   [DIAG] iter=2 posCols=17 newCols=17 effImprove=17 updated=0
    [CG] CG iter 1: obj=143117582.650485, maxRC=59519752.128890, +23 cols
    [CG]   [DIAG] iter=1 posCols=23 newCols=23 effImprove=23 updated=0
    [CG] CG iter 3: obj=167020543.119154, maxRC=6255297.236342, +12 cols
    [CG]   [DIAG] iter=3 posCols=12 newCols=12 effImprove=12 updated=0
    [CG] CG iter 2: obj=160485169.148254, maxRC=10623485.371715, +17 cols
    [CG]   [DIAG] iter=2 posCols=17 newCols=17 effImprove=17 updated=0
    [CG] CG iter 4: obj=169718967.493893, maxRC=4143810.830820, +5 cols
    [CG]   [DIAG] iter=4 posCols=5 newCols=5 effImprove=5 updated=0
    [CG] 列生成收敛，共 5 轮迭代
    [CG] [CG-NODE] depth=0 exit=CERTIFIED certified=1 feasible=1 iters=5 generatedColsBeforeNode=0 newCols=57 posCandidates=57 duplicateCandidates=0 updatedCols=0 zeroObjImproveIters=0 objFirst=143083158.835200 objLast=173937369.365043 objGain=30854210.529843 maxRC=59513894.439822 wallSec=0.007644 pricingSec=0.005131 cplexSolveSec=0.001340
    [CG] CG iter 3: obj=166879086.793422, maxRC=6255395.441064, +12 cols
      [BB] 根节点即为整数解，obj=173937369.365043
    [CG]   [DIAG] iter=3 posCols=12 newCols=12 effImprove=12 updated=0
    [CG] CG iter 1: obj=143253501.493055, maxRC=59519644.562382, +23 cols
    [CG]   [DIAG] iter=1 posCols=23 newCols=23 effImprove=23 updated=0
    [CG] CG iter 1: obj=143068553.329013, maxRC=59375676.480748, +23 cols
    [CG] CG iter 4: obj=169577111.252377, maxRC=4143541.295286, +5 cols
    [CG]   [DIAG] iter=4 posCols=5 newCols=5 effImprove=5 updated=0
    [CG]   [DIAG] iter=1 posCols=23 newCols=23 effImprove=23 updated=0
    [CG] 列生成收敛，共 5 轮迭代
    [CG] [CG-NODE] depth=0 exit=CERTIFIED certified=1 feasible=1 iters=5 generatedColsBeforeNode=0 newCols=57 posCandidates=57 duplicateCandidates=0 updatedCols=0 zeroObjImproveIters=0 objFirst=143117582.650485 objLast=173795501.796903 objGain=30677919.146418 maxRC=59519752.128890 wallSec=0.007627 pricingSec=0.005197 cplexSolveSec=0.001315
      [BB] 根节点即为整数解，obj=173795501.796903
    [CG] CG iter 2: obj=160621627.988148, maxRC=10627393.410521, +17 cols
    [CG]   [DIAG] iter=2 posCols=17 newCols=17 effImprove=17 updated=0
    [CG] CG iter 2: obj=160381230.812929, maxRC=10530331.042285, +17 cols
    [CG]   [DIAG] iter=2 posCols=17 newCols=17 effImprove=17 updated=0
    [CG] CG iter 3: obj=167013920.808460, maxRC=6254857.309405, +12 cols
    [CG]   [DIAG] iter=3 posCols=12 newCols=12 effImprove=12 updated=0
    [CG] CG iter 3: obj=166756019.703239, maxRC=6279399.991307, +11 cols
    [CG]   [DIAG] iter=3 posCols=11 newCols=11 effImprove=11 updated=0
    [CG] CG iter 4: obj=169713108.381955, maxRC=4142641.619583, +5 cols
    [CG]   [DIAG] iter=4 posCols=5 newCols=5 effImprove=5 updated=0
    [CG] CG iter 1: obj=143248463.558002, maxRC=59519752.131033, +23 cols
    [CG] 列生成收敛，共 5 轮迭代
    [CG] [CG-NODE] depth=0 exit=CERTIFIED certified=1 feasible=1 iters=5 generatedColsBeforeNode=0 newCols=57 posCandidates=57 duplicateCandidates=0 updatedCols=0 zeroObjImproveIters=0 objFirst=143253501.493055 objLast=173930285.977634 objGain=30676784.484579 maxRC=59519644.562382 wallSec=0.013947 pricingSec=0.009561 cplexSolveSec=0.002406
    [CG]   [DIAG] iter=1 posCols=23 newCols=23 effImprove=23 updated=0
    [CG] CG iter 4: obj=169414491.500400, maxRC=4169161.328685, +5 cols
    [CG]   [DIAG] iter=4 posCols=5 newCols=5 effImprove=5 updated=0
      [BB] 根节点即为整数解，obj=173930285.977634
    [CG] 列生成收敛，共 5 轮迭代
    [CG] [CG-NODE] depth=0 exit=CERTIFIED certified=1 feasible=1 iters=5 generatedColsBeforeNode=0 newCols=56 posCandidates=56 duplicateCandidates=0 updatedCols=0 zeroObjImproveIters=0 objFirst=143068553.329013 objLast=173642495.674338 objGain=30573942.345325 maxRC=59375676.480748 wallSec=0.012704 pricingSec=0.008624 cplexSolveSec=0.002287
      [BB] 根节点即为整数解，obj=173642495.674338
    [CG] CG iter 2: obj=160616640.999332, maxRC=10623485.371715, +17 cols
    [CG]   [DIAG] iter=2 posCols=17 newCols=17 effImprove=17 updated=0
    [CG] CG iter 3: obj=167010255.311586, maxRC=6256005.583343, +12 cols
    [CG]   [DIAG] iter=3 posCols=12 newCols=12 effImprove=12 updated=0
    [CG] CG iter 4: obj=169709393.816604, maxRC=4143807.622244, +5 cols
    [CG]   [DIAG] iter=4 posCols=5 newCols=5 effImprove=5 updated=0
    [CG] CG iter 1: obj=143259858.792611, maxRC=59519752.128890, +23 cols
    [CG]   [DIAG] iter=1 posCols=23 newCols=23 effImprove=23 updated=0
    [CG] 列生成收敛，共 5 轮迭代
    [CG] [CG-NODE] depth=0 exit=CERTIFIED certified=1 feasible=1 iters=5 generatedColsBeforeNode=0 newCols=57 posCandidates=57 duplicateCandidates=0 updatedCols=0 zeroObjImproveIters=0 objFirst=143248463.558002 objLast=173927788.361212 objGain=30679324.803210 maxRC=59519752.131033 wallSec=0.011786 pricingSec=0.008073 cplexSolveSec=0.002044
      [BB] 根节点即为整数解，obj=173927788.361212
    [CG] CG iter 2: obj=160626622.957500, maxRC=10623467.315918, +17 cols
    [CG]   [DIAG] iter=2 posCols=17 newCols=17 effImprove=17 updated=0
    [CG] CG iter 3: obj=167020957.320721, maxRC=6255304.502121, +12 cols
    [CG]   [DIAG] iter=3 posCols=12 newCols=12 effImprove=12 updated=0
    [CG] CG iter 4: obj=169719387.394503, maxRC=4143821.190047, +5 cols
    [CG]   [DIAG] iter=4 posCols=5 newCols=5 effImprove=5 updated=0
    [CG] 列生成收敛，共 5 轮迭代
    [CG] [CG-NODE] depth=0 exit=CERTIFIED certified=1 feasible=1 iters=5 generatedColsBeforeNode=0 newCols=57 posCandidates=57 duplicateCandidates=0 updatedCols=0 zeroObjImproveIters=0 objFirst=143259858.792611 objLast=173937785.289044 objGain=30677926.496433 maxRC=59519752.128890 wallSec=0.016500 pricingSec=0.011751 cplexSolveSec=0.002590
      [BB] 根节点即为整数解，obj=173937785.289044
[GA] 代数 6: Best=173966670.97, Avg=173867040.88, Worst=173524583.43, Valid=30/30, 耗时=0.05s (连续6代未提升)
  ├─ 求解: 30 个体 fork 并行 | CG迭代=115 加列=1311 BB分支=0
  ├─ 并行墙钟=0.0479s | 串行等效(ΣBP)=0.2840s | 加速比=5.93x
  ├─ 管理开销=-0.2361s (fork=0.0033 wait=0.0442 merge=0.0003)
  └─ CG明细: gen_logs/run_gen6_ind{0..29}.log
    [CG] 列生成开始，初始列数=128
    [CG] 列生成开始，初始列数=128
    [CG] 列生成开始，初始列数=128
    [CG] 列生成开始，初始列数=128
    [CG] 列生成开始，初始列数=128
    [CG] 列生成开始，初始列数=128
    [CG] 列生成开始，初始列数=128
    [CG] 列生成开始，初始列数=128
    [CG] CG iter 1: obj=143223194.556580, maxRC=59519417.508758, +23 cols
    [CG] CG iter 1: obj=143254041.728184, maxRC=59519752.128890, +23 cols
    [CG]   [DIAG] iter=1 posCols=23 newCols=23 effImprove=23 updated=0
    [CG]   [DIAG] iter=1 posCols=23 newCols=23 effImprove=23 updated=0
    [CG] CG iter 2: obj=160621679.864279, maxRC=10623485.371715, +17 cols
    [CG]   [DIAG] iter=2 posCols=17 newCols=17 effImprove=17 updated=0
    [CG] CG iter 1: obj=143257214.274124, maxRC=59519541.350440, +23 cols
    [CG]   [DIAG] iter=1 posCols=23 newCols=23 effImprove=23 updated=0
    [CG] CG iter 2: obj=160626626.369704, maxRC=10623481.111465, +17 cols
    [CG]   [DIAG] iter=2 posCols=17 newCols=17 effImprove=17 updated=0
    [CG] CG iter 3: obj=167015574.712749, maxRC=6255735.345056, +12 cols
    [CG]   [DIAG] iter=3 posCols=12 newCols=12 effImprove=12 updated=0
    [CG] CG iter 4: obj=169714442.979480, maxRC=4143813.840033, +5 cols
    [CG]   [DIAG] iter=4 posCols=5 newCols=5 effImprove=5 updated=0
    [CG] CG iter 2: obj=160626115.605014, maxRC=10623283.683248, +17 cols
    [CG] 列生成收敛，共 5 轮迭代
    [CG] [CG-NODE] depth=0 exit=CERTIFIED certified=1 feasible=1 iters=5 generatedColsBeforeNode=0 newCols=57 posCandidates=57 duplicateCandidates=0 updatedCols=0 zeroObjImproveIters=0 objFirst=143254041.728184 objLast=173932833.524007 objGain=30678791.795823 maxRC=59519752.128890 wallSec=0.007231 pricingSec=0.004059 cplexSolveSec=0.001260
    [CG]   [DIAG] iter=2 posCols=17 newCols=17 effImprove=17 updated=0
    [CG] CG iter 1: obj=143257871.732806, maxRC=59519541.350440, +23 cols
    [CG] CG iter 3: obj=167020946.345269, maxRC=6255296.935964, +12 cols
      [BB] 根节点即为整数解，obj=173932833.524007
    [CG]   [DIAG] iter=3 posCols=12 newCols=12 effImprove=12 updated=0
    [CG]   [DIAG] iter=1 posCols=23 newCols=23 effImprove=23 updated=0
    [CG] CG iter 4: obj=169719372.166877, maxRC=4143802.039115, +5 cols
    [CG]   [DIAG] iter=4 posCols=5 newCols=5 effImprove=5 updated=0
    [CG] CG iter 3: obj=167019926.069605, maxRC=6255457.031710, +12 cols
    [CG]   [DIAG] iter=3 posCols=12 newCols=12 effImprove=12 updated=0
    [CG] CG iter 1: obj=143258369.310363, maxRC=59518388.320511, +23 cols
    [CG] CG iter 2: obj=160625858.298963, maxRC=10623495.450393, +17 cols
    [CG] 列生成收敛，共 5 轮迭代
    [CG] [CG-NODE] depth=0 exit=CERTIFIED certified=1 feasible=1 iters=5 generatedColsBeforeNode=0 newCols=57 posCandidates=57 duplicateCandidates=0 updatedCols=0 zeroObjImproveIters=0 objFirst=143223194.556580 objLast=173937770.413750 objGain=30714575.857170 maxRC=59519417.508758 wallSec=0.009312 pricingSec=0.006071 cplexSolveSec=0.001828
    [CG]   [DIAG] iter=2 posCols=17 newCols=17 effImprove=17 updated=0
    [CG]   [DIAG] iter=1 posCols=23 newCols=23 effImprove=23 updated=0
      [BB] 根节点即为整数解，obj=173937770.413750
    [CG] CG iter 4: obj=169717883.987378, maxRC=4143520.880844, +5 cols
    [CG]   [DIAG] iter=4 posCols=5 newCols=5 effImprove=5 updated=0
    [CG] CG iter 1: obj=143230834.812689, maxRC=59518388.320511, +23 cols
    [CG] 列生成收敛，共 5 轮迭代
    [CG] [CG-NODE] depth=0 exit=CERTIFIED certified=1 feasible=1 iters=5 generatedColsBeforeNode=0 newCols=57 posCandidates=57 duplicateCandidates=0 updatedCols=0 zeroObjImproveIters=0 objFirst=143257214.274124 objLast=173936262.751992 objGain=30679048.477868 maxRC=59519541.350440 wallSec=0.009527 pricingSec=0.006314 cplexSolveSec=0.001795
    [CG] CG iter 3: obj=167020056.724941, maxRC=6255303.539599, +12 cols
    [CG]   [DIAG] iter=1 posCols=23 newCols=23 effImprove=23 updated=0
      [BB] 根节点即为整数解，obj=173936262.751992
    [CG]   [DIAG] iter=3 posCols=12 newCols=12 effImprove=12 updated=0
    [CG] CG iter 1: obj=143257830.847927, maxRC=59519494.244415, +23 cols
    [CG] 列生成开始，初始列数=128
    [CG]   [DIAG] iter=1 posCols=23 newCols=23 effImprove=23 updated=0
    [CG] CG iter 2: obj=160623770.988674, maxRC=10622427.628388, +17 cols
    [CG] CG iter 4: obj=169718535.401129, maxRC=4143815.226543, +5 cols
    [CG]   [DIAG] iter=4 posCols=5 newCols=5 effImprove=5 updated=0
    [CG]   [DIAG] iter=2 posCols=17 newCols=17 effImprove=17 updated=0
    [CG] 列生成收敛，共 5 轮迭代
    [CG] [CG-NODE] depth=0 exit=CERTIFIED certified=1 feasible=1 iters=5 generatedColsBeforeNode=0 newCols=57 posCandidates=57 duplicateCandidates=0 updatedCols=0 zeroObjImproveIters=0 objFirst=143257871.732806 objLast=173936863.214591 objGain=30678991.481785 maxRC=59519541.350440 wallSec=0.010616 pricingSec=0.006590 cplexSolveSec=0.001768
    [CG] 列生成开始，初始列数=128
      [BB] 根节点即为整数解，obj=173936863.214591
    [CG] CG iter 2: obj=160601293.008770, maxRC=10622427.628388, +17 cols
    [CG]   [DIAG] iter=2 posCols=17 newCols=17 effImprove=17 updated=0
    [CG] CG iter 3: obj=167018252.171907, maxRC=6255392.088182, +12 cols
    [CG]   [DIAG] iter=3 posCols=12 newCols=12 effImprove=12 updated=0
    [CG] CG iter 2: obj=160625770.308059, maxRC=10623459.543007, +17 cols
    [CG]   [DIAG] iter=2 posCols=17 newCols=17 effImprove=17 updated=0
    [CG] 列生成开始，初始列数=128
    [CG] CG iter 3: obj=166987178.753856, maxRC=6251850.160429, +12 cols
    [CG] CG iter 4: obj=169716777.181765, maxRC=4144417.074507, +5 cols
    [CG]   [DIAG] iter=3 posCols=12 newCols=12 effImprove=12 updated=0
    [CG]   [DIAG] iter=4 posCols=5 newCols=5 effImprove=5 updated=0
    [CG] CG iter 1: obj=143254228.441893, maxRC=59519417.508758, +23 cols
    [CG] 列生成收敛，共 5 轮迭代
    [CG] [CG-NODE] depth=0 exit=CERTIFIED certified=1 feasible=1 iters=5 generatedColsBeforeNode=0 newCols=57 posCandidates=57 duplicateCandidates=0 updatedCols=0 zeroObjImproveIters=0 objFirst=143258369.310363 objLast=173935205.767733 objGain=30676836.457370 maxRC=59518388.320511 wallSec=0.014439 pricingSec=0.009840 cplexSolveSec=0.002586
    [CG]   [DIAG] iter=1 posCols=23 newCols=23 effImprove=23 updated=0
    [CG] CG iter 3: obj=167019974.333356, maxRC=6255306.497374, +12 cols
    [CG] CG iter 4: obj=169682166.572668, maxRC=4136878.438918, +5 cols
    [CG]   [DIAG] iter=3 posCols=12 newCols=12 effImprove=12 updated=0
    [CG] 列生成开始，初始列数=128
      [BB] 根节点即为整数解，obj=173935205.767733
    [CG]   [DIAG] iter=4 posCols=5 newCols=5 effImprove=5 updated=0
    [CG] 列生成收敛，共 5 轮迭代
    [CG] [CG-NODE] depth=0 exit=CERTIFIED certified=1 feasible=1 iters=5 generatedColsBeforeNode=0 newCols=57 posCandidates=57 duplicateCandidates=0 updatedCols=0 zeroObjImproveIters=0 objFirst=143230834.812689 objLast=173903631.214139 objGain=30672796.401450 maxRC=59518388.320511 wallSec=0.014736 pricingSec=0.010068 cplexSolveSec=0.002600
      [BB] 根节点即为整数解，obj=173903631.214139
    [CG] CG iter 4: obj=169718455.967319, maxRC=4143836.169048, +5 cols
    [CG]   [DIAG] iter=4 posCols=5 newCols=5 effImprove=5 updated=0
    [CG] CG iter 2: obj=160626632.783861, maxRC=10623491.311119, +17 cols
    [CG]   [DIAG] iter=2 posCols=17 newCols=17 effImprove=17 updated=0
    [CG] 列生成收敛，共 5 轮迭代
    [CG] [CG-NODE] depth=0 exit=CERTIFIED certified=1 feasible=1 iters=5 generatedColsBeforeNode=0 newCols=57 posCandidates=57 duplicateCandidates=0 updatedCols=0 zeroObjImproveIters=0 objFirst=143257830.847927 objLast=173936785.283409 objGain=30678954.435481 maxRC=59519494.244415 wallSec=0.016381 pricingSec=0.011898 cplexSolveSec=0.002655
      [BB] 根节点即为整数解，obj=173936785.283409
    [CG] 列生成开始，初始列数=128
    [CG] CG iter 1: obj=143248160.440799, maxRC=59519752.131033, +23 cols
    [CG]   [DIAG] iter=1 posCols=23 newCols=23 effImprove=23 updated=0
    [CG] CG iter 3: obj=167020949.468313, maxRC=6255288.415848, +12 cols
    [CG]   [DIAG] iter=3 posCols=12 newCols=12 effImprove=12 updated=0
    [CG] 列生成开始，初始列数=128
    [CG] CG iter 2: obj=160616642.187016, maxRC=10623485.371715, +17 cols
    [CG]   [DIAG] iter=2 posCols=17 newCols=17 effImprove=17 updated=0
    [CG] CG iter 4: obj=169719378.279446, maxRC=4143807.534246, +5 cols
    [CG]   [DIAG] iter=4 posCols=5 newCols=5 effImprove=5 updated=0
    [CG] CG iter 3: obj=167010110.807525, maxRC=6256023.720551, +12 cols
    [CG]   [DIAG] iter=3 posCols=12 newCols=12 effImprove=12 updated=0
    [CG] 列生成收敛，共 5 轮迭代
    [CG] [CG-NODE] depth=0 exit=CERTIFIED certified=1 feasible=1 iters=5 generatedColsBeforeNode=0 newCols=57 posCandidates=57 duplicateCandidates=0 updatedCols=0 zeroObjImproveIters=0 objFirst=143254228.441893 objLast=173937772.490287 objGain=30683544.048394 maxRC=59519417.508758 wallSec=0.018713 pricingSec=0.013324 cplexSolveSec=0.003042
    [CG] CG iter 4: obj=169709103.260189, maxRC=4143744.357321, +5 cols
    [CG]   [DIAG] iter=4 posCols=5 newCols=5 effImprove=5 updated=0
      [BB] 根节点即为整数解，obj=173937772.490287
    [CG] 列生成开始，初始列数=128
    [CG] 列生成收敛，共 5 轮迭代
    [CG] [CG-NODE] depth=0 exit=CERTIFIED certified=1 feasible=1 iters=5 generatedColsBeforeNode=0 newCols=57 posCandidates=57 duplicateCandidates=0 updatedCols=0 zeroObjImproveIters=0 objFirst=143248160.440799 objLast=173927492.681256 objGain=30679332.240457 maxRC=59519752.131033 wallSec=0.009109 pricingSec=0.006161 cplexSolveSec=0.001529
      [BB] 根节点即为整数解，obj=173927492.681256
    [CG] CG iter 1: obj=143195660.593967, maxRC=59519779.144467, +23 cols
    [CG]   [DIAG] iter=1 posCols=23 newCols=23 effImprove=23 updated=0
    [CG] 列生成开始，初始列数=128
    [CG] 列生成开始，初始列数=128
    [CG] CG iter 2: obj=160574197.818119, maxRC=10623606.030081, +17 cols
    [CG]   [DIAG] iter=2 posCols=17 newCols=17 effImprove=17 updated=0
    [CG] CG iter 1: obj=143258725.183890, maxRC=59519752.128890, +23 cols
    [CG]   [DIAG] iter=1 posCols=23 newCols=23 effImprove=23 updated=0
    [CG] CG iter 3: obj=166948407.937815, maxRC=6246986.459665, +12 cols
    [CG]   [DIAG] iter=3 posCols=12 newCols=12 effImprove=12 updated=0
    [CG] CG iter 2: obj=160625792.265492, maxRC=10624321.363769, +17 cols
    [CG]   [DIAG] iter=2 posCols=17 newCols=17 effImprove=17 updated=0
    [CG] CG iter 1: obj=143144722.885259, maxRC=59513894.439822, +23 cols
    [CG] CG iter 4: obj=169638565.143911, maxRC=4126175.841126, +5 cols
    [CG]   [DIAG] iter=4 posCols=5 newCols=5 effImprove=5 updated=0
    [CG]   [DIAG] iter=1 posCols=23 newCols=23 effImprove=23 updated=0
    [CG] CG iter 3: obj=167019711.536221, maxRC=6255186.390095, +12 cols
    [CG]   [DIAG] iter=3 posCols=12 newCols=12 effImprove=12 updated=0
    [CG] 列生成收敛，共 5 轮迭代
    [CG] [CG-NODE] depth=0 exit=CERTIFIED certified=1 feasible=1 iters=5 generatedColsBeforeNode=0 newCols=57 posCandidates=57 duplicateCandidates=0 updatedCols=0 zeroObjImproveIters=0 objFirst=143195660.593967 objLast=173864063.804393 objGain=30668403.210426 maxRC=59519779.144467 wallSec=0.016255 pricingSec=0.011044 cplexSolveSec=0.002864
    [CG] CG iter 1: obj=143122473.680729, maxRC=59519644.562382, +23 cols
    [CG] CG iter 1: obj=143178390.927058, maxRC=59519752.131033, +23 cols
      [BB] 根节点即为整数解，obj=173864063.804393
    [CG]   [DIAG] iter=1 posCols=23 newCols=23 effImprove=23 updated=0
    [CG] CG iter 4: obj=169718259.830713, maxRC=4143584.857312, +5 cols
    [CG]   [DIAG] iter=4 posCols=5 newCols=5 effImprove=5 updated=0
    [CG]   [DIAG] iter=1 posCols=23 newCols=23 effImprove=23 updated=0
    [CG] 列生成收敛，共 5 轮迭代
    [CG] [CG-NODE] depth=0 exit=CERTIFIED certified=1 feasible=1 iters=5 generatedColsBeforeNode=0 newCols=57 posCandidates=57 duplicateCandidates=0 updatedCols=0 zeroObjImproveIters=0 objFirst=143258725.183890 objLast=173936421.392518 objGain=30677696.208628 maxRC=59519752.128890 wallSec=0.010408 pricingSec=0.007060 cplexSolveSec=0.001852
      [BB] 根节点即为整数解，obj=173936421.392518
    [CG] CG iter 2: obj=160610618.034356, maxRC=10623479.978949, +17 cols
    [CG]   [DIAG] iter=2 posCols=17 newCols=17 effImprove=17 updated=0
    [CG] CG iter 2: obj=160513451.290103, maxRC=10623303.616357, +17 cols
    [CG]   [DIAG] iter=2 posCols=17 newCols=17 effImprove=17 updated=0
    [CG] CG iter 2: obj=160624699.230478, maxRC=10623485.371715, +17 cols
    [CG]   [DIAG] iter=2 posCols=17 newCols=17 effImprove=17 updated=0
    [CG] CG iter 3: obj=166869805.454110, maxRC=6241699.989374, +12 cols
    [CG] 列生成开始，初始列数=128
    [CG]   [DIAG] iter=3 posCols=12 newCols=12 effImprove=12 updated=0
    [CG] CG iter 3: obj=167004270.008010, maxRC=6255967.600709, +12 cols
    [CG]   [DIAG] iter=3 posCols=12 newCols=12 effImprove=12 updated=0
    [CG] CG iter 1: obj=143254226.147561, maxRC=59519417.508758, +23 cols
    [CG]   [DIAG] iter=1 posCols=23 newCols=23 effImprove=23 updated=0
    [CG] CG iter 4: obj=169554631.015145, maxRC=4111817.363656, +5 cols
    [CG]   [DIAG] iter=4 posCols=5 newCols=5 effImprove=5 updated=0
    [CG] CG iter 3: obj=167019020.098953, maxRC=6255294.785304, +12 cols
    [CG]   [DIAG] iter=3 posCols=12 newCols=12 effImprove=12 updated=0
    [CG] CG iter 1: obj=143162703.483867, maxRC=59513742.010795, +23 cols
    [CG] CG iter 4: obj=169703373.158832, maxRC=4143815.153697, +5 cols
    [CG]   [DIAG] iter=4 posCols=5 newCols=5 effImprove=5 updated=0
    [CG]   [DIAG] iter=1 posCols=23 newCols=23 effImprove=23 updated=0
    [CG] 列生成收敛，共 5 轮迭代
    [CG] [CG-NODE] depth=0 exit=CERTIFIED certified=1 feasible=1 iters=5 generatedColsBeforeNode=0 newCols=57 posCandidates=57 duplicateCandidates=0 updatedCols=0 zeroObjImproveIters=0 objFirst=143122473.680729 objLast=173786161.764805 objGain=30663688.084076 maxRC=59519644.562382 wallSec=0.012005 pricingSec=0.008284 cplexSolveSec=0.002007
      [BB] 根节点即为整数解，obj=173786161.764805
    [CG] 列生成收敛，共 5 轮迭代
    [CG] [CG-NODE] depth=0 exit=CERTIFIED certified=1 feasible=1 iters=5 generatedColsBeforeNode=0 newCols=57 posCandidates=57 duplicateCandidates=0 updatedCols=0 zeroObjImproveIters=0 objFirst=143144722.885259 objLast=173921769.811712 objGain=30777046.926453 maxRC=59513894.439822 wallSec=0.017455 pricingSec=0.012200 cplexSolveSec=0.002814
    [CG] CG iter 4: obj=169717447.805933, maxRC=4143805.047541, +5 cols
    [CG] 列生成开始，初始列数=128
    [CG]   [DIAG] iter=4 posCols=5 newCols=5 effImprove=5 updated=0
      [BB] 根节点即为整数解，obj=173921769.811712
    [CG] CG iter 2: obj=160626624.444598, maxRC=10623491.311119, +17 cols
    [CG]   [DIAG] iter=2 posCols=17 newCols=17 effImprove=17 updated=0
    [CG] 列生成收敛，共 5 轮迭代
    [CG] [CG-NODE] depth=0 exit=CERTIFIED certified=1 feasible=1 iters=5 generatedColsBeforeNode=0 newCols=57 posCandidates=57 duplicateCandidates=0 updatedCols=0 zeroObjImproveIters=0 objFirst=143178390.927058 objLast=173935843.893804 objGain=30757452.966745 maxRC=59519752.131033 wallSec=0.016897 pricingSec=0.011734 cplexSolveSec=0.002786
    [CG] CG iter 2: obj=160626060.604278, maxRC=10623269.135424, +17 cols
      [BB] 根节点即为整数解，obj=173935843.893804
    [CG]   [DIAG] iter=2 posCols=17 newCols=17 effImprove=17 updated=0
    [CG] CG iter 1: obj=143117551.209178, maxRC=59519752.128890, +23 cols
    [CG]   [DIAG] iter=1 posCols=23 newCols=23 effImprove=23 updated=0
    [CG] CG iter 3: obj=167020941.129050, maxRC=6255288.415848, +12 cols
    [CG]   [DIAG] iter=3 posCols=12 newCols=12 effImprove=12 updated=0
    [CG] CG iter 3: obj=167020372.091765, maxRC=6255333.996913, +12 cols
    [CG]   [DIAG] iter=3 posCols=12 newCols=12 effImprove=12 updated=0
    [CG] 列生成开始，初始列数=128
    [CG] CG iter 4: obj=169719369.940183, maxRC=4143807.534246, +5 cols
    [CG]   [DIAG] iter=4 posCols=5 newCols=5 effImprove=5 updated=0
    [CG] CG iter 4: obj=169718831.660339, maxRC=4143875.001295, +5 cols
    [CG]   [DIAG] iter=4 posCols=5 newCols=5 effImprove=5 updated=0
    [CG] 列生成开始，初始列数=128
    [CG] 列生成开始，初始列数=128
    [CG] CG iter 2: obj=160485143.336142, maxRC=10623485.371715, +17 cols
    [CG] 列生成收敛，共 5 轮迭代
    [CG] [CG-NODE] depth=0 exit=CERTIFIED certified=1 feasible=1 iters=5 generatedColsBeforeNode=0 newCols=57 posCandidates=57 duplicateCandidates=0 updatedCols=0 zeroObjImproveIters=0 objFirst=143162703.483867 objLast=173937209.750814 objGain=30774506.266947 maxRC=59513742.010795 wallSec=0.011131 pricingSec=0.007530 cplexSolveSec=0.002003
    [CG]   [DIAG] iter=2 posCols=17 newCols=17 effImprove=17 updated=0
    [CG] 列生成收敛，共 5 轮迭代
    [CG] [CG-NODE] depth=0 exit=CERTIFIED certified=1 feasible=1 iters=5 generatedColsBeforeNode=0 newCols=57 posCandidates=57 duplicateCandidates=0 updatedCols=0 zeroObjImproveIters=0 objFirst=143254226.147561 objLast=173937764.151024 objGain=30683538.003463 maxRC=59519417.508758 wallSec=0.011395 pricingSec=0.007718 cplexSolveSec=0.002104
      [BB] 根节点即为整数解，obj=173937209.750814
      [BB] 根节点即为整数解，obj=173937764.151024
    [CG] CG iter 1: obj=143046299.021819, maxRC=59513694.256225, +23 cols
    [CG]   [DIAG] iter=1 posCols=23 newCols=23 effImprove=23 updated=0
    [CG] CG iter 3: obj=166879062.996368, maxRC=6255403.085317, +12 cols
    [CG]   [DIAG] iter=3 posCols=12 newCols=12 effImprove=12 updated=0
    [CG] CG iter 2: obj=160532377.455351, maxRC=10624157.664208, +17 cols
    [CG]   [DIAG] iter=2 posCols=17 newCols=17 effImprove=17 updated=0
    [CG] CG iter 4: obj=169577095.099575, maxRC=4143546.829696, +5 cols
    [CG] 列生成开始，初始列数=128
    [CG]   [DIAG] iter=4 posCols=5 newCols=5 effImprove=5 updated=0
    [CG] 列生成开始，初始列数=128
    [CG] CG iter 3: obj=166890054.951966, maxRC=6239843.452249, +12 cols
    [CG]   [DIAG] iter=3 posCols=12 newCols=12 effImprove=12 updated=0
    [CG] 列生成收敛，共 5 轮迭代
    [CG] [CG-NODE] depth=0 exit=CERTIFIED certified=1 feasible=1 iters=5 generatedColsBeforeNode=0 newCols=57 posCandidates=57 duplicateCandidates=0 updatedCols=0 zeroObjImproveIters=0 objFirst=143117551.209178 objLast=173795479.595042 objGain=30677928.385864 maxRC=59519752.128890 wallSec=0.017455 pricingSec=0.012000 cplexSolveSec=0.003018
    [CG] CG iter 4: obj=169573260.308612, maxRC=4111581.030921, +5 cols
    [CG]   [DIAG] iter=4 posCols=5 newCols=5 effImprove=5 updated=0
      [BB] 根节点即为整数解，obj=173795479.595042
    [CG] CG iter 1: obj=143157922.284285, maxRC=59519417.508758, +23 cols
    [CG] 列生成收敛，共 5 轮迭代
    [CG] [CG-NODE] depth=0 exit=CERTIFIED certified=1 feasible=1 iters=5 generatedColsBeforeNode=0 newCols=57 posCandidates=57 duplicateCandidates=0 updatedCols=0 zeroObjImproveIters=0 objFirst=143046299.021819 objLast=173804554.725536 objGain=30758255.703717 maxRC=59513694.256225 wallSec=0.009300 pricingSec=0.006265 cplexSolveSec=0.001648
    [CG]   [DIAG] iter=1 posCols=23 newCols=23 effImprove=23 updated=0
      [BB] 根节点即为整数解，obj=173804554.725536
    [CG] CG iter 2: obj=160554368.963711, maxRC=10707089.410612, +17 cols
    [CG]   [DIAG] iter=2 posCols=17 newCols=17 effImprove=17 updated=0
    [CG] CG iter 3: obj=166910646.770487, maxRC=6243772.390631, +12 cols
    [CG]   [DIAG] iter=3 posCols=12 newCols=12 effImprove=12 updated=0
    [CG] CG iter 1: obj=143258386.583268, maxRC=59519644.562382, +23 cols
    [CG]   [DIAG] iter=1 posCols=23 newCols=23 effImprove=23 updated=0
    [CG] CG iter 4: obj=169623066.076906, maxRC=4118284.008972, +7 cols
    [CG]   [DIAG] iter=4 posCols=7 newCols=7 effImprove=7 updated=0
    [CG] 列生成开始，初始列数=128
    [CG] 列生成收敛，共 5 轮迭代
    [CG] [CG-NODE] depth=0 exit=CERTIFIED certified=1 feasible=1 iters=5 generatedColsBeforeNode=0 newCols=59 posCandidates=59 duplicateCandidates=0 updatedCols=0 zeroObjImproveIters=0 objFirst=143157922.284285 objLast=173815946.293635 objGain=30658024.009350 maxRC=59519417.508758 wallSec=0.007236 pricingSec=0.004819 cplexSolveSec=0.001294
      [BB] 根节点即为整数解，obj=173815946.293635
    [CG] CG iter 2: obj=160625345.409155, maxRC=10624157.664208, +17 cols
    [CG]   [DIAG] iter=2 posCols=17 newCols=17 effImprove=17 updated=0
    [CG] CG iter 3: obj=167019236.957961, maxRC=6255205.870036, +12 cols
    [CG]   [DIAG] iter=3 posCols=12 newCols=12 effImprove=12 updated=0
    [CG] CG iter 1: obj=143257592.479842, maxRC=59519752.128890, +23 cols
    [CG]   [DIAG] iter=1 posCols=23 newCols=23 effImprove=23 updated=0
    [CG] CG iter 4: obj=169717812.206002, maxRC=4143628.302931, +5 cols
    [CG]   [DIAG] iter=4 posCols=5 newCols=5 effImprove=5 updated=0
    [CG] 列生成收敛，共 5 轮迭代
    [CG] [CG-NODE] depth=0 exit=CERTIFIED certified=1 feasible=1 iters=5 generatedColsBeforeNode=0 newCols=57 posCandidates=57 duplicateCandidates=0 updatedCols=0 zeroObjImproveIters=0 objFirst=143258386.583268 objLast=173935952.618030 objGain=30677566.034762 maxRC=59519644.562382 wallSec=0.010385 pricingSec=0.007000 cplexSolveSec=0.001867
      [BB] 根节点即为整数解，obj=173935952.618030
    [CG] CG iter 1: obj=143259614.570361, maxRC=59519734.703453, +23 cols
    [CG]   [DIAG] iter=1 posCols=23 newCols=23 effImprove=23 updated=0
    [CG] CG iter 2: obj=160626230.959703, maxRC=10623477.941193, +17 cols
    [CG]   [DIAG] iter=2 posCols=17 newCols=17 effImprove=17 updated=0
    [CG] CG iter 1: obj=143229798.001652, maxRC=59519541.350440, +23 cols
    [CG]   [DIAG] iter=1 posCols=23 newCols=23 effImprove=23 updated=0
    [CG] CG iter 2: obj=160626622.957500, maxRC=10623467.315918, +17 cols
    [CG]   [DIAG] iter=2 posCols=17 newCols=17 effImprove=17 updated=0
    [CG] CG iter 1: obj=143259447.922526, maxRC=59519752.128890, +23 cols
    [CG]   [DIAG] iter=1 posCols=23 newCols=23 effImprove=23 updated=0
    [CG] CG iter 3: obj=167020519.111361, maxRC=6255330.962220, +12 cols
    [CG]   [DIAG] iter=3 posCols=12 newCols=12 effImprove=12 updated=0
    [CG] CG iter 2: obj=160602920.032014, maxRC=10623283.683248, +17 cols
    [CG] CG iter 3: obj=167020957.320721, maxRC=6255304.502121, +12 cols
    [CG]   [DIAG] iter=3 posCols=12 newCols=12 effImprove=12 updated=0
    [CG]   [DIAG] iter=2 posCols=17 newCols=17 effImprove=17 updated=0
    [CG] CG iter 4: obj=169718972.664697, maxRC=4143819.171981, +5 cols
    [CG] CG iter 4: obj=169719387.394503, maxRC=4143821.190047, +5 cols
    [CG]   [DIAG] iter=4 posCols=5 newCols=5 effImprove=5 updated=0
    [CG]   [DIAG] iter=4 posCols=5 newCols=5 effImprove=5 updated=0
    [CG] CG iter 3: obj=166988353.088868, maxRC=6251668.673015, +12 cols
    [CG] CG iter 1: obj=143248207.866484, maxRC=59519734.703453, +23 cols
    [CG] CG iter 2: obj=160626219.454147, maxRC=10623485.371715, +17 cols
    [CG]   [DIAG] iter=3 posCols=12 newCols=12 effImprove=12 updated=0
    [CG] 列生成收敛，共 5 轮迭代
    [CG] [CG-NODE] depth=0 exit=CERTIFIED certified=1 feasible=1 iters=5 generatedColsBeforeNode=0 newCols=57 posCandidates=57 duplicateCandidates=0 updatedCols=0 zeroObjImproveIters=0 objFirst=143259614.570361 objLast=173937785.289044 objGain=30678170.718683 maxRC=59519734.703453 wallSec=0.011173 pricingSec=0.007467 cplexSolveSec=0.002024
    [CG]   [DIAG] iter=2 posCols=17 newCols=17 effImprove=17 updated=0
    [CG]   [DIAG] iter=1 posCols=23 newCols=23 effImprove=23 updated=0
      [BB] 根节点即为整数解，obj=173937785.289044
    [CG] 列生成收敛，共 5 轮迭代
    [CG] [CG-NODE] depth=0 exit=CERTIFIED certified=1 feasible=1 iters=5 generatedColsBeforeNode=0 newCols=57 posCandidates=57 duplicateCandidates=0 updatedCols=0 zeroObjImproveIters=0 objFirst=143257592.479842 objLast=173937368.158500 objGain=30679775.678659 maxRC=59519752.128890 wallSec=0.017440 pricingSec=0.012080 cplexSolveSec=0.002964
      [BB] 根节点即为整数解，obj=173937368.158500
    [CG] CG iter 4: obj=169683153.420929, maxRC=4136083.363665, +5 cols
    [CG]   [DIAG] iter=4 posCols=5 newCols=5 effImprove=5 updated=0
    [CG] CG iter 2: obj=160616640.999332, maxRC=10623485.371715, +17 cols
    [CG]   [DIAG] iter=2 posCols=17 newCols=17 effImprove=17 updated=0
    [CG] 列生成收敛，共 5 轮迭代
    [CG] [CG-NODE] depth=0 exit=CERTIFIED certified=1 feasible=1 iters=5 generatedColsBeforeNode=0 newCols=57 posCandidates=57 duplicateCandidates=0 updatedCols=0 zeroObjImproveIters=0 objFirst=143229798.001652 objLast=173904670.167105 objGain=30674872.165453 maxRC=59519541.350440 wallSec=0.012797 pricingSec=0.008661 cplexSolveSec=0.002263
      [BB] 根节点即为整数解，obj=173904670.167105
    [CG] CG iter 3: obj=167020547.604854, maxRC=6255302.042819, +12 cols
    [CG]   [DIAG] iter=3 posCols=12 newCols=12 effImprove=12 updated=0
    [CG] CG iter 3: obj=167010255.311586, maxRC=6256005.583343, +12 cols
    [CG]   [DIAG] iter=3 posCols=12 newCols=12 effImprove=12 updated=0
    [CG] CG iter 4: obj=169718982.569349, maxRC=4143813.840033, +5 cols
    [CG]   [DIAG] iter=4 posCols=5 newCols=5 effImprove=5 updated=0
    [CG] CG iter 4: obj=169709393.816604, maxRC=4143807.622244, +5 cols
    [CG]   [DIAG] iter=4 posCols=5 newCols=5 effImprove=5 updated=0
    [CG] 列生成收敛，共 5 轮迭代
    [CG] [CG-NODE] depth=0 exit=CERTIFIED certified=1 feasible=1 iters=5 generatedColsBeforeNode=0 newCols=57 posCandidates=57 duplicateCandidates=0 updatedCols=0 zeroObjImproveIters=0 objFirst=143248207.866484 objLast=173927788.361212 objGain=30679580.494729 maxRC=59519734.703453 wallSec=0.010936 pricingSec=0.007472 cplexSolveSec=0.001894
    [CG] 列生成收敛，共 5 轮迭代
    [CG] [CG-NODE] depth=0 exit=CERTIFIED certified=1 feasible=1 iters=5 generatedColsBeforeNode=0 newCols=57 posCandidates=57 duplicateCandidates=0 updatedCols=0 zeroObjImproveIters=0 objFirst=143259447.922526 objLast=173937373.113876 objGain=30677925.191349 maxRC=59519752.128890 wallSec=0.017666 pricingSec=0.012328 cplexSolveSec=0.002918
      [BB] 根节点即为整数解，obj=173927788.361212
      [BB] 根节点即为整数解，obj=173937373.113876
[GA] 代数 7: Best=173966670.97, Avg=173940945.27, Worst=173815047.45, Valid=30/30, 耗时=0.05s (连续7代未提升)
  ├─ 求解: 30 个体 fork 并行 | CG迭代=125 加列=1427 BB分支=0
  ├─ 并行墙钟=0.0497s | 串行等效(ΣBP)=0.3257s | 加速比=6.55x
  ├─ 管理开销=-0.2760s (fork=0.0038 wait=0.0455 merge=0.0003)
  └─ CG明细: gen_logs/run_gen7_ind{0..29}.log
    [CG] 列生成开始，初始列数=128
    [CG] 列生成开始，初始列数=128
    [CG] 列生成开始，初始列数=128
    [CG] 列生成开始，初始列数=128
    [CG] 列生成开始，初始列数=128
    [CG] 列生成开始，初始列数=128
    [CG] 列生成开始，初始列数=128
    [CG] 列生成开始，初始列数=128
    [CG] CG iter 1: obj=143243416.816682, maxRC=59506372.495207, +23 cols
    [CG]   [DIAG] iter=1 posCols=23 newCols=23 effImprove=23 updated=0
    [CG] CG iter 1: obj=143244751.371635, maxRC=59519417.508758, +23 cols
    [CG] CG iter 1: obj=143239494.995516, maxRC=59519200.094862, +23 cols
    [CG] CG iter 2: obj=160598271.244600, maxRC=10618549.784857, +17 cols
    [CG]   [DIAG] iter=1 posCols=23 newCols=23 effImprove=23 updated=0
    [CG]   [DIAG] iter=1 posCols=23 newCols=23 effImprove=23 updated=0
    [CG]   [DIAG] iter=2 posCols=17 newCols=17 effImprove=17 updated=0
    [CG] CG iter 1: obj=143254479.277957, maxRC=59519599.699864, +23 cols
    [CG]   [DIAG] iter=1 posCols=23 newCols=23 effImprove=23 updated=0
    [CG] CG iter 2: obj=160618571.736320, maxRC=10623491.311119, +17 cols
    [CG] CG iter 3: obj=166992778.285668, maxRC=6255381.253908, +12 cols
    [CG]   [DIAG] iter=2 posCols=17 newCols=17 effImprove=17 updated=0
    [CG]   [DIAG] iter=3 posCols=12 newCols=12 effImprove=12 updated=0
    [CG] CG iter 2: obj=160616640.999332, maxRC=10623485.371715, +17 cols
    [CG]   [DIAG] iter=2 posCols=17 newCols=17 effImprove=17 updated=0
    [CG] CG iter 4: obj=169692489.803666, maxRC=4148758.874318, +5 cols
    [CG] CG iter 2: obj=160622443.186549, maxRC=10627640.843074, +17 cols
    [CG]   [DIAG] iter=4 posCols=5 newCols=5 effImprove=5 updated=0
    [CG] CG iter 3: obj=167012188.991022, maxRC=6256005.008815, +12 cols
    [CG]   [DIAG] iter=3 posCols=12 newCols=12 effImprove=12 updated=0
    [CG]   [DIAG] iter=2 posCols=17 newCols=17 effImprove=17 updated=0
    [CG] 列生成收敛，共 5 轮迭代
    [CG] [CG-NODE] depth=0 exit=CERTIFIED certified=1 feasible=1 iters=5 generatedColsBeforeNode=0 newCols=57 posCandidates=57 duplicateCandidates=0 updatedCols=0 zeroObjImproveIters=0 objFirst=143243416.816682 objLast=173910473.817027 objGain=30667057.000345 maxRC=59506372.495207 wallSec=0.007760 pricingSec=0.005170 cplexSolveSec=0.001375
      [BB] 根节点即为整数解，obj=173910473.817027
    [CG] CG iter 4: obj=169711334.395120, maxRC=4143817.897227, +5 cols
    [CG] CG iter 1: obj=143172358.256958, maxRC=59512429.812824, +23 cols
    [CG]   [DIAG] iter=4 posCols=5 newCols=5 effImprove=5 updated=0
    [CG] CG iter 3: obj=167010255.311586, maxRC=6256005.583343, +12 cols
    [CG]   [DIAG] iter=1 posCols=23 newCols=23 effImprove=23 updated=0
    [CG]   [DIAG] iter=3 posCols=12 newCols=12 effImprove=12 updated=0
    [CG] 列生成收敛，共 5 轮迭代
    [CG] [CG-NODE] depth=0 exit=CERTIFIED certified=1 feasible=1 iters=5 generatedColsBeforeNode=0 newCols=57 posCandidates=57 duplicateCandidates=0 updatedCols=0 zeroObjImproveIters=0 objFirst=143244751.371635 objLast=173929721.939158 objGain=30684970.567523 maxRC=59519417.508758 wallSec=0.007894 pricingSec=0.005301 cplexSolveSec=0.001375
    [CG] CG iter 3: obj=167014709.273914, maxRC=6254723.915673, +12 cols
      [BB] 根节点即为整数解，obj=173929721.939158
    [CG]   [DIAG] iter=3 posCols=12 newCols=12 effImprove=12 updated=0
    [CG] CG iter 4: obj=169709393.816604, maxRC=4143807.622244, +5 cols
    [CG]   [DIAG] iter=4 posCols=5 newCols=5 effImprove=5 updated=0
    [CG] CG iter 2: obj=160611344.242169, maxRC=10618448.508245, +17 cols
    [CG]   [DIAG] iter=2 posCols=17 newCols=17 effImprove=17 updated=0
    [CG] 列生成收敛，共 5 轮迭代
    [CG] [CG-NODE] depth=0 exit=CERTIFIED certified=1 feasible=1 iters=5 generatedColsBeforeNode=0 newCols=57 posCandidates=57 duplicateCandidates=0 updatedCols=0 zeroObjImproveIters=0 objFirst=143239494.995516 objLast=173927788.361212 objGain=30688293.365697 maxRC=59519200.094862 wallSec=0.009223 pricingSec=0.006349 cplexSolveSec=0.001472
    [CG] CG iter 4: obj=169713848.525784, maxRC=4142576.444268, +5 cols
    [CG] CG iter 1: obj=143195989.612064, maxRC=59519779.144467, +23 cols
    [CG]   [DIAG] iter=4 posCols=5 newCols=5 effImprove=5 updated=0
      [BB] 根节点即为整数解，obj=173927788.361212
    [CG]   [DIAG] iter=1 posCols=23 newCols=23 effImprove=23 updated=0
    [CG] 列生成收敛，共 5 轮迭代
    [CG] [CG-NODE] depth=0 exit=CERTIFIED certified=1 feasible=1 iters=5 generatedColsBeforeNode=0 newCols=57 posCandidates=57 duplicateCandidates=0 updatedCols=0 zeroObjImproveIters=0 objFirst=143254479.277957 objLast=173930942.395067 objGain=30676463.117111 maxRC=59519599.699864 wallSec=0.010134 pricingSec=0.006668 cplexSolveSec=0.001842
    [CG] CG iter 3: obj=167006807.838013, maxRC=6255622.185919, +12 cols
    [CG]   [DIAG] iter=3 posCols=12 newCols=12 effImprove=12 updated=0
    [CG] 列生成开始，初始列数=128
      [BB] 根节点即为整数解，obj=173930942.395067
    [CG] CG iter 4: obj=169705562.945607, maxRC=4147153.138735, +5 cols
    [CG]   [DIAG] iter=4 posCols=5 newCols=5 effImprove=5 updated=0
    [CG] 列生成收敛，共 5 轮迭代
    [CG] [CG-NODE] depth=0 exit=CERTIFIED certified=1 feasible=1 iters=5 generatedColsBeforeNode=0 newCols=57 posCandidates=57 duplicateCandidates=0 updatedCols=0 zeroObjImproveIters=0 objFirst=143172358.256958 objLast=173924356.480344 objGain=30751998.223386 maxRC=59512429.812824 wallSec=0.010473 pricingSec=0.007167 cplexSolveSec=0.001733
    [CG] CG iter 2: obj=160574466.359303, maxRC=10623606.030081, +17 cols
      [BB] 根节点即为整数解，obj=173924356.480344
    [CG]   [DIAG] iter=2 posCols=17 newCols=17 effImprove=17 updated=0
    [CG] 列生成开始，初始列数=128
    [CG] 列生成开始，初始列数=128
    [CG] CG iter 3: obj=166948782.277277, maxRC=6247031.781030, +12 cols
    [CG]   [DIAG] iter=3 posCols=12 newCols=12 effImprove=12 updated=0
    [CG] CG iter 1: obj=143253510.765478, maxRC=59519644.562382, +23 cols
    [CG] 列生成开始，初始列数=128
    [CG]   [DIAG] iter=1 posCols=23 newCols=23 effImprove=23 updated=0
    [CG] CG iter 4: obj=169638984.804737, maxRC=4126269.671015, +5 cols
    [CG]   [DIAG] iter=4 posCols=5 newCols=5 effImprove=5 updated=0
    [CG] CG iter 1: obj=143235589.906933, maxRC=59519541.350440, +23 cols
    [CG]   [DIAG] iter=1 posCols=23 newCols=23 effImprove=23 updated=0
    [CG] 列生成开始，初始列数=128
    [CG] 列生成收敛，共 5 轮迭代
    [CG] [CG-NODE] depth=0 exit=CERTIFIED certified=1 feasible=1 iters=5 generatedColsBeforeNode=0 newCols=57 posCandidates=57 duplicateCandidates=0 updatedCols=0 zeroObjImproveIters=0 objFirst=143195989.612064 objLast=173864444.707456 objGain=30668455.095392 maxRC=59519779.144467 wallSec=0.014077 pricingSec=0.009561 cplexSolveSec=0.002501
      [BB] 根节点即为整数解，obj=173864444.707456
    [CG] CG iter 2: obj=160621627.988148, maxRC=10627393.410521, +17 cols
    [CG]   [DIAG] iter=2 posCols=17 newCols=17 effImprove=17 updated=0
    [CG] CG iter 2: obj=160625865.262708, maxRC=10623495.450393, +17 cols
    [CG]   [DIAG] iter=2 posCols=17 newCols=17 effImprove=17 updated=0
    [CG] 列生成开始，初始列数=128
    [CG] CG iter 1: obj=143257496.746748, maxRC=59519752.131033, +23 cols
    [CG]   [DIAG] iter=1 posCols=23 newCols=23 effImprove=23 updated=0
    [CG] CG iter 3: obj=167013920.808460, maxRC=6254857.309405, +12 cols
    [CG]   [DIAG] iter=3 posCols=12 newCols=12 effImprove=12 updated=0
    [CG] CG iter 3: obj=167008919.293876, maxRC=6259807.280615, +12 cols
    [CG]   [DIAG] iter=3 posCols=12 newCols=12 effImprove=12 updated=0
    [CG] CG iter 4: obj=169713108.381955, maxRC=4142641.619583, +5 cols
    [CG]   [DIAG] iter=4 posCols=5 newCols=5 effImprove=5 updated=0
    [CG] CG iter 2: obj=160624562.470248, maxRC=10623485.371715, +17 cols
    [CG]   [DIAG] iter=2 posCols=17 newCols=17 effImprove=17 updated=0
    [CG] CG iter 4: obj=169696253.575255, maxRC=4133819.440978, +5 cols
    [CG]   [DIAG] iter=4 posCols=5 newCols=5 effImprove=5 updated=0
    [CG] 列生成收敛，共 5 轮迭代
    [CG] [CG-NODE] depth=0 exit=CERTIFIED certified=1 feasible=1 iters=5 generatedColsBeforeNode=0 newCols=57 posCandidates=57 duplicateCandidates=0 updatedCols=0 zeroObjImproveIters=0 objFirst=143253510.765478 objLast=173930285.977634 objGain=30676775.212156 maxRC=59519644.562382 wallSec=0.018227 pricingSec=0.012549 cplexSolveSec=0.003003
      [BB] 根节点即为整数解，obj=173930285.977634
    [CG] CG iter 3: obj=167018730.520508, maxRC=6255307.127585, +12 cols
    [CG] 列生成收敛，共 5 轮迭代
    [CG] [CG-NODE] depth=0 exit=CERTIFIED certified=1 feasible=1 iters=5 generatedColsBeforeNode=0 newCols=57 posCandidates=57 duplicateCandidates=0 updatedCols=0 zeroObjImproveIters=0 objFirst=143235589.906933 objLast=173914581.388717 objGain=30678991.481785 maxRC=59519541.350440 wallSec=0.018090 pricingSec=0.012468 cplexSolveSec=0.003010
    [CG]   [DIAG] iter=3 posCols=12 newCols=12 effImprove=12 updated=0
      [BB] 根节点即为整数解，obj=173914581.388717
    [CG] CG iter 4: obj=169717006.380206, maxRC=4143733.994340, +5 cols
    [CG]   [DIAG] iter=4 posCols=5 newCols=5 effImprove=5 updated=0
    [CG] 列生成收敛，共 5 轮迭代
    [CG] [CG-NODE] depth=0 exit=CERTIFIED certified=1 feasible=1 iters=5 generatedColsBeforeNode=0 newCols=57 posCandidates=57 duplicateCandidates=0 updatedCols=0 zeroObjImproveIters=0 objFirst=143257496.746748 objLast=173935402.468076 objGain=30677905.721329 maxRC=59519752.131033 wallSec=0.010809 pricingSec=0.007312 cplexSolveSec=0.001892
      [BB] 根节点即为整数解，obj=173935402.468076
    [CG] 列生成开始，初始列数=128
    [CG] 列生成开始，初始列数=128
    [CG] CG iter 1: obj=143251602.142164, maxRC=59519734.703453, +23 cols
    [CG]   [DIAG] iter=1 posCols=23 newCols=23 effImprove=23 updated=0
    [CG] CG iter 1: obj=143162362.861044, maxRC=59513786.873314, +23 cols
    [CG]   [DIAG] iter=1 posCols=23 newCols=23 effImprove=23 updated=0
    [CG] CG iter 1: obj=143248011.046510, maxRC=59507480.746360, +23 cols
    [CG]   [DIAG] iter=1 posCols=23 newCols=23 effImprove=23 updated=0
    [CG] 列生成开始，初始列数=128
    [CG] CG iter 2: obj=160625758.882071, maxRC=10623307.251490, +17 cols
    [CG]   [DIAG] iter=2 posCols=17 newCols=17 effImprove=17 updated=0
    [CG] CG iter 2: obj=160604851.773320, maxRC=10615234.149935, +17 cols
    [CG]   [DIAG] iter=2 posCols=17 newCols=17 effImprove=17 updated=0
    [CG] CG iter 1: obj=143229798.651001, maxRC=59519541.350440, +23 cols
    [CG] CG iter 2: obj=160619526.328116, maxRC=10623479.978949, +17 cols
    [CG] CG iter 3: obj=167020064.022731, maxRC=6255330.617336, +12 cols
    [CG] CG iter 3: obj=167000667.773295, maxRC=6255936.345646, +12 cols
    [CG]   [DIAG] iter=3 posCols=12 newCols=12 effImprove=12 updated=0
    [CG]   [DIAG] iter=3 posCols=12 newCols=12 effImprove=12 updated=0
    [CG]   [DIAG] iter=2 posCols=17 newCols=17 effImprove=17 updated=0
    [CG]   [DIAG] iter=1 posCols=23 newCols=23 effImprove=23 updated=0
    [CG] CG iter 4: obj=169699105.005003, maxRC=4149077.519980, +5 cols
    [CG]   [DIAG] iter=4 posCols=5 newCols=5 effImprove=5 updated=0
    [CG] CG iter 4: obj=169718521.778464, maxRC=4143853.537768, +5 cols
    [CG]   [DIAG] iter=4 posCols=5 newCols=5 effImprove=5 updated=0
    [CG] 列生成收敛，共 5 轮迭代
    [CG] [CG-NODE] depth=0 exit=CERTIFIED certified=1 feasible=1 iters=5 generatedColsBeforeNode=0 newCols=57 posCandidates=57 duplicateCandidates=0 updatedCols=0 zeroObjImproveIters=0 objFirst=143248011.046510 objLast=173918212.623092 objGain=30670201.576581 maxRC=59507480.746360 wallSec=0.013327 pricingSec=0.008974 cplexSolveSec=0.002102
    [CG] 列生成收敛，共 5 轮迭代
    [CG] [CG-NODE] depth=0 exit=CERTIFIED certified=1 feasible=1 iters=5 generatedColsBeforeNode=0 newCols=57 posCandidates=57 duplicateCandidates=0 updatedCols=0 zeroObjImproveIters=0 objFirst=143162362.861044 objLast=173936896.956492 objGain=30774534.095448 maxRC=59513786.873314 wallSec=0.009018 pricingSec=0.005938 cplexSolveSec=0.001488
      [BB] 根节点即为整数解，obj=173918212.623092
      [BB] 根节点即为整数解，obj=173936896.956492
    [CG] CG iter 1: obj=143180055.306997, maxRC=59519734.703453, +23 cols
    [CG] CG iter 3: obj=167013396.775104, maxRC=6255752.134751, +12 cols
    [CG]   [DIAG] iter=3 posCols=12 newCols=12 effImprove=12 updated=0
    [CG]   [DIAG] iter=1 posCols=23 newCols=23 effImprove=23 updated=0
    [CG] CG iter 2: obj=160602920.599445, maxRC=10623286.732504, +17 cols
    [CG]   [DIAG] iter=2 posCols=17 newCols=17 effImprove=17 updated=0
    [CG] CG iter 4: obj=169712279.723259, maxRC=4143809.730516, +5 cols
    [CG]   [DIAG] iter=4 posCols=5 newCols=5 effImprove=5 updated=0
    [CG] 列生成开始，初始列数=128
    [CG] CG iter 2: obj=160626618.951067, maxRC=10623467.315918, +17 cols
    [CG] 列生成收敛，共 5 轮迭代
    [CG] [CG-NODE] depth=0 exit=CERTIFIED certified=1 feasible=1 iters=5 generatedColsBeforeNode=0 newCols=57 posCandidates=57 duplicateCandidates=0 updatedCols=0 zeroObjImproveIters=0 objFirst=143251602.142164 objLast=173930676.376140 objGain=30679074.233976 maxRC=59519734.703453 wallSec=0.016943 pricingSec=0.011215 cplexSolveSec=0.002942
    [CG] 列生成开始，初始列数=128
    [CG]   [DIAG] iter=2 posCols=17 newCols=17 effImprove=17 updated=0
    [CG] CG iter 1: obj=143196009.619214, maxRC=59519734.703453, +23 cols
      [BB] 根节点即为整数解，obj=173930676.376140
    [CG]   [DIAG] iter=1 posCols=23 newCols=23 effImprove=23 updated=0
    [CG] CG iter 3: obj=166988352.764994, maxRC=6251668.260014, +12 cols
    [CG]   [DIAG] iter=3 posCols=12 newCols=12 effImprove=12 updated=0
    [CG] CG iter 3: obj=167020945.546589, maxRC=6255297.730073, +12 cols
    [CG]   [DIAG] iter=3 posCols=12 newCols=12 effImprove=12 updated=0
    [CG] CG iter 4: obj=169683154.070277, maxRC=4136081.977441, +5 cols
    [CG]   [DIAG] iter=4 posCols=5 newCols=5 effImprove=5 updated=0
    [CG] 列生成开始，初始列数=128
    [CG] CG iter 1: obj=143165292.483379, maxRC=59519734.703453, +23 cols
    [CG] CG iter 2: obj=160574935.343824, maxRC=10652394.741992, +17 cols
    [CG] CG iter 4: obj=169719368.848323, maxRC=4143812.397555, +5 cols
    [CG]   [DIAG] iter=4 posCols=5 newCols=5 effImprove=5 updated=0
    [CG]   [DIAG] iter=2 posCols=17 newCols=17 effImprove=17 updated=0
    [CG]   [DIAG] iter=1 posCols=23 newCols=23 effImprove=23 updated=0
    [CG] 列生成收敛，共 5 轮迭代
    [CG] [CG-NODE] depth=0 exit=CERTIFIED certified=1 feasible=1 iters=5 generatedColsBeforeNode=0 newCols=57 posCandidates=57 duplicateCandidates=0 updatedCols=0 zeroObjImproveIters=0 objFirst=143180055.306997 objLast=173937772.286209 objGain=30757716.979211 maxRC=59519734.703453 wallSec=0.017565 pricingSec=0.012257 cplexSolveSec=0.002795
    [CG] 列生成收敛，共 5 轮迭代
    [CG] [CG-NODE] depth=0 exit=CERTIFIED certified=1 feasible=1 iters=5 generatedColsBeforeNode=0 newCols=57 posCandidates=57 duplicateCandidates=0 updatedCols=0 zeroObjImproveIters=0 objFirst=143229798.651001 objLast=173904669.430230 objGain=30674870.779229 maxRC=59519541.350440 wallSec=0.020165 pricingSec=0.013442 cplexSolveSec=0.003387
      [BB] 根节点即为整数解，obj=173937772.286209
      [BB] 根节点即为整数解，obj=173904669.430230
    [CG] CG iter 2: obj=160546448.195298, maxRC=10623467.315918, +17 cols
    [CG] CG iter 3: obj=166954304.717767, maxRC=6253054.629283, +12 cols
    [CG]   [DIAG] iter=2 posCols=17 newCols=17 effImprove=17 updated=0
    [CG]   [DIAG] iter=3 posCols=12 newCols=12 effImprove=12 updated=0
    [CG] CG iter 4: obj=169659254.657340, maxRC=4135051.451418, +5 cols
    [CG]   [DIAG] iter=4 posCols=5 newCols=5 effImprove=5 updated=0
    [CG] CG iter 3: obj=166933708.896128, maxRC=6262378.164511, +12 cols
    [CG]   [DIAG] iter=3 posCols=12 newCols=12 effImprove=12 updated=0
    [CG] 列生成开始，初始列数=128
    [CG] CG iter 1: obj=143259329.779281, maxRC=59519752.128890, +23 cols
    [CG] 列生成收敛，共 5 轮迭代
    [CG] [CG-NODE] depth=0 exit=CERTIFIED certified=1 feasible=1 iters=5 generatedColsBeforeNode=0 newCols=57 posCandidates=57 duplicateCandidates=0 updatedCols=0 zeroObjImproveIters=0 objFirst=143196009.619214 objLast=173868882.813252 objGain=30672873.194038 maxRC=59519734.703453 wallSec=0.012687 pricingSec=0.008398 cplexSolveSec=0.002489
    [CG] CG iter 4: obj=169639212.632301, maxRC=4143821.190047, +5 cols
    [CG]   [DIAG] iter=4 posCols=5 newCols=5 effImprove=5 updated=0
    [CG]   [DIAG] iter=1 posCols=23 newCols=23 effImprove=23 updated=0
      [BB] 根节点即为整数解，obj=173868882.813252
    [CG] CG iter 1: obj=143257656.360510, maxRC=59519752.128890, +23 cols
    [CG]   [DIAG] iter=1 posCols=23 newCols=23 effImprove=23 updated=0
    [CG] 列生成开始，初始列数=128
    [CG] 列生成收敛，共 5 轮迭代
    [CG] [CG-NODE] depth=0 exit=CERTIFIED certified=1 feasible=1 iters=5 generatedColsBeforeNode=0 newCols=57 posCandidates=57 duplicateCandidates=0 updatedCols=0 zeroObjImproveIters=0 objFirst=143165292.483379 objLast=173857610.526842 objGain=30692318.043463 maxRC=59519734.703453 wallSec=0.013810 pricingSec=0.009445 cplexSolveSec=0.002375
      [BB] 根节点即为整数解，obj=173857610.526842
    [CG] CG iter 2: obj=160626278.683316, maxRC=10623467.315918, +17 cols
    [CG]   [DIAG] iter=2 posCols=17 newCols=17 effImprove=17 updated=0
    [CG] CG iter 3: obj=167020578.447064, maxRC=6255332.526640, +12 cols
    [CG]   [DIAG] iter=3 posCols=12 newCols=12 effImprove=12 updated=0
    [CG] CG iter 1: obj=143248458.133665, maxRC=59519752.128890, +23 cols
    [CG] CG iter 2: obj=160626122.729952, maxRC=10623485.371715, +17 cols
    [CG]   [DIAG] iter=2 posCols=17 newCols=17 effImprove=17 updated=0
    [CG]   [DIAG] iter=1 posCols=23 newCols=23 effImprove=23 updated=0
    [CG] CG iter 4: obj=169719036.545365, maxRC=4143816.191436, +5 cols
    [CG]   [DIAG] iter=4 posCols=5 newCols=5 effImprove=5 updated=0
    [CG] CG iter 1: obj=143257889.174038, maxRC=59519563.220823, +23 cols
    [CG] 列生成收敛，共 5 轮迭代
    [CG] [CG-NODE] depth=0 exit=CERTIFIED certified=1 feasible=1 iters=5 generatedColsBeforeNode=0 newCols=57 posCandidates=57 duplicateCandidates=0 updatedCols=0 zeroObjImproveIters=0 objFirst=143257656.360510 objLast=173937429.058623 objGain=30679772.698114 maxRC=59519752.128890 wallSec=0.006784 pricingSec=0.004614 cplexSolveSec=0.001194
    [CG]   [DIAG] iter=1 posCols=23 newCols=23 effImprove=23 updated=0
      [BB] 根节点即为整数解，obj=173937429.058623
    [CG] CG iter 2: obj=160616640.999332, maxRC=10623485.371715, +17 cols
    [CG]   [DIAG] iter=2 posCols=17 newCols=17 effImprove=17 updated=0
    [CG] CG iter 3: obj=167020436.883657, maxRC=6255309.464867, +12 cols
    [CG]   [DIAG] iter=3 posCols=12 newCols=12 effImprove=12 updated=0
    [CG] CG iter 2: obj=160625903.655508, maxRC=10623512.334246, +17 cols
    [CG]   [DIAG] iter=2 posCols=17 newCols=17 effImprove=17 updated=0
    [CG] CG iter 3: obj=167010255.311586, maxRC=6256005.583343, +12 cols
    [CG]   [DIAG] iter=3 posCols=12 newCols=12 effImprove=12 updated=0
    [CG] CG iter 4: obj=169718879.270200, maxRC=4143808.841421, +5 cols
    [CG]   [DIAG] iter=4 posCols=5 newCols=5 effImprove=5 updated=0
    [CG] CG iter 3: obj=167020099.588221, maxRC=6255302.114658, +12 cols
    [CG]   [DIAG] iter=3 posCols=12 newCols=12 effImprove=12 updated=0
    [CG] CG iter 4: obj=169709393.816604, maxRC=4143807.622244, +5 cols
    [CG]   [DIAG] iter=4 posCols=5 newCols=5 effImprove=5 updated=0
    [CG] 列生成收敛，共 5 轮迭代
    [CG] 列生成收敛，共 5 轮迭代
    [CG] [CG-NODE] depth=0 exit=CERTIFIED certified=1 feasible=1 iters=5 generatedColsBeforeNode=0 newCols=57 posCandidates=57 duplicateCandidates=0 updatedCols=0 zeroObjImproveIters=0 objFirst=143248458.133665 objLast=173927788.361212 objGain=30679330.227548 maxRC=59519752.128890 wallSec=0.012266 pricingSec=0.008403 cplexSolveSec=0.002106
    [CG] [CG-NODE] depth=0 exit=CERTIFIED certified=1 feasible=1 iters=5 generatedColsBeforeNode=0 newCols=57 posCandidates=57 duplicateCandidates=0 updatedCols=0 zeroObjImproveIters=0 objFirst=143259329.779281 objLast=173937264.433443 objGain=30677934.654163 maxRC=59519752.128890 wallSec=0.017161 pricingSec=0.012418 cplexSolveSec=0.002786
      [BB] 根节点即为整数解，obj=173927788.361212
    [CG] CG iter 4: obj=169718576.839468, maxRC=4143805.539576, +5 cols
    [CG]   [DIAG] iter=4 posCols=5 newCols=5 effImprove=5 updated=0
      [BB] 根节点即为整数解，obj=173937264.433443
    [CG] 列生成收敛，共 5 轮迭代
    [CG] [CG-NODE] depth=0 exit=CERTIFIED certified=1 feasible=1 iters=5 generatedColsBeforeNode=0 newCols=57 posCandidates=57 duplicateCandidates=0 updatedCols=0 zeroObjImproveIters=0 objFirst=143257889.174038 objLast=173936904.019304 objGain=30679014.845266 maxRC=59519563.220823 wallSec=0.013141 pricingSec=0.009340 cplexSolveSec=0.002213
      [BB] 根节点即为整数解，obj=173936904.019304
    [CG] CG iter 1: obj=143236180.384433, maxRC=59518310.986239, +23 cols
    [CG]   [DIAG] iter=1 posCols=23 newCols=23 effImprove=23 updated=0
    [CG] CG iter 1: obj=143258321.067769, maxRC=59518388.320511, +23 cols
    [CG]   [DIAG] iter=1 posCols=23 newCols=23 effImprove=23 updated=0
    [CG] CG iter 2: obj=160626575.233887, maxRC=10623477.941193, +17 cols
    [CG]   [DIAG] iter=2 posCols=17 newCols=17 effImprove=17 updated=0
    [CG] CG iter 2: obj=160623770.988674, maxRC=10622427.628388, +17 cols
    [CG]   [DIAG] iter=2 posCols=17 newCols=17 effImprove=17 updated=0
    [CG] CG iter 3: obj=167018252.516510, maxRC=6255384.959177, +12 cols
    [CG] CG iter 3: obj=167020897.985017, maxRC=6255302.937702, +12 cols
    [CG]   [DIAG] iter=3 posCols=12 newCols=12 effImprove=12 updated=0
    [CG]   [DIAG] iter=3 posCols=12 newCols=12 effImprove=12 updated=0
    [CG] CG iter 4: obj=169716777.870971, maxRC=4144426.605670, +5 cols
    [CG]   [DIAG] iter=4 posCols=5 newCols=5 effImprove=5 updated=0
    [CG] CG iter 4: obj=169719323.513835, maxRC=4143824.170592, +5 cols
    [CG]   [DIAG] iter=4 posCols=5 newCols=5 effImprove=5 updated=0
    [CG] 列生成收敛，共 5 轮迭代
    [CG] [CG-NODE] depth=0 exit=CERTIFIED certified=1 feasible=1 iters=5 generatedColsBeforeNode=0 newCols=57 posCandidates=57 duplicateCandidates=0 updatedCols=0 zeroObjImproveIters=0 objFirst=143258321.067769 objLast=173935206.456939 objGain=30676885.389171 maxRC=59518388.320511 wallSec=0.014126 pricingSec=0.009354 cplexSolveSec=0.002579
      [BB] 根节点即为整数解，obj=173935206.456939
    [CG] 列生成收敛，共 5 轮迭代
    [CG] [CG-NODE] depth=0 exit=CERTIFIED certified=1 feasible=1 iters=5 generatedColsBeforeNode=0 newCols=57 posCandidates=57 duplicateCandidates=0 updatedCols=0 zeroObjImproveIters=0 objFirst=143236180.384433 objLast=173937724.388921 objGain=30701544.004488 maxRC=59518310.986239 wallSec=0.015280 pricingSec=0.010358 cplexSolveSec=0.002779
      [BB] 根节点即为整数解，obj=173937724.388921
[GA] 代数 8: Best=173966670.97, Avg=173952183.35, Worst=173886496.21, Valid=30/30, 耗时=0.05s (连续8代未提升)
  ├─ 求解: 30 个体 fork 并行 | CG迭代=110 加列=1254 BB分支=0
  ├─ 并行墙钟=0.0489s | 串行等效(ΣBP)=0.2940s | 加速比=6.01x
  ├─ 管理开销=-0.2451s (fork=0.0033 wait=0.0452 merge=0.0003)
  └─ CG明细: gen_logs/run_gen8_ind{0..29}.log
    [CG] 列生成开始，初始列数=128
    [CG] 列生成开始，初始列数=128
    [CG] 列生成开始，初始列数=128
    [CG] 列生成开始，初始列数=128
    [CG] 列生成开始，初始列数=128
    [CG] 列生成开始，初始列数=128
    [CG] 列生成开始，初始列数=128
    [CG] 列生成开始，初始列数=128
    [CG] CG iter 1: obj=143224821.782983, maxRC=59519541.350440, +23 cols
    [CG]   [DIAG] iter=1 posCols=23 newCols=23 effImprove=23 updated=0
    [CG] CG iter 2: obj=160599294.908508, maxRC=10627658.440154, +17 cols
    [CG]   [DIAG] iter=2 posCols=17 newCols=17 effImprove=17 updated=0
    [CG] CG iter 3: obj=166982689.441633, maxRC=6251064.950823, +12 cols
    [CG]   [DIAG] iter=3 posCols=12 newCols=12 effImprove=12 updated=0
    [CG] CG iter 4: obj=169678177.202260, maxRC=4134792.212906, +5 cols
    [CG]   [DIAG] iter=4 posCols=5 newCols=5 effImprove=5 updated=0
    [CG] 列生成收敛，共 5 轮迭代
    [CG] [CG-NODE] depth=0 exit=CERTIFIED certified=1 feasible=1 iters=5 generatedColsBeforeNode=0 newCols=57 posCandidates=57 duplicateCandidates=0 updatedCols=0 zeroObjImproveIters=0 objFirst=143224821.782983 objLast=173898402.797677 objGain=30673581.014693 maxRC=59519541.350440 wallSec=0.008427 pricingSec=0.005580 cplexSolveSec=0.001461
    [CG] CG iter 1: obj=143248331.666169, maxRC=59519766.156755, +23 cols
      [BB] 根节点即为整数解，obj=173898402.797677
    [CG]   [DIAG] iter=1 posCols=23 newCols=23 effImprove=23 updated=0
    [CG] CG iter 1: obj=142959116.170859, maxRC=59513894.439822, +23 cols
    [CG]   [DIAG] iter=1 posCols=23 newCols=23 effImprove=23 updated=0
    [CG] CG iter 1: obj=143248528.184261, maxRC=59519200.094862, +23 cols
    [CG]   [DIAG] iter=1 posCols=23 newCols=23 effImprove=23 updated=0
    [CG] CG iter 2: obj=160616523.133221, maxRC=10623491.311119, +17 cols
    [CG]   [DIAG] iter=2 posCols=17 newCols=17 effImprove=17 updated=0
    [CG] CG iter 2: obj=160606485.792485, maxRC=10192024.230339, +17 cols
    [CG]   [DIAG] iter=2 posCols=17 newCols=17 effImprove=17 updated=0
    [CG] CG iter 3: obj=170501685.743276, maxRC=3543602.302373, +12 cols
    [CG]   [DIAG] iter=3 posCols=12 newCols=12 effImprove=12 updated=0
    [CG] CG iter 3: obj=167010133.402315, maxRC=6256005.857425, +12 cols
    [CG] CG iter 2: obj=160624562.470248, maxRC=10623485.371715, +17 cols
    [CG]   [DIAG] iter=3 posCols=12 newCols=12 effImprove=12 updated=0
    [CG] 列生成开始，初始列数=128
    [CG] CG iter 1: obj=143251599.596472, maxRC=59519734.703453, +23 cols
    [CG]   [DIAG] iter=2 posCols=17 newCols=17 effImprove=17 updated=0
    [CG]   [DIAG] iter=1 posCols=23 newCols=23 effImprove=23 updated=0
    [CG] CG iter 4: obj=173843053.254052, maxRC=1229309.152150, +4 cols
    [CG]   [DIAG] iter=4 posCols=4 newCols=4 effImprove=4 updated=0
    [CG] CG iter 4: obj=169709272.181416, maxRC=4143800.577787, +5 cols
    [CG]   [DIAG] iter=4 posCols=5 newCols=5 effImprove=5 updated=0
    [CG] CG iter 5: obj=173843053.254052, maxRC=680428.317565, +3 cols
    [CG]   [DIAG] iter=5 posCols=3 newCols=3 effImprove=3 updated=0
    [CG] CG iter 3: obj=167018730.520508, maxRC=6255307.127585, +12 cols
    [CG]   [DIAG] iter=3 posCols=12 newCols=12 effImprove=12 updated=0
    [CG] CG iter 6: obj=173917640.176416, maxRC=146536.095421, +1 cols
    [CG]   [DIAG] iter=6 posCols=1 newCols=1 effImprove=1 updated=0
    [CG] 列生成收敛，共 5 轮迭代
    [CG] [CG-NODE] depth=0 exit=CERTIFIED certified=1 feasible=1 iters=5 generatedColsBeforeNode=0 newCols=57 posCandidates=57 duplicateCandidates=0 updatedCols=0 zeroObjImproveIters=0 objFirst=143248331.666169 objLast=173927664.848995 objGain=30679333.182826 maxRC=59519766.156755 wallSec=0.012996 pricingSec=0.008739 cplexSolveSec=0.002335
      [BB] 根节点即为整数解，obj=173927664.848995
    [CG] CG iter 2: obj=160619524.269477, maxRC=10623479.978949, +17 cols
    [CG] CG iter 1: obj=143248414.027294, maxRC=59519752.128890, +23 cols
    [CG] 列生成收敛，共 7 轮迭代
    [CG] [CG-NODE] depth=0 exit=CERTIFIED certified=1 feasible=1 iters=7 generatedColsBeforeNode=0 newCols=60 posCandidates=60 duplicateCandidates=0 updatedCols=0 zeroObjImproveIters=2 objFirst=142959116.170859 objLast=173917640.176416 objGain=30958524.005557 maxRC=59513894.439822 wallSec=0.013072 pricingSec=0.008528 cplexSolveSec=0.002560
    [CG]   [DIAG] iter=2 posCols=17 newCols=17 effImprove=17 updated=0
      [BB] 根节点即为整数解，obj=173917640.176416
    [CG]   [DIAG] iter=1 posCols=23 newCols=23 effImprove=23 updated=0
    [CG] CG iter 4: obj=169717006.380206, maxRC=4143733.994340, +5 cols
    [CG]   [DIAG] iter=4 posCols=5 newCols=5 effImprove=5 updated=0
    [CG] CG iter 1: obj=143253395.865806, maxRC=59518388.320511, +23 cols
    [CG] CG iter 1: obj=143227195.922033, maxRC=59476812.517059, +23 cols
    [CG]   [DIAG] iter=1 posCols=23 newCols=23 effImprove=23 updated=0
    [CG]   [DIAG] iter=1 posCols=23 newCols=23 effImprove=23 updated=0
    [CG] 列生成收敛，共 5 轮迭代
    [CG] [CG-NODE] depth=0 exit=CERTIFIED certified=1 feasible=1 iters=5 generatedColsBeforeNode=0 newCols=57 posCandidates=57 duplicateCandidates=0 updatedCols=0 zeroObjImproveIters=0 objFirst=143248528.184261 objLast=173935402.468076 objGain=30686874.283815 maxRC=59519200.094862 wallSec=0.014526 pricingSec=0.009730 cplexSolveSec=0.002621
      [BB] 根节点即为整数解，obj=173935402.468076
    [CG] CG iter 3: obj=167013392.352030, maxRC=6255750.257369, +12 cols
    [CG]   [DIAG] iter=3 posCols=12 newCols=12 effImprove=12 updated=0
    [CG] CG iter 2: obj=160616607.440696, maxRC=10623469.392767, +17 cols
    [CG] 列生成开始，初始列数=128
    [CG]   [DIAG] iter=2 posCols=17 newCols=17 effImprove=17 updated=0
    [CG] CG iter 2: obj=160620147.399396, maxRC=10626781.280241, +17 cols
    [CG] CG iter 2: obj=160551265.845399, maxRC=10595320.031276, +17 cols
    [CG]   [DIAG] iter=2 posCols=17 newCols=17 effImprove=17 updated=0
    [CG]   [DIAG] iter=2 posCols=17 newCols=17 effImprove=17 updated=0
    [CG] CG iter 4: obj=169712273.422803, maxRC=4143807.155812, +5 cols
    [CG]   [DIAG] iter=4 posCols=5 newCols=5 effImprove=5 updated=0
    [CG] 列生成开始，初始列数=128
    [CG] CG iter 3: obj=167010221.188995, maxRC=6256007.670474, +12 cols
    [CG] 列生成收敛，共 5 轮迭代
    [CG] [CG-NODE] depth=0 exit=CERTIFIED certified=1 feasible=1 iters=5 generatedColsBeforeNode=0 newCols=57 posCandidates=57 duplicateCandidates=0 updatedCols=0 zeroObjImproveIters=0 objFirst=143251599.596472 objLast=173930671.618945 objGain=30679072.022473 maxRC=59519734.703453 wallSec=0.017095 pricingSec=0.011423 cplexSolveSec=0.003113
    [CG]   [DIAG] iter=3 posCols=12 newCols=12 effImprove=12 updated=0
      [BB] 根节点即为整数解，obj=173930671.618945
    [CG] CG iter 3: obj=167012597.162719, maxRC=6254791.238293, +12 cols
    [CG] CG iter 3: obj=166952876.303576, maxRC=6256972.115981, +12 cols
    [CG]   [DIAG] iter=3 posCols=12 newCols=12 effImprove=12 updated=0
    [CG] 列生成开始，初始列数=128
    [CG]   [DIAG] iter=3 posCols=12 newCols=12 effImprove=12 updated=0
    [CG] CG iter 4: obj=169709349.710233, maxRC=4143819.693155, +5 cols
    [CG]   [DIAG] iter=4 posCols=5 newCols=5 effImprove=5 updated=0
    [CG] CG iter 4: obj=169711803.737208, maxRC=4143134.659987, +5 cols
    [CG]   [DIAG] iter=4 posCols=5 newCols=5 effImprove=5 updated=0
    [CG] CG iter 4: obj=169652988.814840, maxRC=4163682.008593, +5 cols
    [CG]   [DIAG] iter=4 posCols=5 newCols=5 effImprove=5 updated=0
    [CG] 列生成收敛，共 5 轮迭代
    [CG] [CG-NODE] depth=0 exit=CERTIFIED certified=1 feasible=1 iters=5 generatedColsBeforeNode=0 newCols=57 posCandidates=57 duplicateCandidates=0 updatedCols=0 zeroObjImproveIters=0 objFirst=143248414.027294 objLast=173927756.325752 objGain=30679342.298459 maxRC=59519752.128890 wallSec=0.019252 pricingSec=0.012970 cplexSolveSec=0.003406
      [BB] 根节点即为整数解，obj=173927756.325752
    [CG] 列生成收敛，共 5 轮迭代
    [CG] [CG-NODE] depth=0 exit=CERTIFIED certified=1 feasible=1 iters=5 generatedColsBeforeNode=0 newCols=57 posCandidates=57 duplicateCandidates=0 updatedCols=0 zeroObjImproveIters=0 objFirst=143253395.865806 objLast=173928949.908655 objGain=30675554.042849 maxRC=59518388.320511 wallSec=0.019132 pricingSec=0.012971 cplexSolveSec=0.003329
    [CG] 列生成收敛，共 5 轮迭代
    [CG] [CG-NODE] depth=0 exit=CERTIFIED certified=1 feasible=1 iters=5 generatedColsBeforeNode=0 newCols=57 posCandidates=57 duplicateCandidates=0 updatedCols=0 zeroObjImproveIters=0 objFirst=143227195.922033 objLast=173874128.346776 objGain=30646932.424743 maxRC=59476812.517059 wallSec=0.019144 pricingSec=0.012936 cplexSolveSec=0.003353
      [BB] 根节点即为整数解，obj=173928949.908655
      [BB] 根节点即为整数解，obj=173874128.346776
    [CG] 列生成开始，初始列数=128
    [CG] CG iter 1: obj=143102958.871523, maxRC=59507727.542722, +23 cols
    [CG]   [DIAG] iter=1 posCols=23 newCols=23 effImprove=23 updated=0
    [CG] 列生成开始，初始列数=128
    [CG] 列生成开始，初始列数=128
    [CG] CG iter 1: obj=143247025.297346, maxRC=59519734.703453, +23 cols
    [CG]   [DIAG] iter=1 posCols=23 newCols=23 effImprove=23 updated=0
    [CG] CG iter 2: obj=160459159.074533, maxRC=10619435.170234, +17 cols
    [CG]   [DIAG] iter=2 posCols=17 newCols=17 effImprove=17 updated=0
    [CG] 列生成开始，初始列数=128
    [CG] CG iter 2: obj=160615458.430194, maxRC=10623485.371715, +17 cols
    [CG]   [DIAG] iter=2 posCols=17 newCols=17 effImprove=17 updated=0
    [CG] CG iter 3: obj=166853431.284531, maxRC=6255332.019907, +12 cols
    [CG]   [DIAG] iter=3 posCols=12 newCols=12 effImprove=12 updated=0
    [CG] CG iter 4: obj=169553093.568528, maxRC=4148131.333024, +5 cols
    [CG]   [DIAG] iter=4 posCols=5 newCols=5 effImprove=5 updated=0
    [CG] CG iter 3: obj=167009072.742448, maxRC=6256005.583343, +12 cols
    [CG]   [DIAG] iter=3 posCols=12 newCols=12 effImprove=12 updated=0
    [CG] 列生成收敛，共 5 轮迭代
    [CG] [CG-NODE] depth=0 exit=CERTIFIED certified=1 feasible=1 iters=5 generatedColsBeforeNode=0 newCols=57 posCandidates=57 duplicateCandidates=0 updatedCols=0 zeroObjImproveIters=0 objFirst=143102958.871523 objLast=173770989.975057 objGain=30668031.103535 maxRC=59507727.542722 wallSec=0.016520 pricingSec=0.011373 cplexSolveSec=0.002734
      [BB] 根节点即为整数解，obj=173770989.975057
    [CG] CG iter 1: obj=143143244.805334, maxRC=59512530.631443, +23 cols
    [CG] CG iter 4: obj=169708211.247466, maxRC=4143807.622244, +5 cols
    [CG]   [DIAG] iter=4 posCols=5 newCols=5 effImprove=5 updated=0
    [CG]   [DIAG] iter=1 posCols=23 newCols=23 effImprove=23 updated=0
    [CG] 列生成收敛，共 5 轮迭代
    [CG] [CG-NODE] depth=0 exit=CERTIFIED certified=1 feasible=1 iters=5 generatedColsBeforeNode=0 newCols=57 posCandidates=57 duplicateCandidates=0 updatedCols=0 zeroObjImproveIters=0 objFirst=143247025.297346 objLast=173926605.792075 objGain=30679580.494729 maxRC=59519734.703453 wallSec=0.012580 pricingSec=0.008577 cplexSolveSec=0.002225
      [BB] 根节点即为整数解，obj=173926605.792075
    [CG] CG iter 2: obj=160607775.484040, maxRC=10622406.523336, +17 cols
    [CG]   [DIAG] iter=2 posCols=17 newCols=17 effImprove=17 updated=0
    [CG] 列生成开始，初始列数=128
    [CG] CG iter 3: obj=167001585.643817, maxRC=6256059.782455, +12 cols
    [CG]   [DIAG] iter=3 posCols=12 newCols=12 effImprove=12 updated=0
    [CG] CG iter 1: obj=143253124.918667, maxRC=59519417.508758, +23 cols
    [CG] CG iter 1: obj=143259808.029213, maxRC=59519752.128890, +23 cols
    [CG]   [DIAG] iter=1 posCols=23 newCols=23 effImprove=23 updated=0
    [CG]   [DIAG] iter=1 posCols=23 newCols=23 effImprove=23 updated=0
    [CG] CG iter 1: obj=143247021.716186, maxRC=59519729.256397, +23 cols
    [CG] CG iter 4: obj=169700774.348417, maxRC=4144425.016139, +5 cols
    [CG] 列生成开始，初始列数=128
    [CG]   [DIAG] iter=4 posCols=5 newCols=5 effImprove=5 updated=0
    [CG]   [DIAG] iter=1 posCols=23 newCols=23 effImprove=23 updated=0
    [CG] CG iter 1: obj=143249758.805988, maxRC=59519734.703453, +23 cols
    [CG]   [DIAG] iter=1 posCols=23 newCols=23 effImprove=23 updated=0
    [CG] 列生成收敛，共 5 轮迭代
    [CG] [CG-NODE] depth=0 exit=CERTIFIED certified=1 feasible=1 iters=5 generatedColsBeforeNode=0 newCols=57 posCandidates=57 duplicateCandidates=0 updatedCols=0 zeroObjImproveIters=0 objFirst=143143244.805334 objLast=173919215.670705 objGain=30775970.865371 maxRC=59512530.631443 wallSec=0.015209 pricingSec=0.010250 cplexSolveSec=0.002530
    [CG] CG iter 2: obj=160625818.765685, maxRC=10624327.303172, +17 cols
      [BB] 根节点即为整数解，obj=173919215.670705
    [CG]   [DIAG] iter=2 posCols=17 newCols=17 effImprove=17 updated=0
    [CG] CG iter 2: obj=160626580.068325, maxRC=10623485.371715, +17 cols
    [CG] CG iter 2: obj=160615835.320419, maxRC=10624321.363769, +17 cols
    [CG]   [DIAG] iter=2 posCols=17 newCols=17 effImprove=17 updated=0
    [CG]   [DIAG] iter=2 posCols=17 newCols=17 effImprove=17 updated=0
    [CG] CG iter 3: obj=167019726.570160, maxRC=6255172.763124, +12 cols
    [CG]   [DIAG] iter=3 posCols=12 newCols=12 effImprove=12 updated=0
    [CG] CG iter 2: obj=160618258.856787, maxRC=10623467.315918, +17 cols
    [CG]   [DIAG] iter=2 posCols=17 newCols=17 effImprove=17 updated=0
    [CG] CG iter 3: obj=167009040.752695, maxRC=6255889.930619, +12 cols
    [CG]   [DIAG] iter=3 posCols=12 newCols=12 effImprove=12 updated=0
    [CG] CG iter 3: obj=167020904.942821, maxRC=6255305.319030, +12 cols
    [CG] CG iter 4: obj=169718268.711289, maxRC=4143578.551525, +5 cols
    [CG]   [DIAG] iter=4 posCols=5 newCols=5 effImprove=5 updated=0
    [CG]   [DIAG] iter=3 posCols=12 newCols=12 effImprove=12 updated=0
    [CG] 列生成收敛，共 5 轮迭代
    [CG] [CG-NODE] depth=0 exit=CERTIFIED certified=1 feasible=1 iters=5 generatedColsBeforeNode=0 newCols=57 posCandidates=57 duplicateCandidates=0 updatedCols=0 zeroObjImproveIters=0 objFirst=143253124.918667 objLast=173936433.939409 objGain=30683309.020742 maxRC=59519417.508758 wallSec=0.011335 pricingSec=0.007744 cplexSolveSec=0.001897
    [CG] CG iter 4: obj=169708292.587710, maxRC=4143578.639523, +5 cols
    [CG]   [DIAG] iter=4 posCols=5 newCols=5 effImprove=5 updated=0
      [BB] 根节点即为整数解，obj=173936433.939409
    [CG] 列生成开始，初始列数=128
    [CG] CG iter 4: obj=169719343.183527, maxRC=4143813.840033, +5 cols
    [CG] CG iter 3: obj=167011806.319754, maxRC=6256003.220596, +12 cols
    [CG]   [DIAG] iter=4 posCols=5 newCols=5 effImprove=5 updated=0
    [CG]   [DIAG] iter=3 posCols=12 newCols=12 effImprove=12 updated=0
    [CG] 列生成收敛，共 5 轮迭代
    [CG] [CG-NODE] depth=0 exit=CERTIFIED certified=1 feasible=1 iters=5 generatedColsBeforeNode=0 newCols=57 posCandidates=57 duplicateCandidates=0 updatedCols=0 zeroObjImproveIters=0 objFirst=143247021.716186 objLast=173926458.149598 objGain=30679436.433412 maxRC=59519729.256397 wallSec=0.013675 pricingSec=0.009584 cplexSolveSec=0.002106
      [BB] 根节点即为整数解，obj=173926458.149598
    [CG] 列生成收敛，共 5 轮迭代
    [CG] [CG-NODE] depth=0 exit=CERTIFIED certified=1 feasible=1 iters=5 generatedColsBeforeNode=0 newCols=57 posCandidates=57 duplicateCandidates=0 updatedCols=0 zeroObjImproveIters=0 objFirst=143259808.029213 objLast=173937733.728053 objGain=30677925.698841 maxRC=59519752.128890 wallSec=0.016982 pricingSec=0.011867 cplexSolveSec=0.002603
      [BB] 根节点即为整数解，obj=173937733.728053
    [CG] CG iter 4: obj=169710935.112011, maxRC=4143764.806455, +5 cols
    [CG]   [DIAG] iter=4 posCols=5 newCols=5 effImprove=5 updated=0
    [CG] CG iter 1: obj=143177744.151751, maxRC=59519752.128890, +23 cols
    [CG] 列生成收敛，共 5 轮迭代
    [CG] [CG-NODE] depth=0 exit=CERTIFIED certified=1 feasible=1 iters=5 generatedColsBeforeNode=0 newCols=57 posCandidates=57 duplicateCandidates=0 updatedCols=0 zeroObjImproveIters=0 objFirst=143249758.805988 objLast=173929343.036164 objGain=30679584.230175 maxRC=59519734.703453 wallSec=0.013060 pricingSec=0.008741 cplexSolveSec=0.002370
    [CG]   [DIAG] iter=1 posCols=23 newCols=23 effImprove=23 updated=0
      [BB] 根节点即为整数解，obj=173929343.036164
    [CG] 列生成开始，初始列数=128
    [CG] 列生成开始，初始列数=128
    [CG] CG iter 2: obj=160624694.895294, maxRC=10623485.371715, +17 cols
    [CG]   [DIAG] iter=2 posCols=17 newCols=17 effImprove=17 updated=0
    [CG] 列生成开始，初始列数=128
    [CG] CG iter 3: obj=167019015.278302, maxRC=6255295.270771, +12 cols
    [CG]   [DIAG] iter=3 posCols=12 newCols=12 effImprove=12 updated=0
    [CG] CG iter 1: obj=143203093.331682, maxRC=59519708.556727, +23 cols
    [CG]   [DIAG] iter=1 posCols=23 newCols=23 effImprove=23 updated=0
    [CG] CG iter 4: obj=169717443.470749, maxRC=4143805.047541, +5 cols
    [CG] CG iter 1: obj=143051127.473173, maxRC=59513894.439822, +23 cols
    [CG]   [DIAG] iter=4 posCols=5 newCols=5 effImprove=5 updated=0
    [CG]   [DIAG] iter=1 posCols=23 newCols=23 effImprove=23 updated=0
    [CG] CG iter 1: obj=143251066.642989, maxRC=59519752.128890, +23 cols
    [CG]   [DIAG] iter=1 posCols=23 newCols=23 effImprove=23 updated=0
    [CG] 列生成收敛，共 5 轮迭代
    [CG] [CG-NODE] depth=0 exit=CERTIFIED certified=1 feasible=1 iters=5 generatedColsBeforeNode=0 newCols=57 posCandidates=57 duplicateCandidates=0 updatedCols=0 zeroObjImproveIters=0 objFirst=143177744.151751 objLast=173935839.558619 objGain=30758095.406868 maxRC=59519752.128890 wallSec=0.018424 pricingSec=0.012479 cplexSolveSec=0.003261
      [BB] 根节点即为整数解，obj=173935839.558619
    [CG] CG iter 2: obj=160542613.784600, maxRC=10712489.668700, +17 cols
    [CG]   [DIAG] iter=2 posCols=17 newCols=17 effImprove=17 updated=0
    [CG] CG iter 2: obj=160578643.890949, maxRC=10623479.978949, +17 cols
    [CG]   [DIAG] iter=2 posCols=17 newCols=17 effImprove=17 updated=0
    [CG] CG iter 1: obj=143259777.251352, maxRC=59519841.930057, +23 cols
    [CG] CG iter 2: obj=160618863.739283, maxRC=10623485.371715, +17 cols
    [CG]   [DIAG] iter=2 posCols=17 newCols=17 effImprove=17 updated=0
    [CG]   [DIAG] iter=1 posCols=23 newCols=23 effImprove=23 updated=0
    [CG] CG iter 3: obj=166895771.784433, maxRC=6243692.752245, +12 cols
    [CG]   [DIAG] iter=3 posCols=12 newCols=12 effImprove=12 updated=0
    [CG] CG iter 3: obj=166968907.256505, maxRC=6259359.216184, +12 cols
    [CG]   [DIAG] iter=3 posCols=12 newCols=12 effImprove=12 updated=0
    [CG] CG iter 4: obj=169609777.746745, maxRC=4116647.868496, +7 cols
    [CG]   [DIAG] iter=4 posCols=7 newCols=7 effImprove=7 updated=0
    [CG] CG iter 3: obj=167012673.958689, maxRC=6255809.676191, +12 cols
    [CG] 列生成收敛，共 5 轮迭代
    [CG] [CG-NODE] depth=0 exit=CERTIFIED certified=1 feasible=1 iters=5 generatedColsBeforeNode=0 newCols=59 posCandidates=59 duplicateCandidates=0 updatedCols=0 zeroObjImproveIters=0 objFirst=143051127.473173 objLast=173801000.213663 objGain=30749872.740490 maxRC=59513894.439822 wallSec=0.010815 pricingSec=0.007437 cplexSolveSec=0.001805
    [CG]   [DIAG] iter=3 posCols=12 newCols=12 effImprove=12 updated=0
    [CG] CG iter 2: obj=160626631.217407, maxRC=10623476.759163, +17 cols
      [BB] 根节点即为整数解，obj=173801000.213663
    [CG] CG iter 4: obj=169671397.286093, maxRC=4143809.730516, +5 cols
    [CG]   [DIAG] iter=2 posCols=17 newCols=17 effImprove=17 updated=0
    [CG]   [DIAG] iter=4 posCols=5 newCols=5 effImprove=5 updated=0
    [CG] CG iter 4: obj=169711616.556555, maxRC=4143807.622244, +5 cols
    [CG] 列生成收敛，共 5 轮迭代
    [CG]   [DIAG] iter=4 posCols=5 newCols=5 effImprove=5 updated=0
    [CG] [CG-NODE] depth=0 exit=CERTIFIED certified=1 feasible=1 iters=5 generatedColsBeforeNode=0 newCols=57 posCandidates=57 duplicateCandidates=0 updatedCols=0 zeroObjImproveIters=0 objFirst=143203093.331682 objLast=173889793.938973 objGain=30686700.607291 maxRC=59519708.556727 wallSec=0.015661 pricingSec=0.011191 cplexSolveSec=0.002390
      [BB] 根节点即为整数解，obj=173889793.938973
    [CG] CG iter 3: obj=167020925.401667, maxRC=6255313.203160, +12 cols
    [CG]   [DIAG] iter=3 posCols=12 newCols=12 effImprove=12 updated=0
    [CG] 列生成收敛，共 5 轮迭代
    [CG] [CG-NODE] depth=0 exit=CERTIFIED certified=1 feasible=1 iters=5 generatedColsBeforeNode=0 newCols=57 posCandidates=57 duplicateCandidates=0 updatedCols=0 zeroObjImproveIters=0 objFirst=143251066.642989 objLast=173930011.101164 objGain=30678944.458175 maxRC=59519752.128890 wallSec=0.015245 pricingSec=0.010711 cplexSolveSec=0.002638
      [BB] 根节点即为整数解，obj=173930011.101164
    [CG] CG iter 4: obj=169719364.176488, maxRC=4143771.221581, +5 cols
    [CG]   [DIAG] iter=4 posCols=5 newCols=5 effImprove=5 updated=0
    [CG] 列生成收敛，共 5 轮迭代
    [CG] [CG-NODE] depth=0 exit=CERTIFIED certified=1 feasible=1 iters=5 generatedColsBeforeNode=0 newCols=57 posCandidates=57 duplicateCandidates=0 updatedCols=0 zeroObjImproveIters=0 objFirst=143259777.251352 objLast=173937741.453516 objGain=30677964.202164 maxRC=59519841.930057 wallSec=0.011698 pricingSec=0.007765 cplexSolveSec=0.002212
      [BB] 根节点即为整数解，obj=173937741.453516
    [CG] CG iter 1: obj=143172052.166821, maxRC=59519734.703453, +23 cols
    [CG]   [DIAG] iter=1 posCols=23 newCols=23 effImprove=23 updated=0
    [CG] CG iter 1: obj=143257939.143408, maxRC=59519752.131033, +23 cols
    [CG]   [DIAG] iter=1 posCols=23 newCols=23 effImprove=23 updated=0
    [CG] CG iter 2: obj=160619525.146994, maxRC=10623485.371715, +17 cols
    [CG]   [DIAG] iter=2 posCols=17 newCols=17 effImprove=17 updated=0
    [CG] CG iter 2: obj=160624699.230478, maxRC=10623485.371715, +17 cols
    [CG]   [DIAG] iter=2 posCols=17 newCols=17 effImprove=17 updated=0
    [CG] CG iter 3: obj=167013393.643760, maxRC=6255751.398830, +12 cols
    [CG]   [DIAG] iter=3 posCols=12 newCols=12 effImprove=12 updated=0
    [CG] CG iter 3: obj=167019020.098953, maxRC=6255294.785304, +12 cols
    [CG]   [DIAG] iter=3 posCols=12 newCols=12 effImprove=12 updated=0
    [CG] CG iter 4: obj=169712277.964266, maxRC=4143807.622244, +5 cols
    [CG]   [DIAG] iter=4 posCols=5 newCols=5 effImprove=5 updated=0
    [CG] CG iter 4: obj=169717447.805933, maxRC=4143805.047541, +5 cols
    [CG]   [DIAG] iter=4 posCols=5 newCols=5 effImprove=5 updated=0
    [CG] 列生成收敛，共 5 轮迭代
    [CG] [CG-NODE] depth=0 exit=CERTIFIED certified=1 feasible=1 iters=5 generatedColsBeforeNode=0 newCols=57 posCandidates=57 duplicateCandidates=0 updatedCols=0 zeroObjImproveIters=0 objFirst=143172052.166821 objLast=173930672.508875 objGain=30758620.342054 maxRC=59519734.703453 wallSec=0.017960 pricingSec=0.012373 cplexSolveSec=0.002943
      [BB] 根节点即为整数解，obj=173930672.508875
    [CG] 列生成收敛，共 5 轮迭代
    [CG] [CG-NODE] depth=0 exit=CERTIFIED certified=1 feasible=1 iters=5 generatedColsBeforeNode=0 newCols=57 posCandidates=57 duplicateCandidates=0 updatedCols=0 zeroObjImproveIters=0 objFirst=143257939.143408 objLast=173935843.893804 objGain=30677904.750396 maxRC=59519752.131033 wallSec=0.017883 pricingSec=0.012348 cplexSolveSec=0.002907
      [BB] 根节点即为整数解，obj=173935843.893804
[GA] 代数 9: Best=173966670.97, Avg=173946062.94, Worst=173799875.66, Valid=30/30, 耗时=0.05s (连续9代未提升)
  ├─ 求解: 30 个体 fork 并行 | CG迭代=112 加列=1259 BB分支=0
  ├─ 并行墙钟=0.0545s | 串行等效(ΣBP)=0.3362s | 加速比=6.17x
  ├─ 管理开销=-0.2817s (fork=0.0033 wait=0.0509 merge=0.0003)
  └─ CG明细: gen_logs/run_gen9_ind{0..29}.log
    [CG] 列生成开始，初始列数=128
    [CG] 列生成开始，初始列数=128
    [CG] 列生成开始，初始列数=128
    [CG] 列生成开始，初始列数=128
    [CG] 列生成开始，初始列数=128
    [CG] 列生成开始，初始列数=128
    [CG] 列生成开始，初始列数=128
    [CG] 列生成开始，初始列数=128
    [CG] CG iter 1: obj=143203726.797430, maxRC=59519752.128890, +23 cols
    [CG]   [DIAG] iter=1 posCols=23 newCols=23 effImprove=23 updated=0
    [CG] CG iter 2: obj=160578642.709827, maxRC=10623485.371715, +17 cols
    [CG]   [DIAG] iter=2 posCols=17 newCols=17 effImprove=17 updated=0
    [CG] CG iter 1: obj=143227452.115479, maxRC=59518310.986239, +23 cols
    [CG]   [DIAG] iter=1 posCols=23 newCols=23 effImprove=23 updated=0
    [CG] CG iter 1: obj=143242208.963499, maxRC=59512300.254126, +23 cols
    [CG]   [DIAG] iter=1 posCols=23 newCols=23 effImprove=23 updated=0
    [CG] CG iter 1: obj=143228869.178611, maxRC=59519417.508758, +23 cols
    [CG] CG iter 3: obj=166968904.125160, maxRC=6259358.480263, +12 cols
    [CG]   [DIAG] iter=3 posCols=12 newCols=12 effImprove=12 updated=0
    [CG]   [DIAG] iter=1 posCols=23 newCols=23 effImprove=23 updated=0
    [CG] CG iter 4: obj=169671395.527099, maxRC=4143807.622244, +5 cols
    [CG]   [DIAG] iter=4 posCols=5 newCols=5 effImprove=5 updated=0
    [CG] CG iter 2: obj=160618863.739283, maxRC=10623485.371715, +17 cols
    [CG]   [DIAG] iter=2 posCols=17 newCols=17 effImprove=17 updated=0
    [CG] 列生成收敛，共 5 轮迭代
    [CG] [CG-NODE] depth=0 exit=CERTIFIED certified=1 feasible=1 iters=5 generatedColsBeforeNode=0 newCols=57 posCandidates=57 duplicateCandidates=0 updatedCols=0 zeroObjImproveIters=0 objFirst=143203726.797430 objLast=173889790.071708 objGain=30686063.274278 maxRC=59519752.128890 wallSec=0.010849 pricingSec=0.007248 cplexSolveSec=0.001900
    [CG] CG iter 2: obj=160602928.482991, maxRC=10618363.154623, +17 cols
    [CG]   [DIAG] iter=2 posCols=17 newCols=17 effImprove=17 updated=0
      [BB] 根节点即为整数解，obj=173889790.071708
    [CG] CG iter 2: obj=160606084.819865, maxRC=10624327.303172, +17 cols
    [CG]   [DIAG] iter=2 posCols=17 newCols=17 effImprove=17 updated=0
    [CG] CG iter 3: obj=167012673.958689, maxRC=6255809.676191, +12 cols
    [CG] CG iter 1: obj=143137486.976475, maxRC=59512530.631443, +23 cols
    [CG]   [DIAG] iter=3 posCols=12 newCols=12 effImprove=12 updated=0
    [CG] CG iter 1: obj=143248569.433885, maxRC=59519752.128890, +23 cols
    [CG] CG iter 3: obj=166997707.625152, maxRC=6256337.861473, +12 cols
    [CG]   [DIAG] iter=3 posCols=12 newCols=12 effImprove=12 updated=0
    [CG]   [DIAG] iter=1 posCols=23 newCols=23 effImprove=23 updated=0
    [CG]   [DIAG] iter=1 posCols=23 newCols=23 effImprove=23 updated=0
    [CG] CG iter 1: obj=143248172.946741, maxRC=59519092.528354, +23 cols
    [CG]   [DIAG] iter=1 posCols=23 newCols=23 effImprove=23 updated=0
    [CG] CG iter 3: obj=166998254.199241, maxRC=6256911.188222, +12 cols
    [CG]   [DIAG] iter=3 posCols=12 newCols=12 effImprove=12 updated=0
    [CG] CG iter 4: obj=169711616.556555, maxRC=4143807.622244, +5 cols
    [CG]   [DIAG] iter=4 posCols=5 newCols=5 effImprove=5 updated=0
    [CG] CG iter 1: obj=143130748.233986, maxRC=59519403.483036, +23 cols
    [CG] CG iter 4: obj=169697178.408301, maxRC=4147215.594677, +5 cols
    [CG]   [DIAG] iter=4 posCols=5 newCols=5 effImprove=5 updated=0
    [CG]   [DIAG] iter=1 posCols=23 newCols=23 effImprove=23 updated=0
    [CG] 列生成收敛，共 5 轮迭代
    [CG] [CG-NODE] depth=0 exit=CERTIFIED certified=1 feasible=1 iters=5 generatedColsBeforeNode=0 newCols=57 posCandidates=57 duplicateCandidates=0 updatedCols=0 zeroObjImproveIters=0 objFirst=143227452.115479 objLast=173930011.101164 objGain=30702558.985685 maxRC=59518310.986239 wallSec=0.013878 pricingSec=0.009249 cplexSolveSec=0.002415
    [CG] 列生成开始，初始列数=128
    [CG] CG iter 4: obj=169698534.765468, maxRC=4143578.551525, +5 cols
    [CG]   [DIAG] iter=4 posCols=5 newCols=5 effImprove=5 updated=0
      [BB] 根节点即为整数解，obj=173930011.101164
    [CG] 列生成收敛，共 5 轮迭代
    [CG] [CG-NODE] depth=0 exit=CERTIFIED certified=1 feasible=1 iters=5 generatedColsBeforeNode=0 newCols=57 posCandidates=57 duplicateCandidates=0 updatedCols=0 zeroObjImproveIters=0 objFirst=143242208.963499 objLast=173915978.565371 objGain=30673769.601871 maxRC=59512300.254126 wallSec=0.014680 pricingSec=0.010055 cplexSolveSec=0.002611
    [CG] CG iter 2: obj=160616740.756578, maxRC=10623485.371715, +17 cols
    [CG] CG iter 2: obj=160602221.093596, maxRC=10622406.523336, +17 cols
    [CG]   [DIAG] iter=2 posCols=17 newCols=17 effImprove=17 updated=0
    [CG]   [DIAG] iter=2 posCols=17 newCols=17 effImprove=17 updated=0
      [BB] 根节点即为整数解，obj=173915978.565371
    [CG] CG iter 2: obj=160624099.666220, maxRC=10623321.672154, +17 cols
    [CG] 列生成收敛，共 5 轮迭代
    [CG]   [DIAG] iter=2 posCols=17 newCols=17 effImprove=17 updated=0
    [CG] [CG-NODE] depth=0 exit=CERTIFIED certified=1 feasible=1 iters=5 generatedColsBeforeNode=0 newCols=57 posCandidates=57 duplicateCandidates=0 updatedCols=0 zeroObjImproveIters=0 objFirst=143228869.178611 objLast=173916699.993588 objGain=30687830.814977 maxRC=59519417.508758 wallSec=0.015120 pricingSec=0.010355 cplexSolveSec=0.002663
      [BB] 根节点即为整数解，obj=173916699.993588
    [CG] CG iter 2: obj=160525149.882770, maxRC=10623485.371715, +17 cols
    [CG]   [DIAG] iter=2 posCols=17 newCols=17 effImprove=17 updated=0
    [CG] CG iter 3: obj=167010363.862784, maxRC=6255996.789390, +12 cols
    [CG] CG iter 3: obj=166994008.402773, maxRC=6255285.314309, +12 cols
    [CG]   [DIAG] iter=3 posCols=12 newCols=12 effImprove=12 updated=0
    [CG]   [DIAG] iter=3 posCols=12 newCols=12 effImprove=12 updated=0
    [CG] CG iter 3: obj=167018239.649953, maxRC=6255333.736530, +12 cols
    [CG]   [DIAG] iter=3 posCols=12 newCols=12 effImprove=12 updated=0
    [CG] CG iter 4: obj=169709493.573850, maxRC=4143807.622244, +5 cols
    [CG]   [DIAG] iter=4 posCols=5 newCols=5 effImprove=5 updated=0
    [CG] CG iter 4: obj=169692422.639227, maxRC=4142681.879443, +5 cols
    [CG] 列生成开始，初始列数=128
    [CG] CG iter 3: obj=166882983.138285, maxRC=6240824.831539, +12 cols
    [CG]   [DIAG] iter=4 posCols=5 newCols=5 effImprove=5 updated=0
    [CG]   [DIAG] iter=3 posCols=12 newCols=12 effImprove=12 updated=0
    [CG] CG iter 4: obj=169716542.118597, maxRC=4143767.908796, +5 cols
    [CG]   [DIAG] iter=4 posCols=5 newCols=5 effImprove=5 updated=0
    [CG] 列生成开始，初始列数=128
    [CG] 列生成开始，初始列数=128
    [CG] 列生成收敛，共 5 轮迭代
    [CG] [CG-NODE] depth=0 exit=CERTIFIED certified=1 feasible=1 iters=5 generatedColsBeforeNode=0 newCols=57 posCandidates=57 duplicateCandidates=0 updatedCols=0 zeroObjImproveIters=0 objFirst=143248569.433885 objLast=173927888.118459 objGain=30679318.684574 maxRC=59519752.128890 wallSec=0.018009 pricingSec=0.012342 cplexSolveSec=0.002943
    [CG] 列生成收敛，共 5 轮迭代
    [CG] [CG-NODE] depth=0 exit=CERTIFIED certified=1 feasible=1 iters=5 generatedColsBeforeNode=0 newCols=57 posCandidates=57 duplicateCandidates=0 updatedCols=0 zeroObjImproveIters=0 objFirst=143137486.976475 objLast=173911532.896049 objGain=30774045.919574 maxRC=59512530.631443 wallSec=0.017867 pricingSec=0.012367 cplexSolveSec=0.002860
    [CG] 列生成收敛，共 5 轮迭代
      [BB] 根节点即为整数解，obj=173927888.118459
    [CG] [CG-NODE] depth=0 exit=CERTIFIED certified=1 feasible=1 iters=5 generatedColsBeforeNode=0 newCols=57 posCandidates=57 duplicateCandidates=0 updatedCols=0 zeroObjImproveIters=0 objFirst=143248172.946741 objLast=173934917.056690 objGain=30686744.109949 maxRC=59519092.528354 wallSec=0.018178 pricingSec=0.012708 cplexSolveSec=0.002962
      [BB] 根节点即为整数解，obj=173911532.896049
      [BB] 根节点即为整数解，obj=173934917.056690
    [CG] CG iter 4: obj=169566940.891500, maxRC=4112155.499766, +5 cols
    [CG]   [DIAG] iter=4 posCols=5 newCols=5 effImprove=5 updated=0
    [CG] 列生成收敛，共 5 轮迭代
    [CG] [CG-NODE] depth=0 exit=CERTIFIED certified=1 feasible=1 iters=5 generatedColsBeforeNode=0 newCols=57 posCandidates=57 duplicateCandidates=0 updatedCols=0 zeroObjImproveIters=0 objFirst=143130748.233986 objLast=173798328.236901 objGain=30667580.002914 maxRC=59519403.483036 wallSec=0.018739 pricingSec=0.013072 cplexSolveSec=0.003025
      [BB] 根节点即为整数解，obj=173798328.236901
    [CG] 列生成开始，初始列数=128
    [CG] 列生成开始，初始列数=128
    [CG] 列生成开始，初始列数=128
    [CG] 列生成开始，初始列数=128
    [CG] CG iter 1: obj=143226042.876550, maxRC=59519766.156755, +23 cols
    [CG]   [DIAG] iter=1 posCols=23 newCols=23 effImprove=23 updated=0
    [CG] CG iter 1: obj=143246919.383024, maxRC=59519766.156755, +23 cols
    [CG]   [DIAG] iter=1 posCols=23 newCols=23 effImprove=23 updated=0
    [CG] CG iter 2: obj=160616523.133221, maxRC=10623491.311119, +17 cols
    [CG]   [DIAG] iter=2 posCols=17 newCols=17 effImprove=17 updated=0
    [CG] CG iter 2: obj=160615490.848624, maxRC=10624600.534900, +17 cols
    [CG]   [DIAG] iter=2 posCols=17 newCols=17 effImprove=17 updated=0
    [CG] CG iter 3: obj=166998989.007506, maxRC=6260509.598441, +12 cols
    [CG] CG iter 1: obj=143251507.107170, maxRC=59519766.156755, +23 cols
    [CG]   [DIAG] iter=3 posCols=12 newCols=12 effImprove=12 updated=0
    [CG] CG iter 1: obj=143224843.606154, maxRC=59518310.986239, +23 cols
    [CG]   [DIAG] iter=1 posCols=23 newCols=23 effImprove=23 updated=0
    [CG] CG iter 3: obj=167008564.885714, maxRC=6255852.497876, +12 cols
    [CG]   [DIAG] iter=1 posCols=23 newCols=23 effImprove=23 updated=0
    [CG]   [DIAG] iter=3 posCols=12 newCols=12 effImprove=12 updated=0
    [CG] CG iter 4: obj=169686983.391797, maxRC=4133804.792222, +5 cols
    [CG]   [DIAG] iter=4 posCols=5 newCols=5 effImprove=5 updated=0
    [CG] CG iter 4: obj=169707859.898271, maxRC=4143490.984783, +5 cols
    [CG] 列生成收敛，共 5 轮迭代
    [CG]   [DIAG] iter=4 posCols=5 newCols=5 effImprove=5 updated=0
    [CG] [CG-NODE] depth=0 exit=CERTIFIED certified=1 feasible=1 iters=5 generatedColsBeforeNode=0 newCols=57 posCandidates=57 duplicateCandidates=0 updatedCols=0 zeroObjImproveIters=0 objFirst=143226042.876550 objLast=173905376.059376 objGain=30679333.182826 maxRC=59519766.156755 wallSec=0.009833 pricingSec=0.006628 cplexSolveSec=0.001725
      [BB] 根节点即为整数解，obj=173905376.059376
    [CG] CG iter 2: obj=160616640.999332, maxRC=10623485.371715, +17 cols
    [CG]   [DIAG] iter=2 posCols=17 newCols=17 effImprove=17 updated=0
    [CG] 列生成收敛，共 5 轮迭代
    [CG] [CG-NODE] depth=0 exit=CERTIFIED certified=1 feasible=1 iters=5 generatedColsBeforeNode=0 newCols=57 posCandidates=57 duplicateCandidates=0 updatedCols=0 zeroObjImproveIters=0 objFirst=143246919.383024 objLast=173925942.972846 objGain=30679023.589822 maxRC=59519766.156755 wallSec=0.010643 pricingSec=0.007260 cplexSolveSec=0.001831
      [BB] 根节点即为整数解，obj=173925942.972846
    [CG] CG iter 2: obj=160620801.627850, maxRC=10623491.311119, +17 cols
    [CG]   [DIAG] iter=2 posCols=17 newCols=17 effImprove=17 updated=0
    [CG] CG iter 3: obj=167010255.311586, maxRC=6256005.583343, +12 cols
    [CG]   [DIAG] iter=3 posCols=12 newCols=12 effImprove=12 updated=0
    [CG] CG iter 1: obj=143247916.839855, maxRC=59519716.183034, +23 cols
    [CG] CG iter 3: obj=167013860.370131, maxRC=6256023.360186, +12 cols
    [CG] CG iter 4: obj=169709393.816604, maxRC=4143807.622244, +5 cols
    [CG]   [DIAG] iter=4 posCols=5 newCols=5 effImprove=5 updated=0
    [CG]   [DIAG] iter=1 posCols=23 newCols=23 effImprove=23 updated=0
    [CG]   [DIAG] iter=3 posCols=12 newCols=12 effImprove=12 updated=0
    [CG] 列生成收敛，共 5 轮迭代
    [CG] [CG-NODE] depth=0 exit=CERTIFIED certified=1 feasible=1 iters=5 generatedColsBeforeNode=0 newCols=57 posCandidates=57 duplicateCandidates=0 updatedCols=0 zeroObjImproveIters=0 objFirst=143224843.606154 objLast=173927788.361212 objGain=30702944.755058 maxRC=59518310.986239 wallSec=0.009467 pricingSec=0.006315 cplexSolveSec=0.001676
      [BB] 根节点即为整数解，obj=173927788.361212
    [CG] CG iter 4: obj=169712055.808113, maxRC=4143247.138264, +5 cols
    [CG]   [DIAG] iter=4 posCols=5 newCols=5 effImprove=5 updated=0
    [CG] 列生成开始，初始列数=128
    [CG] CG iter 2: obj=160616640.999332, maxRC=10623485.371715, +17 cols
    [CG] 列生成收敛，共 5 轮迭代
    [CG] [CG-NODE] depth=0 exit=CERTIFIED certified=1 feasible=1 iters=5 generatedColsBeforeNode=0 newCols=57 posCandidates=57 duplicateCandidates=0 updatedCols=0 zeroObjImproveIters=0 objFirst=143251507.107170 objLast=173930448.475692 objGain=30678941.368522 maxRC=59519766.156755 wallSec=0.017231 pricingSec=0.011897 cplexSolveSec=0.002792
    [CG] 列生成开始，初始列数=128
    [CG]   [DIAG] iter=2 posCols=17 newCols=17 effImprove=17 updated=0
      [BB] 根节点即为整数解，obj=173930448.475692
    [CG] CG iter 1: obj=143253866.560703, maxRC=59519752.128890, +23 cols
    [CG]   [DIAG] iter=1 posCols=23 newCols=23 effImprove=23 updated=0
    [CG] CG iter 3: obj=167010255.311586, maxRC=6256005.583343, +12 cols
    [CG]   [DIAG] iter=3 posCols=12 newCols=12 effImprove=12 updated=0
    [CG] 列生成开始，初始列数=128
    [CG] 列生成开始，初始列数=128
    [CG] CG iter 4: obj=169709393.816604, maxRC=4143807.622244, +5 cols
    [CG]   [DIAG] iter=4 posCols=5 newCols=5 effImprove=5 updated=0
    [CG] CG iter 1: obj=143247863.412847, maxRC=59519752.128890, +23 cols
    [CG] 列生成收敛，共 5 轮迭代
    [CG] [CG-NODE] depth=0 exit=CERTIFIED certified=1 feasible=1 iters=5 generatedColsBeforeNode=0 newCols=57 posCandidates=57 duplicateCandidates=0 updatedCols=0 zeroObjImproveIters=0 objFirst=143247916.839855 objLast=173927788.361212 objGain=30679871.521358 maxRC=59519716.183034 wallSec=0.016699 pricingSec=0.011570 cplexSolveSec=0.002661
    [CG] CG iter 2: obj=160621526.981952, maxRC=10623485.371715, +17 cols
    [CG]   [DIAG] iter=1 posCols=23 newCols=23 effImprove=23 updated=0
      [BB] 根节点即为整数解，obj=173927788.361212
    [CG]   [DIAG] iter=2 posCols=17 newCols=17 effImprove=17 updated=0
    [CG] CG iter 1: obj=143170647.880329, maxRC=59519627.136944, +23 cols
    [CG]   [DIAG] iter=1 posCols=23 newCols=23 effImprove=23 updated=0
    [CG] CG iter 3: obj=167015402.516415, maxRC=6255744.361134, +12 cols
    [CG] CG iter 2: obj=160616204.601240, maxRC=10623887.388793, +17 cols
    [CG]   [DIAG] iter=3 posCols=12 newCols=12 effImprove=12 updated=0
    [CG]   [DIAG] iter=2 posCols=17 newCols=17 effImprove=17 updated=0
    [CG] 列生成开始，初始列数=128
    [CG] CG iter 2: obj=160618413.216743, maxRC=10623321.672154, +17 cols
    [CG]   [DIAG] iter=2 posCols=17 newCols=17 effImprove=17 updated=0
    [CG] CG iter 4: obj=169714279.799225, maxRC=4143807.622244, +5 cols
    [CG]   [DIAG] iter=4 posCols=5 newCols=5 effImprove=5 updated=0
    [CG] CG iter 1: obj=143256142.213046, maxRC=59518370.895074, +23 cols
    [CG]   [DIAG] iter=1 posCols=23 newCols=23 effImprove=23 updated=0
    [CG] CG iter 3: obj=167009613.909549, maxRC=6255949.844112, +12 cols
    [CG]   [DIAG] iter=3 posCols=12 newCols=12 effImprove=12 updated=0
    [CG] 列生成收敛，共 5 轮迭代
    [CG] CG iter 3: obj=167010582.494471, maxRC=6254506.778013, +12 cols
    [CG] [CG-NODE] depth=0 exit=CERTIFIED certified=1 feasible=1 iters=5 generatedColsBeforeNode=0 newCols=57 posCandidates=57 duplicateCandidates=0 updatedCols=0 zeroObjImproveIters=0 objFirst=143253866.560703 objLast=173932674.343833 objGain=30678807.783130 maxRC=59519752.128890 wallSec=0.016185 pricingSec=0.010971 cplexSolveSec=0.002996
    [CG]   [DIAG] iter=3 posCols=12 newCols=12 effImprove=12 updated=0
    [CG] CG iter 2: obj=160621800.367647, maxRC=10622427.628388, +17 cols
    [CG]   [DIAG] iter=2 posCols=17 newCols=17 effImprove=17 updated=0
      [BB] 根节点即为整数解，obj=173932674.343833
    [CG] CG iter 4: obj=169708799.095786, maxRC=4143705.201795, +5 cols
    [CG]   [DIAG] iter=4 posCols=5 newCols=5 effImprove=5 updated=0
    [CG] CG iter 4: obj=169708222.194159, maxRC=4142008.213201, +5 cols
    [CG] CG iter 3: obj=167016277.813298, maxRC=6255400.604640, +12 cols
    [CG]   [DIAG] iter=4 posCols=5 newCols=5 effImprove=5 updated=0
    [CG]   [DIAG] iter=3 posCols=12 newCols=12 effImprove=12 updated=0
    [CG] 列生成收敛，共 5 轮迭代
    [CG] [CG-NODE] depth=0 exit=CERTIFIED certified=1 feasible=1 iters=5 generatedColsBeforeNode=0 newCols=57 posCandidates=57 duplicateCandidates=0 updatedCols=0 zeroObjImproveIters=0 objFirst=143247863.412847 objLast=173927091.219945 objGain=30679227.807098 maxRC=59519752.128890 wallSec=0.018223 pricingSec=0.012648 cplexSolveSec=0.003005
    [CG] CG iter 1: obj=143159284.483102, maxRC=59510125.714209, +23 cols
    [CG] CG iter 4: obj=169714811.339613, maxRC=4144419.350836, +5 cols
    [CG]   [DIAG] iter=4 posCols=5 newCols=5 effImprove=5 updated=0
      [BB] 根节点即为整数解，obj=173927091.219945
    [CG] 列生成收敛，共 5 轮迭代
    [CG]   [DIAG] iter=1 posCols=23 newCols=23 effImprove=23 updated=0
    [CG] [CG-NODE] depth=0 exit=CERTIFIED certified=1 feasible=1 iters=5 generatedColsBeforeNode=0 newCols=57 posCandidates=57 duplicateCandidates=0 updatedCols=0 zeroObjImproveIters=0 objFirst=143170647.880329 objLast=173927300.824468 objGain=30756652.944138 maxRC=59519627.136944 wallSec=0.018248 pricingSec=0.012650 cplexSolveSec=0.003013
    [CG] 列生成收敛，共 5 轮迭代
    [CG] [CG-NODE] depth=0 exit=CERTIFIED certified=1 feasible=1 iters=5 generatedColsBeforeNode=0 newCols=57 posCandidates=57 duplicateCandidates=0 updatedCols=0 zeroObjImproveIters=0 objFirst=143256142.213046 objLast=173933233.370805 objGain=30677091.157759 maxRC=59518370.895074 wallSec=0.007211 pricingSec=0.004822 cplexSolveSec=0.001265
      [BB] 根节点即为整数解，obj=173927300.824468
      [BB] 根节点即为整数解，obj=173933233.370805
    [CG] CG iter 2: obj=160619019.345025, maxRC=10620788.819754, +17 cols
    [CG]   [DIAG] iter=2 posCols=17 newCols=17 effImprove=17 updated=0
    [CG] CG iter 1: obj=143177679.022301, maxRC=59519766.154613, +23 cols
    [CG] 列生成开始，初始列数=128
    [CG]   [DIAG] iter=1 posCols=23 newCols=23 effImprove=23 updated=0
    [CG] 列生成开始，初始列数=128
    [CG] CG iter 3: obj=167013895.849370, maxRC=6255494.317643, +12 cols
    [CG]   [DIAG] iter=3 posCols=12 newCols=12 effImprove=12 updated=0
    [CG] CG iter 1: obj=143253751.231429, maxRC=59519752.128890, +23 cols
    [CG] CG iter 1: obj=143142852.014807, maxRC=59512507.545272, +23 cols
    [CG]   [DIAG] iter=1 posCols=23 newCols=23 effImprove=23 updated=0
    [CG]   [DIAG] iter=1 posCols=23 newCols=23 effImprove=23 updated=0
    [CG] 列生成开始，初始列数=128
    [CG] CG iter 2: obj=160624643.791566, maxRC=10623491.311119, +17 cols
    [CG] CG iter 4: obj=169712517.305410, maxRC=4145527.583366, +5 cols
    [CG]   [DIAG] iter=4 posCols=5 newCols=5 effImprove=5 updated=0
    [CG]   [DIAG] iter=2 posCols=17 newCols=17 effImprove=17 updated=0
    [CG] 列生成收敛，共 5 轮迭代
    [CG] [CG-NODE] depth=0 exit=CERTIFIED certified=1 feasible=1 iters=5 generatedColsBeforeNode=0 newCols=57 posCandidates=57 duplicateCandidates=0 updatedCols=0 zeroObjImproveIters=0 objFirst=143159284.483102 objLast=173931091.206871 objGain=30771806.723769 maxRC=59510125.714209 wallSec=0.014122 pricingSec=0.009720 cplexSolveSec=0.002392
    [CG] CG iter 2: obj=160607767.151848, maxRC=10622409.572591, +17 cols
    [CG]   [DIAG] iter=2 posCols=17 newCols=17 effImprove=17 updated=0
      [BB] 根节点即为整数解，obj=173931091.206871
    [CG] CG iter 3: obj=167018960.131415, maxRC=6255295.544853, +12 cols
    [CG]   [DIAG] iter=3 posCols=12 newCols=12 effImprove=12 updated=0
    [CG] CG iter 3: obj=167001585.195547, maxRC=6256069.963629, +12 cols
    [CG] CG iter 2: obj=160621451.150561, maxRC=10623467.315918, +17 cols
    [CG]   [DIAG] iter=3 posCols=12 newCols=12 effImprove=12 updated=0
    [CG]   [DIAG] iter=2 posCols=17 newCols=17 effImprove=17 updated=0
    [CG] CG iter 4: obj=169700785.467545, maxRC=4144435.189612, +5 cols
    [CG]   [DIAG] iter=4 posCols=5 newCols=5 effImprove=5 updated=0
    [CG] CG iter 4: obj=169717388.597944, maxRC=4143798.003084, +5 cols
    [CG]   [DIAG] iter=4 posCols=5 newCols=5 effImprove=5 updated=0
    [CG] 列生成收敛，共 5 轮迭代
    [CG] [CG-NODE] depth=0 exit=CERTIFIED certified=1 feasible=1 iters=5 generatedColsBeforeNode=0 newCols=57 posCandidates=57 duplicateCandidates=0 updatedCols=0 zeroObjImproveIters=0 objFirst=143142852.014807 objLast=173919216.835735 objGain=30776364.820928 maxRC=59512507.545272 wallSec=0.010393 pricingSec=0.007048 cplexSolveSec=0.001844
      [BB] 根节点即为整数解，obj=173919216.835735
    [CG] 列生成收敛，共 5 轮迭代
    [CG] [CG-NODE] depth=0 exit=CERTIFIED certified=1 feasible=1 iters=5 generatedColsBeforeNode=0 newCols=57 posCandidates=57 duplicateCandidates=0 updatedCols=0 zeroObjImproveIters=0 objFirst=143177679.022301 objLast=173935782.808785 objGain=30758103.786484 maxRC=59519766.154613 wallSec=0.016353 pricingSec=0.011098 cplexSolveSec=0.002793
    [CG] CG iter 3: obj=167015331.263104, maxRC=6255758.752799, +12 cols
      [BB] 根节点即为整数解，obj=173935782.808785
    [CG]   [DIAG] iter=3 posCols=12 newCols=12 effImprove=12 updated=0
    [CG] CG iter 4: obj=169714215.587564, maxRC=4143821.190047, +5 cols
    [CG]   [DIAG] iter=4 posCols=5 newCols=5 effImprove=5 updated=0
    [CG] 列生成收敛，共 5 轮迭代
    [CG] [CG-NODE] depth=0 exit=CERTIFIED certified=1 feasible=1 iters=5 generatedColsBeforeNode=0 newCols=57 posCandidates=57 duplicateCandidates=0 updatedCols=0 zeroObjImproveIters=0 objFirst=143253751.231429 objLast=173932613.482105 objGain=30678862.250676 maxRC=59519752.128890 wallSec=0.016802 pricingSec=0.011200 cplexSolveSec=0.003165
      [BB] 根节点即为整数解，obj=173932613.482105
    [CG] CG iter 1: obj=143259865.108645, maxRC=59519752.131033, +23 cols
    [CG]   [DIAG] iter=1 posCols=23 newCols=23 effImprove=23 updated=0
    [CG] CG iter 2: obj=160626624.453327, maxRC=10623485.371715, +17 cols
    [CG]   [DIAG] iter=2 posCols=17 newCols=17 effImprove=17 updated=0
    [CG] CG iter 1: obj=142959085.699274, maxRC=59513894.439822, +23 cols
    [CG]   [DIAG] iter=1 posCols=23 newCols=23 effImprove=23 updated=0
    [CG] CG iter 3: obj=167020952.962869, maxRC=6255301.683983, +12 cols
    [CG]   [DIAG] iter=3 posCols=12 newCols=12 effImprove=12 updated=0
    [CG] CG iter 4: obj=169719387.568529, maxRC=4143813.840033, +5 cols
    [CG]   [DIAG] iter=4 posCols=5 newCols=5 effImprove=5 updated=0
    [CG] 列生成收敛，共 5 轮迭代
    [CG] [CG-NODE] depth=0 exit=CERTIFIED certified=1 feasible=1 iters=5 generatedColsBeforeNode=0 newCols=57 posCandidates=57 duplicateCandidates=0 updatedCols=0 zeroObjImproveIters=0 objFirst=143259865.108645 objLast=173937778.113055 objGain=30677913.004410 maxRC=59519752.131033 wallSec=0.010724 pricingSec=0.007420 cplexSolveSec=0.001719
      [BB] 根节点即为整数解，obj=173937778.113055
    [CG] CG iter 2: obj=160606455.320899, maxRC=10192024.230339, +17 cols
    [CG]   [DIAG] iter=2 posCols=17 newCols=17 effImprove=17 updated=0
    [CG] CG iter 3: obj=170501655.271691, maxRC=3543602.302373, +12 cols
    [CG]   [DIAG] iter=3 posCols=12 newCols=12 effImprove=12 updated=0
    [CG] CG iter 1: obj=143259770.591641, maxRC=59519841.930057, +23 cols
    [CG] CG iter 4: obj=173843022.782467, maxRC=1229305.104777, +4 cols
    [CG]   [DIAG] iter=4 posCols=4 newCols=4 effImprove=4 updated=0
    [CG]   [DIAG] iter=1 posCols=23 newCols=23 effImprove=23 updated=0
    [CG] CG iter 5: obj=173843022.782467, maxRC=680428.317565, +3 cols
    [CG]   [DIAG] iter=5 posCols=3 newCols=3 effImprove=3 updated=0
    [CG] CG iter 6: obj=173917609.704831, maxRC=146536.095421, +1 cols
    [CG]   [DIAG] iter=6 posCols=1 newCols=1 effImprove=1 updated=0
    [CG] CG iter 2: obj=160626624.582413, maxRC=10623476.759163, +17 cols
    [CG]   [DIAG] iter=2 posCols=17 newCols=17 effImprove=17 updated=0
    [CG] 列生成收敛，共 7 轮迭代
    [CG] [CG-NODE] depth=0 exit=CERTIFIED certified=1 feasible=1 iters=7 generatedColsBeforeNode=0 newCols=60 posCandidates=60 duplicateCandidates=0 updatedCols=0 zeroObjImproveIters=2 objFirst=142959085.699274 objLast=173917609.704831 objGain=30958524.005557 maxRC=59513894.439822 wallSec=0.015892 pricingSec=0.010398 cplexSolveSec=0.003132
      [BB] 根节点即为整数解，obj=173917609.704831
    [CG] CG iter 3: obj=167020911.484441, maxRC=6255305.945645, +12 cols
    [CG]   [DIAG] iter=3 posCols=12 newCols=12 effImprove=12 updated=0
    [CG] CG iter 4: obj=169719343.001748, maxRC=4143762.429088, +5 cols
    [CG]   [DIAG] iter=4 posCols=5 newCols=5 effImprove=5 updated=0
    [CG] 列生成收敛，共 5 轮迭代
    [CG] [CG-NODE] depth=0 exit=CERTIFIED certified=1 feasible=1 iters=5 generatedColsBeforeNode=0 newCols=57 posCandidates=57 duplicateCandidates=0 updatedCols=0 zeroObjImproveIters=0 objFirst=143259770.591641 objLast=173937725.822120 objGain=30677955.230479 maxRC=59519841.930057 wallSec=0.018129 pricingSec=0.012285 cplexSolveSec=0.003268
      [BB] 根节点即为整数解，obj=173937725.822120
[GA] 代数 10: Best=173966670.97, Avg=173950095.98, Worst=173827213.92, Valid=30/30, 耗时=0.06s (连续10代未提升 → 提前停止)
  ├─ 求解: 30 个体 fork 并行 | CG迭代=122 加列=1371 BB分支=0
  ├─ 并行墙钟=0.0598s | 串行等效(ΣBP)=0.3594s | 加速比=6.01x
  ├─ 管理开销=-0.2996s (fork=0.0033 wait=0.0561 merge=0.0003)
  └─ CG明细: gen_logs/run_gen10_ind{0..29}.log

========== 遗传算法完成 ==========
总耗时: 0.553222s
最优适应度: 173966670.97
最优w: w0=0.00 w1=0.00 w2=0.01 w3=0.00 w4=0.00 w5=0.00 w6=0.00 w7=0.00 

========== 并行效率总报告 ==========
并行代数            : 11
并行墙钟(累计)      : 0.5489s
串行等效(ΣBP累计)   : 3.4166s
净管理开销          : -2.8677s (-522.4%)
  ├─ fork  : 0.0363s
  ├─ wait  : 0.5088s
  └─ merge : 0.0032s
加速比              : 6.22x
结论: 加速比 > 1，并行有效收益。
====================================

--- 最优解详细结果 ---
FORMAL_PASS seed=303 distance=15.00 profit=173966670.97 wall=0.57
