    [CG] 列生成开始，初始列数=310
    [CG] CG iter 1: obj=272085.805054, maxRC=1008625.821746, +30 cols
    [CG]   [DIAG] iter=1 posCols=30 newCols=30 effImprove=30 updated=0
    [CG] CG iter 2: obj=1088064.143826, maxRC=223953.982741, +13 cols
    [CG]   [DIAG] iter=2 posCols=13 newCols=13 effImprove=13 updated=0
    [CG] CG iter 3: obj=1109470.913253, maxRC=450307.291273, +14 cols
    [CG]   [DIAG] iter=3 posCols=14 newCols=14 effImprove=14 updated=0
    [CG] CG iter 4: obj=1182075.421155, maxRC=585970.603244, +19 cols
    [CG]   [DIAG] iter=4 posCols=19 newCols=19 effImprove=19 updated=0
    [CG] CG iter 5: obj=1182075.421155, maxRC=479055.807248, +18 cols
    [CG]   [DIAG] iter=5 posCols=18 newCols=18 effImprove=18 updated=0
    [CG] CG iter 6: obj=1183314.926373, maxRC=462451.376620, +18 cols
    [CG]   [DIAG] iter=6 posCols=18 newCols=18 effImprove=18 updated=0
    [CG] CG iter 7: obj=1202078.335077, maxRC=416372.851260, +15 cols
    [CG]   [DIAG] iter=7 posCols=15 newCols=15 effImprove=15 updated=0
    [CG] CG iter 8: obj=1215241.306517, maxRC=423165.407615, +15 cols
    [CG]   [DIAG] iter=8 posCols=15 newCols=15 effImprove=15 updated=0
    [CG] CG iter 9: obj=1244697.637937, maxRC=232246.569145, +13 cols
    [CG]   [DIAG] iter=9 posCols=13 newCols=13 effImprove=13 updated=0
    [CG] CG iter 10: obj=1259033.070001, maxRC=305145.795687, +15 cols
    [CG]   [DIAG] iter=10 posCols=15 newCols=15 effImprove=15 updated=0
    [CG] CG iter 11: obj=1266189.632518, maxRC=226059.926724, +14 cols
    [CG]   [DIAG] iter=11 posCols=14 newCols=14 effImprove=14 updated=0
    [CG] CG iter 12: obj=1278352.975547, maxRC=239115.146773, +15 cols
    [CG]   [DIAG] iter=12 posCols=15 newCols=15 effImprove=15 updated=0
    [CG] CG iter 13: obj=1286586.506186, maxRC=143833.537066, +12 cols
    [CG]   [DIAG] iter=13 posCols=12 newCols=12 effImprove=12 updated=0
    [CG] CG iter 14: obj=1298223.236821, maxRC=143122.863098, +12 cols
    [CG]   [DIAG] iter=14 posCols=12 newCols=12 effImprove=12 updated=0
    [CG] CG iter 15: obj=1312305.529522, maxRC=132957.265370, +12 cols
    [CG]   [DIAG] iter=15 posCols=12 newCols=12 effImprove=12 updated=0
    [CG] CG iter 16: obj=1326520.117456, maxRC=109858.023065, +12 cols
    [CG]   [DIAG] iter=16 posCols=12 newCols=12 effImprove=12 updated=0
    [CG] CG iter 17: obj=1339049.759550, maxRC=91771.059805, +12 cols
    [CG]   [DIAG] iter=17 posCols=12 newCols=12 effImprove=12 updated=0
    [CG] CG iter 18: obj=1344161.062607, maxRC=71563.789331, +12 cols
    [CG]   [DIAG] iter=18 posCols=12 newCols=12 effImprove=12 updated=0
    [CG] CG iter 19: obj=1348389.353334, maxRC=94750.955099, +12 cols
    [CG]   [DIAG] iter=19 posCols=12 newCols=12 effImprove=12 updated=0
    [CG] CG iter 20: obj=1351563.986484, maxRC=73248.247430, +12 cols
    [CG]   [DIAG] iter=20 posCols=12 newCols=12 effImprove=12 updated=0
    [CG] CG iter 21: obj=1359350.420668, maxRC=67994.702694, +11 cols
    [CG]   [DIAG] iter=21 posCols=11 newCols=11 effImprove=11 updated=0
    [CG] CG iter 22: obj=1361442.300533, maxRC=46168.984567, +9 cols
    [CG]   [DIAG] iter=22 posCols=9 newCols=9 effImprove=9 updated=0
    [CG] CG iter 23: obj=1365005.029174, maxRC=56365.979555, +8 cols
    [CG]   [DIAG] iter=23 posCols=8 newCols=8 effImprove=8 updated=0
    [CG] CG iter 24: obj=1371184.205811, maxRC=53512.548483, +8 cols
    [CG]   [DIAG] iter=24 posCols=8 newCols=8 effImprove=8 updated=0
    [CG] CG iter 25: obj=1376725.555885, maxRC=34573.347822, +9 cols
    [CG]   [DIAG] iter=25 posCols=9 newCols=9 effImprove=9 updated=0
    [CG] CG iter 26: obj=1387132.299759, maxRC=29500.949345, +10 cols
    [CG]   [DIAG] iter=26 posCols=10 newCols=10 effImprove=10 updated=0
    [CG] CG iter 27: obj=1387132.299759, maxRC=28858.075641, +7 cols
    [CG]   [DIAG] iter=27 posCols=7 newCols=7 effImprove=7 updated=0
    [CG] CG iter 28: obj=1387132.299759, maxRC=48081.029531, +7 cols
    [CG]   [DIAG] iter=28 posCols=7 newCols=7 effImprove=7 updated=0
    [CG] CG iter 29: obj=1387132.299759, maxRC=22516.915119, +7 cols
    [CG]   [DIAG] iter=29 posCols=7 newCols=7 effImprove=7 updated=0
    [CG] CG iter 30: obj=1390630.905356, maxRC=26535.783992, +7 cols
    [CG]   [DIAG] iter=30 posCols=7 newCols=7 effImprove=7 updated=0
    [CG] CG iter 31: obj=1395181.025124, maxRC=19105.675513, +8 cols
    [CG]   [DIAG] iter=31 posCols=8 newCols=8 effImprove=8 updated=0
    [CG] CG iter 32: obj=1396454.736824, maxRC=13528.982355, +7 cols
    [CG]   [DIAG] iter=32 posCols=7 newCols=7 effImprove=7 updated=0
    [CG] CG iter 33: obj=1396824.196934, maxRC=26767.767888, +7 cols
    [CG]   [DIAG] iter=33 posCols=7 newCols=7 effImprove=7 updated=0
    [CG] CG iter 34: obj=1399688.778406, maxRC=12783.992188, +7 cols
    [CG]   [DIAG] iter=34 posCols=7 newCols=7 effImprove=7 updated=0
    [CG] CG iter 35: obj=1406161.020431, maxRC=16989.419732, +7 cols
    [CG]   [DIAG] iter=35 posCols=7 newCols=7 effImprove=7 updated=0
    [CG] CG iter 36: obj=1406161.020431, maxRC=3159.046454, +6 cols
    [CG]   [DIAG] iter=36 posCols=6 newCols=6 effImprove=6 updated=0
    [CG] CG iter 37: obj=1406161.020431, maxRC=5235.960150, +6 cols
    [CG]   [DIAG] iter=37 posCols=6 newCols=6 effImprove=6 updated=0
    [CG] CG iter 38: obj=1406161.020431, maxRC=5329.261005, +6 cols
    [CG]   [DIAG] iter=38 posCols=6 newCols=6 effImprove=6 updated=0
    [CG] CG iter 39: obj=1406161.020431, maxRC=2487.060287, +4 cols
    [CG]   [DIAG] iter=39 posCols=4 newCols=4 effImprove=4 updated=0
    [CG] CG iter 40: obj=1406161.020431, maxRC=1815.805152, +3 cols
    [CG]   [DIAG] iter=40 posCols=3 newCols=3 effImprove=3 updated=0
    [CG] CG iter 41: obj=1406161.020431, maxRC=1790.119249, +1 cols
    [CG]   [DIAG] iter=41 posCols=1 newCols=1 effImprove=1 updated=0
    [CG] CG iter 42: obj=1406161.020431, maxRC=720.848120, +1 cols
    [CG]   [DIAG] iter=42 posCols=1 newCols=1 effImprove=1 updated=0
    [CG] CG iter 43: obj=1406161.020431, maxRC=227.191207, +1 cols
    [CG]   [DIAG] iter=43 posCols=1 newCols=1 effImprove=1 updated=0
    [CG] 列生成收敛，共 44 轮迭代
    [CG] [CG-NODE] depth=0 exit=CERTIFIED certified=1 feasible=1 iters=44 generatedColsBeforeNode=0 newCols=442 posCandidates=442 duplicateCandidates=0 updatedCols=0 zeroObjImproveIters=13 objFirst=272085.805054 objLast=1406161.020431 objGain=1134075.215378 maxRC=1008625.821746 wallSec=0.969703 pricingSec=0.941699 cplexSolveSec=0.019381
      [BB] 分支定界开始，根节点LP obj=1406161.020431，最大节点数=10000
      [BB] 根节点启发式下界 LB=1006288.743679（上界=1406161.020431）
    [CG] [BB-DIAG] 分支 x_{dc=0,retailer=0}, 节点数=1
    [CG] 列生成开始，初始列数=719
    [CG] CG iter 45: obj=1397202.797282, maxRC=22728.970425, +9 cols
    [CG]   [DIAG] iter=45 posCols=9 newCols=9 effImprove=9 updated=0
    [CG] CG iter 46: obj=1400522.934257, maxRC=11107.328148, +7 cols
    [CG]   [DIAG] iter=46 posCols=7 newCols=7 effImprove=7 updated=0
    [CG] CG iter 47: obj=1400522.934257, maxRC=12048.449516, +7 cols
    [CG]   [DIAG] iter=47 posCols=7 newCols=7 effImprove=7 updated=0
    [CG] CG iter 48: obj=1400522.934257, maxRC=12049.182526, +6 cols
    [CG]   [DIAG] iter=48 posCols=6 newCols=6 effImprove=6 updated=0
    [CG] CG iter 49: obj=1400522.934257, maxRC=5041.291034, +5 cols
    [CG]   [DIAG] iter=49 posCols=5 newCols=5 effImprove=5 updated=0
    [CG] CG iter 50: obj=1400522.934257, maxRC=2683.086465, +4 cols
    [CG]   [DIAG] iter=50 posCols=4 newCols=4 effImprove=4 updated=0
    [CG] CG iter 51: obj=1400522.934257, maxRC=919.532410, +1 cols
    [CG]   [DIAG] iter=51 posCols=1 newCols=1 effImprove=1 updated=0
    [CG] 列生成收敛，共 52 轮迭代
    [CG] [CG-NODE] depth=1 exit=CERTIFIED certified=1 feasible=1 iters=8 generatedColsBeforeNode=442 newCols=39 posCandidates=39 duplicateCandidates=0 updatedCols=0 zeroObjImproveIters=6 objFirst=1397202.797282 objLast=1400522.934257 objGain=3320.136975 maxRC=22728.970425 wallSec=0.140512 pricingSec=0.133198 cplexSolveSec=0.004897
    [CG] 列生成开始，初始列数=682
    [CG] CG iter 53: obj=1364939.599311, maxRC=61699.538565, +12 cols
    [CG]   [DIAG] iter=53 posCols=12 newCols=12 effImprove=12 updated=0
    [CG] CG iter 54: obj=1388315.412502, maxRC=25758.463217, +9 cols
    [CG]   [DIAG] iter=54 posCols=9 newCols=9 effImprove=9 updated=0
    [CG] CG iter 55: obj=1388502.854466, maxRC=10564.425213, +6 cols
    [CG]   [DIAG] iter=55 posCols=6 newCols=6 effImprove=6 updated=0
    [CG] CG iter 56: obj=1393785.067072, maxRC=2740.383668, +3 cols
    [CG]   [DIAG] iter=56 posCols=3 newCols=3 effImprove=3 updated=0
    [CG] CG iter 57: obj=1393785.067072, maxRC=909.548762, +2 cols
    [CG]   [DIAG] iter=57 posCols=2 newCols=2 effImprove=2 updated=0
    [CG] CG iter 58: obj=1393785.067072, maxRC=1121.641279, +3 cols
    [CG]   [DIAG] iter=58 posCols=3 newCols=3 effImprove=3 updated=0
    [CG] CG iter 59: obj=1393785.067072, maxRC=399.593737, +1 cols
    [CG]   [DIAG] iter=59 posCols=1 newCols=1 effImprove=1 updated=0
    [CG] 列生成收敛，共 60 轮迭代
    [CG] [CG-NODE] depth=1 exit=CERTIFIED certified=1 feasible=1 iters=8 generatedColsBeforeNode=481 newCols=36 posCandidates=36 duplicateCandidates=0 updatedCols=0 zeroObjImproveIters=4 objFirst=1364939.599311 objLast=1393785.067072 objGain=28845.467761 maxRC=61699.538565 wallSec=0.134111 pricingSec=0.127170 cplexSolveSec=0.004775
    [CG] [BB-DIAG] 分支 x_{dc=0,retailer=1}, 节点数=2
    [CG] 列生成开始，初始列数=694
    [CG] CG iter 61: obj=1383735.237156, maxRC=77438.677110, +9 cols
    [CG]   [DIAG] iter=61 posCols=9 newCols=9 effImprove=9 updated=0
    [CG] CG iter 62: obj=1386420.231748, maxRC=27345.528067, +8 cols
    [CG]   [DIAG] iter=62 posCols=8 newCols=8 effImprove=8 updated=0
    [CG] CG iter 63: obj=1386420.231748, maxRC=6249.844309, +6 cols
    [CG]   [DIAG] iter=63 posCols=6 newCols=6 effImprove=6 updated=0
    [CG] CG iter 64: obj=1386420.231748, maxRC=1287.139268, +3 cols
    [CG]   [DIAG] iter=64 posCols=3 newCols=3 effImprove=3 updated=0
    [CG] CG iter 65: obj=1386420.231748, maxRC=284.724457, +1 cols
    [CG]   [DIAG] iter=65 posCols=1 newCols=1 effImprove=1 updated=0
    [CG] 列生成收敛，共 66 轮迭代
    [CG] [CG-NODE] depth=2 exit=CERTIFIED certified=1 feasible=1 iters=6 generatedColsBeforeNode=517 newCols=27 posCandidates=27 duplicateCandidates=0 updatedCols=0 zeroObjImproveIters=4 objFirst=1383735.237156 objLast=1386420.231748 objGain=2684.994592 maxRC=77438.677110 wallSec=0.107405 pricingSec=0.101253 cplexSolveSec=0.004096
    [CG] 列生成开始，初始列数=705
    [CG] CG iter 67: obj=1362103.689766, maxRC=237188.023646, +14 cols
    [CG]   [DIAG] iter=67 posCols=14 newCols=14 effImprove=14 updated=0
    [CG] CG iter 68: obj=1362103.689766, maxRC=125825.527070, +12 cols
    [CG]   [DIAG] iter=68 posCols=12 newCols=12 effImprove=12 updated=0
    [CG] CG iter 69: obj=1375365.087082, maxRC=49512.710617, +10 cols
    [CG]   [DIAG] iter=69 posCols=10 newCols=10 effImprove=10 updated=0
    [CG] CG iter 70: obj=1379536.135195, maxRC=18558.910676, +5 cols
    [CG]   [DIAG] iter=70 posCols=5 newCols=5 effImprove=5 updated=0
    [CG] CG iter 71: obj=1382050.855534, maxRC=17699.034970, +4 cols
    [CG]   [DIAG] iter=71 posCols=4 newCols=4 effImprove=4 updated=0
    [CG] CG iter 72: obj=1382050.855534, maxRC=13705.041133, +3 cols
    [CG]   [DIAG] iter=72 posCols=3 newCols=3 effImprove=3 updated=0
    [CG] CG iter 73: obj=1383053.370498, maxRC=10560.532214, +5 cols
    [CG]   [DIAG] iter=73 posCols=5 newCols=5 effImprove=5 updated=0
    [CG] CG iter 74: obj=1388333.636605, maxRC=12034.140607, +4 cols
    [CG]   [DIAG] iter=74 posCols=4 newCols=4 effImprove=4 updated=0
    [CG] CG iter 75: obj=1388333.636605, maxRC=2535.656856, +6 cols
    [CG]   [DIAG] iter=75 posCols=6 newCols=6 effImprove=6 updated=0
    [CG] CG iter 76: obj=1388333.636605, maxRC=2261.312069, +2 cols
    [CG]   [DIAG] iter=76 posCols=2 newCols=2 effImprove=2 updated=0
    [CG] 列生成收敛，共 77 轮迭代
    [CG] [CG-NODE] depth=2 exit=CERTIFIED certified=1 feasible=1 iters=11 generatedColsBeforeNode=544 newCols=65 posCandidates=65 duplicateCandidates=0 updatedCols=0 zeroObjImproveIters=5 objFirst=1362103.689766 objLast=1388333.636605 objGain=26229.946839 maxRC=237188.023646 wallSec=0.192794 pricingSec=0.183713 cplexSolveSec=0.006459
    [CG] [BB-DIAG] 分支 x_{dc=0,retailer=12}, 节点数=3
    [CG] 列生成开始，初始列数=759
    [CG] CG iter 78: obj=1385786.078155, maxRC=27076.126346, +8 cols
    [CG]   [DIAG] iter=78 posCols=8 newCols=8 effImprove=8 updated=0
    [CG] CG iter 79: obj=1385786.078155, maxRC=3210.616318, +4 cols
    [CG]   [DIAG] iter=79 posCols=4 newCols=4 effImprove=4 updated=0
    [CG] CG iter 80: obj=1385786.078155, maxRC=4182.652724, +1 cols
    [CG]   [DIAG] iter=80 posCols=1 newCols=1 effImprove=1 updated=0
    [CG] CG iter 81: obj=1385786.078155, maxRC=2097.022376, +1 cols
    [CG]   [DIAG] iter=81 posCols=1 newCols=1 effImprove=1 updated=0
    [CG] CG iter 82: obj=1385786.078155, maxRC=2634.907186, +1 cols
    [CG]   [DIAG] iter=82 posCols=1 newCols=1 effImprove=1 updated=0
    [CG] CG iter 83: obj=1385786.078155, maxRC=2700.005912, +1 cols
    [CG]   [DIAG] iter=83 posCols=1 newCols=1 effImprove=1 updated=0
    [CG] CG iter 84: obj=1385786.078155, maxRC=2394.388751, +1 cols
    [CG]   [DIAG] iter=84 posCols=1 newCols=1 effImprove=1 updated=0
    [CG] CG iter 85: obj=1385786.078155, maxRC=1519.280930, +1 cols
    [CG]   [DIAG] iter=85 posCols=1 newCols=1 effImprove=1 updated=0
    [CG] CG iter 86: obj=1385786.078155, maxRC=1094.009548, +1 cols
    [CG]   [DIAG] iter=86 posCols=1 newCols=1 effImprove=1 updated=0
    [CG] CG iter 87: obj=1385786.078155, maxRC=524.365984, +2 cols
    [CG]   [DIAG] iter=87 posCols=2 newCols=2 effImprove=2 updated=0
    [CG] CG iter 88: obj=1385786.078155, maxRC=256.593124, +1 cols
    [CG]   [DIAG] iter=88 posCols=1 newCols=1 effImprove=1 updated=0
    [CG] 列生成收敛，共 89 轮迭代
    [CG] [CG-NODE] depth=3 exit=CERTIFIED certified=1 feasible=1 iters=12 generatedColsBeforeNode=609 newCols=22 posCandidates=22 duplicateCandidates=0 updatedCols=0 zeroObjImproveIters=11 objFirst=1385786.078155 objLast=1385786.078155 objGain=0.000000 maxRC=27076.126346 wallSec=0.193882 pricingSec=0.186326 cplexSolveSec=0.005153
    [CG] 列生成开始，初始列数=751
    [CG] CG iter 90: obj=1362103.689766, maxRC=201983.839092, +12 cols
    [CG]   [DIAG] iter=90 posCols=12 newCols=12 effImprove=12 updated=0
    [CG] CG iter 91: obj=1362103.689766, maxRC=180270.202512, +14 cols
    [CG]   [DIAG] iter=91 posCols=14 newCols=14 effImprove=14 updated=0
    [CG] CG iter 92: obj=1362103.689766, maxRC=67995.542603, +12 cols
    [CG]   [DIAG] iter=92 posCols=12 newCols=12 effImprove=12 updated=0
    [CG] CG iter 93: obj=1367230.453703, maxRC=26753.247274, +6 cols
    [CG]   [DIAG] iter=93 posCols=6 newCols=6 effImprove=6 updated=0
    [CG] CG iter 94: obj=1367977.786302, maxRC=17521.604653, +6 cols
    [CG]   [DIAG] iter=94 posCols=6 newCols=6 effImprove=6 updated=0
    [CG] CG iter 95: obj=1368199.465072, maxRC=16137.865676, +5 cols
    [CG]   [DIAG] iter=95 posCols=5 newCols=5 effImprove=5 updated=0
    [CG] CG iter 96: obj=1369091.713987, maxRC=9418.611645, +5 cols
    [CG]   [DIAG] iter=96 posCols=5 newCols=5 effImprove=5 updated=0
    [CG] CG iter 97: obj=1371201.429943, maxRC=6259.815502, +3 cols
    [CG]   [DIAG] iter=97 posCols=3 newCols=3 effImprove=3 updated=0
    [CG] CG iter 98: obj=1371201.429943, maxRC=2488.913624, +3 cols
    [CG]   [DIAG] iter=98 posCols=3 newCols=3 effImprove=3 updated=0
    [CG] CG iter 99: obj=1371201.429943, maxRC=3534.116253, +1 cols
    [CG]   [DIAG] iter=99 posCols=1 newCols=1 effImprove=1 updated=0
    [CG] CG iter 100: obj=1371201.429943, maxRC=2458.948596, +1 cols
    [CG]   [DIAG] iter=100 posCols=1 newCols=1 effImprove=1 updated=0
    [CG] CG iter 101: obj=1371201.429943, maxRC=62.774894, +1 cols
    [CG]   [DIAG] iter=101 posCols=1 newCols=1 effImprove=1 updated=0
    [CG] 列生成收敛，共 102 轮迭代
    [CG] [CG-NODE] depth=3 exit=CERTIFIED certified=1 feasible=1 iters=13 generatedColsBeforeNode=631 newCols=69 posCandidates=69 duplicateCandidates=0 updatedCols=0 zeroObjImproveIters=7 objFirst=1362103.689766 objLast=1371201.429943 objGain=9097.740177 maxRC=201983.839092 wallSec=0.224734 pricingSec=0.214111 cplexSolveSec=0.007417
    [CG] [BB-DIAG] 分支 x_{dc=3,retailer=2}, 节点数=4
    [CG] 列生成开始，初始列数=700
    [CG] CG iter 103: obj=1356559.029282, maxRC=13118.771384, +7 cols
    [CG]   [DIAG] iter=103 posCols=7 newCols=7 effImprove=7 updated=0
    [CG] CG iter 104: obj=1359119.513652, maxRC=16950.026237, +6 cols
    [CG]   [DIAG] iter=104 posCols=6 newCols=6 effImprove=6 updated=0
    [CG] CG iter 105: obj=1359119.513652, maxRC=1350.717070, +3 cols
    [CG]   [DIAG] iter=105 posCols=3 newCols=3 effImprove=3 updated=0
    [CG] CG iter 106: obj=1359119.513652, maxRC=179.872595, +2 cols
    [CG]   [DIAG] iter=106 posCols=2 newCols=2 effImprove=2 updated=0
    [CG] 列生成收敛，共 107 轮迭代
    [CG] [CG-NODE] depth=4 exit=CERTIFIED certified=1 feasible=1 iters=5 generatedColsBeforeNode=700 newCols=18 posCandidates=18 duplicateCandidates=0 updatedCols=0 zeroObjImproveIters=3 objFirst=1356559.029282 objLast=1359119.513652 objGain=2560.484370 maxRC=16950.026237 wallSec=0.091242 pricingSec=0.085680 cplexSolveSec=0.003558
    [CG] 列生成开始，初始列数=735
    [CG] CG iter 108: obj=1362103.689766, maxRC=122548.580513, +9 cols
    [CG]   [DIAG] iter=108 posCols=9 newCols=9 effImprove=9 updated=0
    [CG] CG iter 109: obj=1362103.689766, maxRC=186567.050779, +10 cols
    [CG]   [DIAG] iter=109 posCols=10 newCols=10 effImprove=10 updated=0
    [CG] CG iter 110: obj=1362103.689766, maxRC=102700.122744, +9 cols
    [CG]   [DIAG] iter=110 posCols=9 newCols=9 effImprove=9 updated=0
    [CG] CG iter 111: obj=1362103.689766, maxRC=61894.121986, +9 cols
    [CG]   [DIAG] iter=111 posCols=9 newCols=9 effImprove=9 updated=0
    [CG] CG iter 112: obj=1362103.689766, maxRC=38700.008285, +8 cols
    [CG]   [DIAG] iter=112 posCols=8 newCols=8 effImprove=8 updated=0
    [CG] CG iter 113: obj=1362103.689766, maxRC=29561.556195, +5 cols
    [CG]   [DIAG] iter=113 posCols=5 newCols=5 effImprove=5 updated=0
    [CG] CG iter 114: obj=1362103.689766, maxRC=19405.755736, +4 cols
    [CG]   [DIAG] iter=114 posCols=4 newCols=4 effImprove=4 updated=0
    [CG] CG iter 115: obj=1362110.840100, maxRC=15308.573657, +5 cols
    [CG]   [DIAG] iter=115 posCols=5 newCols=5 effImprove=5 updated=0
    [CG] CG iter 116: obj=1362947.425350, maxRC=9489.161748, +3 cols
    [CG]   [DIAG] iter=116 posCols=3 newCols=3 effImprove=3 updated=0
    [CG] CG iter 117: obj=1362950.508150, maxRC=7615.057757, +2 cols
    [CG]   [DIAG] iter=117 posCols=2 newCols=2 effImprove=2 updated=0
    [CG] CG iter 118: obj=1362961.781014, maxRC=5613.895595, +2 cols
    [CG]   [DIAG] iter=118 posCols=2 newCols=2 effImprove=2 updated=0
    [CG] CG iter 119: obj=1363026.509019, maxRC=5865.149654, +2 cols
    [CG]   [DIAG] iter=119 posCols=2 newCols=2 effImprove=2 updated=0
    [CG] CG iter 120: obj=1363026.509019, maxRC=4494.476579, +2 cols
    [CG]   [DIAG] iter=120 posCols=2 newCols=2 effImprove=2 updated=0
    [CG] CG iter 121: obj=1363027.883652, maxRC=3845.557502, +2 cols
    [CG]   [DIAG] iter=121 posCols=2 newCols=2 effImprove=2 updated=0
    [CG] CG iter 122: obj=1363667.435269, maxRC=4564.704906, +1 cols
    [CG]   [DIAG] iter=122 posCols=1 newCols=1 effImprove=1 updated=0
    [CG] CG iter 123: obj=1363667.435269, maxRC=2730.831734, +1 cols
    [CG]   [DIAG] iter=123 posCols=1 newCols=1 effImprove=1 updated=0
    [CG] CG iter 124: obj=1363667.435269, maxRC=792.546184, +1 cols
    [CG]   [DIAG] iter=124 posCols=1 newCols=1 effImprove=1 updated=0
    [CG] CG iter 125: obj=1363667.435269, maxRC=576.200346, +1 cols
    [CG]   [DIAG] iter=125 posCols=1 newCols=1 effImprove=1 updated=0
    [CG] 列生成收敛，共 126 轮迭代
    [CG] [CG-NODE] depth=4 exit=CERTIFIED certified=1 feasible=1 iters=19 generatedColsBeforeNode=718 newCols=76 posCandidates=76 duplicateCandidates=0 updatedCols=0 zeroObjImproveIters=11 objFirst=1362103.689766 objLast=1363667.435269 objGain=1563.745503 maxRC=186567.050779 wallSec=0.351827 pricingSec=0.337906 cplexSolveSec=0.009946
    [CG] [BB-DIAG] 分支 x_{dc=3,retailer=4}, 节点数=5
    [CG] 列生成开始，初始列数=762
    [CG] CG iter 127: obj=1353991.821426, maxRC=10914.934774, +5 cols
    [CG]   [DIAG] iter=127 posCols=5 newCols=5 effImprove=5 updated=0
    [CG] CG iter 128: obj=1353991.821426, maxRC=8170.859688, +3 cols
    [CG]   [DIAG] iter=128 posCols=3 newCols=3 effImprove=3 updated=0
    [CG] CG iter 129: obj=1353991.821426, maxRC=5183.246762, +2 cols
    [CG]   [DIAG] iter=129 posCols=2 newCols=1 effImprove=2 updated=1
    [CG] CG iter 130: obj=1353991.821426, maxRC=2931.787631, +1 cols
    [CG]   [DIAG] iter=130 posCols=1 newCols=1 effImprove=1 updated=0
    [CG] CG iter 131: obj=1353991.821426, maxRC=2121.151853, +1 cols
    [CG]   [DIAG] iter=131 posCols=1 newCols=1 effImprove=1 updated=0
    [CG] CG iter 132: obj=1353991.821426, maxRC=1745.239505, +1 cols
    [CG]   [DIAG] iter=132 posCols=1 newCols=1 effImprove=1 updated=0
    [CG] CG iter 133: obj=1353991.821426, maxRC=3765.746322, +1 cols
    [CG]   [DIAG] iter=133 posCols=1 newCols=1 effImprove=1 updated=0
    [CG] CG iter 134: obj=1353991.821426, maxRC=2521.344075, +1 cols
    [CG]   [DIAG] iter=134 posCols=1 newCols=1 effImprove=1 updated=0
    [CG] CG iter 135: obj=1353991.821426, maxRC=1191.062109, +1 cols
    [CG]   [DIAG] iter=135 posCols=1 newCols=1 effImprove=1 updated=0
    [CG] CG iter 136: obj=1353991.821426, maxRC=573.512271, +1 cols
    [CG]   [DIAG] iter=136 posCols=1 newCols=1 effImprove=1 updated=0
    [CG] 列生成收敛，共 137 轮迭代
    [CG] [CG-NODE] depth=5 exit=CERTIFIED certified=1 feasible=1 iters=11 generatedColsBeforeNode=794 newCols=16 posCandidates=17 duplicateCandidates=1 updatedCols=1 zeroObjImproveIters=10 objFirst=1353991.821426 objLast=1353991.821426 objGain=0.000000 maxRC=10914.934774 wallSec=0.191067 pricingSec=0.182325 cplexSolveSec=0.005929
    [CG] 列生成开始，初始列数=712
    [CG] CG iter 138: obj=1362103.689766, maxRC=70848.155320, +12 cols
    [CG]   [DIAG] iter=138 posCols=12 newCols=12 effImprove=12 updated=0
    [CG] CG iter 139: obj=1362103.689766, maxRC=92793.500954, +10 cols
    [CG]   [DIAG] iter=139 posCols=10 newCols=10 effImprove=10 updated=0
    [CG] CG iter 140: obj=1362103.689766, maxRC=91491.828728, +8 cols
    [CG]   [DIAG] iter=140 posCols=8 newCols=8 effImprove=8 updated=0
    [CG] CG iter 141: obj=1362103.689766, maxRC=94822.787564, +7 cols
    [CG]   [DIAG] iter=141 posCols=7 newCols=7 effImprove=7 updated=0
    [CG] CG iter 142: obj=1362103.689766, maxRC=97200.857790, +7 cols
    [CG]   [DIAG] iter=142 posCols=7 newCols=7 effImprove=7 updated=0
    [CG] CG iter 143: obj=1362103.689766, maxRC=83712.888346, +5 cols
    [CG]   [DIAG] iter=143 posCols=5 newCols=5 effImprove=5 updated=0
    [CG] CG iter 144: obj=1362103.689766, maxRC=71604.518776, +6 cols
    [CG]   [DIAG] iter=144 posCols=6 newCols=6 effImprove=6 updated=0
    [CG] CG iter 145: obj=1362103.689766, maxRC=77283.726865, +4 cols
    [CG]   [DIAG] iter=145 posCols=4 newCols=4 effImprove=4 updated=0
    [CG] CG iter 146: obj=1362103.689766, maxRC=70459.048333, +4 cols
    [CG]   [DIAG] iter=146 posCols=4 newCols=4 effImprove=4 updated=0
    [CG] CG iter 147: obj=1362103.689766, maxRC=7003.853679, +4 cols
    [CG]   [DIAG] iter=147 posCols=4 newCols=4 effImprove=4 updated=0
    [CG] CG iter 148: obj=1362103.689766, maxRC=4563.217254, +3 cols
    [CG]   [DIAG] iter=148 posCols=3 newCols=3 effImprove=3 updated=0
    [CG] CG iter 149: obj=1362103.689766, maxRC=2873.959395, +1 cols
    [CG]   [DIAG] iter=149 posCols=1 newCols=1 effImprove=1 updated=0
    [CG] CG iter 150: obj=1362103.689766, maxRC=1733.264264, +1 cols
    [CG]   [DIAG] iter=150 posCols=1 newCols=1 effImprove=1 updated=0
    [CG] CG iter 151: obj=1362103.689766, maxRC=535.671966, +1 cols
    [CG]   [DIAG] iter=151 posCols=1 newCols=1 effImprove=1 updated=0
    [CG] 列生成收敛，共 152 轮迭代
    [CG] [CG-NODE] depth=5 exit=CERTIFIED certified=1 feasible=1 iters=15 generatedColsBeforeNode=810 newCols=73 posCandidates=73 duplicateCandidates=0 updatedCols=0 zeroObjImproveIters=14 objFirst=1362103.689766 objLast=1362103.689766 objGain=0.000000 maxRC=97200.857790 wallSec=0.255639 pricingSec=0.244361 cplexSolveSec=0.007748
    [CG] [BB-INCUMBENT] selection=6 node=5 previous=1006288.743679 value=1362103.689766 active=5
    [CG] [BB-DIAG] 分支 x_{dc=0,retailer=25}, 节点数=6
    [CG] 列生成开始，初始列数=769
    [CG] CG iter 153: obj=1380563.067398, maxRC=22560.382988, +8 cols
    [CG]   [DIAG] iter=153 posCols=8 newCols=8 effImprove=8 updated=0
    [CG] CG iter 154: obj=1380688.260541, maxRC=11371.760664, +3 cols
    [CG]   [DIAG] iter=154 posCols=3 newCols=2 effImprove=3 updated=1
    [CG] CG iter 155: obj=1380688.260541, maxRC=8086.402354, +1 cols
    [CG]   [DIAG] iter=155 posCols=1 newCols=1 effImprove=1 updated=0
    [CG] CG iter 156: obj=1380688.260541, maxRC=2259.031823, +1 cols
    [CG]   [DIAG] iter=156 posCols=1 newCols=1 effImprove=1 updated=0
    [CG] CG iter 157: obj=1380688.260541, maxRC=2087.845738, +1 cols
    [CG]   [DIAG] iter=157 posCols=1 newCols=1 effImprove=1 updated=0
    [CG] CG iter 158: obj=1380688.260541, maxRC=662.950675, +1 cols
    [CG]   [DIAG] iter=158 posCols=1 newCols=1 effImprove=1 updated=0
    [CG] 列生成收敛，共 159 轮迭代
    [CG] [CG-NODE] depth=4 exit=CERTIFIED certified=1 feasible=1 iters=7 generatedColsBeforeNode=883 newCols=14 posCandidates=15 duplicateCandidates=1 updatedCols=1 zeroObjImproveIters=5 objFirst=1380563.067398 objLast=1380688.260541 objGain=125.193144 maxRC=22560.382988 wallSec=0.127880 pricingSec=0.121172 cplexSolveSec=0.004257
    [CG] 列生成开始，初始列数=773
    [CG] CG iter 160: obj=1360765.563459, maxRC=175723.981762, +12 cols
    [CG]   [DIAG] iter=160 posCols=12 newCols=12 effImprove=12 updated=0
    [CG] CG iter 161: obj=1362645.905736, maxRC=97336.613069, +11 cols
    [CG]   [DIAG] iter=161 posCols=11 newCols=11 effImprove=11 updated=0
    [CG] CG iter 162: obj=1362645.905736, maxRC=105807.197257, +9 cols
    [CG]   [DIAG] iter=162 posCols=9 newCols=9 effImprove=9 updated=0
    [CG] CG iter 163: obj=1362768.818740, maxRC=74106.827535, +7 cols
    [CG]   [DIAG] iter=163 posCols=7 newCols=7 effImprove=7 updated=0
    [CG] CG iter 164: obj=1373628.080484, maxRC=40829.413750, +8 cols
    [CG]   [DIAG] iter=164 posCols=8 newCols=8 effImprove=8 updated=0
    [CG] CG iter 165: obj=1376015.581851, maxRC=10454.789974, +4 cols
    [CG]   [DIAG] iter=165 posCols=4 newCols=4 effImprove=4 updated=0
    [CG] CG iter 166: obj=1381242.976838, maxRC=2712.429281, +3 cols
    [CG]   [DIAG] iter=166 posCols=3 newCols=3 effImprove=3 updated=0
    [CG] CG iter 167: obj=1381242.976838, maxRC=1538.446867, +2 cols
    [CG]   [DIAG] iter=167 posCols=2 newCols=2 effImprove=2 updated=0
    [CG] CG iter 168: obj=1381242.976838, maxRC=195.039533, +1 cols
    [CG]   [DIAG] iter=168 posCols=1 newCols=1 effImprove=1 updated=0
    [CG] CG iter 169: obj=1381242.976838, maxRC=110.420990, +1 cols
    [CG]   [DIAG] iter=169 posCols=1 newCols=1 effImprove=1 updated=0
    [CG] 列生成收敛，共 170 轮迭代
    [CG] [CG-NODE] depth=4 exit=CERTIFIED certified=1 feasible=1 iters=11 generatedColsBeforeNode=897 newCols=58 posCandidates=58 duplicateCandidates=0 updatedCols=0 zeroObjImproveIters=5 objFirst=1360765.563459 objLast=1381242.976838 objGain=20477.413379 maxRC=175723.981762 wallSec=0.184045 pricingSec=0.174334 cplexSolveSec=0.006601
    [CG] [BB-DIAG] 分支 x_{dc=2,retailer=14}, 节点数=7
    [CG] 列生成开始，初始列数=780
    [CG] CG iter 171: obj=1359051.443148, maxRC=55377.756307, +12 cols
    [CG]   [DIAG] iter=171 posCols=12 newCols=12 effImprove=12 updated=0
    [CG] CG iter 172: obj=1369557.948152, maxRC=30904.081363, +9 cols
    [CG]   [DIAG] iter=172 posCols=9 newCols=9 effImprove=9 updated=0
    [CG] CG iter 173: obj=1369557.948152, maxRC=27365.622991, +8 cols
    [CG]   [DIAG] iter=173 posCols=8 newCols=8 effImprove=8 updated=0
    [CG] CG iter 174: obj=1369557.948152, maxRC=16203.743641, +7 cols
    [CG]   [DIAG] iter=174 posCols=7 newCols=7 effImprove=7 updated=0
    [CG] CG iter 175: obj=1369557.948152, maxRC=8011.203828, +7 cols
    [CG]   [DIAG] iter=175 posCols=7 newCols=7 effImprove=7 updated=0
    [CG] CG iter 176: obj=1370131.183272, maxRC=4004.768939, +5 cols
    [CG]   [DIAG] iter=176 posCols=5 newCols=5 effImprove=5 updated=0
    [CG] CG iter 177: obj=1370131.183272, maxRC=3003.079027, +3 cols
    [CG]   [DIAG] iter=177 posCols=3 newCols=3 effImprove=3 updated=0
    [CG] CG iter 178: obj=1370131.183272, maxRC=2346.784589, +2 cols
    [CG]   [DIAG] iter=178 posCols=2 newCols=2 effImprove=2 updated=0
    [CG] CG iter 179: obj=1370131.183272, maxRC=1130.197070, +1 cols
    [CG]   [DIAG] iter=179 posCols=1 newCols=1 effImprove=1 updated=0
    [CG] CG iter 180: obj=1370131.183272, maxRC=42.112709, +1 cols
    [CG]   [DIAG] iter=180 posCols=1 newCols=1 effImprove=1 updated=0
    [CG] 列生成收敛，共 181 轮迭代
    [CG] [CG-NODE] depth=5 exit=CERTIFIED certified=1 feasible=1 iters=11 generatedColsBeforeNode=955 newCols=55 posCandidates=55 duplicateCandidates=0 updatedCols=0 zeroObjImproveIters=8 objFirst=1359051.443148 objLast=1370131.183272 objGain=11079.740124 maxRC=55377.756307 wallSec=0.193996 pricingSec=0.184768 cplexSolveSec=0.005973
    [CG] 列生成开始，初始列数=677
    [CG] CG iter 182: obj=1360765.563459, maxRC=79595.235453, +8 cols
    [CG]   [DIAG] iter=182 posCols=8 newCols=8 effImprove=8 updated=0
    [CG] CG iter 183: obj=1360765.563459, maxRC=53895.375891, +9 cols
    [CG]   [DIAG] iter=183 posCols=9 newCols=9 effImprove=9 updated=0
    [CG] CG iter 184: obj=1360935.024999, maxRC=45075.592054, +7 cols
    [CG]   [DIAG] iter=184 posCols=7 newCols=7 effImprove=7 updated=0
    [CG] CG iter 185: obj=1367190.874318, maxRC=48817.595840, +9 cols
    [CG]   [DIAG] iter=185 posCols=9 newCols=9 effImprove=9 updated=0
    [CG] CG iter 186: obj=1367190.874318, maxRC=44601.626883, +8 cols
    [CG]   [DIAG] iter=186 posCols=8 newCols=8 effImprove=8 updated=0
    [CG] CG iter 187: obj=1367605.939619, maxRC=32542.034615, +6 cols
    [CG]   [DIAG] iter=187 posCols=6 newCols=6 effImprove=6 updated=0
    [CG] CG iter 188: obj=1367605.939619, maxRC=31633.871419, +2 cols
    [CG]   [DIAG] iter=188 posCols=2 newCols=2 effImprove=2 updated=0
    [CG] CG iter 189: obj=1367605.939619, maxRC=23198.683726, +2 cols
    [CG]   [DIAG] iter=189 posCols=2 newCols=2 effImprove=2 updated=0
    [CG] CG iter 190: obj=1379205.281482, maxRC=11162.087807, +5 cols
    [CG]   [DIAG] iter=190 posCols=5 newCols=5 effImprove=5 updated=0
    [CG] CG iter 191: obj=1379205.281482, maxRC=4281.319878, +5 cols
    [CG]   [DIAG] iter=191 posCols=5 newCols=5 effImprove=5 updated=0
    [CG] CG iter 192: obj=1379205.281482, maxRC=587.740958, +2 cols
    [CG]   [DIAG] iter=192 posCols=2 newCols=2 effImprove=2 updated=0
    [CG] CG iter 193: obj=1379205.281482, maxRC=51.382872, +1 cols
    [CG]   [DIAG] iter=193 posCols=1 newCols=1 effImprove=1 updated=0
    [CG] 列生成收敛，共 194 轮迭代
    [CG] [CG-NODE] depth=5 exit=CERTIFIED certified=1 feasible=1 iters=13 generatedColsBeforeNode=1010 newCols=64 posCandidates=64 duplicateCandidates=0 updatedCols=0 zeroObjImproveIters=8 objFirst=1360765.563459 objLast=1379205.281482 objGain=18439.718023 maxRC=79595.235453 wallSec=0.214850 pricingSec=0.205432 cplexSolveSec=0.006507
    [CG] [BB-DIAG] 分支 x_{dc=2,retailer=23}, 节点数=8
    [CG] 列生成开始，初始列数=714
    [CG] CG iter 195: obj=1355838.778147, maxRC=42864.996518, +11 cols
    [CG]   [DIAG] iter=195 posCols=11 newCols=11 effImprove=11 updated=0
    [CG] CG iter 196: obj=1365686.343624, maxRC=16335.382084, +7 cols
    [CG]   [DIAG] iter=196 posCols=7 newCols=7 effImprove=7 updated=0
    [CG] CG iter 197: obj=1365686.343624, maxRC=19097.097595, +9 cols
    [CG]   [DIAG] iter=197 posCols=9 newCols=9 effImprove=9 updated=0
    [CG] CG iter 198: obj=1365686.343624, maxRC=21949.585749, +8 cols
    [CG]   [DIAG] iter=198 posCols=8 newCols=8 effImprove=8 updated=0
    [CG] CG iter 199: obj=1365686.343624, maxRC=32521.470612, +7 cols
    [CG]   [DIAG] iter=199 posCols=7 newCols=7 effImprove=7 updated=0
    [CG] CG iter 200: obj=1365686.343624, maxRC=11663.568444, +7 cols
    [CG]   [DIAG] iter=200 posCols=7 newCols=7 effImprove=7 updated=0
    [CG] CG iter 201: obj=1365686.343624, maxRC=11228.671839, +7 cols
    [CG]   [DIAG] iter=201 posCols=7 newCols=7 effImprove=7 updated=0
    [CG] CG iter 202: obj=1370063.573007, maxRC=16248.091608, +7 cols
    [CG]   [DIAG] iter=202 posCols=7 newCols=7 effImprove=7 updated=0
    [CG] CG iter 203: obj=1370063.573007, maxRC=9292.334705, +7 cols
    [CG]   [DIAG] iter=203 posCols=7 newCols=7 effImprove=7 updated=0
    [CG] CG iter 204: obj=1370063.573007, maxRC=23373.907644, +5 cols
    [CG]   [DIAG] iter=204 posCols=5 newCols=5 effImprove=5 updated=0
    [CG] CG iter 205: obj=1370063.573007, maxRC=19744.431755, +3 cols
    [CG]   [DIAG] iter=205 posCols=3 newCols=3 effImprove=3 updated=0
    [CG] CG iter 206: obj=1370063.573007, maxRC=15246.459919, +3 cols
    [CG]   [DIAG] iter=206 posCols=3 newCols=3 effImprove=3 updated=0
    [CG] CG iter 207: obj=1370063.573007, maxRC=23600.793092, +5 cols
    [CG]   [DIAG] iter=207 posCols=5 newCols=5 effImprove=5 updated=0
    [CG] CG iter 208: obj=1370063.573007, maxRC=7717.685480, +4 cols
    [CG]   [DIAG] iter=208 posCols=4 newCols=4 effImprove=4 updated=0
    [CG] CG iter 209: obj=1370063.573007, maxRC=13671.535715, +4 cols
    [CG]   [DIAG] iter=209 posCols=4 newCols=4 effImprove=4 updated=0
    [CG] CG iter 210: obj=1370063.573007, maxRC=12121.700712, +1 cols
    [CG]   [DIAG] iter=210 posCols=1 newCols=1 effImprove=1 updated=0
    [CG] CG iter 211: obj=1370063.573007, maxRC=8378.632117, +1 cols
    [CG]   [DIAG] iter=211 posCols=1 newCols=1 effImprove=1 updated=0
    [CG] CG iter 212: obj=1370063.573007, maxRC=8553.063773, +2 cols
    [CG]   [DIAG] iter=212 posCols=2 newCols=2 effImprove=2 updated=0
    [CG] CG iter 213: obj=1370063.573007, maxRC=5117.614127, +2 cols
    [CG]   [DIAG] iter=213 posCols=2 newCols=2 effImprove=2 updated=0
    [CG] CG iter 214: obj=1370063.573007, maxRC=6356.703985, +1 cols
    [CG]   [DIAG] iter=214 posCols=1 newCols=1 effImprove=1 updated=0
    [CG] CG iter 215: obj=1370063.573007, maxRC=2389.096232, +1 cols
    [CG]   [DIAG] iter=215 posCols=1 newCols=1 effImprove=1 updated=0
    [CG] CG iter 216: obj=1370063.573007, maxRC=2293.149937, +1 cols
    [CG]   [DIAG] iter=216 posCols=1 newCols=1 effImprove=1 updated=0
    [CG] CG iter 217: obj=1370063.573007, maxRC=2228.137772, +1 cols
    [CG]   [DIAG] iter=217 posCols=1 newCols=1 effImprove=1 updated=0
    [CG] CG iter 218: obj=1370063.573007, maxRC=3479.619681, +1 cols
    [CG]   [DIAG] iter=218 posCols=1 newCols=1 effImprove=1 updated=0
    [CG] CG iter 219: obj=1370063.573007, maxRC=1343.211449, +1 cols
    [CG]   [DIAG] iter=219 posCols=1 newCols=1 effImprove=1 updated=0
    [CG] CG iter 220: obj=1370063.573007, maxRC=2724.823516, +1 cols
    [CG]   [DIAG] iter=220 posCols=1 newCols=1 effImprove=1 updated=0
    [CG] CG iter 221: obj=1370063.573007, maxRC=1196.713584, +1 cols
    [CG]   [DIAG] iter=221 posCols=1 newCols=1 effImprove=1 updated=0
    [CG] CG iter 222: obj=1370063.573007, maxRC=727.915545, +1 cols
    [CG]   [DIAG] iter=222 posCols=1 newCols=1 effImprove=1 updated=0
    [CG] CG iter 223: obj=1370063.573007, maxRC=414.118454, +1 cols
    [CG]   [DIAG] iter=223 posCols=1 newCols=1 effImprove=1 updated=0
    [CG] 列生成收敛，共 224 轮迭代
    [CG] [CG-NODE] depth=6 exit=CERTIFIED certified=1 feasible=1 iters=30 generatedColsBeforeNode=1074 newCols=110 posCandidates=110 duplicateCandidates=0 updatedCols=0 zeroObjImproveIters=27 objFirst=1355838.778147 objLast=1370063.573007 objGain=14224.794860 maxRC=42864.996518 wallSec=0.484459 pricingSec=0.466999 cplexSolveSec=0.012888
    [CG] 列生成开始，初始列数=695
    [CG] CG iter 225: obj=1360765.563459, maxRC=93694.527526, +7 cols
    [CG]   [DIAG] iter=225 posCols=7 newCols=7 effImprove=7 updated=0
    [CG] CG iter 226: obj=1360765.563459, maxRC=78507.279094, +9 cols
    [CG]   [DIAG] iter=226 posCols=9 newCols=9 effImprove=9 updated=0
    [CG] CG iter 227: obj=1360765.563459, maxRC=42589.517966, +5 cols
    [CG]   [DIAG] iter=227 posCols=5 newCols=5 effImprove=5 updated=0
    [CG] CG iter 228: obj=1360765.563459, maxRC=38608.111442, +5 cols
    [CG]   [DIAG] iter=228 posCols=5 newCols=5 effImprove=5 updated=0
    [CG] CG iter 229: obj=1378264.472055, maxRC=12596.522177, +4 cols
    [CG]   [DIAG] iter=229 posCols=4 newCols=4 effImprove=4 updated=0
    [CG] CG iter 230: obj=1378264.472055, maxRC=6530.583640, +4 cols
    [CG]   [DIAG] iter=230 posCols=4 newCols=4 effImprove=4 updated=0
    [CG] CG iter 231: obj=1378264.472055, maxRC=5503.154220, +4 cols
    [CG]   [DIAG] iter=231 posCols=4 newCols=4 effImprove=4 updated=0
    [CG] CG iter 232: obj=1378264.472055, maxRC=2822.878667, +1 cols
    [CG]   [DIAG] iter=232 posCols=1 newCols=1 effImprove=1 updated=0
    [CG] CG iter 233: obj=1378264.472055, maxRC=984.231359, +1 cols
    [CG]   [DIAG] iter=233 posCols=1 newCols=1 effImprove=1 updated=0
    [CG] CG iter 234: obj=1378264.472055, maxRC=1462.105068, +1 cols
    [CG]   [DIAG] iter=234 posCols=1 newCols=1 effImprove=1 updated=0
    [CG] CG iter 235: obj=1378264.472055, maxRC=732.930043, +1 cols
    [CG]   [DIAG] iter=235 posCols=1 newCols=1 effImprove=1 updated=0
    [CG] 列生成收敛，共 236 轮迭代
    [CG] [CG-NODE] depth=6 exit=CERTIFIED certified=1 feasible=1 iters=12 generatedColsBeforeNode=1184 newCols=42 posCandidates=42 duplicateCandidates=0 updatedCols=0 zeroObjImproveIters=10 objFirst=1360765.563459 objLast=1378264.472055 objGain=17498.908596 maxRC=93694.527526 wallSec=0.191763 pricingSec=0.182780 cplexSolveSec=0.006106
    [CG] [BB-DIAG] 分支 x_{dc=3,retailer=2}, 节点数=9
    [CG] 列生成开始，初始列数=595
    [CG] CG iter 237: obj=1366019.054201, maxRC=25286.034193, +7 cols
    [CG]   [DIAG] iter=237 posCols=7 newCols=7 effImprove=7 updated=0
    [CG] CG iter 238: obj=1366019.054201, maxRC=28252.254643, +5 cols
    [CG]   [DIAG] iter=238 posCols=5 newCols=5 effImprove=5 updated=0
    [CG] CG iter 239: obj=1366019.054201, maxRC=18189.808124, +4 cols
    [CG]   [DIAG] iter=239 posCols=4 newCols=4 effImprove=4 updated=0
    [CG] CG iter 240: obj=1366019.054201, maxRC=12010.761329, +4 cols
    [CG]   [DIAG] iter=240 posCols=4 newCols=4 effImprove=4 updated=0
    [CG] CG iter 241: obj=1366019.054201, maxRC=12540.330959, +4 cols
    [CG]   [DIAG] iter=241 posCols=4 newCols=4 effImprove=4 updated=0
    [CG] CG iter 242: obj=1366019.054201, maxRC=6149.187522, +4 cols
    [CG]   [DIAG] iter=242 posCols=4 newCols=4 effImprove=4 updated=0
    [CG] CG iter 243: obj=1366019.054201, maxRC=9094.152099, +4 cols
    [CG]   [DIAG] iter=243 posCols=4 newCols=4 effImprove=4 updated=0
    [CG] CG iter 244: obj=1366019.054201, maxRC=5691.996032, +2 cols
    [CG]   [DIAG] iter=244 posCols=2 newCols=2 effImprove=2 updated=0
    [CG] CG iter 245: obj=1366019.054201, maxRC=5254.772333, +1 cols
    [CG]   [DIAG] iter=245 posCols=1 newCols=1 effImprove=1 updated=0
    [CG] CG iter 246: obj=1366019.054201, maxRC=4691.115534, +1 cols
    [CG]   [DIAG] iter=246 posCols=1 newCols=1 effImprove=1 updated=0
    [CG] CG iter 247: obj=1366019.054201, maxRC=4972.866262, +1 cols
    [CG]   [DIAG] iter=247 posCols=1 newCols=1 effImprove=1 updated=0
    [CG] CG iter 248: obj=1366019.054201, maxRC=3763.154745, +1 cols
    [CG]   [DIAG] iter=248 posCols=1 newCols=1 effImprove=1 updated=0
    [CG] CG iter 249: obj=1366019.054201, maxRC=8156.053678, +1 cols
    [CG]   [DIAG] iter=249 posCols=1 newCols=1 effImprove=1 updated=0
    [CG] CG iter 250: obj=1366019.054201, maxRC=6083.477630, +1 cols
    [CG]   [DIAG] iter=250 posCols=1 newCols=1 effImprove=1 updated=0
    [CG] CG iter 251: obj=1366019.054201, maxRC=2615.734286, +1 cols
    [CG]   [DIAG] iter=251 posCols=1 newCols=1 effImprove=1 updated=0
    [CG] CG iter 252: obj=1366019.054201, maxRC=3008.986559, +1 cols
    [CG]   [DIAG] iter=252 posCols=1 newCols=1 effImprove=1 updated=0
    [CG] CG iter 253: obj=1366019.054201, maxRC=1519.914259, +1 cols
    [CG]   [DIAG] iter=253 posCols=1 newCols=1 effImprove=1 updated=0
    [CG] CG iter 254: obj=1366019.054201, maxRC=2203.185612, +1 cols
    [CG]   [DIAG] iter=254 posCols=1 newCols=1 effImprove=1 updated=0
    [CG] CG iter 255: obj=1366019.054201, maxRC=394.822276, +1 cols
    [CG]   [DIAG] iter=255 posCols=1 newCols=1 effImprove=1 updated=0
    [CG] 列生成收敛，共 256 轮迭代
    [CG] [CG-NODE] depth=7 exit=CERTIFIED certified=1 feasible=1 iters=20 generatedColsBeforeNode=1226 newCols=45 posCandidates=45 duplicateCandidates=0 updatedCols=0 zeroObjImproveIters=19 objFirst=1366019.054201 objLast=1366019.054201 objGain=0.000000 maxRC=28252.254643 wallSec=0.356772 pricingSec=0.346788 cplexSolveSec=0.007115
    [CG] 列生成开始，初始列数=637
    [CG] CG iter 257: obj=1360765.563459, maxRC=161445.117695, +9 cols
    [CG]   [DIAG] iter=257 posCols=9 newCols=9 effImprove=9 updated=0
    [CG] CG iter 258: obj=1360765.563459, maxRC=142612.328261, +9 cols
    [CG]   [DIAG] iter=258 posCols=9 newCols=9 effImprove=9 updated=0
    [CG] CG iter 259: obj=1360765.563459, maxRC=89976.995635, +11 cols
    [CG]   [DIAG] iter=259 posCols=11 newCols=11 effImprove=11 updated=0
    [CG] CG iter 260: obj=1360765.563459, maxRC=145993.907043, +9 cols
    [CG]   [DIAG] iter=260 posCols=9 newCols=9 effImprove=9 updated=0
    [CG] CG iter 261: obj=1360765.563459, maxRC=83356.100149, +6 cols
    [CG]   [DIAG] iter=261 posCols=6 newCols=6 effImprove=6 updated=0
    [CG] CG iter 262: obj=1360765.563459, maxRC=88022.777635, +7 cols
    [CG]   [DIAG] iter=262 posCols=7 newCols=6 effImprove=7 updated=1
    [CG] CG iter 263: obj=1360765.563459, maxRC=87388.951491, +5 cols
    [CG]   [DIAG] iter=263 posCols=5 newCols=5 effImprove=5 updated=0
    [CG] CG iter 264: obj=1360765.563459, maxRC=84717.682822, +5 cols
    [CG]   [DIAG] iter=264 posCols=5 newCols=5 effImprove=5 updated=0
    [CG] CG iter 265: obj=1360765.563459, maxRC=66737.006226, +4 cols
    [CG]   [DIAG] iter=265 posCols=4 newCols=4 effImprove=4 updated=0
    [CG] CG iter 266: obj=1360765.563459, maxRC=56485.057066, +4 cols
    [CG]   [DIAG] iter=266 posCols=4 newCols=4 effImprove=4 updated=0
    [CG] CG iter 267: obj=1360765.563459, maxRC=56316.940091, +8 cols
    [CG]   [DIAG] iter=267 posCols=8 newCols=8 effImprove=8 updated=0
    [CG] CG iter 268: obj=1360765.563459, maxRC=50986.495494, +7 cols
    [CG]   [DIAG] iter=268 posCols=7 newCols=7 effImprove=7 updated=0
    [CG] CG iter 269: obj=1360765.563459, maxRC=50742.282425, +4 cols
    [CG]   [DIAG] iter=269 posCols=4 newCols=4 effImprove=4 updated=0
    [CG] CG iter 270: obj=1360765.563459, maxRC=43987.926680, +4 cols
    [CG]   [DIAG] iter=270 posCols=4 newCols=4 effImprove=4 updated=0
    [CG] CG iter 271: obj=1360765.563459, maxRC=37745.569144, +5 cols
    [CG]   [DIAG] iter=271 posCols=5 newCols=5 effImprove=5 updated=0
    [CG] CG iter 272: obj=1360765.563459, maxRC=25267.435327, +3 cols
    [CG]   [DIAG] iter=272 posCols=3 newCols=3 effImprove=3 updated=0
    [CG] CG iter 273: obj=1360765.563459, maxRC=17707.136174, +3 cols
    [CG]   [DIAG] iter=273 posCols=3 newCols=3 effImprove=3 updated=0
    [CG] CG iter 274: obj=1367964.287231, maxRC=28150.801422, +7 cols
    [CG]   [DIAG] iter=274 posCols=7 newCols=7 effImprove=7 updated=0
    [CG] CG iter 275: obj=1367964.287231, maxRC=8678.195864, +3 cols
    [CG]   [DIAG] iter=275 posCols=3 newCols=3 effImprove=3 updated=0
    [CG] CG iter 276: obj=1367964.287231, maxRC=7346.195597, +2 cols
    [CG]   [DIAG] iter=276 posCols=2 newCols=2 effImprove=2 updated=0
    [CG] CG iter 277: obj=1367964.287231, maxRC=4305.384861, +2 cols
    [CG]   [DIAG] iter=277 posCols=2 newCols=2 effImprove=2 updated=0
    [CG] CG iter 278: obj=1367964.287231, maxRC=15225.636432, +2 cols
    [CG]   [DIAG] iter=278 posCols=2 newCols=2 effImprove=2 updated=0
    [CG] CG iter 279: obj=1367964.287231, maxRC=7309.247728, +1 cols
    [CG]   [DIAG] iter=279 posCols=1 newCols=1 effImprove=1 updated=0
    [CG] CG iter 280: obj=1367964.287231, maxRC=2182.658299, +1 cols
    [CG]   [DIAG] iter=280 posCols=1 newCols=1 effImprove=1 updated=0
    [CG] CG iter 281: obj=1367964.287231, maxRC=2969.367132, +1 cols
    [CG]   [DIAG] iter=281 posCols=1 newCols=1 effImprove=1 updated=0
    [CG] CG iter 282: obj=1367964.287231, maxRC=2790.684503, +1 cols
    [CG]   [DIAG] iter=282 posCols=1 newCols=1 effImprove=1 updated=0
    [CG] CG iter 283: obj=1367964.287231, maxRC=2511.007202, +1 cols
    [CG]   [DIAG] iter=283 posCols=1 newCols=1 effImprove=1 updated=0
    [CG] CG iter 284: obj=1367964.287231, maxRC=1888.468825, +1 cols
    [CG]   [DIAG] iter=284 posCols=1 newCols=1 effImprove=1 updated=0
    [CG] CG iter 285: obj=1367964.287231, maxRC=888.691999, +1 cols
    [CG]   [DIAG] iter=285 posCols=1 newCols=1 effImprove=1 updated=0
    [CG] 列生成收敛，共 286 轮迭代
    [CG] [CG-NODE] depth=7 exit=CERTIFIED certified=1 feasible=1 iters=30 generatedColsBeforeNode=1271 newCols=125 posCandidates=126 duplicateCandidates=1 updatedCols=1 zeroObjImproveIters=28 objFirst=1360765.563459 objLast=1367964.287231 objGain=7198.723772 maxRC=161445.117695 wallSec=0.474430 pricingSec=0.455269 cplexSolveSec=0.014114
    [CG] [BB-DIAG] 分支 x_{dc=3,retailer=3}, 节点数=10
    [CG] 列生成开始，初始列数=635
    [CG] CG iter 287: obj=1352112.864908, maxRC=68276.744068, +9 cols
    [CG]   [DIAG] iter=287 posCols=9 newCols=9 effImprove=9 updated=0
    [CG] CG iter 288: obj=1356627.792020, maxRC=77147.493715, +9 cols
    [CG]   [DIAG] iter=288 posCols=9 newCols=9 effImprove=9 updated=0
    [CG] CG iter 289: obj=1356627.792020, maxRC=43811.106763, +9 cols
    [CG]   [DIAG] iter=289 posCols=9 newCols=9 effImprove=9 updated=0
    [CG] CG iter 290: obj=1356627.792020, maxRC=57637.731955, +9 cols
    [CG]   [DIAG] iter=290 posCols=9 newCols=9 effImprove=9 updated=0
    [CG] CG iter 291: obj=1356627.792020, maxRC=21404.860127, +8 cols
    [CG]   [DIAG] iter=291 posCols=8 newCols=8 effImprove=8 updated=0
    [CG] CG iter 292: obj=1356627.792020, maxRC=33044.089823, +7 cols
    [CG]   [DIAG] iter=292 posCols=7 newCols=7 effImprove=7 updated=0
    [CG] CG iter 293: obj=1360687.249911, maxRC=19935.852476, +7 cols
    [CG]   [DIAG] iter=293 posCols=7 newCols=7 effImprove=7 updated=0
    [CG] CG iter 294: obj=1360687.249911, maxRC=29996.760079, +5 cols
    [CG]   [DIAG] iter=294 posCols=5 newCols=5 effImprove=5 updated=0
    [CG] CG iter 295: obj=1360687.249911, maxRC=29851.853005, +4 cols
    [CG]   [DIAG] iter=295 posCols=4 newCols=4 effImprove=4 updated=0
    [CG] CG iter 296: obj=1360687.249911, maxRC=24159.345993, +2 cols
    [CG]   [DIAG] iter=296 posCols=2 newCols=2 effImprove=2 updated=0
    [CG] CG iter 297: obj=1360687.249911, maxRC=17937.504564, +1 cols
    [CG]   [DIAG] iter=297 posCols=1 newCols=1 effImprove=1 updated=0
    [CG] CG iter 298: obj=1360687.249911, maxRC=6241.377474, +1 cols
    [CG]   [DIAG] iter=298 posCols=1 newCols=1 effImprove=1 updated=0
    [CG] CG iter 299: obj=1360687.249911, maxRC=5070.431109, +1 cols
    [CG]   [DIAG] iter=299 posCols=1 newCols=1 effImprove=1 updated=0
    [CG] CG iter 300: obj=1360687.249911, maxRC=5058.710779, +1 cols
    [CG]   [DIAG] iter=300 posCols=1 newCols=1 effImprove=1 updated=0
    [CG] CG iter 301: obj=1360687.249911, maxRC=4871.559830, +1 cols
    [CG]   [DIAG] iter=301 posCols=1 newCols=1 effImprove=1 updated=0
    [CG] CG iter 302: obj=1360687.249911, maxRC=5303.849669, +1 cols
    [CG]   [DIAG] iter=302 posCols=1 newCols=1 effImprove=1 updated=0
    [CG] CG iter 303: obj=1360687.249911, maxRC=3074.399900, +1 cols
    [CG]   [DIAG] iter=303 posCols=1 newCols=1 effImprove=1 updated=0
    [CG] CG iter 304: obj=1360687.249911, maxRC=3644.313589, +1 cols
    [CG]   [DIAG] iter=304 posCols=1 newCols=1 effImprove=1 updated=0
    [CG] CG iter 305: obj=1360687.249911, maxRC=1169.550255, +1 cols
    [CG]   [DIAG] iter=305 posCols=1 newCols=1 effImprove=1 updated=0
    [CG] CG iter 306: obj=1360687.249911, maxRC=876.319762, +1 cols
    [CG]   [DIAG] iter=306 posCols=1 newCols=1 effImprove=1 updated=0
    [CG] 列生成收敛，共 307 轮迭代
    [CG] [CG-NODE] depth=8 exit=CERTIFIED certified=1 feasible=1 iters=21 generatedColsBeforeNode=1396 newCols=79 posCandidates=79 duplicateCandidates=0 updatedCols=0 zeroObjImproveIters=18 objFirst=1352112.864908 objLast=1360687.249911 objGain=8574.385003 maxRC=77147.493715 wallSec=0.329270 pricingSec=0.315788 cplexSolveSec=0.009329
    [CG] 列生成开始，初始列数=710
    [CG] CG iter 308: obj=1367326.057517, maxRC=33602.533123, +6 cols
    [CG]   [DIAG] iter=308 posCols=6 newCols=6 effImprove=6 updated=0
    [CG] CG iter 309: obj=1367326.057517, maxRC=31757.578467, +5 cols
    [CG]   [DIAG] iter=309 posCols=5 newCols=5 effImprove=5 updated=0
    [CG] CG iter 310: obj=1367326.057517, maxRC=12011.840694, +3 cols
    [CG]   [DIAG] iter=310 posCols=3 newCols=3 effImprove=3 updated=0
    [CG] CG iter 311: obj=1367326.057517, maxRC=19482.900705, +3 cols
    [CG]   [DIAG] iter=311 posCols=3 newCols=3 effImprove=3 updated=0
    [CG] CG iter 312: obj=1367326.057517, maxRC=11069.842268, +1 cols
    [CG]   [DIAG] iter=312 posCols=1 newCols=1 effImprove=1 updated=0
    [CG] CG iter 313: obj=1367326.057517, maxRC=7354.155241, +1 cols
    [CG]   [DIAG] iter=313 posCols=1 newCols=1 effImprove=1 updated=0
    [CG] CG iter 314: obj=1367326.057517, maxRC=6526.527976, +1 cols
    [CG]   [DIAG] iter=314 posCols=1 newCols=1 effImprove=1 updated=0
    [CG] CG iter 315: obj=1367326.057517, maxRC=8290.189785, +2 cols
    [CG]   [DIAG] iter=315 posCols=2 newCols=2 effImprove=2 updated=0
    [CG] CG iter 316: obj=1367326.057517, maxRC=6388.746605, +1 cols
    [CG]   [DIAG] iter=316 posCols=1 newCols=1 effImprove=1 updated=0
    [CG] CG iter 317: obj=1367326.057517, maxRC=5334.857092, +1 cols
    [CG]   [DIAG] iter=317 posCols=1 newCols=1 effImprove=1 updated=0
    [CG] CG iter 318: obj=1367326.057517, maxRC=5440.551979, +1 cols
    [CG]   [DIAG] iter=318 posCols=1 newCols=1 effImprove=1 updated=0
    [CG] CG iter 319: obj=1367326.057517, maxRC=4166.253988, +1 cols
    [CG]   [DIAG] iter=319 posCols=1 newCols=1 effImprove=1 updated=0
    [CG] CG iter 320: obj=1367326.057517, maxRC=4928.879126, +1 cols
    [CG]   [DIAG] iter=320 posCols=1 newCols=1 effImprove=1 updated=0
    [CG] CG iter 321: obj=1367326.057517, maxRC=5047.665638, +1 cols
    [CG]   [DIAG] iter=321 posCols=1 newCols=1 effImprove=1 updated=0
    [CG] CG iter 322: obj=1367326.057517, maxRC=4485.853075, +1 cols
    [CG]   [DIAG] iter=322 posCols=1 newCols=1 effImprove=1 updated=0
    [CG] CG iter 323: obj=1367326.057517, maxRC=4740.996021, +1 cols
    [CG]   [DIAG] iter=323 posCols=1 newCols=1 effImprove=1 updated=0
    [CG] CG iter 324: obj=1367326.057517, maxRC=3384.634766, +1 cols
    [CG]   [DIAG] iter=324 posCols=1 newCols=1 effImprove=1 updated=0
    [CG] CG iter 325: obj=1367326.057517, maxRC=1837.685105, +1 cols
    [CG]   [DIAG] iter=325 posCols=1 newCols=1 effImprove=1 updated=0
    [CG] CG iter 326: obj=1367326.057517, maxRC=964.582982, +1 cols
    [CG]   [DIAG] iter=326 posCols=1 newCols=1 effImprove=1 updated=0
    [CG] CG iter 327: obj=1367326.057517, maxRC=1756.639553, +1 cols
    [CG]   [DIAG] iter=327 posCols=1 newCols=1 effImprove=1 updated=0
    [CG] CG iter 328: obj=1367326.057517, maxRC=952.013023, +1 cols
    [CG]   [DIAG] iter=328 posCols=1 newCols=1 effImprove=1 updated=0
    [CG] CG iter 329: obj=1367326.057517, maxRC=1349.047021, +1 cols
    [CG]   [DIAG] iter=329 posCols=1 newCols=1 effImprove=1 updated=0
    [CG] CG iter 330: obj=1367326.057517, maxRC=281.141306, +1 cols
    [CG]   [DIAG] iter=330 posCols=1 newCols=1 effImprove=1 updated=0
    [CG] 列生成收敛，共 331 轮迭代
    [CG] [CG-NODE] depth=8 exit=CERTIFIED certified=1 feasible=1 iters=24 generatedColsBeforeNode=1475 newCols=37 posCandidates=37 duplicateCandidates=0 updatedCols=0 zeroObjImproveIters=23 objFirst=1367326.057517 objLast=1367326.057517 objGain=0.000000 maxRC=33602.533123 wallSec=0.410080 pricingSec=0.396408 cplexSolveSec=0.009776
    [CG] [BB-DIAG] 分支 x_{dc=3,retailer=4}, 节点数=11
    [CG] 列生成开始，初始列数=704
    [CG] CG iter 332: obj=1355980.827594, maxRC=38272.658331, +6 cols
    [CG]   [DIAG] iter=332 posCols=6 newCols=6 effImprove=6 updated=0
    [CG] CG iter 333: obj=1355980.827594, maxRC=13110.962343, +2 cols
    [CG]   [DIAG] iter=333 posCols=2 newCols=2 effImprove=2 updated=0
    [CG] CG iter 334: obj=1355980.827594, maxRC=6919.320760, +2 cols
    [CG]   [DIAG] iter=334 posCols=2 newCols=2 effImprove=2 updated=0
    [CG] CG iter 335: obj=1355980.827594, maxRC=6843.524630, +1 cols
    [CG]   [DIAG] iter=335 posCols=1 newCols=1 effImprove=1 updated=0
    [CG] CG iter 336: obj=1355980.827594, maxRC=3901.906554, +1 cols
    [CG]   [DIAG] iter=336 posCols=1 newCols=1 effImprove=1 updated=0
    [CG] CG iter 337: obj=1355980.827594, maxRC=2112.671331, +1 cols
    [CG]   [DIAG] iter=337 posCols=1 newCols=1 effImprove=1 updated=0
    [CG] CG iter 338: obj=1355980.827594, maxRC=2395.629169, +1 cols
    [CG]   [DIAG] iter=338 posCols=1 newCols=1 effImprove=1 updated=0
    [CG] CG iter 339: obj=1355980.827594, maxRC=2017.047861, +1 cols
    [CG]   [DIAG] iter=339 posCols=1 newCols=1 effImprove=1 updated=0
    [CG] CG iter 340: obj=1355980.827594, maxRC=1775.864387, +1 cols
    [CG]   [DIAG] iter=340 posCols=1 newCols=1 effImprove=1 updated=0
    [CG] CG iter 341: obj=1355980.827594, maxRC=1344.890760, +1 cols
    [CG]   [DIAG] iter=341 posCols=1 newCols=1 effImprove=1 updated=0
    [CG] CG iter 342: obj=1355980.827594, maxRC=1165.423498, +1 cols
    [CG]   [DIAG] iter=342 posCols=1 newCols=1 effImprove=1 updated=0
    [CG] CG iter 343: obj=1355980.827594, maxRC=892.456791, +1 cols
    [CG]   [DIAG] iter=343 posCols=1 newCols=1 effImprove=1 updated=0
    [CG] CG iter 344: obj=1355980.827594, maxRC=648.078571, +1 cols
    [CG]   [DIAG] iter=344 posCols=1 newCols=1 effImprove=1 updated=0
    [CG] CG iter 345: obj=1355980.827594, maxRC=608.240545, +1 cols
    [CG]   [DIAG] iter=345 posCols=1 newCols=1 effImprove=1 updated=0
    [CG] CG iter 346: obj=1355980.827594, maxRC=289.904539, +1 cols
    [CG]   [DIAG] iter=346 posCols=1 newCols=1 effImprove=1 updated=0
    [CG] CG iter 347: obj=1355980.827594, maxRC=36.163152, +1 cols
    [CG]   [DIAG] iter=347 posCols=1 newCols=1 effImprove=1 updated=0
    [CG] 列生成收敛，共 348 轮迭代
    [CG] [CG-NODE] depth=9 exit=CERTIFIED certified=1 feasible=1 iters=17 generatedColsBeforeNode=1512 newCols=23 posCandidates=23 duplicateCandidates=0 updatedCols=0 zeroObjImproveIters=16 objFirst=1355980.827594 objLast=1355980.827594 objGain=0.000000 maxRC=38272.658331 wallSec=0.284636 pricingSec=0.274426 cplexSolveSec=0.006944
    [CG] 列生成开始，初始列数=658
    [CG] CG iter 349: obj=1360765.563459, maxRC=196727.952235, +8 cols
    [CG]   [DIAG] iter=349 posCols=8 newCols=8 effImprove=8 updated=0
    [CG] CG iter 350: obj=1360765.563459, maxRC=184028.108420, +9 cols
    [CG]   [DIAG] iter=350 posCols=9 newCols=9 effImprove=9 updated=0
    [CG] CG iter 351: obj=1360765.563459, maxRC=126860.392200, +7 cols
    [CG]   [DIAG] iter=351 posCols=7 newCols=7 effImprove=7 updated=0
    [CG] CG iter 352: obj=1360765.563459, maxRC=120546.458723, +7 cols
    [CG]   [DIAG] iter=352 posCols=7 newCols=7 effImprove=7 updated=0
    [CG] CG iter 353: obj=1360765.563459, maxRC=76472.593379, +7 cols
    [CG]   [DIAG] iter=353 posCols=7 newCols=7 effImprove=7 updated=0
    [CG] CG iter 354: obj=1360765.563459, maxRC=61860.808527, +7 cols
    [CG]   [DIAG] iter=354 posCols=7 newCols=7 effImprove=7 updated=0
    [CG] CG iter 355: obj=1360765.563459, maxRC=36316.227168, +4 cols
    [CG]   [DIAG] iter=355 posCols=4 newCols=4 effImprove=4 updated=0
    [CG] CG iter 356: obj=1360765.563459, maxRC=28687.202166, +1 cols
    [CG]   [DIAG] iter=356 posCols=1 newCols=1 effImprove=1 updated=0
    [CG] CG iter 357: obj=1360765.563459, maxRC=22079.342919, +4 cols
    [CG]   [DIAG] iter=357 posCols=4 newCols=4 effImprove=4 updated=0
    [CG] CG iter 358: obj=1360765.563459, maxRC=25834.142932, +3 cols
    [CG]   [DIAG] iter=358 posCols=3 newCols=3 effImprove=3 updated=0
    [CG] CG iter 359: obj=1360765.563459, maxRC=11155.530939, +3 cols
    [CG]   [DIAG] iter=359 posCols=3 newCols=3 effImprove=3 updated=0
    [CG] CG iter 360: obj=1360765.563459, maxRC=8233.296331, +4 cols
    [CG]   [DIAG] iter=360 posCols=4 newCols=4 effImprove=4 updated=0
    [CG] CG iter 361: obj=1360765.563459, maxRC=9685.127771, +2 cols
    [CG]   [DIAG] iter=361 posCols=2 newCols=2 effImprove=2 updated=0
    [CG] CG iter 362: obj=1360765.563459, maxRC=10816.033961, +3 cols
    [CG]   [DIAG] iter=362 posCols=3 newCols=3 effImprove=3 updated=0
    [CG] CG iter 363: obj=1360765.563459, maxRC=7133.642259, +1 cols
    [CG]   [DIAG] iter=363 posCols=1 newCols=1 effImprove=1 updated=0
    [CG] CG iter 364: obj=1360765.563459, maxRC=4617.729177, +1 cols
    [CG]   [DIAG] iter=364 posCols=1 newCols=1 effImprove=1 updated=0
    [CG] CG iter 365: obj=1360765.563459, maxRC=4920.942535, +1 cols
    [CG]   [DIAG] iter=365 posCols=1 newCols=1 effImprove=1 updated=0
    [CG] CG iter 366: obj=1360765.563459, maxRC=3706.391783, +1 cols
    [CG]   [DIAG] iter=366 posCols=1 newCols=1 effImprove=1 updated=0
    [CG] CG iter 367: obj=1360765.563459, maxRC=1785.645730, +1 cols
    [CG]   [DIAG] iter=367 posCols=1 newCols=1 effImprove=1 updated=0
    [CG] CG iter 368: obj=1360765.563459, maxRC=1916.812476, +1 cols
    [CG]   [DIAG] iter=368 posCols=1 newCols=1 effImprove=1 updated=0
    [CG] CG iter 369: obj=1360765.563459, maxRC=1569.558815, +1 cols
    [CG]   [DIAG] iter=369 posCols=1 newCols=1 effImprove=1 updated=0
    [CG] CG iter 370: obj=1360765.563459, maxRC=625.207557, +1 cols
    [CG]   [DIAG] iter=370 posCols=1 newCols=1 effImprove=1 updated=0
    [CG] 列生成收敛，共 371 轮迭代
    [CG] [CG-NODE] depth=9 exit=CERTIFIED certified=1 feasible=1 iters=23 generatedColsBeforeNode=1535 newCols=77 posCandidates=77 duplicateCandidates=0 updatedCols=0 zeroObjImproveIters=22 objFirst=1360765.563459 objLast=1360765.563459 objGain=0.000000 maxRC=196727.952235 wallSec=0.406604 pricingSec=0.390912 cplexSolveSec=0.010982
    [CG] [BB-DIAG] 分支 x_{dc=3,retailer=3}, 节点数=12
    [CG] 列生成开始，初始列数=593
    [CG] CG iter 372: obj=1342463.758187, maxRC=84270.517017, +9 cols
    [CG]   [DIAG] iter=372 posCols=9 newCols=9 effImprove=9 updated=0
    [CG] CG iter 373: obj=1342463.758187, maxRC=72952.334311, +9 cols
    [CG]   [DIAG] iter=373 posCols=9 newCols=9 effImprove=9 updated=0
    [CG] CG iter 374: obj=1342463.758187, maxRC=23326.510963, +7 cols
    [CG]   [DIAG] iter=374 posCols=7 newCols=7 effImprove=7 updated=0
    [CG] CG iter 375: obj=1351815.950050, maxRC=39041.989822, +7 cols
    [CG]   [DIAG] iter=375 posCols=7 newCols=7 effImprove=7 updated=0
    [CG] CG iter 376: obj=1351815.950050, maxRC=25357.498463, +7 cols
    [CG]   [DIAG] iter=376 posCols=7 newCols=7 effImprove=7 updated=0
    [CG] CG iter 377: obj=1351815.950050, maxRC=19221.980693, +7 cols
    [CG]   [DIAG] iter=377 posCols=7 newCols=7 effImprove=7 updated=0
    [CG] CG iter 378: obj=1351815.950050, maxRC=20946.224786, +7 cols
    [CG]   [DIAG] iter=378 posCols=7 newCols=7 effImprove=7 updated=0
    [CG] CG iter 379: obj=1351815.950050, maxRC=13889.186230, +4 cols
    [CG]   [DIAG] iter=379 posCols=4 newCols=4 effImprove=4 updated=0
    [CG] CG iter 380: obj=1358760.543165, maxRC=5484.008598, +5 cols
    [CG]   [DIAG] iter=380 posCols=5 newCols=5 effImprove=5 updated=0
    [CG] CG iter 381: obj=1358760.543165, maxRC=3032.781635, +3 cols
    [CG]   [DIAG] iter=381 posCols=3 newCols=3 effImprove=3 updated=0
    [CG] CG iter 382: obj=1358760.543165, maxRC=1422.207365, +1 cols
    [CG]   [DIAG] iter=382 posCols=1 newCols=1 effImprove=1 updated=0
    [CG] CG iter 383: obj=1358760.543165, maxRC=348.667277, +1 cols
    [CG]   [DIAG] iter=383 posCols=1 newCols=1 effImprove=1 updated=0
    [CG] 列生成收敛，共 384 轮迭代
    [CG] [CG-NODE] depth=8 exit=CERTIFIED certified=1 feasible=1 iters=13 generatedColsBeforeNode=1612 newCols=67 posCandidates=67 duplicateCandidates=0 updatedCols=0 zeroObjImproveIters=10 objFirst=1342463.758187 objLast=1358760.543165 objGain=16296.784978 maxRC=84270.517017 wallSec=0.203891 pricingSec=0.194947 cplexSolveSec=0.006221
    [CG] 列生成开始，初始列数=565
    [CG] CG iter 385: obj=1359256.225845, maxRC=27154.661319, +7 cols
    [CG]   [DIAG] iter=385 posCols=7 newCols=7 effImprove=7 updated=0
    [CG] CG iter 386: obj=1359256.225845, maxRC=25352.967955, +3 cols
    [CG]   [DIAG] iter=386 posCols=3 newCols=3 effImprove=3 updated=0
    [CG] CG iter 387: obj=1361357.903278, maxRC=45006.592806, +8 cols
    [CG]   [DIAG] iter=387 posCols=8 newCols=8 effImprove=8 updated=0
    [CG] CG iter 388: obj=1362347.663960, maxRC=23112.078657, +3 cols
    [CG]   [DIAG] iter=388 posCols=3 newCols=3 effImprove=3 updated=0
    [CG] CG iter 389: obj=1364871.237856, maxRC=8295.550327, +3 cols
    [CG]   [DIAG] iter=389 posCols=3 newCols=3 effImprove=3 updated=0
    [CG] CG iter 390: obj=1364871.237856, maxRC=5722.688250, +2 cols
    [CG]   [DIAG] iter=390 posCols=2 newCols=2 effImprove=2 updated=0
    [CG] CG iter 391: obj=1364871.237856, maxRC=7851.189077, +2 cols
    [CG]   [DIAG] iter=391 posCols=2 newCols=2 effImprove=2 updated=0
    [CG] CG iter 392: obj=1364871.237856, maxRC=6041.074447, +1 cols
    [CG]   [DIAG] iter=392 posCols=1 newCols=1 effImprove=1 updated=0
    [CG] CG iter 393: obj=1364871.237856, maxRC=4711.518498, +1 cols
    [CG]   [DIAG] iter=393 posCols=1 newCols=1 effImprove=1 updated=0
    [CG] CG iter 394: obj=1364871.237856, maxRC=7439.348930, +2 cols
    [CG]   [DIAG] iter=394 posCols=2 newCols=2 effImprove=2 updated=0
    [CG] CG iter 395: obj=1364871.237856, maxRC=4628.062346, +1 cols
    [CG]   [DIAG] iter=395 posCols=1 newCols=1 effImprove=1 updated=0
    [CG] CG iter 396: obj=1364871.237856, maxRC=4465.059538, +1 cols
    [CG]   [DIAG] iter=396 posCols=1 newCols=1 effImprove=1 updated=0
    [CG] CG iter 397: obj=1364871.237856, maxRC=3944.101586, +1 cols
    [CG]   [DIAG] iter=397 posCols=1 newCols=1 effImprove=1 updated=0
    [CG] CG iter 398: obj=1364871.237856, maxRC=5571.989157, +1 cols
    [CG]   [DIAG] iter=398 posCols=1 newCols=1 effImprove=1 updated=0
    [CG] CG iter 399: obj=1364871.237856, maxRC=3078.944626, +1 cols
    [CG]   [DIAG] iter=399 posCols=1 newCols=1 effImprove=1 updated=0
    [CG] CG iter 400: obj=1364871.237856, maxRC=3621.657175, +1 cols
    [CG]   [DIAG] iter=400 posCols=1 newCols=1 effImprove=1 updated=0
    [CG] CG iter 401: obj=1364871.237856, maxRC=2082.251614, +1 cols
    [CG]   [DIAG] iter=401 posCols=1 newCols=1 effImprove=1 updated=0
    [CG] CG iter 402: obj=1364871.237856, maxRC=807.234122, +1 cols
    [CG]   [DIAG] iter=402 posCols=1 newCols=1 effImprove=1 updated=0
    [CG] CG iter 403: obj=1364871.237856, maxRC=791.392709, +1 cols
    [CG]   [DIAG] iter=403 posCols=1 newCols=1 effImprove=1 updated=0
    [CG] CG iter 404: obj=1364871.237856, maxRC=386.644803, +1 cols
    [CG]   [DIAG] iter=404 posCols=1 newCols=1 effImprove=1 updated=0
    [CG] CG iter 405: obj=1364871.237856, maxRC=96.706260, +1 cols
    [CG]   [DIAG] iter=405 posCols=1 newCols=1 effImprove=1 updated=0
    [CG] 列生成收敛，共 406 轮迭代
    [CG] [CG-NODE] depth=8 exit=CERTIFIED certified=1 feasible=1 iters=22 generatedColsBeforeNode=1679 newCols=43 posCandidates=43 duplicateCandidates=0 updatedCols=0 zeroObjImproveIters=18 objFirst=1359256.225845 objLast=1364871.237856 objGain=5615.012012 maxRC=45006.592806 wallSec=0.378423 pricingSec=0.367298 cplexSolveSec=0.007808
    [CG] [BB-DIAG] 分支 x_{dc=3,retailer=4}, 节点数=13
    [CG] 列生成开始，初始列数=590
    [CG] CG iter 407: obj=1353306.036890, maxRC=49705.448446, +8 cols
    [CG]   [DIAG] iter=407 posCols=8 newCols=8 effImprove=8 updated=0
    [CG] CG iter 408: obj=1353306.036890, maxRC=12659.074554, +4 cols
    [CG]   [DIAG] iter=408 posCols=4 newCols=4 effImprove=4 updated=0
    [CG] CG iter 409: obj=1353306.036890, maxRC=20222.702724, +4 cols
    [CG]   [DIAG] iter=409 posCols=4 newCols=4 effImprove=4 updated=0
    [CG] CG iter 410: obj=1353306.036890, maxRC=18721.118519, +4 cols
    [CG]   [DIAG] iter=410 posCols=4 newCols=4 effImprove=4 updated=0
    [CG] CG iter 411: obj=1353306.036890, maxRC=10546.383520, +4 cols
    [CG]   [DIAG] iter=411 posCols=4 newCols=4 effImprove=4 updated=0
    [CG] CG iter 412: obj=1353306.036890, maxRC=10259.389521, +2 cols
    [CG]   [DIAG] iter=412 posCols=2 newCols=2 effImprove=2 updated=0
    [CG] CG iter 413: obj=1353306.036890, maxRC=6701.867833, +4 cols
    [CG]   [DIAG] iter=413 posCols=4 newCols=4 effImprove=4 updated=0
    [CG] CG iter 414: obj=1353306.036890, maxRC=5719.699943, +3 cols
    [CG]   [DIAG] iter=414 posCols=3 newCols=3 effImprove=3 updated=0
    [CG] CG iter 415: obj=1353306.036890, maxRC=5085.912379, +3 cols
    [CG]   [DIAG] iter=415 posCols=3 newCols=3 effImprove=3 updated=0
    [CG] CG iter 416: obj=1353306.036890, maxRC=7549.398546, +4 cols
    [CG]   [DIAG] iter=416 posCols=4 newCols=4 effImprove=4 updated=0
    [CG] CG iter 417: obj=1353306.036890, maxRC=5351.512230, +2 cols
    [CG]   [DIAG] iter=417 posCols=2 newCols=2 effImprove=2 updated=0
    [CG] CG iter 418: obj=1353306.036890, maxRC=3828.701990, +1 cols
    [CG]   [DIAG] iter=418 posCols=1 newCols=1 effImprove=1 updated=0
    [CG] CG iter 419: obj=1353306.036890, maxRC=5202.199255, +2 cols
    [CG]   [DIAG] iter=419 posCols=2 newCols=2 effImprove=2 updated=0
    [CG] CG iter 420: obj=1353306.036890, maxRC=6354.890208, +1 cols
    [CG]   [DIAG] iter=420 posCols=1 newCols=1 effImprove=1 updated=0
    [CG] CG iter 421: obj=1353306.036890, maxRC=5189.303855, +1 cols
    [CG]   [DIAG] iter=421 posCols=1 newCols=1 effImprove=1 updated=0
    [CG] CG iter 422: obj=1353306.036890, maxRC=3205.540124, +1 cols
    [CG]   [DIAG] iter=422 posCols=1 newCols=1 effImprove=1 updated=0
    [CG] CG iter 423: obj=1353306.036890, maxRC=3338.411432, +1 cols
    [CG]   [DIAG] iter=423 posCols=1 newCols=1 effImprove=1 updated=0
    [CG] CG iter 424: obj=1353306.036890, maxRC=2890.520197, +1 cols
    [CG]   [DIAG] iter=424 posCols=1 newCols=1 effImprove=1 updated=0
    [CG] CG iter 425: obj=1353306.036890, maxRC=2113.789870, +1 cols
    [CG]   [DIAG] iter=425 posCols=1 newCols=1 effImprove=1 updated=0
    [CG] CG iter 426: obj=1353306.036890, maxRC=1738.059027, +1 cols
    [CG]   [DIAG] iter=426 posCols=1 newCols=1 effImprove=1 updated=0
    [CG] CG iter 427: obj=1353306.036890, maxRC=2332.186615, +1 cols
    [CG]   [DIAG] iter=427 posCols=1 newCols=1 effImprove=1 updated=0
    [CG] CG iter 428: obj=1353306.036890, maxRC=970.744942, +1 cols
    [CG]   [DIAG] iter=428 posCols=1 newCols=1 effImprove=1 updated=0
    [CG] CG iter 429: obj=1353306.036890, maxRC=790.984338, +1 cols
    [CG]   [DIAG] iter=429 posCols=1 newCols=1 effImprove=1 updated=0
    [CG] CG iter 430: obj=1353306.036890, maxRC=243.450998, +1 cols
    [CG]   [DIAG] iter=430 posCols=1 newCols=1 effImprove=1 updated=0
    [CG] 列生成收敛，共 431 轮迭代
    [CG] [CG-NODE] depth=9 exit=CERTIFIED certified=1 feasible=1 iters=25 generatedColsBeforeNode=1722 newCols=56 posCandidates=56 duplicateCandidates=0 updatedCols=0 zeroObjImproveIters=24 objFirst=1353306.036890 objLast=1353306.036890 objGain=0.000000 maxRC=49705.448446 wallSec=0.426979 pricingSec=0.414281 cplexSolveSec=0.009071
    [CG] 列生成开始，初始列数=566
    [CG] CG iter 432: obj=1336274.727750, maxRC=365530.311656, +13 cols
    [CG]   [DIAG] iter=432 posCols=13 newCols=13 effImprove=13 updated=0
    [CG] CG iter 433: obj=1336274.727750, maxRC=265235.557752, +9 cols
    [CG]   [DIAG] iter=433 posCols=9 newCols=9 effImprove=9 updated=0
    [CG] CG iter 434: obj=1336274.727750, maxRC=155706.835396, +9 cols
    [CG]   [DIAG] iter=434 posCols=9 newCols=9 effImprove=9 updated=0
    [CG] CG iter 435: obj=1336274.727750, maxRC=160455.968703, +9 cols
    [CG]   [DIAG] iter=435 posCols=9 newCols=9 effImprove=9 updated=0
    [CG] CG iter 436: obj=1336274.727750, maxRC=150509.582834, +9 cols
    [CG]   [DIAG] iter=436 posCols=9 newCols=9 effImprove=9 updated=0
    [CG] CG iter 437: obj=1336274.727750, maxRC=144202.083725, +8 cols
    [CG]   [DIAG] iter=437 posCols=8 newCols=8 effImprove=8 updated=0
    [CG] CG iter 438: obj=1336274.727750, maxRC=104034.745451, +8 cols
    [CG]   [DIAG] iter=438 posCols=8 newCols=8 effImprove=8 updated=0
    [CG] CG iter 439: obj=1336274.727750, maxRC=98145.204436, +8 cols
    [CG]   [DIAG] iter=439 posCols=8 newCols=8 effImprove=8 updated=0
    [CG] CG iter 440: obj=1336274.727750, maxRC=78015.609975, +8 cols
    [CG]   [DIAG] iter=440 posCols=8 newCols=8 effImprove=8 updated=0
    [CG] CG iter 441: obj=1336781.413094, maxRC=64168.029997, +6 cols
    [CG]   [DIAG] iter=441 posCols=6 newCols=6 effImprove=6 updated=0
    [CG] CG iter 442: obj=1336781.413094, maxRC=51835.565611, +8 cols
    [CG]   [DIAG] iter=442 posCols=8 newCols=8 effImprove=8 updated=0
    [CG] CG iter 443: obj=1346979.980066, maxRC=31169.875577, +4 cols
    [CG]   [DIAG] iter=443 posCols=4 newCols=4 effImprove=4 updated=0
    [CG] CG iter 444: obj=1346979.980066, maxRC=12368.232833, +3 cols
    [CG]   [DIAG] iter=444 posCols=3 newCols=3 effImprove=3 updated=0
    [CG] CG iter 445: obj=1346979.980066, maxRC=9167.146953, +2 cols
    [CG]   [DIAG] iter=445 posCols=2 newCols=2 effImprove=2 updated=0
    [CG] CG iter 446: obj=1346979.980066, maxRC=6951.422394, +2 cols
    [CG]   [DIAG] iter=446 posCols=2 newCols=2 effImprove=2 updated=0
    [CG] CG iter 447: obj=1346979.980066, maxRC=3638.331915, +3 cols
    [CG]   [DIAG] iter=447 posCols=3 newCols=3 effImprove=3 updated=0
    [CG] CG iter 448: obj=1346979.980066, maxRC=3544.371472, +1 cols
    [CG]   [DIAG] iter=448 posCols=1 newCols=1 effImprove=1 updated=0
    [CG] CG iter 449: obj=1346979.980066, maxRC=4285.320711, +2 cols
    [CG]   [DIAG] iter=449 posCols=2 newCols=2 effImprove=2 updated=0
    [CG] CG iter 450: obj=1346979.980066, maxRC=1629.424201, +1 cols
    [CG]   [DIAG] iter=450 posCols=1 newCols=1 effImprove=1 updated=0
    [CG] CG iter 451: obj=1346979.980066, maxRC=818.210334, +1 cols
    [CG]   [DIAG] iter=451 posCols=1 newCols=1 effImprove=1 updated=0
    [CG] CG iter 452: obj=1346979.980066, maxRC=543.892123, +1 cols
    [CG]   [DIAG] iter=452 posCols=1 newCols=1 effImprove=1 updated=0
    [CG] 列生成收敛，共 453 轮迭代
    [CG] [CG-NODE] depth=9 exit=CERTIFIED certified=1 feasible=1 iters=22 generatedColsBeforeNode=1778 newCols=115 posCandidates=115 duplicateCandidates=0 updatedCols=0 zeroObjImproveIters=19 objFirst=1336274.727750 objLast=1346979.980066 objGain=10705.252315 maxRC=365530.311656 wallSec=0.336415 pricingSec=0.323159 cplexSolveSec=0.009182
    [CG] [BB-DIAG] 分支 x_{dc=3,retailer=2}, 节点数=14
    [CG] 列生成开始，初始列数=668
    [CG] CG iter 454: obj=1353440.925769, maxRC=32682.939667, +8 cols
    [CG]   [DIAG] iter=454 posCols=8 newCols=8 effImprove=8 updated=0
    [CG] CG iter 455: obj=1353440.925769, maxRC=21210.075717, +6 cols
    [CG]   [DIAG] iter=455 posCols=6 newCols=6 effImprove=6 updated=0
    [CG] CG iter 456: obj=1353440.925769, maxRC=20245.655714, +6 cols
    [CG]   [DIAG] iter=456 posCols=6 newCols=6 effImprove=6 updated=0
    [CG] CG iter 457: obj=1353440.925769, maxRC=16407.505011, +5 cols
    [CG]   [DIAG] iter=457 posCols=5 newCols=5 effImprove=5 updated=0
    [CG] CG iter 458: obj=1353440.925769, maxRC=19300.539042, +5 cols
    [CG]   [DIAG] iter=458 posCols=5 newCols=5 effImprove=5 updated=0
    [CG] CG iter 459: obj=1353440.925769, maxRC=11345.938382, +6 cols
    [CG]   [DIAG] iter=459 posCols=6 newCols=6 effImprove=6 updated=0
    [CG] CG iter 460: obj=1357801.294845, maxRC=9246.375361, +3 cols
    [CG]   [DIAG] iter=460 posCols=3 newCols=3 effImprove=3 updated=0
    [CG] CG iter 461: obj=1357801.294845, maxRC=9849.695477, +3 cols
    [CG]   [DIAG] iter=461 posCols=3 newCols=3 effImprove=3 updated=0
    [CG] CG iter 462: obj=1357801.294845, maxRC=5622.497793, +3 cols
    [CG]   [DIAG] iter=462 posCols=3 newCols=2 effImprove=3 updated=1
    [CG] CG iter 463: obj=1357801.294845, maxRC=6443.250477, +3 cols
    [CG]   [DIAG] iter=463 posCols=3 newCols=3 effImprove=3 updated=0
    [CG] CG iter 464: obj=1357801.294845, maxRC=5074.051903, +1 cols
    [CG]   [DIAG] iter=464 posCols=1 newCols=1 effImprove=1 updated=0
    [CG] CG iter 465: obj=1357801.294845, maxRC=4142.908671, +2 cols
    [CG]   [DIAG] iter=465 posCols=2 newCols=2 effImprove=2 updated=0
    [CG] CG iter 466: obj=1357801.294845, maxRC=3965.007188, +2 cols
    [CG]   [DIAG] iter=466 posCols=2 newCols=2 effImprove=2 updated=0
    [CG] CG iter 467: obj=1357801.294845, maxRC=3373.138718, +1 cols
    [CG]   [DIAG] iter=467 posCols=1 newCols=1 effImprove=1 updated=0
    [CG] CG iter 468: obj=1357801.294845, maxRC=2721.397424, +1 cols
    [CG]   [DIAG] iter=468 posCols=1 newCols=1 effImprove=1 updated=0
    [CG] CG iter 469: obj=1357801.294845, maxRC=5195.679606, +1 cols
    [CG]   [DIAG] iter=469 posCols=1 newCols=1 effImprove=1 updated=0
    [CG] CG iter 470: obj=1357801.294845, maxRC=3331.150228, +1 cols
    [CG]   [DIAG] iter=470 posCols=1 newCols=1 effImprove=1 updated=0
    [CG] CG iter 471: obj=1357801.294845, maxRC=2296.743532, +1 cols
    [CG]   [DIAG] iter=471 posCols=1 newCols=1 effImprove=1 updated=0
    [CG] CG iter 472: obj=1357801.294845, maxRC=1363.047814, +1 cols
    [CG]   [DIAG] iter=472 posCols=1 newCols=1 effImprove=1 updated=0
    [CG] CG iter 473: obj=1357801.294845, maxRC=518.776742, +1 cols
    [CG]   [DIAG] iter=473 posCols=1 newCols=1 effImprove=1 updated=0
    [CG] CG iter 474: obj=1357801.294845, maxRC=323.185831, +1 cols
    [CG]   [DIAG] iter=474 posCols=1 newCols=1 effImprove=1 updated=0
    [CG] 列生成收敛，共 475 轮迭代
    [CG] [CG-NODE] depth=7 exit=CERTIFIED certified=1 feasible=1 iters=22 generatedColsBeforeNode=1893 newCols=60 posCandidates=61 duplicateCandidates=1 updatedCols=1 zeroObjImproveIters=20 objFirst=1353440.925769 objLast=1357801.294845 objGain=4360.369076 maxRC=32682.939667 wallSec=0.377885 pricingSec=0.364848 cplexSolveSec=0.009152
    [CG] 列生成开始，初始列数=727
    [CG] CG iter 476: obj=1342482.146508, maxRC=146738.818615, +9 cols
    [CG]   [DIAG] iter=476 posCols=9 newCols=9 effImprove=9 updated=0
    [CG] CG iter 477: obj=1342482.146508, maxRC=153688.647356, +9 cols
    [CG]   [DIAG] iter=477 posCols=9 newCols=9 effImprove=9 updated=0
    [CG] CG iter 478: obj=1342482.146508, maxRC=82041.669397, +9 cols
    [CG]   [DIAG] iter=478 posCols=9 newCols=9 effImprove=9 updated=0
    [CG] CG iter 479: obj=1342482.146508, maxRC=42478.964116, +6 cols
    [CG]   [DIAG] iter=479 posCols=6 newCols=6 effImprove=6 updated=0
    [CG] CG iter 480: obj=1342482.146508, maxRC=36049.115508, +6 cols
    [CG]   [DIAG] iter=480 posCols=6 newCols=6 effImprove=6 updated=0
    [CG] CG iter 481: obj=1359296.956952, maxRC=11680.147003, +6 cols
    [CG]   [DIAG] iter=481 posCols=6 newCols=6 effImprove=6 updated=0
    [CG] CG iter 482: obj=1359296.956952, maxRC=7273.287790, +5 cols
    [CG]   [DIAG] iter=482 posCols=5 newCols=5 effImprove=5 updated=0
    [CG] CG iter 483: obj=1359296.956952, maxRC=2642.537995, +3 cols
    [CG]   [DIAG] iter=483 posCols=3 newCols=3 effImprove=3 updated=0
    [CG] CG iter 484: obj=1359296.956952, maxRC=5978.736898, +3 cols
    [CG]   [DIAG] iter=484 posCols=3 newCols=3 effImprove=3 updated=0
    [CG] CG iter 485: obj=1359296.956952, maxRC=7195.129268, +3 cols
    [CG]   [DIAG] iter=485 posCols=3 newCols=3 effImprove=3 updated=0
    [CG] CG iter 486: obj=1359296.956952, maxRC=4058.532022, +1 cols
    [CG]   [DIAG] iter=486 posCols=1 newCols=1 effImprove=1 updated=0
    [CG] CG iter 487: obj=1359296.956952, maxRC=3410.241501, +1 cols
    [CG]   [DIAG] iter=487 posCols=1 newCols=1 effImprove=1 updated=0
    [CG] CG iter 488: obj=1359296.956952, maxRC=1428.279210, +1 cols
    [CG]   [DIAG] iter=488 posCols=1 newCols=1 effImprove=1 updated=0
    [CG] CG iter 489: obj=1359296.956952, maxRC=2686.029798, +1 cols
    [CG]   [DIAG] iter=489 posCols=1 newCols=1 effImprove=1 updated=0
    [CG] CG iter 490: obj=1359296.956952, maxRC=1067.878349, +1 cols
    [CG]   [DIAG] iter=490 posCols=1 newCols=1 effImprove=1 updated=0
    [CG] CG iter 491: obj=1359296.956952, maxRC=702.543902, +1 cols
    [CG]   [DIAG] iter=491 posCols=1 newCols=1 effImprove=1 updated=0
    [CG] 列生成收敛，共 492 轮迭代
    [CG] [CG-NODE] depth=7 exit=CERTIFIED certified=1 feasible=1 iters=17 generatedColsBeforeNode=1953 newCols=65 posCandidates=65 duplicateCandidates=0 updatedCols=0 zeroObjImproveIters=15 objFirst=1342482.146508 objLast=1359296.956952 objGain=16814.810444 maxRC=153688.647356 wallSec=0.282855 pricingSec=0.270980 cplexSolveSec=0.008256
    [CG] [BB-DIAG] 分支 x_{dc=2,retailer=23}, 节点数=15
    [CG] 列生成开始，初始列数=820
    [CG] CG iter 493: obj=1348307.918231, maxRC=39173.714897, +10 cols
    [CG]   [DIAG] iter=493 posCols=10 newCols=10 effImprove=10 updated=0
    [CG] CG iter 494: obj=1356664.186261, maxRC=23292.853020, +8 cols
    [CG]   [DIAG] iter=494 posCols=8 newCols=8 effImprove=8 updated=0
    [CG] CG iter 495: obj=1356664.186261, maxRC=12125.890896, +8 cols
    [CG]   [DIAG] iter=495 posCols=8 newCols=8 effImprove=8 updated=0
    [CG] CG iter 496: obj=1357563.614460, maxRC=10554.116500, +8 cols
    [CG]   [DIAG] iter=496 posCols=8 newCols=8 effImprove=8 updated=0
    [CG] CG iter 497: obj=1357563.614460, maxRC=8352.013417, +4 cols
    [CG]   [DIAG] iter=497 posCols=4 newCols=4 effImprove=4 updated=0
    [CG] CG iter 498: obj=1360468.180524, maxRC=9388.795969, +4 cols
    [CG]   [DIAG] iter=498 posCols=4 newCols=4 effImprove=4 updated=0
    [CG] CG iter 499: obj=1360468.180524, maxRC=6386.415974, +5 cols
    [CG]   [DIAG] iter=499 posCols=5 newCols=5 effImprove=5 updated=0
    [CG] CG iter 500: obj=1360468.180524, maxRC=4217.034631, +4 cols
    [CG]   [DIAG] iter=500 posCols=4 newCols=4 effImprove=4 updated=0
    [CG] CG iter 501: obj=1361053.963697, maxRC=2270.996762, +3 cols
    [CG]   [DIAG] iter=501 posCols=3 newCols=3 effImprove=3 updated=0
    [CG] CG iter 502: obj=1361053.963697, maxRC=397.902057, +1 cols
    [CG]   [DIAG] iter=502 posCols=1 newCols=1 effImprove=1 updated=0
    [CG] 列生成收敛，共 503 轮迭代
    [CG] [CG-NODE] depth=6 exit=CERTIFIED certified=1 feasible=1 iters=11 generatedColsBeforeNode=2018 newCols=55 posCandidates=55 duplicateCandidates=0 updatedCols=0 zeroObjImproveIters=6 objFirst=1348307.918231 objLast=1361053.963697 objGain=12746.045466 maxRC=39173.714897 wallSec=0.194982 pricingSec=0.184257 cplexSolveSec=0.007364
    [CG] 列生成开始，初始列数=682
    [CG] CG iter 504: obj=1338541.976326, maxRC=165889.015043, +10 cols
    [CG]   [DIAG] iter=504 posCols=10 newCols=10 effImprove=10 updated=0
    [CG] CG iter 505: obj=1338541.976326, maxRC=105907.179762, +8 cols
    [CG]   [DIAG] iter=505 posCols=8 newCols=8 effImprove=8 updated=0
    [CG] CG iter 506: obj=1338541.976326, maxRC=121640.727641, +9 cols
    [CG]   [DIAG] iter=506 posCols=9 newCols=9 effImprove=9 updated=0
    [CG] CG iter 507: obj=1338541.976326, maxRC=123081.184459, +9 cols
    [CG]   [DIAG] iter=507 posCols=9 newCols=9 effImprove=9 updated=0
    [CG] CG iter 508: obj=1339791.931907, maxRC=84184.476895, +9 cols
    [CG]   [DIAG] iter=508 posCols=9 newCols=9 effImprove=9 updated=0
    [CG] CG iter 509: obj=1341544.352702, maxRC=57000.416603, +9 cols
    [CG]   [DIAG] iter=509 posCols=9 newCols=9 effImprove=9 updated=0
    [CG] CG iter 510: obj=1342177.371187, maxRC=53199.984187, +8 cols
    [CG]   [DIAG] iter=510 posCols=8 newCols=8 effImprove=8 updated=0
    [CG] CG iter 511: obj=1368777.363280, maxRC=16110.749807, +7 cols
    [CG]   [DIAG] iter=511 posCols=7 newCols=7 effImprove=7 updated=0
    [CG] CG iter 512: obj=1368777.363280, maxRC=10154.941190, +7 cols
    [CG]   [DIAG] iter=512 posCols=7 newCols=7 effImprove=7 updated=0
    [CG] CG iter 513: obj=1368777.363280, maxRC=10741.680462, +7 cols
    [CG]   [DIAG] iter=513 posCols=7 newCols=7 effImprove=7 updated=0
    [CG] CG iter 514: obj=1368777.363280, maxRC=4474.511699, +6 cols
    [CG]   [DIAG] iter=514 posCols=6 newCols=6 effImprove=6 updated=0
    [CG] CG iter 515: obj=1368777.363280, maxRC=2324.800378, +2 cols
    [CG]   [DIAG] iter=515 posCols=2 newCols=2 effImprove=2 updated=0
    [CG] 列生成收敛，共 516 轮迭代
    [CG] [CG-NODE] depth=6 exit=CERTIFIED certified=1 feasible=1 iters=13 generatedColsBeforeNode=2073 newCols=91 posCandidates=91 duplicateCandidates=0 updatedCols=0 zeroObjImproveIters=8 objFirst=1338541.976326 objLast=1368777.363280 objGain=30235.386954 maxRC=165889.015043 wallSec=0.200781 pricingSec=0.190753 cplexSolveSec=0.006961
    [CG] [BB-DIAG] 分支 x_{dc=3,retailer=2}, 节点数=16
    [CG] 列生成开始，初始列数=621
    [CG] CG iter 517: obj=1355958.710306, maxRC=26645.026575, +8 cols
    [CG]   [DIAG] iter=517 posCols=8 newCols=8 effImprove=8 updated=0
    [CG] CG iter 518: obj=1355958.710306, maxRC=11952.148419, +6 cols
    [CG]   [DIAG] iter=518 posCols=6 newCols=6 effImprove=6 updated=0
    [CG] CG iter 519: obj=1355958.710306, maxRC=7686.848638, +5 cols
    [CG]   [DIAG] iter=519 posCols=5 newCols=5 effImprove=5 updated=0
    [CG] CG iter 520: obj=1355958.710306, maxRC=6362.621853, +5 cols
    [CG]   [DIAG] iter=520 posCols=5 newCols=5 effImprove=5 updated=0
    [CG] CG iter 521: obj=1355958.710306, maxRC=4439.860296, +5 cols
    [CG]   [DIAG] iter=521 posCols=5 newCols=5 effImprove=5 updated=0
    [CG] CG iter 522: obj=1355958.710306, maxRC=6208.432788, +3 cols
    [CG]   [DIAG] iter=522 posCols=3 newCols=3 effImprove=3 updated=0
    [CG] CG iter 523: obj=1355958.710306, maxRC=5252.150529, +4 cols
    [CG]   [DIAG] iter=523 posCols=4 newCols=4 effImprove=4 updated=0
    [CG] CG iter 524: obj=1356513.630316, maxRC=5930.178999, +1 cols
    [CG]   [DIAG] iter=524 posCols=1 newCols=1 effImprove=1 updated=0
    [CG] CG iter 525: obj=1356513.630316, maxRC=1231.419248, +1 cols
    [CG]   [DIAG] iter=525 posCols=1 newCols=1 effImprove=1 updated=0
    [CG] CG iter 526: obj=1356513.630316, maxRC=2961.030514, +1 cols
    [CG]   [DIAG] iter=526 posCols=1 newCols=1 effImprove=1 updated=0
    [CG] CG iter 527: obj=1356513.630316, maxRC=2141.697248, +1 cols
    [CG]   [DIAG] iter=527 posCols=1 newCols=1 effImprove=1 updated=0
    [CG] CG iter 528: obj=1356513.630316, maxRC=670.928429, +1 cols
    [CG]   [DIAG] iter=528 posCols=1 newCols=1 effImprove=1 updated=0
    [CG] CG iter 529: obj=1356513.630316, maxRC=656.808071, +1 cols
    [CG]   [DIAG] iter=529 posCols=1 newCols=1 effImprove=1 updated=0
    [CG] 列生成收敛，共 530 轮迭代
    [CG] [CG-NODE] depth=7 exit=CERTIFIED certified=1 feasible=1 iters=14 generatedColsBeforeNode=2164 newCols=42 posCandidates=42 duplicateCandidates=0 updatedCols=0 zeroObjImproveIters=12 objFirst=1355958.710306 objLast=1356513.630316 objGain=554.920011 maxRC=26645.026575 wallSec=0.235681 pricingSec=0.227671 cplexSolveSec=0.005534
    [CG] 列生成开始，初始列数=673
    [CG] CG iter 531: obj=1338541.976326, maxRC=160468.866857, +9 cols
    [CG]   [DIAG] iter=531 posCols=9 newCols=9 effImprove=9 updated=0
    [CG] CG iter 532: obj=1338541.976326, maxRC=102040.072464, +9 cols
    [CG]   [DIAG] iter=532 posCols=9 newCols=9 effImprove=9 updated=0
    [CG] CG iter 533: obj=1338541.976326, maxRC=70270.615508, +7 cols
    [CG]   [DIAG] iter=533 posCols=7 newCols=7 effImprove=7 updated=0
    [CG] CG iter 534: obj=1338541.976326, maxRC=67001.485983, +7 cols
    [CG]   [DIAG] iter=534 posCols=7 newCols=7 effImprove=7 updated=0
    [CG] CG iter 535: obj=1338541.976326, maxRC=65710.544898, +8 cols
    [CG]   [DIAG] iter=535 posCols=8 newCols=8 effImprove=8 updated=0
    [CG] CG iter 536: obj=1338541.976326, maxRC=58579.962732, +9 cols
    [CG]   [DIAG] iter=536 posCols=9 newCols=9 effImprove=9 updated=0
    [CG] CG iter 537: obj=1338541.976326, maxRC=48089.221824, +5 cols
    [CG]   [DIAG] iter=537 posCols=5 newCols=5 effImprove=5 updated=0
    [CG] CG iter 538: obj=1338541.976326, maxRC=44742.871571, +5 cols
    [CG]   [DIAG] iter=538 posCols=5 newCols=5 effImprove=5 updated=0
    [CG] CG iter 539: obj=1346518.542388, maxRC=30524.413994, +7 cols
    [CG]   [DIAG] iter=539 posCols=7 newCols=7 effImprove=7 updated=0
    [CG] CG iter 540: obj=1356904.255050, maxRC=23874.176671, +6 cols
    [CG]   [DIAG] iter=540 posCols=6 newCols=6 effImprove=6 updated=0
    [CG] CG iter 541: obj=1356904.255050, maxRC=13174.407936, +6 cols
    [CG]   [DIAG] iter=541 posCols=6 newCols=6 effImprove=6 updated=0
    [CG] CG iter 542: obj=1356904.255050, maxRC=9754.407531, +4 cols
    [CG]   [DIAG] iter=542 posCols=4 newCols=4 effImprove=4 updated=0
    [CG] CG iter 543: obj=1356904.255050, maxRC=6271.530911, +2 cols
    [CG]   [DIAG] iter=543 posCols=2 newCols=2 effImprove=2 updated=0
    [CG] CG iter 544: obj=1356904.255050, maxRC=5158.835835, +2 cols
    [CG]   [DIAG] iter=544 posCols=2 newCols=2 effImprove=2 updated=0
    [CG] CG iter 545: obj=1356904.255050, maxRC=3545.638565, +2 cols
    [CG]   [DIAG] iter=545 posCols=2 newCols=2 effImprove=2 updated=0
    [CG] CG iter 546: obj=1356904.255050, maxRC=5104.181929, +2 cols
    [CG]   [DIAG] iter=546 posCols=2 newCols=2 effImprove=2 updated=0
    [CG] CG iter 547: obj=1356904.255050, maxRC=3851.304259, +1 cols
    [CG]   [DIAG] iter=547 posCols=1 newCols=1 effImprove=1 updated=0
    [CG] CG iter 548: obj=1356904.255050, maxRC=3425.867908, +1 cols
    [CG]   [DIAG] iter=548 posCols=1 newCols=1 effImprove=1 updated=0
    [CG] CG iter 549: obj=1356904.255050, maxRC=2171.818552, +1 cols
    [CG]   [DIAG] iter=549 posCols=1 newCols=1 effImprove=1 updated=0
    [CG] CG iter 550: obj=1357967.702207, maxRC=2605.343779, +1 cols
    [CG]   [DIAG] iter=550 posCols=1 newCols=1 effImprove=1 updated=0
    [CG] 列生成收敛，共 551 轮迭代
    [CG] [CG-NODE] depth=7 exit=CERTIFIED certified=1 feasible=1 iters=21 generatedColsBeforeNode=2206 newCols=94 posCandidates=94 duplicateCandidates=0 updatedCols=0 zeroObjImproveIters=17 objFirst=1338541.976326 objLast=1357967.702207 objGain=19425.725881 maxRC=160468.866857 wallSec=0.361442 pricingSec=0.347727 cplexSolveSec=0.009699
    [CG] [BB-DIAG] 分支 x_{dc=2,retailer=14}, 节点数=17
    [CG] 列生成开始，初始列数=740
    [CG] CG iter 552: obj=1368871.349419, maxRC=10695.227155, +6 cols
    [CG]   [DIAG] iter=552 posCols=6 newCols=6 effImprove=6 updated=0
    [CG] CG iter 553: obj=1368871.349419, maxRC=10506.220927, +5 cols
    [CG]   [DIAG] iter=553 posCols=5 newCols=5 effImprove=5 updated=0
    [CG] CG iter 554: obj=1368871.349419, maxRC=7041.581949, +6 cols
    [CG]   [DIAG] iter=554 posCols=6 newCols=6 effImprove=6 updated=0
    [CG] CG iter 555: obj=1368871.349419, maxRC=6068.154889, +3 cols
    [CG]   [DIAG] iter=555 posCols=3 newCols=3 effImprove=3 updated=0
    [CG] CG iter 556: obj=1368871.349419, maxRC=5976.032310, +3 cols
    [CG]   [DIAG] iter=556 posCols=3 newCols=3 effImprove=3 updated=0
    [CG] CG iter 557: obj=1368871.349419, maxRC=6346.630921, +3 cols
    [CG]   [DIAG] iter=557 posCols=3 newCols=3 effImprove=3 updated=0
    [CG] CG iter 558: obj=1368871.349419, maxRC=2774.304226, +4 cols
    [CG]   [DIAG] iter=558 posCols=4 newCols=4 effImprove=4 updated=0
    [CG] CG iter 559: obj=1368871.349419, maxRC=4032.011440, +4 cols
    [CG]   [DIAG] iter=559 posCols=4 newCols=4 effImprove=4 updated=0
    [CG] CG iter 560: obj=1368871.349419, maxRC=2537.642249, +3 cols
    [CG]   [DIAG] iter=560 posCols=3 newCols=3 effImprove=3 updated=0
    [CG] CG iter 561: obj=1369516.096427, maxRC=1888.516766, +3 cols
    [CG]   [DIAG] iter=561 posCols=3 newCols=3 effImprove=3 updated=0
    [CG] CG iter 562: obj=1369516.096427, maxRC=446.396787, +2 cols
    [CG]   [DIAG] iter=562 posCols=2 newCols=2 effImprove=2 updated=0
    [CG] 列生成收敛，共 563 轮迭代
    [CG] [CG-NODE] depth=5 exit=CERTIFIED certified=1 feasible=1 iters=12 generatedColsBeforeNode=2300 newCols=42 posCandidates=42 duplicateCandidates=0 updatedCols=0 zeroObjImproveIters=10 objFirst=1368871.349419 objLast=1369516.096427 objGain=644.747008 maxRC=10695.227155 wallSec=0.211497 pricingSec=0.202770 cplexSolveSec=0.005893
    [CG] 列生成开始，初始列数=636
    [CG] CG iter 564: obj=1350569.928231, maxRC=64962.717957, +7 cols
    [CG]   [DIAG] iter=564 posCols=7 newCols=7 effImprove=7 updated=0
    [CG] CG iter 565: obj=1359078.903775, maxRC=102809.289292, +12 cols
    [CG]   [DIAG] iter=565 posCols=12 newCols=12 effImprove=12 updated=0
    [CG] CG iter 566: obj=1361789.205889, maxRC=61977.808412, +9 cols
    [CG]   [DIAG] iter=566 posCols=9 newCols=9 effImprove=9 updated=0
    [CG] CG iter 567: obj=1366288.179720, maxRC=32007.182388, +4 cols
    [CG]   [DIAG] iter=567 posCols=4 newCols=4 effImprove=4 updated=0
    [CG] CG iter 568: obj=1366288.179720, maxRC=23802.991585, +3 cols
    [CG]   [DIAG] iter=568 posCols=3 newCols=3 effImprove=3 updated=0
    [CG] CG iter 569: obj=1378189.675512, maxRC=4655.633892, +5 cols
    [CG]   [DIAG] iter=569 posCols=5 newCols=5 effImprove=5 updated=0
    [CG] CG iter 570: obj=1378189.675512, maxRC=3967.982173, +6 cols
    [CG]   [DIAG] iter=570 posCols=6 newCols=6 effImprove=6 updated=0
    [CG] CG iter 571: obj=1378189.675512, maxRC=2291.692324, +4 cols
    [CG]   [DIAG] iter=571 posCols=4 newCols=4 effImprove=4 updated=0
    [CG] CG iter 572: obj=1378189.675512, maxRC=745.858682, +2 cols
    [CG]   [DIAG] iter=572 posCols=2 newCols=2 effImprove=2 updated=0
    [CG] 列生成收敛，共 573 轮迭代
    [CG] [CG-NODE] depth=5 exit=CERTIFIED certified=1 feasible=1 iters=10 generatedColsBeforeNode=2342 newCols=52 posCandidates=52 duplicateCandidates=0 updatedCols=0 zeroObjImproveIters=5 objFirst=1350569.928231 objLast=1378189.675512 objGain=27619.747281 maxRC=102809.289292 wallSec=0.157311 pricingSec=0.148094 cplexSolveSec=0.006232
    [CG] [BB-DIAG] 分支 x_{dc=2,retailer=23}, 节点数=18
    [CG] 列生成开始，初始列数=667
    [CG] CG iter 574: obj=1354768.474232, maxRC=42588.437148, +11 cols
    [CG]   [DIAG] iter=574 posCols=11 newCols=11 effImprove=11 updated=0
    [CG] CG iter 575: obj=1364550.153788, maxRC=11247.923868, +8 cols
    [CG]   [DIAG] iter=575 posCols=8 newCols=8 effImprove=8 updated=0
    [CG] CG iter 576: obj=1364550.153788, maxRC=8917.108397, +8 cols
    [CG]   [DIAG] iter=576 posCols=8 newCols=8 effImprove=8 updated=0
    [CG] CG iter 577: obj=1364550.153788, maxRC=9235.527239, +8 cols
    [CG]   [DIAG] iter=577 posCols=8 newCols=8 effImprove=8 updated=0
    [CG] CG iter 578: obj=1368993.269092, maxRC=9058.218908, +7 cols
    [CG]   [DIAG] iter=578 posCols=7 newCols=7 effImprove=7 updated=0
    [CG] CG iter 579: obj=1368993.269092, maxRC=16792.842032, +7 cols
    [CG]   [DIAG] iter=579 posCols=7 newCols=7 effImprove=7 updated=0
    [CG] CG iter 580: obj=1368993.269092, maxRC=8689.335158, +6 cols
    [CG]   [DIAG] iter=580 posCols=6 newCols=6 effImprove=6 updated=0
    [CG] CG iter 581: obj=1368993.269092, maxRC=5632.712819, +5 cols
    [CG]   [DIAG] iter=581 posCols=5 newCols=5 effImprove=5 updated=0
    [CG] CG iter 582: obj=1368993.269092, maxRC=3455.331035, +4 cols
    [CG]   [DIAG] iter=582 posCols=4 newCols=4 effImprove=4 updated=0
    [CG] CG iter 583: obj=1368993.269092, maxRC=513.901072, +2 cols
    [CG]   [DIAG] iter=583 posCols=2 newCols=2 effImprove=2 updated=0
    [CG] 列生成收敛，共 584 轮迭代
    [CG] [CG-NODE] depth=6 exit=CERTIFIED certified=1 feasible=1 iters=11 generatedColsBeforeNode=2394 newCols=66 posCandidates=66 duplicateCandidates=0 updatedCols=0 zeroObjImproveIters=8 objFirst=1354768.474232 objLast=1368993.269092 objGain=14224.794860 maxRC=42588.437148 wallSec=0.174345 pricingSec=0.165863 cplexSolveSec=0.005736
    [CG] 列生成开始，初始列数=649
    [CG] CG iter 585: obj=1350569.928231, maxRC=109227.435720, +8 cols
    [CG]   [DIAG] iter=585 posCols=8 newCols=8 effImprove=8 updated=0
    [CG] CG iter 586: obj=1350569.928231, maxRC=177007.011301, +9 cols
    [CG]   [DIAG] iter=586 posCols=9 newCols=9 effImprove=9 updated=0
    [CG] CG iter 587: obj=1350569.928231, maxRC=101550.440833, +7 cols
    [CG]   [DIAG] iter=587 posCols=7 newCols=7 effImprove=7 updated=0
    [CG] CG iter 588: obj=1364564.281990, maxRC=45248.140471, +9 cols
    [CG]   [DIAG] iter=588 posCols=9 newCols=9 effImprove=9 updated=0
    [CG] CG iter 589: obj=1376791.580753, maxRC=8086.204464, +7 cols
    [CG]   [DIAG] iter=589 posCols=7 newCols=7 effImprove=7 updated=0
    [CG] CG iter 590: obj=1376791.580753, maxRC=8296.432667, +2 cols
    [CG]   [DIAG] iter=590 posCols=2 newCols=2 effImprove=2 updated=0
    [CG] CG iter 591: obj=1376791.580753, maxRC=2563.279155, +1 cols
    [CG]   [DIAG] iter=591 posCols=1 newCols=1 effImprove=1 updated=0
    [CG] CG iter 592: obj=1376791.580753, maxRC=956.036053, +1 cols
    [CG]   [DIAG] iter=592 posCols=1 newCols=1 effImprove=1 updated=0
    [CG] CG iter 593: obj=1376791.580753, maxRC=700.857512, +1 cols
    [CG]   [DIAG] iter=593 posCols=1 newCols=1 effImprove=1 updated=0
    [CG] CG iter 594: obj=1376791.580753, maxRC=619.377028, +1 cols
    [CG]   [DIAG] iter=594 posCols=1 newCols=1 effImprove=1 updated=0
    [CG] CG iter 595: obj=1376791.580753, maxRC=287.411622, +1 cols
    [CG]   [DIAG] iter=595 posCols=1 newCols=1 effImprove=1 updated=0
    [CG] 列生成收敛，共 596 轮迭代
    [CG] [CG-NODE] depth=6 exit=CERTIFIED certified=1 feasible=1 iters=12 generatedColsBeforeNode=2460 newCols=47 posCandidates=47 duplicateCandidates=0 updatedCols=0 zeroObjImproveIters=9 objFirst=1350569.928231 objLast=1376791.580753 objGain=26221.652522 maxRC=177007.011301 wallSec=0.188674 pricingSec=0.180631 cplexSolveSec=0.005573
    [CG] [BB-DIAG] 分支 x_{dc=2,retailer=25}, 节点数=19
    [CG] 列生成开始，初始列数=682
    [CG] CG iter 597: obj=1366394.809281, maxRC=47043.286340, +7 cols
    [CG]   [DIAG] iter=597 posCols=7 newCols=7 effImprove=7 updated=0
    [CG] CG iter 598: obj=1366394.809281, maxRC=32392.423783, +6 cols
    [CG]   [DIAG] iter=598 posCols=6 newCols=6 effImprove=6 updated=0
    [CG] CG iter 599: obj=1366394.809281, maxRC=21589.965414, +4 cols
    [CG]   [DIAG] iter=599 posCols=4 newCols=4 effImprove=4 updated=0
    [CG] CG iter 600: obj=1366394.809281, maxRC=17210.070655, +2 cols
    [CG]   [DIAG] iter=600 posCols=2 newCols=2 effImprove=2 updated=0
    [CG] CG iter 601: obj=1366394.809281, maxRC=13280.850428, +1 cols
    [CG]   [DIAG] iter=601 posCols=1 newCols=1 effImprove=1 updated=0
    [CG] CG iter 602: obj=1366394.809281, maxRC=18234.812768, +2 cols
    [CG]   [DIAG] iter=602 posCols=2 newCols=2 effImprove=2 updated=0
    [CG] CG iter 603: obj=1366394.809281, maxRC=22561.581165, +2 cols
    [CG]   [DIAG] iter=603 posCols=2 newCols=2 effImprove=2 updated=0
    [CG] CG iter 604: obj=1366394.809281, maxRC=12408.692043, +2 cols
    [CG]   [DIAG] iter=604 posCols=2 newCols=2 effImprove=2 updated=0
    [CG] CG iter 605: obj=1366394.809281, maxRC=17045.932639, +2 cols
    [CG]   [DIAG] iter=605 posCols=2 newCols=2 effImprove=2 updated=0
    [CG] CG iter 606: obj=1366394.809281, maxRC=19071.284479, +3 cols
    [CG]   [DIAG] iter=606 posCols=3 newCols=3 effImprove=3 updated=0
    [CG] CG iter 607: obj=1366394.809281, maxRC=13384.133016, +1 cols
    [CG]   [DIAG] iter=607 posCols=1 newCols=1 effImprove=1 updated=0
    [CG] CG iter 608: obj=1366394.809281, maxRC=15963.221279, +1 cols
    [CG]   [DIAG] iter=608 posCols=1 newCols=1 effImprove=1 updated=0
    [CG] CG iter 609: obj=1366394.809281, maxRC=11233.339679, +1 cols
    [CG]   [DIAG] iter=609 posCols=1 newCols=1 effImprove=1 updated=0
    [CG] CG iter 610: obj=1366394.809281, maxRC=6737.582627, +3 cols
    [CG]   [DIAG] iter=610 posCols=3 newCols=3 effImprove=3 updated=0
    [CG] CG iter 611: obj=1366394.809281, maxRC=5270.352023, +2 cols
    [CG]   [DIAG] iter=611 posCols=2 newCols=2 effImprove=2 updated=0
    [CG] CG iter 612: obj=1366394.809281, maxRC=3885.911718, +1 cols
    [CG]   [DIAG] iter=612 posCols=1 newCols=1 effImprove=1 updated=0
    [CG] CG iter 613: obj=1366394.809281, maxRC=2701.283729, +1 cols
    [CG]   [DIAG] iter=613 posCols=1 newCols=1 effImprove=1 updated=0
    [CG] CG iter 614: obj=1366394.809281, maxRC=1963.334533, +1 cols
    [CG]   [DIAG] iter=614 posCols=1 newCols=1 effImprove=1 updated=0
    [CG] CG iter 615: obj=1366394.809281, maxRC=3038.291828, +1 cols
    [CG]   [DIAG] iter=615 posCols=1 newCols=1 effImprove=1 updated=0
    [CG] CG iter 616: obj=1366394.809281, maxRC=2367.675167, +1 cols
    [CG]   [DIAG] iter=616 posCols=1 newCols=1 effImprove=1 updated=0
    [CG] CG iter 617: obj=1366394.809281, maxRC=1354.357567, +1 cols
    [CG]   [DIAG] iter=617 posCols=1 newCols=1 effImprove=1 updated=0
    [CG] CG iter 618: obj=1366394.809281, maxRC=738.971528, +1 cols
    [CG]   [DIAG] iter=618 posCols=1 newCols=1 effImprove=1 updated=0
    [CG] CG iter 619: obj=1366394.809281, maxRC=655.227188, +1 cols
    [CG]   [DIAG] iter=619 posCols=1 newCols=1 effImprove=1 updated=0
    [CG] 列生成收敛，共 620 轮迭代
    [CG] [CG-NODE] depth=7 exit=CERTIFIED certified=1 feasible=1 iters=24 generatedColsBeforeNode=2507 newCols=47 posCandidates=47 duplicateCandidates=0 updatedCols=0 zeroObjImproveIters=23 objFirst=1366394.809281 objLast=1366394.809281 objGain=0.000000 maxRC=47043.286340 wallSec=0.413739 pricingSec=0.400029 cplexSolveSec=0.009675
    [CG] 列生成开始，初始列数=674
    [CG] CG iter 621: obj=1350569.928231, maxRC=90158.809819, +7 cols
    [CG]   [DIAG] iter=621 posCols=7 newCols=7 effImprove=7 updated=0
    [CG] CG iter 622: obj=1350569.928231, maxRC=90179.667398, +9 cols
    [CG]   [DIAG] iter=622 posCols=9 newCols=9 effImprove=9 updated=0
    [CG] CG iter 623: obj=1350569.928231, maxRC=89774.671247, +7 cols
    [CG]   [DIAG] iter=623 posCols=7 newCols=7 effImprove=7 updated=0
    [CG] CG iter 624: obj=1350569.928231, maxRC=87866.755487, +8 cols
    [CG]   [DIAG] iter=624 posCols=8 newCols=8 effImprove=8 updated=0
    [CG] CG iter 625: obj=1350569.928231, maxRC=70437.123676, +4 cols
    [CG]   [DIAG] iter=625 posCols=4 newCols=4 effImprove=4 updated=0
    [CG] CG iter 626: obj=1350569.928231, maxRC=49904.152480, +6 cols
    [CG]   [DIAG] iter=626 posCols=6 newCols=6 effImprove=6 updated=0
    [CG] CG iter 627: obj=1350569.928231, maxRC=45401.244361, +4 cols
    [CG]   [DIAG] iter=627 posCols=4 newCols=4 effImprove=4 updated=0
    [CG] CG iter 628: obj=1350569.928231, maxRC=46812.604620, +4 cols
    [CG]   [DIAG] iter=628 posCols=4 newCols=4 effImprove=4 updated=0
    [CG] CG iter 629: obj=1350569.928231, maxRC=42551.252396, +3 cols
    [CG]   [DIAG] iter=629 posCols=3 newCols=3 effImprove=3 updated=0
    [CG] CG iter 630: obj=1364724.077931, maxRC=6689.517792, +3 cols
    [CG]   [DIAG] iter=630 posCols=3 newCols=3 effImprove=3 updated=0
    [CG] CG iter 631: obj=1368068.836827, maxRC=1628.041407, +2 cols
    [CG]   [DIAG] iter=631 posCols=2 newCols=2 effImprove=2 updated=0
    [CG] CG iter 632: obj=1368068.836827, maxRC=1060.102644, +2 cols
    [CG]   [DIAG] iter=632 posCols=2 newCols=2 effImprove=2 updated=0
    [CG] CG iter 633: obj=1368068.836827, maxRC=364.926123, +1 cols
    [CG]   [DIAG] iter=633 posCols=1 newCols=1 effImprove=1 updated=0
    [CG] 列生成收敛，共 634 轮迭代
    [CG] [CG-NODE] depth=7 exit=CERTIFIED certified=1 feasible=1 iters=14 generatedColsBeforeNode=2554 newCols=60 posCandidates=60 duplicateCandidates=0 updatedCols=0 zeroObjImproveIters=11 objFirst=1350569.928231 objLast=1368068.836827 objGain=17498.908596 maxRC=90179.667398 wallSec=0.214716 pricingSec=0.204653 cplexSolveSec=0.006935
    [CG] [BB-DIAG] 分支 x_{dc=3,retailer=2}, 节点数=20
    [CG] 列生成开始，初始列数=590
    [CG] CG iter 635: obj=1355823.418973, maxRC=15419.857791, +7 cols
    [CG]   [DIAG] iter=635 posCols=7 newCols=7 effImprove=7 updated=0
    [CG] CG iter 636: obj=1355823.418973, maxRC=10075.177089, +7 cols
    [CG]   [DIAG] iter=636 posCols=7 newCols=7 effImprove=7 updated=0
    [CG] CG iter 637: obj=1355823.418973, maxRC=12510.749451, +4 cols
    [CG]   [DIAG] iter=637 posCols=4 newCols=4 effImprove=4 updated=0
    [CG] CG iter 638: obj=1355823.418973, maxRC=10601.274395, +2 cols
    [CG]   [DIAG] iter=638 posCols=2 newCols=2 effImprove=2 updated=0
    [CG] CG iter 639: obj=1355823.418973, maxRC=11913.888404, +2 cols
    [CG]   [DIAG] iter=639 posCols=2 newCols=2 effImprove=2 updated=0
    [CG] CG iter 640: obj=1355823.418973, maxRC=6292.982703, +4 cols
    [CG]   [DIAG] iter=640 posCols=4 newCols=4 effImprove=4 updated=0
    [CG] CG iter 641: obj=1355823.418973, maxRC=7453.425704, +4 cols
    [CG]   [DIAG] iter=641 posCols=4 newCols=4 effImprove=4 updated=0
    [CG] CG iter 642: obj=1355823.418973, maxRC=4318.742073, +3 cols
    [CG]   [DIAG] iter=642 posCols=3 newCols=3 effImprove=3 updated=0
    [CG] CG iter 643: obj=1355823.418973, maxRC=4942.544313, +1 cols
    [CG]   [DIAG] iter=643 posCols=1 newCols=1 effImprove=1 updated=0
    [CG] CG iter 644: obj=1355823.418973, maxRC=2274.417324, +2 cols
    [CG]   [DIAG] iter=644 posCols=2 newCols=2 effImprove=2 updated=0
    [CG] CG iter 645: obj=1355823.418973, maxRC=1285.107733, +1 cols
    [CG]   [DIAG] iter=645 posCols=1 newCols=1 effImprove=1 updated=0
    [CG] CG iter 646: obj=1355823.418973, maxRC=788.595215, +2 cols
    [CG]   [DIAG] iter=646 posCols=2 newCols=2 effImprove=2 updated=0
    [CG] CG iter 647: obj=1355823.418973, maxRC=580.994390, +1 cols
    [CG]   [DIAG] iter=647 posCols=1 newCols=1 effImprove=1 updated=0
    [CG] CG iter 648: obj=1355823.418973, maxRC=88.963655, +1 cols
    [CG]   [DIAG] iter=648 posCols=1 newCols=1 effImprove=1 updated=0
    [CG] 列生成收敛，共 649 轮迭代
    [CG] [CG-NODE] depth=8 exit=CERTIFIED certified=1 feasible=1 iters=15 generatedColsBeforeNode=2614 newCols=41 posCandidates=41 duplicateCandidates=0 updatedCols=0 zeroObjImproveIters=14 objFirst=1355823.418973 objLast=1355823.418973 objGain=0.000000 maxRC=15419.857791 wallSec=0.261097 pricingSec=0.251491 cplexSolveSec=0.006489
    [CG] 列生成开始，初始列数=639
    [CG] CG iter 650: obj=1350569.928231, maxRC=210171.039441, +11 cols
    [CG]   [DIAG] iter=650 posCols=11 newCols=11 effImprove=11 updated=0
    [CG] CG iter 651: obj=1350569.928231, maxRC=188892.012003, +9 cols
    [CG]   [DIAG] iter=651 posCols=9 newCols=9 effImprove=9 updated=0
    [CG] CG iter 652: obj=1350569.928231, maxRC=211972.726380, +13 cols
    [CG]   [DIAG] iter=652 posCols=13 newCols=13 effImprove=13 updated=0
    [CG] CG iter 653: obj=1350569.928231, maxRC=158420.191471, +9 cols
    [CG]   [DIAG] iter=653 posCols=9 newCols=9 effImprove=9 updated=0
    [CG] CG iter 654: obj=1350569.928231, maxRC=117490.930671, +9 cols
    [CG]   [DIAG] iter=654 posCols=9 newCols=9 effImprove=9 updated=0
    [CG] CG iter 655: obj=1350569.928231, maxRC=29347.290508, +5 cols
    [CG]   [DIAG] iter=655 posCols=5 newCols=5 effImprove=5 updated=0
    [CG] CG iter 656: obj=1350569.928231, maxRC=40238.468592, +6 cols
    [CG]   [DIAG] iter=656 posCols=6 newCols=6 effImprove=6 updated=0
    [CG] CG iter 657: obj=1350569.928231, maxRC=26545.204855, +2 cols
    [CG]   [DIAG] iter=657 posCols=2 newCols=2 effImprove=2 updated=0
    [CG] CG iter 658: obj=1350569.928231, maxRC=38840.410334, +3 cols
    [CG]   [DIAG] iter=658 posCols=3 newCols=3 effImprove=3 updated=0
    [CG] CG iter 659: obj=1350569.928231, maxRC=34175.280230, +4 cols
    [CG]   [DIAG] iter=659 posCols=4 newCols=4 effImprove=4 updated=0
    [CG] CG iter 660: obj=1350569.928231, maxRC=22910.644490, +2 cols
    [CG]   [DIAG] iter=660 posCols=2 newCols=2 effImprove=2 updated=0
    [CG] CG iter 661: obj=1350569.928231, maxRC=25689.900750, +2 cols
    [CG]   [DIAG] iter=661 posCols=2 newCols=2 effImprove=2 updated=0
    [CG] CG iter 662: obj=1350569.928231, maxRC=25170.261918, +2 cols
    [CG]   [DIAG] iter=662 posCols=2 newCols=2 effImprove=2 updated=0
    [CG] CG iter 663: obj=1350569.928231, maxRC=20387.790073, +2 cols
    [CG]   [DIAG] iter=663 posCols=2 newCols=2 effImprove=2 updated=0
    [CG] CG iter 664: obj=1355641.191209, maxRC=7691.676782, +2 cols
    [CG]   [DIAG] iter=664 posCols=2 newCols=2 effImprove=2 updated=0
    [CG] CG iter 665: obj=1355641.191209, maxRC=5881.529161, +2 cols
    [CG]   [DIAG] iter=665 posCols=2 newCols=2 effImprove=2 updated=0
    [CG] CG iter 666: obj=1355641.191209, maxRC=7763.216525, +1 cols
    [CG]   [DIAG] iter=666 posCols=1 newCols=1 effImprove=1 updated=0
    [CG] CG iter 667: obj=1355641.191209, maxRC=8398.463090, +1 cols
    [CG]   [DIAG] iter=667 posCols=1 newCols=1 effImprove=1 updated=0
    [CG] CG iter 668: obj=1355641.191209, maxRC=5985.435872, +1 cols
    [CG]   [DIAG] iter=668 posCols=1 newCols=1 effImprove=1 updated=0
    [CG] CG iter 669: obj=1355641.191209, maxRC=5043.439655, +1 cols
    [CG]   [DIAG] iter=669 posCols=1 newCols=1 effImprove=1 updated=0
    [CG] CG iter 670: obj=1355641.191209, maxRC=6690.163690, +1 cols
    [CG]   [DIAG] iter=670 posCols=1 newCols=1 effImprove=1 updated=0
    [CG] CG iter 671: obj=1355641.191209, maxRC=6680.201279, +1 cols
    [CG]   [DIAG] iter=671 posCols=1 newCols=1 effImprove=1 updated=0
    [CG] CG iter 672: obj=1355641.191209, maxRC=9303.753549, +1 cols
    [CG]   [DIAG] iter=672 posCols=1 newCols=1 effImprove=1 updated=0
    [CG] CG iter 673: obj=1355641.191209, maxRC=8602.606626, +1 cols
    [CG]   [DIAG] iter=673 posCols=1 newCols=1 effImprove=1 updated=0
    [CG] CG iter 674: obj=1355641.191209, maxRC=4545.266465, +1 cols
    [CG]   [DIAG] iter=674 posCols=1 newCols=1 effImprove=1 updated=0
    [CG] CG iter 675: obj=1355641.191209, maxRC=4254.921589, +1 cols
    [CG]   [DIAG] iter=675 posCols=1 newCols=1 effImprove=1 updated=0
    [CG] CG iter 676: obj=1357768.652003, maxRC=6373.864968, +1 cols
    [CG]   [DIAG] iter=676 posCols=1 newCols=1 effImprove=1 updated=0
    [CG] CG iter 677: obj=1357768.652003, maxRC=3995.614169, +1 cols
    [CG]   [DIAG] iter=677 posCols=1 newCols=1 effImprove=1 updated=0
    [CG] CG iter 678: obj=1357768.652003, maxRC=5937.534983, +1 cols
    [CG]   [DIAG] iter=678 posCols=1 newCols=1 effImprove=1 updated=0
    [CG] CG iter 679: obj=1357768.652003, maxRC=1551.900800, +1 cols
    [CG]   [DIAG] iter=679 posCols=1 newCols=1 effImprove=1 updated=0
    [CG] CG iter 680: obj=1357768.652003, maxRC=1379.625513, +1 cols
    [CG]   [DIAG] iter=680 posCols=1 newCols=1 effImprove=1 updated=0
    [CG] CG iter 681: obj=1357768.652003, maxRC=1139.362969, +1 cols
    [CG]   [DIAG] iter=681 posCols=1 newCols=1 effImprove=1 updated=0
    [CG] CG iter 682: obj=1357768.652003, maxRC=1267.285773, +1 cols
    [CG]   [DIAG] iter=682 posCols=1 newCols=1 effImprove=1 updated=0
    [CG] CG iter 683: obj=1357768.652003, maxRC=705.065159, +1 cols
    [CG]   [DIAG] iter=683 posCols=1 newCols=1 effImprove=1 updated=0
    [CG] 列生成收敛，共 684 轮迭代
    [CG] [CG-NODE] depth=8 exit=CERTIFIED certified=1 feasible=1 iters=35 generatedColsBeforeNode=2655 newCols=101 posCandidates=101 duplicateCandidates=0 updatedCols=0 zeroObjImproveIters=32 objFirst=1350569.928231 objLast=1357768.652003 objGain=7198.723772 maxRC=211972.726380 wallSec=0.580804 pricingSec=0.561186 cplexSolveSec=0.014358
    [CG] [BB-DIAG] 分支 x_{dc=3,retailer=2}, 节点数=21
    [CG] 列生成开始，初始列数=593
    [CG] CG iter 685: obj=1354149.391426, maxRC=23362.427333, +6 cols
    [CG]   [DIAG] iter=685 posCols=6 newCols=6 effImprove=6 updated=0
    [CG] CG iter 686: obj=1354149.391426, maxRC=16292.179722, +6 cols
    [CG]   [DIAG] iter=686 posCols=6 newCols=6 effImprove=6 updated=0
    [CG] CG iter 687: obj=1354149.391426, maxRC=15795.553960, +6 cols
    [CG]   [DIAG] iter=687 posCols=6 newCols=6 effImprove=6 updated=0
    [CG] CG iter 688: obj=1354149.391426, maxRC=11636.433599, +4 cols
    [CG]   [DIAG] iter=688 posCols=4 newCols=4 effImprove=4 updated=0
    [CG] CG iter 689: obj=1354149.391426, maxRC=9582.164356, +3 cols
    [CG]   [DIAG] iter=689 posCols=3 newCols=3 effImprove=3 updated=0
    [CG] CG iter 690: obj=1354149.391426, maxRC=5913.875674, +3 cols
    [CG]   [DIAG] iter=690 posCols=3 newCols=3 effImprove=3 updated=0
    [CG] CG iter 691: obj=1354149.391426, maxRC=5031.365932, +3 cols
    [CG]   [DIAG] iter=691 posCols=3 newCols=3 effImprove=3 updated=0
    [CG] CG iter 692: obj=1354149.391426, maxRC=8464.939409, +4 cols
    [CG]   [DIAG] iter=692 posCols=4 newCols=4 effImprove=4 updated=0
    [CG] CG iter 693: obj=1354149.391426, maxRC=5952.448213, +2 cols
    [CG]   [DIAG] iter=693 posCols=2 newCols=2 effImprove=2 updated=0
    [CG] CG iter 694: obj=1354149.391426, maxRC=7759.900349, +1 cols
    [CG]   [DIAG] iter=694 posCols=1 newCols=1 effImprove=1 updated=0
    [CG] CG iter 695: obj=1354149.391426, maxRC=3748.924160, +1 cols
    [CG]   [DIAG] iter=695 posCols=1 newCols=1 effImprove=1 updated=0
    [CG] CG iter 696: obj=1354149.391426, maxRC=2363.773330, +1 cols
    [CG]   [DIAG] iter=696 posCols=1 newCols=1 effImprove=1 updated=0
    [CG] CG iter 697: obj=1354149.391426, maxRC=4473.564154, +1 cols
    [CG]   [DIAG] iter=697 posCols=1 newCols=1 effImprove=1 updated=0
    [CG] CG iter 698: obj=1354149.391426, maxRC=3036.728211, +1 cols
    [CG]   [DIAG] iter=698 posCols=1 newCols=1 effImprove=1 updated=0
    [CG] CG iter 699: obj=1354149.391426, maxRC=2559.090762, +1 cols
    [CG]   [DIAG] iter=699 posCols=1 newCols=1 effImprove=1 updated=0
    [CG] CG iter 700: obj=1354149.391426, maxRC=2328.160553, +1 cols
    [CG]   [DIAG] iter=700 posCols=1 newCols=1 effImprove=1 updated=0
    [CG] CG iter 701: obj=1354149.391426, maxRC=1870.965908, +1 cols
    [CG]   [DIAG] iter=701 posCols=1 newCols=1 effImprove=1 updated=0
    [CG] CG iter 702: obj=1354149.391426, maxRC=1242.423511, +1 cols
    [CG]   [DIAG] iter=702 posCols=1 newCols=1 effImprove=1 updated=0
    [CG] CG iter 703: obj=1354563.532597, maxRC=1079.105859, +2 cols
    [CG]   [DIAG] iter=703 posCols=2 newCols=2 effImprove=2 updated=0
    [CG] CG iter 704: obj=1354961.227529, maxRC=818.951592, +1 cols
    [CG]   [DIAG] iter=704 posCols=1 newCols=1 effImprove=1 updated=0
    [CG] 列生成收敛，共 705 轮迭代
    [CG] [CG-NODE] depth=8 exit=CERTIFIED certified=1 feasible=1 iters=21 generatedColsBeforeNode=2756 newCols=49 posCandidates=49 duplicateCandidates=0 updatedCols=0 zeroObjImproveIters=18 objFirst=1354149.391426 objLast=1354961.227529 objGain=811.836103 maxRC=23362.427333 wallSec=0.369425 pricingSec=0.358338 cplexSolveSec=0.007684
    [CG] 列生成开始，初始列数=636
    [CG] CG iter 706: obj=1329776.385286, maxRC=203669.713375, +9 cols
    [CG]   [DIAG] iter=706 posCols=9 newCols=9 effImprove=9 updated=0
    [CG] CG iter 707: obj=1329776.385286, maxRC=202555.479790, +12 cols
    [CG]   [DIAG] iter=707 posCols=12 newCols=12 effImprove=12 updated=0
    [CG] CG iter 708: obj=1329776.385286, maxRC=135213.076871, +10 cols
    [CG]   [DIAG] iter=708 posCols=10 newCols=10 effImprove=10 updated=0
    [CG] CG iter 709: obj=1329776.385286, maxRC=138949.440423, +9 cols
    [CG]   [DIAG] iter=709 posCols=9 newCols=9 effImprove=9 updated=0
    [CG] CG iter 710: obj=1329776.385286, maxRC=142765.303428, +10 cols
    [CG]   [DIAG] iter=710 posCols=10 newCols=10 effImprove=10 updated=0
    [CG] CG iter 711: obj=1329776.385286, maxRC=136890.440411, +10 cols
    [CG]   [DIAG] iter=711 posCols=10 newCols=10 effImprove=10 updated=0
    [CG] CG iter 712: obj=1329776.385286, maxRC=125413.288149, +10 cols
    [CG]   [DIAG] iter=712 posCols=10 newCols=10 effImprove=10 updated=0
    [CG] CG iter 713: obj=1329776.385286, maxRC=74868.649798, +9 cols
    [CG]   [DIAG] iter=713 posCols=9 newCols=9 effImprove=9 updated=0
    [CG] CG iter 714: obj=1331150.586289, maxRC=97488.180193, +9 cols
    [CG]   [DIAG] iter=714 posCols=9 newCols=9 effImprove=9 updated=0
    [CG] CG iter 715: obj=1334304.656277, maxRC=42290.506776, +7 cols
    [CG]   [DIAG] iter=715 posCols=7 newCols=7 effImprove=7 updated=0
    [CG] CG iter 716: obj=1355449.909665, maxRC=15617.139422, +6 cols
    [CG]   [DIAG] iter=716 posCols=6 newCols=5 effImprove=6 updated=1
    [CG] CG iter 717: obj=1355449.909665, maxRC=11334.234211, +5 cols
    [CG]   [DIAG] iter=717 posCols=5 newCols=5 effImprove=5 updated=0
    [CG] CG iter 718: obj=1355449.909665, maxRC=19334.311909, +7 cols
    [CG]   [DIAG] iter=718 posCols=7 newCols=7 effImprove=7 updated=0
    [CG] CG iter 719: obj=1355449.909665, maxRC=10590.727050, +4 cols
    [CG]   [DIAG] iter=719 posCols=4 newCols=4 effImprove=4 updated=0
    [CG] CG iter 720: obj=1355449.909665, maxRC=8136.232623, +4 cols
    [CG]   [DIAG] iter=720 posCols=4 newCols=4 effImprove=4 updated=0
    [CG] CG iter 721: obj=1355449.909665, maxRC=2951.097075, +4 cols
    [CG]   [DIAG] iter=721 posCols=4 newCols=4 effImprove=4 updated=0
    [CG] CG iter 722: obj=1355449.909665, maxRC=1060.102644, +2 cols
    [CG]   [DIAG] iter=722 posCols=2 newCols=2 effImprove=2 updated=0
    [CG] CG iter 723: obj=1355449.909665, maxRC=418.525837, +1 cols
    [CG]   [DIAG] iter=723 posCols=1 newCols=1 effImprove=1 updated=0
    [CG] CG iter 724: obj=1355449.909665, maxRC=251.646550, +1 cols
    [CG]   [DIAG] iter=724 posCols=1 newCols=1 effImprove=1 updated=0
    [CG] 列生成收敛，共 725 轮迭代
    [CG] [CG-NODE] depth=8 exit=CERTIFIED certified=1 feasible=1 iters=20 generatedColsBeforeNode=2805 newCols=128 posCandidates=129 duplicateCandidates=1 updatedCols=1 zeroObjImproveIters=16 objFirst=1329776.385286 objLast=1355449.909665 objGain=25673.524379 maxRC=203669.713375 wallSec=0.302002 pricingSec=0.288465 cplexSolveSec=0.009607
    [CG] [BB-DIAG] 分支 x_{dc=2,retailer=25}, 节点数=22
    [CG] 列生成开始，初始列数=727
    [CG] CG iter 726: obj=1358651.195564, maxRC=15168.428679, +7 cols
    [CG]   [DIAG] iter=726 posCols=7 newCols=7 effImprove=7 updated=0
    [CG] CG iter 727: obj=1358651.195564, maxRC=9768.488222, +7 cols
    [CG]   [DIAG] iter=727 posCols=7 newCols=7 effImprove=7 updated=0
    [CG] CG iter 728: obj=1358651.195564, maxRC=4097.180273, +4 cols
    [CG]   [DIAG] iter=728 posCols=4 newCols=4 effImprove=4 updated=0
    [CG] CG iter 729: obj=1358651.195564, maxRC=5902.753019, +3 cols
    [CG]   [DIAG] iter=729 posCols=3 newCols=3 effImprove=3 updated=0
    [CG] CG iter 730: obj=1358651.195564, maxRC=4231.206184, +3 cols
    [CG]   [DIAG] iter=730 posCols=3 newCols=3 effImprove=3 updated=0
    [CG] CG iter 731: obj=1358651.195564, maxRC=6033.673860, +2 cols
    [CG]   [DIAG] iter=731 posCols=2 newCols=2 effImprove=2 updated=0
    [CG] CG iter 732: obj=1358651.195564, maxRC=4207.279471, +2 cols
    [CG]   [DIAG] iter=732 posCols=2 newCols=2 effImprove=2 updated=0
    [CG] CG iter 733: obj=1358651.195564, maxRC=3098.705933, +1 cols
    [CG]   [DIAG] iter=733 posCols=1 newCols=1 effImprove=1 updated=0
    [CG] CG iter 734: obj=1358651.195564, maxRC=3463.443144, +1 cols
    [CG]   [DIAG] iter=734 posCols=1 newCols=1 effImprove=1 updated=0
    [CG] CG iter 735: obj=1358651.195564, maxRC=2015.784107, +1 cols
    [CG]   [DIAG] iter=735 posCols=1 newCols=1 effImprove=1 updated=0
    [CG] CG iter 736: obj=1358651.195564, maxRC=1823.757973, +1 cols
    [CG]   [DIAG] iter=736 posCols=1 newCols=1 effImprove=1 updated=0
    [CG] CG iter 737: obj=1358651.195564, maxRC=2101.880277, +1 cols
    [CG]   [DIAG] iter=737 posCols=1 newCols=1 effImprove=1 updated=0
    [CG] CG iter 738: obj=1358651.195564, maxRC=1120.862830, +1 cols
    [CG]   [DIAG] iter=738 posCols=1 newCols=1 effImprove=1 updated=0
    [CG] CG iter 739: obj=1358651.195564, maxRC=499.853506, +1 cols
    [CG]   [DIAG] iter=739 posCols=1 newCols=1 effImprove=1 updated=0
    [CG] 列生成收敛，共 740 轮迭代
    [CG] [CG-NODE] depth=7 exit=CERTIFIED certified=1 feasible=1 iters=15 generatedColsBeforeNode=2933 newCols=35 posCandidates=35 duplicateCandidates=0 updatedCols=0 zeroObjImproveIters=14 objFirst=1358651.195564 objLast=1358651.195564 objGain=0.000000 maxRC=15168.428679 wallSec=0.267134 pricingSec=0.256826 cplexSolveSec=0.006851
    [CG] 列生成开始，初始列数=675
    [CG] CG iter 741: obj=1332177.115391, maxRC=174302.223028, +9 cols
    [CG]   [DIAG] iter=741 posCols=9 newCols=9 effImprove=9 updated=0
    [CG] CG iter 742: obj=1332177.115391, maxRC=218995.617313, +14 cols
    [CG]   [DIAG] iter=742 posCols=14 newCols=14 effImprove=14 updated=0
    [CG] CG iter 743: obj=1332177.115391, maxRC=144211.786349, +11 cols
    [CG]   [DIAG] iter=743 posCols=11 newCols=11 effImprove=11 updated=0
    [CG] CG iter 744: obj=1332177.115391, maxRC=159563.611465, +10 cols
    [CG]   [DIAG] iter=744 posCols=10 newCols=10 effImprove=10 updated=0
    [CG] CG iter 745: obj=1332177.115391, maxRC=115573.296215, +9 cols
    [CG]   [DIAG] iter=745 posCols=9 newCols=9 effImprove=9 updated=0
    [CG] CG iter 746: obj=1333828.343420, maxRC=87685.550714, +10 cols
    [CG]   [DIAG] iter=746 posCols=10 newCols=10 effImprove=10 updated=0
    [CG] CG iter 747: obj=1335455.074791, maxRC=66973.906697, +9 cols
    [CG]   [DIAG] iter=747 posCols=9 newCols=8 effImprove=9 updated=1
    [CG] CG iter 748: obj=1335993.365940, maxRC=47548.610078, +6 cols
    [CG]   [DIAG] iter=748 posCols=6 newCols=6 effImprove=6 updated=0
    [CG] CG iter 749: obj=1359758.541890, maxRC=37701.629551, +8 cols
    [CG]   [DIAG] iter=749 posCols=8 newCols=8 effImprove=8 updated=0
    [CG] CG iter 750: obj=1359758.541890, maxRC=12480.698887, +5 cols
    [CG]   [DIAG] iter=750 posCols=5 newCols=5 effImprove=5 updated=0
    [CG] CG iter 751: obj=1359758.541890, maxRC=5070.548743, +5 cols
    [CG]   [DIAG] iter=751 posCols=5 newCols=5 effImprove=5 updated=0
    [CG] CG iter 752: obj=1359758.541890, maxRC=8405.770680, +5 cols
    [CG]   [DIAG] iter=752 posCols=5 newCols=5 effImprove=5 updated=0
    [CG] CG iter 753: obj=1359758.541890, maxRC=3281.621059, +4 cols
    [CG]   [DIAG] iter=753 posCols=4 newCols=4 effImprove=4 updated=0
    [CG] CG iter 754: obj=1359758.541890, maxRC=4164.967715, +3 cols
    [CG]   [DIAG] iter=754 posCols=3 newCols=3 effImprove=3 updated=0
    [CG] CG iter 755: obj=1359758.541890, maxRC=4497.698033, +2 cols
    [CG]   [DIAG] iter=755 posCols=2 newCols=2 effImprove=2 updated=0
    [CG] CG iter 756: obj=1359758.541890, maxRC=2045.192321, +3 cols
    [CG]   [DIAG] iter=756 posCols=3 newCols=3 effImprove=3 updated=0
    [CG] CG iter 757: obj=1359758.541890, maxRC=412.440001, +2 cols
    [CG]   [DIAG] iter=757 posCols=2 newCols=2 effImprove=2 updated=0
    [CG] CG iter 758: obj=1359758.541890, maxRC=548.223579, +1 cols
    [CG]   [DIAG] iter=758 posCols=1 newCols=1 effImprove=1 updated=0
    [CG] CG iter 759: obj=1359758.541890, maxRC=204.106364, +1 cols
    [CG]   [DIAG] iter=759 posCols=1 newCols=1 effImprove=1 updated=0
    [CG] CG iter 760: obj=1359758.541890, maxRC=45.645653, +1 cols
    [CG]   [DIAG] iter=760 posCols=1 newCols=1 effImprove=1 updated=0
    [CG] 列生成收敛，共 761 轮迭代
    [CG] [CG-NODE] depth=7 exit=CERTIFIED certified=1 feasible=1 iters=21 generatedColsBeforeNode=2968 newCols=117 posCandidates=118 duplicateCandidates=1 updatedCols=1 zeroObjImproveIters=16 objFirst=1332177.115391 objLast=1359758.541890 objGain=27581.426499 maxRC=218995.617313 wallSec=0.317728 pricingSec=0.303682 cplexSolveSec=0.009964
    [CG] [BB-DIAG] 分支 x_{dc=2,retailer=23}, 节点数=23
    [CG] 列生成开始，初始列数=764
    [CG] CG iter 762: obj=1353932.381610, maxRC=29655.743384, +11 cols
    [CG]   [DIAG] iter=762 posCols=11 newCols=11 effImprove=11 updated=0
    [CG] CG iter 763: obj=1358606.166466, maxRC=17504.320742, +7 cols
    [CG]   [DIAG] iter=763 posCols=7 newCols=7 effImprove=7 updated=0
    [CG] CG iter 764: obj=1359447.705161, maxRC=6440.137374, +5 cols
    [CG]   [DIAG] iter=764 posCols=5 newCols=5 effImprove=5 updated=0
    [CG] CG iter 765: obj=1360374.054257, maxRC=4264.325825, +6 cols
    [CG]   [DIAG] iter=765 posCols=6 newCols=6 effImprove=6 updated=0
    [CG] CG iter 766: obj=1360374.054257, maxRC=5496.969955, +4 cols
    [CG]   [DIAG] iter=766 posCols=4 newCols=4 effImprove=4 updated=0
    [CG] CG iter 767: obj=1360374.054257, maxRC=1301.767517, +5 cols
    [CG]   [DIAG] iter=767 posCols=5 newCols=5 effImprove=5 updated=0
    [CG] CG iter 768: obj=1360374.054257, maxRC=1211.644316, +2 cols
    [CG]   [DIAG] iter=768 posCols=2 newCols=2 effImprove=2 updated=0
    [CG] CG iter 769: obj=1360374.054257, maxRC=213.746293, +2 cols
    [CG]   [DIAG] iter=769 posCols=2 newCols=2 effImprove=2 updated=0
    [CG] CG iter 770: obj=1360374.054257, maxRC=251.986747, +1 cols
    [CG]   [DIAG] iter=770 posCols=1 newCols=1 effImprove=1 updated=0
    [CG] 列生成收敛，共 771 轮迭代
    [CG] [CG-NODE] depth=6 exit=CERTIFIED certified=1 feasible=1 iters=10 generatedColsBeforeNode=3085 newCols=43 posCandidates=43 duplicateCandidates=0 updatedCols=0 zeroObjImproveIters=6 objFirst=1353932.381610 objLast=1360374.054257 objGain=6441.672647 maxRC=29655.743384 wallSec=0.174893 pricingSec=0.165877 cplexSolveSec=0.006253
    [CG] 列生成开始，初始列数=649
    [CG] CG iter 772: obj=1328225.600003, maxRC=138633.931751, +9 cols
    [CG]   [DIAG] iter=772 posCols=9 newCols=9 effImprove=9 updated=0
    [CG] CG iter 773: obj=1328225.600003, maxRC=95849.708327, +9 cols
    [CG]   [DIAG] iter=773 posCols=9 newCols=9 effImprove=9 updated=0
    [CG] CG iter 774: obj=1343558.915240, maxRC=69422.565817, +9 cols
    [CG]   [DIAG] iter=774 posCols=9 newCols=9 effImprove=9 updated=0
    [CG] CG iter 775: obj=1359104.845445, maxRC=27866.990470, +7 cols
    [CG]   [DIAG] iter=775 posCols=7 newCols=7 effImprove=7 updated=0
    [CG] CG iter 776: obj=1359104.845445, maxRC=21903.817494, +7 cols
    [CG]   [DIAG] iter=776 posCols=7 newCols=7 effImprove=7 updated=0
    [CG] CG iter 777: obj=1362980.217969, maxRC=13651.804199, +6 cols
    [CG]   [DIAG] iter=777 posCols=6 newCols=6 effImprove=6 updated=0
    [CG] CG iter 778: obj=1362980.217969, maxRC=12792.663049, +5 cols
    [CG]   [DIAG] iter=778 posCols=5 newCols=5 effImprove=5 updated=0
    [CG] CG iter 779: obj=1365782.417688, maxRC=5952.489316, +4 cols
    [CG]   [DIAG] iter=779 posCols=4 newCols=4 effImprove=4 updated=0
    [CG] CG iter 780: obj=1367743.748405, maxRC=1221.064674, +3 cols
    [CG]   [DIAG] iter=780 posCols=3 newCols=3 effImprove=3 updated=0
    [CG] CG iter 781: obj=1367743.748405, maxRC=680.914231, +1 cols
    [CG]   [DIAG] iter=781 posCols=1 newCols=1 effImprove=1 updated=0
    [CG] 列生成收敛，共 782 轮迭代
    [CG] [CG-NODE] depth=6 exit=CERTIFIED certified=1 feasible=1 iters=11 generatedColsBeforeNode=3128 newCols=60 posCandidates=60 duplicateCandidates=0 updatedCols=0 zeroObjImproveIters=5 objFirst=1328225.600003 objLast=1367743.748405 objGain=39518.148403 maxRC=138633.931751 wallSec=0.175494 pricingSec=0.165477 cplexSolveSec=0.006799
    [CG] [BB-DIAG] 分支 x_{dc=2,retailer=25}, 节点数=24
    [CG] 列生成开始，初始列数=706
    [CG] CG iter 783: obj=1357407.347481, maxRC=44789.497919, +7 cols
    [CG]   [DIAG] iter=783 posCols=7 newCols=7 effImprove=7 updated=0
    [CG] CG iter 784: obj=1357407.347481, maxRC=39295.914015, +7 cols
    [CG]   [DIAG] iter=784 posCols=7 newCols=7 effImprove=7 updated=0
    [CG] CG iter 785: obj=1357407.347481, maxRC=24856.870660, +6 cols
    [CG]   [DIAG] iter=785 posCols=6 newCols=6 effImprove=6 updated=0
    [CG] CG iter 786: obj=1357407.347481, maxRC=29172.168438, +5 cols
    [CG]   [DIAG] iter=786 posCols=5 newCols=5 effImprove=5 updated=0
    [CG] CG iter 787: obj=1357407.347481, maxRC=9725.943259, +6 cols
    [CG]   [DIAG] iter=787 posCols=6 newCols=6 effImprove=6 updated=0
    [CG] CG iter 788: obj=1357407.347481, maxRC=3808.250033, +2 cols
    [CG]   [DIAG] iter=788 posCols=2 newCols=2 effImprove=2 updated=0
    [CG] CG iter 789: obj=1357407.347481, maxRC=833.380116, +2 cols
    [CG]   [DIAG] iter=789 posCols=2 newCols=2 effImprove=2 updated=0
    [CG] CG iter 790: obj=1357407.347481, maxRC=663.522627, +1 cols
    [CG]   [DIAG] iter=790 posCols=1 newCols=1 effImprove=1 updated=0
    [CG] 列生成收敛，共 791 轮迭代
    [CG] [CG-NODE] depth=7 exit=CERTIFIED certified=1 feasible=1 iters=9 generatedColsBeforeNode=3188 newCols=36 posCandidates=36 duplicateCandidates=0 updatedCols=0 zeroObjImproveIters=8 objFirst=1357407.347481 objLast=1357407.347481 objGain=0.000000 maxRC=44789.497919 wallSec=0.153902 pricingSec=0.146960 cplexSolveSec=0.004565
    [CG] 列生成开始，初始列数=675
    [CG] CG iter 792: obj=1328225.600003, maxRC=247228.980453, +11 cols
    [CG]   [DIAG] iter=792 posCols=11 newCols=11 effImprove=11 updated=0
    [CG] CG iter 793: obj=1328225.600003, maxRC=198455.170888, +9 cols
    [CG]   [DIAG] iter=793 posCols=9 newCols=9 effImprove=9 updated=0
    [CG] CG iter 794: obj=1328225.600003, maxRC=140348.152638, +10 cols
    [CG]   [DIAG] iter=794 posCols=10 newCols=10 effImprove=10 updated=0
    [CG] CG iter 795: obj=1328225.600003, maxRC=126013.947293, +9 cols
    [CG]   [DIAG] iter=795 posCols=9 newCols=9 effImprove=9 updated=0
    [CG] CG iter 796: obj=1328225.600003, maxRC=110452.597186, +10 cols
    [CG]   [DIAG] iter=796 posCols=10 newCols=10 effImprove=10 updated=0
    [CG] CG iter 797: obj=1328225.600003, maxRC=104191.970384, +9 cols
    [CG]   [DIAG] iter=797 posCols=9 newCols=9 effImprove=9 updated=0
    [CG] CG iter 798: obj=1328225.600003, maxRC=70649.361246, +7 cols
    [CG]   [DIAG] iter=798 posCols=7 newCols=7 effImprove=7 updated=0
    [CG] CG iter 799: obj=1351244.837792, maxRC=37785.272002, +6 cols
    [CG]   [DIAG] iter=799 posCols=6 newCols=6 effImprove=6 updated=0
    [CG] CG iter 800: obj=1351244.837792, maxRC=23075.395576, +6 cols
    [CG]   [DIAG] iter=800 posCols=6 newCols=6 effImprove=6 updated=0
    [CG] CG iter 801: obj=1353839.019146, maxRC=13944.058390, +3 cols
    [CG]   [DIAG] iter=801 posCols=3 newCols=3 effImprove=3 updated=0
    [CG] CG iter 802: obj=1353839.019146, maxRC=21431.097372, +1 cols
    [CG]   [DIAG] iter=802 posCols=1 newCols=1 effImprove=1 updated=0
    [CG] CG iter 803: obj=1353839.019146, maxRC=12857.594733, +1 cols
    [CG]   [DIAG] iter=803 posCols=1 newCols=1 effImprove=1 updated=0
    [CG] CG iter 804: obj=1353839.019146, maxRC=9243.935621, +1 cols
    [CG]   [DIAG] iter=804 posCols=1 newCols=1 effImprove=1 updated=0
    [CG] CG iter 805: obj=1358460.986957, maxRC=2374.354480, +1 cols
    [CG]   [DIAG] iter=805 posCols=1 newCols=1 effImprove=1 updated=0
    [CG] CG iter 806: obj=1358460.986957, maxRC=934.510724, +1 cols
    [CG]   [DIAG] iter=806 posCols=1 newCols=1 effImprove=1 updated=0
    [CG] 列生成收敛，共 807 轮迭代
    [CG] [CG-NODE] depth=7 exit=CERTIFIED certified=1 feasible=1 iters=16 generatedColsBeforeNode=3224 newCols=85 posCandidates=85 duplicateCandidates=0 updatedCols=0 zeroObjImproveIters=12 objFirst=1328225.600003 objLast=1358460.986957 objGain=30235.386954 maxRC=247228.980453 wallSec=0.249365 pricingSec=0.238024 cplexSolveSec=0.008056
    [CG] [BB-DIAG] 分支 x_{dc=0,retailer=4}, 节点数=25
    [CG] 列生成开始，初始列数=717
    [CG] CG iter 808: obj=1362890.404427, maxRC=49655.097087, +12 cols
    [CG]   [DIAG] iter=808 posCols=12 newCols=12 effImprove=12 updated=0
    [CG] CG iter 809: obj=1379552.267913, maxRC=16733.170935, +6 cols
    [CG]   [DIAG] iter=809 posCols=6 newCols=6 effImprove=6 updated=0
    [CG] CG iter 810: obj=1379552.267913, maxRC=3415.204118, +3 cols
    [CG]   [DIAG] iter=810 posCols=3 newCols=3 effImprove=3 updated=0
    [CG] CG iter 811: obj=1379552.267913, maxRC=1830.121348, +3 cols
    [CG]   [DIAG] iter=811 posCols=3 newCols=3 effImprove=3 updated=0
    [CG] CG iter 812: obj=1379828.644555, maxRC=2198.375402, +3 cols
    [CG]   [DIAG] iter=812 posCols=3 newCols=3 effImprove=3 updated=0
    [CG] 列生成收敛，共 813 轮迭代
    [CG] [CG-NODE] depth=3 exit=CERTIFIED certified=1 feasible=1 iters=6 generatedColsBeforeNode=3309 newCols=27 posCandidates=27 duplicateCandidates=0 updatedCols=0 zeroObjImproveIters=3 objFirst=1362890.404427 objLast=1379828.644555 objGain=16938.240129 maxRC=49655.097087 wallSec=0.101881 pricingSec=0.095021 cplexSolveSec=0.004467
    [CG] 列生成开始，初始列数=711
    [CG] CG iter 814: obj=1284470.308678, maxRC=112347.178711, +16 cols
    [CG]   [DIAG] iter=814 posCols=16 newCols=16 effImprove=16 updated=0
    [CG] CG iter 815: obj=1319821.844176, maxRC=92422.091627, +15 cols
    [CG]   [DIAG] iter=815 posCols=15 newCols=15 effImprove=15 updated=0
    [CG] CG iter 816: obj=1330507.557630, maxRC=49554.024215, +14 cols
    [CG]   [DIAG] iter=816 posCols=14 newCols=14 effImprove=14 updated=0
    [CG] CG iter 817: obj=1336258.195411, maxRC=43658.532262, +13 cols
    [CG]   [DIAG] iter=817 posCols=13 newCols=13 effImprove=13 updated=0
    [CG] CG iter 818: obj=1339436.771385, maxRC=16833.475352, +10 cols
    [CG]   [DIAG] iter=818 posCols=10 newCols=10 effImprove=10 updated=0
    [CG] CG iter 819: obj=1340897.433717, maxRC=27121.791914, +10 cols
    [CG]   [DIAG] iter=819 posCols=10 newCols=10 effImprove=10 updated=0
    [CG] CG iter 820: obj=1342787.668370, maxRC=11625.718968, +8 cols
    [CG]   [DIAG] iter=820 posCols=8 newCols=8 effImprove=8 updated=0
    [CG] CG iter 821: obj=1349461.509842, maxRC=9464.592533, +6 cols
    [CG]   [DIAG] iter=821 posCols=6 newCols=6 effImprove=6 updated=0
    [CG] CG iter 822: obj=1349461.509842, maxRC=8000.949696, +6 cols
    [CG]   [DIAG] iter=822 posCols=6 newCols=6 effImprove=6 updated=0
    [CG] CG iter 823: obj=1349461.509842, maxRC=2922.550179, +7 cols
    [CG]   [DIAG] iter=823 posCols=7 newCols=7 effImprove=7 updated=0
    [CG] CG iter 824: obj=1349461.509842, maxRC=1248.376281, +4 cols
    [CG]   [DIAG] iter=824 posCols=4 newCols=4 effImprove=4 updated=0
    [CG] CG iter 825: obj=1349461.509842, maxRC=1533.287518, +3 cols
    [CG]   [DIAG] iter=825 posCols=3 newCols=3 effImprove=3 updated=0
    [CG] CG iter 826: obj=1349461.509842, maxRC=925.042212, +2 cols
    [CG]   [DIAG] iter=826 posCols=2 newCols=2 effImprove=2 updated=0
    [CG] CG iter 827: obj=1349461.509842, maxRC=178.858106, +1 cols
    [CG]   [DIAG] iter=827 posCols=1 newCols=1 effImprove=1 updated=0
    [CG] CG iter 828: obj=1349461.509842, maxRC=100.607387, +1 cols
    [CG]   [DIAG] iter=828 posCols=1 newCols=1 effImprove=1 updated=0
    [CG] 列生成收敛，共 829 轮迭代
    [CG] [CG-NODE] depth=3 exit=CERTIFIED certified=1 feasible=1 iters=16 generatedColsBeforeNode=3336 newCols=116 posCandidates=116 duplicateCandidates=0 updatedCols=0 zeroObjImproveIters=8 objFirst=1284470.308678 objLast=1349461.509842 objGain=64991.201163 maxRC=112347.178711 wallSec=0.281001 pricingSec=0.269016 cplexSolveSec=0.008574
    [CG] [BB-DIAG] 分支 x_{dc=0,retailer=12}, 节点数=26
    [CG] 列生成开始，初始列数=738
    [CG] CG iter 830: obj=1377049.737642, maxRC=21147.806971, +10 cols
    [CG]   [DIAG] iter=830 posCols=10 newCols=10 effImprove=10 updated=0
    [CG] CG iter 831: obj=1377049.737642, maxRC=2015.613450, +4 cols
    [CG]   [DIAG] iter=831 posCols=4 newCols=4 effImprove=4 updated=0
    [CG] CG iter 832: obj=1377049.737642, maxRC=64.315566, +2 cols
    [CG]   [DIAG] iter=832 posCols=2 newCols=2 effImprove=2 updated=0
    [CG] 列生成收敛，共 833 轮迭代
    [CG] [CG-NODE] depth=4 exit=CERTIFIED certified=1 feasible=1 iters=4 generatedColsBeforeNode=3452 newCols=16 posCandidates=16 duplicateCandidates=0 updatedCols=0 zeroObjImproveIters=3 objFirst=1377049.737642 objLast=1377049.737642 objGain=0.000000 maxRC=21147.806971 wallSec=0.066265 pricingSec=0.061237 cplexSolveSec=0.003101
    [CG] 列生成开始，初始列数=737
    [CG] CG iter 834: obj=1347254.133955, maxRC=232463.733618, +12 cols
    [CG]   [DIAG] iter=834 posCols=12 newCols=12 effImprove=12 updated=0
    [CG] CG iter 835: obj=1347254.133955, maxRC=162549.002218, +14 cols
    [CG]   [DIAG] iter=835 posCols=14 newCols=14 effImprove=14 updated=0
    [CG] CG iter 836: obj=1349035.244154, maxRC=101158.482929, +12 cols
    [CG]   [DIAG] iter=836 posCols=12 newCols=12 effImprove=12 updated=0
    [CG] CG iter 837: obj=1350705.568452, maxRC=43842.583467, +10 cols
    [CG]   [DIAG] iter=837 posCols=10 newCols=10 effImprove=10 updated=0
    [CG] CG iter 838: obj=1357162.768513, maxRC=20420.177893, +7 cols
    [CG]   [DIAG] iter=838 posCols=7 newCols=7 effImprove=7 updated=0
    [CG] CG iter 839: obj=1358364.447817, maxRC=10598.528447, +5 cols
    [CG]   [DIAG] iter=839 posCols=5 newCols=5 effImprove=5 updated=0
    [CG] CG iter 840: obj=1359974.721297, maxRC=6373.973808, +5 cols
    [CG]   [DIAG] iter=840 posCols=5 newCols=5 effImprove=5 updated=0
    [CG] CG iter 841: obj=1360687.284229, maxRC=5025.800613, +3 cols
    [CG]   [DIAG] iter=841 posCols=3 newCols=3 effImprove=3 updated=0
    [CG] CG iter 842: obj=1361315.509306, maxRC=5547.478956, +3 cols
    [CG]   [DIAG] iter=842 posCols=3 newCols=3 effImprove=3 updated=0
    [CG] CG iter 843: obj=1361315.509306, maxRC=5046.403880, +3 cols
    [CG]   [DIAG] iter=843 posCols=3 newCols=3 effImprove=3 updated=0
    [CG] CG iter 844: obj=1362837.835566, maxRC=5220.362527, +3 cols
    [CG]   [DIAG] iter=844 posCols=3 newCols=3 effImprove=3 updated=0
    [CG] CG iter 845: obj=1362837.835566, maxRC=3149.834796, +3 cols
    [CG]   [DIAG] iter=845 posCols=3 newCols=3 effImprove=3 updated=0
    [CG] CG iter 846: obj=1362837.835566, maxRC=1863.996772, +3 cols
    [CG]   [DIAG] iter=846 posCols=3 newCols=3 effImprove=3 updated=0
    [CG] CG iter 847: obj=1362837.835566, maxRC=531.832278, +3 cols
    [CG]   [DIAG] iter=847 posCols=3 newCols=3 effImprove=3 updated=0
    [CG] CG iter 848: obj=1362837.835566, maxRC=220.882682, +1 cols
    [CG]   [DIAG] iter=848 posCols=1 newCols=1 effImprove=1 updated=0
    [CG] 列生成收敛，共 849 轮迭代
    [CG] [CG-NODE] depth=4 exit=CERTIFIED certified=1 feasible=1 iters=16 generatedColsBeforeNode=3468 newCols=87 posCandidates=87 duplicateCandidates=0 updatedCols=0 zeroObjImproveIters=7 objFirst=1347254.133955 objLast=1362837.835566 objGain=15583.701611 maxRC=232463.733618 wallSec=0.273154 pricingSec=0.260762 cplexSolveSec=0.008761
    [CG] [BB-DIAG] 分支 x_{dc=0,retailer=25}, 节点数=27
    [CG] 列生成开始，初始列数=820
    [CG] CG iter 850: obj=1359580.983028, maxRC=30386.371000, +9 cols
    [CG]   [DIAG] iter=850 posCols=9 newCols=9 effImprove=9 updated=0
    [CG] CG iter 851: obj=1359618.995361, maxRC=5681.802959, +6 cols
    [CG]   [DIAG] iter=851 posCols=6 newCols=6 effImprove=6 updated=0
    [CG] CG iter 852: obj=1359769.784089, maxRC=2454.330905, +3 cols
    [CG]   [DIAG] iter=852 posCols=3 newCols=3 effImprove=3 updated=0
    [CG] CG iter 853: obj=1359769.784089, maxRC=2148.514667, +4 cols
    [CG]   [DIAG] iter=853 posCols=4 newCols=4 effImprove=4 updated=0
    [CG] CG iter 854: obj=1359769.784089, maxRC=1925.823369, +3 cols
    [CG]   [DIAG] iter=854 posCols=3 newCols=3 effImprove=3 updated=0
    [CG] CG iter 855: obj=1359769.784089, maxRC=736.576899, +2 cols
    [CG]   [DIAG] iter=855 posCols=2 newCols=2 effImprove=2 updated=0
    [CG] 列生成收敛，共 856 轮迭代
    [CG] [CG-NODE] depth=5 exit=CERTIFIED certified=1 feasible=1 iters=7 generatedColsBeforeNode=3555 newCols=27 posCandidates=27 duplicateCandidates=0 updatedCols=0 zeroObjImproveIters=4 objFirst=1359580.983028 objLast=1359769.784089 objGain=188.801061 maxRC=30386.371000 wallSec=0.116654 pricingSec=0.109726 cplexSolveSec=0.004483
    [CG] 列生成开始，初始列数=816
    [CG] CG iter 857: obj=1347254.133955, maxRC=52947.244233, +8 cols
    [CG]   [DIAG] iter=857 posCols=8 newCols=8 effImprove=8 updated=0
    [CG] CG iter 858: obj=1354947.137905, maxRC=38227.433867, +7 cols
    [CG]   [DIAG] iter=858 posCols=7 newCols=7 effImprove=7 updated=0
    [CG] CG iter 859: obj=1354947.137905, maxRC=30637.900437, +7 cols
    [CG]   [DIAG] iter=859 posCols=7 newCols=7 effImprove=7 updated=0
    [CG] CG iter 860: obj=1354947.137905, maxRC=24538.549764, +9 cols
    [CG]   [DIAG] iter=860 posCols=9 newCols=9 effImprove=9 updated=0
    [CG] CG iter 861: obj=1355869.764161, maxRC=8805.358082, +4 cols
    [CG]   [DIAG] iter=861 posCols=4 newCols=4 effImprove=4 updated=0
    [CG] CG iter 862: obj=1356821.783334, maxRC=5114.033237, +3 cols
    [CG]   [DIAG] iter=862 posCols=3 newCols=3 effImprove=3 updated=0
    [CG] CG iter 863: obj=1356821.783334, maxRC=4548.467954, +2 cols
    [CG]   [DIAG] iter=863 posCols=2 newCols=2 effImprove=2 updated=0
    [CG] CG iter 864: obj=1356821.783334, maxRC=2162.719502, +1 cols
    [CG]   [DIAG] iter=864 posCols=1 newCols=1 effImprove=1 updated=0
    [CG] CG iter 865: obj=1356821.783334, maxRC=2692.921590, +1 cols
    [CG]   [DIAG] iter=865 posCols=1 newCols=1 effImprove=1 updated=0
    [CG] CG iter 866: obj=1356821.783334, maxRC=2085.938954, +1 cols
    [CG]   [DIAG] iter=866 posCols=1 newCols=1 effImprove=1 updated=0
    [CG] CG iter 867: obj=1356821.783334, maxRC=3621.200692, +1 cols
    [CG]   [DIAG] iter=867 posCols=1 newCols=1 effImprove=1 updated=0
    [CG] CG iter 868: obj=1356821.783334, maxRC=676.449980, +1 cols
    [CG]   [DIAG] iter=868 posCols=1 newCols=1 effImprove=1 updated=0
    [CG] CG iter 869: obj=1356821.783334, maxRC=510.076964, +1 cols
    [CG]   [DIAG] iter=869 posCols=1 newCols=1 effImprove=1 updated=0
    [CG] 列生成收敛，共 870 轮迭代
    [CG] [CG-NODE] depth=5 exit=CERTIFIED certified=1 feasible=1 iters=14 generatedColsBeforeNode=3582 newCols=46 posCandidates=46 duplicateCandidates=0 updatedCols=0 zeroObjImproveIters=10 objFirst=1347254.133955 objLast=1356821.783334 objGain=9567.649378 maxRC=52947.244233 wallSec=0.236481 pricingSec=0.226526 cplexSolveSec=0.006918
    [CG] [BB-DIAG] 分支 x_{dc=0,retailer=10}, 节点数=28
    [CG] 列生成开始，初始列数=749
    [CG] CG iter 871: obj=1351435.922646, maxRC=8443.557416, +6 cols
    [CG]   [DIAG] iter=871 posCols=6 newCols=6 effImprove=6 updated=0
    [CG] CG iter 872: obj=1355313.023516, maxRC=8089.362594, +9 cols
    [CG]   [DIAG] iter=872 posCols=9 newCols=9 effImprove=9 updated=0
    [CG] CG iter 873: obj=1355313.023516, maxRC=5986.654559, +5 cols
    [CG]   [DIAG] iter=873 posCols=5 newCols=5 effImprove=5 updated=0
    [CG] CG iter 874: obj=1355313.023516, maxRC=5870.860069, +4 cols
    [CG]   [DIAG] iter=874 posCols=4 newCols=4 effImprove=4 updated=0
    [CG] CG iter 875: obj=1355313.023516, maxRC=4553.118122, +5 cols
    [CG]   [DIAG] iter=875 posCols=5 newCols=5 effImprove=5 updated=0
    [CG] CG iter 876: obj=1355313.023516, maxRC=3230.697898, +3 cols
    [CG]   [DIAG] iter=876 posCols=3 newCols=3 effImprove=3 updated=0
    [CG] CG iter 877: obj=1355313.023516, maxRC=2346.615254, +2 cols
    [CG]   [DIAG] iter=877 posCols=2 newCols=2 effImprove=2 updated=0
    [CG] CG iter 878: obj=1355620.054565, maxRC=533.235178, +3 cols
    [CG]   [DIAG] iter=878 posCols=3 newCols=3 effImprove=3 updated=0
    [CG] CG iter 879: obj=1355620.054565, maxRC=89.577694, +1 cols
    [CG]   [DIAG] iter=879 posCols=1 newCols=1 effImprove=1 updated=0
    [CG] CG iter 880: obj=1355620.054565, maxRC=44.754709, +1 cols
    [CG]   [DIAG] iter=880 posCols=1 newCols=1 effImprove=1 updated=0
    [CG] 列生成收敛，共 881 轮迭代
    [CG] [CG-NODE] depth=5 exit=CERTIFIED certified=1 feasible=1 iters=11 generatedColsBeforeNode=3628 newCols=39 posCandidates=39 duplicateCandidates=0 updatedCols=0 zeroObjImproveIters=8 objFirst=1351435.922646 objLast=1355620.054565 objGain=4184.131919 maxRC=8443.557416 wallSec=0.203840 pricingSec=0.195442 cplexSolveSec=0.005381
    [CG] 列生成开始，初始列数=750
    [CG] CG iter 882: obj=1375988.723288, maxRC=44330.857660, +8 cols
    [CG]   [DIAG] iter=882 posCols=8 newCols=8 effImprove=8 updated=0
    [CG] CG iter 883: obj=1375988.723288, maxRC=24617.226840, +4 cols
    [CG]   [DIAG] iter=883 posCols=4 newCols=4 effImprove=4 updated=0
    [CG] CG iter 884: obj=1375988.723288, maxRC=19083.454826, +6 cols
    [CG]   [DIAG] iter=884 posCols=6 newCols=6 effImprove=6 updated=0
    [CG] CG iter 885: obj=1375988.723288, maxRC=14154.870417, +3 cols
    [CG]   [DIAG] iter=885 posCols=3 newCols=3 effImprove=3 updated=0
    [CG] CG iter 886: obj=1375988.723288, maxRC=12362.870820, +4 cols
    [CG]   [DIAG] iter=886 posCols=4 newCols=4 effImprove=4 updated=0
    [CG] CG iter 887: obj=1375988.723288, maxRC=4288.739309, +3 cols
    [CG]   [DIAG] iter=887 posCols=3 newCols=3 effImprove=3 updated=0
    [CG] CG iter 888: obj=1375988.723288, maxRC=827.353401, +2 cols
    [CG]   [DIAG] iter=888 posCols=2 newCols=2 effImprove=2 updated=0
    [CG] 列生成收敛，共 889 轮迭代
    [CG] [CG-NODE] depth=5 exit=CERTIFIED certified=1 feasible=1 iters=8 generatedColsBeforeNode=3667 newCols=30 posCandidates=30 duplicateCandidates=0 updatedCols=0 zeroObjImproveIters=7 objFirst=1375988.723288 objLast=1375988.723288 objGain=0.000000 maxRC=44330.857660 wallSec=0.139110 pricingSec=0.132444 cplexSolveSec=0.004297
    [CG] [BB-DIAG] 分支 x_{dc=0,retailer=11}, 节点数=29
    [CG] 列生成开始，初始列数=775
    [CG] CG iter 890: obj=1322158.253963, maxRC=145461.986543, +16 cols
    [CG]   [DIAG] iter=890 posCols=16 newCols=16 effImprove=16 updated=0
    [CG] CG iter 891: obj=1366386.822436, maxRC=41362.539951, +10 cols
    [CG]   [DIAG] iter=891 posCols=10 newCols=10 effImprove=10 updated=0
    [CG] CG iter 892: obj=1366386.822436, maxRC=8684.437504, +6 cols
    [CG]   [DIAG] iter=892 posCols=6 newCols=6 effImprove=6 updated=0
    [CG] CG iter 893: obj=1366386.822436, maxRC=2791.795432, +5 cols
    [CG]   [DIAG] iter=893 posCols=5 newCols=5 effImprove=5 updated=0
    [CG] CG iter 894: obj=1366386.822436, maxRC=8.023113, +1 cols
    [CG]   [DIAG] iter=894 posCols=1 newCols=1 effImprove=1 updated=0
    [CG] 列生成收敛，共 895 轮迭代
    [CG] [CG-NODE] depth=6 exit=CERTIFIED certified=1 feasible=1 iters=6 generatedColsBeforeNode=3697 newCols=38 posCandidates=38 duplicateCandidates=0 updatedCols=0 zeroObjImproveIters=4 objFirst=1322158.253963 objLast=1366386.822436 objGain=44228.568473 maxRC=145461.986543 wallSec=0.100264 pricingSec=0.092724 cplexSolveSec=0.004949
    [CG] 列生成开始，初始列数=778
    [CG] CG iter 896: obj=1375307.173406, maxRC=11155.229734, +5 cols
    [CG]   [DIAG] iter=896 posCols=5 newCols=5 effImprove=5 updated=0
    [CG] CG iter 897: obj=1375307.173406, maxRC=4015.891423, +3 cols
    [CG]   [DIAG] iter=897 posCols=3 newCols=3 effImprove=3 updated=0
    [CG] CG iter 898: obj=1375307.173406, maxRC=2290.834601, +3 cols
    [CG]   [DIAG] iter=898 posCols=3 newCols=3 effImprove=3 updated=0
    [CG] CG iter 899: obj=1375307.173406, maxRC=967.831873, +1 cols
    [CG]   [DIAG] iter=899 posCols=1 newCols=1 effImprove=1 updated=0
    [CG] CG iter 900: obj=1375307.173406, maxRC=673.456268, +1 cols
    [CG]   [DIAG] iter=900 posCols=1 newCols=1 effImprove=1 updated=0
    [CG] CG iter 901: obj=1375307.173406, maxRC=601.795077, +1 cols
    [CG]   [DIAG] iter=901 posCols=1 newCols=1 effImprove=1 updated=0
    [CG] CG iter 902: obj=1375307.173406, maxRC=26.861518, +1 cols
    [CG]   [DIAG] iter=902 posCols=1 newCols=1 effImprove=1 updated=0
    [CG] 列生成收敛，共 903 轮迭代
    [CG] [CG-NODE] depth=6 exit=CERTIFIED certified=1 feasible=1 iters=8 generatedColsBeforeNode=3735 newCols=15 posCandidates=15 duplicateCandidates=0 updatedCols=0 zeroObjImproveIters=7 objFirst=1375307.173406 objLast=1375307.173406 objGain=0.000000 maxRC=11155.229734 wallSec=0.135274 pricingSec=0.129030 cplexSolveSec=0.004024
    [CG] [BB-DIAG] 分支 x_{dc=0,retailer=25}, 节点数=30
    [CG] 列生成开始，初始列数=790
    [CG] CG iter 904: obj=1370201.918228, maxRC=17323.716727, +7 cols
    [CG]   [DIAG] iter=904 posCols=7 newCols=7 effImprove=7 updated=0
    [CG] CG iter 905: obj=1370390.719289, maxRC=3327.645503, +2 cols
    [CG]   [DIAG] iter=905 posCols=2 newCols=2 effImprove=2 updated=0
    [CG] CG iter 906: obj=1370390.719289, maxRC=2237.340386, +2 cols
    [CG]   [DIAG] iter=906 posCols=2 newCols=1 effImprove=2 updated=1
    [CG] CG iter 907: obj=1370390.719289, maxRC=1467.262833, +3 cols
    [CG]   [DIAG] iter=907 posCols=3 newCols=3 effImprove=3 updated=0
    [CG] CG iter 908: obj=1370390.719289, maxRC=2560.070735, +2 cols
    [CG]   [DIAG] iter=908 posCols=2 newCols=2 effImprove=2 updated=0
    [CG] CG iter 909: obj=1370390.719289, maxRC=976.108736, +1 cols
    [CG]   [DIAG] iter=909 posCols=1 newCols=1 effImprove=1 updated=0
    [CG] CG iter 910: obj=1370390.719289, maxRC=577.894396, +1 cols
    [CG]   [DIAG] iter=910 posCols=1 newCols=1 effImprove=1 updated=0
    [CG] 列生成收敛，共 911 轮迭代
    [CG] [CG-NODE] depth=7 exit=CERTIFIED certified=1 feasible=1 iters=8 generatedColsBeforeNode=3750 newCols=17 posCandidates=18 duplicateCandidates=1 updatedCols=1 zeroObjImproveIters=6 objFirst=1370201.918228 objLast=1370390.719289 objGain=188.801061 maxRC=17323.716727 wallSec=0.144948 pricingSec=0.137039 cplexSolveSec=0.005123
    [CG] 列生成开始，初始列数=790
    [CG] CG iter 912: obj=1342249.073414, maxRC=171696.405228, +9 cols
    [CG]   [DIAG] iter=912 posCols=9 newCols=9 effImprove=9 updated=0
    [CG] CG iter 913: obj=1342744.756615, maxRC=99190.713196, +9 cols
    [CG]   [DIAG] iter=913 posCols=9 newCols=9 effImprove=9 updated=0
    [CG] CG iter 914: obj=1345648.099642, maxRC=57507.398226, +7 cols
    [CG]   [DIAG] iter=914 posCols=7 newCols=7 effImprove=7 updated=0
    [CG] CG iter 915: obj=1360128.918189, maxRC=20836.127333, +5 cols
    [CG]   [DIAG] iter=915 posCols=5 newCols=5 effImprove=5 updated=0
    [CG] CG iter 916: obj=1360882.641258, maxRC=21073.717726, +3 cols
    [CG]   [DIAG] iter=916 posCols=3 newCols=3 effImprove=3 updated=0
    [CG] CG iter 917: obj=1362247.919523, maxRC=25553.869274, +4 cols
    [CG]   [DIAG] iter=917 posCols=4 newCols=4 effImprove=4 updated=0
    [CG] CG iter 918: obj=1362247.919523, maxRC=24411.434552, +4 cols
    [CG]   [DIAG] iter=918 posCols=4 newCols=4 effImprove=4 updated=0
    [CG] CG iter 919: obj=1365596.063941, maxRC=12670.860212, +3 cols
    [CG]   [DIAG] iter=919 posCols=3 newCols=3 effImprove=3 updated=0
    [CG] CG iter 920: obj=1365596.063941, maxRC=9050.060892, +2 cols
    [CG]   [DIAG] iter=920 posCols=2 newCols=2 effImprove=2 updated=0
    [CG] CG iter 921: obj=1370121.094387, maxRC=1935.980036, +3 cols
    [CG]   [DIAG] iter=921 posCols=3 newCols=3 effImprove=3 updated=0
    [CG] CG iter 922: obj=1370121.094387, maxRC=847.118618, +3 cols
    [CG]   [DIAG] iter=922 posCols=3 newCols=3 effImprove=3 updated=0
    [CG] CG iter 923: obj=1370121.094387, maxRC=154.913139, +1 cols
    [CG]   [DIAG] iter=923 posCols=1 newCols=1 effImprove=1 updated=0
    [CG] 列生成收敛，共 924 轮迭代
    [CG] [CG-NODE] depth=7 exit=CERTIFIED certified=1 feasible=1 iters=13 generatedColsBeforeNode=3767 newCols=53 posCandidates=53 duplicateCandidates=0 updatedCols=0 zeroObjImproveIters=5 objFirst=1342249.073414 objLast=1370121.094387 objGain=27872.020973 maxRC=171696.405228 wallSec=0.203530 pricingSec=0.193770 cplexSolveSec=0.006714
    [CG] [BB-DIAG] 分支 x_{dc=2,retailer=1}, 节点数=31
    [CG] 列生成开始，初始列数=806
    [CG] CG iter 925: obj=1343170.190308, maxRC=29768.972161, +7 cols
    [CG]   [DIAG] iter=925 posCols=7 newCols=7 effImprove=7 updated=0
    [CG] CG iter 926: obj=1343170.190308, maxRC=31071.257551, +8 cols
    [CG]   [DIAG] iter=926 posCols=8 newCols=8 effImprove=8 updated=0
    [CG] CG iter 927: obj=1355632.341712, maxRC=40085.521759, +7 cols
    [CG]   [DIAG] iter=927 posCols=7 newCols=7 effImprove=7 updated=0
    [CG] CG iter 928: obj=1355632.341712, maxRC=40615.761345, +10 cols
    [CG]   [DIAG] iter=928 posCols=10 newCols=10 effImprove=10 updated=0
    [CG] CG iter 929: obj=1355632.341712, maxRC=24527.551978, +6 cols
    [CG]   [DIAG] iter=929 posCols=6 newCols=6 effImprove=6 updated=0
    [CG] CG iter 930: obj=1355632.341712, maxRC=24053.265363, +6 cols
    [CG]   [DIAG] iter=930 posCols=6 newCols=6 effImprove=6 updated=0
    [CG] CG iter 931: obj=1355632.341712, maxRC=21831.908758, +7 cols
    [CG]   [DIAG] iter=931 posCols=7 newCols=7 effImprove=7 updated=0
    [CG] CG iter 932: obj=1355632.341712, maxRC=19402.181988, +4 cols
    [CG]   [DIAG] iter=932 posCols=4 newCols=4 effImprove=4 updated=0
    [CG] CG iter 933: obj=1355632.341712, maxRC=12313.500623, +4 cols
    [CG]   [DIAG] iter=933 posCols=4 newCols=4 effImprove=4 updated=0
    [CG] CG iter 934: obj=1355632.341712, maxRC=17093.170546, +7 cols
    [CG]   [DIAG] iter=934 posCols=7 newCols=7 effImprove=7 updated=0
    [CG] CG iter 935: obj=1355632.341712, maxRC=9646.450279, +4 cols
    [CG]   [DIAG] iter=935 posCols=4 newCols=4 effImprove=4 updated=0
    [CG] CG iter 936: obj=1355632.341712, maxRC=4415.674140, +3 cols
    [CG]   [DIAG] iter=936 posCols=3 newCols=3 effImprove=3 updated=0
    [CG] CG iter 937: obj=1355632.341712, maxRC=2341.791232, +4 cols
    [CG]   [DIAG] iter=937 posCols=4 newCols=4 effImprove=4 updated=0
    [CG] CG iter 938: obj=1355632.341712, maxRC=1387.355087, +2 cols
    [CG]   [DIAG] iter=938 posCols=2 newCols=2 effImprove=2 updated=0
    [CG] CG iter 939: obj=1355632.341712, maxRC=591.755751, +2 cols
    [CG]   [DIAG] iter=939 posCols=2 newCols=2 effImprove=2 updated=0
    [CG] 列生成收敛，共 940 轮迭代
    [CG] [CG-NODE] depth=8 exit=CERTIFIED certified=1 feasible=1 iters=16 generatedColsBeforeNode=3820 newCols=81 posCandidates=81 duplicateCandidates=0 updatedCols=0 zeroObjImproveIters=14 objFirst=1343170.190308 objLast=1355632.341712 objGain=12462.151404 maxRC=40615.761345 wallSec=0.270547 pricingSec=0.258536 cplexSolveSec=0.008548
    [CG] 列生成开始，初始列数=664
    [CG] CG iter 941: obj=1342249.073414, maxRC=42153.319063, +7 cols
    [CG]   [DIAG] iter=941 posCols=7 newCols=7 effImprove=7 updated=0
    [CG] CG iter 942: obj=1342249.073414, maxRC=64214.603384, +7 cols
    [CG]   [DIAG] iter=942 posCols=7 newCols=7 effImprove=7 updated=0
    [CG] CG iter 943: obj=1342249.073414, maxRC=47883.483349, +9 cols
    [CG]   [DIAG] iter=943 posCols=9 newCols=9 effImprove=9 updated=0
    [CG] CG iter 944: obj=1362603.965053, maxRC=104427.673305, +9 cols
    [CG]   [DIAG] iter=944 posCols=9 newCols=9 effImprove=9 updated=0
    [CG] CG iter 945: obj=1362603.965053, maxRC=72181.386032, +9 cols
    [CG]   [DIAG] iter=945 posCols=9 newCols=9 effImprove=9 updated=0
    [CG] CG iter 946: obj=1362603.965053, maxRC=36041.144529, +7 cols
    [CG]   [DIAG] iter=946 posCols=7 newCols=7 effImprove=7 updated=0
    [CG] CG iter 947: obj=1362603.965053, maxRC=26353.485530, +7 cols
    [CG]   [DIAG] iter=947 posCols=7 newCols=7 effImprove=7 updated=0
    [CG] CG iter 948: obj=1362603.965053, maxRC=25559.488575, +7 cols
    [CG]   [DIAG] iter=948 posCols=7 newCols=7 effImprove=7 updated=0
    [CG] CG iter 949: obj=1362603.965053, maxRC=13779.163413, +5 cols
    [CG]   [DIAG] iter=949 posCols=5 newCols=5 effImprove=5 updated=0
    [CG] CG iter 950: obj=1362603.965053, maxRC=16169.545593, +5 cols
    [CG]   [DIAG] iter=950 posCols=5 newCols=5 effImprove=5 updated=0
    [CG] CG iter 951: obj=1362603.965053, maxRC=22396.087022, +5 cols
    [CG]   [DIAG] iter=951 posCols=5 newCols=5 effImprove=5 updated=0
    [CG] CG iter 952: obj=1362603.965053, maxRC=7822.822799, +2 cols
    [CG]   [DIAG] iter=952 posCols=2 newCols=2 effImprove=2 updated=0
    [CG] CG iter 953: obj=1362603.965053, maxRC=7795.389289, +2 cols
    [CG]   [DIAG] iter=953 posCols=2 newCols=2 effImprove=2 updated=0
    [CG] CG iter 954: obj=1362603.965053, maxRC=3135.713682, +2 cols
    [CG]   [DIAG] iter=954 posCols=2 newCols=2 effImprove=2 updated=0
    [CG] CG iter 955: obj=1362603.965053, maxRC=1194.920293, +2 cols
    [CG]   [DIAG] iter=955 posCols=2 newCols=2 effImprove=2 updated=0
    [CG] 列生成收敛，共 956 轮迭代
    [CG] [CG-NODE] depth=8 exit=CERTIFIED certified=1 feasible=1 iters=16 generatedColsBeforeNode=3901 newCols=85 posCandidates=85 duplicateCandidates=0 updatedCols=0 zeroObjImproveIters=14 objFirst=1342249.073414 objLast=1362603.965053 objGain=20354.891639 maxRC=104427.673305 wallSec=0.246499 pricingSec=0.234362 cplexSolveSec=0.008353
    [CG] [BB-DIAG] 分支 x_{dc=2,retailer=14}, 节点数=32
    [CG] 列生成开始，初始列数=717
    [CG] CG iter 957: obj=1338867.720083, maxRC=25158.062600, +10 cols
    [CG]   [DIAG] iter=957 posCols=10 newCols=10 effImprove=10 updated=0
    [CG] CG iter 958: obj=1350790.296725, maxRC=5156.658871, +7 cols
    [CG]   [DIAG] iter=958 posCols=7 newCols=7 effImprove=7 updated=0
    [CG] CG iter 959: obj=1351433.098693, maxRC=5145.417940, +6 cols
    [CG]   [DIAG] iter=959 posCols=6 newCols=6 effImprove=6 updated=0
    [CG] CG iter 960: obj=1351433.098693, maxRC=5116.958372, +3 cols
    [CG]   [DIAG] iter=960 posCols=3 newCols=3 effImprove=3 updated=0
    [CG] CG iter 961: obj=1351433.098693, maxRC=5067.722940, +2 cols
    [CG]   [DIAG] iter=961 posCols=2 newCols=2 effImprove=2 updated=0
    [CG] CG iter 962: obj=1351433.098693, maxRC=5016.883593, +3 cols
    [CG]   [DIAG] iter=962 posCols=3 newCols=3 effImprove=3 updated=0
    [CG] CG iter 963: obj=1351433.098693, maxRC=4334.688503, +3 cols
    [CG]   [DIAG] iter=963 posCols=3 newCols=3 effImprove=3 updated=0
    [CG] CG iter 964: obj=1351433.098693, maxRC=3951.943039, +5 cols
    [CG]   [DIAG] iter=964 posCols=5 newCols=5 effImprove=5 updated=0
    [CG] CG iter 965: obj=1351433.098693, maxRC=3902.613633, +4 cols
    [CG]   [DIAG] iter=965 posCols=4 newCols=4 effImprove=4 updated=0
    [CG] CG iter 966: obj=1351433.098693, maxRC=3070.276628, +3 cols
    [CG]   [DIAG] iter=966 posCols=3 newCols=3 effImprove=3 updated=0
    [CG] CG iter 967: obj=1351433.098693, maxRC=608.755665, +1 cols
    [CG]   [DIAG] iter=967 posCols=1 newCols=1 effImprove=1 updated=0
    [CG] 列生成收敛，共 968 轮迭代
    [CG] [CG-NODE] depth=9 exit=CERTIFIED certified=1 feasible=1 iters=12 generatedColsBeforeNode=3986 newCols=47 posCandidates=47 duplicateCandidates=0 updatedCols=0 zeroObjImproveIters=9 objFirst=1338867.720083 objLast=1351433.098693 objGain=12565.378609 maxRC=25158.062600 wallSec=0.204790 pricingSec=0.195902 cplexSolveSec=0.005913
    [CG] 列生成开始，初始列数=711
    [CG] CG iter 969: obj=1342249.073414, maxRC=82134.731400, +8 cols
    [CG]   [DIAG] iter=969 posCols=8 newCols=8 effImprove=8 updated=0
    [CG] CG iter 970: obj=1342249.073414, maxRC=66779.622981, +8 cols
    [CG]   [DIAG] iter=970 posCols=8 newCols=8 effImprove=8 updated=0
    [CG] CG iter 971: obj=1342249.073414, maxRC=36772.387428, +4 cols
    [CG]   [DIAG] iter=971 posCols=4 newCols=4 effImprove=4 updated=0
    [CG] CG iter 972: obj=1360635.267128, maxRC=18840.498831, +2 cols
    [CG]   [DIAG] iter=972 posCols=2 newCols=2 effImprove=2 updated=0
    [CG] CG iter 973: obj=1360635.267128, maxRC=21720.140966, +2 cols
    [CG]   [DIAG] iter=973 posCols=2 newCols=2 effImprove=2 updated=0
    [CG] CG iter 974: obj=1360635.267128, maxRC=29660.401808, +1 cols
    [CG]   [DIAG] iter=974 posCols=1 newCols=1 effImprove=1 updated=0
    [CG] CG iter 975: obj=1360635.267128, maxRC=11576.208788, +1 cols
    [CG]   [DIAG] iter=975 posCols=1 newCols=1 effImprove=1 updated=0
    [CG] CG iter 976: obj=1360635.267128, maxRC=11951.899025, +1 cols
    [CG]   [DIAG] iter=976 posCols=1 newCols=1 effImprove=1 updated=0
    [CG] CG iter 977: obj=1360635.267128, maxRC=5806.975089, +1 cols
    [CG]   [DIAG] iter=977 posCols=1 newCols=1 effImprove=1 updated=0
    [CG] CG iter 978: obj=1360635.267128, maxRC=4628.038801, +1 cols
    [CG]   [DIAG] iter=978 posCols=1 newCols=1 effImprove=1 updated=0
    [CG] CG iter 979: obj=1360635.267128, maxRC=6670.344498, +1 cols
    [CG]   [DIAG] iter=979 posCols=1 newCols=1 effImprove=1 updated=0
    [CG] CG iter 980: obj=1360635.267128, maxRC=2917.299492, +1 cols
    [CG]   [DIAG] iter=980 posCols=1 newCols=1 effImprove=1 updated=0
    [CG] CG iter 981: obj=1360635.267128, maxRC=3753.358142, +1 cols
    [CG]   [DIAG] iter=981 posCols=1 newCols=1 effImprove=1 updated=0
    [CG] CG iter 982: obj=1360635.267128, maxRC=4776.154626, +1 cols
    [CG]   [DIAG] iter=982 posCols=1 newCols=1 effImprove=1 updated=0
    [CG] CG iter 983: obj=1360635.267128, maxRC=3103.896162, +1 cols
    [CG]   [DIAG] iter=983 posCols=1 newCols=1 effImprove=1 updated=0
    [CG] CG iter 984: obj=1360635.267128, maxRC=1565.280045, +1 cols
    [CG]   [DIAG] iter=984 posCols=1 newCols=1 effImprove=1 updated=0
    [CG] CG iter 985: obj=1360635.267128, maxRC=1512.425989, +1 cols
    [CG]   [DIAG] iter=985 posCols=1 newCols=1 effImprove=1 updated=0
    [CG] CG iter 986: obj=1360635.267128, maxRC=1087.053516, +1 cols
    [CG]   [DIAG] iter=986 posCols=1 newCols=1 effImprove=1 updated=0
    [CG] CG iter 987: obj=1360635.267128, maxRC=823.187599, +1 cols
    [CG]   [DIAG] iter=987 posCols=1 newCols=1 effImprove=1 updated=0
    [CG] CG iter 988: obj=1360635.267128, maxRC=557.142961, +1 cols
    [CG]   [DIAG] iter=988 posCols=1 newCols=1 effImprove=1 updated=0
    [CG] 列生成收敛，共 989 轮迭代
    [CG] [CG-NODE] depth=9 exit=CERTIFIED certified=1 feasible=1 iters=21 generatedColsBeforeNode=4033 newCols=39 posCandidates=39 duplicateCandidates=0 updatedCols=0 zeroObjImproveIters=19 objFirst=1342249.073414 objLast=1360635.267128 objGain=18386.193714 maxRC=82134.731400 wallSec=0.340010 pricingSec=0.327743 cplexSolveSec=0.008490
    [CG] [BB-DIAG] 分支 x_{dc=2,retailer=1}, 节点数=33
    [CG] 列生成开始，初始列数=769
    [CG] CG iter 990: obj=1349735.046659, maxRC=37192.651978, +7 cols
    [CG]   [DIAG] iter=990 posCols=7 newCols=7 effImprove=7 updated=0
    [CG] CG iter 991: obj=1349735.046659, maxRC=39423.876493, +9 cols
    [CG]   [DIAG] iter=991 posCols=9 newCols=9 effImprove=9 updated=0
    [CG] CG iter 992: obj=1352059.470577, maxRC=17791.535467, +8 cols
    [CG]   [DIAG] iter=992 posCols=8 newCols=8 effImprove=8 updated=0
    [CG] CG iter 993: obj=1352059.470577, maxRC=11695.839273, +5 cols
    [CG]   [DIAG] iter=993 posCols=5 newCols=5 effImprove=5 updated=0
    [CG] CG iter 994: obj=1354039.761839, maxRC=6250.092470, +4 cols
    [CG]   [DIAG] iter=994 posCols=4 newCols=4 effImprove=4 updated=0
    [CG] CG iter 995: obj=1354847.599739, maxRC=9471.230215, +4 cols
    [CG]   [DIAG] iter=995 posCols=4 newCols=4 effImprove=4 updated=0
    [CG] CG iter 996: obj=1354847.599739, maxRC=2462.590369, +3 cols
    [CG]   [DIAG] iter=996 posCols=3 newCols=3 effImprove=3 updated=0
    [CG] CG iter 997: obj=1355838.358697, maxRC=468.784568, +3 cols
    [CG]   [DIAG] iter=997 posCols=3 newCols=3 effImprove=3 updated=0
    [CG] CG iter 998: obj=1355838.358697, maxRC=383.301521, +1 cols
    [CG]   [DIAG] iter=998 posCols=1 newCols=1 effImprove=1 updated=0
    [CG] 列生成收敛，共 999 轮迭代
    [CG] [CG-NODE] depth=8 exit=CERTIFIED certified=1 feasible=1 iters=10 generatedColsBeforeNode=4072 newCols=44 posCandidates=44 duplicateCandidates=0 updatedCols=0 zeroObjImproveIters=5 objFirst=1349735.046659 objLast=1355838.358697 objGain=6103.312038 maxRC=39423.876493 wallSec=0.168774 pricingSec=0.160090 cplexSolveSec=0.005911
    [CG] 列生成开始，初始列数=640
    [CG] CG iter 1000: obj=1332416.165179, maxRC=143644.851598, +11 cols
    [CG]   [DIAG] iter=1000 posCols=11 newCols=11 effImprove=11 updated=0
    [CG] CG iter 1001: obj=1332416.165179, maxRC=116384.561910, +9 cols
    [CG]   [DIAG] iter=1001 posCols=9 newCols=9 effImprove=9 updated=0
    [CG] CG iter 1002: obj=1332416.165179, maxRC=112283.204841, +10 cols
    [CG]   [DIAG] iter=1002 posCols=10 newCols=10 effImprove=10 updated=0
    [CG] CG iter 1003: obj=1360473.382918, maxRC=67067.074562, +11 cols
    [CG]   [DIAG] iter=1003 posCols=11 newCols=11 effImprove=11 updated=0
    [CG] CG iter 1004: obj=1360473.382918, maxRC=17661.077750, +7 cols
    [CG]   [DIAG] iter=1004 posCols=7 newCols=7 effImprove=7 updated=0
    [CG] CG iter 1005: obj=1360473.382918, maxRC=24794.710718, +6 cols
    [CG]   [DIAG] iter=1005 posCols=6 newCols=6 effImprove=6 updated=0
    [CG] CG iter 1006: obj=1360473.382918, maxRC=12638.636288, +4 cols
    [CG]   [DIAG] iter=1006 posCols=4 newCols=4 effImprove=4 updated=0
    [CG] CG iter 1007: obj=1360473.382918, maxRC=8780.068473, +4 cols
    [CG]   [DIAG] iter=1007 posCols=4 newCols=4 effImprove=4 updated=0
    [CG] CG iter 1008: obj=1360473.382918, maxRC=5899.208421, +5 cols
    [CG]   [DIAG] iter=1008 posCols=5 newCols=5 effImprove=5 updated=0
    [CG] CG iter 1009: obj=1360473.382918, maxRC=4353.842829, +4 cols
    [CG]   [DIAG] iter=1009 posCols=4 newCols=4 effImprove=4 updated=0
    [CG] CG iter 1010: obj=1362348.367832, maxRC=8011.975919, +3 cols
    [CG]   [DIAG] iter=1010 posCols=3 newCols=3 effImprove=3 updated=0
    [CG] CG iter 1011: obj=1362348.367832, maxRC=4520.260876, +2 cols
    [CG]   [DIAG] iter=1011 posCols=2 newCols=2 effImprove=2 updated=0
    [CG] CG iter 1012: obj=1362348.367832, maxRC=1416.342178, +1 cols
    [CG]   [DIAG] iter=1012 posCols=1 newCols=1 effImprove=1 updated=0
    [CG] CG iter 1013: obj=1362348.367832, maxRC=1020.324117, +1 cols
    [CG]   [DIAG] iter=1013 posCols=1 newCols=1 effImprove=1 updated=0
    [CG] CG iter 1014: obj=1362348.367832, maxRC=590.284198, +1 cols
    [CG]   [DIAG] iter=1014 posCols=1 newCols=1 effImprove=1 updated=0
    [CG] CG iter 1015: obj=1362348.367832, maxRC=523.550298, +1 cols
    [CG]   [DIAG] iter=1015 posCols=1 newCols=1 effImprove=1 updated=0
    [CG] 列生成收敛，共 1016 轮迭代
    [CG] [CG-NODE] depth=8 exit=CERTIFIED certified=1 feasible=1 iters=17 generatedColsBeforeNode=4116 newCols=80 posCandidates=80 duplicateCandidates=0 updatedCols=0 zeroObjImproveIters=14 objFirst=1332416.165179 objLast=1362348.367832 objGain=29932.202653 maxRC=143644.851598 wallSec=0.281140 pricingSec=0.269756 cplexSolveSec=0.007834
    [CG] [BB-DIAG] 分支 x_{dc=2,retailer=14}, 节点数=34
    [CG] 列生成开始，初始列数=694
    [CG] CG iter 1017: obj=1336930.353167, maxRC=28596.687714, +11 cols
    [CG]   [DIAG] iter=1017 posCols=11 newCols=11 effImprove=11 updated=0
    [CG] CG iter 1018: obj=1350387.456159, maxRC=14182.380930, +8 cols
    [CG]   [DIAG] iter=1018 posCols=8 newCols=8 effImprove=8 updated=0
    [CG] CG iter 1019: obj=1350387.456159, maxRC=7266.335020, +6 cols
    [CG]   [DIAG] iter=1019 posCols=6 newCols=6 effImprove=6 updated=0
    [CG] CG iter 1020: obj=1350387.456159, maxRC=8434.932951, +6 cols
    [CG]   [DIAG] iter=1020 posCols=6 newCols=6 effImprove=6 updated=0
    [CG] CG iter 1021: obj=1350387.456159, maxRC=5759.289857, +5 cols
    [CG]   [DIAG] iter=1021 posCols=5 newCols=5 effImprove=5 updated=0
    [CG] CG iter 1022: obj=1350387.456159, maxRC=9597.084447, +5 cols
    [CG]   [DIAG] iter=1022 posCols=5 newCols=5 effImprove=5 updated=0
    [CG] CG iter 1023: obj=1350387.456159, maxRC=3228.289355, +4 cols
    [CG]   [DIAG] iter=1023 posCols=4 newCols=4 effImprove=4 updated=0
    [CG] CG iter 1024: obj=1351127.523646, maxRC=3140.813533, +4 cols
    [CG]   [DIAG] iter=1024 posCols=4 newCols=4 effImprove=4 updated=0
    [CG] CG iter 1025: obj=1351127.523646, maxRC=3182.324464, +2 cols
    [CG]   [DIAG] iter=1025 posCols=2 newCols=2 effImprove=2 updated=0
    [CG] CG iter 1026: obj=1351127.523646, maxRC=2827.768388, +1 cols
    [CG]   [DIAG] iter=1026 posCols=1 newCols=1 effImprove=1 updated=0
    [CG] CG iter 1027: obj=1351127.523646, maxRC=2429.056752, +1 cols
    [CG]   [DIAG] iter=1027 posCols=1 newCols=1 effImprove=1 updated=0
    [CG] CG iter 1028: obj=1351127.523646, maxRC=1832.386488, +1 cols
    [CG]   [DIAG] iter=1028 posCols=1 newCols=1 effImprove=1 updated=0
    [CG] CG iter 1029: obj=1351127.523646, maxRC=785.496683, +1 cols
    [CG]   [DIAG] iter=1029 posCols=1 newCols=1 effImprove=1 updated=0
    [CG] 列生成收敛，共 1030 轮迭代
    [CG] [CG-NODE] depth=9 exit=CERTIFIED certified=1 feasible=1 iters=14 generatedColsBeforeNode=4196 newCols=55 posCandidates=55 duplicateCandidates=0 updatedCols=0 zeroObjImproveIters=11 objFirst=1336930.353167 objLast=1351127.523646 objGain=14197.170479 maxRC=28596.687714 wallSec=0.237282 pricingSec=0.227598 cplexSolveSec=0.006695
    [CG] 列生成开始，初始列数=685
    [CG] CG iter 1031: obj=1332416.165179, maxRC=99188.092610, +9 cols
    [CG]   [DIAG] iter=1031 posCols=9 newCols=9 effImprove=9 updated=0
    [CG] CG iter 1032: obj=1332416.165179, maxRC=74450.333146, +9 cols
    [CG]   [DIAG] iter=1032 posCols=9 newCols=9 effImprove=9 updated=0
    [CG] CG iter 1033: obj=1332416.165179, maxRC=72965.449634, +7 cols
    [CG]   [DIAG] iter=1033 posCols=7 newCols=7 effImprove=7 updated=0
    [CG] CG iter 1034: obj=1355381.528944, maxRC=37804.327186, +6 cols
    [CG]   [DIAG] iter=1034 posCols=6 newCols=6 effImprove=6 updated=0
    [CG] CG iter 1035: obj=1355381.528944, maxRC=12418.822486, +3 cols
    [CG]   [DIAG] iter=1035 posCols=3 newCols=3 effImprove=3 updated=0
    [CG] CG iter 1036: obj=1355783.451616, maxRC=9231.358962, +3 cols
    [CG]   [DIAG] iter=1036 posCols=3 newCols=3 effImprove=3 updated=0
    [CG] CG iter 1037: obj=1355783.451616, maxRC=9202.953398, +3 cols
    [CG]   [DIAG] iter=1037 posCols=3 newCols=3 effImprove=3 updated=0
    [CG] CG iter 1038: obj=1355783.451616, maxRC=9166.078221, +2 cols
    [CG]   [DIAG] iter=1038 posCols=2 newCols=2 effImprove=2 updated=0
    [CG] CG iter 1039: obj=1355783.451616, maxRC=8270.657236, +1 cols
    [CG]   [DIAG] iter=1039 posCols=1 newCols=1 effImprove=1 updated=0
    [CG] CG iter 1040: obj=1359918.780234, maxRC=1623.546589, +1 cols
    [CG]   [DIAG] iter=1040 posCols=1 newCols=1 effImprove=1 updated=0
    [CG] CG iter 1041: obj=1359918.780234, maxRC=1215.261907, +1 cols
    [CG]   [DIAG] iter=1041 posCols=1 newCols=1 effImprove=1 updated=0
    [CG] CG iter 1042: obj=1359918.780234, maxRC=1111.940114, +1 cols
    [CG]   [DIAG] iter=1042 posCols=1 newCols=1 effImprove=1 updated=0
    [CG] CG iter 1043: obj=1359918.780234, maxRC=619.303148, +1 cols
    [CG]   [DIAG] iter=1043 posCols=1 newCols=1 effImprove=1 updated=0
    [CG] CG iter 1044: obj=1359918.780234, maxRC=556.103371, +1 cols
    [CG]   [DIAG] iter=1044 posCols=1 newCols=1 effImprove=1 updated=0
    [CG] 列生成收敛，共 1045 轮迭代
    [CG] [CG-NODE] depth=9 exit=CERTIFIED certified=1 feasible=1 iters=15 generatedColsBeforeNode=4251 newCols=48 posCandidates=48 duplicateCandidates=0 updatedCols=0 zeroObjImproveIters=11 objFirst=1332416.165179 objLast=1359918.780234 objGain=27502.615055 maxRC=99188.092610 wallSec=0.229882 pricingSec=0.220763 cplexSolveSec=0.006259
    [CG] [BB-DIAG] 分支 x_{dc=0,retailer=20}, 节点数=35
    [CG] 列生成开始，初始列数=809
    [CG] CG iter 1046: obj=1341767.614100, maxRC=39203.375359, +10 cols
    [CG]   [DIAG] iter=1046 posCols=10 newCols=10 effImprove=10 updated=0
    [CG] CG iter 1047: obj=1354957.483712, maxRC=9304.222611, +5 cols
    [CG]   [DIAG] iter=1047 posCols=5 newCols=5 effImprove=5 updated=0
    [CG] CG iter 1048: obj=1354957.483712, maxRC=8874.654238, +4 cols
    [CG]   [DIAG] iter=1048 posCols=4 newCols=4 effImprove=4 updated=0
    [CG] CG iter 1049: obj=1357176.147271, maxRC=1258.675008, +3 cols
    [CG]   [DIAG] iter=1049 posCols=3 newCols=3 effImprove=3 updated=0
    [CG] CG iter 1050: obj=1357284.579560, maxRC=416.723351, +3 cols
    [CG]   [DIAG] iter=1050 posCols=3 newCols=2 effImprove=3 updated=1
    [CG] CG iter 1051: obj=1357284.579560, maxRC=186.344882, +2 cols
    [CG]   [DIAG] iter=1051 posCols=2 newCols=2 effImprove=2 updated=0
    [CG] CG iter 1052: obj=1357284.579560, maxRC=80.150659, +1 cols
    [CG]   [DIAG] iter=1052 posCols=1 newCols=1 effImprove=1 updated=0
    [CG] 列生成收敛，共 1053 轮迭代
    [CG] [CG-NODE] depth=7 exit=CERTIFIED certified=1 feasible=1 iters=8 generatedColsBeforeNode=4299 newCols=27 posCandidates=28 duplicateCandidates=1 updatedCols=1 zeroObjImproveIters=4 objFirst=1341767.614100 objLast=1357284.579560 objGain=15516.965460 maxRC=39203.375359 wallSec=0.143029 pricingSec=0.134414 cplexSolveSec=0.005349
    [CG] 列生成开始，初始列数=811
    [CG] CG iter 1054: obj=1356445.430358, maxRC=40879.580216, +5 cols
    [CG]   [DIAG] iter=1054 posCols=5 newCols=5 effImprove=5 updated=0
    [CG] CG iter 1055: obj=1356445.430358, maxRC=8375.474268, +3 cols
    [CG]   [DIAG] iter=1055 posCols=3 newCols=3 effImprove=3 updated=0
    [CG] CG iter 1056: obj=1356445.430358, maxRC=7449.951382, +1 cols
    [CG]   [DIAG] iter=1056 posCols=1 newCols=1 effImprove=1 updated=0
    [CG] CG iter 1057: obj=1356445.430358, maxRC=2229.073099, +1 cols
    [CG]   [DIAG] iter=1057 posCols=1 newCols=1 effImprove=1 updated=0
    [CG] CG iter 1058: obj=1356445.430358, maxRC=71.689430, +1 cols
    [CG]   [DIAG] iter=1058 posCols=1 newCols=1 effImprove=1 updated=0
    [CG] 列生成收敛，共 1059 轮迭代
    [CG] [CG-NODE] depth=7 exit=CERTIFIED certified=1 feasible=1 iters=6 generatedColsBeforeNode=4326 newCols=11 posCandidates=11 duplicateCandidates=0 updatedCols=0 zeroObjImproveIters=5 objFirst=1356445.430358 objLast=1356445.430358 objGain=0.000000 maxRC=40879.580216 wallSec=0.104632 pricingSec=0.098599 cplexSolveSec=0.003747
    [CG] [BB-DIAG] 分支 x_{dc=0,retailer=1}, 节点数=36
    [CG] 列生成开始，初始列数=732
    [CG] CG iter 1060: obj=1392907.326750, maxRC=56226.875082, +13 cols
    [CG]   [DIAG] iter=1060 posCols=13 newCols=13 effImprove=13 updated=0
    [CG] CG iter 1061: obj=1392907.326750, maxRC=15914.282758, +7 cols
    [CG]   [DIAG] iter=1061 posCols=7 newCols=6 effImprove=7 updated=1
    [CG] CG iter 1062: obj=1392907.326750, maxRC=10257.430087, +4 cols
    [CG]   [DIAG] iter=1062 posCols=4 newCols=4 effImprove=4 updated=0
    [CG] CG iter 1063: obj=1392907.326750, maxRC=7360.591968, +3 cols
    [CG]   [DIAG] iter=1063 posCols=3 newCols=3 effImprove=3 updated=0
    [CG] CG iter 1064: obj=1393228.064632, maxRC=446.436910, +4 cols
    [CG]   [DIAG] iter=1064 posCols=4 newCols=4 effImprove=4 updated=0
    [CG] CG iter 1065: obj=1393228.064632, maxRC=137.331721, +3 cols
    [CG]   [DIAG] iter=1065 posCols=3 newCols=3 effImprove=3 updated=0
    [CG] CG iter 1066: obj=1393228.064632, maxRC=93.354759, +2 cols
    [CG]   [DIAG] iter=1066 posCols=2 newCols=2 effImprove=2 updated=0
    [CG] 列生成收敛，共 1067 轮迭代
    [CG] [CG-NODE] depth=2 exit=CERTIFIED certified=1 feasible=1 iters=8 generatedColsBeforeNode=4337 newCols=35 posCandidates=36 duplicateCandidates=1 updatedCols=1 zeroObjImproveIters=6 objFirst=1392907.326750 objLast=1393228.064632 objGain=320.737882 maxRC=56226.875082 wallSec=0.130643 pricingSec=0.124053 cplexSolveSec=0.004398
    [CG] 列生成开始，初始列数=711
    [CG] CG iter 1068: obj=1370940.849207, maxRC=32625.154773, +11 cols
    [CG]   [DIAG] iter=1068 posCols=11 newCols=10 effImprove=11 updated=1
    [CG] CG iter 1069: obj=1377823.508740, maxRC=19175.664701, +7 cols
    [CG]   [DIAG] iter=1069 posCols=7 newCols=7 effImprove=7 updated=0
    [CG] CG iter 1070: obj=1386879.562713, maxRC=510.080565, +1 cols
    [CG]   [DIAG] iter=1070 posCols=1 newCols=1 effImprove=1 updated=0
    [CG] CG iter 1071: obj=1386879.562713, maxRC=1254.490578, +1 cols
    [CG]   [DIAG] iter=1071 posCols=1 newCols=1 effImprove=1 updated=0
    [CG] CG iter 1072: obj=1386879.562713, maxRC=463.667919, +2 cols
    [CG]   [DIAG] iter=1072 posCols=2 newCols=2 effImprove=2 updated=0
    [CG] CG iter 1073: obj=1386879.562713, maxRC=202.743613, +1 cols
    [CG]   [DIAG] iter=1073 posCols=1 newCols=1 effImprove=1 updated=0
    [CG] CG iter 1074: obj=1386879.562713, maxRC=136.656443, +1 cols
    [CG]   [DIAG] iter=1074 posCols=1 newCols=1 effImprove=1 updated=0
    [CG] 列生成收敛，共 1075 轮迭代
    [CG] [CG-NODE] depth=2 exit=CERTIFIED certified=1 feasible=1 iters=8 generatedColsBeforeNode=4372 newCols=23 posCandidates=24 duplicateCandidates=1 updatedCols=1 zeroObjImproveIters=5 objFirst=1370940.849207 objLast=1386879.562713 objGain=15938.713507 maxRC=32625.154773 wallSec=0.126629 pricingSec=0.120457 cplexSolveSec=0.004175
    [CG] [BB-DIAG] 分支 x_{dc=0,retailer=4}, 节点数=37
    [CG] 列生成开始，初始列数=722
    [CG] CG iter 1076: obj=1373765.420042, maxRC=17515.439769, +5 cols
    [CG]   [DIAG] iter=1076 posCols=5 newCols=5 effImprove=5 updated=0
    [CG] CG iter 1077: obj=1379984.759443, maxRC=9756.735417, +7 cols
    [CG]   [DIAG] iter=1077 posCols=7 newCols=7 effImprove=7 updated=0
    [CG] CG iter 1078: obj=1379984.759443, maxRC=9764.749530, +5 cols
    [CG]   [DIAG] iter=1078 posCols=5 newCols=5 effImprove=5 updated=0
    [CG] CG iter 1079: obj=1379984.759443, maxRC=6265.924246, +2 cols
    [CG]   [DIAG] iter=1079 posCols=2 newCols=2 effImprove=2 updated=0
    [CG] CG iter 1080: obj=1379987.112569, maxRC=3035.184106, +3 cols
    [CG]   [DIAG] iter=1080 posCols=3 newCols=3 effImprove=3 updated=0
    [CG] CG iter 1081: obj=1382611.271393, maxRC=9187.346835, +5 cols
    [CG]   [DIAG] iter=1081 posCols=5 newCols=5 effImprove=5 updated=0
    [CG] CG iter 1082: obj=1382611.271393, maxRC=1948.584573, +2 cols
    [CG]   [DIAG] iter=1082 posCols=2 newCols=2 effImprove=2 updated=0
    [CG] CG iter 1083: obj=1382611.271393, maxRC=1867.774381, +1 cols
    [CG]   [DIAG] iter=1083 posCols=1 newCols=1 effImprove=1 updated=0
    [CG] CG iter 1084: obj=1382611.271393, maxRC=627.382004, +1 cols
    [CG]   [DIAG] iter=1084 posCols=1 newCols=1 effImprove=1 updated=0
    [CG] CG iter 1085: obj=1382611.271393, maxRC=409.446006, +1 cols
    [CG]   [DIAG] iter=1085 posCols=1 newCols=1 effImprove=1 updated=0
    [CG] CG iter 1086: obj=1382611.271393, maxRC=284.724457, +1 cols
    [CG]   [DIAG] iter=1086 posCols=1 newCols=1 effImprove=1 updated=0
    [CG] CG iter 1087: obj=1382611.271393, maxRC=175.308548, +1 cols
    [CG]   [DIAG] iter=1087 posCols=1 newCols=1 effImprove=1 updated=0
    [CG] 列生成收敛，共 1088 轮迭代
    [CG] [CG-NODE] depth=3 exit=CERTIFIED certified=1 feasible=1 iters=13 generatedColsBeforeNode=4395 newCols=34 posCandidates=34 duplicateCandidates=0 updatedCols=0 zeroObjImproveIters=9 objFirst=1373765.420042 objLast=1382611.271393 objGain=8845.851351 maxRC=17515.439769 wallSec=0.225675 pricingSec=0.215706 cplexSolveSec=0.006775
    [CG] 列生成开始，初始列数=720
    [CG] CG iter 1089: obj=1348201.117164, maxRC=241652.320856, +17 cols
    [CG]   [DIAG] iter=1089 posCols=17 newCols=17 effImprove=17 updated=0
    [CG] CG iter 1090: obj=1348201.117164, maxRC=200979.545828, +15 cols
    [CG]   [DIAG] iter=1090 posCols=15 newCols=15 effImprove=15 updated=0
    [CG] CG iter 1091: obj=1348201.117164, maxRC=155289.785923, +15 cols
    [CG]   [DIAG] iter=1091 posCols=15 newCols=15 effImprove=15 updated=0
    [CG] CG iter 1092: obj=1348201.117164, maxRC=123983.719202, +14 cols
    [CG]   [DIAG] iter=1092 posCols=14 newCols=14 effImprove=14 updated=0
    [CG] CG iter 1093: obj=1348201.117164, maxRC=41676.128191, +11 cols
    [CG]   [DIAG] iter=1093 posCols=11 newCols=11 effImprove=11 updated=0
    [CG] CG iter 1094: obj=1348201.117164, maxRC=46216.370538, +11 cols
    [CG]   [DIAG] iter=1094 posCols=11 newCols=11 effImprove=11 updated=0
    [CG] CG iter 1095: obj=1348201.117164, maxRC=32696.391659, +9 cols
    [CG]   [DIAG] iter=1095 posCols=9 newCols=9 effImprove=9 updated=0
    [CG] CG iter 1096: obj=1348201.117164, maxRC=10736.321658, +5 cols
    [CG]   [DIAG] iter=1096 posCols=5 newCols=5 effImprove=5 updated=0
    [CG] CG iter 1097: obj=1348201.117164, maxRC=8375.146700, +5 cols
    [CG]   [DIAG] iter=1097 posCols=5 newCols=5 effImprove=5 updated=0
    [CG] CG iter 1098: obj=1348201.117164, maxRC=6413.583581, +4 cols
    [CG]   [DIAG] iter=1098 posCols=4 newCols=4 effImprove=4 updated=0
    [CG] CG iter 1099: obj=1348201.117164, maxRC=3650.608743, +3 cols
    [CG]   [DIAG] iter=1099 posCols=3 newCols=3 effImprove=3 updated=0
    [CG] CG iter 1100: obj=1348201.117164, maxRC=2946.011888, +2 cols
    [CG]   [DIAG] iter=1100 posCols=2 newCols=2 effImprove=2 updated=0
    [CG] CG iter 1101: obj=1348201.117164, maxRC=906.100910, +1 cols
    [CG]   [DIAG] iter=1101 posCols=1 newCols=1 effImprove=1 updated=0
    [CG] CG iter 1102: obj=1348201.117164, maxRC=878.387109, +1 cols
    [CG]   [DIAG] iter=1102 posCols=1 newCols=1 effImprove=1 updated=0
    [CG] CG iter 1103: obj=1348201.117164, maxRC=732.566604, +1 cols
    [CG]   [DIAG] iter=1103 posCols=1 newCols=1 effImprove=1 updated=0
    [CG] CG iter 1104: obj=1348201.117164, maxRC=192.211196, +1 cols
    [CG]   [DIAG] iter=1104 posCols=1 newCols=1 effImprove=1 updated=0
    [CG] 列生成收敛，共 1105 轮迭代
    [CG] [CG-NODE] depth=3 exit=CERTIFIED certified=1 feasible=1 iters=17 generatedColsBeforeNode=4429 newCols=115 posCandidates=115 duplicateCandidates=0 updatedCols=0 zeroObjImproveIters=16 objFirst=1348201.117164 objLast=1348201.117164 objGain=0.000000 maxRC=241652.320856 wallSec=0.283200 pricingSec=0.270545 cplexSolveSec=0.009030
    [CG] [BB-DIAG] 分支 x_{dc=0,retailer=12}, 节点数=38
    [CG] 列生成开始，初始列数=747
    [CG] CG iter 1106: obj=1377780.173784, maxRC=16477.898721, +9 cols
    [CG]   [DIAG] iter=1106 posCols=9 newCols=9 effImprove=9 updated=0
    [CG] CG iter 1107: obj=1377780.173784, maxRC=3241.802566, +6 cols
    [CG]   [DIAG] iter=1107 posCols=6 newCols=6 effImprove=6 updated=0
    [CG] CG iter 1108: obj=1377780.173784, maxRC=2420.596430, +3 cols
    [CG]   [DIAG] iter=1108 posCols=3 newCols=3 effImprove=3 updated=0
    [CG] CG iter 1109: obj=1377958.448911, maxRC=1795.780437, +2 cols
    [CG]   [DIAG] iter=1109 posCols=2 newCols=2 effImprove=2 updated=0
    [CG] CG iter 1110: obj=1377958.448911, maxRC=1020.181343, +1 cols
    [CG]   [DIAG] iter=1110 posCols=1 newCols=1 effImprove=1 updated=0
    [CG] CG iter 1111: obj=1378468.539583, maxRC=1003.896699, +1 cols
    [CG]   [DIAG] iter=1111 posCols=1 newCols=1 effImprove=1 updated=0
    [CG] 列生成收敛，共 1112 轮迭代
    [CG] [CG-NODE] depth=4 exit=CERTIFIED certified=1 feasible=1 iters=7 generatedColsBeforeNode=4544 newCols=22 posCandidates=22 duplicateCandidates=0 updatedCols=0 zeroObjImproveIters=4 objFirst=1377780.173784 objLast=1378468.539583 objGain=688.365798 maxRC=16477.898721 wallSec=0.113777 pricingSec=0.107913 cplexSolveSec=0.003756
    [CG] 列生成开始，初始列数=749
    [CG] CG iter 1113: obj=1350675.721540, maxRC=226273.167235, +13 cols
    [CG]   [DIAG] iter=1113 posCols=13 newCols=13 effImprove=13 updated=0
    [CG] CG iter 1114: obj=1351068.613783, maxRC=173313.559595, +14 cols
    [CG]   [DIAG] iter=1114 posCols=14 newCols=14 effImprove=14 updated=0
    [CG] CG iter 1115: obj=1351890.104584, maxRC=128483.852102, +11 cols
    [CG]   [DIAG] iter=1115 posCols=11 newCols=10 effImprove=11 updated=1
    [CG] CG iter 1116: obj=1355096.233064, maxRC=43520.900491, +10 cols
    [CG]   [DIAG] iter=1116 posCols=10 newCols=10 effImprove=10 updated=0
    [CG] CG iter 1117: obj=1359580.192848, maxRC=25550.903855, +5 cols
    [CG]   [DIAG] iter=1117 posCols=5 newCols=5 effImprove=5 updated=0
    [CG] CG iter 1118: obj=1361615.520207, maxRC=8653.407313, +5 cols
    [CG]   [DIAG] iter=1118 posCols=5 newCols=5 effImprove=5 updated=0
    [CG] CG iter 1119: obj=1362835.270176, maxRC=8674.753054, +5 cols
    [CG]   [DIAG] iter=1119 posCols=5 newCols=5 effImprove=5 updated=0
    [CG] CG iter 1120: obj=1362935.117771, maxRC=5103.537708, +3 cols
    [CG]   [DIAG] iter=1120 posCols=3 newCols=3 effImprove=3 updated=0
    [CG] CG iter 1121: obj=1365486.886625, maxRC=6148.047443, +3 cols
    [CG]   [DIAG] iter=1121 posCols=3 newCols=3 effImprove=3 updated=0
    [CG] CG iter 1122: obj=1365486.886625, maxRC=4411.980634, +3 cols
    [CG]   [DIAG] iter=1122 posCols=3 newCols=3 effImprove=3 updated=0
    [CG] CG iter 1123: obj=1365486.886625, maxRC=1932.233811, +2 cols
    [CG]   [DIAG] iter=1123 posCols=2 newCols=2 effImprove=2 updated=0
    [CG] CG iter 1124: obj=1365486.886625, maxRC=300.041029, +1 cols
    [CG]   [DIAG] iter=1124 posCols=1 newCols=1 effImprove=1 updated=0
    [CG] 列生成收敛，共 1125 轮迭代
    [CG] [CG-NODE] depth=4 exit=CERTIFIED certified=1 feasible=1 iters=13 generatedColsBeforeNode=4566 newCols=74 posCandidates=75 duplicateCandidates=1 updatedCols=1 zeroObjImproveIters=4 objFirst=1350675.721540 objLast=1365486.886625 objGain=14811.165085 maxRC=226273.167235 wallSec=0.229852 pricingSec=0.218619 cplexSolveSec=0.007424
    [CG] [BB-DIAG] 分支 x_{dc=0,retailer=25}, 节点数=39
    [CG] 列生成开始，初始列数=818
    [CG] CG iter 1126: obj=1362166.749650, maxRC=28435.904343, +8 cols
    [CG]   [DIAG] iter=1126 posCols=8 newCols=8 effImprove=8 updated=0
    [CG] CG iter 1127: obj=1362339.474587, maxRC=5743.862702, +5 cols
    [CG]   [DIAG] iter=1127 posCols=5 newCols=5 effImprove=5 updated=0
    [CG] CG iter 1128: obj=1362339.474587, maxRC=2545.634730, +4 cols
    [CG]   [DIAG] iter=1128 posCols=4 newCols=4 effImprove=4 updated=0
    [CG] CG iter 1129: obj=1362339.474587, maxRC=1309.766534, +2 cols
    [CG]   [DIAG] iter=1129 posCols=2 newCols=2 effImprove=2 updated=0
    [CG] CG iter 1130: obj=1362339.474587, maxRC=439.188084, +1 cols
    [CG]   [DIAG] iter=1130 posCols=1 newCols=1 effImprove=1 updated=0
    [CG] CG iter 1131: obj=1362339.474587, maxRC=284.932717, +1 cols
    [CG]   [DIAG] iter=1131 posCols=1 newCols=1 effImprove=1 updated=0
    [CG] 列生成收敛，共 1132 轮迭代
    [CG] [CG-NODE] depth=5 exit=CERTIFIED certified=1 feasible=1 iters=7 generatedColsBeforeNode=4640 newCols=21 posCandidates=21 duplicateCandidates=0 updatedCols=0 zeroObjImproveIters=5 objFirst=1362166.749650 objLast=1362339.474587 objGain=172.724937 maxRC=28435.904343 wallSec=0.116346 pricingSec=0.109780 cplexSolveSec=0.004222
    [CG] 列生成开始，初始列数=811
    [CG] CG iter 1133: obj=1350675.721540, maxRC=78625.100342, +10 cols
    [CG]   [DIAG] iter=1133 posCols=10 newCols=10 effImprove=10 updated=0
    [CG] CG iter 1134: obj=1350675.721540, maxRC=63227.084924, +10 cols
    [CG]   [DIAG] iter=1134 posCols=10 newCols=10 effImprove=10 updated=0
    [CG] CG iter 1135: obj=1350675.721540, maxRC=108213.142675, +8 cols
    [CG]   [DIAG] iter=1135 posCols=8 newCols=8 effImprove=8 updated=0
    [CG] CG iter 1136: obj=1350675.721540, maxRC=80424.565428, +7 cols
    [CG]   [DIAG] iter=1136 posCols=7 newCols=7 effImprove=7 updated=0
    [CG] CG iter 1137: obj=1354027.412389, maxRC=61582.699497, +7 cols
    [CG]   [DIAG] iter=1137 posCols=7 newCols=7 effImprove=7 updated=0
    [CG] CG iter 1138: obj=1356758.911712, maxRC=11840.229669, +4 cols
    [CG]   [DIAG] iter=1138 posCols=4 newCols=4 effImprove=4 updated=0
    [CG] CG iter 1139: obj=1359718.969130, maxRC=4324.369859, +5 cols
    [CG]   [DIAG] iter=1139 posCols=5 newCols=5 effImprove=5 updated=0
    [CG] CG iter 1140: obj=1359718.969130, maxRC=1996.193875, +2 cols
    [CG]   [DIAG] iter=1140 posCols=2 newCols=2 effImprove=2 updated=0
    [CG] CG iter 1141: obj=1359718.969130, maxRC=3337.445561, +2 cols
    [CG]   [DIAG] iter=1141 posCols=2 newCols=2 effImprove=2 updated=0
    [CG] CG iter 1142: obj=1359718.969130, maxRC=1279.549953, +1 cols
    [CG]   [DIAG] iter=1142 posCols=1 newCols=1 effImprove=1 updated=0
    [CG] CG iter 1143: obj=1359718.969130, maxRC=79.861812, +1 cols
    [CG]   [DIAG] iter=1143 posCols=1 newCols=1 effImprove=1 updated=0
    [CG] 列生成收敛，共 1144 轮迭代
    [CG] [CG-NODE] depth=5 exit=CERTIFIED certified=1 feasible=1 iters=12 generatedColsBeforeNode=4661 newCols=57 posCandidates=57 duplicateCandidates=0 updatedCols=0 zeroObjImproveIters=8 objFirst=1350675.721540 objLast=1359718.969130 objGain=9043.247590 maxRC=108213.142675 wallSec=0.186353 pricingSec=0.176693 cplexSolveSec=0.006685
    [CG] [BB-DIAG] 分支 x_{dc=2,retailer=0}, 节点数=40
    [CG] 列生成开始，初始列数=804
    [CG] CG iter 1145: obj=1340085.305022, maxRC=22218.465447, +4 cols
    [CG]   [DIAG] iter=1145 posCols=4 newCols=4 effImprove=4 updated=0
    [CG] CG iter 1146: obj=1340085.305022, maxRC=22167.997441, +7 cols
    [CG]   [DIAG] iter=1146 posCols=7 newCols=7 effImprove=7 updated=0
    [CG] CG iter 1147: obj=1340085.305022, maxRC=22161.805938, +7 cols
    [CG]   [DIAG] iter=1147 posCols=7 newCols=7 effImprove=7 updated=0
    [CG] CG iter 1148: obj=1340337.350240, maxRC=22589.547463, +5 cols
    [CG]   [DIAG] iter=1148 posCols=5 newCols=5 effImprove=5 updated=0
    [CG] CG iter 1149: obj=1344019.762682, maxRC=22088.336631, +5 cols
    [CG]   [DIAG] iter=1149 posCols=5 newCols=5 effImprove=5 updated=0
    [CG] CG iter 1150: obj=1345556.992101, maxRC=11824.244565, +5 cols
    [CG]   [DIAG] iter=1150 posCols=5 newCols=5 effImprove=5 updated=0
    [CG] CG iter 1151: obj=1345887.984562, maxRC=10521.310311, +5 cols
    [CG]   [DIAG] iter=1151 posCols=5 newCols=5 effImprove=5 updated=0
    [CG] CG iter 1152: obj=1351148.639718, maxRC=13990.511000, +6 cols
    [CG]   [DIAG] iter=1152 posCols=6 newCols=6 effImprove=6 updated=0
    [CG] CG iter 1153: obj=1351148.639718, maxRC=8890.934266, +6 cols
    [CG]   [DIAG] iter=1153 posCols=6 newCols=6 effImprove=6 updated=0
    [CG] CG iter 1154: obj=1351148.639718, maxRC=4254.380567, +4 cols
    [CG]   [DIAG] iter=1154 posCols=4 newCols=4 effImprove=4 updated=0
    [CG] CG iter 1155: obj=1351148.639718, maxRC=5966.897004, +4 cols
    [CG]   [DIAG] iter=1155 posCols=4 newCols=4 effImprove=4 updated=0
    [CG] CG iter 1156: obj=1351148.639718, maxRC=432.095210, +3 cols
    [CG]   [DIAG] iter=1156 posCols=3 newCols=3 effImprove=3 updated=0
    [CG] CG iter 1157: obj=1351148.639718, maxRC=70.346450, +1 cols
    [CG]   [DIAG] iter=1157 posCols=1 newCols=1 effImprove=1 updated=0
    [CG] CG iter 1158: obj=1351148.639718, maxRC=48.480309, +1 cols
    [CG]   [DIAG] iter=1158 posCols=1 newCols=1 effImprove=1 updated=0
    [CG] 列生成收敛，共 1159 轮迭代
    [CG] [CG-NODE] depth=6 exit=CERTIFIED certified=1 feasible=1 iters=15 generatedColsBeforeNode=4718 newCols=63 posCandidates=63 duplicateCandidates=0 updatedCols=0 zeroObjImproveIters=9 objFirst=1340085.305022 objLast=1351148.639718 objGain=11063.334696 maxRC=22589.547463 wallSec=0.256634 pricingSec=0.244754 cplexSolveSec=0.008086
    [CG] 列生成开始，初始列数=656
    [CG] CG iter 1160: obj=1344246.872317, maxRC=90715.318291, +9 cols
    [CG]   [DIAG] iter=1160 posCols=9 newCols=9 effImprove=9 updated=0
    [CG] CG iter 1161: obj=1344246.872317, maxRC=47158.259566, +9 cols
    [CG]   [DIAG] iter=1161 posCols=9 newCols=9 effImprove=9 updated=0
    [CG] CG iter 1162: obj=1344246.872317, maxRC=50080.517897, +7 cols
    [CG]   [DIAG] iter=1162 posCols=7 newCols=7 effImprove=7 updated=0
    [CG] CG iter 1163: obj=1348305.225775, maxRC=51167.044547, +9 cols
    [CG]   [DIAG] iter=1163 posCols=9 newCols=9 effImprove=9 updated=0
    [CG] CG iter 1164: obj=1348305.225775, maxRC=28724.457855, +6 cols
    [CG]   [DIAG] iter=1164 posCols=6 newCols=6 effImprove=6 updated=0
    [CG] CG iter 1165: obj=1348324.520468, maxRC=16890.307633, +3 cols
    [CG]   [DIAG] iter=1165 posCols=3 newCols=3 effImprove=3 updated=0
    [CG] CG iter 1166: obj=1350435.808922, maxRC=12273.596168, +6 cols
    [CG]   [DIAG] iter=1166 posCols=6 newCols=6 effImprove=6 updated=0
    [CG] CG iter 1167: obj=1350435.808922, maxRC=12110.007909, +3 cols
    [CG]   [DIAG] iter=1167 posCols=3 newCols=3 effImprove=3 updated=0
    [CG] CG iter 1168: obj=1350435.808922, maxRC=10492.581744, +3 cols
    [CG]   [DIAG] iter=1168 posCols=3 newCols=3 effImprove=3 updated=0
    [CG] CG iter 1169: obj=1355682.099794, maxRC=4509.473527, +2 cols
    [CG]   [DIAG] iter=1169 posCols=2 newCols=2 effImprove=2 updated=0
    [CG] CG iter 1170: obj=1355682.099794, maxRC=3634.430498, +1 cols
    [CG]   [DIAG] iter=1170 posCols=1 newCols=1 effImprove=1 updated=0
    [CG] CG iter 1171: obj=1355682.099794, maxRC=47.910295, +1 cols
    [CG]   [DIAG] iter=1171 posCols=1 newCols=1 effImprove=1 updated=0
    [CG] 列生成收敛，共 1172 轮迭代
    [CG] [CG-NODE] depth=6 exit=CERTIFIED certified=1 feasible=1 iters=13 generatedColsBeforeNode=4781 newCols=59 posCandidates=59 duplicateCandidates=0 updatedCols=0 zeroObjImproveIters=8 objFirst=1344246.872317 objLast=1355682.099794 objGain=11435.227477 maxRC=90715.318291 wallSec=0.206346 pricingSec=0.197958 cplexSolveSec=0.005753
    [CG] [BB-DIAG] 分支 x_{dc=0,retailer=25}, 节点数=41
    [CG] 列生成开始，初始列数=766
    [CG] CG iter 1173: obj=1373294.073247, maxRC=26663.264506, +9 cols
    [CG]   [DIAG] iter=1173 posCols=9 newCols=9 effImprove=9 updated=0
    [CG] CG iter 1174: obj=1373294.073247, maxRC=3525.497317, +4 cols
    [CG]   [DIAG] iter=1174 posCols=4 newCols=4 effImprove=4 updated=0
    [CG] CG iter 1175: obj=1373466.798183, maxRC=179.849934, +1 cols
    [CG]   [DIAG] iter=1175 posCols=1 newCols=1 effImprove=1 updated=0
    [CG] 列生成收敛，共 1176 轮迭代
    [CG] [CG-NODE] depth=5 exit=CERTIFIED certified=1 feasible=1 iters=4 generatedColsBeforeNode=4840 newCols=14 posCandidates=14 duplicateCandidates=0 updatedCols=0 zeroObjImproveIters=2 objFirst=1373294.073247 objLast=1373466.798183 objGain=172.724937 maxRC=26663.264506 wallSec=0.069837 pricingSec=0.064833 cplexSolveSec=0.003137
    [CG] 列生成开始，初始列数=762
    [CG] CG iter 1177: obj=1346266.550223, maxRC=231500.517711, +12 cols
    [CG]   [DIAG] iter=1177 posCols=12 newCols=12 effImprove=12 updated=0
    [CG] CG iter 1178: obj=1356041.978738, maxRC=122002.370303, +12 cols
    [CG]   [DIAG] iter=1178 posCols=12 newCols=12 effImprove=12 updated=0
    [CG] CG iter 1179: obj=1363401.053133, maxRC=53288.031626, +11 cols
    [CG]   [DIAG] iter=1179 posCols=11 newCols=11 effImprove=11 updated=0
    [CG] CG iter 1180: obj=1364586.056904, maxRC=23226.692783, +5 cols
    [CG]   [DIAG] iter=1180 posCols=5 newCols=5 effImprove=5 updated=0
    [CG] CG iter 1181: obj=1367099.839054, maxRC=15196.499158, +5 cols
    [CG]   [DIAG] iter=1181 posCols=5 newCols=5 effImprove=5 updated=0
    [CG] CG iter 1182: obj=1367293.241870, maxRC=13439.427595, +3 cols
    [CG]   [DIAG] iter=1182 posCols=3 newCols=3 effImprove=3 updated=0
    [CG] CG iter 1183: obj=1368973.170320, maxRC=8826.140923, +2 cols
    [CG]   [DIAG] iter=1183 posCols=2 newCols=2 effImprove=2 updated=0
    [CG] CG iter 1184: obj=1373386.240781, maxRC=2581.730070, +2 cols
    [CG]   [DIAG] iter=1184 posCols=2 newCols=2 effImprove=2 updated=0
    [CG] CG iter 1185: obj=1373386.240781, maxRC=246.821506, +1 cols
    [CG]   [DIAG] iter=1185 posCols=1 newCols=1 effImprove=1 updated=0
    [CG] CG iter 1186: obj=1373386.240781, maxRC=152.618044, +1 cols
    [CG]   [DIAG] iter=1186 posCols=1 newCols=1 effImprove=1 updated=0
    [CG] CG iter 1187: obj=1373386.240781, maxRC=116.194339, +1 cols
    [CG]   [DIAG] iter=1187 posCols=1 newCols=1 effImprove=1 updated=0
    [CG] 列生成收敛，共 1188 轮迭代
    [CG] [CG-NODE] depth=5 exit=CERTIFIED certified=1 feasible=1 iters=12 generatedColsBeforeNode=4854 newCols=55 posCandidates=55 duplicateCandidates=0 updatedCols=0 zeroObjImproveIters=4 objFirst=1346266.550223 objLast=1373386.240781 objGain=27119.690558 maxRC=231500.517711 wallSec=0.195051 pricingSec=0.185320 cplexSolveSec=0.006550
    [CG] [BB-DIAG] 分支 x_{dc=2,retailer=0}, 节点数=42
    [CG] 列生成开始，初始列数=785
    [CG] CG iter 1189: obj=1351132.071216, maxRC=25861.355747, +5 cols
    [CG]   [DIAG] iter=1189 posCols=5 newCols=5 effImprove=5 updated=0
    [CG] CG iter 1190: obj=1351132.071216, maxRC=33601.628937, +7 cols
    [CG]   [DIAG] iter=1190 posCols=7 newCols=7 effImprove=7 updated=0
    [CG] CG iter 1191: obj=1351132.071216, maxRC=30651.970350, +7 cols
    [CG]   [DIAG] iter=1191 posCols=7 newCols=7 effImprove=7 updated=0
    [CG] CG iter 1192: obj=1357251.986570, maxRC=25367.377047, +7 cols
    [CG]   [DIAG] iter=1192 posCols=7 newCols=7 effImprove=7 updated=0
    [CG] CG iter 1193: obj=1357251.986570, maxRC=10654.762849, +6 cols
    [CG]   [DIAG] iter=1193 posCols=6 newCols=6 effImprove=6 updated=0
    [CG] CG iter 1194: obj=1358658.749467, maxRC=16055.269889, +8 cols
    [CG]   [DIAG] iter=1194 posCols=8 newCols=8 effImprove=8 updated=0
    [CG] CG iter 1195: obj=1359726.707513, maxRC=6406.054557, +4 cols
    [CG]   [DIAG] iter=1195 posCols=4 newCols=4 effImprove=4 updated=0
    [CG] CG iter 1196: obj=1360319.947200, maxRC=6042.951858, +3 cols
    [CG]   [DIAG] iter=1196 posCols=3 newCols=3 effImprove=3 updated=0
    [CG] CG iter 1197: obj=1360319.947200, maxRC=5766.456076, +3 cols
    [CG]   [DIAG] iter=1197 posCols=3 newCols=3 effImprove=3 updated=0
    [CG] CG iter 1198: obj=1362195.405912, maxRC=1154.023564, +5 cols
    [CG]   [DIAG] iter=1198 posCols=5 newCols=5 effImprove=5 updated=0
    [CG] CG iter 1199: obj=1362195.405912, maxRC=1694.593118, +3 cols
    [CG]   [DIAG] iter=1199 posCols=3 newCols=3 effImprove=3 updated=0
    [CG] CG iter 1200: obj=1362195.405912, maxRC=42.566394, +1 cols
    [CG]   [DIAG] iter=1200 posCols=1 newCols=1 effImprove=1 updated=0
    [CG] 列生成收敛，共 1201 轮迭代
    [CG] [CG-NODE] depth=6 exit=CERTIFIED certified=1 feasible=1 iters=13 generatedColsBeforeNode=4909 newCols=59 posCandidates=59 duplicateCandidates=0 updatedCols=0 zeroObjImproveIters=7 objFirst=1351132.071216 objLast=1362195.405912 objGain=11063.334696 maxRC=33601.628937 wallSec=0.204052 pricingSec=0.194242 cplexSolveSec=0.006922
    [CG] 列生成开始，初始列数=631
    [CG] CG iter 1202: obj=1346266.550223, maxRC=100816.995344, +8 cols
    [CG]   [DIAG] iter=1202 posCols=8 newCols=8 effImprove=8 updated=0
    [CG] CG iter 1203: obj=1346266.550223, maxRC=122670.349680, +10 cols
    [CG]   [DIAG] iter=1203 posCols=10 newCols=10 effImprove=10 updated=0
    [CG] CG iter 1204: obj=1357236.294972, maxRC=57704.801004, +9 cols
    [CG]   [DIAG] iter=1204 posCols=9 newCols=9 effImprove=9 updated=0
    [CG] CG iter 1205: obj=1364979.349003, maxRC=36147.728700, +6 cols
    [CG]   [DIAG] iter=1205 posCols=6 newCols=6 effImprove=6 updated=0
    [CG] CG iter 1206: obj=1364979.349003, maxRC=24185.970202, +4 cols
    [CG]   [DIAG] iter=1206 posCols=4 newCols=4 effImprove=4 updated=0
    [CG] CG iter 1207: obj=1364979.349003, maxRC=7281.218323, +4 cols
    [CG]   [DIAG] iter=1207 posCols=4 newCols=4 effImprove=4 updated=0
    [CG] CG iter 1208: obj=1364979.349003, maxRC=8961.186249, +4 cols
    [CG]   [DIAG] iter=1208 posCols=4 newCols=4 effImprove=4 updated=0
    [CG] CG iter 1209: obj=1364979.349003, maxRC=7403.529004, +4 cols
    [CG]   [DIAG] iter=1209 posCols=4 newCols=4 effImprove=4 updated=0
    [CG] CG iter 1210: obj=1364979.349003, maxRC=3681.025078, +2 cols
    [CG]   [DIAG] iter=1210 posCols=2 newCols=2 effImprove=2 updated=0
    [CG] CG iter 1211: obj=1366819.861541, maxRC=850.978918, +3 cols
    [CG]   [DIAG] iter=1211 posCols=3 newCols=3 effImprove=3 updated=0
    [CG] 列生成收敛，共 1212 轮迭代
    [CG] [CG-NODE] depth=6 exit=CERTIFIED certified=1 feasible=1 iters=11 generatedColsBeforeNode=4968 newCols=54 posCandidates=54 duplicateCandidates=0 updatedCols=0 zeroObjImproveIters=7 objFirst=1346266.550223 objLast=1366819.861541 objGain=20553.311318 maxRC=122670.349680 wallSec=0.162832 pricingSec=0.155414 cplexSolveSec=0.005065
    [CG] [BB-DIAG] 分支 x_{dc=2,retailer=14}, 节点数=43
    [CG] 列生成开始，初始列数=664
    [CG] CG iter 1213: obj=1355121.733218, maxRC=33921.576450, +10 cols
    [CG]   [DIAG] iter=1213 posCols=10 newCols=10 effImprove=10 updated=0
    [CG] CG iter 1214: obj=1355121.733218, maxRC=9321.136897, +6 cols
    [CG]   [DIAG] iter=1214 posCols=6 newCols=6 effImprove=6 updated=0
    [CG] CG iter 1215: obj=1355121.733218, maxRC=10797.720205, +6 cols
    [CG]   [DIAG] iter=1215 posCols=6 newCols=6 effImprove=6 updated=0
    [CG] CG iter 1216: obj=1355121.733218, maxRC=5235.734085, +5 cols
    [CG]   [DIAG] iter=1216 posCols=5 newCols=5 effImprove=5 updated=0
    [CG] CG iter 1217: obj=1355752.119922, maxRC=1809.117251, +4 cols
    [CG]   [DIAG] iter=1217 posCols=4 newCols=4 effImprove=4 updated=0
    [CG] CG iter 1218: obj=1355752.119922, maxRC=1256.000981, +2 cols
    [CG]   [DIAG] iter=1218 posCols=2 newCols=2 effImprove=2 updated=0
    [CG] CG iter 1219: obj=1355752.119922, maxRC=515.310689, +3 cols
    [CG]   [DIAG] iter=1219 posCols=3 newCols=3 effImprove=3 updated=0
    [CG] CG iter 1220: obj=1355752.119922, maxRC=46.457594, +1 cols
    [CG]   [DIAG] iter=1220 posCols=1 newCols=1 effImprove=1 updated=0
    [CG] 列生成收敛，共 1221 轮迭代
    [CG] [CG-NODE] depth=7 exit=CERTIFIED certified=1 feasible=1 iters=9 generatedColsBeforeNode=5022 newCols=37 posCandidates=37 duplicateCandidates=0 updatedCols=0 zeroObjImproveIters=7 objFirst=1355121.733218 objLast=1355752.119922 objGain=630.386704 maxRC=33921.576450 wallSec=0.171958 pricingSec=0.164886 cplexSolveSec=0.004378
    [CG] 列生成开始，初始列数=665
    [CG] CG iter 1222: obj=1346266.550223, maxRC=72092.279942, +9 cols
    [CG]   [DIAG] iter=1222 posCols=9 newCols=9 effImprove=9 updated=0
    [CG] CG iter 1223: obj=1346266.550223, maxRC=45234.343248, +5 cols
    [CG]   [DIAG] iter=1223 posCols=5 newCols=5 effImprove=5 updated=0
    [CG] CG iter 1224: obj=1346266.550223, maxRC=48871.188605, +7 cols
    [CG]   [DIAG] iter=1224 posCols=7 newCols=7 effImprove=7 updated=0
    [CG] CG iter 1225: obj=1346266.550223, maxRC=61315.191075, +7 cols
    [CG]   [DIAG] iter=1225 posCols=7 newCols=7 effImprove=7 updated=0
    [CG] CG iter 1226: obj=1346266.550223, maxRC=40997.438890, +6 cols
    [CG]   [DIAG] iter=1226 posCols=6 newCols=6 effImprove=6 updated=0
    [CG] CG iter 1227: obj=1346266.550223, maxRC=36960.264577, +6 cols
    [CG]   [DIAG] iter=1227 posCols=6 newCols=6 effImprove=6 updated=0
    [CG] CG iter 1228: obj=1364746.682512, maxRC=8038.681488, +2 cols
    [CG]   [DIAG] iter=1228 posCols=2 newCols=2 effImprove=2 updated=0
    [CG] CG iter 1229: obj=1364746.682512, maxRC=5598.849158, +1 cols
    [CG]   [DIAG] iter=1229 posCols=1 newCols=1 effImprove=1 updated=0
    [CG] CG iter 1230: obj=1364746.682512, maxRC=921.779347, +1 cols
    [CG]   [DIAG] iter=1230 posCols=1 newCols=1 effImprove=1 updated=0
    [CG] 列生成收敛，共 1231 轮迭代
    [CG] [CG-NODE] depth=7 exit=CERTIFIED certified=1 feasible=1 iters=10 generatedColsBeforeNode=5059 newCols=44 posCandidates=44 duplicateCandidates=0 updatedCols=0 zeroObjImproveIters=8 objFirst=1346266.550223 objLast=1364746.682512 objGain=18480.132288 maxRC=72092.279942 wallSec=0.151920 pricingSec=0.144597 cplexSolveSec=0.004806
    [CG] [BB-DIAG] 分支 x_{dc=2,retailer=23}, 节点数=44
    [CG] 列生成开始，初始列数=699
    [CG] CG iter 1232: obj=1341420.593442, maxRC=44167.789166, +12 cols
    [CG]   [DIAG] iter=1232 posCols=12 newCols=12 effImprove=12 updated=0
    [CG] CG iter 1233: obj=1351215.470690, maxRC=33057.251674, +9 cols
    [CG]   [DIAG] iter=1233 posCols=9 newCols=9 effImprove=9 updated=0
    [CG] CG iter 1234: obj=1351215.470690, maxRC=28260.600558, +9 cols
    [CG]   [DIAG] iter=1234 posCols=9 newCols=9 effImprove=9 updated=0
    [CG] CG iter 1235: obj=1351215.470690, maxRC=21946.263609, +6 cols
    [CG]   [DIAG] iter=1235 posCols=6 newCols=6 effImprove=6 updated=0
    [CG] CG iter 1236: obj=1355645.388301, maxRC=15479.170382, +6 cols
    [CG]   [DIAG] iter=1236 posCols=6 newCols=6 effImprove=6 updated=0
    [CG] CG iter 1237: obj=1355645.388301, maxRC=24066.191385, +8 cols
    [CG]   [DIAG] iter=1237 posCols=8 newCols=8 effImprove=8 updated=0
    [CG] CG iter 1238: obj=1355645.388301, maxRC=15350.705583, +5 cols
    [CG]   [DIAG] iter=1238 posCols=5 newCols=5 effImprove=5 updated=0
    [CG] CG iter 1239: obj=1355645.388301, maxRC=15604.435561, +5 cols
    [CG]   [DIAG] iter=1239 posCols=5 newCols=5 effImprove=5 updated=0
    [CG] CG iter 1240: obj=1355645.388301, maxRC=13442.907708, +4 cols
    [CG]   [DIAG] iter=1240 posCols=4 newCols=4 effImprove=4 updated=0
    [CG] CG iter 1241: obj=1355645.388301, maxRC=7758.829314, +4 cols
    [CG]   [DIAG] iter=1241 posCols=4 newCols=4 effImprove=4 updated=0
    [CG] CG iter 1242: obj=1355645.388301, maxRC=3932.919372, +4 cols
    [CG]   [DIAG] iter=1242 posCols=4 newCols=4 effImprove=4 updated=0
    [CG] CG iter 1243: obj=1355645.388301, maxRC=6965.856730, +4 cols
    [CG]   [DIAG] iter=1243 posCols=4 newCols=4 effImprove=4 updated=0
    [CG] CG iter 1244: obj=1355645.388301, maxRC=3519.288445, +2 cols
    [CG]   [DIAG] iter=1244 posCols=2 newCols=2 effImprove=2 updated=0
    [CG] CG iter 1245: obj=1355645.388301, maxRC=112.921248, +2 cols
    [CG]   [DIAG] iter=1245 posCols=2 newCols=2 effImprove=2 updated=0
    [CG] 列生成收敛，共 1246 轮迭代
    [CG] [CG-NODE] depth=8 exit=CERTIFIED certified=1 feasible=1 iters=15 generatedColsBeforeNode=5103 newCols=80 posCandidates=80 duplicateCandidates=0 updatedCols=0 zeroObjImproveIters=12 objFirst=1341420.593442 objLast=1355645.388301 objGain=14224.794860 maxRC=44167.789166 wallSec=0.249005 pricingSec=0.238435 cplexSolveSec=0.007239
    [CG] 列生成开始，初始列数=683
    [CG] CG iter 1247: obj=1346266.550223, maxRC=87884.052391, +7 cols
    [CG]   [DIAG] iter=1247 posCols=7 newCols=7 effImprove=7 updated=0
    [CG] CG iter 1248: obj=1346266.550223, maxRC=54424.597506, +7 cols
    [CG]   [DIAG] iter=1248 posCols=7 newCols=7 effImprove=7 updated=0
    [CG] CG iter 1249: obj=1346266.550223, maxRC=56457.981818, +7 cols
    [CG]   [DIAG] iter=1249 posCols=7 newCols=7 effImprove=7 updated=0
    [CG] CG iter 1250: obj=1346266.550223, maxRC=60747.213839, +4 cols
    [CG]   [DIAG] iter=1250 posCols=4 newCols=4 effImprove=4 updated=0
    [CG] CG iter 1251: obj=1346266.550223, maxRC=48289.171726, +4 cols
    [CG]   [DIAG] iter=1251 posCols=4 newCols=4 effImprove=4 updated=0
    [CG] CG iter 1252: obj=1346266.550223, maxRC=49670.369934, +4 cols
    [CG]   [DIAG] iter=1252 posCols=4 newCols=4 effImprove=4 updated=0
    [CG] CG iter 1253: obj=1360398.656013, maxRC=12054.659288, +4 cols
    [CG]   [DIAG] iter=1253 posCols=4 newCols=4 effImprove=4 updated=0
    [CG] CG iter 1254: obj=1362617.642475, maxRC=9838.605778, +3 cols
    [CG]   [DIAG] iter=1254 posCols=3 newCols=3 effImprove=3 updated=0
    [CG] CG iter 1255: obj=1362617.642475, maxRC=7815.691373, +2 cols
    [CG]   [DIAG] iter=1255 posCols=2 newCols=2 effImprove=2 updated=0
    [CG] CG iter 1256: obj=1362617.642475, maxRC=5133.233355, +1 cols
    [CG]   [DIAG] iter=1256 posCols=1 newCols=1 effImprove=1 updated=0
    [CG] CG iter 1257: obj=1362617.642475, maxRC=3591.673166, +1 cols
    [CG]   [DIAG] iter=1257 posCols=1 newCols=1 effImprove=1 updated=0
    [CG] CG iter 1258: obj=1362617.642475, maxRC=2295.632690, +1 cols
    [CG]   [DIAG] iter=1258 posCols=1 newCols=1 effImprove=1 updated=0
    [CG] CG iter 1259: obj=1363765.458820, maxRC=1486.524848, +1 cols
    [CG]   [DIAG] iter=1259 posCols=1 newCols=1 effImprove=1 updated=0
    [CG] 列生成收敛，共 1260 轮迭代
    [CG] [CG-NODE] depth=8 exit=CERTIFIED certified=1 feasible=1 iters=14 generatedColsBeforeNode=5183 newCols=46 posCandidates=46 duplicateCandidates=0 updatedCols=0 zeroObjImproveIters=10 objFirst=1346266.550223 objLast=1363765.458820 objGain=17498.908596 maxRC=87884.052391 wallSec=0.224833 pricingSec=0.214231 cplexSolveSec=0.006927
    [CG] [BB-DIAG] 分支 x_{dc=3,retailer=2}, 节点数=45
    [CG] 列生成开始，初始列数=584
    [CG] CG iter 1261: obj=1351520.040965, maxRC=65160.199935, +6 cols
    [CG]   [DIAG] iter=1261 posCols=6 newCols=6 effImprove=6 updated=0
    [CG] CG iter 1262: obj=1351520.040965, maxRC=21471.802418, +5 cols
    [CG]   [DIAG] iter=1262 posCols=5 newCols=5 effImprove=5 updated=0
    [CG] CG iter 1263: obj=1351520.040965, maxRC=9421.281455, +4 cols
    [CG]   [DIAG] iter=1263 posCols=4 newCols=4 effImprove=4 updated=0
    [CG] CG iter 1264: obj=1351520.040965, maxRC=7192.764235, +5 cols
    [CG]   [DIAG] iter=1264 posCols=5 newCols=5 effImprove=5 updated=0
    [CG] CG iter 1265: obj=1351520.040965, maxRC=7133.985596, +4 cols
    [CG]   [DIAG] iter=1265 posCols=4 newCols=4 effImprove=4 updated=0
    [CG] CG iter 1266: obj=1351520.040965, maxRC=9676.321738, +2 cols
    [CG]   [DIAG] iter=1266 posCols=2 newCols=2 effImprove=2 updated=0
    [CG] CG iter 1267: obj=1351520.040965, maxRC=6594.848347, +2 cols
    [CG]   [DIAG] iter=1267 posCols=2 newCols=2 effImprove=2 updated=0
    [CG] CG iter 1268: obj=1351520.040965, maxRC=6701.651453, +1 cols
    [CG]   [DIAG] iter=1268 posCols=1 newCols=1 effImprove=1 updated=0
    [CG] CG iter 1269: obj=1351520.040965, maxRC=3279.100324, +1 cols
    [CG]   [DIAG] iter=1269 posCols=1 newCols=1 effImprove=1 updated=0
    [CG] CG iter 1270: obj=1351520.040965, maxRC=3201.223892, +1 cols
    [CG]   [DIAG] iter=1270 posCols=1 newCols=1 effImprove=1 updated=0
    [CG] CG iter 1271: obj=1351520.040965, maxRC=2175.606181, +1 cols
    [CG]   [DIAG] iter=1271 posCols=1 newCols=1 effImprove=1 updated=0
    [CG] CG iter 1272: obj=1351520.040965, maxRC=1186.156903, +1 cols
    [CG]   [DIAG] iter=1272 posCols=1 newCols=1 effImprove=1 updated=0
    [CG] CG iter 1273: obj=1351520.040965, maxRC=743.047126, +1 cols
    [CG]   [DIAG] iter=1273 posCols=1 newCols=1 effImprove=1 updated=0
    [CG] CG iter 1274: obj=1351520.040965, maxRC=704.486433, +1 cols
    [CG]   [DIAG] iter=1274 posCols=1 newCols=1 effImprove=1 updated=0
    [CG] CG iter 1275: obj=1351520.040965, maxRC=657.490956, +1 cols
    [CG]   [DIAG] iter=1275 posCols=1 newCols=1 effImprove=1 updated=0
    [CG] CG iter 1276: obj=1351520.040965, maxRC=570.915728, +1 cols
    [CG]   [DIAG] iter=1276 posCols=1 newCols=1 effImprove=1 updated=0
    [CG] 列生成收敛，共 1277 轮迭代
    [CG] [CG-NODE] depth=9 exit=CERTIFIED certified=1 feasible=1 iters=17 generatedColsBeforeNode=5229 newCols=37 posCandidates=37 duplicateCandidates=0 updatedCols=0 zeroObjImproveIters=16 objFirst=1351520.040965 objLast=1351520.040965 objGain=0.000000 maxRC=65160.199935 wallSec=0.290872 pricingSec=0.282608 cplexSolveSec=0.005626
    [CG] 列生成开始，初始列数=621
    [CG] CG iter 1278: obj=1346266.550223, maxRC=309749.219173, +12 cols
    [CG]   [DIAG] iter=1278 posCols=12 newCols=12 effImprove=12 updated=0
    [CG] CG iter 1279: obj=1346266.550223, maxRC=249718.022941, +12 cols
    [CG]   [DIAG] iter=1279 posCols=12 newCols=12 effImprove=12 updated=0
    [CG] CG iter 1280: obj=1346266.550223, maxRC=154488.463486, +10 cols
    [CG]   [DIAG] iter=1280 posCols=10 newCols=10 effImprove=10 updated=0
    [CG] CG iter 1281: obj=1346266.550223, maxRC=149323.831445, +11 cols
    [CG]   [DIAG] iter=1281 posCols=11 newCols=11 effImprove=11 updated=0
    [CG] CG iter 1282: obj=1346266.550223, maxRC=76663.785622, +9 cols
    [CG]   [DIAG] iter=1282 posCols=9 newCols=9 effImprove=9 updated=0
    [CG] CG iter 1283: obj=1346266.550223, maxRC=96896.265953, +5 cols
    [CG]   [DIAG] iter=1283 posCols=5 newCols=5 effImprove=5 updated=0
    [CG] CG iter 1284: obj=1346266.550223, maxRC=71917.020944, +5 cols
    [CG]   [DIAG] iter=1284 posCols=5 newCols=5 effImprove=5 updated=0
    [CG] CG iter 1285: obj=1346266.550223, maxRC=64454.653335, +4 cols
    [CG]   [DIAG] iter=1285 posCols=4 newCols=4 effImprove=4 updated=0
    [CG] CG iter 1286: obj=1346266.550223, maxRC=54463.702807, +8 cols
    [CG]   [DIAG] iter=1286 posCols=8 newCols=8 effImprove=8 updated=0
    [CG] CG iter 1287: obj=1346266.550223, maxRC=26382.935765, +4 cols
    [CG]   [DIAG] iter=1287 posCols=4 newCols=4 effImprove=4 updated=0
    [CG] CG iter 1288: obj=1353465.273995, maxRC=24564.309954, +3 cols
    [CG]   [DIAG] iter=1288 posCols=3 newCols=3 effImprove=3 updated=0
    [CG] CG iter 1289: obj=1353465.273995, maxRC=20559.592880, +2 cols
    [CG]   [DIAG] iter=1289 posCols=2 newCols=2 effImprove=2 updated=0
    [CG] CG iter 1290: obj=1353465.273995, maxRC=11633.671882, +3 cols
    [CG]   [DIAG] iter=1290 posCols=3 newCols=3 effImprove=3 updated=0
    [CG] CG iter 1291: obj=1353465.273995, maxRC=7828.296398, +2 cols
    [CG]   [DIAG] iter=1291 posCols=2 newCols=2 effImprove=2 updated=0
    [CG] CG iter 1292: obj=1353465.273995, maxRC=3821.903855, +2 cols
    [CG]   [DIAG] iter=1292 posCols=2 newCols=2 effImprove=2 updated=0
    [CG] CG iter 1293: obj=1353465.273995, maxRC=5287.916576, +2 cols
    [CG]   [DIAG] iter=1293 posCols=2 newCols=2 effImprove=2 updated=0
    [CG] CG iter 1294: obj=1353465.273995, maxRC=5884.350385, +2 cols
    [CG]   [DIAG] iter=1294 posCols=2 newCols=2 effImprove=2 updated=0
    [CG] CG iter 1295: obj=1353465.273995, maxRC=3740.494797, +2 cols
    [CG]   [DIAG] iter=1295 posCols=2 newCols=2 effImprove=2 updated=0
    [CG] CG iter 1296: obj=1353465.273995, maxRC=2851.045413, +2 cols
    [CG]   [DIAG] iter=1296 posCols=2 newCols=2 effImprove=2 updated=0
    [CG] CG iter 1297: obj=1353465.273995, maxRC=2352.281156, +1 cols
    [CG]   [DIAG] iter=1297 posCols=1 newCols=1 effImprove=1 updated=0
    [CG] CG iter 1298: obj=1353465.273995, maxRC=1169.934981, +1 cols
    [CG]   [DIAG] iter=1298 posCols=1 newCols=1 effImprove=1 updated=0
    [CG] CG iter 1299: obj=1353465.273995, maxRC=1004.694863, +1 cols
    [CG]   [DIAG] iter=1299 posCols=1 newCols=1 effImprove=1 updated=0
    [CG] CG iter 1300: obj=1353465.273995, maxRC=791.015351, +1 cols
    [CG]   [DIAG] iter=1300 posCols=1 newCols=1 effImprove=1 updated=0
    [CG] CG iter 1301: obj=1353465.273995, maxRC=203.730168, +1 cols
    [CG]   [DIAG] iter=1301 posCols=1 newCols=1 effImprove=1 updated=0
    [CG] CG iter 1302: obj=1353465.273995, maxRC=64.219314, +1 cols
    [CG]   [DIAG] iter=1302 posCols=1 newCols=1 effImprove=1 updated=0
    [CG] 列生成收敛，共 1303 轮迭代
    [CG] [CG-NODE] depth=9 exit=CERTIFIED certified=1 feasible=1 iters=26 generatedColsBeforeNode=5266 newCols=106 posCandidates=106 duplicateCandidates=0 updatedCols=0 zeroObjImproveIters=24 objFirst=1346266.550223 objLast=1353465.273995 objGain=7198.723772 maxRC=309749.219173 wallSec=0.399260 pricingSec=0.383697 cplexSolveSec=0.010892
    [CG] [BB-DIAG] 分支 x_{dc=2,retailer=14}, 节点数=46
    [CG] 列生成开始，初始列数=814
    [CG] CG iter 1304: obj=1350453.225642, maxRC=15389.264414, +6 cols
    [CG]   [DIAG] iter=1304 posCols=6 newCols=6 effImprove=6 updated=0
    [CG] CG iter 1305: obj=1350453.225642, maxRC=4248.167607, +6 cols
    [CG]   [DIAG] iter=1305 posCols=6 newCols=6 effImprove=6 updated=0
    [CG] CG iter 1306: obj=1351097.887700, maxRC=6356.607465, +4 cols
    [CG]   [DIAG] iter=1306 posCols=4 newCols=4 effImprove=4 updated=0
    [CG] CG iter 1307: obj=1351097.887700, maxRC=2391.280531, +5 cols
    [CG]   [DIAG] iter=1307 posCols=5 newCols=5 effImprove=5 updated=0
    [CG] CG iter 1308: obj=1351097.887700, maxRC=1991.882343, +4 cols
    [CG]   [DIAG] iter=1308 posCols=4 newCols=4 effImprove=4 updated=0
    [CG] CG iter 1309: obj=1351097.887700, maxRC=1685.421887, +3 cols
    [CG]   [DIAG] iter=1309 posCols=3 newCols=3 effImprove=3 updated=0
    [CG] CG iter 1310: obj=1351097.887700, maxRC=280.279756, +1 cols
    [CG]   [DIAG] iter=1310 posCols=1 newCols=1 effImprove=1 updated=0
    [CG] 列生成收敛，共 1311 轮迭代
    [CG] [CG-NODE] depth=7 exit=CERTIFIED certified=1 feasible=1 iters=8 generatedColsBeforeNode=5372 newCols=29 posCandidates=29 duplicateCandidates=0 updatedCols=0 zeroObjImproveIters=6 objFirst=1350453.225642 objLast=1351097.887700 objGain=644.662058 maxRC=15389.264414 wallSec=0.139467 pricingSec=0.132467 cplexSolveSec=0.004552
    [CG] 列生成开始，初始列数=676
    [CG] CG iter 1312: obj=1325553.676226, maxRC=134281.914366, +15 cols
    [CG]   [DIAG] iter=1312 posCols=15 newCols=15 effImprove=15 updated=0
    [CG] CG iter 1313: obj=1338875.033436, maxRC=46542.501882, +8 cols
    [CG]   [DIAG] iter=1313 posCols=8 newCols=8 effImprove=8 updated=0
    [CG] CG iter 1314: obj=1354864.236970, maxRC=35372.512468, +7 cols
    [CG]   [DIAG] iter=1314 posCols=7 newCols=7 effImprove=7 updated=0
    [CG] CG iter 1315: obj=1354864.236970, maxRC=9826.594802, +5 cols
    [CG]   [DIAG] iter=1315 posCols=5 newCols=5 effImprove=5 updated=0
    [CG] CG iter 1316: obj=1359777.534371, maxRC=4741.147013, +2 cols
    [CG]   [DIAG] iter=1316 posCols=2 newCols=2 effImprove=2 updated=0
    [CG] CG iter 1317: obj=1359777.534371, maxRC=2148.672353, +1 cols
    [CG]   [DIAG] iter=1317 posCols=1 newCols=1 effImprove=1 updated=0
    [CG] CG iter 1318: obj=1359777.534371, maxRC=2438.664025, +4 cols
    [CG]   [DIAG] iter=1318 posCols=4 newCols=4 effImprove=4 updated=0
    [CG] CG iter 1319: obj=1359777.534371, maxRC=782.296098, +1 cols
    [CG]   [DIAG] iter=1319 posCols=1 newCols=1 effImprove=1 updated=0
    [CG] 列生成收敛，共 1320 轮迭代
    [CG] [CG-NODE] depth=7 exit=CERTIFIED certified=1 feasible=1 iters=9 generatedColsBeforeNode=5401 newCols=43 posCandidates=43 duplicateCandidates=0 updatedCols=0 zeroObjImproveIters=5 objFirst=1325553.676226 objLast=1359777.534371 objGain=34223.858145 maxRC=134281.914366 wallSec=0.134107 pricingSec=0.126313 cplexSolveSec=0.005316
    [CG] [BB-DIAG] 分支 x_{dc=2,retailer=0}, 节点数=47
    [CG] 列生成开始，初始列数=753
    [CG] CG iter 1321: obj=1351213.802037, maxRC=26181.465941, +6 cols
    [CG]   [DIAG] iter=1321 posCols=6 newCols=6 effImprove=6 updated=0
    [CG] CG iter 1322: obj=1362275.963315, maxRC=46388.715612, +8 cols
    [CG]   [DIAG] iter=1322 posCols=8 newCols=8 effImprove=8 updated=0
    [CG] CG iter 1323: obj=1362275.963315, maxRC=41975.265569, +8 cols
    [CG]   [DIAG] iter=1323 posCols=8 newCols=8 effImprove=8 updated=0
    [CG] CG iter 1324: obj=1362275.963315, maxRC=26652.953199, +7 cols
    [CG]   [DIAG] iter=1324 posCols=7 newCols=7 effImprove=7 updated=0
    [CG] CG iter 1325: obj=1362275.963315, maxRC=39034.660518, +6 cols
    [CG]   [DIAG] iter=1325 posCols=6 newCols=6 effImprove=6 updated=0
    [CG] CG iter 1326: obj=1362275.963315, maxRC=24875.202032, +4 cols
    [CG]   [DIAG] iter=1326 posCols=4 newCols=4 effImprove=4 updated=0
    [CG] CG iter 1327: obj=1362275.963315, maxRC=16361.938488, +5 cols
    [CG]   [DIAG] iter=1327 posCols=5 newCols=5 effImprove=5 updated=0
    [CG] CG iter 1328: obj=1362275.963315, maxRC=13576.443613, +6 cols
    [CG]   [DIAG] iter=1328 posCols=6 newCols=6 effImprove=6 updated=0
    [CG] CG iter 1329: obj=1362275.963315, maxRC=10177.685255, +3 cols
    [CG]   [DIAG] iter=1329 posCols=3 newCols=3 effImprove=3 updated=0
    [CG] CG iter 1330: obj=1362275.963315, maxRC=3384.442969, +3 cols
    [CG]   [DIAG] iter=1330 posCols=3 newCols=3 effImprove=3 updated=0
    [CG] CG iter 1331: obj=1362275.963315, maxRC=3200.753571, +3 cols
    [CG]   [DIAG] iter=1331 posCols=3 newCols=3 effImprove=3 updated=0
    [CG] CG iter 1332: obj=1362275.963315, maxRC=66.421186, +1 cols
    [CG]   [DIAG] iter=1332 posCols=1 newCols=1 effImprove=1 updated=0
    [CG] 列生成收敛，共 1333 轮迭代
    [CG] [CG-NODE] depth=6 exit=CERTIFIED certified=1 feasible=1 iters=13 generatedColsBeforeNode=5444 newCols=60 posCandidates=60 duplicateCandidates=0 updatedCols=0 zeroObjImproveIters=11 objFirst=1351213.802037 objLast=1362275.963315 objGain=11062.161278 maxRC=46388.715612 wallSec=0.219665 pricingSec=0.209009 cplexSolveSec=0.007354
    [CG] 列生成开始，初始列数=600
    [CG] CG iter 1334: obj=1336129.042278, maxRC=154360.937868, +11 cols
    [CG]   [DIAG] iter=1334 posCols=11 newCols=11 effImprove=11 updated=0
    [CG] CG iter 1335: obj=1336129.042278, maxRC=148460.515306, +12 cols
    [CG]   [DIAG] iter=1335 posCols=12 newCols=12 effImprove=12 updated=0
    [CG] CG iter 1336: obj=1356796.927892, maxRC=97397.714165, +9 cols
    [CG]   [DIAG] iter=1336 posCols=9 newCols=9 effImprove=9 updated=0
    [CG] CG iter 1337: obj=1360350.595965, maxRC=26912.263925, +6 cols
    [CG]   [DIAG] iter=1337 posCols=6 newCols=6 effImprove=6 updated=0
    [CG] CG iter 1338: obj=1360407.718263, maxRC=20725.964568, +5 cols
    [CG]   [DIAG] iter=1338 posCols=5 newCols=5 effImprove=5 updated=0
    [CG] CG iter 1339: obj=1360407.718263, maxRC=16158.322246, +2 cols
    [CG]   [DIAG] iter=1339 posCols=2 newCols=2 effImprove=2 updated=0
    [CG] CG iter 1340: obj=1360407.718263, maxRC=15418.001324, +3 cols
    [CG]   [DIAG] iter=1340 posCols=3 newCols=3 effImprove=3 updated=0
    [CG] CG iter 1341: obj=1364486.104021, maxRC=4610.748228, +3 cols
    [CG]   [DIAG] iter=1341 posCols=3 newCols=3 effImprove=3 updated=0
    [CG] CG iter 1342: obj=1364486.104021, maxRC=3808.362159, +1 cols
    [CG]   [DIAG] iter=1342 posCols=1 newCols=1 effImprove=1 updated=0
    [CG] CG iter 1343: obj=1366390.285100, maxRC=353.460790, +1 cols
    [CG]   [DIAG] iter=1343 posCols=1 newCols=1 effImprove=1 updated=0
    [CG] 列生成收敛，共 1344 轮迭代
    [CG] [CG-NODE] depth=6 exit=CERTIFIED certified=1 feasible=1 iters=11 generatedColsBeforeNode=5504 newCols=53 posCandidates=53 duplicateCandidates=0 updatedCols=0 zeroObjImproveIters=5 objFirst=1336129.042278 objLast=1366390.285100 objGain=30261.242823 maxRC=154360.937868 wallSec=0.161313 pricingSec=0.153622 cplexSolveSec=0.005422
    [CG] [BB-DIAG] 分支 x_{dc=2,retailer=14}, 节点数=48
    [CG] 列生成开始，初始列数=631
    [CG] CG iter 1345: obj=1354548.538023, maxRC=18740.704406, +9 cols
    [CG]   [DIAG] iter=1345 posCols=9 newCols=9 effImprove=9 updated=0
    [CG] CG iter 1346: obj=1354548.538023, maxRC=7789.780006, +6 cols
    [CG]   [DIAG] iter=1346 posCols=6 newCols=6 effImprove=6 updated=0
    [CG] CG iter 1347: obj=1354548.538023, maxRC=5014.846862, +5 cols
    [CG]   [DIAG] iter=1347 posCols=5 newCols=5 effImprove=5 updated=0
    [CG] CG iter 1348: obj=1354548.538023, maxRC=1991.756554, +4 cols
    [CG]   [DIAG] iter=1348 posCols=4 newCols=4 effImprove=4 updated=0
    [CG] CG iter 1349: obj=1354548.538023, maxRC=1795.430605, +2 cols
    [CG]   [DIAG] iter=1349 posCols=2 newCols=2 effImprove=2 updated=0
    [CG] CG iter 1350: obj=1354548.538023, maxRC=1445.137017, +2 cols
    [CG]   [DIAG] iter=1350 posCols=2 newCols=2 effImprove=2 updated=0
    [CG] CG iter 1351: obj=1355271.106531, maxRC=1408.506798, +1 cols
    [CG]   [DIAG] iter=1351 posCols=1 newCols=1 effImprove=1 updated=0
    [CG] CG iter 1352: obj=1355271.106531, maxRC=1365.356950, +1 cols
    [CG]   [DIAG] iter=1352 posCols=1 newCols=1 effImprove=1 updated=0
    [CG] CG iter 1353: obj=1355271.106531, maxRC=60.488754, +1 cols
    [CG]   [DIAG] iter=1353 posCols=1 newCols=1 effImprove=1 updated=0
    [CG] CG iter 1354: obj=1355271.106531, maxRC=29.824214, +1 cols
    [CG]   [DIAG] iter=1354 posCols=1 newCols=1 effImprove=1 updated=0
    [CG] 列生成收敛，共 1355 轮迭代
    [CG] [CG-NODE] depth=7 exit=CERTIFIED certified=1 feasible=1 iters=11 generatedColsBeforeNode=5557 newCols=32 posCandidates=32 duplicateCandidates=0 updatedCols=0 zeroObjImproveIters=9 objFirst=1354548.538023 objLast=1355271.106531 objGain=722.568508 maxRC=18740.704406 wallSec=0.194618 pricingSec=0.187840 cplexSolveSec=0.004518
    [CG] 列生成开始，初始列数=636
    [CG] CG iter 1356: obj=1336129.042278, maxRC=91054.562605, +9 cols
    [CG]   [DIAG] iter=1356 posCols=9 newCols=9 effImprove=9 updated=0
    [CG] CG iter 1357: obj=1336900.246183, maxRC=79575.929778, +8 cols
    [CG]   [DIAG] iter=1357 posCols=8 newCols=8 effImprove=8 updated=0
    [CG] CG iter 1358: obj=1341350.844601, maxRC=72309.183810, +9 cols
    [CG]   [DIAG] iter=1358 posCols=9 newCols=9 effImprove=9 updated=0
    [CG] CG iter 1359: obj=1345201.320887, maxRC=45694.660527, +8 cols
    [CG]   [DIAG] iter=1359 posCols=8 newCols=8 effImprove=8 updated=0
    [CG] CG iter 1360: obj=1347703.453280, maxRC=37967.947530, +7 cols
    [CG]   [DIAG] iter=1360 posCols=7 newCols=7 effImprove=7 updated=0
    [CG] CG iter 1361: obj=1361812.784575, maxRC=12185.473373, +4 cols
    [CG]   [DIAG] iter=1361 posCols=4 newCols=4 effImprove=4 updated=0
    [CG] CG iter 1362: obj=1363856.216397, maxRC=371.255099, +2 cols
    [CG]   [DIAG] iter=1362 posCols=2 newCols=2 effImprove=2 updated=0
    [CG] 列生成收敛，共 1363 轮迭代
    [CG] [CG-NODE] depth=7 exit=CERTIFIED certified=1 feasible=1 iters=8 generatedColsBeforeNode=5589 newCols=47 posCandidates=47 duplicateCandidates=0 updatedCols=0 zeroObjImproveIters=1 objFirst=1336129.042278 objLast=1363856.216397 objGain=27727.174119 maxRC=91054.562605 wallSec=0.130970 pricingSec=0.123198 cplexSolveSec=0.004910
    [CG] [BB-DIAG] 分支 x_{dc=2,retailer=23}, 节点数=49
    [CG] 列生成开始，初始列数=671
    [CG] CG iter 1364: obj=1338403.126223, maxRC=29514.961483, +11 cols
    [CG]   [DIAG] iter=1364 posCols=11 newCols=11 effImprove=11 updated=0
    [CG] CG iter 1365: obj=1350193.296602, maxRC=27601.723272, +4 cols
    [CG]   [DIAG] iter=1365 posCols=4 newCols=4 effImprove=4 updated=0
    [CG] CG iter 1366: obj=1350193.296602, maxRC=15045.804614, +4 cols
    [CG]   [DIAG] iter=1366 posCols=4 newCols=4 effImprove=4 updated=0
    [CG] CG iter 1367: obj=1354708.285200, maxRC=15037.747018, +5 cols
    [CG]   [DIAG] iter=1367 posCols=5 newCols=5 effImprove=5 updated=0
    [CG] CG iter 1368: obj=1354708.285200, maxRC=7260.312734, +4 cols
    [CG]   [DIAG] iter=1368 posCols=4 newCols=4 effImprove=4 updated=0
    [CG] CG iter 1369: obj=1354708.285200, maxRC=4760.350106, +4 cols
    [CG]   [DIAG] iter=1369 posCols=4 newCols=4 effImprove=4 updated=0
    [CG] CG iter 1370: obj=1354708.285200, maxRC=3533.313365, +4 cols
    [CG]   [DIAG] iter=1370 posCols=4 newCols=4 effImprove=4 updated=0
    [CG] CG iter 1371: obj=1354708.285200, maxRC=1795.347879, +4 cols
    [CG]   [DIAG] iter=1371 posCols=4 newCols=4 effImprove=4 updated=0
    [CG] CG iter 1372: obj=1354708.285200, maxRC=981.846644, +1 cols
    [CG]   [DIAG] iter=1372 posCols=1 newCols=1 effImprove=1 updated=0
    [CG] 列生成收敛，共 1373 轮迭代
    [CG] [CG-NODE] depth=8 exit=CERTIFIED certified=1 feasible=1 iters=10 generatedColsBeforeNode=5636 newCols=41 posCandidates=41 duplicateCandidates=0 updatedCols=0 zeroObjImproveIters=7 objFirst=1338403.126223 objLast=1354708.285200 objGain=16305.158978 maxRC=29514.961483 wallSec=0.152359 pricingSec=0.144704 cplexSolveSec=0.005307
    [CG] 列生成开始，初始列数=656
    [CG] CG iter 1374: obj=1336129.042278, maxRC=111883.766862, +8 cols
    [CG]   [DIAG] iter=1374 posCols=8 newCols=8 effImprove=8 updated=0
    [CG] CG iter 1375: obj=1336129.042278, maxRC=222320.137696, +11 cols
    [CG]   [DIAG] iter=1375 posCols=11 newCols=11 effImprove=11 updated=0
    [CG] CG iter 1376: obj=1336129.042278, maxRC=206874.099338, +11 cols
    [CG]   [DIAG] iter=1376 posCols=11 newCols=11 effImprove=11 updated=0
    [CG] CG iter 1377: obj=1336129.042278, maxRC=136384.631653, +10 cols
    [CG]   [DIAG] iter=1377 posCols=10 newCols=10 effImprove=10 updated=0
    [CG] CG iter 1378: obj=1337148.779413, maxRC=87092.069530, +9 cols
    [CG]   [DIAG] iter=1378 posCols=9 newCols=9 effImprove=9 updated=0
    [CG] CG iter 1379: obj=1349060.097031, maxRC=64513.528915, +8 cols
    [CG]   [DIAG] iter=1379 posCols=8 newCols=8 effImprove=8 updated=0
    [CG] CG iter 1380: obj=1349060.097031, maxRC=28418.814830, +3 cols
    [CG]   [DIAG] iter=1380 posCols=3 newCols=3 effImprove=3 updated=0
    [CG] CG iter 1381: obj=1360791.603706, maxRC=17494.822931, +6 cols
    [CG]   [DIAG] iter=1381 posCols=6 newCols=6 effImprove=6 updated=0
    [CG] CG iter 1382: obj=1360791.603706, maxRC=18533.081159, +3 cols
    [CG]   [DIAG] iter=1382 posCols=3 newCols=3 effImprove=3 updated=0
    [CG] CG iter 1383: obj=1360791.603706, maxRC=3416.782402, +2 cols
    [CG]   [DIAG] iter=1383 posCols=2 newCols=2 effImprove=2 updated=0
    [CG] CG iter 1384: obj=1362417.707373, maxRC=2351.590215, +2 cols
    [CG]   [DIAG] iter=1384 posCols=2 newCols=2 effImprove=2 updated=0
    [CG] CG iter 1385: obj=1362417.707373, maxRC=725.461650, +2 cols
    [CG]   [DIAG] iter=1385 posCols=2 newCols=2 effImprove=2 updated=0
    [CG] CG iter 1386: obj=1362417.707373, maxRC=481.129977, +1 cols
    [CG]   [DIAG] iter=1386 posCols=1 newCols=1 effImprove=1 updated=0
    [CG] 列生成收敛，共 1387 轮迭代
    [CG] [CG-NODE] depth=8 exit=CERTIFIED certified=1 feasible=1 iters=14 generatedColsBeforeNode=5677 newCols=76 posCandidates=76 duplicateCandidates=0 updatedCols=0 zeroObjImproveIters=9 objFirst=1336129.042278 objLast=1362417.707373 objGain=26288.665095 maxRC=222320.137696 wallSec=0.209858 pricingSec=0.199674 cplexSolveSec=0.007298
    [CG] [BB-DIAG] 分支 x_{dc=2,retailer=25}, 节点数=50
    [CG] 列生成开始，初始列数=720
    [CG] CG iter 1388: obj=1352087.948474, maxRC=36842.826753, +5 cols
    [CG]   [DIAG] iter=1388 posCols=5 newCols=5 effImprove=5 updated=0
    [CG] CG iter 1389: obj=1352087.948474, maxRC=17835.845133, +3 cols
    [CG]   [DIAG] iter=1389 posCols=3 newCols=3 effImprove=3 updated=0
    [CG] CG iter 1390: obj=1352087.948474, maxRC=14626.098346, +2 cols
    [CG]   [DIAG] iter=1390 posCols=2 newCols=2 effImprove=2 updated=0
    [CG] CG iter 1391: obj=1352087.948474, maxRC=15662.262167, +2 cols
    [CG]   [DIAG] iter=1391 posCols=2 newCols=2 effImprove=2 updated=0
    [CG] CG iter 1392: obj=1352087.948474, maxRC=12432.799971, +2 cols
    [CG]   [DIAG] iter=1392 posCols=2 newCols=2 effImprove=2 updated=0
    [CG] CG iter 1393: obj=1352087.948474, maxRC=9918.807197, +1 cols
    [CG]   [DIAG] iter=1393 posCols=1 newCols=1 effImprove=1 updated=0
    [CG] CG iter 1394: obj=1352087.948474, maxRC=7361.062428, +2 cols
    [CG]   [DIAG] iter=1394 posCols=2 newCols=2 effImprove=2 updated=0
    [CG] CG iter 1395: obj=1352087.948474, maxRC=9712.124655, +1 cols
    [CG]   [DIAG] iter=1395 posCols=1 newCols=1 effImprove=1 updated=0
    [CG] CG iter 1396: obj=1352087.948474, maxRC=6873.621613, +1 cols
    [CG]   [DIAG] iter=1396 posCols=1 newCols=1 effImprove=1 updated=0
    [CG] CG iter 1397: obj=1352087.948474, maxRC=3549.049644, +1 cols
    [CG]   [DIAG] iter=1397 posCols=1 newCols=1 effImprove=1 updated=0
    [CG] CG iter 1398: obj=1352087.948474, maxRC=2810.078116, +1 cols
    [CG]   [DIAG] iter=1398 posCols=1 newCols=1 effImprove=1 updated=0
    [CG] CG iter 1399: obj=1352087.948474, maxRC=2747.266375, +1 cols
    [CG]   [DIAG] iter=1399 posCols=1 newCols=1 effImprove=1 updated=0
    [CG] CG iter 1400: obj=1352087.948474, maxRC=1063.812951, +1 cols
    [CG]   [DIAG] iter=1400 posCols=1 newCols=1 effImprove=1 updated=0
    [CG] CG iter 1401: obj=1352087.948474, maxRC=739.872943, +1 cols
    [CG]   [DIAG] iter=1401 posCols=1 newCols=1 effImprove=1 updated=0
    [CG] CG iter 1402: obj=1352087.948474, maxRC=486.195121, +1 cols
    [CG]   [DIAG] iter=1402 posCols=1 newCols=1 effImprove=1 updated=0
    [CG] 列生成收敛，共 1403 轮迭代
    [CG] [CG-NODE] depth=9 exit=CERTIFIED certified=1 feasible=1 iters=16 generatedColsBeforeNode=5753 newCols=25 posCandidates=25 duplicateCandidates=0 updatedCols=0 zeroObjImproveIters=15 objFirst=1352087.948474 objLast=1352087.948474 objGain=0.000000 maxRC=36842.826753 wallSec=0.276366 pricingSec=0.266246 cplexSolveSec=0.006744
    [CG] 列生成开始，初始列数=711
    [CG] CG iter 1404: obj=1336129.042278, maxRC=144025.529307, +10 cols
    [CG]   [DIAG] iter=1404 posCols=10 newCols=10 effImprove=10 updated=0
    [CG] CG iter 1405: obj=1336129.042278, maxRC=103541.259565, +9 cols
    [CG]   [DIAG] iter=1405 posCols=9 newCols=9 effImprove=9 updated=0
    [CG] CG iter 1406: obj=1336129.042278, maxRC=85787.126432, +7 cols
    [CG]   [DIAG] iter=1406 posCols=7 newCols=7 effImprove=7 updated=0
    [CG] CG iter 1407: obj=1336129.042278, maxRC=85954.204796, +6 cols
    [CG]   [DIAG] iter=1407 posCols=6 newCols=6 effImprove=6 updated=0
    [CG] CG iter 1408: obj=1336129.042278, maxRC=81701.800649, +6 cols
    [CG]   [DIAG] iter=1408 posCols=6 newCols=6 effImprove=6 updated=0
    [CG] CG iter 1409: obj=1336129.042278, maxRC=53240.376241, +6 cols
    [CG]   [DIAG] iter=1409 posCols=6 newCols=6 effImprove=6 updated=0
    [CG] CG iter 1410: obj=1336129.042278, maxRC=80464.450886, +9 cols
    [CG]   [DIAG] iter=1410 posCols=9 newCols=9 effImprove=9 updated=0
    [CG] CG iter 1411: obj=1337379.596164, maxRC=61682.088193, +7 cols
    [CG]   [DIAG] iter=1411 posCols=7 newCols=7 effImprove=7 updated=0
    [CG] CG iter 1412: obj=1339142.726614, maxRC=70808.477308, +9 cols
    [CG]   [DIAG] iter=1412 posCols=9 newCols=9 effImprove=9 updated=0
    [CG] CG iter 1413: obj=1346644.124807, maxRC=20705.432528, +2 cols
    [CG]   [DIAG] iter=1413 posCols=2 newCols=2 effImprove=2 updated=0
    [CG] CG iter 1414: obj=1346644.124807, maxRC=14360.382366, +1 cols
    [CG]   [DIAG] iter=1414 posCols=1 newCols=1 effImprove=1 updated=0
    [CG] CG iter 1415: obj=1346644.124807, maxRC=14325.760081, +1 cols
    [CG]   [DIAG] iter=1415 posCols=1 newCols=1 effImprove=1 updated=0
    [CG] CG iter 1416: obj=1351288.948461, maxRC=5586.697609, +1 cols
    [CG]   [DIAG] iter=1416 posCols=1 newCols=1 effImprove=1 updated=0
    [CG] CG iter 1417: obj=1351288.948461, maxRC=4678.004827, +1 cols
    [CG]   [DIAG] iter=1417 posCols=1 newCols=1 effImprove=1 updated=0
    [CG] CG iter 1418: obj=1353627.950874, maxRC=10173.982345, +1 cols
    [CG]   [DIAG] iter=1418 posCols=1 newCols=1 effImprove=1 updated=0
    [CG] CG iter 1419: obj=1353627.950874, maxRC=8872.642259, +1 cols
    [CG]   [DIAG] iter=1419 posCols=1 newCols=1 effImprove=1 updated=0
    [CG] CG iter 1420: obj=1353627.950874, maxRC=6747.222533, +1 cols
    [CG]   [DIAG] iter=1420 posCols=1 newCols=1 effImprove=1 updated=0
    [CG] CG iter 1421: obj=1353627.950874, maxRC=6649.555154, +1 cols
    [CG]   [DIAG] iter=1421 posCols=1 newCols=1 effImprove=1 updated=0
    [CG] CG iter 1422: obj=1353627.950874, maxRC=70.219353, +1 cols
    [CG]   [DIAG] iter=1422 posCols=1 newCols=1 effImprove=1 updated=0
    [CG] 列生成收敛，共 1423 轮迭代
    [CG] [CG-NODE] depth=9 exit=CERTIFIED certified=1 feasible=1 iters=20 generatedColsBeforeNode=5778 newCols=80 posCandidates=80 duplicateCandidates=0 updatedCols=0 zeroObjImproveIters=14 objFirst=1336129.042278 objLast=1353627.950874 objGain=17498.908596 maxRC=144025.529307 wallSec=0.311784 pricingSec=0.300076 cplexSolveSec=0.008070
    [CG] [BB-DIAG] 分支 x_{dc=2,retailer=14}, 节点数=51
    [CG] 列生成开始，初始列数=781
    [CG] CG iter 1424: obj=1348069.442771, maxRC=35980.436355, +11 cols
    [CG]   [DIAG] iter=1424 posCols=11 newCols=11 effImprove=11 updated=0
    [CG] CG iter 1425: obj=1352777.555267, maxRC=10185.734870, +7 cols
    [CG]   [DIAG] iter=1425 posCols=7 newCols=7 effImprove=7 updated=0
    [CG] CG iter 1426: obj=1352777.555267, maxRC=3482.024158, +5 cols
    [CG]   [DIAG] iter=1426 posCols=5 newCols=5 effImprove=5 updated=0
    [CG] CG iter 1427: obj=1353270.909263, maxRC=3105.128016, +3 cols
    [CG]   [DIAG] iter=1427 posCols=3 newCols=3 effImprove=3 updated=0
    [CG] CG iter 1428: obj=1354003.912225, maxRC=2310.239550, +4 cols
    [CG]   [DIAG] iter=1428 posCols=4 newCols=4 effImprove=4 updated=0
    [CG] CG iter 1429: obj=1354003.912225, maxRC=963.603799, +2 cols
    [CG]   [DIAG] iter=1429 posCols=2 newCols=2 effImprove=2 updated=0
    [CG] CG iter 1430: obj=1354003.912225, maxRC=181.239642, +2 cols
    [CG]   [DIAG] iter=1430 posCols=2 newCols=2 effImprove=2 updated=0
    [CG] CG iter 1431: obj=1354003.912225, maxRC=47.471407, +1 cols
    [CG]   [DIAG] iter=1431 posCols=1 newCols=1 effImprove=1 updated=0
    [CG] 列生成收敛，共 1432 轮迭代
    [CG] [CG-NODE] depth=7 exit=CERTIFIED certified=1 feasible=1 iters=9 generatedColsBeforeNode=5858 newCols=35 posCandidates=35 duplicateCandidates=0 updatedCols=0 zeroObjImproveIters=5 objFirst=1348069.442771 objLast=1354003.912225 objGain=5934.469454 maxRC=35980.436355 wallSec=0.172230 pricingSec=0.163753 cplexSolveSec=0.005453
    [CG] 列生成开始，初始列数=652
    [CG] CG iter 1433: obj=1334656.257280, maxRC=128588.777665, +9 cols
    [CG]   [DIAG] iter=1433 posCols=9 newCols=9 effImprove=9 updated=0
    [CG] CG iter 1434: obj=1342493.158460, maxRC=53235.797813, +9 cols
    [CG]   [DIAG] iter=1434 posCols=9 newCols=9 effImprove=9 updated=0
    [CG] CG iter 1435: obj=1343447.716308, maxRC=55038.470815, +9 cols
    [CG]   [DIAG] iter=1435 posCols=9 newCols=9 effImprove=9 updated=0
    [CG] CG iter 1436: obj=1348799.946374, maxRC=29046.627966, +7 cols
    [CG]   [DIAG] iter=1436 posCols=7 newCols=7 effImprove=7 updated=0
    [CG] CG iter 1437: obj=1357548.780115, maxRC=5662.007632, +5 cols
    [CG]   [DIAG] iter=1437 posCols=5 newCols=5 effImprove=5 updated=0
    [CG] CG iter 1438: obj=1357548.780115, maxRC=5519.136460, +2 cols
    [CG]   [DIAG] iter=1438 posCols=2 newCols=2 effImprove=2 updated=0
    [CG] CG iter 1439: obj=1357548.780115, maxRC=5176.854591, +1 cols
    [CG]   [DIAG] iter=1439 posCols=1 newCols=1 effImprove=1 updated=0
    [CG] CG iter 1440: obj=1357548.780115, maxRC=5095.797074, +3 cols
    [CG]   [DIAG] iter=1440 posCols=3 newCols=3 effImprove=3 updated=0
    [CG] CG iter 1441: obj=1357548.780115, maxRC=4317.500922, +1 cols
    [CG]   [DIAG] iter=1441 posCols=1 newCols=1 effImprove=1 updated=0
    [CG] CG iter 1442: obj=1358628.155346, maxRC=1972.295280, +2 cols
    [CG]   [DIAG] iter=1442 posCols=2 newCols=2 effImprove=2 updated=0
    [CG] CG iter 1443: obj=1358628.155346, maxRC=1615.490364, +1 cols
    [CG]   [DIAG] iter=1443 posCols=1 newCols=1 effImprove=1 updated=0
    [CG] CG iter 1444: obj=1359435.900528, maxRC=3313.899161, +1 cols
    [CG]   [DIAG] iter=1444 posCols=1 newCols=1 effImprove=1 updated=0
    [CG] CG iter 1445: obj=1359435.900528, maxRC=801.340125, +1 cols
    [CG]   [DIAG] iter=1445 posCols=1 newCols=1 effImprove=1 updated=0
    [CG] CG iter 1446: obj=1359435.900528, maxRC=365.987799, +1 cols
    [CG]   [DIAG] iter=1446 posCols=1 newCols=1 effImprove=1 updated=0
    [CG] 列生成收敛，共 1447 轮迭代
    [CG] [CG-NODE] depth=7 exit=CERTIFIED certified=1 feasible=1 iters=15 generatedColsBeforeNode=5893 newCols=52 posCandidates=52 duplicateCandidates=0 updatedCols=0 zeroObjImproveIters=8 objFirst=1334656.257280 objLast=1359435.900528 objGain=24779.643247 maxRC=128588.777665 wallSec=0.246885 pricingSec=0.237764 cplexSolveSec=0.006340
    [CG] [BB-DIAG] 分支 x_{dc=0,retailer=4}, 节点数=52
    [CG] 列生成开始，初始列数=753
    [CG] CG iter 1448: obj=1386546.254625, maxRC=7331.130437, +9 cols
    [CG]   [DIAG] iter=1448 posCols=9 newCols=9 effImprove=9 updated=0
    [CG] CG iter 1449: obj=1386546.254625, maxRC=3440.453254, +4 cols
    [CG]   [DIAG] iter=1449 posCols=4 newCols=4 effImprove=4 updated=0
    [CG] CG iter 1450: obj=1386546.254625, maxRC=925.733967, +3 cols
    [CG]   [DIAG] iter=1450 posCols=3 newCols=3 effImprove=3 updated=0
    [CG] CG iter 1451: obj=1386546.254625, maxRC=163.152639, +3 cols
    [CG]   [DIAG] iter=1451 posCols=3 newCols=3 effImprove=3 updated=0
    [CG] 列生成收敛，共 1452 轮迭代
    [CG] [CG-NODE] depth=3 exit=CERTIFIED certified=1 feasible=1 iters=5 generatedColsBeforeNode=5945 newCols=19 posCandidates=19 duplicateCandidates=0 updatedCols=0 zeroObjImproveIters=4 objFirst=1386546.254625 objLast=1386546.254625 objGain=0.000000 maxRC=7331.130437 wallSec=0.081375 pricingSec=0.076207 cplexSolveSec=0.003216
    [CG] 列生成开始，初始列数=730
    [CG] CG iter 1453: obj=1336896.465631, maxRC=55736.433680, +13 cols
    [CG]   [DIAG] iter=1453 posCols=13 newCols=13 effImprove=13 updated=0
    [CG] CG iter 1454: obj=1336896.465631, maxRC=78078.013691, +14 cols
    [CG]   [DIAG] iter=1454 posCols=14 newCols=14 effImprove=14 updated=0
    [CG] CG iter 1455: obj=1341278.693791, maxRC=66564.913912, +11 cols
    [CG]   [DIAG] iter=1455 posCols=11 newCols=11 effImprove=11 updated=0
    [CG] CG iter 1456: obj=1346627.508027, maxRC=30174.163307, +8 cols
    [CG]   [DIAG] iter=1456 posCols=8 newCols=8 effImprove=8 updated=0
    [CG] CG iter 1457: obj=1348865.303712, maxRC=18414.036862, +9 cols
    [CG]   [DIAG] iter=1457 posCols=9 newCols=9 effImprove=9 updated=0
    [CG] CG iter 1458: obj=1351405.797577, maxRC=11711.322216, +7 cols
    [CG]   [DIAG] iter=1458 posCols=7 newCols=7 effImprove=7 updated=0
    [CG] CG iter 1459: obj=1353225.945212, maxRC=12425.652182, +6 cols
    [CG]   [DIAG] iter=1459 posCols=6 newCols=6 effImprove=6 updated=0
    [CG] CG iter 1460: obj=1355296.887243, maxRC=2660.385093, +3 cols
    [CG]   [DIAG] iter=1460 posCols=3 newCols=3 effImprove=3 updated=0
    [CG] CG iter 1461: obj=1357833.498937, maxRC=991.240052, +5 cols
    [CG]   [DIAG] iter=1461 posCols=5 newCols=5 effImprove=5 updated=0
    [CG] CG iter 1462: obj=1357833.498937, maxRC=372.626620, +1 cols
    [CG]   [DIAG] iter=1462 posCols=1 newCols=1 effImprove=1 updated=0
    [CG] CG iter 1463: obj=1357833.498937, maxRC=153.568577, +1 cols
    [CG]   [DIAG] iter=1463 posCols=1 newCols=1 effImprove=1 updated=0
    [CG] CG iter 1464: obj=1357833.498937, maxRC=48.509123, +1 cols
    [CG]   [DIAG] iter=1464 posCols=1 newCols=1 effImprove=1 updated=0
    [CG] 列生成收敛，共 1465 轮迭代
    [CG] [CG-NODE] depth=3 exit=CERTIFIED certified=1 feasible=1 iters=13 generatedColsBeforeNode=5964 newCols=79 posCandidates=79 duplicateCandidates=0 updatedCols=0 zeroObjImproveIters=5 objFirst=1336896.465631 objLast=1357833.498937 objGain=20937.033306 maxRC=78078.013691 wallSec=0.248759 pricingSec=0.237968 cplexSolveSec=0.007304
    [CG] [BB-DIAG] 分支 x_{dc=0,retailer=10}, 节点数=53
    [CG] 列生成开始，初始列数=766
    [CG] CG iter 1466: obj=1360218.781728, maxRC=23677.938944, +11 cols
    [CG]   [DIAG] iter=1466 posCols=11 newCols=11 effImprove=11 updated=0
    [CG] CG iter 1467: obj=1364356.446927, maxRC=8324.705099, +8 cols
    [CG]   [DIAG] iter=1467 posCols=8 newCols=8 effImprove=8 updated=0
    [CG] CG iter 1468: obj=1364356.446927, maxRC=15536.691940, +7 cols
    [CG]   [DIAG] iter=1468 posCols=7 newCols=7 effImprove=7 updated=0
    [CG] CG iter 1469: obj=1364445.607244, maxRC=15613.797415, +5 cols
    [CG]   [DIAG] iter=1469 posCols=5 newCols=5 effImprove=5 updated=0
    [CG] CG iter 1470: obj=1364445.607244, maxRC=8278.536253, +5 cols
    [CG]   [DIAG] iter=1470 posCols=5 newCols=5 effImprove=5 updated=0
    [CG] CG iter 1471: obj=1364445.607244, maxRC=5257.896834, +5 cols
    [CG]   [DIAG] iter=1471 posCols=5 newCols=5 effImprove=5 updated=0
    [CG] CG iter 1472: obj=1364445.607244, maxRC=4032.742520, +5 cols
    [CG]   [DIAG] iter=1472 posCols=5 newCols=5 effImprove=5 updated=0
    [CG] CG iter 1473: obj=1364445.607244, maxRC=7203.097488, +5 cols
    [CG]   [DIAG] iter=1473 posCols=5 newCols=5 effImprove=5 updated=0
    [CG] CG iter 1474: obj=1364445.607244, maxRC=2146.359368, +4 cols
    [CG]   [DIAG] iter=1474 posCols=4 newCols=4 effImprove=4 updated=0
    [CG] CG iter 1475: obj=1364445.607244, maxRC=2114.797714, +3 cols
    [CG]   [DIAG] iter=1475 posCols=3 newCols=3 effImprove=3 updated=0
    [CG] CG iter 1476: obj=1364445.607244, maxRC=2050.992620, +3 cols
    [CG]   [DIAG] iter=1476 posCols=3 newCols=3 effImprove=3 updated=0
    [CG] CG iter 1477: obj=1364445.607244, maxRC=65.235255, +1 cols
    [CG]   [DIAG] iter=1477 posCols=1 newCols=1 effImprove=1 updated=0
    [CG] 列生成收敛，共 1478 轮迭代
    [CG] [CG-NODE] depth=4 exit=CERTIFIED certified=1 feasible=1 iters=13 generatedColsBeforeNode=6043 newCols=62 posCandidates=62 duplicateCandidates=0 updatedCols=0 zeroObjImproveIters=10 objFirst=1360218.781728 objLast=1364445.607244 objGain=4226.825516 maxRC=23677.938944 wallSec=0.224564 pricingSec=0.214036 cplexSolveSec=0.007189
    [CG] 列生成开始，初始列数=740
    [CG] CG iter 1479: obj=1371221.268298, maxRC=31215.104499, +6 cols
    [CG]   [DIAG] iter=1479 posCols=6 newCols=6 effImprove=6 updated=0
    [CG] CG iter 1480: obj=1385033.994334, maxRC=14136.765651, +7 cols
    [CG]   [DIAG] iter=1480 posCols=7 newCols=7 effImprove=7 updated=0
    [CG] CG iter 1481: obj=1385033.994334, maxRC=9818.403152, +6 cols
    [CG]   [DIAG] iter=1481 posCols=6 newCols=6 effImprove=6 updated=0
    [CG] CG iter 1482: obj=1385033.994334, maxRC=7493.038830, +6 cols
    [CG]   [DIAG] iter=1482 posCols=6 newCols=6 effImprove=6 updated=0
    [CG] CG iter 1483: obj=1385033.994334, maxRC=4162.519707, +4 cols
    [CG]   [DIAG] iter=1483 posCols=4 newCols=4 effImprove=4 updated=0
    [CG] CG iter 1484: obj=1385033.994334, maxRC=3249.768497, +2 cols
    [CG]   [DIAG] iter=1484 posCols=2 newCols=2 effImprove=2 updated=0
    [CG] CG iter 1485: obj=1385033.994334, maxRC=124.393440, +1 cols
    [CG]   [DIAG] iter=1485 posCols=1 newCols=1 effImprove=1 updated=0
    [CG] 列生成收敛，共 1486 轮迭代
    [CG] [CG-NODE] depth=4 exit=CERTIFIED certified=1 feasible=1 iters=8 generatedColsBeforeNode=6105 newCols=32 posCandidates=32 duplicateCandidates=0 updatedCols=0 zeroObjImproveIters=6 objFirst=1371221.268298 objLast=1385033.994334 objGain=13812.726036 maxRC=31215.104499 wallSec=0.143079 pricingSec=0.135055 cplexSolveSec=0.005263
    [CG] [BB-DIAG] 分支 x_{dc=0,retailer=11}, 节点数=54
    [CG] 列生成开始，初始列数=768
    [CG] CG iter 1487: obj=1347844.460468, maxRC=109392.004984, +15 cols
    [CG]   [DIAG] iter=1487 posCols=15 newCols=15 effImprove=15 updated=0
    [CG] CG iter 1488: obj=1377080.657951, maxRC=79021.430409, +15 cols
    [CG]   [DIAG] iter=1488 posCols=15 newCols=15 effImprove=15 updated=0
    [CG] CG iter 1489: obj=1377080.657951, maxRC=7473.143316, +7 cols
    [CG]   [DIAG] iter=1489 posCols=7 newCols=7 effImprove=7 updated=0
    [CG] CG iter 1490: obj=1377087.231125, maxRC=244.534583, +4 cols
    [CG]   [DIAG] iter=1490 posCols=4 newCols=4 effImprove=4 updated=0
    [CG] CG iter 1491: obj=1377209.498417, maxRC=111.440325, +1 cols
    [CG]   [DIAG] iter=1491 posCols=1 newCols=1 effImprove=1 updated=0
    [CG] 列生成收敛，共 1492 轮迭代
    [CG] [CG-NODE] depth=5 exit=CERTIFIED certified=1 feasible=1 iters=6 generatedColsBeforeNode=6137 newCols=42 posCandidates=42 duplicateCandidates=0 updatedCols=0 zeroObjImproveIters=2 objFirst=1347844.460468 objLast=1377209.498417 objGain=29365.037949 maxRC=109392.004984 wallSec=0.104928 pricingSec=0.097920 cplexSolveSec=0.004711
    [CG] 列生成开始，初始列数=770
    [CG] CG iter 1493: obj=1369401.629871, maxRC=33138.098841, +12 cols
    [CG]   [DIAG] iter=1493 posCols=12 newCols=12 effImprove=12 updated=0
    [CG] CG iter 1494: obj=1381252.496565, maxRC=44900.521675, +9 cols
    [CG]   [DIAG] iter=1494 posCols=9 newCols=9 effImprove=9 updated=0
    [CG] CG iter 1495: obj=1381252.496565, maxRC=12198.347917, +7 cols
    [CG]   [DIAG] iter=1495 posCols=7 newCols=7 effImprove=7 updated=0
    [CG] CG iter 1496: obj=1381252.496565, maxRC=6767.760541, +5 cols
    [CG]   [DIAG] iter=1496 posCols=5 newCols=5 effImprove=5 updated=0
    [CG] CG iter 1497: obj=1381252.496565, maxRC=3734.782502, +3 cols
    [CG]   [DIAG] iter=1497 posCols=3 newCols=3 effImprove=3 updated=0
    [CG] CG iter 1498: obj=1381252.496565, maxRC=4282.458010, +3 cols
    [CG]   [DIAG] iter=1498 posCols=3 newCols=3 effImprove=3 updated=0
    [CG] CG iter 1499: obj=1381252.496565, maxRC=1671.141351, +2 cols
    [CG]   [DIAG] iter=1499 posCols=2 newCols=2 effImprove=2 updated=0
    [CG] CG iter 1500: obj=1381252.496565, maxRC=257.861938, +1 cols
    [CG]   [DIAG] iter=1500 posCols=1 newCols=1 effImprove=1 updated=0
    [CG] CG iter 1501: obj=1381252.496565, maxRC=167.088742, +1 cols
    [CG]   [DIAG] iter=1501 posCols=1 newCols=1 effImprove=1 updated=0
    [CG] 列生成收敛，共 1502 轮迭代
    [CG] [CG-NODE] depth=5 exit=CERTIFIED certified=1 feasible=1 iters=10 generatedColsBeforeNode=6179 newCols=43 posCandidates=43 duplicateCandidates=0 updatedCols=0 zeroObjImproveIters=8 objFirst=1369401.629871 objLast=1381252.496565 objGain=11850.866694 maxRC=44900.521675 wallSec=0.171373 pricingSec=0.161377 cplexSolveSec=0.006488
    [CG] [BB-DIAG] 分支 x_{dc=0,retailer=12}, 节点数=55
    [CG] 列生成开始，初始列数=810
    [CG] CG iter 1503: obj=1377237.881317, maxRC=6245.546907, +8 cols
    [CG]   [DIAG] iter=1503 posCols=8 newCols=8 effImprove=8 updated=0
    [CG] CG iter 1504: obj=1377237.881317, maxRC=5044.564191, +6 cols
    [CG]   [DIAG] iter=1504 posCols=6 newCols=6 effImprove=6 updated=0
    [CG] CG iter 1505: obj=1377237.881317, maxRC=4400.715794, +6 cols
    [CG]   [DIAG] iter=1505 posCols=6 newCols=6 effImprove=6 updated=0
    [CG] CG iter 1506: obj=1377237.881317, maxRC=1754.664963, +2 cols
    [CG]   [DIAG] iter=1506 posCols=2 newCols=2 effImprove=2 updated=0
    [CG] 列生成收敛，共 1507 轮迭代
    [CG] [CG-NODE] depth=6 exit=CERTIFIED certified=1 feasible=1 iters=5 generatedColsBeforeNode=6222 newCols=22 posCandidates=22 duplicateCandidates=0 updatedCols=0 zeroObjImproveIters=4 objFirst=1377237.881317 objLast=1377237.881317 objGain=0.000000 maxRC=6245.546907 wallSec=0.092788 pricingSec=0.085986 cplexSolveSec=0.004314
    [CG] 列生成开始，初始列数=808
    [CG] CG iter 1508: obj=1335835.564466, maxRC=68931.395799, +10 cols
    [CG]   [DIAG] iter=1508 posCols=10 newCols=10 effImprove=10 updated=0
    [CG] CG iter 1509: obj=1351513.174803, maxRC=48314.291622, +9 cols
    [CG]   [DIAG] iter=1509 posCols=9 newCols=9 effImprove=9 updated=0
    [CG] CG iter 1510: obj=1360953.261020, maxRC=18880.061014, +8 cols
    [CG]   [DIAG] iter=1510 posCols=8 newCols=8 effImprove=8 updated=0
    [CG] CG iter 1511: obj=1360953.261020, maxRC=8319.864151, +3 cols
    [CG]   [DIAG] iter=1511 posCols=3 newCols=3 effImprove=3 updated=0
    [CG] CG iter 1512: obj=1360953.261020, maxRC=4309.980779, +2 cols
    [CG]   [DIAG] iter=1512 posCols=2 newCols=2 effImprove=2 updated=0
    [CG] CG iter 1513: obj=1360953.261020, maxRC=5131.201564, +2 cols
    [CG]   [DIAG] iter=1513 posCols=2 newCols=2 effImprove=2 updated=0
    [CG] CG iter 1514: obj=1360953.261020, maxRC=2727.209733, +3 cols
    [CG]   [DIAG] iter=1514 posCols=3 newCols=3 effImprove=3 updated=0
    [CG] CG iter 1515: obj=1360953.261020, maxRC=1511.446317, +2 cols
    [CG]   [DIAG] iter=1515 posCols=2 newCols=2 effImprove=2 updated=0
    [CG] CG iter 1516: obj=1360953.261020, maxRC=534.489541, +1 cols
    [CG]   [DIAG] iter=1516 posCols=1 newCols=1 effImprove=1 updated=0
    [CG] CG iter 1517: obj=1360953.261020, maxRC=436.937361, +1 cols
    [CG]   [DIAG] iter=1517 posCols=1 newCols=1 effImprove=1 updated=0
    [CG] CG iter 1518: obj=1360953.261020, maxRC=148.114743, +1 cols
    [CG]   [DIAG] iter=1518 posCols=1 newCols=1 effImprove=1 updated=0
    [CG] 列生成收敛，共 1519 轮迭代
    [CG] [CG-NODE] depth=6 exit=CERTIFIED certified=1 feasible=1 iters=12 generatedColsBeforeNode=6244 newCols=42 posCandidates=42 duplicateCandidates=0 updatedCols=0 zeroObjImproveIters=9 objFirst=1335835.564466 objLast=1360953.261020 objGain=25117.696554 maxRC=68931.395799 wallSec=0.193351 pricingSec=0.183650 cplexSolveSec=0.006782
    [CG] [BB-DIAG] 分支 x_{dc=0,retailer=20}, 节点数=56
    [CG] 列生成开始，初始列数=830
    [CG] CG iter 1520: obj=1350572.564716, maxRC=39816.821512, +7 cols
    [CG]   [DIAG] iter=1520 posCols=7 newCols=7 effImprove=7 updated=0
    [CG] CG iter 1521: obj=1368067.203059, maxRC=4111.061073, +5 cols
    [CG]   [DIAG] iter=1521 posCols=5 newCols=5 effImprove=5 updated=0
    [CG] CG iter 1522: obj=1368067.203059, maxRC=9148.739764, +5 cols
    [CG]   [DIAG] iter=1522 posCols=5 newCols=5 effImprove=5 updated=0
    [CG] CG iter 1523: obj=1368067.203059, maxRC=4162.469481, +3 cols
    [CG]   [DIAG] iter=1523 posCols=3 newCols=2 effImprove=3 updated=1
    [CG] CG iter 1524: obj=1368067.203059, maxRC=212.511892, +1 cols
    [CG]   [DIAG] iter=1524 posCols=1 newCols=1 effImprove=1 updated=0
    [CG] CG iter 1525: obj=1368067.203059, maxRC=135.741901, +1 cols
    [CG]   [DIAG] iter=1525 posCols=1 newCols=1 effImprove=1 updated=0
    [CG] 列生成收敛，共 1526 轮迭代
    [CG] [CG-NODE] depth=7 exit=CERTIFIED certified=1 feasible=1 iters=7 generatedColsBeforeNode=6286 newCols=21 posCandidates=22 duplicateCandidates=1 updatedCols=1 zeroObjImproveIters=5 objFirst=1350572.564716 objLast=1368067.203059 objGain=17494.638343 maxRC=39816.821512 wallSec=0.125346 pricingSec=0.117803 cplexSolveSec=0.004926
    [CG] 列生成开始，初始列数=828
    [CG] CG iter 1527: obj=1356121.979153, maxRC=100558.250667, +12 cols
    [CG]   [DIAG] iter=1527 posCols=12 newCols=12 effImprove=12 updated=0
    [CG] CG iter 1528: obj=1360499.420048, maxRC=27405.475817, +7 cols
    [CG]   [DIAG] iter=1528 posCols=7 newCols=7 effImprove=7 updated=0
    [CG] CG iter 1529: obj=1360499.420048, maxRC=25468.482853, +5 cols
    [CG]   [DIAG] iter=1529 posCols=5 newCols=5 effImprove=5 updated=0
    [CG] CG iter 1530: obj=1360517.856568, maxRC=24087.477409, +5 cols
    [CG]   [DIAG] iter=1530 posCols=5 newCols=5 effImprove=5 updated=0
    [CG] CG iter 1531: obj=1363186.066706, maxRC=9048.881222, +5 cols
    [CG]   [DIAG] iter=1531 posCols=5 newCols=5 effImprove=5 updated=0
    [CG] CG iter 1532: obj=1363187.368262, maxRC=10847.398947, +3 cols
    [CG]   [DIAG] iter=1532 posCols=3 newCols=3 effImprove=3 updated=0
    [CG] CG iter 1533: obj=1368611.067736, maxRC=10519.454850, +7 cols
    [CG]   [DIAG] iter=1533 posCols=7 newCols=7 effImprove=7 updated=0
    [CG] CG iter 1534: obj=1368611.067736, maxRC=1713.609153, +3 cols
    [CG]   [DIAG] iter=1534 posCols=3 newCols=3 effImprove=3 updated=0
    [CG] 列生成收敛，共 1535 轮迭代
    [CG] [CG-NODE] depth=7 exit=CERTIFIED certified=1 feasible=1 iters=9 generatedColsBeforeNode=6307 newCols=47 posCandidates=47 duplicateCandidates=0 updatedCols=0 zeroObjImproveIters=3 objFirst=1356121.979153 objLast=1368611.067736 objGain=12489.088583 maxRC=100558.250667 wallSec=0.149340 pricingSec=0.138971 cplexSolveSec=0.006953
    [CG] [BB-DIAG] 分支 x_{dc=0,retailer=25}, 节点数=57
    [CG] 列生成开始，初始列数=873
    [CG] CG iter 1536: obj=1363833.949352, maxRC=3271.243385, +4 cols
    [CG]   [DIAG] iter=1536 posCols=4 newCols=4 effImprove=4 updated=0
    [CG] CG iter 1537: obj=1363833.949352, maxRC=2998.149784, +3 cols
    [CG]   [DIAG] iter=1537 posCols=3 newCols=3 effImprove=3 updated=0
    [CG] CG iter 1538: obj=1363833.949352, maxRC=1610.566085, +1 cols
    [CG]   [DIAG] iter=1538 posCols=1 newCols=1 effImprove=1 updated=0
    [CG] CG iter 1539: obj=1363833.949352, maxRC=946.174513, +2 cols
    [CG]   [DIAG] iter=1539 posCols=2 newCols=2 effImprove=2 updated=0
    [CG] 列生成收敛，共 1540 轮迭代
    [CG] [CG-NODE] depth=8 exit=CERTIFIED certified=1 feasible=1 iters=5 generatedColsBeforeNode=6354 newCols=10 posCandidates=10 duplicateCandidates=0 updatedCols=0 zeroObjImproveIters=4 objFirst=1363833.949352 objLast=1363833.949352 objGain=-0.000000 maxRC=3271.243385 wallSec=0.093557 pricingSec=0.086572 cplexSolveSec=0.004511
    [CG] 列生成开始，初始列数=872
    [CG] CG iter 1541: obj=1327806.333971, maxRC=468815.788127, +14 cols
    [CG]   [DIAG] iter=1541 posCols=14 newCols=14 effImprove=14 updated=0
    [CG] CG iter 1542: obj=1331094.653527, maxRC=232421.503351, +13 cols
    [CG]   [DIAG] iter=1542 posCols=13 newCols=13 effImprove=13 updated=0
    [CG] CG iter 1543: obj=1331094.653527, maxRC=119637.372912, +9 cols
    [CG]   [DIAG] iter=1543 posCols=9 newCols=9 effImprove=9 updated=0
    [CG] CG iter 1544: obj=1347237.488966, maxRC=44943.710724, +7 cols
    [CG]   [DIAG] iter=1544 posCols=7 newCols=7 effImprove=7 updated=0
    [CG] CG iter 1545: obj=1353098.884573, maxRC=21255.833521, +4 cols
    [CG]   [DIAG] iter=1545 posCols=4 newCols=4 effImprove=4 updated=0
    [CG] CG iter 1546: obj=1362884.138449, maxRC=19903.555211, +5 cols
    [CG]   [DIAG] iter=1546 posCols=5 newCols=5 effImprove=5 updated=0
    [CG] CG iter 1547: obj=1362884.138449, maxRC=5728.516503, +3 cols
    [CG]   [DIAG] iter=1547 posCols=3 newCols=3 effImprove=3 updated=0
    [CG] CG iter 1548: obj=1362884.138449, maxRC=3420.576595, +2 cols
    [CG]   [DIAG] iter=1548 posCols=2 newCols=2 effImprove=2 updated=0
    [CG] CG iter 1549: obj=1362884.138449, maxRC=276.495782, +1 cols
    [CG]   [DIAG] iter=1549 posCols=1 newCols=1 effImprove=1 updated=0
    [CG] CG iter 1550: obj=1362884.138449, maxRC=164.218754, +1 cols
    [CG]   [DIAG] iter=1550 posCols=1 newCols=1 effImprove=1 updated=0
    [CG] 列生成收敛，共 1551 轮迭代
    [CG] [CG-NODE] depth=8 exit=CERTIFIED certified=1 feasible=1 iters=11 generatedColsBeforeNode=6364 newCols=59 posCandidates=59 duplicateCandidates=0 updatedCols=0 zeroObjImproveIters=6 objFirst=1327806.333971 objLast=1362884.138449 objGain=35077.804479 maxRC=468815.788127 wallSec=0.189309 pricingSec=0.178472 cplexSolveSec=0.007660
    [CG] [BB-DIAG] 分支 x_{dc=2,retailer=0}, 节点数=58
    [CG] 列生成开始，初始列数=890
    [CG] CG iter 1552: obj=1340629.968885, maxRC=23033.997452, +6 cols
    [CG]   [DIAG] iter=1552 posCols=6 newCols=6 effImprove=6 updated=0
    [CG] CG iter 1553: obj=1342741.080608, maxRC=22161.805938, +7 cols
    [CG]   [DIAG] iter=1553 posCols=7 newCols=7 effImprove=7 updated=0
    [CG] CG iter 1554: obj=1342749.070016, maxRC=26568.228113, +8 cols
    [CG]   [DIAG] iter=1554 posCols=8 newCols=8 effImprove=8 updated=0
    [CG] CG iter 1555: obj=1346860.458074, maxRC=29661.935226, +8 cols
    [CG]   [DIAG] iter=1555 posCols=8 newCols=8 effImprove=8 updated=0
    [CG] CG iter 1556: obj=1348986.454526, maxRC=7568.753331, +7 cols
    [CG]   [DIAG] iter=1556 posCols=7 newCols=7 effImprove=7 updated=0
    [CG] CG iter 1557: obj=1351693.303581, maxRC=7231.176799, +6 cols
    [CG]   [DIAG] iter=1557 posCols=6 newCols=6 effImprove=6 updated=0
    [CG] CG iter 1558: obj=1351693.303581, maxRC=9632.200191, +6 cols
    [CG]   [DIAG] iter=1558 posCols=6 newCols=6 effImprove=6 updated=0
    [CG] CG iter 1559: obj=1351693.303581, maxRC=4594.271648, +6 cols
    [CG]   [DIAG] iter=1559 posCols=6 newCols=6 effImprove=6 updated=0
    [CG] CG iter 1560: obj=1351693.303581, maxRC=2322.980486, +2 cols
    [CG]   [DIAG] iter=1560 posCols=2 newCols=2 effImprove=2 updated=0
    [CG] CG iter 1561: obj=1351693.303581, maxRC=3554.996452, +1 cols
    [CG]   [DIAG] iter=1561 posCols=1 newCols=1 effImprove=1 updated=0
    [CG] CG iter 1562: obj=1351693.303581, maxRC=2281.923050, +1 cols
    [CG]   [DIAG] iter=1562 posCols=1 newCols=1 effImprove=1 updated=0
    [CG] CG iter 1563: obj=1351693.303581, maxRC=1682.997609, +1 cols
    [CG]   [DIAG] iter=1563 posCols=1 newCols=1 effImprove=1 updated=0
    [CG] CG iter 1564: obj=1351693.303581, maxRC=1459.261547, +1 cols
    [CG]   [DIAG] iter=1564 posCols=1 newCols=1 effImprove=1 updated=0
    [CG] CG iter 1565: obj=1351693.303581, maxRC=753.035267, +1 cols
    [CG]   [DIAG] iter=1565 posCols=1 newCols=1 effImprove=1 updated=0
    [CG] 列生成收敛，共 1566 轮迭代
    [CG] [CG-NODE] depth=9 exit=CERTIFIED certified=1 feasible=1 iters=15 generatedColsBeforeNode=6423 newCols=61 posCandidates=61 duplicateCandidates=0 updatedCols=0 zeroObjImproveIters=9 objFirst=1340629.968885 objLast=1351693.303581 objGain=11063.334696 maxRC=29661.935226 wallSec=0.261044 pricingSec=0.247077 cplexSolveSec=0.009817
    [CG] 列生成开始，初始列数=717
    [CG] CG iter 1567: obj=1327806.333971, maxRC=153917.703505, +9 cols
    [CG]   [DIAG] iter=1567 posCols=9 newCols=9 effImprove=9 updated=0
    [CG] CG iter 1568: obj=1327806.333971, maxRC=184995.578260, +9 cols
    [CG]   [DIAG] iter=1568 posCols=9 newCols=9 effImprove=9 updated=0
    [CG] CG iter 1569: obj=1327806.333971, maxRC=207123.286111, +12 cols
    [CG]   [DIAG] iter=1569 posCols=12 newCols=12 effImprove=12 updated=0
    [CG] CG iter 1570: obj=1327806.333971, maxRC=210418.964249, +12 cols
    [CG]   [DIAG] iter=1570 posCols=12 newCols=12 effImprove=12 updated=0
    [CG] CG iter 1571: obj=1327806.333971, maxRC=93967.727406, +9 cols
    [CG]   [DIAG] iter=1571 posCols=9 newCols=9 effImprove=9 updated=0
    [CG] CG iter 1572: obj=1339737.442820, maxRC=54471.617212, +8 cols
    [CG]   [DIAG] iter=1572 posCols=8 newCols=8 effImprove=8 updated=0
    [CG] CG iter 1573: obj=1340522.447781, maxRC=36226.243794, +5 cols
    [CG]   [DIAG] iter=1573 posCols=5 newCols=5 effImprove=5 updated=0
    [CG] CG iter 1574: obj=1351087.776961, maxRC=22581.485431, +6 cols
    [CG]   [DIAG] iter=1574 posCols=6 newCols=6 effImprove=6 updated=0
    [CG] CG iter 1575: obj=1351087.776961, maxRC=17255.451847, +4 cols
    [CG]   [DIAG] iter=1575 posCols=4 newCols=4 effImprove=4 updated=0
    [CG] CG iter 1576: obj=1353090.365256, maxRC=5987.741707, +3 cols
    [CG]   [DIAG] iter=1576 posCols=3 newCols=3 effImprove=3 updated=0
    [CG] CG iter 1577: obj=1355819.519214, maxRC=2046.494671, +2 cols
    [CG]   [DIAG] iter=1577 posCols=2 newCols=2 effImprove=2 updated=0
    [CG] CG iter 1578: obj=1355819.519214, maxRC=719.121682, +1 cols
    [CG]   [DIAG] iter=1578 posCols=1 newCols=1 effImprove=1 updated=0
    [CG] 列生成收敛，共 1579 轮迭代
    [CG] [CG-NODE] depth=9 exit=CERTIFIED certified=1 feasible=1 iters=13 generatedColsBeforeNode=6484 newCols=80 posCandidates=80 duplicateCandidates=0 updatedCols=0 zeroObjImproveIters=7 objFirst=1327806.333971 objLast=1355819.519214 objGain=28013.185243 maxRC=210418.964249 wallSec=0.196347 pricingSec=0.185139 cplexSolveSec=0.007866
    [CG] [BB-DIAG] 分支 x_{dc=2,retailer=0}, 节点数=59
    [CG] 列生成开始，初始列数=848
    [CG] CG iter 1580: obj=1349163.566233, maxRC=34777.259692, +7 cols
    [CG]   [DIAG] iter=1580 posCols=7 newCols=7 effImprove=7 updated=0
    [CG] CG iter 1581: obj=1349163.566233, maxRC=26906.279895, +6 cols
    [CG]   [DIAG] iter=1581 posCols=6 newCols=6 effImprove=6 updated=0
    [CG] CG iter 1582: obj=1349163.566233, maxRC=25433.432473, +8 cols
    [CG]   [DIAG] iter=1582 posCols=8 newCols=8 effImprove=8 updated=0
    [CG] CG iter 1583: obj=1352277.305776, maxRC=22189.201625, +8 cols
    [CG]   [DIAG] iter=1583 posCols=8 newCols=8 effImprove=8 updated=0
    [CG] CG iter 1584: obj=1352277.305776, maxRC=6564.092119, +7 cols
    [CG]   [DIAG] iter=1584 posCols=7 newCols=7 effImprove=7 updated=0
    [CG] CG iter 1585: obj=1352277.305776, maxRC=5929.171642, +6 cols
    [CG]   [DIAG] iter=1585 posCols=6 newCols=6 effImprove=6 updated=0
    [CG] CG iter 1586: obj=1352643.114483, maxRC=1697.450610, +4 cols
    [CG]   [DIAG] iter=1586 posCols=4 newCols=4 effImprove=4 updated=0
    [CG] CG iter 1587: obj=1352643.114483, maxRC=81.380749, +1 cols
    [CG]   [DIAG] iter=1587 posCols=1 newCols=1 effImprove=1 updated=0
    [CG] CG iter 1588: obj=1352643.114483, maxRC=47.467096, +1 cols
    [CG]   [DIAG] iter=1588 posCols=1 newCols=1 effImprove=1 updated=0
    [CG] 列生成收敛，共 1589 轮迭代
    [CG] [CG-NODE] depth=9 exit=CERTIFIED certified=1 feasible=1 iters=10 generatedColsBeforeNode=6564 newCols=48 posCandidates=48 duplicateCandidates=0 updatedCols=0 zeroObjImproveIters=7 objFirst=1349163.566233 objLast=1352643.114483 objGain=3479.548250 maxRC=34777.259692 wallSec=0.170011 pricingSec=0.160309 cplexSolveSec=0.006738
    [CG] 列生成开始，初始列数=673
    [CG] CG iter 1590: obj=1326855.929181, maxRC=109166.531621, +10 cols
    [CG]   [DIAG] iter=1590 posCols=10 newCols=10 effImprove=10 updated=0
    [CG] CG iter 1591: obj=1329507.508053, maxRC=124142.425027, +11 cols
    [CG]   [DIAG] iter=1591 posCols=11 newCols=11 effImprove=11 updated=0
    [CG] CG iter 1592: obj=1329507.508053, maxRC=147536.902461, +10 cols
    [CG]   [DIAG] iter=1592 posCols=10 newCols=10 effImprove=10 updated=0
    [CG] CG iter 1593: obj=1329507.508053, maxRC=64535.240231, +8 cols
    [CG]   [DIAG] iter=1593 posCols=8 newCols=8 effImprove=8 updated=0
    [CG] CG iter 1594: obj=1337235.763544, maxRC=40295.005998, +8 cols
    [CG]   [DIAG] iter=1594 posCols=8 newCols=8 effImprove=8 updated=0
    [CG] CG iter 1595: obj=1343896.425573, maxRC=34460.437994, +6 cols
    [CG]   [DIAG] iter=1595 posCols=6 newCols=6 effImprove=6 updated=0
    [CG] CG iter 1596: obj=1344663.492843, maxRC=23257.595667, +5 cols
    [CG]   [DIAG] iter=1596 posCols=5 newCols=5 effImprove=5 updated=0
    [CG] CG iter 1597: obj=1356292.290676, maxRC=18002.985243, +6 cols
    [CG]   [DIAG] iter=1597 posCols=6 newCols=6 effImprove=6 updated=0
    [CG] CG iter 1598: obj=1356292.290676, maxRC=3456.999770, +6 cols
    [CG]   [DIAG] iter=1598 posCols=6 newCols=6 effImprove=6 updated=0
    [CG] CG iter 1599: obj=1356292.290676, maxRC=1131.389192, +2 cols
    [CG]   [DIAG] iter=1599 posCols=2 newCols=2 effImprove=2 updated=0
    [CG] CG iter 1600: obj=1356292.290676, maxRC=535.430434, +2 cols
    [CG]   [DIAG] iter=1600 posCols=2 newCols=2 effImprove=2 updated=0
    [CG] CG iter 1601: obj=1356292.290676, maxRC=69.821526, +1 cols
    [CG]   [DIAG] iter=1601 posCols=1 newCols=1 effImprove=1 updated=0
    [CG] 列生成收敛，共 1602 轮迭代
    [CG] [CG-NODE] depth=9 exit=CERTIFIED certified=1 feasible=1 iters=13 generatedColsBeforeNode=6612 newCols=75 posCandidates=75 duplicateCandidates=0 updatedCols=0 zeroObjImproveIters=7 objFirst=1326855.929181 objLast=1356292.290676 objGain=29436.361495 maxRC=147536.902461 wallSec=0.199584 pricingSec=0.187640 cplexSolveSec=0.008458
    [CG] [BB-DIAG] 分支 x_{dc=0,retailer=22}, 节点数=60
    [CG] 列生成开始，初始列数=849
    [CG] CG iter 1603: obj=1355217.073124, maxRC=6822.046502, +7 cols
    [CG]   [DIAG] iter=1603 posCols=7 newCols=7 effImprove=7 updated=0
    [CG] CG iter 1604: obj=1358527.971265, maxRC=1433.963953, +4 cols
    [CG]   [DIAG] iter=1604 posCols=4 newCols=4 effImprove=4 updated=0
    [CG] CG iter 1605: obj=1358527.971265, maxRC=3.311139, +1 cols
    [CG]   [DIAG] iter=1605 posCols=1 newCols=1 effImprove=1 updated=0
    [CG] 列生成收敛，共 1606 轮迭代
    [CG] [CG-NODE] depth=8 exit=CERTIFIED certified=1 feasible=1 iters=4 generatedColsBeforeNode=6687 newCols=12 posCandidates=12 duplicateCandidates=0 updatedCols=0 zeroObjImproveIters=2 objFirst=1355217.073124 objLast=1358527.971265 objGain=3310.898141 maxRC=6822.046502 wallSec=0.068314 pricingSec=0.063181 cplexSolveSec=0.002936
    [CG] 列生成开始，初始列数=850
    [CG] CG iter 1607: obj=1286786.205124, maxRC=193626.218648, +15 cols
    [CG]   [DIAG] iter=1607 posCols=15 newCols=15 effImprove=15 updated=0
    [CG] CG iter 1608: obj=1325149.002207, maxRC=57593.703349, +14 cols
    [CG]   [DIAG] iter=1608 posCols=14 newCols=14 effImprove=14 updated=0
    [CG] CG iter 1609: obj=1325149.002207, maxRC=45888.339598, +12 cols
    [CG]   [DIAG] iter=1609 posCols=12 newCols=12 effImprove=12 updated=0
    [CG] CG iter 1610: obj=1325149.002207, maxRC=28491.292976, +8 cols
    [CG]   [DIAG] iter=1610 posCols=8 newCols=8 effImprove=8 updated=0
    [CG] CG iter 1611: obj=1325149.002207, maxRC=17079.488715, +7 cols
    [CG]   [DIAG] iter=1611 posCols=7 newCols=7 effImprove=7 updated=0
    [CG] CG iter 1612: obj=1327354.240702, maxRC=22117.632356, +6 cols
    [CG]   [DIAG] iter=1612 posCols=6 newCols=6 effImprove=6 updated=0
    [CG] CG iter 1613: obj=1327354.240702, maxRC=17906.902821, +7 cols
    [CG]   [DIAG] iter=1613 posCols=7 newCols=7 effImprove=7 updated=0
    [CG] CG iter 1614: obj=1330709.472956, maxRC=6703.942194, +4 cols
    [CG]   [DIAG] iter=1614 posCols=4 newCols=4 effImprove=4 updated=0
    [CG] CG iter 1615: obj=1336479.082580, maxRC=4430.514713, +4 cols
    [CG]   [DIAG] iter=1615 posCols=4 newCols=4 effImprove=4 updated=0
    [CG] CG iter 1616: obj=1336479.082580, maxRC=646.582429, +3 cols
    [CG]   [DIAG] iter=1616 posCols=3 newCols=3 effImprove=3 updated=0
    [CG] CG iter 1617: obj=1336479.082580, maxRC=553.240068, +2 cols
    [CG]   [DIAG] iter=1617 posCols=2 newCols=2 effImprove=2 updated=0
    [CG] CG iter 1618: obj=1336479.082580, maxRC=175.492702, +1 cols
    [CG]   [DIAG] iter=1618 posCols=1 newCols=1 effImprove=1 updated=0
    [CG] CG iter 1619: obj=1336479.082580, maxRC=95.947793, +1 cols
    [CG]   [DIAG] iter=1619 posCols=1 newCols=1 effImprove=1 updated=0
    [CG] 列生成收敛，共 1620 轮迭代
    [CG] [CG-NODE] depth=8 exit=CERTIFIED certified=1 feasible=1 iters=14 generatedColsBeforeNode=6699 newCols=84 posCandidates=84 duplicateCandidates=0 updatedCols=0 zeroObjImproveIters=9 objFirst=1286786.205124 objLast=1336479.082580 objGain=49692.877457 maxRC=193626.218648 wallSec=0.248471 pricingSec=0.236564 cplexSolveSec=0.008291
    [CG] [BB-DIAG] 分支 x_{dc=0,retailer=12}, 节点数=61
    [CG] 列生成开始，初始列数=808
    [CG] CG iter 1621: obj=1371502.341595, maxRC=50560.639610, +9 cols
    [CG]   [DIAG] iter=1621 posCols=9 newCols=9 effImprove=9 updated=0
    [CG] CG iter 1622: obj=1371502.341595, maxRC=46954.583961, +11 cols
    [CG]   [DIAG] iter=1622 posCols=11 newCols=11 effImprove=11 updated=0
    [CG] CG iter 1623: obj=1371502.341595, maxRC=20705.317836, +6 cols
    [CG]   [DIAG] iter=1623 posCols=6 newCols=6 effImprove=6 updated=0
    [CG] CG iter 1624: obj=1371502.341595, maxRC=486.195121, +3 cols
    [CG]   [DIAG] iter=1624 posCols=3 newCols=3 effImprove=3 updated=0
    [CG] CG iter 1625: obj=1371502.341595, maxRC=547.841008, +1 cols
    [CG]   [DIAG] iter=1625 posCols=1 newCols=1 effImprove=1 updated=0
    [CG] 列生成收敛，共 1626 轮迭代
    [CG] [CG-NODE] depth=6 exit=CERTIFIED certified=1 feasible=1 iters=6 generatedColsBeforeNode=6783 newCols=30 posCandidates=30 duplicateCandidates=0 updatedCols=0 zeroObjImproveIters=5 objFirst=1371502.341595 objLast=1371502.341595 objGain=0.000000 maxRC=50560.639610 wallSec=0.109397 pricingSec=0.103196 cplexSolveSec=0.003792
    [CG] 列生成开始，初始列数=804
    [CG] CG iter 1627: obj=1320489.743560, maxRC=59146.935447, +10 cols
    [CG]   [DIAG] iter=1627 posCols=10 newCols=10 effImprove=10 updated=0
    [CG] CG iter 1628: obj=1342911.197395, maxRC=138756.917539, +14 cols
    [CG]   [DIAG] iter=1628 posCols=14 newCols=14 effImprove=14 updated=0
    [CG] CG iter 1629: obj=1346575.292317, maxRC=67730.767342, +9 cols
    [CG]   [DIAG] iter=1629 posCols=9 newCols=9 effImprove=9 updated=0
    [CG] CG iter 1630: obj=1346752.894569, maxRC=26153.472801, +5 cols
    [CG]   [DIAG] iter=1630 posCols=5 newCols=5 effImprove=5 updated=0
    [CG] CG iter 1631: obj=1350808.279400, maxRC=20272.534477, +5 cols
    [CG]   [DIAG] iter=1631 posCols=5 newCols=5 effImprove=5 updated=0
    [CG] CG iter 1632: obj=1350808.279400, maxRC=14435.095089, +4 cols
    [CG]   [DIAG] iter=1632 posCols=4 newCols=4 effImprove=4 updated=0
    [CG] CG iter 1633: obj=1356761.170518, maxRC=808.045303, +4 cols
    [CG]   [DIAG] iter=1633 posCols=4 newCols=4 effImprove=4 updated=0
    [CG] CG iter 1634: obj=1356761.170518, maxRC=430.314366, +2 cols
    [CG]   [DIAG] iter=1634 posCols=2 newCols=2 effImprove=2 updated=0
    [CG] CG iter 1635: obj=1356761.170518, maxRC=262.720723, +1 cols
    [CG]   [DIAG] iter=1635 posCols=1 newCols=1 effImprove=1 updated=0
    [CG] CG iter 1636: obj=1356761.170518, maxRC=137.921390, +1 cols
    [CG]   [DIAG] iter=1636 posCols=1 newCols=1 effImprove=1 updated=0
    [CG] 列生成收敛，共 1637 轮迭代
    [CG] [CG-NODE] depth=6 exit=CERTIFIED certified=1 feasible=1 iters=11 generatedColsBeforeNode=6813 newCols=55 posCandidates=55 duplicateCandidates=0 updatedCols=0 zeroObjImproveIters=5 objFirst=1320489.743560 objLast=1356761.170518 objGain=36271.426958 maxRC=138756.917539 wallSec=0.196812 pricingSec=0.185764 cplexSolveSec=0.007384
    [CG] [BB-NODESEL] strategy=hybrid choice=dfs eligibleCount=1 active=2 gap=0.006900
    [CG] [BB-DIAG] 分支 x_{dc=0,retailer=20}, 节点数=62
    [CG] 列生成开始，初始列数=836
    [CG] CG iter 1638: obj=1362595.945271, maxRC=30896.059313, +12 cols
    [CG]   [DIAG] iter=1638 posCols=12 newCols=12 effImprove=12 updated=0
    [CG] CG iter 1639: obj=1362595.945271, maxRC=8440.936397, +6 cols
    [CG]   [DIAG] iter=1639 posCols=6 newCols=6 effImprove=6 updated=0
    [CG] CG iter 1640: obj=1362595.945271, maxRC=4884.245052, +5 cols
    [CG]   [DIAG] iter=1640 posCols=5 newCols=5 effImprove=5 updated=0
    [CG] CG iter 1641: obj=1362595.945271, maxRC=3991.148024, +4 cols
    [CG]   [DIAG] iter=1641 posCols=4 newCols=4 effImprove=4 updated=0
    [CG] CG iter 1642: obj=1362595.945271, maxRC=2597.339711, +3 cols
    [CG]   [DIAG] iter=1642 posCols=3 newCols=3 effImprove=3 updated=0
    [CG] CG iter 1643: obj=1362595.945271, maxRC=1561.658524, +2 cols
    [CG]   [DIAG] iter=1643 posCols=2 newCols=2 effImprove=2 updated=0
    [CG] CG iter 1644: obj=1362595.945271, maxRC=516.583539, +1 cols
    [CG]   [DIAG] iter=1644 posCols=1 newCols=1 effImprove=1 updated=0
    [CG] CG iter 1645: obj=1362595.945271, maxRC=499.694151, +1 cols
    [CG]   [DIAG] iter=1645 posCols=1 newCols=1 effImprove=1 updated=0
    [CG] CG iter 1646: obj=1362595.945271, maxRC=157.939599, +1 cols
    [CG]   [DIAG] iter=1646 posCols=1 newCols=1 effImprove=1 updated=0
    [CG] 列生成收敛，共 1647 轮迭代
    [CG] [CG-NODE] depth=7 exit=CERTIFIED certified=1 feasible=1 iters=10 generatedColsBeforeNode=6868 newCols=35 posCandidates=35 duplicateCandidates=0 updatedCols=0 zeroObjImproveIters=9 objFirst=1362595.945271 objLast=1362595.945271 objGain=-0.000000 maxRC=30896.059313 wallSec=0.180524 pricingSec=0.172432 cplexSolveSec=0.005347
    [CG] 列生成开始，初始列数=832
    [CG] CG iter 1648: obj=1335000.860778, maxRC=46829.887518, +10 cols
    [CG]   [DIAG] iter=1648 posCols=10 newCols=10 effImprove=10 updated=0
    [CG] CG iter 1649: obj=1352062.990173, maxRC=16035.042692, +5 cols
    [CG]   [DIAG] iter=1649 posCols=5 newCols=5 effImprove=5 updated=0
    [CG] CG iter 1650: obj=1360080.511519, maxRC=10060.918126, +7 cols
    [CG]   [DIAG] iter=1650 posCols=7 newCols=7 effImprove=7 updated=0
    [CG] CG iter 1651: obj=1360080.511519, maxRC=10622.920648, +4 cols
    [CG]   [DIAG] iter=1651 posCols=4 newCols=4 effImprove=4 updated=0
    [CG] CG iter 1652: obj=1360080.511519, maxRC=6795.562122, +2 cols
    [CG]   [DIAG] iter=1652 posCols=2 newCols=2 effImprove=2 updated=0
    [CG] CG iter 1653: obj=1360080.511519, maxRC=2789.898784, +2 cols
    [CG]   [DIAG] iter=1653 posCols=2 newCols=2 effImprove=2 updated=0
    [CG] CG iter 1654: obj=1360080.511519, maxRC=3955.492792, +2 cols
    [CG]   [DIAG] iter=1654 posCols=2 newCols=2 effImprove=2 updated=0
    [CG] CG iter 1655: obj=1360080.511519, maxRC=3651.394729, +1 cols
    [CG]   [DIAG] iter=1655 posCols=1 newCols=1 effImprove=1 updated=0
    [CG] CG iter 1656: obj=1360080.511519, maxRC=2964.513571, +1 cols
    [CG]   [DIAG] iter=1656 posCols=1 newCols=1 effImprove=1 updated=0
    [CG] CG iter 1657: obj=1360080.511519, maxRC=560.990378, +1 cols
    [CG]   [DIAG] iter=1657 posCols=1 newCols=1 effImprove=1 updated=0
    [CG] 列生成收敛，共 1658 轮迭代
    [CG] [CG-NODE] depth=7 exit=CERTIFIED certified=1 feasible=1 iters=11 generatedColsBeforeNode=6903 newCols=35 posCandidates=35 duplicateCandidates=0 updatedCols=0 zeroObjImproveIters=8 objFirst=1335000.860778 objLast=1360080.511519 objGain=25079.650741 maxRC=46829.887518 wallSec=0.178318 pricingSec=0.169610 cplexSolveSec=0.006039
    [CG] [BB-DIAG] 分支 x_{dc=0,retailer=22}, 节点数=63
    [CG] 列生成开始，初始列数=868
    [CG] CG iter 1659: obj=1339992.772277, maxRC=13064.221171, +5 cols
    [CG]   [DIAG] iter=1659 posCols=5 newCols=5 effImprove=5 updated=0
    [CG] CG iter 1660: obj=1345648.678357, maxRC=1823.689768, +5 cols
    [CG]   [DIAG] iter=1660 posCols=5 newCols=5 effImprove=5 updated=0
    [CG] CG iter 1661: obj=1345648.678357, maxRC=612.838294, +1 cols
    [CG]   [DIAG] iter=1661 posCols=1 newCols=1 effImprove=1 updated=0
    [CG] CG iter 1662: obj=1345648.678357, maxRC=1159.834785, +1 cols
    [CG]   [DIAG] iter=1662 posCols=1 newCols=1 effImprove=1 updated=0
    [CG] 列生成收敛，共 1663 轮迭代
    [CG] [CG-NODE] depth=8 exit=CERTIFIED certified=1 feasible=1 iters=5 generatedColsBeforeNode=6938 newCols=12 posCandidates=12 duplicateCandidates=0 updatedCols=0 zeroObjImproveIters=3 objFirst=1339992.772277 objLast=1345648.678357 objGain=5655.906080 maxRC=13064.221171 wallSec=0.102620 pricingSec=0.095111 cplexSolveSec=0.004752
    [CG] 列生成开始，初始列数=865
    [CG] CG iter 1664: obj=1344503.714504, maxRC=24377.863347, +6 cols
    [CG]   [DIAG] iter=1664 posCols=6 newCols=6 effImprove=6 updated=0
    [CG] CG iter 1665: obj=1344503.714504, maxRC=8583.257526, +5 cols
    [CG]   [DIAG] iter=1665 posCols=5 newCols=5 effImprove=5 updated=0
    [CG] CG iter 1666: obj=1344503.714504, maxRC=213.198204, +1 cols
    [CG]   [DIAG] iter=1666 posCols=1 newCols=1 effImprove=1 updated=0
    [CG] CG iter 1667: obj=1344503.714504, maxRC=155.563289, +1 cols
    [CG]   [DIAG] iter=1667 posCols=1 newCols=1 effImprove=1 updated=0
    [CG] 列生成收敛，共 1668 轮迭代
    [CG] [CG-NODE] depth=8 exit=CERTIFIED certified=1 feasible=1 iters=5 generatedColsBeforeNode=6950 newCols=13 posCandidates=13 duplicateCandidates=0 updatedCols=0 zeroObjImproveIters=4 objFirst=1344503.714504 objLast=1344503.714504 objGain=0.000000 maxRC=24377.863347 wallSec=0.091474 pricingSec=0.085035 cplexSolveSec=0.003975
    [CG] [BB-DIAG] 分支 x_{dc=0,retailer=11}, 节点数=64
    [CG] 列生成开始，初始列数=821
    [CG] CG iter 1669: obj=1345501.568248, maxRC=19532.669669, +12 cols
    [CG]   [DIAG] iter=1669 posCols=12 newCols=12 effImprove=12 updated=0
    [CG] CG iter 1670: obj=1355186.949141, maxRC=10983.659956, +7 cols
    [CG]   [DIAG] iter=1670 posCols=7 newCols=7 effImprove=7 updated=0
    [CG] CG iter 1671: obj=1355186.949141, maxRC=6537.883743, +6 cols
    [CG]   [DIAG] iter=1671 posCols=6 newCols=6 effImprove=6 updated=0
    [CG] CG iter 1672: obj=1355704.862286, maxRC=1060.931708, +2 cols
    [CG]   [DIAG] iter=1672 posCols=2 newCols=2 effImprove=2 updated=0
    [CG] CG iter 1673: obj=1356235.328140, maxRC=1070.268821, +1 cols
    [CG]   [DIAG] iter=1673 posCols=1 newCols=1 effImprove=1 updated=0
    [CG] 列生成收敛，共 1674 轮迭代
    [CG] [CG-NODE] depth=5 exit=CERTIFIED certified=1 feasible=1 iters=6 generatedColsBeforeNode=6963 newCols=28 posCandidates=28 duplicateCandidates=0 updatedCols=0 zeroObjImproveIters=2 objFirst=1345501.568248 objLast=1356235.328140 objGain=10733.759892 maxRC=19532.669669 wallSec=0.115637 pricingSec=0.109088 cplexSolveSec=0.004213
    [CG] 列生成开始，初始列数=799
    [CG] CG iter 1675: obj=1343026.507720, maxRC=49858.993401, +10 cols
    [CG]   [DIAG] iter=1675 posCols=10 newCols=10 effImprove=10 updated=0
    [CG] CG iter 1676: obj=1360468.360608, maxRC=14487.482047, +7 cols
    [CG]   [DIAG] iter=1676 posCols=7 newCols=7 effImprove=7 updated=0
    [CG] CG iter 1677: obj=1360468.360608, maxRC=6338.371220, +6 cols
    [CG]   [DIAG] iter=1677 posCols=6 newCols=6 effImprove=6 updated=0
    [CG] CG iter 1678: obj=1360468.360608, maxRC=7477.926601, +4 cols
    [CG]   [DIAG] iter=1678 posCols=4 newCols=4 effImprove=4 updated=0
    [CG] CG iter 1679: obj=1360468.360608, maxRC=2352.301844, +3 cols
    [CG]   [DIAG] iter=1679 posCols=3 newCols=2 effImprove=3 updated=1
    [CG] CG iter 1680: obj=1360468.360608, maxRC=173.698551, +2 cols
    [CG]   [DIAG] iter=1680 posCols=2 newCols=2 effImprove=2 updated=0
    [CG] 列生成收敛，共 1681 轮迭代
    [CG] [CG-NODE] depth=5 exit=CERTIFIED certified=1 feasible=1 iters=7 generatedColsBeforeNode=6991 newCols=31 posCandidates=32 duplicateCandidates=1 updatedCols=1 zeroObjImproveIters=5 objFirst=1343026.507720 objLast=1360468.360608 objGain=17441.852888 maxRC=49858.993401 wallSec=0.112020 pricingSec=0.104208 cplexSolveSec=0.005325
      [BB] 分支定界结束：处理 129 节点，剪枝 64，剩余活跃 0，整数解 2，状态=OPTIMAL，最好可行 obj=1362103.689766，gap=0.000000
