
      ========== [环节4/5] 列生成 CG（RMP + 定价子问题迭代求 LP 松弛） ==========
        设计: CPLEX 增量式 RMP(动态加列，不重建模型) ↔ 逐 DC 定价生成负 RC 新列
        定价并行: 否(串行逐DC) | DC 数=8 | 定价线程=4(上限pricing_threads=4)[未启用,parallel_pricing=false]
        核预算: core_budget=0(0=不限制) | GA并发进程数=见num_threads | 峰值占核=GA进程×定价线程
        RMP求解: CPLEX线程=1(cplex_threads=1)[GA并行时子进程强制回退1避免过度订阅]
        收敛: 最大迭代=2000 | tailing-off 早停=否(连续20轮改善<1e-06) | RC 阈值=1e-06
        优化: 每DC持久 PricingSolver(缓存跨迭代保留) + 持久线程池(不再每轮建销)

      ========== [环节5/5] 定价子问题 PS（每DC生成最大负 RC 列，本次瓶颈~83%） ==========
        算法: Simplified候选 + Algorithm3完整校验
        无损缓存: cachedBestCols仅提供 incumbent/上界剪枝，不跳过完整定价
        完整定价: 候选价格(保留价去重)×两点组合 O(候选价×n_neg²×numRetailer)

    ========== [环节3/5] 分支定界 BB（DFS 深度优先，恢复整数解） ==========
      设计: 根节点列生成求 LP → 按 x_ij(DC-零售商对)分数值分支 → 左 x_ij=0 / 右 x_ij=1
      策略: 深度优先(DFS 栈) | 选最大分数化变量分支 | LP≤下界则剪枝
      认证: 所有节点严格列生成 | 目标gap=0 | 最大节点数=10000 | 时间上限=600s
      资源限制仅改变求解状态，不允许LP值冒充整数可行解

  ========== [环节2/5] 分支定价 BP（固定 w_j 下精确求解整数规划） ==========
    设计: 列生成(求 LP 松弛) + 分支定界(恢复整数) = 分支定价
    收尾: 内层列利润已包含减排投资成本；BP整数结果完成后仅加回碳配额常数收益
    优化: fitnessCache 仅复用相同 w 的认证最优结果；未认证结果再次出现时重算
    投资成本模型: ½δw²D^γ, γ=0.500000
    投资成本处理: 列内扣除(新)

========== [环节1/5] 遗传算法 GA（外层：对减排率 w_j 编码搜索） ==========
  设计: 二进制编码 w_j → 轮盘赌选择 → 两点交叉 → 按位变异 → 精英保留
  配置: 种群=30 | 最大代数=50 | 编码位数=10/DC | 基因总长=80
        交叉率=0.7 | 逐位变异率=0.0125(自适应1/L) | 精英保留=是 | w范围=[0,1]
        提前停止=是 | 连续未提升阈值=10代 | 提升容差=0.001
  优化: 二进制解码查表(替代 std::pow) | 相同 w 仅复用认证最优的BP缓存

  +--------------- [并行诊断] 适应度评估层（GA 第4层外层） ---------------
  | 评估任务: 每代对 30 个个体各调用一次分支定价 BP.solve(w)（含 CG->定价->BB）
  | 并行三条件:
  |   1) parallel_fitness = true   [满足]
  |   2) population_size > 1 : 30   [满足]
  |   3) num_threads > 1 : 配置=8 -> 实际=8（0 表示自动取 CPU 核数=36）   [满足]
  +---------------------------------------------------------------
  | >>> 当前模式: 【并行】GA 适应度评估层 fork 进程级并行
  |     并发度: 8 个子进程同时运行（个体总数 30，分批调度）
  |     隔离方式: 每个体 fork() 独立子进程 + Instance.deepCopy() 深拷贝
  |               （不共享求解器，各持独立 BranchAndPrice，无锁无竞争）
  |     结果回传: 子进程算完经管道 pipe() 回传 fitness 及 BP/CG/PS 计时
  |     下层状态: 每个子进程内部 BP->CG->定价PS->BB 全部【串行】
  |     计时口径: 并行时 BP/CG/PS 取墙钟聚合，避免子进程 CPU 时间累加超过总时间
  | 注: 定价子问题 PS 并行开关 parallel_pricing=false —— true 时并行逐DC，false 时串行逐DC；线程数配置在 CG 环节横幅始终展示，仅 false 时不生效）
  +---------------------------------------------------------------
    [CG] 列生成开始，初始列数=128
    [CG] 列生成开始，初始列数=128
    [CG] 列生成开始，初始列数=128
    [CG] 列生成开始，初始列数=128
    [CG] 列生成开始，初始列数=128
    [CG] 列生成开始，初始列数=128
    [CG] 列生成开始，初始列数=128
    [CG] 列生成开始，初始列数=128
    [CG] CG iter 1: obj=141659329.989609, maxRC=59220685.279492, +23 cols
    [CG]   [DIAG] iter=1 posCols=23 newCols=23 effImprove=23 updated=0
    [CG] CG iter 1: obj=141889598.253292, maxRC=59248116.638100, +23 cols
    [CG] CG iter 1: obj=143259837.358392, maxRC=59519752.128890, +23 cols
    [CG] CG iter 2: obj=159255328.630312, maxRC=9340394.199488, +17 cols
    [CG]   [DIAG] iter=2 posCols=17 newCols=17 effImprove=17 updated=0
    [CG]   [DIAG] iter=1 posCols=23 newCols=23 effImprove=23 updated=0
    [CG]   [DIAG] iter=1 posCols=23 newCols=23 effImprove=23 updated=0
    [CG] CG iter 1: obj=142046252.048519, maxRC=59271610.858773, +23 cols
    [CG] CG iter 1: obj=141941120.117267, maxRC=59314958.506367, +23 cols
    [CG]   [DIAG] iter=1 posCols=23 newCols=23 effImprove=23 updated=0
    [CG] CG iter 3: obj=172484677.915681, maxRC=6653299.257703, +7 cols
    [CG]   [DIAG] iter=3 posCols=7 newCols=7 effImprove=7 updated=0
    [CG]   [DIAG] iter=1 posCols=23 newCols=23 effImprove=23 updated=0
    [CG] CG iter 1: obj=142397790.719372, maxRC=59102970.956352, +23 cols
    [CG] CG iter 1: obj=141893110.650766, maxRC=59152494.571161, +23 cols
    [CG]   [DIAG] iter=1 posCols=23 newCols=23 effImprove=23 updated=0
    [CG] CG iter 1: obj=142269980.426277, maxRC=59280657.065378, +23 cols
    [CG]   [DIAG] iter=1 posCols=23 newCols=23 effImprove=23 updated=0
    [CG] CG iter 4: obj=172484677.915682, maxRC=1441467.542410, +4 cols
    [CG] CG iter 2: obj=159668489.760277, maxRC=9411239.593981, +17 cols
    [CG]   [DIAG] iter=4 posCols=4 newCols=4 effImprove=4 updated=0
    [CG]   [DIAG] iter=1 posCols=23 newCols=23 effImprove=23 updated=0
    [CG]   [DIAG] iter=2 posCols=17 newCols=17 effImprove=17 updated=0
    [CG] CG iter 2: obj=160626609.885663, maxRC=10623485.371715, +17 cols
    [CG]   [DIAG] iter=2 posCols=17 newCols=17 effImprove=17 updated=0
    [CG] CG iter 5: obj=172484677.915682, maxRC=340922.413533, +3 cols
    [CG]   [DIAG] iter=5 posCols=3 newCols=3 effImprove=3 updated=0
    [CG] CG iter 2: obj=159852363.585502, maxRC=10199376.285741, +17 cols
    [CG]   [DIAG] iter=2 posCols=17 newCols=17 effImprove=17 updated=0
    [CG] CG iter 2: obj=159484201.744859, maxRC=10575370.283934, +17 cols
    [CG]   [DIAG] iter=2 posCols=17 newCols=17 effImprove=17 updated=0
    [CG] 列生成收敛，共 6 轮迭代
    [CG] [CG-NODE] depth=0 exit=CERTIFIED certified=1 feasible=1 iters=6 generatedColsBeforeNode=0 newCols=54 posCandidates=54 duplicateCandidates=0 updatedCols=0 zeroObjImproveIters=2 objFirst=141659329.989609 objLast=172509519.552314 objGain=30850189.562704 maxRC=59220685.279492 wallSec=0.015492 pricingSec=0.010216 cplexSolveSec=0.002897
    [CG] CG iter 3: obj=165487376.059721, maxRC=8014801.828167, +13 cols
    [CG] CG iter 2: obj=159645547.451112, maxRC=10366735.886764, +17 cols
    [CG]   [DIAG] iter=3 posCols=13 newCols=13 effImprove=13 updated=0
    [CG] CG iter 2: obj=159679607.071373, maxRC=10466467.975993, +17 cols
    [CG]   [DIAG] iter=2 posCols=17 newCols=17 effImprove=17 updated=0
      [BB] 根节点即为整数解，obj=172509519.552314
    [CG] CG iter 3: obj=167020930.268672, maxRC=6255295.270771, +12 cols
    [CG]   [DIAG] iter=2 posCols=17 newCols=17 effImprove=17 updated=0
    [CG]   [DIAG] iter=3 posCols=12 newCols=12 effImprove=12 updated=0
    [CG] CG iter 2: obj=159837193.077249, maxRC=10549988.360478, +16 cols
    [CG]   [DIAG] iter=2 posCols=16 newCols=16 effImprove=16 updated=0
    [CG] CG iter 3: obj=169746974.635453, maxRC=3640054.838905, +12 cols
    [CG]   [DIAG] iter=3 posCols=12 newCols=12 effImprove=12 updated=0
    [CG] CG iter 4: obj=171171950.947778, maxRC=6661284.716653, +7 cols
    [CG]   [DIAG] iter=4 posCols=7 newCols=7 effImprove=7 updated=0
    [CG] CG iter 3: obj=165825309.422516, maxRC=6246056.422445, +12 cols
    [CG] CG iter 4: obj=169719358.461118, maxRC=4143805.047541, +5 cols
    [CG]   [DIAG] iter=4 posCols=5 newCols=5 effImprove=5 updated=0
    [CG]   [DIAG] iter=3 posCols=12 newCols=12 effImprove=12 updated=0
    [CG] CG iter 4: obj=173103980.470516, maxRC=1247386.339514, +3 cols
    [CG]   [DIAG] iter=4 posCols=3 newCols=3 effImprove=3 updated=0
    [CG] CG iter 5: obj=172821750.891134, maxRC=290113.214598, +3 cols
    [CG]   [DIAG] iter=5 posCols=3 newCols=3 effImprove=3 updated=0
    [CG] CG iter 3: obj=165997519.877549, maxRC=6220417.674269, +12 cols
    [CG]   [DIAG] iter=3 posCols=12 newCols=12 effImprove=12 updated=0
    [CG] CG iter 3: obj=165912544.484329, maxRC=6320518.946711, +11 cols
    [CG] 列生成收敛，共 5 轮迭代
    [CG] [CG-NODE] depth=0 exit=CERTIFIED certified=1 feasible=1 iters=5 generatedColsBeforeNode=0 newCols=57 posCandidates=57 duplicateCandidates=0 updatedCols=0 zeroObjImproveIters=0 objFirst=143259837.358392 objLast=173937754.548989 objGain=30677917.190597 maxRC=59519752.128890 wallSec=0.017885 pricingSec=0.011810 cplexSolveSec=0.003152
    [CG]   [DIAG] iter=3 posCols=11 newCols=11 effImprove=11 updated=0
    [CG] CG iter 3: obj=163759550.549786, maxRC=5116410.636216, +14 cols
      [BB] 根节点即为整数解，obj=173937754.548989
    [CG] CG iter 4: obj=168537900.854914, maxRC=4174893.493019, +7 cols
    [CG]   [DIAG] iter=3 posCols=14 newCols=14 effImprove=14 updated=0
    [CG]   [DIAG] iter=4 posCols=7 newCols=7 effImprove=7 updated=0
    [CG] 列生成收敛，共 6 轮迭代
    [CG] [CG-NODE] depth=0 exit=CERTIFIED certified=1 feasible=1 iters=6 generatedColsBeforeNode=0 newCols=63 posCandidates=63 duplicateCandidates=0 updatedCols=0 zeroObjImproveIters=1 objFirst=141889598.253292 objLast=172821750.891134 objGain=30932152.637842 maxRC=59248116.638100 wallSec=0.018205 pricingSec=0.012037 cplexSolveSec=0.003371
    [CG] CG iter 5: obj=173103980.470516, maxRC=681456.562702, +3 cols
    [CG]   [DIAG] iter=5 posCols=3 newCols=3 effImprove=3 updated=0
    [CG] 列生成开始，初始列数=128
      [BB] 根节点即为整数解，obj=172821750.891134
    [CG] CG iter 4: obj=172891594.211047, maxRC=2197291.545424, +4 cols
    [CG]   [DIAG] iter=4 posCols=4 newCols=4 effImprove=4 updated=0
    [CG] CG iter 4: obj=168464394.760569, maxRC=4108637.732867, +5 cols
    [CG]   [DIAG] iter=4 posCols=5 newCols=5 effImprove=5 updated=0
    [CG] 列生成收敛，共 5 轮迭代
    [CG] [CG-NODE] depth=0 exit=CERTIFIED certified=1 feasible=1 iters=5 generatedColsBeforeNode=0 newCols=59 posCandidates=59 duplicateCandidates=0 updatedCols=0 zeroObjImproveIters=0 objFirst=141941120.117267 objLast=172760344.127677 objGain=30819224.010410 maxRC=59314958.506367 wallSec=0.018556 pricingSec=0.012493 cplexSolveSec=0.003290
    [CG] CG iter 4: obj=173061128.305653, maxRC=2671039.663789, +5 cols
    [CG] CG iter 6: obj=173124085.137027, maxRC=146268.342229, +1 cols
    [CG]   [DIAG] iter=6 posCols=1 newCols=1 effImprove=1 updated=0
    [CG]   [DIAG] iter=4 posCols=5 newCols=5 effImprove=5 updated=0
      [BB] 根节点即为整数解，obj=172760344.127677
    [CG] CG iter 5: obj=172891594.211047, maxRC=136568.005488, +2 cols
    [CG]   [DIAG] iter=5 posCols=2 newCols=2 effImprove=2 updated=0
    [CG] 列生成收敛，共 5 轮迭代
    [CG] [CG-NODE] depth=0 exit=CERTIFIED certified=1 feasible=1 iters=5 generatedColsBeforeNode=0 newCols=56 posCandidates=56 duplicateCandidates=0 updatedCols=0 zeroObjImproveIters=0 objFirst=141893110.650766 objLast=172696618.411316 objGain=30803507.760550 maxRC=59152494.571161 wallSec=0.019308 pricingSec=0.013103 cplexSolveSec=0.003386
    [CG] 列生成收敛，共 7 轮迭代
    [CG] [CG-NODE] depth=0 exit=CERTIFIED certified=1 feasible=1 iters=7 generatedColsBeforeNode=0 newCols=59 posCandidates=59 duplicateCandidates=0 updatedCols=0 zeroObjImproveIters=2 objFirst=142046252.048519 objLast=173124085.137027 objGain=31077833.088508 maxRC=59271610.858773 wallSec=0.019656 pricingSec=0.012767 cplexSolveSec=0.003970
    [CG] CG iter 5: obj=173061128.305653, maxRC=549769.515050, +1 cols
    [CG]   [DIAG] iter=5 posCols=1 newCols=1 effImprove=1 updated=0
      [BB] 根节点即为整数解，obj=172696618.411316
      [BB] 根节点即为整数解，obj=173124085.137027
    [CG] 列生成收敛，共 6 轮迭代
    [CG] [CG-NODE] depth=0 exit=CERTIFIED certified=1 feasible=1 iters=6 generatedColsBeforeNode=0 newCols=58 posCandidates=58 duplicateCandidates=0 updatedCols=0 zeroObjImproveIters=1 objFirst=142397790.719372 objLast=172947471.167652 objGain=30549680.448281 maxRC=59102970.956352 wallSec=0.019809 pricingSec=0.013229 cplexSolveSec=0.003673
      [BB] 根节点即为整数解，obj=172947471.167652
    [CG] 列生成收敛，共 6 轮迭代
    [CG] [CG-NODE] depth=0 exit=CERTIFIED certified=1 feasible=1 iters=6 generatedColsBeforeNode=0 newCols=59 posCandidates=59 duplicateCandidates=0 updatedCols=0 zeroObjImproveIters=2 objFirst=142269980.426277 objLast=173061128.305653 objGain=30791147.879376 maxRC=59280657.065378 wallSec=0.019796 pricingSec=0.013224 cplexSolveSec=0.003663
      [BB] 根节点即为整数解，obj=173061128.305653
    [CG] 列生成开始，初始列数=128
    [CG] 列生成开始，初始列数=128
    [CG] 列生成开始，初始列数=128
    [CG] 列生成开始，初始列数=128
    [CG] 列生成开始，初始列数=128
    [CG] 列生成开始，初始列数=128
    [CG] 列生成开始，初始列数=128
    [CG] CG iter 1: obj=142294188.138319, maxRC=59459296.966370, +23 cols
    [CG]   [DIAG] iter=1 posCols=23 newCols=23 effImprove=23 updated=0
    [CG] CG iter 2: obj=159971335.382018, maxRC=10592793.856942, +17 cols
    [CG]   [DIAG] iter=2 posCols=17 newCols=17 effImprove=17 updated=0
    [CG] CG iter 3: obj=166159219.367992, maxRC=6233434.600758, +11 cols
    [CG]   [DIAG] iter=3 posCols=11 newCols=11 effImprove=11 updated=0
    [CG] CG iter 4: obj=168752612.566883, maxRC=3987789.876726, +5 cols
    [CG]   [DIAG] iter=4 posCols=5 newCols=5 effImprove=5 updated=0
    [CG] 列生成收敛，共 5 轮迭代
    [CG] [CG-NODE] depth=0 exit=CERTIFIED certified=1 feasible=1 iters=5 generatedColsBeforeNode=0 newCols=56 posCandidates=56 duplicateCandidates=0 updatedCols=0 zeroObjImproveIters=0 objFirst=142294188.138319 objLast=173024537.541108 objGain=30730349.402790 maxRC=59459296.966370 wallSec=0.011208 pricingSec=0.007198 cplexSolveSec=0.002112
      [BB] 根节点即为整数解，obj=173024537.541108
    [CG] CG iter 1: obj=141948134.758374, maxRC=59361716.500754, +23 cols
    [CG]   [DIAG] iter=1 posCols=23 newCols=23 effImprove=23 updated=0
    [CG] CG iter 1: obj=141736462.704594, maxRC=59339008.340459, +23 cols
    [CG]   [DIAG] iter=1 posCols=23 newCols=23 effImprove=23 updated=0
    [CG] CG iter 2: obj=159776872.737173, maxRC=9445281.374469, +17 cols
    [CG]   [DIAG] iter=2 posCols=17 newCols=17 effImprove=17 updated=0
    [CG] CG iter 2: obj=159442658.335459, maxRC=9449769.118243, +17 cols
    [CG]   [DIAG] iter=2 posCols=17 newCols=17 effImprove=17 updated=0
    [CG] 列生成开始，初始列数=128
    [CG] CG iter 3: obj=165222953.270991, maxRC=8038980.480738, +13 cols
    [CG]   [DIAG] iter=3 posCols=13 newCols=13 effImprove=13 updated=0
    [CG] CG iter 3: obj=165627504.511226, maxRC=8049643.401423, +15 cols
    [CG]   [DIAG] iter=3 posCols=15 newCols=15 effImprove=15 updated=0
    [CG] CG iter 4: obj=170816784.819014, maxRC=6686373.084533, +7 cols
    [CG]   [DIAG] iter=4 posCols=7 newCols=7 effImprove=7 updated=0
    [CG] CG iter 1: obj=142419117.401148, maxRC=59274525.253564, +23 cols
    [CG] CG iter 4: obj=171299040.468113, maxRC=4616215.423138, +4 cols
    [CG]   [DIAG] iter=4 posCols=4 newCols=4 effImprove=4 updated=0
    [CG]   [DIAG] iter=1 posCols=23 newCols=23 effImprove=23 updated=0
    [CG] CG iter 5: obj=172537553.652457, maxRC=245098.886040, +2 cols
    [CG]   [DIAG] iter=5 posCols=2 newCols=2 effImprove=2 updated=0
    [CG] CG iter 1: obj=141887482.360520, maxRC=59188396.784337, +23 cols
    [CG]   [DIAG] iter=1 posCols=23 newCols=23 effImprove=23 updated=0
    [CG] 列生成收敛，共 6 轮迭代
    [CG] [CG-NODE] depth=0 exit=CERTIFIED certified=1 feasible=1 iters=6 generatedColsBeforeNode=0 newCols=62 posCandidates=62 duplicateCandidates=0 updatedCols=0 zeroObjImproveIters=1 objFirst=141736462.704594 objLast=172537553.652457 objGain=30801090.947863 maxRC=59339008.340459 wallSec=0.010904 pricingSec=0.007248 cplexSolveSec=0.001804
    [CG] CG iter 5: obj=172968723.115983, maxRC=1048014.015830, +3 cols
    [CG]   [DIAG] iter=5 posCols=3 newCols=3 effImprove=3 updated=0
      [BB] 根节点即为整数解，obj=172537553.652457
    [CG] 列生成收敛，共 6 轮迭代
    [CG] [CG-NODE] depth=0 exit=CERTIFIED certified=1 feasible=1 iters=6 generatedColsBeforeNode=0 newCols=62 posCandidates=62 duplicateCandidates=0 updatedCols=0 zeroObjImproveIters=1 objFirst=141948134.758374 objLast=172968723.115983 objGain=31020588.357609 maxRC=59361716.500754 wallSec=0.011092 pricingSec=0.007426 cplexSolveSec=0.002036
      [BB] 根节点即为整数解，obj=172968723.115983
    [CG] CG iter 2: obj=159850355.789531, maxRC=10525234.894909, +17 cols
    [CG]   [DIAG] iter=2 posCols=17 newCols=17 effImprove=17 updated=0
    [CG] CG iter 2: obj=159494276.346385, maxRC=10478668.525511, +17 cols
    [CG] CG iter 1: obj=141938230.746543, maxRC=58974540.805235, +23 cols
    [CG]   [DIAG] iter=2 posCols=17 newCols=17 effImprove=17 updated=0
    [CG]   [DIAG] iter=1 posCols=23 newCols=23 effImprove=23 updated=0
    [CG] 列生成开始，初始列数=128
    [CG] CG iter 1: obj=141988528.284291, maxRC=59101025.171261, +23 cols
    [CG] CG iter 1: obj=142059016.801042, maxRC=59448054.286330, +23 cols
    [CG]   [DIAG] iter=1 posCols=23 newCols=23 effImprove=23 updated=0
    [CG] 列生成开始，初始列数=128
    [CG] CG iter 3: obj=166182703.142846, maxRC=6258015.243685, +12 cols
    [CG]   [DIAG] iter=1 posCols=23 newCols=23 effImprove=23 updated=0
    [CG]   [DIAG] iter=3 posCols=12 newCols=12 effImprove=12 updated=0
    [CG] CG iter 3: obj=165827249.567268, maxRC=6277843.985842, +11 cols
    [CG]   [DIAG] iter=3 posCols=11 newCols=11 effImprove=11 updated=0
    [CG] CG iter 4: obj=168862564.385160, maxRC=4175229.694686, +5 cols
    [CG] CG iter 2: obj=159056256.936657, maxRC=10410662.173057, +17 cols
    [CG]   [DIAG] iter=4 posCols=5 newCols=5 effImprove=5 updated=0
    [CG]   [DIAG] iter=2 posCols=17 newCols=17 effImprove=17 updated=0
    [CG] CG iter 4: obj=168484431.136049, maxRC=4193925.643968, +5 cols
    [CG]   [DIAG] iter=4 posCols=5 newCols=5 effImprove=5 updated=0
    [CG] CG iter 2: obj=159223214.270215, maxRC=9323216.702111, +17 cols
    [CG]   [DIAG] iter=2 posCols=17 newCols=17 effImprove=17 updated=0
    [CG] 列生成收敛，共 5 轮迭代
    [CG] [CG-NODE] depth=0 exit=CERTIFIED certified=1 feasible=1 iters=5 generatedColsBeforeNode=0 newCols=57 posCandidates=57 duplicateCandidates=0 updatedCols=0 zeroObjImproveIters=0 objFirst=142419117.401148 objLast=173095731.557656 objGain=30676614.156508 maxRC=59274525.253564 wallSec=0.017306 pricingSec=0.011769 cplexSolveSec=0.002921
    [CG] CG iter 2: obj=159704166.456566, maxRC=10678263.409724, +17 cols
    [CG]   [DIAG] iter=2 posCols=17 newCols=17 effImprove=17 updated=0
      [BB] 根节点即为整数解，obj=173095731.557656
    [CG] 列生成收敛，共 5 轮迭代
    [CG] [CG-NODE] depth=0 exit=CERTIFIED certified=1 feasible=1 iters=5 generatedColsBeforeNode=0 newCols=56 posCandidates=56 duplicateCandidates=0 updatedCols=0 zeroObjImproveIters=0 objFirst=141887482.360520 objLast=172717620.008540 objGain=30830137.648020 maxRC=59188396.784337 wallSec=0.017123 pricingSec=0.011630 cplexSolveSec=0.002935
      [BB] 根节点即为整数解，obj=172717620.008540
    [CG] CG iter 3: obj=165329976.341680, maxRC=5705190.252474, +11 cols
    [CG] CG iter 3: obj=172472057.312893, maxRC=1947238.881185, +9 cols
    [CG]   [DIAG] iter=3 posCols=9 newCols=9 effImprove=9 updated=0
    [CG]   [DIAG] iter=3 posCols=11 newCols=11 effImprove=11 updated=0
    [CG] CG iter 1: obj=142518078.565053, maxRC=58990225.069692, +23 cols
    [CG]   [DIAG] iter=1 posCols=23 newCols=23 effImprove=23 updated=0
    [CG] CG iter 3: obj=165952825.064293, maxRC=6265595.621353, +11 cols
    [CG]   [DIAG] iter=3 posCols=11 newCols=11 effImprove=11 updated=0
    [CG] CG iter 4: obj=172213249.358927, maxRC=1285519.929177, +2 cols
    [CG] CG iter 4: obj=172472057.312893, maxRC=424852.582122, +3 cols
    [CG]   [DIAG] iter=4 posCols=2 newCols=2 effImprove=2 updated=0
    [CG]   [DIAG] iter=4 posCols=3 newCols=3 effImprove=3 updated=0
    [CG] 列生成开始，初始列数=128
    [CG] CG iter 2: obj=159633060.664030, maxRC=10323852.837763, +17 cols
    [CG]   [DIAG] iter=2 posCols=17 newCols=17 effImprove=17 updated=0
    [CG] CG iter 1: obj=142369956.572153, maxRC=59032426.646209, +23 cols
    [CG]   [DIAG] iter=1 posCols=23 newCols=23 effImprove=23 updated=0
    [CG] CG iter 1: obj=142577937.351514, maxRC=59440828.919552, +23 cols
    [CG] CG iter 3: obj=166064665.947189, maxRC=6262914.944152, +12 cols
    [CG] CG iter 5: obj=172213249.358927, maxRC=647185.540582, +3 cols
    [CG]   [DIAG] iter=5 posCols=3 newCols=3 effImprove=3 updated=0
    [CG]   [DIAG] iter=3 posCols=12 newCols=12 effImprove=12 updated=0
    [CG] 列生成收敛，共 5 轮迭代
    [CG] [CG-NODE] depth=0 exit=CERTIFIED certified=1 feasible=1 iters=5 generatedColsBeforeNode=0 newCols=52 posCandidates=52 duplicateCandidates=0 updatedCols=0 zeroObjImproveIters=1 objFirst=141988528.284291 objLast=172535091.394753 objGain=30546563.110462 maxRC=59101025.171261 wallSec=0.018354 pricingSec=0.012462 cplexSolveSec=0.003243
    [CG]   [DIAG] iter=1 posCols=23 newCols=23 effImprove=23 updated=0
    [CG] CG iter 4: obj=168597481.530412, maxRC=4051599.039734, +5 cols
    [CG]   [DIAG] iter=4 posCols=5 newCols=5 effImprove=5 updated=0
    [CG] CG iter 2: obj=159425265.968937, maxRC=10382503.056686, +17 cols
    [CG]   [DIAG] iter=2 posCols=17 newCols=17 effImprove=17 updated=0
      [BB] 根节点即为整数解，obj=172535091.394753
    [CG] CG iter 4: obj=168764637.514639, maxRC=4341598.767488, +5 cols
    [CG]   [DIAG] iter=4 posCols=5 newCols=5 effImprove=5 updated=0
    [CG] 列生成开始，初始列数=128
    [CG] 列生成收敛，共 6 轮迭代
    [CG] [CG-NODE] depth=0 exit=CERTIFIED certified=1 feasible=1 iters=6 generatedColsBeforeNode=0 newCols=56 posCandidates=56 duplicateCandidates=0 updatedCols=0 zeroObjImproveIters=2 objFirst=141938230.746543 objLast=172213249.358927 objGain=30275018.612384 maxRC=58974540.805235 wallSec=0.019677 pricingSec=0.013291 cplexSolveSec=0.003586
    [CG] 列生成收敛，共 5 轮迭代
    [CG] [CG-NODE] depth=0 exit=CERTIFIED certified=1 feasible=1 iters=5 generatedColsBeforeNode=0 newCols=57 posCandidates=57 duplicateCandidates=0 updatedCols=0 zeroObjImproveIters=0 objFirst=142518078.565053 objLast=173106236.282128 objGain=30588157.717075 maxRC=58990225.069692 wallSec=0.007109 pricingSec=0.004737 cplexSolveSec=0.001278
      [BB] 根节点即为整数解，obj=172213249.358927
    [CG] CG iter 3: obj=165736780.393975, maxRC=6208124.064357, +12 cols
      [BB] 根节点即为整数解，obj=173106236.282128
    [CG]   [DIAG] iter=3 posCols=12 newCols=12 effImprove=12 updated=0
    [CG] 列生成收敛，共 5 轮迭代
    [CG] [CG-NODE] depth=0 exit=CERTIFIED certified=1 feasible=1 iters=5 generatedColsBeforeNode=0 newCols=56 posCandidates=56 duplicateCandidates=0 updatedCols=0 zeroObjImproveIters=0 objFirst=142059016.801042 objLast=172803015.993299 objGain=30743999.192257 maxRC=59448054.286330 wallSec=0.019539 pricingSec=0.013391 cplexSolveSec=0.003446
    [CG] CG iter 2: obj=160320229.628272, maxRC=10591427.934150, +17 cols
    [CG]   [DIAG] iter=2 posCols=17 newCols=17 effImprove=17 updated=0
    [CG] CG iter 4: obj=172625254.394910, maxRC=2200076.963986, +4 cols
    [CG]   [DIAG] iter=4 posCols=4 newCols=4 effImprove=4 updated=0
      [BB] 根节点即为整数解，obj=172803015.993299
    [CG] CG iter 5: obj=172625254.394910, maxRC=134938.858736, +2 cols
    [CG]   [DIAG] iter=5 posCols=2 newCols=2 effImprove=2 updated=0
    [CG] 列生成收敛，共 6 轮迭代
    [CG] [CG-NODE] depth=0 exit=CERTIFIED certified=1 feasible=1 iters=6 generatedColsBeforeNode=0 newCols=58 posCandidates=58 duplicateCandidates=0 updatedCols=0 zeroObjImproveIters=1 objFirst=142369956.572153 objLast=172678338.056859 objGain=30308381.484707 maxRC=59032426.646209 wallSec=0.007736 pricingSec=0.005214 cplexSolveSec=0.001392
      [BB] 根节点即为整数解，obj=172678338.056859
    [CG] CG iter 3: obj=166511313.935845, maxRC=6319590.044193, +12 cols
    [CG]   [DIAG] iter=3 posCols=12 newCols=12 effImprove=12 updated=0
    [CG] 列生成开始，初始列数=128
    [CG] CG iter 4: obj=169026638.354831, maxRC=3981621.386476, +5 cols
    [CG]   [DIAG] iter=4 posCols=5 newCols=5 effImprove=5 updated=0
    [CG] 列生成开始，初始列数=128
    [CG] 列生成开始，初始列数=128
    [CG] 列生成收敛，共 5 轮迭代
    [CG] [CG-NODE] depth=0 exit=CERTIFIED certified=1 feasible=1 iters=5 generatedColsBeforeNode=0 newCols=57 posCandidates=57 duplicateCandidates=0 updatedCols=0 zeroObjImproveIters=0 objFirst=142577937.351514 objLast=173255733.695514 objGain=30677796.344000 maxRC=59440828.919552 wallSec=0.013919 pricingSec=0.009718 cplexSolveSec=0.002241
      [BB] 根节点即为整数解，obj=173255733.695514
    [CG] 列生成开始，初始列数=128
    [CG] 列生成开始，初始列数=128
    [CG] CG iter 1: obj=142430971.053764, maxRC=59289276.159537, +23 cols
    [CG]   [DIAG] iter=1 posCols=23 newCols=23 effImprove=23 updated=0
    [CG] CG iter 2: obj=159878190.476777, maxRC=9448702.530879, +17 cols
    [CG]   [DIAG] iter=2 posCols=17 newCols=17 effImprove=17 updated=0
    [CG] CG iter 3: obj=173043102.404575, maxRC=1650861.180542, +6 cols
    [CG]   [DIAG] iter=3 posCols=6 newCols=6 effImprove=6 updated=0
    [CG] CG iter 1: obj=142360002.769322, maxRC=59117617.508889, +23 cols
    [CG] 列生成开始，初始列数=128
    [CG]   [DIAG] iter=1 posCols=23 newCols=23 effImprove=23 updated=0
    [CG] CG iter 4: obj=173043102.404575, maxRC=1435425.314850, +4 cols
    [CG]   [DIAG] iter=4 posCols=4 newCols=4 effImprove=4 updated=0
    [CG] CG iter 2: obj=159922916.116189, maxRC=9915017.871557, +17 cols
    [CG]   [DIAG] iter=2 posCols=17 newCols=17 effImprove=17 updated=0
    [CG] CG iter 5: obj=173043102.404575, maxRC=410519.112944, +3 cols
    [CG]   [DIAG] iter=5 posCols=3 newCols=3 effImprove=3 updated=0
    [CG] CG iter 3: obj=169939145.456598, maxRC=3635502.060425, +11 cols
    [CG]   [DIAG] iter=3 posCols=11 newCols=11 effImprove=11 updated=0
    [CG] 列生成收敛，共 6 轮迭代
    [CG] [CG-NODE] depth=0 exit=CERTIFIED certified=1 feasible=1 iters=6 generatedColsBeforeNode=0 newCols=53 posCandidates=53 duplicateCandidates=0 updatedCols=0 zeroObjImproveIters=3 objFirst=142430971.053764 objLast=173043102.404575 objGain=30612131.350811 maxRC=59289276.159537 wallSec=0.010077 pricingSec=0.006683 cplexSolveSec=0.001913
      [BB] 根节点即为整数解，obj=173043102.404575
    [CG] CG iter 4: obj=173271378.878599, maxRC=1328181.024174, +4 cols
    [CG]   [DIAG] iter=4 posCols=4 newCols=4 effImprove=4 updated=0
    [CG] CG iter 5: obj=173271378.878599, maxRC=680547.049670, +2 cols
    [CG]   [DIAG] iter=5 posCols=2 newCols=2 effImprove=2 updated=0
    [CG] CG iter 6: obj=173271378.878599, maxRC=146490.621329, +1 cols
    [CG]   [DIAG] iter=6 posCols=1 newCols=1 effImprove=1 updated=0
    [CG] CG iter 7: obj=173271378.878599, maxRC=133816.907348, +2 cols
    [CG]   [DIAG] iter=7 posCols=2 newCols=2 effImprove=2 updated=0
    [CG] CG iter 1: obj=142091475.280349, maxRC=58983194.504896, +23 cols
    [CG] 列生成收敛，共 8 轮迭代
    [CG] [CG-NODE] depth=0 exit=CERTIFIED certified=1 feasible=1 iters=8 generatedColsBeforeNode=0 newCols=60 posCandidates=60 duplicateCandidates=0 updatedCols=0 zeroObjImproveIters=4 objFirst=142360002.769322 objLast=173271378.878599 objGain=30911376.109278 maxRC=59117617.508889 wallSec=0.008150 pricingSec=0.005222 cplexSolveSec=0.001704
    [CG]   [DIAG] iter=1 posCols=23 newCols=23 effImprove=23 updated=0
      [BB] 根节点即为整数解，obj=173271378.878599
    [CG] CG iter 1: obj=141341989.962447, maxRC=59090250.181961, +23 cols
    [CG]   [DIAG] iter=1 posCols=23 newCols=23 effImprove=23 updated=0
    [CG] CG iter 2: obj=159259436.593166, maxRC=10313577.793140, +17 cols
    [CG]   [DIAG] iter=2 posCols=17 newCols=17 effImprove=17 updated=0
    [CG] CG iter 1: obj=142568975.932556, maxRC=59504106.504212, +23 cols
    [CG] 列生成开始，初始列数=128
    [CG]   [DIAG] iter=1 posCols=23 newCols=23 effImprove=23 updated=0
    [CG] CG iter 2: obj=158997337.661152, maxRC=9196530.092924, +17 cols
    [CG]   [DIAG] iter=2 posCols=17 newCols=17 effImprove=17 updated=0
    [CG] CG iter 1: obj=142875608.178231, maxRC=59506513.861307, +23 cols
    [CG] 列生成开始，初始列数=128
    [CG] CG iter 3: obj=165709006.807941, maxRC=6276822.161596, +12 cols
    [CG] CG iter 3: obj=172077443.742432, maxRC=1289152.723657, +7 cols
    [CG]   [DIAG] iter=3 posCols=7 newCols=7 effImprove=7 updated=0
    [CG]   [DIAG] iter=3 posCols=12 newCols=12 effImprove=12 updated=0
    [CG] CG iter 2: obj=160317545.573535, maxRC=10636895.920965, +17 cols
    [CG]   [DIAG] iter=1 posCols=23 newCols=23 effImprove=23 updated=0
    [CG]   [DIAG] iter=2 posCols=17 newCols=17 effImprove=17 updated=0
    [CG] CG iter 4: obj=172077443.742432, maxRC=123153.367757, +2 cols
    [CG]   [DIAG] iter=4 posCols=2 newCols=2 effImprove=2 updated=0
    [CG] CG iter 4: obj=168426884.758268, maxRC=4362933.134027, +5 cols
    [CG]   [DIAG] iter=4 posCols=5 newCols=5 effImprove=5 updated=0
    [CG] 列生成收敛，共 5 轮迭代
    [CG] [CG-NODE] depth=0 exit=CERTIFIED certified=1 feasible=1 iters=5 generatedColsBeforeNode=0 newCols=49 posCandidates=49 duplicateCandidates=0 updatedCols=0 zeroObjImproveIters=2 objFirst=141341989.962447 objLast=172077443.742432 objGain=30735453.779985 maxRC=59090250.181961 wallSec=0.010728 pricingSec=0.007410 cplexSolveSec=0.001723
    [CG] CG iter 3: obj=166533807.746135, maxRC=6240837.893199, +11 cols
    [CG]   [DIAG] iter=3 posCols=11 newCols=11 effImprove=11 updated=0
      [BB] 根节点即为整数解，obj=172077443.742432
    [CG] 列生成收敛，共 5 轮迭代
    [CG] [CG-NODE] depth=0 exit=CERTIFIED certified=1 feasible=1 iters=5 generatedColsBeforeNode=0 newCols=57 posCandidates=57 duplicateCandidates=0 updatedCols=0 zeroObjImproveIters=0 objFirst=142091475.280349 objLast=172789817.892295 objGain=30698342.611946 maxRC=58983194.504896 wallSec=0.011072 pricingSec=0.007540 cplexSolveSec=0.001885
      [BB] 根节点即为整数解，obj=172789817.892295
    [CG] CG iter 4: obj=169123792.708600, maxRC=3988062.347803, +5 cols
    [CG]   [DIAG] iter=4 posCols=5 newCols=5 effImprove=5 updated=0
    [CG] 列生成收敛，共 5 轮迭代
    [CG] [CG-NODE] depth=0 exit=CERTIFIED certified=1 feasible=1 iters=5 generatedColsBeforeNode=0 newCols=56 posCandidates=56 duplicateCandidates=0 updatedCols=0 zeroObjImproveIters=0 objFirst=142568975.932556 objLast=173373715.593770 objGain=30804739.661214 maxRC=59504106.504212 wallSec=0.010845 pricingSec=0.006841 cplexSolveSec=0.001900
      [BB] 根节点即为整数解，obj=173373715.593770
    [CG] CG iter 2: obj=160475828.652118, maxRC=10628582.604275, +17 cols
    [CG]   [DIAG] iter=2 posCols=17 newCols=17 effImprove=17 updated=0
    [CG] 列生成开始，初始列数=128
    [CG] CG iter 1: obj=142121624.055775, maxRC=59212055.997869, +23 cols
    [CG]   [DIAG] iter=1 posCols=23 newCols=23 effImprove=23 updated=0
    [CG] CG iter 3: obj=166854756.652386, maxRC=6249274.102369, +12 cols
    [CG]   [DIAG] iter=3 posCols=12 newCols=12 effImprove=12 updated=0
    [CG] CG iter 2: obj=159604947.253714, maxRC=10483057.547216, +17 cols
    [CG]   [DIAG] iter=2 posCols=17 newCols=17 effImprove=17 updated=0
    [CG] CG iter 1: obj=142060939.828935, maxRC=59473258.090938, +23 cols
    [CG]   [DIAG] iter=1 posCols=23 newCols=23 effImprove=23 updated=0
    [CG] CG iter 4: obj=169548671.407056, maxRC=4130873.703559, +5 cols
    [CG]   [DIAG] iter=4 posCols=5 newCols=5 effImprove=5 updated=0
    [CG] CG iter 3: obj=165819336.347311, maxRC=6231858.441845, +11 cols
    [CG] CG iter 2: obj=160103633.070170, maxRC=9271963.710605, +17 cols
    [CG]   [DIAG] iter=2 posCols=17 newCols=17 effImprove=17 updated=0
    [CG]   [DIAG] iter=3 posCols=11 newCols=11 effImprove=11 updated=0
    [CG] CG iter 1: obj=142293586.585276, maxRC=59482656.306939, +23 cols
    [CG] CG iter 1: obj=142708008.163318, maxRC=59515438.056777, +23 cols
    [CG]   [DIAG] iter=1 posCols=23 newCols=23 effImprove=23 updated=0
    [CG] 列生成收敛，共 5 轮迭代
    [CG] CG iter 3: obj=173213746.522325, maxRC=1398186.942791, +2 cols
    [CG]   [DIAG] iter=3 posCols=2 newCols=2 effImprove=2 updated=0
    [CG] [CG-NODE] depth=0 exit=CERTIFIED certified=1 feasible=1 iters=5 generatedColsBeforeNode=0 newCols=57 posCandidates=57 duplicateCandidates=0 updatedCols=0 zeroObjImproveIters=0 objFirst=142875608.178231 objLast=173770148.266879 objGain=30894540.088648 maxRC=59506513.861307 wallSec=0.019216 pricingSec=0.013256 cplexSolveSec=0.003407
    [CG]   [DIAG] iter=1 posCols=23 newCols=23 effImprove=23 updated=0
      [BB] 根节点即为整数解，obj=173770148.266879
    [CG] CG iter 4: obj=168407140.637952, maxRC=4081172.098166, +5 cols
    [CG]   [DIAG] iter=4 posCols=5 newCols=5 effImprove=5 updated=0
    [CG] CG iter 4: obj=173213746.522325, maxRC=339484.014904, +4 cols
    [CG]   [DIAG] iter=4 posCols=4 newCols=4 effImprove=4 updated=0
    [CG] CG iter 2: obj=160268617.034961, maxRC=10685183.831848, +17 cols
    [CG]   [DIAG] iter=2 posCols=17 newCols=17 effImprove=17 updated=0
    [CG] 列生成收敛，共 5 轮迭代
    [CG] [CG-NODE] depth=0 exit=CERTIFIED certified=1 feasible=1 iters=5 generatedColsBeforeNode=0 newCols=46 posCandidates=46 duplicateCandidates=0 updatedCols=0 zeroObjImproveIters=2 objFirst=142060939.828935 objLast=173213746.522325 objGain=31152806.693390 maxRC=59473258.090938 wallSec=0.007947 pricingSec=0.005247 cplexSolveSec=0.001457
      [BB] 根节点即为整数解，obj=173213746.522325
    [CG] CG iter 3: obj=166415920.866947, maxRC=6320357.993095, +12 cols
    [CG] 列生成收敛，共 5 轮迭代
    [CG] [CG-NODE] depth=0 exit=CERTIFIED certified=1 feasible=1 iters=5 generatedColsBeforeNode=0 newCols=56 posCandidates=56 duplicateCandidates=0 updatedCols=0 zeroObjImproveIters=0 objFirst=142121624.055775 objLast=172678718.155594 objGain=30557094.099819 maxRC=59212055.997869 wallSec=0.016105 pricingSec=0.010874 cplexSolveSec=0.002809
    [CG]   [DIAG] iter=3 posCols=12 newCols=12 effImprove=12 updated=0
      [BB] 根节点即为整数解，obj=172678718.155594
    [CG] CG iter 4: obj=168954253.907579, maxRC=3944021.527267, +5 cols
    [CG]   [DIAG] iter=4 posCols=5 newCols=5 effImprove=5 updated=0
    [CG] 列生成收敛，共 5 轮迭代
    [CG] [CG-NODE] depth=0 exit=CERTIFIED certified=1 feasible=1 iters=5 generatedColsBeforeNode=0 newCols=57 posCandidates=57 duplicateCandidates=0 updatedCols=0 zeroObjImproveIters=0 objFirst=142293586.585276 objLast=173160074.640764 objGain=30866488.055488 maxRC=59482656.306939 wallSec=0.006198 pricingSec=0.004105 cplexSolveSec=0.001119
      [BB] 根节点即为整数解，obj=173160074.640764
    [CG] CG iter 2: obj=160245946.478862, maxRC=10624149.900787, +16 cols
    [CG]   [DIAG] iter=2 posCols=16 newCols=16 effImprove=16 updated=0
    [CG] CG iter 3: obj=164162002.799103, maxRC=5032856.070033, +14 cols
    [CG] CG iter 1: obj=142957698.467895, maxRC=59519709.456144, +23 cols
    [CG]   [DIAG] iter=3 posCols=14 newCols=14 effImprove=14 updated=0
    [CG]   [DIAG] iter=1 posCols=23 newCols=23 effImprove=23 updated=0
    [CG] CG iter 2: obj=160521115.480759, maxRC=9290889.340672, +17 cols
    [CG]   [DIAG] iter=2 posCols=17 newCols=17 effImprove=17 updated=0
    [CG] CG iter 4: obj=173377443.576063, maxRC=2636213.579901, +6 cols
    [CG]   [DIAG] iter=4 posCols=6 newCols=6 effImprove=6 updated=0
    [CG] CG iter 3: obj=173816852.978538, maxRC=1467466.154744, +3 cols
    [CG]   [DIAG] iter=3 posCols=3 newCols=3 effImprove=3 updated=0
    [CG] CG iter 5: obj=173377443.576063, maxRC=308314.087776, +1 cols
    [CG]   [DIAG] iter=5 posCols=1 newCols=1 effImprove=1 updated=0
    [CG] CG iter 4: obj=173816852.978538, maxRC=500159.219619, +4 cols
    [CG]   [DIAG] iter=4 posCols=4 newCols=4 effImprove=4 updated=0
    [CG] 列生成收敛，共 5 轮迭代
    [CG] [CG-NODE] depth=0 exit=CERTIFIED certified=1 feasible=1 iters=5 generatedColsBeforeNode=0 newCols=47 posCandidates=47 duplicateCandidates=0 updatedCols=0 zeroObjImproveIters=2 objFirst=142957698.467895 objLast=173816852.978538 objGain=30859154.510643 maxRC=59519709.456144 wallSec=0.013568 pricingSec=0.009693 cplexSolveSec=0.001835
      [BB] 根节点即为整数解，obj=173816852.978538
    [CG] 列生成收敛，共 6 轮迭代
    [CG] [CG-NODE] depth=0 exit=CERTIFIED certified=1 feasible=1 iters=6 generatedColsBeforeNode=0 newCols=60 posCandidates=60 duplicateCandidates=0 updatedCols=0 zeroObjImproveIters=2 objFirst=142708008.163318 objLast=173377443.576063 objGain=30669435.412745 maxRC=59515438.056777 wallSec=0.018270 pricingSec=0.012579 cplexSolveSec=0.003083
      [BB] 根节点即为整数解，obj=173377443.576063
[GA] 代数 0: Best=173966640.23, Avg=173007783.87, Worst=172106329.43, Valid=30/30, 耗时=0.07s
  ├─ 求解: 30 个体 fork 并行 | CG迭代=165 加列=1692 BB分支=0
  ├─ 并行墙钟=0.0651s | 串行等效(ΣBP)=0.4421s | 加速比=6.79x
  ├─ 管理开销=-0.3771s (fork=0.0045 wait=0.0601 merge=0.0004)
  └─ CG明细: gen_logs/run_gen0_ind{0..29}.log
    [CG] 列生成开始，初始列数=128
    [CG] 列生成开始，初始列数=128
    [CG] 列生成开始，初始列数=128
    [CG] 列生成开始，初始列数=128
    [CG] 列生成开始，初始列数=128
    [CG] 列生成开始，初始列数=128
    [CG] 列生成开始，初始列数=128
    [CG] 列生成开始，初始列数=128
    [CG] CG iter 1: obj=142071547.658998, maxRC=59472890.889319, +23 cols
    [CG]   [DIAG] iter=1 posCols=23 newCols=23 effImprove=23 updated=0
    [CG] CG iter 2: obj=160116217.002417, maxRC=9277214.614706, +17 cols
    [CG]   [DIAG] iter=2 posCols=17 newCols=17 effImprove=17 updated=0
    [CG] CG iter 3: obj=173235545.796992, maxRC=1397534.327065, +2 cols
    [CG]   [DIAG] iter=3 posCols=2 newCols=2 effImprove=2 updated=0
    [CG] CG iter 4: obj=173235545.796992, maxRC=333316.967897, +4 cols
    [CG]   [DIAG] iter=4 posCols=4 newCols=4 effImprove=4 updated=0
    [CG] 列生成收敛，共 5 轮迭代
    [CG] [CG-NODE] depth=0 exit=CERTIFIED certified=1 feasible=1 iters=5 generatedColsBeforeNode=0 newCols=46 posCandidates=46 duplicateCandidates=0 updatedCols=0 zeroObjImproveIters=2 objFirst=142071547.658998 objLast=173235545.796992 objGain=31163998.137994 maxRC=59472890.889319 wallSec=0.005899 pricingSec=0.003866 cplexSolveSec=0.001094
      [BB] 根节点即为整数解，obj=173235545.796992
    [CG] CG iter 1: obj=142281688.019558, maxRC=59102970.956352, +23 cols
    [CG] CG iter 1: obj=142208227.151836, maxRC=59444509.440234, +23 cols
    [CG]   [DIAG] iter=1 posCols=23 newCols=23 effImprove=23 updated=0
    [CG]   [DIAG] iter=1 posCols=23 newCols=23 effImprove=23 updated=0
    [CG] CG iter 1: obj=142038774.998137, maxRC=59271610.858773, +23 cols
    [CG]   [DIAG] iter=1 posCols=23 newCols=23 effImprove=23 updated=0
    [CG] 列生成开始，初始列数=128
    [CG] CG iter 1: obj=143256799.751425, maxRC=59519752.128890, +23 cols
    [CG] CG iter 2: obj=159546465.511687, maxRC=10363915.049425, +17 cols
    [CG]   [DIAG] iter=1 posCols=23 newCols=23 effImprove=23 updated=0
    [CG]   [DIAG] iter=2 posCols=17 newCols=17 effImprove=17 updated=0
    [CG] CG iter 2: obj=159811261.478872, maxRC=10678263.409724, +17 cols
    [CG]   [DIAG] iter=2 posCols=17 newCols=17 effImprove=17 updated=0
    [CG] CG iter 2: obj=159839583.815314, maxRC=10200260.627061, +17 cols
    [CG]   [DIAG] iter=2 posCols=17 newCols=17 effImprove=17 updated=0
    [CG] CG iter 3: obj=165890806.763568, maxRC=6229763.480747, +12 cols
    [CG]   [DIAG] iter=3 posCols=12 newCols=12 effImprove=12 updated=0
    [CG] CG iter 2: obj=160624394.822435, maxRC=10626062.484012, +17 cols
    [CG]   [DIAG] iter=2 posCols=17 newCols=17 effImprove=17 updated=0
    [CG] CG iter 3: obj=169739050.063212, maxRC=3627654.062552, +12 cols
    [CG]   [DIAG] iter=3 posCols=12 newCols=12 effImprove=12 updated=0
    [CG] CG iter 3: obj=166080462.062895, maxRC=6256930.399424, +11 cols
    [CG]   [DIAG] iter=3 posCols=11 newCols=11 effImprove=11 updated=0
    [CG] CG iter 4: obj=172794226.903543, maxRC=2197291.545424, +4 cols
    [CG]   [DIAG] iter=4 posCols=4 newCols=4 effImprove=4 updated=0
    [CG] CG iter 1: obj=142409870.984984, maxRC=59440828.919552, +23 cols
    [CG] CG iter 4: obj=173096055.898275, maxRC=1241346.686319, +4 cols
    [CG]   [DIAG] iter=4 posCols=4 newCols=4 effImprove=4 updated=0
    [CG]   [DIAG] iter=1 posCols=23 newCols=23 effImprove=23 updated=0
    [CG] CG iter 3: obj=167017504.585799, maxRC=6254943.048589, +12 cols
    [CG]   [DIAG] iter=3 posCols=12 newCols=12 effImprove=12 updated=0
    [CG] CG iter 5: obj=172794226.903543, maxRC=136568.005488, +2 cols
    [CG]   [DIAG] iter=5 posCols=2 newCols=2 effImprove=2 updated=0
    [CG] CG iter 4: obj=168726056.587497, maxRC=4062908.584423, +5 cols
    [CG]   [DIAG] iter=4 posCols=5 newCols=5 effImprove=5 updated=0
    [CG] CG iter 5: obj=173096055.898275, maxRC=681456.562702, +3 cols
    [CG]   [DIAG] iter=5 posCols=3 newCols=3 effImprove=3 updated=0
    [CG] CG iter 1: obj=142519543.431115, maxRC=58992387.802410, +23 cols
    [CG] 列生成收敛，共 6 轮迭代
    [CG]   [DIAG] iter=1 posCols=23 newCols=23 effImprove=23 updated=0
    [CG] [CG-NODE] depth=0 exit=CERTIFIED certified=1 feasible=1 iters=6 generatedColsBeforeNode=0 newCols=58 posCandidates=58 duplicateCandidates=0 updatedCols=0 zeroObjImproveIters=1 objFirst=142281688.019558 objLast=172850103.860148 objGain=30568415.840590 maxRC=59102970.956352 wallSec=0.011350 pricingSec=0.007494 cplexSolveSec=0.002242
    [CG] CG iter 4: obj=169716328.117853, maxRC=4143062.384104, +5 cols
    [CG] 列生成收敛，共 5 轮迭代
    [CG]   [DIAG] iter=4 posCols=5 newCols=5 effImprove=5 updated=0
    [CG] [CG-NODE] depth=0 exit=CERTIFIED certified=1 feasible=1 iters=5 generatedColsBeforeNode=0 newCols=56 posCandidates=56 duplicateCandidates=0 updatedCols=0 zeroObjImproveIters=0 objFirst=142208227.151836 objLast=172929507.140031 objGain=30721279.988195 maxRC=59444509.440234 wallSec=0.011828 pricingSec=0.007938 cplexSolveSec=0.002213
      [BB] 根节点即为整数解，obj=172850103.860148
    [CG] CG iter 6: obj=173111434.520423, maxRC=146268.342229, +1 cols
    [CG]   [DIAG] iter=6 posCols=1 newCols=1 effImprove=1 updated=0
      [BB] 根节点即为整数解，obj=172929507.140031
    [CG] 列生成收敛，共 5 轮迭代
    [CG] [CG-NODE] depth=0 exit=CERTIFIED certified=1 feasible=1 iters=5 generatedColsBeforeNode=0 newCols=57 posCandidates=57 duplicateCandidates=0 updatedCols=0 zeroObjImproveIters=0 objFirst=143256799.751425 objLast=173933973.662360 objGain=30677173.910935 maxRC=59519752.128890 wallSec=0.012121 pricingSec=0.008179 cplexSolveSec=0.002176
    [CG] CG iter 2: obj=160238567.867737, maxRC=10591427.934150, +17 cols
    [CG] 列生成收敛，共 7 轮迭代
      [BB] 根节点即为整数解，obj=173933973.662360
    [CG]   [DIAG] iter=2 posCols=17 newCols=17 effImprove=17 updated=0
    [CG] [CG-NODE] depth=0 exit=CERTIFIED certified=1 feasible=1 iters=7 generatedColsBeforeNode=0 newCols=60 posCandidates=60 duplicateCandidates=0 updatedCols=0 zeroObjImproveIters=2 objFirst=142038774.998137 objLast=173111434.520423 objGain=31072659.522287 maxRC=59271610.858773 wallSec=0.012107 pricingSec=0.007902 cplexSolveSec=0.002526
      [BB] 根节点即为整数解，obj=173111434.520423
    [CG] CG iter 2: obj=159636688.262810, maxRC=10325233.890822, +17 cols
    [CG]   [DIAG] iter=2 posCols=17 newCols=17 effImprove=17 updated=0
    [CG] 列生成开始，初始列数=128
    [CG] CG iter 1: obj=142058750.722111, maxRC=59448038.124088, +23 cols
    [CG] CG iter 3: obj=166415798.449579, maxRC=6325340.236275, +12 cols
    [CG]   [DIAG] iter=1 posCols=23 newCols=23 effImprove=23 updated=0
    [CG]   [DIAG] iter=3 posCols=12 newCols=12 effImprove=12 updated=0
    [CG] 列生成开始，初始列数=128
    [CG] CG iter 3: obj=166067902.706140, maxRC=6262844.157654, +12 cols
    [CG]   [DIAG] iter=3 posCols=12 newCols=12 effImprove=12 updated=0
    [CG] CG iter 4: obj=168936873.060647, maxRC=3976590.643175, +5 cols
    [CG]   [DIAG] iter=4 posCols=5 newCols=5 effImprove=5 updated=0
    [CG] 列生成开始，初始列数=128
    [CG] 列生成开始，初始列数=128
    [CG] CG iter 2: obj=159704166.456566, maxRC=10678263.409724, +17 cols
    [CG]   [DIAG] iter=2 posCols=17 newCols=17 effImprove=17 updated=0
    [CG] CG iter 1: obj=142708038.691248, maxRC=59515438.056777, +23 cols
    [CG] CG iter 4: obj=168767803.487092, maxRC=4340591.716693, +5 cols
    [CG]   [DIAG] iter=4 posCols=5 newCols=5 effImprove=5 updated=0
    [CG] 列生成收敛，共 5 轮迭代
    [CG] [CG-NODE] depth=0 exit=CERTIFIED certified=1 feasible=1 iters=5 generatedColsBeforeNode=0 newCols=57 posCandidates=57 duplicateCandidates=0 updatedCols=0 zeroObjImproveIters=0 objFirst=142409870.984984 objLast=173168052.311683 objGain=30758181.326699 maxRC=59440828.919552 wallSec=0.016037 pricingSec=0.011102 cplexSolveSec=0.002784
    [CG]   [DIAG] iter=1 posCols=23 newCols=23 effImprove=23 updated=0
      [BB] 根节点即为整数解，obj=173168052.311683
    [CG] 列生成收敛，共 5 轮迭代
    [CG] [CG-NODE] depth=0 exit=CERTIFIED certified=1 feasible=1 iters=5 generatedColsBeforeNode=0 newCols=57 posCandidates=57 duplicateCandidates=0 updatedCols=0 zeroObjImproveIters=0 objFirst=142519543.431115 objLast=173108395.203786 objGain=30588851.772671 maxRC=58992387.802410 wallSec=0.015970 pricingSec=0.011158 cplexSolveSec=0.002733
      [BB] 根节点即为整数解，obj=173108395.203786
    [CG] CG iter 3: obj=165952825.064293, maxRC=6265595.621353, +11 cols
    [CG]   [DIAG] iter=3 posCols=11 newCols=11 effImprove=11 updated=0
    [CG] CG iter 1: obj=143259128.494408, maxRC=59519752.128890, +23 cols
    [CG]   [DIAG] iter=1 posCols=23 newCols=23 effImprove=23 updated=0
    [CG] CG iter 2: obj=160245410.156602, maxRC=10624149.900787, +16 cols
    [CG]   [DIAG] iter=2 posCols=16 newCols=16 effImprove=16 updated=0
    [CG] CG iter 4: obj=168597481.530412, maxRC=4051599.039734, +5 cols
    [CG]   [DIAG] iter=4 posCols=5 newCols=5 effImprove=5 updated=0
    [CG] CG iter 2: obj=160626609.885663, maxRC=10623485.371715, +17 cols
    [CG]   [DIAG] iter=2 posCols=17 newCols=17 effImprove=17 updated=0
    [CG] 列生成开始，初始列数=128
    [CG] 列生成收敛，共 5 轮迭代
    [CG] [CG-NODE] depth=0 exit=CERTIFIED certified=1 feasible=1 iters=5 generatedColsBeforeNode=0 newCols=56 posCandidates=56 duplicateCandidates=0 updatedCols=0 zeroObjImproveIters=0 objFirst=142058750.722111 objLast=172803015.993299 objGain=30744265.271188 maxRC=59448038.124088 wallSec=0.017673 pricingSec=0.012325 cplexSolveSec=0.002836
    [CG] CG iter 3: obj=164161466.476843, maxRC=5032629.846268, +14 cols
    [CG]   [DIAG] iter=3 posCols=14 newCols=14 effImprove=14 updated=0
    [CG] CG iter 3: obj=167020930.268672, maxRC=6255295.270771, +12 cols
      [BB] 根节点即为整数解，obj=172803015.993299
    [CG]   [DIAG] iter=3 posCols=12 newCols=12 effImprove=12 updated=0
    [CG] 列生成开始，初始列数=128
    [CG] CG iter 4: obj=169719358.461118, maxRC=4143805.047541, +5 cols
    [CG]   [DIAG] iter=4 posCols=5 newCols=5 effImprove=5 updated=0
    [CG] CG iter 4: obj=173376681.030038, maxRC=2636119.390939, +6 cols
    [CG]   [DIAG] iter=4 posCols=6 newCols=6 effImprove=6 updated=0
    [CG] 列生成收敛，共 5 轮迭代
    [CG] [CG-NODE] depth=0 exit=CERTIFIED certified=1 feasible=1 iters=5 generatedColsBeforeNode=0 newCols=57 posCandidates=57 duplicateCandidates=0 updatedCols=0 zeroObjImproveIters=0 objFirst=143259128.494408 objLast=173937754.548989 objGain=30678626.054581 maxRC=59519752.128890 wallSec=0.006720 pricingSec=0.004447 cplexSolveSec=0.001284
      [BB] 根节点即为整数解，obj=173937754.548989
    [CG] CG iter 5: obj=173376681.030038, maxRC=307848.306929, +1 cols
    [CG]   [DIAG] iter=5 posCols=1 newCols=1 effImprove=1 updated=0
    [CG] 列生成收敛，共 6 轮迭代
    [CG] [CG-NODE] depth=0 exit=CERTIFIED certified=1 feasible=1 iters=6 generatedColsBeforeNode=0 newCols=60 posCandidates=60 duplicateCandidates=0 updatedCols=0 zeroObjImproveIters=2 objFirst=142708038.691248 objLast=173376681.030038 objGain=30668642.338790 maxRC=59515438.056777 wallSec=0.013394 pricingSec=0.008937 cplexSolveSec=0.002561
      [BB] 根节点即为整数解，obj=173376681.030038
    [CG] 列生成开始，初始列数=128
    [CG] 列生成开始，初始列数=128
    [CG] 列生成开始，初始列数=128
    [CG] CG iter 1: obj=142542055.446334, maxRC=59482656.306939, +23 cols
    [CG]   [DIAG] iter=1 posCols=23 newCols=23 effImprove=23 updated=0
    [CG] CG iter 2: obj=160272301.572362, maxRC=10680306.561876, +17 cols
    [CG]   [DIAG] iter=2 posCols=17 newCols=17 effImprove=17 updated=0
    [CG] CG iter 1: obj=141842186.391309, maxRC=59314958.506367, +23 cols
    [CG] CG iter 1: obj=141723420.365853, maxRC=59209564.034369, +23 cols
    [CG]   [DIAG] iter=1 posCols=23 newCols=23 effImprove=23 updated=0
    [CG]   [DIAG] iter=1 posCols=23 newCols=23 effImprove=23 updated=0
    [CG] CG iter 3: obj=166543515.055224, maxRC=6267761.682218, +11 cols
    [CG]   [DIAG] iter=3 posCols=11 newCols=11 effImprove=11 updated=0
    [CG] CG iter 1: obj=142232195.613012, maxRC=59190888.747838, +23 cols
    [CG]   [DIAG] iter=1 posCols=23 newCols=23 effImprove=23 updated=0
    [CG] CG iter 2: obj=159472749.462562, maxRC=10590536.414136, +17 cols
    [CG]   [DIAG] iter=2 posCols=17 newCols=17 effImprove=17 updated=0
    [CG] CG iter 1: obj=142181558.545623, maxRC=59459237.582857, +23 cols
    [CG] CG iter 4: obj=169202722.768636, maxRC=4060064.641651, +5 cols
    [CG]   [DIAG] iter=1 posCols=23 newCols=23 effImprove=23 updated=0
    [CG] CG iter 1: obj=142708298.880845, maxRC=59515456.215058, +23 cols
    [CG]   [DIAG] iter=4 posCols=5 newCols=5 effImprove=5 updated=0
    [CG]   [DIAG] iter=1 posCols=23 newCols=23 effImprove=23 updated=0
    [CG] CG iter 2: obj=159204251.600291, maxRC=10481464.186171, +17 cols
    [CG]   [DIAG] iter=2 posCols=17 newCols=17 effImprove=17 updated=0
    [CG] 列生成收敛，共 5 轮迭代
    [CG] [CG-NODE] depth=0 exit=CERTIFIED certified=1 feasible=1 iters=5 generatedColsBeforeNode=0 newCols=56 posCandidates=56 duplicateCandidates=0 updatedCols=0 zeroObjImproveIters=0 objFirst=142542055.446334 objLast=173410039.066768 objGain=30867983.620434 maxRC=59482656.306939 wallSec=0.010327 pricingSec=0.006998 cplexSolveSec=0.001861
    [CG] CG iter 3: obj=165765397.734117, maxRC=6261648.755766, +12 cols
    [CG]   [DIAG] iter=3 posCols=12 newCols=12 effImprove=12 updated=0
      [BB] 根节点即为整数解，obj=173410039.066768
    [CG] CG iter 2: obj=159841481.562378, maxRC=10480261.886556, +17 cols
    [CG]   [DIAG] iter=2 posCols=17 newCols=17 effImprove=17 updated=0
    [CG] CG iter 2: obj=159971335.382018, maxRC=10510958.339230, +17 cols
    [CG] CG iter 2: obj=160245946.478862, maxRC=10624149.900787, +16 cols
    [CG] CG iter 4: obj=168438967.128957, maxRC=4131786.884355, +5 cols
    [CG]   [DIAG] iter=4 posCols=5 newCols=5 effImprove=5 updated=0
    [CG]   [DIAG] iter=2 posCols=17 newCols=17 effImprove=17 updated=0
    [CG]   [DIAG] iter=2 posCols=16 newCols=16 effImprove=16 updated=0
    [CG] CG iter 3: obj=165419089.995117, maxRC=6231940.507510, +11 cols
    [CG] 列生成收敛，共 5 轮迭代
    [CG]   [DIAG] iter=3 posCols=11 newCols=11 effImprove=11 updated=0
    [CG] [CG-NODE] depth=0 exit=CERTIFIED certified=1 feasible=1 iters=5 generatedColsBeforeNode=0 newCols=57 posCandidates=57 duplicateCandidates=0 updatedCols=0 zeroObjImproveIters=0 objFirst=141842186.391309 objLast=172656759.079977 objGain=30814572.688668 maxRC=59314958.506367 wallSec=0.011108 pricingSec=0.007659 cplexSolveSec=0.001915
    [CG] CG iter 3: obj=166174005.482032, maxRC=6277761.920178, +11 cols
      [BB] 根节点即为整数解，obj=172656759.079977
    [CG]   [DIAG] iter=3 posCols=11 newCols=11 effImprove=11 updated=0
    [CG] CG iter 3: obj=164162002.799103, maxRC=5032856.070033, +14 cols
    [CG]   [DIAG] iter=3 posCols=14 newCols=14 effImprove=14 updated=0
    [CG] CG iter 1: obj=142135115.271831, maxRC=59212055.997869, +23 cols
    [CG] CG iter 3: obj=165171593.715469, maxRC=8709371.065668, +12 cols
    [CG]   [DIAG] iter=3 posCols=12 newCols=12 effImprove=12 updated=0
    [CG]   [DIAG] iter=1 posCols=23 newCols=23 effImprove=23 updated=0
    [CG] 列生成开始，初始列数=128
    [CG] CG iter 4: obj=168006976.351422, maxRC=4082332.098745, +5 cols
    [CG]   [DIAG] iter=4 posCols=5 newCols=5 effImprove=5 updated=0
    [CG] CG iter 4: obj=168831104.985149, maxRC=4192765.643389, +5 cols
    [CG]   [DIAG] iter=4 posCols=5 newCols=5 effImprove=5 updated=0
    [CG] CG iter 4: obj=173377443.576063, maxRC=2636213.579901, +6 cols
    [CG]   [DIAG] iter=4 posCols=6 newCols=6 effImprove=6 updated=0
    [CG] CG iter 4: obj=170091622.165292, maxRC=3018515.009966, +8 cols
    [CG] 列生成收敛，共 5 轮迭代
    [CG]   [DIAG] iter=4 posCols=8 newCols=8 effImprove=8 updated=0
    [CG] [CG-NODE] depth=0 exit=CERTIFIED certified=1 feasible=1 iters=5 generatedColsBeforeNode=0 newCols=56 posCandidates=56 duplicateCandidates=0 updatedCols=0 zeroObjImproveIters=0 objFirst=142232195.613012 objLast=173064122.252098 objGain=30831926.639086 maxRC=59190888.747838 wallSec=0.016655 pricingSec=0.011776 cplexSolveSec=0.002628
    [CG] 列生成收敛，共 5 轮迭代
    [CG] [CG-NODE] depth=0 exit=CERTIFIED certified=1 feasible=1 iters=5 generatedColsBeforeNode=0 newCols=56 posCandidates=56 duplicateCandidates=0 updatedCols=0 zeroObjImproveIters=0 objFirst=141723420.365853 objLast=172278725.474606 objGain=30555305.108753 maxRC=59209564.034369 wallSec=0.017425 pricingSec=0.012606 cplexSolveSec=0.002661
    [CG] CG iter 2: obj=159615958.170785, maxRC=10483057.547216, +17 cols
      [BB] 根节点即为整数解，obj=173064122.252098
    [CG]   [DIAG] iter=2 posCols=17 newCols=17 effImprove=17 updated=0
    [CG] CG iter 5: obj=173377443.576063, maxRC=308314.087776, +1 cols
    [CG]   [DIAG] iter=5 posCols=1 newCols=1 effImprove=1 updated=0
      [BB] 根节点即为整数解，obj=172278725.474606
    [CG] CG iter 5: obj=173024537.541108, maxRC=134065.722957, +2 cols
    [CG]   [DIAG] iter=5 posCols=2 newCols=2 effImprove=2 updated=0
    [CG] 列生成收敛，共 6 轮迭代
    [CG] 列生成开始，初始列数=128
    [CG] [CG-NODE] depth=0 exit=CERTIFIED certified=1 feasible=1 iters=6 generatedColsBeforeNode=0 newCols=60 posCandidates=60 duplicateCandidates=0 updatedCols=0 zeroObjImproveIters=2 objFirst=142708298.880845 objLast=173377443.576063 objGain=30669144.695218 maxRC=59515456.215058 wallSec=0.010884 pricingSec=0.007142 cplexSolveSec=0.002197
      [BB] 根节点即为整数解，obj=173377443.576063
    [CG] CG iter 3: obj=165834723.824113, maxRC=6233754.702591, +11 cols
    [CG] CG iter 1: obj=142837117.411519, maxRC=59504195.155587, +23 cols
    [CG] 列生成收敛，共 6 轮迭代
    [CG]   [DIAG] iter=3 posCols=11 newCols=11 effImprove=11 updated=0
    [CG] [CG-NODE] depth=0 exit=CERTIFIED certified=1 feasible=1 iters=6 generatedColsBeforeNode=0 newCols=62 posCandidates=62 duplicateCandidates=0 updatedCols=0 zeroObjImproveIters=1 objFirst=142181558.545623 objLast=173024537.541108 objGain=30842978.995485 maxRC=59459237.582857 wallSec=0.017644 pricingSec=0.012249 cplexSolveSec=0.002998
    [CG]   [DIAG] iter=1 posCols=23 newCols=23 effImprove=23 updated=0
      [BB] 根节点即为整数解，obj=173024537.541108
    [CG] CG iter 4: obj=168424424.375500, maxRC=4085065.415345, +5 cols
    [CG]   [DIAG] iter=4 posCols=5 newCols=5 effImprove=5 updated=0
    [CG] 列生成收敛，共 5 轮迭代
    [CG] [CG-NODE] depth=0 exit=CERTIFIED certified=1 feasible=1 iters=5 generatedColsBeforeNode=0 newCols=56 posCandidates=56 duplicateCandidates=0 updatedCols=0 zeroObjImproveIters=0 objFirst=142135115.271831 objLast=172694381.799709 objGain=30559266.527878 maxRC=59212055.997869 wallSec=0.010797 pricingSec=0.007371 cplexSolveSec=0.001913
      [BB] 根节点即为整数解，obj=172694381.799709
    [CG] 列生成开始，初始列数=128
    [CG] 列生成开始，初始列数=128
    [CG] CG iter 2: obj=160475828.652118, maxRC=10628582.604275, +17 cols
    [CG]   [DIAG] iter=2 posCols=17 newCols=17 effImprove=17 updated=0
    [CG] 列生成开始，初始列数=128
    [CG] CG iter 1: obj=142864823.901218, maxRC=59506513.861307, +23 cols
    [CG]   [DIAG] iter=1 posCols=23 newCols=23 effImprove=23 updated=0
    [CG] CG iter 3: obj=166854756.996989, maxRC=6249266.973364, +12 cols
    [CG]   [DIAG] iter=3 posCols=12 newCols=12 effImprove=12 updated=0
    [CG] CG iter 2: obj=160467989.620589, maxRC=10638723.182350, +17 cols
    [CG]   [DIAG] iter=2 posCols=17 newCols=17 effImprove=17 updated=0
    [CG] CG iter 4: obj=169548672.096263, maxRC=4130883.234721, +5 cols
    [CG]   [DIAG] iter=4 posCols=5 newCols=5 effImprove=5 updated=0
    [CG] 列生成收敛，共 5 轮迭代
    [CG] [CG-NODE] depth=0 exit=CERTIFIED certified=1 feasible=1 iters=5 generatedColsBeforeNode=0 newCols=57 posCandidates=57 duplicateCandidates=0 updatedCols=0 zeroObjImproveIters=0 objFirst=142837117.411519 objLast=173770148.956086 objGain=30933031.544567 maxRC=59504195.155587 wallSec=0.017169 pricingSec=0.011890 cplexSolveSec=0.002997
    [CG] CG iter 3: obj=166842288.887350, maxRC=6247876.110960, +12 cols
      [BB] 根节点即为整数解，obj=173770148.956086
    [CG]   [DIAG] iter=3 posCols=12 newCols=12 effImprove=12 updated=0
    [CG] CG iter 4: obj=169537887.130042, maxRC=4127792.224128, +5 cols
    [CG]   [DIAG] iter=4 posCols=5 newCols=5 effImprove=5 updated=0
    [CG] 列生成收敛，共 5 轮迭代
    [CG] [CG-NODE] depth=0 exit=CERTIFIED certified=1 feasible=1 iters=5 generatedColsBeforeNode=0 newCols=57 posCandidates=57 duplicateCandidates=0 updatedCols=0 zeroObjImproveIters=0 objFirst=142864823.901218 objLast=173756282.510434 objGain=30891458.609217 maxRC=59506513.861307 wallSec=0.009480 pricingSec=0.006437 cplexSolveSec=0.001683
    [CG] CG iter 1: obj=142870965.970847, maxRC=59506234.192929, +23 cols
    [CG]   [DIAG] iter=1 posCols=23 newCols=23 effImprove=23 updated=0
      [BB] 根节点即为整数解，obj=173756282.510434
    [CG] CG iter 1: obj=142642942.220906, maxRC=59463484.407561, +23 cols
    [CG] CG iter 2: obj=160475828.652118, maxRC=10628582.604275, +17 cols
    [CG]   [DIAG] iter=2 posCols=17 newCols=17 effImprove=17 updated=0
    [CG]   [DIAG] iter=1 posCols=23 newCols=23 effImprove=23 updated=0
    [CG] CG iter 3: obj=166854756.652386, maxRC=6249274.102369, +12 cols
    [CG]   [DIAG] iter=3 posCols=12 newCols=12 effImprove=12 updated=0
    [CG] CG iter 1: obj=142526047.467513, maxRC=58992387.802410, +23 cols
    [CG]   [DIAG] iter=1 posCols=23 newCols=23 effImprove=23 updated=0
    [CG] CG iter 4: obj=169548671.407056, maxRC=4130873.703559, +5 cols
    [CG]   [DIAG] iter=4 posCols=5 newCols=5 effImprove=5 updated=0
    [CG] CG iter 2: obj=160276430.463737, maxRC=10667374.768120, +17 cols
    [CG]   [DIAG] iter=2 posCols=17 newCols=17 effImprove=17 updated=0
    [CG] 列生成收敛，共 5 轮迭代
    [CG] [CG-NODE] depth=0 exit=CERTIFIED certified=1 feasible=1 iters=5 generatedColsBeforeNode=0 newCols=57 posCandidates=57 duplicateCandidates=0 updatedCols=0 zeroObjImproveIters=0 objFirst=142870965.970847 objLast=173770148.266879 objGain=30899182.296032 maxRC=59506234.192929 wallSec=0.008843 pricingSec=0.005910 cplexSolveSec=0.001582
      [BB] 根节点即为整数解，obj=173770148.266879
    [CG] CG iter 2: obj=159641413.525402, maxRC=10319022.738027, +17 cols
    [CG]   [DIAG] iter=2 posCols=17 newCols=17 effImprove=17 updated=0
    [CG] CG iter 3: obj=166568570.312959, maxRC=6283562.032151, +11 cols
    [CG]   [DIAG] iter=3 posCols=11 newCols=11 effImprove=11 updated=0
    [CG] CG iter 3: obj=166075450.051725, maxRC=6263700.242050, +12 cols
    [CG]   [DIAG] iter=3 posCols=12 newCols=12 effImprove=12 updated=0
    [CG] CG iter 4: obj=169224806.583309, maxRC=4083366.244114, +5 cols
    [CG]   [DIAG] iter=4 posCols=5 newCols=5 effImprove=5 updated=0
    [CG] CG iter 4: obj=168774307.523491, maxRC=4342491.110276, +5 cols
    [CG]   [DIAG] iter=4 posCols=5 newCols=5 effImprove=5 updated=0
    [CG] 列生成收敛，共 5 轮迭代
    [CG] [CG-NODE] depth=0 exit=CERTIFIED certified=1 feasible=1 iters=5 generatedColsBeforeNode=0 newCols=57 posCandidates=57 duplicateCandidates=0 updatedCols=0 zeroObjImproveIters=0 objFirst=142526047.467513 objLast=173116798.633766 objGain=30590751.166253 maxRC=58992387.802410 wallSec=0.010881 pricingSec=0.007129 cplexSolveSec=0.002007
      [BB] 根节点即为整数解，obj=173116798.633766
    [CG] 列生成收敛，共 5 轮迭代
    [CG] [CG-NODE] depth=0 exit=CERTIFIED certified=1 feasible=1 iters=5 generatedColsBeforeNode=0 newCols=56 posCandidates=56 duplicateCandidates=0 updatedCols=0 zeroObjImproveIters=0 objFirst=142642942.220906 objLast=173422316.228476 objGain=30779374.007570 maxRC=59463484.407561 wallSec=0.013557 pricingSec=0.009315 cplexSolveSec=0.002430
    [CG] CG iter 1: obj=141608777.479971, maxRC=59078639.542722, +23 cols
      [BB] 根节点即为整数解，obj=173422316.228476
    [CG]   [DIAG] iter=1 posCols=23 newCols=23 effImprove=23 updated=0
    [CG] CG iter 2: obj=159171062.461338, maxRC=9890113.011474, +17 cols
    [CG]   [DIAG] iter=2 posCols=17 newCols=17 effImprove=17 updated=0
    [CG] CG iter 3: obj=169108179.573687, maxRC=3282509.593084, +12 cols
    [CG]   [DIAG] iter=3 posCols=12 newCols=12 effImprove=12 updated=0
    [CG] CG iter 4: obj=172390689.166771, maxRC=1479086.357144, +4 cols
    [CG]   [DIAG] iter=4 posCols=4 newCols=4 effImprove=4 updated=0
    [CG] CG iter 5: obj=172390689.166771, maxRC=1101019.962873, +3 cols
    [CG]   [DIAG] iter=5 posCols=3 newCols=3 effImprove=3 updated=0
    [CG] 列生成收敛，共 6 轮迭代
    [CG] [CG-NODE] depth=0 exit=CERTIFIED certified=1 feasible=1 iters=6 generatedColsBeforeNode=0 newCols=59 posCandidates=59 duplicateCandidates=0 updatedCols=0 zeroObjImproveIters=1 objFirst=141608777.479971 objLast=172420483.196140 objGain=30811705.716170 maxRC=59078639.542722 wallSec=0.017240 pricingSec=0.012178 cplexSolveSec=0.002868
      [BB] 根节点即为整数解，obj=172420483.196140
[GA] 代数 1: Best=173966640.23, Avg=173268968.85, Worst=172307611.16, Valid=30/30, 耗时=0.05s (连续1代未提升)
  ├─ 求解: 30 个体 fork 并行 | CG迭代=122 加列=1310 BB分支=0
  ├─ 并行墙钟=0.0508s | 串行等效(ΣBP)=0.3003s | 加速比=5.91x
  ├─ 管理开销=-0.2495s (fork=0.0033 wait=0.0472 merge=0.0003)
  └─ CG明细: gen_logs/run_gen1_ind{0..29}.log
    [CG] 列生成开始，初始列数=128
    [CG] 列生成开始，初始列数=128
    [CG] 列生成开始，初始列数=128
    [CG] 列生成开始，初始列数=128
    [CG] 列生成开始，初始列数=128
    [CG] 列生成开始，初始列数=128
    [CG] 列生成开始，初始列数=128
    [CG] 列生成开始，初始列数=128
    [CG] CG iter 1: obj=142304853.652414, maxRC=59454952.143986, +23 cols
    [CG]   [DIAG] iter=1 posCols=23 newCols=23 effImprove=23 updated=0
    [CG] CG iter 1: obj=142900974.327536, maxRC=59463718.305246, +23 cols
    [CG]   [DIAG] iter=1 posCols=23 newCols=23 effImprove=23 updated=0
    [CG] CG iter 2: obj=160129902.250534, maxRC=10510954.465071, +17 cols
    [CG]   [DIAG] iter=2 posCols=17 newCols=17 effImprove=17 updated=0
    [CG] CG iter 2: obj=160376662.688392, maxRC=10667374.768120, +17 cols
    [CG]   [DIAG] iter=2 posCols=17 newCols=17 effImprove=17 updated=0
    [CG] CG iter 1: obj=142602128.645907, maxRC=59496208.615881, +23 cols
    [CG]   [DIAG] iter=1 posCols=23 newCols=23 effImprove=23 updated=0
    [CG] CG iter 3: obj=165348053.481161, maxRC=8691532.828583, +12 cols
    [CG]   [DIAG] iter=3 posCols=12 newCols=12 effImprove=12 updated=0
    [CG] CG iter 3: obj=166677635.908453, maxRC=6274706.055212, +11 cols
    [CG]   [DIAG] iter=3 posCols=11 newCols=11 effImprove=11 updated=0
    [CG] CG iter 4: obj=170349240.127022, maxRC=3283457.545345, +9 cols
    [CG]   [DIAG] iter=4 posCols=9 newCols=9 effImprove=9 updated=0
    [CG] CG iter 2: obj=160156954.083957, maxRC=10610487.321379, +17 cols
    [CG]   [DIAG] iter=2 posCols=17 newCols=17 effImprove=17 updated=0
    [CG] CG iter 4: obj=169325016.201864, maxRC=4083352.675988, +5 cols
    [CG]   [DIAG] iter=4 posCols=5 newCols=5 effImprove=5 updated=0
    [CG] CG iter 5: obj=170349240.127022, maxRC=2900845.293743, +9 cols
    [CG] CG iter 1: obj=142571076.361662, maxRC=59318540.330587, +23 cols
    [CG]   [DIAG] iter=5 posCols=9 newCols=9 effImprove=9 updated=0
    [CG]   [DIAG] iter=1 posCols=23 newCols=23 effImprove=23 updated=0
    [CG] CG iter 1: obj=142793928.749308, maxRC=59499005.918279, +23 cols
    [CG] 列生成收敛，共 5 轮迭代
    [CG] [CG-NODE] depth=0 exit=CERTIFIED certified=1 feasible=1 iters=5 generatedColsBeforeNode=0 newCols=56 posCandidates=56 duplicateCandidates=0 updatedCols=0 zeroObjImproveIters=0 objFirst=142900974.327536 objLast=173522535.254510 objGain=30621560.926974 maxRC=59463718.305246 wallSec=0.009674 pricingSec=0.006360 cplexSolveSec=0.001865
    [CG]   [DIAG] iter=1 posCols=23 newCols=23 effImprove=23 updated=0
    [CG] CG iter 6: obj=173250085.420765, maxRC=712004.525240, +5 cols
    [CG]   [DIAG] iter=6 posCols=5 newCols=5 effImprove=5 updated=0
      [BB] 根节点即为整数解，obj=173522535.254510
    [CG] CG iter 3: obj=166457852.095307, maxRC=6217987.498643, +12 cols
    [CG]   [DIAG] iter=3 posCols=12 newCols=12 effImprove=12 updated=0
    [CG] 列生成收敛，共 7 轮迭代
    [CG] [CG-NODE] depth=0 exit=CERTIFIED certified=1 feasible=1 iters=7 generatedColsBeforeNode=0 newCols=75 posCandidates=75 duplicateCandidates=0 updatedCols=0 zeroObjImproveIters=2 objFirst=142304853.652414 objLast=173250085.420765 objGain=30945231.768351 maxRC=59454952.143986 wallSec=0.009755 pricingSec=0.006174 cplexSolveSec=0.002106
      [BB] 根节点即为整数解，obj=173250085.420765
    [CG] CG iter 4: obj=169119720.077416, maxRC=4070679.933405, +5 cols
    [CG]   [DIAG] iter=4 posCols=5 newCols=5 effImprove=5 updated=0
    [CG] CG iter 2: obj=160588463.156965, maxRC=10673012.447619, +17 cols
    [CG] CG iter 2: obj=159912237.756852, maxRC=10497437.576355, +17 cols
    [CG]   [DIAG] iter=2 posCols=17 newCols=17 effImprove=17 updated=0
    [CG]   [DIAG] iter=2 posCols=17 newCols=17 effImprove=17 updated=0
    [CG] 列生成收敛，共 5 轮迭代
    [CG] [CG-NODE] depth=0 exit=CERTIFIED certified=1 feasible=1 iters=5 generatedColsBeforeNode=0 newCols=57 posCandidates=57 duplicateCandidates=0 updatedCols=0 zeroObjImproveIters=0 objFirst=142602128.645907 objLast=173373214.692178 objGain=30771086.046271 maxRC=59496208.615881 wallSec=0.011643 pricingSec=0.007873 cplexSolveSec=0.002111
      [BB] 根节点即为整数解，obj=173373214.692178
    [CG] 列生成开始，初始列数=128
    [CG] CG iter 1: obj=143004942.676631, maxRC=59519752.128890, +23 cols
    [CG] CG iter 1: obj=142612177.571269, maxRC=59486941.745811, +23 cols
    [CG]   [DIAG] iter=1 posCols=23 newCols=23 effImprove=23 updated=0
    [CG] CG iter 3: obj=166925658.541855, maxRC=6263033.140195, +11 cols
    [CG]   [DIAG] iter=3 posCols=11 newCols=11 effImprove=11 updated=0
    [CG]   [DIAG] iter=1 posCols=23 newCols=23 effImprove=23 updated=0
    [CG] CG iter 3: obj=166184371.813246, maxRC=6258352.609701, +12 cols
    [CG] CG iter 1: obj=142708257.713331, maxRC=59515456.215058, +23 cols
    [CG]   [DIAG] iter=3 posCols=12 newCols=12 effImprove=12 updated=0
    [CG] 列生成开始，初始列数=128
    [CG]   [DIAG] iter=1 posCols=23 newCols=23 effImprove=23 updated=0
    [CG] 列生成开始，初始列数=128
    [CG] CG iter 4: obj=169597788.556639, maxRC=4096960.375017, +5 cols
    [CG]   [DIAG] iter=4 posCols=5 newCols=5 effImprove=5 updated=0
    [CG] CG iter 2: obj=160526377.661008, maxRC=10623485.371715, +17 cols
    [CG] CG iter 4: obj=168838267.187699, maxRC=4133289.851045, +5 cols
    [CG]   [DIAG] iter=2 posCols=17 newCols=17 effImprove=17 updated=0
    [CG] CG iter 2: obj=160271508.852127, maxRC=10680606.997167, +17 cols
    [CG]   [DIAG] iter=4 posCols=5 newCols=5 effImprove=5 updated=0
    [CG] 列生成收敛，共 5 轮迭代
    [CG] [CG-NODE] depth=0 exit=CERTIFIED certified=1 feasible=1 iters=5 generatedColsBeforeNode=0 newCols=56 posCandidates=56 duplicateCandidates=0 updatedCols=0 zeroObjImproveIters=0 objFirst=142793928.749308 objLast=173801110.183245 objGain=31007181.433937 maxRC=59499005.918279 wallSec=0.015060 pricingSec=0.010312 cplexSolveSec=0.002694
    [CG]   [DIAG] iter=2 posCols=17 newCols=17 effImprove=17 updated=0
      [BB] 根节点即为整数解，obj=173801110.183245
    [CG] CG iter 2: obj=160245336.773244, maxRC=10624215.985077, +16 cols
    [CG]   [DIAG] iter=2 posCols=16 newCols=16 effImprove=16 updated=0
    [CG] 列生成收敛，共 5 轮迭代
    [CG] [CG-NODE] depth=0 exit=CERTIFIED certified=1 feasible=1 iters=5 generatedColsBeforeNode=0 newCols=57 posCandidates=57 duplicateCandidates=0 updatedCols=0 zeroObjImproveIters=0 objFirst=142571076.361662 objLast=173098597.478108 objGain=30527521.116446 maxRC=59318540.330587 wallSec=0.015447 pricingSec=0.010254 cplexSolveSec=0.003085
      [BB] 根节点即为整数解，obj=173098597.478108
    [CG] CG iter 3: obj=166911864.673178, maxRC=6264151.247709, +12 cols
    [CG]   [DIAG] iter=3 posCols=12 newCols=12 effImprove=12 updated=0
    [CG] CG iter 3: obj=166542586.096533, maxRC=6267720.277090, +11 cols
    [CG]   [DIAG] iter=3 posCols=11 newCols=11 effImprove=11 updated=0
    [CG] CG iter 3: obj=164161393.937443, maxRC=5032629.846268, +14 cols
    [CG]   [DIAG] iter=3 posCols=14 newCols=14 effImprove=14 updated=0
    [CG] CG iter 4: obj=169619148.842563, maxRC=4143818.615667, +5 cols
    [CG]   [DIAG] iter=4 posCols=5 newCols=5 effImprove=5 updated=0
    [CG] CG iter 4: obj=169201844.523786, maxRC=4059972.522682, +5 cols
    [CG] 列生成开始，初始列数=128
    [CG]   [DIAG] iter=4 posCols=5 newCols=5 effImprove=5 updated=0
    [CG] CG iter 4: obj=173376589.420407, maxRC=2636119.390939, +6 cols
    [CG]   [DIAG] iter=4 posCols=6 newCols=6 effImprove=6 updated=0
    [CG] 列生成收敛，共 5 轮迭代
    [CG] [CG-NODE] depth=0 exit=CERTIFIED certified=1 feasible=1 iters=5 generatedColsBeforeNode=0 newCols=57 posCandidates=57 duplicateCandidates=0 updatedCols=0 zeroObjImproveIters=0 objFirst=143004942.676631 objLast=173837535.522954 objGain=30832592.846323 maxRC=59519752.128890 wallSec=0.017594 pricingSec=0.012235 cplexSolveSec=0.002842
    [CG] 列生成收敛，共 5 轮迭代
      [BB] 根节点即为整数解，obj=173837535.522954
    [CG] [CG-NODE] depth=0 exit=CERTIFIED certified=1 feasible=1 iters=5 generatedColsBeforeNode=0 newCols=56 posCandidates=56 duplicateCandidates=0 updatedCols=0 zeroObjImproveIters=0 objFirst=142612177.571269 objLast=173409068.702948 objGain=30796891.131680 maxRC=59486941.745811 wallSec=0.017354 pricingSec=0.012251 cplexSolveSec=0.002822
    [CG] CG iter 5: obj=173376589.420407, maxRC=307871.374072, +1 cols
      [BB] 根节点即为整数解，obj=173409068.702948
    [CG]   [DIAG] iter=5 posCols=1 newCols=1 effImprove=1 updated=0
    [CG] 列生成收敛，共 6 轮迭代
    [CG] [CG-NODE] depth=0 exit=CERTIFIED certified=1 feasible=1 iters=6 generatedColsBeforeNode=0 newCols=60 posCandidates=60 duplicateCandidates=0 updatedCols=0 zeroObjImproveIters=2 objFirst=142708257.713331 objLast=173376589.420407 objGain=30668331.707076 maxRC=59515456.215058 wallSec=0.018405 pricingSec=0.012551 cplexSolveSec=0.003240
      [BB] 根节点即为整数解，obj=173376589.420407
    [CG] 列生成开始，初始列数=128
    [CG] CG iter 1: obj=142435192.298895, maxRC=59289276.159537, +23 cols
    [CG]   [DIAG] iter=1 posCols=23 newCols=23 effImprove=23 updated=0
    [CG] 列生成开始，初始列数=128
    [CG] 列生成开始，初始列数=128
    [CG] CG iter 2: obj=159881635.873786, maxRC=9448702.530879, +17 cols
    [CG]   [DIAG] iter=2 posCols=17 newCols=17 effImprove=17 updated=0
    [CG] CG iter 3: obj=173047983.630683, maxRC=1651521.161519, +6 cols
    [CG]   [DIAG] iter=3 posCols=6 newCols=6 effImprove=6 updated=0
    [CG] CG iter 4: obj=173047983.630683, maxRC=1435425.314850, +4 cols
    [CG]   [DIAG] iter=4 posCols=4 newCols=4 effImprove=4 updated=0
    [CG] CG iter 1: obj=142098115.497307, maxRC=59471966.825876, +23 cols
    [CG] 列生成开始，初始列数=128
    [CG]   [DIAG] iter=1 posCols=23 newCols=23 effImprove=23 updated=0
    [CG] CG iter 5: obj=173047983.630683, maxRC=411212.787440, +3 cols
    [CG]   [DIAG] iter=5 posCols=3 newCols=3 effImprove=3 updated=0
    [CG] 列生成收敛，共 6 轮迭代
    [CG] [CG-NODE] depth=0 exit=CERTIFIED certified=1 feasible=1 iters=6 generatedColsBeforeNode=0 newCols=53 posCandidates=53 duplicateCandidates=0 updatedCols=0 zeroObjImproveIters=3 objFirst=142435192.298895 objLast=173047983.630683 objGain=30612791.331788 maxRC=59289276.159537 wallSec=0.009964 pricingSec=0.006578 cplexSolveSec=0.001889
      [BB] 根节点即为整数解，obj=173047983.630683
    [CG] CG iter 1: obj=142697372.994683, maxRC=59493631.870395, +23 cols
    [CG] CG iter 2: obj=159742478.197329, maxRC=10693243.339445, +17 cols
    [CG]   [DIAG] iter=1 posCols=23 newCols=23 effImprove=23 updated=0
    [CG]   [DIAG] iter=2 posCols=17 newCols=17 effImprove=17 updated=0
    [CG] CG iter 1: obj=143251224.221748, maxRC=59519752.128890, +23 cols
    [CG] CG iter 2: obj=160212235.516718, maxRC=10609892.441738, +16 cols
    [CG]   [DIAG] iter=1 posCols=23 newCols=23 effImprove=23 updated=0
    [CG]   [DIAG] iter=2 posCols=16 newCols=16 effImprove=16 updated=0
    [CG] 列生成开始，初始列数=128
    [CG] CG iter 3: obj=164131285.608057, maxRC=5034655.073235, +14 cols
    [CG]   [DIAG] iter=3 posCols=14 newCols=14 effImprove=14 updated=0
    [CG] CG iter 3: obj=165993684.804241, maxRC=6261888.522459, +11 cols
    [CG]   [DIAG] iter=3 posCols=11 newCols=11 effImprove=11 updated=0
    [CG] CG iter 4: obj=173351519.159316, maxRC=2636962.606939, +6 cols
    [CG]   [DIAG] iter=4 posCols=6 newCols=6 effImprove=6 updated=0
    [CG] CG iter 2: obj=160626609.885663, maxRC=10623485.371715, +17 cols
    [CG]   [DIAG] iter=2 posCols=17 newCols=17 effImprove=17 updated=0
    [CG] CG iter 5: obj=173351519.159316, maxRC=316086.467882, +1 cols
    [CG]   [DIAG] iter=5 posCols=1 newCols=1 effImprove=1 updated=0
    [CG] 列生成收敛，共 6 轮迭代
    [CG] [CG-NODE] depth=0 exit=CERTIFIED certified=1 feasible=1 iters=6 generatedColsBeforeNode=0 newCols=60 posCandidates=60 duplicateCandidates=0 updatedCols=0 zeroObjImproveIters=2 objFirst=142697372.994683 objLast=173351519.159316 objGain=30654146.164633 maxRC=59493631.870395 wallSec=0.010326 pricingSec=0.006923 cplexSolveSec=0.001854
      [BB] 根节点即为整数解，obj=173351519.159316
    [CG] CG iter 4: obj=168644237.451878, maxRC=4047068.438134, +5 cols
    [CG]   [DIAG] iter=4 posCols=5 newCols=5 effImprove=5 updated=0
    [CG] CG iter 1: obj=143180232.630678, maxRC=59519752.128890, +23 cols
    [CG] CG iter 1: obj=143140781.685853, maxRC=59519752.128890, +23 cols
    [CG]   [DIAG] iter=1 posCols=23 newCols=23 effImprove=23 updated=0
    [CG]   [DIAG] iter=1 posCols=23 newCols=23 effImprove=23 updated=0
    [CG] CG iter 3: obj=167016623.700350, maxRC=6256929.157163, +12 cols
    [CG] 列生成收敛，共 5 轮迭代
    [CG] [CG-NODE] depth=0 exit=CERTIFIED certified=1 feasible=1 iters=5 generatedColsBeforeNode=0 newCols=56 posCandidates=56 duplicateCandidates=0 updatedCols=0 zeroObjImproveIters=0 objFirst=142098115.497307 objLast=172848202.373089 objGain=30750086.875782 maxRC=59471966.825876 wallSec=0.016545 pricingSec=0.011529 cplexSolveSec=0.002794
    [CG]   [DIAG] iter=3 posCols=12 newCols=12 effImprove=12 updated=0
      [BB] 根节点即为整数解，obj=172848202.373089
    [CG] CG iter 2: obj=160626561.269259, maxRC=10623485.371715, +17 cols
    [CG]   [DIAG] iter=2 posCols=17 newCols=17 effImprove=17 updated=0
    [CG] CG iter 2: obj=160626582.892513, maxRC=10623485.371715, +17 cols
    [CG]   [DIAG] iter=2 posCols=17 newCols=17 effImprove=17 updated=0
    [CG] CG iter 3: obj=167020877.704787, maxRC=6255299.218251, +12 cols
    [CG]   [DIAG] iter=3 posCols=12 newCols=12 effImprove=12 updated=0
    [CG] CG iter 4: obj=169710745.324475, maxRC=4140082.867265, +5 cols
    [CG]   [DIAG] iter=4 posCols=5 newCols=5 effImprove=5 updated=0
    [CG] CG iter 3: obj=167009756.782389, maxRC=6259801.110110, +12 cols
    [CG]   [DIAG] iter=3 posCols=12 newCols=12 effImprove=12 updated=0
    [CG] 列生成开始，初始列数=128
    [CG] CG iter 4: obj=169719309.844714, maxRC=4143805.047541, +5 cols
    [CG]   [DIAG] iter=4 posCols=5 newCols=5 effImprove=5 updated=0
    [CG] CG iter 4: obj=169697042.678350, maxRC=4133809.261975, +5 cols
    [CG]   [DIAG] iter=4 posCols=5 newCols=5 effImprove=5 updated=0
    [CG] 列生成收敛，共 5 轮迭代
    [CG] [CG-NODE] depth=0 exit=CERTIFIED certified=1 feasible=1 iters=5 generatedColsBeforeNode=0 newCols=57 posCandidates=57 duplicateCandidates=0 updatedCols=0 zeroObjImproveIters=0 objFirst=143251224.221748 objLast=173929141.412345 objGain=30677917.190597 maxRC=59519752.128890 wallSec=0.017925 pricingSec=0.012408 cplexSolveSec=0.002935
    [CG] 列生成收敛，共 5 轮迭代
    [CG] [CG-NODE] depth=0 exit=CERTIFIED certified=1 feasible=1 iters=5 generatedColsBeforeNode=0 newCols=57 posCandidates=57 duplicateCandidates=0 updatedCols=0 zeroObjImproveIters=0 objFirst=143180232.630678 objLast=173937705.932584 objGain=30757473.301907 maxRC=59519752.128890 wallSec=0.010195 pricingSec=0.006974 cplexSolveSec=0.001697
    [CG] 列生成开始，初始列数=128
      [BB] 根节点即为整数解，obj=173929141.412345
      [BB] 根节点即为整数解，obj=173937705.932584
    [CG] 列生成收敛，共 5 轮迭代
    [CG] [CG-NODE] depth=0 exit=CERTIFIED certified=1 feasible=1 iters=5 generatedColsBeforeNode=0 newCols=57 posCandidates=57 duplicateCandidates=0 updatedCols=0 zeroObjImproveIters=0 objFirst=143140781.685853 objLast=173915438.766220 objGain=30774657.080367 maxRC=59519752.128890 wallSec=0.010529 pricingSec=0.007302 cplexSolveSec=0.001710
      [BB] 根节点即为整数解，obj=173915438.766220
    [CG] CG iter 1: obj=143259133.022679, maxRC=59519752.128890, +23 cols
    [CG]   [DIAG] iter=1 posCols=23 newCols=23 effImprove=23 updated=0
    [CG] CG iter 1: obj=142588038.037571, maxRC=58988715.072660, +23 cols
    [CG] CG iter 2: obj=160626614.962799, maxRC=10623485.371715, +17 cols
    [CG]   [DIAG] iter=2 posCols=17 newCols=17 effImprove=17 updated=0
    [CG]   [DIAG] iter=1 posCols=23 newCols=23 effImprove=23 updated=0
    [CG] 列生成开始，初始列数=128
    [CG] CG iter 3: obj=167020946.374425, maxRC=6255306.848253, +12 cols
    [CG]   [DIAG] iter=3 posCols=12 newCols=12 effImprove=12 updated=0
    [CG] 列生成开始，初始列数=128
    [CG] 列生成开始，初始列数=128
    [CG] CG iter 4: obj=169719386.144354, maxRC=4143818.615667, +5 cols
    [CG]   [DIAG] iter=4 posCols=5 newCols=5 effImprove=5 updated=0
    [CG] 列生成收敛，共 5 轮迭代
    [CG] [CG-NODE] depth=0 exit=CERTIFIED certified=1 feasible=1 iters=5 generatedColsBeforeNode=0 newCols=57 posCandidates=57 duplicateCandidates=0 updatedCols=0 zeroObjImproveIters=0 objFirst=143259133.022679 objLast=173937772.824745 objGain=30678639.802066 maxRC=59519752.128890 wallSec=0.008719 pricingSec=0.005694 cplexSolveSec=0.001631
      [BB] 根节点即为整数解，obj=173937772.824745
    [CG] CG iter 2: obj=159643366.732098, maxRC=10319022.738027, +17 cols
    [CG]   [DIAG] iter=2 posCols=17 newCols=17 effImprove=17 updated=0
    [CG] CG iter 1: obj=142685622.209060, maxRC=59482656.306939, +23 cols
    [CG]   [DIAG] iter=1 posCols=23 newCols=23 effImprove=23 updated=0
    [CG] CG iter 3: obj=166089519.468166, maxRC=6258668.004105, +12 cols
    [CG]   [DIAG] iter=3 posCols=12 newCols=12 effImprove=12 updated=0
    [CG] CG iter 2: obj=160298346.849802, maxRC=10680306.561876, +17 cols
    [CG]   [DIAG] iter=2 posCols=17 newCols=17 effImprove=17 updated=0
    [CG] CG iter 1: obj=142525685.912961, maxRC=59440828.919552, +23 cols
    [CG]   [DIAG] iter=1 posCols=23 newCols=23 effImprove=23 updated=0
    [CG] CG iter 4: obj=168800144.726865, maxRC=4353244.451552, +5 cols
    [CG] CG iter 1: obj=142696781.098210, maxRC=59514752.353464, +23 cols
    [CG]   [DIAG] iter=4 posCols=5 newCols=5 effImprove=5 updated=0
    [CG] CG iter 1: obj=142539309.408758, maxRC=59508232.137877, +23 cols
    [CG]   [DIAG] iter=1 posCols=23 newCols=23 effImprove=23 updated=0
    [CG]   [DIAG] iter=1 posCols=23 newCols=23 effImprove=23 updated=0
    [CG] CG iter 1: obj=142648999.597440, maxRC=59462775.467099, +23 cols
    [CG]   [DIAG] iter=1 posCols=23 newCols=23 effImprove=23 updated=0
    [CG] CG iter 2: obj=160333212.944905, maxRC=10591427.934150, +17 cols
    [CG]   [DIAG] iter=2 posCols=17 newCols=17 effImprove=17 updated=0
    [CG] 列生成收敛，共 5 轮迭代
    [CG] [CG-NODE] depth=0 exit=CERTIFIED certified=1 feasible=1 iters=5 generatedColsBeforeNode=0 newCols=57 posCandidates=57 duplicateCandidates=0 updatedCols=0 zeroObjImproveIters=0 objFirst=142588038.037571 objLast=173153389.178417 objGain=30565351.140846 maxRC=58988715.072660 wallSec=0.018874 pricingSec=0.012901 cplexSolveSec=0.003374
    [CG] CG iter 2: obj=160245946.478862, maxRC=10624149.900787, +16 cols
    [CG]   [DIAG] iter=2 posCols=16 newCols=16 effImprove=16 updated=0
    [CG] CG iter 2: obj=160195030.827198, maxRC=10671222.699321, +16 cols
    [CG] CG iter 3: obj=166577752.730797, maxRC=6270419.098893, +11 cols
    [CG]   [DIAG] iter=2 posCols=16 newCols=16 effImprove=16 updated=0
    [CG]   [DIAG] iter=3 posCols=11 newCols=11 effImprove=11 updated=0
      [BB] 根节点即为整数解，obj=173153389.178417
    [CG] CG iter 2: obj=160280795.869076, maxRC=10666918.056944, +17 cols
    [CG] CG iter 3: obj=166547223.073516, maxRC=6340949.932235, +12 cols
    [CG]   [DIAG] iter=2 posCols=17 newCols=17 effImprove=17 updated=0
    [CG]   [DIAG] iter=3 posCols=12 newCols=12 effImprove=12 updated=0
    [CG] CG iter 3: obj=164162002.799103, maxRC=5032856.070033, +14 cols
    [CG]   [DIAG] iter=3 posCols=14 newCols=14 effImprove=14 updated=0
    [CG] CG iter 3: obj=164111782.439654, maxRC=5032856.070033, +14 cols
    [CG]   [DIAG] iter=3 posCols=14 newCols=14 effImprove=14 updated=0
    [CG] CG iter 4: obj=169083907.380544, maxRC=4009128.973723, +5 cols
    [CG]   [DIAG] iter=4 posCols=5 newCols=5 effImprove=5 updated=0
    [CG] CG iter 4: obj=169239617.860885, maxRC=4066800.822713, +5 cols
    [CG]   [DIAG] iter=4 posCols=5 newCols=5 effImprove=5 updated=0
    [CG] CG iter 3: obj=166573553.348308, maxRC=6283094.693513, +11 cols
    [CG] CG iter 4: obj=173377443.576063, maxRC=2636213.579901, +6 cols
    [CG]   [DIAG] iter=3 posCols=11 newCols=11 effImprove=11 updated=0
    [CG]   [DIAG] iter=4 posCols=6 newCols=6 effImprove=6 updated=0
    [CG] CG iter 4: obj=173313550.937320, maxRC=2636213.579901, +6 cols
    [CG]   [DIAG] iter=4 posCols=6 newCols=6 effImprove=6 updated=0
    [CG] 列生成收敛，共 5 轮迭代
    [CG] [CG-NODE] depth=0 exit=CERTIFIED certified=1 feasible=1 iters=5 generatedColsBeforeNode=0 newCols=57 posCandidates=57 duplicateCandidates=0 updatedCols=0 zeroObjImproveIters=0 objFirst=142525685.912961 objLast=173301727.095357 objGain=30776041.182396 maxRC=59440828.919552 wallSec=0.010184 pricingSec=0.006739 cplexSolveSec=0.001495
      [BB] 根节点即为整数解，obj=173301727.095357
    [CG] CG iter 5: obj=173377443.576063, maxRC=308314.087776, +1 cols
    [CG]   [DIAG] iter=5 posCols=1 newCols=1 effImprove=1 updated=0
    [CG] CG iter 5: obj=173313550.937320, maxRC=324911.829429, +1 cols
    [CG]   [DIAG] iter=5 posCols=1 newCols=1 effImprove=1 updated=0
    [CG] CG iter 4: obj=169229322.280020, maxRC=4083695.672246, +5 cols
    [CG] 列生成收敛，共 5 轮迭代
    [CG]   [DIAG] iter=4 posCols=5 newCols=5 effImprove=5 updated=0
    [CG] [CG-NODE] depth=0 exit=CERTIFIED certified=1 feasible=1 iters=5 generatedColsBeforeNode=0 newCols=56 posCandidates=56 duplicateCandidates=0 updatedCols=0 zeroObjImproveIters=0 objFirst=142685622.209060 objLast=173444148.046001 objGain=30758525.836941 maxRC=59482656.306939 wallSec=0.017785 pricingSec=0.012359 cplexSolveSec=0.003023
    [CG] 列生成收敛，共 6 轮迭代
    [CG] [CG-NODE] depth=0 exit=CERTIFIED certified=1 feasible=1 iters=6 generatedColsBeforeNode=0 newCols=60 posCandidates=60 duplicateCandidates=0 updatedCols=0 zeroObjImproveIters=2 objFirst=142696781.098210 objLast=173377443.576063 objGain=30680662.477853 maxRC=59514752.353464 wallSec=0.007837 pricingSec=0.005305 cplexSolveSec=0.001412
      [BB] 根节点即为整数解，obj=173444148.046001
    [CG] 列生成收敛，共 6 轮迭代
    [CG] [CG-NODE] depth=0 exit=CERTIFIED certified=1 feasible=1 iters=6 generatedColsBeforeNode=0 newCols=60 posCandidates=60 duplicateCandidates=0 updatedCols=0 zeroObjImproveIters=2 objFirst=142539309.408758 objLast=173313550.937320 objGain=30774241.528562 maxRC=59508232.137877 wallSec=0.007450 pricingSec=0.004654 cplexSolveSec=0.001550
      [BB] 根节点即为整数解，obj=173377443.576063
    [CG] 列生成收敛，共 5 轮迭代
    [CG] [CG-NODE] depth=0 exit=CERTIFIED certified=1 feasible=1 iters=5 generatedColsBeforeNode=0 newCols=56 posCandidates=56 duplicateCandidates=0 updatedCols=0 zeroObjImproveIters=0 objFirst=142648999.597440 objLast=173426879.718036 objGain=30777880.120595 maxRC=59462775.467099 wallSec=0.009853 pricingSec=0.006948 cplexSolveSec=0.001602
      [BB] 根节点即为整数解，obj=173313550.937320
      [BB] 根节点即为整数解，obj=173426879.718036
    [CG] CG iter 1: obj=142120585.935934, maxRC=59472890.889319, +23 cols
    [CG]   [DIAG] iter=1 posCols=23 newCols=23 effImprove=23 updated=0
    [CG] CG iter 2: obj=160151903.030706, maxRC=9291500.109002, +17 cols
    [CG]   [DIAG] iter=2 posCols=17 newCols=17 effImprove=17 updated=0
    [CG] CG iter 3: obj=173298613.003465, maxRC=1397534.327065, +3 cols
    [CG]   [DIAG] iter=3 posCols=3 newCols=3 effImprove=3 updated=0
    [CG] CG iter 4: obj=173298613.003465, maxRC=317099.837574, +4 cols
    [CG]   [DIAG] iter=4 posCols=4 newCols=4 effImprove=4 updated=0
    [CG] 列生成收敛，共 5 轮迭代
    [CG] [CG-NODE] depth=0 exit=CERTIFIED certified=1 feasible=1 iters=5 generatedColsBeforeNode=0 newCols=47 posCandidates=47 duplicateCandidates=0 updatedCols=0 zeroObjImproveIters=2 objFirst=142120585.935934 objLast=173298613.003465 objGain=31178027.067530 maxRC=59472890.889319 wallSec=0.010124 pricingSec=0.006727 cplexSolveSec=0.001768
      [BB] 根节点即为整数解，obj=173298613.003465
[GA] 代数 2: Best=173966658.51, Avg=173550531.57, Worst=172877088.06, Valid=30/30, 耗时=0.04s (连续2代未提升)
  ├─ 求解: 30 个体 fork 并行 | CG迭代=117 加列=1264 BB分支=0
  ├─ 并行墙钟=0.0426s | 串行等效(ΣBP)=0.2861s | 加速比=6.71x
  ├─ 管理开销=-0.2434s (fork=0.0032 wait=0.0392 merge=0.0003)
  └─ CG明细: gen_logs/run_gen2_ind{0..29}.log
    [CG] 列生成开始，初始列数=128
    [CG] 列生成开始，初始列数=128
    [CG] 列生成开始，初始列数=128
    [CG] 列生成开始，初始列数=128
    [CG] 列生成开始，初始列数=128
    [CG] 列生成开始，初始列数=128
    [CG] 列生成开始，初始列数=128
    [CG] 列生成开始，初始列数=128
    [CG] CG iter 1: obj=142940705.248565, maxRC=59484204.303632, +23 cols
    [CG]   [DIAG] iter=1 posCols=23 newCols=23 effImprove=23 updated=0
    [CG] CG iter 1: obj=142902384.518008, maxRC=59463009.364783, +23 cols
    [CG] CG iter 1: obj=142824489.922920, maxRC=59462775.467099, +23 cols
    [CG]   [DIAG] iter=1 posCols=23 newCols=23 effImprove=23 updated=0
    [CG]   [DIAG] iter=1 posCols=23 newCols=23 effImprove=23 updated=0
    [CG] CG iter 1: obj=142717756.975079, maxRC=59515456.215058, +23 cols
    [CG]   [DIAG] iter=1 posCols=23 newCols=23 effImprove=23 updated=0
    [CG] CG iter 1: obj=142795942.525860, maxRC=59504195.155587, +23 cols
    [CG]   [DIAG] iter=1 posCols=23 newCols=23 effImprove=23 updated=0
    [CG] CG iter 2: obj=160517578.828694, maxRC=10681308.670393, +17 cols
    [CG] CG iter 2: obj=160338459.230182, maxRC=10591153.455021, +17 cols
    [CG]   [DIAG] iter=2 posCols=17 newCols=17 effImprove=17 updated=0
    [CG]   [DIAG] iter=2 posCols=17 newCols=17 effImprove=17 updated=0
    [CG] CG iter 2: obj=160376843.368084, maxRC=10665089.080705, +17 cols
    [CG]   [DIAG] iter=2 posCols=17 newCols=17 effImprove=17 updated=0
    [CG] CG iter 2: obj=160442222.079984, maxRC=10628582.604275, +17 cols
    [CG] CG iter 2: obj=160245336.773244, maxRC=10624215.985077, +16 cols
    [CG]   [DIAG] iter=2 posCols=17 newCols=17 effImprove=17 updated=0
    [CG] CG iter 3: obj=166732127.643299, maxRC=6265092.626855, +12 cols
    [CG]   [DIAG] iter=2 posCols=16 newCols=16 effImprove=16 updated=0
    [CG]   [DIAG] iter=3 posCols=12 newCols=12 effImprove=12 updated=0
    [CG] CG iter 3: obj=166829113.875655, maxRC=6268238.370220, +11 cols
    [CG]   [DIAG] iter=3 posCols=11 newCols=11 effImprove=11 updated=0
    [CG] CG iter 3: obj=166678772.046340, maxRC=6274982.295561, +11 cols
    [CG]   [DIAG] iter=3 posCols=11 newCols=11 effImprove=11 updated=0
    [CG] CG iter 4: obj=169441657.325657, maxRC=4168573.669318, +5 cols
    [CG]   [DIAG] iter=4 posCols=5 newCols=5 effImprove=5 updated=0
    [CG] CG iter 3: obj=166807914.706417, maxRC=6243599.568451, +12 cols
    [CG]   [DIAG] iter=3 posCols=12 newCols=12 effImprove=12 updated=0
    [CG] CG iter 4: obj=169488798.277070, maxRC=4084891.590197, +5 cols
    [CG]   [DIAG] iter=4 posCols=5 newCols=5 effImprove=5 updated=0
    [CG] CG iter 4: obj=169325867.743246, maxRC=4084242.940974, +5 cols
    [CG]   [DIAG] iter=4 posCols=5 newCols=5 effImprove=5 updated=0
    [CG] CG iter 1: obj=142872558.231620, maxRC=59506234.192929, +23 cols
    [CG] 列生成收敛，共 5 轮迭代
    [CG] CG iter 3: obj=164171965.520852, maxRC=5032629.846268, +14 cols
    [CG] [CG-NODE] depth=0 exit=CERTIFIED certified=1 feasible=1 iters=5 generatedColsBeforeNode=0 newCols=57 posCandidates=57 duplicateCandidates=0 updatedCols=0 zeroObjImproveIters=0 objFirst=142824489.922920 objLast=173662378.841533 objGain=30837888.918613 maxRC=59462775.467099 wallSec=0.007103 pricingSec=0.004430 cplexSolveSec=0.001244
    [CG]   [DIAG] iter=3 posCols=14 newCols=14 effImprove=14 updated=0
      [BB] 根节点即为整数解，obj=173662378.841533
    [CG]   [DIAG] iter=1 posCols=23 newCols=23 effImprove=23 updated=0
    [CG] CG iter 4: obj=169496162.400777, maxRC=4119146.155263, +5 cols
    [CG]   [DIAG] iter=4 posCols=5 newCols=5 effImprove=5 updated=0
    [CG] 列生成收敛，共 5 轮迭代
    [CG] [CG-NODE] depth=0 exit=CERTIFIED certified=1 feasible=1 iters=5 generatedColsBeforeNode=0 newCols=56 posCandidates=56 duplicateCandidates=0 updatedCols=0 zeroObjImproveIters=0 objFirst=142940705.248565 objLast=173685548.374863 objGain=30744843.126298 maxRC=59484204.303632 wallSec=0.007432 pricingSec=0.004867 cplexSolveSec=0.001441
    [CG] 列生成收敛，共 5 轮迭代
    [CG] [CG-NODE] depth=0 exit=CERTIFIED certified=1 feasible=1 iters=5 generatedColsBeforeNode=0 newCols=56 posCandidates=56 duplicateCandidates=0 updatedCols=0 zeroObjImproveIters=0 objFirst=142902384.518008 objLast=173523995.425595 objGain=30621610.907587 maxRC=59463009.364783 wallSec=0.007192 pricingSec=0.004752 cplexSolveSec=0.001371
      [BB] 根节点即为整数解，obj=173685548.374863
      [BB] 根节点即为整数解，obj=173523995.425595
    [CG] 列生成收敛，共 5 轮迭代
    [CG] CG iter 4: obj=173386088.682155, maxRC=2636119.390939, +5 cols
    [CG] [CG-NODE] depth=0 exit=CERTIFIED certified=1 feasible=1 iters=5 generatedColsBeforeNode=0 newCols=57 posCandidates=57 duplicateCandidates=0 updatedCols=0 zeroObjImproveIters=0 objFirst=142795942.525860 objLast=173722486.068163 objGain=30926543.542303 maxRC=59504195.155587 wallSec=0.007493 pricingSec=0.004920 cplexSolveSec=0.001338
    [CG]   [DIAG] iter=4 posCols=5 newCols=5 effImprove=5 updated=0
      [BB] 根节点即为整数解，obj=173722486.068163
    [CG] CG iter 5: obj=173386088.682155, maxRC=308010.209893, +1 cols
    [CG]   [DIAG] iter=5 posCols=1 newCols=1 effImprove=1 updated=0
    [CG] CG iter 2: obj=160477173.800987, maxRC=10629058.203478, +17 cols
    [CG]   [DIAG] iter=2 posCols=17 newCols=17 effImprove=17 updated=0
    [CG] 列生成收敛，共 6 轮迭代
    [CG] [CG-NODE] depth=0 exit=CERTIFIED certified=1 feasible=1 iters=6 generatedColsBeforeNode=0 newCols=59 posCandidates=59 duplicateCandidates=0 updatedCols=0 zeroObjImproveIters=2 objFirst=142717756.975079 objLast=173386088.682155 objGain=30668331.707076 maxRC=59515456.215058 wallSec=0.008713 pricingSec=0.005652 cplexSolveSec=0.001724
    [CG] 列生成开始，初始列数=128
      [BB] 根节点即为整数解，obj=173386088.682155
    [CG] 列生成开始，初始列数=128
    [CG] CG iter 3: obj=166856557.984207, maxRC=6249495.872916, +12 cols
    [CG] CG iter 1: obj=142854621.219424, maxRC=59519819.456926, +23 cols
    [CG]   [DIAG] iter=3 posCols=12 newCols=12 effImprove=12 updated=0
    [CG]   [DIAG] iter=1 posCols=23 newCols=23 effImprove=23 updated=0
    [CG] 列生成开始，初始列数=128
    [CG] CG iter 4: obj=169550838.363659, maxRC=4131326.843616, +5 cols
    [CG]   [DIAG] iter=4 posCols=5 newCols=5 effImprove=5 updated=0
    [CG] CG iter 1: obj=142659911.420732, maxRC=59506234.192929, +23 cols
    [CG] 列生成开始，初始列数=128
    [CG] 列生成开始，初始列数=128
    [CG]   [DIAG] iter=1 posCols=23 newCols=23 effImprove=23 updated=0
    [CG] 列生成收敛，共 5 轮迭代
    [CG] [CG-NODE] depth=0 exit=CERTIFIED certified=1 feasible=1 iters=5 generatedColsBeforeNode=0 newCols=57 posCandidates=57 duplicateCandidates=0 updatedCols=0 zeroObjImproveIters=0 objFirst=142872558.231620 objLast=173771925.536894 objGain=30899367.305274 maxRC=59506234.192929 wallSec=0.010572 pricingSec=0.007188 cplexSolveSec=0.001864
      [BB] 根节点即为整数解，obj=173771925.536894
    [CG] CG iter 2: obj=160372187.594804, maxRC=10623492.253938, +17 cols
    [CG]   [DIAG] iter=2 posCols=17 newCols=17 effImprove=17 updated=0
    [CG] CG iter 2: obj=160416588.014411, maxRC=10706456.365216, +17 cols
    [CG]   [DIAG] iter=2 posCols=17 newCols=17 effImprove=17 updated=0
    [CG] CG iter 3: obj=166635441.349372, maxRC=6269791.012090, +12 cols
    [CG]   [DIAG] iter=3 posCols=12 newCols=12 effImprove=12 updated=0
    [CG] CG iter 1: obj=142870427.701052, maxRC=59506234.192929, +23 cols
    [CG]   [DIAG] iter=1 posCols=23 newCols=23 effImprove=23 updated=0
    [CG] 列生成开始，初始列数=128
    [CG] CG iter 2: obj=160475428.109401, maxRC=10628582.604275, +17 cols
    [CG]   [DIAG] iter=2 posCols=17 newCols=17 effImprove=17 updated=0
    [CG] CG iter 4: obj=169342417.478409, maxRC=4121246.535726, +5 cols
    [CG]   [DIAG] iter=4 posCols=5 newCols=5 effImprove=5 updated=0
    [CG] CG iter 3: obj=166693652.166474, maxRC=6266986.435177, +11 cols
    [CG]   [DIAG] iter=3 posCols=11 newCols=11 effImprove=11 updated=0
    [CG] CG iter 1: obj=142320256.391391, maxRC=59498777.782325, +23 cols
    [CG] CG iter 3: obj=166854320.984453, maxRC=6249309.227585, +12 cols
    [CG]   [DIAG] iter=3 posCols=12 newCols=12 effImprove=12 updated=0
    [CG]   [DIAG] iter=1 posCols=23 newCols=23 effImprove=23 updated=0
    [CG] 列生成收敛，共 5 轮迭代
    [CG] [CG-NODE] depth=0 exit=CERTIFIED certified=1 feasible=1 iters=5 generatedColsBeforeNode=0 newCols=57 posCandidates=57 duplicateCandidates=0 updatedCols=0 zeroObjImproveIters=0 objFirst=142854621.219424 objLast=173568488.024091 objGain=30713866.804667 maxRC=59519819.456926 wallSec=0.014039 pricingSec=0.009611 cplexSolveSec=0.002483
      [BB] 根节点即为整数解，obj=173568488.024091
    [CG] CG iter 4: obj=169548270.864338, maxRC=4130873.703559, +5 cols
    [CG]   [DIAG] iter=4 posCols=5 newCols=5 effImprove=5 updated=0
    [CG] CG iter 4: obj=169334166.279689, maxRC=4045346.429719, +5 cols
    [CG]   [DIAG] iter=4 posCols=5 newCols=5 effImprove=5 updated=0
    [CG] CG iter 2: obj=160203609.204956, maxRC=10672757.196526, +16 cols
    [CG]   [DIAG] iter=2 posCols=16 newCols=16 effImprove=16 updated=0
    [CG] 列生成收敛，共 5 轮迭代
    [CG] [CG-NODE] depth=0 exit=CERTIFIED certified=1 feasible=1 iters=5 generatedColsBeforeNode=0 newCols=57 posCandidates=57 duplicateCandidates=0 updatedCols=0 zeroObjImproveIters=0 objFirst=142870427.701052 objLast=173769747.724161 objGain=30899320.023109 maxRC=59506234.192929 wallSec=0.006757 pricingSec=0.004477 cplexSolveSec=0.001226
      [BB] 根节点即为整数解，obj=173769747.724161
    [CG] 列生成收敛，共 5 轮迭代
    [CG] [CG-NODE] depth=0 exit=CERTIFIED certified=1 feasible=1 iters=5 generatedColsBeforeNode=0 newCols=56 posCandidates=56 duplicateCandidates=0 updatedCols=0 zeroObjImproveIters=0 objFirst=142659911.420732 objLast=173531828.514954 objGain=30871917.094221 maxRC=59506234.192929 wallSec=0.014917 pricingSec=0.010451 cplexSolveSec=0.002517
      [BB] 根节点即为整数解，obj=173531828.514954
    [CG] CG iter 3: obj=164119137.319832, maxRC=5032856.070033, +14 cols
    [CG] CG iter 1: obj=143248168.029064, maxRC=59519752.128890, +23 cols
    [CG]   [DIAG] iter=3 posCols=14 newCols=14 effImprove=14 updated=0
    [CG]   [DIAG] iter=1 posCols=23 newCols=23 effImprove=23 updated=0
    [CG] 列生成开始，初始列数=128
    [CG] CG iter 4: obj=173320810.432628, maxRC=2636213.579901, +6 cols
    [CG]   [DIAG] iter=4 posCols=6 newCols=6 effImprove=6 updated=0
    [CG] CG iter 2: obj=160625322.914576, maxRC=10623475.172061, +17 cols
    [CG]   [DIAG] iter=2 posCols=17 newCols=17 effImprove=17 updated=0
    [CG] CG iter 5: obj=173320810.432628, maxRC=324395.848408, +1 cols
    [CG]   [DIAG] iter=5 posCols=1 newCols=1 effImprove=1 updated=0
    [CG] 列生成开始，初始列数=128
    [CG] 列生成收敛，共 6 轮迭代
    [CG] [CG-NODE] depth=0 exit=CERTIFIED certified=1 feasible=1 iters=6 generatedColsBeforeNode=0 newCols=60 posCandidates=60 duplicateCandidates=0 updatedCols=0 zeroObjImproveIters=2 objFirst=142320256.391391 objLast=173320810.432628 objGain=31000554.041237 maxRC=59498777.782325 wallSec=0.007784 pricingSec=0.005172 cplexSolveSec=0.001469
      [BB] 根节点即为整数解，obj=173320810.432628
    [CG] CG iter 3: obj=167014702.622663, maxRC=6256894.190950, +12 cols
    [CG]   [DIAG] iter=3 posCols=12 newCols=12 effImprove=12 updated=0
    [CG] 列生成开始，初始列数=128
    [CG] CG iter 4: obj=169708472.748970, maxRC=4139544.659228, +5 cols
    [CG]   [DIAG] iter=4 posCols=5 newCols=5 effImprove=5 updated=0
    [CG] CG iter 1: obj=142718876.614150, maxRC=59504195.155587, +23 cols
    [CG] 列生成收敛，共 5 轮迭代
    [CG]   [DIAG] iter=1 posCols=23 newCols=23 effImprove=23 updated=0
    [CG] [CG-NODE] depth=0 exit=CERTIFIED certified=1 feasible=1 iters=5 generatedColsBeforeNode=0 newCols=57 posCandidates=57 duplicateCandidates=0 updatedCols=0 zeroObjImproveIters=0 objFirst=143248168.029064 objLast=173926985.684495 objGain=30678817.655431 maxRC=59519752.128890 wallSec=0.008172 pricingSec=0.005449 cplexSolveSec=0.001447
    [CG] 列生成开始，初始列数=128
      [BB] 根节点即为整数解，obj=173926985.684495
    [CG] CG iter 2: obj=160376104.871748, maxRC=10634514.212725, +17 cols
    [CG]   [DIAG] iter=2 posCols=17 newCols=17 effImprove=17 updated=0
    [CG] CG iter 3: obj=166743928.484010, maxRC=6256843.560179, +12 cols
    [CG]   [DIAG] iter=3 posCols=12 newCols=12 effImprove=12 updated=0
    [CG] CG iter 1: obj=143171518.932998, maxRC=59519752.128890, +23 cols
    [CG]   [DIAG] iter=1 posCols=23 newCols=23 effImprove=23 updated=0
    [CG] 列生成开始，初始列数=128
    [CG] CG iter 1: obj=142986934.714900, maxRC=59506491.998537, +23 cols
    [CG]   [DIAG] iter=1 posCols=23 newCols=23 effImprove=23 updated=0
    [CG] CG iter 4: obj=169447220.032628, maxRC=4129083.372190, +5 cols
    [CG]   [DIAG] iter=4 posCols=5 newCols=5 effImprove=5 updated=0
    [CG] CG iter 2: obj=160626471.255958, maxRC=10623469.392767, +17 cols
    [CG]   [DIAG] iter=2 posCols=17 newCols=17 effImprove=17 updated=0
    [CG] 列生成收敛，共 5 轮迭代
    [CG] [CG-NODE] depth=0 exit=CERTIFIED certified=1 feasible=1 iters=5 generatedColsBeforeNode=0 newCols=57 posCandidates=57 duplicateCandidates=0 updatedCols=0 zeroObjImproveIters=0 objFirst=142718876.614150 objLast=173666897.029921 objGain=30948020.415771 maxRC=59504195.155587 wallSec=0.008365 pricingSec=0.005593 cplexSolveSec=0.001552
    [CG] CG iter 2: obj=160587133.326017, maxRC=10628559.768560, +17 cols
    [CG]   [DIAG] iter=2 posCols=17 newCols=17 effImprove=17 updated=0
      [BB] 根节点即为整数解，obj=173666897.029921
    [CG] CG iter 3: obj=167016480.559209, maxRC=6256935.191774, +12 cols
    [CG]   [DIAG] iter=3 posCols=12 newCols=12 effImprove=12 updated=0
    [CG] CG iter 1: obj=143010695.154216, maxRC=59519752.131033, +23 cols
    [CG] CG iter 3: obj=166966060.839813, maxRC=6249276.974583, +12 cols
    [CG]   [DIAG] iter=3 posCols=12 newCols=12 effImprove=12 updated=0
    [CG] CG iter 4: obj=169710596.147034, maxRC=4140094.938176, +5 cols
    [CG]   [DIAG] iter=4 posCols=5 newCols=5 effImprove=5 updated=0
    [CG]   [DIAG] iter=1 posCols=23 newCols=23 effImprove=23 updated=0
    [CG] CG iter 1: obj=142818298.308896, maxRC=59504195.155587, +23 cols
    [CG]   [DIAG] iter=1 posCols=23 newCols=23 effImprove=23 updated=0
    [CG] CG iter 4: obj=169659978.466697, maxRC=4130882.373037, +5 cols
    [CG] 列生成收敛，共 5 轮迭代
    [CG]   [DIAG] iter=4 posCols=5 newCols=5 effImprove=5 updated=0
    [CG] [CG-NODE] depth=0 exit=CERTIFIED certified=1 feasible=1 iters=5 generatedColsBeforeNode=0 newCols=57 posCandidates=57 duplicateCandidates=0 updatedCols=0 zeroObjImproveIters=0 objFirst=143171518.932998 objLast=173929004.305815 objGain=30757485.372818 maxRC=59519752.128890 wallSec=0.006623 pricingSec=0.004374 cplexSolveSec=0.001228
      [BB] 根节点即为整数解，obj=173929004.305815
    [CG] CG iter 1: obj=143185625.923054, maxRC=59519794.272334, +23 cols
    [CG] 列生成收敛，共 5 轮迭代
    [CG] [CG-NODE] depth=0 exit=CERTIFIED certified=1 feasible=1 iters=5 generatedColsBeforeNode=0 newCols=57 posCandidates=57 duplicateCandidates=0 updatedCols=0 zeroObjImproveIters=0 objFirst=142986934.714900 objLast=173881454.167537 objGain=30894519.452637 maxRC=59506491.998537 wallSec=0.006276 pricingSec=0.004137 cplexSolveSec=0.001136
      [BB] 根节点即为整数解，obj=173881454.167537
    [CG]   [DIAG] iter=1 posCols=23 newCols=23 effImprove=23 updated=0
    [CG] CG iter 2: obj=160460468.565109, maxRC=10628582.604275, +17 cols
    [CG]   [DIAG] iter=2 posCols=17 newCols=17 effImprove=17 updated=0
    [CG] CG iter 1: obj=142399788.047646, maxRC=59515747.298616, +23 cols
    [CG]   [DIAG] iter=1 posCols=23 newCols=23 effImprove=23 updated=0
    [CG] 列生成开始，初始列数=128
    [CG] CG iter 3: obj=166833355.918560, maxRC=6246684.997558, +12 cols
    [CG]   [DIAG] iter=3 posCols=12 newCols=12 effImprove=12 updated=0
    [CG] CG iter 4: obj=169524689.042027, maxRC=4125528.852819, +5 cols
    [CG] CG iter 2: obj=160531256.980709, maxRC=10623485.371715, +17 cols
    [CG]   [DIAG] iter=4 posCols=5 newCols=5 effImprove=5 updated=0
    [CG] 列生成开始，初始列数=128
    [CG]   [DIAG] iter=2 posCols=17 newCols=17 effImprove=17 updated=0
    [CG] 列生成开始，初始列数=128
    [CG] CG iter 2: obj=159974450.268291, maxRC=10624409.995215, +16 cols
    [CG]   [DIAG] iter=2 posCols=16 newCols=16 effImprove=16 updated=0
    [CG] 列生成收敛，共 5 轮迭代
    [CG] [CG-NODE] depth=0 exit=CERTIFIED certified=1 feasible=1 iters=5 generatedColsBeforeNode=0 newCols=57 posCandidates=57 duplicateCandidates=0 updatedCols=0 zeroObjImproveIters=0 objFirst=142818298.308896 objLast=173748374.366826 objGain=30930076.057930 maxRC=59504195.155587 wallSec=0.006249 pricingSec=0.004176 cplexSolveSec=0.001170
      [BB] 根节点即为整数解，obj=173748374.366826
    [CG] CG iter 2: obj=160623539.137562, maxRC=10627161.259425, +17 cols
    [CG]   [DIAG] iter=2 posCols=17 newCols=17 effImprove=17 updated=0
    [CG] CG iter 3: obj=163889591.934150, maxRC=4964859.718709, +14 cols
    [CG]   [DIAG] iter=3 posCols=14 newCols=14 effImprove=14 updated=0
    [CG] CG iter 3: obj=166917174.837186, maxRC=6263720.403402, +12 cols
    [CG] CG iter 4: obj=173036883.488124, maxRC=2607909.034013, +5 cols
    [CG]   [DIAG] iter=3 posCols=12 newCols=12 effImprove=12 updated=0
    [CG]   [DIAG] iter=4 posCols=5 newCols=5 effImprove=5 updated=0
    [CG] 列生成开始，初始列数=128
    [CG] CG iter 5: obj=173036883.488124, maxRC=195350.571436, +1 cols
    [CG]   [DIAG] iter=5 posCols=1 newCols=1 effImprove=1 updated=0
    [CG] CG iter 3: obj=166981870.597021, maxRC=6269229.672348, +11 cols
    [CG]   [DIAG] iter=3 posCols=11 newCols=11 effImprove=11 updated=0
    [CG] 列生成收敛，共 6 轮迭代
    [CG] [CG-NODE] depth=0 exit=CERTIFIED certified=1 feasible=1 iters=6 generatedColsBeforeNode=0 newCols=59 posCandidates=59 duplicateCandidates=0 updatedCols=0 zeroObjImproveIters=2 objFirst=142399788.047646 objLast=173036883.488124 objGain=30637095.440478 maxRC=59515747.298616 wallSec=0.009236 pricingSec=0.006268 cplexSolveSec=0.001643
    [CG] CG iter 4: obj=169624028.162264, maxRC=4143818.615667, +5 cols
    [CG]   [DIAG] iter=4 posCols=5 newCols=5 effImprove=5 updated=0
      [BB] 根节点即为整数解，obj=173036883.488124
    [CG] CG iter 1: obj=143251233.494171, maxRC=59519752.128890, +23 cols
    [CG]   [DIAG] iter=1 posCols=23 newCols=23 effImprove=23 updated=0
    [CG] CG iter 4: obj=169646643.034121, maxRC=4111195.260846, +5 cols
    [CG]   [DIAG] iter=4 posCols=5 newCols=5 effImprove=5 updated=0
    [CG] 列生成收敛，共 5 轮迭代
    [CG] [CG-NODE] depth=0 exit=CERTIFIED certified=1 feasible=1 iters=5 generatedColsBeforeNode=0 newCols=57 posCandidates=57 duplicateCandidates=0 updatedCols=0 zeroObjImproveIters=0 objFirst=143010695.154216 objLast=173842414.842655 objGain=30831719.688439 maxRC=59519752.131033 wallSec=0.017513 pricingSec=0.012218 cplexSolveSec=0.002891
      [BB] 根节点即为整数解，obj=173842414.842655
    [CG] 列生成收敛，共 5 轮迭代
    [CG] [CG-NODE] depth=0 exit=CERTIFIED certified=1 feasible=1 iters=5 generatedColsBeforeNode=0 newCols=56 posCandidates=56 duplicateCandidates=0 updatedCols=0 zeroObjImproveIters=0 objFirst=143185625.923054 objLast=173863940.373293 objGain=30678314.450239 maxRC=59519794.272334 wallSec=0.017973 pricingSec=0.012440 cplexSolveSec=0.002863
    [CG] CG iter 2: obj=160626609.885663, maxRC=10623485.371715, +17 cols
    [CG]   [DIAG] iter=2 posCols=17 newCols=17 effImprove=17 updated=0
      [BB] 根节点即为整数解，obj=173863940.373293
    [CG] 列生成开始，初始列数=128
    [CG] CG iter 1: obj=143029734.547093, maxRC=59506522.827720, +23 cols
    [CG]   [DIAG] iter=1 posCols=23 newCols=23 effImprove=23 updated=0
    [CG] CG iter 1: obj=142990865.806959, maxRC=59379068.275561, +23 cols
    [CG]   [DIAG] iter=1 posCols=23 newCols=23 effImprove=23 updated=0
    [CG] CG iter 3: obj=167016623.700350, maxRC=6256929.157163, +12 cols
    [CG]   [DIAG] iter=3 posCols=12 newCols=12 effImprove=12 updated=0
    [CG] CG iter 2: obj=160622319.639358, maxRC=10628594.261951, +17 cols
    [CG]   [DIAG] iter=2 posCols=17 newCols=17 effImprove=17 updated=0
    [CG] CG iter 2: obj=160224546.141258, maxRC=10532505.695600, +17 cols
    [CG]   [DIAG] iter=2 posCols=17 newCols=17 effImprove=17 updated=0
    [CG] CG iter 4: obj=169710745.324475, maxRC=4140082.867265, +5 cols
    [CG]   [DIAG] iter=4 posCols=5 newCols=5 effImprove=5 updated=0
    [CG] CG iter 3: obj=167014223.910441, maxRC=6254602.944530, +12 cols
    [CG]   [DIAG] iter=3 posCols=12 newCols=12 effImprove=12 updated=0
    [CG] CG iter 1: obj=142959614.165067, maxRC=59496208.615881, +23 cols
    [CG] CG iter 3: obj=166630770.031529, maxRC=6254820.801150, +12 cols
    [CG]   [DIAG] iter=3 posCols=12 newCols=12 effImprove=12 updated=0
    [CG]   [DIAG] iter=1 posCols=23 newCols=23 effImprove=23 updated=0
    [CG] 列生成收敛，共 5 轮迭代
    [CG] [CG-NODE] depth=0 exit=CERTIFIED certified=1 feasible=1 iters=5 generatedColsBeforeNode=0 newCols=57 posCandidates=57 duplicateCandidates=0 updatedCols=0 zeroObjImproveIters=0 objFirst=143251233.494171 objLast=173929141.412345 objGain=30677907.918174 maxRC=59519752.128890 wallSec=0.009962 pricingSec=0.006891 cplexSolveSec=0.001698
    [CG] CG iter 4: obj=169713467.507271, maxRC=4142247.348449, +5 cols
    [CG]   [DIAG] iter=4 posCols=5 newCols=5 effImprove=5 updated=0
      [BB] 根节点即为整数解，obj=173929141.412345
    [CG] CG iter 4: obj=169328723.754355, maxRC=4197741.375454, +5 cols
    [CG]   [DIAG] iter=4 posCols=5 newCols=5 effImprove=5 updated=0
    [CG] 列生成收敛，共 5 轮迭代
    [CG] [CG-NODE] depth=0 exit=CERTIFIED certified=1 feasible=1 iters=5 generatedColsBeforeNode=0 newCols=57 posCandidates=57 duplicateCandidates=0 updatedCols=0 zeroObjImproveIters=0 objFirst=143029734.547093 objLast=173930335.247004 objGain=30900600.699911 maxRC=59506522.827720 wallSec=0.006501 pricingSec=0.004371 cplexSolveSec=0.001155
    [CG] CG iter 2: obj=160336951.792203, maxRC=10610487.321379, +17 cols
    [CG]   [DIAG] iter=2 posCols=17 newCols=17 effImprove=17 updated=0
      [BB] 根节点即为整数解，obj=173930335.247004
    [CG] 列生成收敛，共 5 轮迭代
    [CG] [CG-NODE] depth=0 exit=CERTIFIED certified=1 feasible=1 iters=5 generatedColsBeforeNode=0 newCols=57 posCandidates=57 duplicateCandidates=0 updatedCols=0 zeroObjImproveIters=0 objFirst=142990865.806959 objLast=173561109.315725 objGain=30570243.508766 maxRC=59379068.275561 wallSec=0.006967 pricingSec=0.004511 cplexSolveSec=0.001337
      [BB] 根节点即为整数解，obj=173561109.315725
    [CG] CG iter 3: obj=166702736.697166, maxRC=6245995.103531, +12 cols
    [CG]   [DIAG] iter=3 posCols=12 newCols=12 effImprove=12 updated=0
    [CG] CG iter 4: obj=169392612.284163, maxRC=4128343.491942, +5 cols
    [CG]   [DIAG] iter=4 posCols=5 newCols=5 effImprove=5 updated=0
    [CG] CG iter 1: obj=142394888.897119, maxRC=59486440.526694, +23 cols
    [CG] 列生成收敛，共 5 轮迭代
    [CG] [CG-NODE] depth=0 exit=CERTIFIED certified=1 feasible=1 iters=5 generatedColsBeforeNode=0 newCols=57 posCandidates=57 duplicateCandidates=0 updatedCols=0 zeroObjImproveIters=0 objFirst=142959614.165067 objLast=173622170.691075 objGain=30662556.526008 maxRC=59496208.615881 wallSec=0.006346 pricingSec=0.004256 cplexSolveSec=0.001154
    [CG]   [DIAG] iter=1 posCols=23 newCols=23 effImprove=23 updated=0
      [BB] 根节点即为整数解，obj=173622170.691075
    [CG] CG iter 2: obj=160099393.945187, maxRC=10680606.997167, +17 cols
    [CG]   [DIAG] iter=2 posCols=17 newCols=17 effImprove=17 updated=0
    [CG] CG iter 3: obj=166305584.295980, maxRC=6239712.672201, +11 cols
    [CG]   [DIAG] iter=3 posCols=11 newCols=11 effImprove=11 updated=0
    [CG] CG iter 4: obj=168936835.118345, maxRC=4002308.964145, +5 cols
    [CG]   [DIAG] iter=4 posCols=5 newCols=5 effImprove=5 updated=0
    [CG] CG iter 1: obj=143236844.233061, maxRC=59519752.128890, +23 cols
    [CG] 列生成收敛，共 5 轮迭代
    [CG] [CG-NODE] depth=0 exit=CERTIFIED certified=1 feasible=1 iters=5 generatedColsBeforeNode=0 newCols=56 posCandidates=56 duplicateCandidates=0 updatedCols=0 zeroObjImproveIters=0 objFirst=142394888.897119 objLast=173167995.505357 objGain=30773106.608238 maxRC=59486440.526694 wallSec=0.006451 pricingSec=0.004268 cplexSolveSec=0.001196
      [BB] 根节点即为整数解，obj=173167995.505357
    [CG]   [DIAG] iter=1 posCols=23 newCols=23 effImprove=23 updated=0
    [CG] CG iter 2: obj=160626614.962799, maxRC=10623485.371715, +17 cols
    [CG]   [DIAG] iter=2 posCols=17 newCols=17 effImprove=17 updated=0
    [CG] CG iter 3: obj=167009801.979616, maxRC=6259810.589268, +12 cols
    [CG]   [DIAG] iter=3 posCols=12 newCols=12 effImprove=12 updated=0
    [CG] CG iter 4: obj=169697097.354735, maxRC=4133822.830101, +5 cols
    [CG]   [DIAG] iter=4 posCols=5 newCols=5 effImprove=5 updated=0
    [CG] 列生成收敛，共 5 轮迭代
    [CG] [CG-NODE] depth=0 exit=CERTIFIED certified=1 feasible=1 iters=5 generatedColsBeforeNode=0 newCols=57 posCandidates=57 duplicateCandidates=0 updatedCols=0 zeroObjImproveIters=0 objFirst=143236844.233061 objLast=173915484.035127 objGain=30678639.802066 maxRC=59519752.128890 wallSec=0.016604 pricingSec=0.011826 cplexSolveSec=0.002738
      [BB] 根节点即为整数解，obj=173915484.035127
[GA] 代数 3: Best=173966658.51, Avg=173724069.13, Worst=173065769.17, Valid=30/30, 耗时=0.04s (连续3代未提升)
  ├─ 求解: 30 个体 fork 并行 | CG迭代=123 加列=1370 BB分支=0
  ├─ 并行墙钟=0.0393s | 串行等效(ΣBP)=0.2295s | 加速比=5.84x
  ├─ 管理开销=-0.1903s (fork=0.0021 wait=0.0370 merge=0.0002)
  └─ CG明细: gen_logs/run_gen3_ind{0..29}.log
    [CG] 列生成开始，初始列数=128
    [CG] 列生成开始，初始列数=128
    [CG] 列生成开始，初始列数=128
    [CG] 列生成开始，初始列数=128
    [CG] 列生成开始，初始列数=128
    [CG] 列生成开始，初始列数=128
    [CG] 列生成开始，初始列数=128
    [CG] 列生成开始，初始列数=128
    [CG] CG iter 1: obj=143259768.810496, maxRC=59519752.128890, +23 cols
    [CG]   [DIAG] iter=1 posCols=23 newCols=23 effImprove=23 updated=0
    [CG] CG iter 1: obj=142801511.089851, maxRC=59504195.155587, +23 cols
    [CG]   [DIAG] iter=1 posCols=23 newCols=23 effImprove=23 updated=0
    [CG] CG iter 2: obj=160626569.098148, maxRC=10623485.371715, +17 cols
    [CG]   [DIAG] iter=2 posCols=17 newCols=17 effImprove=17 updated=0
    [CG] CG iter 2: obj=160446275.830291, maxRC=10623576.231032, +17 cols
    [CG]   [DIAG] iter=2 posCols=17 newCols=17 effImprove=17 updated=0
    [CG] CG iter 3: obj=167020886.204945, maxRC=6255298.546982, +12 cols
    [CG]   [DIAG] iter=3 posCols=12 newCols=12 effImprove=12 updated=0
    [CG] CG iter 1: obj=142786794.046196, maxRC=59503586.422480, +23 cols
    [CG] CG iter 3: obj=166814285.079299, maxRC=6244290.215631, +12 cols
    [CG]   [DIAG] iter=3 posCols=12 newCols=12 effImprove=12 updated=0
    [CG]   [DIAG] iter=1 posCols=23 newCols=23 effImprove=23 updated=0
    [CG] CG iter 4: obj=169719317.673603, maxRC=4143805.047541, +5 cols
    [CG]   [DIAG] iter=4 posCols=5 newCols=5 effImprove=5 updated=0
    [CG] 列生成收敛，共 5 轮迭代
    [CG] [CG-NODE] depth=0 exit=CERTIFIED certified=1 feasible=1 iters=5 generatedColsBeforeNode=0 newCols=57 posCandidates=57 duplicateCandidates=0 updatedCols=0 zeroObjImproveIters=0 objFirst=143259768.810496 objLast=173937713.761473 objGain=30677944.950977 maxRC=59519752.128890 wallSec=0.006709 pricingSec=0.004269 cplexSolveSec=0.001326
    [CG] CG iter 4: obj=169501730.964767, maxRC=4120638.611335, +5 cols
    [CG]   [DIAG] iter=4 posCols=5 newCols=5 effImprove=5 updated=0
      [BB] 根节点即为整数解，obj=173937713.761473
    [CG] 列生成收敛，共 5 轮迭代
    [CG] [CG-NODE] depth=0 exit=CERTIFIED certified=1 feasible=1 iters=5 generatedColsBeforeNode=0 newCols=57 posCandidates=57 duplicateCandidates=0 updatedCols=0 zeroObjImproveIters=0 objFirst=142801511.089851 objLast=173729547.088226 objGain=30928035.998375 maxRC=59504195.155587 wallSec=0.006869 pricingSec=0.004381 cplexSolveSec=0.001397
    [CG] CG iter 2: obj=160442918.693331, maxRC=10627694.680639, +17 cols
    [CG]   [DIAG] iter=2 posCols=17 newCols=17 effImprove=17 updated=0
      [BB] 根节点即为整数解，obj=173729547.088226
    [CG] CG iter 1: obj=143229577.880424, maxRC=59519752.128890, +23 cols
    [CG]   [DIAG] iter=1 posCols=23 newCols=23 effImprove=23 updated=0
    [CG] CG iter 3: obj=166809018.366887, maxRC=6243722.004351, +12 cols
    [CG]   [DIAG] iter=3 posCols=12 newCols=12 effImprove=12 updated=0
    [CG] 列生成开始，初始列数=128
    [CG] CG iter 2: obj=160602701.272143, maxRC=10623485.371715, +17 cols
    [CG]   [DIAG] iter=2 posCols=17 newCols=17 effImprove=17 updated=0
    [CG] CG iter 4: obj=169497120.283965, maxRC=4119414.368445, +5 cols
    [CG]   [DIAG] iter=4 posCols=5 newCols=5 effImprove=5 updated=0
    [CG] 列生成收敛，共 5 轮迭代
    [CG] [CG-NODE] depth=0 exit=CERTIFIED certified=1 feasible=1 iters=5 generatedColsBeforeNode=0 newCols=57 posCandidates=57 duplicateCandidates=0 updatedCols=0 zeroObjImproveIters=0 objFirst=142786794.046196 objLast=173723712.164533 objGain=30936918.118337 maxRC=59503586.422480 wallSec=0.009103 pricingSec=0.005906 cplexSolveSec=0.001852
    [CG] 列生成开始，初始列数=128
    [CG] CG iter 3: obj=166987867.280856, maxRC=6251523.837939, +12 cols
      [BB] 根节点即为整数解，obj=173723712.164533
    [CG]   [DIAG] iter=3 posCols=12 newCols=12 effImprove=12 updated=0
    [CG] CG iter 1: obj=143170888.933076, maxRC=59519752.128890, +23 cols
    [CG] CG iter 4: obj=169682524.040470, maxRC=4135769.191561, +5 cols
    [CG]   [DIAG] iter=4 posCols=5 newCols=5 effImprove=5 updated=0
    [CG]   [DIAG] iter=1 posCols=23 newCols=23 effImprove=23 updated=0
    [CG] 列生成收敛，共 5 轮迭代
    [CG] [CG-NODE] depth=0 exit=CERTIFIED certified=1 feasible=1 iters=5 generatedColsBeforeNode=0 newCols=57 posCandidates=57 duplicateCandidates=0 updatedCols=0 zeroObjImproveIters=0 objFirst=143229577.880424 objLast=173904156.171826 objGain=30674578.291402 maxRC=59519752.128890 wallSec=0.011050 pricingSec=0.007423 cplexSolveSec=0.002102
      [BB] 根节点即为整数解，obj=173904156.171826
    [CG] 列生成开始，初始列数=128
    [CG] CG iter 2: obj=160626471.255958, maxRC=10623469.392767, +17 cols
    [CG] CG iter 1: obj=143251602.665325, maxRC=59519752.128890, +23 cols
    [CG]   [DIAG] iter=2 posCols=17 newCols=17 effImprove=17 updated=0
    [CG] CG iter 1: obj=143259593.136142, maxRC=59519734.703453, +23 cols
    [CG]   [DIAG] iter=1 posCols=23 newCols=23 effImprove=23 updated=0
    [CG]   [DIAG] iter=1 posCols=23 newCols=23 effImprove=23 updated=0
    [CG] 列生成开始，初始列数=128
    [CG] CG iter 1: obj=142867377.438620, maxRC=59506234.192929, +23 cols
    [CG] CG iter 3: obj=167016480.559209, maxRC=6256935.191774, +12 cols
    [CG]   [DIAG] iter=3 posCols=12 newCols=12 effImprove=12 updated=0
    [CG] CG iter 1: obj=143249637.394654, maxRC=59519779.058582, +23 cols
    [CG]   [DIAG] iter=1 posCols=23 newCols=23 effImprove=23 updated=0
    [CG]   [DIAG] iter=1 posCols=23 newCols=23 effImprove=23 updated=0
    [CG] CG iter 2: obj=160621809.131034, maxRC=10627696.895070, +17 cols
    [CG]   [DIAG] iter=2 posCols=17 newCols=17 effImprove=17 updated=0
    [CG] CG iter 2: obj=160626609.885663, maxRC=10623485.371715, +17 cols
    [CG] CG iter 2: obj=160625333.557322, maxRC=10623470.492024, +17 cols
    [CG]   [DIAG] iter=2 posCols=17 newCols=17 effImprove=17 updated=0
    [CG]   [DIAG] iter=2 posCols=17 newCols=17 effImprove=17 updated=0
    [CG] CG iter 4: obj=169710596.147034, maxRC=4140094.938176, +5 cols
    [CG]   [DIAG] iter=4 posCols=5 newCols=5 effImprove=5 updated=0
    [CG] CG iter 2: obj=160479613.337313, maxRC=10623460.973419, +17 cols
    [CG] 列生成收敛，共 5 轮迭代
    [CG] [CG-NODE] depth=0 exit=CERTIFIED certified=1 feasible=1 iters=5 generatedColsBeforeNode=0 newCols=57 posCandidates=57 duplicateCandidates=0 updatedCols=0 zeroObjImproveIters=0 objFirst=143170888.933076 objLast=173929004.305815 objGain=30758115.372739 maxRC=59519752.128890 wallSec=0.015729 pricingSec=0.010842 cplexSolveSec=0.002733
    [CG]   [DIAG] iter=2 posCols=17 newCols=17 effImprove=17 updated=0
    [CG] CG iter 3: obj=167014928.890106, maxRC=6256805.603196, +12 cols
    [CG] CG iter 3: obj=167013746.757644, maxRC=6254586.378600, +12 cols
    [CG]   [DIAG] iter=3 posCols=12 newCols=12 effImprove=12 updated=0
      [BB] 根节点即为整数解，obj=173929004.305815
    [CG]   [DIAG] iter=3 posCols=12 newCols=12 effImprove=12 updated=0
    [CG] CG iter 3: obj=167020930.268672, maxRC=6255295.270771, +12 cols
    [CG]   [DIAG] iter=3 posCols=12 newCols=12 effImprove=12 updated=0
    [CG] CG iter 4: obj=169708913.574794, maxRC=4139741.343590, +5 cols
    [CG]   [DIAG] iter=4 posCols=5 newCols=5 effImprove=5 updated=0
    [CG] CG iter 4: obj=169712705.575363, maxRC=4142224.187008, +5 cols
    [CG]   [DIAG] iter=4 posCols=5 newCols=5 effImprove=5 updated=0
    [CG] CG iter 4: obj=169719358.461118, maxRC=4143805.047541, +5 cols
    [CG] CG iter 3: obj=166855895.877392, maxRC=6251930.989412, +12 cols
    [CG]   [DIAG] iter=4 posCols=5 newCols=5 effImprove=5 updated=0
    [CG]   [DIAG] iter=3 posCols=12 newCols=12 effImprove=12 updated=0
    [CG] CG iter 1: obj=142705110.371017, maxRC=59515229.590111, +23 cols
    [CG] 列生成收敛，共 5 轮迭代
    [CG]   [DIAG] iter=1 posCols=23 newCols=23 effImprove=23 updated=0
    [CG] [CG-NODE] depth=0 exit=CERTIFIED certified=1 feasible=1 iters=5 generatedColsBeforeNode=0 newCols=57 posCandidates=57 duplicateCandidates=0 updatedCols=0 zeroObjImproveIters=0 objFirst=143249637.394654 objLast=173927432.184157 objGain=30677794.789503 maxRC=59519779.058582 wallSec=0.009803 pricingSec=0.006914 cplexSolveSec=0.001594
      [BB] 根节点即为整数解，obj=173927432.184157
    [CG] 列生成收敛，共 5 轮迭代
    [CG] 列生成收敛，共 5 轮迭代
    [CG] [CG-NODE] depth=0 exit=CERTIFIED certified=1 feasible=1 iters=5 generatedColsBeforeNode=0 newCols=57 posCandidates=57 duplicateCandidates=0 updatedCols=0 zeroObjImproveIters=0 objFirst=143251602.665325 objLast=173929974.957414 objGain=30678372.292089 maxRC=59519752.128890 wallSec=0.017034 pricingSec=0.011837 cplexSolveSec=0.002905
    [CG] [CG-NODE] depth=0 exit=CERTIFIED certified=1 feasible=1 iters=5 generatedColsBeforeNode=0 newCols=57 posCandidates=57 duplicateCandidates=0 updatedCols=0 zeroObjImproveIters=0 objFirst=143259593.136142 objLast=173937754.548989 objGain=30678161.412847 maxRC=59519734.703453 wallSec=0.017557 pricingSec=0.012066 cplexSolveSec=0.003005
      [BB] 根节点即为整数解，obj=173929974.957414
      [BB] 根节点即为整数解，obj=173937754.548989
    [CG] CG iter 4: obj=169544044.760143, maxRC=4128053.857773, +5 cols
    [CG]   [DIAG] iter=4 posCols=5 newCols=5 effImprove=5 updated=0
    [CG] CG iter 2: obj=160246437.506095, maxRC=10624149.900787, +16 cols
    [CG]   [DIAG] iter=2 posCols=16 newCols=16 effImprove=16 updated=0
    [CG] 列生成开始，初始列数=128
    [CG] 列生成收敛，共 5 轮迭代
    [CG] [CG-NODE] depth=0 exit=CERTIFIED certified=1 feasible=1 iters=5 generatedColsBeforeNode=0 newCols=57 posCandidates=57 duplicateCandidates=0 updatedCols=0 zeroObjImproveIters=0 objFirst=142867377.438620 objLast=173767042.439805 objGain=30899665.001185 maxRC=59506234.192929 wallSec=0.017779 pricingSec=0.012193 cplexSolveSec=0.002856
      [BB] 根节点即为整数解，obj=173767042.439805
    [CG] 列生成开始，初始列数=128
    [CG] CG iter 3: obj=164162493.826337, maxRC=5032856.070033, +14 cols
    [CG]   [DIAG] iter=3 posCols=14 newCols=14 effImprove=14 updated=0
    [CG] CG iter 4: obj=173377934.603297, maxRC=2636213.579901, +6 cols
    [CG]   [DIAG] iter=4 posCols=6 newCols=6 effImprove=6 updated=0
    [CG] 列生成开始，初始列数=128
    [CG] CG iter 5: obj=173377934.603297, maxRC=308314.087776, +1 cols
    [CG]   [DIAG] iter=5 posCols=1 newCols=1 effImprove=1 updated=0
    [CG] CG iter 1: obj=143259834.571944, maxRC=59519752.128890, +23 cols
    [CG] 列生成开始，初始列数=128
    [CG] 列生成开始，初始列数=128
    [CG] 列生成收敛，共 6 轮迭代
    [CG] [CG-NODE] depth=0 exit=CERTIFIED certified=1 feasible=1 iters=6 generatedColsBeforeNode=0 newCols=60 posCandidates=60 duplicateCandidates=0 updatedCols=0 zeroObjImproveIters=2 objFirst=142705110.371017 objLast=173377934.603297 objGain=30672824.232280 maxRC=59515229.590111 wallSec=0.010060 pricingSec=0.006813 cplexSolveSec=0.001864
    [CG]   [DIAG] iter=1 posCols=23 newCols=23 effImprove=23 updated=0
      [BB] 根节点即为整数解，obj=173377934.603297
    [CG] CG iter 2: obj=160626607.094770, maxRC=10623458.634161, +17 cols
    [CG]   [DIAG] iter=2 posCols=17 newCols=17 effImprove=17 updated=0
    [CG] CG iter 1: obj=143248172.106857, maxRC=59519752.288062, +23 cols
    [CG]   [DIAG] iter=1 posCols=23 newCols=23 effImprove=23 updated=0
    [CG] CG iter 1: obj=142851160.945046, maxRC=59519819.456926, +23 cols
    [CG] 列生成开始，初始列数=128
    [CG] CG iter 2: obj=160625322.914576, maxRC=10623475.172061, +17 cols
    [CG]   [DIAG] iter=2 posCols=17 newCols=17 effImprove=17 updated=0
    [CG]   [DIAG] iter=1 posCols=23 newCols=23 effImprove=23 updated=0
    [CG] CG iter 3: obj=167020935.667137, maxRC=6255298.897696, +12 cols
    [CG]   [DIAG] iter=3 posCols=12 newCols=12 effImprove=12 updated=0
    [CG] CG iter 3: obj=167014702.622663, maxRC=6256894.190950, +12 cols
    [CG]   [DIAG] iter=3 posCols=12 newCols=12 effImprove=12 updated=0
    [CG] CG iter 4: obj=169708472.748970, maxRC=4139544.659228, +5 cols
    [CG]   [DIAG] iter=4 posCols=5 newCols=5 effImprove=5 updated=0
    [CG] CG iter 4: obj=169719355.674670, maxRC=4143816.859379, +5 cols
    [CG]   [DIAG] iter=4 posCols=5 newCols=5 effImprove=5 updated=0
    [CG] 列生成收敛，共 5 轮迭代
    [CG] [CG-NODE] depth=0 exit=CERTIFIED certified=1 feasible=1 iters=5 generatedColsBeforeNode=0 newCols=57 posCandidates=57 duplicateCandidates=0 updatedCols=0 zeroObjImproveIters=0 objFirst=143248172.106857 objLast=173926985.684495 objGain=30678813.577638 maxRC=59519752.288062 wallSec=0.006324 pricingSec=0.004164 cplexSolveSec=0.001175
      [BB] 根节点即为整数解，obj=173926985.684495
    [CG] 列生成收敛，共 5 轮迭代
    [CG] [CG-NODE] depth=0 exit=CERTIFIED certified=1 feasible=1 iters=5 generatedColsBeforeNode=0 newCols=57 posCandidates=57 duplicateCandidates=0 updatedCols=0 zeroObjImproveIters=0 objFirst=143259834.571944 objLast=173937763.574379 objGain=30677929.002435 maxRC=59519752.128890 wallSec=0.012520 pricingSec=0.008641 cplexSolveSec=0.002152
      [BB] 根节点即为整数解，obj=173937763.574379
    [CG] CG iter 2: obj=160368727.320426, maxRC=10623492.253938, +17 cols
    [CG]   [DIAG] iter=2 posCols=17 newCols=17 effImprove=17 updated=0
    [CG] CG iter 1: obj=143248055.692187, maxRC=59519752.128890, +23 cols
    [CG]   [DIAG] iter=1 posCols=23 newCols=23 effImprove=23 updated=0
    [CG] CG iter 1: obj=143254189.295011, maxRC=59519752.128890, +23 cols
    [CG] 列生成开始，初始列数=128
    [CG] CG iter 3: obj=166631981.074995, maxRC=6269791.012090, +12 cols
    [CG] CG iter 1: obj=143064495.867698, maxRC=59519779.058582, +23 cols
    [CG]   [DIAG] iter=1 posCols=23 newCols=23 effImprove=23 updated=0
    [CG]   [DIAG] iter=3 posCols=12 newCols=12 effImprove=12 updated=0
    [CG] CG iter 2: obj=160625322.914576, maxRC=10623475.172061, +17 cols
    [CG]   [DIAG] iter=1 posCols=23 newCols=23 effImprove=23 updated=0
    [CG]   [DIAG] iter=2 posCols=17 newCols=17 effImprove=17 updated=0
    [CG] CG iter 1: obj=143025190.216820, maxRC=59506243.159342, +23 cols
    [CG]   [DIAG] iter=1 posCols=23 newCols=23 effImprove=23 updated=0
    [CG] 列生成开始，初始列数=128
    [CG] CG iter 3: obj=167014646.454224, maxRC=6256917.396285, +12 cols
    [CG]   [DIAG] iter=3 posCols=12 newCols=12 effImprove=12 updated=0
    [CG] CG iter 2: obj=160446508.670356, maxRC=10623496.537295, +17 cols
    [CG] CG iter 2: obj=160626609.885663, maxRC=10623485.371715, +17 cols
    [CG] CG iter 4: obj=169338957.204031, maxRC=4121246.535726, +5 cols
    [CG]   [DIAG] iter=2 posCols=17 newCols=17 effImprove=17 updated=0
    [CG]   [DIAG] iter=2 posCols=17 newCols=17 effImprove=17 updated=0
    [CG]   [DIAG] iter=4 posCols=5 newCols=5 effImprove=5 updated=0
    [CG] CG iter 4: obj=169708360.412093, maxRC=4139493.611982, +5 cols
    [CG]   [DIAG] iter=4 posCols=5 newCols=5 effImprove=5 updated=0
    [CG] CG iter 2: obj=160622411.783099, maxRC=10628594.261951, +17 cols
    [CG]   [DIAG] iter=2 posCols=17 newCols=17 effImprove=17 updated=0
    [CG] 列生成收敛，共 5 轮迭代
    [CG] [CG-NODE] depth=0 exit=CERTIFIED certified=1 feasible=1 iters=5 generatedColsBeforeNode=0 newCols=57 posCandidates=57 duplicateCandidates=0 updatedCols=0 zeroObjImproveIters=0 objFirst=143248055.692187 objLast=173926873.347618 objGain=30678817.655432 maxRC=59519752.128890 wallSec=0.011333 pricingSec=0.008175 cplexSolveSec=0.001565
    [CG] 列生成收敛，共 5 轮迭代
    [CG] CG iter 3: obj=166814610.185619, maxRC=6244298.214905, +12 cols
    [CG] [CG-NODE] depth=0 exit=CERTIFIED certified=1 feasible=1 iters=5 generatedColsBeforeNode=0 newCols=57 posCandidates=57 duplicateCandidates=0 updatedCols=0 zeroObjImproveIters=0 objFirst=142851160.945046 objLast=173565027.749713 objGain=30713866.804667 maxRC=59519819.456926 wallSec=0.020484 pricingSec=0.014940 cplexSolveSec=0.002977
    [CG]   [DIAG] iter=3 posCols=12 newCols=12 effImprove=12 updated=0
      [BB] 根节点即为整数解，obj=173926873.347618
    [CG] CG iter 3: obj=167018106.236981, maxRC=6256322.952436, +12 cols
    [CG]   [DIAG] iter=3 posCols=12 newCols=12 effImprove=12 updated=0
      [BB] 根节点即为整数解，obj=173565027.749713
    [CG] CG iter 4: obj=169502041.322200, maxRC=4120677.591769, +5 cols
    [CG]   [DIAG] iter=4 posCols=5 newCols=5 effImprove=5 updated=0
    [CG] CG iter 3: obj=167014318.920867, maxRC=6254600.077845, +12 cols
    [CG]   [DIAG] iter=3 posCols=12 newCols=12 effImprove=12 updated=0
    [CG] CG iter 4: obj=169713710.397737, maxRC=4141421.936499, +5 cols
    [CG]   [DIAG] iter=4 posCols=5 newCols=5 effImprove=5 updated=0
    [CG] 列生成收敛，共 5 轮迭代
    [CG] [CG-NODE] depth=0 exit=CERTIFIED certified=1 feasible=1 iters=5 generatedColsBeforeNode=0 newCols=57 posCandidates=57 duplicateCandidates=0 updatedCols=0 zeroObjImproveIters=0 objFirst=143064495.867698 objLast=173729890.827069 objGain=30665394.959371 maxRC=59519779.058582 wallSec=0.007316 pricingSec=0.004502 cplexSolveSec=0.001296
      [BB] 根节点即为整数解，obj=173729890.827069
    [CG] 列生成收敛，共 5 轮迭代
    [CG] [CG-NODE] depth=0 exit=CERTIFIED certified=1 feasible=1 iters=5 generatedColsBeforeNode=0 newCols=57 posCandidates=57 duplicateCandidates=0 updatedCols=0 zeroObjImproveIters=0 objFirst=143254189.295011 objLast=173932106.485608 objGain=30677917.190597 maxRC=59519752.128890 wallSec=0.010644 pricingSec=0.007361 cplexSolveSec=0.001740
    [CG] CG iter 4: obj=169713559.651013, maxRC=4142247.348449, +5 cols
      [BB] 根节点即为整数解，obj=173932106.485608
    [CG]   [DIAG] iter=4 posCols=5 newCols=5 effImprove=5 updated=0
    [CG] CG iter 1: obj=143259051.481420, maxRC=59519841.930057, +23 cols
    [CG] 列生成开始，初始列数=128
    [CG]   [DIAG] iter=1 posCols=23 newCols=23 effImprove=23 updated=0
    [CG] 列生成收敛，共 5 轮迭代
    [CG] [CG-NODE] depth=0 exit=CERTIFIED certified=1 feasible=1 iters=5 generatedColsBeforeNode=0 newCols=57 posCandidates=57 duplicateCandidates=0 updatedCols=0 zeroObjImproveIters=0 objFirst=143025190.216820 objLast=173930427.390745 objGain=30905237.173925 maxRC=59506243.159342 wallSec=0.010545 pricingSec=0.007142 cplexSolveSec=0.001785
      [BB] 根节点即为整数解，obj=173930427.390745
    [CG] CG iter 1: obj=143255379.307430, maxRC=59519752.131033, +23 cols
    [CG]   [DIAG] iter=1 posCols=23 newCols=23 effImprove=23 updated=0
    [CG] 列生成开始，初始列数=128
    [CG] CG iter 2: obj=160626623.222706, maxRC=10623494.814960, +17 cols
    [CG]   [DIAG] iter=2 posCols=17 newCols=17 effImprove=17 updated=0
    [CG] CG iter 2: obj=160625892.487337, maxRC=10623485.371715, +17 cols
    [CG]   [DIAG] iter=2 posCols=17 newCols=17 effImprove=17 updated=0
    [CG] CG iter 3: obj=167020142.268707, maxRC=6255356.009978, +12 cols
    [CG]   [DIAG] iter=3 posCols=12 newCols=12 effImprove=12 updated=0
    [CG] CG iter 3: obj=167020914.455371, maxRC=6255315.549291, +12 cols
    [CG]   [DIAG] iter=3 posCols=12 newCols=12 effImprove=12 updated=0
    [CG] CG iter 4: obj=169718631.200361, maxRC=4143797.549623, +5 cols
    [CG]   [DIAG] iter=4 posCols=5 newCols=5 effImprove=5 updated=0
    [CG] 列生成收敛，共 5 轮迭代
    [CG] [CG-NODE] depth=0 exit=CERTIFIED certified=1 feasible=1 iters=5 generatedColsBeforeNode=0 newCols=57 posCandidates=57 duplicateCandidates=0 updatedCols=0 zeroObjImproveIters=0 objFirst=143255379.307430 objLast=173937019.216308 objGain=30681639.908878 maxRC=59519752.131033 wallSec=0.006692 pricingSec=0.004455 cplexSolveSec=0.001265
      [BB] 根节点即为整数解，obj=173937019.216308
    [CG] CG iter 4: obj=169719362.926338, maxRC=4143768.647200, +5 cols
    [CG]   [DIAG] iter=4 posCols=5 newCols=5 effImprove=5 updated=0
    [CG] CG iter 1: obj=142801955.777504, maxRC=59506522.827720, +23 cols
    [CG]   [DIAG] iter=1 posCols=23 newCols=23 effImprove=23 updated=0
    [CG] 列生成收敛，共 5 轮迭代
    [CG] [CG-NODE] depth=0 exit=CERTIFIED certified=1 feasible=1 iters=5 generatedColsBeforeNode=0 newCols=57 posCandidates=57 duplicateCandidates=0 updatedCols=0 zeroObjImproveIters=0 objFirst=143259051.481420 objLast=173937728.989217 objGain=30678677.507797 maxRC=59519841.930057 wallSec=0.014853 pricingSec=0.009836 cplexSolveSec=0.002681
      [BB] 根节点即为整数解，obj=173937728.989217
    [CG] CG iter 2: obj=160527120.787775, maxRC=10628440.415903, +17 cols
    [CG]   [DIAG] iter=2 posCols=17 newCols=17 effImprove=17 updated=0
    [CG] CG iter 3: obj=166910695.680632, maxRC=6263046.630618, +12 cols
    [CG]   [DIAG] iter=3 posCols=12 newCols=12 effImprove=12 updated=0
    [CG] CG iter 4: obj=169618336.456234, maxRC=4142307.423892, +5 cols
    [CG]   [DIAG] iter=4 posCols=5 newCols=5 effImprove=5 updated=0
    [CG] 列生成收敛，共 5 轮迭代
    [CG] [CG-NODE] depth=0 exit=CERTIFIED certified=1 feasible=1 iters=5 generatedColsBeforeNode=0 newCols=57 posCandidates=57 duplicateCandidates=0 updatedCols=0 zeroObjImproveIters=0 objFirst=142801955.777504 objLast=173835241.295805 objGain=31033285.518301 maxRC=59506522.827720 wallSec=0.006563 pricingSec=0.004267 cplexSolveSec=0.001260
      [BB] 根节点即为整数解，obj=173835241.295805
    [CG] CG iter 1: obj=142857765.654505, maxRC=59506491.998537, +23 cols
    [CG]   [DIAG] iter=1 posCols=23 newCols=23 effImprove=23 updated=0
    [CG] CG iter 2: obj=160590548.811080, maxRC=10628559.768560, +17 cols
    [CG]   [DIAG] iter=2 posCols=17 newCols=17 effImprove=17 updated=0
    [CG] CG iter 1: obj=143252637.580698, maxRC=59519752.131033, +23 cols
    [CG]   [DIAG] iter=1 posCols=23 newCols=23 effImprove=23 updated=0
    [CG] CG iter 3: obj=166970808.619301, maxRC=6249841.486198, +12 cols
    [CG]   [DIAG] iter=3 posCols=12 newCols=12 effImprove=12 updated=0
    [CG] CG iter 2: obj=160626580.312332, maxRC=10623485.371715, +17 cols
    [CG]   [DIAG] iter=2 posCols=17 newCols=17 effImprove=17 updated=0
    [CG] CG iter 4: obj=169665290.757800, maxRC=4132060.294192, +5 cols
    [CG]   [DIAG] iter=4 posCols=5 newCols=5 effImprove=5 updated=0
    [CG] 列生成收敛，共 5 轮迭代
    [CG] [CG-NODE] depth=0 exit=CERTIFIED certified=1 feasible=1 iters=5 generatedColsBeforeNode=0 newCols=57 posCandidates=57 duplicateCandidates=0 updatedCols=0 zeroObjImproveIters=0 objFirst=142857765.654505 objLast=173886281.510773 objGain=31028515.856268 maxRC=59506491.998537 wallSec=0.016614 pricingSec=0.011457 cplexSolveSec=0.002685
    [CG] CG iter 3: obj=167020905.803213, maxRC=6255304.702645, +12 cols
      [BB] 根节点即为整数解，obj=173886281.510773
    [CG]   [DIAG] iter=3 posCols=12 newCols=12 effImprove=12 updated=0
    [CG] CG iter 4: obj=169719343.427534, maxRC=4143813.840033, +5 cols
    [CG]   [DIAG] iter=4 posCols=5 newCols=5 effImprove=5 updated=0
    [CG] 列生成收敛，共 5 轮迭代
    [CG] [CG-NODE] depth=0 exit=CERTIFIED certified=1 feasible=1 iters=5 generatedColsBeforeNode=0 newCols=57 posCandidates=57 duplicateCandidates=0 updatedCols=0 zeroObjImproveIters=0 objFirst=143252637.580698 objLast=173937733.972060 objGain=30685096.391362 maxRC=59519752.131033 wallSec=0.014338 pricingSec=0.009680 cplexSolveSec=0.002530
      [BB] 根节点即为整数解，obj=173937733.972060
[GA] 代数 4: Best=173966658.51, Avg=173875562.65, Worst=173406820.29, Valid=30/30, 耗时=0.05s (连续4代未提升)
  ├─ 求解: 30 个体 fork 并行 | CG迭代=111 加列=1257 BB分支=0
  ├─ 并行墙钟=0.0458s | 串行等效(ΣBP)=0.2646s | 加速比=5.78x
  ├─ 管理开销=-0.2188s (fork=0.0030 wait=0.0425 merge=0.0002)
  └─ CG明细: gen_logs/run_gen4_ind{0..29}.log
    [CG] 列生成开始，初始列数=128
    [CG] 列生成开始，初始列数=128
    [CG] 列生成开始，初始列数=128
    [CG] 列生成开始，初始列数=128
    [CG] 列生成开始，初始列数=128
    [CG] 列生成开始，初始列数=128
    [CG] 列生成开始，初始列数=128
    [CG] 列生成开始，初始列数=128
    [CG] CG iter 1: obj=143258187.303944, maxRC=59519841.930057, +23 cols
    [CG]   [DIAG] iter=1 posCols=23 newCols=23 effImprove=23 updated=0
    [CG] CG iter 1: obj=143228671.082089, maxRC=59519752.128890, +23 cols
    [CG] CG iter 2: obj=160625329.249376, maxRC=10623494.814960, +17 cols
    [CG]   [DIAG] iter=1 posCols=23 newCols=23 effImprove=23 updated=0
    [CG]   [DIAG] iter=2 posCols=17 newCols=17 effImprove=17 updated=0
    [CG] CG iter 1: obj=143259530.253528, maxRC=59519734.703453, +23 cols
    [CG] CG iter 3: obj=167019192.923042, maxRC=6255176.330845, +12 cols
    [CG]   [DIAG] iter=3 posCols=12 newCols=12 effImprove=12 updated=0
    [CG]   [DIAG] iter=1 posCols=23 newCols=23 effImprove=23 updated=0
    [CG] CG iter 2: obj=160601961.129061, maxRC=10623485.371715, +17 cols
    [CG]   [DIAG] iter=2 posCols=17 newCols=17 effImprove=17 updated=0
    [CG] CG iter 4: obj=169717502.175563, maxRC=4143413.735985, +5 cols
    [CG]   [DIAG] iter=4 posCols=5 newCols=5 effImprove=5 updated=0
    [CG] CG iter 3: obj=166986837.458014, maxRC=6251400.813433, +12 cols
    [CG]   [DIAG] iter=3 posCols=12 newCols=12 effImprove=12 updated=0
    [CG] 列生成收敛，共 5 轮迭代
    [CG] [CG-NODE] depth=0 exit=CERTIFIED certified=1 feasible=1 iters=5 generatedColsBeforeNode=0 newCols=57 posCandidates=57 duplicateCandidates=0 updatedCols=0 zeroObjImproveIters=0 objFirst=143258187.303944 objLast=173935990.457544 objGain=30677803.153600 maxRC=59519841.930057 wallSec=0.006434 pricingSec=0.004185 cplexSolveSec=0.001163
    [CG] CG iter 1: obj=143244043.675211, maxRC=59519752.128890, +23 cols
    [CG] CG iter 2: obj=160626558.261438, maxRC=10623485.371715, +17 cols
    [CG]   [DIAG] iter=2 posCols=17 newCols=17 effImprove=17 updated=0
      [BB] 根节点即为整数解，obj=173935990.457544
    [CG]   [DIAG] iter=1 posCols=23 newCols=23 effImprove=23 updated=0
    [CG] CG iter 4: obj=169681371.193123, maxRC=4135512.871424, +5 cols
    [CG]   [DIAG] iter=4 posCols=5 newCols=5 effImprove=5 updated=0
    [CG] CG iter 1: obj=143062750.112441, maxRC=59519779.060724, +23 cols
    [CG]   [DIAG] iter=1 posCols=23 newCols=23 effImprove=23 updated=0
    [CG] 列生成收敛，共 5 轮迭代
    [CG] [CG-NODE] depth=0 exit=CERTIFIED certified=1 feasible=1 iters=5 generatedColsBeforeNode=0 newCols=57 posCandidates=57 duplicateCandidates=0 updatedCols=0 zeroObjImproveIters=0 objFirst=143228671.082089 objLast=173903108.608956 objGain=30674437.526868 maxRC=59519752.128890 wallSec=0.007293 pricingSec=0.004864 cplexSolveSec=0.001286
      [BB] 根节点即为整数解，obj=173903108.608956
    [CG] CG iter 3: obj=167020882.674563, maxRC=6255310.559277, +12 cols
    [CG]   [DIAG] iter=3 posCols=12 newCols=12 effImprove=12 updated=0
    [CG] CG iter 2: obj=160621232.991293, maxRC=10628430.972658, +17 cols
    [CG]   [DIAG] iter=2 posCols=17 newCols=17 effImprove=17 updated=0
    [CG] CG iter 4: obj=169719326.155516, maxRC=4143816.116361, +5 cols
    [CG]   [DIAG] iter=4 posCols=5 newCols=5 effImprove=5 updated=0
    [CG] 列生成开始，初始列数=128
    [CG] 列生成收敛，共 5 轮迭代
    [CG] [CG-NODE] depth=0 exit=CERTIFIED certified=1 feasible=1 iters=5 generatedColsBeforeNode=0 newCols=57 posCandidates=57 duplicateCandidates=0 updatedCols=0 zeroObjImproveIters=0 objFirst=143259530.253528 objLast=173937710.145266 objGain=30678179.891739 maxRC=59519734.703453 wallSec=0.008342 pricingSec=0.005601 cplexSolveSec=0.001513
    [CG] CG iter 1: obj=143250517.415407, maxRC=59519779.058582, +23 cols
    [CG] CG iter 2: obj=160541662.459247, maxRC=10623496.537295, +17 cols
    [CG] CG iter 3: obj=167008527.490939, maxRC=6256119.042376, +12 cols
    [CG]   [DIAG] iter=2 posCols=17 newCols=17 effImprove=17 updated=0
    [CG]   [DIAG] iter=3 posCols=12 newCols=12 effImprove=12 updated=0
      [BB] 根节点即为整数解，obj=173937710.145266
    [CG]   [DIAG] iter=1 posCols=23 newCols=23 effImprove=23 updated=0
    [CG] 列生成开始，初始列数=128
    [CG] CG iter 4: obj=169703300.223585, maxRC=4138280.300868, +5 cols
    [CG]   [DIAG] iter=4 posCols=5 newCols=5 effImprove=5 updated=0
    [CG] 列生成收敛，共 5 轮迭代
    [CG] [CG-NODE] depth=0 exit=CERTIFIED certified=1 feasible=1 iters=5 generatedColsBeforeNode=0 newCols=57 posCandidates=57 duplicateCandidates=0 updatedCols=0 zeroObjImproveIters=0 objFirst=143244043.675211 objLast=173920347.899771 objGain=30676304.224560 maxRC=59519752.128890 wallSec=0.009161 pricingSec=0.006198 cplexSolveSec=0.001643
    [CG] CG iter 2: obj=160626639.417417, maxRC=10623469.799741, +17 cols
      [BB] 根节点即为整数解，obj=173920347.899771
    [CG]   [DIAG] iter=2 posCols=17 newCols=17 effImprove=17 updated=0
    [CG] CG iter 3: obj=166883508.725333, maxRC=6281885.387493, +11 cols
    [CG]   [DIAG] iter=3 posCols=11 newCols=11 effImprove=11 updated=0
    [CG] 列生成开始，初始列数=128
    [CG] CG iter 4: obj=169544465.918680, maxRC=4102260.451513, +5 cols
    [CG]   [DIAG] iter=4 posCols=5 newCols=5 effImprove=5 updated=0
    [CG] CG iter 3: obj=167016664.568024, maxRC=6256944.945699, +12 cols
    [CG]   [DIAG] iter=3 posCols=12 newCols=12 effImprove=12 updated=0
    [CG] 列生成收敛，共 5 轮迭代
    [CG] [CG-NODE] depth=0 exit=CERTIFIED certified=1 feasible=1 iters=5 generatedColsBeforeNode=0 newCols=56 posCandidates=56 duplicateCandidates=0 updatedCols=0 zeroObjImproveIters=0 objFirst=143062750.112441 objLast=173762852.787605 objGain=30700102.675164 maxRC=59519779.060724 wallSec=0.010542 pricingSec=0.006937 cplexSolveSec=0.001892
      [BB] 根节点即为整数解，obj=173762852.787605
    [CG] 列生成开始，初始列数=128
    [CG] CG iter 4: obj=169710790.168847, maxRC=4140094.681173, +5 cols
    [CG]   [DIAG] iter=4 posCols=5 newCols=5 effImprove=5 updated=0
    [CG] 列生成收敛，共 5 轮迭代
    [CG] CG iter 1: obj=143257031.610757, maxRC=59519841.930057, +23 cols
    [CG] [CG-NODE] depth=0 exit=CERTIFIED certified=1 feasible=1 iters=5 generatedColsBeforeNode=0 newCols=57 posCandidates=57 duplicateCandidates=0 updatedCols=0 zeroObjImproveIters=0 objFirst=143250517.415407 objLast=173929184.985475 objGain=30678667.570068 maxRC=59519779.058582 wallSec=0.011418 pricingSec=0.007678 cplexSolveSec=0.001973
    [CG]   [DIAG] iter=1 posCols=23 newCols=23 effImprove=23 updated=0
      [BB] 根节点即为整数解，obj=173929184.985475
    [CG] CG iter 1: obj=143254195.339942, maxRC=59519752.128890, +23 cols
    [CG] 列生成开始，初始列数=128
    [CG]   [DIAG] iter=1 posCols=23 newCols=23 effImprove=23 updated=0
    [CG] CG iter 1: obj=142727103.841573, maxRC=59506491.998537, +23 cols
    [CG] CG iter 2: obj=160624973.526748, maxRC=10623494.814960, +17 cols
    [CG]   [DIAG] iter=2 posCols=17 newCols=17 effImprove=17 updated=0
    [CG]   [DIAG] iter=1 posCols=23 newCols=23 effImprove=23 updated=0
    [CG] CG iter 2: obj=160502187.166563, maxRC=10745036.462384, +17 cols
    [CG] CG iter 3: obj=167018704.012081, maxRC=6255124.976664, +12 cols
    [CG]   [DIAG] iter=2 posCols=17 newCols=17 effImprove=17 updated=0
    [CG]   [DIAG] iter=3 posCols=12 newCols=12 effImprove=12 updated=0
    [CG] 列生成开始，初始列数=128
    [CG] CG iter 4: obj=169716961.910421, maxRC=4143298.764655, +5 cols
    [CG]   [DIAG] iter=4 posCols=5 newCols=5 effImprove=5 updated=0
    [CG] CG iter 3: obj=166825261.219608, maxRC=6235421.998560, +12 cols
    [CG] CG iter 2: obj=160626609.885663, maxRC=10623485.371715, +17 cols
    [CG]   [DIAG] iter=3 posCols=12 newCols=12 effImprove=12 updated=0
    [CG]   [DIAG] iter=2 posCols=17 newCols=17 effImprove=17 updated=0
    [CG] 列生成收敛，共 5 轮迭代
    [CG] [CG-NODE] depth=0 exit=CERTIFIED certified=1 feasible=1 iters=5 generatedColsBeforeNode=0 newCols=57 posCandidates=57 duplicateCandidates=0 updatedCols=0 zeroObjImproveIters=0 objFirst=143257031.610757 objLast=173935494.519625 objGain=30678462.908868 maxRC=59519841.930057 wallSec=0.006570 pricingSec=0.004303 cplexSolveSec=0.001204
      [BB] 根节点即为整数解，obj=173935494.519625
    [CG] CG iter 4: obj=169535041.773993, maxRC=4092679.755677, +7 cols
    [CG]   [DIAG] iter=4 posCols=7 newCols=7 effImprove=7 updated=0
    [CG] CG iter 1: obj=143153584.199303, maxRC=59519752.128890, +23 cols
    [CG] 列生成收敛，共 5 轮迭代
    [CG] [CG-NODE] depth=0 exit=CERTIFIED certified=1 feasible=1 iters=5 generatedColsBeforeNode=0 newCols=59 posCandidates=59 duplicateCandidates=0 updatedCols=0 zeroObjImproveIters=0 objFirst=142727103.841573 objLast=173720374.168727 objGain=30993270.327154 maxRC=59506491.998537 wallSec=0.006590 pricingSec=0.004429 cplexSolveSec=0.001184
    [CG] CG iter 1: obj=142991178.202744, maxRC=59504173.292817, +23 cols
      [BB] 根节点即为整数解，obj=173720374.168727
    [CG]   [DIAG] iter=1 posCols=23 newCols=23 effImprove=23 updated=0
    [CG]   [DIAG] iter=1 posCols=23 newCols=23 effImprove=23 updated=0
    [CG] CG iter 3: obj=167018106.236981, maxRC=6256322.952436, +12 cols
    [CG] CG iter 1: obj=143232306.133470, maxRC=59519752.128890, +23 cols
    [CG]   [DIAG] iter=3 posCols=12 newCols=12 effImprove=12 updated=0
    [CG]   [DIAG] iter=1 posCols=23 newCols=23 effImprove=23 updated=0
    [CG] CG iter 2: obj=160622223.921744, maxRC=10628559.768560, +17 cols
    [CG]   [DIAG] iter=2 posCols=17 newCols=17 effImprove=17 updated=0
    [CG] 列生成开始，初始列数=128
    [CG] CG iter 3: obj=167014126.360723, maxRC=6254607.551732, +12 cols
    [CG] CG iter 4: obj=169713710.397737, maxRC=4141421.936499, +5 cols
    [CG] CG iter 2: obj=160545148.152374, maxRC=10623475.172061, +17 cols
    [CG] 列生成开始，初始列数=128
    [CG] CG iter 1: obj=142986999.603331, maxRC=59506522.827720, +23 cols
    [CG]   [DIAG] iter=3 posCols=12 newCols=12 effImprove=12 updated=0
    [CG]   [DIAG] iter=4 posCols=5 newCols=5 effImprove=5 updated=0
    [CG]   [DIAG] iter=2 posCols=17 newCols=17 effImprove=17 updated=0
    [CG]   [DIAG] iter=1 posCols=23 newCols=23 effImprove=23 updated=0
    [CG] CG iter 2: obj=160604135.912192, maxRC=10623485.371715, +17 cols
    [CG]   [DIAG] iter=2 posCols=17 newCols=17 effImprove=17 updated=0
    [CG] CG iter 4: obj=169713374.564755, maxRC=4142259.183295, +5 cols
    [CG]   [DIAG] iter=4 posCols=5 newCols=5 effImprove=5 updated=0
    [CG] 列生成收敛，共 5 轮迭代
    [CG] [CG-NODE] depth=0 exit=CERTIFIED certified=1 feasible=1 iters=5 generatedColsBeforeNode=0 newCols=57 posCandidates=57 duplicateCandidates=0 updatedCols=0 zeroObjImproveIters=0 objFirst=143254195.339942 objLast=173932106.485608 objGain=30677911.145666 maxRC=59519752.128890 wallSec=0.016952 pricingSec=0.012946 cplexSolveSec=0.002230
    [CG] CG iter 2: obj=160587229.043631, maxRC=10628594.261951, +17 cols
    [CG]   [DIAG] iter=2 posCols=17 newCols=17 effImprove=17 updated=0
    [CG] 列生成收敛，共 5 轮迭代
    [CG] [CG-NODE] depth=0 exit=CERTIFIED certified=1 feasible=1 iters=5 generatedColsBeforeNode=0 newCols=57 posCandidates=57 duplicateCandidates=0 updatedCols=0 zeroObjImproveIters=0 objFirst=142991178.202744 objLast=173930239.980560 objGain=30939061.777817 maxRC=59504173.292817 wallSec=0.006356 pricingSec=0.004196 cplexSolveSec=0.001169
      [BB] 根节点即为整数解，obj=173932106.485608
      [BB] 根节点即为整数解，obj=173930239.980560
    [CG] CG iter 3: obj=166927398.029632, maxRC=6263991.058675, +12 cols
    [CG]   [DIAG] iter=3 posCols=12 newCols=12 effImprove=12 updated=0
    [CG] CG iter 3: obj=166966158.389531, maxRC=6249272.367381, +12 cols
    [CG] CG iter 3: obj=166989867.760086, maxRC=6251763.987107, +12 cols
    [CG]   [DIAG] iter=3 posCols=12 newCols=12 effImprove=12 updated=0
    [CG]   [DIAG] iter=3 posCols=12 newCols=12 effImprove=12 updated=0
    [CG] CG iter 1: obj=143024885.036722, maxRC=59506243.159342, +23 cols
    [CG] CG iter 4: obj=169660071.409212, maxRC=4130870.538191, +5 cols
    [CG]   [DIAG] iter=4 posCols=5 newCols=5 effImprove=5 updated=0
    [CG]   [DIAG] iter=1 posCols=23 newCols=23 effImprove=23 updated=0
    [CG] CG iter 4: obj=169628185.649891, maxRC=4139493.611982, +5 cols
    [CG] CG iter 4: obj=169684764.668870, maxRC=4136269.781262, +5 cols
    [CG]   [DIAG] iter=4 posCols=5 newCols=5 effImprove=5 updated=0
    [CG]   [DIAG] iter=4 posCols=5 newCols=5 effImprove=5 updated=0
    [CG] 列生成收敛，共 5 轮迭代
    [CG] [CG-NODE] depth=0 exit=CERTIFIED certified=1 feasible=1 iters=5 generatedColsBeforeNode=0 newCols=57 posCandidates=57 duplicateCandidates=0 updatedCols=0 zeroObjImproveIters=0 objFirst=142986999.603331 objLast=173881549.433981 objGain=30894549.830650 maxRC=59506522.827720 wallSec=0.006320 pricingSec=0.004156 cplexSolveSec=0.001173
      [BB] 根节点即为整数解，obj=173881549.433981
    [CG] 列生成收敛，共 5 轮迭代
    [CG] [CG-NODE] depth=0 exit=CERTIFIED certified=1 feasible=1 iters=5 generatedColsBeforeNode=0 newCols=57 posCandidates=57 duplicateCandidates=0 updatedCols=0 zeroObjImproveIters=0 objFirst=143232306.133470 objLast=173906191.268899 objGain=30673885.135430 maxRC=59519752.128890 wallSec=0.009226 pricingSec=0.005942 cplexSolveSec=0.001932
    [CG] 列生成开始，初始列数=128
    [CG] CG iter 2: obj=160622151.320453, maxRC=10628594.261951, +17 cols
    [CG] 列生成开始，初始列数=128
    [CG] 列生成收敛，共 5 轮迭代
    [CG] [CG-NODE] depth=0 exit=CERTIFIED certified=1 feasible=1 iters=5 generatedColsBeforeNode=0 newCols=57 posCandidates=57 duplicateCandidates=0 updatedCols=0 zeroObjImproveIters=0 objFirst=143153584.199303 objLast=173846698.585416 objGain=30693114.386113 maxRC=59519752.128890 wallSec=0.018759 pricingSec=0.013263 cplexSolveSec=0.003055
    [CG]   [DIAG] iter=2 posCols=17 newCols=17 effImprove=17 updated=0
      [BB] 根节点即为整数解，obj=173906191.268899
      [BB] 根节点即为整数解，obj=173846698.585416
    [CG] CG iter 3: obj=167014036.099496, maxRC=6254622.436571, +12 cols
    [CG]   [DIAG] iter=3 posCols=12 newCols=12 effImprove=12 updated=0
    [CG] CG iter 1: obj=143147318.511937, maxRC=59518310.986239, +23 cols
    [CG]   [DIAG] iter=1 posCols=23 newCols=23 effImprove=23 updated=0
    [CG] 列生成开始，初始列数=128
    [CG] CG iter 4: obj=169713299.188367, maxRC=4142247.348449, +5 cols
    [CG]   [DIAG] iter=4 posCols=5 newCols=5 effImprove=5 updated=0
    [CG] CG iter 1: obj=143064448.640952, maxRC=59519779.058582, +23 cols
    [CG]   [DIAG] iter=1 posCols=23 newCols=23 effImprove=23 updated=0
    [CG] CG iter 2: obj=160626504.814594, maxRC=10623485.371715, +17 cols
    [CG]   [DIAG] iter=2 posCols=17 newCols=17 effImprove=17 updated=0
    [CG] 列生成收敛，共 5 轮迭代
    [CG] [CG-NODE] depth=0 exit=CERTIFIED certified=1 feasible=1 iters=5 generatedColsBeforeNode=0 newCols=57 posCandidates=57 duplicateCandidates=0 updatedCols=0 zeroObjImproveIters=0 objFirst=143024885.036722 objLast=173930166.928100 objGain=30905281.891378 maxRC=59506243.159342 wallSec=0.007690 pricingSec=0.005210 cplexSolveSec=0.001387
    [CG] 列生成开始，初始列数=128
      [BB] 根节点即为整数解，obj=173930166.928100
    [CG] CG iter 3: obj=167016514.681800, maxRC=6256933.104643, +12 cols
    [CG] CG iter 2: obj=160446475.111721, maxRC=10623480.558347, +17 cols
    [CG]   [DIAG] iter=3 posCols=12 newCols=12 effImprove=12 updated=0
    [CG]   [DIAG] iter=2 posCols=17 newCols=17 effImprove=17 updated=0
    [CG] CG iter 4: obj=169710640.253405, maxRC=4140082.867265, +5 cols
    [CG]   [DIAG] iter=4 posCols=5 newCols=5 effImprove=5 updated=0
    [CG] 列生成开始，初始列数=128
    [CG] CG iter 3: obj=166814574.502841, maxRC=6244290.531148, +12 cols
    [CG]   [DIAG] iter=3 posCols=12 newCols=12 effImprove=12 updated=0
    [CG] 列生成收敛，共 5 轮迭代
    [CG] [CG-NODE] depth=0 exit=CERTIFIED certified=1 feasible=1 iters=5 generatedColsBeforeNode=0 newCols=57 posCandidates=57 duplicateCandidates=0 updatedCols=0 zeroObjImproveIters=0 objFirst=143147318.511937 objLast=173929036.341276 objGain=30781717.829339 maxRC=59518310.986239 wallSec=0.006195 pricingSec=0.004117 cplexSolveSec=0.001163
      [BB] 根节点即为整数解，obj=173929036.341276
    [CG] 列生成开始，初始列数=128
    [CG] CG iter 4: obj=169501994.095454, maxRC=4120701.986622, +5 cols
    [CG]   [DIAG] iter=4 posCols=5 newCols=5 effImprove=5 updated=0
    [CG] CG iter 1: obj=142796482.083368, maxRC=59503892.241867, +23 cols
    [CG]   [DIAG] iter=1 posCols=23 newCols=23 effImprove=23 updated=0
    [CG] 列生成收敛，共 5 轮迭代
    [CG] [CG-NODE] depth=0 exit=CERTIFIED certified=1 feasible=1 iters=5 generatedColsBeforeNode=0 newCols=57 posCandidates=57 duplicateCandidates=0 updatedCols=0 zeroObjImproveIters=0 objFirst=143064448.640952 objLast=173729855.671234 objGain=30665407.030281 maxRC=59519779.058582 wallSec=0.007490 pricingSec=0.004690 cplexSolveSec=0.001330
      [BB] 根节点即为整数解，obj=173729855.671234
    [CG] CG iter 2: obj=160446275.830291, maxRC=10623576.231032, +17 cols
    [CG]   [DIAG] iter=2 posCols=17 newCols=17 effImprove=17 updated=0
    [CG] 列生成开始，初始列数=128
    [CG] CG iter 1: obj=143231931.993723, maxRC=59486728.686669, +23 cols
    [CG]   [DIAG] iter=1 posCols=23 newCols=23 effImprove=23 updated=0
    [CG] CG iter 3: obj=166814285.079299, maxRC=6244290.215631, +12 cols
    [CG]   [DIAG] iter=3 posCols=12 newCols=12 effImprove=12 updated=0
    [CG] CG iter 1: obj=142664608.621110, maxRC=59506513.861307, +23 cols
    [CG]   [DIAG] iter=1 posCols=23 newCols=23 effImprove=23 updated=0
    [CG] CG iter 4: obj=169501730.964767, maxRC=4120638.611335, +5 cols
    [CG]   [DIAG] iter=4 posCols=5 newCols=5 effImprove=5 updated=0
    [CG] CG iter 2: obj=160569235.004323, maxRC=10601726.137506, +17 cols
    [CG]   [DIAG] iter=2 posCols=17 newCols=17 effImprove=17 updated=0
    [CG] 列生成收敛，共 5 轮迭代
    [CG] [CG-NODE] depth=0 exit=CERTIFIED certified=1 feasible=1 iters=5 generatedColsBeforeNode=0 newCols=57 posCandidates=57 duplicateCandidates=0 updatedCols=0 zeroObjImproveIters=0 objFirst=142796482.083368 objLast=173729547.088226 objGain=30933065.004857 maxRC=59503892.241867 wallSec=0.006305 pricingSec=0.004201 cplexSolveSec=0.001141
      [BB] 根节点即为整数解，obj=173729547.088226
    [CG] CG iter 2: obj=160416588.014411, maxRC=10706456.365216, +17 cols
    [CG] CG iter 3: obj=166969187.491337, maxRC=6256539.311551, +12 cols
    [CG]   [DIAG] iter=2 posCols=17 newCols=17 effImprove=17 updated=0
    [CG]   [DIAG] iter=3 posCols=12 newCols=12 effImprove=12 updated=0
    [CG] CG iter 4: obj=169668859.724564, maxRC=4159067.718911, +5 cols
    [CG]   [DIAG] iter=4 posCols=5 newCols=5 effImprove=5 updated=0
    [CG] CG iter 3: obj=166693652.166474, maxRC=6266986.435177, +11 cols
    [CG]   [DIAG] iter=3 posCols=11 newCols=11 effImprove=11 updated=0
    [CG] 列生成收敛，共 5 轮迭代
    [CG] [CG-NODE] depth=0 exit=CERTIFIED certified=1 feasible=1 iters=5 generatedColsBeforeNode=0 newCols=57 posCandidates=57 duplicateCandidates=0 updatedCols=0 zeroObjImproveIters=0 objFirst=143231931.993723 objLast=173889336.162101 objGain=30657404.168377 maxRC=59486728.686669 wallSec=0.006411 pricingSec=0.004243 cplexSolveSec=0.001172
    [CG] CG iter 1: obj=143216437.496853, maxRC=59519397.830872, +23 cols
      [BB] 根节点即为整数解，obj=173889336.162101
    [CG]   [DIAG] iter=1 posCols=23 newCols=23 effImprove=23 updated=0
    [CG] CG iter 1: obj=143247939.831268, maxRC=59519752.128890, +23 cols
    [CG]   [DIAG] iter=1 posCols=23 newCols=23 effImprove=23 updated=0
    [CG] CG iter 4: obj=169334166.279689, maxRC=4045346.429719, +5 cols
    [CG]   [DIAG] iter=4 posCols=5 newCols=5 effImprove=5 updated=0
    [CG] CG iter 2: obj=160590639.803252, maxRC=10623475.172061, +17 cols
    [CG]   [DIAG] iter=2 posCols=17 newCols=17 effImprove=17 updated=0
    [CG] 列生成收敛，共 5 轮迭代
    [CG] [CG-NODE] depth=0 exit=CERTIFIED certified=1 feasible=1 iters=5 generatedColsBeforeNode=0 newCols=56 posCandidates=56 duplicateCandidates=0 updatedCols=0 zeroObjImproveIters=0 objFirst=142664608.621110 objLast=173531828.514954 objGain=30867219.893844 maxRC=59506513.861307 wallSec=0.008450 pricingSec=0.005716 cplexSolveSec=0.001473
      [BB] 根节点即为整数解，obj=173531828.514954
    [CG] CG iter 1: obj=143255376.936647, maxRC=59519801.503403, +23 cols
    [CG] CG iter 1: obj=143252710.199968, maxRC=59518388.320511, +23 cols
    [CG]   [DIAG] iter=1 posCols=23 newCols=23 effImprove=23 updated=0
    [CG]   [DIAG] iter=1 posCols=23 newCols=23 effImprove=23 updated=0
    [CG] CG iter 3: obj=166984351.350976, maxRC=6255193.072420, +12 cols
    [CG] CG iter 2: obj=160624958.852684, maxRC=10623475.172061, +17 cols
    [CG]   [DIAG] iter=3 posCols=12 newCols=12 effImprove=12 updated=0
    [CG]   [DIAG] iter=2 posCols=17 newCols=17 effImprove=17 updated=0
    [CG] CG iter 4: obj=169682452.599250, maxRC=4143364.132016, +5 cols
    [CG]   [DIAG] iter=4 posCols=5 newCols=5 effImprove=5 updated=0
    [CG] CG iter 2: obj=160623766.982241, maxRC=10622427.628388, +17 cols
    [CG]   [DIAG] iter=2 posCols=17 newCols=17 effImprove=17 updated=0
    [CG] 列生成收敛，共 5 轮迭代
    [CG] [CG-NODE] depth=0 exit=CERTIFIED certified=1 feasible=1 iters=5 generatedColsBeforeNode=0 newCols=57 posCandidates=57 duplicateCandidates=0 updatedCols=0 zeroObjImproveIters=0 objFirst=143216437.496853 objLast=173900965.534775 objGain=30684528.037923 maxRC=59519397.830872 wallSec=0.006224 pricingSec=0.004143 cplexSolveSec=0.001072
    [CG] CG iter 2: obj=160625939.488924, maxRC=10623504.849969, +17 cols
    [CG]   [DIAG] iter=2 posCols=17 newCols=17 effImprove=17 updated=0
      [BB] 根节点即为整数解，obj=173900965.534775
    [CG] CG iter 3: obj=167014149.204000, maxRC=6256866.042104, +12 cols
    [CG]   [DIAG] iter=3 posCols=12 newCols=12 effImprove=12 updated=0
    [CG] CG iter 3: obj=167015416.366085, maxRC=6256412.997800, +12 cols
    [CG]   [DIAG] iter=3 posCols=12 newCols=12 effImprove=12 updated=0
    [CG] CG iter 4: obj=169711110.572205, maxRC=4142025.170974, +5 cols
    [CG]   [DIAG] iter=4 posCols=5 newCols=5 effImprove=5 updated=0
    [CG] CG iter 3: obj=167020174.323236, maxRC=6255357.322094, +12 cols
    [CG] CG iter 4: obj=169707811.807688, maxRC=4139378.640652, +5 cols
    [CG]   [DIAG] iter=3 posCols=12 newCols=12 effImprove=12 updated=0
    [CG]   [DIAG] iter=4 posCols=5 newCols=5 effImprove=5 updated=0
    [CG] 列生成收敛，共 5 轮迭代
    [CG] [CG-NODE] depth=0 exit=CERTIFIED certified=1 feasible=1 iters=5 generatedColsBeforeNode=0 newCols=57 posCandidates=57 duplicateCandidates=0 updatedCols=0 zeroObjImproveIters=0 objFirst=143252710.199968 objLast=173929544.701516 objGain=30676834.501549 maxRC=59518388.320511 wallSec=0.006083 pricingSec=0.004038 cplexSolveSec=0.001098
      [BB] 根节点即为整数解，obj=173929544.701516
    [CG] 列生成收敛，共 5 轮迭代
    [CG] [CG-NODE] depth=0 exit=CERTIFIED certified=1 feasible=1 iters=5 generatedColsBeforeNode=0 newCols=57 posCandidates=57 duplicateCandidates=0 updatedCols=0 zeroObjImproveIters=0 objFirst=143247939.831268 objLast=173926369.070436 objGain=30678429.239168 maxRC=59519752.128890 wallSec=0.009043 pricingSec=0.006205 cplexSolveSec=0.001602
    [CG] CG iter 4: obj=169718664.567005, maxRC=4143772.508938, +5 cols
    [CG]   [DIAG] iter=4 posCols=5 newCols=5 effImprove=5 updated=0
      [BB] 根节点即为整数解，obj=173926369.070436
    [CG] 列生成收敛，共 5 轮迭代
    [CG] [CG-NODE] depth=0 exit=CERTIFIED certified=1 feasible=1 iters=5 generatedColsBeforeNode=0 newCols=57 posCandidates=57 duplicateCandidates=0 updatedCols=0 zeroObjImproveIters=0 objFirst=143255376.936647 objLast=173937045.545582 objGain=30681668.608935 maxRC=59519801.503403 wallSec=0.009212 pricingSec=0.005735 cplexSolveSec=0.001605
      [BB] 根节点即为整数解，obj=173937045.545582
[GA] 代数 5: Best=173966658.51, Avg=173892060.26, Worst=173560714.20, Valid=30/30, 耗时=0.03s (连续5代未提升)
  ├─ 求解: 30 个体 fork 并行 | CG迭代=115 加列=1311 BB分支=0
  ├─ 并行墙钟=0.0306s | 串行等效(ΣBP)=0.2009s | 加速比=6.57x
  ├─ 管理开销=-0.1703s (fork=0.0025 wait=0.0279 merge=0.0002)
  └─ CG明细: gen_logs/run_gen5_ind{0..29}.log
    [CG] 列生成开始，初始列数=128
    [CG] 列生成开始，初始列数=128
    [CG] 列生成开始，初始列数=128
    [CG] 列生成开始，初始列数=128
    [CG] 列生成开始，初始列数=128
    [CG] 列生成开始，初始列数=128
    [CG] 列生成开始，初始列数=128
    [CG] 列生成开始，初始列数=128
    [CG] CG iter 1: obj=143082209.895061, maxRC=59519752.288062, +23 cols
    [CG]   [DIAG] iter=1 posCols=23 newCols=23 effImprove=23 updated=0
    [CG] CG iter 1: obj=142946443.560327, maxRC=59506243.159342, +23 cols
    [CG]   [DIAG] iter=1 posCols=23 newCols=23 effImprove=23 updated=0
    [CG] CG iter 1: obj=143223584.910277, maxRC=59486728.686669, +23 cols
    [CG]   [DIAG] iter=1 posCols=23 newCols=23 effImprove=23 updated=0
    [CG] CG iter 1: obj=143083847.994830, maxRC=59519752.128890, +23 cols
    [CG] CG iter 2: obj=160476418.301527, maxRC=10623475.172061, +17 cols
    [CG]   [DIAG] iter=1 posCols=23 newCols=23 effImprove=23 updated=0
    [CG]   [DIAG] iter=2 posCols=17 newCols=17 effImprove=17 updated=0
    [CG] CG iter 2: obj=160622169.087543, maxRC=10628594.261951, +17 cols
    [CG]   [DIAG] iter=2 posCols=17 newCols=17 effImprove=17 updated=0
    [CG] CG iter 2: obj=160567580.489471, maxRC=10601715.937852, +17 cols
    [CG]   [DIAG] iter=2 posCols=17 newCols=17 effImprove=17 updated=0
    [CG] CG iter 1: obj=143254536.069937, maxRC=59519832.963643, +23 cols
    [CG] CG iter 1: obj=143227667.404588, maxRC=59519832.925579, +23 cols
    [CG]   [DIAG] iter=1 posCols=23 newCols=23 effImprove=23 updated=0
    [CG] CG iter 3: obj=166825263.124681, maxRC=6236047.625872, +12 cols
    [CG] CG iter 2: obj=160457138.041803, maxRC=10623485.371715, +17 cols
    [CG]   [DIAG] iter=3 posCols=12 newCols=12 effImprove=12 updated=0
    [CG]   [DIAG] iter=2 posCols=17 newCols=17 effImprove=17 updated=0
    [CG]   [DIAG] iter=1 posCols=23 newCols=23 effImprove=23 updated=0
    [CG] CG iter 3: obj=167014055.415982, maxRC=6254620.887174, +12 cols
    [CG]   [DIAG] iter=3 posCols=12 newCols=12 effImprove=12 updated=0
    [CG] CG iter 3: obj=166962402.944794, maxRC=6258110.082884, +12 cols
    [CG]   [DIAG] iter=3 posCols=12 newCols=12 effImprove=12 updated=0
    [CG] CG iter 4: obj=169504218.926407, maxRC=4103614.023764, +5 cols
    [CG] CG iter 1: obj=143178118.668399, maxRC=59519752.128890, +23 cols
    [CG]   [DIAG] iter=4 posCols=5 newCols=5 effImprove=5 updated=0
    [CG]   [DIAG] iter=1 posCols=23 newCols=23 effImprove=23 updated=0
    [CG] CG iter 3: obj=166842014.370756, maxRC=6251400.813433, +12 cols
    [CG]   [DIAG] iter=3 posCols=12 newCols=12 effImprove=12 updated=0
    [CG] CG iter 2: obj=160625298.688719, maxRC=10623483.157284, +17 cols
    [CG] CG iter 4: obj=169713316.955457, maxRC=4142247.348449, +5 cols
    [CG]   [DIAG] iter=4 posCols=5 newCols=5 effImprove=5 updated=0
    [CG]   [DIAG] iter=2 posCols=17 newCols=17 effImprove=17 updated=0
    [CG] 列生成收敛，共 5 轮迭代
    [CG] CG iter 2: obj=160604199.957626, maxRC=10623512.916594, +17 cols
    [CG] [CG-NODE] depth=0 exit=CERTIFIED certified=1 feasible=1 iters=5 generatedColsBeforeNode=0 newCols=57 posCandidates=57 duplicateCandidates=0 updatedCols=0 zeroObjImproveIters=0 objFirst=143082209.895061 objLast=173739109.948910 objGain=30656900.053849 maxRC=59519752.288062 wallSec=0.006485 pricingSec=0.004246 cplexSolveSec=0.001183
    [CG] CG iter 4: obj=169657309.589262, maxRC=4154641.312023, +5 cols
    [CG]   [DIAG] iter=2 posCols=17 newCols=17 effImprove=17 updated=0
    [CG]   [DIAG] iter=4 posCols=5 newCols=5 effImprove=5 updated=0
      [BB] 根节点即为整数解，obj=173739109.948910
    [CG] 列生成收敛，共 5 轮迭代
    [CG] CG iter 4: obj=169536548.105864, maxRC=4135512.871424, +5 cols
    [CG] [CG-NODE] depth=0 exit=CERTIFIED certified=1 feasible=1 iters=5 generatedColsBeforeNode=0 newCols=57 posCandidates=57 duplicateCandidates=0 updatedCols=0 zeroObjImproveIters=0 objFirst=142946443.560327 objLast=173930184.695189 objGain=30983741.134863 maxRC=59506243.159342 wallSec=0.006694 pricingSec=0.004376 cplexSolveSec=0.001247
    [CG]   [DIAG] iter=4 posCols=5 newCols=5 effImprove=5 updated=0
    [CG] 列生成收敛，共 5 轮迭代
    [CG] [CG-NODE] depth=0 exit=CERTIFIED certified=1 feasible=1 iters=5 generatedColsBeforeNode=0 newCols=57 posCandidates=57 duplicateCandidates=0 updatedCols=0 zeroObjImproveIters=0 objFirst=143223584.910277 objLast=173877947.201676 objGain=30654362.291399 maxRC=59486728.686669 wallSec=0.006523 pricingSec=0.004306 cplexSolveSec=0.001212
      [BB] 根节点即为整数解，obj=173930184.695189
      [BB] 根节点即为整数解，obj=173877947.201676
    [CG] CG iter 2: obj=160561614.711180, maxRC=10641227.865490, +17 cols
    [CG] 列生成收敛，共 5 轮迭代
    [CG] [CG-NODE] depth=0 exit=CERTIFIED certified=1 feasible=1 iters=5 generatedColsBeforeNode=0 newCols=57 posCandidates=57 duplicateCandidates=0 updatedCols=0 zeroObjImproveIters=0 objFirst=143083847.994830 objLast=173758285.521698 objGain=30674437.526868 maxRC=59519752.128890 wallSec=0.006726 pricingSec=0.004284 cplexSolveSec=0.001251
    [CG] CG iter 3: obj=167019161.223612, maxRC=6255177.858974, +12 cols
    [CG]   [DIAG] iter=2 posCols=17 newCols=17 effImprove=17 updated=0
    [CG]   [DIAG] iter=3 posCols=12 newCols=12 effImprove=12 updated=0
    [CG] CG iter 3: obj=166989905.179615, maxRC=6251767.186768, +12 cols
      [BB] 根节点即为整数解，obj=173758285.521698
    [CG]   [DIAG] iter=3 posCols=12 newCols=12 effImprove=12 updated=0
    [CG] CG iter 4: obj=169717472.004262, maxRC=4143416.901353, +5 cols
    [CG]   [DIAG] iter=4 posCols=5 newCols=5 effImprove=5 updated=0
    [CG] CG iter 4: obj=169684805.288059, maxRC=4136228.065605, +5 cols
    [CG]   [DIAG] iter=4 posCols=5 newCols=5 effImprove=5 updated=0
    [CG] CG iter 3: obj=166927988.371524, maxRC=6244530.994609, +12 cols
    [CG]   [DIAG] iter=3 posCols=12 newCols=12 effImprove=12 updated=0
    [CG] 列生成收敛，共 5 轮迭代
    [CG] [CG-NODE] depth=0 exit=CERTIFIED certified=1 feasible=1 iters=5 generatedColsBeforeNode=0 newCols=57 posCandidates=57 duplicateCandidates=0 updatedCols=0 zeroObjImproveIters=0 objFirst=143254536.069937 objLast=173935959.121298 objGain=30681423.051361 maxRC=59519832.963643 wallSec=0.007878 pricingSec=0.005407 cplexSolveSec=0.001379
    [CG] 列生成收敛，共 5 轮迭代
    [CG] [CG-NODE] depth=0 exit=CERTIFIED certified=1 feasible=1 iters=5 generatedColsBeforeNode=0 newCols=57 posCandidates=57 duplicateCandidates=0 updatedCols=0 zeroObjImproveIters=0 objFirst=143227667.404588 objLast=173906219.068676 objGain=30678551.664089 maxRC=59519832.925579 wallSec=0.007854 pricingSec=0.005369 cplexSolveSec=0.001404
      [BB] 根节点即为整数解，obj=173935959.121298
    [CG] 列生成开始，初始列数=128
      [BB] 根节点即为整数解，obj=173906219.068676
    [CG] CG iter 4: obj=169621004.480525, maxRC=4120980.061483, +5 cols
    [CG] 列生成开始，初始列数=128
    [CG]   [DIAG] iter=4 posCols=5 newCols=5 effImprove=5 updated=0
    [CG] 列生成开始，初始列数=128
    [CG] 列生成开始，初始列数=128
    [CG] 列生成收敛，共 5 轮迭代
    [CG] [CG-NODE] depth=0 exit=CERTIFIED certified=1 feasible=1 iters=5 generatedColsBeforeNode=0 newCols=57 posCandidates=57 duplicateCandidates=0 updatedCols=0 zeroObjImproveIters=0 objFirst=143178118.668399 objLast=173841173.409583 objGain=30663054.741184 maxRC=59519752.128890 wallSec=0.008612 pricingSec=0.005743 cplexSolveSec=0.001563
      [BB] 根节点即为整数解，obj=173841173.409583
    [CG] 列生成开始，初始列数=128
    [CG] 列生成开始，初始列数=128
    [CG] 列生成开始，初始列数=128
    [CG] CG iter 1: obj=142987328.531096, maxRC=59506522.827720, +23 cols
    [CG]   [DIAG] iter=1 posCols=23 newCols=23 effImprove=23 updated=0
    [CG] CG iter 1: obj=143183779.985792, maxRC=59519752.288062, +23 cols
    [CG] CG iter 1: obj=143251495.511157, maxRC=59519403.483036, +23 cols
    [CG]   [DIAG] iter=1 posCols=23 newCols=23 effImprove=23 updated=0
    [CG]   [DIAG] iter=1 posCols=23 newCols=23 effImprove=23 updated=0
    [CG] CG iter 2: obj=160587468.242293, maxRC=10628288.913366, +17 cols
    [CG]   [DIAG] iter=2 posCols=17 newCols=17 effImprove=17 updated=0
    [CG] CG iter 1: obj=143258668.202576, maxRC=59519752.128890, +23 cols
    [CG] CG iter 2: obj=160590639.803252, maxRC=10623475.172061, +17 cols
    [CG]   [DIAG] iter=2 posCols=17 newCols=17 effImprove=17 updated=0
    [CG] CG iter 2: obj=160624958.852684, maxRC=10623475.172061, +17 cols
    [CG]   [DIAG] iter=1 posCols=23 newCols=23 effImprove=23 updated=0
    [CG]   [DIAG] iter=2 posCols=17 newCols=17 effImprove=17 updated=0
    [CG] CG iter 1: obj=143174759.550280, maxRC=59519397.830872, +23 cols
    [CG] CG iter 3: obj=166966537.506234, maxRC=6249314.471028, +12 cols
    [CG]   [DIAG] iter=3 posCols=12 newCols=12 effImprove=12 updated=0
    [CG]   [DIAG] iter=1 posCols=23 newCols=23 effImprove=23 updated=0
    [CG] CG iter 3: obj=166979963.701736, maxRC=6256917.037449, +12 cols
    [CG]   [DIAG] iter=3 posCols=12 newCols=12 effImprove=12 updated=0
    [CG] CG iter 3: obj=167018536.853241, maxRC=6255142.077075, +12 cols
    [CG]   [DIAG] iter=3 posCols=12 newCols=12 effImprove=12 updated=0
    [CG] CG iter 4: obj=169660400.336977, maxRC=4130962.830776, +5 cols
    [CG] CG iter 1: obj=143211872.269141, maxRC=59519397.830872, +23 cols
    [CG]   [DIAG] iter=4 posCols=5 newCols=5 effImprove=5 updated=0
    [CG]   [DIAG] iter=1 posCols=23 newCols=23 effImprove=23 updated=0
    [CG] CG iter 1: obj=142906096.422528, maxRC=59506491.998537, +23 cols
    [CG] CG iter 4: obj=169673677.300769, maxRC=4139493.611982, +5 cols
    [CG]   [DIAG] iter=4 posCols=5 newCols=5 effImprove=5 updated=0
    [CG]   [DIAG] iter=1 posCols=23 newCols=23 effImprove=23 updated=0
    [CG] CG iter 4: obj=169716587.106169, maxRC=4143249.160685, +5 cols
    [CG]   [DIAG] iter=4 posCols=5 newCols=5 effImprove=5 updated=0
    [CG] 列生成收敛，共 5 轮迭代
    [CG] [CG-NODE] depth=0 exit=CERTIFIED certified=1 feasible=1 iters=5 generatedColsBeforeNode=0 newCols=57 posCandidates=57 duplicateCandidates=0 updatedCols=0 zeroObjImproveIters=0 objFirst=142987328.531096 objLast=173881970.654331 objGain=30894642.123235 maxRC=59506522.827720 wallSec=0.006496 pricingSec=0.004295 cplexSolveSec=0.001188
    [CG] CG iter 2: obj=160626150.142696, maxRC=10623485.371715, +17 cols
    [CG]   [DIAG] iter=2 posCols=17 newCols=17 effImprove=17 updated=0
      [BB] 根节点即为整数解，obj=173881970.654331
    [CG] 列生成收敛，共 5 轮迭代
    [CG] [CG-NODE] depth=0 exit=CERTIFIED certified=1 feasible=1 iters=5 generatedColsBeforeNode=0 newCols=57 posCandidates=57 duplicateCandidates=0 updatedCols=0 zeroObjImproveIters=0 objFirst=143183779.985792 objLast=173892190.236294 objGain=30708410.250502 maxRC=59519752.288062 wallSec=0.006565 pricingSec=0.004343 cplexSolveSec=0.001218
    [CG] 列生成收敛，共 5 轮迭代
    [CG] CG iter 2: obj=160556620.237317, maxRC=10623475.172061, +17 cols
    [CG] [CG-NODE] depth=0 exit=CERTIFIED certified=1 feasible=1 iters=5 generatedColsBeforeNode=0 newCols=57 posCandidates=57 duplicateCandidates=0 updatedCols=0 zeroObjImproveIters=0 objFirst=143251495.511157 objLast=173935144.368917 objGain=30683648.857760 maxRC=59519403.483036 wallSec=0.006601 pricingSec=0.004406 cplexSolveSec=0.001208
    [CG] CG iter 2: obj=160586075.293211, maxRC=10623475.172061, +17 cols
      [BB] 根节点即为整数解，obj=173892190.236294
    [CG]   [DIAG] iter=2 posCols=17 newCols=17 effImprove=17 updated=0
    [CG]   [DIAG] iter=2 posCols=17 newCols=17 effImprove=17 updated=0
      [BB] 根节点即为整数解，obj=173935144.368917
    [CG] CG iter 2: obj=160533957.388792, maxRC=10745036.462384, +17 cols
    [CG]   [DIAG] iter=2 posCols=17 newCols=17 effImprove=17 updated=0
    [CG] CG iter 3: obj=166979786.482100, maxRC=6255193.431255, +12 cols
    [CG]   [DIAG] iter=3 posCols=12 newCols=12 effImprove=12 updated=0
    [CG] CG iter 3: obj=166870258.055618, maxRC=6239555.284006, +12 cols
    [CG] CG iter 3: obj=167020481.554322, maxRC=6255306.848253, +12 cols
    [CG]   [DIAG] iter=3 posCols=12 newCols=12 effImprove=12 updated=0
    [CG]   [DIAG] iter=3 posCols=12 newCols=12 effImprove=12 updated=0
    [CG] CG iter 3: obj=166937128.307537, maxRC=6249647.975553, +12 cols
    [CG] CG iter 4: obj=169677888.089210, maxRC=4143364.132016, +5 cols
    [CG]   [DIAG] iter=3 posCols=12 newCols=12 effImprove=12 updated=0
    [CG]   [DIAG] iter=4 posCols=5 newCols=5 effImprove=5 updated=0
    [CG] CG iter 1: obj=143065732.036924, maxRC=59519752.128890, +23 cols
    [CG] 列生成开始，初始列数=128
    [CG] CG iter 4: obj=169586383.887773, maxRC=4104310.031816, +7 cols
    [CG]   [DIAG] iter=4 posCols=7 newCols=7 effImprove=7 updated=0
    [CG]   [DIAG] iter=1 posCols=23 newCols=23 effImprove=23 updated=0
    [CG] 列生成收敛，共 5 轮迭代
    [CG] 列生成开始，初始列数=128
    [CG] [CG-NODE] depth=0 exit=CERTIFIED certified=1 feasible=1 iters=5 generatedColsBeforeNode=0 newCols=57 posCandidates=57 duplicateCandidates=0 updatedCols=0 zeroObjImproveIters=0 objFirst=143211872.269141 objLast=173896401.024735 objGain=30684528.755594 maxRC=59519397.830872 wallSec=0.006929 pricingSec=0.004511 cplexSolveSec=0.001262
    [CG] 列生成开始，初始列数=128
      [BB] 根节点即为整数解，obj=173896401.024735
    [CG] CG iter 4: obj=169718921.324251, maxRC=4143818.615667, +5 cols
    [CG] 列生成收敛，共 5 轮迭代
    [CG] [CG-NODE] depth=0 exit=CERTIFIED certified=1 feasible=1 iters=5 generatedColsBeforeNode=0 newCols=59 posCandidates=59 duplicateCandidates=0 updatedCols=0 zeroObjImproveIters=0 objFirst=142906096.422528 objLast=173767581.537860 objGain=30861485.115332 maxRC=59506491.998537 wallSec=0.006418 pricingSec=0.004266 cplexSolveSec=0.001205
    [CG]   [DIAG] iter=4 posCols=5 newCols=5 effImprove=5 updated=0
      [BB] 根节点即为整数解，obj=173767581.537860
    [CG] CG iter 4: obj=169629684.458944, maxRC=4131715.603121, +5 cols
    [CG]   [DIAG] iter=4 posCols=5 newCols=5 effImprove=5 updated=0
    [CG] 列生成收敛，共 5 轮迭代
    [CG] [CG-NODE] depth=0 exit=CERTIFIED certified=1 feasible=1 iters=5 generatedColsBeforeNode=0 newCols=57 posCandidates=57 duplicateCandidates=0 updatedCols=0 zeroObjImproveIters=0 objFirst=143258668.202576 objLast=173937308.004642 objGain=30678639.802066 maxRC=59519752.128890 wallSec=0.016265 pricingSec=0.011369 cplexSolveSec=0.002622
    [CG] 列生成收敛，共 5 轮迭代
    [CG] [CG-NODE] depth=0 exit=CERTIFIED certified=1 feasible=1 iters=5 generatedColsBeforeNode=0 newCols=57 posCandidates=57 duplicateCandidates=0 updatedCols=0 zeroObjImproveIters=0 objFirst=143174759.550280 objLast=173852947.417072 objGain=30678187.866791 maxRC=59519397.830872 wallSec=0.009588 pricingSec=0.006299 cplexSolveSec=0.001878
    [CG] CG iter 2: obj=160487488.131119, maxRC=10697956.166336, +17 cols
      [BB] 根节点即为整数解，obj=173937308.004642
    [CG]   [DIAG] iter=2 posCols=17 newCols=17 effImprove=17 updated=0
      [BB] 根节点即为整数解，obj=173852947.417072
    [CG] CG iter 3: obj=166831463.935313, maxRC=6255585.233405, +12 cols
    [CG]   [DIAG] iter=3 posCols=12 newCols=12 effImprove=12 updated=0
    [CG] 列生成开始，初始列数=128
    [CG] CG iter 4: obj=169540445.170222, maxRC=4112823.422584, +7 cols
    [CG]   [DIAG] iter=4 posCols=7 newCols=7 effImprove=7 updated=0
    [CG] 列生成开始，初始列数=128
    [CG] 列生成开始，初始列数=128
    [CG] 列生成开始，初始列数=128
    [CG] 列生成收敛，共 5 轮迭代
    [CG] [CG-NODE] depth=0 exit=CERTIFIED certified=1 feasible=1 iters=5 generatedColsBeforeNode=0 newCols=59 posCandidates=59 duplicateCandidates=0 updatedCols=0 zeroObjImproveIters=0 objFirst=143065732.036924 objLast=173736238.844519 objGain=30670506.807595 maxRC=59519752.128890 wallSec=0.010407 pricingSec=0.007156 cplexSolveSec=0.001812
    [CG] CG iter 1: obj=143254783.895710, maxRC=59517329.446315, +23 cols
      [BB] 根节点即为整数解，obj=173736238.844519
    [CG]   [DIAG] iter=1 posCols=23 newCols=23 effImprove=23 updated=0
    [CG] CG iter 1: obj=143117290.134955, maxRC=59519832.963643, +23 cols
    [CG]   [DIAG] iter=1 posCols=23 newCols=23 effImprove=23 updated=0
    [CG] CG iter 2: obj=160620213.327959, maxRC=10621706.727429, +17 cols
    [CG]   [DIAG] iter=2 posCols=17 newCols=17 effImprove=17 updated=0
    [CG] CG iter 2: obj=160490235.302427, maxRC=10623483.157284, +17 cols
    [CG]   [DIAG] iter=2 posCols=17 newCols=17 effImprove=17 updated=0
    [CG] CG iter 1: obj=143074056.344870, maxRC=59519841.930057, +23 cols
    [CG]   [DIAG] iter=1 posCols=23 newCols=23 effImprove=23 updated=0
    [CG] CG iter 3: obj=167014306.011398, maxRC=6255251.849500, +12 cols
    [CG]   [DIAG] iter=3 posCols=12 newCols=12 effImprove=12 updated=0
    [CG] CG iter 3: obj=166875359.786548, maxRC=6251534.273965, +12 cols
    [CG]   [DIAG] iter=3 posCols=12 newCols=12 effImprove=12 updated=0
    [CG] CG iter 2: obj=160594853.000477, maxRC=10623494.814960, +17 cols
    [CG] CG iter 4: obj=169712690.782573, maxRC=4144437.404691, +5 cols
    [CG]   [DIAG] iter=4 posCols=5 newCols=5 effImprove=5 updated=0
    [CG]   [DIAG] iter=2 posCols=17 newCols=17 effImprove=17 updated=0
    [CG] 列生成开始，初始列数=128
    [CG] CG iter 4: obj=169570026.982189, maxRC=4135722.388462, +5 cols
    [CG]   [DIAG] iter=4 posCols=5 newCols=5 effImprove=5 updated=0
    [CG] 列生成收敛，共 5 轮迭代
    [CG] [CG-NODE] depth=0 exit=CERTIFIED certified=1 feasible=1 iters=5 generatedColsBeforeNode=0 newCols=57 posCandidates=57 duplicateCandidates=0 updatedCols=0 zeroObjImproveIters=0 objFirst=143254783.895710 objLast=173931341.774214 objGain=30676557.878504 maxRC=59517329.446315 wallSec=0.006282 pricingSec=0.004157 cplexSolveSec=0.001169
    [CG] 列生成收敛，共 5 轮迭代
    [CG] [CG-NODE] depth=0 exit=CERTIFIED certified=1 feasible=1 iters=5 generatedColsBeforeNode=0 newCols=57 posCandidates=57 duplicateCandidates=0 updatedCols=0 zeroObjImproveIters=0 objFirst=143117290.134955 objLast=173791637.331087 objGain=30674347.196132 maxRC=59519832.963643 wallSec=0.006307 pricingSec=0.004146 cplexSolveSec=0.001185
      [BB] 根节点即为整数解，obj=173931341.774214
      [BB] 根节点即为整数解，obj=173791637.331087
    [CG] CG iter 3: obj=166977487.913941, maxRC=6250540.566102, +12 cols
    [CG]   [DIAG] iter=3 posCols=12 newCols=12 effImprove=12 updated=0
    [CG] CG iter 1: obj=142796691.220780, maxRC=59503892.241867, +23 cols
    [CG] CG iter 4: obj=169671161.401718, maxRC=4133556.189970, +5 cols
    [CG]   [DIAG] iter=4 posCols=5 newCols=5 effImprove=5 updated=0
    [CG]   [DIAG] iter=1 posCols=23 newCols=23 effImprove=23 updated=0
    [CG] 列生成收敛，共 5 轮迭代
    [CG] [CG-NODE] depth=0 exit=CERTIFIED certified=1 feasible=1 iters=5 generatedColsBeforeNode=0 newCols=57 posCandidates=57 duplicateCandidates=0 updatedCols=0 zeroObjImproveIters=0 objFirst=143074056.344870 objLast=173893662.209244 objGain=30819605.864374 maxRC=59519841.930057 wallSec=0.007816 pricingSec=0.005261 cplexSolveSec=0.001401
      [BB] 根节点即为整数解，obj=173893662.209244
    [CG] CG iter 2: obj=160446430.551767, maxRC=10623483.157284, +17 cols
    [CG]   [DIAG] iter=2 posCols=17 newCols=17 effImprove=17 updated=0
    [CG] 列生成开始，初始列数=128
    [CG] CG iter 3: obj=166814496.451339, maxRC=6244303.255557, +12 cols
    [CG]   [DIAG] iter=3 posCols=12 newCols=12 effImprove=12 updated=0
    [CG] 列生成开始，初始列数=128
    [CG] CG iter 4: obj=169501940.102179, maxRC=4120653.885888, +5 cols
    [CG] CG iter 1: obj=143255974.036777, maxRC=59519841.930057, +23 cols
    [CG]   [DIAG] iter=4 posCols=5 newCols=5 effImprove=5 updated=0
    [CG]   [DIAG] iter=1 posCols=23 newCols=23 effImprove=23 updated=0
    [CG] 列生成开始，初始列数=128
    [CG] 列生成收敛，共 5 轮迭代
    [CG] [CG-NODE] depth=0 exit=CERTIFIED certified=1 feasible=1 iters=5 generatedColsBeforeNode=0 newCols=57 posCandidates=57 duplicateCandidates=0 updatedCols=0 zeroObjImproveIters=0 objFirst=142796691.220780 objLast=173729771.500190 objGain=30933080.279410 maxRC=59503892.241867 wallSec=0.006320 pricingSec=0.004136 cplexSolveSec=0.001166
      [BB] 根节点即为整数解，obj=173729771.500190
    [CG] CG iter 2: obj=160624110.103052, maxRC=10623494.814960, +17 cols
    [CG]   [DIAG] iter=2 posCols=17 newCols=17 effImprove=17 updated=0
    [CG] CG iter 1: obj=143250411.854773, maxRC=59519832.963643, +23 cols
    [CG]   [DIAG] iter=1 posCols=23 newCols=23 effImprove=23 updated=0
    [CG] CG iter 3: obj=167017520.130366, maxRC=6254998.668929, +12 cols
    [CG]   [DIAG] iter=3 posCols=12 newCols=12 effImprove=12 updated=0
    [CG] CG iter 4: obj=169715651.720971, maxRC=4143020.619697, +5 cols
    [CG]   [DIAG] iter=4 posCols=5 newCols=5 effImprove=5 updated=0
    [CG] CG iter 2: obj=160626587.761843, maxRC=10623456.419729, +17 cols
    [CG]   [DIAG] iter=2 posCols=17 newCols=17 effImprove=17 updated=0
    [CG] 列生成收敛，共 5 轮迭代
    [CG] [CG-NODE] depth=0 exit=CERTIFIED certified=1 feasible=1 iters=5 generatedColsBeforeNode=0 newCols=57 posCandidates=57 duplicateCandidates=0 updatedCols=0 zeroObjImproveIters=0 objFirst=143255974.036777 objLast=173934293.135132 objGain=30678319.098356 maxRC=59519841.930057 wallSec=0.008873 pricingSec=0.006017 cplexSolveSec=0.001626
      [BB] 根节点即为整数解，obj=173934293.135132
    [CG] CG iter 3: obj=167016579.269914, maxRC=6256954.797596, +12 cols
    [CG]   [DIAG] iter=3 posCols=12 newCols=12 effImprove=12 updated=0
    [CG] CG iter 4: obj=169710714.722634, maxRC=4140061.444130, +5 cols
    [CG]   [DIAG] iter=4 posCols=5 newCols=5 effImprove=5 updated=0
    [CG] CG iter 1: obj=143180325.484851, maxRC=59519841.930057, +23 cols
    [CG] 列生成收敛，共 5 轮迭代
    [CG] CG iter 1: obj=143251398.172365, maxRC=59518388.320511, +23 cols
    [CG] [CG-NODE] depth=0 exit=CERTIFIED certified=1 feasible=1 iters=5 generatedColsBeforeNode=0 newCols=57 posCandidates=57 duplicateCandidates=0 updatedCols=0 zeroObjImproveIters=0 objFirst=143250411.854773 objLast=173929091.432406 objGain=30678679.577633 maxRC=59519832.963643 wallSec=0.008086 pricingSec=0.005382 cplexSolveSec=0.001473
    [CG]   [DIAG] iter=1 posCols=23 newCols=23 effImprove=23 updated=0
    [CG]   [DIAG] iter=1 posCols=23 newCols=23 effImprove=23 updated=0
      [BB] 根节点即为整数解，obj=173929091.432406
    [CG] CG iter 1: obj=143232096.996058, maxRC=59519752.128890, +23 cols
    [CG] CG iter 2: obj=160568749.305069, maxRC=10697375.870669, +17 cols
    [CG]   [DIAG] iter=2 posCols=17 newCols=17 effImprove=17 updated=0
    [CG]   [DIAG] iter=1 posCols=23 newCols=23 effImprove=23 updated=0
    [CG] CG iter 2: obj=160622649.764901, maxRC=10622427.628388, +17 cols
    [CG]   [DIAG] iter=2 posCols=17 newCols=17 effImprove=17 updated=0
    [CG] CG iter 3: obj=166928980.668596, maxRC=6244992.349213, +12 cols
    [CG]   [DIAG] iter=3 posCols=12 newCols=12 effImprove=12 updated=0
    [CG] CG iter 1: obj=142899124.955608, maxRC=59519752.131033, +23 cols
    [CG] CG iter 3: obj=167014201.743614, maxRC=6256510.402931, +12 cols
    [CG]   [DIAG] iter=3 posCols=12 newCols=12 effImprove=12 updated=0
    [CG]   [DIAG] iter=1 posCols=23 newCols=23 effImprove=23 updated=0
    [CG] CG iter 4: obj=169639640.356470, maxRC=4120879.319000, +7 cols
    [CG]   [DIAG] iter=4 posCols=7 newCols=7 effImprove=7 updated=0
    [CG] CG iter 1: obj=142961593.623421, maxRC=59502604.759648, +23 cols
    [CG] CG iter 4: obj=169709993.354864, maxRC=4142025.170974, +5 cols
    [CG]   [DIAG] iter=4 posCols=5 newCols=5 effImprove=5 updated=0
    [CG] 列生成收敛，共 5 轮迭代
    [CG] [CG-NODE] depth=0 exit=CERTIFIED certified=1 feasible=1 iters=5 generatedColsBeforeNode=0 newCols=59 posCandidates=59 duplicateCandidates=0 updatedCols=0 zeroObjImproveIters=0 objFirst=143180325.484851 objLast=173835594.221466 objGain=30655268.736615 maxRC=59519841.930057 wallSec=0.007050 pricingSec=0.004485 cplexSolveSec=0.001227
    [CG]   [DIAG] iter=1 posCols=23 newCols=23 effImprove=23 updated=0
      [BB] 根节点即为整数解，obj=173835594.221466
    [CG] 列生成收敛，共 5 轮迭代
    [CG] [CG-NODE] depth=0 exit=CERTIFIED certified=1 feasible=1 iters=5 generatedColsBeforeNode=0 newCols=57 posCandidates=57 duplicateCandidates=0 updatedCols=0 zeroObjImproveIters=0 objFirst=143251398.172365 objLast=173928427.484176 objGain=30677029.311811 maxRC=59518388.320511 wallSec=0.008390 pricingSec=0.005605 cplexSolveSec=0.001404
      [BB] 根节点即为整数解，obj=173928427.484176
    [CG] CG iter 2: obj=160603981.190716, maxRC=10623578.445463, +17 cols
    [CG] CG iter 2: obj=160333498.594276, maxRC=10623458.634161, +17 cols
    [CG]   [DIAG] iter=2 posCols=17 newCols=17 effImprove=17 updated=0
    [CG]   [DIAG] iter=2 posCols=17 newCols=17 effImprove=17 updated=0
    [CG] CG iter 2: obj=160609635.541175, maxRC=10627177.466652, +17 cols
    [CG] CG iter 3: obj=166638326.894974, maxRC=6227666.293980, +12 cols
    [CG]   [DIAG] iter=2 posCols=17 newCols=17 effImprove=17 updated=0
    [CG]   [DIAG] iter=3 posCols=12 newCols=12 effImprove=12 updated=0
    [CG] CG iter 3: obj=166989656.388047, maxRC=6251750.947182, +12 cols
    [CG]   [DIAG] iter=3 posCols=12 newCols=12 effImprove=12 updated=0
    [CG] CG iter 4: obj=169309114.298792, maxRC=4071089.464904, +5 cols
    [CG]   [DIAG] iter=4 posCols=5 newCols=5 effImprove=5 updated=0
    [CG] CG iter 4: obj=169684555.531458, maxRC=4136254.506709, +5 cols
    [CG]   [DIAG] iter=4 posCols=5 newCols=5 effImprove=5 updated=0
    [CG] CG iter 3: obj=166997669.571111, maxRC=6253086.288668, +12 cols
    [CG]   [DIAG] iter=3 posCols=12 newCols=12 effImprove=12 updated=0
    [CG] 列生成收敛，共 5 轮迭代
    [CG] [CG-NODE] depth=0 exit=CERTIFIED certified=1 feasible=1 iters=5 generatedColsBeforeNode=0 newCols=57 posCandidates=57 duplicateCandidates=0 updatedCols=0 zeroObjImproveIters=0 objFirst=142899124.955608 objLast=173557564.725160 objGain=30658439.769552 maxRC=59519752.131033 wallSec=0.011067 pricingSec=0.007448 cplexSolveSec=0.002040
    [CG] 列生成收敛，共 5 轮迭代
    [CG] [CG-NODE] depth=0 exit=CERTIFIED certified=1 feasible=1 iters=5 generatedColsBeforeNode=0 newCols=57 posCandidates=57 duplicateCandidates=0 updatedCols=0 zeroObjImproveIters=0 objFirst=143232096.996058 objLast=173905966.856935 objGain=30673869.860877 maxRC=59519752.128890 wallSec=0.016859 pricingSec=0.011801 cplexSolveSec=0.002768
      [BB] 根节点即为整数解，obj=173557564.725160
      [BB] 根节点即为整数解，obj=173905966.856935
    [CG] CG iter 4: obj=169695135.772506, maxRC=4139073.716614, +5 cols
    [CG]   [DIAG] iter=4 posCols=5 newCols=5 effImprove=5 updated=0
    [CG] 列生成收敛，共 5 轮迭代
    [CG] [CG-NODE] depth=0 exit=CERTIFIED certified=1 feasible=1 iters=5 generatedColsBeforeNode=0 newCols=57 posCandidates=57 duplicateCandidates=0 updatedCols=0 zeroObjImproveIters=0 objFirst=142961593.623421 objLast=173913773.734056 objGain=30952180.110636 maxRC=59502604.759648 wallSec=0.017991 pricingSec=0.012607 cplexSolveSec=0.002873
      [BB] 根节点即为整数解，obj=173913773.734056
[GA] 代数 6: Best=173966658.51, Avg=173893921.26, Worst=173586450.41, Valid=30/30, 耗时=0.04s (连续6代未提升)
  ├─ 求解: 30 个体 fork 并行 | CG迭代=130 加列=1488 BB分支=0
  ├─ 并行墙钟=0.0370s | 串行等效(ΣBP)=0.2298s | 加速比=6.21x
  ├─ 管理开销=-0.1928s (fork=0.0028 wait=0.0339 merge=0.0002)
  └─ CG明细: gen_logs/run_gen6_ind{0..29}.log
    [CG] 列生成开始，初始列数=128
    [CG] 列生成开始，初始列数=128
    [CG] 列生成开始，初始列数=128
    [CG] 列生成开始，初始列数=128
    [CG] 列生成开始，初始列数=128
    [CG] 列生成开始，初始列数=128
    [CG] 列生成开始，初始列数=128
    [CG] 列生成开始，初始列数=128
    [CG] CG iter 1: obj=143259141.931560, maxRC=59519752.128890, +23 cols
    [CG]   [DIAG] iter=1 posCols=23 newCols=23 effImprove=23 updated=0
    [CG] CG iter 2: obj=160626150.142696, maxRC=10623485.371715, +17 cols
    [CG]   [DIAG] iter=2 posCols=17 newCols=17 effImprove=17 updated=0
    [CG] CG iter 1: obj=143183727.270853, maxRC=59519752.288062, +23 cols
    [CG]   [DIAG] iter=1 posCols=23 newCols=23 effImprove=23 updated=0
    [CG] CG iter 3: obj=167020481.554322, maxRC=6255306.848253, +12 cols
    [CG]   [DIAG] iter=3 posCols=12 newCols=12 effImprove=12 updated=0
    [CG] CG iter 1: obj=142737748.658557, maxRC=59506522.827720, +23 cols
    [CG] CG iter 4: obj=169718921.324251, maxRC=4143818.615667, +5 cols
    [CG]   [DIAG] iter=4 posCols=5 newCols=5 effImprove=5 updated=0
    [CG]   [DIAG] iter=1 posCols=23 newCols=23 effImprove=23 updated=0
    [CG] CG iter 1: obj=143218709.176390, maxRC=59519779.142325, +23 cols
    [CG] CG iter 2: obj=160590596.761920, maxRC=10623475.172061, +17 cols
    [CG]   [DIAG] iter=2 posCols=17 newCols=17 effImprove=17 updated=0
    [CG]   [DIAG] iter=1 posCols=23 newCols=23 effImprove=23 updated=0
    [CG] 列生成收敛，共 5 轮迭代
    [CG] [CG-NODE] depth=0 exit=CERTIFIED certified=1 feasible=1 iters=5 generatedColsBeforeNode=0 newCols=57 posCandidates=57 duplicateCandidates=0 updatedCols=0 zeroObjImproveIters=0 objFirst=143259141.931560 objLast=173937308.004642 objGain=30678166.073082 maxRC=59519752.128890 wallSec=0.007041 pricingSec=0.004503 cplexSolveSec=0.001374
    [CG] CG iter 1: obj=143251405.136110, maxRC=59518388.320511, +23 cols
      [BB] 根节点即为整数解，obj=173937308.004642
    [CG]   [DIAG] iter=1 posCols=23 newCols=23 effImprove=23 updated=0
    [CG] CG iter 2: obj=160383768.398972, maxRC=10628288.913366, +17 cols
    [CG] CG iter 1: obj=143185379.466549, maxRC=59512429.969853, +23 cols
    [CG]   [DIAG] iter=2 posCols=17 newCols=17 effImprove=17 updated=0
    [CG] CG iter 3: obj=166979904.997721, maxRC=6256911.048374, +12 cols
    [CG]   [DIAG] iter=3 posCols=12 newCols=12 effImprove=12 updated=0
    [CG]   [DIAG] iter=1 posCols=23 newCols=23 effImprove=23 updated=0
    [CG] CG iter 2: obj=160590426.136564, maxRC=10623431.066813, +17 cols
    [CG]   [DIAG] iter=2 posCols=17 newCols=17 effImprove=17 updated=0
    [CG] CG iter 2: obj=160622656.728645, maxRC=10622427.628388, +17 cols
    [CG]   [DIAG] iter=2 posCols=17 newCols=17 effImprove=17 updated=0
    [CG] CG iter 4: obj=169673612.607678, maxRC=4139480.119254, +5 cols
    [CG]   [DIAG] iter=4 posCols=5 newCols=5 effImprove=5 updated=0
    [CG] CG iter 3: obj=166682205.134820, maxRC=6214561.972152, +12 cols
    [CG]   [DIAG] iter=3 posCols=12 newCols=12 effImprove=12 updated=0
    [CG] 列生成收敛，共 5 轮迭代
    [CG] [CG-NODE] depth=0 exit=CERTIFIED certified=1 feasible=1 iters=5 generatedColsBeforeNode=0 newCols=57 posCandidates=57 duplicateCandidates=0 updatedCols=0 zeroObjImproveIters=0 objFirst=143183727.270853 objLast=173892130.716779 objGain=30708403.445926 maxRC=59519752.288062 wallSec=0.008297 pricingSec=0.005435 cplexSolveSec=0.001609
    [CG] CG iter 1: obj=142795755.881061, maxRC=59503892.241867, +23 cols
      [BB] 根节点即为整数解，obj=173892130.716779
    [CG] CG iter 2: obj=160589887.693388, maxRC=10618438.308591, +17 cols
    [CG] CG iter 3: obj=166984286.053810, maxRC=6255187.410151, +12 cols
    [CG]   [DIAG] iter=2 posCols=17 newCols=17 effImprove=17 updated=0
    [CG]   [DIAG] iter=1 posCols=23 newCols=23 effImprove=23 updated=0
    [CG] CG iter 4: obj=169341315.466688, maxRC=4059334.937251, +5 cols
    [CG]   [DIAG] iter=3 posCols=12 newCols=12 effImprove=12 updated=0
    [CG]   [DIAG] iter=4 posCols=5 newCols=5 effImprove=5 updated=0
    [CG] CG iter 3: obj=167014208.707358, maxRC=6256510.402931, +12 cols
    [CG]   [DIAG] iter=3 posCols=12 newCols=12 effImprove=12 updated=0
    [CG] 列生成收敛，共 5 轮迭代
    [CG] [CG-NODE] depth=0 exit=CERTIFIED certified=1 feasible=1 iters=5 generatedColsBeforeNode=0 newCols=57 posCandidates=57 duplicateCandidates=0 updatedCols=0 zeroObjImproveIters=0 objFirst=142737748.658557 objLast=173592590.076953 objGain=30854841.418396 maxRC=59506522.827720 wallSec=0.008416 pricingSec=0.005519 cplexSolveSec=0.001535
      [BB] 根节点即为整数解，obj=173592590.076953
    [CG] CG iter 4: obj=169682606.385637, maxRC=4143438.946023, +5 cols
    [CG]   [DIAG] iter=4 posCols=5 newCols=5 effImprove=5 updated=0
    [CG] CG iter 4: obj=169710000.318609, maxRC=4142025.170974, +5 cols
    [CG]   [DIAG] iter=4 posCols=5 newCols=5 effImprove=5 updated=0
    [CG] 列生成开始，初始列数=128
    [CG] CG iter 2: obj=160445486.050780, maxRC=10623483.157284, +17 cols
    [CG]   [DIAG] iter=2 posCols=17 newCols=17 effImprove=17 updated=0
    [CG] CG iter 3: obj=166971830.777574, maxRC=6253691.623985, +12 cols
    [CG]   [DIAG] iter=3 posCols=12 newCols=12 effImprove=12 updated=0
    [CG] 列生成收敛，共 5 轮迭代
    [CG] [CG-NODE] depth=0 exit=CERTIFIED certified=1 feasible=1 iters=5 generatedColsBeforeNode=0 newCols=57 posCandidates=57 duplicateCandidates=0 updatedCols=0 zeroObjImproveIters=0 objFirst=143218709.176390 objLast=173901091.890830 objGain=30682382.714440 maxRC=59519779.142325 wallSec=0.010181 pricingSec=0.006721 cplexSolveSec=0.001972
    [CG] 列生成收敛，共 5 轮迭代
    [CG] [CG-NODE] depth=0 exit=CERTIFIED certified=1 feasible=1 iters=5 generatedColsBeforeNode=0 newCols=57 posCandidates=57 duplicateCandidates=0 updatedCols=0 zeroObjImproveIters=0 objFirst=143251405.136110 objLast=173928434.447921 objGain=30677029.311811 maxRC=59518388.320511 wallSec=0.009705 pricingSec=0.006480 cplexSolveSec=0.001816
    [CG] CG iter 1: obj=142919654.042220, maxRC=59468625.015670, +23 cols
      [BB] 根节点即为整数解，obj=173901091.890830
      [BB] 根节点即为整数解，obj=173928434.447921
    [CG]   [DIAG] iter=1 posCols=23 newCols=23 effImprove=23 updated=0
    [CG] 列生成开始，初始列数=128
    [CG] CG iter 4: obj=169662318.963143, maxRC=4135336.794326, +5 cols
    [CG]   [DIAG] iter=4 posCols=5 newCols=5 effImprove=5 updated=0
    [CG] CG iter 3: obj=166813556.530985, maxRC=6244298.674922, +12 cols
    [CG]   [DIAG] iter=3 posCols=12 newCols=12 effImprove=12 updated=0
    [CG] 列生成收敛，共 5 轮迭代
    [CG] [CG-NODE] depth=0 exit=CERTIFIED certified=1 feasible=1 iters=5 generatedColsBeforeNode=0 newCols=57 posCandidates=57 duplicateCandidates=0 updatedCols=0 zeroObjImproveIters=0 objFirst=143185379.466549 objLast=173884274.716019 objGain=30698895.249471 maxRC=59512429.969853 wallSec=0.011317 pricingSec=0.007617 cplexSolveSec=0.002099
    [CG] 列生成开始，初始列数=128
    [CG] CG iter 4: obj=169500995.601191, maxRC=4120653.885888, +5 cols
      [BB] 根节点即为整数解，obj=173884274.716019
    [CG]   [DIAG] iter=4 posCols=5 newCols=5 effImprove=5 updated=0
    [CG] CG iter 2: obj=160557584.606713, maxRC=10603312.327794, +17 cols
    [CG] 列生成收敛，共 5 轮迭代
    [CG] [CG-NODE] depth=0 exit=CERTIFIED certified=1 feasible=1 iters=5 generatedColsBeforeNode=0 newCols=57 posCandidates=57 duplicateCandidates=0 updatedCols=0 zeroObjImproveIters=0 objFirst=142795755.881061 objLast=173728826.999203 objGain=30933071.118142 maxRC=59503892.241867 wallSec=0.011530 pricingSec=0.007624 cplexSolveSec=0.002151
    [CG]   [DIAG] iter=2 posCols=17 newCols=17 effImprove=17 updated=0
      [BB] 根节点即为整数解，obj=173728826.999203
    [CG] 列生成开始，初始列数=128
    [CG] 列生成开始，初始列数=128
    [CG] CG iter 3: obj=166956215.301892, maxRC=6256095.153455, +12 cols
    [CG]   [DIAG] iter=3 posCols=12 newCols=12 effImprove=12 updated=0
    [CG] 列生成开始，初始列数=128
    [CG] 列生成开始，初始列数=128
    [CG] CG iter 4: obj=169656769.410668, maxRC=4159833.339044, +5 cols
    [CG]   [DIAG] iter=4 posCols=5 newCols=5 effImprove=5 updated=0
    [CG] CG iter 1: obj=142996917.602111, maxRC=59506522.827720, +23 cols
    [CG] 列生成收敛，共 5 轮迭代
    [CG] [CG-NODE] depth=0 exit=CERTIFIED certified=1 feasible=1 iters=5 generatedColsBeforeNode=0 newCols=57 posCandidates=57 duplicateCandidates=0 updatedCols=0 zeroObjImproveIters=0 objFirst=142919654.042220 objLast=173876220.561030 objGain=30956566.518810 maxRC=59468625.015670 wallSec=0.015041 pricingSec=0.010396 cplexSolveSec=0.002599
    [CG]   [DIAG] iter=1 posCols=23 newCols=23 effImprove=23 updated=0
      [BB] 根节点即为整数解，obj=173876220.561030
    [CG] CG iter 2: obj=160625324.986863, maxRC=10623467.251792, +17 cols
    [CG]   [DIAG] iter=2 posCols=17 newCols=17 effImprove=17 updated=0
    [CG] CG iter 3: obj=167014150.850014, maxRC=6257119.252121, +12 cols
    [CG]   [DIAG] iter=3 posCols=12 newCols=12 effImprove=12 updated=0
    [CG] CG iter 4: obj=169707404.751622, maxRC=4139032.352391, +5 cols
    [CG]   [DIAG] iter=4 posCols=5 newCols=5 effImprove=5 updated=0
    [CG] 列生成开始，初始列数=128
    [CG] 列生成收敛，共 5 轮迭代
    [CG] [CG-NODE] depth=0 exit=CERTIFIED certified=1 feasible=1 iters=5 generatedColsBeforeNode=0 newCols=57 posCandidates=57 duplicateCandidates=0 updatedCols=0 zeroObjImproveIters=0 objFirst=142996917.602111 objLast=173925905.993281 objGain=30928988.391170 maxRC=59506522.827720 wallSec=0.007875 pricingSec=0.005301 cplexSolveSec=0.001375
      [BB] 根节点即为整数解，obj=173925905.993281
    [CG] CG iter 1: obj=143160088.927975, maxRC=59519752.288062, +23 cols
    [CG]   [DIAG] iter=1 posCols=23 newCols=23 effImprove=23 updated=0
    [CG] CG iter 1: obj=143259167.929149, maxRC=59519752.128890, +23 cols
    [CG] CG iter 1: obj=142995683.464057, maxRC=59503901.208281, +23 cols
    [CG]   [DIAG] iter=1 posCols=23 newCols=23 effImprove=23 updated=0
    [CG]   [DIAG] iter=1 posCols=23 newCols=23 effImprove=23 updated=0
    [CG] CG iter 2: obj=160539435.785977, maxRC=10627696.895070, +17 cols
    [CG]   [DIAG] iter=2 posCols=17 newCols=17 effImprove=17 updated=0
    [CG] 列生成开始，初始列数=128
    [CG] CG iter 2: obj=160626599.612122, maxRC=10623472.631095, +17 cols
    [CG]   [DIAG] iter=2 posCols=17 newCols=17 effImprove=17 updated=0
    [CG] CG iter 1: obj=143145272.618735, maxRC=59519752.128890, +23 cols
    [CG] CG iter 3: obj=166918812.357960, maxRC=6249386.102242, +12 cols
    [CG] CG iter 2: obj=160625995.421219, maxRC=10623578.445463, +17 cols
    [CG]   [DIAG] iter=3 posCols=12 newCols=12 effImprove=12 updated=0
    [CG]   [DIAG] iter=1 posCols=23 newCols=23 effImprove=23 updated=0
    [CG]   [DIAG] iter=2 posCols=17 newCols=17 effImprove=17 updated=0
    [CG] CG iter 3: obj=167020883.527057, maxRC=6255306.430130, +12 cols
    [CG]   [DIAG] iter=3 posCols=12 newCols=12 effImprove=12 updated=0
    [CG] CG iter 1: obj=143259128.660792, maxRC=59519752.128890, +23 cols
    [CG] CG iter 4: obj=169612570.899321, maxRC=4131188.719839, +5 cols
    [CG]   [DIAG] iter=1 posCols=23 newCols=23 effImprove=23 updated=0
    [CG]   [DIAG] iter=4 posCols=5 newCols=5 effImprove=5 updated=0
    [CG] CG iter 4: obj=169719309.789649, maxRC=4143768.168288, +5 cols
    [CG]   [DIAG] iter=4 posCols=5 newCols=5 effImprove=5 updated=0
    [CG] CG iter 1: obj=143212395.499352, maxRC=59519752.128890, +23 cols
    [CG] CG iter 2: obj=160600493.449801, maxRC=10627557.110082, +17 cols
    [CG]   [DIAG] iter=2 posCols=17 newCols=17 effImprove=17 updated=0
    [CG] CG iter 3: obj=167020270.182283, maxRC=6255293.808328, +12 cols
    [CG] 列生成收敛，共 5 轮迭代
    [CG] [CG-NODE] depth=0 exit=CERTIFIED certified=1 feasible=1 iters=5 generatedColsBeforeNode=0 newCols=57 posCandidates=57 duplicateCandidates=0 updatedCols=0 zeroObjImproveIters=0 objFirst=142995683.464057 objLast=173937698.349220 objGain=30942014.885163 maxRC=59503901.208281 wallSec=0.009706 pricingSec=0.006428 cplexSolveSec=0.001753
    [CG]   [DIAG] iter=1 posCols=23 newCols=23 effImprove=23 updated=0
    [CG]   [DIAG] iter=3 posCols=12 newCols=12 effImprove=12 updated=0
    [CG] 列生成收敛，共 5 轮迭代
    [CG] [CG-NODE] depth=0 exit=CERTIFIED certified=1 feasible=1 iters=5 generatedColsBeforeNode=0 newCols=57 posCandidates=57 duplicateCandidates=0 updatedCols=0 zeroObjImproveIters=0 objFirst=143160088.927975 objLast=173834337.754784 objGain=30674248.826809 maxRC=59519752.288062 wallSec=0.014761 pricingSec=0.008929 cplexSolveSec=0.003266
      [BB] 根节点即为整数解，obj=173937698.349220
    [CG] CG iter 2: obj=160626611.383942, maxRC=10623485.371715, +17 cols
    [CG]   [DIAG] iter=2 posCols=17 newCols=17 effImprove=17 updated=0
      [BB] 根节点即为整数解，obj=173834337.754784
    [CG] CG iter 3: obj=166984302.604187, maxRC=6251222.614135, +12 cols
    [CG]   [DIAG] iter=3 posCols=12 newCols=12 effImprove=12 updated=0
    [CG] CG iter 1: obj=143231985.473220, maxRC=59519403.483036, +23 cols
    [CG] CG iter 3: obj=167020942.906613, maxRC=6255307.742328, +12 cols
    [CG] CG iter 4: obj=169718712.186839, maxRC=4143803.341114, +5 cols
    [CG]   [DIAG] iter=3 posCols=12 newCols=12 effImprove=12 updated=0
    [CG]   [DIAG] iter=4 posCols=5 newCols=5 effImprove=5 updated=0
    [CG]   [DIAG] iter=1 posCols=23 newCols=23 effImprove=23 updated=0
    [CG] CG iter 4: obj=169679855.482412, maxRC=4135072.438848, +5 cols
    [CG]   [DIAG] iter=4 posCols=5 newCols=5 effImprove=5 updated=0
    [CG] CG iter 4: obj=169719383.570616, maxRC=4143819.181941, +5 cols
    [CG]   [DIAG] iter=4 posCols=5 newCols=5 effImprove=5 updated=0
    [CG] 列生成收敛，共 5 轮迭代
    [CG] [CG-NODE] depth=0 exit=CERTIFIED certified=1 feasible=1 iters=5 generatedColsBeforeNode=0 newCols=57 posCandidates=57 duplicateCandidates=0 updatedCols=0 zeroObjImproveIters=0 objFirst=143259167.929149 objLast=173937083.592678 objGain=30677915.663529 maxRC=59519752.128890 wallSec=0.013999 pricingSec=0.009648 cplexSolveSec=0.002509
    [CG] 列生成开始，初始列数=128
    [CG] 列生成收敛，共 5 轮迭代
    [CG] [CG-NODE] depth=0 exit=CERTIFIED certified=1 feasible=1 iters=5 generatedColsBeforeNode=0 newCols=57 posCandidates=57 duplicateCandidates=0 updatedCols=0 zeroObjImproveIters=0 objFirst=143259128.660792 objLast=173937769.547351 objGain=30678640.886558 maxRC=59519752.128890 wallSec=0.007949 pricingSec=0.005319 cplexSolveSec=0.001436
    [CG] CG iter 2: obj=160590170.086612, maxRC=10641227.865490, +17 cols
    [CG] 列生成收敛，共 5 轮迭代
    [CG] [CG-NODE] depth=0 exit=CERTIFIED certified=1 feasible=1 iters=5 generatedColsBeforeNode=0 newCols=57 posCandidates=57 duplicateCandidates=0 updatedCols=0 zeroObjImproveIters=0 objFirst=143145272.618735 objLast=173900084.740028 objGain=30754812.121293 maxRC=59519752.128890 wallSec=0.011007 pricingSec=0.007449 cplexSolveSec=0.001958
      [BB] 根节点即为整数解，obj=173937083.592678
      [BB] 根节点即为整数解，obj=173937769.547351
    [CG]   [DIAG] iter=2 posCols=17 newCols=17 effImprove=17 updated=0
      [BB] 根节点即为整数解，obj=173900084.740028
    [CG] 列生成开始，初始列数=128
    [CG] CG iter 2: obj=160610769.212313, maxRC=10641517.635119, +17 cols
    [CG]   [DIAG] iter=2 posCols=17 newCols=17 effImprove=17 updated=0
    [CG] CG iter 3: obj=166967760.428098, maxRC=6249317.356246, +12 cols
    [CG]   [DIAG] iter=3 posCols=12 newCols=12 effImprove=12 updated=0
    [CG] CG iter 4: obj=169665562.898736, maxRC=4130917.588546, +5 cols
    [CG]   [DIAG] iter=4 posCols=5 newCols=5 effImprove=5 updated=0
    [CG] CG iter 3: obj=166996070.165077, maxRC=6252654.112464, +12 cols
    [CG]   [DIAG] iter=3 posCols=12 newCols=12 effImprove=12 updated=0
    [CG] 列生成收敛，共 5 轮迭代
    [CG] 列生成开始，初始列数=128
    [CG] [CG-NODE] depth=0 exit=CERTIFIED certified=1 feasible=1 iters=5 generatedColsBeforeNode=0 newCols=57 posCandidates=57 duplicateCandidates=0 updatedCols=0 zeroObjImproveIters=0 objFirst=143212395.499352 objLast=173881637.306049 objGain=30669241.806698 maxRC=59519752.128890 wallSec=0.015465 pricingSec=0.011091 cplexSolveSec=0.002374
    [CG] 列生成开始，初始列数=128
      [BB] 根节点即为整数解，obj=173881637.306049
    [CG] 列生成开始，初始列数=128
    [CG] CG iter 4: obj=169697077.068232, maxRC=4137804.545848, +5 cols
    [CG]   [DIAG] iter=4 posCols=5 newCols=5 effImprove=5 updated=0
    [CG] 列生成收敛，共 5 轮迭代
    [CG] [CG-NODE] depth=0 exit=CERTIFIED certified=1 feasible=1 iters=5 generatedColsBeforeNode=0 newCols=57 posCandidates=57 duplicateCandidates=0 updatedCols=0 zeroObjImproveIters=0 objFirst=143231985.473220 objLast=173910189.716142 objGain=30678204.242922 maxRC=59519403.483036 wallSec=0.016589 pricingSec=0.011942 cplexSolveSec=0.002599
      [BB] 根节点即为整数解，obj=173910189.716142
    [CG] CG iter 1: obj=143062699.857124, maxRC=59519752.288062, +23 cols
    [CG]   [DIAG] iter=1 posCols=23 newCols=23 effImprove=23 updated=0
    [CG] CG iter 1: obj=143232308.656500, maxRC=59519752.128890, +23 cols
    [CG]   [DIAG] iter=1 posCols=23 newCols=23 effImprove=23 updated=0
    [CG] 列生成开始，初始列数=128
    [CG] CG iter 2: obj=160462228.661156, maxRC=10641517.635119, +17 cols
    [CG]   [DIAG] iter=2 posCols=17 newCols=17 effImprove=17 updated=0
    [CG] CG iter 2: obj=160604138.021504, maxRC=10623485.371715, +17 cols
    [CG]   [DIAG] iter=2 posCols=17 newCols=17 effImprove=17 updated=0
    [CG] CG iter 3: obj=166802796.436518, maxRC=6233559.661261, +12 cols
    [CG]   [DIAG] iter=3 posCols=12 newCols=12 effImprove=12 updated=0
    [CG] CG iter 3: obj=166989870.076258, maxRC=6251763.780248, +12 cols
    [CG] CG iter 4: obj=169484708.888470, maxRC=4098169.408926, +5 cols
    [CG]   [DIAG] iter=3 posCols=12 newCols=12 effImprove=12 updated=0
    [CG]   [DIAG] iter=4 posCols=5 newCols=5 effImprove=5 updated=0
    [CG] 列生成收敛，共 5 轮迭代
    [CG] [CG-NODE] depth=0 exit=CERTIFIED certified=1 feasible=1 iters=5 generatedColsBeforeNode=0 newCols=57 posCandidates=57 duplicateCandidates=0 updatedCols=0 zeroObjImproveIters=0 objFirst=143062699.857124 objLast=173714155.296135 objGain=30651455.439011 maxRC=59519752.288062 wallSec=0.007497 pricingSec=0.004882 cplexSolveSec=0.001330
      [BB] 根节点即为整数解，obj=173714155.296135
    [CG] CG iter 4: obj=169684766.778182, maxRC=4136269.781262, +5 cols
    [CG]   [DIAG] iter=4 posCols=5 newCols=5 effImprove=5 updated=0
    [CG] 列生成收敛，共 5 轮迭代
    [CG] [CG-NODE] depth=0 exit=CERTIFIED certified=1 feasible=1 iters=5 generatedColsBeforeNode=0 newCols=57 posCandidates=57 duplicateCandidates=0 updatedCols=0 zeroObjImproveIters=0 objFirst=143232308.656500 objLast=173906193.378211 objGain=30673884.721711 maxRC=59519752.128890 wallSec=0.008735 pricingSec=0.005975 cplexSolveSec=0.001520
    [CG] CG iter 1: obj=142961585.284158, maxRC=59502604.759648, +23 cols
      [BB] 根节点即为整数解，obj=173906193.378211
    [CG]   [DIAG] iter=1 posCols=23 newCols=23 effImprove=23 updated=0
    [CG] CG iter 1: obj=143251405.572484, maxRC=59518388.593453, +23 cols
    [CG]   [DIAG] iter=1 posCols=23 newCols=23 effImprove=23 updated=0
    [CG] CG iter 1: obj=143105421.215792, maxRC=59519841.930057, +23 cols
    [CG]   [DIAG] iter=1 posCols=23 newCols=23 effImprove=23 updated=0
    [CG] CG iter 2: obj=160622649.764901, maxRC=10622427.628388, +17 cols
    [CG]   [DIAG] iter=2 posCols=17 newCols=17 effImprove=17 updated=0
    [CG] CG iter 2: obj=160609627.201911, maxRC=10627177.466652, +17 cols
    [CG] CG iter 2: obj=160501229.406979, maxRC=10623494.814960, +17 cols
    [CG]   [DIAG] iter=2 posCols=17 newCols=17 effImprove=17 updated=0
    [CG]   [DIAG] iter=2 posCols=17 newCols=17 effImprove=17 updated=0
    [CG] CG iter 3: obj=167014201.743614, maxRC=6256510.402931, +12 cols
    [CG]   [DIAG] iter=3 posCols=12 newCols=12 effImprove=12 updated=0
    [CG] CG iter 3: obj=166846311.502930, maxRC=6234342.862479, +12 cols
    [CG]   [DIAG] iter=3 posCols=12 newCols=12 effImprove=12 updated=0
    [CG] CG iter 4: obj=169709993.354864, maxRC=4142025.170974, +5 cols
    [CG]   [DIAG] iter=4 posCols=5 newCols=5 effImprove=5 updated=0
    [CG] CG iter 1: obj=143223496.966841, maxRC=59519438.190230, +23 cols
    [CG] CG iter 3: obj=166997661.231848, maxRC=6253086.288668, +12 cols
    [CG] 列生成收敛，共 5 轮迭代
    [CG]   [DIAG] iter=3 posCols=12 newCols=12 effImprove=12 updated=0
    [CG] [CG-NODE] depth=0 exit=CERTIFIED certified=1 feasible=1 iters=5 generatedColsBeforeNode=0 newCols=57 posCandidates=57 duplicateCandidates=0 updatedCols=0 zeroObjImproveIters=0 objFirst=143251405.572484 objLast=173928427.484176 objGain=30677021.911692 maxRC=59518388.593453 wallSec=0.010350 pricingSec=0.007008 cplexSolveSec=0.001834
    [CG]   [DIAG] iter=1 posCols=23 newCols=23 effImprove=23 updated=0
      [BB] 根节点即为整数解，obj=173928427.484176
    [CG] CG iter 4: obj=169523787.287085, maxRC=4100185.564483, +5 cols
    [CG]   [DIAG] iter=4 posCols=5 newCols=5 effImprove=5 updated=0
    [CG] 列生成收敛，共 5 轮迭代
    [CG] [CG-NODE] depth=0 exit=CERTIFIED certified=1 feasible=1 iters=5 generatedColsBeforeNode=0 newCols=57 posCandidates=57 duplicateCandidates=0 updatedCols=0 zeroObjImproveIters=0 objFirst=143105421.215792 objLast=173760096.421056 objGain=30654675.205264 maxRC=59519841.930057 wallSec=0.011114 pricingSec=0.007474 cplexSolveSec=0.002020
    [CG] CG iter 4: obj=169695127.433243, maxRC=4139073.716614, +5 cols
    [CG]   [DIAG] iter=4 posCols=5 newCols=5 effImprove=5 updated=0
      [BB] 根节点即为整数解，obj=173760096.421056
    [CG] 列生成收敛，共 5 轮迭代
    [CG] [CG-NODE] depth=0 exit=CERTIFIED certified=1 feasible=1 iters=5 generatedColsBeforeNode=0 newCols=57 posCandidates=57 duplicateCandidates=0 updatedCols=0 zeroObjImproveIters=0 objFirst=142961585.284158 objLast=173913765.394793 objGain=30952180.110636 maxRC=59502604.759648 wallSec=0.018740 pricingSec=0.013260 cplexSolveSec=0.002981
      [BB] 根节点即为整数解，obj=173913765.394793
    [CG] CG iter 2: obj=160602540.236660, maxRC=10623166.630982, +17 cols
    [CG]   [DIAG] iter=2 posCols=17 newCols=17 effImprove=17 updated=0
    [CG] CG iter 3: obj=166987989.881983, maxRC=6251680.039263, +12 cols
    [CG]   [DIAG] iter=3 posCols=12 newCols=12 effImprove=12 updated=0
    [CG] CG iter 4: obj=169682807.579629, maxRC=4136152.968212, +5 cols
    [CG]   [DIAG] iter=4 posCols=5 newCols=5 effImprove=5 updated=0
    [CG] CG iter 1: obj=143081715.649892, maxRC=59519752.288062, +23 cols
    [CG] 列生成收敛，共 5 轮迭代
    [CG] [CG-NODE] depth=0 exit=CERTIFIED certified=1 feasible=1 iters=5 generatedColsBeforeNode=0 newCols=57 posCandidates=57 duplicateCandidates=0 updatedCols=0 zeroObjImproveIters=0 objFirst=143223496.966841 objLast=173904322.221777 objGain=30680825.254936 maxRC=59519438.190230 wallSec=0.015377 pricingSec=0.010421 cplexSolveSec=0.002792
    [CG]   [DIAG] iter=1 posCols=23 newCols=23 effImprove=23 updated=0
      [BB] 根节点即为整数解，obj=173904322.221777
    [CG] CG iter 2: obj=160476014.767276, maxRC=10623470.951051, +17 cols
    [CG]   [DIAG] iter=2 posCols=17 newCols=17 effImprove=17 updated=0
    [CG] CG iter 3: obj=166824701.131561, maxRC=6235979.279594, +12 cols
    [CG]   [DIAG] iter=3 posCols=12 newCols=12 effImprove=12 updated=0
    [CG] CG iter 4: obj=169503586.839762, maxRC=4103473.738826, +5 cols
    [CG]   [DIAG] iter=4 posCols=5 newCols=5 effImprove=5 updated=0
    [CG] 列生成收敛，共 5 轮迭代
    [CG] [CG-NODE] depth=0 exit=CERTIFIED certified=1 feasible=1 iters=5 generatedColsBeforeNode=0 newCols=57 posCandidates=57 duplicateCandidates=0 updatedCols=0 zeroObjImproveIters=0 objFirst=143081715.649892 objLast=173738538.517789 objGain=30656822.867897 maxRC=59519752.288062 wallSec=0.017906 pricingSec=0.012387 cplexSolveSec=0.003009
      [BB] 根节点即为整数解，obj=173738538.517789
[GA] 代数 7: Best=173966658.51, Avg=173896225.24, Worst=173621475.76, Valid=30/30, 耗时=0.05s (连续7代未提升)
  ├─ 求解: 30 个体 fork 并行 | CG迭代=115 加列=1311 BB分支=0
  ├─ 并行墙钟=0.0478s | 串行等效(ΣBP)=0.2736s | 加速比=5.72x
  ├─ 管理开销=-0.2258s (fork=0.0038 wait=0.0438 merge=0.0002)
  └─ CG明细: gen_logs/run_gen7_ind{0..29}.log
    [CG] 列生成开始，初始列数=128
    [CG] 列生成开始，初始列数=128
    [CG] 列生成开始，初始列数=128
    [CG] 列生成开始，初始列数=128
    [CG] 列生成开始，初始列数=128
    [CG] 列生成开始，初始列数=128
    [CG] 列生成开始，初始列数=128
    [CG] 列生成开始，初始列数=128
    [CG] CG iter 1: obj=143237271.307086, maxRC=59519841.930057, +23 cols
    [CG]   [DIAG] iter=1 posCols=23 newCols=23 effImprove=23 updated=0
    [CG] CG iter 1: obj=143194542.179375, maxRC=59512429.969853, +23 cols
    [CG]   [DIAG] iter=1 posCols=23 newCols=23 effImprove=23 updated=0
    [CG] CG iter 1: obj=142806539.001833, maxRC=59503901.208281, +23 cols
    [CG]   [DIAG] iter=1 posCols=23 newCols=23 effImprove=23 updated=0
    [CG] CG iter 1: obj=142873246.871505, maxRC=59503901.208281, +23 cols
    [CG] CG iter 2: obj=160626622.855992, maxRC=10623494.814960, +17 cols
    [CG] CG iter 2: obj=160589884.095902, maxRC=10618438.308591, +17 cols
    [CG]   [DIAG] iter=2 posCols=17 newCols=17 effImprove=17 updated=0
    [CG]   [DIAG] iter=2 posCols=17 newCols=17 effImprove=17 updated=0
    [CG]   [DIAG] iter=1 posCols=23 newCols=23 effImprove=23 updated=0
    [CG] CG iter 3: obj=166976410.335244, maxRC=6251935.080621, +12 cols
    [CG]   [DIAG] iter=3 posCols=12 newCols=12 effImprove=12 updated=0
    [CG] CG iter 3: obj=167009759.163370, maxRC=6259807.214686, +12 cols
    [CG]   [DIAG] iter=3 posCols=12 newCols=12 effImprove=12 updated=0
    [CG] CG iter 2: obj=160594829.756606, maxRC=10623472.631095, +17 cols
    [CG]   [DIAG] iter=2 posCols=17 newCols=17 effImprove=17 updated=0
    [CG] CG iter 2: obj=160526665.014683, maxRC=10623472.631095, +17 cols
    [CG]   [DIAG] iter=2 posCols=17 newCols=17 effImprove=17 updated=0
    [CG] CG iter 4: obj=169671482.393640, maxRC=4139322.014779, +5 cols
    [CG]   [DIAG] iter=4 posCols=5 newCols=5 effImprove=5 updated=0
    [CG] CG iter 4: obj=169697051.163907, maxRC=4133759.293508, +5 cols
    [CG]   [DIAG] iter=4 posCols=5 newCols=5 effImprove=5 updated=0
    [CG] 列生成收敛，共 5 轮迭代
    [CG] [CG-NODE] depth=0 exit=CERTIFIED certified=1 feasible=1 iters=5 generatedColsBeforeNode=0 newCols=57 posCandidates=57 duplicateCandidates=0 updatedCols=0 zeroObjImproveIters=0 objFirst=143194542.179375 objLast=173893438.146517 objGain=30698895.967142 maxRC=59512429.969853 wallSec=0.009730 pricingSec=0.005578 cplexSolveSec=0.002045
      [BB] 根节点即为整数解，obj=173893438.146517
    [CG] 列生成收敛，共 5 轮迭代
    [CG] [CG-NODE] depth=0 exit=CERTIFIED certified=1 feasible=1 iters=5 generatedColsBeforeNode=0 newCols=57 posCandidates=57 duplicateCandidates=0 updatedCols=0 zeroObjImproveIters=0 objFirst=143237271.307086 objLast=173915426.634264 objGain=30678155.327178 maxRC=59519841.930057 wallSec=0.010289 pricingSec=0.006964 cplexSolveSec=0.001768
    [CG] CG iter 1: obj=143249159.320671, maxRC=59519403.483036, +23 cols
    [CG] CG iter 3: obj=166881829.887534, maxRC=6238689.383158, +12 cols
      [BB] 根节点即为整数解，obj=173915426.634264
    [CG]   [DIAG] iter=3 posCols=12 newCols=12 effImprove=12 updated=0
    [CG]   [DIAG] iter=1 posCols=23 newCols=23 effImprove=23 updated=0
    [CG] CG iter 3: obj=166977467.882819, maxRC=6250543.522561, +12 cols
    [CG]   [DIAG] iter=3 posCols=12 newCols=12 effImprove=12 updated=0
    [CG] CG iter 4: obj=169563639.103153, maxRC=4109152.140388, +5 cols
    [CG]   [DIAG] iter=4 posCols=5 newCols=5 effImprove=5 updated=0
    [CG] CG iter 1: obj=143222656.620748, maxRC=59519752.128890, +23 cols
    [CG]   [DIAG] iter=1 posCols=23 newCols=23 effImprove=23 updated=0
    [CG] CG iter 1: obj=143122575.759151, maxRC=59519752.288062, +23 cols
    [CG] CG iter 4: obj=169671131.237841, maxRC=4133569.279185, +5 cols
    [CG]   [DIAG] iter=4 posCols=5 newCols=5 effImprove=5 updated=0
    [CG] 列生成收敛，共 5 轮迭代
    [CG] [CG-NODE] depth=0 exit=CERTIFIED certified=1 feasible=1 iters=5 generatedColsBeforeNode=0 newCols=57 posCandidates=57 duplicateCandidates=0 updatedCols=0 zeroObjImproveIters=0 objFirst=142873246.871505 objLast=173796248.289725 objGain=30923001.418220 maxRC=59503901.208281 wallSec=0.011683 pricingSec=0.007775 cplexSolveSec=0.001864
      [BB] 根节点即为整数解，obj=173796248.289725
    [CG]   [DIAG] iter=1 posCols=23 newCols=23 effImprove=23 updated=0
    [CG] CG iter 2: obj=160623051.605411, maxRC=10623475.172061, +17 cols
    [CG] 列生成收敛，共 5 轮迭代
    [CG] [CG-NODE] depth=0 exit=CERTIFIED certified=1 feasible=1 iters=5 generatedColsBeforeNode=0 newCols=57 posCandidates=57 duplicateCandidates=0 updatedCols=0 zeroObjImproveIters=0 objFirst=142806539.001833 objLast=173893645.134582 objGain=31087106.132749 maxRC=59503901.208281 wallSec=0.011986 pricingSec=0.008072 cplexSolveSec=0.002133
    [CG]   [DIAG] iter=2 posCols=17 newCols=17 effImprove=17 updated=0
      [BB] 根节点即为整数解，obj=173893645.134582
    [CG] 列生成开始，初始列数=128
    [CG] CG iter 1: obj=143213118.355635, maxRC=59519752.131033, +23 cols
    [CG]   [DIAG] iter=1 posCols=23 newCols=23 effImprove=23 updated=0
    [CG] CG iter 2: obj=160604138.021504, maxRC=10623485.371715, +17 cols
    [CG]   [DIAG] iter=2 posCols=17 newCols=17 effImprove=17 updated=0
    [CG] CG iter 3: obj=167015916.581453, maxRC=6254857.995773, +12 cols
    [CG]   [DIAG] iter=3 posCols=12 newCols=12 effImprove=12 updated=0
    [CG] 列生成开始，初始列数=128
    [CG] 列生成开始，初始列数=128
    [CG] CG iter 2: obj=160540008.999838, maxRC=10633407.387964, +17 cols
    [CG]   [DIAG] iter=2 posCols=17 newCols=17 effImprove=17 updated=0
    [CG] CG iter 4: obj=169713682.753080, maxRC=4142628.601042, +5 cols
    [CG]   [DIAG] iter=4 posCols=5 newCols=5 effImprove=5 updated=0
    [CG] CG iter 3: obj=166985563.507936, maxRC=6253397.666641, +12 cols
    [CG]   [DIAG] iter=3 posCols=12 newCols=12 effImprove=12 updated=0
    [CG] CG iter 2: obj=160590172.195924, maxRC=10641227.865490, +17 cols
    [CG]   [DIAG] iter=2 posCols=17 newCols=17 effImprove=17 updated=0
    [CG] 列生成收敛，共 5 轮迭代
    [CG] [CG-NODE] depth=0 exit=CERTIFIED certified=1 feasible=1 iters=5 generatedColsBeforeNode=0 newCols=57 posCandidates=57 duplicateCandidates=0 updatedCols=0 zeroObjImproveIters=0 objFirst=143249159.320671 objLast=173932484.493095 objGain=30683325.172424 maxRC=59519403.483036 wallSec=0.014858 pricingSec=0.010123 cplexSolveSec=0.002566
    [CG] 列生成开始，初始列数=128
      [BB] 根节点即为整数解，obj=173932484.493095
    [CG] CG iter 4: obj=169676153.641538, maxRC=4132547.600986, +5 cols
    [CG] CG iter 3: obj=166918742.068655, maxRC=6249437.220465, +12 cols
    [CG]   [DIAG] iter=4 posCols=5 newCols=5 effImprove=5 updated=0
    [CG]   [DIAG] iter=3 posCols=12 newCols=12 effImprove=12 updated=0
    [CG] 列生成收敛，共 5 轮迭代
    [CG] [CG-NODE] depth=0 exit=CERTIFIED certified=1 feasible=1 iters=5 generatedColsBeforeNode=0 newCols=57 posCandidates=57 duplicateCandidates=0 updatedCols=0 zeroObjImproveIters=0 objFirst=143222656.620748 objLast=173897580.241568 objGain=30674923.620820 maxRC=59519752.128890 wallSec=0.015752 pricingSec=0.010688 cplexSolveSec=0.002808
    [CG] CG iter 3: obj=166967762.744269, maxRC=6249317.149386, +12 cols
    [CG]   [DIAG] iter=3 posCols=12 newCols=12 effImprove=12 updated=0
      [BB] 根节点即为整数解，obj=173897580.241568
    [CG] CG iter 4: obj=169614282.570435, maxRC=4131200.658227, +5 cols
    [CG]   [DIAG] iter=4 posCols=5 newCols=5 effImprove=5 updated=0
    [CG] CG iter 4: obj=169665565.008048, maxRC=4130917.588546, +5 cols
    [CG]   [DIAG] iter=4 posCols=5 newCols=5 effImprove=5 updated=0
    [CG] 列生成收敛，共 5 轮迭代
    [CG] 列生成开始，初始列数=128
    [CG] [CG-NODE] depth=0 exit=CERTIFIED certified=1 feasible=1 iters=5 generatedColsBeforeNode=0 newCols=57 posCandidates=57 duplicateCandidates=0 updatedCols=0 zeroObjImproveIters=0 objFirst=143122575.759151 objLast=173833601.237158 objGain=30711025.478007 maxRC=59519752.288062 wallSec=0.017748 pricingSec=0.011989 cplexSolveSec=0.003235
    [CG] CG iter 1: obj=142996584.771237, maxRC=59506522.827720, +23 cols
      [BB] 根节点即为整数解，obj=173833601.237158
    [CG]   [DIAG] iter=1 posCols=23 newCols=23 effImprove=23 updated=0
    [CG] 列生成收敛，共 5 轮迭代
    [CG] [CG-NODE] depth=0 exit=CERTIFIED certified=1 feasible=1 iters=5 generatedColsBeforeNode=0 newCols=57 posCandidates=57 duplicateCandidates=0 updatedCols=0 zeroObjImproveIters=0 objFirst=143213118.355635 objLast=173881639.415361 objGain=30668521.059727 maxRC=59519752.131033 wallSec=0.018152 pricingSec=0.012291 cplexSolveSec=0.003206
      [BB] 根节点即为整数解，obj=173881639.415361
    [CG] CG iter 2: obj=160625041.457556, maxRC=10623467.717802, +17 cols
    [CG]   [DIAG] iter=2 posCols=17 newCols=17 effImprove=17 updated=0
    [CG] CG iter 3: obj=167013842.508654, maxRC=6257143.295724, +12 cols
    [CG]   [DIAG] iter=3 posCols=12 newCols=12 effImprove=12 updated=0
    [CG] 列生成开始，初始列数=128
    [CG] CG iter 4: obj=169707120.150713, maxRC=4139032.655543, +5 cols
    [CG]   [DIAG] iter=4 posCols=5 newCols=5 effImprove=5 updated=0
    [CG] 列生成收敛，共 5 轮迭代
    [CG] 列生成开始，初始列数=128
    [CG] [CG-NODE] depth=0 exit=CERTIFIED certified=1 feasible=1 iters=5 generatedColsBeforeNode=0 newCols=57 posCandidates=57 duplicateCandidates=0 updatedCols=0 zeroObjImproveIters=0 objFirst=142996584.771237 objLast=173925621.695524 objGain=30929036.924287 maxRC=59506522.827720 wallSec=0.007401 pricingSec=0.004996 cplexSolveSec=0.001271
      [BB] 根节点即为整数解，obj=173925621.695524
    [CG] 列生成开始，初始列数=128
    [CG] 列生成开始，初始列数=128
    [CG] CG iter 1: obj=143210431.145714, maxRC=59519438.190230, +23 cols
    [CG]   [DIAG] iter=1 posCols=23 newCols=23 effImprove=23 updated=0
    [CG] CG iter 2: obj=160588171.361404, maxRC=10641198.894385, +17 cols
    [CG]   [DIAG] iter=2 posCols=17 newCols=17 effImprove=17 updated=0
    [CG] CG iter 1: obj=143080504.595338, maxRC=59519752.128890, +23 cols
    [CG] CG iter 1: obj=143244829.343723, maxRC=59519403.483036, +23 cols
    [CG]   [DIAG] iter=1 posCols=23 newCols=23 effImprove=23 updated=0
    [CG] CG iter 1: obj=143254545.951521, maxRC=59519752.128890, +23 cols
    [CG]   [DIAG] iter=1 posCols=23 newCols=23 effImprove=23 updated=0
    [CG]   [DIAG] iter=1 posCols=23 newCols=23 effImprove=23 updated=0
    [CG] CG iter 2: obj=160625995.421219, maxRC=10623578.445463, +17 cols
    [CG]   [DIAG] iter=2 posCols=17 newCols=17 effImprove=17 updated=0
    [CG] CG iter 2: obj=160594844.740570, maxRC=10623485.371715, +17 cols
    [CG] CG iter 3: obj=166965079.559796, maxRC=6249191.668040, +12 cols
    [CG]   [DIAG] iter=2 posCols=17 newCols=17 effImprove=17 updated=0
    [CG]   [DIAG] iter=3 posCols=12 newCols=12 effImprove=12 updated=0
    [CG] CG iter 1: obj=142825613.746422, maxRC=59468625.015670, +23 cols
    [CG] CG iter 1: obj=142945803.622205, maxRC=59506243.159342, +23 cols
    [CG] CG iter 3: obj=167020270.182283, maxRC=6255293.808328, +12 cols
    [CG]   [DIAG] iter=1 posCols=23 newCols=23 effImprove=23 updated=0
    [CG]   [DIAG] iter=3 posCols=12 newCols=12 effImprove=12 updated=0
    [CG]   [DIAG] iter=1 posCols=23 newCols=23 effImprove=23 updated=0
    [CG] CG iter 2: obj=160624956.927578, maxRC=10623485.371715, +17 cols
    [CG]   [DIAG] iter=2 posCols=17 newCols=17 effImprove=17 updated=0
    [CG] CG iter 3: obj=166977323.533542, maxRC=6250556.275401, +12 cols
    [CG] CG iter 4: obj=169718712.186839, maxRC=4143803.341114, +5 cols
    [CG]   [DIAG] iter=3 posCols=12 newCols=12 effImprove=12 updated=0
    [CG]   [DIAG] iter=4 posCols=5 newCols=5 effImprove=5 updated=0
    [CG] CG iter 4: obj=169662624.018528, maxRC=4130540.658517, +5 cols
    [CG]   [DIAG] iter=4 posCols=5 newCols=5 effImprove=5 updated=0
    [CG] 列生成收敛，共 5 轮迭代
    [CG] [CG-NODE] depth=0 exit=CERTIFIED certified=1 feasible=1 iters=5 generatedColsBeforeNode=0 newCols=57 posCandidates=57 duplicateCandidates=0 updatedCols=0 zeroObjImproveIters=0 objFirst=143254545.951521 objLast=173937083.592678 objGain=30682537.641156 maxRC=59519752.128890 wallSec=0.008420 pricingSec=0.005643 cplexSolveSec=0.001476
    [CG] CG iter 2: obj=160622169.087543, maxRC=10628594.261951, +17 cols
    [CG]   [DIAG] iter=2 posCols=17 newCols=17 effImprove=17 updated=0
      [BB] 根节点即为整数解，obj=173937083.592678
    [CG] CG iter 4: obj=169670792.020828, maxRC=4133502.549970, +5 cols
    [CG]   [DIAG] iter=4 posCols=5 newCols=5 effImprove=5 updated=0
    [CG] 列生成收敛，共 5 轮迭代
    [CG] [CG-NODE] depth=0 exit=CERTIFIED certified=1 feasible=1 iters=5 generatedColsBeforeNode=0 newCols=57 posCandidates=57 duplicateCandidates=0 updatedCols=0 zeroObjImproveIters=0 objFirst=143210431.145714 objLast=173878723.825760 objGain=30668292.680045 maxRC=59519438.190230 wallSec=0.017024 pricingSec=0.011830 cplexSolveSec=0.003015
    [CG] CG iter 3: obj=167014055.415982, maxRC=6254620.887174, +12 cols
    [CG] CG iter 2: obj=160477650.430754, maxRC=10603312.327794, +17 cols
    [CG] 列生成收敛，共 5 轮迭代
    [CG] [CG-NODE] depth=0 exit=CERTIFIED certified=1 feasible=1 iters=5 generatedColsBeforeNode=0 newCols=57 posCandidates=57 duplicateCandidates=0 updatedCols=0 zeroObjImproveIters=0 objFirst=143080504.595338 objLast=173893313.445867 objGain=30812808.850529 maxRC=59519752.128890 wallSec=0.012138 pricingSec=0.008129 cplexSolveSec=0.002175
    [CG]   [DIAG] iter=3 posCols=12 newCols=12 effImprove=12 updated=0
    [CG] CG iter 3: obj=167018728.456538, maxRC=6255112.403584, +12 cols
      [BB] 根节点即为整数解，obj=173878723.825760
    [CG]   [DIAG] iter=2 posCols=17 newCols=17 effImprove=17 updated=0
    [CG]   [DIAG] iter=3 posCols=12 newCols=12 effImprove=12 updated=0
      [BB] 根节点即为整数解，obj=173893313.445867
    [CG] CG iter 1: obj=143259107.997781, maxRC=59519752.128890, +23 cols
    [CG] CG iter 4: obj=169713316.955457, maxRC=4142247.348449, +5 cols
    [CG]   [DIAG] iter=1 posCols=23 newCols=23 effImprove=23 updated=0
    [CG]   [DIAG] iter=4 posCols=5 newCols=5 effImprove=5 updated=0
    [CG] CG iter 4: obj=169716978.518505, maxRC=4143354.156303, +5 cols
    [CG]   [DIAG] iter=4 posCols=5 newCols=5 effImprove=5 updated=0
    [CG] 列生成收敛，共 5 轮迭代
    [CG] [CG-NODE] depth=0 exit=CERTIFIED certified=1 feasible=1 iters=5 generatedColsBeforeNode=0 newCols=57 posCandidates=57 duplicateCandidates=0 updatedCols=0 zeroObjImproveIters=0 objFirst=142945803.622205 objLast=173930184.695189 objGain=30984381.072985 maxRC=59506243.159342 wallSec=0.010046 pricingSec=0.006785 cplexSolveSec=0.001769
      [BB] 根节点即为整数解，obj=173930184.695189
    [CG] CG iter 3: obj=166869228.066014, maxRC=6263148.213375, +12 cols
    [CG]   [DIAG] iter=3 posCols=12 newCols=12 effImprove=12 updated=0
    [CG] CG iter 2: obj=160626551.950117, maxRC=10623488.833130, +17 cols
    [CG] 列生成开始，初始列数=128
    [CG]   [DIAG] iter=2 posCols=17 newCols=17 effImprove=17 updated=0
    [CG] 列生成收敛，共 5 轮迭代
    [CG] [CG-NODE] depth=0 exit=CERTIFIED certified=1 feasible=1 iters=5 generatedColsBeforeNode=0 newCols=57 posCandidates=57 duplicateCandidates=0 updatedCols=0 zeroObjImproveIters=0 objFirst=143244829.343723 objLast=173935531.745221 objGain=30690702.401499 maxRC=59519403.483036 wallSec=0.018458 pricingSec=0.012769 cplexSolveSec=0.003056
      [BB] 根节点即为整数解，obj=173935531.745221
    [CG] CG iter 1: obj=143231979.212536, maxRC=59519403.483036, +23 cols
    [CG] 列生成开始，初始列数=128
    [CG] CG iter 4: obj=169576835.234710, maxRC=4159833.339044, +5 cols
    [CG]   [DIAG] iter=1 posCols=23 newCols=23 effImprove=23 updated=0
    [CG]   [DIAG] iter=4 posCols=5 newCols=5 effImprove=5 updated=0
    [CG] CG iter 3: obj=167020872.178673, maxRC=6255307.122042, +12 cols
    [CG]   [DIAG] iter=3 posCols=12 newCols=12 effImprove=12 updated=0
    [CG] 列生成收敛，共 5 轮迭代
    [CG] [CG-NODE] depth=0 exit=CERTIFIED certified=1 feasible=1 iters=5 generatedColsBeforeNode=0 newCols=57 posCandidates=57 duplicateCandidates=0 updatedCols=0 zeroObjImproveIters=0 objFirst=142825613.746422 objLast=173796286.385071 objGain=30970672.638649 maxRC=59468625.015670 wallSec=0.017900 pricingSec=0.012484 cplexSolveSec=0.002984
    [CG] 列生成开始，初始列数=128
    [CG] 列生成开始，初始列数=128
    [CG] CG iter 4: obj=169719304.354231, maxRC=4143827.050102, +5 cols
    [CG]   [DIAG] iter=4 posCols=5 newCols=5 effImprove=5 updated=0
      [BB] 根节点即为整数解，obj=173796286.385071
    [CG] 列生成收敛，共 5 轮迭代
    [CG] [CG-NODE] depth=0 exit=CERTIFIED certified=1 feasible=1 iters=5 generatedColsBeforeNode=0 newCols=57 posCandidates=57 duplicateCandidates=0 updatedCols=0 zeroObjImproveIters=0 objFirst=143259107.997781 objLast=173937698.199125 objGain=30678590.201344 maxRC=59519752.128890 wallSec=0.011006 pricingSec=0.007655 cplexSolveSec=0.001821
      [BB] 根节点即为整数解，obj=173937698.199125
    [CG] CG iter 2: obj=160610769.212313, maxRC=10641517.635119, +17 cols
    [CG]   [DIAG] iter=2 posCols=17 newCols=17 effImprove=17 updated=0
    [CG] 列生成开始，初始列数=128
    [CG] CG iter 3: obj=166996266.464530, maxRC=6252629.702125, +12 cols
    [CG]   [DIAG] iter=3 posCols=12 newCols=12 effImprove=12 updated=0
    [CG] CG iter 4: obj=169697469.667137, maxRC=4137908.154315, +5 cols
    [CG]   [DIAG] iter=4 posCols=5 newCols=5 effImprove=5 updated=0
    [CG] CG iter 1: obj=143254193.823283, maxRC=59519752.128890, +23 cols
    [CG]   [DIAG] iter=1 posCols=23 newCols=23 effImprove=23 updated=0
    [CG] 列生成收敛，共 5 轮迭代
    [CG] [CG-NODE] depth=0 exit=CERTIFIED certified=1 feasible=1 iters=5 generatedColsBeforeNode=0 newCols=57 posCandidates=57 duplicateCandidates=0 updatedCols=0 zeroObjImproveIters=0 objFirst=143231979.212536 objLast=173910582.315047 objGain=30678603.102511 maxRC=59519403.483036 wallSec=0.018436 pricingSec=0.012571 cplexSolveSec=0.003232
    [CG] CG iter 1: obj=143211611.414031, maxRC=59512429.969853, +23 cols
    [CG] CG iter 2: obj=160626614.962799, maxRC=10623485.371715, +17 cols
    [CG]   [DIAG] iter=1 posCols=23 newCols=23 effImprove=23 updated=0
      [BB] 根节点即为整数解，obj=173910582.315047
    [CG]   [DIAG] iter=2 posCols=17 newCols=17 effImprove=17 updated=0
    [CG] CG iter 3: obj=167018122.342735, maxRC=6256334.529918, +12 cols
    [CG]   [DIAG] iter=3 posCols=12 newCols=12 effImprove=12 updated=0
    [CG] CG iter 2: obj=160590065.255893, maxRC=10618438.308591, +17 cols
    [CG]   [DIAG] iter=2 posCols=17 newCols=17 effImprove=17 updated=0
    [CG] CG iter 4: obj=169713738.080973, maxRC=4141435.504625, +5 cols
    [CG]   [DIAG] iter=4 posCols=5 newCols=5 effImprove=5 updated=0
    [CG] CG iter 3: obj=166972078.851978, maxRC=6253722.062923, +12 cols
    [CG]   [DIAG] iter=3 posCols=12 newCols=12 effImprove=12 updated=0
    [CG] 列生成收敛，共 5 轮迭代
    [CG] [CG-NODE] depth=0 exit=CERTIFIED certified=1 feasible=1 iters=5 generatedColsBeforeNode=0 newCols=57 posCandidates=57 duplicateCandidates=0 updatedCols=0 zeroObjImproveIters=0 objFirst=143254193.823283 objLast=173932124.761364 objGain=30677930.938082 maxRC=59519752.128890 wallSec=0.008371 pricingSec=0.005561 cplexSolveSec=0.001529
      [BB] 根节点即为整数解，obj=173932124.761364
    [CG] CG iter 4: obj=169662597.476485, maxRC=4135399.493566, +5 cols
    [CG]   [DIAG] iter=4 posCols=5 newCols=5 effImprove=5 updated=0
    [CG] 列生成收敛，共 5 轮迭代
    [CG] [CG-NODE] depth=0 exit=CERTIFIED certified=1 feasible=1 iters=5 generatedColsBeforeNode=0 newCols=57 posCandidates=57 duplicateCandidates=0 updatedCols=0 zeroObjImproveIters=0 objFirst=143211611.414031 objLast=173884527.485471 objGain=30672916.071440 maxRC=59512429.969853 wallSec=0.008211 pricingSec=0.005502 cplexSolveSec=0.001464
      [BB] 根节点即为整数解，obj=173884527.485471
    [CG] CG iter 1: obj=143256344.771881, maxRC=59518388.593453, +23 cols
    [CG]   [DIAG] iter=1 posCols=23 newCols=23 effImprove=23 updated=0
    [CG] CG iter 1: obj=143200010.625897, maxRC=59519438.190230, +23 cols
    [CG]   [DIAG] iter=1 posCols=23 newCols=23 effImprove=23 updated=0
    [CG] CG iter 2: obj=160622649.764901, maxRC=10622427.628388, +17 cols
    [CG]   [DIAG] iter=2 posCols=17 newCols=17 effImprove=17 updated=0
    [CG] CG iter 2: obj=160602362.674155, maxRC=10623166.630982, +17 cols
    [CG]   [DIAG] iter=2 posCols=17 newCols=17 effImprove=17 updated=0
    [CG] CG iter 3: obj=166987741.807578, maxRC=6251649.600325, +12 cols
    [CG]   [DIAG] iter=3 posCols=12 newCols=12 effImprove=12 updated=0
    [CG] CG iter 3: obj=167017025.775304, maxRC=6255482.721265, +12 cols
    [CG]   [DIAG] iter=3 posCols=12 newCols=12 effImprove=12 updated=0
    [CG] CG iter 4: obj=169682529.066287, maxRC=4136090.268972, +5 cols
    [CG]   [DIAG] iter=4 posCols=5 newCols=5 effImprove=5 updated=0
    [CG] 列生成收敛，共 5 轮迭代
    [CG] [CG-NODE] depth=0 exit=CERTIFIED certified=1 feasible=1 iters=5 generatedColsBeforeNode=0 newCols=57 posCandidates=57 duplicateCandidates=0 updatedCols=0 zeroObjImproveIters=0 objFirst=143200010.625897 objLast=173904069.452325 objGain=30704058.826428 maxRC=59519438.190230 wallSec=0.013195 pricingSec=0.009224 cplexSolveSec=0.002076
      [BB] 根节点即为整数解，obj=173904069.452325
    [CG] CG iter 4: obj=169715641.418245, maxRC=4144408.282015, +5 cols
    [CG]   [DIAG] iter=4 posCols=5 newCols=5 effImprove=5 updated=0
    [CG] 列生成收敛，共 5 轮迭代
    [CG] [CG-NODE] depth=0 exit=CERTIFIED certified=1 feasible=1 iters=5 generatedColsBeforeNode=0 newCols=57 posCandidates=57 duplicateCandidates=0 updatedCols=0 zeroObjImproveIters=0 objFirst=143256344.771881 objLast=173934075.547557 objGain=30677730.775676 maxRC=59518388.593453 wallSec=0.015807 pricingSec=0.010665 cplexSolveSec=0.002895
    [CG] CG iter 1: obj=143224342.282543, maxRC=59519403.483036, +23 cols
      [BB] 根节点即为整数解，obj=173934075.547557
    [CG]   [DIAG] iter=1 posCols=23 newCols=23 effImprove=23 updated=0
    [CG] CG iter 2: obj=160610769.212313, maxRC=10641517.635119, +17 cols
    [CG]   [DIAG] iter=2 posCols=17 newCols=17 effImprove=17 updated=0
    [CG] CG iter 3: obj=166996070.165077, maxRC=6252654.112464, +12 cols
    [CG]   [DIAG] iter=3 posCols=12 newCols=12 effImprove=12 updated=0
    [CG] CG iter 4: obj=169697077.068232, maxRC=4137804.545848, +5 cols
    [CG]   [DIAG] iter=4 posCols=5 newCols=5 effImprove=5 updated=0
    [CG] 列生成收敛，共 5 轮迭代
    [CG] [CG-NODE] depth=0 exit=CERTIFIED certified=1 feasible=1 iters=5 generatedColsBeforeNode=0 newCols=57 posCandidates=57 duplicateCandidates=0 updatedCols=0 zeroObjImproveIters=0 objFirst=143224342.282543 objLast=173910189.716142 objGain=30685847.433599 maxRC=59519403.483036 wallSec=0.019280 pricingSec=0.012986 cplexSolveSec=0.003346
      [BB] 根节点即为整数解，obj=173910189.716142
[GA] 代数 8: Best=173966658.51, Avg=173915834.34, Worst=173767424.20, Valid=30/30, 耗时=0.05s (连续8代未提升)
  ├─ 求解: 30 个体 fork 并行 | CG迭代=110 加列=1254 BB分支=0
  ├─ 并行墙钟=0.0532s | 串行等效(ΣBP)=0.3012s | 加速比=5.66x
  ├─ 管理开销=-0.2479s (fork=0.0028 wait=0.0501 merge=0.0003)
  └─ CG明细: gen_logs/run_gen8_ind{0..29}.log
    [CG] 列生成开始，初始列数=128
    [CG] 列生成开始，初始列数=128
    [CG] 列生成开始，初始列数=128
    [CG] 列生成开始，初始列数=128
    [CG] 列生成开始，初始列数=128
    [CG] 列生成开始，初始列数=128
    [CG] 列生成开始，初始列数=128
    [CG] 列生成开始，初始列数=128
    [CG] CG iter 1: obj=143215533.512919, maxRC=59519752.128890, +23 cols
    [CG]   [DIAG] iter=1 posCols=23 newCols=23 effImprove=23 updated=0
    [CG] CG iter 2: obj=160594923.114498, maxRC=10664497.637937, +17 cols
    [CG]   [DIAG] iter=2 posCols=17 newCols=17 effImprove=17 updated=0
    [CG] CG iter 3: obj=166970536.280017, maxRC=6249652.881994, +12 cols
    [CG]   [DIAG] iter=3 posCols=12 newCols=12 effImprove=12 updated=0
    [CG] CG iter 4: obj=169675786.634593, maxRC=4131354.064760, +5 cols
    [CG]   [DIAG] iter=4 posCols=5 newCols=5 effImprove=5 updated=0
    [CG] 列生成收敛，共 5 轮迭代
    [CG] [CG-NODE] depth=0 exit=CERTIFIED certified=1 feasible=1 iters=5 generatedColsBeforeNode=0 newCols=57 posCandidates=57 duplicateCandidates=0 updatedCols=0 zeroObjImproveIters=0 objFirst=143215533.512919 objLast=173881708.764079 objGain=30666175.251159 maxRC=59519752.128890 wallSec=0.009236 pricingSec=0.006039 cplexSolveSec=0.001830
      [BB] 根节点即为整数解，obj=173881708.764079
    [CG] CG iter 1: obj=143209111.370300, maxRC=59519841.930057, +23 cols
    [CG]   [DIAG] iter=1 posCols=23 newCols=23 effImprove=23 updated=0
    [CG] CG iter 1: obj=142915355.579708, maxRC=59468056.961911, +23 cols
    [CG]   [DIAG] iter=1 posCols=23 newCols=23 effImprove=23 updated=0
    [CG] CG iter 2: obj=160626622.855992, maxRC=10623494.814960, +17 cols
    [CG]   [DIAG] iter=2 posCols=17 newCols=17 effImprove=17 updated=0
    [CG] CG iter 1: obj=143211608.498129, maxRC=59512429.969853, +23 cols
    [CG] 列生成开始，初始列数=128
    [CG]   [DIAG] iter=1 posCols=23 newCols=23 effImprove=23 updated=0
    [CG] CG iter 2: obj=160561322.205045, maxRC=10598790.635503, +17 cols
    [CG] CG iter 3: obj=166995679.194977, maxRC=6265838.130770, +11 cols
    [CG]   [DIAG] iter=3 posCols=11 newCols=11 effImprove=11 updated=0
    [CG]   [DIAG] iter=2 posCols=17 newCols=17 effImprove=17 updated=0
    [CG] CG iter 1: obj=143181384.988184, maxRC=59486728.688811, +23 cols
    [CG] CG iter 1: obj=143252199.450919, maxRC=59519403.483036, +23 cols
    [CG]   [DIAG] iter=1 posCols=23 newCols=23 effImprove=23 updated=0
    [CG] CG iter 1: obj=143075955.769524, maxRC=59519403.483036, +23 cols
    [CG]   [DIAG] iter=1 posCols=23 newCols=23 effImprove=23 updated=0
    [CG] CG iter 4: obj=169668891.227121, maxRC=4120680.806476, +5 cols
    [CG] CG iter 1: obj=143253799.610073, maxRC=59519752.128890, +23 cols
    [CG]   [DIAG] iter=4 posCols=5 newCols=5 effImprove=5 updated=0
    [CG]   [DIAG] iter=1 posCols=23 newCols=23 effImprove=23 updated=0
    [CG] CG iter 2: obj=160590063.330787, maxRC=10618448.508245, +17 cols
    [CG]   [DIAG] iter=1 posCols=23 newCols=23 effImprove=23 updated=0
    [CG]   [DIAG] iter=2 posCols=17 newCols=17 effImprove=17 updated=0
    [CG] CG iter 3: obj=166962058.303340, maxRC=6256719.129521, +12 cols
    [CG]   [DIAG] iter=3 posCols=12 newCols=12 effImprove=12 updated=0
    [CG] 列生成收敛，共 5 轮迭代
    [CG] [CG-NODE] depth=0 exit=CERTIFIED certified=1 feasible=1 iters=5 generatedColsBeforeNode=0 newCols=56 posCandidates=56 duplicateCandidates=0 updatedCols=0 zeroObjImproveIters=0 objFirst=143209111.370300 objLast=173887266.697478 objGain=30678155.327178 maxRC=59519841.930057 wallSec=0.014591 pricingSec=0.009965 cplexSolveSec=0.002653
      [BB] 根节点即为整数解，obj=173887266.697478
    [CG] CG iter 2: obj=160532783.384136, maxRC=10619468.631281, +17 cols
    [CG] CG iter 2: obj=160624959.036890, maxRC=10623485.371715, +17 cols
    [CG]   [DIAG] iter=2 posCols=17 newCols=17 effImprove=17 updated=0
    [CG] CG iter 4: obj=169661900.412587, maxRC=4161169.314640, +5 cols
    [CG]   [DIAG] iter=2 posCols=17 newCols=17 effImprove=17 updated=0
    [CG]   [DIAG] iter=4 posCols=5 newCols=5 effImprove=5 updated=0
    [CG] CG iter 2: obj=160595913.402142, maxRC=10623475.172061, +17 cols
    [CG] CG iter 3: obj=166972073.291156, maxRC=6253720.671812, +12 cols
    [CG]   [DIAG] iter=2 posCols=17 newCols=17 effImprove=17 updated=0
    [CG]   [DIAG] iter=3 posCols=12 newCols=12 effImprove=12 updated=0
    [CG] CG iter 2: obj=160622035.730455, maxRC=10623485.371715, +17 cols
    [CG]   [DIAG] iter=2 posCols=17 newCols=17 effImprove=17 updated=0
    [CG] 列生成收敛，共 5 轮迭代
    [CG] [CG-NODE] depth=0 exit=CERTIFIED certified=1 feasible=1 iters=5 generatedColsBeforeNode=0 newCols=57 posCandidates=57 duplicateCandidates=0 updatedCols=0 zeroObjImproveIters=0 objFirst=142915355.579708 objLast=173882687.538545 objGain=30967331.958836 maxRC=59468056.961911 wallSec=0.015993 pricingSec=0.011000 cplexSolveSec=0.002814
      [BB] 根节点即为整数解，obj=173882687.538545
    [CG] CG iter 4: obj=169662594.560584, maxRC=4135395.457535, +5 cols
    [CG]   [DIAG] iter=4 posCols=5 newCols=5 effImprove=5 updated=0
    [CG] CG iter 3: obj=166916005.829628, maxRC=6250561.397026, +12 cols
    [CG] CG iter 3: obj=167018730.772709, maxRC=6255112.196724, +12 cols
    [CG]   [DIAG] iter=3 posCols=12 newCols=12 effImprove=12 updated=0
    [CG]   [DIAG] iter=3 posCols=12 newCols=12 effImprove=12 updated=0
    [CG] CG iter 3: obj=166978395.830830, maxRC=6250557.666512, +12 cols
    [CG]   [DIAG] iter=3 posCols=12 newCols=12 effImprove=12 updated=0
    [CG] CG iter 3: obj=167014897.070782, maxRC=6254856.604662, +12 cols
    [CG]   [DIAG] iter=3 posCols=12 newCols=12 effImprove=12 updated=0
    [CG] 列生成收敛，共 5 轮迭代
    [CG] [CG-NODE] depth=0 exit=CERTIFIED certified=1 feasible=1 iters=5 generatedColsBeforeNode=0 newCols=57 posCandidates=57 duplicateCandidates=0 updatedCols=0 zeroObjImproveIters=0 objFirst=143211608.498129 objLast=173884520.533538 objGain=30672912.035409 maxRC=59512429.969853 wallSec=0.017129 pricingSec=0.011848 cplexSolveSec=0.002961
      [BB] 根节点即为整数解，obj=173884520.533538
    [CG] CG iter 4: obj=169615052.341046, maxRC=4146180.259917, +5 cols
    [CG] CG iter 4: obj=169716980.627817, maxRC=4143354.156303, +5 cols
    [CG]   [DIAG] iter=4 posCols=5 newCols=5 effImprove=5 updated=0
    [CG]   [DIAG] iter=4 posCols=5 newCols=5 effImprove=5 updated=0
    [CG] CG iter 4: obj=169671861.673195, maxRC=4133506.586001, +5 cols
    [CG] 列生成开始，初始列数=128
    [CG]   [DIAG] iter=4 posCols=5 newCols=5 effImprove=5 updated=0
    [CG] CG iter 4: obj=169712665.887329, maxRC=4142624.565011, +5 cols
    [CG]   [DIAG] iter=4 posCols=5 newCols=5 effImprove=5 updated=0
    [CG] 列生成收敛，共 5 轮迭代
    [CG] [CG-NODE] depth=0 exit=CERTIFIED certified=1 feasible=1 iters=5 generatedColsBeforeNode=0 newCols=57 posCandidates=57 duplicateCandidates=0 updatedCols=0 zeroObjImproveIters=0 objFirst=143181384.988184 objLast=173833207.098026 objGain=30651822.109841 maxRC=59486728.688811 wallSec=0.017640 pricingSec=0.012171 cplexSolveSec=0.002929
    [CG] 列生成收敛，共 5 轮迭代
    [CG] [CG-NODE] depth=0 exit=CERTIFIED certified=1 feasible=1 iters=5 generatedColsBeforeNode=0 newCols=57 posCandidates=57 duplicateCandidates=0 updatedCols=0 zeroObjImproveIters=0 objFirst=143252199.450919 objLast=173935533.854533 objGain=30683334.403615 maxRC=59519403.483036 wallSec=0.017488 pricingSec=0.012021 cplexSolveSec=0.002857
    [CG] 列生成收敛，共 5 轮迭代
    [CG] [CG-NODE] depth=0 exit=CERTIFIED certified=1 feasible=1 iters=5 generatedColsBeforeNode=0 newCols=57 posCandidates=57 duplicateCandidates=0 updatedCols=0 zeroObjImproveIters=0 objFirst=143075955.769524 objLast=173894387.134266 objGain=30818431.364741 maxRC=59519403.483036 wallSec=0.017520 pricingSec=0.012101 cplexSolveSec=0.002866
      [BB] 根节点即为整数解，obj=173833207.098026
      [BB] 根节点即为整数解，obj=173935533.854533
    [CG] 列生成收敛，共 5 轮迭代
    [CG] [CG-NODE] depth=0 exit=CERTIFIED certified=1 feasible=1 iters=5 generatedColsBeforeNode=0 newCols=57 posCandidates=57 duplicateCandidates=0 updatedCols=0 zeroObjImproveIters=0 objFirst=143253799.610073 objLast=173931463.591312 objGain=30677663.981239 maxRC=59519752.128890 wallSec=0.017545 pricingSec=0.011973 cplexSolveSec=0.002900
      [BB] 根节点即为整数解，obj=173894387.134266
      [BB] 根节点即为整数解，obj=173931463.591312
    [CG] 列生成开始，初始列数=128
    [CG] 列生成开始，初始列数=128
    [CG] 列生成开始，初始列数=128
    [CG] 列生成开始，初始列数=128
    [CG] 列生成开始，初始列数=128
    [CG] 列生成开始，初始列数=128
    [CG] CG iter 1: obj=143220444.871464, maxRC=59519752.128890, +23 cols
    [CG]   [DIAG] iter=1 posCols=23 newCols=23 effImprove=23 updated=0
    [CG] CG iter 2: obj=160602625.956788, maxRC=10623578.445463, +17 cols
    [CG]   [DIAG] iter=2 posCols=17 newCols=17 effImprove=17 updated=0
    [CG] CG iter 1: obj=143193106.940222, maxRC=59512429.969853, +23 cols
    [CG]   [DIAG] iter=1 posCols=23 newCols=23 effImprove=23 updated=0
    [CG] CG iter 1: obj=143224378.621318, maxRC=59519752.128890, +23 cols
    [CG] CG iter 3: obj=166985213.343442, maxRC=6252593.964452, +12 cols
    [CG]   [DIAG] iter=1 posCols=23 newCols=23 effImprove=23 updated=0
    [CG]   [DIAG] iter=3 posCols=12 newCols=12 effImprove=12 updated=0
    [CG] CG iter 1: obj=143259191.576054, maxRC=59519752.128890, +23 cols
    [CG] CG iter 1: obj=143259049.444407, maxRC=59519752.128890, +23 cols
    [CG]   [DIAG] iter=1 posCols=23 newCols=23 effImprove=23 updated=0
    [CG]   [DIAG] iter=1 posCols=23 newCols=23 effImprove=23 updated=0
    [CG] CG iter 4: obj=169677227.041731, maxRC=4133639.159682, +5 cols
    [CG]   [DIAG] iter=4 posCols=5 newCols=5 effImprove=5 updated=0
    [CG] CG iter 2: obj=160591206.896419, maxRC=10623578.445463, +17 cols
    [CG]   [DIAG] iter=2 posCols=17 newCols=17 effImprove=17 updated=0
    [CG] CG iter 2: obj=160626614.962799, maxRC=10623485.371715, +17 cols
    [CG] CG iter 2: obj=160626551.950117, maxRC=10623488.833130, +17 cols
    [CG]   [DIAG] iter=2 posCols=17 newCols=17 effImprove=17 updated=0
    [CG]   [DIAG] iter=2 posCols=17 newCols=17 effImprove=17 updated=0
    [CG] CG iter 2: obj=160613253.560333, maxRC=10618438.308591, +17 cols
    [CG] 列生成收敛，共 5 轮迭代
    [CG]   [DIAG] iter=2 posCols=17 newCols=17 effImprove=17 updated=0
    [CG] [CG-NODE] depth=0 exit=CERTIFIED certified=1 feasible=1 iters=5 generatedColsBeforeNode=0 newCols=57 posCandidates=57 duplicateCandidates=0 updatedCols=0 zeroObjImproveIters=0 objFirst=143220444.871464 objLast=173898766.037158 objGain=30678321.165694 maxRC=59519752.128890 wallSec=0.017850 pricingSec=0.012352 cplexSolveSec=0.003055
      [BB] 根节点即为整数解，obj=173898766.037158
    [CG] CG iter 3: obj=166985481.768527, maxRC=6255294.702402, +12 cols
    [CG]   [DIAG] iter=3 posCols=12 newCols=12 effImprove=12 updated=0
    [CG] CG iter 3: obj=167020872.178673, maxRC=6255307.122042, +12 cols
    [CG] CG iter 3: obj=167020946.374425, maxRC=6255306.848253, +12 cols
    [CG]   [DIAG] iter=3 posCols=12 newCols=12 effImprove=12 updated=0
    [CG]   [DIAG] iter=3 posCols=12 newCols=12 effImprove=12 updated=0
    [CG] CG iter 4: obj=169683924.667158, maxRC=4143803.907388, +5 cols
    [CG] CG iter 4: obj=169719304.354231, maxRC=4143827.050102, +5 cols
    [CG]   [DIAG] iter=4 posCols=5 newCols=5 effImprove=5 updated=0
    [CG]   [DIAG] iter=4 posCols=5 newCols=5 effImprove=5 updated=0
    [CG] CG iter 4: obj=169719386.144354, maxRC=4143818.615667, +5 cols
    [CG]   [DIAG] iter=4 posCols=5 newCols=5 effImprove=5 updated=0
    [CG] 列生成收敛，共 5 轮迭代
    [CG] [CG-NODE] depth=0 exit=CERTIFIED certified=1 feasible=1 iters=5 generatedColsBeforeNode=0 newCols=57 posCandidates=57 duplicateCandidates=0 updatedCols=0 zeroObjImproveIters=0 objFirst=143259049.444407 objLast=173937698.199125 objGain=30678648.754719 maxRC=59519752.128890 wallSec=0.010595 pricingSec=0.007262 cplexSolveSec=0.001775
    [CG] 列生成收敛，共 5 轮迭代
    [CG] [CG-NODE] depth=0 exit=CERTIFIED certified=1 feasible=1 iters=5 generatedColsBeforeNode=0 newCols=57 posCandidates=57 duplicateCandidates=0 updatedCols=0 zeroObjImproveIters=0 objFirst=143224378.621318 objLast=173902295.369340 objGain=30677916.748022 maxRC=59519752.128890 wallSec=0.010326 pricingSec=0.007014 cplexSolveSec=0.001828
    [CG] 列生成收敛，共 5 轮迭代
    [CG] [CG-NODE] depth=0 exit=CERTIFIED certified=1 feasible=1 iters=5 generatedColsBeforeNode=0 newCols=57 posCandidates=57 duplicateCandidates=0 updatedCols=0 zeroObjImproveIters=0 objFirst=143259191.576054 objLast=173937772.824745 objGain=30678581.248691 maxRC=59519752.128890 wallSec=0.010491 pricingSec=0.007179 cplexSolveSec=0.001785
    [CG] CG iter 1: obj=143224299.826155, maxRC=59512429.969853, +23 cols
    [CG] CG iter 3: obj=167008730.900343, maxRC=6255627.113146, +12 cols
      [BB] 根节点即为整数解，obj=173937698.199125
      [BB] 根节点即为整数解，obj=173902295.369340
      [BB] 根节点即为整数解，obj=173937772.824745
    [CG]   [DIAG] iter=3 posCols=12 newCols=12 effImprove=12 updated=0
    [CG]   [DIAG] iter=1 posCols=23 newCols=23 effImprove=23 updated=0
    [CG] CG iter 4: obj=169707494.991264, maxRC=4147181.834845, +5 cols
    [CG] 列生成开始，初始列数=128
    [CG]   [DIAG] iter=4 posCols=5 newCols=5 effImprove=5 updated=0
    [CG] CG iter 1: obj=143243620.103624, maxRC=59519752.128890, +23 cols
    [CG] CG iter 2: obj=160590065.255893, maxRC=10618438.308591, +17 cols
    [CG]   [DIAG] iter=1 posCols=23 newCols=23 effImprove=23 updated=0
    [CG]   [DIAG] iter=2 posCols=17 newCols=17 effImprove=17 updated=0
    [CG] 列生成收敛，共 5 轮迭代
    [CG] [CG-NODE] depth=0 exit=CERTIFIED certified=1 feasible=1 iters=5 generatedColsBeforeNode=0 newCols=57 posCandidates=57 duplicateCandidates=0 updatedCols=0 zeroObjImproveIters=0 objFirst=143193106.940222 objLast=173926283.154553 objGain=30733176.214332 maxRC=59512429.969853 wallSec=0.016004 pricingSec=0.010516 cplexSolveSec=0.003182
    [CG] 列生成开始，初始列数=128
      [BB] 根节点即为整数解，obj=173926283.154553
    [CG] 列生成开始，初始列数=128
    [CG] CG iter 1: obj=143258647.539565, maxRC=59519752.128890, +23 cols
    [CG] 列生成开始，初始列数=128
    [CG]   [DIAG] iter=1 posCols=23 newCols=23 effImprove=23 updated=0
    [CG] CG iter 3: obj=166976466.501219, maxRC=6251998.097894, +12 cols
    [CG]   [DIAG] iter=3 posCols=12 newCols=12 effImprove=12 updated=0
    [CG] CG iter 2: obj=160626614.962799, maxRC=10623485.371715, +17 cols
    [CG]   [DIAG] iter=2 posCols=17 newCols=17 effImprove=17 updated=0
    [CG] CG iter 4: obj=169671372.774966, maxRC=4139270.013599, +5 cols
    [CG]   [DIAG] iter=4 posCols=5 newCols=5 effImprove=5 updated=0
    [CG] CG iter 2: obj=160626090.708871, maxRC=10623488.833130, +17 cols
    [CG]   [DIAG] iter=2 posCols=17 newCols=17 effImprove=17 updated=0
    [CG] 列生成收敛，共 5 轮迭代
    [CG] [CG-NODE] depth=0 exit=CERTIFIED certified=1 feasible=1 iters=5 generatedColsBeforeNode=0 newCols=57 posCandidates=57 duplicateCandidates=0 updatedCols=0 zeroObjImproveIters=0 objFirst=143224299.826155 objLast=173893302.783952 objGain=30669002.957797 maxRC=59512429.969853 wallSec=0.017641 pricingSec=0.012005 cplexSolveSec=0.003060
    [CG] CG iter 3: obj=167018210.100683, maxRC=6256299.036902, +12 cols
      [BB] 根节点即为整数解，obj=173893302.783952
    [CG]   [DIAG] iter=3 posCols=12 newCols=12 effImprove=12 updated=0
    [CG] 列生成开始，初始列数=128
    [CG] CG iter 3: obj=167020410.826382, maxRC=6255306.227967, +12 cols
    [CG]   [DIAG] iter=3 posCols=12 newCols=12 effImprove=12 updated=0
    [CG] CG iter 4: obj=169713913.596870, maxRC=4141514.254301, +5 cols
    [CG]   [DIAG] iter=4 posCols=5 newCols=5 effImprove=5 updated=0
    [CG] 列生成收敛，共 5 轮迭代
    [CG] [CG-NODE] depth=0 exit=CERTIFIED certified=1 feasible=1 iters=5 generatedColsBeforeNode=0 newCols=57 posCandidates=57 duplicateCandidates=0 updatedCols=0 zeroObjImproveIters=0 objFirst=143243620.103624 objLast=173932300.277262 objGain=30688680.173638 maxRC=59519752.128890 wallSec=0.018734 pricingSec=0.012879 cplexSolveSec=0.003257
    [CG] CG iter 4: obj=169718842.107865, maxRC=4143826.483827, +5 cols
    [CG]   [DIAG] iter=4 posCols=5 newCols=5 effImprove=5 updated=0
      [BB] 根节点即为整数解，obj=173932300.277262
    [CG] 列生成开始，初始列数=128
    [CG] 列生成收敛，共 5 轮迭代
    [CG] [CG-NODE] depth=0 exit=CERTIFIED certified=1 feasible=1 iters=5 generatedColsBeforeNode=0 newCols=57 posCandidates=57 duplicateCandidates=0 updatedCols=0 zeroObjImproveIters=0 objFirst=143258647.539565 objLast=173937236.656417 objGain=30678589.116852 maxRC=59519752.128890 wallSec=0.018318 pricingSec=0.012639 cplexSolveSec=0.003121
      [BB] 根节点即为整数解，obj=173937236.656417
    [CG] 列生成开始，初始列数=128
    [CG] 列生成开始，初始列数=128
    [CG] CG iter 1: obj=143251229.322072, maxRC=59519403.483036, +23 cols
    [CG]   [DIAG] iter=1 posCols=23 newCols=23 effImprove=23 updated=0
    [CG] CG iter 1: obj=142998833.143567, maxRC=59506522.827720, +23 cols
    [CG]   [DIAG] iter=1 posCols=23 newCols=23 effImprove=23 updated=0
    [CG] CG iter 1: obj=143172081.145941, maxRC=59512425.071358, +23 cols
    [CG]   [DIAG] iter=1 posCols=23 newCols=23 effImprove=23 updated=0
    [CG] CG iter 1: obj=143086339.622165, maxRC=59519752.128890, +23 cols
    [CG] CG iter 2: obj=160624958.852684, maxRC=10623475.172061, +17 cols
    [CG]   [DIAG] iter=2 posCols=17 newCols=17 effImprove=17 updated=0
    [CG]   [DIAG] iter=1 posCols=23 newCols=23 effImprove=23 updated=0
    [CG] CG iter 2: obj=160625041.457556, maxRC=10623467.717802, +17 cols
    [CG]   [DIAG] iter=2 posCols=17 newCols=17 effImprove=17 updated=0
    [CG] CG iter 1: obj=143191113.430333, maxRC=59512429.969853, +23 cols
    [CG]   [DIAG] iter=1 posCols=23 newCols=23 effImprove=23 updated=0
    [CG] CG iter 1: obj=143191951.740088, maxRC=59519438.190230, +23 cols
    [CG] CG iter 2: obj=160575916.345215, maxRC=10636191.002019, +17 cols
    [CG]   [DIAG] iter=1 posCols=23 newCols=23 effImprove=23 updated=0
    [CG]   [DIAG] iter=2 posCols=17 newCols=17 effImprove=17 updated=0
    [CG] CG iter 3: obj=167018732.717992, maxRC=6255109.139905, +12 cols
    [CG] CG iter 2: obj=160576097.505206, maxRC=10636191.002019, +17 cols
    [CG]   [DIAG] iter=2 posCols=17 newCols=17 effImprove=17 updated=0
    [CG]   [DIAG] iter=3 posCols=12 newCols=12 effImprove=12 updated=0
    [CG] CG iter 2: obj=160594844.740570, maxRC=10623485.371715, +17 cols
    [CG]   [DIAG] iter=2 posCols=17 newCols=17 effImprove=17 updated=0
    [CG] CG iter 3: obj=167018680.110826, maxRC=6255231.675112, +12 cols
    [CG]   [DIAG] iter=3 posCols=12 newCols=12 effImprove=12 updated=0
    [CG] CG iter 1: obj=142996434.697809, maxRC=59506522.827720, +23 cols
    [CG] CG iter 3: obj=166949965.959168, maxRC=6251274.040950, +12 cols
    [CG]   [DIAG] iter=3 posCols=12 newCols=12 effImprove=12 updated=0
    [CG]   [DIAG] iter=1 posCols=23 newCols=23 effImprove=23 updated=0
    [CG] CG iter 2: obj=160595785.870755, maxRC=10623156.431328, +17 cols
    [CG]   [DIAG] iter=2 posCols=17 newCols=17 effImprove=17 updated=0
    [CG] CG iter 4: obj=169716978.835672, maxRC=4143363.861105, +5 cols
    [CG]   [DIAG] iter=4 posCols=5 newCols=5 effImprove=5 updated=0
    [CG] CG iter 3: obj=166954297.877135, maxRC=6249495.585480, +12 cols
    [CG] CG iter 4: obj=169716795.355057, maxRC=4143314.429531, +5 cols
    [CG]   [DIAG] iter=3 posCols=12 newCols=12 effImprove=12 updated=0
    [CG]   [DIAG] iter=4 posCols=5 newCols=5 effImprove=5 updated=0
    [CG] CG iter 4: obj=169643392.790450, maxRC=4130043.264819, +5 cols
    [CG]   [DIAG] iter=4 posCols=5 newCols=5 effImprove=5 updated=0
    [CG] CG iter 3: obj=166972533.012134, maxRC=6252446.983325, +12 cols
    [CG]   [DIAG] iter=3 posCols=12 newCols=12 effImprove=12 updated=0
    [CG] 列生成收敛，共 5 轮迭代
    [CG] [CG-NODE] depth=0 exit=CERTIFIED certified=1 feasible=1 iters=5 generatedColsBeforeNode=0 newCols=57 posCandidates=57 duplicateCandidates=0 updatedCols=0 zeroObjImproveIters=0 objFirst=143251229.322072 objLast=173935536.098420 objGain=30684306.776348 maxRC=59519403.483036 wallSec=0.017797 pricingSec=0.012185 cplexSolveSec=0.003168
    [CG] CG iter 2: obj=160624930.962586, maxRC=10623554.853294, +17 cols
    [CG] 列生成收敛，共 5 轮迭代
    [CG] [CG-NODE] depth=0 exit=CERTIFIED certified=1 feasible=1 iters=5 generatedColsBeforeNode=0 newCols=57 posCandidates=57 duplicateCandidates=0 updatedCols=0 zeroObjImproveIters=0 objFirst=143191113.430333 objLast=173859966.570688 objGain=30668853.140355 maxRC=59512429.969853 wallSec=0.010854 pricingSec=0.007320 cplexSolveSec=0.002006
    [CG]   [DIAG] iter=2 posCols=17 newCols=17 effImprove=17 updated=0
      [BB] 根节点即为整数解，obj=173935536.098420
    [CG] CG iter 3: obj=166978590.574386, maxRC=6250559.006508, +12 cols
    [CG] 列生成收敛，共 5 轮迭代
    [CG] [CG-NODE] depth=0 exit=CERTIFIED certified=1 feasible=1 iters=5 generatedColsBeforeNode=0 newCols=57 posCandidates=57 duplicateCandidates=0 updatedCols=0 zeroObjImproveIters=0 objFirst=142998833.143567 objLast=173935296.899868 objGain=30936463.756301 maxRC=59506522.827720 wallSec=0.016624 pricingSec=0.011572 cplexSolveSec=0.002911
    [CG]   [DIAG] iter=3 posCols=12 newCols=12 effImprove=12 updated=0
      [BB] 根节点即为整数解，obj=173859966.570688
    [CG] CG iter 1: obj=143259168.462361, maxRC=59519766.154613, +23 cols
    [CG] CG iter 4: obj=169652278.577007, maxRC=4133954.694080, +5 cols
      [BB] 根节点即为整数解，obj=173935296.899868
    [CG]   [DIAG] iter=4 posCols=5 newCols=5 effImprove=5 updated=0
    [CG]   [DIAG] iter=1 posCols=23 newCols=23 effImprove=23 updated=0
    [CG] CG iter 4: obj=169661210.978012, maxRC=4129265.492812, +5 cols
    [CG]   [DIAG] iter=4 posCols=5 newCols=5 effImprove=5 updated=0
    [CG] CG iter 4: obj=169672278.466539, maxRC=4133807.730775, +5 cols
    [CG]   [DIAG] iter=4 posCols=5 newCols=5 effImprove=5 updated=0
    [CG] CG iter 3: obj=167013684.857378, maxRC=6257131.174378, +12 cols
    [CG]   [DIAG] iter=3 posCols=12 newCols=12 effImprove=12 updated=0
    [CG] 列生成收敛，共 5 轮迭代
    [CG] [CG-NODE] depth=0 exit=CERTIFIED certified=1 feasible=1 iters=5 generatedColsBeforeNode=0 newCols=57 posCandidates=57 duplicateCandidates=0 updatedCols=0 zeroObjImproveIters=0 objFirst=143172081.145941 objLast=173868878.101137 objGain=30696796.955195 maxRC=59512425.071358 wallSec=0.017613 pricingSec=0.012301 cplexSolveSec=0.002989
    [CG] 列生成收敛，共 5 轮迭代
    [CG] [CG-NODE] depth=0 exit=CERTIFIED certified=1 feasible=1 iters=5 generatedColsBeforeNode=0 newCols=57 posCandidates=57 duplicateCandidates=0 updatedCols=0 zeroObjImproveIters=0 objFirst=143086339.622165 objLast=173883732.403051 objGain=30797392.780887 maxRC=59519752.128890 wallSec=0.017506 pricingSec=0.012135 cplexSolveSec=0.002999
      [BB] 根节点即为整数解，obj=173868878.101137
    [CG] 列生成收敛，共 5 轮迭代
    [CG] [CG-NODE] depth=0 exit=CERTIFIED certified=1 feasible=1 iters=5 generatedColsBeforeNode=0 newCols=57 posCandidates=57 duplicateCandidates=0 updatedCols=0 zeroObjImproveIters=0 objFirst=143191951.740088 objLast=173894760.626506 objGain=30702808.886418 maxRC=59519438.190230 wallSec=0.015015 pricingSec=0.010416 cplexSolveSec=0.002481
      [BB] 根节点即为整数解，obj=173883732.403051
    [CG] CG iter 2: obj=160626009.980154, maxRC=10623584.384866, +17 cols
      [BB] 根节点即为整数解，obj=173894760.626506
    [CG] CG iter 4: obj=169706970.077285, maxRC=4139012.956349, +5 cols
    [CG]   [DIAG] iter=4 posCols=5 newCols=5 effImprove=5 updated=0
    [CG]   [DIAG] iter=2 posCols=17 newCols=17 effImprove=17 updated=0
    [CG] 列生成收敛，共 5 轮迭代
    [CG] [CG-NODE] depth=0 exit=CERTIFIED certified=1 feasible=1 iters=5 generatedColsBeforeNode=0 newCols=57 posCandidates=57 duplicateCandidates=0 updatedCols=0 zeroObjImproveIters=0 objFirst=142996434.697809 objLast=173925451.922902 objGain=30929017.225094 maxRC=59506522.827720 wallSec=0.011189 pricingSec=0.007602 cplexSolveSec=0.001964
      [BB] 根节点即为整数解，obj=173925451.922902
    [CG] CG iter 3: obj=167020280.698058, maxRC=6255294.082410, +12 cols
    [CG]   [DIAG] iter=3 posCols=12 newCols=12 effImprove=12 updated=0
    [CG] 列生成开始，初始列数=128
    [CG] 列生成开始，初始列数=128
    [CG] 列生成开始，初始列数=128
    [CG] CG iter 4: obj=169718722.976697, maxRC=4143796.296657, +5 cols
    [CG]   [DIAG] iter=4 posCols=5 newCols=5 effImprove=5 updated=0
    [CG] 列生成收敛，共 5 轮迭代
    [CG] [CG-NODE] depth=0 exit=CERTIFIED certified=1 feasible=1 iters=5 generatedColsBeforeNode=0 newCols=57 posCandidates=57 duplicateCandidates=0 updatedCols=0 zeroObjImproveIters=0 objFirst=143259168.462361 objLast=173937092.505506 objGain=30677924.043145 maxRC=59519766.154613 wallSec=0.012399 pricingSec=0.008482 cplexSolveSec=0.002199
    [CG] 列生成开始，初始列数=128
      [BB] 根节点即为整数解，obj=173937092.505506
    [CG] CG iter 1: obj=142859571.868590, maxRC=59468625.015670, +23 cols
    [CG]   [DIAG] iter=1 posCols=23 newCols=23 effImprove=23 updated=0
    [CG] CG iter 2: obj=160469407.218812, maxRC=10717762.351460, +17 cols
    [CG]   [DIAG] iter=2 posCols=17 newCols=17 effImprove=17 updated=0
    [CG] CG iter 1: obj=143198784.792552, maxRC=59519752.128890, +23 cols
    [CG] CG iter 1: obj=142833860.462626, maxRC=59506522.827720, +23 cols
    [CG]   [DIAG] iter=1 posCols=23 newCols=23 effImprove=23 updated=0
    [CG] CG iter 1: obj=143254190.945158, maxRC=59519438.190230, +23 cols
    [CG] CG iter 3: obj=166815501.976526, maxRC=6240208.403298, +12 cols
    [CG]   [DIAG] iter=3 posCols=12 newCols=12 effImprove=12 updated=0
    [CG]   [DIAG] iter=1 posCols=23 newCols=23 effImprove=23 updated=0
    [CG]   [DIAG] iter=1 posCols=23 newCols=23 effImprove=23 updated=0
    [CG] CG iter 4: obj=169535038.629302, maxRC=4124387.459035, +7 cols
    [CG]   [DIAG] iter=4 posCols=7 newCols=7 effImprove=7 updated=0
    [CG] 列生成收敛，共 5 轮迭代
    [CG] [CG-NODE] depth=0 exit=CERTIFIED certified=1 feasible=1 iters=5 generatedColsBeforeNode=0 newCols=59 posCandidates=59 duplicateCandidates=0 updatedCols=0 zeroObjImproveIters=0 objFirst=142859571.868590 objLast=173719569.107569 objGain=30859997.238978 maxRC=59468625.015670 wallSec=0.014840 pricingSec=0.010141 cplexSolveSec=0.002562
    [CG] CG iter 2: obj=160603086.035114, maxRC=10623578.445463, +17 cols
      [BB] 根节点即为整数解，obj=173719569.107569
    [CG]   [DIAG] iter=2 posCols=17 newCols=17 effImprove=17 updated=0
    [CG] CG iter 2: obj=160546432.333108, maxRC=10623467.717802, +17 cols
    [CG] CG iter 2: obj=160625272.060260, maxRC=10623166.630982, +17 cols
    [CG]   [DIAG] iter=2 posCols=17 newCols=17 effImprove=17 updated=0
    [CG]   [DIAG] iter=2 posCols=17 newCols=17 effImprove=17 updated=0
    [CG] CG iter 3: obj=166988410.919011, maxRC=6251597.544925, +12 cols
    [CG]   [DIAG] iter=3 posCols=12 newCols=12 effImprove=12 updated=0
    [CG] CG iter 3: obj=166928600.008346, maxRC=6264320.842931, +12 cols
    [CG] CG iter 3: obj=167019601.070850, maxRC=6255345.863727, +12 cols
    [CG]   [DIAG] iter=3 posCols=12 newCols=12 effImprove=12 updated=0
    [CG]   [DIAG] iter=3 posCols=12 newCols=12 effImprove=12 updated=0
    [CG] CG iter 4: obj=169683161.396873, maxRC=4135948.944230, +5 cols
    [CG]   [DIAG] iter=4 posCols=5 newCols=5 effImprove=5 updated=0
    [CG] CG iter 4: obj=169629055.197612, maxRC=4139373.998632, +5 cols
    [CG] CG iter 4: obj=169718079.856253, maxRC=4143944.665857, +5 cols
    [CG]   [DIAG] iter=4 posCols=5 newCols=5 effImprove=5 updated=0
    [CG]   [DIAG] iter=4 posCols=5 newCols=5 effImprove=5 updated=0
    [CG] 列生成收敛，共 5 轮迭代
    [CG] [CG-NODE] depth=0 exit=CERTIFIED certified=1 feasible=1 iters=5 generatedColsBeforeNode=0 newCols=57 posCandidates=57 duplicateCandidates=0 updatedCols=0 zeroObjImproveIters=0 objFirst=143198784.792552 objLast=173904700.392299 objGain=30705915.599747 maxRC=59519752.128890 wallSec=0.018945 pricingSec=0.012940 cplexSolveSec=0.003280
    [CG] 列生成收敛，共 5 轮迭代
    [CG] [CG-NODE] depth=0 exit=CERTIFIED certified=1 feasible=1 iters=5 generatedColsBeforeNode=0 newCols=57 posCandidates=57 duplicateCandidates=0 updatedCols=0 zeroObjImproveIters=0 objFirst=143254190.945158 objLast=173936452.652703 objGain=30682261.707546 maxRC=59519438.190230 wallSec=0.018983 pricingSec=0.012914 cplexSolveSec=0.003340
      [BB] 根节点即为整数解，obj=173904700.392299
      [BB] 根节点即为整数解，obj=173936452.652703
    [CG] 列生成收敛，共 5 轮迭代
    [CG] [CG-NODE] depth=0 exit=CERTIFIED certified=1 feasible=1 iters=5 generatedColsBeforeNode=0 newCols=57 posCandidates=57 duplicateCandidates=0 updatedCols=0 zeroObjImproveIters=0 objFirst=142833860.462626 objLast=173847443.930800 objGain=31013583.468174 maxRC=59506522.827720 wallSec=0.018253 pricingSec=0.012362 cplexSolveSec=0.003332
      [BB] 根节点即为整数解，obj=173847443.930800
[GA] 代数 9: Best=173966658.51, Avg=173929578.45, Worst=173748454.79, Valid=30/30, 耗时=0.07s (连续9代未提升)
  ├─ 求解: 30 个体 fork 并行 | CG迭代=140 加列=1597 BB分支=0
  ├─ 并行墙钟=0.0712s | 串行等效(ΣBP)=0.4444s | 加速比=6.24x
  ├─ 管理开销=-0.3732s (fork=0.0040 wait=0.0668 merge=0.0004)
  └─ CG明细: gen_logs/run_gen9_ind{0..29}.log
    [CG] 列生成开始，初始列数=128
    [CG] 列生成开始，初始列数=128
    [CG] 列生成开始，初始列数=128
    [CG] 列生成开始，初始列数=128
    [CG] 列生成开始，初始列数=128
    [CG] 列生成开始，初始列数=128
    [CG] 列生成开始，初始列数=128
    [CG] 列生成开始，初始列数=128
    [CG] CG iter 1: obj=143211208.210984, maxRC=59512429.969853, +23 cols
    [CG]   [DIAG] iter=1 posCols=23 newCols=23 effImprove=23 updated=0
    [CG] CG iter 1: obj=142958862.239400, maxRC=59501876.758572, +23 cols
    [CG]   [DIAG] iter=1 posCols=23 newCols=23 effImprove=23 updated=0
    [CG] CG iter 2: obj=160589750.003955, maxRC=10618518.972506, +17 cols
    [CG]   [DIAG] iter=2 posCols=17 newCols=17 effImprove=17 updated=0
    [CG] CG iter 1: obj=143189877.572672, maxRC=59512429.969853, +23 cols
    [CG] CG iter 1: obj=143165052.779683, maxRC=59510787.613995, +23 cols
    [CG] CG iter 1: obj=143201546.462277, maxRC=59510222.261122, +23 cols
    [CG]   [DIAG] iter=1 posCols=23 newCols=23 effImprove=23 updated=0
    [CG]   [DIAG] iter=1 posCols=23 newCols=23 effImprove=23 updated=0
    [CG]   [DIAG] iter=1 posCols=23 newCols=23 effImprove=23 updated=0
    [CG] CG iter 1: obj=143193111.659714, maxRC=59512429.969853, +23 cols
    [CG] CG iter 1: obj=143243622.626655, maxRC=59519752.128890, +23 cols
    [CG] CG iter 1: obj=143255072.532051, maxRC=59519766.154613, +23 cols
    [CG]   [DIAG] iter=1 posCols=23 newCols=23 effImprove=23 updated=0
    [CG]   [DIAG] iter=1 posCols=23 newCols=23 effImprove=23 updated=0
    [CG]   [DIAG] iter=1 posCols=23 newCols=23 effImprove=23 updated=0
    [CG] CG iter 2: obj=160466177.687027, maxRC=10611548.011284, +17 cols
    [CG] CG iter 3: obj=166971643.632151, maxRC=6253680.681552, +12 cols
    [CG]   [DIAG] iter=2 posCols=17 newCols=17 effImprove=17 updated=0
    [CG]   [DIAG] iter=3 posCols=12 newCols=12 effImprove=12 updated=0
    [CG] CG iter 2: obj=160575199.455152, maxRC=10637364.141595, +17 cols
    [CG] CG iter 2: obj=160576815.098303, maxRC=10636191.002019, +17 cols
    [CG] CG iter 2: obj=160609437.283384, maxRC=10616997.263081, +17 cols
    [CG]   [DIAG] iter=2 posCols=17 newCols=17 effImprove=17 updated=0
    [CG]   [DIAG] iter=2 posCols=17 newCols=17 effImprove=17 updated=0
    [CG]   [DIAG] iter=2 posCols=17 newCols=17 effImprove=17 updated=0
    [CG] CG iter 2: obj=160613258.279825, maxRC=10618438.308591, +17 cols
    [CG]   [DIAG] iter=2 posCols=17 newCols=17 effImprove=17 updated=0
    [CG] CG iter 2: obj=160626617.072111, maxRC=10623485.371715, +17 cols
    [CG] CG iter 2: obj=160621858.643114, maxRC=10623481.111465, +17 cols
    [CG]   [DIAG] iter=2 posCols=17 newCols=17 effImprove=17 updated=0
    [CG] CG iter 4: obj=169662134.113233, maxRC=4135323.556381, +5 cols
    [CG]   [DIAG] iter=4 posCols=5 newCols=5 effImprove=5 updated=0
    [CG]   [DIAG] iter=2 posCols=17 newCols=17 effImprove=17 updated=0
    [CG] CG iter 3: obj=166837541.671847, maxRC=6260791.743583, +12 cols
    [CG]   [DIAG] iter=3 posCols=12 newCols=12 effImprove=12 updated=0
    [CG] 列生成收敛，共 5 轮迭代
    [CG] [CG-NODE] depth=0 exit=CERTIFIED certified=1 feasible=1 iters=5 generatedColsBeforeNode=0 newCols=57 posCandidates=57 duplicateCandidates=0 updatedCols=0 zeroObjImproveIters=0 objFirst=143211208.210984 objLast=173884076.628164 objGain=30672868.417180 maxRC=59512429.969853 wallSec=0.016035 pricingSec=0.010857 cplexSolveSec=0.003035
    [CG] CG iter 3: obj=166948533.932932, maxRC=6251112.332878, +12 cols
    [CG] CG iter 3: obj=166950964.218465, maxRC=6251393.132227, +12 cols
    [CG] CG iter 3: obj=166980062.448595, maxRC=6266245.958376, +11 cols
    [CG]   [DIAG] iter=3 posCols=12 newCols=12 effImprove=12 updated=0
    [CG]   [DIAG] iter=3 posCols=12 newCols=12 effImprove=12 updated=0
    [CG]   [DIAG] iter=3 posCols=11 newCols=11 effImprove=11 updated=0
      [BB] 根节点即为整数解，obj=173884076.628164
    [CG] CG iter 3: obj=167008735.619835, maxRC=6255627.113146, +12 cols
    [CG]   [DIAG] iter=3 posCols=12 newCols=12 effImprove=12 updated=0
    [CG] CG iter 3: obj=167018212.416855, maxRC=6256298.830043, +12 cols
    [CG] CG iter 4: obj=169535134.013045, maxRC=4136688.678942, +5 cols
    [CG] CG iter 3: obj=167016189.647296, maxRC=6255308.513446, +12 cols
    [CG]   [DIAG] iter=4 posCols=5 newCols=5 effImprove=5 updated=0
    [CG]   [DIAG] iter=3 posCols=12 newCols=12 effImprove=12 updated=0
    [CG]   [DIAG] iter=3 posCols=12 newCols=12 effImprove=12 updated=0
    [CG] CG iter 4: obj=169642156.932789, maxRC=4129685.388171, +5 cols
    [CG] CG iter 4: obj=169644510.141024, maxRC=4130291.551240, +5 cols
    [CG]   [DIAG] iter=4 posCols=5 newCols=5 effImprove=5 updated=0
    [CG] CG iter 4: obj=169653682.308345, maxRC=4125108.501285, +5 cols
    [CG]   [DIAG] iter=4 posCols=5 newCols=5 effImprove=5 updated=0
    [CG]   [DIAG] iter=4 posCols=5 newCols=5 effImprove=5 updated=0
    [CG] 列生成收敛，共 5 轮迭代
    [CG] [CG-NODE] depth=0 exit=CERTIFIED certified=1 feasible=1 iters=5 generatedColsBeforeNode=0 newCols=57 posCandidates=57 duplicateCandidates=0 updatedCols=0 zeroObjImproveIters=0 objFirst=142958862.239400 objLast=173759218.602226 objGain=30800356.362826 maxRC=59501876.758572 wallSec=0.017779 pricingSec=0.012175 cplexSolveSec=0.003097
    [CG] CG iter 4: obj=169707499.710756, maxRC=4147181.834845, +5 cols
    [CG]   [DIAG] iter=4 posCols=5 newCols=5 effImprove=5 updated=0
    [CG] CG iter 4: obj=169713915.706182, maxRC=4141514.254301, +5 cols
      [BB] 根节点即为整数解，obj=173759218.602226
    [CG]   [DIAG] iter=4 posCols=5 newCols=5 effImprove=5 updated=0
    [CG] CG iter 4: obj=169714627.046387, maxRC=4143815.607241, +5 cols
    [CG]   [DIAG] iter=4 posCols=5 newCols=5 effImprove=5 updated=0
    [CG] 列生成收敛，共 5 轮迭代
    [CG] 列生成收敛，共 5 轮迭代
    [CG] [CG-NODE] depth=0 exit=CERTIFIED certified=1 feasible=1 iters=5 generatedColsBeforeNode=0 newCols=57 posCandidates=57 duplicateCandidates=0 updatedCols=0 zeroObjImproveIters=0 objFirst=143189877.572672 objLast=173858372.836379 objGain=30668495.263707 maxRC=59512429.969853 wallSec=0.017726 pricingSec=0.012208 cplexSolveSec=0.003051
    [CG] [CG-NODE] depth=0 exit=CERTIFIED certified=1 feasible=1 iters=5 generatedColsBeforeNode=0 newCols=57 posCandidates=57 duplicateCandidates=0 updatedCols=0 zeroObjImproveIters=0 objFirst=143165052.779683 objLast=173860981.995204 objGain=30695929.215520 maxRC=59510787.613995 wallSec=0.018016 pricingSec=0.012340 cplexSolveSec=0.003082
    [CG] 列生成收敛，共 5 轮迭代
    [CG] [CG-NODE] depth=0 exit=CERTIFIED certified=1 feasible=1 iters=5 generatedColsBeforeNode=0 newCols=56 posCandidates=56 duplicateCandidates=0 updatedCols=0 zeroObjImproveIters=0 objFirst=143201546.462277 objLast=173872610.364216 objGain=30671063.901940 maxRC=59510222.261122 wallSec=0.017976 pricingSec=0.012310 cplexSolveSec=0.003073
    [CG] 列生成收敛，共 5 轮迭代
    [CG] [CG-NODE] depth=0 exit=CERTIFIED certified=1 feasible=1 iters=5 generatedColsBeforeNode=0 newCols=57 posCandidates=57 duplicateCandidates=0 updatedCols=0 zeroObjImproveIters=0 objFirst=143193111.659714 objLast=173926287.874045 objGain=30733176.214332 maxRC=59512429.969853 wallSec=0.017864 pricingSec=0.012251 cplexSolveSec=0.003012
      [BB] 根节点即为整数解，obj=173858372.836379
      [BB] 根节点即为整数解，obj=173860981.995204
      [BB] 根节点即为整数解，obj=173872610.364216
    [CG] 列生成收敛，共 5 轮迭代
    [CG] [CG-NODE] depth=0 exit=CERTIFIED certified=1 feasible=1 iters=5 generatedColsBeforeNode=0 newCols=57 posCandidates=57 duplicateCandidates=0 updatedCols=0 zeroObjImproveIters=0 objFirst=143243622.626655 objLast=173932302.386574 objGain=30688679.759919 maxRC=59519752.128890 wallSec=0.017923 pricingSec=0.012172 cplexSolveSec=0.003036
    [CG] 列生成收敛，共 5 轮迭代
    [CG] [CG-NODE] depth=0 exit=CERTIFIED certified=1 feasible=1 iters=5 generatedColsBeforeNode=0 newCols=57 posCandidates=57 duplicateCandidates=0 updatedCols=0 zeroObjImproveIters=0 objFirst=143255072.532051 objLast=173933015.885780 objGain=30677943.353729 maxRC=59519766.154613 wallSec=0.017804 pricingSec=0.012099 cplexSolveSec=0.003063
      [BB] 根节点即为整数解，obj=173926287.874045
      [BB] 根节点即为整数解，obj=173932302.386574
      [BB] 根节点即为整数解，obj=173933015.885780
    [CG] 列生成开始，初始列数=128
    [CG] 列生成开始，初始列数=128
    [CG] 列生成开始，初始列数=128
    [CG] 列生成开始，初始列数=128
    [CG] 列生成开始，初始列数=128
    [CG] 列生成开始，初始列数=128
    [CG] 列生成开始，初始列数=128
    [CG] 列生成开始，初始列数=128
    [CG] CG iter 1: obj=143259134.233527, maxRC=59519752.128890, +23 cols
    [CG]   [DIAG] iter=1 posCols=23 newCols=23 effImprove=23 updated=0
    [CG] CG iter 1: obj=143231031.534209, maxRC=59519752.128890, +23 cols
    [CG]   [DIAG] iter=1 posCols=23 newCols=23 effImprove=23 updated=0
    [CG] CG iter 1: obj=142937611.005740, maxRC=59519752.128890, +23 cols
    [CG] CG iter 1: obj=143208939.927082, maxRC=59512429.969853, +23 cols
    [CG] CG iter 2: obj=160626614.962799, maxRC=10623485.371715, +17 cols
    [CG] CG iter 1: obj=143259755.817132, maxRC=59519841.930057, +23 cols
    [CG]   [DIAG] iter=1 posCols=23 newCols=23 effImprove=23 updated=0
    [CG]   [DIAG] iter=2 posCols=17 newCols=17 effImprove=17 updated=0
    [CG]   [DIAG] iter=1 posCols=23 newCols=23 effImprove=23 updated=0
    [CG]   [DIAG] iter=1 posCols=23 newCols=23 effImprove=23 updated=0
    [CG] CG iter 1: obj=143051668.085565, maxRC=59512430.151993, +23 cols
    [CG] CG iter 1: obj=143176321.535182, maxRC=59519766.154613, +23 cols
    [CG] CG iter 1: obj=143208283.606926, maxRC=59512429.969853, +23 cols
    [CG]   [DIAG] iter=1 posCols=23 newCols=23 effImprove=23 updated=0
    [CG]   [DIAG] iter=1 posCols=23 newCols=23 effImprove=23 updated=0
    [CG]   [DIAG] iter=1 posCols=23 newCols=23 effImprove=23 updated=0
    [CG] CG iter 2: obj=160626541.318323, maxRC=10623488.833130, +17 cols
    [CG]   [DIAG] iter=2 posCols=17 newCols=17 effImprove=17 updated=0
    [CG] CG iter 3: obj=167020946.979849, maxRC=6255304.835347, +12 cols
    [CG]   [DIAG] iter=3 posCols=12 newCols=12 effImprove=12 updated=0
    [CG] CG iter 2: obj=160613253.560333, maxRC=10618438.308591, +17 cols
    [CG] CG iter 2: obj=160626618.145570, maxRC=10623494.814960, +17 cols
    [CG] CG iter 2: obj=160304493.385662, maxRC=10623578.445463, +17 cols
    [CG]   [DIAG] iter=2 posCols=17 newCols=17 effImprove=17 updated=0
    [CG]   [DIAG] iter=2 posCols=17 newCols=17 effImprove=17 updated=0
    [CG]   [DIAG] iter=2 posCols=17 newCols=17 effImprove=17 updated=0
    [CG] CG iter 2: obj=160621141.468461, maxRC=10629229.577401, +17 cols
    [CG] CG iter 2: obj=160471808.816491, maxRC=10618438.308591, +17 cols
    [CG] CG iter 4: obj=169719387.355202, maxRC=4143821.491658, +5 cols
    [CG]   [DIAG] iter=4 posCols=5 newCols=5 effImprove=5 updated=0
    [CG]   [DIAG] iter=2 posCols=17 newCols=17 effImprove=17 updated=0
    [CG]   [DIAG] iter=2 posCols=17 newCols=17 effImprove=17 updated=0
    [CG] CG iter 3: obj=167020861.546879, maxRC=6255307.122042, +12 cols
    [CG] CG iter 2: obj=160589334.462698, maxRC=10618448.508245, +17 cols
    [CG]   [DIAG] iter=3 posCols=12 newCols=12 effImprove=12 updated=0
    [CG]   [DIAG] iter=2 posCols=17 newCols=17 effImprove=17 updated=0
    [CG] 列生成收敛，共 5 轮迭代
    [CG] [CG-NODE] depth=0 exit=CERTIFIED certified=1 feasible=1 iters=5 generatedColsBeforeNode=0 newCols=57 posCandidates=57 duplicateCandidates=0 updatedCols=0 zeroObjImproveIters=0 objFirst=143259134.233527 objLast=173937774.035593 objGain=30678639.802066 maxRC=59519752.128890 wallSec=0.018340 pricingSec=0.012382 cplexSolveSec=0.003221
    [CG] CG iter 3: obj=167008730.900343, maxRC=6255627.113146, +12 cols
    [CG] CG iter 3: obj=167020898.349618, maxRC=6255303.971810, +12 cols
    [CG]   [DIAG] iter=3 posCols=12 newCols=12 effImprove=12 updated=0
    [CG] CG iter 3: obj=166698736.402704, maxRC=6255280.948280, +12 cols
      [BB] 根节点即为整数解，obj=173937774.035593
    [CG]   [DIAG] iter=3 posCols=12 newCols=12 effImprove=12 updated=0
    [CG]   [DIAG] iter=3 posCols=12 newCols=12 effImprove=12 updated=0
    [CG] CG iter 4: obj=169719293.722437, maxRC=4143827.050102, +5 cols
    [CG]   [DIAG] iter=4 posCols=5 newCols=5 effImprove=5 updated=0
    [CG] CG iter 3: obj=166867286.156501, maxRC=6255627.113146, +12 cols
    [CG] CG iter 3: obj=166987020.137058, maxRC=6265306.200696, +11 cols
    [CG]   [DIAG] iter=3 posCols=12 newCols=12 effImprove=12 updated=0
    [CG]   [DIAG] iter=3 posCols=11 newCols=11 effImprove=11 updated=0
    [CG] CG iter 4: obj=169707494.991264, maxRC=4147181.834845, +5 cols
    [CG] CG iter 4: obj=169719335.243103, maxRC=4143755.079074, +5 cols
    [CG] CG iter 3: obj=166972906.925038, maxRC=6252843.427202, +12 cols
    [CG] 列生成收敛，共 5 轮迭代
    [CG] [CG-NODE] depth=0 exit=CERTIFIED certified=1 feasible=1 iters=5 generatedColsBeforeNode=0 newCols=57 posCandidates=57 duplicateCandidates=0 updatedCols=0 zeroObjImproveIters=0 objFirst=143231031.534209 objLast=173937687.567331 objGain=30706656.033122 maxRC=59519752.128890 wallSec=0.018659 pricingSec=0.012665 cplexSolveSec=0.003289
    [CG]   [DIAG] iter=4 posCols=5 newCols=5 effImprove=5 updated=0
    [CG]   [DIAG] iter=4 posCols=5 newCols=5 effImprove=5 updated=0
    [CG]   [DIAG] iter=3 posCols=12 newCols=12 effImprove=12 updated=0
    [CG] CG iter 4: obj=169397147.446268, maxRC=4143810.467216, +5 cols
    [CG]   [DIAG] iter=4 posCols=5 newCols=5 effImprove=5 updated=0
      [BB] 根节点即为整数解，obj=173937687.567331
    [CG] CG iter 4: obj=169566050.247423, maxRC=4147181.834845, +5 cols
    [CG] CG iter 4: obj=169660640.767070, maxRC=4118540.812265, +5 cols
    [CG]   [DIAG] iter=4 posCols=5 newCols=5 effImprove=5 updated=0
    [CG]   [DIAG] iter=4 posCols=5 newCols=5 effImprove=5 updated=0
    [CG] 列生成收敛，共 5 轮迭代
    [CG] 列生成收敛，共 5 轮迭代
    [CG] [CG-NODE] depth=0 exit=CERTIFIED certified=1 feasible=1 iters=5 generatedColsBeforeNode=0 newCols=57 posCandidates=57 duplicateCandidates=0 updatedCols=0 zeroObjImproveIters=0 objFirst=143259755.817132 objLast=173937710.713460 objGain=30677954.896328 maxRC=59519841.930057 wallSec=0.018268 pricingSec=0.012488 cplexSolveSec=0.003100
    [CG] [CG-NODE] depth=0 exit=CERTIFIED certified=1 feasible=1 iters=5 generatedColsBeforeNode=0 newCols=57 posCandidates=57 duplicateCandidates=0 updatedCols=0 zeroObjImproveIters=0 objFirst=143208939.927082 objLast=173926283.154553 objGain=30717343.227471 maxRC=59512429.969853 wallSec=0.018499 pricingSec=0.012663 cplexSolveSec=0.003157
      [BB] 根节点即为整数解，obj=173937710.713460
    [CG] 列生成收敛，共 5 轮迭代
      [BB] 根节点即为整数解，obj=173926283.154553
    [CG] [CG-NODE] depth=0 exit=CERTIFIED certified=1 feasible=1 iters=5 generatedColsBeforeNode=0 newCols=57 posCandidates=57 duplicateCandidates=0 updatedCols=0 zeroObjImproveIters=0 objFirst=142937611.005740 objLast=173615518.148449 objGain=30677907.142710 maxRC=59519752.128890 wallSec=0.018990 pricingSec=0.012751 cplexSolveSec=0.003424
    [CG] 列生成收敛，共 5 轮迭代
    [CG] [CG-NODE] depth=0 exit=CERTIFIED certified=1 feasible=1 iters=5 generatedColsBeforeNode=0 newCols=57 posCandidates=57 duplicateCandidates=0 updatedCols=0 zeroObjImproveIters=0 objFirst=143051668.085565 objLast=173784838.410712 objGain=30733170.325146 maxRC=59512430.151993 wallSec=0.018787 pricingSec=0.012666 cplexSolveSec=0.003164
    [CG] 列生成收敛，共 5 轮迭代
      [BB] 根节点即为整数解，obj=173615518.148449
    [CG] [CG-NODE] depth=0 exit=CERTIFIED certified=1 feasible=1 iters=5 generatedColsBeforeNode=0 newCols=56 posCandidates=56 duplicateCandidates=0 updatedCols=0 zeroObjImproveIters=0 objFirst=143176321.535182 objLast=173877324.590063 objGain=30701003.054882 maxRC=59519766.154613 wallSec=0.018635 pricingSec=0.012614 cplexSolveSec=0.003169
      [BB] 根节点即为整数解，obj=173784838.410712
      [BB] 根节点即为整数解，obj=173877324.590063
    [CG] CG iter 4: obj=169665154.811526, maxRC=4136812.921390, +5 cols
    [CG]   [DIAG] iter=4 posCols=5 newCols=5 effImprove=5 updated=0
    [CG] 列生成开始，初始列数=128
    [CG] 列生成收敛，共 5 轮迭代
    [CG] [CG-NODE] depth=0 exit=CERTIFIED certified=1 feasible=1 iters=5 generatedColsBeforeNode=0 newCols=57 posCandidates=57 duplicateCandidates=0 updatedCols=0 zeroObjImproveIters=0 objFirst=143208283.606926 objLast=173887184.389748 objGain=30678900.782823 maxRC=59512429.969853 wallSec=0.020079 pricingSec=0.013069 cplexSolveSec=0.003700
      [BB] 根节点即为整数解，obj=173887184.389748
    [CG] 列生成开始，初始列数=128
    [CG] 列生成开始，初始列数=128
    [CG] 列生成开始，初始列数=128
    [CG] 列生成开始，初始列数=128
    [CG] 列生成开始，初始列数=128
    [CG] 列生成开始，初始列数=128
    [CG] 列生成开始，初始列数=128
    [CG] CG iter 1: obj=143233879.780810, maxRC=59516709.381390, +23 cols
    [CG]   [DIAG] iter=1 posCols=23 newCols=23 effImprove=23 updated=0
    [CG] CG iter 1: obj=143246060.824725, maxRC=59519752.128890, +23 cols
    [CG]   [DIAG] iter=1 posCols=23 newCols=23 effImprove=23 updated=0
    [CG] CG iter 2: obj=160622720.195542, maxRC=10622357.594338, +17 cols
    [CG]   [DIAG] iter=2 posCols=17 newCols=17 effImprove=17 updated=0
    [CG] CG iter 1: obj=143182539.759883, maxRC=59519734.703453, +23 cols
    [CG] CG iter 1: obj=143198949.823593, maxRC=59519752.128890, +23 cols
    [CG]   [DIAG] iter=1 posCols=23 newCols=23 effImprove=23 updated=0
    [CG] CG iter 3: obj=167017185.333468, maxRC=6255394.372675, +12 cols
    [CG]   [DIAG] iter=1 posCols=23 newCols=23 effImprove=23 updated=0
    [CG]   [DIAG] iter=3 posCols=12 newCols=12 effImprove=12 updated=0
    [CG] CG iter 2: obj=160626622.231359, maxRC=10623485.371715, +17 cols
    [CG]   [DIAG] iter=2 posCols=17 newCols=17 effImprove=17 updated=0
    [CG] CG iter 1: obj=143163076.029662, maxRC=59519752.128890, +23 cols
    [CG]   [DIAG] iter=1 posCols=23 newCols=23 effImprove=23 updated=0
    [CG] CG iter 4: obj=169715727.902371, maxRC=4144515.386295, +5 cols
    [CG] CG iter 1: obj=142996448.593040, maxRC=59506522.827720, +23 cols
    [CG]   [DIAG] iter=4 posCols=5 newCols=5 effImprove=5 updated=0
    [CG]   [DIAG] iter=1 posCols=23 newCols=23 effImprove=23 updated=0
    [CG] CG iter 1: obj=143253029.061384, maxRC=59519403.483036, +23 cols
    [CG] 列生成收敛，共 5 轮迭代
    [CG] [CG-NODE] depth=0 exit=CERTIFIED certified=1 feasible=1 iters=5 generatedColsBeforeNode=0 newCols=57 posCandidates=57 duplicateCandidates=0 updatedCols=0 zeroObjImproveIters=0 objFirst=143233879.780810 objLast=173934150.397530 objGain=30700270.616720 maxRC=59516709.381390 wallSec=0.011290 pricingSec=0.007593 cplexSolveSec=0.001982
    [CG] CG iter 1: obj=142914771.895876, maxRC=59468056.961911, +23 cols
    [CG]   [DIAG] iter=1 posCols=23 newCols=23 effImprove=23 updated=0
      [BB] 根节点即为整数解，obj=173934150.397530
    [CG] CG iter 3: obj=167016366.433373, maxRC=6257050.418186, +12 cols
    [CG]   [DIAG] iter=1 posCols=23 newCols=23 effImprove=23 updated=0
    [CG]   [DIAG] iter=3 posCols=12 newCols=12 effImprove=12 updated=0
    [CG] CG iter 2: obj=160590026.046604, maxRC=10623578.445463, +17 cols
    [CG] CG iter 2: obj=160603207.197955, maxRC=10623469.392767, +17 cols
    [CG]   [DIAG] iter=2 posCols=17 newCols=17 effImprove=17 updated=0
    [CG]   [DIAG] iter=2 posCols=17 newCols=17 effImprove=17 updated=0
    [CG] CG iter 2: obj=160626591.718929, maxRC=10623463.187850, +17 cols
    [CG]   [DIAG] iter=2 posCols=17 newCols=17 effImprove=17 updated=0
    [CG] CG iter 4: obj=169710217.449175, maxRC=4139839.711532, +5 cols
    [CG]   [DIAG] iter=4 posCols=5 newCols=5 effImprove=5 updated=0
    [CG] CG iter 2: obj=160624941.147059, maxRC=10623545.013244, +17 cols
    [CG]   [DIAG] iter=2 posCols=17 newCols=17 effImprove=17 updated=0
    [CG] CG iter 2: obj=160626090.708871, maxRC=10623488.833130, +17 cols
    [CG]   [DIAG] iter=2 posCols=17 newCols=17 effImprove=17 updated=0
    [CG] CG iter 2: obj=160560766.796820, maxRC=10598788.758002, +17 cols
    [CG] 列生成收敛，共 5 轮迭代
    [CG] [CG-NODE] depth=0 exit=CERTIFIED certified=1 feasible=1 iters=5 generatedColsBeforeNode=0 newCols=57 posCandidates=57 duplicateCandidates=0 updatedCols=0 zeroObjImproveIters=0 objFirst=143246060.824725 objLast=173928607.993701 objGain=30682547.168976 maxRC=59519752.128890 wallSec=0.017584 pricingSec=0.011961 cplexSolveSec=0.003036
    [CG]   [DIAG] iter=2 posCols=17 newCols=17 effImprove=17 updated=0
    [CG] CG iter 3: obj=166970229.322135, maxRC=6249416.758468, +12 cols
    [CG] CG iter 3: obj=166988588.168460, maxRC=6251612.671981, +12 cols
    [CG]   [DIAG] iter=3 posCols=12 newCols=12 effImprove=12 updated=0
      [BB] 根节点即为整数解，obj=173928607.993701
    [CG]   [DIAG] iter=3 posCols=12 newCols=12 effImprove=12 updated=0
    [CG] 列生成开始，初始列数=128
    [CG] CG iter 3: obj=167020926.343304, maxRC=6255309.804712, +12 cols
    [CG]   [DIAG] iter=3 posCols=12 newCols=12 effImprove=12 updated=0
    [CG] CG iter 3: obj=167013699.974589, maxRC=6257132.537437, +12 cols
    [CG]   [DIAG] iter=3 posCols=12 newCols=12 effImprove=12 updated=0
    [CG] CG iter 4: obj=169662799.013539, maxRC=4131414.001365, +5 cols
    [CG]   [DIAG] iter=4 posCols=5 newCols=5 effImprove=5 updated=0
    [CG] CG iter 4: obj=169683326.427914, maxRC=4135976.289693, +5 cols
    [CG] CG iter 3: obj=167020410.826382, maxRC=6255306.227967, +12 cols
    [CG]   [DIAG] iter=4 posCols=5 newCols=5 effImprove=5 updated=0
    [CG]   [DIAG] iter=3 posCols=12 newCols=12 effImprove=12 updated=0
    [CG] CG iter 3: obj=166961489.325065, maxRC=6256733.312959, +12 cols
    [CG]   [DIAG] iter=3 posCols=12 newCols=12 effImprove=12 updated=0
    [CG] CG iter 4: obj=169719355.980477, maxRC=4143831.704881, +5 cols
    [CG]   [DIAG] iter=4 posCols=5 newCols=5 effImprove=5 updated=0
    [CG] 列生成收敛，共 5 轮迭代
    [CG] 列生成收敛，共 5 轮迭代
    [CG] [CG-NODE] depth=0 exit=CERTIFIED certified=1 feasible=1 iters=5 generatedColsBeforeNode=0 newCols=57 posCandidates=57 duplicateCandidates=0 updatedCols=0 zeroObjImproveIters=0 objFirst=143198949.823593 objLast=173904892.768804 objGain=30705942.945211 maxRC=59519752.128890 wallSec=0.019073 pricingSec=0.012877 cplexSolveSec=0.003441
    [CG] [CG-NODE] depth=0 exit=CERTIFIED certified=1 feasible=1 iters=5 generatedColsBeforeNode=0 newCols=57 posCandidates=57 duplicateCandidates=0 updatedCols=0 zeroObjImproveIters=0 objFirst=143182539.759883 objLast=173886203.915221 objGain=30703664.155338 maxRC=59519734.703453 wallSec=0.018098 pricingSec=0.012920 cplexSolveSec=0.003057
    [CG] CG iter 4: obj=169706983.972516, maxRC=4139015.541389, +5 cols
    [CG]   [DIAG] iter=4 posCols=5 newCols=5 effImprove=5 updated=0
    [CG] CG iter 4: obj=169718842.107865, maxRC=4143826.483827, +5 cols
      [BB] 根节点即为整数解，obj=173904892.768804
      [BB] 根节点即为整数解，obj=173886203.915221
    [CG]   [DIAG] iter=4 posCols=5 newCols=5 effImprove=5 updated=0
    [CG] 列生成收敛，共 5 轮迭代
    [CG] [CG-NODE] depth=0 exit=CERTIFIED certified=1 feasible=1 iters=5 generatedColsBeforeNode=0 newCols=57 posCandidates=57 duplicateCandidates=0 updatedCols=0 zeroObjImproveIters=0 objFirst=143163076.029662 objLast=173937755.750083 objGain=30774679.720421 maxRC=59519752.128890 wallSec=0.018742 pricingSec=0.012670 cplexSolveSec=0.003360
    [CG] CG iter 4: obj=169661344.592550, maxRC=4161170.339840, +5 cols
    [CG]   [DIAG] iter=4 posCols=5 newCols=5 effImprove=5 updated=0
      [BB] 根节点即为整数解，obj=173937755.750083
    [CG] 列生成收敛，共 5 轮迭代
    [CG] 列生成收敛，共 5 轮迭代
    [CG] [CG-NODE] depth=0 exit=CERTIFIED certified=1 feasible=1 iters=5 generatedColsBeforeNode=0 newCols=57 posCandidates=57 duplicateCandidates=0 updatedCols=0 zeroObjImproveIters=0 objFirst=142996448.593040 objLast=173925468.403173 objGain=30929019.810133 maxRC=59506522.827720 wallSec=0.019020 pricingSec=0.012934 cplexSolveSec=0.003396
    [CG] [CG-NODE] depth=0 exit=CERTIFIED certified=1 feasible=1 iters=5 generatedColsBeforeNode=0 newCols=57 posCandidates=57 duplicateCandidates=0 updatedCols=0 zeroObjImproveIters=0 objFirst=143253029.061384 objLast=173937236.656417 objGain=30684207.595033 maxRC=59519403.483036 wallSec=0.018667 pricingSec=0.012635 cplexSolveSec=0.003270
    [CG] 列生成收敛，共 5 轮迭代
    [CG] [CG-NODE] depth=0 exit=CERTIFIED certified=1 feasible=1 iters=5 generatedColsBeforeNode=0 newCols=57 posCandidates=57 duplicateCandidates=0 updatedCols=0 zeroObjImproveIters=0 objFirst=142914771.895876 objLast=173882132.743707 objGain=30967360.847831 maxRC=59468056.961911 wallSec=0.018713 pricingSec=0.012646 cplexSolveSec=0.003288
      [BB] 根节点即为整数解，obj=173925468.403173
      [BB] 根节点即为整数解，obj=173937236.656417
      [BB] 根节点即为整数解，obj=173882132.743707
    [CG] CG iter 1: obj=143220445.404676, maxRC=59519766.154613, +23 cols
    [CG]   [DIAG] iter=1 posCols=23 newCols=23 effImprove=23 updated=0
    [CG] CG iter 2: obj=160602640.515723, maxRC=10623584.384866, +17 cols
    [CG]   [DIAG] iter=2 posCols=17 newCols=17 effImprove=17 updated=0
    [CG] CG iter 3: obj=166985223.859217, maxRC=6252594.238534, +12 cols
    [CG]   [DIAG] iter=3 posCols=12 newCols=12 effImprove=12 updated=0
    [CG] CG iter 4: obj=169677237.831589, maxRC=4133632.115225, +5 cols
    [CG]   [DIAG] iter=4 posCols=5 newCols=5 effImprove=5 updated=0
    [CG] 列生成收敛，共 5 轮迭代
    [CG] [CG-NODE] depth=0 exit=CERTIFIED certified=1 feasible=1 iters=5 generatedColsBeforeNode=0 newCols=57 posCandidates=57 duplicateCandidates=0 updatedCols=0 zeroObjImproveIters=0 objFirst=143220445.404676 objLast=173898774.949986 objGain=30678329.545310 maxRC=59519766.154613 wallSec=0.016594 pricingSec=0.011767 cplexSolveSec=0.002646
      [BB] 根节点即为整数解，obj=173898774.949986
[GA] 代数 10: Best=173966659.72, Avg=173922137.10, Worst=173644403.83, Valid=30/30, 耗时=0.07s (连续10代未提升 → 提前停止)
  ├─ 求解: 30 个体 fork 并行 | CG迭代=125 加列=1423 BB分支=0
  ├─ 并行墙钟=0.0734s | 串行等效(ΣBP)=0.4558s | 加速比=6.21x
  ├─ 管理开销=-0.3824s (fork=0.0034 wait=0.0695 merge=0.0003)
  └─ CG明细: gen_logs/run_gen10_ind{0..29}.log

========== 遗传算法完成 ==========
总耗时: 0.56089s
最优适应度: 173966659.72
最优w: w0=0.00 w1=0.00 w2=0.00 w3=0.01 w4=0.00 w5=0.05 w6=0.00 w7=0.00 

========== 并行效率总报告 ==========
并行代数            : 11
并行墙钟(累计)      : 0.5570s
串行等效(ΣBP累计)   : 3.4284s
净管理开销          : -2.8715s (-515.5%)
  ├─ fork  : 0.0353s
  ├─ wait  : 0.5180s
  └─ merge : 0.0030s
加速比              : 6.16x
结论: 加速比 > 1，并行有效收益。
====================================

--- 最优解详细结果 ---
FORMAL_PASS seed=202 distance=15.00 profit=173966659.72 wall=0.58
