
      ========== [环节4/5] 列生成 CG（RMP + 定价子问题迭代求 LP 松弛） ==========
        设计: CPLEX 增量式 RMP(动态加列，不重建模型) ↔ 逐 DC 定价生成负 RC 新列
        定价并行: 否(串行逐DC) | DC 数=8 | 定价线程=4(上限pricing_threads=4)[未启用,parallel_pricing=false]
        核预算: core_budget=0(0=不限制) | GA并发进程数=见num_threads | 峰值占核=GA进程×定价线程
        RMP求解: CPLEX线程=1(cplex_threads=1)[GA并行时子进程强制回退1避免过度订阅]
        收敛: 最大迭代=2000 | tailing-off 早停=否(连续20轮改善<1e-06) | RC 阈值=1e-06
        优化: 每DC持久 PricingSolver(缓存跨迭代保留) + 持久线程池(不再每轮建销)

      ========== [环节5/5] 定价子问题 PS（每DC生成最大负 RC 列，本次瓶颈~83%） ==========
        算法: Simplified候选 + Algorithm3完整校验
        无损缓存: cachedBestCols仅提供 incumbent/上界剪枝，不跳过完整定价
        完整定价: 候选价格(保留价去重)×两点组合 O(候选价×n_neg²×numRetailer)

    ========== [环节3/5] 分支定界 BB（DFS 深度优先，恢复整数解） ==========
      设计: 根节点列生成求 LP → 按 x_ij(DC-零售商对)分数值分支 → 左 x_ij=0 / 右 x_ij=1
      策略: 深度优先(DFS 栈) | 选最大分数化变量分支 | LP≤下界则剪枝
      认证: 所有节点严格列生成 | 目标gap=0 | 最大节点数=10000 | 时间上限=600s
      资源限制仅改变求解状态，不允许LP值冒充整数可行解

  ========== [环节2/5] 分支定价 BP（固定 w_j 下精确求解整数规划） ==========
    设计: 列生成(求 LP 松弛) + 分支定界(恢复整数) = 分支定价
    收尾: 内层列利润已包含减排投资成本；BP整数结果完成后仅加回碳配额常数收益
    优化: fitnessCache 仅复用相同 w 的认证最优结果；未认证结果再次出现时重算
    投资成本模型: ½δw²D^γ, γ=0.500000
    投资成本处理: 列内扣除(新)

========== [环节1/5] 遗传算法 GA（外层：对减排率 w_j 编码搜索） ==========
  设计: 二进制编码 w_j → 轮盘赌选择 → 两点交叉 → 按位变异 → 精英保留
  配置: 种群=30 | 最大代数=50 | 编码位数=10/DC | 基因总长=80
        交叉率=0.7 | 逐位变异率=0.0125(自适应1/L) | 精英保留=是 | w范围=[0,1]
        提前停止=是 | 连续未提升阈值=10代 | 提升容差=0.001
  优化: 二进制解码查表(替代 std::pow) | 相同 w 仅复用认证最优的BP缓存

  +--------------- [并行诊断] 适应度评估层（GA 第4层外层） ---------------
  | 评估任务: 每代对 30 个个体各调用一次分支定价 BP.solve(w)（含 CG->定价->BB）
  | 并行三条件:
  |   1) parallel_fitness = true   [满足]
  |   2) population_size > 1 : 30   [满足]
  |   3) num_threads > 1 : 配置=8 -> 实际=8（0 表示自动取 CPU 核数=36）   [满足]
  +---------------------------------------------------------------
  | >>> 当前模式: 【并行】GA 适应度评估层 fork 进程级并行
  |     并发度: 8 个子进程同时运行（个体总数 30，分批调度）
  |     隔离方式: 每个体 fork() 独立子进程 + Instance.deepCopy() 深拷贝
  |               （不共享求解器，各持独立 BranchAndPrice，无锁无竞争）
  |     结果回传: 子进程算完经管道 pipe() 回传 fitness 及 BP/CG/PS 计时
  |     下层状态: 每个子进程内部 BP->CG->定价PS->BB 全部【串行】
  |     计时口径: 并行时 BP/CG/PS 取墙钟聚合，避免子进程 CPU 时间累加超过总时间
  | 注: 定价子问题 PS 并行开关 parallel_pricing=false —— true 时并行逐DC，false 时串行逐DC；线程数配置在 CG 环节横幅始终展示，仅 false 时不生效）
  +---------------------------------------------------------------
    [CG] 列生成开始，初始列数=128
    [CG] 列生成开始，初始列数=128
    [CG] 列生成开始，初始列数=128
    [CG] 列生成开始，初始列数=128
    [CG] 列生成开始，初始列数=128
    [CG] 列生成开始，初始列数=128
    [CG] 列生成开始，初始列数=128
    [CG] 列生成开始，初始列数=128
    [CG] CG iter 1: obj=142731360.312807, maxRC=59299207.582121, +23 cols
    [CG] CG iter 1: obj=143259837.358392, maxRC=59519752.128890, +23 cols
    [CG] CG iter 1: obj=142354991.124662, maxRC=59386336.941352, +23 cols
    [CG]   [DIAG] iter=1 posCols=23 newCols=23 effImprove=23 updated=0
    [CG]   [DIAG] iter=1 posCols=23 newCols=23 effImprove=23 updated=0
    [CG] CG iter 1: obj=142579060.040376, maxRC=59504987.989038, +23 cols
    [CG] CG iter 1: obj=142129135.003372, maxRC=59425093.049609, +23 cols
    [CG] CG iter 1: obj=142222483.147859, maxRC=59492227.670169, +23 cols
    [CG] CG iter 1: obj=143072809.078946, maxRC=59519294.038099, +23 cols
    [CG]   [DIAG] iter=1 posCols=23 newCols=23 effImprove=23 updated=0
    [CG]   [DIAG] iter=1 posCols=23 newCols=23 effImprove=23 updated=0
    [CG]   [DIAG] iter=1 posCols=23 newCols=23 effImprove=23 updated=0
    [CG] CG iter 1: obj=142009126.797037, maxRC=59509661.437655, +23 cols
    [CG]   [DIAG] iter=1 posCols=23 newCols=23 effImprove=23 updated=0
    [CG]   [DIAG] iter=1 posCols=23 newCols=23 effImprove=23 updated=0
    [CG]   [DIAG] iter=1 posCols=23 newCols=23 effImprove=23 updated=0
    [CG] CG iter 2: obj=159934909.020116, maxRC=10490215.723670, +17 cols
    [CG] CG iter 2: obj=160626609.885663, maxRC=10623485.371715, +17 cols
    [CG]   [DIAG] iter=2 posCols=17 newCols=17 effImprove=17 updated=0
    [CG]   [DIAG] iter=2 posCols=17 newCols=17 effImprove=17 updated=0
    [CG] CG iter 2: obj=160202861.290089, maxRC=9541383.123616, +17 cols
    [CG] CG iter 2: obj=159870848.381175, maxRC=10551424.299360, +17 cols
    [CG]   [DIAG] iter=2 posCols=17 newCols=17 effImprove=17 updated=0
    [CG]   [DIAG] iter=2 posCols=17 newCols=17 effImprove=17 updated=0
    [CG] CG iter 2: obj=159651989.833043, maxRC=10674729.752825, +17 cols
    [CG] CG iter 2: obj=160180856.309114, maxRC=10618837.480795, +17 cols
    [CG] CG iter 2: obj=160491346.629554, maxRC=10723445.386185, +17 cols
    [CG]   [DIAG] iter=2 posCols=17 newCols=17 effImprove=17 updated=0
    [CG]   [DIAG] iter=2 posCols=17 newCols=17 effImprove=17 updated=0
    [CG]   [DIAG] iter=2 posCols=17 newCols=17 effImprove=17 updated=0
    [CG] CG iter 2: obj=159747635.579385, maxRC=10723139.298882, +17 cols
    [CG]   [DIAG] iter=2 posCols=17 newCols=17 effImprove=17 updated=0
    [CG] CG iter 3: obj=166341495.647364, maxRC=6254275.472071, +12 cols
    [CG]   [DIAG] iter=3 posCols=12 newCols=12 effImprove=12 updated=0
    [CG] CG iter 3: obj=167020930.268672, maxRC=6255295.270771, +12 cols
    [CG] CG iter 3: obj=166228767.274146, maxRC=6252865.122893, +12 cols
    [CG] CG iter 3: obj=166053031.334759, maxRC=7331822.075493, +15 cols
    [CG]   [DIAG] iter=3 posCols=12 newCols=12 effImprove=12 updated=0
    [CG]   [DIAG] iter=3 posCols=12 newCols=12 effImprove=12 updated=0
    [CG]   [DIAG] iter=3 posCols=15 newCols=15 effImprove=15 updated=0
    [CG] CG iter 3: obj=166444671.187426, maxRC=6255879.825293, +11 cols
    [CG] CG iter 3: obj=166821277.200585, maxRC=6239789.768899, +12 cols
    [CG] CG iter 3: obj=165852860.903232, maxRC=6241411.520001, +11 cols
    [CG]   [DIAG] iter=3 posCols=11 newCols=11 effImprove=11 updated=0
    [CG]   [DIAG] iter=3 posCols=12 newCols=12 effImprove=12 updated=0
    [CG]   [DIAG] iter=3 posCols=11 newCols=11 effImprove=11 updated=0
    [CG] CG iter 3: obj=165899656.174230, maxRC=6234521.414203, +11 cols
    [CG]   [DIAG] iter=3 posCols=11 newCols=11 effImprove=11 updated=0
    [CG] CG iter 4: obj=169039495.872254, maxRC=4224232.032849, +5 cols
    [CG]   [DIAG] iter=4 posCols=5 newCols=5 effImprove=5 updated=0
    [CG] CG iter 4: obj=169719358.461118, maxRC=4143805.047541, +5 cols
    [CG] CG iter 4: obj=168921367.741937, maxRC=4159818.816871, +5 cols
    [CG] CG iter 4: obj=173384853.410252, maxRC=1584812.792243, +7 cols
    [CG]   [DIAG] iter=4 posCols=5 newCols=5 effImprove=5 updated=0
    [CG]   [DIAG] iter=4 posCols=5 newCols=5 effImprove=5 updated=0
    [CG]   [DIAG] iter=4 posCols=7 newCols=7 effImprove=7 updated=0
    [CG] CG iter 4: obj=169528904.185159, maxRC=4098516.126562, +7 cols
    [CG] CG iter 4: obj=168464846.439949, maxRC=4010552.243227, +5 cols
    [CG] CG iter 4: obj=169060089.973723, maxRC=4031920.062272, +5 cols
    [CG]   [DIAG] iter=4 posCols=7 newCols=7 effImprove=7 updated=0
    [CG]   [DIAG] iter=4 posCols=5 newCols=5 effImprove=5 updated=0
    [CG]   [DIAG] iter=4 posCols=5 newCols=5 effImprove=5 updated=0
    [CG] CG iter 4: obj=168481532.313973, maxRC=3938535.142225, +5 cols
    [CG]   [DIAG] iter=4 posCols=5 newCols=5 effImprove=5 updated=0
    [CG] 列生成收敛，共 5 轮迭代
    [CG] [CG-NODE] depth=0 exit=CERTIFIED certified=1 feasible=1 iters=5 generatedColsBeforeNode=0 newCols=57 posCandidates=57 duplicateCandidates=0 updatedCols=0 zeroObjImproveIters=0 objFirst=142731360.312807 objLast=173277512.044110 objGain=30546151.731303 maxRC=59299207.582121 wallSec=0.016805 pricingSec=0.011318 cplexSolveSec=0.002779
    [CG] 列生成收敛，共 5 轮迭代
    [CG] [CG-NODE] depth=0 exit=CERTIFIED certified=1 feasible=1 iters=5 generatedColsBeforeNode=0 newCols=57 posCandidates=57 duplicateCandidates=0 updatedCols=0 zeroObjImproveIters=0 objFirst=143259837.358392 objLast=173937754.548989 objGain=30677917.190597 maxRC=59519752.128890 wallSec=0.017044 pricingSec=0.011517 cplexSolveSec=0.002836
    [CG] CG iter 5: obj=173384853.410252, maxRC=179146.109333, +1 cols
    [CG] 列生成收敛，共 5 轮迭代
    [CG]   [DIAG] iter=5 posCols=1 newCols=1 effImprove=1 updated=0
    [CG] [CG-NODE] depth=0 exit=CERTIFIED certified=1 feasible=1 iters=5 generatedColsBeforeNode=0 newCols=57 posCandidates=57 duplicateCandidates=0 updatedCols=0 zeroObjImproveIters=0 objFirst=142354991.124662 objLast=173160047.637192 objGain=30805056.512530 maxRC=59386336.941352 wallSec=0.016890 pricingSec=0.011335 cplexSolveSec=0.002800
      [BB] 根节点即为整数解，obj=173277512.044110
    [CG] 列生成收敛，共 5 轮迭代
    [CG] 列生成收敛，共 5 轮迭代
    [CG] [CG-NODE] depth=0 exit=CERTIFIED certified=1 feasible=1 iters=5 generatedColsBeforeNode=0 newCols=56 posCandidates=56 duplicateCandidates=0 updatedCols=0 zeroObjImproveIters=0 objFirst=142129135.003372 objLast=172685246.530706 objGain=30556111.527335 maxRC=59425093.049609 wallSec=0.016890 pricingSec=0.011412 cplexSolveSec=0.002794
    [CG] [CG-NODE] depth=0 exit=CERTIFIED certified=1 feasible=1 iters=5 generatedColsBeforeNode=0 newCols=59 posCandidates=59 duplicateCandidates=0 updatedCols=0 zeroObjImproveIters=0 objFirst=143072809.078946 objLast=173721130.770669 objGain=30648321.691722 maxRC=59519294.038099 wallSec=0.016663 pricingSec=0.011165 cplexSolveSec=0.002822
    [CG] 列生成收敛，共 5 轮迭代
    [CG] [CG-NODE] depth=0 exit=CERTIFIED certified=1 feasible=1 iters=5 generatedColsBeforeNode=0 newCols=56 posCandidates=56 duplicateCandidates=0 updatedCols=0 zeroObjImproveIters=0 objFirst=142222483.147859 objLast=173303886.105494 objGain=31081402.957636 maxRC=59492227.670169 wallSec=0.016565 pricingSec=0.011149 cplexSolveSec=0.002787
      [BB] 根节点即为整数解，obj=173937754.548989
      [BB] 根节点即为整数解，obj=173160047.637192
    [CG] 列生成收敛，共 5 轮迭代
    [CG] [CG-NODE] depth=0 exit=CERTIFIED certified=1 feasible=1 iters=5 generatedColsBeforeNode=0 newCols=56 posCandidates=56 duplicateCandidates=0 updatedCols=0 zeroObjImproveIters=0 objFirst=142009126.797037 objLast=172706796.125077 objGain=30697669.328040 maxRC=59509661.437655 wallSec=0.016639 pricingSec=0.011212 cplexSolveSec=0.002813
      [BB] 根节点即为整数解，obj=172685246.530706
      [BB] 根节点即为整数解，obj=173721130.770669
      [BB] 根节点即为整数解，obj=173303886.105494
      [BB] 根节点即为整数解，obj=172706796.125077
    [CG] 列生成收敛，共 6 轮迭代
    [CG] [CG-NODE] depth=0 exit=CERTIFIED certified=1 feasible=1 iters=6 generatedColsBeforeNode=0 newCols=63 posCandidates=63 duplicateCandidates=0 updatedCols=0 zeroObjImproveIters=2 objFirst=142579060.040376 objLast=173384853.410252 objGain=30805793.369876 maxRC=59504987.989038 wallSec=0.017292 pricingSec=0.011609 cplexSolveSec=0.002959
      [BB] 根节点即为整数解，obj=173384853.410252
    [CG] 列生成开始，初始列数=128
    [CG] 列生成开始，初始列数=128
    [CG] 列生成开始，初始列数=128
    [CG] 列生成开始，初始列数=128
    [CG] 列生成开始，初始列数=128
    [CG] 列生成开始，初始列数=128
    [CG] 列生成开始，初始列数=128
    [CG] 列生成开始，初始列数=128
    [CG] CG iter 1: obj=141927762.353973, maxRC=58944793.881706, +23 cols
    [CG] CG iter 1: obj=142154420.234900, maxRC=59516338.434304, +23 cols
    [CG]   [DIAG] iter=1 posCols=23 newCols=23 effImprove=23 updated=0
    [CG]   [DIAG] iter=1 posCols=23 newCols=23 effImprove=23 updated=0
    [CG] CG iter 1: obj=142948338.446846, maxRC=59517082.217684, +23 cols
    [CG]   [DIAG] iter=1 posCols=23 newCols=23 effImprove=23 updated=0
    [CG] CG iter 1: obj=141629211.919718, maxRC=59144324.512360, +23 cols
    [CG]   [DIAG] iter=1 posCols=23 newCols=23 effImprove=23 updated=0
    [CG] CG iter 1: obj=141852647.732224, maxRC=59453047.271917, +23 cols
    [CG] CG iter 2: obj=159047508.880951, maxRC=10324267.691927, +17 cols
    [CG]   [DIAG] iter=2 posCols=17 newCols=17 effImprove=17 updated=0
    [CG] CG iter 2: obj=159823151.417542, maxRC=6835832.666991, +15 cols
    [CG]   [DIAG] iter=2 posCols=15 newCols=15 effImprove=15 updated=0
    [CG]   [DIAG] iter=1 posCols=23 newCols=23 effImprove=23 updated=0
    [CG] CG iter 3: obj=172780910.668167, maxRC=1846717.365417, +6 cols
    [CG] CG iter 2: obj=160449193.846755, maxRC=10624064.869288, +17 cols
    [CG]   [DIAG] iter=3 posCols=6 newCols=6 effImprove=6 updated=0
    [CG]   [DIAG] iter=2 posCols=17 newCols=17 effImprove=17 updated=0
    [CG] CG iter 2: obj=159116202.272623, maxRC=10400597.350835, +16 cols
    [CG]   [DIAG] iter=2 posCols=16 newCols=16 effImprove=16 updated=0
    [CG] CG iter 3: obj=165421148.805354, maxRC=6286343.610843, +11 cols
    [CG]   [DIAG] iter=3 posCols=11 newCols=11 effImprove=11 updated=0
    [CG] CG iter 4: obj=172780910.668167, maxRC=160427.548349, +3 cols
    [CG]   [DIAG] iter=4 posCols=3 newCols=3 effImprove=3 updated=0
    [CG] CG iter 2: obj=159805913.860700, maxRC=10591850.234434, +16 cols
    [CG]   [DIAG] iter=2 posCols=16 newCols=16 effImprove=16 updated=0
    [CG] CG iter 4: obj=168093326.294406, maxRC=4312293.020568, +5 cols
    [CG] 列生成收敛，共 5 轮迭代
    [CG]   [DIAG] iter=4 posCols=5 newCols=5 effImprove=5 updated=0
    [CG] [CG-NODE] depth=0 exit=CERTIFIED certified=1 feasible=1 iters=5 generatedColsBeforeNode=0 newCols=47 posCandidates=47 duplicateCandidates=0 updatedCols=0 zeroObjImproveIters=2 objFirst=142154420.234900 objLast=172780910.668167 objGain=30626490.433267 maxRC=59516338.434304 wallSec=0.009405 pricingSec=0.005760 cplexSolveSec=0.001780
    [CG] CG iter 3: obj=166801998.770004, maxRC=6242744.738403, +12 cols
    [CG]   [DIAG] iter=3 posCols=12 newCols=12 effImprove=12 updated=0
      [BB] 根节点即为整数解，obj=172780910.668167
    [CG] CG iter 3: obj=163135901.272949, maxRC=4986186.216447, +14 cols
    [CG]   [DIAG] iter=3 posCols=14 newCols=14 effImprove=14 updated=0
    [CG] 列生成收敛，共 5 轮迭代
    [CG] [CG-NODE] depth=0 exit=CERTIFIED certified=1 feasible=1 iters=5 generatedColsBeforeNode=0 newCols=56 posCandidates=56 duplicateCandidates=0 updatedCols=0 zeroObjImproveIters=0 objFirst=141927762.353973 objLast=172405619.314974 objGain=30477856.961001 maxRC=58944793.881706 wallSec=0.009686 pricingSec=0.006036 cplexSolveSec=0.001821
      [BB] 根节点即为整数解，obj=172405619.314974
    [CG] CG iter 4: obj=169480754.356815, maxRC=4107752.481147, +5 cols
    [CG]   [DIAG] iter=4 posCols=5 newCols=5 effImprove=5 updated=0
    [CG] CG iter 3: obj=163604573.229217, maxRC=5103883.798693, +14 cols
    [CG] CG iter 4: obj=172343490.560818, maxRC=2616785.484881, +5 cols
    [CG]   [DIAG] iter=4 posCols=5 newCols=5 effImprove=5 updated=0
    [CG]   [DIAG] iter=3 posCols=14 newCols=14 effImprove=14 updated=0
    [CG] 列生成收敛，共 5 轮迭代
    [CG] [CG-NODE] depth=0 exit=CERTIFIED certified=1 feasible=1 iters=5 generatedColsBeforeNode=0 newCols=57 posCandidates=57 duplicateCandidates=0 updatedCols=0 zeroObjImproveIters=0 objFirst=142948338.446846 objLast=173711762.560660 objGain=30763424.113814 maxRC=59517082.217684 wallSec=0.010275 pricingSec=0.006474 cplexSolveSec=0.001900
      [BB] 根节点即为整数解，obj=173711762.560660
    [CG] CG iter 5: obj=172343490.560818, maxRC=401356.177289, +1 cols
    [CG]   [DIAG] iter=5 posCols=1 newCols=1 effImprove=1 updated=0
    [CG] CG iter 4: obj=172903375.754704, maxRC=2665804.207487, +6 cols
    [CG]   [DIAG] iter=4 posCols=6 newCols=6 effImprove=6 updated=0
    [CG] 列生成收敛，共 6 轮迭代
    [CG] [CG-NODE] depth=0 exit=CERTIFIED certified=1 feasible=1 iters=6 generatedColsBeforeNode=0 newCols=59 posCandidates=59 duplicateCandidates=0 updatedCols=0 zeroObjImproveIters=2 objFirst=141629211.919718 objLast=172343490.560818 objGain=30714278.641100 maxRC=59144324.512360 wallSec=0.010757 pricingSec=0.006737 cplexSolveSec=0.002067
      [BB] 根节点即为整数解，obj=172343490.560818
    [CG] CG iter 5: obj=172903375.754704, maxRC=536007.753318, +2 cols
    [CG]   [DIAG] iter=5 posCols=2 newCols=2 effImprove=2 updated=0
    [CG] 列生成开始，初始列数=128
    [CG] 列生成收敛，共 6 轮迭代
    [CG] [CG-NODE] depth=0 exit=CERTIFIED certified=1 feasible=1 iters=6 generatedColsBeforeNode=0 newCols=61 posCandidates=61 duplicateCandidates=0 updatedCols=0 zeroObjImproveIters=2 objFirst=141852647.732224 objLast=172903375.754704 objGain=31050728.022480 maxRC=59453047.271917 wallSec=0.011391 pricingSec=0.007007 cplexSolveSec=0.002277
      [BB] 根节点即为整数解，obj=172903375.754704
    [CG] 列生成开始，初始列数=128
    [CG] CG iter 1: obj=141798818.176220, maxRC=59384792.544639, +23 cols
    [CG]   [DIAG] iter=1 posCols=23 newCols=23 effImprove=23 updated=0
    [CG] CG iter 1: obj=142568876.254626, maxRC=59380405.354143, +23 cols
    [CG]   [DIAG] iter=1 posCols=23 newCols=23 effImprove=23 updated=0
    [CG] CG iter 1: obj=143013333.791232, maxRC=59500438.846903, +23 cols
    [CG]   [DIAG] iter=1 posCols=23 newCols=23 effImprove=23 updated=0
    [CG] 列生成开始，初始列数=128
    [CG] 列生成开始，初始列数=128
    [CG] CG iter 2: obj=159410788.295890, maxRC=10816224.214828, +17 cols
    [CG]   [DIAG] iter=2 posCols=17 newCols=17 effImprove=17 updated=0
    [CG] CG iter 2: obj=160087467.190929, maxRC=10543986.565028, +17 cols
    [CG]   [DIAG] iter=2 posCols=17 newCols=17 effImprove=17 updated=0
    [CG] CG iter 3: obj=165555620.526312, maxRC=6242185.745249, +12 cols
    [CG] 列生成开始，初始列数=128
    [CG]   [DIAG] iter=3 posCols=12 newCols=12 effImprove=12 updated=0
    [CG] CG iter 2: obj=160420564.599925, maxRC=10612524.459294, +17 cols
    [CG] CG iter 3: obj=166477824.067119, maxRC=6263511.767266, +12 cols
    [CG]   [DIAG] iter=3 posCols=12 newCols=12 effImprove=12 updated=0
    [CG]   [DIAG] iter=2 posCols=17 newCols=17 effImprove=17 updated=0
    [CG] CG iter 1: obj=142200916.638374, maxRC=59311360.479485, +23 cols
    [CG]   [DIAG] iter=1 posCols=23 newCols=23 effImprove=23 updated=0
    [CG] CG iter 4: obj=168239080.797124, maxRC=4006645.035367, +7 cols
    [CG]   [DIAG] iter=4 posCols=7 newCols=7 effImprove=7 updated=0
    [CG] CG iter 4: obj=169185484.932979, maxRC=4190821.132526, +5 cols
    [CG]   [DIAG] iter=4 posCols=5 newCols=5 effImprove=5 updated=0
    [CG] CG iter 2: obj=159585090.251502, maxRC=10622597.614147, +17 cols
    [CG]   [DIAG] iter=2 posCols=17 newCols=17 effImprove=17 updated=0
    [CG] 列生成收敛，共 5 轮迭代
    [CG] [CG-NODE] depth=0 exit=CERTIFIED certified=1 feasible=1 iters=5 generatedColsBeforeNode=0 newCols=59 posCandidates=59 duplicateCandidates=0 updatedCols=0 zeroObjImproveIters=0 objFirst=141798818.176220 objLast=172404343.222467 objGain=30605525.046246 maxRC=59384792.544639 wallSec=0.017694 pricingSec=0.012114 cplexSolveSec=0.002742
    [CG] 列生成收敛，共 5 轮迭代
    [CG] [CG-NODE] depth=0 exit=CERTIFIED certified=1 feasible=1 iters=5 generatedColsBeforeNode=0 newCols=57 posCandidates=57 duplicateCandidates=0 updatedCols=0 zeroObjImproveIters=0 objFirst=142568876.254626 objLast=173415792.261441 objGain=30846916.006816 maxRC=59380405.354143 wallSec=0.017290 pricingSec=0.011836 cplexSolveSec=0.002730
      [BB] 根节点即为整数解，obj=172404343.222467
    [CG] CG iter 3: obj=165816825.358053, maxRC=6246914.184458, +12 cols
    [CG]   [DIAG] iter=3 posCols=12 newCols=12 effImprove=12 updated=0
      [BB] 根节点即为整数解，obj=173415792.261441
    [CG] CG iter 3: obj=166788801.061698, maxRC=6259761.817570, +12 cols
    [CG]   [DIAG] iter=3 posCols=12 newCols=12 effImprove=12 updated=0
    [CG] CG iter 4: obj=168540776.406494, maxRC=4148967.428017, +7 cols
    [CG]   [DIAG] iter=4 posCols=7 newCols=7 effImprove=7 updated=0
    [CG] CG iter 1: obj=141376825.388380, maxRC=59106519.874073, +23 cols
    [CG] CG iter 1: obj=142233526.619703, maxRC=59168454.748781, +23 cols
    [CG]   [DIAG] iter=1 posCols=23 newCols=23 effImprove=23 updated=0
    [CG]   [DIAG] iter=1 posCols=23 newCols=23 effImprove=23 updated=0
    [CG] 列生成收敛，共 5 轮迭代
    [CG] [CG-NODE] depth=0 exit=CERTIFIED certified=1 feasible=1 iters=5 generatedColsBeforeNode=0 newCols=59 posCandidates=59 duplicateCandidates=0 updatedCols=0 zeroObjImproveIters=0 objFirst=142200916.638374 objLast=172751553.371587 objGain=30550636.733213 maxRC=59311360.479485 wallSec=0.007402 pricingSec=0.004390 cplexSolveSec=0.001490
      [BB] 根节点即为整数解，obj=172751553.371587
    [CG] CG iter 2: obj=159098872.984499, maxRC=9347669.528351, +17 cols
    [CG]   [DIAG] iter=2 posCols=17 newCols=17 effImprove=17 updated=0
    [CG] CG iter 4: obj=169491904.276351, maxRC=4136949.138957, +5 cols
    [CG]   [DIAG] iter=4 posCols=5 newCols=5 effImprove=5 updated=0
    [CG] CG iter 2: obj=159438236.596337, maxRC=10399631.586941, +17 cols
    [CG]   [DIAG] iter=2 posCols=17 newCols=17 effImprove=17 updated=0
    [CG] CG iter 3: obj=172196321.250422, maxRC=9293351.859861, +7 cols
    [CG]   [DIAG] iter=3 posCols=7 newCols=7 effImprove=7 updated=0
    [CG] 列生成开始，初始列数=128
    [CG] CG iter 4: obj=172196321.250422, maxRC=1330345.974063, +4 cols
    [CG]   [DIAG] iter=4 posCols=4 newCols=4 effImprove=4 updated=0
    [CG] 列生成收敛，共 5 轮迭代
    [CG] [CG-NODE] depth=0 exit=CERTIFIED certified=1 feasible=1 iters=5 generatedColsBeforeNode=0 newCols=57 posCandidates=57 duplicateCandidates=0 updatedCols=0 zeroObjImproveIters=0 objFirst=143013333.791232 objLast=173717043.438316 objGain=30703709.647084 maxRC=59500438.846903 wallSec=0.019670 pricingSec=0.013232 cplexSolveSec=0.003503
    [CG] CG iter 3: obj=165784015.389961, maxRC=6260717.259071, +11 cols
    [CG]   [DIAG] iter=3 posCols=11 newCols=11 effImprove=11 updated=0
    [CG] 列生成收敛，共 5 轮迭代
    [CG] [CG-NODE] depth=0 exit=CERTIFIED certified=1 feasible=1 iters=5 generatedColsBeforeNode=0 newCols=51 posCandidates=51 duplicateCandidates=0 updatedCols=0 zeroObjImproveIters=2 objFirst=141376825.388380 objLast=172196321.250422 objGain=30819495.862043 maxRC=59106519.874073 wallSec=0.007111 pricingSec=0.004430 cplexSolveSec=0.001354
      [BB] 根节点即为整数解，obj=173717043.438316
      [BB] 根节点即为整数解，obj=172196321.250422
    [CG] 列生成开始，初始列数=128
    [CG] 列生成开始，初始列数=128
    [CG] CG iter 4: obj=168426681.016125, maxRC=4209013.537045, +5 cols
    [CG]   [DIAG] iter=4 posCols=5 newCols=5 effImprove=5 updated=0
    [CG] 列生成收敛，共 5 轮迭代
    [CG] [CG-NODE] depth=0 exit=CERTIFIED certified=1 feasible=1 iters=5 generatedColsBeforeNode=0 newCols=56 posCandidates=56 duplicateCandidates=0 updatedCols=0 zeroObjImproveIters=0 objFirst=142233526.619703 objLast=172692249.872500 objGain=30458723.252797 maxRC=59168454.748781 wallSec=0.009505 pricingSec=0.006051 cplexSolveSec=0.001782
      [BB] 根节点即为整数解，obj=172692249.872500
    [CG] 列生成开始，初始列数=128
    [CG] 列生成开始，初始列数=128
    [CG] CG iter 1: obj=141850320.120676, maxRC=59248527.968477, +23 cols
    [CG]   [DIAG] iter=1 posCols=23 newCols=23 effImprove=23 updated=0
    [CG] 列生成开始，初始列数=128
    [CG] CG iter 2: obj=159722186.184824, maxRC=10065132.901874, +17 cols
    [CG]   [DIAG] iter=2 posCols=17 newCols=17 effImprove=17 updated=0
    [CG] CG iter 1: obj=142339693.170581, maxRC=59449046.543037, +23 cols
    [CG]   [DIAG] iter=1 posCols=23 newCols=23 effImprove=23 updated=0
    [CG] CG iter 3: obj=169277141.040101, maxRC=3947356.613978, +11 cols
    [CG]   [DIAG] iter=3 posCols=11 newCols=11 effImprove=11 updated=0
    [CG] CG iter 1: obj=142629817.644633, maxRC=59305602.915540, +23 cols
    [CG] CG iter 1: obj=141830064.516265, maxRC=59502239.648791, +23 cols
    [CG]   [DIAG] iter=1 posCols=23 newCols=23 effImprove=23 updated=0
    [CG] CG iter 4: obj=172686521.684807, maxRC=1445376.421890, +4 cols
    [CG]   [DIAG] iter=1 posCols=23 newCols=23 effImprove=23 updated=0
    [CG]   [DIAG] iter=4 posCols=4 newCols=4 effImprove=4 updated=0
    [CG] CG iter 2: obj=159759606.823993, maxRC=10654962.937256, +17 cols
    [CG]   [DIAG] iter=2 posCols=17 newCols=17 effImprove=17 updated=0
    [CG] CG iter 5: obj=172686521.684807, maxRC=684720.871028, +6 cols
    [CG]   [DIAG] iter=5 posCols=6 newCols=6 effImprove=6 updated=0
    [CG] CG iter 1: obj=141615989.516672, maxRC=59003433.649991, +23 cols
    [CG]   [DIAG] iter=1 posCols=23 newCols=23 effImprove=23 updated=0
    [CG] CG iter 6: obj=172804649.218678, maxRC=145529.179984, +1 cols
    [CG]   [DIAG] iter=6 posCols=1 newCols=1 effImprove=1 updated=0
    [CG] CG iter 3: obj=166025383.485064, maxRC=6226022.614520, +11 cols
    [CG]   [DIAG] iter=3 posCols=11 newCols=11 effImprove=11 updated=0
    [CG] CG iter 2: obj=159812847.475802, maxRC=10817203.737189, +17 cols
    [CG] 列生成收敛，共 7 轮迭代
    [CG] CG iter 2: obj=159188168.045881, maxRC=10140614.936940, +17 cols
    [CG] [CG-NODE] depth=0 exit=CERTIFIED certified=1 feasible=1 iters=7 generatedColsBeforeNode=0 newCols=62 posCandidates=62 duplicateCandidates=0 updatedCols=0 zeroObjImproveIters=2 objFirst=141850320.120676 objLast=172804649.218678 objGain=30954329.098002 maxRC=59248527.968477 wallSec=0.007957 pricingSec=0.004833 cplexSolveSec=0.001769
    [CG]   [DIAG] iter=2 posCols=17 newCols=17 effImprove=17 updated=0
    [CG]   [DIAG] iter=2 posCols=17 newCols=17 effImprove=17 updated=0
      [BB] 根节点即为整数解，obj=172804649.218678
    [CG] CG iter 4: obj=168682220.734752, maxRC=4060177.673848, +5 cols
    [CG] CG iter 3: obj=169136488.055836, maxRC=3764102.419772, +12 cols
    [CG]   [DIAG] iter=4 posCols=5 newCols=5 effImprove=5 updated=0
    [CG]   [DIAG] iter=3 posCols=12 newCols=12 effImprove=12 updated=0
    [CG] CG iter 2: obj=159991193.668866, maxRC=10544050.216628, +17 cols
    [CG]   [DIAG] iter=2 posCols=17 newCols=17 effImprove=17 updated=0
    [CG] CG iter 4: obj=172540196.457518, maxRC=1262966.238382, +3 cols
    [CG]   [DIAG] iter=4 posCols=3 newCols=3 effImprove=3 updated=0
    [CG] 列生成收敛，共 5 轮迭代
    [CG] [CG-NODE] depth=0 exit=CERTIFIED certified=1 feasible=1 iters=5 generatedColsBeforeNode=0 newCols=56 posCandidates=56 duplicateCandidates=0 updatedCols=0 zeroObjImproveIters=0 objFirst=142339693.170581 objLast=172910301.538864 objGain=30570608.368283 maxRC=59449046.543037 wallSec=0.008070 pricingSec=0.005097 cplexSolveSec=0.001597
      [BB] 根节点即为整数解，obj=172910301.538864
    [CG] CG iter 3: obj=165867686.069582, maxRC=6267588.146123, +12 cols
    [CG] CG iter 5: obj=172540196.457518, maxRC=681650.507072, +3 cols
    [CG]   [DIAG] iter=5 posCols=3 newCols=3 effImprove=3 updated=0
    [CG]   [DIAG] iter=3 posCols=12 newCols=12 effImprove=12 updated=0
    [CG] CG iter 6: obj=172540196.457518, maxRC=146223.160102, +1 cols
    [CG]   [DIAG] iter=6 posCols=1 newCols=1 effImprove=1 updated=0
    [CG] CG iter 7: obj=172540196.457518, maxRC=81445.481499, +1 cols
    [CG]   [DIAG] iter=7 posCols=1 newCols=1 effImprove=1 updated=0
    [CG] 列生成开始，初始列数=128
    [CG] CG iter 4: obj=168404030.054037, maxRC=3859451.793862, +5 cols
    [CG]   [DIAG] iter=4 posCols=5 newCols=5 effImprove=5 updated=0
    [CG] 列生成收敛，共 8 轮迭代
    [CG] [CG-NODE] depth=0 exit=CERTIFIED certified=1 feasible=1 iters=8 generatedColsBeforeNode=0 newCols=60 posCandidates=60 duplicateCandidates=0 updatedCols=0 zeroObjImproveIters=4 objFirst=141615989.516672 objLast=172540196.457518 objGain=30924206.940846 maxRC=59003433.649991 wallSec=0.007583 pricingSec=0.004590 cplexSolveSec=0.001669
    [CG] CG iter 3: obj=166377582.212703, maxRC=6267954.145062, +12 cols
    [CG]   [DIAG] iter=3 posCols=12 newCols=12 effImprove=12 updated=0
      [BB] 根节点即为整数解，obj=172540196.457518
    [CG] 列生成收敛，共 5 轮迭代
    [CG] [CG-NODE] depth=0 exit=CERTIFIED certified=1 feasible=1 iters=5 generatedColsBeforeNode=0 newCols=57 posCandidates=57 duplicateCandidates=0 updatedCols=0 zeroObjImproveIters=0 objFirst=141830064.516265 objLast=172592185.083165 objGain=30762120.566900 maxRC=59502239.648791 wallSec=0.016934 pricingSec=0.011618 cplexSolveSec=0.002740
      [BB] 根节点即为整数解，obj=172592185.083165
    [CG] CG iter 1: obj=142133356.703550, maxRC=59406189.772843, +23 cols
    [CG] 列生成开始，初始列数=128
    [CG] CG iter 1: obj=141997471.100539, maxRC=59159092.078873, +23 cols
    [CG]   [DIAG] iter=1 posCols=23 newCols=23 effImprove=23 updated=0
    [CG] CG iter 4: obj=169105288.553396, maxRC=4221472.871109, +5 cols
    [CG]   [DIAG] iter=4 posCols=5 newCols=5 effImprove=5 updated=0
    [CG]   [DIAG] iter=1 posCols=23 newCols=23 effImprove=23 updated=0
    [CG] CG iter 2: obj=159904621.774756, maxRC=9521001.796729, +17 cols
    [CG]   [DIAG] iter=2 posCols=17 newCols=17 effImprove=17 updated=0
    [CG] 列生成收敛，共 5 轮迭代
    [CG] [CG-NODE] depth=0 exit=CERTIFIED certified=1 feasible=1 iters=5 generatedColsBeforeNode=0 newCols=57 posCandidates=57 duplicateCandidates=0 updatedCols=0 zeroObjImproveIters=0 objFirst=142629817.644633 objLast=173326761.424505 objGain=30696943.779872 maxRC=59305602.915540 wallSec=0.017034 pricingSec=0.011307 cplexSolveSec=0.003227
    [CG] 列生成开始，初始列数=128
      [BB] 根节点即为整数解，obj=173326761.424505
    [CG] CG iter 3: obj=173054013.184385, maxRC=1912673.315509, +7 cols
    [CG] CG iter 2: obj=159424237.636092, maxRC=9348846.354395, +17 cols
    [CG]   [DIAG] iter=3 posCols=7 newCols=7 effImprove=7 updated=0
    [CG]   [DIAG] iter=2 posCols=17 newCols=17 effImprove=17 updated=0
    [CG] CG iter 1: obj=142359773.105037, maxRC=59482230.783324, +23 cols
    [CG] CG iter 4: obj=173054013.184385, maxRC=432177.110788, +2 cols
    [CG]   [DIAG] iter=1 posCols=23 newCols=23 effImprove=23 updated=0
    [CG]   [DIAG] iter=4 posCols=2 newCols=2 effImprove=2 updated=0
    [CG] CG iter 3: obj=172670734.759107, maxRC=9306420.670644, +7 cols
    [CG] CG iter 5: obj=173054013.184385, maxRC=347718.666931, +3 cols
    [CG]   [DIAG] iter=5 posCols=3 newCols=3 effImprove=3 updated=0
    [CG]   [DIAG] iter=3 posCols=7 newCols=7 effImprove=7 updated=0
    [CG] CG iter 2: obj=160154205.051825, maxRC=10640397.766614, +17 cols
    [CG]   [DIAG] iter=2 posCols=17 newCols=17 effImprove=17 updated=0
    [CG] 列生成收敛，共 6 轮迭代
    [CG] [CG-NODE] depth=0 exit=CERTIFIED certified=1 feasible=1 iters=6 generatedColsBeforeNode=0 newCols=52 posCandidates=52 duplicateCandidates=0 updatedCols=0 zeroObjImproveIters=3 objFirst=142133356.703550 objLast=173054013.184385 objGain=30920656.480835 maxRC=59406189.772843 wallSec=0.011423 pricingSec=0.007327 cplexSolveSec=0.002261
    [CG] CG iter 3: obj=166353609.952445, maxRC=5746204.737564, +10 cols
    [CG]   [DIAG] iter=3 posCols=10 newCols=10 effImprove=10 updated=0
      [BB] 根节点即为整数解，obj=173054013.184385
    [CG] CG iter 1: obj=142031267.482905, maxRC=58979778.369505, +23 cols
    [CG] CG iter 4: obj=172670734.759107, maxRC=360291.714338, +4 cols
    [CG]   [DIAG] iter=4 posCols=4 newCols=4 effImprove=4 updated=0
    [CG]   [DIAG] iter=1 posCols=23 newCols=23 effImprove=23 updated=0
    [CG] CG iter 4: obj=173125180.974509, maxRC=1140011.363809, +2 cols
    [CG]   [DIAG] iter=4 posCols=2 newCols=2 effImprove=2 updated=0
    [CG] 列生成收敛，共 5 轮迭代
    [CG] [CG-NODE] depth=0 exit=CERTIFIED certified=1 feasible=1 iters=5 generatedColsBeforeNode=0 newCols=52 posCandidates=52 duplicateCandidates=0 updatedCols=0 zeroObjImproveIters=0 objFirst=142359773.105037 objLast=173239826.053819 objGain=30880052.948781 maxRC=59482230.783324 wallSec=0.006431 pricingSec=0.004099 cplexSolveSec=0.001228
      [BB] 根节点即为整数解，obj=173239826.053819
    [CG] 列生成收敛，共 5 轮迭代
    [CG] [CG-NODE] depth=0 exit=CERTIFIED certified=1 feasible=1 iters=5 generatedColsBeforeNode=0 newCols=51 posCandidates=51 duplicateCandidates=0 updatedCols=0 zeroObjImproveIters=1 objFirst=141997471.100539 objLast=172703701.310237 objGain=30706230.209698 maxRC=59159092.078873 wallSec=0.015423 pricingSec=0.010569 cplexSolveSec=0.002672
    [CG] CG iter 2: obj=159219263.224368, maxRC=9269994.623486, +17 cols
      [BB] 根节点即为整数解，obj=172703701.310237
    [CG] CG iter 1: obj=142479932.872235, maxRC=58964010.388550, +23 cols
    [CG]   [DIAG] iter=2 posCols=17 newCols=17 effImprove=17 updated=0
    [CG]   [DIAG] iter=1 posCols=23 newCols=23 effImprove=23 updated=0
    [CG] CG iter 3: obj=172454730.002862, maxRC=1933607.448975, +7 cols
    [CG]   [DIAG] iter=3 posCols=7 newCols=7 effImprove=7 updated=0
    [CG] CG iter 4: obj=172454730.002862, maxRC=414482.020464, +3 cols
    [CG]   [DIAG] iter=4 posCols=3 newCols=3 effImprove=3 updated=0
    [CG] CG iter 2: obj=159525168.541269, maxRC=10270494.429155, +16 cols
    [CG] 列生成收敛，共 5 轮迭代
    [CG] [CG-NODE] depth=0 exit=CERTIFIED certified=1 feasible=1 iters=5 generatedColsBeforeNode=0 newCols=50 posCandidates=50 duplicateCandidates=0 updatedCols=0 zeroObjImproveIters=1 objFirst=142031267.482905 objLast=172557924.382152 objGain=30526656.899247 maxRC=58979778.369505 wallSec=0.007073 pricingSec=0.004338 cplexSolveSec=0.001432
    [CG]   [DIAG] iter=2 posCols=16 newCols=16 effImprove=16 updated=0
      [BB] 根节点即为整数解，obj=172557924.382152
    [CG] CG iter 1: obj=142086156.847448, maxRC=59273080.560952, +23 cols
    [CG]   [DIAG] iter=1 posCols=23 newCols=23 effImprove=23 updated=0
    [CG] CG iter 2: obj=159825061.553203, maxRC=9387842.277083, +17 cols
    [CG] CG iter 3: obj=163604928.732937, maxRC=5079556.071835, +14 cols
    [CG]   [DIAG] iter=2 posCols=17 newCols=17 effImprove=17 updated=0
    [CG]   [DIAG] iter=3 posCols=14 newCols=14 effImprove=14 updated=0
    [CG] CG iter 3: obj=173059921.995558, maxRC=9351748.044824, +6 cols
    [CG]   [DIAG] iter=3 posCols=6 newCols=6 effImprove=6 updated=0
    [CG] CG iter 4: obj=172948551.212783, maxRC=2655662.804587, +6 cols
    [CG]   [DIAG] iter=4 posCols=6 newCols=6 effImprove=6 updated=0
    [CG] CG iter 4: obj=173059921.995558, maxRC=423941.615118, +4 cols
    [CG]   [DIAG] iter=4 posCols=4 newCols=4 effImprove=4 updated=0
    [CG] 列生成收敛，共 5 轮迭代
    [CG] [CG-NODE] depth=0 exit=CERTIFIED certified=1 feasible=1 iters=5 generatedColsBeforeNode=0 newCols=50 posCandidates=50 duplicateCandidates=0 updatedCols=0 zeroObjImproveIters=1 objFirst=142086156.847448 objLast=173077358.139682 objGain=30991201.292234 maxRC=59273080.560952 wallSec=0.008295 pricingSec=0.005293 cplexSolveSec=0.001539
    [CG] CG iter 5: obj=173045583.442640, maxRC=546129.887760, +1 cols
    [CG]   [DIAG] iter=5 posCols=1 newCols=1 effImprove=1 updated=0
      [BB] 根节点即为整数解，obj=173077358.139682
    [CG] 列生成收敛，共 6 轮迭代
    [CG] [CG-NODE] depth=0 exit=CERTIFIED certified=1 feasible=1 iters=6 generatedColsBeforeNode=0 newCols=60 posCandidates=60 duplicateCandidates=0 updatedCols=0 zeroObjImproveIters=1 objFirst=142479932.872235 objLast=173045583.442640 objGain=30565650.570405 maxRC=58964010.388550 wallSec=0.016544 pricingSec=0.011569 cplexSolveSec=0.002794
      [BB] 根节点即为整数解，obj=173045583.442640
[GA] 代数 0: Best=173966640.23, Avg=173007292.01, Worst=172225206.94, Valid=30/30, 耗时=0.06s
  ├─ 求解: 30 个体 fork 并行 | CG迭代=160 加列=1687 BB分支=0
  ├─ 并行墙钟=0.0601s | 串行等效(ΣBP)=0.3948s | 加速比=6.57x
  ├─ 管理开销=-0.3347s (fork=0.0046 wait=0.0550 merge=0.0004)
  └─ CG明细: gen_logs/run_gen0_ind{0..29}.log
    [CG] 列生成开始，初始列数=128
    [CG] 列生成开始，初始列数=128
    [CG] 列生成开始，初始列数=128
    [CG] 列生成开始，初始列数=128
    [CG] 列生成开始，初始列数=128
    [CG] 列生成开始，初始列数=128
    [CG] 列生成开始，初始列数=128
    [CG] 列生成开始，初始列数=128
    [CG] CG iter 1: obj=142057982.221276, maxRC=59502239.648791, +23 cols
    [CG]   [DIAG] iter=1 posCols=23 newCols=23 effImprove=23 updated=0
    [CG] CG iter 1: obj=142645199.209452, maxRC=59380405.354143, +23 cols
    [CG]   [DIAG] iter=1 posCols=23 newCols=23 effImprove=23 updated=0
    [CG] CG iter 1: obj=142420652.623233, maxRC=59072013.906042, +23 cols
    [CG] CG iter 2: obj=159998868.130661, maxRC=10817203.737189, +17 cols
    [CG]   [DIAG] iter=2 posCols=17 newCols=17 effImprove=17 updated=0
    [CG]   [DIAG] iter=1 posCols=23 newCols=23 effImprove=23 updated=0
    [CG] CG iter 2: obj=159821640.193347, maxRC=9134412.845829, +17 cols
    [CG] CG iter 3: obj=166127272.622001, maxRC=6299256.993530, +12 cols
    [CG]   [DIAG] iter=2 posCols=17 newCols=17 effImprove=17 updated=0
    [CG] CG iter 2: obj=160152772.035165, maxRC=10543986.565028, +17 cols
    [CG]   [DIAG] iter=3 posCols=12 newCols=12 effImprove=12 updated=0
    [CG]   [DIAG] iter=2 posCols=17 newCols=17 effImprove=17 updated=0
    [CG] CG iter 1: obj=143259816.150434, maxRC=59519752.128890, +23 cols
    [CG] CG iter 3: obj=173201228.581765, maxRC=1468054.794055, +6 cols
    [CG]   [DIAG] iter=3 posCols=6 newCols=6 effImprove=6 updated=0
    [CG] CG iter 4: obj=168695285.453863, maxRC=3924781.254006, +5 cols
    [CG]   [DIAG] iter=4 posCols=5 newCols=5 effImprove=5 updated=0
    [CG]   [DIAG] iter=1 posCols=23 newCols=23 effImprove=23 updated=0
    [CG] CG iter 4: obj=173201228.581765, maxRC=366992.417798, +3 cols
    [CG]   [DIAG] iter=4 posCols=3 newCols=3 effImprove=3 updated=0
    [CG] 列生成收敛，共 5 轮迭代
    [CG] [CG-NODE] depth=0 exit=CERTIFIED certified=1 feasible=1 iters=5 generatedColsBeforeNode=0 newCols=57 posCandidates=57 duplicateCandidates=0 updatedCols=0 zeroObjImproveIters=0 objFirst=142057982.221276 objLast=172856369.190445 objGain=30798386.969169 maxRC=59502239.648791 wallSec=0.007366 pricingSec=0.004777 cplexSolveSec=0.001321
      [BB] 根节点即为整数解，obj=172856369.190445
    [CG] 列生成收敛，共 5 轮迭代
    [CG] [CG-NODE] depth=0 exit=CERTIFIED certified=1 feasible=1 iters=5 generatedColsBeforeNode=0 newCols=49 posCandidates=49 duplicateCandidates=0 updatedCols=0 zeroObjImproveIters=1 objFirst=142420652.623233 objLast=173299384.816296 objGain=30878732.193064 maxRC=59072013.906042 wallSec=0.007051 pricingSec=0.004419 cplexSolveSec=0.001300
      [BB] 根节点即为整数解，obj=173299384.816296
    [CG] CG iter 1: obj=141739247.445414, maxRC=58979778.369505, +23 cols
    [CG]   [DIAG] iter=1 posCols=23 newCols=23 effImprove=23 updated=0
    [CG] CG iter 2: obj=160626609.885663, maxRC=10623485.371715, +17 cols
    [CG]   [DIAG] iter=2 posCols=17 newCols=17 effImprove=17 updated=0
    [CG] CG iter 3: obj=166545673.821665, maxRC=6255038.566987, +12 cols
    [CG]   [DIAG] iter=3 posCols=12 newCols=12 effImprove=12 updated=0
    [CG] CG iter 3: obj=167020930.268672, maxRC=6255295.270771, +12 cols
    [CG]   [DIAG] iter=3 posCols=12 newCols=12 effImprove=12 updated=0
    [CG] CG iter 2: obj=158980926.603656, maxRC=9269994.623486, +17 cols
    [CG]   [DIAG] iter=2 posCols=17 newCols=17 effImprove=17 updated=0
    [CG] CG iter 1: obj=143112524.513741, maxRC=59519752.128890, +23 cols
    [CG] CG iter 4: obj=169719358.461118, maxRC=4143805.047541, +5 cols
    [CG]   [DIAG] iter=4 posCols=5 newCols=5 effImprove=5 updated=0
    [CG]   [DIAG] iter=1 posCols=23 newCols=23 effImprove=23 updated=0
    [CG] 列生成开始，初始列数=128
    [CG] CG iter 3: obj=172115984.912641, maxRC=1933607.448975, +6 cols
    [CG] 列生成开始，初始列数=128
    [CG]   [DIAG] iter=3 posCols=6 newCols=6 effImprove=6 updated=0
    [CG] CG iter 4: obj=169244861.487247, maxRC=4187139.994969, +5 cols
    [CG]   [DIAG] iter=4 posCols=5 newCols=5 effImprove=5 updated=0
    [CG] CG iter 1: obj=142135168.650903, maxRC=59168454.748781, +23 cols
    [CG] 列生成收敛，共 5 轮迭代
    [CG] [CG-NODE] depth=0 exit=CERTIFIED certified=1 feasible=1 iters=5 generatedColsBeforeNode=0 newCols=57 posCandidates=57 duplicateCandidates=0 updatedCols=0 zeroObjImproveIters=0 objFirst=143259816.150434 objLast=173937754.548989 objGain=30677938.398554 maxRC=59519752.128890 wallSec=0.009506 pricingSec=0.006243 cplexSolveSec=0.001686
    [CG]   [DIAG] iter=1 posCols=23 newCols=23 effImprove=23 updated=0
      [BB] 根节点即为整数解，obj=173937754.548989
    [CG] CG iter 4: obj=172115984.912641, maxRC=1321006.486408, +2 cols
    [CG]   [DIAG] iter=4 posCols=2 newCols=2 effImprove=2 updated=0
    [CG] 列生成收敛，共 5 轮迭代
    [CG] [CG-NODE] depth=0 exit=CERTIFIED certified=1 feasible=1 iters=5 generatedColsBeforeNode=0 newCols=57 posCandidates=57 duplicateCandidates=0 updatedCols=0 zeroObjImproveIters=0 objFirst=142645199.209452 objLast=173476687.135380 objGain=30831487.925928 maxRC=59380405.354143 wallSec=0.010630 pricingSec=0.006474 cplexSolveSec=0.002330
    [CG] CG iter 2: obj=160542412.327281, maxRC=10623485.371715, +17 cols
    [CG] CG iter 5: obj=172115984.912641, maxRC=303676.938105, +1 cols
    [CG]   [DIAG] iter=5 posCols=1 newCols=1 effImprove=1 updated=0
    [CG]   [DIAG] iter=2 posCols=17 newCols=17 effImprove=17 updated=0
      [BB] 根节点即为整数解，obj=173476687.135380
    [CG] 列生成收敛，共 6 轮迭代
    [CG] [CG-NODE] depth=0 exit=CERTIFIED certified=1 feasible=1 iters=6 generatedColsBeforeNode=0 newCols=49 posCandidates=49 duplicateCandidates=0 updatedCols=0 zeroObjImproveIters=3 objFirst=141739247.445414 objLast=172115984.912641 objGain=30376737.467227 maxRC=58979778.369505 wallSec=0.011298 pricingSec=0.007570 cplexSolveSec=0.002056
    [CG] CG iter 2: obj=159355036.750970, maxRC=10399584.370599, +17 cols
    [CG]   [DIAG] iter=2 posCols=17 newCols=17 effImprove=17 updated=0
      [BB] 根节点即为整数解，obj=172115984.912641
    [CG] 列生成开始，初始列数=128
    [CG] CG iter 1: obj=142788571.724651, maxRC=59519801.728949, +23 cols
    [CG]   [DIAG] iter=1 posCols=23 newCols=23 effImprove=23 updated=0
    [CG] CG iter 3: obj=166905324.830932, maxRC=6242606.591880, +12 cols
    [CG]   [DIAG] iter=3 posCols=12 newCols=12 effImprove=12 updated=0
    [CG] CG iter 3: obj=165690479.718273, maxRC=6265538.942895, +11 cols
    [CG]   [DIAG] iter=3 posCols=11 newCols=11 effImprove=11 updated=0
    [CG] 列生成开始，初始列数=128
    [CG] CG iter 4: obj=169591064.344488, maxRC=4116414.889223, +5 cols
    [CG]   [DIAG] iter=4 posCols=5 newCols=5 effImprove=5 updated=0
    [CG] CG iter 2: obj=160320156.556894, maxRC=10623451.283211, +17 cols
    [CG] CG iter 4: obj=168337953.374121, maxRC=4205586.529311, +5 cols
    [CG]   [DIAG] iter=4 posCols=5 newCols=5 effImprove=5 updated=0
    [CG] 列生成收敛，共 5 轮迭代
    [CG] [CG-NODE] depth=0 exit=CERTIFIED certified=1 feasible=1 iters=5 generatedColsBeforeNode=0 newCols=57 posCandidates=57 duplicateCandidates=0 updatedCols=0 zeroObjImproveIters=0 objFirst=143112524.513741 objLast=173820687.435109 objGain=30708162.921368 maxRC=59519752.128890 wallSec=0.014261 pricingSec=0.009930 cplexSolveSec=0.002389
    [CG]   [DIAG] iter=2 posCols=17 newCols=17 effImprove=17 updated=0
      [BB] 根节点即为整数解，obj=173820687.435109
    [CG] CG iter 1: obj=142968792.624624, maxRC=59519752.128890, +23 cols
    [CG] 列生成收敛，共 5 轮迭代
    [CG] [CG-NODE] depth=0 exit=CERTIFIED certified=1 feasible=1 iters=5 generatedColsBeforeNode=0 newCols=56 posCandidates=56 duplicateCandidates=0 updatedCols=0 zeroObjImproveIters=0 objFirst=142135168.650903 objLast=172604964.882085 objGain=30469796.231182 maxRC=59168454.748781 wallSec=0.014514 pricingSec=0.010113 cplexSolveSec=0.002429
    [CG]   [DIAG] iter=1 posCols=23 newCols=23 effImprove=23 updated=0
      [BB] 根节点即为整数解，obj=172604964.882085
    [CG] 列生成开始，初始列数=128
    [CG] CG iter 3: obj=166573967.045887, maxRC=5802533.210468, +10 cols
    [CG]   [DIAG] iter=3 posCols=10 newCols=10 effImprove=10 updated=0
    [CG] CG iter 2: obj=160356084.171544, maxRC=10623485.371715, +17 cols
    [CG]   [DIAG] iter=2 posCols=17 newCols=17 effImprove=17 updated=0
    [CG] CG iter 4: obj=173439764.045511, maxRC=1138839.405493, +2 cols
    [CG]   [DIAG] iter=4 posCols=2 newCols=2 effImprove=2 updated=0
    [CG] CG iter 3: obj=166714767.714763, maxRC=6240177.450630, +12 cols
    [CG]   [DIAG] iter=3 posCols=12 newCols=12 effImprove=12 updated=0
    [CG] 列生成开始，初始列数=128
    [CG] 列生成收敛，共 5 轮迭代
    [CG] CG iter 1: obj=142315317.304973, maxRC=59248527.968477, +23 cols
    [CG] [CG-NODE] depth=0 exit=CERTIFIED certified=1 feasible=1 iters=5 generatedColsBeforeNode=0 newCols=52 posCandidates=52 duplicateCandidates=0 updatedCols=0 zeroObjImproveIters=0 objFirst=142788571.724651 objLast=173515339.661848 objGain=30726767.937197 maxRC=59519801.728949 wallSec=0.015729 pricingSec=0.011171 cplexSolveSec=0.002533
    [CG] CG iter 4: obj=169398078.087069, maxRC=4112281.464520, +5 cols
    [CG]   [DIAG] iter=4 posCols=5 newCols=5 effImprove=5 updated=0
    [CG]   [DIAG] iter=1 posCols=23 newCols=23 effImprove=23 updated=0
      [BB] 根节点即为整数解，obj=173515339.661848
    [CG] 列生成开始，初始列数=128
    [CG] 列生成收敛，共 5 轮迭代
    [CG] [CG-NODE] depth=0 exit=CERTIFIED certified=1 feasible=1 iters=5 generatedColsBeforeNode=0 newCols=57 posCandidates=57 duplicateCandidates=0 updatedCols=0 zeroObjImproveIters=0 objFirst=142968792.624624 objLast=173629413.241031 objGain=30660620.616406 maxRC=59519752.128890 wallSec=0.008105 pricingSec=0.005388 cplexSolveSec=0.001429
    [CG] CG iter 1: obj=142578640.999876, maxRC=59504987.989038, +23 cols
      [BB] 根节点即为整数解，obj=173629413.241031
    [CG]   [DIAG] iter=1 posCols=23 newCols=23 effImprove=23 updated=0
    [CG] CG iter 2: obj=160120388.007162, maxRC=10065132.901874, +17 cols
    [CG]   [DIAG] iter=2 posCols=17 newCols=17 effImprove=17 updated=0
    [CG] CG iter 1: obj=142431156.802796, maxRC=59492227.670169, +23 cols
    [CG]   [DIAG] iter=1 posCols=23 newCols=23 effImprove=23 updated=0
    [CG] CG iter 3: obj=169742138.224399, maxRC=3880561.252018, +11 cols
    [CG]   [DIAG] iter=3 posCols=11 newCols=11 effImprove=11 updated=0
    [CG] CG iter 2: obj=160196784.390108, maxRC=10638229.805623, +17 cols
    [CG]   [DIAG] iter=2 posCols=17 newCols=17 effImprove=17 updated=0
    [CG] CG iter 4: obj=173084723.507144, maxRC=1533516.179653, +4 cols
    [CG]   [DIAG] iter=4 posCols=4 newCols=4 effImprove=4 updated=0
    [CG] CG iter 2: obj=160202861.290089, maxRC=9541383.123616, +17 cols
    [CG]   [DIAG] iter=2 posCols=17 newCols=17 effImprove=17 updated=0
    [CG] CG iter 5: obj=173084723.507144, maxRC=684720.871028, +4 cols
    [CG]   [DIAG] iter=5 posCols=4 newCols=4 effImprove=4 updated=0
    [CG] CG iter 3: obj=166508588.810166, maxRC=6227532.770309, +12 cols
    [CG]   [DIAG] iter=3 posCols=12 newCols=12 effImprove=12 updated=0
    [CG] CG iter 6: obj=173202851.041016, maxRC=145529.179984, +1 cols
    [CG]   [DIAG] iter=6 posCols=1 newCols=1 effImprove=1 updated=0
    [CG] CG iter 4: obj=169178528.308615, maxRC=4076572.945861, +5 cols
    [CG]   [DIAG] iter=4 posCols=5 newCols=5 effImprove=5 updated=0
    [CG] 列生成收敛，共 7 轮迭代
    [CG] [CG-NODE] depth=0 exit=CERTIFIED certified=1 feasible=1 iters=7 generatedColsBeforeNode=0 newCols=60 posCandidates=60 duplicateCandidates=0 updatedCols=0 zeroObjImproveIters=2 objFirst=142315317.304973 objLast=173202851.041016 objGain=30887533.736042 maxRC=59248527.968477 wallSec=0.008198 pricingSec=0.005153 cplexSolveSec=0.001724
      [BB] 根节点即为整数解，obj=173202851.041016
    [CG] 列生成收敛，共 5 轮迭代
    [CG] [CG-NODE] depth=0 exit=CERTIFIED certified=1 feasible=1 iters=5 generatedColsBeforeNode=0 newCols=57 posCandidates=57 duplicateCandidates=0 updatedCols=0 zeroObjImproveIters=0 objFirst=142431156.802796 objLast=173416319.137147 objGain=30985162.334351 maxRC=59492227.670169 wallSec=0.007060 pricingSec=0.004625 cplexSolveSec=0.001297
      [BB] 根节点即为整数解，obj=173416319.137147
    [CG] 列生成开始，初始列数=128
    [CG] CG iter 3: obj=166053031.334759, maxRC=7331822.075493, +15 cols
    [CG]   [DIAG] iter=3 posCols=15 newCols=15 effImprove=15 updated=0
    [CG] 列生成开始，初始列数=128
    [CG] CG iter 4: obj=173384853.410252, maxRC=1584812.792243, +7 cols
    [CG] CG iter 1: obj=143259842.077884, maxRC=59519752.128890, +23 cols
    [CG]   [DIAG] iter=4 posCols=7 newCols=7 effImprove=7 updated=0
    [CG]   [DIAG] iter=1 posCols=23 newCols=23 effImprove=23 updated=0
    [CG] 列生成开始，初始列数=128
    [CG] CG iter 5: obj=173384853.410252, maxRC=179146.109333, +1 cols
    [CG]   [DIAG] iter=5 posCols=1 newCols=1 effImprove=1 updated=0
    [CG] CG iter 1: obj=141984291.860636, maxRC=59168454.748781, +23 cols
    [CG] CG iter 2: obj=160626614.605155, maxRC=10623485.371715, +17 cols
    [CG]   [DIAG] iter=2 posCols=17 newCols=17 effImprove=17 updated=0
    [CG]   [DIAG] iter=1 posCols=23 newCols=23 effImprove=23 updated=0
    [CG] 列生成开始，初始列数=128
    [CG] 列生成收敛，共 6 轮迭代
    [CG] [CG-NODE] depth=0 exit=CERTIFIED certified=1 feasible=1 iters=6 generatedColsBeforeNode=0 newCols=63 posCandidates=63 duplicateCandidates=0 updatedCols=0 zeroObjImproveIters=2 objFirst=142578640.999876 objLast=173384853.410252 objGain=30806212.410376 maxRC=59504987.989038 wallSec=0.013917 pricingSec=0.009413 cplexSolveSec=0.002623
    [CG] CG iter 3: obj=167020934.988164, maxRC=6255295.270771, +12 cols
    [CG]   [DIAG] iter=3 posCols=12 newCols=12 effImprove=12 updated=0
      [BB] 根节点即为整数解，obj=173384853.410252
    [CG] CG iter 2: obj=159438028.761156, maxRC=9181785.445159, +17 cols
    [CG]   [DIAG] iter=2 posCols=17 newCols=17 effImprove=17 updated=0
    [CG] CG iter 4: obj=169719363.180610, maxRC=4143805.047541, +5 cols
    [CG]   [DIAG] iter=4 posCols=5 newCols=5 effImprove=5 updated=0
    [CG] CG iter 3: obj=172692042.037320, maxRC=1379531.906961, +3 cols
    [CG]   [DIAG] iter=3 posCols=3 newCols=3 effImprove=3 updated=0
    [CG] 列生成收敛，共 5 轮迭代
    [CG] [CG-NODE] depth=0 exit=CERTIFIED certified=1 feasible=1 iters=5 generatedColsBeforeNode=0 newCols=57 posCandidates=57 duplicateCandidates=0 updatedCols=0 zeroObjImproveIters=0 objFirst=143259842.077884 objLast=173937759.268481 objGain=30677917.190597 maxRC=59519752.128890 wallSec=0.008382 pricingSec=0.005522 cplexSolveSec=0.001534
      [BB] 根节点即为整数解，obj=173937759.268481
    [CG] CG iter 4: obj=172692042.037320, maxRC=485370.914842, +4 cols
    [CG]   [DIAG] iter=4 posCols=4 newCols=4 effImprove=4 updated=0
    [CG] 列生成收敛，共 5 轮迭代
    [CG] [CG-NODE] depth=0 exit=CERTIFIED certified=1 feasible=1 iters=5 generatedColsBeforeNode=0 newCols=47 posCandidates=47 duplicateCandidates=0 updatedCols=0 zeroObjImproveIters=2 objFirst=141984291.860636 objLast=172692042.037320 objGain=30707750.176684 maxRC=59168454.748781 wallSec=0.008360 pricingSec=0.005538 cplexSolveSec=0.001527
      [BB] 根节点即为整数解，obj=172692042.037320
    [CG] 列生成开始，初始列数=128
    [CG] CG iter 1: obj=142834418.955492, maxRC=59518573.466774, +23 cols
    [CG] 列生成开始，初始列数=128
    [CG]   [DIAG] iter=1 posCols=23 newCols=23 effImprove=23 updated=0
    [CG] CG iter 2: obj=160460779.853769, maxRC=10723445.386185, +17 cols
    [CG]   [DIAG] iter=2 posCols=17 newCols=17 effImprove=17 updated=0
    [CG] CG iter 3: obj=166735209.078609, maxRC=6265048.459060, +11 cols
    [CG]   [DIAG] iter=3 posCols=11 newCols=11 effImprove=11 updated=0
    [CG] CG iter 1: obj=142704433.047378, maxRC=59380405.354143, +23 cols
    [CG]   [DIAG] iter=1 posCols=23 newCols=23 effImprove=23 updated=0
    [CG] CG iter 1: obj=143072517.890347, maxRC=59519282.779708, +23 cols
    [CG] CG iter 4: obj=169392751.340336, maxRC=4049295.810199, +5 cols
    [CG]   [DIAG] iter=1 posCols=23 newCols=23 effImprove=23 updated=0
    [CG]   [DIAG] iter=4 posCols=5 newCols=5 effImprove=5 updated=0
    [CG] CG iter 1: obj=142331554.364266, maxRC=58979778.369505, +23 cols
    [CG]   [DIAG] iter=1 posCols=23 newCols=23 effImprove=23 updated=0
    [CG] 列生成收敛，共 5 轮迭代
    [CG] [CG-NODE] depth=0 exit=CERTIFIED certified=1 feasible=1 iters=5 generatedColsBeforeNode=0 newCols=56 posCandidates=56 duplicateCandidates=0 updatedCols=0 zeroObjImproveIters=0 objFirst=142834418.955492 objLast=173585039.593835 objGain=30750620.638343 maxRC=59518573.466774 wallSec=0.016619 pricingSec=0.011540 cplexSolveSec=0.002736
    [CG] CG iter 2: obj=160114024.866505, maxRC=10640916.682803, +17 cols
      [BB] 根节点即为整数解，obj=173585039.593835
    [CG]   [DIAG] iter=2 posCols=17 newCols=17 effImprove=17 updated=0
    [CG] CG iter 2: obj=160491346.629554, maxRC=10723445.386185, +17 cols
    [CG] CG iter 2: obj=159353195.736366, maxRC=10382622.487417, +17 cols
    [CG]   [DIAG] iter=2 posCols=17 newCols=17 effImprove=17 updated=0
    [CG]   [DIAG] iter=2 posCols=17 newCols=17 effImprove=17 updated=0
    [CG] CG iter 1: obj=142765226.173943, maxRC=59519294.038099, +23 cols
    [CG]   [DIAG] iter=1 posCols=23 newCols=23 effImprove=23 updated=0
    [CG] CG iter 3: obj=165769495.855643, maxRC=6252504.381412, +12 cols
    [CG]   [DIAG] iter=3 posCols=12 newCols=12 effImprove=12 updated=0
    [CG] CG iter 1: obj=142393337.622092, maxRC=59357076.959624, +23 cols
    [CG] CG iter 3: obj=166461855.774925, maxRC=6245727.791436, +12 cols
    [CG]   [DIAG] iter=3 posCols=12 newCols=12 effImprove=12 updated=0
    [CG] CG iter 1: obj=142930627.691156, maxRC=59519294.038099, +23 cols
    [CG] CG iter 3: obj=166821222.416875, maxRC=6239812.359154, +12 cols
    [CG]   [DIAG] iter=3 posCols=12 newCols=12 effImprove=12 updated=0
    [CG]   [DIAG] iter=1 posCols=23 newCols=23 effImprove=23 updated=0
    [CG] CG iter 4: obj=168489837.452730, maxRC=4337108.745695, +7 cols
    [CG]   [DIAG] iter=4 posCols=7 newCols=7 effImprove=7 updated=0
    [CG]   [DIAG] iter=1 posCols=23 newCols=23 effImprove=23 updated=0
    [CG] CG iter 2: obj=160350363.969748, maxRC=9552391.146337, +17 cols
    [CG]   [DIAG] iter=2 posCols=17 newCols=17 effImprove=17 updated=0
    [CG] CG iter 5: obj=172826946.198424, maxRC=1462976.365389, +2 cols
    [CG]   [DIAG] iter=5 posCols=2 newCols=2 effImprove=2 updated=0
    [CG] CG iter 4: obj=169170308.370392, maxRC=4155118.997137, +7 cols
    [CG]   [DIAG] iter=4 posCols=7 newCols=7 effImprove=7 updated=0
    [CG] CG iter 4: obj=169528794.617739, maxRC=4098466.394518, +7 cols
    [CG]   [DIAG] iter=4 posCols=7 newCols=7 effImprove=7 updated=0
    [CG] 列生成收敛，共 6 轮迭代
    [CG] [CG-NODE] depth=0 exit=CERTIFIED certified=1 feasible=1 iters=6 generatedColsBeforeNode=0 newCols=61 posCandidates=61 duplicateCandidates=0 updatedCols=0 zeroObjImproveIters=1 objFirst=142331554.364266 objLast=172826946.198424 objGain=30495391.834158 maxRC=58979778.369505 wallSec=0.007358 pricingSec=0.004742 cplexSolveSec=0.001413
      [BB] 根节点即为整数解，obj=172826946.198424
    [CG] CG iter 3: obj=166141670.373457, maxRC=7305142.943467, +13 cols
    [CG]   [DIAG] iter=3 posCols=13 newCols=13 effImprove=13 updated=0
    [CG] 列生成收敛，共 5 轮迭代
    [CG] 列生成收敛，共 5 轮迭代
    [CG] [CG-NODE] depth=0 exit=CERTIFIED certified=1 feasible=1 iters=5 generatedColsBeforeNode=0 newCols=59 posCandidates=59 duplicateCandidates=0 updatedCols=0 zeroObjImproveIters=0 objFirst=143072517.890347 objLast=173721021.203249 objGain=30648503.312901 maxRC=59519282.779708 wallSec=0.011801 pricingSec=0.007833 cplexSolveSec=0.002138
    [CG] [CG-NODE] depth=0 exit=CERTIFIED certified=1 feasible=1 iters=5 generatedColsBeforeNode=0 newCols=59 posCandidates=59 duplicateCandidates=0 updatedCols=0 zeroObjImproveIters=0 objFirst=142704433.047378 objLast=173370510.661390 objGain=30666077.614012 maxRC=59380405.354143 wallSec=0.012023 pricingSec=0.008250 cplexSolveSec=0.002125
      [BB] 根节点即为整数解，obj=173721021.203249
      [BB] 根节点即为整数解，obj=173370510.661390
    [CG] CG iter 4: obj=173446813.316924, maxRC=1603714.913280, +7 cols
    [CG]   [DIAG] iter=4 posCols=7 newCols=7 effImprove=7 updated=0
    [CG] CG iter 2: obj=159966396.007201, maxRC=10613194.958178, +17 cols
    [CG] CG iter 2: obj=160467163.651099, maxRC=10628615.053388, +17 cols
    [CG]   [DIAG] iter=2 posCols=17 newCols=17 effImprove=17 updated=0
    [CG]   [DIAG] iter=2 posCols=17 newCols=17 effImprove=17 updated=0
    [CG] CG iter 5: obj=173446813.316924, maxRC=144061.442025, +1 cols
    [CG]   [DIAG] iter=5 posCols=1 newCols=1 effImprove=1 updated=0
    [CG] 列生成收敛，共 6 轮迭代
    [CG] [CG-NODE] depth=0 exit=CERTIFIED certified=1 feasible=1 iters=6 generatedColsBeforeNode=0 newCols=61 posCandidates=61 duplicateCandidates=0 updatedCols=0 zeroObjImproveIters=2 objFirst=142765226.173943 objLast=173446813.316924 objGain=30681587.142981 maxRC=59519294.038099 wallSec=0.010056 pricingSec=0.006647 cplexSolveSec=0.001844
      [BB] 根节点即为整数解，obj=173446813.316924
    [CG] CG iter 3: obj=166234617.487236, maxRC=5804737.155696, +11 cols
    [CG]   [DIAG] iter=3 posCols=11 newCols=11 effImprove=11 updated=0
    [CG] CG iter 3: obj=166834467.339669, maxRC=6259040.184667, +12 cols
    [CG]   [DIAG] iter=3 posCols=12 newCols=12 effImprove=12 updated=0
    [CG] CG iter 4: obj=173162303.988477, maxRC=1138839.405493, +3 cols
    [CG]   [DIAG] iter=4 posCols=3 newCols=3 effImprove=3 updated=0
    [CG] CG iter 4: obj=169537456.152709, maxRC=4129725.595002, +5 cols
    [CG]   [DIAG] iter=4 posCols=5 newCols=5 effImprove=5 updated=0
    [CG] CG iter 5: obj=173178194.048426, maxRC=557965.623388, +1 cols
    [CG]   [DIAG] iter=5 posCols=1 newCols=1 effImprove=1 updated=0
    [CG] 列生成收敛，共 5 轮迭代
    [CG] [CG-NODE] depth=0 exit=CERTIFIED certified=1 feasible=1 iters=5 generatedColsBeforeNode=0 newCols=57 posCandidates=57 duplicateCandidates=0 updatedCols=0 zeroObjImproveIters=0 objFirst=142930627.691156 objLast=173759140.820831 objGain=30828513.129676 maxRC=59519294.038099 wallSec=0.017657 pricingSec=0.012135 cplexSolveSec=0.002910
      [BB] 根节点即为整数解，obj=173759140.820831
    [CG] 列生成收敛，共 6 轮迭代
    [CG] [CG-NODE] depth=0 exit=CERTIFIED certified=1 feasible=1 iters=6 generatedColsBeforeNode=0 newCols=55 posCandidates=55 duplicateCandidates=0 updatedCols=0 zeroObjImproveIters=1 objFirst=142393337.622092 objLast=173178194.048426 objGain=30784856.426334 maxRC=59357076.959624 wallSec=0.018227 pricingSec=0.012420 cplexSolveSec=0.003183
      [BB] 根节点即为整数解，obj=173178194.048426
[GA] 代数 1: Best=173966644.95, Avg=173411839.17, Worst=172144870.60, Valid=30/30, 耗时=0.04s (连续1代未提升)
  ├─ 求解: 30 个体 fork 并行 | CG迭代=112 加列=1183 BB分支=0
  ├─ 并行墙钟=0.0384s | 串行等效(ΣBP)=0.2427s | 加速比=6.32x
  ├─ 管理开销=-0.2043s (fork=0.0031 wait=0.0349 merge=0.0003)
  └─ CG明细: gen_logs/run_gen1_ind{0..29}.log
    [CG] 列生成开始，初始列数=128
    [CG] 列生成开始，初始列数=128
    [CG] 列生成开始，初始列数=128
    [CG] 列生成开始，初始列数=128
    [CG] 列生成开始，初始列数=128
    [CG] 列生成开始，初始列数=128
    [CG] 列生成开始，初始列数=128
    [CG] 列生成开始，初始列数=128
    [CG] CG iter 1: obj=143118085.961560, maxRC=59519752.128890, +23 cols
    [CG]   [DIAG] iter=1 posCols=23 newCols=23 effImprove=23 updated=0
    [CG] CG iter 2: obj=160547159.086221, maxRC=10623535.569999, +17 cols
    [CG]   [DIAG] iter=2 posCols=17 newCols=17 effImprove=17 updated=0
    [CG] CG iter 1: obj=142578003.856809, maxRC=59504942.770654, +23 cols
    [CG]   [DIAG] iter=1 posCols=23 newCols=23 effImprove=23 updated=0
    [CG] CG iter 3: obj=166910462.894688, maxRC=6242172.852522, +12 cols
    [CG]   [DIAG] iter=3 posCols=12 newCols=12 effImprove=12 updated=0
    [CG] CG iter 4: obj=169595772.520210, maxRC=4116411.037899, +5 cols
    [CG]   [DIAG] iter=4 posCols=5 newCols=5 effImprove=5 updated=0
    [CG] CG iter 2: obj=160202861.290089, maxRC=9541273.967568, +17 cols
    [CG]   [DIAG] iter=2 posCols=17 newCols=17 effImprove=17 updated=0
    [CG] 列生成收敛，共 5 轮迭代
    [CG] [CG-NODE] depth=0 exit=CERTIFIED certified=1 feasible=1 iters=5 generatedColsBeforeNode=0 newCols=57 posCandidates=57 duplicateCandidates=0 updatedCols=0 zeroObjImproveIters=0 objFirst=143118085.961560 objLast=173825391.759507 objGain=30707305.797947 maxRC=59519752.128890 wallSec=0.006185 pricingSec=0.003935 cplexSolveSec=0.001153
      [BB] 根节点即为整数解，obj=173825391.759507
    [CG] CG iter 1: obj=142428540.586941, maxRC=59492227.670169, +23 cols
    [CG]   [DIAG] iter=1 posCols=23 newCols=23 effImprove=23 updated=0
    [CG] CG iter 1: obj=143259721.704879, maxRC=59519752.128890, +23 cols
    [CG] CG iter 3: obj=166053067.857232, maxRC=7331895.120440, +15 cols
    [CG]   [DIAG] iter=3 posCols=15 newCols=15 effImprove=15 updated=0
    [CG]   [DIAG] iter=1 posCols=23 newCols=23 effImprove=23 updated=0
    [CG] CG iter 4: obj=173384962.977672, maxRC=1584944.931588, +7 cols
    [CG]   [DIAG] iter=4 posCols=7 newCols=7 effImprove=7 updated=0
    [CG] CG iter 2: obj=160194883.376817, maxRC=10640716.695376, +17 cols
    [CG] CG iter 5: obj=173384962.977672, maxRC=179195.841377, +1 cols
    [CG]   [DIAG] iter=2 posCols=17 newCols=17 effImprove=17 updated=0
    [CG]   [DIAG] iter=5 posCols=1 newCols=1 effImprove=1 updated=0
    [CG] CG iter 2: obj=160626613.483150, maxRC=10623485.371715, +17 cols
    [CG]   [DIAG] iter=2 posCols=17 newCols=17 effImprove=17 updated=0
    [CG] 列生成开始，初始列数=128
    [CG] 列生成收敛，共 6 轮迭代
    [CG] [CG-NODE] depth=0 exit=CERTIFIED certified=1 feasible=1 iters=6 generatedColsBeforeNode=0 newCols=63 posCandidates=63 duplicateCandidates=0 updatedCols=0 zeroObjImproveIters=2 objFirst=142578003.856809 objLast=173384962.977672 objGain=30806959.120863 maxRC=59504942.770654 wallSec=0.008303 pricingSec=0.005450 cplexSolveSec=0.001565
      [BB] 根节点即为整数解，obj=173384962.977672
    [CG] CG iter 3: obj=166505556.309486, maxRC=6227189.978970, +12 cols
    [CG]   [DIAG] iter=3 posCols=12 newCols=12 effImprove=12 updated=0
    [CG] CG iter 3: obj=167020874.240658, maxRC=6255284.932562, +12 cols
    [CG]   [DIAG] iter=3 posCols=12 newCols=12 effImprove=12 updated=0
    [CG] CG iter 1: obj=141991390.860196, maxRC=59168454.748781, +23 cols
    [CG] CG iter 4: obj=169175912.092761, maxRC=4075813.869696, +5 cols
    [CG]   [DIAG] iter=4 posCols=5 newCols=5 effImprove=5 updated=0
    [CG]   [DIAG] iter=1 posCols=23 newCols=23 effImprove=23 updated=0
    [CG] CG iter 4: obj=169719242.089934, maxRC=4143796.395303, +5 cols
    [CG]   [DIAG] iter=4 posCols=5 newCols=5 effImprove=5 updated=0
    [CG] 列生成收敛，共 5 轮迭代
    [CG] [CG-NODE] depth=0 exit=CERTIFIED certified=1 feasible=1 iters=5 generatedColsBeforeNode=0 newCols=57 posCandidates=57 duplicateCandidates=0 updatedCols=0 zeroObjImproveIters=0 objFirst=142428540.586941 objLast=173412943.845126 objGain=30984403.258186 maxRC=59492227.670169 wallSec=0.009962 pricingSec=0.006487 cplexSolveSec=0.001938
      [BB] 根节点即为整数解，obj=173412943.845126
    [CG] 列生成收敛，共 5 轮迭代
    [CG] [CG-NODE] depth=0 exit=CERTIFIED certified=1 feasible=1 iters=5 generatedColsBeforeNode=0 newCols=57 posCandidates=57 duplicateCandidates=0 updatedCols=0 zeroObjImproveIters=0 objFirst=143259721.704879 objLast=173937638.177805 objGain=30677916.472926 maxRC=59519752.128890 wallSec=0.009789 pricingSec=0.006372 cplexSolveSec=0.001915
      [BB] 根节点即为整数解，obj=173937638.177805
    [CG] 列生成开始，初始列数=128
    [CG] CG iter 2: obj=159438028.761156, maxRC=9181785.445159, +17 cols
    [CG]   [DIAG] iter=2 posCols=17 newCols=17 effImprove=17 updated=0
    [CG] CG iter 1: obj=142968745.284686, maxRC=59519752.128890, +23 cols
    [CG] CG iter 3: obj=172699141.036879, maxRC=1387041.930507, +3 cols
    [CG]   [DIAG] iter=3 posCols=3 newCols=3 effImprove=3 updated=0
    [CG]   [DIAG] iter=1 posCols=23 newCols=23 effImprove=23 updated=0
    [CG] CG iter 1: obj=142318526.729224, maxRC=59248527.968477, +23 cols
    [CG] CG iter 4: obj=172699141.036879, maxRC=488693.873315, +4 cols
    [CG]   [DIAG] iter=1 posCols=23 newCols=23 effImprove=23 updated=0
    [CG]   [DIAG] iter=4 posCols=4 newCols=4 effImprove=4 updated=0
    [CG] CG iter 1: obj=143079122.796711, maxRC=59519294.038099, +23 cols
    [CG] 列生成开始，初始列数=128
    [CG] CG iter 1: obj=143054211.018849, maxRC=59519294.038099, +23 cols
    [CG] 列生成收敛，共 5 轮迭代
    [CG] [CG-NODE] depth=0 exit=CERTIFIED certified=1 feasible=1 iters=5 generatedColsBeforeNode=0 newCols=47 posCandidates=47 duplicateCandidates=0 updatedCols=0 zeroObjImproveIters=2 objFirst=141991390.860196 objLast=172699141.036879 objGain=30707750.176684 maxRC=59168454.748781 wallSec=0.012490 pricingSec=0.008366 cplexSolveSec=0.002241
    [CG]   [DIAG] iter=1 posCols=23 newCols=23 effImprove=23 updated=0
    [CG]   [DIAG] iter=1 posCols=23 newCols=23 effImprove=23 updated=0
      [BB] 根节点即为整数解，obj=172699141.036879
    [CG] CG iter 2: obj=160356043.384029, maxRC=10623485.371715, +17 cols
    [CG] 列生成开始，初始列数=128
    [CG]   [DIAG] iter=2 posCols=17 newCols=17 effImprove=17 updated=0
    [CG] CG iter 2: obj=160476166.942427, maxRC=10723445.386185, +17 cols
    [CG]   [DIAG] iter=2 posCols=17 newCols=17 effImprove=17 updated=0
    [CG] CG iter 2: obj=160122721.249184, maxRC=10065005.134249, +17 cols
    [CG]   [DIAG] iter=2 posCols=17 newCols=17 effImprove=17 updated=0
    [CG] CG iter 3: obj=166800128.630513, maxRC=6237239.258924, +12 cols
    [CG] CG iter 1: obj=142527645.099260, maxRC=59513061.050813, +23 cols
    [CG]   [DIAG] iter=3 posCols=12 newCols=12 effImprove=12 updated=0
    [CG]   [DIAG] iter=1 posCols=23 newCols=23 effImprove=23 updated=0
    [CG] CG iter 2: obj=160495932.369498, maxRC=10717367.892941, +17 cols
    [CG]   [DIAG] iter=2 posCols=17 newCols=17 effImprove=17 updated=0
    [CG] CG iter 4: obj=169505205.105111, maxRC=4093226.014389, +7 cols
    [CG]   [DIAG] iter=4 posCols=7 newCols=7 effImprove=7 updated=0
    [CG] CG iter 3: obj=166714723.651037, maxRC=6240180.726841, +12 cols
    [CG]   [DIAG] iter=3 posCols=12 newCols=12 effImprove=12 updated=0
    [CG] CG iter 2: obj=160069770.553018, maxRC=10618864.577953, +17 cols
    [CG]   [DIAG] iter=2 posCols=17 newCols=17 effImprove=17 updated=0
    [CG] 列生成开始，初始列数=128
    [CG] 列生成收敛，共 5 轮迭代
    [CG] CG iter 3: obj=169746259.280808, maxRC=3880561.252018, +11 cols
    [CG] [CG-NODE] depth=0 exit=CERTIFIED certified=1 feasible=1 iters=5 generatedColsBeforeNode=0 newCols=59 posCandidates=59 duplicateCandidates=0 updatedCols=0 zeroObjImproveIters=0 objFirst=143054211.018849 objLast=173699613.288247 objGain=30645402.269398 maxRC=59519294.038099 wallSec=0.008680 pricingSec=0.005758 cplexSolveSec=0.001551
    [CG]   [DIAG] iter=3 posCols=11 newCols=11 effImprove=11 updated=0
      [BB] 根节点即为整数解，obj=173699613.288247
    [CG] CG iter 3: obj=166276991.483150, maxRC=5772821.525567, +10 cols
    [CG]   [DIAG] iter=3 posCols=10 newCols=10 effImprove=10 updated=0
    [CG] CG iter 4: obj=169398037.299554, maxRC=4112281.464520, +5 cols
    [CG] CG iter 3: obj=166828617.818286, maxRC=6240627.335579, +12 cols
    [CG]   [DIAG] iter=4 posCols=5 newCols=5 effImprove=5 updated=0
    [CG]   [DIAG] iter=3 posCols=12 newCols=12 effImprove=12 updated=0
    [CG] CG iter 4: obj=173088844.563553, maxRC=1532687.519753, +4 cols
    [CG] CG iter 4: obj=173056189.614668, maxRC=1163465.245582, +2 cols
    [CG]   [DIAG] iter=4 posCols=4 newCols=4 effImprove=4 updated=0
    [CG]   [DIAG] iter=4 posCols=2 newCols=2 effImprove=2 updated=0
    [CG] 列生成收敛，共 5 轮迭代
    [CG] [CG-NODE] depth=0 exit=CERTIFIED certified=1 feasible=1 iters=5 generatedColsBeforeNode=0 newCols=52 posCandidates=52 duplicateCandidates=0 updatedCols=0 zeroObjImproveIters=0 objFirst=142527645.099260 objLast=173213278.254299 objGain=30685633.155040 maxRC=59513061.050813 wallSec=0.007715 pricingSec=0.004740 cplexSolveSec=0.001417
    [CG] 列生成收敛，共 5 轮迭代
    [CG] [CG-NODE] depth=0 exit=CERTIFIED certified=1 feasible=1 iters=5 generatedColsBeforeNode=0 newCols=57 posCandidates=57 duplicateCandidates=0 updatedCols=0 zeroObjImproveIters=0 objFirst=142968745.284686 objLast=173629372.453515 objGain=30660627.168829 maxRC=59519752.128890 wallSec=0.016943 pricingSec=0.011624 cplexSolveSec=0.002986
      [BB] 根节点即为整数解，obj=173213278.254299
    [CG] CG iter 5: obj=173088844.563553, maxRC=684720.871028, +4 cols
    [CG] CG iter 4: obj=169535217.902923, maxRC=4100380.593178, +7 cols
    [CG]   [DIAG] iter=5 posCols=4 newCols=4 effImprove=4 updated=0
      [BB] 根节点即为整数解，obj=173629372.453515
    [CG]   [DIAG] iter=4 posCols=7 newCols=7 effImprove=7 updated=0
    [CG] 列生成开始，初始列数=128
    [CG] 列生成收敛，共 5 轮迭代
    [CG] [CG-NODE] depth=0 exit=CERTIFIED certified=1 feasible=1 iters=5 generatedColsBeforeNode=0 newCols=59 posCandidates=59 duplicateCandidates=0 updatedCols=0 zeroObjImproveIters=0 objFirst=143079122.796711 objLast=173729308.955049 objGain=30650186.158339 maxRC=59519294.038099 wallSec=0.018030 pricingSec=0.012425 cplexSolveSec=0.002988
    [CG] CG iter 6: obj=173206972.097425, maxRC=145529.179984, +1 cols
    [CG]   [DIAG] iter=6 posCols=1 newCols=1 effImprove=1 updated=0
      [BB] 根节点即为整数解，obj=173729308.955049
    [CG] 列生成收敛，共 7 轮迭代
    [CG] [CG-NODE] depth=0 exit=CERTIFIED certified=1 feasible=1 iters=7 generatedColsBeforeNode=0 newCols=60 posCandidates=60 duplicateCandidates=0 updatedCols=0 zeroObjImproveIters=2 objFirst=142318526.729224 objLast=173206972.097425 objGain=30888445.368201 maxRC=59248527.968477 wallSec=0.018207 pricingSec=0.012202 cplexSolveSec=0.003467
      [BB] 根节点即为整数解，obj=173206972.097425
    [CG] 列生成开始，初始列数=128
    [CG] 列生成开始，初始列数=128
    [CG] 列生成开始，初始列数=128
    [CG] 列生成开始，初始列数=128
    [CG] CG iter 1: obj=142792958.190698, maxRC=59517082.217684, +23 cols
    [CG]   [DIAG] iter=1 posCols=23 newCols=23 effImprove=23 updated=0
    [CG] CG iter 1: obj=142711227.120877, maxRC=59499005.918279, +23 cols
    [CG] CG iter 2: obj=160320645.044510, maxRC=10624064.869288, +17 cols
    [CG]   [DIAG] iter=2 posCols=17 newCols=17 effImprove=17 updated=0
    [CG]   [DIAG] iter=1 posCols=23 newCols=23 effImprove=23 updated=0
    [CG] CG iter 1: obj=143084393.513824, maxRC=59519183.631294, +23 cols
    [CG]   [DIAG] iter=1 posCols=23 newCols=23 effImprove=23 updated=0
    [CG] CG iter 3: obj=166636362.843926, maxRC=6232489.068474, +12 cols
    [CG]   [DIAG] iter=3 posCols=12 newCols=12 effImprove=12 updated=0
    [CG] CG iter 1: obj=142493479.351592, maxRC=59492227.670169, +23 cols
    [CG]   [DIAG] iter=1 posCols=23 newCols=23 effImprove=23 updated=0
    [CG] CG iter 4: obj=169304862.760808, maxRC=4078364.167725, +5 cols
    [CG]   [DIAG] iter=4 posCols=5 newCols=5 effImprove=5 updated=0
    [CG] CG iter 2: obj=160504168.550329, maxRC=10734718.520622, +17 cols
    [CG] CG iter 2: obj=160626603.299927, maxRC=10623458.274557, +17 cols
    [CG]   [DIAG] iter=2 posCols=17 newCols=17 effImprove=17 updated=0
    [CG] CG iter 1: obj=143236626.562375, maxRC=59519752.128890, +23 cols
    [CG]   [DIAG] iter=2 posCols=17 newCols=17 effImprove=17 updated=0
    [CG]   [DIAG] iter=1 posCols=23 newCols=23 effImprove=23 updated=0
    [CG] 列生成收敛，共 5 轮迭代
    [CG] [CG-NODE] depth=0 exit=CERTIFIED certified=1 feasible=1 iters=5 generatedColsBeforeNode=0 newCols=57 posCandidates=57 duplicateCandidates=0 updatedCols=0 zeroObjImproveIters=0 objFirst=142792958.190698 objLast=173548064.951897 objGain=30755106.761200 maxRC=59517082.217684 wallSec=0.011391 pricingSec=0.007743 cplexSolveSec=0.002040
      [BB] 根节点即为整数解，obj=173548064.951897
    [CG] CG iter 3: obj=166830868.703064, maxRC=6236357.251910, +12 cols
    [CG]   [DIAG] iter=3 posCols=12 newCols=12 effImprove=12 updated=0
    [CG] CG iter 2: obj=160309485.675434, maxRC=10618837.480795, +17 cols
    [CG]   [DIAG] iter=2 posCols=17 newCols=17 effImprove=17 updated=0
    [CG] CG iter 2: obj=160606875.939842, maxRC=10623485.371715, +17 cols
    [CG]   [DIAG] iter=2 posCols=17 newCols=17 effImprove=17 updated=0
    [CG] CG iter 3: obj=166962351.944905, maxRC=6280300.081366, +11 cols
    [CG] CG iter 4: obj=169538522.187532, maxRC=4095057.109680, +7 cols
    [CG]   [DIAG] iter=4 posCols=7 newCols=7 effImprove=7 updated=0
    [CG]   [DIAG] iter=3 posCols=11 newCols=11 effImprove=11 updated=0
    [CG] 列生成收敛，共 5 轮迭代
    [CG] [CG-NODE] depth=0 exit=CERTIFIED certified=1 feasible=1 iters=5 generatedColsBeforeNode=0 newCols=59 posCandidates=59 duplicateCandidates=0 updatedCols=0 zeroObjImproveIters=0 objFirst=143084393.513824 objLast=173727289.756159 objGain=30642896.242335 maxRC=59519183.631294 wallSec=0.010606 pricingSec=0.007219 cplexSolveSec=0.001805
      [BB] 根节点即为整数解，obj=173727289.756159
    [CG] CG iter 3: obj=166999457.897753, maxRC=6257033.695869, +12 cols
    [CG]   [DIAG] iter=3 posCols=12 newCols=12 effImprove=12 updated=0
    [CG] CG iter 1: obj=142224965.514989, maxRC=59248527.968477, +23 cols
    [CG] CG iter 3: obj=166668155.369334, maxRC=6241352.133607, +12 cols
    [CG] CG iter 4: obj=169602190.987275, maxRC=4089524.254511, +5 cols
    [CG]   [DIAG] iter=4 posCols=5 newCols=5 effImprove=5 updated=0
    [CG]   [DIAG] iter=3 posCols=12 newCols=12 effImprove=12 updated=0
    [CG]   [DIAG] iter=1 posCols=23 newCols=23 effImprove=23 updated=0
    [CG] CG iter 4: obj=169699624.515297, maxRC=4143805.047541, +5 cols
    [CG]   [DIAG] iter=4 posCols=5 newCols=5 effImprove=5 updated=0
    [CG] 列生成开始，初始列数=128
    [CG] 列生成收敛，共 5 轮迭代
    [CG] [CG-NODE] depth=0 exit=CERTIFIED certified=1 feasible=1 iters=5 generatedColsBeforeNode=0 newCols=56 posCandidates=56 duplicateCandidates=0 updatedCols=0 zeroObjImproveIters=0 objFirst=142711227.120877 objLast=173820600.337975 objGain=31109373.217099 maxRC=59499005.918279 wallSec=0.017023 pricingSec=0.011898 cplexSolveSec=0.002823
    [CG] CG iter 4: obj=169351537.804613, maxRC=4114969.089531, +5 cols
      [BB] 根节点即为整数解，obj=173820600.337975
    [CG]   [DIAG] iter=4 posCols=5 newCols=5 effImprove=5 updated=0
    [CG] CG iter 2: obj=160049321.569060, maxRC=9210524.262289, +17 cols
    [CG] 列生成收敛，共 5 轮迭代
    [CG] [CG-NODE] depth=0 exit=CERTIFIED certified=1 feasible=1 iters=5 generatedColsBeforeNode=0 newCols=57 posCandidates=57 duplicateCandidates=0 updatedCols=0 zeroObjImproveIters=0 objFirst=143236626.562375 objLast=173918020.603168 objGain=30681394.040793 maxRC=59519752.128890 wallSec=0.010232 pricingSec=0.006897 cplexSolveSec=0.001797
    [CG]   [DIAG] iter=2 posCols=17 newCols=17 effImprove=17 updated=0
      [BB] 根节点即为整数解，obj=173918020.603168
    [CG] CG iter 3: obj=173083827.206857, maxRC=1177739.726986, +7 cols
    [CG] 列生成收敛，共 5 轮迭代
    [CG]   [DIAG] iter=3 posCols=7 newCols=7 effImprove=7 updated=0
    [CG] [CG-NODE] depth=0 exit=CERTIFIED certified=1 feasible=1 iters=5 generatedColsBeforeNode=0 newCols=57 posCandidates=57 duplicateCandidates=0 updatedCols=0 zeroObjImproveIters=0 objFirst=142493479.351592 objLast=173583139.949140 objGain=31089660.597547 maxRC=59492227.670169 wallSec=0.017448 pricingSec=0.012057 cplexSolveSec=0.002874
      [BB] 根节点即为整数解，obj=173583139.949140
    [CG] 列生成开始，初始列数=128
    [CG] CG iter 4: obj=173083827.206857, maxRC=85521.649732, +1 cols
    [CG]   [DIAG] iter=4 posCols=1 newCols=1 effImprove=1 updated=0
    [CG] 列生成收敛，共 5 轮迭代
    [CG] [CG-NODE] depth=0 exit=CERTIFIED certified=1 feasible=1 iters=5 generatedColsBeforeNode=0 newCols=48 posCandidates=48 duplicateCandidates=0 updatedCols=0 zeroObjImproveIters=2 objFirst=142224965.514989 objLast=173083827.206857 objGain=30858861.691868 maxRC=59248527.968477 wallSec=0.010173 pricingSec=0.006849 cplexSolveSec=0.001773
      [BB] 根节点即为整数解，obj=173083827.206857
    [CG] 列生成开始，初始列数=128
    [CG] CG iter 1: obj=142710709.905558, maxRC=59519801.728949, +23 cols
    [CG]   [DIAG] iter=1 posCols=23 newCols=23 effImprove=23 updated=0
    [CG] 列生成开始，初始列数=128
    [CG] 列生成开始，初始列数=128
    [CG] 列生成开始，初始列数=128
    [CG] CG iter 1: obj=142936718.074233, maxRC=59518503.732890, +23 cols
    [CG]   [DIAG] iter=1 posCols=23 newCols=23 effImprove=23 updated=0
    [CG] CG iter 2: obj=160240128.284081, maxRC=10697332.338920, +17 cols
    [CG]   [DIAG] iter=2 posCols=17 newCols=17 effImprove=17 updated=0
    [CG] CG iter 2: obj=160535936.425663, maxRC=10624666.880028, +17 cols
    [CG]   [DIAG] iter=2 posCols=17 newCols=17 effImprove=17 updated=0
    [CG] CG iter 1: obj=141928556.221568, maxRC=58979778.369505, +23 cols
    [CG]   [DIAG] iter=1 posCols=23 newCols=23 effImprove=23 updated=0
    [CG] CG iter 3: obj=166483754.791442, maxRC=5792349.228836, +11 cols
    [CG]   [DIAG] iter=3 posCols=11 newCols=11 effImprove=11 updated=0
    [CG] CG iter 1: obj=143161919.157666, maxRC=59380190.021232, +23 cols
    [CG]   [DIAG] iter=1 posCols=23 newCols=23 effImprove=23 updated=0
    [CG] CG iter 3: obj=166855247.895624, maxRC=6278663.141883, +11 cols
    [CG] CG iter 4: obj=173339367.809433, maxRC=1138839.405493, +3 cols
    [CG]   [DIAG] iter=4 posCols=3 newCols=3 effImprove=3 updated=0
    [CG]   [DIAG] iter=3 posCols=11 newCols=11 effImprove=11 updated=0
    [CG] CG iter 2: obj=158976653.456928, maxRC=10290666.149148, +17 cols
    [CG] CG iter 1: obj=143176257.125714, maxRC=59519294.038099, +23 cols
    [CG]   [DIAG] iter=2 posCols=17 newCols=17 effImprove=17 updated=0
    [CG] CG iter 5: obj=173414943.425771, maxRC=552851.529781, +1 cols
    [CG]   [DIAG] iter=5 posCols=1 newCols=1 effImprove=1 updated=0
    [CG] CG iter 2: obj=160389129.577279, maxRC=10533224.874223, +17 cols
    [CG]   [DIAG] iter=1 posCols=23 newCols=23 effImprove=23 updated=0
    [CG] CG iter 4: obj=169496199.387104, maxRC=4079501.263269, +5 cols
    [CG]   [DIAG] iter=2 posCols=17 newCols=17 effImprove=17 updated=0
    [CG]   [DIAG] iter=4 posCols=5 newCols=5 effImprove=5 updated=0
    [CG] 列生成收敛，共 6 轮迭代
    [CG] [CG-NODE] depth=0 exit=CERTIFIED certified=1 feasible=1 iters=6 generatedColsBeforeNode=0 newCols=55 posCandidates=55 duplicateCandidates=0 updatedCols=0 zeroObjImproveIters=1 objFirst=142710709.905558 objLast=173414943.425771 objGain=30704233.520212 maxRC=59519801.728949 wallSec=0.018872 pricingSec=0.012858 cplexSolveSec=0.003355
    [CG] 列生成收敛，共 5 轮迭代
    [CG] [CG-NODE] depth=0 exit=CERTIFIED certified=1 feasible=1 iters=5 generatedColsBeforeNode=0 newCols=56 posCandidates=56 duplicateCandidates=0 updatedCols=0 zeroObjImproveIters=0 objFirst=142936718.074233 objLast=173718693.093673 objGain=30781975.019440 maxRC=59518503.732890 wallSec=0.018141 pricingSec=0.012606 cplexSolveSec=0.003006
      [BB] 根节点即为整数解，obj=173414943.425771
      [BB] 根节点即为整数解，obj=173718693.093673
    [CG] CG iter 2: obj=160566503.201449, maxRC=10624666.880028, +17 cols
    [CG]   [DIAG] iter=2 posCols=17 newCols=17 effImprove=17 updated=0
    [CG] CG iter 3: obj=166808100.765371, maxRC=6260140.310536, +12 cols
    [CG]   [DIAG] iter=3 posCols=12 newCols=12 effImprove=12 updated=0
    [CG] CG iter 3: obj=165343619.005303, maxRC=6226428.151774, +12 cols
    [CG]   [DIAG] iter=3 posCols=12 newCols=12 effImprove=12 updated=0
    [CG] CG iter 3: obj=166941316.017600, maxRC=6253404.451722, +12 cols
    [CG]   [DIAG] iter=3 posCols=12 newCols=12 effImprove=12 updated=0
    [CG] CG iter 4: obj=169511373.997583, maxRC=4208596.346207, +5 cols
    [CG]   [DIAG] iter=4 posCols=5 newCols=5 effImprove=5 updated=0
    [CG] CG iter 4: obj=172293065.638149, maxRC=2205052.610909, +4 cols
    [CG] CG iter 4: obj=169632352.231927, maxRC=4128721.579632, +5 cols
    [CG]   [DIAG] iter=4 posCols=5 newCols=5 effImprove=5 updated=0
    [CG]   [DIAG] iter=4 posCols=4 newCols=4 effImprove=4 updated=0
    [CG] 列生成收敛，共 5 轮迭代
    [CG] [CG-NODE] depth=0 exit=CERTIFIED certified=1 feasible=1 iters=5 generatedColsBeforeNode=0 newCols=57 posCandidates=57 duplicateCandidates=0 updatedCols=0 zeroObjImproveIters=0 objFirst=143161919.157666 objLast=173739072.608523 objGain=30577153.450857 maxRC=59380190.021232 wallSec=0.011577 pricingSec=0.007695 cplexSolveSec=0.002194
    [CG] 列生成开始，初始列数=128
      [BB] 根节点即为整数解，obj=173739072.608523
    [CG] 列生成收敛，共 5 轮迭代
    [CG] [CG-NODE] depth=0 exit=CERTIFIED certified=1 feasible=1 iters=5 generatedColsBeforeNode=0 newCols=57 posCandidates=57 duplicateCandidates=0 updatedCols=0 zeroObjImproveIters=0 objFirst=143176257.125714 objLast=173854784.270507 objGain=30678527.144792 maxRC=59519294.038099 wallSec=0.009119 pricingSec=0.005899 cplexSolveSec=0.001826
    [CG] 列生成开始，初始列数=128
      [BB] 根节点即为整数解，obj=173854784.270507
    [CG] CG iter 5: obj=172293065.638149, maxRC=136545.915488, +2 cols
    [CG]   [DIAG] iter=5 posCols=2 newCols=2 effImprove=2 updated=0
    [CG] 列生成收敛，共 6 轮迭代
    [CG] [CG-NODE] depth=0 exit=CERTIFIED certified=1 feasible=1 iters=6 generatedColsBeforeNode=0 newCols=58 posCandidates=58 duplicateCandidates=0 updatedCols=0 zeroObjImproveIters=1 objFirst=141928556.221568 objLast=172302439.661460 objGain=30373883.439893 maxRC=58979778.369505 wallSec=0.014552 pricingSec=0.009266 cplexSolveSec=0.003211
    [CG] CG iter 1: obj=143164013.267532, maxRC=59519282.779708, +23 cols
      [BB] 根节点即为整数解，obj=172302439.661460
    [CG]   [DIAG] iter=1 posCols=23 newCols=23 effImprove=23 updated=0
    [CG] CG iter 1: obj=143022627.859063, maxRC=59519752.128890, +23 cols
    [CG]   [DIAG] iter=1 posCols=23 newCols=23 effImprove=23 updated=0
    [CG] CG iter 1: obj=142054480.445617, maxRC=59497429.692517, +23 cols
    [CG]   [DIAG] iter=1 posCols=23 newCols=23 effImprove=23 updated=0
    [CG] CG iter 2: obj=160584457.511974, maxRC=10623120.738421, +17 cols
    [CG]   [DIAG] iter=2 posCols=17 newCols=17 effImprove=17 updated=0
    [CG] CG iter 2: obj=160450673.846651, maxRC=10723810.019479, +17 cols
    [CG]   [DIAG] iter=2 posCols=17 newCols=17 effImprove=17 updated=0
    [CG] CG iter 2: obj=159990556.398728, maxRC=10814050.191042, +17 cols
    [CG]   [DIAG] iter=2 posCols=17 newCols=17 effImprove=17 updated=0
    [CG] CG iter 3: obj=166965768.799223, maxRC=6250531.310517, +12 cols
    [CG]   [DIAG] iter=3 posCols=12 newCols=12 effImprove=12 updated=0
    [CG] CG iter 1: obj=143254364.810908, maxRC=59519752.128890, +23 cols
    [CG]   [DIAG] iter=1 posCols=23 newCols=23 effImprove=23 updated=0
    [CG] CG iter 3: obj=166762264.010732, maxRC=6231774.480158, +12 cols
    [CG]   [DIAG] iter=3 posCols=12 newCols=12 effImprove=12 updated=0
    [CG] CG iter 4: obj=169659433.031416, maxRC=4132883.055551, +5 cols
    [CG]   [DIAG] iter=4 posCols=5 newCols=5 effImprove=5 updated=0
    [CG] CG iter 3: obj=166119789.095131, maxRC=6299434.364939, +12 cols
    [CG] CG iter 2: obj=160626609.885663, maxRC=10623485.371715, +17 cols
    [CG]   [DIAG] iter=3 posCols=12 newCols=12 effImprove=12 updated=0
    [CG]   [DIAG] iter=2 posCols=17 newCols=17 effImprove=17 updated=0
    [CG] 列生成收敛，共 5 轮迭代
    [CG] [CG-NODE] depth=0 exit=CERTIFIED certified=1 feasible=1 iters=5 generatedColsBeforeNode=0 newCols=57 posCandidates=57 duplicateCandidates=0 updatedCols=0 zeroObjImproveIters=0 objFirst=143164013.267532 objLast=173882304.365640 objGain=30718291.098108 maxRC=59519282.779708 wallSec=0.017566 pricingSec=0.012011 cplexSolveSec=0.003071
    [CG] CG iter 4: obj=169461798.332600, maxRC=4081998.228190, +7 cols
    [CG]   [DIAG] iter=4 posCols=7 newCols=7 effImprove=7 updated=0
      [BB] 根节点即为整数解，obj=173882304.365640
    [CG] CG iter 3: obj=167018193.994930, maxRC=6256287.459420, +12 cols
    [CG]   [DIAG] iter=3 posCols=12 newCols=12 effImprove=12 updated=0
    [CG] 列生成收敛，共 5 轮迭代
    [CG] [CG-NODE] depth=0 exit=CERTIFIED certified=1 feasible=1 iters=5 generatedColsBeforeNode=0 newCols=59 posCandidates=59 duplicateCandidates=0 updatedCols=0 zeroObjImproveIters=0 objFirst=143022627.859063 objLast=173660776.674508 objGain=30638148.815445 maxRC=59519752.128890 wallSec=0.018087 pricingSec=0.012458 cplexSolveSec=0.002988
    [CG] CG iter 4: obj=168687979.298402, maxRC=3927006.984979, +5 cols
      [BB] 根节点即为整数解，obj=173660776.674508
    [CG]   [DIAG] iter=4 posCols=5 newCols=5 effImprove=5 updated=0
    [CG] CG iter 4: obj=169713885.913635, maxRC=4141500.686174, +5 cols
    [CG]   [DIAG] iter=4 posCols=5 newCols=5 effImprove=5 updated=0
    [CG] 列生成收敛，共 5 轮迭代
    [CG] [CG-NODE] depth=0 exit=CERTIFIED certified=1 feasible=1 iters=5 generatedColsBeforeNode=0 newCols=57 posCandidates=57 duplicateCandidates=0 updatedCols=0 zeroObjImproveIters=0 objFirst=143254364.810908 objLast=173932282.001505 objGain=30677917.190597 maxRC=59519752.128890 wallSec=0.010044 pricingSec=0.006719 cplexSolveSec=0.001847
    [CG] 列生成收敛，共 5 轮迭代
    [CG] [CG-NODE] depth=0 exit=CERTIFIED certified=1 feasible=1 iters=5 generatedColsBeforeNode=0 newCols=57 posCandidates=57 duplicateCandidates=0 updatedCols=0 zeroObjImproveIters=0 objFirst=142054480.445617 objLast=172849370.781159 objGain=30794890.335542 maxRC=59497429.692517 wallSec=0.018615 pricingSec=0.012826 cplexSolveSec=0.003182
      [BB] 根节点即为整数解，obj=173932282.001505
      [BB] 根节点即为整数解，obj=172849370.781159
    [CG] CG iter 1: obj=143065423.207324, maxRC=59514903.698502, +23 cols
    [CG]   [DIAG] iter=1 posCols=23 newCols=23 effImprove=23 updated=0
    [CG] CG iter 2: obj=160483470.825796, maxRC=10720470.489322, +17 cols
    [CG]   [DIAG] iter=2 posCols=17 newCols=17 effImprove=17 updated=0
    [CG] CG iter 3: obj=166818257.724571, maxRC=6238354.456797, +12 cols
    [CG]   [DIAG] iter=3 posCols=12 newCols=12 effImprove=12 updated=0
    [CG] CG iter 4: obj=169530225.662196, maxRC=4104175.927710, +7 cols
    [CG]   [DIAG] iter=4 posCols=7 newCols=7 effImprove=7 updated=0
    [CG] 列生成收敛，共 5 轮迭代
    [CG] [CG-NODE] depth=0 exit=CERTIFIED certified=1 feasible=1 iters=5 generatedColsBeforeNode=0 newCols=59 posCandidates=59 duplicateCandidates=0 updatedCols=0 zeroObjImproveIters=0 objFirst=143065423.207324 objLast=173722701.184261 objGain=30657277.976937 maxRC=59514903.698502 wallSec=0.015754 pricingSec=0.010763 cplexSolveSec=0.002733
      [BB] 根节点即为整数解，obj=173722701.184261
[GA] 代数 2: Best=173966644.95, Avg=173509465.46, Worst=172331325.35, Valid=30/30, 耗时=0.06s (连续2代未提升)
  ├─ 求解: 30 个体 fork 并行 | CG迭代=135 加列=1474 BB分支=0
  ├─ 并行墙钟=0.0570s | 串行等效(ΣBP)=0.3516s | 加速比=6.17x
  ├─ 管理开销=-0.2946s (fork=0.0040 wait=0.0525 merge=0.0004)
  └─ CG明细: gen_logs/run_gen2_ind{0..29}.log
    [CG] 列生成开始，初始列数=128
    [CG] 列生成开始，初始列数=128
    [CG] 列生成开始，初始列数=128
    [CG] 列生成开始，初始列数=128
    [CG] 列生成开始，初始列数=128
    [CG] 列生成开始，初始列数=128
    [CG] 列生成开始，初始列数=128
    [CG] 列生成开始，初始列数=128
    [CG] CG iter 1: obj=143067732.550193, maxRC=59519260.950184, +23 cols
    [CG]   [DIAG] iter=1 posCols=23 newCols=23 effImprove=23 updated=0
    [CG] CG iter 2: obj=160487617.943827, maxRC=10728279.545815, +17 cols
    [CG]   [DIAG] iter=2 posCols=17 newCols=17 effImprove=17 updated=0
    [CG] CG iter 3: obj=166815351.068700, maxRC=6239122.029217, +12 cols
    [CG]   [DIAG] iter=3 posCols=12 newCols=12 effImprove=12 updated=0
    [CG] CG iter 1: obj=142677363.562269, maxRC=59248527.968477, +23 cols
    [CG]   [DIAG] iter=1 posCols=23 newCols=23 effImprove=23 updated=0
    [CG] CG iter 1: obj=143254160.528749, maxRC=59519282.779708, +23 cols
    [CG] CG iter 1: obj=143150651.301763, maxRC=59518467.776323, +23 cols
    [CG]   [DIAG] iter=1 posCols=23 newCols=23 effImprove=23 updated=0
    [CG] CG iter 4: obj=169523800.888971, maxRC=4097040.466720, +7 cols
    [CG]   [DIAG] iter=4 posCols=7 newCols=7 effImprove=7 updated=0
    [CG]   [DIAG] iter=1 posCols=23 newCols=23 effImprove=23 updated=0
    [CG] CG iter 1: obj=142949815.295824, maxRC=59519294.038099, +23 cols
    [CG] 列生成收敛，共 5 轮迭代
    [CG] [CG-NODE] depth=0 exit=CERTIFIED certified=1 feasible=1 iters=5 generatedColsBeforeNode=0 newCols=59 posCandidates=59 duplicateCandidates=0 updatedCols=0 zeroObjImproveIters=0 objFirst=143067732.550193 objLast=173714538.317308 objGain=30646805.767116 maxRC=59519260.950184 wallSec=0.012742 pricingSec=0.008685 cplexSolveSec=0.002167
    [CG]   [DIAG] iter=1 posCols=23 newCols=23 effImprove=23 updated=0
      [BB] 根节点即为整数解，obj=173714538.317308
    [CG] CG iter 2: obj=160049119.324118, maxRC=10559812.286978, +17 cols
    [CG] CG iter 1: obj=143150372.673528, maxRC=59519752.128890, +23 cols
    [CG]   [DIAG] iter=2 posCols=17 newCols=17 effImprove=17 updated=0
    [CG]   [DIAG] iter=1 posCols=23 newCols=23 effImprove=23 updated=0
    [CG] CG iter 2: obj=160584459.743926, maxRC=10623106.317757, +17 cols
    [CG] CG iter 1: obj=142570734.094167, maxRC=59499055.359165, +23 cols
    [CG]   [DIAG] iter=2 posCols=17 newCols=17 effImprove=17 updated=0
    [CG]   [DIAG] iter=1 posCols=23 newCols=23 effImprove=23 updated=0
    [CG] CG iter 2: obj=160621999.252994, maxRC=10623120.738421, +17 cols
    [CG] CG iter 2: obj=160536039.106894, maxRC=10624540.690091, +17 cols
    [CG]   [DIAG] iter=2 posCols=17 newCols=17 effImprove=17 updated=0
    [CG]   [DIAG] iter=2 posCols=17 newCols=17 effImprove=17 updated=0
    [CG] CG iter 1: obj=141916700.966578, maxRC=58979778.369505, +23 cols
    [CG] CG iter 3: obj=166424663.364272, maxRC=6249961.659483, +12 cols
    [CG]   [DIAG] iter=3 posCols=12 newCols=12 effImprove=12 updated=0
    [CG]   [DIAG] iter=1 posCols=23 newCols=23 effImprove=23 updated=0
    [CG] CG iter 2: obj=160575105.916549, maxRC=10641227.865490, +17 cols
    [CG] CG iter 3: obj=166965776.952320, maxRC=6250529.404047, +12 cols
    [CG]   [DIAG] iter=2 posCols=17 newCols=17 effImprove=17 updated=0
    [CG]   [DIAG] iter=3 posCols=12 newCols=12 effImprove=12 updated=0
    [CG] CG iter 4: obj=169143203.104577, maxRC=4219265.724575, +7 cols
    [CG]   [DIAG] iter=4 posCols=7 newCols=7 effImprove=7 updated=0
    [CG] CG iter 2: obj=160486159.714103, maxRC=10623424.186052, +17 cols
    [CG] 列生成开始，初始列数=128
    [CG]   [DIAG] iter=2 posCols=17 newCols=17 effImprove=17 updated=0
    [CG] CG iter 3: obj=166855409.055400, maxRC=6278680.551506, +11 cols
    [CG] CG iter 3: obj=167016326.052806, maxRC=6255337.388685, +12 cols
    [CG] CG iter 4: obj=169659438.231472, maxRC=4132894.262012, +5 cols
    [CG] 列生成收敛，共 5 轮迭代
    [CG] [CG-NODE] depth=0 exit=CERTIFIED certified=1 feasible=1 iters=5 generatedColsBeforeNode=0 newCols=59 posCandidates=59 duplicateCandidates=0 updatedCols=0 zeroObjImproveIters=0 objFirst=142677363.562269 objLast=173362468.829153 objGain=30685105.266883 maxRC=59248527.968477 wallSec=0.015150 pricingSec=0.010181 cplexSolveSec=0.002457
    [CG]   [DIAG] iter=4 posCols=5 newCols=5 effImprove=5 updated=0
    [CG]   [DIAG] iter=3 posCols=12 newCols=12 effImprove=12 updated=0
    [CG]   [DIAG] iter=3 posCols=11 newCols=11 effImprove=11 updated=0
    [CG] CG iter 3: obj=166948209.655087, maxRC=6248032.223532, +12 cols
      [BB] 根节点即为整数解，obj=173362468.829153
    [CG]   [DIAG] iter=3 posCols=12 newCols=12 effImprove=12 updated=0
    [CG] CG iter 2: obj=159384038.649720, maxRC=9977910.132582, +17 cols
    [CG]   [DIAG] iter=2 posCols=17 newCols=17 effImprove=17 updated=0
    [CG] 列生成收敛，共 5 轮迭代
    [CG] [CG-NODE] depth=0 exit=CERTIFIED certified=1 feasible=1 iters=5 generatedColsBeforeNode=0 newCols=57 posCandidates=57 duplicateCandidates=0 updatedCols=0 zeroObjImproveIters=0 objFirst=143150651.301763 objLast=173882315.348974 objGain=30731664.047211 maxRC=59518467.776323 wallSec=0.016091 pricingSec=0.010842 cplexSolveSec=0.002630
      [BB] 根节点即为整数解，obj=173882315.348974
    [CG] CG iter 3: obj=166821866.594386, maxRC=6280314.418940, +11 cols
    [CG]   [DIAG] iter=3 posCols=11 newCols=11 effImprove=11 updated=0
    [CG] CG iter 4: obj=169644676.988049, maxRC=4127367.897905, +5 cols
    [CG] CG iter 4: obj=169714796.363167, maxRC=4143959.360234, +5 cols
    [CG]   [DIAG] iter=4 posCols=5 newCols=5 effImprove=5 updated=0
    [CG]   [DIAG] iter=4 posCols=5 newCols=5 effImprove=5 updated=0
    [CG] CG iter 4: obj=169496340.416913, maxRC=4079538.802859, +5 cols
    [CG]   [DIAG] iter=4 posCols=5 newCols=5 effImprove=5 updated=0
    [CG] CG iter 4: obj=169461719.974330, maxRC=4089490.056431, +5 cols
    [CG] 列生成收敛，共 5 轮迭代
    [CG]   [DIAG] iter=4 posCols=5 newCols=5 effImprove=5 updated=0
    [CG] [CG-NODE] depth=0 exit=CERTIFIED certified=1 feasible=1 iters=5 generatedColsBeforeNode=0 newCols=57 posCandidates=57 duplicateCandidates=0 updatedCols=0 zeroObjImproveIters=0 objFirst=143150372.673528 objLast=173862207.412458 objGain=30711834.738930 maxRC=59519752.128890 wallSec=0.017061 pricingSec=0.011598 cplexSolveSec=0.002830
    [CG] 列生成收敛，共 5 轮迭代
    [CG] [CG-NODE] depth=0 exit=CERTIFIED certified=1 feasible=1 iters=5 generatedColsBeforeNode=0 newCols=57 posCandidates=57 duplicateCandidates=0 updatedCols=0 zeroObjImproveIters=0 objFirst=143254160.528749 objLast=173933181.168136 objGain=30679020.639387 maxRC=59519282.779708 wallSec=0.017535 pricingSec=0.011534 cplexSolveSec=0.003132
      [BB] 根节点即为整数解，obj=173862207.412458
    [CG] 列生成收敛，共 5 轮迭代
    [CG] CG iter 3: obj=166015036.800800, maxRC=6013594.568751, +12 cols
    [CG] [CG-NODE] depth=0 exit=CERTIFIED certified=1 feasible=1 iters=5 generatedColsBeforeNode=0 newCols=56 posCandidates=56 duplicateCandidates=0 updatedCols=0 zeroObjImproveIters=0 objFirst=142949815.295824 objLast=173718871.663072 objGain=30769056.367249 maxRC=59519294.038099 wallSec=0.017945 pricingSec=0.012064 cplexSolveSec=0.002996
    [CG] 列生成开始，初始列数=128
      [BB] 根节点即为整数解，obj=173933181.168136
    [CG]   [DIAG] iter=3 posCols=12 newCols=12 effImprove=12 updated=0
    [CG] 列生成收敛，共 5 轮迭代
    [CG] [CG-NODE] depth=0 exit=CERTIFIED certified=1 feasible=1 iters=5 generatedColsBeforeNode=0 newCols=56 posCandidates=56 duplicateCandidates=0 updatedCols=0 zeroObjImproveIters=0 objFirst=142570734.094167 objLast=173680106.154178 objGain=31109372.060011 maxRC=59499055.359165 wallSec=0.017441 pricingSec=0.011800 cplexSolveSec=0.002935
      [BB] 根节点即为整数解，obj=173718871.663072
      [BB] 根节点即为整数解，obj=173680106.154178
    [CG] CG iter 4: obj=171355508.637455, maxRC=2585577.929943, +9 cols
    [CG]   [DIAG] iter=4 posCols=9 newCols=9 effImprove=9 updated=0
    [CG] 列生成开始，初始列数=128
    [CG] 列生成开始，初始列数=128
    [CG] CG iter 5: obj=171355508.637455, maxRC=1142248.305780, +2 cols
    [CG]   [DIAG] iter=5 posCols=2 newCols=2 effImprove=2 updated=0
    [CG] 列生成收敛，共 6 轮迭代
    [CG] [CG-NODE] depth=0 exit=CERTIFIED certified=1 feasible=1 iters=6 generatedColsBeforeNode=0 newCols=63 posCandidates=63 duplicateCandidates=0 updatedCols=0 zeroObjImproveIters=1 objFirst=141916700.966578 objLast=172497756.943235 objGain=30581055.976657 maxRC=58979778.369505 wallSec=0.020338 pricingSec=0.013610 cplexSolveSec=0.003728
      [BB] 根节点即为整数解，obj=172497756.943235
    [CG] 列生成开始，初始列数=128
    [CG] 列生成开始，初始列数=128
    [CG] 列生成开始，初始列数=128
    [CG] CG iter 1: obj=142656975.647730, maxRC=59517082.217684, +23 cols
    [CG]   [DIAG] iter=1 posCols=23 newCols=23 effImprove=23 updated=0
    [CG] CG iter 1: obj=142851146.477603, maxRC=59519752.288062, +23 cols
    [CG] CG iter 2: obj=160319379.153402, maxRC=10289304.345295, +17 cols
    [CG]   [DIAG] iter=1 posCols=23 newCols=23 effImprove=23 updated=0
    [CG]   [DIAG] iter=2 posCols=17 newCols=17 effImprove=17 updated=0
    [CG] 列生成开始，初始列数=128
    [CG] CG iter 3: obj=170071511.764899, maxRC=3446316.242072, +11 cols
    [CG]   [DIAG] iter=3 posCols=11 newCols=11 effImprove=11 updated=0
    [CG] CG iter 1: obj=142021416.612875, maxRC=59497597.390827, +23 cols
    [CG]   [DIAG] iter=1 posCols=23 newCols=23 effImprove=23 updated=0
    [CG] CG iter 4: obj=173381961.037425, maxRC=1241611.150721, +4 cols
    [CG]   [DIAG] iter=4 posCols=4 newCols=4 effImprove=4 updated=0
    [CG] CG iter 5: obj=173381961.037425, maxRC=708040.649593, +4 cols
    [CG]   [DIAG] iter=5 posCols=4 newCols=4 effImprove=4 updated=0
    [CG] CG iter 2: obj=160380515.415239, maxRC=10697366.427424, +17 cols
    [CG]   [DIAG] iter=2 posCols=17 newCols=17 effImprove=17 updated=0
    [CG] CG iter 2: obj=159991961.980008, maxRC=10814159.794374, +17 cols
    [CG]   [DIAG] iter=2 posCols=17 newCols=17 effImprove=17 updated=0
    [CG] 列生成收敛，共 6 轮迭代
    [CG] [CG-NODE] depth=0 exit=CERTIFIED certified=1 feasible=1 iters=6 generatedColsBeforeNode=0 newCols=59 posCandidates=59 duplicateCandidates=0 updatedCols=0 zeroObjImproveIters=1 objFirst=142656975.647730 objLast=173546799.060789 objGain=30889823.413059 maxRC=59517082.217684 wallSec=0.009045 pricingSec=0.005848 cplexSolveSec=0.001776
      [BB] 根节点即为整数解，obj=173546799.060789
    [CG] CG iter 3: obj=166121264.207268, maxRC=6299329.686289, +12 cols
    [CG]   [DIAG] iter=3 posCols=12 newCols=12 effImprove=12 updated=0
    [CG] CG iter 3: obj=166624183.687295, maxRC=5792358.062114, +11 cols
    [CG]   [DIAG] iter=3 posCols=11 newCols=11 effImprove=11 updated=0
    [CG] CG iter 1: obj=143259841.796828, maxRC=59519752.128890, +23 cols
    [CG] CG iter 4: obj=168689349.731889, maxRC=3926929.326603, +5 cols
    [CG]   [DIAG] iter=4 posCols=5 newCols=5 effImprove=5 updated=0
    [CG]   [DIAG] iter=1 posCols=23 newCols=23 effImprove=23 updated=0
    [CG] 列生成收敛，共 5 轮迭代
    [CG] [CG-NODE] depth=0 exit=CERTIFIED certified=1 feasible=1 iters=5 generatedColsBeforeNode=0 newCols=57 posCandidates=57 duplicateCandidates=0 updatedCols=0 zeroObjImproveIters=0 objFirst=142021416.612875 objLast=172850730.381479 objGain=30829313.768605 maxRC=59497597.390827 wallSec=0.010070 pricingSec=0.006247 cplexSolveSec=0.001973
    [CG] CG iter 4: obj=173479816.565793, maxRC=1138839.405493, +3 cols
    [CG]   [DIAG] iter=4 posCols=3 newCols=3 effImprove=3 updated=0
      [BB] 根节点即为整数解，obj=172850730.381479
    [CG] 列生成开始，初始列数=128
    [CG] CG iter 2: obj=160626614.087799, maxRC=10623485.371715, +17 cols
    [CG]   [DIAG] iter=2 posCols=17 newCols=17 effImprove=17 updated=0
    [CG] CG iter 5: obj=173555381.154903, maxRC=552851.529781, +1 cols
    [CG]   [DIAG] iter=5 posCols=1 newCols=1 effImprove=1 updated=0
    [CG] 列生成收敛，共 6 轮迭代
    [CG] [CG-NODE] depth=0 exit=CERTIFIED certified=1 feasible=1 iters=6 generatedColsBeforeNode=0 newCols=55 posCandidates=55 duplicateCandidates=0 updatedCols=0 zeroObjImproveIters=1 objFirst=142851146.477603 objLast=173555381.154903 objGain=30704234.677299 maxRC=59519752.288062 wallSec=0.015872 pricingSec=0.010692 cplexSolveSec=0.002974
    [CG] CG iter 3: obj=167020934.588958, maxRC=6255295.152621, +12 cols
      [BB] 根节点即为整数解，obj=173555381.154903
    [CG]   [DIAG] iter=3 posCols=12 newCols=12 effImprove=12 updated=0
    [CG] 列生成开始，初始列数=128
    [CG] CG iter 4: obj=169719362.663254, maxRC=4143805.047541, +5 cols
    [CG]   [DIAG] iter=4 posCols=5 newCols=5 effImprove=5 updated=0
    [CG] 列生成收敛，共 5 轮迭代
    [CG] [CG-NODE] depth=0 exit=CERTIFIED certified=1 feasible=1 iters=5 generatedColsBeforeNode=0 newCols=57 posCandidates=57 duplicateCandidates=0 updatedCols=0 zeroObjImproveIters=0 objFirst=143259841.796828 objLast=173937758.751125 objGain=30677916.954296 maxRC=59519752.128890 wallSec=0.011996 pricingSec=0.007989 cplexSolveSec=0.002137
      [BB] 根节点即为整数解，obj=173937758.751125
    [CG] CG iter 1: obj=142463925.887076, maxRC=59492227.670169, +23 cols
    [CG] 列生成开始，初始列数=128
    [CG]   [DIAG] iter=1 posCols=23 newCols=23 effImprove=23 updated=0
    [CG] CG iter 1: obj=142492429.587251, maxRC=59513061.050813, +23 cols
    [CG] CG iter 1: obj=142117332.063128, maxRC=59492227.670169, +23 cols
    [CG]   [DIAG] iter=1 posCols=23 newCols=23 effImprove=23 updated=0
    [CG]   [DIAG] iter=1 posCols=23 newCols=23 effImprove=23 updated=0
    [CG] 列生成开始，初始列数=128
    [CG] CG iter 2: obj=160211993.428417, maxRC=10618859.185188, +17 cols
    [CG]   [DIAG] iter=2 posCols=17 newCols=17 effImprove=17 updated=0
    [CG] CG iter 2: obj=160045835.971671, maxRC=10640556.870685, +17 cols
    [CG]   [DIAG] iter=2 posCols=17 newCols=17 effImprove=17 updated=0
    [CG] CG iter 2: obj=160235718.747054, maxRC=10716464.682508, +17 cols
    [CG]   [DIAG] iter=2 posCols=17 newCols=17 effImprove=17 updated=0
    [CG] CG iter 3: obj=166537434.421490, maxRC=6228384.903747, +12 cols
    [CG]   [DIAG] iter=3 posCols=12 newCols=12 effImprove=12 updated=0
    [CG] CG iter 3: obj=166245311.297790, maxRC=5765075.921554, +10 cols
    [CG]   [DIAG] iter=3 posCols=10 newCols=10 effImprove=10 updated=0
    [CG] CG iter 3: obj=166412855.551706, maxRC=6287620.734639, +11 cols
    [CG]   [DIAG] iter=3 posCols=11 newCols=11 effImprove=11 updated=0
    [CG] CG iter 1: obj=142607399.247256, maxRC=59248527.968477, +23 cols
    [CG] CG iter 4: obj=169208950.138640, maxRC=4086551.548725, +5 cols
    [CG]   [DIAG] iter=4 posCols=5 newCols=5 effImprove=5 updated=0
    [CG]   [DIAG] iter=1 posCols=23 newCols=23 effImprove=23 updated=0
    [CG] CG iter 4: obj=173012634.582256, maxRC=1163465.245582, +2 cols
    [CG]   [DIAG] iter=4 posCols=2 newCols=2 effImprove=2 updated=0
    [CG] CG iter 4: obj=168975303.415790, maxRC=3956771.615390, +5 cols
    [CG]   [DIAG] iter=4 posCols=5 newCols=5 effImprove=5 updated=0
    [CG] CG iter 1: obj=143212390.079686, maxRC=59519752.128890, +23 cols
    [CG] 列生成收敛，共 5 轮迭代
    [CG] [CG-NODE] depth=0 exit=CERTIFIED certified=1 feasible=1 iters=5 generatedColsBeforeNode=0 newCols=57 posCandidates=57 duplicateCandidates=0 updatedCols=0 zeroObjImproveIters=0 objFirst=142463925.887076 objLast=173452590.326997 objGain=30988664.439922 maxRC=59492227.670169 wallSec=0.016218 pricingSec=0.011171 cplexSolveSec=0.002704
    [CG] 列生成收敛，共 5 轮迭代
    [CG]   [DIAG] iter=1 posCols=23 newCols=23 effImprove=23 updated=0
    [CG] [CG-NODE] depth=0 exit=CERTIFIED certified=1 feasible=1 iters=5 generatedColsBeforeNode=0 newCols=52 posCandidates=52 duplicateCandidates=0 updatedCols=0 zeroObjImproveIters=0 objFirst=142492429.587251 objLast=173173852.464926 objGain=30681422.877675 maxRC=59513061.050813 wallSec=0.016125 pricingSec=0.010900 cplexSolveSec=0.002734
      [BB] 根节点即为整数解，obj=173452590.326997
      [BB] 根节点即为整数解，obj=173173852.464926
    [CG] 列生成收敛，共 5 轮迭代
    [CG] [CG-NODE] depth=0 exit=CERTIFIED certified=1 feasible=1 iters=5 generatedColsBeforeNode=0 newCols=56 posCandidates=56 duplicateCandidates=0 updatedCols=0 zeroObjImproveIters=0 objFirst=142117332.063128 objLast=173176979.772856 objGain=31059647.709728 maxRC=59492227.670169 wallSec=0.016393 pricingSec=0.011117 cplexSolveSec=0.002762
    [CG] CG iter 1: obj=142703910.445323, maxRC=59498657.240292, +23 cols
    [CG]   [DIAG] iter=1 posCols=23 newCols=23 effImprove=23 updated=0
      [BB] 根节点即为整数解，obj=173176979.772856
    [CG] CG iter 1: obj=143259722.766102, maxRC=59519752.128890, +23 cols
    [CG]   [DIAG] iter=1 posCols=23 newCols=23 effImprove=23 updated=0
    [CG] CG iter 2: obj=160127577.921467, maxRC=10064840.991237, +17 cols
    [CG]   [DIAG] iter=2 posCols=17 newCols=17 effImprove=17 updated=0
    [CG] CG iter 2: obj=160625489.008641, maxRC=10624706.724374, +17 cols
    [CG] CG iter 2: obj=160605272.618709, maxRC=10623485.371715, +17 cols
    [CG]   [DIAG] iter=2 posCols=17 newCols=17 effImprove=17 updated=0
    [CG] CG iter 2: obj=160626614.350186, maxRC=10623485.371715, +17 cols
    [CG]   [DIAG] iter=2 posCols=17 newCols=17 effImprove=17 updated=0
    [CG]   [DIAG] iter=2 posCols=17 newCols=17 effImprove=17 updated=0
    [CG] CG iter 3: obj=166960642.307143, maxRC=6280127.691830, +11 cols
    [CG] CG iter 3: obj=167020875.204788, maxRC=6255284.835469, +12 cols
    [CG]   [DIAG] iter=3 posCols=11 newCols=11 effImprove=11 updated=0
    [CG]   [DIAG] iter=3 posCols=12 newCols=12 effImprove=12 updated=0
    [CG] CG iter 3: obj=170169232.385180, maxRC=3534168.438120, +12 cols
    [CG]   [DIAG] iter=3 posCols=12 newCols=12 effImprove=12 updated=0
    [CG] CG iter 1: obj=143117976.720279, maxRC=59519752.128890, +23 cols
    [CG] 列生成开始，初始列数=128
    [CG] CG iter 4: obj=169719242.956971, maxRC=4143796.395303, +5 cols
    [CG]   [DIAG] iter=4 posCols=5 newCols=5 effImprove=5 updated=0
    [CG] CG iter 4: obj=169600665.023115, maxRC=4089168.191373, +5 cols
    [CG]   [DIAG] iter=4 posCols=5 newCols=5 effImprove=5 updated=0
    [CG] 列生成开始，初始列数=128
    [CG] CG iter 3: obj=166986265.910168, maxRC=6261437.537180, +12 cols
    [CG]   [DIAG] iter=1 posCols=23 newCols=23 effImprove=23 updated=0
    [CG]   [DIAG] iter=3 posCols=12 newCols=12 effImprove=12 updated=0
    [CG] 列生成收敛，共 5 轮迭代
    [CG] [CG-NODE] depth=0 exit=CERTIFIED certified=1 feasible=1 iters=5 generatedColsBeforeNode=0 newCols=57 posCandidates=57 duplicateCandidates=0 updatedCols=0 zeroObjImproveIters=0 objFirst=143259722.766102 objLast=173937639.044841 objGain=30677916.278739 maxRC=59519752.128890 wallSec=0.006912 pricingSec=0.004481 cplexSolveSec=0.001280
    [CG] 列生成收敛，共 5 轮迭代
    [CG] [CG-NODE] depth=0 exit=CERTIFIED certified=1 feasible=1 iters=5 generatedColsBeforeNode=0 newCols=56 posCandidates=56 duplicateCandidates=0 updatedCols=0 zeroObjImproveIters=0 objFirst=142703910.445323 objLast=173818718.310677 objGain=31114807.865355 maxRC=59498657.240292 wallSec=0.008182 pricingSec=0.005346 cplexSolveSec=0.001501
      [BB] 根节点即为整数解，obj=173937639.044841
      [BB] 根节点即为整数解，obj=173818718.310677
    [CG] CG iter 4: obj=173512300.064457, maxRC=1231993.022662, +4 cols
    [CG]   [DIAG] iter=4 posCols=4 newCols=4 effImprove=4 updated=0
    [CG] CG iter 4: obj=169675188.233198, maxRC=4133467.918886, +5 cols
    [CG]   [DIAG] iter=4 posCols=5 newCols=5 effImprove=5 updated=0
    [CG] 列生成开始，初始列数=128
    [CG] CG iter 2: obj=160547049.844940, maxRC=10623535.569999, +17 cols
    [CG]   [DIAG] iter=2 posCols=17 newCols=17 effImprove=17 updated=0
    [CG] CG iter 5: obj=173512300.064457, maxRC=684720.871028, +2 cols
    [CG]   [DIAG] iter=5 posCols=2 newCols=2 effImprove=2 updated=0
    [CG] 列生成收敛，共 5 轮迭代
    [CG] [CG-NODE] depth=0 exit=CERTIFIED certified=1 feasible=1 iters=5 generatedColsBeforeNode=0 newCols=57 posCandidates=57 duplicateCandidates=0 updatedCols=0 zeroObjImproveIters=0 objFirst=143212390.079686 objLast=173893697.132693 objGain=30681307.053007 maxRC=59519752.128890 wallSec=0.013326 pricingSec=0.009300 cplexSolveSec=0.002320
      [BB] 根节点即为整数解，obj=173893697.132693
    [CG] CG iter 6: obj=173512300.064457, maxRC=145529.179984, +1 cols
    [CG]   [DIAG] iter=6 posCols=1 newCols=1 effImprove=1 updated=0
    [CG] CG iter 3: obj=166910353.653407, maxRC=6242172.852522, +12 cols
    [CG]   [DIAG] iter=3 posCols=12 newCols=12 effImprove=12 updated=0
    [CG] 列生成开始，初始列数=128
    [CG] CG iter 7: obj=173512300.064457, maxRC=131354.213719, +2 cols
    [CG]   [DIAG] iter=7 posCols=2 newCols=2 effImprove=2 updated=0
    [CG] CG iter 4: obj=169595663.278929, maxRC=4116411.037899, +5 cols
    [CG]   [DIAG] iter=4 posCols=5 newCols=5 effImprove=5 updated=0
    [CG] 列生成收敛，共 8 轮迭代
    [CG] [CG-NODE] depth=0 exit=CERTIFIED certified=1 feasible=1 iters=8 generatedColsBeforeNode=0 newCols=61 posCandidates=61 duplicateCandidates=0 updatedCols=0 zeroObjImproveIters=4 objFirst=142607399.247256 objLast=173512300.064457 objGain=30904900.817201 maxRC=59248527.968477 wallSec=0.019583 pricingSec=0.012813 cplexSolveSec=0.004022
    [CG] 列生成开始，初始列数=128
      [BB] 根节点即为整数解，obj=173512300.064457
    [CG] 列生成收敛，共 5 轮迭代
    [CG] [CG-NODE] depth=0 exit=CERTIFIED certified=1 feasible=1 iters=5 generatedColsBeforeNode=0 newCols=57 posCandidates=57 duplicateCandidates=0 updatedCols=0 zeroObjImproveIters=0 objFirst=143117976.720279 objLast=173825282.518226 objGain=30707305.797947 maxRC=59519752.128890 wallSec=0.013436 pricingSec=0.009373 cplexSolveSec=0.002393
      [BB] 根节点即为整数解，obj=173825282.518226
    [CG] 列生成开始，初始列数=128
    [CG] CG iter 1: obj=143174535.186752, maxRC=59517760.176737, +23 cols
    [CG]   [DIAG] iter=1 posCols=23 newCols=23 effImprove=23 updated=0
    [CG] CG iter 2: obj=160564913.495612, maxRC=10621998.462092, +17 cols
    [CG]   [DIAG] iter=2 posCols=17 newCols=17 effImprove=17 updated=0
    [CG] CG iter 3: obj=166944958.364295, maxRC=6252049.173674, +12 cols
    [CG]   [DIAG] iter=3 posCols=12 newCols=12 effImprove=12 updated=0
    [CG] CG iter 1: obj=143149375.052094, maxRC=59515890.803327, +23 cols
    [CG]   [DIAG] iter=1 posCols=23 newCols=23 effImprove=23 updated=0
    [CG] CG iter 4: obj=169640090.454683, maxRC=4133611.037570, +5 cols
    [CG]   [DIAG] iter=4 posCols=5 newCols=5 effImprove=5 updated=0
    [CG] 列生成收敛，共 5 轮迭代
    [CG] [CG-NODE] depth=0 exit=CERTIFIED certified=1 feasible=1 iters=5 generatedColsBeforeNode=0 newCols=57 posCandidates=57 duplicateCandidates=0 updatedCols=0 zeroObjImproveIters=0 objFirst=143174535.186752 objLast=173863046.086686 objGain=30688510.899934 maxRC=59517760.176737 wallSec=0.009455 pricingSec=0.006308 cplexSolveSec=0.001713
      [BB] 根节点即为整数解，obj=173863046.086686
    [CG] CG iter 2: obj=160542930.477303, maxRC=10721127.888182, +17 cols
    [CG]   [DIAG] iter=2 posCols=17 newCols=17 effImprove=17 updated=0
    [CG] CG iter 1: obj=143165578.493723, maxRC=59519752.128890, +23 cols
    [CG]   [DIAG] iter=1 posCols=23 newCols=23 effImprove=23 updated=0
    [CG] CG iter 3: obj=166892025.380384, maxRC=6241672.384315, +12 cols
    [CG]   [DIAG] iter=3 posCols=12 newCols=12 effImprove=12 updated=0
    [CG] CG iter 2: obj=160620947.531293, maxRC=10623485.371715, +17 cols
    [CG]   [DIAG] iter=2 posCols=17 newCols=17 effImprove=17 updated=0
    [CG] CG iter 4: obj=169607311.245525, maxRC=4114802.104033, +7 cols
    [CG] CG iter 1: obj=142949326.341123, maxRC=59519752.128890, +23 cols
    [CG]   [DIAG] iter=4 posCols=7 newCols=7 effImprove=7 updated=0
    [CG]   [DIAG] iter=1 posCols=23 newCols=23 effImprove=23 updated=0
    [CG] CG iter 3: obj=167014780.246408, maxRC=6255802.320762, +12 cols
    [CG]   [DIAG] iter=3 posCols=12 newCols=12 effImprove=12 updated=0
    [CG] 列生成收敛，共 5 轮迭代
    [CG] [CG-NODE] depth=0 exit=CERTIFIED certified=1 feasible=1 iters=5 generatedColsBeforeNode=0 newCols=59 posCandidates=59 duplicateCandidates=0 updatedCols=0 zeroObjImproveIters=0 objFirst=143149375.052094 objLast=173795237.176765 objGain=30645862.124671 maxRC=59515890.803327 wallSec=0.013297 pricingSec=0.009187 cplexSolveSec=0.002268
      [BB] 根节点即为整数解，obj=173795237.176765
    [CG] CG iter 1: obj=143259832.378470, maxRC=59519752.128890, +23 cols
    [CG]   [DIAG] iter=1 posCols=23 newCols=23 effImprove=23 updated=0
    [CG] CG iter 2: obj=160356043.384029, maxRC=10623485.371715, +17 cols
    [CG]   [DIAG] iter=2 posCols=17 newCols=17 effImprove=17 updated=0
    [CG] CG iter 4: obj=169713715.488846, maxRC=4143816.729957, +5 cols
    [CG]   [DIAG] iter=4 posCols=5 newCols=5 effImprove=5 updated=0
    [CG] 列生成收敛，共 5 轮迭代
    [CG] [CG-NODE] depth=0 exit=CERTIFIED certified=1 feasible=1 iters=5 generatedColsBeforeNode=0 newCols=57 posCandidates=57 duplicateCandidates=0 updatedCols=0 zeroObjImproveIters=0 objFirst=143165578.493723 objLast=173932103.891403 objGain=30766525.397681 maxRC=59519752.128890 wallSec=0.011531 pricingSec=0.007672 cplexSolveSec=0.002028
      [BB] 根节点即为整数解，obj=173932103.891403
    [CG] CG iter 3: obj=166714724.515702, maxRC=6240176.854799, +12 cols
    [CG]   [DIAG] iter=3 posCols=12 newCols=12 effImprove=12 updated=0
    [CG] CG iter 2: obj=160626614.605155, maxRC=10623485.371715, +17 cols
    [CG]   [DIAG] iter=2 posCols=17 newCols=17 effImprove=17 updated=0
    [CG] CG iter 4: obj=169398039.028885, maxRC=4112286.887701, +5 cols
    [CG]   [DIAG] iter=4 posCols=5 newCols=5 effImprove=5 updated=0
    [CG] CG iter 1: obj=142567155.721582, maxRC=59492227.670169, +23 cols
    [CG] 列生成收敛，共 5 轮迭代
    [CG] [CG-NODE] depth=0 exit=CERTIFIED certified=1 feasible=1 iters=5 generatedColsBeforeNode=0 newCols=57 posCandidates=57 duplicateCandidates=0 updatedCols=0 zeroObjImproveIters=0 objFirst=142949326.341123 objLast=173629374.182847 objGain=30680047.841724 maxRC=59519752.128890 wallSec=0.011263 pricingSec=0.007604 cplexSolveSec=0.001927
    [CG]   [DIAG] iter=1 posCols=23 newCols=23 effImprove=23 updated=0
      [BB] 根节点即为整数解，obj=173629374.182847
    [CG] CG iter 3: obj=167020930.138457, maxRC=6255283.473077, +12 cols
    [CG]   [DIAG] iter=3 posCols=12 newCols=12 effImprove=12 updated=0
    [CG] CG iter 2: obj=160297558.339804, maxRC=10618850.157289, +17 cols
    [CG]   [DIAG] iter=2 posCols=17 newCols=17 effImprove=17 updated=0
    [CG] CG iter 4: obj=169719353.481197, maxRC=4143818.849062, +5 cols
    [CG]   [DIAG] iter=4 posCols=5 newCols=5 effImprove=5 updated=0
    [CG] CG iter 3: obj=166655827.222003, maxRC=6242953.509441, +12 cols
    [CG]   [DIAG] iter=3 posCols=12 newCols=12 effImprove=12 updated=0
    [CG] 列生成收敛，共 5 轮迭代
    [CG] [CG-NODE] depth=0 exit=CERTIFIED certified=1 feasible=1 iters=5 generatedColsBeforeNode=0 newCols=57 posCandidates=57 duplicateCandidates=0 updatedCols=0 zeroObjImproveIters=0 objFirst=143259832.378470 objLast=173937749.569067 objGain=30677917.190597 maxRC=59519752.128890 wallSec=0.017437 pricingSec=0.012088 cplexSolveSec=0.002838
      [BB] 根节点即为整数解，obj=173937749.569067
    [CG] CG iter 4: obj=169340818.512667, maxRC=4115709.113730, +5 cols
    [CG]   [DIAG] iter=4 posCols=5 newCols=5 effImprove=5 updated=0
    [CG] 列生成收敛，共 5 轮迭代
    [CG] [CG-NODE] depth=0 exit=CERTIFIED certified=1 feasible=1 iters=5 generatedColsBeforeNode=0 newCols=57 posCandidates=57 duplicateCandidates=0 updatedCols=0 zeroObjImproveIters=0 objFirst=142567155.721582 objLast=173572103.492375 objGain=31004947.770793 maxRC=59492227.670169 wallSec=0.015934 pricingSec=0.010977 cplexSolveSec=0.002445
      [BB] 根节点即为整数解，obj=173572103.492375
[GA] 代数 3: Best=173966644.95, Avg=173681695.68, Worst=172526642.63, Valid=30/30, 耗时=0.06s (连续3代未提升)
  ├─ 求解: 30 个体 fork 并行 | CG迭代=136 加列=1489 BB分支=0
  ├─ 并行墙钟=0.0584s | 串行等效(ΣBP)=0.3767s | 加速比=6.45x
  ├─ 管理开销=-0.3183s (fork=0.0035 wait=0.0545 merge=0.0003)
  └─ CG明细: gen_logs/run_gen3_ind{0..29}.log
    [CG] 列生成开始，初始列数=128
    [CG] 列生成开始，初始列数=128
    [CG] 列生成开始，初始列数=128
    [CG] 列生成开始，初始列数=128
    [CG] 列生成开始，初始列数=128
    [CG] 列生成开始，初始列数=128
    [CG] 列生成开始，初始列数=128
    [CG] 列生成开始，初始列数=128
    [CG] CG iter 1: obj=143164651.172663, maxRC=59519752.128890, +23 cols
    [CG] CG iter 1: obj=143171500.562491, maxRC=59519282.779708, +23 cols
    [CG]   [DIAG] iter=1 posCols=23 newCols=23 effImprove=23 updated=0
    [CG]   [DIAG] iter=1 posCols=23 newCols=23 effImprove=23 updated=0
    [CG] CG iter 1: obj=142686863.860623, maxRC=59465982.476057, +23 cols
    [CG]   [DIAG] iter=1 posCols=23 newCols=23 effImprove=23 updated=0
    [CG] CG iter 1: obj=143142904.532762, maxRC=59519766.154613, +23 cols
    [CG] CG iter 1: obj=142603795.085178, maxRC=59248527.968477, +23 cols
    [CG] CG iter 2: obj=160545802.676095, maxRC=10623485.371715, +17 cols
    [CG]   [DIAG] iter=1 posCols=23 newCols=23 effImprove=23 updated=0
    [CG]   [DIAG] iter=1 posCols=23 newCols=23 effImprove=23 updated=0
    [CG]   [DIAG] iter=2 posCols=17 newCols=17 effImprove=17 updated=0
    [CG] CG iter 2: obj=160542890.970608, maxRC=10623120.738421, +17 cols
    [CG]   [DIAG] iter=2 posCols=17 newCols=17 effImprove=17 updated=0
    [CG] CG iter 1: obj=142924399.061853, maxRC=59519752.128890, +23 cols
    [CG] CG iter 2: obj=160569216.597450, maxRC=10601699.040347, +17 cols
    [CG]   [DIAG] iter=1 posCols=23 newCols=23 effImprove=23 updated=0
    [CG]   [DIAG] iter=2 posCols=17 newCols=17 effImprove=17 updated=0
    [CG] CG iter 3: obj=166932933.571023, maxRC=6262414.795143, +12 cols
    [CG]   [DIAG] iter=3 posCols=12 newCols=12 effImprove=12 updated=0
    [CG] CG iter 3: obj=166935437.292273, maxRC=6257117.866833, +12 cols
    [CG]   [DIAG] iter=3 posCols=12 newCols=12 effImprove=12 updated=0
    [CG] CG iter 2: obj=160123973.759389, maxRC=10064840.991237, +17 cols
    [CG] CG iter 2: obj=160547021.507048, maxRC=10623541.509403, +17 cols
    [CG]   [DIAG] iter=2 posCols=17 newCols=17 effImprove=17 updated=0
    [CG]   [DIAG] iter=2 posCols=17 newCols=17 effImprove=17 updated=0
    [CG] CG iter 3: obj=166910597.346435, maxRC=6281544.122146, +11 cols
    [CG] CG iter 2: obj=160356086.280856, maxRC=10623485.371715, +17 cols
    [CG] CG iter 4: obj=169638431.282879, maxRC=4143796.395303, +5 cols
    [CG]   [DIAG] iter=3 posCols=11 newCols=11 effImprove=11 updated=0
    [CG]   [DIAG] iter=4 posCols=5 newCols=5 effImprove=5 updated=0
    [CG]   [DIAG] iter=2 posCols=17 newCols=17 effImprove=17 updated=0
    [CG] CG iter 4: obj=169635688.080781, maxRC=4143959.360234, +5 cols
    [CG]   [DIAG] iter=4 posCols=5 newCols=5 effImprove=5 updated=0
    [CG] 列生成收敛，共 5 轮迭代
    [CG] [CG-NODE] depth=0 exit=CERTIFIED certified=1 feasible=1 iters=5 generatedColsBeforeNode=0 newCols=57 posCandidates=57 duplicateCandidates=0 updatedCols=0 zeroObjImproveIters=0 objFirst=143164651.172663 objLast=173856827.370750 objGain=30692176.198087 maxRC=59519752.128890 wallSec=0.009518 pricingSec=0.006303 cplexSolveSec=0.001744
    [CG] CG iter 3: obj=170165628.223103, maxRC=3534168.438120, +12 cols
    [CG] CG iter 4: obj=169551680.429585, maxRC=4104786.925882, +5 cols
    [CG]   [DIAG] iter=3 posCols=12 newCols=12 effImprove=12 updated=0
      [BB] 根节点即为整数解，obj=173856827.370750
    [CG]   [DIAG] iter=4 posCols=5 newCols=5 effImprove=5 updated=0
    [CG] 列生成收敛，共 5 轮迭代
    [CG] [CG-NODE] depth=0 exit=CERTIFIED certified=1 feasible=1 iters=5 generatedColsBeforeNode=0 newCols=57 posCandidates=57 duplicateCandidates=0 updatedCols=0 zeroObjImproveIters=0 objFirst=143171500.562491 objLast=173854072.885750 objGain=30682572.323259 maxRC=59519282.779708 wallSec=0.009991 pricingSec=0.006575 cplexSolveSec=0.001902
    [CG] CG iter 3: obj=166714770.030934, maxRC=6240177.243771, +12 cols
    [CG] CG iter 3: obj=166910318.653950, maxRC=6242172.737633, +12 cols
    [CG]   [DIAG] iter=3 posCols=12 newCols=12 effImprove=12 updated=0
    [CG]   [DIAG] iter=3 posCols=12 newCols=12 effImprove=12 updated=0
      [BB] 根节点即为整数解，obj=173854072.885750
    [CG] 列生成收敛，共 5 轮迭代
    [CG] [CG-NODE] depth=0 exit=CERTIFIED certified=1 feasible=1 iters=5 generatedColsBeforeNode=0 newCols=56 posCandidates=56 duplicateCandidates=0 updatedCols=0 zeroObjImproveIters=0 objFirst=142686863.860623 objLast=173772170.129952 objGain=31085306.269330 maxRC=59465982.476057 wallSec=0.009646 pricingSec=0.006442 cplexSolveSec=0.001791
      [BB] 根节点即为整数解，obj=173772170.129952
    [CG] CG iter 4: obj=173508695.902379, maxRC=1231357.936031, +4 cols
    [CG]   [DIAG] iter=4 posCols=4 newCols=4 effImprove=4 updated=0
    [CG] CG iter 4: obj=169398080.196381, maxRC=4112281.464520, +5 cols
    [CG]   [DIAG] iter=4 posCols=5 newCols=5 effImprove=5 updated=0
    [CG] CG iter 4: obj=169595632.901291, maxRC=4116409.416624, +5 cols
    [CG]   [DIAG] iter=4 posCols=5 newCols=5 effImprove=5 updated=0
    [CG] CG iter 5: obj=173508695.902379, maxRC=684720.871028, +2 cols
    [CG]   [DIAG] iter=5 posCols=2 newCols=2 effImprove=2 updated=0
    [CG] 列生成收敛，共 5 轮迭代
    [CG] [CG-NODE] depth=0 exit=CERTIFIED certified=1 feasible=1 iters=5 generatedColsBeforeNode=0 newCols=57 posCandidates=57 duplicateCandidates=0 updatedCols=0 zeroObjImproveIters=0 objFirst=142924399.061853 objLast=173629415.350342 objGain=30705016.288490 maxRC=59519752.128890 wallSec=0.011385 pricingSec=0.007405 cplexSolveSec=0.002112
      [BB] 根节点即为整数解，obj=173629415.350342
    [CG] 列生成收敛，共 5 轮迭代
    [CG] [CG-NODE] depth=0 exit=CERTIFIED certified=1 feasible=1 iters=5 generatedColsBeforeNode=0 newCols=57 posCandidates=57 duplicateCandidates=0 updatedCols=0 zeroObjImproveIters=0 objFirst=143142904.532762 objLast=173825250.263559 objGain=30682345.730797 maxRC=59519766.154613 wallSec=0.012050 pricingSec=0.008202 cplexSolveSec=0.002177
    [CG] CG iter 6: obj=173508695.902379, maxRC=145529.179984, +1 cols
    [CG]   [DIAG] iter=6 posCols=1 newCols=1 effImprove=1 updated=0
      [BB] 根节点即为整数解，obj=173825250.263559
    [CG] CG iter 1: obj=143236181.969429, maxRC=59518310.986239, +23 cols
    [CG] CG iter 1: obj=143254342.149928, maxRC=59519294.038099, +23 cols
    [CG] CG iter 7: obj=173508695.902379, maxRC=131354.213719, +2 cols
    [CG] 列生成开始，初始列数=128
    [CG]   [DIAG] iter=7 posCols=2 newCols=2 effImprove=2 updated=0
    [CG]   [DIAG] iter=1 posCols=23 newCols=23 effImprove=23 updated=0
    [CG]   [DIAG] iter=1 posCols=23 newCols=23 effImprove=23 updated=0
    [CG] 列生成收敛，共 8 轮迭代
    [CG] [CG-NODE] depth=0 exit=CERTIFIED certified=1 feasible=1 iters=8 generatedColsBeforeNode=0 newCols=61 posCandidates=61 duplicateCandidates=0 updatedCols=0 zeroObjImproveIters=4 objFirst=142603795.085178 objLast=173508695.902379 objGain=30904900.817201 maxRC=59248527.968477 wallSec=0.013065 pricingSec=0.008426 cplexSolveSec=0.002793
      [BB] 根节点即为整数解，obj=173508695.902379
    [CG] 列生成开始，初始列数=128
    [CG] 列生成开始，初始列数=128
    [CG] 列生成开始，初始列数=128
    [CG] CG iter 2: obj=160621999.252994, maxRC=10623120.738421, +17 cols
    [CG] CG iter 2: obj=160626574.998762, maxRC=10623479.978949, +17 cols
    [CG]   [DIAG] iter=2 posCols=17 newCols=17 effImprove=17 updated=0
    [CG]   [DIAG] iter=2 posCols=17 newCols=17 effImprove=17 updated=0
    [CG] 列生成开始，初始列数=128
    [CG] CG iter 3: obj=167016326.052806, maxRC=6255337.388685, +12 cols
    [CG]   [DIAG] iter=3 posCols=12 newCols=12 effImprove=12 updated=0
    [CG] CG iter 3: obj=167020894.055782, maxRC=6255299.282903, +12 cols
    [CG]   [DIAG] iter=3 posCols=12 newCols=12 effImprove=12 updated=0
    [CG] CG iter 4: obj=169714796.363167, maxRC=4143959.360234, +5 cols
    [CG]   [DIAG] iter=4 posCols=5 newCols=5 effImprove=5 updated=0
    [CG] CG iter 4: obj=169719324.152088, maxRC=4143807.155812, +5 cols
    [CG]   [DIAG] iter=4 posCols=5 newCols=5 effImprove=5 updated=0
    [CG] 列生成开始，初始列数=128
    [CG] 列生成收敛，共 5 轮迭代
    [CG] [CG-NODE] depth=0 exit=CERTIFIED certified=1 feasible=1 iters=5 generatedColsBeforeNode=0 newCols=57 posCandidates=57 duplicateCandidates=0 updatedCols=0 zeroObjImproveIters=0 objFirst=143254342.149928 objLast=173933181.168136 objGain=30678839.018208 maxRC=59519294.038099 wallSec=0.016080 pricingSec=0.011166 cplexSolveSec=0.002610
      [BB] 根节点即为整数解，obj=173933181.168136
    [CG] 列生成收敛，共 5 轮迭代
    [CG] [CG-NODE] depth=0 exit=CERTIFIED certified=1 feasible=1 iters=5 generatedColsBeforeNode=0 newCols=57 posCandidates=57 duplicateCandidates=0 updatedCols=0 zeroObjImproveIters=0 objFirst=143236181.969429 objLast=173937722.348231 objGain=30701540.378802 maxRC=59518310.986239 wallSec=0.016477 pricingSec=0.011760 cplexSolveSec=0.002624
      [BB] 根节点即为整数解，obj=173937722.348231
    [CG] 列生成开始，初始列数=128
    [CG] CG iter 1: obj=142711244.357378, maxRC=59499005.918279, +23 cols
    [CG]   [DIAG] iter=1 posCols=23 newCols=23 effImprove=23 updated=0
    [CG] 列生成开始，初始列数=128
    [CG] CG iter 2: obj=160626616.582138, maxRC=10623470.951051, +17 cols
    [CG]   [DIAG] iter=2 posCols=17 newCols=17 effImprove=17 updated=0
    [CG] CG iter 3: obj=166962363.391260, maxRC=6280298.391960, +11 cols
    [CG]   [DIAG] iter=3 posCols=11 newCols=11 effImprove=11 updated=0
    [CG] CG iter 4: obj=169602208.223776, maxRC=4089516.774960, +5 cols
    [CG]   [DIAG] iter=4 posCols=5 newCols=5 effImprove=5 updated=0
    [CG] 列生成收敛，共 5 轮迭代
    [CG] [CG-NODE] depth=0 exit=CERTIFIED certified=1 feasible=1 iters=5 generatedColsBeforeNode=0 newCols=56 posCandidates=56 duplicateCandidates=0 updatedCols=0 zeroObjImproveIters=0 objFirst=142711244.357378 objLast=173820610.094925 objGain=31109365.737547 maxRC=59499005.918279 wallSec=0.008834 pricingSec=0.005780 cplexSolveSec=0.001584
      [BB] 根节点即为整数解，obj=173820610.094925
    [CG] CG iter 1: obj=142953529.616195, maxRC=59519294.038099, +23 cols
    [CG]   [DIAG] iter=1 posCols=23 newCols=23 effImprove=23 updated=0
    [CG] CG iter 1: obj=143117977.931127, maxRC=59519752.128890, +23 cols
    [CG]   [DIAG] iter=1 posCols=23 newCols=23 effImprove=23 updated=0
    [CG] 列生成开始，初始列数=128
    [CG] CG iter 2: obj=160539753.427265, maxRC=10624540.690091, +17 cols
    [CG]   [DIAG] iter=2 posCols=17 newCols=17 effImprove=17 updated=0
    [CG] CG iter 1: obj=143148752.439629, maxRC=59518467.776323, +23 cols
    [CG] CG iter 2: obj=160547049.844940, maxRC=10623535.569999, +17 cols
    [CG] CG iter 1: obj=143162097.196714, maxRC=59519752.128890, +23 cols
    [CG]   [DIAG] iter=2 posCols=17 newCols=17 effImprove=17 updated=0
    [CG]   [DIAG] iter=1 posCols=23 newCols=23 effImprove=23 updated=0
    [CG] CG iter 1: obj=143190832.604496, maxRC=59518538.963040, +23 cols
    [CG] CG iter 1: obj=143253557.899391, maxRC=59519752.128890, +23 cols
    [CG]   [DIAG] iter=1 posCols=23 newCols=23 effImprove=23 updated=0
    [CG]   [DIAG] iter=1 posCols=23 newCols=23 effImprove=23 updated=0
    [CG]   [DIAG] iter=1 posCols=23 newCols=23 effImprove=23 updated=0
    [CG] CG iter 3: obj=166910354.258831, maxRC=6242170.839616, +12 cols
    [CG] CG iter 3: obj=166859123.375771, maxRC=6278680.551506, +11 cols
    [CG]   [DIAG] iter=3 posCols=12 newCols=12 effImprove=12 updated=0
    [CG]   [DIAG] iter=3 posCols=11 newCols=11 effImprove=11 updated=0
    [CG] CG iter 2: obj=160584459.743926, maxRC=10623106.317757, +17 cols
    [CG]   [DIAG] iter=2 posCols=17 newCols=17 effImprove=17 updated=0
    [CG] CG iter 2: obj=160626614.605155, maxRC=10623485.371715, +17 cols
    [CG]   [DIAG] iter=2 posCols=17 newCols=17 effImprove=17 updated=0
    [CG] CG iter 2: obj=160617476.782020, maxRC=10623469.392767, +17 cols
    [CG]   [DIAG] iter=2 posCols=17 newCols=17 effImprove=17 updated=0
    [CG] CG iter 4: obj=169595664.489777, maxRC=4116413.913890, +5 cols
    [CG]   [DIAG] iter=4 posCols=5 newCols=5 effImprove=5 updated=0
    [CG] CG iter 2: obj=160616301.229062, maxRC=10623093.641262, +17 cols
    [CG]   [DIAG] iter=2 posCols=17 newCols=17 effImprove=17 updated=0
    [CG] CG iter 4: obj=169500054.737284, maxRC=4079538.802859, +5 cols
    [CG]   [DIAG] iter=4 posCols=5 newCols=5 effImprove=5 updated=0
    [CG] 列生成收敛，共 5 轮迭代
    [CG] [CG-NODE] depth=0 exit=CERTIFIED certified=1 feasible=1 iters=5 generatedColsBeforeNode=0 newCols=57 posCandidates=57 duplicateCandidates=0 updatedCols=0 zeroObjImproveIters=0 objFirst=143117977.931127 objLast=173825283.729074 objGain=30707305.797947 maxRC=59519752.128890 wallSec=0.012996 pricingSec=0.008915 cplexSolveSec=0.002181
    [CG] CG iter 3: obj=166965776.952320, maxRC=6250529.404047, +12 cols
    [CG] CG iter 3: obj=167017792.898917, maxRC=6256452.021740, +12 cols
    [CG]   [DIAG] iter=3 posCols=12 newCols=12 effImprove=12 updated=0
    [CG]   [DIAG] iter=3 posCols=12 newCols=12 effImprove=12 updated=0
      [BB] 根节点即为整数解，obj=173825283.729074
    [CG] 列生成收敛，共 5 轮迭代
    [CG] [CG-NODE] depth=0 exit=CERTIFIED certified=1 feasible=1 iters=5 generatedColsBeforeNode=0 newCols=56 posCandidates=56 duplicateCandidates=0 updatedCols=0 zeroObjImproveIters=0 objFirst=142953529.616195 objLast=173722585.983444 objGain=30769056.367249 maxRC=59519294.038099 wallSec=0.015597 pricingSec=0.011167 cplexSolveSec=0.002417
    [CG] CG iter 1: obj=142828320.813908, maxRC=59511948.647147, +23 cols
      [BB] 根节点即为整数解，obj=173722585.983444
    [CG] CG iter 3: obj=167011308.933179, maxRC=6255804.407893, +12 cols
    [CG]   [DIAG] iter=3 posCols=12 newCols=12 effImprove=12 updated=0
    [CG]   [DIAG] iter=1 posCols=23 newCols=23 effImprove=23 updated=0
    [CG] CG iter 4: obj=169713079.002118, maxRC=4141135.955429, +5 cols
    [CG]   [DIAG] iter=4 posCols=5 newCols=5 effImprove=5 updated=0
    [CG] CG iter 3: obj=167009958.449119, maxRC=6255698.600343, +12 cols
    [CG] CG iter 4: obj=169659438.231472, maxRC=4132894.262012, +5 cols
    [CG]   [DIAG] iter=3 posCols=12 newCols=12 effImprove=12 updated=0
    [CG]   [DIAG] iter=4 posCols=5 newCols=5 effImprove=5 updated=0
    [CG] 列生成收敛，共 5 轮迭代
    [CG] [CG-NODE] depth=0 exit=CERTIFIED certified=1 feasible=1 iters=5 generatedColsBeforeNode=0 newCols=57 posCandidates=57 duplicateCandidates=0 updatedCols=0 zeroObjImproveIters=0 objFirst=143253557.899391 objLast=173931475.089988 objGain=30677917.190597 maxRC=59519752.128890 wallSec=0.009005 pricingSec=0.006044 cplexSolveSec=0.001648
    [CG] 列生成收敛，共 5 轮迭代
      [BB] 根节点即为整数解，obj=173931475.089988
    [CG] [CG-NODE] depth=0 exit=CERTIFIED certified=1 feasible=1 iters=5 generatedColsBeforeNode=0 newCols=57 posCandidates=57 duplicateCandidates=0 updatedCols=0 zeroObjImproveIters=0 objFirst=143148752.439629 objLast=173882315.348974 objGain=30733562.909345 maxRC=59518467.776323 wallSec=0.009715 pricingSec=0.006453 cplexSolveSec=0.001821
    [CG] CG iter 4: obj=169710234.191837, maxRC=4143828.800868, +5 cols
    [CG]   [DIAG] iter=4 posCols=5 newCols=5 effImprove=5 updated=0
      [BB] 根节点即为整数解，obj=173882315.348974
    [CG] CG iter 4: obj=169708781.445016, maxRC=4143779.033717, +5 cols
    [CG]   [DIAG] iter=4 posCols=5 newCols=5 effImprove=5 updated=0
    [CG] 列生成收敛，共 5 轮迭代
    [CG] [CG-NODE] depth=0 exit=CERTIFIED certified=1 feasible=1 iters=5 generatedColsBeforeNode=0 newCols=57 posCandidates=57 duplicateCandidates=0 updatedCols=0 zeroObjImproveIters=0 objFirst=143162097.196714 objLast=173928634.665306 objGain=30766537.468592 maxRC=59519752.128890 wallSec=0.016581 pricingSec=0.011551 cplexSolveSec=0.002630
    [CG] CG iter 2: obj=160536039.106894, maxRC=10624540.690091, +17 cols
      [BB] 根节点即为整数解，obj=173928634.665306
    [CG] 列生成收敛，共 5 轮迭代
    [CG] [CG-NODE] depth=0 exit=CERTIFIED certified=1 feasible=1 iters=5 generatedColsBeforeNode=0 newCols=57 posCandidates=57 duplicateCandidates=0 updatedCols=0 zeroObjImproveIters=0 objFirst=143190832.604496 objLast=173927238.427675 objGain=30736405.823179 maxRC=59518538.963040 wallSec=0.016643 pricingSec=0.011537 cplexSolveSec=0.002706
    [CG]   [DIAG] iter=2 posCols=17 newCols=17 effImprove=17 updated=0
      [BB] 根节点即为整数解，obj=173927238.427675
    [CG] 列生成开始，初始列数=128
    [CG] CG iter 1: obj=143212147.733042, maxRC=59519752.128890, +23 cols
    [CG]   [DIAG] iter=1 posCols=23 newCols=23 effImprove=23 updated=0
    [CG] 列生成开始，初始列数=128
    [CG] 列生成开始，初始列数=128
    [CG] CG iter 3: obj=166855409.055400, maxRC=6278680.551506, +11 cols
    [CG]   [DIAG] iter=3 posCols=11 newCols=11 effImprove=11 updated=0
    [CG] 列生成开始，初始列数=128
    [CG] CG iter 2: obj=160605093.594043, maxRC=10623603.398459, +17 cols
    [CG]   [DIAG] iter=2 posCols=17 newCols=17 effImprove=17 updated=0
    [CG] 列生成开始，初始列数=128
    [CG] CG iter 4: obj=169496340.416913, maxRC=4079538.802859, +5 cols
    [CG]   [DIAG] iter=4 posCols=5 newCols=5 effImprove=5 updated=0
    [CG] CG iter 3: obj=166986017.986898, maxRC=6261421.044567, +12 cols
    [CG]   [DIAG] iter=3 posCols=12 newCols=12 effImprove=12 updated=0
    [CG] 列生成收敛，共 5 轮迭代
    [CG] [CG-NODE] depth=0 exit=CERTIFIED certified=1 feasible=1 iters=5 generatedColsBeforeNode=0 newCols=56 posCandidates=56 duplicateCandidates=0 updatedCols=0 zeroObjImproveIters=0 objFirst=142828320.813908 objLast=173718871.663072 objGain=30890550.849164 maxRC=59511948.647147 wallSec=0.016956 pricingSec=0.011633 cplexSolveSec=0.002933
    [CG] CG iter 4: obj=169674945.886555, maxRC=4133445.849647, +5 cols
    [CG]   [DIAG] iter=4 posCols=5 newCols=5 effImprove=5 updated=0
      [BB] 根节点即为整数解，obj=173718871.663072
    [CG] 列生成收敛，共 5 轮迭代
    [CG] [CG-NODE] depth=0 exit=CERTIFIED certified=1 feasible=1 iters=5 generatedColsBeforeNode=0 newCols=57 posCandidates=57 duplicateCandidates=0 updatedCols=0 zeroObjImproveIters=0 objFirst=143212147.733042 objLast=173893432.716810 objGain=30681284.983768 maxRC=59519752.128890 wallSec=0.009398 pricingSec=0.006456 cplexSolveSec=0.001726
      [BB] 根节点即为整数解，obj=173893432.716810
    [CG] CG iter 1: obj=143236461.331795, maxRC=59519752.128890, +23 cols
    [CG]   [DIAG] iter=1 posCols=23 newCols=23 effImprove=23 updated=0
    [CG] CG iter 2: obj=160625808.926243, maxRC=10624321.363769, +17 cols
    [CG]   [DIAG] iter=2 posCols=17 newCols=17 effImprove=17 updated=0
    [CG] CG iter 3: obj=167008576.034464, maxRC=6259683.359062, +12 cols
    [CG]   [DIAG] iter=3 posCols=12 newCols=12 effImprove=12 updated=0
    [CG] CG iter 4: obj=169695973.162098, maxRC=4133580.279254, +5 cols
    [CG]   [DIAG] iter=4 posCols=5 newCols=5 effImprove=5 updated=0
    [CG] CG iter 1: obj=143234644.639401, maxRC=59519752.128890, +23 cols
    [CG]   [DIAG] iter=1 posCols=23 newCols=23 effImprove=23 updated=0
    [CG] 列生成收敛，共 5 轮迭代
    [CG] [CG-NODE] depth=0 exit=CERTIFIED certified=1 feasible=1 iters=5 generatedColsBeforeNode=0 newCols=57 posCandidates=57 duplicateCandidates=0 updatedCols=0 zeroObjImproveIters=0 objFirst=143236461.331795 objLast=173914140.267248 objGain=30677678.935453 maxRC=59519752.128890 wallSec=0.006770 pricingSec=0.004307 cplexSolveSec=0.001324
      [BB] 根节点即为整数解，obj=173914140.267248
    [CG] CG iter 1: obj=143172511.612819, maxRC=59517894.779518, +23 cols
    [CG] CG iter 2: obj=160605192.605700, maxRC=10623485.371715, +17 cols
    [CG]   [DIAG] iter=2 posCols=17 newCols=17 effImprove=17 updated=0
    [CG]   [DIAG] iter=1 posCols=23 newCols=23 effImprove=23 updated=0
    [CG] CG iter 3: obj=166997353.183521, maxRC=6256894.257211, +12 cols
    [CG]   [DIAG] iter=3 posCols=12 newCols=12 effImprove=12 updated=0
    [CG] CG iter 4: obj=169697387.310395, maxRC=4143477.505973, +5 cols
    [CG]   [DIAG] iter=4 posCols=5 newCols=5 effImprove=5 updated=0
    [CG] CG iter 2: obj=160563416.258768, maxRC=10622090.001165, +17 cols
    [CG]   [DIAG] iter=2 posCols=17 newCols=17 effImprove=17 updated=0
    [CG] 列生成收敛，共 5 轮迭代
    [CG] [CG-NODE] depth=0 exit=CERTIFIED certified=1 feasible=1 iters=5 generatedColsBeforeNode=0 newCols=57 posCandidates=57 duplicateCandidates=0 updatedCols=0 zeroObjImproveIters=0 objFirst=143234644.639401 objLast=173915896.209889 objGain=30681251.570487 maxRC=59519752.128890 wallSec=0.008520 pricingSec=0.005583 cplexSolveSec=0.001509
      [BB] 根节点即为整数解，obj=173915896.209889
    [CG] CG iter 3: obj=166942756.580145, maxRC=6251752.129537, +12 cols
    [CG]   [DIAG] iter=3 posCols=12 newCols=12 effImprove=12 updated=0
    [CG] CG iter 1: obj=143259841.020768, maxRC=59519752.128890, +23 cols
    [CG] CG iter 4: obj=169637591.626395, maxRC=4132944.284210, +5 cols
    [CG]   [DIAG] iter=4 posCols=5 newCols=5 effImprove=5 updated=0
    [CG]   [DIAG] iter=1 posCols=23 newCols=23 effImprove=23 updated=0
    [CG] CG iter 1: obj=143190423.680607, maxRC=59518467.776323, +23 cols
    [CG] 列生成收敛，共 5 轮迭代
    [CG] [CG-NODE] depth=0 exit=CERTIFIED certified=1 feasible=1 iters=5 generatedColsBeforeNode=0 newCols=57 posCandidates=57 duplicateCandidates=0 updatedCols=0 zeroObjImproveIters=0 objFirst=143172511.612819 objLast=173860788.826819 objGain=30688277.214000 maxRC=59517894.779518 wallSec=0.009524 pricingSec=0.006246 cplexSolveSec=0.001858
    [CG]   [DIAG] iter=1 posCols=23 newCols=23 effImprove=23 updated=0
      [BB] 根节点即为整数解，obj=173860788.826819
    [CG] CG iter 2: obj=160626611.814262, maxRC=10623458.634161, +17 cols
    [CG]   [DIAG] iter=2 posCols=17 newCols=17 effImprove=17 updated=0
    [CG] CG iter 3: obj=167020941.251295, maxRC=6255295.025654, +12 cols
    [CG]   [DIAG] iter=3 posCols=12 newCols=12 effImprove=12 updated=0
    [CG] CG iter 2: obj=160584459.743926, maxRC=10623106.317757, +17 cols
    [CG]   [DIAG] iter=2 posCols=17 newCols=17 effImprove=17 updated=0
    [CG] CG iter 4: obj=169719362.123494, maxRC=4143822.282560, +5 cols
    [CG]   [DIAG] iter=4 posCols=5 newCols=5 effImprove=5 updated=0
    [CG] 列生成收敛，共 5 轮迭代
    [CG] [CG-NODE] depth=0 exit=CERTIFIED certified=1 feasible=1 iters=5 generatedColsBeforeNode=0 newCols=57 posCandidates=57 duplicateCandidates=0 updatedCols=0 zeroObjImproveIters=0 objFirst=143259841.020768 objLast=173937770.023203 objGain=30677929.002435 maxRC=59519752.128890 wallSec=0.014115 pricingSec=0.009898 cplexSolveSec=0.002157
      [BB] 根节点即为整数解，obj=173937770.023203
    [CG] CG iter 3: obj=166965776.087654, maxRC=6250533.276089, +12 cols
    [CG]   [DIAG] iter=3 posCols=12 newCols=12 effImprove=12 updated=0
    [CG] CG iter 4: obj=169659436.502140, maxRC=4132888.838830, +5 cols
    [CG]   [DIAG] iter=4 posCols=5 newCols=5 effImprove=5 updated=0
    [CG] 列生成收敛，共 5 轮迭代
    [CG] [CG-NODE] depth=0 exit=CERTIFIED certified=1 feasible=1 iters=5 generatedColsBeforeNode=0 newCols=57 posCandidates=57 duplicateCandidates=0 updatedCols=0 zeroObjImproveIters=0 objFirst=143190423.680607 objLast=173882313.619642 objGain=30691889.939036 maxRC=59518467.776323 wallSec=0.016576 pricingSec=0.011324 cplexSolveSec=0.002932
      [BB] 根节点即为整数解，obj=173882313.619642
[GA] 代数 4: Best=173966655.71, Avg=173875802.72, Worst=173537581.59, Valid=30/30, 耗时=0.05s (连续4代未提升)
  ├─ 求解: 30 个体 fork 并行 | CG迭代=113 加列=1254 BB分支=0
  ├─ 并行墙钟=0.0465s | 串行等效(ΣBP)=0.2743s | 加速比=5.90x
  ├─ 管理开销=-0.2278s (fork=0.0034 wait=0.0427 merge=0.0003)
  └─ CG明细: gen_logs/run_gen4_ind{0..29}.log
    [CG] 列生成开始，初始列数=128
    [CG] 列生成开始，初始列数=128
    [CG] 列生成开始，初始列数=128
    [CG] 列生成开始，初始列数=128
    [CG] 列生成开始，初始列数=128
    [CG] 列生成开始，初始列数=128
    [CG] 列生成开始，初始列数=128
    [CG] 列生成开始，初始列数=128
    [CG] CG iter 1: obj=143177178.840706, maxRC=59517760.176737, +23 cols
    [CG]   [DIAG] iter=1 posCols=23 newCols=23 effImprove=23 updated=0
    [CG] CG iter 1: obj=143257956.158793, maxRC=59519294.038099, +23 cols
    [CG]   [DIAG] iter=1 posCols=23 newCols=23 effImprove=23 updated=0
    [CG] CG iter 2: obj=160564586.647921, maxRC=10621998.462092, +17 cols
    [CG]   [DIAG] iter=2 posCols=17 newCols=17 effImprove=17 updated=0
    [CG] CG iter 2: obj=160625613.979530, maxRC=10623120.738421, +17 cols
    [CG]   [DIAG] iter=2 posCols=17 newCols=17 effImprove=17 updated=0
    [CG] CG iter 3: obj=166944602.677685, maxRC=6252078.012594, +12 cols
    [CG]   [DIAG] iter=3 posCols=12 newCols=12 effImprove=12 updated=0
    [CG] CG iter 1: obj=142963510.360840, maxRC=59519752.128890, +23 cols
    [CG]   [DIAG] iter=1 posCols=23 newCols=23 effImprove=23 updated=0
    [CG] CG iter 4: obj=169639763.606992, maxRC=4133611.037570, +5 cols
    [CG]   [DIAG] iter=4 posCols=5 newCols=5 effImprove=5 updated=0
    [CG] CG iter 3: obj=167019940.420507, maxRC=6255337.747521, +12 cols
    [CG]   [DIAG] iter=3 posCols=12 newCols=12 effImprove=12 updated=0
    [CG] 列生成收敛，共 5 轮迭代
    [CG] [CG-NODE] depth=0 exit=CERTIFIED certified=1 feasible=1 iters=5 generatedColsBeforeNode=0 newCols=57 posCandidates=57 duplicateCandidates=0 updatedCols=0 zeroObjImproveIters=0 objFirst=143177178.840706 objLast=173862719.238995 objGain=30685540.398290 maxRC=59517760.176737 wallSec=0.008671 pricingSec=0.005695 cplexSolveSec=0.001545
    [CG] CG iter 1: obj=143193237.673432, maxRC=59518807.842570, +23 cols
      [BB] 根节点即为整数解，obj=173862719.238995
    [CG]   [DIAG] iter=1 posCols=23 newCols=23 effImprove=23 updated=0
    [CG] CG iter 2: obj=160392583.485501, maxRC=10623535.569999, +17 cols
    [CG]   [DIAG] iter=2 posCols=17 newCols=17 effImprove=17 updated=0
    [CG] CG iter 4: obj=169718411.089703, maxRC=4143959.360234, +5 cols
    [CG]   [DIAG] iter=4 posCols=5 newCols=5 effImprove=5 updated=0
    [CG] 列生成收敛，共 5 轮迭代
    [CG] [CG-NODE] depth=0 exit=CERTIFIED certified=1 feasible=1 iters=5 generatedColsBeforeNode=0 newCols=57 posCandidates=57 duplicateCandidates=0 updatedCols=0 zeroObjImproveIters=0 objFirst=143257956.158793 objLast=173936795.894672 objGain=30678839.735879 maxRC=59519294.038099 wallSec=0.009970 pricingSec=0.006515 cplexSolveSec=0.001861
    [CG] CG iter 2: obj=160623046.844899, maxRC=10627767.666380, +17 cols
    [CG]   [DIAG] iter=2 posCols=17 newCols=17 effImprove=17 updated=0
      [BB] 根节点即为整数解，obj=173936795.894672
    [CG] CG iter 3: obj=166755887.293968, maxRC=6242172.852522, +12 cols
    [CG]   [DIAG] iter=3 posCols=12 newCols=12 effImprove=12 updated=0
    [CG] CG iter 1: obj=143113981.187150, maxRC=59519752.128890, +23 cols
    [CG]   [DIAG] iter=1 posCols=23 newCols=23 effImprove=23 updated=0
    [CG] CG iter 3: obj=167015369.857903, maxRC=6254699.932617, +12 cols
    [CG]   [DIAG] iter=3 posCols=12 newCols=12 effImprove=12 updated=0
    [CG] CG iter 4: obj=169441196.919490, maxRC=4116411.037899, +5 cols
    [CG]   [DIAG] iter=4 posCols=5 newCols=5 effImprove=5 updated=0
    [CG] 列生成开始，初始列数=128
    [CG] CG iter 4: obj=169714468.324630, maxRC=4142549.594996, +5 cols
    [CG] 列生成收敛，共 5 轮迭代
    [CG] [CG-NODE] depth=0 exit=CERTIFIED certified=1 feasible=1 iters=5 generatedColsBeforeNode=0 newCols=57 posCandidates=57 duplicateCandidates=0 updatedCols=0 zeroObjImproveIters=0 objFirst=142963510.360840 objLast=173670816.158787 objGain=30707305.797947 maxRC=59519752.128890 wallSec=0.011142 pricingSec=0.007370 cplexSolveSec=0.001990
    [CG]   [DIAG] iter=4 posCols=5 newCols=5 effImprove=5 updated=0
      [BB] 根节点即为整数解，obj=173670816.158787
    [CG] 列生成收敛，共 5 轮迭代
    [CG] [CG-NODE] depth=0 exit=CERTIFIED certified=1 feasible=1 iters=5 generatedColsBeforeNode=0 newCols=57 posCandidates=57 duplicateCandidates=0 updatedCols=0 zeroObjImproveIters=0 objFirst=143193237.673432 objLast=173931603.536775 objGain=30738365.863343 maxRC=59518807.842570 wallSec=0.011279 pricingSec=0.007425 cplexSolveSec=0.001943
      [BB] 根节点即为整数解，obj=173931603.536775
    [CG] CG iter 2: obj=160543254.869935, maxRC=10624141.046828, +17 cols
    [CG]   [DIAG] iter=2 posCols=17 newCols=17 effImprove=17 updated=0
    [CG] CG iter 1: obj=143231559.991801, maxRC=59518310.986239, +23 cols
    [CG] CG iter 1: obj=143112162.086313, maxRC=59519752.128890, +23 cols
    [CG]   [DIAG] iter=1 posCols=23 newCols=23 effImprove=23 updated=0
    [CG]   [DIAG] iter=1 posCols=23 newCols=23 effImprove=23 updated=0
    [CG] 列生成开始，初始列数=128
    [CG] CG iter 3: obj=166906269.525047, maxRC=6242089.192567, +12 cols
    [CG]   [DIAG] iter=3 posCols=12 newCols=12 effImprove=12 updated=0
    [CG] CG iter 1: obj=142633952.672699, maxRC=59498105.062441, +23 cols
    [CG] 列生成开始，初始列数=128
    [CG]   [DIAG] iter=1 posCols=23 newCols=23 effImprove=23 updated=0
    [CG] CG iter 2: obj=160626574.998762, maxRC=10623479.978949, +17 cols
    [CG] 列生成开始，初始列数=128
    [CG] CG iter 2: obj=160547049.844940, maxRC=10623535.569999, +17 cols
    [CG]   [DIAG] iter=2 posCols=17 newCols=17 effImprove=17 updated=0
    [CG]   [DIAG] iter=2 posCols=17 newCols=17 effImprove=17 updated=0
    [CG] CG iter 4: obj=169591667.745800, maxRC=4116238.782713, +5 cols
    [CG]   [DIAG] iter=4 posCols=5 newCols=5 effImprove=5 updated=0
    [CG] 列生成收敛，共 5 轮迭代
    [CG] [CG-NODE] depth=0 exit=CERTIFIED certified=1 feasible=1 iters=5 generatedColsBeforeNode=0 newCols=57 posCandidates=57 duplicateCandidates=0 updatedCols=0 zeroObjImproveIters=0 objFirst=143113981.187150 objLast=173821114.729911 objGain=30707133.542761 maxRC=59519752.128890 wallSec=0.015358 pricingSec=0.010338 cplexSolveSec=0.002708
      [BB] 根节点即为整数解，obj=173821114.729911
    [CG] CG iter 2: obj=160569280.056799, maxRC=10623106.317757, +17 cols
    [CG] CG iter 3: obj=167020894.055782, maxRC=6255299.282903, +12 cols
    [CG]   [DIAG] iter=2 posCols=17 newCols=17 effImprove=17 updated=0
    [CG] CG iter 3: obj=166910354.258831, maxRC=6242170.839616, +12 cols
    [CG]   [DIAG] iter=3 posCols=12 newCols=12 effImprove=12 updated=0
    [CG]   [DIAG] iter=3 posCols=12 newCols=12 effImprove=12 updated=0
    [CG] CG iter 4: obj=169719324.152088, maxRC=4143807.155812, +5 cols
    [CG]   [DIAG] iter=4 posCols=5 newCols=5 effImprove=5 updated=0
    [CG] CG iter 4: obj=169595664.489777, maxRC=4116413.913890, +5 cols
    [CG]   [DIAG] iter=4 posCols=5 newCols=5 effImprove=5 updated=0
    [CG] 列生成开始，初始列数=128
    [CG] CG iter 3: obj=166886048.431288, maxRC=6272984.377661, +11 cols
    [CG] CG iter 1: obj=143119610.025250, maxRC=59519752.128890, +23 cols
    [CG]   [DIAG] iter=3 posCols=11 newCols=11 effImprove=11 updated=0
    [CG]   [DIAG] iter=1 posCols=23 newCols=23 effImprove=23 updated=0
    [CG] 列生成收敛，共 5 轮迭代
    [CG] [CG-NODE] depth=0 exit=CERTIFIED certified=1 feasible=1 iters=5 generatedColsBeforeNode=0 newCols=57 posCandidates=57 duplicateCandidates=0 updatedCols=0 zeroObjImproveIters=0 objFirst=143231559.991801 objLast=173937722.348231 objGain=30706162.356429 maxRC=59518310.986239 wallSec=0.017197 pricingSec=0.011639 cplexSolveSec=0.003047
    [CG] 列生成收敛，共 5 轮迭代
    [CG] [CG-NODE] depth=0 exit=CERTIFIED certified=1 feasible=1 iters=5 generatedColsBeforeNode=0 newCols=57 posCandidates=57 duplicateCandidates=0 updatedCols=0 zeroObjImproveIters=0 objFirst=143112162.086313 objLast=173825283.729074 objGain=30713121.642761 maxRC=59519752.128890 wallSec=0.017874 pricingSec=0.011956 cplexSolveSec=0.003174
      [BB] 根节点即为整数解，obj=173937722.348231
      [BB] 根节点即为整数解，obj=173825283.729074
    [CG] CG iter 4: obj=169518579.249504, maxRC=4073304.670798, +5 cols
    [CG]   [DIAG] iter=4 posCols=5 newCols=5 effImprove=5 updated=0
    [CG] CG iter 2: obj=160548381.925135, maxRC=10623535.569999, +17 cols
    [CG]   [DIAG] iter=2 posCols=17 newCols=17 effImprove=17 updated=0
    [CG] 列生成收敛，共 5 轮迭代
    [CG] [CG-NODE] depth=0 exit=CERTIFIED certified=1 feasible=1 iters=5 generatedColsBeforeNode=0 newCols=56 posCandidates=56 duplicateCandidates=0 updatedCols=0 zeroObjImproveIters=0 objFirst=142633952.672699 objLast=173743637.964632 objGain=31109685.291933 maxRC=59498105.062441 wallSec=0.018663 pricingSec=0.012697 cplexSolveSec=0.003151
      [BB] 根节点即为整数解，obj=173743637.964632
    [CG] CG iter 1: obj=143255220.100257, maxRC=59519752.128890, +23 cols
    [CG]   [DIAG] iter=1 posCols=23 newCols=23 effImprove=23 updated=0
    [CG] CG iter 3: obj=166912212.624719, maxRC=6242397.111381, +12 cols
    [CG] CG iter 1: obj=143118117.160338, maxRC=59519752.128890, +23 cols
    [CG]   [DIAG] iter=3 posCols=12 newCols=12 effImprove=12 updated=0
    [CG]   [DIAG] iter=1 posCols=23 newCols=23 effImprove=23 updated=0
    [CG] CG iter 2: obj=160626614.605155, maxRC=10623485.371715, +17 cols
    [CG]   [DIAG] iter=2 posCols=17 newCols=17 effImprove=17 updated=0
    [CG] 列生成开始，初始列数=128
    [CG] CG iter 4: obj=169597749.127430, maxRC=4116881.119074, +5 cols
    [CG]   [DIAG] iter=4 posCols=5 newCols=5 effImprove=5 updated=0
    [CG] CG iter 3: obj=167020934.988164, maxRC=6255295.270771, +12 cols
    [CG]   [DIAG] iter=3 posCols=12 newCols=12 effImprove=12 updated=0
    [CG] CG iter 2: obj=160547153.345698, maxRC=10623457.808547, +17 cols
    [CG]   [DIAG] iter=2 posCols=17 newCols=17 effImprove=17 updated=0
    [CG] CG iter 4: obj=169719363.180610, maxRC=4143805.047541, +5 cols
    [CG]   [DIAG] iter=4 posCols=5 newCols=5 effImprove=5 updated=0
    [CG] 列生成收敛，共 5 轮迭代
    [CG] [CG-NODE] depth=0 exit=CERTIFIED certified=1 feasible=1 iters=5 generatedColsBeforeNode=0 newCols=57 posCandidates=57 duplicateCandidates=0 updatedCols=0 zeroObjImproveIters=0 objFirst=143119610.025250 objLast=173827174.923755 objGain=30707564.898505 maxRC=59519752.128890 wallSec=0.011697 pricingSec=0.007792 cplexSolveSec=0.002109
    [CG] 列生成开始，初始列数=128
      [BB] 根节点即为整数解，obj=173827174.923755
    [CG] 列生成收敛，共 5 轮迭代
    [CG] [CG-NODE] depth=0 exit=CERTIFIED certified=1 feasible=1 iters=5 generatedColsBeforeNode=0 newCols=57 posCandidates=57 duplicateCandidates=0 updatedCols=0 zeroObjImproveIters=0 objFirst=143255220.100257 objLast=173937759.268481 objGain=30682539.168224 maxRC=59519752.128890 wallSec=0.009139 pricingSec=0.006101 cplexSolveSec=0.001589
    [CG] CG iter 3: obj=166910500.074803, maxRC=6242183.682188, +12 cols
      [BB] 根节点即为整数解，obj=173937759.268481
    [CG]   [DIAG] iter=3 posCols=12 newCols=12 effImprove=12 updated=0
    [CG] CG iter 4: obj=169595803.718988, maxRC=4116427.848901, +5 cols
    [CG] 列生成开始，初始列数=128
    [CG]   [DIAG] iter=4 posCols=5 newCols=5 effImprove=5 updated=0
    [CG] 列生成收敛，共 5 轮迭代
    [CG] [CG-NODE] depth=0 exit=CERTIFIED certified=1 feasible=1 iters=5 generatedColsBeforeNode=0 newCols=57 posCandidates=57 duplicateCandidates=0 updatedCols=0 zeroObjImproveIters=0 objFirst=143118117.160338 objLast=173825439.769288 objGain=30707322.608949 maxRC=59519752.128890 wallSec=0.009848 pricingSec=0.006566 cplexSolveSec=0.001761
      [BB] 根节点即为整数解，obj=173825439.769288
    [CG] CG iter 1: obj=142836085.361342, maxRC=59498898.351770, +23 cols
    [CG] CG iter 1: obj=142711249.359461, maxRC=59499005.918279, +23 cols
    [CG]   [DIAG] iter=1 posCols=23 newCols=23 effImprove=23 updated=0
    [CG]   [DIAG] iter=1 posCols=23 newCols=23 effImprove=23 updated=0
    [CG] 列生成开始，初始列数=128
    [CG] 列生成开始，初始列数=128
    [CG] CG iter 2: obj=160626140.495899, maxRC=10623294.574995, +17 cols
    [CG]   [DIAG] iter=2 posCols=17 newCols=17 effImprove=17 updated=0
    [CG] 列生成开始，初始列数=128
    [CG] CG iter 3: obj=167020441.025311, maxRC=6255321.206723, +12 cols
    [CG]   [DIAG] iter=3 posCols=12 newCols=12 effImprove=12 updated=0
    [CG] CG iter 2: obj=160626620.588571, maxRC=10623470.951051, +17 cols
    [CG]   [DIAG] iter=2 posCols=17 newCols=17 effImprove=17 updated=0
    [CG] CG iter 1: obj=143140471.334044, maxRC=59519752.128890, +23 cols
    [CG] CG iter 4: obj=169718886.627587, maxRC=4143857.648009, +5 cols
    [CG]   [DIAG] iter=4 posCols=5 newCols=5 effImprove=5 updated=0
    [CG]   [DIAG] iter=1 posCols=23 newCols=23 effImprove=23 updated=0
    [CG] 列生成收敛，共 5 轮迭代
    [CG] [CG-NODE] depth=0 exit=CERTIFIED certified=1 feasible=1 iters=5 generatedColsBeforeNode=0 newCols=57 posCandidates=57 duplicateCandidates=0 updatedCols=0 zeroObjImproveIters=0 objFirst=142836085.361342 objLast=173937274.828510 objGain=31101189.467168 maxRC=59498898.351770 wallSec=0.010611 pricingSec=0.007382 cplexSolveSec=0.001834
      [BB] 根节点即为整数解，obj=173937274.828510
    [CG] CG iter 2: obj=160626537.764058, maxRC=10623458.634161, +17 cols
    [CG]   [DIAG] iter=2 posCols=17 newCols=17 effImprove=17 updated=0
    [CG] CG iter 3: obj=166962375.165391, maxRC=6280305.164008, +11 cols
    [CG]   [DIAG] iter=3 posCols=11 newCols=11 effImprove=11 updated=0
    [CG] CG iter 3: obj=166962287.250131, maxRC=6280300.509242, +11 cols
    [CG]   [DIAG] iter=3 posCols=11 newCols=11 effImprove=11 updated=0
    [CG] CG iter 4: obj=169602128.171370, maxRC=4089522.803519, +5 cols
    [CG]   [DIAG] iter=4 posCols=5 newCols=5 effImprove=5 updated=0
    [CG] CG iter 4: obj=169602226.769955, maxRC=4089525.567452, +5 cols
    [CG] 列生成收敛，共 5 轮迭代
    [CG] [CG-NODE] depth=0 exit=CERTIFIED certified=1 feasible=1 iters=5 generatedColsBeforeNode=0 newCols=56 posCandidates=56 duplicateCandidates=0 updatedCols=0 zeroObjImproveIters=0 objFirst=143140471.334044 objLast=173820536.071078 objGain=30680064.737034 maxRC=59519752.128890 wallSec=0.010220 pricingSec=0.006617 cplexSolveSec=0.001767
    [CG]   [DIAG] iter=4 posCols=5 newCols=5 effImprove=5 updated=0
      [BB] 根节点即为整数解，obj=173820536.071078
    [CG] CG iter 1: obj=143189837.732470, maxRC=59517803.759282, +23 cols
    [CG]   [DIAG] iter=1 posCols=23 newCols=23 effImprove=23 updated=0
    [CG] 列生成收敛，共 5 轮迭代
    [CG] [CG-NODE] depth=0 exit=CERTIFIED certified=1 feasible=1 iters=5 generatedColsBeforeNode=0 newCols=56 posCandidates=56 duplicateCandidates=0 updatedCols=0 zeroObjImproveIters=0 objFirst=142711249.359461 objLast=173820623.097761 objGain=31109373.738300 maxRC=59499005.918279 wallSec=0.019621 pricingSec=0.012909 cplexSolveSec=0.003483
      [BB] 根节点即为整数解，obj=173820623.097761
    [CG] CG iter 2: obj=160583209.778748, maxRC=10622636.472618, +17 cols
    [CG]   [DIAG] iter=2 posCols=17 newCols=17 effImprove=17 updated=0
    [CG] CG iter 1: obj=143186551.185790, maxRC=59517760.176737, +23 cols
    [CG]   [DIAG] iter=1 posCols=23 newCols=23 effImprove=23 updated=0
    [CG] CG iter 3: obj=166964623.208428, maxRC=6250566.145156, +12 cols
    [CG] CG iter 1: obj=143185182.811783, maxRC=59518538.963040, +23 cols
    [CG]   [DIAG] iter=3 posCols=12 newCols=12 effImprove=12 updated=0
    [CG]   [DIAG] iter=1 posCols=23 newCols=23 effImprove=23 updated=0
    [CG] CG iter 1: obj=143206307.273536, maxRC=59519752.128890, +23 cols
    [CG] CG iter 4: obj=169658316.491981, maxRC=4133190.230263, +5 cols
    [CG]   [DIAG] iter=4 posCols=5 newCols=5 effImprove=5 updated=0
    [CG]   [DIAG] iter=1 posCols=23 newCols=23 effImprove=23 updated=0
    [CG] 列生成收敛，共 5 轮迭代
    [CG] [CG-NODE] depth=0 exit=CERTIFIED certified=1 feasible=1 iters=5 generatedColsBeforeNode=0 newCols=57 posCandidates=57 duplicateCandidates=0 updatedCols=0 zeroObjImproveIters=0 objFirst=143189837.732470 objLast=173881225.715749 objGain=30691387.983279 maxRC=59517803.759282 wallSec=0.009812 pricingSec=0.006360 cplexSolveSec=0.001691
      [BB] 根节点即为整数解，obj=173881225.715749
    [CG] CG iter 2: obj=160564913.495612, maxRC=10621998.462092, +17 cols
    [CG]   [DIAG] iter=2 posCols=17 newCols=17 effImprove=17 updated=0
    [CG] CG iter 2: obj=160616301.229062, maxRC=10623093.641262, +17 cols
    [CG] CG iter 1: obj=143236107.919225, maxRC=59518310.986239, +23 cols
    [CG] CG iter 2: obj=160605185.831358, maxRC=10623485.371715, +17 cols
    [CG]   [DIAG] iter=2 posCols=17 newCols=17 effImprove=17 updated=0
    [CG]   [DIAG] iter=2 posCols=17 newCols=17 effImprove=17 updated=0
    [CG]   [DIAG] iter=1 posCols=23 newCols=23 effImprove=23 updated=0
    [CG] CG iter 3: obj=166944958.364295, maxRC=6252049.173674, +12 cols
    [CG]   [DIAG] iter=3 posCols=12 newCols=12 effImprove=12 updated=0
    [CG] CG iter 3: obj=166983159.259365, maxRC=6262696.974787, +12 cols
    [CG]   [DIAG] iter=3 posCols=12 newCols=12 effImprove=12 updated=0
    [CG] CG iter 3: obj=167007133.552763, maxRC=6256730.154051, +12 cols
    [CG]   [DIAG] iter=3 posCols=12 newCols=12 effImprove=12 updated=0
    [CG] CG iter 4: obj=169640090.454683, maxRC=4133611.037570, +5 cols
    [CG]   [DIAG] iter=4 posCols=5 newCols=5 effImprove=5 updated=0
    [CG] CG iter 4: obj=169669081.224919, maxRC=4130676.097758, +5 cols
    [CG]   [DIAG] iter=4 posCols=5 newCols=5 effImprove=5 updated=0
    [CG] CG iter 2: obj=160626500.948558, maxRC=10623479.978949, +17 cols
    [CG]   [DIAG] iter=2 posCols=17 newCols=17 effImprove=17 updated=0
    [CG] CG iter 4: obj=169703131.652304, maxRC=4141390.499494, +5 cols
    [CG]   [DIAG] iter=4 posCols=5 newCols=5 effImprove=5 updated=0
    [CG] 列生成收敛，共 5 轮迭代
    [CG] [CG-NODE] depth=0 exit=CERTIFIED certified=1 feasible=1 iters=5 generatedColsBeforeNode=0 newCols=57 posCandidates=57 duplicateCandidates=0 updatedCols=0 zeroObjImproveIters=0 objFirst=143186551.185790 objLast=173863046.086686 objGain=30676494.900896 maxRC=59517760.176737 wallSec=0.013354 pricingSec=0.008993 cplexSolveSec=0.002404
    [CG] 列生成收敛，共 5 轮迭代
    [CG] [CG-NODE] depth=0 exit=CERTIFIED certified=1 feasible=1 iters=5 generatedColsBeforeNode=0 newCols=57 posCandidates=57 duplicateCandidates=0 updatedCols=0 zeroObjImproveIters=0 objFirst=143206307.273536 objLast=173887600.576516 objGain=30681293.302979 maxRC=59519752.128890 wallSec=0.012080 pricingSec=0.008118 cplexSolveSec=0.002181
      [BB] 根节点即为整数解，obj=173863046.086686
      [BB] 根节点即为整数解，obj=173887600.576516
    [CG] 列生成收敛，共 5 轮迭代
    [CG] [CG-NODE] depth=0 exit=CERTIFIED certified=1 feasible=1 iters=5 generatedColsBeforeNode=0 newCols=57 posCandidates=57 duplicateCandidates=0 updatedCols=0 zeroObjImproveIters=0 objFirst=143185182.811783 objLast=173921588.634963 objGain=30736405.823179 maxRC=59518538.963040 wallSec=0.017243 pricingSec=0.011623 cplexSolveSec=0.002968
      [BB] 根节点即为整数解，obj=173921588.634963
    [CG] CG iter 3: obj=167020820.005578, maxRC=6255299.282903, +12 cols
    [CG]   [DIAG] iter=3 posCols=12 newCols=12 effImprove=12 updated=0
    [CG] CG iter 4: obj=169719250.101885, maxRC=4143807.155812, +5 cols
    [CG]   [DIAG] iter=4 posCols=5 newCols=5 effImprove=5 updated=0
    [CG] 列生成收敛，共 5 轮迭代
    [CG] [CG-NODE] depth=0 exit=CERTIFIED certified=1 feasible=1 iters=5 generatedColsBeforeNode=0 newCols=57 posCandidates=57 duplicateCandidates=0 updatedCols=0 zeroObjImproveIters=0 objFirst=143236107.919225 objLast=173937648.298027 objGain=30701540.378802 maxRC=59518310.986239 wallSec=0.017620 pricingSec=0.011994 cplexSolveSec=0.002924
      [BB] 根节点即为整数解，obj=173937648.298027
[GA] 代数 5: Best=173966655.71, Avg=173895976.90, Worst=173699701.84, Valid=30/30, 耗时=0.04s (连续5代未提升)
  ├─ 求解: 30 个体 fork 并行 | CG迭代=95 加列=1080 BB分支=0
  ├─ 并行墙钟=0.0405s | 串行等效(ΣBP)=0.2558s | 加速比=6.32x
  ├─ 管理开销=-0.2154s (fork=0.0029 wait=0.0373 merge=0.0003)
  └─ CG明细: gen_logs/run_gen5_ind{0..29}.log
    [CG] 列生成开始，初始列数=128
    [CG] 列生成开始，初始列数=128
    [CG] 列生成开始，初始列数=128
    [CG] 列生成开始，初始列数=128
    [CG] 列生成开始，初始列数=128
    [CG] 列生成开始，初始列数=128
    [CG] 列生成开始，初始列数=128
    [CG] 列生成开始，初始列数=128
    [CG] CG iter 1: obj=143140231.358161, maxRC=59519801.501261, +23 cols
    [CG]   [DIAG] iter=1 posCols=23 newCols=23 effImprove=23 updated=0
    [CG] CG iter 1: obj=143259767.503776, maxRC=59519766.154613, +23 cols
    [CG] CG iter 2: obj=160547200.347284, maxRC=10623477.286801, +17 cols
    [CG]   [DIAG] iter=2 posCols=17 newCols=17 effImprove=17 updated=0
    [CG]   [DIAG] iter=1 posCols=23 newCols=23 effImprove=23 updated=0
    [CG] CG iter 1: obj=143057481.774655, maxRC=59519752.128890, +23 cols
    [CG] CG iter 3: obj=166899387.734522, maxRC=6246688.735319, +12 cols
    [CG]   [DIAG] iter=3 posCols=12 newCols=12 effImprove=12 updated=0
    [CG]   [DIAG] iter=1 posCols=23 newCols=23 effImprove=23 updated=0
    [CG] CG iter 2: obj=160626552.322993, maxRC=10623464.573564, +17 cols
    [CG]   [DIAG] iter=2 posCols=17 newCols=17 effImprove=17 updated=0
    [CG] CG iter 4: obj=169573548.296014, maxRC=4106407.022651, +5 cols
    [CG]   [DIAG] iter=4 posCols=5 newCols=5 effImprove=5 updated=0
    [CG] CG iter 1: obj=143255173.293531, maxRC=59519766.154613, +23 cols
    [CG]   [DIAG] iter=1 posCols=23 newCols=23 effImprove=23 updated=0
    [CG] CG iter 2: obj=160626248.420022, maxRC=10623535.569999, +17 cols
    [CG]   [DIAG] iter=2 posCols=17 newCols=17 effImprove=17 updated=0
    [CG] CG iter 3: obj=167020877.716867, maxRC=6255295.299736, +12 cols
    [CG] 列生成收敛，共 5 轮迭代
    [CG]   [DIAG] iter=3 posCols=12 newCols=12 effImprove=12 updated=0
    [CG] [CG-NODE] depth=0 exit=CERTIFIED certified=1 feasible=1 iters=5 generatedColsBeforeNode=0 newCols=57 posCandidates=57 duplicateCandidates=0 updatedCols=0 zeroObjImproveIters=0 objFirst=143140231.358161 objLast=173803177.308943 objGain=30662945.950782 maxRC=59519801.501261 wallSec=0.008372 pricingSec=0.005534 cplexSolveSec=0.001517
      [BB] 根节点即为整数解，obj=173803177.308943
    [CG] CG iter 1: obj=142774355.467970, maxRC=59499005.918279, +23 cols
    [CG] CG iter 3: obj=166963363.870439, maxRC=6279685.880250, +11 cols
    [CG]   [DIAG] iter=1 posCols=23 newCols=23 effImprove=23 updated=0
    [CG]   [DIAG] iter=3 posCols=11 newCols=11 effImprove=11 updated=0
    [CG] CG iter 4: obj=169719298.863148, maxRC=4143815.238104, +5 cols
    [CG]   [DIAG] iter=4 posCols=5 newCols=5 effImprove=5 updated=0
    [CG] CG iter 2: obj=160626588.376575, maxRC=10623491.311119, +17 cols
    [CG]   [DIAG] iter=2 posCols=17 newCols=17 effImprove=17 updated=0
    [CG] CG iter 4: obj=169604617.302034, maxRC=4090830.729813, +5 cols
    [CG]   [DIAG] iter=4 posCols=5 newCols=5 effImprove=5 updated=0
    [CG] 列生成收敛，共 5 轮迭代
    [CG] [CG-NODE] depth=0 exit=CERTIFIED certified=1 feasible=1 iters=5 generatedColsBeforeNode=0 newCols=57 posCandidates=57 duplicateCandidates=0 updatedCols=0 zeroObjImproveIters=0 objFirst=143259767.503776 objLast=173937704.885827 objGain=30677937.382051 maxRC=59519766.154613 wallSec=0.008861 pricingSec=0.005690 cplexSolveSec=0.001712
      [BB] 根节点即为整数解，obj=173937704.885827
    [CG] 列生成收敛，共 5 轮迭代
    [CG] [CG-NODE] depth=0 exit=CERTIFIED certified=1 feasible=1 iters=5 generatedColsBeforeNode=0 newCols=56 posCandidates=56 duplicateCandidates=0 updatedCols=0 zeroObjImproveIters=0 objFirst=143057481.774655 objLast=173823003.995236 objGain=30765522.220581 maxRC=59519752.128890 wallSec=0.009280 pricingSec=0.006120 cplexSolveSec=0.001665
    [CG] CG iter 2: obj=160547261.819617, maxRC=10623470.951051, +17 cols
    [CG]   [DIAG] iter=2 posCols=17 newCols=17 effImprove=17 updated=0
      [BB] 根节点即为整数解，obj=173823003.995236
    [CG] CG iter 3: obj=167020901.440212, maxRC=6255298.821065, +12 cols
    [CG]   [DIAG] iter=3 posCols=12 newCols=12 effImprove=12 updated=0
    [CG] CG iter 1: obj=143145235.570266, maxRC=59519752.128890, +23 cols
    [CG]   [DIAG] iter=1 posCols=23 newCols=23 effImprove=23 updated=0
    [CG] CG iter 3: obj=166910590.432865, maxRC=6242167.915337, +12 cols
    [CG] CG iter 4: obj=169719333.182953, maxRC=4143798.003084, +5 cols
    [CG]   [DIAG] iter=3 posCols=12 newCols=12 effImprove=12 updated=0
    [CG]   [DIAG] iter=4 posCols=5 newCols=5 effImprove=5 updated=0
    [CG] 列生成开始，初始列数=128
    [CG] 列生成收敛，共 5 轮迭代
    [CG] [CG-NODE] depth=0 exit=CERTIFIED certified=1 feasible=1 iters=5 generatedColsBeforeNode=0 newCols=57 posCandidates=57 duplicateCandidates=0 updatedCols=0 zeroObjImproveIters=0 objFirst=143255173.293531 objLast=173937727.393794 objGain=30682554.100263 maxRC=59519766.154613 wallSec=0.011213 pricingSec=0.007446 cplexSolveSec=0.002017
    [CG] CG iter 4: obj=169595883.909735, maxRC=4116433.483578, +5 cols
    [CG]   [DIAG] iter=4 posCols=5 newCols=5 effImprove=5 updated=0
      [BB] 根节点即为整数解，obj=173937727.393794
    [CG] 列生成收敛，共 5 轮迭代
    [CG] [CG-NODE] depth=0 exit=CERTIFIED certified=1 feasible=1 iters=5 generatedColsBeforeNode=0 newCols=57 posCandidates=57 duplicateCandidates=0 updatedCols=0 zeroObjImproveIters=0 objFirst=142774355.467970 objLast=173825512.783635 objGain=31051157.315665 maxRC=59499005.918279 wallSec=0.011611 pricingSec=0.007759 cplexSolveSec=0.002028
    [CG] CG iter 2: obj=160625238.666642, maxRC=10623485.371715, +17 cols
    [CG]   [DIAG] iter=2 posCols=17 newCols=17 effImprove=17 updated=0
      [BB] 根节点即为整数解，obj=173825512.783635
    [CG] CG iter 1: obj=143213018.513350, maxRC=59518310.986239, +23 cols
    [CG] 列生成开始，初始列数=128
    [CG]   [DIAG] iter=1 posCols=23 newCols=23 effImprove=23 updated=0
    [CG] 列生成开始，初始列数=128
    [CG] CG iter 1: obj=143213684.121211, maxRC=59519752.128890, +23 cols
    [CG] CG iter 3: obj=167004978.716936, maxRC=6260930.352501, +11 cols
    [CG]   [DIAG] iter=3 posCols=11 newCols=11 effImprove=11 updated=0
    [CG]   [DIAG] iter=1 posCols=23 newCols=23 effImprove=23 updated=0
    [CG] 列生成开始，初始列数=128
    [CG] 列生成开始，初始列数=128
    [CG] CG iter 4: obj=169689134.060203, maxRC=4130676.097758, +5 cols
    [CG]   [DIAG] iter=4 posCols=5 newCols=5 effImprove=5 updated=0
    [CG] CG iter 2: obj=160606881.840457, maxRC=10623479.978949, +17 cols
    [CG]   [DIAG] iter=2 posCols=17 newCols=17 effImprove=17 updated=0
    [CG] 列生成收敛，共 5 轮迭代
    [CG] [CG-NODE] depth=0 exit=CERTIFIED certified=1 feasible=1 iters=5 generatedColsBeforeNode=0 newCols=56 posCandidates=56 duplicateCandidates=0 updatedCols=0 zeroObjImproveIters=0 objFirst=143145235.570266 objLast=173907653.411800 objGain=30762417.841533 maxRC=59519752.128890 wallSec=0.015298 pricingSec=0.010368 cplexSolveSec=0.002706
    [CG] CG iter 2: obj=160625327.738027, maxRC=10624905.323385, +17 cols
      [BB] 根节点即为整数解，obj=173907653.411800
    [CG]   [DIAG] iter=2 posCols=17 newCols=17 effImprove=17 updated=0
    [CG] CG iter 3: obj=166999465.748589, maxRC=6257034.431789, +12 cols
    [CG]   [DIAG] iter=3 posCols=12 newCols=12 effImprove=12 updated=0
    [CG] CG iter 3: obj=167018967.594331, maxRC=6255099.037679, +12 cols
    [CG]   [DIAG] iter=3 posCols=12 newCols=12 effImprove=12 updated=0
    [CG] 列生成开始，初始列数=128
    [CG] CG iter 4: obj=169699630.993783, maxRC=4143807.155812, +5 cols
    [CG]   [DIAG] iter=4 posCols=5 newCols=5 effImprove=5 updated=0
    [CG] CG iter 4: obj=169717601.309739, maxRC=4143403.291488, +5 cols
    [CG]   [DIAG] iter=4 posCols=5 newCols=5 effImprove=5 updated=0
    [CG] 列生成收敛，共 5 轮迭代
    [CG] [CG-NODE] depth=0 exit=CERTIFIED certified=1 feasible=1 iters=5 generatedColsBeforeNode=0 newCols=57 posCandidates=57 duplicateCandidates=0 updatedCols=0 zeroObjImproveIters=0 objFirst=143213018.513350 objLast=173918029.189925 objGain=30705010.676575 maxRC=59518310.986239 wallSec=0.018051 pricingSec=0.012260 cplexSolveSec=0.003192
      [BB] 根节点即为整数解，obj=173918029.189925
    [CG] 列生成收敛，共 5 轮迭代
    [CG] [CG-NODE] depth=0 exit=CERTIFIED certified=1 feasible=1 iters=5 generatedColsBeforeNode=0 newCols=57 posCandidates=57 duplicateCandidates=0 updatedCols=0 zeroObjImproveIters=0 objFirst=143213684.121211 objLast=173935595.641557 objGain=30721911.520346 maxRC=59519752.128890 wallSec=0.018787 pricingSec=0.012730 cplexSolveSec=0.003284
    [CG] CG iter 1: obj=143240399.923897, maxRC=59518915.712272, +23 cols
      [BB] 根节点即为整数解，obj=173935595.641557
    [CG]   [DIAG] iter=1 posCols=23 newCols=23 effImprove=23 updated=0
    [CG] CG iter 1: obj=143143013.240830, maxRC=59519752.128890, +23 cols
    [CG] CG iter 2: obj=160626488.717176, maxRC=10623458.274557, +17 cols
    [CG]   [DIAG] iter=2 posCols=17 newCols=17 effImprove=17 updated=0
    [CG]   [DIAG] iter=1 posCols=23 newCols=23 effImprove=23 updated=0
    [CG] CG iter 1: obj=143259766.970564, maxRC=59519752.128890, +23 cols
    [CG]   [DIAG] iter=1 posCols=23 newCols=23 effImprove=23 updated=0
    [CG] CG iter 3: obj=167017988.684619, maxRC=6256329.883625, +12 cols
    [CG]   [DIAG] iter=3 posCols=12 newCols=12 effImprove=12 updated=0
    [CG] CG iter 4: obj=169713586.513733, maxRC=4141435.199329, +5 cols
    [CG]   [DIAG] iter=4 posCols=5 newCols=5 effImprove=5 updated=0
    [CG] 列生成开始，初始列数=128
    [CG] CG iter 2: obj=160547116.189394, maxRC=10623535.569999, +17 cols
    [CG]   [DIAG] iter=2 posCols=17 newCols=17 effImprove=17 updated=0
    [CG] CG iter 2: obj=160626537.764058, maxRC=10623458.634161, +17 cols
    [CG]   [DIAG] iter=2 posCols=17 newCols=17 effImprove=17 updated=0
    [CG] 列生成收敛，共 5 轮迭代
    [CG] [CG-NODE] depth=0 exit=CERTIFIED certified=1 feasible=1 iters=5 generatedColsBeforeNode=0 newCols=57 posCandidates=57 duplicateCandidates=0 updatedCols=0 zeroObjImproveIters=0 objFirst=143240399.923897 objLast=173931995.864434 objGain=30691595.940537 maxRC=59518915.712272 wallSec=0.008154 pricingSec=0.005392 cplexSolveSec=0.001469
    [CG] 列生成开始，初始列数=128
      [BB] 根节点即为整数解，obj=173931995.864434
    [CG] CG iter 3: obj=167020867.201091, maxRC=6255295.025654, +12 cols
    [CG] CG iter 3: obj=166910417.379456, maxRC=6242172.463551, +12 cols
    [CG]   [DIAG] iter=3 posCols=12 newCols=12 effImprove=12 updated=0
    [CG]   [DIAG] iter=3 posCols=12 newCols=12 effImprove=12 updated=0
    [CG] CG iter 4: obj=169719288.073290, maxRC=4143822.282560, +5 cols
    [CG]   [DIAG] iter=4 posCols=5 newCols=5 effImprove=5 updated=0
    [CG] CG iter 4: obj=169595731.352714, maxRC=4116416.461081, +5 cols
    [CG]   [DIAG] iter=4 posCols=5 newCols=5 effImprove=5 updated=0
    [CG] 列生成收敛，共 5 轮迭代
    [CG] [CG-NODE] depth=0 exit=CERTIFIED certified=1 feasible=1 iters=5 generatedColsBeforeNode=0 newCols=57 posCandidates=57 duplicateCandidates=0 updatedCols=0 zeroObjImproveIters=0 objFirst=143259766.970564 objLast=173937695.972999 objGain=30677929.002435 maxRC=59519752.128890 wallSec=0.011077 pricingSec=0.007459 cplexSolveSec=0.002007
    [CG] 列生成开始，初始列数=128
    [CG] CG iter 1: obj=143142919.608250, maxRC=59519766.154613, +23 cols
      [BB] 根节点即为整数解，obj=173937695.972999
    [CG] 列生成收敛，共 5 轮迭代
    [CG] [CG-NODE] depth=0 exit=CERTIFIED certified=1 feasible=1 iters=5 generatedColsBeforeNode=0 newCols=57 posCandidates=57 duplicateCandidates=0 updatedCols=0 zeroObjImproveIters=0 objFirst=143143013.240830 objLast=173825350.592012 objGain=30682337.351181 maxRC=59519752.128890 wallSec=0.014616 pricingSec=0.009814 cplexSolveSec=0.002478
    [CG] CG iter 1: obj=143206125.942943, maxRC=59519752.128890, +23 cols
    [CG]   [DIAG] iter=1 posCols=23 newCols=23 effImprove=23 updated=0
      [BB] 根节点即为整数解，obj=173825350.592012
    [CG]   [DIAG] iter=1 posCols=23 newCols=23 effImprove=23 updated=0
    [CG] 列生成开始，初始列数=128
    [CG] CG iter 2: obj=160547036.582536, maxRC=10623541.509403, +17 cols
    [CG]   [DIAG] iter=2 posCols=17 newCols=17 effImprove=17 updated=0
    [CG] CG iter 2: obj=160605032.406674, maxRC=10623485.371715, +17 cols
    [CG]   [DIAG] iter=2 posCols=17 newCols=17 effImprove=17 updated=0
    [CG] 列生成开始，初始列数=128
    [CG] CG iter 1: obj=143180960.631777, maxRC=59517934.237008, +23 cols
    [CG]   [DIAG] iter=1 posCols=23 newCols=23 effImprove=23 updated=0
    [CG] CG iter 3: obj=166910333.729439, maxRC=6242172.737633, +12 cols
    [CG]   [DIAG] iter=3 posCols=12 newCols=12 effImprove=12 updated=0
    [CG] CG iter 1: obj=142726737.938437, maxRC=59498329.382646, +23 cols
    [CG] CG iter 3: obj=166982991.881727, maxRC=6262710.927742, +12 cols
    [CG]   [DIAG] iter=1 posCols=23 newCols=23 effImprove=23 updated=0
    [CG]   [DIAG] iter=3 posCols=12 newCols=12 effImprove=12 updated=0
    [CG] CG iter 1: obj=143136508.038377, maxRC=59512429.812824, +23 cols
    [CG]   [DIAG] iter=1 posCols=23 newCols=23 effImprove=23 updated=0
    [CG] CG iter 4: obj=169668927.800235, maxRC=4130676.097758, +5 cols
    [CG] CG iter 4: obj=169595647.976780, maxRC=4116409.416624, +5 cols
    [CG]   [DIAG] iter=4 posCols=5 newCols=5 effImprove=5 updated=0
    [CG]   [DIAG] iter=4 posCols=5 newCols=5 effImprove=5 updated=0
    [CG] CG iter 2: obj=160573831.658916, maxRC=10623272.770557, +17 cols
    [CG]   [DIAG] iter=2 posCols=17 newCols=17 effImprove=17 updated=0
    [CG] 列生成收敛，共 5 轮迭代
    [CG] [CG-NODE] depth=0 exit=CERTIFIED certified=1 feasible=1 iters=5 generatedColsBeforeNode=0 newCols=57 posCandidates=57 duplicateCandidates=0 updatedCols=0 zeroObjImproveIters=0 objFirst=143206125.942943 objLast=173887447.151832 objGain=30681321.208888 maxRC=59519752.128890 wallSec=0.018132 pricingSec=0.012499 cplexSolveSec=0.003017
    [CG] 列生成收敛，共 5 轮迭代
    [CG] [CG-NODE] depth=0 exit=CERTIFIED certified=1 feasible=1 iters=5 generatedColsBeforeNode=0 newCols=57 posCandidates=57 duplicateCandidates=0 updatedCols=0 zeroObjImproveIters=0 objFirst=143142919.608250 objLast=173825265.339047 objGain=30682345.730797 maxRC=59519766.154613 wallSec=0.018468 pricingSec=0.012595 cplexSolveSec=0.003207
    [CG] CG iter 2: obj=160606418.233938, maxRC=10618448.508245, +17 cols
      [BB] 根节点即为整数解，obj=173887447.151832
    [CG] CG iter 2: obj=160616390.856738, maxRC=10623115.345655, +17 cols
    [CG]   [DIAG] iter=2 posCols=17 newCols=17 effImprove=17 updated=0
    [CG]   [DIAG] iter=2 posCols=17 newCols=17 effImprove=17 updated=0
      [BB] 根节点即为整数解，obj=173825265.339047
    [CG] CG iter 1: obj=143186537.856990, maxRC=59517760.176737, +23 cols
    [CG] CG iter 3: obj=166890997.528891, maxRC=6272544.966513, +11 cols
    [CG]   [DIAG] iter=3 posCols=11 newCols=11 effImprove=11 updated=0
    [CG]   [DIAG] iter=1 posCols=23 newCols=23 effImprove=23 updated=0
    [CG] CG iter 3: obj=167001454.915126, maxRC=6256049.100574, +12 cols
    [CG]   [DIAG] iter=3 posCols=12 newCols=12 effImprove=12 updated=0
    [CG] CG iter 4: obj=169523088.935960, maxRC=4073204.169353, +5 cols
    [CG] CG iter 4: obj=169700636.937376, maxRC=4147153.138735, +5 cols
    [CG]   [DIAG] iter=4 posCols=5 newCols=5 effImprove=5 updated=0
    [CG]   [DIAG] iter=4 posCols=5 newCols=5 effImprove=5 updated=0
    [CG] CG iter 2: obj=160564913.495612, maxRC=10621998.462092, +17 cols
    [CG]   [DIAG] iter=2 posCols=17 newCols=17 effImprove=17 updated=0
    [CG] CG iter 1: obj=143231543.240547, maxRC=59518391.782927, +23 cols
    [CG] 列生成收敛，共 5 轮迭代
    [CG] [CG-NODE] depth=0 exit=CERTIFIED certified=1 feasible=1 iters=5 generatedColsBeforeNode=0 newCols=57 posCandidates=57 duplicateCandidates=0 updatedCols=0 zeroObjImproveIters=0 objFirst=143136508.038377 objLast=173919430.472113 objGain=30782922.433736 maxRC=59512429.812824 wallSec=0.010660 pricingSec=0.007363 cplexSolveSec=0.001704
    [CG] CG iter 3: obj=167010049.088181, maxRC=6255692.735164, +12 cols
    [CG]   [DIAG] iter=1 posCols=23 newCols=23 effImprove=23 updated=0
    [CG] 列生成收敛，共 5 轮迭代
    [CG] [CG-NODE] depth=0 exit=CERTIFIED certified=1 feasible=1 iters=5 generatedColsBeforeNode=0 newCols=56 posCandidates=56 duplicateCandidates=0 updatedCols=0 zeroObjImproveIters=0 objFirst=142726737.938437 objLast=173748139.129923 objGain=31021401.191486 maxRC=59498329.382646 wallSec=0.011184 pricingSec=0.007564 cplexSolveSec=0.001944
    [CG]   [DIAG] iter=3 posCols=12 newCols=12 effImprove=12 updated=0
      [BB] 根节点即为整数解，obj=173919430.472113
      [BB] 根节点即为整数解，obj=173748139.129923
    [CG] CG iter 3: obj=166944951.699896, maxRC=6252050.389933, +12 cols
    [CG]   [DIAG] iter=3 posCols=12 newCols=12 effImprove=12 updated=0
    [CG] CG iter 4: obj=169640077.125883, maxRC=4133607.008756, +5 cols
    [CG] 列生成开始，初始列数=128
    [CG]   [DIAG] iter=4 posCols=5 newCols=5 effImprove=5 updated=0
    [CG] 列生成收敛，共 5 轮迭代
    [CG] [CG-NODE] depth=0 exit=CERTIFIED certified=1 feasible=1 iters=5 generatedColsBeforeNode=0 newCols=57 posCandidates=57 duplicateCandidates=0 updatedCols=0 zeroObjImproveIters=0 objFirst=143186537.856990 objLast=173863032.757886 objGain=30676494.900896 maxRC=59517760.176737 wallSec=0.007162 pricingSec=0.004717 cplexSolveSec=0.001288
    [CG] CG iter 4: obj=169708872.636750, maxRC=4143762.455977, +5 cols
    [CG]   [DIAG] iter=4 posCols=5 newCols=5 effImprove=5 updated=0
      [BB] 根节点即为整数解，obj=173863032.757886
    [CG] CG iter 2: obj=160626639.044196, maxRC=10623507.523828, +17 cols
    [CG]   [DIAG] iter=2 posCols=17 newCols=17 effImprove=17 updated=0
    [CG] 列生成开始，初始列数=128
    [CG] 列生成收敛，共 5 轮迭代
    [CG] [CG-NODE] depth=0 exit=CERTIFIED certified=1 feasible=1 iters=5 generatedColsBeforeNode=0 newCols=57 posCandidates=57 duplicateCandidates=0 updatedCols=0 zeroObjImproveIters=0 objFirst=143180960.631777 objLast=173927318.464851 objGain=30746357.833073 maxRC=59517934.237008 wallSec=0.016592 pricingSec=0.011840 cplexSolveSec=0.002832
    [CG] 列生成开始，初始列数=128
      [BB] 根节点即为整数解，obj=173927318.464851
    [CG] CG iter 3: obj=167020931.475310, maxRC=6255302.482564, +12 cols
    [CG] 列生成开始，初始列数=128
    [CG]   [DIAG] iter=3 posCols=12 newCols=12 effImprove=12 updated=0
    [CG] CG iter 4: obj=169719364.771278, maxRC=4143765.440155, +5 cols
    [CG]   [DIAG] iter=4 posCols=5 newCols=5 effImprove=5 updated=0
    [CG] 列生成开始，初始列数=128
    [CG] 列生成收敛，共 5 轮迭代
    [CG] [CG-NODE] depth=0 exit=CERTIFIED certified=1 feasible=1 iters=5 generatedColsBeforeNode=0 newCols=57 posCandidates=57 duplicateCandidates=0 updatedCols=0 zeroObjImproveIters=0 objFirst=143231543.240547 objLast=173937750.148008 objGain=30706206.907461 maxRC=59518391.782927 wallSec=0.012474 pricingSec=0.008481 cplexSolveSec=0.002251
      [BB] 根节点即为整数解，obj=173937750.148008
    [CG] CG iter 1: obj=143259840.502284, maxRC=59519752.128890, +23 cols
    [CG]   [DIAG] iter=1 posCols=23 newCols=23 effImprove=23 updated=0
    [CG] CG iter 1: obj=143156597.907193, maxRC=59517760.176737, +23 cols
    [CG]   [DIAG] iter=1 posCols=23 newCols=23 effImprove=23 updated=0
    [CG] CG iter 1: obj=143235404.005845, maxRC=59517934.237008, +23 cols
    [CG] CG iter 2: obj=160626611.814262, maxRC=10623458.634161, +17 cols
    [CG]   [DIAG] iter=2 posCols=17 newCols=17 effImprove=17 updated=0
    [CG]   [DIAG] iter=1 posCols=23 newCols=23 effImprove=23 updated=0
    [CG] CG iter 2: obj=160544005.714408, maxRC=10621998.462092, +17 cols
    [CG]   [DIAG] iter=2 posCols=17 newCols=17 effImprove=17 updated=0
    [CG] CG iter 2: obj=160625615.160652, maxRC=10623115.345655, +17 cols
    [CG]   [DIAG] iter=2 posCols=17 newCols=17 effImprove=17 updated=0
    [CG] CG iter 3: obj=167020940.992053, maxRC=6255296.884790, +12 cols
    [CG]   [DIAG] iter=3 posCols=12 newCols=12 effImprove=12 updated=0
    [CG] CG iter 1: obj=143140385.049051, maxRC=59519752.128890, +23 cols
    [CG]   [DIAG] iter=1 posCols=23 newCols=23 effImprove=23 updated=0
    [CG] CG iter 3: obj=166924021.744172, maxRC=6252078.012594, +12 cols
    [CG]   [DIAG] iter=3 posCols=12 newCols=12 effImprove=12 updated=0
    [CG] CG iter 3: obj=167019943.551851, maxRC=6255338.483441, +12 cols
    [CG]   [DIAG] iter=3 posCols=12 newCols=12 effImprove=12 updated=0
    [CG] CG iter 1: obj=143185159.743480, maxRC=59518538.963040, +23 cols
    [CG] CG iter 4: obj=169719361.605010, maxRC=4143819.735370, +5 cols
    [CG]   [DIAG] iter=4 posCols=5 newCols=5 effImprove=5 updated=0
    [CG]   [DIAG] iter=1 posCols=23 newCols=23 effImprove=23 updated=0
    [CG] CG iter 4: obj=169718412.848697, maxRC=4143961.468505, +5 cols
    [CG] CG iter 4: obj=169619182.673479, maxRC=4133611.037570, +5 cols
    [CG]   [DIAG] iter=4 posCols=5 newCols=5 effImprove=5 updated=0
    [CG]   [DIAG] iter=4 posCols=5 newCols=5 effImprove=5 updated=0
    [CG] CG iter 2: obj=160626467.002438, maxRC=10623458.634161, +17 cols
    [CG]   [DIAG] iter=2 posCols=17 newCols=17 effImprove=17 updated=0
    [CG] 列生成收敛，共 5 轮迭代
    [CG] [CG-NODE] depth=0 exit=CERTIFIED certified=1 feasible=1 iters=5 generatedColsBeforeNode=0 newCols=57 posCandidates=57 duplicateCandidates=0 updatedCols=0 zeroObjImproveIters=0 objFirst=143259840.502284 objLast=173937769.504719 objGain=30677929.002435 maxRC=59519752.128890 wallSec=0.016045 pricingSec=0.011659 cplexSolveSec=0.002453
    [CG] 列生成收敛，共 5 轮迭代
    [CG] [CG-NODE] depth=0 exit=CERTIFIED certified=1 feasible=1 iters=5 generatedColsBeforeNode=0 newCols=57 posCandidates=57 duplicateCandidates=0 updatedCols=0 zeroObjImproveIters=0 objFirst=143235404.005845 objLast=173936799.761937 objGain=30701395.756093 maxRC=59517934.237008 wallSec=0.009381 pricingSec=0.006314 cplexSolveSec=0.001623
    [CG] 列生成收敛，共 5 轮迭代
    [CG] [CG-NODE] depth=0 exit=CERTIFIED certified=1 feasible=1 iters=5 generatedColsBeforeNode=0 newCols=57 posCandidates=57 duplicateCandidates=0 updatedCols=0 zeroObjImproveIters=0 objFirst=143156597.907193 objLast=173842138.305483 objGain=30685540.398290 maxRC=59517760.176737 wallSec=0.011107 pricingSec=0.007479 cplexSolveSec=0.001928
      [BB] 根节点即为整数解，obj=173937769.504719
      [BB] 根节点即为整数解，obj=173936799.761937
      [BB] 根节点即为整数解，obj=173842138.305483
    [CG] CG iter 2: obj=160616284.096638, maxRC=10623101.364075, +17 cols
    [CG]   [DIAG] iter=2 posCols=17 newCols=17 effImprove=17 updated=0
    [CG] CG iter 3: obj=166962215.952265, maxRC=6280315.496370, +11 cols
    [CG]   [DIAG] iter=3 posCols=11 newCols=11 effImprove=11 updated=0
    [CG] CG iter 4: obj=169602071.860632, maxRC=4089530.736977, +5 cols
    [CG]   [DIAG] iter=4 posCols=5 newCols=5 effImprove=5 updated=0
    [CG] CG iter 3: obj=167007110.984765, maxRC=6256729.061234, +12 cols
    [CG]   [DIAG] iter=3 posCols=12 newCols=12 effImprove=12 updated=0
    [CG] 列生成收敛，共 5 轮迭代
    [CG] [CG-NODE] depth=0 exit=CERTIFIED certified=1 feasible=1 iters=5 generatedColsBeforeNode=0 newCols=56 posCandidates=56 duplicateCandidates=0 updatedCols=0 zeroObjImproveIters=0 objFirst=143140385.049051 objLast=173820468.039066 objGain=30680082.990015 maxRC=59519752.128890 wallSec=0.010855 pricingSec=0.007274 cplexSolveSec=0.001892
      [BB] 根节点即为整数解，obj=173820468.039066
    [CG] CG iter 4: obj=169703108.584000, maxRC=4141389.906983, +5 cols
    [CG]   [DIAG] iter=4 posCols=5 newCols=5 effImprove=5 updated=0
    [CG] 列生成收敛，共 5 轮迭代
    [CG] [CG-NODE] depth=0 exit=CERTIFIED certified=1 feasible=1 iters=5 generatedColsBeforeNode=0 newCols=57 posCandidates=57 duplicateCandidates=0 updatedCols=0 zeroObjImproveIters=0 objFirst=143185159.743480 objLast=173921564.974148 objGain=30736405.230668 maxRC=59518538.963040 wallSec=0.010423 pricingSec=0.006737 cplexSolveSec=0.001947
    [CG] CG iter 1: obj=143155992.516896, maxRC=59380108.679672, +23 cols
      [BB] 根节点即为整数解，obj=173921564.974148
    [CG]   [DIAG] iter=1 posCols=23 newCols=23 effImprove=23 updated=0
    [CG] CG iter 2: obj=160389093.509256, maxRC=10533224.874223, +17 cols
    [CG]   [DIAG] iter=2 posCols=17 newCols=17 effImprove=17 updated=0
    [CG] CG iter 3: obj=166808061.421136, maxRC=6260143.586748, +12 cols
    [CG]   [DIAG] iter=3 posCols=12 newCols=12 effImprove=12 updated=0
    [CG] CG iter 4: obj=169511337.929560, maxRC=4208596.346207, +5 cols
    [CG]   [DIAG] iter=4 posCols=5 newCols=5 effImprove=5 updated=0
    [CG] 列生成收敛，共 5 轮迭代
    [CG] [CG-NODE] depth=0 exit=CERTIFIED certified=1 feasible=1 iters=5 generatedColsBeforeNode=0 newCols=57 posCandidates=57 duplicateCandidates=0 updatedCols=0 zeroObjImproveIters=0 objFirst=143155992.516896 objLast=173739036.540500 objGain=30583044.023603 maxRC=59380108.679672 wallSec=0.019097 pricingSec=0.012795 cplexSolveSec=0.003178
      [BB] 根节点即为整数解，obj=173739036.540500
[GA] 代数 6: Best=173966655.71, Avg=173912849.25, Worst=173767922.23, Valid=30/30, 耗时=0.05s (连续6代未提升)
  ├─ 求解: 30 个体 fork 并行 | CG迭代=120 加列=1364 BB分支=0
  ├─ 并行墙钟=0.0519s | 串行等效(ΣBP)=0.3125s | 加速比=6.02x
  ├─ 管理开销=-0.2605s (fork=0.0038 wait=0.0478 merge=0.0003)
  └─ CG明细: gen_logs/run_gen6_ind{0..29}.log
    [CG] 列生成开始，初始列数=128
    [CG] 列生成开始，初始列数=128
    [CG] 列生成开始，初始列数=128
    [CG] 列生成开始，初始列数=128
    [CG] 列生成开始，初始列数=128
    [CG] 列生成开始，初始列数=128
    [CG] 列生成开始，初始列数=128
    [CG] 列生成开始，初始列数=128
    [CG] CG iter 1: obj=143083878.031314, maxRC=59512429.812824, +23 cols
    [CG]   [DIAG] iter=1 posCols=23 newCols=23 effImprove=23 updated=0
    [CG] CG iter 1: obj=142911386.222818, maxRC=59499005.918279, +23 cols
    [CG] CG iter 1: obj=143248387.035404, maxRC=59519752.128890, +23 cols
    [CG] CG iter 1: obj=143068192.606885, maxRC=59513943.812192, +23 cols
    [CG] CG iter 2: obj=160606418.233938, maxRC=10618448.508245, +17 cols
    [CG]   [DIAG] iter=2 posCols=17 newCols=17 effImprove=17 updated=0
    [CG]   [DIAG] iter=1 posCols=23 newCols=23 effImprove=23 updated=0
    [CG]   [DIAG] iter=1 posCols=23 newCols=23 effImprove=23 updated=0
    [CG]   [DIAG] iter=1 posCols=23 newCols=23 effImprove=23 updated=0
    [CG] CG iter 3: obj=167001302.582377, maxRC=6256060.957388, +12 cols
    [CG]   [DIAG] iter=3 posCols=12 newCols=12 effImprove=12 updated=0
    [CG] CG iter 2: obj=160626614.605155, maxRC=10623485.371715, +17 cols
    [CG] CG iter 2: obj=160626618.233360, maxRC=10623470.951051, +17 cols
    [CG] CG iter 1: obj=143121894.992999, maxRC=59517760.176737, +23 cols
    [CG] CG iter 2: obj=160549197.199249, maxRC=10623478.112414, +17 cols
    [CG]   [DIAG] iter=2 posCols=17 newCols=17 effImprove=17 updated=0
    [CG]   [DIAG] iter=2 posCols=17 newCols=17 effImprove=17 updated=0
    [CG]   [DIAG] iter=2 posCols=17 newCols=17 effImprove=17 updated=0
    [CG]   [DIAG] iter=1 posCols=23 newCols=23 effImprove=23 updated=0
    [CG] CG iter 4: obj=169700332.271879, maxRC=4147082.085534, +5 cols
    [CG]   [DIAG] iter=4 posCols=5 newCols=5 effImprove=5 updated=0
    [CG] 列生成收敛，共 5 轮迭代
    [CG] [CG-NODE] depth=0 exit=CERTIFIED certified=1 feasible=1 iters=5 generatedColsBeforeNode=0 newCols=57 posCandidates=57 duplicateCandidates=0 updatedCols=0 zeroObjImproveIters=0 objFirst=143083878.031314 objLast=173919125.806615 objGain=30835247.775301 maxRC=59512429.812824 wallSec=0.009737 pricingSec=0.006345 cplexSolveSec=0.001793
    [CG] CG iter 3: obj=167020875.003829, maxRC=6255285.291398, +12 cols
      [BB] 根节点即为整数解，obj=173919125.806615
    [CG]   [DIAG] iter=3 posCols=12 newCols=12 effImprove=12 updated=0
    [CG] CG iter 3: obj=167020952.512071, maxRC=6255299.929489, +12 cols
    [CG] CG iter 3: obj=166913317.977553, maxRC=6242519.899857, +12 cols
    [CG]   [DIAG] iter=3 posCols=12 newCols=12 effImprove=12 updated=0
    [CG]   [DIAG] iter=3 posCols=12 newCols=12 effImprove=12 updated=0
    [CG] CG iter 1: obj=143231196.432793, maxRC=59518391.782927, +23 cols
    [CG] CG iter 2: obj=160542718.847280, maxRC=10623418.413762, +17 cols
    [CG]   [DIAG] iter=2 posCols=17 newCols=17 effImprove=17 updated=0
    [CG] CG iter 4: obj=169719243.211940, maxRC=4143796.395303, +5 cols
    [CG]   [DIAG] iter=4 posCols=5 newCols=5 effImprove=5 updated=0
    [CG]   [DIAG] iter=1 posCols=23 newCols=23 effImprove=23 updated=0
    [CG] CG iter 4: obj=169719384.316665, maxRC=4143825.046493, +5 cols
    [CG]   [DIAG] iter=4 posCols=5 newCols=5 effImprove=5 updated=0
    [CG] CG iter 4: obj=169598963.723955, maxRC=4117106.385012, +5 cols
    [CG]   [DIAG] iter=4 posCols=5 newCols=5 effImprove=5 updated=0
    [CG] CG iter 1: obj=143212586.453199, maxRC=59518310.986239, +23 cols
    [CG] CG iter 1: obj=143252935.228556, maxRC=59512300.251984, +23 cols
    [CG]   [DIAG] iter=1 posCols=23 newCols=23 effImprove=23 updated=0
    [CG]   [DIAG] iter=1 posCols=23 newCols=23 effImprove=23 updated=0
    [CG] 列生成收敛，共 5 轮迭代
    [CG] [CG-NODE] depth=0 exit=CERTIFIED certified=1 feasible=1 iters=5 generatedColsBeforeNode=0 newCols=57 posCandidates=57 duplicateCandidates=0 updatedCols=0 zeroObjImproveIters=0 objFirst=143248387.035404 objLast=173937639.299810 objGain=30689252.264406 maxRC=59519752.128890 wallSec=0.010846 pricingSec=0.007090 cplexSolveSec=0.002030
    [CG] 列生成收敛，共 5 轮迭代
    [CG] [CG-NODE] depth=0 exit=CERTIFIED certified=1 feasible=1 iters=5 generatedColsBeforeNode=0 newCols=57 posCandidates=57 duplicateCandidates=0 updatedCols=0 zeroObjImproveIters=0 objFirst=142911386.222818 objLast=173937780.644470 objGain=31026394.421652 maxRC=59499005.918279 wallSec=0.011837 pricingSec=0.007872 cplexSolveSec=0.002143
      [BB] 根节点即为整数解，obj=173937639.299810
    [CG] 列生成收敛，共 5 轮迭代
    [CG] [CG-NODE] depth=0 exit=CERTIFIED certified=1 feasible=1 iters=5 generatedColsBeforeNode=0 newCols=57 posCandidates=57 duplicateCandidates=0 updatedCols=0 zeroObjImproveIters=0 objFirst=143068192.606885 objLast=173828302.054289 objGain=30760109.447405 maxRC=59513943.812192 wallSec=0.011626 pricingSec=0.007692 cplexSolveSec=0.002145
      [BB] 根节点即为整数解，obj=173937780.644470
      [BB] 根节点即为整数解，obj=173828302.054289
    [CG] CG iter 3: obj=166922114.334675, maxRC=6251891.758875, +12 cols
    [CG]   [DIAG] iter=3 posCols=12 newCols=12 effImprove=12 updated=0
    [CG] CG iter 2: obj=160626355.395863, maxRC=10623507.523828, +17 cols
    [CG]   [DIAG] iter=2 posCols=17 newCols=17 effImprove=17 updated=0
    [CG] CG iter 2: obj=160626610.635995, maxRC=10623457.808547, +17 cols
    [CG] CG iter 2: obj=160612358.276578, maxRC=10618336.417068, +17 cols
    [CG]   [DIAG] iter=2 posCols=17 newCols=17 effImprove=17 updated=0
    [CG]   [DIAG] iter=2 posCols=17 newCols=17 effImprove=17 updated=0
    [CG] CG iter 4: obj=169617540.771278, maxRC=4133217.933754, +5 cols
    [CG]   [DIAG] iter=4 posCols=5 newCols=5 effImprove=5 updated=0
    [CG] 列生成开始，初始列数=128
    [CG] 列生成收敛，共 5 轮迭代
    [CG] [CG-NODE] depth=0 exit=CERTIFIED certified=1 feasible=1 iters=5 generatedColsBeforeNode=0 newCols=57 posCandidates=57 duplicateCandidates=0 updatedCols=0 zeroObjImproveIters=0 objFirst=143121894.992999 objLast=173840094.647229 objGain=30718199.654229 maxRC=59517760.176737 wallSec=0.013312 pricingSec=0.008839 cplexSolveSec=0.002495
      [BB] 根节点即为整数解，obj=173840094.647229
    [CG] CG iter 3: obj=167020583.778737, maxRC=6255301.593744, +12 cols
    [CG]   [DIAG] iter=3 posCols=12 newCols=12 effImprove=12 updated=0
    [CG] CG iter 3: obj=167009804.381965, maxRC=6259811.951875, +12 cols
    [CG] CG iter 3: obj=167007800.477801, maxRC=6255677.577195, +12 cols
    [CG]   [DIAG] iter=3 posCols=12 newCols=12 effImprove=12 updated=0
    [CG]   [DIAG] iter=3 posCols=12 newCols=12 effImprove=12 updated=0
    [CG] 列生成开始，初始列数=128
    [CG] 列生成开始，初始列数=128
    [CG] 列生成开始，初始列数=128
    [CG] CG iter 4: obj=169719016.185885, maxRC=4143723.308067, +5 cols
    [CG]   [DIAG] iter=4 posCols=5 newCols=5 effImprove=5 updated=0
    [CG] CG iter 4: obj=169697088.160013, maxRC=4133833.904069, +5 cols
    [CG] CG iter 4: obj=169706605.519967, maxRC=4147232.473384, +5 cols
    [CG]   [DIAG] iter=4 posCols=5 newCols=5 effImprove=5 updated=0
    [CG]   [DIAG] iter=4 posCols=5 newCols=5 effImprove=5 updated=0
    [CG] 列生成收敛，共 5 轮迭代
    [CG] [CG-NODE] depth=0 exit=CERTIFIED certified=1 feasible=1 iters=5 generatedColsBeforeNode=0 newCols=57 posCandidates=57 duplicateCandidates=0 updatedCols=0 zeroObjImproveIters=0 objFirst=143231196.432793 objLast=173937404.233725 objGain=30706207.800932 maxRC=59518391.782927 wallSec=0.016029 pricingSec=0.010807 cplexSolveSec=0.002883
      [BB] 根节点即为整数解，obj=173937404.233725
    [CG] 列生成收敛，共 5 轮迭代
    [CG] [CG-NODE] depth=0 exit=CERTIFIED certified=1 feasible=1 iters=5 generatedColsBeforeNode=0 newCols=57 posCandidates=57 duplicateCandidates=0 updatedCols=0 zeroObjImproveIters=0 objFirst=143212586.453199 objLast=173915489.522249 objGain=30702903.069050 maxRC=59518310.986239 wallSec=0.016760 pricingSec=0.011275 cplexSolveSec=0.003006
    [CG] 列生成收敛，共 5 轮迭代
    [CG] [CG-NODE] depth=0 exit=CERTIFIED certified=1 feasible=1 iters=5 generatedColsBeforeNode=0 newCols=57 posCandidates=57 duplicateCandidates=0 updatedCols=0 zeroObjImproveIters=0 objFirst=143252935.228556 objLast=173925419.032137 objGain=30672483.803581 maxRC=59512300.251984 wallSec=0.016872 pricingSec=0.011327 cplexSolveSec=0.003086
      [BB] 根节点即为整数解，obj=173915489.522249
      [BB] 根节点即为整数解，obj=173925419.032137
    [CG] 列生成开始，初始列数=128
    [CG] 列生成开始，初始列数=128
    [CG] 列生成开始，初始列数=128
    [CG] 列生成开始，初始列数=128
    [CG] CG iter 1: obj=143226797.573382, maxRC=59518391.782927, +23 cols
    [CG]   [DIAG] iter=1 posCols=23 newCols=23 effImprove=23 updated=0
    [CG] CG iter 2: obj=160623181.214351, maxRC=10627654.254516, +17 cols
    [CG]   [DIAG] iter=2 posCols=17 newCols=17 effImprove=17 updated=0
    [CG] CG iter 3: obj=167015537.669081, maxRC=6254730.173684, +12 cols
    [CG]   [DIAG] iter=3 posCols=12 newCols=12 effImprove=12 updated=0
    [CG] CG iter 1: obj=143211531.815174, maxRC=59516947.177860, +23 cols
    [CG]   [DIAG] iter=1 posCols=23 newCols=23 effImprove=23 updated=0
    [CG] CG iter 4: obj=169714619.104113, maxRC=4142544.992211, +5 cols
    [CG]   [DIAG] iter=4 posCols=5 newCols=5 effImprove=5 updated=0
    [CG] 列生成收敛，共 5 轮迭代
    [CG] [CG-NODE] depth=0 exit=CERTIFIED certified=1 feasible=1 iters=5 generatedColsBeforeNode=0 newCols=57 posCandidates=57 duplicateCandidates=0 updatedCols=0 zeroObjImproveIters=0 objFirst=143226797.573382 objLast=173931784.032899 objGain=30704986.459517 maxRC=59518391.782927 wallSec=0.011747 pricingSec=0.007088 cplexSolveSec=0.002176
      [BB] 根节点即为整数解，obj=173931784.032899
    [CG] CG iter 2: obj=160604032.649035, maxRC=10622400.185088, +17 cols
    [CG] CG iter 1: obj=143138983.194468, maxRC=59519670.787331, +23 cols
    [CG]   [DIAG] iter=2 posCols=17 newCols=17 effImprove=17 updated=0
    [CG] CG iter 1: obj=143259837.963077, maxRC=59519752.128890, +23 cols
    [CG]   [DIAG] iter=1 posCols=23 newCols=23 effImprove=23 updated=0
    [CG] CG iter 1: obj=143136479.755181, maxRC=59512429.810681, +23 cols
    [CG] CG iter 1: obj=143143599.418301, maxRC=59519752.131033, +23 cols
    [CG]   [DIAG] iter=1 posCols=23 newCols=23 effImprove=23 updated=0
    [CG]   [DIAG] iter=1 posCols=23 newCols=23 effImprove=23 updated=0
    [CG]   [DIAG] iter=1 posCols=23 newCols=23 effImprove=23 updated=0
    [CG] CG iter 3: obj=166996775.661219, maxRC=6257127.458237, +12 cols
    [CG]   [DIAG] iter=3 posCols=12 newCols=12 effImprove=12 updated=0
    [CG] CG iter 1: obj=143182251.561045, maxRC=59518310.986239, +23 cols
    [CG] CG iter 2: obj=160626327.194998, maxRC=10623485.371715, +17 cols
    [CG] CG iter 2: obj=160626469.793332, maxRC=10623485.371715, +17 cols
    [CG]   [DIAG] iter=1 posCols=23 newCols=23 effImprove=23 updated=0
    [CG]   [DIAG] iter=2 posCols=17 newCols=17 effImprove=17 updated=0
    [CG]   [DIAG] iter=2 posCols=17 newCols=17 effImprove=17 updated=0
    [CG] CG iter 2: obj=160626609.498278, maxRC=10623457.928415, +17 cols
    [CG] CG iter 1: obj=143255156.009064, maxRC=59519832.925579, +23 cols
    [CG]   [DIAG] iter=2 posCols=17 newCols=17 effImprove=17 updated=0
    [CG]   [DIAG] iter=1 posCols=23 newCols=23 effImprove=23 updated=0
    [CG] 列生成开始，初始列数=128
    [CG] CG iter 2: obj=160606415.443044, maxRC=10618421.770690, +17 cols
    [CG] CG iter 4: obj=169697023.565118, maxRC=4144420.758029, +5 cols
    [CG]   [DIAG] iter=2 posCols=17 newCols=17 effImprove=17 updated=0
    [CG]   [DIAG] iter=4 posCols=5 newCols=5 effImprove=5 updated=0
    [CG] CG iter 3: obj=166963810.610567, maxRC=6279615.096093, +11 cols
    [CG]   [DIAG] iter=3 posCols=11 newCols=11 effImprove=11 updated=0
    [CG] 列生成收敛，共 5 轮迭代
    [CG] [CG-NODE] depth=0 exit=CERTIFIED certified=1 feasible=1 iters=5 generatedColsBeforeNode=0 newCols=57 posCandidates=57 duplicateCandidates=0 updatedCols=0 zeroObjImproveIters=0 objFirst=143211531.815174 objLast=173915470.170444 objGain=30703938.355269 maxRC=59516947.177860 wallSec=0.018000 pricingSec=0.012208 cplexSolveSec=0.003068
    [CG] CG iter 3: obj=166962067.955466, maxRC=6280311.869445, +11 cols
    [CG] CG iter 2: obj=160604840.574706, maxRC=10623616.753774, +17 cols
    [CG]   [DIAG] iter=3 posCols=11 newCols=11 effImprove=11 updated=0
    [CG] CG iter 3: obj=167020938.767699, maxRC=6255295.115734, +12 cols
    [CG]   [DIAG] iter=2 posCols=17 newCols=17 effImprove=17 updated=0
      [BB] 根节点即为整数解，obj=173915470.170444
    [CG]   [DIAG] iter=3 posCols=12 newCols=12 effImprove=12 updated=0
    [CG] CG iter 4: obj=169605274.760614, maxRC=4091020.235040, +5 cols
    [CG]   [DIAG] iter=4 posCols=5 newCols=5 effImprove=5 updated=0
    [CG] CG iter 3: obj=167001453.299852, maxRC=6256040.147058, +12 cols
    [CG] CG iter 4: obj=169601932.048746, maxRC=4089518.925139, +5 cols
    [CG]   [DIAG] iter=4 posCols=5 newCols=5 effImprove=5 updated=0
    [CG]   [DIAG] iter=3 posCols=12 newCols=12 effImprove=12 updated=0
    [CG] CG iter 4: obj=169719359.065803, maxRC=4143822.946736, +5 cols
    [CG] 列生成收敛，共 5 轮迭代
    [CG] [CG-NODE] depth=0 exit=CERTIFIED certified=1 feasible=1 iters=5 generatedColsBeforeNode=0 newCols=56 posCandidates=56 duplicateCandidates=0 updatedCols=0 zeroObjImproveIters=0 objFirst=143143599.418301 objLast=173823659.127210 objGain=30680059.708908 maxRC=59519752.131033 wallSec=0.011799 pricingSec=0.007839 cplexSolveSec=0.002057
    [CG]   [DIAG] iter=4 posCols=5 newCols=5 effImprove=5 updated=0
    [CG] CG iter 2: obj=160626637.863074, maxRC=10623512.916594, +17 cols
    [CG]   [DIAG] iter=2 posCols=17 newCols=17 effImprove=17 updated=0
      [BB] 根节点即为整数解，obj=173823659.127210
    [CG] CG iter 3: obj=166982724.630040, maxRC=6262692.587690, +12 cols
    [CG]   [DIAG] iter=3 posCols=12 newCols=12 effImprove=12 updated=0
    [CG] 列生成收敛，共 5 轮迭代
    [CG] [CG-NODE] depth=0 exit=CERTIFIED certified=1 feasible=1 iters=5 generatedColsBeforeNode=0 newCols=56 posCandidates=56 duplicateCandidates=0 updatedCols=0 zeroObjImproveIters=0 objFirst=143138983.194468 objLast=173820316.415342 objGain=30681333.220873 maxRC=59519670.787331 wallSec=0.017861 pricingSec=0.011936 cplexSolveSec=0.003016
    [CG] 列生成收敛，共 5 轮迭代
    [CG] [CG-NODE] depth=0 exit=CERTIFIED certified=1 feasible=1 iters=5 generatedColsBeforeNode=0 newCols=57 posCandidates=57 duplicateCandidates=0 updatedCols=0 zeroObjImproveIters=0 objFirst=143259837.963077 objLast=173937767.629688 objGain=30677929.666611 maxRC=59519752.128890 wallSec=0.017440 pricingSec=0.011852 cplexSolveSec=0.002903
      [BB] 根节点即为整数解，obj=173820316.415342
      [BB] 根节点即为整数解，obj=173937767.629688
    [CG] CG iter 4: obj=169700620.123449, maxRC=4147178.997684, +5 cols
    [CG]   [DIAG] iter=4 posCols=5 newCols=5 effImprove=5 updated=0
    [CG] CG iter 4: obj=169668667.945848, maxRC=4130650.360408, +5 cols
    [CG]   [DIAG] iter=4 posCols=5 newCols=5 effImprove=5 updated=0
    [CG] 列生成开始，初始列数=128
    [CG] 列生成收敛，共 5 轮迭代
    [CG] [CG-NODE] depth=0 exit=CERTIFIED certified=1 feasible=1 iters=5 generatedColsBeforeNode=0 newCols=57 posCandidates=57 duplicateCandidates=0 updatedCols=0 zeroObjImproveIters=0 objFirst=143136479.755181 objLast=173919425.470024 objGain=30782945.714843 maxRC=59512429.810681 wallSec=0.013715 pricingSec=0.008902 cplexSolveSec=0.002694
    [CG] 列生成收敛，共 5 轮迭代
    [CG] [CG-NODE] depth=0 exit=CERTIFIED certified=1 feasible=1 iters=5 generatedColsBeforeNode=0 newCols=57 posCandidates=57 duplicateCandidates=0 updatedCols=0 zeroObjImproveIters=0 objFirst=143182251.561045 objLast=173887161.560094 objGain=30704909.999049 maxRC=59518310.986239 wallSec=0.014062 pricingSec=0.009149 cplexSolveSec=0.002426
    [CG] CG iter 3: obj=167020928.343966, maxRC=6255301.746643, +12 cols
    [CG]   [DIAG] iter=3 posCols=12 newCols=12 effImprove=12 updated=0
      [BB] 根节点即为整数解，obj=173919425.470024
      [BB] 根节点即为整数解，obj=173887161.560094
    [CG] 列生成开始，初始列数=128
    [CG] CG iter 4: obj=169719363.012285, maxRC=4143763.331883, +5 cols
    [CG]   [DIAG] iter=4 posCols=5 newCols=5 effImprove=5 updated=0
    [CG] 列生成开始，初始列数=128
    [CG] 列生成开始，初始列数=128
    [CG] 列生成收敛，共 5 轮迭代
    [CG] [CG-NODE] depth=0 exit=CERTIFIED certified=1 feasible=1 iters=5 generatedColsBeforeNode=0 newCols=57 posCandidates=57 duplicateCandidates=0 updatedCols=0 zeroObjImproveIters=0 objFirst=143255156.009064 objLast=173937746.280743 objGain=30682590.271679 maxRC=59519832.925579 wallSec=0.018840 pricingSec=0.012782 cplexSolveSec=0.003293
      [BB] 根节点即为整数解，obj=173937746.280743
    [CG] 列生成开始，初始列数=128
    [CG] 列生成开始，初始列数=128
    [CG] CG iter 1: obj=143240417.160398, maxRC=59518915.712272, +23 cols
    [CG]   [DIAG] iter=1 posCols=23 newCols=23 effImprove=23 updated=0
    [CG] CG iter 1: obj=143235091.737215, maxRC=59517934.237008, +23 cols
    [CG]   [DIAG] iter=1 posCols=23 newCols=23 effImprove=23 updated=0
    [CG] CG iter 2: obj=160626501.999388, maxRC=10623470.951051, +17 cols
    [CG] CG iter 1: obj=143259846.022851, maxRC=59519752.128890, +23 cols
    [CG]   [DIAG] iter=2 posCols=17 newCols=17 effImprove=17 updated=0
    [CG]   [DIAG] iter=1 posCols=23 newCols=23 effImprove=23 updated=0
    [CG] CG iter 2: obj=160625608.872653, maxRC=10623093.295121, +17 cols
    [CG]   [DIAG] iter=2 posCols=17 newCols=17 effImprove=17 updated=0
    [CG] CG iter 3: obj=167018000.130974, maxRC=6256328.194219, +12 cols
    [CG]   [DIAG] iter=3 posCols=12 newCols=12 effImprove=12 updated=0
    [CG] CG iter 1: obj=143253835.919879, maxRC=59519766.154613, +23 cols
    [CG]   [DIAG] iter=1 posCols=23 newCols=23 effImprove=23 updated=0
    [CG] CG iter 4: obj=169713603.750234, maxRC=4141427.719778, +5 cols
    [CG]   [DIAG] iter=4 posCols=5 newCols=5 effImprove=5 updated=0
    [CG] CG iter 3: obj=167019791.002628, maxRC=6255353.321340, +12 cols
    [CG]   [DIAG] iter=3 posCols=12 newCols=12 effImprove=12 updated=0
    [CG] CG iter 2: obj=160626615.820695, maxRC=10623458.634161, +17 cols
    [CG] 列生成收敛，共 5 轮迭代
    [CG] [CG-NODE] depth=0 exit=CERTIFIED certified=1 feasible=1 iters=5 generatedColsBeforeNode=0 newCols=57 posCandidates=57 duplicateCandidates=0 updatedCols=0 zeroObjImproveIters=0 objFirst=143240417.160398 objLast=173932005.621384 objGain=30691588.460986 maxRC=59518915.712272 wallSec=0.008853 pricingSec=0.005787 cplexSolveSec=0.001545
    [CG]   [DIAG] iter=2 posCols=17 newCols=17 effImprove=17 updated=0
      [BB] 根节点即为整数解，obj=173932005.621384
    [CG] CG iter 2: obj=160626311.736749, maxRC=10623464.573564, +17 cols
    [CG] CG iter 4: obj=169718100.580067, maxRC=4143900.783047, +5 cols
    [CG]   [DIAG] iter=4 posCols=5 newCols=5 effImprove=5 updated=0
    [CG]   [DIAG] iter=2 posCols=17 newCols=17 effImprove=17 updated=0
    [CG] 列生成收敛，共 5 轮迭代
    [CG] [CG-NODE] depth=0 exit=CERTIFIED certified=1 feasible=1 iters=5 generatedColsBeforeNode=0 newCols=57 posCandidates=57 duplicateCandidates=0 updatedCols=0 zeroObjImproveIters=0 objFirst=143235091.737215 objLast=173936497.861050 objGain=30701406.123835 maxRC=59517934.237008 wallSec=0.010541 pricingSec=0.006921 cplexSolveSec=0.001825
      [BB] 根节点即为整数解，obj=173936497.861050
    [CG] CG iter 3: obj=167017791.631796, maxRC=6256347.455914, +12 cols
    [CG]   [DIAG] iter=3 posCols=12 newCols=12 effImprove=12 updated=0
    [CG] CG iter 3: obj=167020953.025426, maxRC=6255301.797702, +12 cols
    [CG]   [DIAG] iter=3 posCols=12 newCols=12 effImprove=12 updated=0
    [CG] CG iter 4: obj=169713408.484192, maxRC=4141426.703881, +5 cols
    [CG]   [DIAG] iter=4 posCols=5 newCols=5 effImprove=5 updated=0
    [CG] CG iter 1: obj=143259828.264238, maxRC=59519766.154613, +23 cols
    [CG] CG iter 4: obj=169719380.669674, maxRC=4143831.075052, +5 cols
    [CG] 列生成收敛，共 5 轮迭代
    [CG] [CG-NODE] depth=0 exit=CERTIFIED certified=1 feasible=1 iters=5 generatedColsBeforeNode=0 newCols=57 posCandidates=57 duplicateCandidates=0 updatedCols=0 zeroObjImproveIters=0 objFirst=143253835.919879 objLast=173931814.506871 objGain=30677978.586992 maxRC=59519766.154613 wallSec=0.009988 pricingSec=0.006406 cplexSolveSec=0.001816
    [CG]   [DIAG] iter=4 posCols=5 newCols=5 effImprove=5 updated=0
    [CG]   [DIAG] iter=1 posCols=23 newCols=23 effImprove=23 updated=0
    [CG] CG iter 1: obj=143246049.716609, maxRC=59518915.712272, +23 cols
      [BB] 根节点即为整数解，obj=173931814.506871
    [CG]   [DIAG] iter=1 posCols=23 newCols=23 effImprove=23 updated=0
    [CG] 列生成收敛，共 5 轮迭代
    [CG] [CG-NODE] depth=0 exit=CERTIFIED certified=1 feasible=1 iters=5 generatedColsBeforeNode=0 newCols=57 posCandidates=57 duplicateCandidates=0 updatedCols=0 zeroObjImproveIters=0 objFirst=143259846.022851 objLast=173937783.026038 objGain=30677937.003187 maxRC=59519752.128890 wallSec=0.016623 pricingSec=0.011272 cplexSolveSec=0.002736
      [BB] 根节点即为整数解，obj=173937783.026038
    [CG] CG iter 2: obj=160626613.083454, maxRC=10623464.573564, +17 cols
    [CG]   [DIAG] iter=2 posCols=17 newCols=17 effImprove=17 updated=0
    [CG] CG iter 2: obj=160626488.717176, maxRC=10623458.274557, +17 cols
    [CG]   [DIAG] iter=2 posCols=17 newCols=17 effImprove=17 updated=0
    [CG] CG iter 1: obj=143255174.519312, maxRC=59519752.128890, +23 cols
    [CG]   [DIAG] iter=1 posCols=23 newCols=23 effImprove=23 updated=0
    [CG] CG iter 3: obj=167020938.477328, maxRC=6255295.299736, +12 cols
    [CG]   [DIAG] iter=3 posCols=12 newCols=12 effImprove=12 updated=0
    [CG] CG iter 4: obj=169719359.623610, maxRC=4143815.238104, +5 cols
    [CG]   [DIAG] iter=4 posCols=5 newCols=5 effImprove=5 updated=0
    [CG] CG iter 3: obj=167020813.580975, maxRC=6255298.329917, +12 cols
    [CG]   [DIAG] iter=3 posCols=12 newCols=12 effImprove=12 updated=0
    [CG] CG iter 2: obj=160626574.998762, maxRC=10623479.978949, +17 cols
    [CG] 列生成收敛，共 5 轮迭代
    [CG]   [DIAG] iter=2 posCols=17 newCols=17 effImprove=17 updated=0
    [CG] [CG-NODE] depth=0 exit=CERTIFIED certified=1 feasible=1 iters=5 generatedColsBeforeNode=0 newCols=57 posCandidates=57 duplicateCandidates=0 updatedCols=0 zeroObjImproveIters=0 objFirst=143259828.264238 objLast=173937765.646289 objGain=30677937.382051 maxRC=59519766.154613 wallSec=0.011690 pricingSec=0.007142 cplexSolveSec=0.002330
      [BB] 根节点即为整数解，obj=173937765.646289
    [CG] CG iter 4: obj=169719236.306445, maxRC=4143823.733552, +5 cols
    [CG]   [DIAG] iter=4 posCols=5 newCols=5 effImprove=5 updated=0
    [CG] 列生成收敛，共 5 轮迭代
    [CG] CG iter 3: obj=167020894.055782, maxRC=6255299.282903, +12 cols
    [CG] [CG-NODE] depth=0 exit=CERTIFIED certified=1 feasible=1 iters=5 generatedColsBeforeNode=0 newCols=57 posCandidates=57 duplicateCandidates=0 updatedCols=0 zeroObjImproveIters=0 objFirst=143246049.716609 objLast=173937645.657146 objGain=30691595.940537 maxRC=59518915.712272 wallSec=0.014166 pricingSec=0.009281 cplexSolveSec=0.002604
    [CG]   [DIAG] iter=3 posCols=12 newCols=12 effImprove=12 updated=0
      [BB] 根节点即为整数解，obj=173937645.657146
    [CG] CG iter 4: obj=169719324.152088, maxRC=4143807.155812, +5 cols
    [CG]   [DIAG] iter=4 posCols=5 newCols=5 effImprove=5 updated=0
    [CG] 列生成收敛，共 5 轮迭代
    [CG] [CG-NODE] depth=0 exit=CERTIFIED certified=1 feasible=1 iters=5 generatedColsBeforeNode=0 newCols=57 posCandidates=57 duplicateCandidates=0 updatedCols=0 zeroObjImproveIters=0 objFirst=143255174.519312 objLast=173937722.348231 objGain=30682547.828919 maxRC=59519752.128890 wallSec=0.014435 pricingSec=0.009433 cplexSolveSec=0.002565
      [BB] 根节点即为整数解，obj=173937722.348231
[GA] 代数 7: Best=173966668.71, Avg=173944030.49, Worst=173849202.10, Valid=30/30, 耗时=0.05s (连续7代未提升)
  ├─ 求解: 30 个体 fork 并行 | CG迭代=115 加列=1309 BB分支=0
  ├─ 并行墙钟=0.0504s | 串行等效(ΣBP)=0.3229s | 加速比=6.40x
  ├─ 管理开销=-0.2725s (fork=0.0038 wait=0.0463 merge=0.0003)
  └─ CG明细: gen_logs/run_gen7_ind{0..29}.log
    [CG] 列生成开始，初始列数=128
    [CG] 列生成开始，初始列数=128
    [CG] 列生成开始，初始列数=128
    [CG] 列生成开始，初始列数=128
    [CG] 列生成开始，初始列数=128
    [CG] 列生成开始，初始列数=128
    [CG] 列生成开始，初始列数=128
    [CG] 列生成开始，初始列数=128
    [CG] CG iter 1: obj=143145372.943046, maxRC=59517934.237008, +23 cols
    [CG]   [DIAG] iter=1 posCols=23 newCols=23 effImprove=23 updated=0
    [CG] CG iter 1: obj=143204009.459972, maxRC=59518310.986239, +23 cols
    [CG]   [DIAG] iter=1 posCols=23 newCols=23 effImprove=23 updated=0
    [CG] CG iter 1: obj=143220501.835584, maxRC=59518396.834624, +23 cols
    [CG] CG iter 2: obj=160625615.012473, maxRC=10623093.295121, +17 cols
    [CG]   [DIAG] iter=2 posCols=17 newCols=17 effImprove=17 updated=0
    [CG]   [DIAG] iter=1 posCols=23 newCols=23 effImprove=23 updated=0
    [CG] CG iter 1: obj=143129730.488933, maxRC=59518391.782927, +23 cols
    [CG]   [DIAG] iter=1 posCols=23 newCols=23 effImprove=23 updated=0
    [CG] CG iter 2: obj=160623407.029603, maxRC=10623616.753774, +17 cols
    [CG]   [DIAG] iter=2 posCols=17 newCols=17 effImprove=17 updated=0
    [CG] CG iter 3: obj=167019797.142449, maxRC=6255353.321340, +12 cols
    [CG]   [DIAG] iter=3 posCols=12 newCols=12 effImprove=12 updated=0
    [CG] CG iter 2: obj=160615637.343447, maxRC=10623507.757418, +17 cols
    [CG]   [DIAG] iter=2 posCols=17 newCols=17 effImprove=17 updated=0
    [CG] CG iter 4: obj=169718106.719888, maxRC=4143900.783047, +5 cols
    [CG]   [DIAG] iter=4 posCols=5 newCols=5 effImprove=5 updated=0
    [CG] CG iter 1: obj=143254604.403602, maxRC=59519752.128890, +23 cols
    [CG] CG iter 2: obj=160617130.510556, maxRC=10627654.254516, +17 cols
    [CG] CG iter 3: obj=167002461.895250, maxRC=6260671.953973, +11 cols
    [CG]   [DIAG] iter=1 posCols=23 newCols=23 effImprove=23 updated=0
    [CG]   [DIAG] iter=3 posCols=11 newCols=11 effImprove=11 updated=0
    [CG]   [DIAG] iter=2 posCols=17 newCols=17 effImprove=17 updated=0
    [CG] 列生成收敛，共 5 轮迭代
    [CG] [CG-NODE] depth=0 exit=CERTIFIED certified=1 feasible=1 iters=5 generatedColsBeforeNode=0 newCols=57 posCandidates=57 duplicateCandidates=0 updatedCols=0 zeroObjImproveIters=0 objFirst=143145372.943046 objLast=173936504.000871 objGain=30791131.057825 maxRC=59517934.237008 wallSec=0.007727 pricingSec=0.004883 cplexSolveSec=0.001467
    [CG] CG iter 3: obj=167009910.039250, maxRC=6255320.370620, +12 cols
    [CG]   [DIAG] iter=3 posCols=12 newCols=12 effImprove=12 updated=0
      [BB] 根节点即为整数解，obj=173936504.000871
    [CG] CG iter 4: obj=169686384.577340, maxRC=4130121.307004, +5 cols
    [CG]   [DIAG] iter=4 posCols=5 newCols=5 effImprove=5 updated=0
    [CG] CG iter 4: obj=169708361.223273, maxRC=4143762.578554, +5 cols
    [CG]   [DIAG] iter=4 posCols=5 newCols=5 effImprove=5 updated=0
    [CG] CG iter 2: obj=160626006.198185, maxRC=10623457.928415, +17 cols
    [CG] CG iter 3: obj=166963978.774959, maxRC=6274347.121990, +11 cols
    [CG] 列生成收敛，共 5 轮迭代
    [CG]   [DIAG] iter=2 posCols=17 newCols=17 effImprove=17 updated=0
    [CG] [CG-NODE] depth=0 exit=CERTIFIED certified=1 feasible=1 iters=5 generatedColsBeforeNode=0 newCols=56 posCandidates=56 duplicateCandidates=0 updatedCols=0 zeroObjImproveIters=0 objFirst=143204009.459972 objLast=173905085.349400 objGain=30701075.889428 maxRC=59518310.986239 wallSec=0.008463 pricingSec=0.005423 cplexSolveSec=0.001627
    [CG]   [DIAG] iter=3 posCols=11 newCols=11 effImprove=11 updated=0
      [BB] 根节点即为整数解，obj=173905085.349400
    [CG] 列生成收敛，共 5 轮迭代
    [CG] [CG-NODE] depth=0 exit=CERTIFIED certified=1 feasible=1 iters=5 generatedColsBeforeNode=0 newCols=57 posCandidates=57 duplicateCandidates=0 updatedCols=0 zeroObjImproveIters=0 objFirst=143220501.835584 objLast=173926745.350637 objGain=30706243.515053 maxRC=59518396.834624 wallSec=0.008506 pricingSec=0.005499 cplexSolveSec=0.001583
    [CG] CG iter 1: obj=143254143.888117, maxRC=59519752.128890, +23 cols
      [BB] 根节点即为整数解，obj=173926745.350637
    [CG]   [DIAG] iter=1 posCols=23 newCols=23 effImprove=23 updated=0
    [CG] CG iter 4: obj=169618616.042476, maxRC=4101005.169747, +5 cols
    [CG]   [DIAG] iter=4 posCols=5 newCols=5 effImprove=5 updated=0
    [CG] CG iter 3: obj=167020331.326729, maxRC=6255302.263988, +12 cols
    [CG]   [DIAG] iter=3 posCols=12 newCols=12 effImprove=12 updated=0
    [CG] CG iter 1: obj=143236073.531956, maxRC=59519752.128890, +23 cols
    [CG]   [DIAG] iter=1 posCols=23 newCols=23 effImprove=23 updated=0
    [CG] 列生成收敛，共 5 轮迭代
    [CG] [CG-NODE] depth=0 exit=CERTIFIED certified=1 feasible=1 iters=5 generatedColsBeforeNode=0 newCols=56 posCandidates=56 duplicateCandidates=0 updatedCols=0 zeroObjImproveIters=0 objFirst=143129730.488933 objLast=173835780.971261 objGain=30706050.482328 maxRC=59518391.782927 wallSec=0.009827 pricingSec=0.006318 cplexSolveSec=0.001872
    [CG] 列生成开始，初始列数=128
      [BB] 根节点即为整数解，obj=173835780.971261
    [CG] CG iter 4: obj=169718754.036378, maxRC=4143817.523555, +5 cols
    [CG]   [DIAG] iter=4 posCols=5 newCols=5 effImprove=5 updated=0
    [CG] CG iter 2: obj=160626571.026747, maxRC=10623458.634161, +17 cols
    [CG]   [DIAG] iter=2 posCols=17 newCols=17 effImprove=17 updated=0
    [CG] 列生成收敛，共 5 轮迭代
    [CG] [CG-NODE] depth=0 exit=CERTIFIED certified=1 feasible=1 iters=5 generatedColsBeforeNode=0 newCols=57 posCandidates=57 duplicateCandidates=0 updatedCols=0 zeroObjImproveIters=0 objFirst=143254604.403602 objLast=173937162.600263 objGain=30682558.196661 maxRC=59519752.128890 wallSec=0.009822 pricingSec=0.006430 cplexSolveSec=0.001797
      [BB] 根节点即为整数解，obj=173937162.600263
    [CG] 列生成开始，初始列数=128
    [CG] CG iter 2: obj=160606404.764868, maxRC=10623457.928415, +17 cols
    [CG]   [DIAG] iter=2 posCols=17 newCols=17 effImprove=17 updated=0
    [CG] 列生成开始，初始列数=128
    [CG] CG iter 3: obj=167018072.291212, maxRC=6256329.855572, +12 cols
    [CG]   [DIAG] iter=3 posCols=12 newCols=12 effImprove=12 updated=0
    [CG] CG iter 3: obj=166998963.876483, maxRC=6257084.655638, +12 cols
    [CG]   [DIAG] iter=3 posCols=12 newCols=12 effImprove=12 updated=0
    [CG] CG iter 4: obj=169713671.543266, maxRC=4141433.748337, +5 cols
    [CG]   [DIAG] iter=4 posCols=5 newCols=5 effImprove=5 updated=0
    [CG] 列生成收敛，共 5 轮迭代
    [CG] 列生成开始，初始列数=128
    [CG] [CG-NODE] depth=0 exit=CERTIFIED certified=1 feasible=1 iters=5 generatedColsBeforeNode=0 newCols=57 posCandidates=57 duplicateCandidates=0 updatedCols=0 zeroObjImproveIters=0 objFirst=143254143.888117 objLast=173932079.442975 objGain=30677935.554858 maxRC=59519752.128890 wallSec=0.012201 pricingSec=0.008038 cplexSolveSec=0.002204
    [CG] CG iter 4: obj=169699173.714490, maxRC=4143834.629153, +5 cols
    [CG]   [DIAG] iter=4 posCols=5 newCols=5 effImprove=5 updated=0
      [BB] 根节点即为整数解，obj=173932079.442975
    [CG] 列生成开始，初始列数=128
    [CG] 列生成收敛，共 5 轮迭代
    [CG] [CG-NODE] depth=0 exit=CERTIFIED certified=1 feasible=1 iters=5 generatedColsBeforeNode=0 newCols=57 posCandidates=57 duplicateCandidates=0 updatedCols=0 zeroObjImproveIters=0 objFirst=143236073.531956 objLast=173917574.593062 objGain=30681501.061106 maxRC=59519752.128890 wallSec=0.013094 pricingSec=0.008695 cplexSolveSec=0.002307
    [CG] CG iter 1: obj=143209466.649061, maxRC=59518122.122120, +23 cols
      [BB] 根节点即为整数解，obj=173917574.593062
    [CG]   [DIAG] iter=1 posCols=23 newCols=23 effImprove=23 updated=0
    [CG] CG iter 1: obj=143235099.340347, maxRC=59517934.237008, +23 cols
    [CG] CG iter 2: obj=160626610.635995, maxRC=10623457.808547, +17 cols
    [CG]   [DIAG] iter=2 posCols=17 newCols=17 effImprove=17 updated=0
    [CG]   [DIAG] iter=1 posCols=23 newCols=23 effImprove=23 updated=0
    [CG] CG iter 3: obj=167009804.381965, maxRC=6259811.951875, +12 cols
    [CG]   [DIAG] iter=3 posCols=12 newCols=12 effImprove=12 updated=0
    [CG] CG iter 1: obj=143244013.945041, maxRC=59512429.810681, +23 cols
    [CG]   [DIAG] iter=1 posCols=23 newCols=23 effImprove=23 updated=0
    [CG] CG iter 4: obj=169697088.160013, maxRC=4133833.904069, +5 cols
    [CG]   [DIAG] iter=4 posCols=5 newCols=5 effImprove=5 updated=0
    [CG] 列生成开始，初始列数=128
    [CG] 列生成收敛，共 5 轮迭代
    [CG] [CG-NODE] depth=0 exit=CERTIFIED certified=1 feasible=1 iters=5 generatedColsBeforeNode=0 newCols=57 posCandidates=57 duplicateCandidates=0 updatedCols=0 zeroObjImproveIters=0 objFirst=143209466.649061 objLast=173915489.522249 objGain=30706022.873188 maxRC=59518122.122120 wallSec=0.006865 pricingSec=0.004368 cplexSolveSec=0.001292
    [CG] CG iter 2: obj=160606415.443044, maxRC=10618421.770690, +17 cols
      [BB] 根节点即为整数解，obj=173915489.522249
    [CG] 列生成开始，初始列数=128
    [CG]   [DIAG] iter=2 posCols=17 newCols=17 effImprove=17 updated=0
    [CG] CG iter 1: obj=143190526.676157, maxRC=59518310.986239, +23 cols
    [CG]   [DIAG] iter=1 posCols=23 newCols=23 effImprove=23 updated=0
    [CG] CG iter 2: obj=160625615.160652, maxRC=10623115.345655, +17 cols
    [CG]   [DIAG] iter=2 posCols=17 newCols=17 effImprove=17 updated=0
    [CG] CG iter 1: obj=143259778.439832, maxRC=59519752.131033, +23 cols
    [CG]   [DIAG] iter=1 posCols=23 newCols=23 effImprove=23 updated=0
    [CG] CG iter 3: obj=167001453.299852, maxRC=6256040.147058, +12 cols
    [CG]   [DIAG] iter=3 posCols=12 newCols=12 effImprove=12 updated=0
    [CG] CG iter 2: obj=160585910.949148, maxRC=10624353.467164, +17 cols
    [CG]   [DIAG] iter=2 posCols=17 newCols=17 effImprove=17 updated=0
    [CG] CG iter 4: obj=169700620.123449, maxRC=4147178.997684, +5 cols
    [CG]   [DIAG] iter=4 posCols=5 newCols=5 effImprove=5 updated=0
    [CG] CG iter 2: obj=160626537.764058, maxRC=10623458.634161, +17 cols
    [CG]   [DIAG] iter=2 posCols=17 newCols=17 effImprove=17 updated=0
    [CG] 列生成收敛，共 5 轮迭代
    [CG] [CG-NODE] depth=0 exit=CERTIFIED certified=1 feasible=1 iters=5 generatedColsBeforeNode=0 newCols=57 posCandidates=57 duplicateCandidates=0 updatedCols=0 zeroObjImproveIters=0 objFirst=143244013.945041 objLast=173919425.470024 objGain=30675411.524983 maxRC=59512429.810681 wallSec=0.007701 pricingSec=0.004989 cplexSolveSec=0.001428
      [BB] 根节点即为整数解，obj=173919425.470024
    [CG] CG iter 3: obj=166979740.135274, maxRC=6255177.574640, +12 cols
    [CG]   [DIAG] iter=3 posCols=12 newCols=12 effImprove=12 updated=0
    [CG] CG iter 3: obj=167020867.201091, maxRC=6255295.025654, +12 cols
    [CG]   [DIAG] iter=3 posCols=12 newCols=12 effImprove=12 updated=0
    [CG] CG iter 3: obj=167019791.219103, maxRC=6255350.340255, +12 cols
    [CG]   [DIAG] iter=3 posCols=12 newCols=12 effImprove=12 updated=0
    [CG] CG iter 4: obj=169719288.073290, maxRC=4143822.282560, +5 cols
    [CG] CG iter 4: obj=169678289.058805, maxRC=4143524.488238, +5 cols
    [CG]   [DIAG] iter=4 posCols=5 newCols=5 effImprove=5 updated=0
    [CG]   [DIAG] iter=4 posCols=5 newCols=5 effImprove=5 updated=0
    [CG] 列生成收敛，共 5 轮迭代
    [CG] 列生成收敛，共 5 轮迭代
    [CG] [CG-NODE] depth=0 exit=CERTIFIED certified=1 feasible=1 iters=5 generatedColsBeforeNode=0 newCols=57 posCandidates=57 duplicateCandidates=0 updatedCols=0 zeroObjImproveIters=0 objFirst=143259778.439832 objLast=173937695.972999 objGain=30677917.533167 maxRC=59519752.131033 wallSec=0.006923 pricingSec=0.004466 cplexSolveSec=0.001286
    [CG] [CG-NODE] depth=0 exit=CERTIFIED certified=1 feasible=1 iters=5 generatedColsBeforeNode=0 newCols=57 posCandidates=57 duplicateCandidates=0 updatedCols=0 zeroObjImproveIters=0 objFirst=143190526.676157 objLast=173896449.390571 objGain=30705922.714414 maxRC=59518310.986239 wallSec=0.008693 pricingSec=0.005687 cplexSolveSec=0.001613
    [CG] 列生成开始，初始列数=128
      [BB] 根节点即为整数解，obj=173937695.972999
      [BB] 根节点即为整数解，obj=173896449.390571
    [CG] CG iter 4: obj=169718108.183200, maxRC=4143890.415304, +5 cols
    [CG]   [DIAG] iter=4 posCols=5 newCols=5 effImprove=5 updated=0
    [CG] 列生成收敛，共 5 轮迭代
    [CG] [CG-NODE] depth=0 exit=CERTIFIED certified=1 feasible=1 iters=5 generatedColsBeforeNode=0 newCols=57 posCandidates=57 duplicateCandidates=0 updatedCols=0 zeroObjImproveIters=0 objFirst=143235099.340347 objLast=173936495.096440 objGain=30701395.756093 maxRC=59517934.237008 wallSec=0.018880 pricingSec=0.012956 cplexSolveSec=0.003172
    [CG] CG iter 1: obj=143258246.483902, maxRC=59519832.925579, +23 cols
      [BB] 根节点即为整数解，obj=173936495.096440
    [CG]   [DIAG] iter=1 posCols=23 newCols=23 effImprove=23 updated=0
    [CG] 列生成开始，初始列数=128
    [CG] CG iter 2: obj=160625386.963502, maxRC=10623486.179040, +17 cols
    [CG]   [DIAG] iter=2 posCols=17 newCols=17 effImprove=17 updated=0
    [CG] CG iter 3: obj=167019273.244248, maxRC=6255170.584350, +12 cols
    [CG] CG iter 1: obj=143240425.349956, maxRC=59519752.128890, +23 cols
    [CG]   [DIAG] iter=3 posCols=12 newCols=12 effImprove=12 updated=0
    [CG] 列生成开始，初始列数=128
    [CG]   [DIAG] iter=1 posCols=23 newCols=23 effImprove=23 updated=0
    [CG] 列生成开始，初始列数=128
    [CG] CG iter 4: obj=169717569.675143, maxRC=4143439.223814, +5 cols
    [CG]   [DIAG] iter=4 posCols=5 newCols=5 effImprove=5 updated=0
    [CG] 列生成开始，初始列数=128
    [CG] 列生成收敛，共 5 轮迭代
    [CG] [CG-NODE] depth=0 exit=CERTIFIED certified=1 feasible=1 iters=5 generatedColsBeforeNode=0 newCols=57 posCandidates=57 duplicateCandidates=0 updatedCols=0 zeroObjImproveIters=0 objFirst=143258246.483902 objLast=173936077.567063 objGain=30677831.083161 maxRC=59519832.925579 wallSec=0.011055 pricingSec=0.006647 cplexSolveSec=0.002163
    [CG] CG iter 2: obj=160626615.820695, maxRC=10623458.634161, +17 cols
      [BB] 根节点即为整数解，obj=173936077.567063
    [CG]   [DIAG] iter=2 posCols=17 newCols=17 effImprove=17 updated=0
    [CG] CG iter 3: obj=167020953.025426, maxRC=6255301.797702, +12 cols
    [CG]   [DIAG] iter=3 posCols=12 newCols=12 effImprove=12 updated=0
    [CG] CG iter 4: obj=169719380.669674, maxRC=4143831.075052, +5 cols
    [CG]   [DIAG] iter=4 posCols=5 newCols=5 effImprove=5 updated=0
    [CG] 列生成收敛，共 5 轮迭代
    [CG] [CG-NODE] depth=0 exit=CERTIFIED certified=1 feasible=1 iters=5 generatedColsBeforeNode=0 newCols=57 posCandidates=57 duplicateCandidates=0 updatedCols=0 zeroObjImproveIters=0 objFirst=143240425.349956 objLast=173937783.026038 objGain=30697357.676082 maxRC=59519752.128890 wallSec=0.009264 pricingSec=0.005981 cplexSolveSec=0.001725
    [CG] 列生成开始，初始列数=128
      [BB] 根节点即为整数解，obj=173937783.026038
    [CG] CG iter 1: obj=143183335.305907, maxRC=59517760.176737, +23 cols
    [CG] 列生成开始，初始列数=128
    [CG]   [DIAG] iter=1 posCols=23 newCols=23 effImprove=23 updated=0
    [CG] CG iter 1: obj=143137390.202237, maxRC=59519752.128890, +23 cols
    [CG]   [DIAG] iter=1 posCols=23 newCols=23 effImprove=23 updated=0
    [CG] CG iter 2: obj=160564913.495612, maxRC=10621998.462092, +17 cols
    [CG] CG iter 1: obj=143230975.852213, maxRC=59517934.237008, +23 cols
    [CG]   [DIAG] iter=2 posCols=17 newCols=17 effImprove=17 updated=0
    [CG]   [DIAG] iter=1 posCols=23 newCols=23 effImprove=23 updated=0
    [CG] CG iter 2: obj=160625608.872653, maxRC=10623093.295121, +17 cols
    [CG]   [DIAG] iter=2 posCols=17 newCols=17 effImprove=17 updated=0
    [CG] CG iter 3: obj=166942194.316940, maxRC=6253086.834712, +12 cols
    [CG]   [DIAG] iter=3 posCols=12 newCols=12 effImprove=12 updated=0
    [CG] CG iter 2: obj=160524680.015380, maxRC=10623458.634161, +17 cols
    [CG] CG iter 3: obj=167019943.335377, maxRC=6255341.464526, +12 cols
    [CG]   [DIAG] iter=2 posCols=17 newCols=17 effImprove=17 updated=0
    [CG]   [DIAG] iter=3 posCols=12 newCols=12 effImprove=12 updated=0
    [CG] CG iter 1: obj=143235597.829840, maxRC=59517934.237008, +23 cols
    [CG]   [DIAG] iter=1 posCols=23 newCols=23 effImprove=23 updated=0
    [CG] CG iter 1: obj=143259289.329573, maxRC=59519766.156755, +23 cols
    [CG] CG iter 4: obj=169634562.359973, maxRC=4131236.578766, +5 cols
    [CG]   [DIAG] iter=4 posCols=5 newCols=5 effImprove=5 updated=0
    [CG]   [DIAG] iter=1 posCols=23 newCols=23 effImprove=23 updated=0
    [CG] CG iter 4: obj=169718405.245565, maxRC=4143971.836248, +5 cols
    [CG]   [DIAG] iter=4 posCols=5 newCols=5 effImprove=5 updated=0
    [CG] 列生成收敛，共 5 轮迭代
    [CG] [CG-NODE] depth=0 exit=CERTIFIED certified=1 feasible=1 iters=5 generatedColsBeforeNode=0 newCols=57 posCandidates=57 duplicateCandidates=0 updatedCols=0 zeroObjImproveIters=0 objFirst=143183335.305907 objLast=173857517.991976 objGain=30674182.686069 maxRC=59517760.176737 wallSec=0.010886 pricingSec=0.007242 cplexSolveSec=0.002001
    [CG] CG iter 1: obj=143234726.677842, maxRC=59517934.237008, +23 cols
      [BB] 根节点即为整数解，obj=173857517.991976
    [CG] 列生成收敛，共 5 轮迭代
    [CG] [CG-NODE] depth=0 exit=CERTIFIED certified=1 feasible=1 iters=5 generatedColsBeforeNode=0 newCols=57 posCandidates=57 duplicateCandidates=0 updatedCols=0 zeroObjImproveIters=0 objFirst=143230975.852213 objLast=173936802.526547 objGain=30705826.674334 maxRC=59517934.237008 wallSec=0.006632 pricingSec=0.004347 cplexSolveSec=0.001204
      [BB] 根节点即为整数解，obj=173936802.526547
    [CG] CG iter 2: obj=160625608.872653, maxRC=10623093.295121, +17 cols
    [CG]   [DIAG] iter=1 posCols=23 newCols=23 effImprove=23 updated=0
    [CG] CG iter 3: obj=166883372.612624, maxRC=6240177.205513, +12 cols
    [CG]   [DIAG] iter=2 posCols=17 newCols=17 effImprove=17 updated=0
    [CG]   [DIAG] iter=3 posCols=12 newCols=12 effImprove=12 updated=0
    [CG] CG iter 2: obj=160626613.083454, maxRC=10623464.573564, +17 cols
    [CG] CG iter 3: obj=167019943.335377, maxRC=6255341.464526, +12 cols
    [CG]   [DIAG] iter=3 posCols=12 newCols=12 effImprove=12 updated=0
    [CG]   [DIAG] iter=2 posCols=17 newCols=17 effImprove=17 updated=0
    [CG] CG iter 1: obj=143243317.137070, maxRC=59518898.187999, +23 cols
    [CG] CG iter 4: obj=169566675.664682, maxRC=4112298.699539, +5 cols
    [CG]   [DIAG] iter=4 posCols=5 newCols=5 effImprove=5 updated=0
    [CG]   [DIAG] iter=1 posCols=23 newCols=23 effImprove=23 updated=0
    [CG] CG iter 2: obj=160625311.589002, maxRC=10623096.330914, +17 cols
    [CG]   [DIAG] iter=2 posCols=17 newCols=17 effImprove=17 updated=0
    [CG] CG iter 4: obj=169718405.245565, maxRC=4143971.836248, +5 cols
    [CG]   [DIAG] iter=4 posCols=5 newCols=5 effImprove=5 updated=0
    [CG] 列生成收敛，共 5 轮迭代
    [CG] [CG-NODE] depth=0 exit=CERTIFIED certified=1 feasible=1 iters=5 generatedColsBeforeNode=0 newCols=57 posCandidates=57 duplicateCandidates=0 updatedCols=0 zeroObjImproveIters=0 objFirst=143137390.202237 objLast=173798022.630482 objGain=30660632.428244 maxRC=59519752.128890 wallSec=0.017686 pricingSec=0.012294 cplexSolveSec=0.002883
      [BB] 根节点即为整数解，obj=173798022.630482
    [CG] 列生成收敛，共 5 轮迭代
    [CG] [CG-NODE] depth=0 exit=CERTIFIED certified=1 feasible=1 iters=5 generatedColsBeforeNode=0 newCols=57 posCandidates=57 duplicateCandidates=0 updatedCols=0 zeroObjImproveIters=0 objFirst=143235597.829840 objLast=173936802.526547 objGain=30701204.696707 maxRC=59517934.237008 wallSec=0.011001 pricingSec=0.007518 cplexSolveSec=0.001846
      [BB] 根节点即为整数解，obj=173936802.526547
    [CG] CG iter 3: obj=167020763.988926, maxRC=6255316.997815, +12 cols
    [CG]   [DIAG] iter=3 posCols=12 newCols=12 effImprove=12 updated=0
    [CG] CG iter 2: obj=160626501.999388, maxRC=10623470.951051, +17 cols
    [CG] CG iter 3: obj=167019426.352996, maxRC=6255351.985544, +12 cols
    [CG]   [DIAG] iter=2 posCols=17 newCols=17 effImprove=17 updated=0
    [CG]   [DIAG] iter=3 posCols=12 newCols=12 effImprove=12 updated=0
    [CG] CG iter 4: obj=169719010.646805, maxRC=4143723.141688, +5 cols
    [CG]   [DIAG] iter=4 posCols=5 newCols=5 effImprove=5 updated=0
    [CG] CG iter 4: obj=169717733.743055, maxRC=4143859.502543, +5 cols
    [CG]   [DIAG] iter=4 posCols=5 newCols=5 effImprove=5 updated=0
    [CG] 列生成收敛，共 5 轮迭代
    [CG] [CG-NODE] depth=0 exit=CERTIFIED certified=1 feasible=1 iters=5 generatedColsBeforeNode=0 newCols=57 posCandidates=57 duplicateCandidates=0 updatedCols=0 zeroObjImproveIters=0 objFirst=143259289.329573 objLast=173937416.669484 objGain=30678127.339911 maxRC=59519766.156755 wallSec=0.013697 pricingSec=0.009208 cplexSolveSec=0.002438
    [CG] CG iter 3: obj=167020757.513929, maxRC=6255291.749440, +12 cols
    [CG]   [DIAG] iter=3 posCols=12 newCols=12 effImprove=12 updated=0
      [BB] 根节点即为整数解，obj=173937416.669484
    [CG] 列生成收敛，共 5 轮迭代
    [CG] [CG-NODE] depth=0 exit=CERTIFIED certified=1 feasible=1 iters=5 generatedColsBeforeNode=0 newCols=57 posCandidates=57 duplicateCandidates=0 updatedCols=0 zeroObjImproveIters=0 objFirst=143234726.677842 objLast=173936134.546732 objGain=30701407.868890 maxRC=59517934.237008 wallSec=0.017236 pricingSec=0.011906 cplexSolveSec=0.002767
      [BB] 根节点即为整数解，obj=173936134.546732
    [CG] CG iter 4: obj=169719118.516145, maxRC=4143798.149768, +5 cols
    [CG]   [DIAG] iter=4 posCols=5 newCols=5 effImprove=5 updated=0
    [CG] 列生成收敛，共 5 轮迭代
    [CG] [CG-NODE] depth=0 exit=CERTIFIED certified=1 feasible=1 iters=5 generatedColsBeforeNode=0 newCols=57 posCandidates=57 duplicateCandidates=0 updatedCols=0 zeroObjImproveIters=0 objFirst=143243317.137070 objLast=173937520.387294 objGain=30694203.250224 maxRC=59518898.187999 wallSec=0.015460 pricingSec=0.010411 cplexSolveSec=0.002657
      [BB] 根节点即为整数解，obj=173937520.387294
    [CG] CG iter 1: obj=143161372.203588, maxRC=59380190.021232, +23 cols
    [CG]   [DIAG] iter=1 posCols=23 newCols=23 effImprove=23 updated=0
    [CG] CG iter 2: obj=160389094.690378, maxRC=10533219.481458, +17 cols
    [CG]   [DIAG] iter=2 posCols=17 newCols=17 effImprove=17 updated=0
    [CG] CG iter 3: obj=166807912.219732, maxRC=6260156.179482, +12 cols
    [CG]   [DIAG] iter=3 posCols=12 newCols=12 effImprove=12 updated=0
    [CG] CG iter 4: obj=169511035.023056, maxRC=4208527.401278, +5 cols
    [CG]   [DIAG] iter=4 posCols=5 newCols=5 effImprove=5 updated=0
    [CG] 列生成收敛，共 5 轮迭代
    [CG] [CG-NODE] depth=0 exit=CERTIFIED certified=1 feasible=1 iters=5 generatedColsBeforeNode=0 newCols=57 posCandidates=57 duplicateCandidates=0 updatedCols=0 zeroObjImproveIters=0 objFirst=143161372.203588 objLast=173738735.742267 objGain=30577363.538679 maxRC=59380190.021232 wallSec=0.015597 pricingSec=0.011064 cplexSolveSec=0.002577
      [BB] 根节点即为整数解，obj=173738735.742267
[GA] 代数 8: Best=173966668.71, Avg=173941505.31, Worst=173767621.43, Valid=30/30, 耗时=0.04s (连续8代未提升)
  ├─ 求解: 30 个体 fork 并行 | CG迭代=110 加列=1252 BB分支=0
  ├─ 并行墙钟=0.0426s | 串行等效(ΣBP)=0.2520s | 加速比=5.92x
  ├─ 管理开销=-0.2094s (fork=0.0027 wait=0.0395 merge=0.0003)
  └─ CG明细: gen_logs/run_gen8_ind{0..29}.log
    [CG] 列生成开始，初始列数=128
    [CG] 列生成开始，初始列数=128
    [CG] 列生成开始，初始列数=128
    [CG] 列生成开始，初始列数=128
    [CG] 列生成开始，初始列数=128
    [CG] 列生成开始，初始列数=128
    [CG] 列生成开始，初始列数=128
    [CG] 列生成开始，初始列数=128
    [CG] CG iter 1: obj=143259543.454426, maxRC=59519752.128890, +23 cols
    [CG]   [DIAG] iter=1 posCols=23 newCols=23 effImprove=23 updated=0
    [CG] CG iter 1: obj=143236777.415946, maxRC=59519766.154613, +23 cols
    [CG]   [DIAG] iter=1 posCols=23 newCols=23 effImprove=23 updated=0
    [CG] CG iter 2: obj=160626375.234451, maxRC=10623458.634161, +17 cols
    [CG]   [DIAG] iter=2 posCols=17 newCols=17 effImprove=17 updated=0
    [CG] CG iter 2: obj=160626268.674661, maxRC=10623464.573564, +17 cols
    [CG]   [DIAG] iter=2 posCols=17 newCols=17 effImprove=17 updated=0
    [CG] CG iter 3: obj=167020681.448092, maxRC=6255313.062795, +12 cols
    [CG]   [DIAG] iter=3 posCols=12 newCols=12 effImprove=12 updated=0
    [CG] CG iter 1: obj=143235293.164343, maxRC=59517934.237008, +23 cols
    [CG] CG iter 3: obj=167009208.380255, maxRC=6259876.882048, +12 cols
    [CG] CG iter 1: obj=143230628.604740, maxRC=59517934.237008, +23 cols
    [CG]   [DIAG] iter=3 posCols=12 newCols=12 effImprove=12 updated=0
    [CG]   [DIAG] iter=1 posCols=23 newCols=23 effImprove=23 updated=0
    [CG]   [DIAG] iter=1 posCols=23 newCols=23 effImprove=23 updated=0
    [CG] CG iter 1: obj=143226489.156268, maxRC=59518391.782927, +23 cols
    [CG]   [DIAG] iter=1 posCols=23 newCols=23 effImprove=23 updated=0
    [CG] CG iter 4: obj=169719119.306190, maxRC=4143839.615770, +5 cols
    [CG]   [DIAG] iter=4 posCols=5 newCols=5 effImprove=5 updated=0
    [CG] CG iter 4: obj=169696306.997679, maxRC=4133608.974737, +5 cols
    [CG]   [DIAG] iter=4 posCols=5 newCols=5 effImprove=5 updated=0
    [CG] CG iter 1: obj=143145397.908263, maxRC=59517934.237008, +23 cols
    [CG] 列生成收敛，共 5 轮迭代
    [CG] [CG-NODE] depth=0 exit=CERTIFIED certified=1 feasible=1 iters=5 generatedColsBeforeNode=0 newCols=57 posCandidates=57 duplicateCandidates=0 updatedCols=0 zeroObjImproveIters=0 objFirst=143259543.454426 objLast=173937521.662554 objGain=30677978.208128 maxRC=59519752.128890 wallSec=0.009008 pricingSec=0.005873 cplexSolveSec=0.001733
    [CG] CG iter 2: obj=160625608.872653, maxRC=10623093.295121, +17 cols
    [CG] 列生成收敛，共 5 轮迭代
    [CG] [CG-NODE] depth=0 exit=CERTIFIED certified=1 feasible=1 iters=5 generatedColsBeforeNode=0 newCols=57 posCandidates=57 duplicateCandidates=0 updatedCols=0 zeroObjImproveIters=0 objFirst=143236777.415946 objLast=173914715.691468 objGain=30677938.275522 maxRC=59519766.154613 wallSec=0.008940 pricingSec=0.005808 cplexSolveSec=0.001699
    [CG]   [DIAG] iter=1 posCols=23 newCols=23 effImprove=23 updated=0
    [CG]   [DIAG] iter=2 posCols=17 newCols=17 effImprove=17 updated=0
      [BB] 根节点即为整数解，obj=173937521.662554
    [CG] CG iter 1: obj=143225123.813211, maxRC=59518396.834624, +23 cols
      [BB] 根节点即为整数解，obj=173914715.691468
    [CG] CG iter 2: obj=160625608.872653, maxRC=10623093.295121, +17 cols
    [CG]   [DIAG] iter=1 posCols=23 newCols=23 effImprove=23 updated=0
    [CG]   [DIAG] iter=2 posCols=17 newCols=17 effImprove=17 updated=0
    [CG] CG iter 2: obj=160623181.214351, maxRC=10627654.254516, +17 cols
    [CG]   [DIAG] iter=2 posCols=17 newCols=17 effImprove=17 updated=0
    [CG] CG iter 3: obj=167019769.711640, maxRC=6255359.290563, +12 cols
    [CG]   [DIAG] iter=3 posCols=12 newCols=12 effImprove=12 updated=0
    [CG] CG iter 2: obj=160625574.607804, maxRC=10623108.740747, +17 cols
    [CG]   [DIAG] iter=2 posCols=17 newCols=17 effImprove=17 updated=0
    [CG] CG iter 4: obj=169718057.998092, maxRC=4143885.163014, +5 cols
    [CG]   [DIAG] iter=4 posCols=5 newCols=5 effImprove=5 updated=0
    [CG] CG iter 3: obj=167019791.002628, maxRC=6255353.321340, +12 cols
    [CG]   [DIAG] iter=3 posCols=12 newCols=12 effImprove=12 updated=0
    [CG] CG iter 3: obj=167015537.669081, maxRC=6254730.173684, +12 cols
    [CG] CG iter 2: obj=160615637.343447, maxRC=10623507.757418, +17 cols
    [CG]   [DIAG] iter=3 posCols=12 newCols=12 effImprove=12 updated=0
    [CG]   [DIAG] iter=2 posCols=17 newCols=17 effImprove=17 updated=0
    [CG] 列生成收敛，共 5 轮迭代
    [CG] [CG-NODE] depth=0 exit=CERTIFIED certified=1 feasible=1 iters=5 generatedColsBeforeNode=0 newCols=57 posCandidates=57 duplicateCandidates=0 updatedCols=0 zeroObjImproveIters=0 objFirst=143230628.604740 objLast=173936455.279075 objGain=30705826.674334 maxRC=59517934.237008 wallSec=0.011160 pricingSec=0.007453 cplexSolveSec=0.001940
    [CG] CG iter 1: obj=143190720.517629, maxRC=59518310.986239, +23 cols
      [BB] 根节点即为整数解，obj=173936455.279075
    [CG]   [DIAG] iter=1 posCols=23 newCols=23 effImprove=23 updated=0
    [CG] CG iter 4: obj=169718100.580067, maxRC=4143900.783047, +5 cols
    [CG]   [DIAG] iter=4 posCols=5 newCols=5 effImprove=5 updated=0
    [CG] CG iter 4: obj=169714619.104113, maxRC=4142544.992211, +5 cols
    [CG]   [DIAG] iter=4 posCols=5 newCols=5 effImprove=5 updated=0
    [CG] CG iter 3: obj=166974922.020459, maxRC=6274424.215793, +11 cols
    [CG] 列生成开始，初始列数=128
    [CG]   [DIAG] iter=3 posCols=11 newCols=11 effImprove=11 updated=0
    [CG] 列生成收敛，共 5 轮迭代
    [CG] [CG-NODE] depth=0 exit=CERTIFIED certified=1 feasible=1 iters=5 generatedColsBeforeNode=0 newCols=57 posCandidates=57 duplicateCandidates=0 updatedCols=0 zeroObjImproveIters=0 objFirst=143235293.164343 objLast=173936497.861050 objGain=30701204.696707 maxRC=59517934.237008 wallSec=0.011801 pricingSec=0.007718 cplexSolveSec=0.002253
    [CG] CG iter 3: obj=167009910.039250, maxRC=6255320.370620, +12 cols
    [CG] 列生成收敛，共 5 轮迭代
    [CG] [CG-NODE] depth=0 exit=CERTIFIED certified=1 feasible=1 iters=5 generatedColsBeforeNode=0 newCols=57 posCandidates=57 duplicateCandidates=0 updatedCols=0 zeroObjImproveIters=0 objFirst=143226489.156268 objLast=173931784.032899 objGain=30705294.876631 maxRC=59518391.782927 wallSec=0.011925 pricingSec=0.007921 cplexSolveSec=0.002186
    [CG]   [DIAG] iter=3 posCols=12 newCols=12 effImprove=12 updated=0
    [CG] 列生成开始，初始列数=128
      [BB] 根节点即为整数解，obj=173936497.861050
      [BB] 根节点即为整数解，obj=173931784.032899
    [CG] CG iter 4: obj=169628406.751115, maxRC=4102430.828761, +5 cols
    [CG]   [DIAG] iter=4 posCols=5 newCols=5 effImprove=5 updated=0
    [CG] CG iter 2: obj=160586194.597480, maxRC=10624353.467164, +17 cols
    [CG] CG iter 4: obj=169708361.223273, maxRC=4143762.578554, +5 cols
    [CG]   [DIAG] iter=4 posCols=5 newCols=5 effImprove=5 updated=0
    [CG]   [DIAG] iter=2 posCols=17 newCols=17 effImprove=17 updated=0
    [CG] 列生成收敛，共 5 轮迭代
    [CG] [CG-NODE] depth=0 exit=CERTIFIED certified=1 feasible=1 iters=5 generatedColsBeforeNode=0 newCols=56 posCandidates=56 duplicateCandidates=0 updatedCols=0 zeroObjImproveIters=0 objFirst=143145397.908263 objLast=173846802.847075 objGain=30701404.938812 maxRC=59517934.237008 wallSec=0.012931 pricingSec=0.008628 cplexSolveSec=0.002369
      [BB] 根节点即为整数解，obj=173846802.847075
    [CG] 列生成收敛，共 5 轮迭代
    [CG] [CG-NODE] depth=0 exit=CERTIFIED certified=1 feasible=1 iters=5 generatedColsBeforeNode=0 newCols=57 posCandidates=57 duplicateCandidates=0 updatedCols=0 zeroObjImproveIters=0 objFirst=143225123.813211 objLast=173926745.350637 objGain=30701621.537426 maxRC=59518396.834624 wallSec=0.013289 pricingSec=0.008874 cplexSolveSec=0.002469
    [CG] 列生成开始，初始列数=128
      [BB] 根节点即为整数解，obj=173926745.350637
    [CG] 列生成开始，初始列数=128
    [CG] 列生成开始，初始列数=128
    [CG] CG iter 3: obj=166980087.831848, maxRC=6255178.463460, +12 cols
    [CG]   [DIAG] iter=3 posCols=12 newCols=12 effImprove=12 updated=0
    [CG] 列生成开始，初始列数=128
    [CG] CG iter 4: obj=169678637.644198, maxRC=4143566.620326, +5 cols
    [CG]   [DIAG] iter=4 posCols=5 newCols=5 effImprove=5 updated=0
    [CG] 列生成开始，初始列数=128
    [CG] 列生成收敛，共 5 轮迭代
    [CG] [CG-NODE] depth=0 exit=CERTIFIED certified=1 feasible=1 iters=5 generatedColsBeforeNode=0 newCols=57 posCandidates=57 duplicateCandidates=0 updatedCols=0 zeroObjImproveIters=0 objFirst=143190720.517629 objLast=173896795.304854 objGain=30706074.787225 maxRC=59518310.986239 wallSec=0.016831 pricingSec=0.011338 cplexSolveSec=0.003082
      [BB] 根节点即为整数解，obj=173896795.304854
    [CG] CG iter 1: obj=143169611.346951, maxRC=59519752.128890, +23 cols
    [CG] 列生成开始，初始列数=128
    [CG]   [DIAG] iter=1 posCols=23 newCols=23 effImprove=23 updated=0
    [CG] CG iter 2: obj=160626615.638099, maxRC=10623457.928415, +17 cols
    [CG]   [DIAG] iter=2 posCols=17 newCols=17 effImprove=17 updated=0
    [CG] CG iter 1: obj=143235607.618946, maxRC=59517934.237008, +23 cols
    [CG]   [DIAG] iter=1 posCols=23 newCols=23 effImprove=23 updated=0
    [CG] CG iter 3: obj=167020791.710106, maxRC=6255310.844590, +12 cols
    [CG]   [DIAG] iter=3 posCols=12 newCols=12 effImprove=12 updated=0
    [CG] CG iter 1: obj=143258509.686395, maxRC=59519752.131033, +23 cols
    [CG] CG iter 4: obj=169719058.810795, maxRC=4143746.470354, +5 cols
    [CG]   [DIAG] iter=4 posCols=5 newCols=5 effImprove=5 updated=0
    [CG]   [DIAG] iter=1 posCols=23 newCols=23 effImprove=23 updated=0
    [CG] 列生成收敛，共 5 轮迭代
    [CG] CG iter 2: obj=160625615.195069, maxRC=10623094.000867, +17 cols
    [CG] [CG-NODE] depth=0 exit=CERTIFIED certified=1 feasible=1 iters=5 generatedColsBeforeNode=0 newCols=57 posCandidates=57 duplicateCandidates=0 updatedCols=0 zeroObjImproveIters=0 objFirst=143169611.346951 objLast=173937467.374680 objGain=30767856.027729 maxRC=59519752.128890 wallSec=0.008468 pricingSec=0.005472 cplexSolveSec=0.001551
    [CG]   [DIAG] iter=2 posCols=17 newCols=17 effImprove=17 updated=0
      [BB] 根节点即为整数解，obj=173937467.374680
    [CG] CG iter 1: obj=143232395.474036, maxRC=59512429.810681, +23 cols
    [CG]   [DIAG] iter=1 posCols=23 newCols=23 effImprove=23 updated=0
    [CG] CG iter 2: obj=160626615.705101, maxRC=10623458.634161, +17 cols
    [CG]   [DIAG] iter=2 posCols=17 newCols=17 effImprove=17 updated=0
    [CG] CG iter 3: obj=167019958.457770, maxRC=6255344.274452, +12 cols
    [CG]   [DIAG] iter=3 posCols=12 newCols=12 effImprove=12 updated=0
    [CG] CG iter 1: obj=143208415.655858, maxRC=59518310.986239, +23 cols
    [CG] CG iter 3: obj=167020955.310499, maxRC=6255304.239386, +12 cols
    [CG]   [DIAG] iter=1 posCols=23 newCols=23 effImprove=23 updated=0
    [CG] CG iter 4: obj=169718428.578767, maxRC=4143985.387745, +5 cols
    [CG]   [DIAG] iter=4 posCols=5 newCols=5 effImprove=5 updated=0
    [CG]   [DIAG] iter=3 posCols=12 newCols=12 effImprove=12 updated=0
    [CG] CG iter 1: obj=143168701.593499, maxRC=59519752.128890, +23 cols
    [CG]   [DIAG] iter=1 posCols=23 newCols=23 effImprove=23 updated=0
    [CG] CG iter 1: obj=143230895.044281, maxRC=59517934.237008, +23 cols
    [CG] 列生成收敛，共 5 轮迭代
    [CG] [CG-NODE] depth=0 exit=CERTIFIED certified=1 feasible=1 iters=5 generatedColsBeforeNode=0 newCols=57 posCandidates=57 duplicateCandidates=0 updatedCols=0 zeroObjImproveIters=0 objFirst=143235607.618946 objLast=173936819.652229 objGain=30701212.033283 maxRC=59517934.237008 wallSec=0.010518 pricingSec=0.007006 cplexSolveSec=0.001928
    [CG] 列生成开始，初始列数=128
    [CG] CG iter 2: obj=160606415.443044, maxRC=10618421.770690, +17 cols
      [BB] 根节点即为整数解，obj=173936819.652229
    [CG] CG iter 4: obj=169719385.396430, maxRC=4143833.964977, +5 cols
    [CG]   [DIAG] iter=4 posCols=5 newCols=5 effImprove=5 updated=0
    [CG]   [DIAG] iter=1 posCols=23 newCols=23 effImprove=23 updated=0
    [CG]   [DIAG] iter=2 posCols=17 newCols=17 effImprove=17 updated=0
    [CG] 列生成收敛，共 5 轮迭代
    [CG] [CG-NODE] depth=0 exit=CERTIFIED certified=1 feasible=1 iters=5 generatedColsBeforeNode=0 newCols=57 posCandidates=57 duplicateCandidates=0 updatedCols=0 zeroObjImproveIters=0 objFirst=143258509.686395 objLast=173937785.610826 objGain=30679275.924431 maxRC=59519752.131033 wallSec=0.012513 pricingSec=0.007928 cplexSolveSec=0.002361
      [BB] 根节点即为整数解，obj=173937785.610826
    [CG] CG iter 2: obj=160625768.047790, maxRC=10623457.928415, +17 cols
    [CG]   [DIAG] iter=2 posCols=17 newCols=17 effImprove=17 updated=0
    [CG] CG iter 2: obj=160622570.764474, maxRC=10628279.470121, +17 cols
    [CG] CG iter 2: obj=160625539.330756, maxRC=10623115.345655, +17 cols
    [CG]   [DIAG] iter=2 posCols=17 newCols=17 effImprove=17 updated=0
    [CG]   [DIAG] iter=2 posCols=17 newCols=17 effImprove=17 updated=0
    [CG] CG iter 3: obj=167001453.299852, maxRC=6256040.147058, +12 cols
    [CG]   [DIAG] iter=3 posCols=12 newCols=12 effImprove=12 updated=0
    [CG] 列生成开始，初始列数=128
    [CG] CG iter 1: obj=143145235.996535, maxRC=59517934.237008, +23 cols
    [CG]   [DIAG] iter=1 posCols=23 newCols=23 effImprove=23 updated=0
    [CG] CG iter 3: obj=167019880.569695, maxRC=6255309.457631, +12 cols
    [CG]   [DIAG] iter=3 posCols=12 newCols=12 effImprove=12 updated=0
    [CG] CG iter 3: obj=167019861.431371, maxRC=6255344.774026, +12 cols
    [CG]   [DIAG] iter=3 posCols=12 newCols=12 effImprove=12 updated=0
    [CG] 列生成开始，初始列数=128
    [CG] CG iter 3: obj=167003513.515727, maxRC=6259137.310177, +12 cols
    [CG]   [DIAG] iter=3 posCols=12 newCols=12 effImprove=12 updated=0
    [CG] CG iter 4: obj=169700620.123449, maxRC=4147178.997684, +5 cols
    [CG] CG iter 4: obj=169718146.283425, maxRC=4143704.338266, +5 cols
    [CG]   [DIAG] iter=4 posCols=5 newCols=5 effImprove=5 updated=0
    [CG]   [DIAG] iter=4 posCols=5 newCols=5 effImprove=5 updated=0
    [CG] CG iter 4: obj=169718337.018801, maxRC=4143961.468505, +5 cols
    [CG] CG iter 2: obj=160625512.366107, maxRC=10623161.682533, +17 cols
    [CG]   [DIAG] iter=4 posCols=5 newCols=5 effImprove=5 updated=0
    [CG]   [DIAG] iter=2 posCols=17 newCols=17 effImprove=17 updated=0
    [CG] 列生成收敛，共 5 轮迭代
    [CG] [CG-NODE] depth=0 exit=CERTIFIED certified=1 feasible=1 iters=5 generatedColsBeforeNode=0 newCols=57 posCandidates=57 duplicateCandidates=0 updatedCols=0 zeroObjImproveIters=0 objFirst=143168701.593499 objLast=173936557.518420 objGain=30767855.924922 maxRC=59519752.128890 wallSec=0.012868 pricingSec=0.009018 cplexSolveSec=0.002118
    [CG] 列生成收敛，共 5 轮迭代
    [CG] [CG-NODE] depth=0 exit=CERTIFIED certified=1 feasible=1 iters=5 generatedColsBeforeNode=0 newCols=57 posCandidates=57 duplicateCandidates=0 updatedCols=0 zeroObjImproveIters=0 objFirst=143230895.044281 objLast=173936723.932041 objGain=30705828.887760 maxRC=59517934.237008 wallSec=0.012184 pricingSec=0.008127 cplexSolveSec=0.002119
      [BB] 根节点即为整数解，obj=173936557.518420
    [CG] 列生成收敛，共 5 轮迭代
    [CG] [CG-NODE] depth=0 exit=CERTIFIED certified=1 feasible=1 iters=5 generatedColsBeforeNode=0 newCols=57 posCandidates=57 duplicateCandidates=0 updatedCols=0 zeroObjImproveIters=0 objFirst=143232395.474036 objLast=173919425.470024 objGain=30687029.995988 maxRC=59512429.810681 wallSec=0.017667 pricingSec=0.012199 cplexSolveSec=0.003106
      [BB] 根节点即为整数解，obj=173936723.932041
    [CG] CG iter 4: obj=169691551.049795, maxRC=4132393.823935, +5 cols
    [CG]   [DIAG] iter=4 posCols=5 newCols=5 effImprove=5 updated=0
      [BB] 根节点即为整数解，obj=173919425.470024
    [CG] CG iter 3: obj=167019655.811113, maxRC=6255343.783354, +12 cols
    [CG]   [DIAG] iter=3 posCols=12 newCols=12 effImprove=12 updated=0
    [CG] 列生成收敛，共 5 轮迭代
    [CG] [CG-NODE] depth=0 exit=CERTIFIED certified=1 feasible=1 iters=5 generatedColsBeforeNode=0 newCols=57 posCandidates=57 duplicateCandidates=0 updatedCols=0 zeroObjImproveIters=0 objFirst=143208415.655858 objLast=173908531.699625 objGain=30700116.043767 maxRC=59518310.986239 wallSec=0.018118 pricingSec=0.012475 cplexSolveSec=0.003055
      [BB] 根节点即为整数解，obj=173908531.699625
    [CG] CG iter 4: obj=169717969.773377, maxRC=4143886.860236, +5 cols
    [CG]   [DIAG] iter=4 posCols=5 newCols=5 effImprove=5 updated=0
    [CG] 列生成收敛，共 5 轮迭代
    [CG] [CG-NODE] depth=0 exit=CERTIFIED certified=1 feasible=1 iters=5 generatedColsBeforeNode=0 newCols=57 posCandidates=57 duplicateCandidates=0 updatedCols=0 zeroObjImproveIters=0 objFirst=143145235.996535 objLast=173936353.131549 objGain=30791117.135014 maxRC=59517934.237008 wallSec=0.011054 pricingSec=0.007488 cplexSolveSec=0.001905
      [BB] 根节点即为整数解，obj=173936353.131549
    [CG] 列生成开始，初始列数=128
    [CG] CG iter 1: obj=143258063.824559, maxRC=59519563.220823, +23 cols
    [CG]   [DIAG] iter=1 posCols=23 newCols=23 effImprove=23 updated=0
    [CG] 列生成开始，初始列数=128
    [CG] CG iter 2: obj=160626074.960030, maxRC=10623294.934599, +17 cols
    [CG]   [DIAG] iter=2 posCols=17 newCols=17 effImprove=17 updated=0
    [CG] 列生成开始，初始列数=128
    [CG] CG iter 1: obj=143259857.492119, maxRC=59519752.131033, +23 cols
    [CG]   [DIAG] iter=1 posCols=23 newCols=23 effImprove=23 updated=0
    [CG] CG iter 3: obj=167020333.397643, maxRC=6255312.801109, +12 cols
    [CG]   [DIAG] iter=3 posCols=12 newCols=12 effImprove=12 updated=0
    [CG] CG iter 4: obj=169718737.945894, maxRC=4143852.235238, +5 cols
    [CG]   [DIAG] iter=4 posCols=5 newCols=5 effImprove=5 updated=0
    [CG] CG iter 1: obj=143210596.448453, maxRC=59517934.237008, +23 cols
    [CG] CG iter 2: obj=160626615.820695, maxRC=10623458.634161, +17 cols
    [CG]   [DIAG] iter=2 posCols=17 newCols=17 effImprove=17 updated=0
    [CG] 列生成收敛，共 5 轮迭代
    [CG] [CG-NODE] depth=0 exit=CERTIFIED certified=1 feasible=1 iters=5 generatedColsBeforeNode=0 newCols=57 posCandidates=57 duplicateCandidates=0 updatedCols=0 zeroObjImproveIters=0 objFirst=143258063.824559 objLast=173937124.695825 objGain=30679060.871265 maxRC=59519563.220823 wallSec=0.007119 pricingSec=0.004582 cplexSolveSec=0.001328
    [CG]   [DIAG] iter=1 posCols=23 newCols=23 effImprove=23 updated=0
      [BB] 根节点即为整数解，obj=173937124.695825
    [CG] CG iter 3: obj=167020953.025426, maxRC=6255301.797702, +12 cols
    [CG]   [DIAG] iter=3 posCols=12 newCols=12 effImprove=12 updated=0
    [CG] CG iter 4: obj=169719380.669674, maxRC=4143831.075052, +5 cols
    [CG]   [DIAG] iter=4 posCols=5 newCols=5 effImprove=5 updated=0
    [CG] CG iter 2: obj=160625621.300473, maxRC=10623115.345655, +17 cols
    [CG]   [DIAG] iter=2 posCols=17 newCols=17 effImprove=17 updated=0
    [CG] 列生成收敛，共 5 轮迭代
    [CG] [CG-NODE] depth=0 exit=CERTIFIED certified=1 feasible=1 iters=5 generatedColsBeforeNode=0 newCols=57 posCandidates=57 duplicateCandidates=0 updatedCols=0 zeroObjImproveIters=0 objFirst=143259857.492119 objLast=173937783.026038 objGain=30677925.533919 maxRC=59519752.131033 wallSec=0.007700 pricingSec=0.005120 cplexSolveSec=0.001396
      [BB] 根节点即为整数解，obj=173937783.026038
    [CG] CG iter 3: obj=167019797.358924, maxRC=6255350.340255, +12 cols
    [CG]   [DIAG] iter=3 posCols=12 newCols=12 effImprove=12 updated=0
    [CG] CG iter 1: obj=143177077.866592, maxRC=59510988.668030, +23 cols
    [CG]   [DIAG] iter=1 posCols=23 newCols=23 effImprove=23 updated=0
    [CG] CG iter 4: obj=169718114.323020, maxRC=4143890.415304, +5 cols
    [CG]   [DIAG] iter=4 posCols=5 newCols=5 effImprove=5 updated=0
    [CG] CG iter 2: obj=160605977.952360, maxRC=10619316.603693, +17 cols
    [CG]   [DIAG] iter=2 posCols=17 newCols=17 effImprove=17 updated=0
    [CG] 列生成收敛，共 5 轮迭代
    [CG] [CG-NODE] depth=0 exit=CERTIFIED certified=1 feasible=1 iters=5 generatedColsBeforeNode=0 newCols=57 posCandidates=57 duplicateCandidates=0 updatedCols=0 zeroObjImproveIters=0 objFirst=143210596.448453 objLast=173936501.236261 objGain=30725904.787807 maxRC=59517934.237008 wallSec=0.013757 pricingSec=0.009442 cplexSolveSec=0.002441
      [BB] 根节点即为整数解，obj=173936501.236261
    [CG] CG iter 3: obj=167000417.854450, maxRC=6256036.986660, +12 cols
    [CG]   [DIAG] iter=3 posCols=12 newCols=12 effImprove=12 updated=0
    [CG] CG iter 4: obj=169699826.190001, maxRC=4146872.579433, +5 cols
    [CG]   [DIAG] iter=4 posCols=5 newCols=5 effImprove=5 updated=0
    [CG] 列生成收敛，共 5 轮迭代
    [CG] [CG-NODE] depth=0 exit=CERTIFIED certified=1 feasible=1 iters=5 generatedColsBeforeNode=0 newCols=57 posCandidates=57 duplicateCandidates=0 updatedCols=0 zeroObjImproveIters=0 objFirst=143177077.866592 objLast=173918383.968634 objGain=30741306.102041 maxRC=59510988.668030 wallSec=0.008645 pricingSec=0.005805 cplexSolveSec=0.001501
      [BB] 根节点即为整数解，obj=173918383.968634
    [CG] CG iter 1: obj=143031139.137614, maxRC=59518122.122120, +23 cols
    [CG]   [DIAG] iter=1 posCols=23 newCols=23 effImprove=23 updated=0
    [CG] CG iter 2: obj=160481127.760605, maxRC=10623457.808547, +17 cols
    [CG]   [DIAG] iter=2 posCols=17 newCols=17 effImprove=17 updated=0
    [CG] CG iter 3: obj=166807156.473740, maxRC=6235408.156221, +12 cols
    [CG]   [DIAG] iter=3 posCols=12 newCols=12 effImprove=12 updated=0
    [CG] CG iter 1: obj=143197060.546158, maxRC=59519752.128890, +23 cols
    [CG]   [DIAG] iter=1 posCols=23 newCols=23 effImprove=23 updated=0
    [CG] CG iter 4: obj=169470036.456133, maxRC=4083182.222828, +5 cols
    [CG]   [DIAG] iter=4 posCols=5 newCols=5 effImprove=5 updated=0
    [CG] 列生成收敛，共 5 轮迭代
    [CG] [CG-NODE] depth=0 exit=CERTIFIED certified=1 feasible=1 iters=5 generatedColsBeforeNode=0 newCols=57 posCandidates=57 duplicateCandidates=0 updatedCols=0 zeroObjImproveIters=0 objFirst=143031139.137614 objLast=173709313.437351 objGain=30678174.299737 maxRC=59518122.122120 wallSec=0.014825 pricingSec=0.010067 cplexSolveSec=0.002581
      [BB] 根节点即为整数解，obj=173709313.437351
    [CG] CG iter 2: obj=160566784.362370, maxRC=10623458.634161, +17 cols
    [CG]   [DIAG] iter=2 posCols=17 newCols=17 effImprove=17 updated=0
    [CG] CG iter 3: obj=166960679.491808, maxRC=6255712.746444, +12 cols
    [CG]   [DIAG] iter=3 posCols=12 newCols=12 effImprove=12 updated=0
    [CG] CG iter 4: obj=169659518.914791, maxRC=4143830.906489, +5 cols
    [CG]   [DIAG] iter=4 posCols=5 newCols=5 effImprove=5 updated=0
    [CG] 列生成收敛，共 5 轮迭代
    [CG] [CG-NODE] depth=0 exit=CERTIFIED certified=1 feasible=1 iters=5 generatedColsBeforeNode=0 newCols=57 posCandidates=57 duplicateCandidates=0 updatedCols=0 zeroObjImproveIters=0 objFirst=143197060.546158 objLast=173877926.814500 objGain=30680866.268342 maxRC=59519752.128890 wallSec=0.018933 pricingSec=0.012891 cplexSolveSec=0.003343
      [BB] 根节点即为整数解，obj=173877926.814500
[GA] 代数 9: Best=173966671.30, Avg=173945422.19, Worst=173738199.12, Valid=30/30, 耗时=0.05s (连续9代未提升)
  ├─ 求解: 30 个体 fork 并行 | CG迭代=110 加列=1253 BB分支=0
  ├─ 并行墙钟=0.0500s | 串行等效(ΣBP)=0.2751s | 加速比=5.50x
  ├─ 管理开销=-0.2251s (fork=0.0033 wait=0.0464 merge=0.0003)
  └─ CG明细: gen_logs/run_gen9_ind{0..29}.log
    [CG] 列生成开始，初始列数=128
    [CG] 列生成开始，初始列数=128
    [CG] 列生成开始，初始列数=128
    [CG] 列生成开始，初始列数=128
    [CG] 列生成开始，初始列数=128
    [CG] 列生成开始，初始列数=128
    [CG] 列生成开始，初始列数=128
    [CG] 列生成开始，初始列数=128
    [CG] CG iter 1: obj=143235774.166323, maxRC=59518310.986239, +23 cols
    [CG] CG iter 1: obj=143237760.058076, maxRC=59512429.810681, +23 cols
    [CG]   [DIAG] iter=1 posCols=23 newCols=23 effImprove=23 updated=0
    [CG]   [DIAG] iter=1 posCols=23 newCols=23 effImprove=23 updated=0
    [CG] CG iter 1: obj=143220438.125450, maxRC=59518396.834624, +23 cols
    [CG]   [DIAG] iter=1 posCols=23 newCols=23 effImprove=23 updated=0
    [CG] CG iter 2: obj=160626241.972421, maxRC=10623458.634161, +17 cols
    [CG] CG iter 2: obj=160610989.914409, maxRC=10618421.770690, +17 cols
    [CG]   [DIAG] iter=2 posCols=17 newCols=17 effImprove=17 updated=0
    [CG]   [DIAG] iter=2 posCols=17 newCols=17 effImprove=17 updated=0
    [CG] CG iter 2: obj=160615637.343447, maxRC=10623507.757418, +17 cols
    [CG]   [DIAG] iter=2 posCols=17 newCols=17 effImprove=17 updated=0
    [CG] CG iter 3: obj=167006390.359024, maxRC=6255612.622190, +12 cols
    [CG] CG iter 3: obj=167020479.074674, maxRC=6255285.175967, +12 cols
    [CG]   [DIAG] iter=3 posCols=12 newCols=12 effImprove=12 updated=0
    [CG]   [DIAG] iter=3 posCols=12 newCols=12 effImprove=12 updated=0
    [CG] CG iter 3: obj=167009878.184183, maxRC=6255306.616498, +12 cols
    [CG]   [DIAG] iter=3 posCols=12 newCols=12 effImprove=12 updated=0
    [CG] CG iter 4: obj=169705129.657753, maxRC=4147136.865596, +5 cols
    [CG]   [DIAG] iter=4 posCols=5 newCols=5 effImprove=5 updated=0
    [CG] CG iter 4: obj=169718890.097186, maxRC=4143756.808101, +5 cols
    [CG]   [DIAG] iter=4 posCols=5 newCols=5 effImprove=5 updated=0
    [CG] 列生成收敛，共 5 轮迭代
    [CG] [CG-NODE] depth=0 exit=CERTIFIED certified=1 feasible=1 iters=5 generatedColsBeforeNode=0 newCols=57 posCandidates=57 duplicateCandidates=0 updatedCols=0 zeroObjImproveIters=0 objFirst=143237760.058076 objLast=173923937.675438 objGain=30686177.617362 maxRC=59512429.810681 wallSec=0.008259 pricingSec=0.005503 cplexSolveSec=0.001512
    [CG] 列生成收敛，共 5 轮迭代
    [CG] [CG-NODE] depth=0 exit=CERTIFIED certified=1 feasible=1 iters=5 generatedColsBeforeNode=0 newCols=57 posCandidates=57 duplicateCandidates=0 updatedCols=0 zeroObjImproveIters=0 objFirst=143235774.166323 objLast=173937308.558336 objGain=30701534.392013 maxRC=59518310.986239 wallSec=0.008471 pricingSec=0.005703 cplexSolveSec=0.001535
    [CG] CG iter 4: obj=169708297.513139, maxRC=4143769.138382, +5 cols
    [CG]   [DIAG] iter=4 posCols=5 newCols=5 effImprove=5 updated=0
      [BB] 根节点即为整数解，obj=173923937.675438
      [BB] 根节点即为整数解，obj=173937308.558336
    [CG] CG iter 1: obj=143138939.935222, maxRC=59517544.886099, +23 cols
    [CG] 列生成收敛，共 5 轮迭代
    [CG]   [DIAG] iter=1 posCols=23 newCols=23 effImprove=23 updated=0
    [CG] [CG-NODE] depth=0 exit=CERTIFIED certified=1 feasible=1 iters=5 generatedColsBeforeNode=0 newCols=57 posCandidates=57 duplicateCandidates=0 updatedCols=0 zeroObjImproveIters=0 objFirst=143220438.125450 objLast=173926681.640503 objGain=30706243.515053 maxRC=59518396.834624 wallSec=0.008466 pricingSec=0.005646 cplexSolveSec=0.001533
      [BB] 根节点即为整数解，obj=173926681.640503
    [CG] CG iter 1: obj=143231477.336304, maxRC=59519766.154613, +23 cols
    [CG]   [DIAG] iter=1 posCols=23 newCols=23 effImprove=23 updated=0
    [CG] CG iter 2: obj=160625615.012473, maxRC=10623093.295121, +17 cols
    [CG]   [DIAG] iter=2 posCols=17 newCols=17 effImprove=17 updated=0
    [CG] CG iter 2: obj=160621744.657646, maxRC=10623464.573564, +17 cols
    [CG]   [DIAG] iter=2 posCols=17 newCols=17 effImprove=17 updated=0
    [CG] 列生成开始，初始列数=128
    [CG] CG iter 1: obj=143254055.091622, maxRC=59519752.128890, +23 cols
    [CG] 列生成开始，初始列数=128
    [CG]   [DIAG] iter=1 posCols=23 newCols=23 effImprove=23 updated=0
    [CG] CG iter 3: obj=167019797.142449, maxRC=6255353.321340, +12 cols
    [CG]   [DIAG] iter=3 posCols=12 newCols=12 effImprove=12 updated=0
    [CG] 列生成开始，初始列数=128
    [CG] CG iter 4: obj=169718106.719888, maxRC=4143900.783047, +5 cols
    [CG] CG iter 3: obj=167004328.800457, maxRC=6260297.381893, +12 cols
    [CG]   [DIAG] iter=4 posCols=5 newCols=5 effImprove=5 updated=0
    [CG]   [DIAG] iter=3 posCols=12 newCols=12 effImprove=12 updated=0
    [CG] CG iter 2: obj=160626571.026747, maxRC=10623458.634161, +17 cols
    [CG]   [DIAG] iter=2 posCols=17 newCols=17 effImprove=17 updated=0
    [CG] CG iter 1: obj=143235518.037026, maxRC=59517934.237008, +23 cols
    [CG] 列生成收敛，共 5 轮迭代
    [CG] [CG-NODE] depth=0 exit=CERTIFIED certified=1 feasible=1 iters=5 generatedColsBeforeNode=0 newCols=57 posCandidates=57 duplicateCandidates=0 updatedCols=0 zeroObjImproveIters=0 objFirst=143138939.935222 objLast=173936504.000871 objGain=30797564.065649 maxRC=59517544.886099 wallSec=0.012808 pricingSec=0.008444 cplexSolveSec=0.002476
    [CG]   [DIAG] iter=1 posCols=23 newCols=23 effImprove=23 updated=0
    [CG] CG iter 1: obj=143234752.400297, maxRC=59516947.177860, +23 cols
      [BB] 根节点即为整数解，obj=173936504.000871
    [CG]   [DIAG] iter=1 posCols=23 newCols=23 effImprove=23 updated=0
    [CG] CG iter 4: obj=169691847.917725, maxRC=4133651.106824, +5 cols
    [CG]   [DIAG] iter=4 posCols=5 newCols=5 effImprove=5 updated=0
    [CG] CG iter 3: obj=167018027.892965, maxRC=6256347.832735, +12 cols
    [CG]   [DIAG] iter=3 posCols=12 newCols=12 effImprove=12 updated=0
    [CG] 列生成收敛，共 5 轮迭代
    [CG] [CG-NODE] depth=0 exit=CERTIFIED certified=1 feasible=1 iters=5 generatedColsBeforeNode=0 newCols=57 posCandidates=57 duplicateCandidates=0 updatedCols=0 zeroObjImproveIters=0 objFirst=143231477.336304 objLast=173910253.940404 objGain=30678776.604100 maxRC=59519766.154613 wallSec=0.014583 pricingSec=0.009611 cplexSolveSec=0.002875
      [BB] 根节点即为整数解，obj=173910253.940404
    [CG] CG iter 2: obj=160625539.683862, maxRC=10623099.633368, +17 cols
    [CG]   [DIAG] iter=2 posCols=17 newCols=17 effImprove=17 updated=0
    [CG] CG iter 2: obj=160623772.917272, maxRC=10622400.890834, +17 cols
    [CG] CG iter 4: obj=169713582.746772, maxRC=4141393.880299, +5 cols
    [CG]   [DIAG] iter=4 posCols=5 newCols=5 effImprove=5 updated=0
    [CG]   [DIAG] iter=2 posCols=17 newCols=17 effImprove=17 updated=0
    [CG] 列生成开始，初始列数=128
    [CG] 列生成收敛，共 5 轮迭代
    [CG] [CG-NODE] depth=0 exit=CERTIFIED certified=1 feasible=1 iters=5 generatedColsBeforeNode=0 newCols=57 posCandidates=57 duplicateCandidates=0 updatedCols=0 zeroObjImproveIters=0 objFirst=143254055.091622 objLast=173931990.646480 objGain=30677935.554858 maxRC=59519752.128890 wallSec=0.015720 pricingSec=0.010641 cplexSolveSec=0.002856
      [BB] 根节点即为整数解，obj=173931990.646480
    [CG] CG iter 3: obj=167019866.938074, maxRC=6255346.910408, +12 cols
    [CG]   [DIAG] iter=3 posCols=12 newCols=12 effImprove=12 updated=0
    [CG] CG iter 3: obj=167018263.154530, maxRC=6255391.843065, +12 cols
    [CG] 列生成开始，初始列数=128
    [CG]   [DIAG] iter=3 posCols=12 newCols=12 effImprove=12 updated=0
    [CG] CG iter 4: obj=169718338.033919, maxRC=4143968.096472, +5 cols
    [CG]   [DIAG] iter=4 posCols=5 newCols=5 effImprove=5 updated=0
    [CG] CG iter 4: obj=169716780.844141, maxRC=4144434.309527, +5 cols
    [CG]   [DIAG] iter=4 posCols=5 newCols=5 effImprove=5 updated=0
    [CG] 列生成开始，初始列数=128
    [CG] 列生成收敛，共 5 轮迭代
    [CG] [CG-NODE] depth=0 exit=CERTIFIED certified=1 feasible=1 iters=5 generatedColsBeforeNode=0 newCols=57 posCandidates=57 duplicateCandidates=0 updatedCols=0 zeroObjImproveIters=0 objFirst=143235518.037026 objLast=173936731.575126 objGain=30701213.538100 maxRC=59517934.237008 wallSec=0.018721 pricingSec=0.012771 cplexSolveSec=0.003320
      [BB] 根节点即为整数解，obj=173936731.575126
    [CG] 列生成收敛，共 5 轮迭代
    [CG] [CG-NODE] depth=0 exit=CERTIFIED certified=1 feasible=1 iters=5 generatedColsBeforeNode=0 newCols=57 posCandidates=57 duplicateCandidates=0 updatedCols=0 zeroObjImproveIters=0 objFirst=143234752.400297 objLast=173935221.241947 objGain=30700468.841650 maxRC=59516947.177860 wallSec=0.018865 pricingSec=0.012756 cplexSolveSec=0.003422
      [BB] 根节点即为整数解，obj=173935221.241947
    [CG] CG iter 1: obj=143042844.171586, maxRC=59519375.379659, +23 cols
    [CG]   [DIAG] iter=1 posCols=23 newCols=23 effImprove=23 updated=0
    [CG] CG iter 1: obj=143071323.760249, maxRC=59519752.128890, +23 cols
    [CG]   [DIAG] iter=1 posCols=23 newCols=23 effImprove=23 updated=0
    [CG] 列生成开始，初始列数=128
    [CG] CG iter 2: obj=160522654.025481, maxRC=10623093.295121, +17 cols
    [CG] 列生成开始，初始列数=128
    [CG]   [DIAG] iter=2 posCols=17 newCols=17 effImprove=17 updated=0
    [CG] CG iter 1: obj=143258068.052496, maxRC=59519563.220823, +23 cols
    [CG] CG iter 2: obj=160553218.628320, maxRC=10700038.707667, +17 cols
    [CG]   [DIAG] iter=2 posCols=17 newCols=17 effImprove=17 updated=0
    [CG]   [DIAG] iter=1 posCols=23 newCols=23 effImprove=23 updated=0
    [CG] CG iter 3: obj=166876520.823175, maxRC=6238220.301037, +12 cols
    [CG]   [DIAG] iter=3 posCols=12 newCols=12 effImprove=12 updated=0
    [CG] CG iter 1: obj=143145297.360351, maxRC=59518310.986239, +23 cols
    [CG] CG iter 3: obj=166912338.780786, maxRC=6244705.829099, +12 cols
    [CG] CG iter 1: obj=143122170.535661, maxRC=59517934.237008, +23 cols
    [CG]   [DIAG] iter=3 posCols=12 newCols=12 effImprove=12 updated=0
    [CG]   [DIAG] iter=1 posCols=23 newCols=23 effImprove=23 updated=0
    [CG]   [DIAG] iter=1 posCols=23 newCols=23 effImprove=23 updated=0
    [CG] CG iter 4: obj=169557697.380311, maxRC=4108221.805322, +5 cols
    [CG]   [DIAG] iter=4 posCols=5 newCols=5 effImprove=5 updated=0
    [CG] CG iter 4: obj=169623367.082062, maxRC=4120220.651551, +7 cols
    [CG]   [DIAG] iter=4 posCols=7 newCols=7 effImprove=7 updated=0
    [CG] CG iter 2: obj=160626078.372620, maxRC=10623294.934599, +17 cols
    [CG]   [DIAG] iter=2 posCols=17 newCols=17 effImprove=17 updated=0
    [CG] CG iter 2: obj=160533027.958424, maxRC=10623094.693149, +17 cols
    [CG] 列生成收敛，共 5 轮迭代
    [CG]   [DIAG] iter=2 posCols=17 newCols=17 effImprove=17 updated=0
    [CG] [CG-NODE] depth=0 exit=CERTIFIED certified=1 feasible=1 iters=5 generatedColsBeforeNode=0 newCols=59 posCandidates=59 duplicateCandidates=0 updatedCols=0 zeroObjImproveIters=0 objFirst=143071323.760249 objLast=173818453.737560 objGain=30747129.977311 maxRC=59519752.128890 wallSec=0.010142 pricingSec=0.006918 cplexSolveSec=0.001811
    [CG] 列生成收敛，共 5 轮迭代
    [CG] [CG-NODE] depth=0 exit=CERTIFIED certified=1 feasible=1 iters=5 generatedColsBeforeNode=0 newCols=57 posCandidates=57 duplicateCandidates=0 updatedCols=0 zeroObjImproveIters=0 objFirst=143042844.171586 objLast=173790755.908938 objGain=30747911.737353 maxRC=59519375.379659 wallSec=0.015406 pricingSec=0.010573 cplexSolveSec=0.002668
      [BB] 根节点即为整数解，obj=173818453.737560
      [BB] 根节点即为整数解，obj=173790755.908938
    [CG] CG iter 2: obj=160625950.479155, maxRC=10623526.315827, +17 cols
    [CG]   [DIAG] iter=2 posCols=17 newCols=17 effImprove=17 updated=0
    [CG] CG iter 3: obj=166891154.390048, maxRC=6239978.475645, +12 cols
    [CG]   [DIAG] iter=3 posCols=12 newCols=12 effImprove=12 updated=0
    [CG] CG iter 3: obj=167020341.257430, maxRC=6255316.432960, +12 cols
    [CG]   [DIAG] iter=3 posCols=12 newCols=12 effImprove=12 updated=0
    [CG] CG iter 4: obj=169574252.401899, maxRC=4111943.797348, +5 cols
    [CG]   [DIAG] iter=4 posCols=5 newCols=5 effImprove=5 updated=0
    [CG] 列生成收敛，共 5 轮迭代
    [CG] [CG-NODE] depth=0 exit=CERTIFIED certified=1 feasible=1 iters=5 generatedColsBeforeNode=0 newCols=57 posCandidates=57 duplicateCandidates=0 updatedCols=0 zeroObjImproveIters=0 objFirst=143122170.535661 objLast=173805799.053890 objGain=30683628.518229 maxRC=59517934.237008 wallSec=0.010670 pricingSec=0.007433 cplexSolveSec=0.001876
      [BB] 根节点即为整数解，obj=173805799.053890
    [CG] CG iter 3: obj=167020087.866192, maxRC=6255301.306604, +12 cols
    [CG] 列生成开始，初始列数=128
    [CG]   [DIAG] iter=3 posCols=12 newCols=12 effImprove=12 updated=0
    [CG] CG iter 1: obj=143169571.822666, maxRC=59519752.128890, +23 cols
    [CG] CG iter 4: obj=169718749.437532, maxRC=4143857.133591, +5 cols
    [CG]   [DIAG] iter=4 posCols=5 newCols=5 effImprove=5 updated=0
    [CG]   [DIAG] iter=1 posCols=23 newCols=23 effImprove=23 updated=0
    [CG] 列生成开始，初始列数=128
    [CG] CG iter 4: obj=169718359.351706, maxRC=4143732.547543, +5 cols
    [CG] 列生成收敛，共 5 轮迭代
    [CG]   [DIAG] iter=4 posCols=5 newCols=5 effImprove=5 updated=0
    [CG] [CG-NODE] depth=0 exit=CERTIFIED certified=1 feasible=1 iters=5 generatedColsBeforeNode=0 newCols=57 posCandidates=57 duplicateCandidates=0 updatedCols=0 zeroObjImproveIters=0 objFirst=143258068.052496 objLast=173937133.205890 objGain=30679065.153394 maxRC=59519563.220823 wallSec=0.019094 pricingSec=0.012948 cplexSolveSec=0.003419
      [BB] 根节点即为整数解，obj=173937133.205890
    [CG] CG iter 1: obj=143219930.423688, maxRC=59517966.203170, +23 cols
    [CG]   [DIAG] iter=1 posCols=23 newCols=23 effImprove=23 updated=0
    [CG] CG iter 2: obj=160626617.954083, maxRC=10623458.634161, +17 cols
    [CG]   [DIAG] iter=2 posCols=17 newCols=17 effImprove=17 updated=0
    [CG] 列生成收敛，共 5 轮迭代
    [CG] [CG-NODE] depth=0 exit=CERTIFIED certified=1 feasible=1 iters=5 generatedColsBeforeNode=0 newCols=57 posCandidates=57 duplicateCandidates=0 updatedCols=0 zeroObjImproveIters=0 objFirst=143145297.360351 objLast=173936753.992780 objGain=30791456.632429 maxRC=59518310.986239 wallSec=0.018473 pricingSec=0.012687 cplexSolveSec=0.003225
      [BB] 根节点即为整数解，obj=173936753.992780
    [CG] 列生成开始，初始列数=128
    [CG] CG iter 1: obj=143145968.374317, maxRC=59518400.764567, +23 cols
    [CG] CG iter 2: obj=160614635.300098, maxRC=10623138.648549, +17 cols
    [CG]   [DIAG] iter=2 posCols=17 newCols=17 effImprove=17 updated=0
    [CG] CG iter 3: obj=167020772.902714, maxRC=6255316.723732, +12 cols
    [CG]   [DIAG] iter=3 posCols=12 newCols=12 effImprove=12 updated=0
    [CG]   [DIAG] iter=1 posCols=23 newCols=23 effImprove=23 updated=0
    [CG] CG iter 3: obj=167008938.757192, maxRC=6255357.337292, +12 cols
    [CG] CG iter 4: obj=169719019.286510, maxRC=4143730.186145, +5 cols
    [CG]   [DIAG] iter=3 posCols=12 newCols=12 effImprove=12 updated=0
    [CG]   [DIAG] iter=4 posCols=5 newCols=5 effImprove=5 updated=0
    [CG] 列生成收敛，共 5 轮迭代
    [CG] [CG-NODE] depth=0 exit=CERTIFIED certified=1 feasible=1 iters=5 generatedColsBeforeNode=0 newCols=57 posCandidates=57 duplicateCandidates=0 updatedCols=0 zeroObjImproveIters=0 objFirst=143169571.822666 objLast=173937427.186219 objGain=30767855.363553 maxRC=59519752.128890 wallSec=0.013375 pricingSec=0.009680 cplexSolveSec=0.002088
    [CG] 列生成开始，初始列数=128
    [CG] CG iter 4: obj=169707426.907888, maxRC=4143947.075825, +5 cols
    [CG]   [DIAG] iter=4 posCols=5 newCols=5 effImprove=5 updated=0
      [BB] 根节点即为整数解，obj=173937427.186219
    [CG] CG iter 2: obj=160626676.971303, maxRC=10623485.227246, +17 cols
    [CG] 列生成开始，初始列数=128
    [CG]   [DIAG] iter=2 posCols=17 newCols=17 effImprove=17 updated=0
    [CG] 列生成收敛，共 5 轮迭代
    [CG] [CG-NODE] depth=0 exit=CERTIFIED certified=1 feasible=1 iters=5 generatedColsBeforeNode=0 newCols=57 posCandidates=57 duplicateCandidates=0 updatedCols=0 zeroObjImproveIters=0 objFirst=143219930.423688 objLast=173925812.481380 objGain=30705882.057692 maxRC=59517966.203170 wallSec=0.011041 pricingSec=0.007461 cplexSolveSec=0.001904
      [BB] 根节点即为整数解，obj=173925812.481380
    [CG] CG iter 3: obj=167020821.803562, maxRC=6255315.203810, +12 cols
    [CG]   [DIAG] iter=3 posCols=12 newCols=12 effImprove=12 updated=0
    [CG] 列生成开始，初始列数=128
    [CG] 列生成开始，初始列数=128
    [CG] CG iter 4: obj=169719093.263471, maxRC=4143699.554352, +5 cols
    [CG]   [DIAG] iter=4 posCols=5 newCols=5 effImprove=5 updated=0
    [CG] CG iter 1: obj=143227862.697564, maxRC=59517934.237008, +23 cols
    [CG]   [DIAG] iter=1 posCols=23 newCols=23 effImprove=23 updated=0
    [CG] 列生成收敛，共 5 轮迭代
    [CG] [CG-NODE] depth=0 exit=CERTIFIED certified=1 feasible=1 iters=5 generatedColsBeforeNode=0 newCols=57 posCandidates=57 duplicateCandidates=0 updatedCols=0 zeroObjImproveIters=0 objFirst=143145968.374317 objLast=173937486.587669 objGain=30791518.213352 maxRC=59518400.764567 wallSec=0.014674 pricingSec=0.009951 cplexSolveSec=0.002709
      [BB] 根节点即为整数解，obj=173937486.587669
    [CG] CG iter 2: obj=160625557.248428, maxRC=10623093.295121, +17 cols
    [CG]   [DIAG] iter=2 posCols=17 newCols=17 effImprove=17 updated=0
    [CG] CG iter 3: obj=167019743.408520, maxRC=6255368.609846, +12 cols
    [CG]   [DIAG] iter=3 posCols=12 newCols=12 effImprove=12 updated=0
    [CG] CG iter 1: obj=143180969.544716, maxRC=59519752.128890, +23 cols
    [CG]   [DIAG] iter=1 posCols=23 newCols=23 effImprove=23 updated=0
    [CG] CG iter 4: obj=169718068.274465, maxRC=4143911.851867, +5 cols
    [CG] 列生成开始，初始列数=128
    [CG]   [DIAG] iter=4 posCols=5 newCols=5 effImprove=5 updated=0
    [CG] 列生成收敛，共 5 轮迭代
    [CG] [CG-NODE] depth=0 exit=CERTIFIED certified=1 feasible=1 iters=5 generatedColsBeforeNode=0 newCols=57 posCandidates=57 duplicateCandidates=0 updatedCols=0 zeroObjImproveIters=0 objFirst=143227862.697564 objLast=173936453.457327 objGain=30708590.759764 maxRC=59517934.237008 wallSec=0.009300 pricingSec=0.006193 cplexSolveSec=0.001721
      [BB] 根节点即为整数解，obj=173936453.457327
    [CG] CG iter 2: obj=160571639.855399, maxRC=10623458.634161, +17 cols
    [CG]   [DIAG] iter=2 posCols=17 newCols=17 effImprove=17 updated=0
    [CG] CG iter 1: obj=143226540.396507, maxRC=59518405.259193, +23 cols
    [CG]   [DIAG] iter=1 posCols=23 newCols=23 effImprove=23 updated=0
    [CG] CG iter 1: obj=143222911.450240, maxRC=59518310.986239, +23 cols
    [CG]   [DIAG] iter=1 posCols=23 newCols=23 effImprove=23 updated=0
    [CG] CG iter 1: obj=143207446.995962, maxRC=59518310.986239, +23 cols
    [CG] 列生成开始，初始列数=128
    [CG] CG iter 3: obj=166954019.533837, maxRC=6260144.225643, +12 cols
    [CG]   [DIAG] iter=1 posCols=23 newCols=23 effImprove=23 updated=0
    [CG] CG iter 1: obj=143150628.387028, maxRC=59518310.986239, +23 cols
    [CG] CG iter 2: obj=160623224.854560, maxRC=10627581.309958, +17 cols
    [CG]   [DIAG] iter=3 posCols=12 newCols=12 effImprove=12 updated=0
    [CG]   [DIAG] iter=2 posCols=17 newCols=17 effImprove=17 updated=0
    [CG]   [DIAG] iter=1 posCols=23 newCols=23 effImprove=23 updated=0
    [CG] CG iter 4: obj=169640490.411142, maxRC=4133077.565212, +5 cols
    [CG] CG iter 2: obj=160617715.271445, maxRC=10628279.470121, +17 cols
    [CG]   [DIAG] iter=4 posCols=5 newCols=5 effImprove=5 updated=0
    [CG]   [DIAG] iter=2 posCols=17 newCols=17 effImprove=17 updated=0
    [CG] CG iter 3: obj=167015614.795285, maxRC=6254751.654767, +12 cols
    [CG]   [DIAG] iter=3 posCols=12 newCols=12 effImprove=12 updated=0
    [CG] CG iter 2: obj=160622641.552550, maxRC=10628279.470121, +17 cols
    [CG]   [DIAG] iter=2 posCols=17 newCols=17 effImprove=17 updated=0
    [CG] 列生成收敛，共 5 轮迭代
    [CG] [CG-NODE] depth=0 exit=CERTIFIED certified=1 feasible=1 iters=5 generatedColsBeforeNode=0 newCols=57 posCandidates=57 duplicateCandidates=0 updatedCols=0 zeroObjImproveIters=0 objFirst=143180969.544716 objLast=173858898.310850 objGain=30677928.766134 maxRC=59519752.128890 wallSec=0.014469 pricingSec=0.010421 cplexSolveSec=0.002259
    [CG] CG iter 4: obj=169714696.714142, maxRC=4142569.362625, +5 cols
    [CG]   [DIAG] iter=4 posCols=5 newCols=5 effImprove=5 updated=0
    [CG] CG iter 2: obj=160586194.597480, maxRC=10624353.467164, +17 cols
      [BB] 根节点即为整数解，obj=173858898.310850
    [CG]   [DIAG] iter=2 posCols=17 newCols=17 effImprove=17 updated=0
    [CG] CG iter 3: obj=167003595.332421, maxRC=6259148.887659, +12 cols
    [CG] 列生成收敛，共 5 轮迭代
    [CG] [CG-NODE] depth=0 exit=CERTIFIED certified=1 feasible=1 iters=5 generatedColsBeforeNode=0 newCols=57 posCandidates=57 duplicateCandidates=0 updatedCols=0 zeroObjImproveIters=0 objFirst=143226540.396507 objLast=173931870.428159 objGain=30705330.031652 maxRC=59518405.259193 wallSec=0.010860 pricingSec=0.007465 cplexSolveSec=0.001767
    [CG]   [DIAG] iter=3 posCols=12 newCols=12 effImprove=12 updated=0
    [CG] CG iter 3: obj=167009375.870168, maxRC=6255060.116501, +12 cols
    [CG]   [DIAG] iter=3 posCols=12 newCols=12 effImprove=12 updated=0
      [BB] 根节点即为整数解，obj=173931870.428159
    [CG] CG iter 4: obj=169691644.443971, maxRC=4132407.392061, +5 cols
    [CG]   [DIAG] iter=4 posCols=5 newCols=5 effImprove=5 updated=0
    [CG] CG iter 3: obj=166980087.831848, maxRC=6255178.463460, +12 cols
    [CG]   [DIAG] iter=3 posCols=12 newCols=12 effImprove=12 updated=0
    [CG] CG iter 4: obj=169708984.346384, maxRC=4142389.609501, +5 cols
    [CG]   [DIAG] iter=4 posCols=5 newCols=5 effImprove=5 updated=0
    [CG] 列生成收敛，共 5 轮迭代
    [CG] [CG-NODE] depth=0 exit=CERTIFIED certified=1 feasible=1 iters=5 generatedColsBeforeNode=0 newCols=57 posCandidates=57 duplicateCandidates=0 updatedCols=0 zeroObjImproveIters=0 objFirst=143207446.995962 objLast=173908615.686323 objGain=30701168.690361 maxRC=59518310.986239 wallSec=0.009347 pricingSec=0.006170 cplexSolveSec=0.001780
      [BB] 根节点即为整数解，obj=173908615.686323
    [CG] 列生成收敛，共 5 轮迭代
    [CG] [CG-NODE] depth=0 exit=CERTIFIED certified=1 feasible=1 iters=5 generatedColsBeforeNode=0 newCols=57 posCandidates=57 duplicateCandidates=0 updatedCols=0 zeroObjImproveIters=0 objFirst=143222911.450240 objLast=173925964.996215 objGain=30703053.545975 maxRC=59518310.986239 wallSec=0.016218 pricingSec=0.011629 cplexSolveSec=0.002599
    [CG] CG iter 4: obj=169678637.644198, maxRC=4143566.620326, +5 cols
    [CG]   [DIAG] iter=4 posCols=5 newCols=5 effImprove=5 updated=0
      [BB] 根节点即为整数解，obj=173925964.996215
    [CG] CG iter 1: obj=143230691.242980, maxRC=59512429.810681, +23 cols
    [CG] CG iter 1: obj=143258507.363955, maxRC=59519752.131033, +23 cols
    [CG]   [DIAG] iter=1 posCols=23 newCols=23 effImprove=23 updated=0
    [CG] CG iter 1: obj=143202696.456696, maxRC=59518271.665783, +23 cols
    [CG]   [DIAG] iter=1 posCols=23 newCols=23 effImprove=23 updated=0
    [CG]   [DIAG] iter=1 posCols=23 newCols=23 effImprove=23 updated=0
    [CG] 列生成开始，初始列数=128
    [CG] 列生成收敛，共 5 轮迭代
    [CG] [CG-NODE] depth=0 exit=CERTIFIED certified=1 feasible=1 iters=5 generatedColsBeforeNode=0 newCols=57 posCandidates=57 duplicateCandidates=0 updatedCols=0 zeroObjImproveIters=0 objFirst=143150628.387028 objLast=173896795.304854 objGain=30746166.917826 maxRC=59518310.986239 wallSec=0.013608 pricingSec=0.009248 cplexSolveSec=0.002364
      [BB] 根节点即为整数解，obj=173896795.304854
    [CG] CG iter 2: obj=160587093.141728, maxRC=10622347.500943, +17 cols
    [CG]   [DIAG] iter=2 posCols=17 newCols=17 effImprove=17 updated=0
    [CG] CG iter 2: obj=160605215.278368, maxRC=10618421.770690, +17 cols
    [CG]   [DIAG] iter=2 posCols=17 newCols=17 effImprove=17 updated=0
    [CG] CG iter 3: obj=166966165.774091, maxRC=6251191.609754, +12 cols
    [CG]   [DIAG] iter=3 posCols=12 newCols=12 effImprove=12 updated=0
    [CG] CG iter 4: obj=169656638.592165, maxRC=4131002.225930, +5 cols
    [CG]   [DIAG] iter=4 posCols=5 newCols=5 effImprove=5 updated=0
    [CG] CG iter 3: obj=167000001.101986, maxRC=6256096.289562, +12 cols
    [CG]   [DIAG] iter=3 posCols=12 newCols=12 effImprove=12 updated=0
    [CG] CG iter 2: obj=160626613.923574, maxRC=10623458.634161, +17 cols
    [CG] 列生成收敛，共 5 轮迭代
    [CG] [CG-NODE] depth=0 exit=CERTIFIED certified=1 feasible=1 iters=5 generatedColsBeforeNode=0 newCols=57 posCandidates=57 duplicateCandidates=0 updatedCols=0 zeroObjImproveIters=0 objFirst=143202696.456696 objLast=173879565.617755 objGain=30676869.161059 maxRC=59518271.665783 wallSec=0.006584 pricingSec=0.004404 cplexSolveSec=0.001229
    [CG]   [DIAG] iter=2 posCols=17 newCols=17 effImprove=17 updated=0
      [BB] 根节点即为整数解，obj=173879565.617755
    [CG] CG iter 4: obj=169698915.892393, maxRC=4147013.250019, +5 cols
    [CG]   [DIAG] iter=4 posCols=5 newCols=5 effImprove=5 updated=0
    [CG] 列生成收敛，共 5 轮迭代
    [CG] [CG-NODE] depth=0 exit=CERTIFIED certified=1 feasible=1 iters=5 generatedColsBeforeNode=0 newCols=57 posCandidates=57 duplicateCandidates=0 updatedCols=0 zeroObjImproveIters=0 objFirst=143230691.242980 objLast=173917721.238968 objGain=30687029.995988 maxRC=59512429.810681 wallSec=0.009901 pricingSec=0.006878 cplexSolveSec=0.001716
      [BB] 根节点即为整数解，obj=173917721.238968
    [CG] CG iter 3: obj=167020943.567466, maxRC=6255294.818794, +12 cols
    [CG]   [DIAG] iter=3 posCols=12 newCols=12 effImprove=12 updated=0
    [CG] CG iter 4: obj=169719364.232806, maxRC=4143822.282560, +5 cols
    [CG]   [DIAG] iter=4 posCols=5 newCols=5 effImprove=5 updated=0
    [CG] 列生成收敛，共 5 轮迭代
    [CG] [CG-NODE] depth=0 exit=CERTIFIED certified=1 feasible=1 iters=5 generatedColsBeforeNode=0 newCols=57 posCandidates=57 duplicateCandidates=0 updatedCols=0 zeroObjImproveIters=0 objFirst=143258507.363955 objLast=173937772.132515 objGain=30679264.768560 maxRC=59519752.131033 wallSec=0.016669 pricingSec=0.012188 cplexSolveSec=0.002737
      [BB] 根节点即为整数解，obj=173937772.132515
    [CG] CG iter 1: obj=143210452.153383, maxRC=59517934.237008, +23 cols
    [CG]   [DIAG] iter=1 posCols=23 newCols=23 effImprove=23 updated=0
    [CG] CG iter 2: obj=160604284.244629, maxRC=10623115.345655, +17 cols
    [CG]   [DIAG] iter=2 posCols=17 newCols=17 effImprove=17 updated=0
    [CG] CG iter 3: obj=166996701.454045, maxRC=6257204.056036, +12 cols
    [CG]   [DIAG] iter=3 posCols=12 newCols=12 effImprove=12 updated=0
    [CG] CG iter 4: obj=169697018.222540, maxRC=4143968.028333, +5 cols
    [CG]   [DIAG] iter=4 posCols=5 newCols=5 effImprove=5 updated=0
    [CG] 列生成收敛，共 5 轮迭代
    [CG] [CG-NODE] depth=0 exit=CERTIFIED certified=1 feasible=1 iters=5 generatedColsBeforeNode=0 newCols=57 posCandidates=57 duplicateCandidates=0 updatedCols=0 zeroObjImproveIters=0 objFirst=143210452.153383 objLast=173915405.135780 objGain=30704952.982397 maxRC=59517934.237008 wallSec=0.014526 pricingSec=0.009568 cplexSolveSec=0.002466
      [BB] 根节点即为整数解，obj=173915405.135780
[GA] 代数 10: Best=173966671.30, Avg=173941635.14, Worst=173819641.59, Valid=30/30, 耗时=0.06s (连续10代未提升 → 提前停止)
  ├─ 求解: 30 个体 fork 并行 | CG迭代=130 加列=1484 BB分支=0
  ├─ 并行墙钟=0.0586s | 串行等效(ΣBP)=0.3463s | 加速比=5.91x
  ├─ 管理开销=-0.2877s (fork=0.0040 wait=0.0541 merge=0.0004)
  └─ CG明细: gen_logs/run_gen10_ind{0..29}.log

========== 遗传算法完成 ==========
总耗时: 0.559234s
最优适应度: 173966671.30
最优w: w0=0.01 w1=0.00 w2=0.00 w3=0.01 w4=0.00 w5=0.07 w6=0.00 w7=0.01 

========== 并行效率总报告 ==========
并行代数            : 11
并行墙钟(累计)      : 0.5544s
串行等效(ΣBP累计)   : 3.4047s
净管理开销          : -2.8502s (-514.1%)
  ├─ fork  : 0.0391s
  ├─ wait  : 0.5110s
  └─ merge : 0.0036s
加速比              : 6.14x
结论: 加速比 > 1，并行有效收益。
====================================

--- 最优解详细结果 ---
FORMAL_PASS seed=101 distance=15.00 profit=173966671.30 wall=0.58
