    [CG] 列生成开始，初始列数=310
    [CG] CG iter 1: obj=428577.389068, maxRC=979893.336084, +30 cols
    [CG]   [DIAG] iter=1 posCols=30 newCols=30 effImprove=30 updated=0
    [CG] CG iter 2: obj=1235221.530869, maxRC=543215.539385, +29 cols
    [CG]   [DIAG] iter=2 posCols=29 newCols=29 effImprove=29 updated=0
    [CG] CG iter 3: obj=1242780.550928, maxRC=551584.349288, +27 cols
    [CG]   [DIAG] iter=3 posCols=27 newCols=27 effImprove=27 updated=0
    [CG] CG iter 4: obj=1466573.414077, maxRC=569529.325850, +26 cols
    [CG]   [DIAG] iter=4 posCols=26 newCols=26 effImprove=26 updated=0
    [CG] CG iter 5: obj=1466573.414077, maxRC=379177.160780, +24 cols
    [CG]   [DIAG] iter=5 posCols=24 newCols=24 effImprove=24 updated=0
    [CG] CG iter 6: obj=1466573.414077, maxRC=412984.772180, +24 cols
    [CG]   [DIAG] iter=6 posCols=24 newCols=24 effImprove=24 updated=0
    [CG] CG iter 7: obj=1468773.962933, maxRC=481429.113599, +26 cols
    [CG]   [DIAG] iter=7 posCols=26 newCols=26 effImprove=26 updated=0
    [CG] CG iter 8: obj=1475514.864938, maxRC=345636.284956, +24 cols
    [CG]   [DIAG] iter=8 posCols=24 newCols=24 effImprove=24 updated=0
    [CG] CG iter 9: obj=1499903.829726, maxRC=269237.104347, +22 cols
    [CG]   [DIAG] iter=9 posCols=22 newCols=22 effImprove=22 updated=0
    [CG] CG iter 10: obj=1542482.608941, maxRC=313692.958332, +22 cols
    [CG]   [DIAG] iter=10 posCols=22 newCols=22 effImprove=22 updated=0
    [CG] CG iter 11: obj=1557218.068592, maxRC=112513.430042, +18 cols
    [CG]   [DIAG] iter=11 posCols=18 newCols=18 effImprove=18 updated=0
    [CG] CG iter 12: obj=1566161.428106, maxRC=152887.614830, +18 cols
    [CG]   [DIAG] iter=12 posCols=18 newCols=18 effImprove=18 updated=0
    [CG] CG iter 13: obj=1587108.035293, maxRC=223237.816463, +20 cols
    [CG]   [DIAG] iter=13 posCols=20 newCols=20 effImprove=20 updated=0
    [CG] CG iter 14: obj=1589632.175110, maxRC=144086.023189, +19 cols
    [CG]   [DIAG] iter=14 posCols=19 newCols=19 effImprove=19 updated=0
    [CG] CG iter 15: obj=1600816.098892, maxRC=68882.413522, +18 cols
    [CG]   [DIAG] iter=15 posCols=18 newCols=18 effImprove=18 updated=0
    [CG] CG iter 16: obj=1613019.575447, maxRC=76646.331570, +17 cols
    [CG]   [DIAG] iter=16 posCols=17 newCols=17 effImprove=17 updated=0
    [CG] CG iter 17: obj=1621915.104620, maxRC=77361.074710, +14 cols
    [CG]   [DIAG] iter=17 posCols=14 newCols=14 effImprove=14 updated=0
    [CG] CG iter 18: obj=1633667.866045, maxRC=65648.941081, +14 cols
    [CG]   [DIAG] iter=18 posCols=14 newCols=14 effImprove=14 updated=0
    [CG] CG iter 19: obj=1643210.625554, maxRC=23336.512598, +12 cols
    [CG]   [DIAG] iter=19 posCols=12 newCols=12 effImprove=12 updated=0
    [CG] CG iter 20: obj=1645012.835126, maxRC=24953.034244, +11 cols
    [CG]   [DIAG] iter=20 posCols=11 newCols=11 effImprove=11 updated=0
    [CG] CG iter 21: obj=1645985.969380, maxRC=30018.952069, +9 cols
    [CG]   [DIAG] iter=21 posCols=9 newCols=9 effImprove=9 updated=0
    [CG] CG iter 22: obj=1649413.142634, maxRC=26460.736084, +10 cols
    [CG]   [DIAG] iter=22 posCols=10 newCols=10 effImprove=10 updated=0
    [CG] CG iter 23: obj=1649891.688962, maxRC=10749.769534, +4 cols
    [CG]   [DIAG] iter=23 posCols=4 newCols=4 effImprove=4 updated=0
    [CG] CG iter 24: obj=1650880.288765, maxRC=14409.766792, +4 cols
    [CG]   [DIAG] iter=24 posCols=4 newCols=4 effImprove=4 updated=0
    [CG] CG iter 25: obj=1652699.322310, maxRC=9190.143020, +10 cols
    [CG]   [DIAG] iter=25 posCols=10 newCols=10 effImprove=10 updated=0
    [CG] CG iter 26: obj=1652904.625963, maxRC=6501.743596, +4 cols
    [CG]   [DIAG] iter=26 posCols=4 newCols=4 effImprove=4 updated=0
    [CG] CG iter 27: obj=1656155.497761, maxRC=4253.672768, +5 cols
    [CG]   [DIAG] iter=27 posCols=5 newCols=5 effImprove=5 updated=0
    [CG] CG iter 28: obj=1656155.497761, maxRC=446.557604, +2 cols
    [CG]   [DIAG] iter=28 posCols=2 newCols=2 effImprove=2 updated=0
    [CG] 列生成收敛，共 29 轮迭代
    [CG] [CG-NODE] depth=0 exit=CERTIFIED certified=1 feasible=1 iters=29 generatedColsBeforeNode=0 newCols=463 posCandidates=463 duplicateCandidates=0 updatedCols=0 zeroObjImproveIters=4 objFirst=428577.389068 objLast=1656155.497761 objGain=1227578.108693 maxRC=979893.336084 wallSec=0.818982 pricingSec=0.796912 cplexSolveSec=0.014977
      [BB] 分支定界开始，根节点LP obj=1656155.497761，最大节点数=10000
      [BB] 根节点启发式下界 LB=1117418.526202（上界=1656155.497761）
    [CG] [BB-DIAG] 分支 x_{dc=2,retailer=3}, 节点数=1
    [CG] 列生成开始，初始列数=715
    [CG] CG iter 30: obj=1638207.786392, maxRC=118937.916064, +18 cols
    [CG]   [DIAG] iter=30 posCols=18 newCols=18 effImprove=18 updated=0
    [CG] CG iter 31: obj=1638207.786392, maxRC=63931.970638, +12 cols
    [CG]   [DIAG] iter=31 posCols=12 newCols=12 effImprove=12 updated=0
    [CG] CG iter 32: obj=1638944.139725, maxRC=45212.116591, +11 cols
    [CG]   [DIAG] iter=32 posCols=11 newCols=11 effImprove=11 updated=0
    [CG] CG iter 33: obj=1638944.139725, maxRC=15237.352284, +7 cols
    [CG]   [DIAG] iter=33 posCols=7 newCols=7 effImprove=7 updated=0
    [CG] CG iter 34: obj=1641649.884195, maxRC=15105.573545, +7 cols
    [CG]   [DIAG] iter=34 posCols=7 newCols=7 effImprove=7 updated=0
    [CG] CG iter 35: obj=1641649.884195, maxRC=8733.645043, +6 cols
    [CG]   [DIAG] iter=35 posCols=6 newCols=6 effImprove=6 updated=0
    [CG] CG iter 36: obj=1641873.034300, maxRC=3147.503380, +3 cols
    [CG]   [DIAG] iter=36 posCols=3 newCols=3 effImprove=3 updated=0
    [CG] CG iter 37: obj=1641873.034300, maxRC=3482.410245, +3 cols
    [CG]   [DIAG] iter=37 posCols=3 newCols=3 effImprove=3 updated=0
    [CG] CG iter 38: obj=1641873.034300, maxRC=329.372553, +2 cols
    [CG]   [DIAG] iter=38 posCols=2 newCols=2 effImprove=2 updated=0
    [CG] 列生成收敛，共 39 轮迭代
    [CG] [CG-NODE] depth=1 exit=CERTIFIED certified=1 feasible=1 iters=10 generatedColsBeforeNode=463 newCols=69 posCandidates=69 duplicateCandidates=0 updatedCols=0 zeroObjImproveIters=6 objFirst=1638207.786392 objLast=1641873.034300 objGain=3665.247908 maxRC=118937.916064 wallSec=0.220122 pricingSec=0.211843 cplexSolveSec=0.005826
    [CG] 列生成开始，初始列数=736
    [CG] CG iter 40: obj=1644726.296654, maxRC=67285.486770, +16 cols
    [CG]   [DIAG] iter=40 posCols=16 newCols=16 effImprove=16 updated=0
    [CG] CG iter 41: obj=1644726.296654, maxRC=24696.374088, +8 cols
    [CG]   [DIAG] iter=41 posCols=8 newCols=8 effImprove=8 updated=0
    [CG] CG iter 42: obj=1644726.296654, maxRC=13760.005815, +4 cols
    [CG]   [DIAG] iter=42 posCols=4 newCols=4 effImprove=4 updated=0
    [CG] CG iter 43: obj=1649312.965259, maxRC=7896.582150, +3 cols
    [CG]   [DIAG] iter=43 posCols=3 newCols=3 effImprove=3 updated=0
    [CG] CG iter 44: obj=1649312.965259, maxRC=10092.495264, +3 cols
    [CG]   [DIAG] iter=44 posCols=3 newCols=3 effImprove=3 updated=0
    [CG] CG iter 45: obj=1649312.965259, maxRC=3149.992011, +3 cols
    [CG]   [DIAG] iter=45 posCols=3 newCols=3 effImprove=3 updated=0
    [CG] CG iter 46: obj=1649312.965259, maxRC=578.025438, +1 cols
    [CG]   [DIAG] iter=46 posCols=1 newCols=1 effImprove=1 updated=0
    [CG] 列生成收敛，共 47 轮迭代
    [CG] [CG-NODE] depth=1 exit=CERTIFIED certified=1 feasible=1 iters=8 generatedColsBeforeNode=532 newCols=38 posCandidates=38 duplicateCandidates=0 updatedCols=0 zeroObjImproveIters=6 objFirst=1644726.296654 objLast=1649312.965259 objGain=4586.668605 maxRC=67285.486770 wallSec=0.204894 pricingSec=0.197947 cplexSolveSec=0.004617
    [CG] [BB-DIAG] 分支 x_{dc=4,retailer=2}, 节点数=2
    [CG] 列生成开始，初始列数=767
    [CG] CG iter 48: obj=1648907.840648, maxRC=37034.358650, +12 cols
    [CG]   [DIAG] iter=48 posCols=12 newCols=12 effImprove=12 updated=0
    [CG] CG iter 49: obj=1648907.840648, maxRC=22432.763618, +5 cols
    [CG]   [DIAG] iter=49 posCols=5 newCols=4 effImprove=5 updated=1
    [CG] CG iter 50: obj=1648907.840648, maxRC=9601.217868, +4 cols
    [CG]   [DIAG] iter=50 posCols=4 newCols=4 effImprove=4 updated=0
    [CG] CG iter 51: obj=1648907.840648, maxRC=6898.005113, +4 cols
    [CG]   [DIAG] iter=51 posCols=4 newCols=4 effImprove=4 updated=0
    [CG] CG iter 52: obj=1648907.840648, maxRC=3763.271466, +3 cols
    [CG]   [DIAG] iter=52 posCols=3 newCols=3 effImprove=3 updated=0
    [CG] CG iter 53: obj=1648907.840648, maxRC=2263.161707, +1 cols
    [CG]   [DIAG] iter=53 posCols=1 newCols=1 effImprove=1 updated=0
    [CG] 列生成收敛，共 54 轮迭代
    [CG] [CG-NODE] depth=2 exit=CERTIFIED certified=1 feasible=1 iters=7 generatedColsBeforeNode=570 newCols=28 posCandidates=29 duplicateCandidates=1 updatedCols=1 zeroObjImproveIters=6 objFirst=1648907.840648 objLast=1648907.840648 objGain=-0.000000 maxRC=37034.358650 wallSec=0.191185 pricingSec=0.184194 cplexSolveSec=0.004567
    [CG] 列生成开始，初始列数=669
    [CG] CG iter 55: obj=1518609.457780, maxRC=393722.196277, +21 cols
    [CG]   [DIAG] iter=55 posCols=21 newCols=21 effImprove=21 updated=0
    [CG] CG iter 56: obj=1613896.544633, maxRC=351757.985902, +19 cols
    [CG]   [DIAG] iter=56 posCols=19 newCols=19 effImprove=19 updated=0
    [CG] CG iter 57: obj=1613896.544633, maxRC=314715.009756, +16 cols
    [CG]   [DIAG] iter=57 posCols=16 newCols=15 effImprove=16 updated=1
    [CG] CG iter 58: obj=1615770.505531, maxRC=80106.682346, +13 cols
    [CG]   [DIAG] iter=58 posCols=13 newCols=13 effImprove=13 updated=0
    [CG] CG iter 59: obj=1620223.449215, maxRC=79429.736151, +12 cols
    [CG]   [DIAG] iter=59 posCols=12 newCols=12 effImprove=12 updated=0
    [CG] CG iter 60: obj=1620223.449215, maxRC=61214.905215, +12 cols
    [CG]   [DIAG] iter=60 posCols=12 newCols=12 effImprove=12 updated=0
    [CG] CG iter 61: obj=1620223.449215, maxRC=61071.060391, +14 cols
    [CG]   [DIAG] iter=61 posCols=14 newCols=14 effImprove=14 updated=0
    [CG] CG iter 62: obj=1620223.449215, maxRC=29186.594157, +8 cols
    [CG]   [DIAG] iter=62 posCols=8 newCols=7 effImprove=8 updated=1
    [CG] CG iter 63: obj=1627720.039938, maxRC=28173.017832, +7 cols
    [CG]   [DIAG] iter=63 posCols=7 newCols=7 effImprove=7 updated=0
    [CG] CG iter 64: obj=1627720.039938, maxRC=11969.662238, +5 cols
    [CG]   [DIAG] iter=64 posCols=5 newCols=5 effImprove=5 updated=0
    [CG] CG iter 65: obj=1627720.039938, maxRC=5626.059783, +4 cols
    [CG]   [DIAG] iter=65 posCols=4 newCols=4 effImprove=4 updated=0
    [CG] CG iter 66: obj=1627720.039938, maxRC=5986.020744, +3 cols
    [CG]   [DIAG] iter=66 posCols=3 newCols=3 effImprove=3 updated=0
    [CG] CG iter 67: obj=1627720.039938, maxRC=1928.895401, +3 cols
    [CG]   [DIAG] iter=67 posCols=3 newCols=3 effImprove=3 updated=0
    [CG] CG iter 68: obj=1627720.039938, maxRC=922.534680, +2 cols
    [CG]   [DIAG] iter=68 posCols=2 newCols=2 effImprove=2 updated=0
    [CG] CG iter 69: obj=1627720.039938, maxRC=764.162415, +1 cols
    [CG]   [DIAG] iter=69 posCols=1 newCols=1 effImprove=1 updated=0
    [CG] 列生成收敛，共 70 轮迭代
    [CG] [CG-NODE] depth=2 exit=CERTIFIED certified=1 feasible=1 iters=16 generatedColsBeforeNode=598 newCols=138 posCandidates=140 duplicateCandidates=2 updatedCols=2 zeroObjImproveIters=11 objFirst=1518609.457780 objLast=1627720.039938 objGain=109110.582158 maxRC=393722.196277 wallSec=0.359213 pricingSec=0.345551 cplexSolveSec=0.010033
    [CG] [BB-DIAG] 分支 x_{dc=2,retailer=1}, 节点数=3
    [CG] 列生成开始，初始列数=788
    [CG] CG iter 71: obj=1610183.609394, maxRC=53596.623347, +15 cols
    [CG]   [DIAG] iter=71 posCols=15 newCols=15 effImprove=15 updated=0
    [CG] CG iter 72: obj=1611487.738830, maxRC=22207.001673, +7 cols
    [CG]   [DIAG] iter=72 posCols=7 newCols=7 effImprove=7 updated=0
    [CG] CG iter 73: obj=1620812.849555, maxRC=24532.201375, +7 cols
    [CG]   [DIAG] iter=73 posCols=7 newCols=7 effImprove=7 updated=0
    [CG] CG iter 74: obj=1620812.849555, maxRC=4012.555853, +3 cols
    [CG]   [DIAG] iter=74 posCols=3 newCols=3 effImprove=3 updated=0
    [CG] CG iter 75: obj=1620812.849555, maxRC=3327.336621, +2 cols
    [CG]   [DIAG] iter=75 posCols=2 newCols=2 effImprove=2 updated=0
    [CG] CG iter 76: obj=1622476.517866, maxRC=3120.573655, +3 cols
    [CG]   [DIAG] iter=76 posCols=3 newCols=3 effImprove=3 updated=0
    [CG] CG iter 77: obj=1622476.517866, maxRC=572.222659, +3 cols
    [CG]   [DIAG] iter=77 posCols=3 newCols=3 effImprove=3 updated=0
    [CG] 列生成收敛，共 78 轮迭代
    [CG] [CG-NODE] depth=3 exit=CERTIFIED certified=1 feasible=1 iters=8 generatedColsBeforeNode=736 newCols=40 posCandidates=40 duplicateCandidates=0 updatedCols=0 zeroObjImproveIters=4 objFirst=1610183.609394 objLast=1622476.517866 objGain=12292.908472 maxRC=53596.623347 wallSec=0.224718 pricingSec=0.217124 cplexSolveSec=0.005154
    [CG] 列生成开始，初始列数=742
    [CG] CG iter 79: obj=1625683.121553, maxRC=80092.310872, +11 cols
    [CG]   [DIAG] iter=79 posCols=11 newCols=11 effImprove=11 updated=0
    [CG] CG iter 80: obj=1625683.121553, maxRC=21610.222012, +8 cols
    [CG]   [DIAG] iter=80 posCols=8 newCols=8 effImprove=8 updated=0
    [CG] CG iter 81: obj=1625683.121553, maxRC=18540.054761, +5 cols
    [CG]   [DIAG] iter=81 posCols=5 newCols=5 effImprove=5 updated=0
    [CG] CG iter 82: obj=1625683.121553, maxRC=13992.775208, +7 cols
    [CG]   [DIAG] iter=82 posCols=7 newCols=7 effImprove=7 updated=0
    [CG] CG iter 83: obj=1625742.180192, maxRC=11834.673369, +5 cols
    [CG]   [DIAG] iter=83 posCols=5 newCols=5 effImprove=5 updated=0
    [CG] CG iter 84: obj=1625742.180192, maxRC=6967.482881, +3 cols
    [CG]   [DIAG] iter=84 posCols=3 newCols=3 effImprove=3 updated=0
    [CG] CG iter 85: obj=1625742.180192, maxRC=10015.887787, +3 cols
    [CG]   [DIAG] iter=85 posCols=3 newCols=3 effImprove=3 updated=0
    [CG] CG iter 86: obj=1625742.180192, maxRC=5206.251439, +3 cols
    [CG]   [DIAG] iter=86 posCols=3 newCols=3 effImprove=3 updated=0
    [CG] CG iter 87: obj=1625742.180192, maxRC=2235.775295, +3 cols
    [CG]   [DIAG] iter=87 posCols=3 newCols=3 effImprove=3 updated=0
    [CG] CG iter 88: obj=1625742.180192, maxRC=2668.061805, +1 cols
    [CG]   [DIAG] iter=88 posCols=1 newCols=1 effImprove=1 updated=0
    [CG] CG iter 89: obj=1625742.180192, maxRC=267.085067, +1 cols
    [CG]   [DIAG] iter=89 posCols=1 newCols=1 effImprove=1 updated=0
    [CG] 列生成收敛，共 90 轮迭代
    [CG] [CG-NODE] depth=3 exit=CERTIFIED certified=1 feasible=1 iters=12 generatedColsBeforeNode=776 newCols=50 posCandidates=50 duplicateCandidates=0 updatedCols=0 zeroObjImproveIters=10 objFirst=1625683.121553 objLast=1625742.180192 objGain=59.058639 maxRC=80092.310872 wallSec=0.342305 pricingSec=0.332841 cplexSolveSec=0.006426
    [CG] [BB-DIAG] 分支 x_{dc=2,retailer=11}, 节点数=4
    [CG] 列生成开始，初始列数=781
    [CG] CG iter 91: obj=1624389.520401, maxRC=10558.236564, +3 cols
    [CG]   [DIAG] iter=91 posCols=3 newCols=3 effImprove=3 updated=0
    [CG] CG iter 92: obj=1624389.520401, maxRC=7475.444175, +3 cols
    [CG]   [DIAG] iter=92 posCols=3 newCols=3 effImprove=3 updated=0
    [CG] CG iter 93: obj=1624389.520401, maxRC=2213.259341, +3 cols
    [CG]   [DIAG] iter=93 posCols=3 newCols=3 effImprove=3 updated=0
    [CG] CG iter 94: obj=1624389.520401, maxRC=2193.396465, +3 cols
    [CG]   [DIAG] iter=94 posCols=3 newCols=3 effImprove=3 updated=0
    [CG] CG iter 95: obj=1624389.520401, maxRC=1498.463532, +3 cols
    [CG]   [DIAG] iter=95 posCols=3 newCols=3 effImprove=3 updated=0
    [CG] CG iter 96: obj=1624389.520401, maxRC=569.579626, +2 cols
    [CG]   [DIAG] iter=96 posCols=2 newCols=2 effImprove=2 updated=0
    [CG] 列生成收敛，共 97 轮迭代
    [CG] [CG-NODE] depth=4 exit=CERTIFIED certified=1 feasible=1 iters=7 generatedColsBeforeNode=826 newCols=17 posCandidates=17 duplicateCandidates=0 updatedCols=0 zeroObjImproveIters=6 objFirst=1624389.520401 objLast=1624389.520401 objGain=0.000000 maxRC=10558.236564 wallSec=0.205563 pricingSec=0.198633 cplexSolveSec=0.004455
    [CG] 列生成开始，初始列数=779
    [CG] CG iter 98: obj=1586854.894202, maxRC=112520.812846, +15 cols
    [CG]   [DIAG] iter=98 posCols=15 newCols=15 effImprove=15 updated=0
    [CG] CG iter 99: obj=1586854.894202, maxRC=109370.400967, +13 cols
    [CG]   [DIAG] iter=99 posCols=13 newCols=12 effImprove=13 updated=1
    [CG] CG iter 100: obj=1586854.894202, maxRC=83818.951817, +8 cols
    [CG]   [DIAG] iter=100 posCols=8 newCols=8 effImprove=8 updated=0
    [CG] CG iter 101: obj=1590356.068951, maxRC=70264.826591, +6 cols
    [CG]   [DIAG] iter=101 posCols=6 newCols=6 effImprove=6 updated=0
    [CG] CG iter 102: obj=1596890.043574, maxRC=71063.195890, +7 cols
    [CG]   [DIAG] iter=102 posCols=7 newCols=7 effImprove=7 updated=0
    [CG] CG iter 103: obj=1602048.512218, maxRC=88430.389354, +6 cols
    [CG]   [DIAG] iter=103 posCols=6 newCols=6 effImprove=6 updated=0
    [CG] CG iter 104: obj=1605215.886274, maxRC=25390.085474, +4 cols
    [CG]   [DIAG] iter=104 posCols=4 newCols=4 effImprove=4 updated=0
    [CG] CG iter 105: obj=1605215.886274, maxRC=28062.541953, +7 cols
    [CG]   [DIAG] iter=105 posCols=7 newCols=7 effImprove=7 updated=0
    [CG] CG iter 106: obj=1605215.886274, maxRC=24707.476092, +3 cols
    [CG]   [DIAG] iter=106 posCols=3 newCols=3 effImprove=3 updated=0
    [CG] CG iter 107: obj=1607378.102639, maxRC=14424.656734, +4 cols
    [CG]   [DIAG] iter=107 posCols=4 newCols=4 effImprove=4 updated=0
    [CG] CG iter 108: obj=1610984.266823, maxRC=18224.551687, +7 cols
    [CG]   [DIAG] iter=108 posCols=7 newCols=7 effImprove=7 updated=0
    [CG] CG iter 109: obj=1610984.266823, maxRC=12545.462282, +5 cols
    [CG]   [DIAG] iter=109 posCols=5 newCols=5 effImprove=5 updated=0
    [CG] CG iter 110: obj=1610984.266823, maxRC=3690.139021, +3 cols
    [CG]   [DIAG] iter=110 posCols=3 newCols=3 effImprove=3 updated=0
    [CG] CG iter 111: obj=1610984.266823, maxRC=1798.566549, +1 cols
    [CG]   [DIAG] iter=111 posCols=1 newCols=1 effImprove=1 updated=0
    [CG] CG iter 112: obj=1611883.550097, maxRC=650.770834, +1 cols
    [CG]   [DIAG] iter=112 posCols=1 newCols=1 effImprove=1 updated=0
    [CG] CG iter 113: obj=1611883.550097, maxRC=1287.741979, +1 cols
    [CG]   [DIAG] iter=113 posCols=1 newCols=1 effImprove=1 updated=0
    [CG] CG iter 114: obj=1611883.550097, maxRC=432.414936, +1 cols
    [CG]   [DIAG] iter=114 posCols=1 newCols=1 effImprove=1 updated=0
    [CG] 列生成收敛，共 115 轮迭代
    [CG] [CG-NODE] depth=4 exit=CERTIFIED certified=1 feasible=1 iters=18 generatedColsBeforeNode=843 newCols=91 posCandidates=92 duplicateCandidates=1 updatedCols=1 zeroObjImproveIters=10 objFirst=1586854.894202 objLast=1611883.550097 objGain=25028.655896 maxRC=112520.812846 wallSec=0.470521 pricingSec=0.454788 cplexSolveSec=0.010979
    [CG] [BB-DIAG] 分支 x_{dc=2,retailer=24}, 节点数=5
    [CG] 列生成开始，初始列数=858
    [CG] CG iter 116: obj=1609961.794043, maxRC=49048.044202, +8 cols
    [CG]   [DIAG] iter=116 posCols=8 newCols=8 effImprove=8 updated=0
    [CG] CG iter 117: obj=1609961.794043, maxRC=32784.957418, +7 cols
    [CG]   [DIAG] iter=117 posCols=7 newCols=7 effImprove=7 updated=0
    [CG] CG iter 118: obj=1609961.794043, maxRC=17490.212286, +4 cols
    [CG]   [DIAG] iter=118 posCols=4 newCols=4 effImprove=4 updated=0
    [CG] CG iter 119: obj=1609961.794043, maxRC=14230.372654, +4 cols
    [CG]   [DIAG] iter=119 posCols=4 newCols=4 effImprove=4 updated=0
    [CG] CG iter 120: obj=1609961.794043, maxRC=9154.818347, +3 cols
    [CG]   [DIAG] iter=120 posCols=3 newCols=3 effImprove=3 updated=0
    [CG] CG iter 121: obj=1609961.794043, maxRC=8963.904641, +3 cols
    [CG]   [DIAG] iter=121 posCols=3 newCols=3 effImprove=3 updated=0
    [CG] CG iter 122: obj=1609961.794043, maxRC=7721.004234, +2 cols
    [CG]   [DIAG] iter=122 posCols=2 newCols=2 effImprove=2 updated=0
    [CG] CG iter 123: obj=1609961.794043, maxRC=6110.251409, +3 cols
    [CG]   [DIAG] iter=123 posCols=3 newCols=3 effImprove=3 updated=0
    [CG] CG iter 124: obj=1609961.794043, maxRC=5351.282149, +4 cols
    [CG]   [DIAG] iter=124 posCols=4 newCols=4 effImprove=4 updated=0
    [CG] CG iter 125: obj=1609961.794043, maxRC=2014.868328, +2 cols
    [CG]   [DIAG] iter=125 posCols=2 newCols=2 effImprove=2 updated=0
    [CG] CG iter 126: obj=1609961.794043, maxRC=1516.594410, +2 cols
    [CG]   [DIAG] iter=126 posCols=2 newCols=2 effImprove=2 updated=0
    [CG] CG iter 127: obj=1609961.794043, maxRC=696.626090, +1 cols
    [CG]   [DIAG] iter=127 posCols=1 newCols=1 effImprove=1 updated=0
    [CG] CG iter 128: obj=1609961.794043, maxRC=274.359662, +1 cols
    [CG]   [DIAG] iter=128 posCols=1 newCols=1 effImprove=1 updated=0
    [CG] 列生成收敛，共 129 轮迭代
    [CG] [CG-NODE] depth=5 exit=CERTIFIED certified=1 feasible=1 iters=14 generatedColsBeforeNode=934 newCols=44 posCandidates=44 duplicateCandidates=0 updatedCols=0 zeroObjImproveIters=13 objFirst=1609961.794043 objLast=1609961.794043 objGain=-0.000000 maxRC=49048.044202 wallSec=0.337581 pricingSec=0.327193 cplexSolveSec=0.007225
    [CG] 列生成开始，初始列数=865
    [CG] CG iter 130: obj=1609010.217658, maxRC=49290.199184, +8 cols
    [CG]   [DIAG] iter=130 posCols=8 newCols=8 effImprove=8 updated=0
    [CG] CG iter 131: obj=1609010.217658, maxRC=15686.948188, +4 cols
    [CG]   [DIAG] iter=131 posCols=4 newCols=4 effImprove=4 updated=0
    [CG] CG iter 132: obj=1609010.217658, maxRC=12189.823406, +2 cols
    [CG]   [DIAG] iter=132 posCols=2 newCols=2 effImprove=2 updated=0
    [CG] CG iter 133: obj=1609010.217658, maxRC=4144.014933, +4 cols
    [CG]   [DIAG] iter=133 posCols=4 newCols=4 effImprove=4 updated=0
    [CG] CG iter 134: obj=1610370.491971, maxRC=5343.026423, +2 cols
    [CG]   [DIAG] iter=134 posCols=2 newCols=2 effImprove=2 updated=0
    [CG] CG iter 135: obj=1610370.491971, maxRC=1211.017293, +2 cols
    [CG]   [DIAG] iter=135 posCols=2 newCols=2 effImprove=2 updated=0
    [CG] CG iter 136: obj=1610370.491971, maxRC=1160.746223, +2 cols
    [CG]   [DIAG] iter=136 posCols=2 newCols=2 effImprove=2 updated=0
    [CG] CG iter 137: obj=1610370.491971, maxRC=659.452177, +1 cols
    [CG]   [DIAG] iter=137 posCols=1 newCols=1 effImprove=1 updated=0
    [CG] 列生成收敛，共 138 轮迭代
    [CG] [CG-NODE] depth=5 exit=CERTIFIED certified=1 feasible=1 iters=9 generatedColsBeforeNode=978 newCols=25 posCandidates=25 duplicateCandidates=0 updatedCols=0 zeroObjImproveIters=7 objFirst=1609010.217658 objLast=1610370.491971 objGain=1360.274313 maxRC=49290.199184 wallSec=0.258129 pricingSec=0.249263 cplexSolveSec=0.005856
    [CG] [BB-DIAG] 分支 x_{dc=3,retailer=0}, 节点数=6
    [CG] 列生成开始，初始列数=732
    [CG] CG iter 139: obj=1586177.519883, maxRC=42585.260725, +7 cols
    [CG]   [DIAG] iter=139 posCols=7 newCols=7 effImprove=7 updated=0
    [CG] CG iter 140: obj=1586651.844808, maxRC=14989.080998, +4 cols
    [CG]   [DIAG] iter=140 posCols=4 newCols=4 effImprove=4 updated=0
    [CG] CG iter 141: obj=1586651.844808, maxRC=19217.772873, +3 cols
    [CG]   [DIAG] iter=141 posCols=3 newCols=3 effImprove=3 updated=0
    [CG] CG iter 142: obj=1586651.844808, maxRC=10424.531233, +3 cols
    [CG]   [DIAG] iter=142 posCols=3 newCols=3 effImprove=3 updated=0
    [CG] CG iter 143: obj=1586651.844808, maxRC=7139.865989, +3 cols
    [CG]   [DIAG] iter=143 posCols=3 newCols=3 effImprove=3 updated=0
    [CG] CG iter 144: obj=1587581.292697, maxRC=7277.746013, +3 cols
    [CG]   [DIAG] iter=144 posCols=3 newCols=3 effImprove=3 updated=0
    [CG] CG iter 145: obj=1587581.292697, maxRC=3471.990544, +3 cols
    [CG]   [DIAG] iter=145 posCols=3 newCols=3 effImprove=3 updated=0
    [CG] CG iter 146: obj=1587581.292697, maxRC=3077.632350, +3 cols
    [CG]   [DIAG] iter=146 posCols=3 newCols=3 effImprove=3 updated=0
    [CG] CG iter 147: obj=1587581.292697, maxRC=3472.061326, +3 cols
    [CG]   [DIAG] iter=147 posCols=3 newCols=3 effImprove=3 updated=0
    [CG] CG iter 148: obj=1587581.292697, maxRC=888.945474, +1 cols
    [CG]   [DIAG] iter=148 posCols=1 newCols=1 effImprove=1 updated=0
    [CG] 列生成收敛，共 149 轮迭代
    [CG] [CG-NODE] depth=6 exit=CERTIFIED certified=1 feasible=1 iters=11 generatedColsBeforeNode=1003 newCols=33 posCandidates=33 duplicateCandidates=0 updatedCols=0 zeroObjImproveIters=8 objFirst=1586177.519883 objLast=1587581.292697 objGain=1403.772814 maxRC=42585.260725 wallSec=0.288756 pricingSec=0.280593 cplexSolveSec=0.005424
    [CG] 列生成开始，初始列数=788
    [CG] CG iter 150: obj=1563743.983077, maxRC=45393.741736, +10 cols
    [CG]   [DIAG] iter=150 posCols=10 newCols=10 effImprove=10 updated=0
    [CG] CG iter 151: obj=1586405.750571, maxRC=24547.035597, +8 cols
    [CG]   [DIAG] iter=151 posCols=8 newCols=8 effImprove=8 updated=0
    [CG] CG iter 152: obj=1586405.750571, maxRC=21519.134657, +4 cols
    [CG]   [DIAG] iter=152 posCols=4 newCols=4 effImprove=4 updated=0
    [CG] CG iter 153: obj=1586405.750571, maxRC=12828.467693, +3 cols
    [CG]   [DIAG] iter=153 posCols=3 newCols=3 effImprove=3 updated=0
    [CG] CG iter 154: obj=1586405.750571, maxRC=13493.309388, +3 cols
    [CG]   [DIAG] iter=154 posCols=3 newCols=3 effImprove=3 updated=0
    [CG] CG iter 155: obj=1586405.750571, maxRC=10288.421903, +3 cols
    [CG]   [DIAG] iter=155 posCols=3 newCols=3 effImprove=3 updated=0
    [CG] CG iter 156: obj=1586405.750571, maxRC=6888.555207, +3 cols
    [CG]   [DIAG] iter=156 posCols=3 newCols=3 effImprove=3 updated=0
    [CG] CG iter 157: obj=1586405.750571, maxRC=7564.479885, +2 cols
    [CG]   [DIAG] iter=157 posCols=2 newCols=2 effImprove=2 updated=0
    [CG] CG iter 158: obj=1586405.750571, maxRC=8604.203694, +2 cols
    [CG]   [DIAG] iter=158 posCols=2 newCols=2 effImprove=2 updated=0
    [CG] CG iter 159: obj=1586405.750571, maxRC=8839.583370, +2 cols
    [CG]   [DIAG] iter=159 posCols=2 newCols=2 effImprove=2 updated=0
    [CG] CG iter 160: obj=1586405.750571, maxRC=2616.838017, +2 cols
    [CG]   [DIAG] iter=160 posCols=2 newCols=2 effImprove=2 updated=0
    [CG] CG iter 161: obj=1589022.588588, maxRC=2321.782253, +1 cols
    [CG]   [DIAG] iter=161 posCols=1 newCols=1 effImprove=1 updated=0
    [CG] CG iter 162: obj=1589022.588588, maxRC=2168.973462, +1 cols
    [CG]   [DIAG] iter=162 posCols=1 newCols=1 effImprove=1 updated=0
    [CG] CG iter 163: obj=1589022.588588, maxRC=850.056733, +1 cols
    [CG]   [DIAG] iter=163 posCols=1 newCols=1 effImprove=1 updated=0
    [CG] CG iter 164: obj=1589022.588588, maxRC=812.358190, +1 cols
    [CG]   [DIAG] iter=164 posCols=1 newCols=1 effImprove=1 updated=0
    [CG] 列生成收敛，共 165 轮迭代
    [CG] [CG-NODE] depth=6 exit=CERTIFIED certified=1 feasible=1 iters=16 generatedColsBeforeNode=1036 newCols=46 posCandidates=46 duplicateCandidates=0 updatedCols=0 zeroObjImproveIters=13 objFirst=1563743.983077 objLast=1589022.588588 objGain=25278.605512 maxRC=45393.741736 wallSec=0.332355 pricingSec=0.321607 cplexSolveSec=0.007528
    [CG] [BB-INCUMBENT] selection=7 node=6 previous=1117418.526202 value=1589022.588588 active=6
    [CG] [BB-DIAG] 分支 x_{dc=3,retailer=0}, 节点数=7
    [CG] 列生成开始，初始列数=738
    [CG] CG iter 166: obj=1588549.742971, maxRC=57715.572507, +8 cols
    [CG]   [DIAG] iter=166 posCols=8 newCols=8 effImprove=8 updated=0
    [CG] CG iter 167: obj=1588574.086931, maxRC=16957.795405, +5 cols
    [CG]   [DIAG] iter=167 posCols=5 newCols=5 effImprove=5 updated=0
    [CG] CG iter 168: obj=1589080.681382, maxRC=13637.811855, +5 cols
    [CG]   [DIAG] iter=168 posCols=5 newCols=5 effImprove=5 updated=0
    [CG] CG iter 169: obj=1589080.681382, maxRC=16750.340144, +3 cols
    [CG]   [DIAG] iter=169 posCols=3 newCols=3 effImprove=3 updated=0
    [CG] CG iter 170: obj=1589080.681382, maxRC=10844.877368, +3 cols
    [CG]   [DIAG] iter=170 posCols=3 newCols=3 effImprove=3 updated=0
    [CG] CG iter 171: obj=1589080.681382, maxRC=21497.653042, +3 cols
    [CG]   [DIAG] iter=171 posCols=3 newCols=3 effImprove=3 updated=0
    [CG] CG iter 172: obj=1589080.681382, maxRC=5589.416417, +3 cols
    [CG]   [DIAG] iter=172 posCols=3 newCols=3 effImprove=3 updated=0
    [CG] CG iter 173: obj=1589080.681382, maxRC=5070.679879, +3 cols
    [CG]   [DIAG] iter=173 posCols=3 newCols=3 effImprove=3 updated=0
    [CG] CG iter 174: obj=1589080.681382, maxRC=5046.478899, +3 cols
    [CG]   [DIAG] iter=174 posCols=3 newCols=3 effImprove=3 updated=0
    [CG] CG iter 175: obj=1589080.681382, maxRC=5588.924443, +3 cols
    [CG]   [DIAG] iter=175 posCols=3 newCols=3 effImprove=3 updated=0
    [CG] CG iter 176: obj=1589080.681382, maxRC=1549.039892, +3 cols
    [CG]   [DIAG] iter=176 posCols=3 newCols=3 effImprove=3 updated=0
    [CG] CG iter 177: obj=1589080.681382, maxRC=1432.702880, +3 cols
    [CG]   [DIAG] iter=177 posCols=3 newCols=3 effImprove=3 updated=0
    [CG] CG iter 178: obj=1589080.681382, maxRC=619.091408, +2 cols
    [CG]   [DIAG] iter=178 posCols=2 newCols=2 effImprove=2 updated=0
    [CG] 列生成收敛，共 179 轮迭代
    [CG] [CG-NODE] depth=6 exit=CERTIFIED certified=1 feasible=1 iters=14 generatedColsBeforeNode=1082 newCols=47 posCandidates=47 duplicateCandidates=0 updatedCols=0 zeroObjImproveIters=11 objFirst=1588549.742971 objLast=1589080.681382 objGain=530.938411 maxRC=57715.572507 wallSec=0.362267 pricingSec=0.352809 cplexSolveSec=0.006430
    [CG] 列生成开始，初始列数=794
    [CG] CG iter 180: obj=1563335.285149, maxRC=77892.575252, +12 cols
    [CG]   [DIAG] iter=180 posCols=12 newCols=12 effImprove=12 updated=0
    [CG] CG iter 181: obj=1585997.052643, maxRC=15230.204821, +3 cols
    [CG]   [DIAG] iter=181 posCols=3 newCols=3 effImprove=3 updated=0
    [CG] CG iter 182: obj=1585997.052643, maxRC=13291.131830, +3 cols
    [CG]   [DIAG] iter=182 posCols=3 newCols=3 effImprove=3 updated=0
    [CG] CG iter 183: obj=1585997.052643, maxRC=20871.626449, +3 cols
    [CG]   [DIAG] iter=183 posCols=3 newCols=3 effImprove=3 updated=0
    [CG] CG iter 184: obj=1585997.052643, maxRC=18268.905834, +3 cols
    [CG]   [DIAG] iter=184 posCols=3 newCols=3 effImprove=3 updated=0
    [CG] CG iter 185: obj=1585997.052643, maxRC=10540.192925, +3 cols
    [CG]   [DIAG] iter=185 posCols=3 newCols=3 effImprove=3 updated=0
    [CG] CG iter 186: obj=1585997.052643, maxRC=12978.764789, +3 cols
    [CG]   [DIAG] iter=186 posCols=3 newCols=3 effImprove=3 updated=0
    [CG] CG iter 187: obj=1585997.052643, maxRC=8289.135423, +3 cols
    [CG]   [DIAG] iter=187 posCols=3 newCols=3 effImprove=3 updated=0
    [CG] CG iter 188: obj=1585997.052643, maxRC=9483.971150, +2 cols
    [CG]   [DIAG] iter=188 posCols=2 newCols=2 effImprove=2 updated=0
    [CG] CG iter 189: obj=1585997.052643, maxRC=12631.948364, +3 cols
    [CG]   [DIAG] iter=189 posCols=3 newCols=3 effImprove=3 updated=0
    [CG] CG iter 190: obj=1585997.052643, maxRC=8055.876972, +3 cols
    [CG]   [DIAG] iter=190 posCols=3 newCols=3 effImprove=3 updated=0
    [CG] CG iter 191: obj=1585997.052643, maxRC=3714.014077, +3 cols
    [CG]   [DIAG] iter=191 posCols=3 newCols=3 effImprove=3 updated=0
    [CG] CG iter 192: obj=1585997.052643, maxRC=3498.094518, +2 cols
    [CG]   [DIAG] iter=192 posCols=2 newCols=2 effImprove=2 updated=0
    [CG] CG iter 193: obj=1585997.052643, maxRC=3001.757376, +1 cols
    [CG]   [DIAG] iter=193 posCols=1 newCols=1 effImprove=1 updated=0
    [CG] CG iter 194: obj=1585997.052643, maxRC=3593.794104, +2 cols
    [CG]   [DIAG] iter=194 posCols=2 newCols=2 effImprove=2 updated=0
    [CG] CG iter 195: obj=1585997.052643, maxRC=2319.715827, +1 cols
    [CG]   [DIAG] iter=195 posCols=1 newCols=1 effImprove=1 updated=0
    [CG] CG iter 196: obj=1588316.768470, maxRC=995.658018, +1 cols
    [CG]   [DIAG] iter=196 posCols=1 newCols=1 effImprove=1 updated=0
    [CG] CG iter 197: obj=1588316.768470, maxRC=842.853083, +1 cols
    [CG]   [DIAG] iter=197 posCols=1 newCols=1 effImprove=1 updated=0
    [CG] 列生成收敛，共 198 轮迭代
    [CG] [CG-NODE] depth=6 exit=CERTIFIED certified=1 feasible=1 iters=19 generatedColsBeforeNode=1129 newCols=52 posCandidates=52 duplicateCandidates=0 updatedCols=0 zeroObjImproveIters=16 objFirst=1563335.285149 objLast=1588316.768470 objGain=24981.483321 maxRC=77892.575252 wallSec=0.359029 pricingSec=0.346469 cplexSolveSec=0.008844
    [CG] [BB-DIAG] 分支 x_{dc=4,retailer=22}, 节点数=8
    [CG] 列生成开始，初始列数=747
    [CG] CG iter 199: obj=1586854.894202, maxRC=11836.872352, +3 cols
    [CG]   [DIAG] iter=199 posCols=3 newCols=3 effImprove=3 updated=0
    [CG] CG iter 200: obj=1586854.894202, maxRC=8216.393663, +3 cols
    [CG]   [DIAG] iter=200 posCols=3 newCols=3 effImprove=3 updated=0
    [CG] CG iter 201: obj=1586854.894202, maxRC=9114.086845, +3 cols
    [CG]   [DIAG] iter=201 posCols=3 newCols=3 effImprove=3 updated=0
    [CG] CG iter 202: obj=1586854.894202, maxRC=5009.820814, +3 cols
    [CG]   [DIAG] iter=202 posCols=3 newCols=3 effImprove=3 updated=0
    [CG] CG iter 203: obj=1586854.894202, maxRC=2306.013777, +3 cols
    [CG]   [DIAG] iter=203 posCols=3 newCols=3 effImprove=3 updated=0
    [CG] CG iter 204: obj=1586854.894202, maxRC=2195.132386, +2 cols
    [CG]   [DIAG] iter=204 posCols=2 newCols=2 effImprove=2 updated=0
    [CG] CG iter 205: obj=1586854.894202, maxRC=1546.643667, +1 cols
    [CG]   [DIAG] iter=205 posCols=1 newCols=1 effImprove=1 updated=0
    [CG] CG iter 206: obj=1586854.894202, maxRC=1151.361331, +1 cols
    [CG]   [DIAG] iter=206 posCols=1 newCols=1 effImprove=1 updated=0
    [CG] 列生成收敛，共 207 轮迭代
    [CG] [CG-NODE] depth=7 exit=CERTIFIED certified=1 feasible=1 iters=9 generatedColsBeforeNode=1181 newCols=19 posCandidates=19 duplicateCandidates=0 updatedCols=0 zeroObjImproveIters=8 objFirst=1586854.894202 objLast=1586854.894202 objGain=-0.000000 maxRC=11836.872352 wallSec=0.231197 pricingSec=0.224560 cplexSolveSec=0.004371
    [CG] 列生成开始，初始列数=750
    [CG] CG iter 208: obj=1578134.537035, maxRC=76977.605693, +11 cols
    [CG]   [DIAG] iter=208 posCols=11 newCols=11 effImprove=11 updated=0
    [CG] CG iter 209: obj=1580552.697389, maxRC=111924.216257, +12 cols
    [CG]   [DIAG] iter=209 posCols=12 newCols=12 effImprove=12 updated=0
    [CG] CG iter 210: obj=1580552.697389, maxRC=94693.541626, +7 cols
    [CG]   [DIAG] iter=210 posCols=7 newCols=7 effImprove=7 updated=0
    [CG] CG iter 211: obj=1580552.697389, maxRC=64213.278468, +8 cols
    [CG]   [DIAG] iter=211 posCols=8 newCols=8 effImprove=8 updated=0
    [CG] CG iter 212: obj=1580552.697389, maxRC=42376.848752, +4 cols
    [CG]   [DIAG] iter=212 posCols=4 newCols=4 effImprove=4 updated=0
    [CG] CG iter 213: obj=1580552.697389, maxRC=53922.450918, +5 cols
    [CG]   [DIAG] iter=213 posCols=5 newCols=5 effImprove=5 updated=0
    [CG] CG iter 214: obj=1581072.991868, maxRC=22345.162677, +4 cols
    [CG]   [DIAG] iter=214 posCols=4 newCols=4 effImprove=4 updated=0
    [CG] CG iter 215: obj=1581072.991868, maxRC=13203.044536, +3 cols
    [CG]   [DIAG] iter=215 posCols=3 newCols=3 effImprove=3 updated=0
    [CG] CG iter 216: obj=1581072.991868, maxRC=14193.596205, +3 cols
    [CG]   [DIAG] iter=216 posCols=3 newCols=3 effImprove=3 updated=0
    [CG] CG iter 217: obj=1584027.760819, maxRC=10130.785618, +3 cols
    [CG]   [DIAG] iter=217 posCols=3 newCols=3 effImprove=3 updated=0
    [CG] CG iter 218: obj=1584027.760819, maxRC=8088.883091, +3 cols
    [CG]   [DIAG] iter=218 posCols=3 newCols=3 effImprove=3 updated=0
    [CG] CG iter 219: obj=1584027.760819, maxRC=7016.693707, +4 cols
    [CG]   [DIAG] iter=219 posCols=4 newCols=4 effImprove=4 updated=0
    [CG] CG iter 220: obj=1584027.760819, maxRC=1545.548318, +2 cols
    [CG]   [DIAG] iter=220 posCols=2 newCols=2 effImprove=2 updated=0
    [CG] 列生成收敛，共 221 轮迭代
    [CG] [CG-NODE] depth=7 exit=CERTIFIED certified=1 feasible=1 iters=14 generatedColsBeforeNode=1200 newCols=69 posCandidates=69 duplicateCandidates=0 updatedCols=0 zeroObjImproveIters=10 objFirst=1578134.537035 objLast=1584027.760819 objGain=5893.223784 maxRC=111924.216257 wallSec=0.379006 pricingSec=0.367110 cplexSolveSec=0.008099
    [CG] [BB-DIAG] 分支 x_{dc=2,retailer=24}, 节点数=9
    [CG] 列生成开始，初始列数=793
    [CG] CG iter 222: obj=1622526.822986, maxRC=16120.432541, +5 cols
    [CG]   [DIAG] iter=222 posCols=5 newCols=5 effImprove=5 updated=0
    [CG] CG iter 223: obj=1622526.822986, maxRC=3591.622611, +3 cols
    [CG]   [DIAG] iter=223 posCols=3 newCols=3 effImprove=3 updated=0
    [CG] CG iter 224: obj=1622526.822986, maxRC=4737.172050, +4 cols
    [CG]   [DIAG] iter=224 posCols=4 newCols=4 effImprove=4 updated=0
    [CG] CG iter 225: obj=1622526.822986, maxRC=959.741625, +2 cols
    [CG]   [DIAG] iter=225 posCols=2 newCols=2 effImprove=2 updated=0
    [CG] 列生成收敛，共 226 轮迭代
    [CG] [CG-NODE] depth=5 exit=CERTIFIED certified=1 feasible=1 iters=5 generatedColsBeforeNode=1269 newCols=14 posCandidates=14 duplicateCandidates=0 updatedCols=0 zeroObjImproveIters=4 objFirst=1622526.822986 objLast=1622526.822986 objGain=0.000000 maxRC=16120.432541 wallSec=0.138549 pricingSec=0.132136 cplexSolveSec=0.004069
    [CG] 列生成开始，初始列数=790
    [CG] CG iter 227: obj=1620110.794660, maxRC=56513.521469, +10 cols
    [CG]   [DIAG] iter=227 posCols=10 newCols=10 effImprove=10 updated=0
    [CG] CG iter 228: obj=1620110.794660, maxRC=7680.596336, +5 cols
    [CG]   [DIAG] iter=228 posCols=5 newCols=5 effImprove=5 updated=0
    [CG] CG iter 229: obj=1620110.794660, maxRC=12053.872195, +5 cols
    [CG]   [DIAG] iter=229 posCols=5 newCols=5 effImprove=5 updated=0
    [CG] CG iter 230: obj=1621060.590266, maxRC=7649.018634, +5 cols
    [CG]   [DIAG] iter=230 posCols=5 newCols=5 effImprove=5 updated=0
    [CG] CG iter 231: obj=1621060.590266, maxRC=7367.646037, +3 cols
    [CG]   [DIAG] iter=231 posCols=3 newCols=3 effImprove=3 updated=0
    [CG] CG iter 232: obj=1622031.853451, maxRC=5680.438948, +3 cols
    [CG]   [DIAG] iter=232 posCols=3 newCols=3 effImprove=3 updated=0
    [CG] CG iter 233: obj=1622031.853451, maxRC=3144.522668, +4 cols
    [CG]   [DIAG] iter=233 posCols=4 newCols=4 effImprove=4 updated=0
    [CG] CG iter 234: obj=1622031.853451, maxRC=731.293593, +2 cols
    [CG]   [DIAG] iter=234 posCols=2 newCols=2 effImprove=2 updated=0
    [CG] 列生成收敛，共 235 轮迭代
    [CG] [CG-NODE] depth=5 exit=CERTIFIED certified=1 feasible=1 iters=9 generatedColsBeforeNode=1283 newCols=37 posCandidates=37 duplicateCandidates=0 updatedCols=0 zeroObjImproveIters=6 objFirst=1620110.794660 objLast=1622031.853451 objGain=1921.058791 maxRC=56513.521469 wallSec=0.238088 pricingSec=0.229493 cplexSolveSec=0.005589
    [CG] [BB-DIAG] 分支 x_{dc=3,retailer=0}, 节点数=10
    [CG] 列生成开始，初始列数=687
    [CG] CG iter 236: obj=1586385.736654, maxRC=66238.585678, +7 cols
    [CG]   [DIAG] iter=236 posCols=7 newCols=7 effImprove=7 updated=0
    [CG] CG iter 237: obj=1592098.439145, maxRC=15721.854112, +4 cols
    [CG]   [DIAG] iter=237 posCols=4 newCols=4 effImprove=4 updated=0
    [CG] CG iter 238: obj=1593724.920480, maxRC=16523.368908, +3 cols
    [CG]   [DIAG] iter=238 posCols=3 newCols=3 effImprove=3 updated=0
    [CG] CG iter 239: obj=1595282.324526, maxRC=10050.933026, +3 cols
    [CG]   [DIAG] iter=239 posCols=3 newCols=3 effImprove=3 updated=0
    [CG] CG iter 240: obj=1596552.474619, maxRC=7904.290055, +3 cols
    [CG]   [DIAG] iter=240 posCols=3 newCols=3 effImprove=3 updated=0
    [CG] CG iter 241: obj=1598208.812498, maxRC=5053.609515, +3 cols
    [CG]   [DIAG] iter=241 posCols=3 newCols=3 effImprove=3 updated=0
    [CG] CG iter 242: obj=1598208.812498, maxRC=2959.845961, +3 cols
    [CG]   [DIAG] iter=242 posCols=3 newCols=3 effImprove=3 updated=0
    [CG] CG iter 243: obj=1598488.634140, maxRC=2837.691511, +3 cols
    [CG]   [DIAG] iter=243 posCols=3 newCols=3 effImprove=3 updated=0
    [CG] CG iter 244: obj=1598488.634140, maxRC=1094.223013, +2 cols
    [CG]   [DIAG] iter=244 posCols=2 newCols=2 effImprove=2 updated=0
    [CG] CG iter 245: obj=1598488.634140, maxRC=615.810067, +1 cols
    [CG]   [DIAG] iter=245 posCols=1 newCols=1 effImprove=1 updated=0
    [CG] CG iter 246: obj=1598488.634140, maxRC=869.808056, +1 cols
    [CG]   [DIAG] iter=246 posCols=1 newCols=1 effImprove=1 updated=0
    [CG] CG iter 247: obj=1598488.634140, maxRC=592.850317, +1 cols
    [CG]   [DIAG] iter=247 posCols=1 newCols=1 effImprove=1 updated=0
    [CG] CG iter 248: obj=1598488.634140, maxRC=447.971279, +1 cols
    [CG]   [DIAG] iter=248 posCols=1 newCols=1 effImprove=1 updated=0
    [CG] CG iter 249: obj=1598488.634140, maxRC=322.861570, +1 cols
    [CG]   [DIAG] iter=249 posCols=1 newCols=1 effImprove=1 updated=0
    [CG] 列生成收敛，共 250 轮迭代
    [CG] [CG-NODE] depth=6 exit=CERTIFIED certified=1 feasible=1 iters=15 generatedColsBeforeNode=1320 newCols=36 posCandidates=36 duplicateCandidates=0 updatedCols=0 zeroObjImproveIters=8 objFirst=1586385.736654 objLast=1598488.634140 objGain=12102.897486 maxRC=66238.585678 wallSec=0.394167 pricingSec=0.385000 cplexSolveSec=0.006498
    [CG] 列生成开始，初始列数=728
    [CG] CG iter 251: obj=1605878.382284, maxRC=44058.087529, +6 cols
    [CG]   [DIAG] iter=251 posCols=6 newCols=6 effImprove=6 updated=0
    [CG] CG iter 252: obj=1605878.382284, maxRC=40371.080945, +3 cols
    [CG]   [DIAG] iter=252 posCols=3 newCols=3 effImprove=3 updated=0
    [CG] CG iter 253: obj=1605878.382284, maxRC=14610.365405, +3 cols
    [CG]   [DIAG] iter=253 posCols=3 newCols=3 effImprove=3 updated=0
    [CG] CG iter 254: obj=1606121.472425, maxRC=26043.855151, +7 cols
    [CG]   [DIAG] iter=254 posCols=7 newCols=7 effImprove=7 updated=0
    [CG] CG iter 255: obj=1606121.472425, maxRC=16945.952313, +2 cols
    [CG]   [DIAG] iter=255 posCols=2 newCols=2 effImprove=2 updated=0
    [CG] CG iter 256: obj=1607300.730000, maxRC=40486.607650, +3 cols
    [CG]   [DIAG] iter=256 posCols=3 newCols=3 effImprove=3 updated=0
    [CG] CG iter 257: obj=1607300.730000, maxRC=9893.429321, +3 cols
    [CG]   [DIAG] iter=257 posCols=3 newCols=3 effImprove=3 updated=0
    [CG] CG iter 258: obj=1608399.999925, maxRC=10211.225842, +3 cols
    [CG]   [DIAG] iter=258 posCols=3 newCols=3 effImprove=3 updated=0
    [CG] CG iter 259: obj=1608399.999925, maxRC=12808.895682, +3 cols
    [CG]   [DIAG] iter=259 posCols=3 newCols=3 effImprove=3 updated=0
    [CG] CG iter 260: obj=1608399.999925, maxRC=4073.003578, +1 cols
    [CG]   [DIAG] iter=260 posCols=1 newCols=1 effImprove=1 updated=0
    [CG] CG iter 261: obj=1612473.003503, maxRC=6528.777663, +2 cols
    [CG]   [DIAG] iter=261 posCols=2 newCols=2 effImprove=2 updated=0
    [CG] CG iter 262: obj=1612473.003503, maxRC=3431.283363, +3 cols
    [CG]   [DIAG] iter=262 posCols=3 newCols=3 effImprove=3 updated=0
    [CG] CG iter 263: obj=1612473.003503, maxRC=2061.756036, +1 cols
    [CG]   [DIAG] iter=263 posCols=1 newCols=1 effImprove=1 updated=0
    [CG] CG iter 264: obj=1612473.003503, maxRC=1819.991329, +1 cols
    [CG]   [DIAG] iter=264 posCols=1 newCols=1 effImprove=1 updated=0
    [CG] CG iter 265: obj=1612473.003503, maxRC=1065.429672, +2 cols
    [CG]   [DIAG] iter=265 posCols=2 newCols=2 effImprove=2 updated=0
    [CG] CG iter 266: obj=1612473.003503, maxRC=279.495633, +1 cols
    [CG]   [DIAG] iter=266 posCols=1 newCols=1 effImprove=1 updated=0
    [CG] 列生成收敛，共 267 轮迭代
    [CG] [CG-NODE] depth=6 exit=CERTIFIED certified=1 feasible=1 iters=17 generatedColsBeforeNode=1356 newCols=44 posCandidates=44 duplicateCandidates=0 updatedCols=0 zeroObjImproveIters=12 objFirst=1605878.382284 objLast=1612473.003503 objGain=6594.621220 maxRC=44058.087529 wallSec=0.375969 pricingSec=0.364425 cplexSolveSec=0.007894
    [CG] [BB-INCUMBENT] selection=13 node=10 previous=1589022.588588 value=1612473.003503 active=5
    [CG] [BB-DIAG] 分支 x_{dc=3,retailer=0}, 节点数=11
    [CG] 列生成开始，初始列数=671
    [CG] CG iter 268: obj=1580966.390913, maxRC=86213.527267, +12 cols
    [CG]   [DIAG] iter=268 posCols=12 newCols=12 effImprove=12 updated=0
    [CG] CG iter 269: obj=1588873.372047, maxRC=48890.222986, +8 cols
    [CG]   [DIAG] iter=269 posCols=8 newCols=8 effImprove=8 updated=0
    [CG] CG iter 270: obj=1590796.525319, maxRC=48667.937691, +7 cols
    [CG]   [DIAG] iter=270 posCols=7 newCols=7 effImprove=7 updated=0
    [CG] CG iter 271: obj=1590796.525319, maxRC=30628.212102, +4 cols
    [CG]   [DIAG] iter=271 posCols=4 newCols=4 effImprove=4 updated=0
    [CG] CG iter 272: obj=1593595.390107, maxRC=21989.285359, +4 cols
    [CG]   [DIAG] iter=272 posCols=4 newCols=4 effImprove=4 updated=0
    [CG] CG iter 273: obj=1596469.478880, maxRC=21588.476231, +4 cols
    [CG]   [DIAG] iter=273 posCols=4 newCols=4 effImprove=4 updated=0
    [CG] CG iter 274: obj=1600364.718133, maxRC=19417.583973, +4 cols
    [CG]   [DIAG] iter=274 posCols=4 newCols=4 effImprove=4 updated=0
    [CG] CG iter 275: obj=1600373.488251, maxRC=13063.885827, +5 cols
    [CG]   [DIAG] iter=275 posCols=5 newCols=5 effImprove=5 updated=0
    [CG] CG iter 276: obj=1603625.208266, maxRC=9494.068604, +3 cols
    [CG]   [DIAG] iter=276 posCols=3 newCols=3 effImprove=3 updated=0
    [CG] CG iter 277: obj=1603625.208266, maxRC=9667.991516, +3 cols
    [CG]   [DIAG] iter=277 posCols=3 newCols=3 effImprove=3 updated=0
    [CG] CG iter 278: obj=1603625.208266, maxRC=2067.850787, +3 cols
    [CG]   [DIAG] iter=278 posCols=3 newCols=3 effImprove=3 updated=0
    [CG] CG iter 279: obj=1604142.170962, maxRC=2029.159973, +3 cols
    [CG]   [DIAG] iter=279 posCols=3 newCols=3 effImprove=3 updated=0
    [CG] CG iter 280: obj=1604142.170962, maxRC=923.376727, +3 cols
    [CG]   [DIAG] iter=280 posCols=3 newCols=3 effImprove=3 updated=0
    [CG] CG iter 281: obj=1604187.459395, maxRC=136.382466, +1 cols
    [CG]   [DIAG] iter=281 posCols=1 newCols=1 effImprove=1 updated=0
    [CG] 列生成收敛，共 282 轮迭代
    [CG] [CG-NODE] depth=6 exit=CERTIFIED certified=1 feasible=1 iters=15 generatedColsBeforeNode=1400 newCols=64 posCandidates=64 duplicateCandidates=0 updatedCols=0 zeroObjImproveIters=5 objFirst=1580966.390913 objLast=1604187.459395 objGain=23221.068482 maxRC=86213.527267 wallSec=0.324928 pricingSec=0.314388 cplexSolveSec=0.007393
    [CG] 列生成开始，初始列数=716
    [CG] CG iter 283: obj=1613892.696219, maxRC=33101.392767, +5 cols
    [CG]   [DIAG] iter=283 posCols=5 newCols=5 effImprove=5 updated=0
    [CG] CG iter 284: obj=1613892.696219, maxRC=35252.582880, +4 cols
    [CG]   [DIAG] iter=284 posCols=4 newCols=4 effImprove=4 updated=0
    [CG] CG iter 285: obj=1613892.696219, maxRC=24409.775735, +6 cols
    [CG]   [DIAG] iter=285 posCols=6 newCols=6 effImprove=6 updated=0
    [CG] CG iter 286: obj=1613892.696219, maxRC=29839.606699, +6 cols
    [CG]   [DIAG] iter=286 posCols=6 newCols=6 effImprove=6 updated=0
    [CG] CG iter 287: obj=1613892.696219, maxRC=8230.956453, +3 cols
    [CG]   [DIAG] iter=287 posCols=3 newCols=3 effImprove=3 updated=0
    [CG] CG iter 288: obj=1613892.696219, maxRC=8116.713415, +2 cols
    [CG]   [DIAG] iter=288 posCols=2 newCols=2 effImprove=2 updated=0
    [CG] CG iter 289: obj=1613892.696219, maxRC=6191.680344, +2 cols
    [CG]   [DIAG] iter=289 posCols=2 newCols=2 effImprove=2 updated=0
    [CG] CG iter 290: obj=1613892.696219, maxRC=7352.096266, +3 cols
    [CG]   [DIAG] iter=290 posCols=3 newCols=3 effImprove=3 updated=0
    [CG] CG iter 291: obj=1613892.696219, maxRC=5925.654816, +3 cols
    [CG]   [DIAG] iter=291 posCols=3 newCols=3 effImprove=3 updated=0
    [CG] CG iter 292: obj=1613892.696219, maxRC=1821.682339, +2 cols
    [CG]   [DIAG] iter=292 posCols=2 newCols=2 effImprove=2 updated=0
    [CG] CG iter 293: obj=1613892.696219, maxRC=1412.198267, +2 cols
    [CG]   [DIAG] iter=293 posCols=2 newCols=2 effImprove=2 updated=0
    [CG] CG iter 294: obj=1613892.696219, maxRC=814.912732, +1 cols
    [CG]   [DIAG] iter=294 posCols=1 newCols=1 effImprove=1 updated=0
    [CG] 列生成收敛，共 295 轮迭代
    [CG] [CG-NODE] depth=6 exit=CERTIFIED certified=1 feasible=1 iters=13 generatedColsBeforeNode=1464 newCols=39 posCandidates=39 duplicateCandidates=0 updatedCols=0 zeroObjImproveIters=12 objFirst=1613892.696219 objLast=1613892.696219 objGain=0.000000 maxRC=35252.582880 wallSec=0.225097 pricingSec=0.216363 cplexSolveSec=0.006035
    [CG] [BB-INCUMBENT] selection=16 node=11 previous=1612473.003503 value=1613892.696219 active=3
    [CG] [BB-DIAG] 分支 x_{dc=2,retailer=11}, 节点数=12
    [CG] 列生成开始，初始列数=776
    [CG] CG iter 296: obj=1604183.044251, maxRC=30277.799761, +10 cols
    [CG]   [DIAG] iter=296 posCols=10 newCols=10 effImprove=10 updated=0
    [CG] CG iter 297: obj=1612196.921857, maxRC=21056.912306, +7 cols
    [CG]   [DIAG] iter=297 posCols=7 newCols=7 effImprove=7 updated=0
    [CG] CG iter 298: obj=1612214.790174, maxRC=10709.211833, +6 cols
    [CG]   [DIAG] iter=298 posCols=6 newCols=5 effImprove=6 updated=1
    [CG] CG iter 299: obj=1612326.057164, maxRC=7200.212222, +6 cols
    [CG]   [DIAG] iter=299 posCols=6 newCols=6 effImprove=6 updated=0
    [CG] CG iter 300: obj=1613399.611902, maxRC=15302.860692, +3 cols
    [CG]   [DIAG] iter=300 posCols=3 newCols=3 effImprove=3 updated=0
    [CG] CG iter 301: obj=1613399.611902, maxRC=4640.510371, +3 cols
    [CG]   [DIAG] iter=301 posCols=3 newCols=3 effImprove=3 updated=0
    [CG] CG iter 302: obj=1613399.611902, maxRC=3510.857355, +3 cols
    [CG]   [DIAG] iter=302 posCols=3 newCols=3 effImprove=3 updated=0
    [CG] CG iter 303: obj=1613399.611902, maxRC=1565.895202, +3 cols
    [CG]   [DIAG] iter=303 posCols=3 newCols=3 effImprove=3 updated=0
    [CG] CG iter 304: obj=1613399.611902, maxRC=29.516274, +1 cols
    [CG]   [DIAG] iter=304 posCols=1 newCols=1 effImprove=1 updated=0
    [CG] 列生成收敛，共 305 轮迭代
    [CG] [CG-NODE] depth=4 exit=CERTIFIED certified=1 feasible=1 iters=10 generatedColsBeforeNode=1503 newCols=41 posCandidates=42 duplicateCandidates=1 updatedCols=1 zeroObjImproveIters=5 objFirst=1604183.044251 objLast=1613399.611902 objGain=9216.567651 maxRC=30277.799761 wallSec=0.265687 pricingSec=0.257408 cplexSolveSec=0.005543
    [CG] 列生成开始，初始列数=805
    [CG] CG iter 306: obj=1602628.895197, maxRC=94875.471448, +14 cols
    [CG]   [DIAG] iter=306 posCols=14 newCols=13 effImprove=14 updated=1
    [CG] CG iter 307: obj=1603711.686006, maxRC=82522.222185, +6 cols
    [CG]   [DIAG] iter=307 posCols=6 newCols=6 effImprove=6 updated=0
    [CG] CG iter 308: obj=1603711.686006, maxRC=78693.251398, +4 cols
    [CG]   [DIAG] iter=308 posCols=4 newCols=4 effImprove=4 updated=0
    [CG] CG iter 309: obj=1603711.686006, maxRC=68332.972029, +7 cols
    [CG]   [DIAG] iter=309 posCols=7 newCols=7 effImprove=7 updated=0
    [CG] CG iter 310: obj=1603711.686006, maxRC=58768.670368, +5 cols
    [CG]   [DIAG] iter=310 posCols=5 newCols=5 effImprove=5 updated=0
    [CG] CG iter 311: obj=1603711.686006, maxRC=58872.068818, +6 cols
    [CG]   [DIAG] iter=311 posCols=6 newCols=6 effImprove=6 updated=0
    [CG] CG iter 312: obj=1609262.381947, maxRC=20792.802321, +4 cols
    [CG]   [DIAG] iter=312 posCols=4 newCols=4 effImprove=4 updated=0
    [CG] CG iter 313: obj=1609262.381947, maxRC=19216.918266, +2 cols
    [CG]   [DIAG] iter=313 posCols=2 newCols=2 effImprove=2 updated=0
    [CG] CG iter 314: obj=1609262.381947, maxRC=16958.390996, +3 cols
    [CG]   [DIAG] iter=314 posCols=3 newCols=3 effImprove=3 updated=0
    [CG] CG iter 315: obj=1609262.381947, maxRC=16553.736280, +3 cols
    [CG]   [DIAG] iter=315 posCols=3 newCols=3 effImprove=3 updated=0
    [CG] CG iter 316: obj=1612573.129203, maxRC=10423.291648, +3 cols
    [CG]   [DIAG] iter=316 posCols=3 newCols=3 effImprove=3 updated=0
    [CG] CG iter 317: obj=1612573.129203, maxRC=5644.339183, +2 cols
    [CG]   [DIAG] iter=317 posCols=2 newCols=2 effImprove=2 updated=0
    [CG] CG iter 318: obj=1615395.298794, maxRC=2901.495167, +2 cols
    [CG]   [DIAG] iter=318 posCols=2 newCols=2 effImprove=2 updated=0
    [CG] CG iter 319: obj=1615395.298794, maxRC=2345.079470, +1 cols
    [CG]   [DIAG] iter=319 posCols=1 newCols=1 effImprove=1 updated=0
    [CG] CG iter 320: obj=1615395.298794, maxRC=886.836746, +1 cols
    [CG]   [DIAG] iter=320 posCols=1 newCols=1 effImprove=1 updated=0
    [CG] 列生成收敛，共 321 轮迭代
    [CG] [CG-NODE] depth=4 exit=CERTIFIED certified=1 feasible=1 iters=16 generatedColsBeforeNode=1544 newCols=62 posCandidates=63 duplicateCandidates=1 updatedCols=1 zeroObjImproveIters=11 objFirst=1602628.895197 objLast=1615395.298794 objGain=12766.403598 maxRC=94875.471448 wallSec=0.393051 pricingSec=0.379173 cplexSolveSec=0.009467
    [CG] [BB-DIAG] 分支 x_{dc=4,retailer=0}, 节点数=13
    [CG] 列生成开始，初始列数=840
    [CG] CG iter 322: obj=1576982.280157, maxRC=40997.823366, +12 cols
    [CG]   [DIAG] iter=322 posCols=12 newCols=12 effImprove=12 updated=0
    [CG] CG iter 323: obj=1594350.498466, maxRC=22159.035989, +7 cols
    [CG]   [DIAG] iter=323 posCols=7 newCols=7 effImprove=7 updated=0
    [CG] CG iter 324: obj=1596607.019722, maxRC=5944.949138, +4 cols
    [CG]   [DIAG] iter=324 posCols=4 newCols=4 effImprove=4 updated=0
    [CG] CG iter 325: obj=1596607.019722, maxRC=8618.690815, +2 cols
    [CG]   [DIAG] iter=325 posCols=2 newCols=2 effImprove=2 updated=0
    [CG] CG iter 326: obj=1596607.019722, maxRC=3746.015892, +2 cols
    [CG]   [DIAG] iter=326 posCols=2 newCols=2 effImprove=2 updated=0
    [CG] CG iter 327: obj=1596607.019722, maxRC=3037.713222, +2 cols
    [CG]   [DIAG] iter=327 posCols=2 newCols=2 effImprove=2 updated=0
    [CG] CG iter 328: obj=1599644.732944, maxRC=2627.874942, +3 cols
    [CG]   [DIAG] iter=328 posCols=3 newCols=3 effImprove=3 updated=0
    [CG] 列生成收敛，共 329 轮迭代
    [CG] [CG-NODE] depth=5 exit=CERTIFIED certified=1 feasible=1 iters=8 generatedColsBeforeNode=1606 newCols=32 posCandidates=32 duplicateCandidates=0 updatedCols=0 zeroObjImproveIters=4 objFirst=1576982.280157 objLast=1599644.732944 objGain=22662.452787 maxRC=40997.823366 wallSec=0.232510 pricingSec=0.223990 cplexSolveSec=0.005347
    [CG] 列生成开始，初始列数=847
    [CG] CG iter 330: obj=1603711.686006, maxRC=27098.055918, +6 cols
    [CG]   [DIAG] iter=330 posCols=6 newCols=6 effImprove=6 updated=0
    [CG] CG iter 331: obj=1603711.686006, maxRC=15196.413400, +6 cols
    [CG]   [DIAG] iter=331 posCols=6 newCols=6 effImprove=6 updated=0
    [CG] CG iter 332: obj=1603711.686006, maxRC=13449.115761, +5 cols
    [CG]   [DIAG] iter=332 posCols=5 newCols=5 effImprove=5 updated=0
    [CG] CG iter 333: obj=1603711.686006, maxRC=7878.100529, +5 cols
    [CG]   [DIAG] iter=333 posCols=5 newCols=5 effImprove=5 updated=0
    [CG] CG iter 334: obj=1603711.686006, maxRC=4717.511057, +3 cols
    [CG]   [DIAG] iter=334 posCols=3 newCols=3 effImprove=3 updated=0
    [CG] CG iter 335: obj=1603711.686006, maxRC=3247.731464, +2 cols
    [CG]   [DIAG] iter=335 posCols=2 newCols=2 effImprove=2 updated=0
    [CG] 列生成收敛，共 336 轮迭代
    [CG] [CG-NODE] depth=5 exit=CERTIFIED certified=1 feasible=1 iters=7 generatedColsBeforeNode=1638 newCols=27 posCandidates=27 duplicateCandidates=0 updatedCols=0 zeroObjImproveIters=6 objFirst=1603711.686006 objLast=1603711.686006 objGain=0.000000 maxRC=27098.055918 wallSec=0.172926 pricingSec=0.165270 cplexSolveSec=0.004826
    [CG] [BB-DIAG] 分支 x_{dc=2,retailer=1}, 节点数=14
    [CG] 列生成开始，初始列数=780
    [CG] CG iter 337: obj=1641673.425940, maxRC=29330.823248, +11 cols
    [CG]   [DIAG] iter=337 posCols=11 newCols=10 effImprove=11 updated=1
    [CG] CG iter 338: obj=1644204.503294, maxRC=4968.920860, +6 cols
    [CG]   [DIAG] iter=338 posCols=6 newCols=6 effImprove=6 updated=0
    [CG] CG iter 339: obj=1645860.810247, maxRC=3110.943346, +5 cols
    [CG]   [DIAG] iter=339 posCols=5 newCols=5 effImprove=5 updated=0
    [CG] 列生成收敛，共 340 轮迭代
    [CG] [CG-NODE] depth=3 exit=CERTIFIED certified=1 feasible=1 iters=4 generatedColsBeforeNode=1665 newCols=21 posCandidates=22 duplicateCandidates=1 updatedCols=1 zeroObjImproveIters=1 objFirst=1641673.425940 objLast=1645860.810247 objGain=4187.384307 maxRC=29330.823248 wallSec=0.115381 pricingSec=0.109054 cplexSolveSec=0.004126
    [CG] 列生成开始，初始列数=747
    [CG] CG iter 341: obj=1627969.832612, maxRC=36730.422702, +9 cols
    [CG]   [DIAG] iter=341 posCols=9 newCols=9 effImprove=9 updated=0
    [CG] CG iter 342: obj=1634360.045801, maxRC=10991.141957, +5 cols
    [CG]   [DIAG] iter=342 posCols=5 newCols=5 effImprove=5 updated=0
    [CG] CG iter 343: obj=1634360.045801, maxRC=9547.532721, +4 cols
    [CG]   [DIAG] iter=343 posCols=4 newCols=4 effImprove=4 updated=0
    [CG] CG iter 344: obj=1634429.919377, maxRC=7589.755516, +4 cols
    [CG]   [DIAG] iter=344 posCols=4 newCols=4 effImprove=4 updated=0
    [CG] CG iter 345: obj=1634429.919377, maxRC=5654.030474, +4 cols
    [CG]   [DIAG] iter=345 posCols=4 newCols=4 effImprove=4 updated=0
    [CG] CG iter 346: obj=1636274.411022, maxRC=2645.182064, +4 cols
    [CG]   [DIAG] iter=346 posCols=4 newCols=4 effImprove=4 updated=0
    [CG] CG iter 347: obj=1636434.194821, maxRC=2052.378292, +3 cols
    [CG]   [DIAG] iter=347 posCols=3 newCols=3 effImprove=3 updated=0
    [CG] CG iter 348: obj=1636434.194821, maxRC=1110.173981, +1 cols
    [CG]   [DIAG] iter=348 posCols=1 newCols=1 effImprove=1 updated=0
    [CG] 列生成收敛，共 349 轮迭代
    [CG] [CG-NODE] depth=3 exit=CERTIFIED certified=1 feasible=1 iters=9 generatedColsBeforeNode=1686 newCols=34 posCandidates=34 duplicateCandidates=0 updatedCols=0 zeroObjImproveIters=4 objFirst=1627969.832612 objLast=1636434.194821 objGain=8464.362209 maxRC=36730.422702 wallSec=0.216360 pricingSec=0.209530 cplexSolveSec=0.004564
    [CG] [BB-DIAG] 分支 x_{dc=2,retailer=2}, 节点数=15
    [CG] 列生成开始，初始列数=769
    [CG] CG iter 350: obj=1626245.432339, maxRC=18222.878350, +11 cols
    [CG]   [DIAG] iter=350 posCols=11 newCols=11 effImprove=11 updated=0
    [CG] CG iter 351: obj=1636378.383141, maxRC=20313.963502, +9 cols
    [CG]   [DIAG] iter=351 posCols=9 newCols=9 effImprove=9 updated=0
    [CG] CG iter 352: obj=1636378.383141, maxRC=14489.811810, +3 cols
    [CG]   [DIAG] iter=352 posCols=3 newCols=3 effImprove=3 updated=0
    [CG] CG iter 353: obj=1636378.383141, maxRC=7892.659666, +4 cols
    [CG]   [DIAG] iter=353 posCols=4 newCols=4 effImprove=4 updated=0
    [CG] CG iter 354: obj=1636378.383141, maxRC=8100.902859, +3 cols
    [CG]   [DIAG] iter=354 posCols=3 newCols=3 effImprove=3 updated=0
    [CG] CG iter 355: obj=1636378.383141, maxRC=7204.111717, +3 cols
    [CG]   [DIAG] iter=355 posCols=3 newCols=3 effImprove=3 updated=0
    [CG] CG iter 356: obj=1636378.383141, maxRC=3904.173817, +3 cols
    [CG]   [DIAG] iter=356 posCols=3 newCols=3 effImprove=3 updated=0
    [CG] CG iter 357: obj=1636378.383141, maxRC=2262.966310, +2 cols
    [CG]   [DIAG] iter=357 posCols=2 newCols=2 effImprove=2 updated=0
    [CG] CG iter 358: obj=1636378.383141, maxRC=1949.661138, +2 cols
    [CG]   [DIAG] iter=358 posCols=2 newCols=2 effImprove=2 updated=0
    [CG] CG iter 359: obj=1636378.383141, maxRC=639.113331, +1 cols
    [CG]   [DIAG] iter=359 posCols=1 newCols=1 effImprove=1 updated=0
    [CG] 列生成收敛，共 360 轮迭代
    [CG] [CG-NODE] depth=4 exit=CERTIFIED certified=1 feasible=1 iters=11 generatedColsBeforeNode=1720 newCols=41 posCandidates=41 duplicateCandidates=0 updatedCols=0 zeroObjImproveIters=9 objFirst=1626245.432339 objLast=1636378.383141 objGain=10132.950801 maxRC=20313.963502 wallSec=0.279366 pricingSec=0.270414 cplexSolveSec=0.006149
    [CG] 列生成开始，初始列数=772
    [CG] CG iter 361: obj=1634728.971898, maxRC=81490.754204, +9 cols
    [CG]   [DIAG] iter=361 posCols=9 newCols=9 effImprove=9 updated=0
    [CG] CG iter 362: obj=1634728.971898, maxRC=37271.641531, +4 cols
    [CG]   [DIAG] iter=362 posCols=4 newCols=4 effImprove=4 updated=0
    [CG] CG iter 363: obj=1634728.971898, maxRC=17930.716965, +6 cols
    [CG]   [DIAG] iter=363 posCols=6 newCols=6 effImprove=6 updated=0
    [CG] CG iter 364: obj=1634728.971898, maxRC=20770.446533, +4 cols
    [CG]   [DIAG] iter=364 posCols=4 newCols=4 effImprove=4 updated=0
    [CG] CG iter 365: obj=1634728.971898, maxRC=17542.073811, +6 cols
    [CG]   [DIAG] iter=365 posCols=6 newCols=6 effImprove=6 updated=0
    [CG] CG iter 366: obj=1634728.971898, maxRC=8784.899258, +4 cols
    [CG]   [DIAG] iter=366 posCols=4 newCols=4 effImprove=4 updated=0
    [CG] CG iter 367: obj=1634728.971898, maxRC=2891.209852, +3 cols
    [CG]   [DIAG] iter=367 posCols=3 newCols=3 effImprove=3 updated=0
    [CG] CG iter 368: obj=1634728.971898, maxRC=1160.231935, +2 cols
    [CG]   [DIAG] iter=368 posCols=2 newCols=2 effImprove=2 updated=0
    [CG] CG iter 369: obj=1634728.971898, maxRC=490.661845, +1 cols
    [CG]   [DIAG] iter=369 posCols=1 newCols=1 effImprove=1 updated=0
    [CG] 列生成收敛，共 370 轮迭代
    [CG] [CG-NODE] depth=4 exit=CERTIFIED certified=1 feasible=1 iters=10 generatedColsBeforeNode=1761 newCols=39 posCandidates=39 duplicateCandidates=0 updatedCols=0 zeroObjImproveIters=9 objFirst=1634728.971898 objLast=1634728.971898 objGain=0.000000 maxRC=81490.754204 wallSec=0.245858 pricingSec=0.238273 cplexSolveSec=0.004980
    [CG] [BB-DIAG] 分支 x_{dc=2,retailer=11}, 节点数=16
    [CG] 列生成开始，初始列数=804
    [CG] CG iter 371: obj=1633531.186065, maxRC=33091.805048, +7 cols
    [CG]   [DIAG] iter=371 posCols=7 newCols=7 effImprove=7 updated=0
    [CG] CG iter 372: obj=1633531.186065, maxRC=13806.831097, +4 cols
    [CG]   [DIAG] iter=372 posCols=4 newCols=4 effImprove=4 updated=0
    [CG] CG iter 373: obj=1633531.186065, maxRC=8406.017458, +4 cols
    [CG]   [DIAG] iter=373 posCols=4 newCols=4 effImprove=4 updated=0
    [CG] CG iter 374: obj=1633531.186065, maxRC=9296.538953, +4 cols
    [CG]   [DIAG] iter=374 posCols=4 newCols=4 effImprove=4 updated=0
    [CG] CG iter 375: obj=1633603.706034, maxRC=5165.993284, +3 cols
    [CG]   [DIAG] iter=375 posCols=3 newCols=3 effImprove=3 updated=0
    [CG] CG iter 376: obj=1633603.706034, maxRC=2023.151721, +3 cols
    [CG]   [DIAG] iter=376 posCols=3 newCols=3 effImprove=3 updated=0
    [CG] CG iter 377: obj=1633603.706034, maxRC=1090.086627, +2 cols
    [CG]   [DIAG] iter=377 posCols=2 newCols=2 effImprove=2 updated=0
    [CG] CG iter 378: obj=1633603.706034, maxRC=908.589168, +2 cols
    [CG]   [DIAG] iter=378 posCols=2 newCols=2 effImprove=2 updated=0
    [CG] 列生成收敛，共 379 轮迭代
    [CG] [CG-NODE] depth=5 exit=CERTIFIED certified=1 feasible=1 iters=9 generatedColsBeforeNode=1800 newCols=29 posCandidates=29 duplicateCandidates=0 updatedCols=0 zeroObjImproveIters=7 objFirst=1633531.186065 objLast=1633603.706034 objGain=72.519969 maxRC=33091.805048 wallSec=0.226554 pricingSec=0.218684 cplexSolveSec=0.005147
    [CG] 列生成开始，初始列数=804
    [CG] CG iter 380: obj=1588917.334025, maxRC=129341.121677, +19 cols
    [CG]   [DIAG] iter=380 posCols=19 newCols=19 effImprove=19 updated=0
    [CG] CG iter 381: obj=1601852.433621, maxRC=149953.319208, +16 cols
    [CG]   [DIAG] iter=381 posCols=16 newCols=16 effImprove=16 updated=0
    [CG] CG iter 382: obj=1605959.893581, maxRC=130146.675111, +14 cols
    [CG]   [DIAG] iter=382 posCols=14 newCols=14 effImprove=14 updated=0
    [CG] CG iter 383: obj=1609432.270633, maxRC=85188.425771, +11 cols
    [CG]   [DIAG] iter=383 posCols=11 newCols=11 effImprove=11 updated=0
    [CG] CG iter 384: obj=1609631.797592, maxRC=89392.227161, +5 cols
    [CG]   [DIAG] iter=384 posCols=5 newCols=5 effImprove=5 updated=0
    [CG] CG iter 385: obj=1610073.146156, maxRC=75154.829513, +5 cols
    [CG]   [DIAG] iter=385 posCols=5 newCols=5 effImprove=5 updated=0
    [CG] CG iter 386: obj=1612304.452360, maxRC=41982.986443, +5 cols
    [CG]   [DIAG] iter=386 posCols=5 newCols=5 effImprove=5 updated=0
    [CG] CG iter 387: obj=1616037.802873, maxRC=19497.855705, +4 cols
    [CG]   [DIAG] iter=387 posCols=4 newCols=4 effImprove=4 updated=0
    [CG] CG iter 388: obj=1616037.802873, maxRC=17295.709196, +4 cols
    [CG]   [DIAG] iter=388 posCols=4 newCols=4 effImprove=4 updated=0
    [CG] CG iter 389: obj=1616037.802873, maxRC=16692.606293, +3 cols
    [CG]   [DIAG] iter=389 posCols=3 newCols=3 effImprove=3 updated=0
    [CG] CG iter 390: obj=1616044.327425, maxRC=16030.159265, +3 cols
    [CG]   [DIAG] iter=390 posCols=3 newCols=3 effImprove=3 updated=0
    [CG] CG iter 391: obj=1617375.824329, maxRC=9714.025533, +4 cols
    [CG]   [DIAG] iter=391 posCols=4 newCols=4 effImprove=4 updated=0
    [CG] CG iter 392: obj=1617375.824329, maxRC=9070.023633, +2 cols
    [CG]   [DIAG] iter=392 posCols=2 newCols=2 effImprove=2 updated=0
    [CG] CG iter 393: obj=1619643.330237, maxRC=3849.700696, +2 cols
    [CG]   [DIAG] iter=393 posCols=2 newCols=2 effImprove=2 updated=0
    [CG] CG iter 394: obj=1619643.330237, maxRC=2640.933992, +1 cols
    [CG]   [DIAG] iter=394 posCols=1 newCols=1 effImprove=1 updated=0
    [CG] CG iter 395: obj=1620937.961000, maxRC=1093.003655, +2 cols
    [CG]   [DIAG] iter=395 posCols=2 newCols=2 effImprove=2 updated=0
    [CG] CG iter 396: obj=1620937.961000, maxRC=215.753340, +1 cols
    [CG]   [DIAG] iter=396 posCols=1 newCols=1 effImprove=1 updated=0
    [CG] 列生成收敛，共 397 轮迭代
    [CG] [CG-NODE] depth=5 exit=CERTIFIED certified=1 feasible=1 iters=18 generatedColsBeforeNode=1829 newCols=101 posCandidates=101 duplicateCandidates=0 updatedCols=0 zeroObjImproveIters=6 objFirst=1588917.334025 objLast=1620937.961000 objGain=32020.626975 maxRC=149953.319208 wallSec=0.370927 pricingSec=0.357458 cplexSolveSec=0.009600
    [CG] [BB-DIAG] 分支 x_{dc=2,retailer=24}, 节点数=17
    [CG] 列生成开始，初始列数=898
    [CG] CG iter 398: obj=1618977.001726, maxRC=16092.117386, +4 cols
    [CG]   [DIAG] iter=398 posCols=4 newCols=4 effImprove=4 updated=0
    [CG] CG iter 399: obj=1618977.001726, maxRC=9230.978528, +4 cols
    [CG]   [DIAG] iter=399 posCols=4 newCols=4 effImprove=4 updated=0
    [CG] CG iter 400: obj=1618977.001726, maxRC=5659.286903, +3 cols
    [CG]   [DIAG] iter=400 posCols=3 newCols=3 effImprove=3 updated=0
    [CG] CG iter 401: obj=1618977.001726, maxRC=1910.412401, +2 cols
    [CG]   [DIAG] iter=401 posCols=2 newCols=2 effImprove=2 updated=0
    [CG] CG iter 402: obj=1618977.001726, maxRC=1313.518149, +2 cols
    [CG]   [DIAG] iter=402 posCols=2 newCols=2 effImprove=2 updated=0
    [CG] CG iter 403: obj=1618977.001726, maxRC=598.531357, +1 cols
    [CG]   [DIAG] iter=403 posCols=1 newCols=1 effImprove=1 updated=0
    [CG] 列生成收敛，共 404 轮迭代
    [CG] [CG-NODE] depth=6 exit=CERTIFIED certified=1 feasible=1 iters=7 generatedColsBeforeNode=1930 newCols=16 posCandidates=16 duplicateCandidates=0 updatedCols=0 zeroObjImproveIters=6 objFirst=1618977.001726 objLast=1618977.001726 objGain=-0.000000 maxRC=16092.117386 wallSec=0.182489 pricingSec=0.174764 cplexSolveSec=0.004914
    [CG] 列生成开始，初始列数=898
    [CG] CG iter 405: obj=1616834.309134, maxRC=28137.572718, +7 cols
    [CG]   [DIAG] iter=405 posCols=7 newCols=7 effImprove=7 updated=0
    [CG] CG iter 406: obj=1617675.964566, maxRC=18415.913049, +7 cols
    [CG]   [DIAG] iter=406 posCols=7 newCols=7 effImprove=7 updated=0
    [CG] CG iter 407: obj=1617675.964566, maxRC=8746.567042, +3 cols
    [CG]   [DIAG] iter=407 posCols=3 newCols=3 effImprove=3 updated=0
    [CG] CG iter 408: obj=1617675.964566, maxRC=12734.691765, +4 cols
    [CG]   [DIAG] iter=408 posCols=4 newCols=4 effImprove=4 updated=0
    [CG] CG iter 409: obj=1617675.964566, maxRC=5793.846853, +3 cols
    [CG]   [DIAG] iter=409 posCols=3 newCols=3 effImprove=3 updated=0
    [CG] CG iter 410: obj=1617675.964566, maxRC=5776.077774, +2 cols
    [CG]   [DIAG] iter=410 posCols=2 newCols=2 effImprove=2 updated=0
    [CG] CG iter 411: obj=1617675.964566, maxRC=5534.919138, +3 cols
    [CG]   [DIAG] iter=411 posCols=3 newCols=3 effImprove=3 updated=0
    [CG] CG iter 412: obj=1617675.964566, maxRC=3576.283056, +1 cols
    [CG]   [DIAG] iter=412 posCols=1 newCols=1 effImprove=1 updated=0
    [CG] CG iter 413: obj=1619464.106094, maxRC=1056.996975, +1 cols
    [CG]   [DIAG] iter=413 posCols=1 newCols=1 effImprove=1 updated=0
    [CG] CG iter 414: obj=1619464.106094, maxRC=505.897153, +1 cols
    [CG]   [DIAG] iter=414 posCols=1 newCols=1 effImprove=1 updated=0
    [CG] 列生成收敛，共 415 轮迭代
    [CG] [CG-NODE] depth=6 exit=CERTIFIED certified=1 feasible=1 iters=11 generatedColsBeforeNode=1946 newCols=32 posCandidates=32 duplicateCandidates=0 updatedCols=0 zeroObjImproveIters=8 objFirst=1616834.309134 objLast=1619464.106094 objGain=2629.796961 maxRC=28137.572718 wallSec=0.289428 pricingSec=0.280077 cplexSolveSec=0.006179
    [CG] [BB-DIAG] 分支 x_{dc=3,retailer=0}, 节点数=18
    [CG] 列生成开始，初始列数=792
    [CG] CG iter 416: obj=1605886.889659, maxRC=15718.003056, +4 cols
    [CG]   [DIAG] iter=416 posCols=4 newCols=4 effImprove=4 updated=0
    [CG] CG iter 417: obj=1605886.889659, maxRC=13989.243009, +3 cols
    [CG]   [DIAG] iter=417 posCols=3 newCols=3 effImprove=3 updated=0
    [CG] CG iter 418: obj=1605886.889659, maxRC=8045.097954, +3 cols
    [CG]   [DIAG] iter=418 posCols=3 newCols=3 effImprove=3 updated=0
    [CG] CG iter 419: obj=1605886.889659, maxRC=4040.524967, +3 cols
    [CG]   [DIAG] iter=419 posCols=3 newCols=3 effImprove=3 updated=0
    [CG] CG iter 420: obj=1605886.889659, maxRC=3516.245822, +3 cols
    [CG]   [DIAG] iter=420 posCols=3 newCols=3 effImprove=3 updated=0
    [CG] CG iter 421: obj=1605886.889659, maxRC=2421.560531, +3 cols
    [CG]   [DIAG] iter=421 posCols=3 newCols=3 effImprove=3 updated=0
    [CG] CG iter 422: obj=1605886.889659, maxRC=41.958676, +1 cols
    [CG]   [DIAG] iter=422 posCols=1 newCols=1 effImprove=1 updated=0
    [CG] 列生成收敛，共 423 轮迭代
    [CG] [CG-NODE] depth=7 exit=CERTIFIED certified=1 feasible=1 iters=8 generatedColsBeforeNode=1978 newCols=20 posCandidates=20 duplicateCandidates=0 updatedCols=0 zeroObjImproveIters=7 objFirst=1605886.889659 objLast=1605886.889659 objGain=0.000000 maxRC=15718.003056 wallSec=0.209155 pricingSec=0.202390 cplexSolveSec=0.004443
    [CG] 列生成开始，初始列数=813
    [CG] CG iter 424: obj=1564688.529643, maxRC=61133.316100, +7 cols
    [CG]   [DIAG] iter=424 posCols=7 newCols=7 effImprove=7 updated=0
    [CG] CG iter 425: obj=1571718.624519, maxRC=39620.657160, +7 cols
    [CG]   [DIAG] iter=425 posCols=7 newCols=7 effImprove=7 updated=0
    [CG] CG iter 426: obj=1574362.826335, maxRC=54168.921044, +7 cols
    [CG]   [DIAG] iter=426 posCols=7 newCols=7 effImprove=7 updated=0
    [CG] CG iter 427: obj=1577571.440522, maxRC=40480.486871, +7 cols
    [CG]   [DIAG] iter=427 posCols=7 newCols=7 effImprove=7 updated=0
    [CG] CG iter 428: obj=1584858.762932, maxRC=37481.867807, +6 cols
    [CG]   [DIAG] iter=428 posCols=6 newCols=6 effImprove=6 updated=0
    [CG] CG iter 429: obj=1584858.762932, maxRC=16893.228202, +5 cols
    [CG]   [DIAG] iter=429 posCols=5 newCols=5 effImprove=5 updated=0
    [CG] CG iter 430: obj=1587252.960221, maxRC=18937.973367, +4 cols
    [CG]   [DIAG] iter=430 posCols=4 newCols=4 effImprove=4 updated=0
    [CG] CG iter 431: obj=1589524.338685, maxRC=7240.816441, +3 cols
    [CG]   [DIAG] iter=431 posCols=3 newCols=3 effImprove=3 updated=0
    [CG] CG iter 432: obj=1593065.990229, maxRC=8638.513921, +1 cols
    [CG]   [DIAG] iter=432 posCols=1 newCols=1 effImprove=1 updated=0
    [CG] CG iter 433: obj=1593065.990229, maxRC=7505.850219, +3 cols
    [CG]   [DIAG] iter=433 posCols=3 newCols=3 effImprove=3 updated=0
    [CG] CG iter 434: obj=1593065.990229, maxRC=6092.599681, +2 cols
    [CG]   [DIAG] iter=434 posCols=2 newCols=2 effImprove=2 updated=0
    [CG] CG iter 435: obj=1593065.990229, maxRC=2786.793574, +2 cols
    [CG]   [DIAG] iter=435 posCols=2 newCols=2 effImprove=2 updated=0
    [CG] CG iter 436: obj=1593065.990229, maxRC=1465.291687, +2 cols
    [CG]   [DIAG] iter=436 posCols=2 newCols=2 effImprove=2 updated=0
    [CG] CG iter 437: obj=1593065.990229, maxRC=1069.941858, +1 cols
    [CG]   [DIAG] iter=437 posCols=1 newCols=1 effImprove=1 updated=0
    [CG] CG iter 438: obj=1593065.990229, maxRC=843.383247, +1 cols
    [CG]   [DIAG] iter=438 posCols=1 newCols=1 effImprove=1 updated=0
    [CG] CG iter 439: obj=1593065.990229, maxRC=437.476143, +1 cols
    [CG]   [DIAG] iter=439 posCols=1 newCols=1 effImprove=1 updated=0
    [CG] 列生成收敛，共 440 轮迭代
    [CG] [CG-NODE] depth=7 exit=CERTIFIED certified=1 feasible=1 iters=17 generatedColsBeforeNode=1998 newCols=59 posCandidates=59 duplicateCandidates=0 updatedCols=0 zeroObjImproveIters=9 objFirst=1564688.529643 objLast=1593065.990229 objGain=28377.460586 maxRC=61133.316100 wallSec=0.280585 pricingSec=0.269291 cplexSolveSec=0.007927
    [CG] [BB-DIAG] 分支 x_{dc=3,retailer=0}, 节点数=19
    [CG] 列生成开始，初始列数=780
    [CG] CG iter 441: obj=1608255.660832, maxRC=26117.702890, +3 cols
    [CG]   [DIAG] iter=441 posCols=3 newCols=3 effImprove=3 updated=0
    [CG] CG iter 442: obj=1608255.660832, maxRC=12348.487198, +3 cols
    [CG]   [DIAG] iter=442 posCols=3 newCols=3 effImprove=3 updated=0
    [CG] CG iter 443: obj=1608255.660832, maxRC=6260.102185, +3 cols
    [CG]   [DIAG] iter=443 posCols=3 newCols=3 effImprove=3 updated=0
    [CG] CG iter 444: obj=1608255.660832, maxRC=9752.358567, +3 cols
    [CG]   [DIAG] iter=444 posCols=3 newCols=3 effImprove=3 updated=0
    [CG] CG iter 445: obj=1608255.660832, maxRC=5006.442827, +3 cols
    [CG]   [DIAG] iter=445 posCols=3 newCols=3 effImprove=3 updated=0
    [CG] CG iter 446: obj=1608255.660832, maxRC=4482.006292, +1 cols
    [CG]   [DIAG] iter=446 posCols=1 newCols=1 effImprove=1 updated=0
    [CG] CG iter 447: obj=1608255.660832, maxRC=3452.854668, +1 cols
    [CG]   [DIAG] iter=447 posCols=1 newCols=1 effImprove=1 updated=0
    [CG] CG iter 448: obj=1608255.660832, maxRC=5192.320638, +3 cols
    [CG]   [DIAG] iter=448 posCols=3 newCols=3 effImprove=3 updated=0
    [CG] CG iter 449: obj=1608255.660832, maxRC=855.428451, +1 cols
    [CG]   [DIAG] iter=449 posCols=1 newCols=1 effImprove=1 updated=0
    [CG] 列生成收敛，共 450 轮迭代
    [CG] [CG-NODE] depth=7 exit=CERTIFIED certified=1 feasible=1 iters=10 generatedColsBeforeNode=2057 newCols=21 posCandidates=21 duplicateCandidates=0 updatedCols=0 zeroObjImproveIters=9 objFirst=1608255.660832 objLast=1608255.660832 objGain=-0.000000 maxRC=26117.702890 wallSec=0.252293 pricingSec=0.245211 cplexSolveSec=0.004668
    [CG] 列生成开始，初始列数=802
    [CG] CG iter 451: obj=1562525.434325, maxRC=53233.706561, +10 cols
    [CG]   [DIAG] iter=451 posCols=10 newCols=10 effImprove=10 updated=0
    [CG] CG iter 452: obj=1582578.686778, maxRC=125932.648364, +7 cols
    [CG]   [DIAG] iter=452 posCols=7 newCols=7 effImprove=7 updated=0
    [CG] CG iter 453: obj=1582578.686778, maxRC=132212.134783, +6 cols
    [CG]   [DIAG] iter=453 posCols=6 newCols=6 effImprove=6 updated=0
    [CG] CG iter 454: obj=1582578.686778, maxRC=48367.812642, +6 cols
    [CG]   [DIAG] iter=454 posCols=6 newCols=6 effImprove=6 updated=0
    [CG] CG iter 455: obj=1582578.686778, maxRC=24602.077459, +6 cols
    [CG]   [DIAG] iter=455 posCols=6 newCols=6 effImprove=6 updated=0
    [CG] CG iter 456: obj=1582578.686778, maxRC=32448.441610, +6 cols
    [CG]   [DIAG] iter=456 posCols=6 newCols=5 effImprove=6 updated=1
    [CG] CG iter 457: obj=1583337.503083, maxRC=19890.225306, +6 cols
    [CG]   [DIAG] iter=457 posCols=6 newCols=6 effImprove=6 updated=0
    [CG] CG iter 458: obj=1592578.885860, maxRC=29572.066863, +5 cols
    [CG]   [DIAG] iter=458 posCols=5 newCols=5 effImprove=5 updated=0
    [CG] CG iter 459: obj=1592578.885860, maxRC=19689.921382, +5 cols
    [CG]   [DIAG] iter=459 posCols=5 newCols=5 effImprove=5 updated=0
    [CG] CG iter 460: obj=1592578.885860, maxRC=17955.816372, +5 cols
    [CG]   [DIAG] iter=460 posCols=5 newCols=5 effImprove=5 updated=0
    [CG] CG iter 461: obj=1592578.885860, maxRC=8367.638603, +5 cols
    [CG]   [DIAG] iter=461 posCols=5 newCols=5 effImprove=5 updated=0
    [CG] CG iter 462: obj=1592578.885860, maxRC=3636.041943, +2 cols
    [CG]   [DIAG] iter=462 posCols=2 newCols=2 effImprove=2 updated=0
    [CG] CG iter 463: obj=1592578.885860, maxRC=1360.855099, +2 cols
    [CG]   [DIAG] iter=463 posCols=2 newCols=2 effImprove=2 updated=0
    [CG] CG iter 464: obj=1592578.885860, maxRC=780.169947, +1 cols
    [CG]   [DIAG] iter=464 posCols=1 newCols=1 effImprove=1 updated=0
    [CG] CG iter 465: obj=1592578.885860, maxRC=702.969856, +1 cols
    [CG]   [DIAG] iter=465 posCols=1 newCols=1 effImprove=1 updated=0
    [CG] 列生成收敛，共 466 轮迭代
    [CG] [CG-NODE] depth=7 exit=CERTIFIED certified=1 feasible=1 iters=16 generatedColsBeforeNode=2078 newCols=72 posCandidates=73 duplicateCandidates=1 updatedCols=1 zeroObjImproveIters=12 objFirst=1562525.434325 objLast=1592578.885860 objGain=30053.451535 maxRC=132212.134783 wallSec=0.226591 pricingSec=0.213183 cplexSolveSec=0.010069
    [CG] [BB-DIAG] 分支 x_{dc=2,retailer=24}, 节点数=20
    [CG] 列生成开始，初始列数=831
    [CG] CG iter 467: obj=1631415.597762, maxRC=19840.074195, +5 cols
    [CG]   [DIAG] iter=467 posCols=5 newCols=5 effImprove=5 updated=0
    [CG] CG iter 468: obj=1631686.089567, maxRC=9986.019589, +3 cols
    [CG]   [DIAG] iter=468 posCols=3 newCols=3 effImprove=3 updated=0
    [CG] CG iter 469: obj=1631686.089567, maxRC=4555.520593, +3 cols
    [CG]   [DIAG] iter=469 posCols=3 newCols=3 effImprove=3 updated=0
    [CG] CG iter 470: obj=1631686.089567, maxRC=2981.788623, +2 cols
    [CG]   [DIAG] iter=470 posCols=2 newCols=2 effImprove=2 updated=0
    [CG] CG iter 471: obj=1631686.089567, maxRC=3456.429130, +2 cols
    [CG]   [DIAG] iter=471 posCols=2 newCols=2 effImprove=2 updated=0
    [CG] CG iter 472: obj=1631686.089567, maxRC=3509.381680, +2 cols
    [CG]   [DIAG] iter=472 posCols=2 newCols=2 effImprove=2 updated=0
    [CG] CG iter 473: obj=1631686.089567, maxRC=1163.523272, +2 cols
    [CG]   [DIAG] iter=473 posCols=2 newCols=2 effImprove=2 updated=0
    [CG] CG iter 474: obj=1631686.089567, maxRC=875.311223, +1 cols
    [CG]   [DIAG] iter=474 posCols=1 newCols=1 effImprove=1 updated=0
    [CG] CG iter 475: obj=1631686.089567, maxRC=857.067566, +1 cols
    [CG]   [DIAG] iter=475 posCols=1 newCols=1 effImprove=1 updated=0
    [CG] CG iter 476: obj=1631971.778756, maxRC=231.351793, +1 cols
    [CG]   [DIAG] iter=476 posCols=1 newCols=1 effImprove=1 updated=0
    [CG] 列生成收敛，共 477 轮迭代
    [CG] [CG-NODE] depth=6 exit=CERTIFIED certified=1 feasible=1 iters=11 generatedColsBeforeNode=2150 newCols=22 posCandidates=22 duplicateCandidates=0 updatedCols=0 zeroObjImproveIters=8 objFirst=1631415.597762 objLast=1631971.778756 objGain=556.180994 maxRC=19840.074195 wallSec=0.275905 pricingSec=0.267410 cplexSolveSec=0.005481
    [CG] 列生成开始，初始列数=828
    [CG] CG iter 478: obj=1629379.899345, maxRC=51914.640159, +14 cols
    [CG]   [DIAG] iter=478 posCols=14 newCols=14 effImprove=14 updated=0
    [CG] CG iter 479: obj=1629578.948149, maxRC=8402.323068, +5 cols
    [CG]   [DIAG] iter=479 posCols=5 newCols=5 effImprove=5 updated=0
    [CG] CG iter 480: obj=1629578.948149, maxRC=7260.344927, +5 cols
    [CG]   [DIAG] iter=480 posCols=5 newCols=5 effImprove=5 updated=0
    [CG] CG iter 481: obj=1629578.948149, maxRC=3417.093733, +3 cols
    [CG]   [DIAG] iter=481 posCols=3 newCols=3 effImprove=3 updated=0
    [CG] CG iter 482: obj=1630301.009737, maxRC=1942.526370, +3 cols
    [CG]   [DIAG] iter=482 posCols=3 newCols=3 effImprove=3 updated=0
    [CG] CG iter 483: obj=1631272.272922, maxRC=1486.478006, +2 cols
    [CG]   [DIAG] iter=483 posCols=2 newCols=2 effImprove=2 updated=0
    [CG] CG iter 484: obj=1631272.272922, maxRC=557.276222, +1 cols
    [CG]   [DIAG] iter=484 posCols=1 newCols=1 effImprove=1 updated=0
    [CG] 列生成收敛，共 485 轮迭代
    [CG] [CG-NODE] depth=6 exit=CERTIFIED certified=1 feasible=1 iters=8 generatedColsBeforeNode=2172 newCols=33 posCandidates=33 duplicateCandidates=0 updatedCols=0 zeroObjImproveIters=4 objFirst=1629379.899345 objLast=1631272.272922 objGain=1892.373577 maxRC=51914.640159 wallSec=0.208562 pricingSec=0.200966 cplexSolveSec=0.004829
    [CG] [BB-DIAG] 分支 x_{dc=4,retailer=7}, 节点数=21
    [CG] 列生成开始，初始列数=829
    [CG] CG iter 486: obj=1621260.577398, maxRC=33001.268809, +5 cols
    [CG]   [DIAG] iter=486 posCols=5 newCols=5 effImprove=5 updated=0
    [CG] CG iter 487: obj=1623117.618743, maxRC=10593.571406, +5 cols
    [CG]   [DIAG] iter=487 posCols=5 newCols=5 effImprove=5 updated=0
    [CG] CG iter 488: obj=1623117.618743, maxRC=12890.615620, +3 cols
    [CG]   [DIAG] iter=488 posCols=3 newCols=3 effImprove=3 updated=0
    [CG] CG iter 489: obj=1623117.618743, maxRC=11527.510290, +3 cols
    [CG]   [DIAG] iter=489 posCols=3 newCols=3 effImprove=3 updated=0
    [CG] CG iter 490: obj=1623117.618743, maxRC=7909.344661, +2 cols
    [CG]   [DIAG] iter=490 posCols=2 newCols=2 effImprove=2 updated=0
    [CG] CG iter 491: obj=1623117.618743, maxRC=5017.828109, +3 cols
    [CG]   [DIAG] iter=491 posCols=3 newCols=3 effImprove=3 updated=0
    [CG] CG iter 492: obj=1623117.618743, maxRC=2996.885878, +2 cols
    [CG]   [DIAG] iter=492 posCols=2 newCols=2 effImprove=2 updated=0
    [CG] CG iter 493: obj=1623117.618743, maxRC=2474.895084, +1 cols
    [CG]   [DIAG] iter=493 posCols=1 newCols=1 effImprove=1 updated=0
    [CG] CG iter 494: obj=1623117.618743, maxRC=778.546698, +1 cols
    [CG]   [DIAG] iter=494 posCols=1 newCols=1 effImprove=1 updated=0
    [CG] 列生成收敛，共 495 轮迭代
    [CG] [CG-NODE] depth=7 exit=CERTIFIED certified=1 feasible=1 iters=10 generatedColsBeforeNode=2205 newCols=25 posCandidates=25 duplicateCandidates=0 updatedCols=0 zeroObjImproveIters=8 objFirst=1621260.577398 objLast=1623117.618743 objGain=1857.041345 maxRC=33001.268809 wallSec=0.245523 pricingSec=0.237868 cplexSolveSec=0.004970
    [CG] 列生成开始，初始列数=760
    [CG] CG iter 496: obj=1562551.084885, maxRC=229125.243734, +21 cols
    [CG]   [DIAG] iter=496 posCols=21 newCols=21 effImprove=21 updated=0
    [CG] CG iter 497: obj=1577761.296519, maxRC=113518.091758, +15 cols
    [CG]   [DIAG] iter=497 posCols=15 newCols=15 effImprove=15 updated=0
    [CG] CG iter 498: obj=1602351.615511, maxRC=77873.741501, +12 cols
    [CG]   [DIAG] iter=498 posCols=12 newCols=12 effImprove=12 updated=0
    [CG] CG iter 499: obj=1613553.784494, maxRC=44290.398314, +6 cols
    [CG]   [DIAG] iter=499 posCols=6 newCols=6 effImprove=6 updated=0
    [CG] CG iter 500: obj=1618451.668469, maxRC=38443.409055, +8 cols
    [CG]   [DIAG] iter=500 posCols=8 newCols=8 effImprove=8 updated=0
    [CG] CG iter 501: obj=1620272.537145, maxRC=26805.088475, +6 cols
    [CG]   [DIAG] iter=501 posCols=6 newCols=6 effImprove=6 updated=0
    [CG] CG iter 502: obj=1620272.537145, maxRC=20289.986918, +4 cols
    [CG]   [DIAG] iter=502 posCols=4 newCols=4 effImprove=4 updated=0
    [CG] CG iter 503: obj=1620516.759481, maxRC=12499.039015, +2 cols
    [CG]   [DIAG] iter=503 posCols=2 newCols=2 effImprove=2 updated=0
    [CG] CG iter 504: obj=1620516.759481, maxRC=11768.810291, +1 cols
    [CG]   [DIAG] iter=504 posCols=1 newCols=1 effImprove=1 updated=0
    [CG] CG iter 505: obj=1620516.759481, maxRC=14882.308170, +3 cols
    [CG]   [DIAG] iter=505 posCols=3 newCols=3 effImprove=3 updated=0
    [CG] CG iter 506: obj=1620516.759481, maxRC=11749.684377, +2 cols
    [CG]   [DIAG] iter=506 posCols=2 newCols=2 effImprove=2 updated=0
    [CG] CG iter 507: obj=1623454.180576, maxRC=5748.133083, +3 cols
    [CG]   [DIAG] iter=507 posCols=3 newCols=3 effImprove=3 updated=0
    [CG] CG iter 508: obj=1623454.180576, maxRC=3694.185174, +2 cols
    [CG]   [DIAG] iter=508 posCols=2 newCols=2 effImprove=2 updated=0
    [CG] CG iter 509: obj=1623454.180576, maxRC=2694.866257, +1 cols
    [CG]   [DIAG] iter=509 posCols=1 newCols=1 effImprove=1 updated=0
    [CG] 列生成收敛，共 510 轮迭代
    [CG] [CG-NODE] depth=7 exit=CERTIFIED certified=1 feasible=1 iters=15 generatedColsBeforeNode=2230 newCols=86 posCandidates=86 duplicateCandidates=0 updatedCols=0 zeroObjImproveIters=6 objFirst=1562551.084885 objLast=1624801.613704 objGain=62250.528819 maxRC=229125.243734 wallSec=0.314148 pricingSec=0.302789 cplexSolveSec=0.007976
    [CG] [BB-DIAG] 分支 x_{dc=3,retailer=0}, 节点数=22
    [CG] 列生成开始，初始列数=708
    [CG] CG iter 511: obj=1580613.330277, maxRC=166546.631062, +12 cols
    [CG]   [DIAG] iter=511 posCols=12 newCols=12 effImprove=12 updated=0
    [CG] CG iter 512: obj=1587960.792782, maxRC=87564.119131, +9 cols
    [CG]   [DIAG] iter=512 posCols=9 newCols=9 effImprove=9 updated=0
    [CG] CG iter 513: obj=1587960.792782, maxRC=56011.311294, +7 cols
    [CG]   [DIAG] iter=513 posCols=7 newCols=7 effImprove=7 updated=0
    [CG] CG iter 514: obj=1590745.956277, maxRC=34021.494001, +5 cols
    [CG]   [DIAG] iter=514 posCols=5 newCols=5 effImprove=5 updated=0
    [CG] CG iter 515: obj=1594991.135226, maxRC=34846.739725, +5 cols
    [CG]   [DIAG] iter=515 posCols=5 newCols=5 effImprove=5 updated=0
    [CG] CG iter 516: obj=1594991.135226, maxRC=16281.561822, +4 cols
    [CG]   [DIAG] iter=516 posCols=4 newCols=4 effImprove=4 updated=0
    [CG] CG iter 517: obj=1601621.383314, maxRC=14623.413055, +5 cols
    [CG]   [DIAG] iter=517 posCols=5 newCols=5 effImprove=5 updated=0
    [CG] CG iter 518: obj=1601621.383314, maxRC=11273.982171, +3 cols
    [CG]   [DIAG] iter=518 posCols=3 newCols=3 effImprove=3 updated=0
    [CG] CG iter 519: obj=1601621.383314, maxRC=8697.738393, +4 cols
    [CG]   [DIAG] iter=519 posCols=4 newCols=4 effImprove=4 updated=0
    [CG] CG iter 520: obj=1601621.383314, maxRC=3874.981837, +3 cols
    [CG]   [DIAG] iter=520 posCols=3 newCols=3 effImprove=3 updated=0
    [CG] CG iter 521: obj=1601621.383314, maxRC=2740.882057, +2 cols
    [CG]   [DIAG] iter=521 posCols=2 newCols=2 effImprove=2 updated=0
    [CG] CG iter 522: obj=1601621.383314, maxRC=2388.020264, +2 cols
    [CG]   [DIAG] iter=522 posCols=2 newCols=2 effImprove=2 updated=0
    [CG] CG iter 523: obj=1601621.383314, maxRC=1653.603362, +1 cols
    [CG]   [DIAG] iter=523 posCols=1 newCols=1 effImprove=1 updated=0
    [CG] 列生成收敛，共 524 轮迭代
    [CG] [CG-NODE] depth=8 exit=CERTIFIED certified=1 feasible=1 iters=14 generatedColsBeforeNode=2316 newCols=62 posCandidates=62 duplicateCandidates=0 updatedCols=0 zeroObjImproveIters=9 objFirst=1580613.330277 objLast=1601621.383314 objGain=21008.053037 maxRC=166546.631062 wallSec=0.335826 pricingSec=0.325974 cplexSolveSec=0.006881
    [CG] 列生成开始，初始列数=720
    [CG] CG iter 525: obj=1580783.197412, maxRC=180990.634190, +13 cols
    [CG]   [DIAG] iter=525 posCols=13 newCols=13 effImprove=13 updated=0
    [CG] CG iter 526: obj=1600985.895129, maxRC=114575.264229, +11 cols
    [CG]   [DIAG] iter=526 posCols=11 newCols=11 effImprove=11 updated=0
    [CG] CG iter 527: obj=1600985.895129, maxRC=78054.680788, +7 cols
    [CG]   [DIAG] iter=527 posCols=7 newCols=7 effImprove=7 updated=0
    [CG] CG iter 528: obj=1600985.895129, maxRC=37525.360930, +6 cols
    [CG]   [DIAG] iter=528 posCols=6 newCols=6 effImprove=6 updated=0
    [CG] CG iter 529: obj=1604129.281179, maxRC=46099.771298, +6 cols
    [CG]   [DIAG] iter=529 posCols=6 newCols=6 effImprove=6 updated=0
    [CG] CG iter 530: obj=1604129.281179, maxRC=23264.223904, +4 cols
    [CG]   [DIAG] iter=530 posCols=4 newCols=4 effImprove=4 updated=0
    [CG] CG iter 531: obj=1604129.281179, maxRC=16842.366022, +2 cols
    [CG]   [DIAG] iter=531 posCols=2 newCols=2 effImprove=2 updated=0
    [CG] CG iter 532: obj=1604129.281179, maxRC=16484.999798, +1 cols
    [CG]   [DIAG] iter=532 posCols=1 newCols=1 effImprove=1 updated=0
    [CG] CG iter 533: obj=1604129.281179, maxRC=17832.741273, +1 cols
    [CG]   [DIAG] iter=533 posCols=1 newCols=1 effImprove=1 updated=0
    [CG] CG iter 534: obj=1611075.678511, maxRC=17857.432100, +2 cols
    [CG]   [DIAG] iter=534 posCols=2 newCols=2 effImprove=2 updated=0
    [CG] CG iter 535: obj=1611075.678511, maxRC=13805.286651, +2 cols
    [CG]   [DIAG] iter=535 posCols=2 newCols=2 effImprove=2 updated=0
    [CG] CG iter 536: obj=1611075.678511, maxRC=7314.577079, +1 cols
    [CG]   [DIAG] iter=536 posCols=1 newCols=1 effImprove=1 updated=0
    [CG] CG iter 537: obj=1611075.678511, maxRC=6410.083116, +1 cols
    [CG]   [DIAG] iter=537 posCols=1 newCols=1 effImprove=1 updated=0
    [CG] CG iter 538: obj=1611075.678511, maxRC=9890.356125, +1 cols
    [CG]   [DIAG] iter=538 posCols=1 newCols=1 effImprove=1 updated=0
    [CG] CG iter 539: obj=1611075.678511, maxRC=4375.693557, +1 cols
    [CG]   [DIAG] iter=539 posCols=1 newCols=1 effImprove=1 updated=0
    [CG] CG iter 540: obj=1611075.678511, maxRC=3543.722885, +1 cols
    [CG]   [DIAG] iter=540 posCols=1 newCols=1 effImprove=1 updated=0
    [CG] CG iter 541: obj=1611075.678511, maxRC=2003.422194, +1 cols
    [CG]   [DIAG] iter=541 posCols=1 newCols=1 effImprove=1 updated=0
    [CG] CG iter 542: obj=1611075.678511, maxRC=1825.005358, +1 cols
    [CG]   [DIAG] iter=542 posCols=1 newCols=1 effImprove=1 updated=0
    [CG] CG iter 543: obj=1611075.678511, maxRC=2116.290198, +1 cols
    [CG]   [DIAG] iter=543 posCols=1 newCols=1 effImprove=1 updated=0
    [CG] CG iter 544: obj=1611075.678511, maxRC=804.955544, +1 cols
    [CG]   [DIAG] iter=544 posCols=1 newCols=1 effImprove=1 updated=0
    [CG] CG iter 545: obj=1611075.678511, maxRC=682.471866, +1 cols
    [CG]   [DIAG] iter=545 posCols=1 newCols=1 effImprove=1 updated=0
    [CG] CG iter 546: obj=1611075.678511, maxRC=463.604813, +1 cols
    [CG]   [DIAG] iter=546 posCols=1 newCols=1 effImprove=1 updated=0
    [CG] CG iter 547: obj=1611539.283324, maxRC=431.925683, +1 cols
    [CG]   [DIAG] iter=547 posCols=1 newCols=1 effImprove=1 updated=0
    [CG] 列生成收敛，共 548 轮迭代
    [CG] [CG-NODE] depth=8 exit=CERTIFIED certified=1 feasible=1 iters=24 generatedColsBeforeNode=2378 newCols=67 posCandidates=67 duplicateCandidates=0 updatedCols=0 zeroObjImproveIters=19 objFirst=1580783.197412 objLast=1611539.283324 objGain=30756.085913 maxRC=180990.634190 wallSec=0.429289 pricingSec=0.416277 cplexSolveSec=0.009289
    [CG] [BB-DIAG] 分支 x_{dc=3,retailer=0}, 节点数=23
    [CG] 列生成开始，初始列数=736
    [CG] CG iter 549: obj=1597940.292529, maxRC=18885.847321, +4 cols
    [CG]   [DIAG] iter=549 posCols=4 newCols=4 effImprove=4 updated=0
    [CG] CG iter 550: obj=1603032.015122, maxRC=30923.682939, +6 cols
    [CG]   [DIAG] iter=550 posCols=6 newCols=6 effImprove=6 updated=0
    [CG] CG iter 551: obj=1606467.979893, maxRC=21187.961149, +5 cols
    [CG]   [DIAG] iter=551 posCols=5 newCols=5 effImprove=5 updated=0
    [CG] CG iter 552: obj=1607514.680213, maxRC=7986.735629, +3 cols
    [CG]   [DIAG] iter=552 posCols=3 newCols=3 effImprove=3 updated=0
    [CG] CG iter 553: obj=1608521.847673, maxRC=4946.790496, +3 cols
    [CG]   [DIAG] iter=553 posCols=3 newCols=3 effImprove=3 updated=0
    [CG] CG iter 554: obj=1608521.847673, maxRC=3027.397819, +1 cols
    [CG]   [DIAG] iter=554 posCols=1 newCols=1 effImprove=1 updated=0
    [CG] CG iter 555: obj=1608521.847673, maxRC=2767.179182, +3 cols
    [CG]   [DIAG] iter=555 posCols=3 newCols=3 effImprove=3 updated=0
    [CG] CG iter 556: obj=1608521.847673, maxRC=1624.403860, +1 cols
    [CG]   [DIAG] iter=556 posCols=1 newCols=1 effImprove=1 updated=0
    [CG] CG iter 557: obj=1608521.847673, maxRC=996.830989, +1 cols
    [CG]   [DIAG] iter=557 posCols=1 newCols=1 effImprove=1 updated=0
    [CG] 列生成收敛，共 558 轮迭代
    [CG] [CG-NODE] depth=8 exit=CERTIFIED certified=1 feasible=1 iters=10 generatedColsBeforeNode=2445 newCols=27 posCandidates=27 duplicateCandidates=0 updatedCols=0 zeroObjImproveIters=5 objFirst=1597940.292529 objLast=1608521.847673 objGain=10581.555145 maxRC=30923.682939 wallSec=0.228191 pricingSec=0.221280 cplexSolveSec=0.004690
    [CG] 列生成开始，初始列数=721
    [CG] CG iter 559: obj=1582217.081005, maxRC=36332.792252, +9 cols
    [CG]   [DIAG] iter=559 posCols=9 newCols=9 effImprove=9 updated=0
    [CG] CG iter 560: obj=1588956.838002, maxRC=23823.266171, +6 cols
    [CG]   [DIAG] iter=560 posCols=6 newCols=6 effImprove=6 updated=0
    [CG] CG iter 561: obj=1600657.373583, maxRC=27003.084583, +3 cols
    [CG]   [DIAG] iter=561 posCols=3 newCols=3 effImprove=3 updated=0
    [CG] CG iter 562: obj=1600657.373583, maxRC=17439.347840, +4 cols
    [CG]   [DIAG] iter=562 posCols=4 newCols=3 effImprove=4 updated=1
    [CG] CG iter 563: obj=1606349.056840, maxRC=16310.913474, +5 cols
    [CG]   [DIAG] iter=563 posCols=5 newCols=4 effImprove=5 updated=1
    [CG] CG iter 564: obj=1607852.513095, maxRC=7189.561046, +3 cols
    [CG]   [DIAG] iter=564 posCols=3 newCols=3 effImprove=3 updated=0
    [CG] CG iter 565: obj=1609580.144093, maxRC=8089.050987, +2 cols
    [CG]   [DIAG] iter=565 posCols=2 newCols=2 effImprove=2 updated=0
    [CG] CG iter 566: obj=1609580.144093, maxRC=1794.999494, +1 cols
    [CG]   [DIAG] iter=566 posCols=1 newCols=1 effImprove=1 updated=0
    [CG] CG iter 567: obj=1609580.144093, maxRC=892.496975, +1 cols
    [CG]   [DIAG] iter=567 posCols=1 newCols=1 effImprove=1 updated=0
    [CG] CG iter 568: obj=1609580.144093, maxRC=757.226289, +1 cols
    [CG]   [DIAG] iter=568 posCols=1 newCols=1 effImprove=1 updated=0
    [CG] CG iter 569: obj=1609580.144093, maxRC=380.755608, +1 cols
    [CG]   [DIAG] iter=569 posCols=1 newCols=1 effImprove=1 updated=0
    [CG] CG iter 570: obj=1609580.144093, maxRC=38.003757, +1 cols
    [CG]   [DIAG] iter=570 posCols=1 newCols=1 effImprove=1 updated=0
    [CG] 列生成收敛，共 571 轮迭代
    [CG] [CG-NODE] depth=8 exit=CERTIFIED certified=1 feasible=1 iters=13 generatedColsBeforeNode=2472 newCols=35 posCandidates=37 duplicateCandidates=2 updatedCols=2 zeroObjImproveIters=7 objFirst=1582217.081005 objLast=1609580.144093 objGain=27363.063088 maxRC=36332.792252 wallSec=0.266208 pricingSec=0.256598 cplexSolveSec=0.006553
    [CG] [BB-DIAG] 分支 x_{dc=3,retailer=16}, 节点数=24
    [CG] 列生成开始，初始列数=775
    [CG] CG iter 572: obj=1631686.089567, maxRC=46391.472607, +13 cols
    [CG]   [DIAG] iter=572 posCols=13 newCols=13 effImprove=13 updated=0
    [CG] CG iter 573: obj=1631686.089567, maxRC=37847.975072, +6 cols
    [CG]   [DIAG] iter=573 posCols=6 newCols=6 effImprove=6 updated=0
    [CG] CG iter 574: obj=1631686.089567, maxRC=17246.187583, +5 cols
    [CG]   [DIAG] iter=574 posCols=5 newCols=5 effImprove=5 updated=0
    [CG] CG iter 575: obj=1631686.089567, maxRC=9642.285530, +5 cols
    [CG]   [DIAG] iter=575 posCols=5 newCols=5 effImprove=5 updated=0
    [CG] CG iter 576: obj=1631686.089567, maxRC=10244.896143, +4 cols
    [CG]   [DIAG] iter=576 posCols=4 newCols=4 effImprove=4 updated=0
    [CG] CG iter 577: obj=1631686.089567, maxRC=6345.559236, +3 cols
    [CG]   [DIAG] iter=577 posCols=3 newCols=3 effImprove=3 updated=0
    [CG] CG iter 578: obj=1631686.089567, maxRC=4189.313491, +2 cols
    [CG]   [DIAG] iter=578 posCols=2 newCols=2 effImprove=2 updated=0
    [CG] CG iter 579: obj=1631686.089567, maxRC=4515.788992, +2 cols
    [CG]   [DIAG] iter=579 posCols=2 newCols=2 effImprove=2 updated=0
    [CG] CG iter 580: obj=1631686.089567, maxRC=1803.643700, +2 cols
    [CG]   [DIAG] iter=580 posCols=2 newCols=2 effImprove=2 updated=0
    [CG] CG iter 581: obj=1631686.089567, maxRC=1057.584431, +1 cols
    [CG]   [DIAG] iter=581 posCols=1 newCols=1 effImprove=1 updated=0
    [CG] 列生成收敛，共 582 轮迭代
    [CG] [CG-NODE] depth=7 exit=CERTIFIED certified=1 feasible=1 iters=11 generatedColsBeforeNode=2507 newCols=43 posCandidates=43 duplicateCandidates=0 updatedCols=0 zeroObjImproveIters=10 objFirst=1631686.089567 objLast=1631686.089567 objGain=-0.000000 maxRC=46391.472607 wallSec=0.267195 pricingSec=0.259163 cplexSolveSec=0.005462
    [CG] 列生成开始，初始列数=699
    [CG] CG iter 583: obj=1571884.616471, maxRC=211262.594173, +14 cols
    [CG]   [DIAG] iter=583 posCols=14 newCols=14 effImprove=14 updated=0
    [CG] CG iter 584: obj=1606618.537197, maxRC=108845.523673, +12 cols
    [CG]   [DIAG] iter=584 posCols=12 newCols=12 effImprove=12 updated=0
    [CG] CG iter 585: obj=1606618.537197, maxRC=96697.622254, +8 cols
    [CG]   [DIAG] iter=585 posCols=8 newCols=8 effImprove=8 updated=0
    [CG] CG iter 586: obj=1606618.537197, maxRC=71656.944041, +8 cols
    [CG]   [DIAG] iter=586 posCols=8 newCols=7 effImprove=8 updated=1
    [CG] CG iter 587: obj=1606618.537197, maxRC=51626.188964, +6 cols
    [CG]   [DIAG] iter=587 posCols=6 newCols=6 effImprove=6 updated=0
    [CG] CG iter 588: obj=1606618.537197, maxRC=51671.279317, +7 cols
    [CG]   [DIAG] iter=588 posCols=7 newCols=7 effImprove=7 updated=0
    [CG] CG iter 589: obj=1606618.537197, maxRC=30632.409303, +4 cols
    [CG]   [DIAG] iter=589 posCols=4 newCols=4 effImprove=4 updated=0
    [CG] CG iter 590: obj=1606618.537197, maxRC=25900.850893, +3 cols
    [CG]   [DIAG] iter=590 posCols=3 newCols=3 effImprove=3 updated=0
    [CG] CG iter 591: obj=1606618.537197, maxRC=26489.318953, +4 cols
    [CG]   [DIAG] iter=591 posCols=4 newCols=4 effImprove=4 updated=0
    [CG] CG iter 592: obj=1606618.537197, maxRC=27769.100564, +5 cols
    [CG]   [DIAG] iter=592 posCols=5 newCols=5 effImprove=5 updated=0
    [CG] CG iter 593: obj=1606618.537197, maxRC=18454.770736, +3 cols
    [CG]   [DIAG] iter=593 posCols=3 newCols=3 effImprove=3 updated=0
    [CG] CG iter 594: obj=1606618.537197, maxRC=24530.197177, +4 cols
    [CG]   [DIAG] iter=594 posCols=4 newCols=4 effImprove=4 updated=0
    [CG] CG iter 595: obj=1606618.537197, maxRC=26806.016025, +3 cols
    [CG]   [DIAG] iter=595 posCols=3 newCols=3 effImprove=3 updated=0
    [CG] CG iter 596: obj=1607638.417951, maxRC=11690.986788, +4 cols
    [CG]   [DIAG] iter=596 posCols=4 newCols=4 effImprove=4 updated=0
    [CG] CG iter 597: obj=1607648.857234, maxRC=13624.187467, +3 cols
    [CG]   [DIAG] iter=597 posCols=3 newCols=3 effImprove=3 updated=0
    [CG] CG iter 598: obj=1609409.275205, maxRC=17383.005822, +4 cols
    [CG]   [DIAG] iter=598 posCols=4 newCols=4 effImprove=4 updated=0
    [CG] CG iter 599: obj=1609409.275205, maxRC=15569.510280, +3 cols
    [CG]   [DIAG] iter=599 posCols=3 newCols=3 effImprove=3 updated=0
    [CG] CG iter 600: obj=1610063.574865, maxRC=7317.156346, +3 cols
    [CG]   [DIAG] iter=600 posCols=3 newCols=3 effImprove=3 updated=0
    [CG] CG iter 601: obj=1610795.290499, maxRC=5342.586640, +3 cols
    [CG]   [DIAG] iter=601 posCols=3 newCols=3 effImprove=3 updated=0
    [CG] CG iter 602: obj=1612130.937159, maxRC=5821.374226, +2 cols
    [CG]   [DIAG] iter=602 posCols=2 newCols=2 effImprove=2 updated=0
    [CG] CG iter 603: obj=1612130.937159, maxRC=3786.326223, +1 cols
    [CG]   [DIAG] iter=603 posCols=1 newCols=1 effImprove=1 updated=0
    [CG] CG iter 604: obj=1612130.937159, maxRC=3341.658573, +1 cols
    [CG]   [DIAG] iter=604 posCols=1 newCols=1 effImprove=1 updated=0
    [CG] CG iter 605: obj=1612130.937159, maxRC=1694.357248, +2 cols
    [CG]   [DIAG] iter=605 posCols=2 newCols=2 effImprove=2 updated=0
    [CG] CG iter 606: obj=1612130.937159, maxRC=631.186120, +1 cols
    [CG]   [DIAG] iter=606 posCols=1 newCols=1 effImprove=1 updated=0
    [CG] 列生成收敛，共 607 轮迭代
    [CG] [CG-NODE] depth=7 exit=CERTIFIED certified=1 feasible=1 iters=25 generatedColsBeforeNode=2550 newCols=107 posCandidates=108 duplicateCandidates=1 updatedCols=1 zeroObjImproveIters=17 objFirst=1571884.616471 objLast=1612130.937159 objGain=40246.320688 maxRC=211262.594173 wallSec=0.431496 pricingSec=0.416161 cplexSolveSec=0.011387
    [CG] [BB-DIAG] 分支 x_{dc=4,retailer=7}, 节点数=25
    [CG] 列生成开始，初始列数=787
    [CG] CG iter 608: obj=1622366.829904, maxRC=20590.739390, +6 cols
    [CG]   [DIAG] iter=608 posCols=6 newCols=6 effImprove=6 updated=0
    [CG] CG iter 609: obj=1623779.929214, maxRC=2990.752760, +3 cols
    [CG]   [DIAG] iter=609 posCols=3 newCols=3 effImprove=3 updated=0
    [CG] CG iter 610: obj=1623779.929214, maxRC=1705.457744, +3 cols
    [CG]   [DIAG] iter=610 posCols=3 newCols=3 effImprove=3 updated=0
    [CG] CG iter 611: obj=1623779.929214, maxRC=1176.696328, +2 cols
    [CG]   [DIAG] iter=611 posCols=2 newCols=2 effImprove=2 updated=0
    [CG] CG iter 612: obj=1623779.929214, maxRC=1224.335687, +1 cols
    [CG]   [DIAG] iter=612 posCols=1 newCols=1 effImprove=1 updated=0
    [CG] 列生成收敛，共 613 轮迭代
    [CG] [CG-NODE] depth=8 exit=CERTIFIED certified=1 feasible=1 iters=6 generatedColsBeforeNode=2657 newCols=15 posCandidates=15 duplicateCandidates=0 updatedCols=0 zeroObjImproveIters=4 objFirst=1622366.829904 objLast=1623779.929214 objGain=1413.099310 maxRC=20590.739390 wallSec=0.144229 pricingSec=0.138618 cplexSolveSec=0.003416
    [CG] 列生成开始，初始列数=713
    [CG] CG iter 614: obj=1609507.707565, maxRC=179994.371506, +16 cols
    [CG]   [DIAG] iter=614 posCols=16 newCols=16 effImprove=16 updated=0
    [CG] CG iter 615: obj=1609507.707565, maxRC=85899.603313, +9 cols
    [CG]   [DIAG] iter=615 posCols=9 newCols=9 effImprove=9 updated=0
    [CG] CG iter 616: obj=1609507.707565, maxRC=108682.141338, +10 cols
    [CG]   [DIAG] iter=616 posCols=10 newCols=10 effImprove=10 updated=0
    [CG] CG iter 617: obj=1611357.530008, maxRC=76986.690642, +4 cols
    [CG]   [DIAG] iter=617 posCols=4 newCols=4 effImprove=4 updated=0
    [CG] CG iter 618: obj=1611889.134643, maxRC=71704.548157, +3 cols
    [CG]   [DIAG] iter=618 posCols=3 newCols=3 effImprove=3 updated=0
    [CG] CG iter 619: obj=1611889.134643, maxRC=45221.454274, +6 cols
    [CG]   [DIAG] iter=619 posCols=6 newCols=6 effImprove=6 updated=0
    [CG] CG iter 620: obj=1618692.209858, maxRC=35967.485891, +5 cols
    [CG]   [DIAG] iter=620 posCols=5 newCols=5 effImprove=5 updated=0
    [CG] CG iter 621: obj=1618692.209858, maxRC=14873.660038, +3 cols
    [CG]   [DIAG] iter=621 posCols=3 newCols=3 effImprove=3 updated=0
    [CG] CG iter 622: obj=1618692.209858, maxRC=13847.803378, +5 cols
    [CG]   [DIAG] iter=622 posCols=5 newCols=5 effImprove=5 updated=0
    [CG] CG iter 623: obj=1618692.209858, maxRC=11611.878693, +3 cols
    [CG]   [DIAG] iter=623 posCols=3 newCols=3 effImprove=3 updated=0
    [CG] CG iter 624: obj=1624498.149205, maxRC=14912.577207, +4 cols
    [CG]   [DIAG] iter=624 posCols=4 newCols=4 effImprove=4 updated=0
    [CG] CG iter 625: obj=1624498.149205, maxRC=5628.997487, +3 cols
    [CG]   [DIAG] iter=625 posCols=3 newCols=3 effImprove=3 updated=0
    [CG] CG iter 626: obj=1624498.149205, maxRC=2837.767660, +3 cols
    [CG]   [DIAG] iter=626 posCols=3 newCols=3 effImprove=3 updated=0
    [CG] CG iter 627: obj=1624498.149205, maxRC=528.277322, +1 cols
    [CG]   [DIAG] iter=627 posCols=1 newCols=1 effImprove=1 updated=0
    [CG] CG iter 628: obj=1624498.149205, maxRC=653.005663, +2 cols
    [CG]   [DIAG] iter=628 posCols=2 newCols=2 effImprove=2 updated=0
    [CG] CG iter 629: obj=1624498.149205, maxRC=1911.359843, +1 cols
    [CG]   [DIAG] iter=629 posCols=1 newCols=1 effImprove=1 updated=0
    [CG] CG iter 630: obj=1624498.149205, maxRC=760.891967, +1 cols
    [CG]   [DIAG] iter=630 posCols=1 newCols=1 effImprove=1 updated=0
    [CG] 列生成收敛，共 631 轮迭代
    [CG] [CG-NODE] depth=8 exit=CERTIFIED certified=1 feasible=1 iters=18 generatedColsBeforeNode=2672 newCols=79 posCandidates=79 duplicateCandidates=0 updatedCols=0 zeroObjImproveIters=13 objFirst=1609507.707565 objLast=1624498.149205 objGain=14990.441640 maxRC=179994.371506 wallSec=0.419748 pricingSec=0.408276 cplexSolveSec=0.008022
    [CG] [BB-DIAG] 分支 x_{dc=3,retailer=0}, 节点数=26
    [CG] 列生成开始，初始列数=669
    [CG] CG iter 632: obj=1591595.450944, maxRC=62285.690102, +6 cols
    [CG]   [DIAG] iter=632 posCols=6 newCols=6 effImprove=6 updated=0
    [CG] CG iter 633: obj=1592938.004356, maxRC=38124.976664, +5 cols
    [CG]   [DIAG] iter=633 posCols=5 newCols=5 effImprove=5 updated=0
    [CG] CG iter 634: obj=1600393.855652, maxRC=37620.604732, +8 cols
    [CG]   [DIAG] iter=634 posCols=8 newCols=8 effImprove=8 updated=0
    [CG] CG iter 635: obj=1600393.855652, maxRC=19873.775249, +4 cols
    [CG]   [DIAG] iter=635 posCols=4 newCols=4 effImprove=4 updated=0
    [CG] CG iter 636: obj=1600393.855652, maxRC=21990.780034, +3 cols
    [CG]   [DIAG] iter=636 posCols=3 newCols=3 effImprove=3 updated=0
    [CG] CG iter 637: obj=1600393.855652, maxRC=21816.605797, +3 cols
    [CG]   [DIAG] iter=637 posCols=3 newCols=3 effImprove=3 updated=0
    [CG] CG iter 638: obj=1600393.855652, maxRC=11261.098154, +3 cols
    [CG]   [DIAG] iter=638 posCols=3 newCols=3 effImprove=3 updated=0
    [CG] CG iter 639: obj=1600393.855652, maxRC=5702.306767, +3 cols
    [CG]   [DIAG] iter=639 posCols=3 newCols=3 effImprove=3 updated=0
    [CG] CG iter 640: obj=1600393.855652, maxRC=4827.955253, +3 cols
    [CG]   [DIAG] iter=640 posCols=3 newCols=3 effImprove=3 updated=0
    [CG] CG iter 641: obj=1600393.855652, maxRC=3351.987184, +3 cols
    [CG]   [DIAG] iter=641 posCols=3 newCols=3 effImprove=3 updated=0
    [CG] CG iter 642: obj=1600393.855652, maxRC=1370.105027, +3 cols
    [CG]   [DIAG] iter=642 posCols=3 newCols=3 effImprove=3 updated=0
    [CG] CG iter 643: obj=1600393.855652, maxRC=2168.782387, +2 cols
    [CG]   [DIAG] iter=643 posCols=2 newCols=2 effImprove=2 updated=0
    [CG] CG iter 644: obj=1600793.194332, maxRC=863.627036, +1 cols
    [CG]   [DIAG] iter=644 posCols=1 newCols=1 effImprove=1 updated=0
    [CG] 列生成收敛，共 645 轮迭代
    [CG] [CG-NODE] depth=9 exit=CERTIFIED certified=1 feasible=1 iters=14 generatedColsBeforeNode=2751 newCols=47 posCandidates=47 duplicateCandidates=0 updatedCols=0 zeroObjImproveIters=10 objFirst=1591595.450944 objLast=1600793.194332 objGain=9197.743388 maxRC=62285.690102 wallSec=0.352462 pricingSec=0.343794 cplexSolveSec=0.006030
    [CG] 列生成开始，初始列数=692
    [CG] CG iter 646: obj=1581818.219922, maxRC=90150.024722, +9 cols
    [CG]   [DIAG] iter=646 posCols=9 newCols=9 effImprove=9 updated=0
    [CG] CG iter 647: obj=1594183.239679, maxRC=79262.163074, +6 cols
    [CG]   [DIAG] iter=647 posCols=6 newCols=6 effImprove=6 updated=0
    [CG] CG iter 648: obj=1602757.539292, maxRC=40828.880115, +7 cols
    [CG]   [DIAG] iter=648 posCols=7 newCols=7 effImprove=7 updated=0
    [CG] CG iter 649: obj=1604192.561026, maxRC=28975.257852, +6 cols
    [CG]   [DIAG] iter=649 posCols=6 newCols=6 effImprove=6 updated=0
    [CG] CG iter 650: obj=1604192.561026, maxRC=16807.311723, +4 cols
    [CG]   [DIAG] iter=650 posCols=4 newCols=4 effImprove=4 updated=0
    [CG] CG iter 651: obj=1606019.368284, maxRC=16690.696727, +3 cols
    [CG]   [DIAG] iter=651 posCols=3 newCols=3 effImprove=3 updated=0
    [CG] CG iter 652: obj=1606019.368284, maxRC=24999.649541, +3 cols
    [CG]   [DIAG] iter=652 posCols=3 newCols=3 effImprove=3 updated=0
    [CG] CG iter 653: obj=1607406.202895, maxRC=8036.018210, +1 cols
    [CG]   [DIAG] iter=653 posCols=1 newCols=0 effImprove=1 updated=1
    [CG] CG iter 654: obj=1607406.202895, maxRC=7723.576042, +2 cols
    [CG]   [DIAG] iter=654 posCols=2 newCols=2 effImprove=2 updated=0
    [CG] CG iter 655: obj=1609612.938907, maxRC=8169.728895, +2 cols
    [CG]   [DIAG] iter=655 posCols=2 newCols=2 effImprove=2 updated=0
    [CG] CG iter 656: obj=1609612.938907, maxRC=4054.085918, +2 cols
    [CG]   [DIAG] iter=656 posCols=2 newCols=2 effImprove=2 updated=0
    [CG] CG iter 657: obj=1609612.938907, maxRC=3236.199029, +1 cols
    [CG]   [DIAG] iter=657 posCols=1 newCols=1 effImprove=1 updated=0
    [CG] CG iter 658: obj=1612849.137936, maxRC=4030.572191, +2 cols
    [CG]   [DIAG] iter=658 posCols=2 newCols=2 effImprove=2 updated=0
    [CG] CG iter 659: obj=1612849.137936, maxRC=1683.246073, +1 cols
    [CG]   [DIAG] iter=659 posCols=1 newCols=1 effImprove=1 updated=0
    [CG] CG iter 660: obj=1612849.137936, maxRC=1302.961865, +1 cols
    [CG]   [DIAG] iter=660 posCols=1 newCols=1 effImprove=1 updated=0
    [CG] CG iter 661: obj=1612849.137936, maxRC=1236.957184, +1 cols
    [CG]   [DIAG] iter=661 posCols=1 newCols=1 effImprove=1 updated=0
    [CG] 列生成收敛，共 662 轮迭代
    [CG] [CG-NODE] depth=9 exit=CERTIFIED certified=1 feasible=1 iters=17 generatedColsBeforeNode=2798 newCols=50 posCandidates=51 duplicateCandidates=1 updatedCols=1 zeroObjImproveIters=9 objFirst=1581818.219922 objLast=1612849.137936 objGain=31030.918014 maxRC=90150.024722 wallSec=0.295970 pricingSec=0.286188 cplexSolveSec=0.006873
    [CG] [BB-DIAG] 分支 x_{dc=3,retailer=0}, 节点数=27
    [CG] 列生成开始，初始列数=705
    [CG] CG iter 663: obj=1607587.364841, maxRC=47807.935432, +10 cols
    [CG]   [DIAG] iter=663 posCols=10 newCols=10 effImprove=10 updated=0
    [CG] CG iter 664: obj=1609610.233930, maxRC=17458.844331, +6 cols
    [CG]   [DIAG] iter=664 posCols=6 newCols=6 effImprove=6 updated=0
    [CG] CG iter 665: obj=1609610.233930, maxRC=23373.985408, +5 cols
    [CG]   [DIAG] iter=665 posCols=5 newCols=5 effImprove=5 updated=0
    [CG] CG iter 666: obj=1610463.870616, maxRC=12496.003031, +4 cols
    [CG]   [DIAG] iter=666 posCols=4 newCols=4 effImprove=4 updated=0
    [CG] CG iter 667: obj=1615602.345351, maxRC=7233.447221, +3 cols
    [CG]   [DIAG] iter=667 posCols=3 newCols=3 effImprove=3 updated=0
    [CG] CG iter 668: obj=1615602.345351, maxRC=5075.970796, +3 cols
    [CG]   [DIAG] iter=668 posCols=3 newCols=3 effImprove=3 updated=0
    [CG] CG iter 669: obj=1615602.345351, maxRC=4848.864057, +2 cols
    [CG]   [DIAG] iter=669 posCols=2 newCols=2 effImprove=2 updated=0
    [CG] CG iter 670: obj=1615602.345351, maxRC=4013.937221, +2 cols
    [CG]   [DIAG] iter=670 posCols=2 newCols=2 effImprove=2 updated=0
    [CG] CG iter 671: obj=1615602.345351, maxRC=966.344357, +1 cols
    [CG]   [DIAG] iter=671 posCols=1 newCols=1 effImprove=1 updated=0
    [CG] 列生成收敛，共 672 轮迭代
    [CG] [CG-NODE] depth=9 exit=CERTIFIED certified=1 feasible=1 iters=10 generatedColsBeforeNode=2848 newCols=36 posCandidates=36 duplicateCandidates=0 updatedCols=0 zeroObjImproveIters=6 objFirst=1607587.364841 objLast=1615602.345351 objGain=8014.980511 maxRC=47807.935432 wallSec=0.248821 pricingSec=0.241211 cplexSolveSec=0.005101
    [CG] 列生成开始，初始列数=708
    [CG] CG iter 673: obj=1582482.317311, maxRC=47045.200983, +6 cols
    [CG]   [DIAG] iter=673 posCols=6 newCols=6 effImprove=6 updated=0
    [CG] CG iter 674: obj=1588085.650926, maxRC=26285.910234, +6 cols
    [CG]   [DIAG] iter=674 posCols=6 newCols=6 effImprove=6 updated=0
    [CG] CG iter 675: obj=1601063.175598, maxRC=23373.081357, +4 cols
    [CG]   [DIAG] iter=675 posCols=4 newCols=3 effImprove=4 updated=1
    [CG] CG iter 676: obj=1605649.687296, maxRC=19512.256316, +4 cols
    [CG]   [DIAG] iter=676 posCols=4 newCols=3 effImprove=4 updated=1
    [CG] CG iter 677: obj=1606975.924336, maxRC=8748.413653, +3 cols
    [CG]   [DIAG] iter=677 posCols=3 newCols=3 effImprove=3 updated=0
    [CG] CG iter 678: obj=1606975.924336, maxRC=7874.934331, +3 cols
    [CG]   [DIAG] iter=678 posCols=3 newCols=3 effImprove=3 updated=0
    [CG] CG iter 679: obj=1608299.886612, maxRC=5739.551050, +3 cols
    [CG]   [DIAG] iter=679 posCols=3 newCols=3 effImprove=3 updated=0
    [CG] CG iter 680: obj=1608299.886612, maxRC=1285.612181, +2 cols
    [CG]   [DIAG] iter=680 posCols=2 newCols=2 effImprove=2 updated=0
    [CG] CG iter 681: obj=1608299.886612, maxRC=1149.983058, +2 cols
    [CG]   [DIAG] iter=681 posCols=2 newCols=2 effImprove=2 updated=0
    [CG] CG iter 682: obj=1609449.869670, maxRC=1116.276653, +1 cols
    [CG]   [DIAG] iter=682 posCols=1 newCols=1 effImprove=1 updated=0
    [CG] CG iter 683: obj=1609449.869670, maxRC=934.153208, +1 cols
    [CG]   [DIAG] iter=683 posCols=1 newCols=1 effImprove=1 updated=0
    [CG] 列生成收敛，共 684 轮迭代
    [CG] [CG-NODE] depth=9 exit=CERTIFIED certified=1 feasible=1 iters=12 generatedColsBeforeNode=2884 newCols=33 posCandidates=35 duplicateCandidates=2 updatedCols=2 zeroObjImproveIters=5 objFirst=1582482.317311 objLast=1609449.869670 objGain=26967.552359 maxRC=47045.200983 wallSec=0.205245 pricingSec=0.197265 cplexSolveSec=0.005447
    [CG] [BB-INCUMBENT] selection=33 node=27 previous=1613892.696219 value=1615602.345351 active=3
    [CG] [BB-DIAG] 分支 x_{dc=3,retailer=0}, 节点数=28
    [CG] 列生成开始，初始列数=698
    [CG] CG iter 685: obj=1626245.432339, maxRC=22447.298671, +7 cols
    [CG]   [DIAG] iter=685 posCols=7 newCols=7 effImprove=7 updated=0
    [CG] CG iter 686: obj=1626245.432339, maxRC=9354.366177, +4 cols
    [CG]   [DIAG] iter=686 posCols=4 newCols=4 effImprove=4 updated=0
    [CG] CG iter 687: obj=1626245.432339, maxRC=2833.161462, +3 cols
    [CG]   [DIAG] iter=687 posCols=3 newCols=3 effImprove=3 updated=0
    [CG] CG iter 688: obj=1626245.432339, maxRC=1330.098439, +2 cols
    [CG]   [DIAG] iter=688 posCols=2 newCols=2 effImprove=2 updated=0
    [CG] CG iter 689: obj=1626245.432339, maxRC=679.274829, +1 cols
    [CG]   [DIAG] iter=689 posCols=1 newCols=1 effImprove=1 updated=0
    [CG] 列生成收敛，共 690 轮迭代
    [CG] [CG-NODE] depth=5 exit=CERTIFIED certified=1 feasible=1 iters=6 generatedColsBeforeNode=2917 newCols=17 posCandidates=17 duplicateCandidates=0 updatedCols=0 zeroObjImproveIters=5 objFirst=1626245.432339 objLast=1626245.432339 objGain=-0.000000 maxRC=22447.298671 wallSec=0.143299 pricingSec=0.138397 cplexSolveSec=0.003118
    [CG] 列生成开始，初始列数=730
    [CG] CG iter 691: obj=1582778.355346, maxRC=116544.699791, +7 cols
    [CG]   [DIAG] iter=691 posCols=7 newCols=7 effImprove=7 updated=0
    [CG] CG iter 692: obj=1596662.326742, maxRC=48328.303968, +8 cols
    [CG]   [DIAG] iter=692 posCols=8 newCols=8 effImprove=8 updated=0
    [CG] CG iter 693: obj=1614503.448697, maxRC=29225.525431, +6 cols
    [CG]   [DIAG] iter=693 posCols=6 newCols=6 effImprove=6 updated=0
    [CG] CG iter 694: obj=1614503.448697, maxRC=13757.485213, +5 cols
    [CG]   [DIAG] iter=694 posCols=5 newCols=5 effImprove=5 updated=0
    [CG] CG iter 695: obj=1614503.448697, maxRC=9423.263092, +2 cols
    [CG]   [DIAG] iter=695 posCols=2 newCols=2 effImprove=2 updated=0
    [CG] CG iter 696: obj=1615025.273026, maxRC=9022.421574, +3 cols
    [CG]   [DIAG] iter=696 posCols=3 newCols=3 effImprove=3 updated=0
    [CG] CG iter 697: obj=1615025.273026, maxRC=6792.516132, +2 cols
    [CG]   [DIAG] iter=697 posCols=2 newCols=2 effImprove=2 updated=0
    [CG] CG iter 698: obj=1615025.273026, maxRC=6655.076172, +1 cols
    [CG]   [DIAG] iter=698 posCols=1 newCols=1 effImprove=1 updated=0
    [CG] CG iter 699: obj=1615025.273026, maxRC=7329.927132, +1 cols
    [CG]   [DIAG] iter=699 posCols=1 newCols=1 effImprove=1 updated=0
    [CG] CG iter 700: obj=1615025.273026, maxRC=4765.131792, +1 cols
    [CG]   [DIAG] iter=700 posCols=1 newCols=1 effImprove=1 updated=0
    [CG] CG iter 701: obj=1615025.273026, maxRC=3854.431760, +1 cols
    [CG]   [DIAG] iter=701 posCols=1 newCols=1 effImprove=1 updated=0
    [CG] CG iter 702: obj=1615025.273026, maxRC=3503.132872, +2 cols
    [CG]   [DIAG] iter=702 posCols=2 newCols=2 effImprove=2 updated=0
    [CG] CG iter 703: obj=1615025.273026, maxRC=2114.945541, +1 cols
    [CG]   [DIAG] iter=703 posCols=1 newCols=1 effImprove=1 updated=0
    [CG] CG iter 704: obj=1615025.273026, maxRC=1098.023640, +1 cols
    [CG]   [DIAG] iter=704 posCols=1 newCols=1 effImprove=1 updated=0
    [CG] CG iter 705: obj=1615025.273026, maxRC=937.460323, +1 cols
    [CG]   [DIAG] iter=705 posCols=1 newCols=1 effImprove=1 updated=0
    [CG] CG iter 706: obj=1615025.273026, maxRC=792.529889, +1 cols
    [CG]   [DIAG] iter=706 posCols=1 newCols=1 effImprove=1 updated=0
    [CG] 列生成收敛，共 707 轮迭代
    [CG] [CG-NODE] depth=5 exit=CERTIFIED certified=1 feasible=1 iters=17 generatedColsBeforeNode=2934 newCols=43 posCandidates=43 duplicateCandidates=0 updatedCols=0 zeroObjImproveIters=13 objFirst=1582778.355346 objLast=1615025.273026 objGain=32246.917679 maxRC=116544.699791 wallSec=0.293859 pricingSec=0.283323 cplexSolveSec=0.007549
    [CG] [BB-DIAG] 分支 x_{dc=2,retailer=11}, 节点数=29
    [CG] 列生成开始，初始列数=710
    [CG] CG iter 708: obj=1618087.374480, maxRC=44756.742409, +5 cols
    [CG]   [DIAG] iter=708 posCols=5 newCols=5 effImprove=5 updated=0
    [CG] CG iter 709: obj=1621071.157307, maxRC=34474.207381, +4 cols
    [CG]   [DIAG] iter=709 posCols=4 newCols=4 effImprove=4 updated=0
    [CG] CG iter 710: obj=1622689.488712, maxRC=8717.238831, +4 cols
    [CG]   [DIAG] iter=710 posCols=4 newCols=4 effImprove=4 updated=0
    [CG] CG iter 711: obj=1623561.212595, maxRC=2691.588776, +3 cols
    [CG]   [DIAG] iter=711 posCols=3 newCols=3 effImprove=3 updated=0
    [CG] CG iter 712: obj=1623561.212595, maxRC=1465.730113, +2 cols
    [CG]   [DIAG] iter=712 posCols=2 newCols=2 effImprove=2 updated=0
    [CG] CG iter 713: obj=1623818.250086, maxRC=15.562795, +1 cols
    [CG]   [DIAG] iter=713 posCols=1 newCols=1 effImprove=1 updated=0
    [CG] 列生成收敛，共 714 轮迭代
    [CG] [CG-NODE] depth=6 exit=CERTIFIED certified=1 feasible=1 iters=7 generatedColsBeforeNode=2977 newCols=19 posCandidates=19 duplicateCandidates=0 updatedCols=0 zeroObjImproveIters=1 objFirst=1618087.374480 objLast=1623822.140785 objGain=5734.766305 maxRC=44756.742409 wallSec=0.173260 pricingSec=0.167411 cplexSolveSec=0.003862
    [CG] 列生成开始，初始列数=709
    [CG] CG iter 715: obj=1605814.108288, maxRC=75394.552786, +12 cols
    [CG]   [DIAG] iter=715 posCols=12 newCols=12 effImprove=12 updated=0
    [CG] CG iter 716: obj=1605814.108288, maxRC=42142.900623, +8 cols
    [CG]   [DIAG] iter=716 posCols=8 newCols=8 effImprove=8 updated=0
    [CG] CG iter 717: obj=1605814.108288, maxRC=28994.925657, +7 cols
    [CG]   [DIAG] iter=717 posCols=7 newCols=7 effImprove=7 updated=0
    [CG] CG iter 718: obj=1605814.108288, maxRC=26477.621228, +7 cols
    [CG]   [DIAG] iter=718 posCols=7 newCols=7 effImprove=7 updated=0
    [CG] CG iter 719: obj=1612746.545594, maxRC=11661.556859, +5 cols
    [CG]   [DIAG] iter=719 posCols=5 newCols=5 effImprove=5 updated=0
    [CG] CG iter 720: obj=1612746.545594, maxRC=10583.746389, +2 cols
    [CG]   [DIAG] iter=720 posCols=2 newCols=2 effImprove=2 updated=0
    [CG] CG iter 721: obj=1612746.545594, maxRC=10214.340855, +3 cols
    [CG]   [DIAG] iter=721 posCols=3 newCols=3 effImprove=3 updated=0
    [CG] CG iter 722: obj=1612746.545594, maxRC=8442.507519, +2 cols
    [CG]   [DIAG] iter=722 posCols=2 newCols=2 effImprove=2 updated=0
    [CG] CG iter 723: obj=1612746.545594, maxRC=6191.034241, +2 cols
    [CG]   [DIAG] iter=723 posCols=2 newCols=2 effImprove=2 updated=0
    [CG] CG iter 724: obj=1612746.545594, maxRC=3809.136220, +1 cols
    [CG]   [DIAG] iter=724 posCols=1 newCols=1 effImprove=1 updated=0
    [CG] CG iter 725: obj=1612746.545594, maxRC=1628.775096, +1 cols
    [CG]   [DIAG] iter=725 posCols=1 newCols=1 effImprove=1 updated=0
    [CG] CG iter 726: obj=1612746.545594, maxRC=2182.887102, +1 cols
    [CG]   [DIAG] iter=726 posCols=1 newCols=1 effImprove=1 updated=0
    [CG] CG iter 727: obj=1612746.545594, maxRC=1017.906940, +1 cols
    [CG]   [DIAG] iter=727 posCols=1 newCols=1 effImprove=1 updated=0
    [CG] 列生成收敛，共 728 轮迭代
    [CG] [CG-NODE] depth=6 exit=CERTIFIED certified=1 feasible=1 iters=14 generatedColsBeforeNode=2996 newCols=52 posCandidates=52 duplicateCandidates=0 updatedCols=0 zeroObjImproveIters=12 objFirst=1605814.108288 objLast=1612746.545594 objGain=6932.437306 maxRC=75394.552786 wallSec=0.280419 pricingSec=0.271135 cplexSolveSec=0.006303
    [CG] [BB-DIAG] 分支 x_{dc=5,retailer=2}, 节点数=30
    [CG] 列生成开始，初始列数=710
    [CG] CG iter 729: obj=1620498.554672, maxRC=8357.365611, +6 cols
    [CG]   [DIAG] iter=729 posCols=6 newCols=6 effImprove=6 updated=0
    [CG] CG iter 730: obj=1620498.554672, maxRC=5084.760467, +4 cols
    [CG]   [DIAG] iter=730 posCols=4 newCols=4 effImprove=4 updated=0
    [CG] CG iter 731: obj=1620498.554672, maxRC=1713.399833, +3 cols
    [CG]   [DIAG] iter=731 posCols=3 newCols=3 effImprove=3 updated=0
    [CG] CG iter 732: obj=1620524.652879, maxRC=52.014601, +1 cols
    [CG]   [DIAG] iter=732 posCols=1 newCols=1 effImprove=1 updated=0
    [CG] 列生成收敛，共 733 轮迭代
    [CG] [CG-NODE] depth=7 exit=CERTIFIED certified=1 feasible=1 iters=5 generatedColsBeforeNode=3048 newCols=14 posCandidates=14 duplicateCandidates=0 updatedCols=0 zeroObjImproveIters=3 objFirst=1620498.554672 objLast=1620524.652879 objGain=26.098207 maxRC=8357.365611 wallSec=0.119378 pricingSec=0.114629 cplexSolveSec=0.002928
    [CG] 列生成开始，初始列数=652
    [CG] CG iter 734: obj=1597926.242092, maxRC=55954.527167, +7 cols
    [CG]   [DIAG] iter=734 posCols=7 newCols=7 effImprove=7 updated=0
    [CG] CG iter 735: obj=1598569.687896, maxRC=32880.203778, +5 cols
    [CG]   [DIAG] iter=735 posCols=5 newCols=5 effImprove=5 updated=0
    [CG] CG iter 736: obj=1613240.347883, maxRC=37583.882553, +5 cols
    [CG]   [DIAG] iter=736 posCols=5 newCols=5 effImprove=5 updated=0
    [CG] CG iter 737: obj=1613240.347883, maxRC=23688.885926, +3 cols
    [CG]   [DIAG] iter=737 posCols=3 newCols=3 effImprove=3 updated=0
    [CG] CG iter 738: obj=1613240.347883, maxRC=19708.637195, +3 cols
    [CG]   [DIAG] iter=738 posCols=3 newCols=3 effImprove=3 updated=0
    [CG] CG iter 739: obj=1613444.460726, maxRC=8357.375070, +3 cols
    [CG]   [DIAG] iter=739 posCols=3 newCols=3 effImprove=3 updated=0
    [CG] CG iter 740: obj=1613444.460726, maxRC=5941.646394, +3 cols
    [CG]   [DIAG] iter=740 posCols=3 newCols=3 effImprove=3 updated=0
    [CG] CG iter 741: obj=1614623.060645, maxRC=4196.716786, +5 cols
    [CG]   [DIAG] iter=741 posCols=5 newCols=5 effImprove=5 updated=0
    [CG] CG iter 742: obj=1615586.247028, maxRC=2255.285679, +4 cols
    [CG]   [DIAG] iter=742 posCols=4 newCols=4 effImprove=4 updated=0
    [CG] CG iter 743: obj=1615586.247028, maxRC=1355.969473, +2 cols
    [CG]   [DIAG] iter=743 posCols=2 newCols=2 effImprove=2 updated=0
    [CG] CG iter 744: obj=1615586.247028, maxRC=167.079881, +1 cols
    [CG]   [DIAG] iter=744 posCols=1 newCols=1 effImprove=1 updated=0
    [CG] 列生成收敛，共 745 轮迭代
    [CG] [CG-NODE] depth=7 exit=CERTIFIED certified=1 feasible=1 iters=12 generatedColsBeforeNode=3062 newCols=41 posCandidates=41 duplicateCandidates=0 updatedCols=0 zeroObjImproveIters=6 objFirst=1597926.242092 objLast=1615586.247028 objGain=17660.004936 maxRC=55954.527167 wallSec=0.284552 pricingSec=0.277186 cplexSolveSec=0.004910
    [CG] [BB-DIAG] 分支 x_{dc=3,retailer=6}, 节点数=31
    [CG] 列生成开始，初始列数=666
    [CG] CG iter 746: obj=1614348.236300, maxRC=126254.208794, +17 cols
    [CG]   [DIAG] iter=746 posCols=17 newCols=17 effImprove=17 updated=0
    [CG] CG iter 747: obj=1617841.939278, maxRC=52634.321614, +11 cols
    [CG]   [DIAG] iter=747 posCols=11 newCols=11 effImprove=11 updated=0
    [CG] CG iter 748: obj=1617841.939278, maxRC=20761.906543, +9 cols
    [CG]   [DIAG] iter=748 posCols=9 newCols=9 effImprove=9 updated=0
    [CG] CG iter 749: obj=1617841.939278, maxRC=11464.480169, +10 cols
    [CG]   [DIAG] iter=749 posCols=10 newCols=10 effImprove=10 updated=0
    [CG] CG iter 750: obj=1617841.939278, maxRC=14376.356188, +8 cols
    [CG]   [DIAG] iter=750 posCols=8 newCols=7 effImprove=8 updated=1
    [CG] CG iter 751: obj=1617841.939278, maxRC=6418.625244, +4 cols
    [CG]   [DIAG] iter=751 posCols=4 newCols=4 effImprove=4 updated=0
    [CG] CG iter 752: obj=1617841.939278, maxRC=910.815750, +3 cols
    [CG]   [DIAG] iter=752 posCols=3 newCols=3 effImprove=3 updated=0
    [CG] CG iter 753: obj=1617841.939278, maxRC=231.926675, +1 cols
    [CG]   [DIAG] iter=753 posCols=1 newCols=1 effImprove=1 updated=0
    [CG] 列生成收敛，共 754 轮迭代
    [CG] [CG-NODE] depth=8 exit=CERTIFIED certified=1 feasible=1 iters=9 generatedColsBeforeNode=3103 newCols=62 posCandidates=63 duplicateCandidates=1 updatedCols=1 zeroObjImproveIters=6 objFirst=1614348.236300 objLast=1618073.865954 objGain=3725.629654 maxRC=126254.208794 wallSec=0.216509 pricingSec=0.209535 cplexSolveSec=0.004514
    [CG] 列生成开始，初始列数=666
    [CG] CG iter 755: obj=1620049.752567, maxRC=73908.844205, +12 cols
    [CG]   [DIAG] iter=755 posCols=12 newCols=12 effImprove=12 updated=0
    [CG] CG iter 756: obj=1620049.752567, maxRC=129078.685063, +12 cols
    [CG]   [DIAG] iter=756 posCols=12 newCols=12 effImprove=12 updated=0
    [CG] CG iter 757: obj=1620049.752567, maxRC=54596.521712, +7 cols
    [CG]   [DIAG] iter=757 posCols=7 newCols=7 effImprove=7 updated=0
    [CG] CG iter 758: obj=1620049.752567, maxRC=63646.229577, +4 cols
    [CG]   [DIAG] iter=758 posCols=4 newCols=4 effImprove=4 updated=0
    [CG] CG iter 759: obj=1620049.752567, maxRC=25868.943517, +6 cols
    [CG]   [DIAG] iter=759 posCols=6 newCols=6 effImprove=6 updated=0
    [CG] CG iter 760: obj=1620049.752567, maxRC=25331.638439, +6 cols
    [CG]   [DIAG] iter=760 posCols=6 newCols=6 effImprove=6 updated=0
    [CG] CG iter 761: obj=1620049.752567, maxRC=11881.219598, +6 cols
    [CG]   [DIAG] iter=761 posCols=6 newCols=6 effImprove=6 updated=0
    [CG] CG iter 762: obj=1620049.752567, maxRC=9107.775180, +3 cols
    [CG]   [DIAG] iter=762 posCols=3 newCols=3 effImprove=3 updated=0
    [CG] CG iter 763: obj=1620049.752567, maxRC=3121.485110, +2 cols
    [CG]   [DIAG] iter=763 posCols=2 newCols=2 effImprove=2 updated=0
    [CG] CG iter 764: obj=1620049.752567, maxRC=1852.668018, +1 cols
    [CG]   [DIAG] iter=764 posCols=1 newCols=1 effImprove=1 updated=0
    [CG] CG iter 765: obj=1620049.752567, maxRC=296.953028, +1 cols
    [CG]   [DIAG] iter=765 posCols=1 newCols=1 effImprove=1 updated=0
    [CG] 列生成收敛，共 766 轮迭代
    [CG] [CG-NODE] depth=8 exit=CERTIFIED certified=1 feasible=1 iters=12 generatedColsBeforeNode=3165 newCols=60 posCandidates=60 duplicateCandidates=0 updatedCols=0 zeroObjImproveIters=11 objFirst=1620049.752567 objLast=1620049.752567 objGain=0.000000 maxRC=129078.685063 wallSec=0.223219 pricingSec=0.215384 cplexSolveSec=0.005415
    [CG] [BB-INCUMBENT] selection=38 node=31 previous=1615602.345351 value=1620049.752567 active=3
    [CG] [BB-DIAG] 分支 x_{dc=2,retailer=4}, 节点数=32
    [CG] 列生成开始，初始列数=772
    [CG] CG iter 767: obj=1641673.425940, maxRC=18995.884483, +9 cols
    [CG]   [DIAG] iter=767 posCols=9 newCols=9 effImprove=9 updated=0
    [CG] CG iter 768: obj=1641673.425940, maxRC=8653.903903, +5 cols
    [CG]   [DIAG] iter=768 posCols=5 newCols=5 effImprove=5 updated=0
    [CG] CG iter 769: obj=1643119.529797, maxRC=2822.481213, +2 cols
    [CG]   [DIAG] iter=769 posCols=2 newCols=2 effImprove=2 updated=0
    [CG] CG iter 770: obj=1643119.529797, maxRC=2277.853305, +1 cols
    [CG]   [DIAG] iter=770 posCols=1 newCols=1 effImprove=1 updated=0
    [CG] 列生成收敛，共 771 轮迭代
    [CG] [CG-NODE] depth=4 exit=CERTIFIED certified=1 feasible=1 iters=5 generatedColsBeforeNode=3225 newCols=17 posCandidates=17 duplicateCandidates=0 updatedCols=0 zeroObjImproveIters=3 objFirst=1641673.425940 objLast=1643119.529797 objGain=1446.103857 maxRC=18995.884483 wallSec=0.131662 pricingSec=0.126149 cplexSolveSec=0.003440
    [CG] 列生成开始，初始列数=776
    [CG] CG iter 772: obj=1639726.291082, maxRC=43261.387326, +6 cols
    [CG]   [DIAG] iter=772 posCols=6 newCols=6 effImprove=6 updated=0
    [CG] CG iter 773: obj=1639726.291082, maxRC=48989.836267, +7 cols
    [CG]   [DIAG] iter=773 posCols=7 newCols=7 effImprove=7 updated=0
    [CG] CG iter 774: obj=1639726.291082, maxRC=17150.320289, +3 cols
    [CG]   [DIAG] iter=774 posCols=3 newCols=3 effImprove=3 updated=0
    [CG] CG iter 775: obj=1639726.291082, maxRC=18764.727044, +3 cols
    [CG]   [DIAG] iter=775 posCols=3 newCols=3 effImprove=3 updated=0
    [CG] CG iter 776: obj=1639726.291082, maxRC=13620.603038, +2 cols
    [CG]   [DIAG] iter=776 posCols=2 newCols=2 effImprove=2 updated=0
    [CG] CG iter 777: obj=1643992.083817, maxRC=2529.513821, +2 cols
    [CG]   [DIAG] iter=777 posCols=2 newCols=2 effImprove=2 updated=0
    [CG] CG iter 778: obj=1643992.083817, maxRC=1141.126385, +1 cols
    [CG]   [DIAG] iter=778 posCols=1 newCols=1 effImprove=1 updated=0
    [CG] CG iter 779: obj=1643992.083817, maxRC=782.723202, +1 cols
    [CG]   [DIAG] iter=779 posCols=1 newCols=1 effImprove=1 updated=0
    [CG] 列生成收敛，共 780 轮迭代
    [CG] [CG-NODE] depth=4 exit=CERTIFIED certified=1 feasible=1 iters=9 generatedColsBeforeNode=3242 newCols=25 posCandidates=25 duplicateCandidates=0 updatedCols=0 zeroObjImproveIters=7 objFirst=1639726.291082 objLast=1643992.083817 objGain=4265.792735 maxRC=48989.836267 wallSec=0.233652 pricingSec=0.225756 cplexSolveSec=0.005155
    [CG] [BB-DIAG] 分支 x_{dc=2,retailer=11}, 节点数=33
    [CG] 列生成开始，初始列数=782
    [CG] CG iter 781: obj=1633569.130494, maxRC=40688.525611, +14 cols
    [CG]   [DIAG] iter=781 posCols=14 newCols=14 effImprove=14 updated=0
    [CG] CG iter 782: obj=1633569.130494, maxRC=16099.192135, +8 cols
    [CG]   [DIAG] iter=782 posCols=8 newCols=8 effImprove=8 updated=0
    [CG] CG iter 783: obj=1633569.130494, maxRC=9327.682397, +4 cols
    [CG]   [DIAG] iter=783 posCols=4 newCols=4 effImprove=4 updated=0
    [CG] CG iter 784: obj=1633569.130494, maxRC=5399.995072, +3 cols
    [CG]   [DIAG] iter=784 posCols=3 newCols=3 effImprove=3 updated=0
    [CG] CG iter 785: obj=1633569.130494, maxRC=1762.181032, +1 cols
    [CG]   [DIAG] iter=785 posCols=1 newCols=1 effImprove=1 updated=0
    [CG] CG iter 786: obj=1633569.130494, maxRC=1092.276565, +1 cols
    [CG]   [DIAG] iter=786 posCols=1 newCols=1 effImprove=1 updated=0
    [CG] CG iter 787: obj=1633569.130494, maxRC=98.732157, +1 cols
    [CG]   [DIAG] iter=787 posCols=1 newCols=1 effImprove=1 updated=0
    [CG] 列生成收敛，共 788 轮迭代
    [CG] [CG-NODE] depth=5 exit=CERTIFIED certified=1 feasible=1 iters=8 generatedColsBeforeNode=3267 newCols=32 posCandidates=32 duplicateCandidates=0 updatedCols=0 zeroObjImproveIters=7 objFirst=1633569.130494 objLast=1633569.130494 objGain=0.000000 maxRC=40688.525611 wallSec=0.207140 pricingSec=0.199952 cplexSolveSec=0.004779
    [CG] 列生成开始，初始列数=790
    [CG] CG iter 789: obj=1639726.291082, maxRC=26991.137835, +9 cols
    [CG]   [DIAG] iter=789 posCols=9 newCols=9 effImprove=9 updated=0
    [CG] CG iter 790: obj=1639726.291082, maxRC=26732.513814, +6 cols
    [CG]   [DIAG] iter=790 posCols=6 newCols=6 effImprove=6 updated=0
    [CG] CG iter 791: obj=1639726.291082, maxRC=37126.281119, +4 cols
    [CG]   [DIAG] iter=791 posCols=4 newCols=4 effImprove=4 updated=0
    [CG] CG iter 792: obj=1641281.573901, maxRC=9687.055895, +3 cols
    [CG]   [DIAG] iter=792 posCols=3 newCols=3 effImprove=3 updated=0
    [CG] CG iter 793: obj=1641281.573901, maxRC=10978.732038, +3 cols
    [CG]   [DIAG] iter=793 posCols=3 newCols=3 effImprove=3 updated=0
    [CG] CG iter 794: obj=1641281.573901, maxRC=6513.313676, +2 cols
    [CG]   [DIAG] iter=794 posCols=2 newCols=2 effImprove=2 updated=0
    [CG] CG iter 795: obj=1641281.573901, maxRC=2290.042612, +1 cols
    [CG]   [DIAG] iter=795 posCols=1 newCols=1 effImprove=1 updated=0
    [CG] CG iter 796: obj=1641281.573901, maxRC=2579.284838, +1 cols
    [CG]   [DIAG] iter=796 posCols=1 newCols=1 effImprove=1 updated=0
    [CG] 列生成收敛，共 797 轮迭代
    [CG] [CG-NODE] depth=5 exit=CERTIFIED certified=1 feasible=1 iters=9 generatedColsBeforeNode=3299 newCols=29 posCandidates=29 duplicateCandidates=0 updatedCols=0 zeroObjImproveIters=7 objFirst=1639726.291082 objLast=1641281.573901 objGain=1555.282819 maxRC=37126.281119 wallSec=0.245667 pricingSec=0.237849 cplexSolveSec=0.005160
    [CG] [BB-DIAG] 分支 x_{dc=3,retailer=0}, 节点数=34
    [CG] 列生成开始，初始列数=699
    [CG] CG iter 798: obj=1639726.291082, maxRC=35728.832404, +9 cols
    [CG]   [DIAG] iter=798 posCols=9 newCols=9 effImprove=9 updated=0
    [CG] CG iter 799: obj=1639726.291082, maxRC=11191.219574, +7 cols
    [CG]   [DIAG] iter=799 posCols=7 newCols=7 effImprove=7 updated=0
    [CG] CG iter 800: obj=1639726.291082, maxRC=13391.748302, +6 cols
    [CG]   [DIAG] iter=800 posCols=6 newCols=6 effImprove=6 updated=0
    [CG] CG iter 801: obj=1639726.291082, maxRC=4182.001847, +6 cols
    [CG]   [DIAG] iter=801 posCols=6 newCols=6 effImprove=6 updated=0
    [CG] CG iter 802: obj=1639726.291082, maxRC=4084.333759, +2 cols
    [CG]   [DIAG] iter=802 posCols=2 newCols=2 effImprove=2 updated=0
    [CG] CG iter 803: obj=1639726.291082, maxRC=3354.920145, +2 cols
    [CG]   [DIAG] iter=803 posCols=2 newCols=2 effImprove=2 updated=0
    [CG] CG iter 804: obj=1639726.291082, maxRC=98.837892, +1 cols
    [CG]   [DIAG] iter=804 posCols=1 newCols=1 effImprove=1 updated=0
    [CG] 列生成收敛，共 805 轮迭代
    [CG] [CG-NODE] depth=6 exit=CERTIFIED certified=1 feasible=1 iters=8 generatedColsBeforeNode=3328 newCols=33 posCandidates=33 duplicateCandidates=0 updatedCols=0 zeroObjImproveIters=7 objFirst=1639726.291082 objLast=1639726.291082 objGain=0.000000 maxRC=35728.832404 wallSec=0.193311 pricingSec=0.187605 cplexSolveSec=0.003610
    [CG] 列生成开始，初始列数=750
    [CG] CG iter 806: obj=1570664.875476, maxRC=95681.085386, +13 cols
    [CG]   [DIAG] iter=806 posCols=13 newCols=13 effImprove=13 updated=0
    [CG] CG iter 807: obj=1576906.032280, maxRC=80636.344969, +9 cols
    [CG]   [DIAG] iter=807 posCols=9 newCols=9 effImprove=9 updated=0
    [CG] CG iter 808: obj=1594308.697390, maxRC=96720.612854, +8 cols
    [CG]   [DIAG] iter=808 posCols=8 newCols=8 effImprove=8 updated=0
    [CG] CG iter 809: obj=1595742.762448, maxRC=76206.430927, +7 cols
    [CG]   [DIAG] iter=809 posCols=7 newCols=7 effImprove=7 updated=0
    [CG] CG iter 810: obj=1610754.815123, maxRC=35768.382365, +6 cols
    [CG]   [DIAG] iter=810 posCols=6 newCols=6 effImprove=6 updated=0
    [CG] CG iter 811: obj=1610754.815123, maxRC=39266.521766, +8 cols
    [CG]   [DIAG] iter=811 posCols=8 newCols=8 effImprove=8 updated=0
    [CG] CG iter 812: obj=1617638.133288, maxRC=22152.827266, +7 cols
    [CG]   [DIAG] iter=812 posCols=7 newCols=7 effImprove=7 updated=0
    [CG] CG iter 813: obj=1618680.043375, maxRC=7301.675954, +3 cols
    [CG]   [DIAG] iter=813 posCols=3 newCols=3 effImprove=3 updated=0
    [CG] CG iter 814: obj=1618680.043375, maxRC=6818.753340, +3 cols
    [CG]   [DIAG] iter=814 posCols=3 newCols=3 effImprove=3 updated=0
    [CG] CG iter 815: obj=1618680.043375, maxRC=3931.010098, +2 cols
    [CG]   [DIAG] iter=815 posCols=2 newCols=1 effImprove=2 updated=1
    [CG] CG iter 816: obj=1620059.920363, maxRC=2832.385224, +1 cols
    [CG]   [DIAG] iter=816 posCols=1 newCols=1 effImprove=1 updated=0
    [CG] CG iter 817: obj=1620059.920363, maxRC=4658.163738, +1 cols
    [CG]   [DIAG] iter=817 posCols=1 newCols=1 effImprove=1 updated=0
    [CG] 列生成收敛，共 818 轮迭代
    [CG] [CG-NODE] depth=6 exit=CERTIFIED certified=1 feasible=1 iters=13 generatedColsBeforeNode=3361 newCols=67 posCandidates=68 duplicateCandidates=1 updatedCols=1 zeroObjImproveIters=5 objFirst=1570664.875476 objLast=1620059.920363 objGain=49395.044887 maxRC=96720.612854 wallSec=0.191446 pricingSec=0.182046 cplexSolveSec=0.006699
    [CG] [BB-DIAG] 分支 x_{dc=3,retailer=7}, 节点数=35
    [CG] 列生成开始，初始列数=703
    [CG] CG iter 819: obj=1595560.477097, maxRC=113504.463211, +14 cols
    [CG]   [DIAG] iter=819 posCols=14 newCols=14 effImprove=14 updated=0
    [CG] CG iter 820: obj=1595560.477097, maxRC=95883.155657, +9 cols
    [CG]   [DIAG] iter=820 posCols=9 newCols=9 effImprove=9 updated=0
    [CG] CG iter 821: obj=1595560.477097, maxRC=61177.518797, +9 cols
    [CG]   [DIAG] iter=821 posCols=9 newCols=9 effImprove=9 updated=0
    [CG] CG iter 822: obj=1618370.567558, maxRC=76526.647522, +5 cols
    [CG]   [DIAG] iter=822 posCols=5 newCols=5 effImprove=5 updated=0
    [CG] CG iter 823: obj=1618370.567558, maxRC=36612.003933, +3 cols
    [CG]   [DIAG] iter=823 posCols=3 newCols=3 effImprove=3 updated=0
    [CG] CG iter 824: obj=1618370.567558, maxRC=33638.594497, +3 cols
    [CG]   [DIAG] iter=824 posCols=3 newCols=3 effImprove=3 updated=0
    [CG] CG iter 825: obj=1618370.567558, maxRC=32447.642802, +3 cols
    [CG]   [DIAG] iter=825 posCols=3 newCols=3 effImprove=3 updated=0
    [CG] CG iter 826: obj=1618370.567558, maxRC=30664.781625, +4 cols
    [CG]   [DIAG] iter=826 posCols=4 newCols=4 effImprove=4 updated=0
    [CG] CG iter 827: obj=1618370.567558, maxRC=18427.858584, +3 cols
    [CG]   [DIAG] iter=827 posCols=3 newCols=3 effImprove=3 updated=0
    [CG] CG iter 828: obj=1618370.567558, maxRC=11794.999045, +3 cols
    [CG]   [DIAG] iter=828 posCols=3 newCols=3 effImprove=3 updated=0
    [CG] CG iter 829: obj=1618370.567558, maxRC=2006.374197, +2 cols
    [CG]   [DIAG] iter=829 posCols=2 newCols=2 effImprove=2 updated=0
    [CG] CG iter 830: obj=1618370.567558, maxRC=1030.496667, +2 cols
    [CG]   [DIAG] iter=830 posCols=2 newCols=2 effImprove=2 updated=0
    [CG] CG iter 831: obj=1618370.567558, maxRC=2.628424, +1 cols
    [CG]   [DIAG] iter=831 posCols=1 newCols=1 effImprove=1 updated=0
    [CG] 列生成收敛，共 832 轮迭代
    [CG] [CG-NODE] depth=7 exit=CERTIFIED certified=1 feasible=1 iters=14 generatedColsBeforeNode=3428 newCols=61 posCandidates=61 duplicateCandidates=0 updatedCols=0 zeroObjImproveIters=12 objFirst=1595560.477097 objLast=1618370.567558 objGain=22810.090461 maxRC=113504.463211 wallSec=0.256723 pricingSec=0.247020 cplexSolveSec=0.006769
    [CG] 列生成开始，初始列数=782
    [CG] CG iter 833: obj=1548495.267323, maxRC=158433.874741, +10 cols
    [CG]   [DIAG] iter=833 posCols=10 newCols=10 effImprove=10 updated=0
    [CG] CG iter 834: obj=1574143.275919, maxRC=77931.769976, +9 cols
    [CG]   [DIAG] iter=834 posCols=9 newCols=9 effImprove=9 updated=0
    [CG] CG iter 835: obj=1601072.492332, maxRC=71633.151089, +7 cols
    [CG]   [DIAG] iter=835 posCols=7 newCols=7 effImprove=7 updated=0
    [CG] CG iter 836: obj=1601072.492332, maxRC=50328.064312, +6 cols
    [CG]   [DIAG] iter=836 posCols=6 newCols=6 effImprove=6 updated=0
    [CG] CG iter 837: obj=1607076.656756, maxRC=36724.786997, +6 cols
    [CG]   [DIAG] iter=837 posCols=6 newCols=6 effImprove=6 updated=0
    [CG] CG iter 838: obj=1607076.656756, maxRC=14984.423520, +6 cols
    [CG]   [DIAG] iter=838 posCols=6 newCols=6 effImprove=6 updated=0
    [CG] CG iter 839: obj=1607076.656756, maxRC=10546.593315, +3 cols
    [CG]   [DIAG] iter=839 posCols=3 newCols=3 effImprove=3 updated=0
    [CG] CG iter 840: obj=1611528.291913, maxRC=12936.054151, +3 cols
    [CG]   [DIAG] iter=840 posCols=3 newCols=3 effImprove=3 updated=0
    [CG] CG iter 841: obj=1617021.467380, maxRC=7933.529553, +4 cols
    [CG]   [DIAG] iter=841 posCols=4 newCols=4 effImprove=4 updated=0
    [CG] CG iter 842: obj=1617021.467380, maxRC=7134.852391, +1 cols
    [CG]   [DIAG] iter=842 posCols=1 newCols=1 effImprove=1 updated=0
    [CG] CG iter 843: obj=1617021.467380, maxRC=2036.958794, +2 cols
    [CG]   [DIAG] iter=843 posCols=2 newCols=2 effImprove=2 updated=0
    [CG] CG iter 844: obj=1617021.467380, maxRC=2000.506728, +1 cols
    [CG]   [DIAG] iter=844 posCols=1 newCols=1 effImprove=1 updated=0
    [CG] CG iter 845: obj=1617021.467380, maxRC=2051.026186, +1 cols
    [CG]   [DIAG] iter=845 posCols=1 newCols=1 effImprove=1 updated=0
    [CG] 列生成收敛，共 846 轮迭代
    [CG] [CG-NODE] depth=7 exit=CERTIFIED certified=1 feasible=1 iters=14 generatedColsBeforeNode=3489 newCols=59 posCandidates=59 duplicateCandidates=0 updatedCols=0 zeroObjImproveIters=8 objFirst=1548495.267323 objLast=1617021.467380 objGain=68526.200056 maxRC=158433.874741 wallSec=0.190598 pricingSec=0.180971 cplexSolveSec=0.006710
    [CG] [BB-INCUMBENT] selection=44 node=35 previous=1620049.752567 value=1639726.291082 active=3
    [CG] [BB-NODESEL] strategy=hybrid choice=dfs eligibleCount=1 active=3 gap=0.002069
    [CG] [BB-DIAG] 分支 x_{dc=4,retailer=0}, 节点数=36
    [CG] 列生成开始，初始列数=729
    [CG] CG iter 847: obj=1614801.533744, maxRC=12623.181861, +7 cols
    [CG]   [DIAG] iter=847 posCols=7 newCols=7 effImprove=7 updated=0
    [CG] CG iter 848: obj=1618001.593033, maxRC=7632.076868, +7 cols
    [CG]   [DIAG] iter=848 posCols=7 newCols=7 effImprove=7 updated=0
    [CG] CG iter 849: obj=1618368.874027, maxRC=6223.846571, +4 cols
    [CG]   [DIAG] iter=849 posCols=4 newCols=4 effImprove=4 updated=0
    [CG] CG iter 850: obj=1620881.477061, maxRC=4453.707629, +3 cols
    [CG]   [DIAG] iter=850 posCols=3 newCols=3 effImprove=3 updated=0
    [CG] CG iter 851: obj=1620881.477061, maxRC=2750.401296, +1 cols
    [CG]   [DIAG] iter=851 posCols=1 newCols=1 effImprove=1 updated=0
    [CG] CG iter 852: obj=1620881.477061, maxRC=740.061963, +1 cols
    [CG]   [DIAG] iter=852 posCols=1 newCols=1 effImprove=1 updated=0
    [CG] 列生成收敛，共 853 轮迭代
    [CG] [CG-NODE] depth=5 exit=CERTIFIED certified=1 feasible=1 iters=7 generatedColsBeforeNode=3548 newCols=23 posCandidates=23 duplicateCandidates=0 updatedCols=0 zeroObjImproveIters=3 objFirst=1614801.533744 objLast=1620881.477061 objGain=6079.943318 maxRC=12623.181861 wallSec=0.190702 pricingSec=0.184354 cplexSolveSec=0.004196
    [CG] 列生成开始，初始列数=735
    [CG] CG iter 854: obj=1641673.425940, maxRC=72153.031172, +7 cols
    [CG]   [DIAG] iter=854 posCols=7 newCols=7 effImprove=7 updated=0
    [CG] CG iter 855: obj=1641673.425940, maxRC=53571.170839, +8 cols
    [CG]   [DIAG] iter=855 posCols=8 newCols=8 effImprove=8 updated=0
    [CG] CG iter 856: obj=1641673.425940, maxRC=43920.252078, +8 cols
    [CG]   [DIAG] iter=856 posCols=8 newCols=8 effImprove=8 updated=0
    [CG] CG iter 857: obj=1641673.425940, maxRC=6556.840866, +3 cols
    [CG]   [DIAG] iter=857 posCols=3 newCols=3 effImprove=3 updated=0
    [CG] CG iter 858: obj=1641673.425940, maxRC=10129.981170, +2 cols
    [CG]   [DIAG] iter=858 posCols=2 newCols=2 effImprove=2 updated=0
    [CG] CG iter 859: obj=1641673.425940, maxRC=2707.452341, +1 cols
    [CG]   [DIAG] iter=859 posCols=1 newCols=1 effImprove=1 updated=0
    [CG] CG iter 860: obj=1641673.425940, maxRC=1154.969009, +1 cols
    [CG]   [DIAG] iter=860 posCols=1 newCols=1 effImprove=1 updated=0
    [CG] CG iter 861: obj=1641673.425940, maxRC=694.378263, +2 cols
    [CG]   [DIAG] iter=861 posCols=2 newCols=2 effImprove=2 updated=0
    [CG] 列生成收敛，共 862 轮迭代
    [CG] [CG-NODE] depth=5 exit=CERTIFIED certified=1 feasible=1 iters=9 generatedColsBeforeNode=3571 newCols=32 posCandidates=32 duplicateCandidates=0 updatedCols=0 zeroObjImproveIters=8 objFirst=1641673.425940 objLast=1641673.425940 objGain=0.000000 maxRC=72153.031172 wallSec=0.210059 pricingSec=0.202485 cplexSolveSec=0.004842
    [CG] [BB-INCUMBENT] selection=47 node=36 previous=1639726.291082 value=1641673.425940 active=1
    [CG] [BB-NODESEL] strategy=hybrid choice=best_bound eligibleCount=4 active=1 gap=0.000122
    [CG] [BB-DIAG] 分支 x_{dc=3,retailer=4}, 节点数=37
    [CG] 列生成开始，初始列数=713
    [CG] CG iter 863: obj=1628754.191048, maxRC=70043.856244, +13 cols
    [CG]   [DIAG] iter=863 posCols=13 newCols=13 effImprove=13 updated=0
    [CG] CG iter 864: obj=1631337.782854, maxRC=34148.291582, +8 cols
    [CG]   [DIAG] iter=864 posCols=8 newCols=8 effImprove=8 updated=0
    [CG] CG iter 865: obj=1631500.453783, maxRC=22854.271871, +6 cols
    [CG]   [DIAG] iter=865 posCols=6 newCols=6 effImprove=6 updated=0
    [CG] CG iter 866: obj=1631579.232567, maxRC=16486.633847, +5 cols
    [CG]   [DIAG] iter=866 posCols=5 newCols=5 effImprove=5 updated=0
    [CG] CG iter 867: obj=1639112.018480, maxRC=3446.060430, +4 cols
    [CG]   [DIAG] iter=867 posCols=4 newCols=4 effImprove=4 updated=0
    [CG] CG iter 868: obj=1639112.018480, maxRC=1988.110860, +3 cols
    [CG]   [DIAG] iter=868 posCols=3 newCols=3 effImprove=3 updated=0
    [CG] CG iter 869: obj=1639578.714163, maxRC=606.792844, +2 cols
    [CG]   [DIAG] iter=869 posCols=2 newCols=2 effImprove=2 updated=0
    [CG] 列生成收敛，共 870 轮迭代
    [CG] [CG-NODE] depth=2 exit=CERTIFIED certified=1 feasible=1 iters=8 generatedColsBeforeNode=3603 newCols=41 posCandidates=41 duplicateCandidates=0 updatedCols=0 zeroObjImproveIters=2 objFirst=1628754.191048 objLast=1639578.714163 objGain=10824.523115 maxRC=70043.856244 wallSec=0.167019 pricingSec=0.159734 cplexSolveSec=0.004704
    [CG] 列生成开始，初始列数=720
    [CG] CG iter 871: obj=1635125.918938, maxRC=50971.626732, +12 cols
    [CG]   [DIAG] iter=871 posCols=12 newCols=12 effImprove=12 updated=0
    [CG] CG iter 872: obj=1635125.918938, maxRC=13009.682873, +7 cols
    [CG]   [DIAG] iter=872 posCols=7 newCols=7 effImprove=7 updated=0
    [CG] CG iter 873: obj=1639710.997474, maxRC=3292.873710, +2 cols
    [CG]   [DIAG] iter=873 posCols=2 newCols=2 effImprove=2 updated=0
    [CG] CG iter 874: obj=1641357.434329, maxRC=1485.298582, +1 cols
    [CG]   [DIAG] iter=874 posCols=1 newCols=1 effImprove=1 updated=0
    [CG] CG iter 875: obj=1641357.434329, maxRC=673.659428, +1 cols
    [CG]   [DIAG] iter=875 posCols=1 newCols=1 effImprove=1 updated=0
    [CG] 列生成收敛，共 876 轮迭代
    [CG] [CG-NODE] depth=2 exit=CERTIFIED certified=1 feasible=1 iters=6 generatedColsBeforeNode=3644 newCols=23 posCandidates=23 duplicateCandidates=0 updatedCols=0 zeroObjImproveIters=3 objFirst=1635125.918938 objLast=1641357.434329 objGain=6231.515391 maxRC=50971.626732 wallSec=0.122878 pricingSec=0.116451 cplexSolveSec=0.004156
      [BB] 分支定界结束：处理 75 节点，剪枝 31，剩余活跃 0，整数解 8，状态=OPTIMAL，最好可行 obj=1641673.425940，gap=0.000000
