
      ========== [环节4/5] 列生成 CG（RMP + 定价子问题迭代求 LP 松弛） ==========
        设计: CPLEX 增量式 RMP(动态加列，不重建模型) ↔ 逐 DC 定价生成负 RC 新列
        定价并行: 否(串行逐DC) | DC 数=8 | 定价线程=4(上限pricing_threads=4)[未启用,parallel_pricing=false]
        核预算: core_budget=0(0=不限制) | GA并发进程数=见num_threads | 峰值占核=GA进程×定价线程
        RMP求解: CPLEX线程=1(cplex_threads=1)[GA并行时子进程强制回退1避免过度订阅]
        收敛: 最大迭代=2000 | tailing-off 早停=否(连续20轮改善<1e-06) | RC 阈值=1e-06
        优化: 每DC持久 PricingSolver(缓存跨迭代保留) + 持久线程池(不再每轮建销)

      ========== [环节5/5] 定价子问题 PS（每DC生成最大负 RC 列，本次瓶颈~83%） ==========
        算法: Simplified候选 + Algorithm3完整校验
        无损缓存: cachedBestCols仅提供 incumbent/上界剪枝，不跳过完整定价
        完整定价: 候选价格(保留价去重)×两点组合 O(候选价×n_neg²×numRetailer)

    ========== [环节3/5] 分支定界 BB（DFS 深度优先，恢复整数解） ==========
      设计: 根节点列生成求 LP → 按 x_ij(DC-零售商对)分数值分支 → 左 x_ij=0 / 右 x_ij=1
      策略: 深度优先(DFS 栈) | 选最大分数化变量分支 | LP≤下界则剪枝
      认证: 所有节点严格列生成 | 目标gap=0 | 最大节点数=10000 | 时间上限=600s
      资源限制仅改变求解状态，不允许LP值冒充整数可行解

  ========== [环节2/5] 分支定价 BP（固定 w_j 下精确求解整数规划） ==========
    设计: 列生成(求 LP 松弛) + 分支定界(恢复整数) = 分支定价
    收尾: 内层列利润已包含减排投资成本；BP整数结果完成后仅加回碳配额常数收益
    优化: fitnessCache 仅复用相同 w 的认证最优结果；未认证结果再次出现时重算
    投资成本模型: ½δw²D^γ, γ=0.500000
    投资成本处理: 列内扣除(新)

========== [环节1/5] 遗传算法 GA（外层：对减排率 w_j 编码搜索） ==========
  设计: 二进制编码 w_j → 轮盘赌选择 → 两点交叉 → 按位变异 → 精英保留
  配置: 种群=30 | 最大代数=50 | 编码位数=10/DC | 基因总长=80
        交叉率=0.7 | 逐位变异率=0.0125(自适应1/L) | 精英保留=是 | w范围=[0,1]
        提前停止=是 | 连续未提升阈值=10代 | 提升容差=0.001
  优化: 二进制解码查表(替代 std::pow) | 相同 w 仅复用认证最优的BP缓存

  +--------------- [并行诊断] 适应度评估层（GA 第4层外层） ---------------
  | 评估任务: 每代对 30 个个体各调用一次分支定价 BP.solve(w)（含 CG->定价->BB）
  | 并行三条件:
  |   1) parallel_fitness = true   [满足]
  |   2) population_size > 1 : 30   [满足]
  |   3) num_threads > 1 : 配置=8 -> 实际=8（0 表示自动取 CPU 核数=36）   [满足]
  +---------------------------------------------------------------
  | >>> 当前模式: 【并行】GA 适应度评估层 fork 进程级并行
  |     并发度: 8 个子进程同时运行（个体总数 30，分批调度）
  |     隔离方式: 每个体 fork() 独立子进程 + Instance.deepCopy() 深拷贝
  |               （不共享求解器，各持独立 BranchAndPrice，无锁无竞争）
  |     结果回传: 子进程算完经管道 pipe() 回传 fitness 及 BP/CG/PS 计时
  |     下层状态: 每个子进程内部 BP->CG->定价PS->BB 全部【串行】
  |     计时口径: 并行时 BP/CG/PS 取墙钟聚合，避免子进程 CPU 时间累加超过总时间
  | 注: 定价子问题 PS 并行开关 parallel_pricing=false —— true 时并行逐DC，false 时串行逐DC；线程数配置在 CG 环节横幅始终展示，仅 false 时不生效）
  +---------------------------------------------------------------
    [CG] 列生成开始，初始列数=128
    [CG] 列生成开始，初始列数=128
    [CG] 列生成开始，初始列数=128
    [CG] 列生成开始，初始列数=128
    [CG] 列生成开始，初始列数=128
    [CG] 列生成开始，初始列数=128
    [CG] 列生成开始，初始列数=128
    [CG] 列生成开始，初始列数=128
    [CG] CG iter 1: obj=144184310.962124, maxRC=59519752.128890, +23 cols
    [CG] CG iter 1: obj=143000839.577877, maxRC=59510626.558526, +23 cols
    [CG]   [DIAG] iter=1 posCols=23 newCols=23 effImprove=23 updated=0
    [CG]   [DIAG] iter=1 posCols=23 newCols=23 effImprove=23 updated=0
    [CG] CG iter 1: obj=143691349.751600, maxRC=59392488.923727, +23 cols
    [CG] CG iter 1: obj=142671534.617836, maxRC=59377217.904579, +23 cols
    [CG] CG iter 1: obj=142559323.317885, maxRC=58937900.112748, +23 cols
    [CG] CG iter 1: obj=143246046.275561, maxRC=59497512.265719, +23 cols
    [CG] CG iter 1: obj=143397034.690187, maxRC=59180360.783212, +23 cols
    [CG]   [DIAG] iter=1 posCols=23 newCols=23 effImprove=23 updated=0
    [CG]   [DIAG] iter=1 posCols=23 newCols=23 effImprove=23 updated=0
    [CG] CG iter 1: obj=143168496.834728, maxRC=59346730.725081, +23 cols
    [CG]   [DIAG] iter=1 posCols=23 newCols=23 effImprove=23 updated=0
    [CG]   [DIAG] iter=1 posCols=23 newCols=23 effImprove=23 updated=0
    [CG]   [DIAG] iter=1 posCols=23 newCols=23 effImprove=23 updated=0
    [CG]   [DIAG] iter=1 posCols=23 newCols=23 effImprove=23 updated=0
    [CG] CG iter 2: obj=161047442.113170, maxRC=10623485.371715, +16 cols
    [CG]   [DIAG] iter=2 posCols=16 newCols=16 effImprove=16 updated=0
    [CG] CG iter 2: obj=160435671.529057, maxRC=9569320.662088, +17 cols
    [CG]   [DIAG] iter=2 posCols=17 newCols=17 effImprove=17 updated=0
    [CG] CG iter 2: obj=160828918.647929, maxRC=10563038.555058, +17 cols
    [CG] CG iter 2: obj=159658497.296511, maxRC=9172779.781802, +17 cols
    [CG] CG iter 2: obj=160144205.416743, maxRC=9406787.796776, +17 cols
    [CG] CG iter 2: obj=160307630.168923, maxRC=10572314.187090, +17 cols
    [CG]   [DIAG] iter=2 posCols=17 newCols=17 effImprove=17 updated=0
    [CG] CG iter 2: obj=160525159.121853, maxRC=10617286.740886, +17 cols
    [CG]   [DIAG] iter=2 posCols=17 newCols=17 effImprove=17 updated=0
    [CG]   [DIAG] iter=2 posCols=17 newCols=17 effImprove=17 updated=0
    [CG]   [DIAG] iter=2 posCols=17 newCols=17 effImprove=17 updated=0
    [CG]   [DIAG] iter=2 posCols=17 newCols=17 effImprove=17 updated=0
    [CG] CG iter 2: obj=160567618.168030, maxRC=9397313.426291, +17 cols
    [CG]   [DIAG] iter=2 posCols=17 newCols=17 effImprove=17 updated=0
    [CG] CG iter 3: obj=172777060.075439, maxRC=1551147.504569, +4 cols
    [CG] CG iter 3: obj=165146082.609537, maxRC=5118128.238817, +14 cols
    [CG]   [DIAG] iter=3 posCols=4 newCols=4 effImprove=4 updated=0
    [CG]   [DIAG] iter=3 posCols=14 newCols=14 effImprove=14 updated=0
    [CG] CG iter 3: obj=173537775.527565, maxRC=1891711.656956, +9 cols
    [CG] CG iter 3: obj=173891821.812598, maxRC=1404802.075444, +4 cols
    [CG]   [DIAG] iter=3 posCols=9 newCols=9 effImprove=9 updated=0
    [CG]   [DIAG] iter=3 posCols=4 newCols=4 effImprove=4 updated=0
    [CG] CG iter 3: obj=166385974.772869, maxRC=8353915.960895, +15 cols
    [CG]   [DIAG] iter=3 posCols=15 newCols=15 effImprove=15 updated=0
    [CG] CG iter 3: obj=167431511.868211, maxRC=6229678.095496, +11 cols
    [CG] CG iter 3: obj=168598192.612064, maxRC=5005136.601864, +11 cols
    [CG]   [DIAG] iter=3 posCols=11 newCols=11 effImprove=11 updated=0
    [CG]   [DIAG] iter=3 posCols=11 newCols=11 effImprove=11 updated=0
    [CG] CG iter 3: obj=167056428.894836, maxRC=6205947.787101, +11 cols
    [CG]   [DIAG] iter=3 posCols=11 newCols=11 effImprove=11 updated=0
    [CG] CG iter 4: obj=172777060.075439, maxRC=435400.589037, +2 cols
    [CG]   [DIAG] iter=4 posCols=2 newCols=2 effImprove=2 updated=0
    [CG] CG iter 4: obj=174558433.999815, maxRC=2671769.720189, +5 cols
    [CG]   [DIAG] iter=4 posCols=5 newCols=5 effImprove=5 updated=0
    [CG] CG iter 4: obj=173891821.812598, maxRC=294351.070992, +1 cols
    [CG] CG iter 4: obj=173537775.527565, maxRC=596614.708340, +3 cols
    [CG]   [DIAG] iter=4 posCols=1 newCols=1 effImprove=1 updated=0
    [CG]   [DIAG] iter=4 posCols=3 newCols=3 effImprove=3 updated=0
    [CG] CG iter 4: obj=172175225.988886, maxRC=4211623.311121, +5 cols
    [CG]   [DIAG] iter=4 posCols=5 newCols=5 effImprove=5 updated=0
    [CG] CG iter 4: obj=170028970.293202, maxRC=4183872.418351, +5 cols
    [CG] CG iter 4: obj=173603329.213929, maxRC=730094.841970, +5 cols
    [CG]   [DIAG] iter=4 posCols=5 newCols=5 effImprove=5 updated=0
    [CG]   [DIAG] iter=4 posCols=5 newCols=5 effImprove=5 updated=0
    [CG] 列生成收敛，共 5 轮迭代
    [CG] [CG-NODE] depth=0 exit=CERTIFIED certified=1 feasible=1 iters=5 generatedColsBeforeNode=0 newCols=46 posCandidates=46 duplicateCandidates=0 updatedCols=0 zeroObjImproveIters=2 objFirst=142559323.317885 objLast=172777060.075439 objGain=30217736.757554 maxRC=58937900.112748 wallSec=0.017051 pricingSec=0.011717 cplexSolveSec=0.002792
    [CG] CG iter 5: obj=174558433.999815, maxRC=671942.197031, +1 cols
    [CG] CG iter 4: obj=169620760.623706, maxRC=4086442.216871, +5 cols
    [CG]   [DIAG] iter=5 posCols=1 newCols=1 effImprove=1 updated=0
    [CG] 列生成收敛，共 5 轮迭代
    [CG]   [DIAG] iter=4 posCols=5 newCols=5 effImprove=5 updated=0
    [CG] [CG-NODE] depth=0 exit=CERTIFIED certified=1 feasible=1 iters=5 generatedColsBeforeNode=0 newCols=45 posCandidates=45 duplicateCandidates=0 updatedCols=0 zeroObjImproveIters=2 objFirst=143168496.834728 objLast=173891821.812598 objGain=30723324.977870 maxRC=59346730.725081 wallSec=0.016847 pricingSec=0.011551 cplexSolveSec=0.002768
    [CG] 列生成收敛，共 5 轮迭代
    [CG] [CG-NODE] depth=0 exit=CERTIFIED certified=1 feasible=1 iters=5 generatedColsBeforeNode=0 newCols=52 posCandidates=52 duplicateCandidates=0 updatedCols=0 zeroObjImproveIters=1 objFirst=143397034.690187 objLast=173618007.360779 objGain=30220972.670592 maxRC=59180360.783212 wallSec=0.017036 pricingSec=0.011707 cplexSolveSec=0.002755
      [BB] 根节点即为整数解，obj=172777060.075439
      [BB] 根节点即为整数解，obj=173891821.812598
      [BB] 根节点即为整数解，obj=173618007.360779
    [CG] 列生成收敛，共 5 轮迭代
    [CG] [CG-NODE] depth=0 exit=CERTIFIED certified=1 feasible=1 iters=5 generatedColsBeforeNode=0 newCols=60 posCandidates=60 duplicateCandidates=0 updatedCols=0 zeroObjImproveIters=0 objFirst=143000839.577877 objLast=173680362.114450 objGain=30679522.536573 maxRC=59510626.558526 wallSec=0.017980 pricingSec=0.012366 cplexSolveSec=0.002946
    [CG] 列生成收敛，共 5 轮迭代
    [CG] [CG-NODE] depth=0 exit=CERTIFIED certified=1 feasible=1 iters=5 generatedColsBeforeNode=0 newCols=56 posCandidates=56 duplicateCandidates=0 updatedCols=0 zeroObjImproveIters=0 objFirst=143691349.751600 objLast=174250991.622885 objGain=30559641.871284 maxRC=59392488.923727 wallSec=0.017612 pricingSec=0.012190 cplexSolveSec=0.002821
    [CG] 列生成收敛，共 6 轮迭代
    [CG] [CG-NODE] depth=0 exit=CERTIFIED certified=1 feasible=1 iters=6 generatedColsBeforeNode=0 newCols=59 posCandidates=59 duplicateCandidates=0 updatedCols=0 zeroObjImproveIters=2 objFirst=144184310.962124 objLast=174558433.999815 objGain=30374123.037691 maxRC=59519752.128890 wallSec=0.018297 pricingSec=0.012369 cplexSolveSec=0.003168
      [BB] 根节点即为整数解，obj=173680362.114450
    [CG] CG iter 5: obj=173603329.213929, maxRC=182011.995029, +1 cols
    [CG]   [DIAG] iter=5 posCols=1 newCols=1 effImprove=1 updated=0
    [CG] 列生成收敛，共 5 轮迭代
    [CG] [CG-NODE] depth=0 exit=CERTIFIED certified=1 feasible=1 iters=5 generatedColsBeforeNode=0 newCols=56 posCandidates=56 duplicateCandidates=0 updatedCols=0 zeroObjImproveIters=0 objFirst=143246046.275561 objLast=173860146.907783 objGain=30614100.632222 maxRC=59497512.265719 wallSec=0.017736 pricingSec=0.012207 cplexSolveSec=0.002912
      [BB] 根节点即为整数解，obj=174250991.622885
      [BB] 根节点即为整数解，obj=174558433.999815
      [BB] 根节点即为整数解，obj=173860146.907783
    [CG] 列生成收敛，共 6 轮迭代
    [CG] [CG-NODE] depth=0 exit=CERTIFIED certified=1 feasible=1 iters=6 generatedColsBeforeNode=0 newCols=57 posCandidates=57 duplicateCandidates=0 updatedCols=0 zeroObjImproveIters=2 objFirst=142671534.617836 objLast=173603329.213929 objGain=30931794.596092 maxRC=59377217.904579 wallSec=0.018768 pricingSec=0.012911 cplexSolveSec=0.003176
      [BB] 根节点即为整数解，obj=173603329.213929
    [CG] 列生成开始，初始列数=128
    [CG] 列生成开始，初始列数=128
    [CG] 列生成开始，初始列数=128
    [CG] 列生成开始，初始列数=128
    [CG] 列生成开始，初始列数=128
    [CG] 列生成开始，初始列数=128
    [CG] 列生成开始，初始列数=128
    [CG] 列生成开始，初始列数=128
    [CG] CG iter 1: obj=142652776.141574, maxRC=58977288.625005, +23 cols
    [CG] CG iter 1: obj=143593516.885258, maxRC=59449618.569582, +23 cols
    [CG]   [DIAG] iter=1 posCols=23 newCols=23 effImprove=23 updated=0
    [CG]   [DIAG] iter=1 posCols=23 newCols=23 effImprove=23 updated=0
    [CG] CG iter 2: obj=159538151.938527, maxRC=10388633.169666, +16 cols
    [CG] CG iter 1: obj=143207114.892940, maxRC=59189428.012454, +23 cols
    [CG]   [DIAG] iter=2 posCols=16 newCols=16 effImprove=16 updated=0
    [CG] CG iter 2: obj=160619663.449114, maxRC=10699602.593454, +16 cols
    [CG]   [DIAG] iter=1 posCols=23 newCols=23 effImprove=23 updated=0
    [CG]   [DIAG] iter=2 posCols=16 newCols=16 effImprove=16 updated=0
    [CG] CG iter 3: obj=163352918.554716, maxRC=4965767.611960, +15 cols
    [CG]   [DIAG] iter=3 posCols=15 newCols=15 effImprove=15 updated=0
    [CG] CG iter 2: obj=160224013.719551, maxRC=10574897.110689, +16 cols
    [CG] CG iter 3: obj=164301581.187983, maxRC=5403248.113862, +17 cols
    [CG]   [DIAG] iter=2 posCols=16 newCols=16 effImprove=16 updated=0
    [CG]   [DIAG] iter=3 posCols=17 newCols=17 effImprove=17 updated=0
    [CG] CG iter 4: obj=172676770.795980, maxRC=2608286.899923, +6 cols
    [CG]   [DIAG] iter=4 posCols=6 newCols=6 effImprove=6 updated=0
    [CG] CG iter 4: obj=174062367.551038, maxRC=2160717.748943, +8 cols
    [CG]   [DIAG] iter=4 posCols=8 newCols=8 effImprove=8 updated=0
    [CG] CG iter 5: obj=172676770.795980, maxRC=568464.205452, +1 cols
    [CG]   [DIAG] iter=5 posCols=1 newCols=1 effImprove=1 updated=0
    [CG] CG iter 3: obj=163961644.036265, maxRC=5078792.007778, +15 cols
    [CG]   [DIAG] iter=3 posCols=15 newCols=15 effImprove=15 updated=0
    [CG] CG iter 5: obj=174062367.551038, maxRC=6325.837882, +1 cols
    [CG]   [DIAG] iter=5 posCols=1 newCols=1 effImprove=1 updated=0
    [CG] 列生成收敛，共 6 轮迭代
    [CG] [CG-NODE] depth=0 exit=CERTIFIED certified=1 feasible=1 iters=6 generatedColsBeforeNode=0 newCols=61 posCandidates=61 duplicateCandidates=0 updatedCols=0 zeroObjImproveIters=2 objFirst=142652776.141574 objLast=172676770.795980 objGain=30023994.654406 maxRC=58977288.625005 wallSec=0.010843 pricingSec=0.007196 cplexSolveSec=0.001902
      [BB] 根节点即为整数解，obj=172676770.795980
    [CG] CG iter 4: obj=173367298.067102, maxRC=2655344.462787, +6 cols
    [CG]   [DIAG] iter=4 posCols=6 newCols=6 effImprove=6 updated=0
    [CG] 列生成收敛，共 6 轮迭代
    [CG] [CG-NODE] depth=0 exit=CERTIFIED certified=1 feasible=1 iters=6 generatedColsBeforeNode=0 newCols=65 posCandidates=65 duplicateCandidates=0 updatedCols=0 zeroObjImproveIters=2 objFirst=143593516.885258 objLast=174062367.551038 objGain=30468850.665780 maxRC=59449618.569582 wallSec=0.010872 pricingSec=0.007255 cplexSolveSec=0.001904
      [BB] 根节点即为整数解，obj=174062367.551038
    [CG] CG iter 5: obj=173367298.067102, maxRC=817371.147618, +2 cols
    [CG]   [DIAG] iter=5 posCols=2 newCols=2 effImprove=2 updated=0
    [CG] 列生成收敛，共 6 轮迭代
    [CG] [CG-NODE] depth=0 exit=CERTIFIED certified=1 feasible=1 iters=6 generatedColsBeforeNode=0 newCols=62 posCandidates=62 duplicateCandidates=0 updatedCols=0 zeroObjImproveIters=2 objFirst=143207114.892940 objLast=173367298.067102 objGain=30160183.174162 maxRC=59189428.012454 wallSec=0.010496 pricingSec=0.006890 cplexSolveSec=0.001934
      [BB] 根节点即为整数解，obj=173367298.067102
    [CG] 列生成开始，初始列数=128
    [CG] 列生成开始，初始列数=128
    [CG] CG iter 1: obj=142472334.668697, maxRC=59084958.209521, +23 cols
    [CG] CG iter 1: obj=143257835.433931, maxRC=59357440.819649, +23 cols
    [CG] CG iter 1: obj=143353126.558002, maxRC=59482657.642458, +23 cols
    [CG]   [DIAG] iter=1 posCols=23 newCols=23 effImprove=23 updated=0
    [CG]   [DIAG] iter=1 posCols=23 newCols=23 effImprove=23 updated=0
    [CG] CG iter 1: obj=143316851.357665, maxRC=59506789.617628, +23 cols
    [CG]   [DIAG] iter=1 posCols=23 newCols=23 effImprove=23 updated=0
    [CG]   [DIAG] iter=1 posCols=23 newCols=23 effImprove=23 updated=0
    [CG] 列生成开始，初始列数=128
    [CG] CG iter 1: obj=143171151.251344, maxRC=59340612.366634, +23 cols
    [CG]   [DIAG] iter=1 posCols=23 newCols=23 effImprove=23 updated=0
    [CG] CG iter 2: obj=159526465.378615, maxRC=10527700.227607, +16 cols
    [CG] CG iter 2: obj=160206024.511825, maxRC=10518964.242325, +16 cols
    [CG]   [DIAG] iter=2 posCols=16 newCols=16 effImprove=16 updated=0
    [CG]   [DIAG] iter=2 posCols=16 newCols=16 effImprove=16 updated=0
    [CG] CG iter 2: obj=160656118.626778, maxRC=10816591.265136, +17 cols
    [CG] CG iter 2: obj=160779961.764542, maxRC=10217478.586983, +17 cols
    [CG]   [DIAG] iter=2 posCols=17 newCols=17 effImprove=17 updated=0
    [CG]   [DIAG] iter=2 posCols=17 newCols=17 effImprove=17 updated=0
    [CG] CG iter 2: obj=160216226.186672, maxRC=9454887.435775, +17 cols
    [CG]   [DIAG] iter=2 posCols=17 newCols=17 effImprove=17 updated=0
    [CG] CG iter 3: obj=163257479.337860, maxRC=5066958.892864, +15 cols
    [CG] CG iter 3: obj=164190935.629119, maxRC=5108285.364554, +15 cols
    [CG] CG iter 3: obj=167102931.278659, maxRC=5619214.246596, +10 cols
    [CG]   [DIAG] iter=3 posCols=15 newCols=15 effImprove=15 updated=0
    [CG]   [DIAG] iter=3 posCols=15 newCols=15 effImprove=15 updated=0
    [CG] CG iter 3: obj=173575586.362022, maxRC=1939900.675992, +9 cols
    [CG]   [DIAG] iter=3 posCols=10 newCols=10 effImprove=10 updated=0
    [CG] CG iter 3: obj=166019828.766652, maxRC=8641774.645196, +12 cols
    [CG]   [DIAG] iter=3 posCols=9 newCols=9 effImprove=9 updated=0
    [CG]   [DIAG] iter=3 posCols=12 newCols=12 effImprove=12 updated=0
    [CG] CG iter 1: obj=143044491.110692, maxRC=59440874.057672, +23 cols
    [CG]   [DIAG] iter=1 posCols=23 newCols=23 effImprove=23 updated=0
    [CG] CG iter 4: obj=173763252.394562, maxRC=1140360.913457, +3 cols
    [CG] CG iter 4: obj=172661668.524917, maxRC=2650415.022049, +6 cols
    [CG]   [DIAG] iter=4 posCols=3 newCols=3 effImprove=3 updated=0
    [CG] CG iter 4: obj=173624276.562784, maxRC=2667641.253130, +5 cols
    [CG]   [DIAG] iter=4 posCols=6 newCols=6 effImprove=6 updated=0
    [CG]   [DIAG] iter=4 posCols=5 newCols=5 effImprove=5 updated=0
    [CG] CG iter 4: obj=173575586.362022, maxRC=447279.433503, +3 cols
    [CG]   [DIAG] iter=4 posCols=3 newCols=3 effImprove=3 updated=0
    [CG] CG iter 4: obj=171008573.486057, maxRC=3398731.097720, +8 cols
    [CG]   [DIAG] iter=4 posCols=8 newCols=8 effImprove=8 updated=0
    [CG] 列生成收敛，共 5 轮迭代
    [CG] [CG-NODE] depth=0 exit=CERTIFIED certified=1 feasible=1 iters=5 generatedColsBeforeNode=0 newCols=53 posCandidates=53 duplicateCandidates=0 updatedCols=0 zeroObjImproveIters=0 objFirst=143353126.558002 objLast=173862506.438711 objGain=30509379.880709 maxRC=59482657.642458 wallSec=0.018113 pricingSec=0.012524 cplexSolveSec=0.002992
    [CG] CG iter 5: obj=173624276.562784, maxRC=650983.008312, +1 cols
    [CG] CG iter 5: obj=172661668.524917, maxRC=833377.437506, +2 cols
    [CG]   [DIAG] iter=5 posCols=1 newCols=1 effImprove=1 updated=0
    [CG] CG iter 2: obj=160556838.294585, maxRC=10780763.684011, +16 cols
    [CG]   [DIAG] iter=5 posCols=2 newCols=2 effImprove=2 updated=0
    [CG]   [DIAG] iter=2 posCols=16 newCols=16 effImprove=16 updated=0
    [CG] 列生成收敛，共 5 轮迭代
    [CG] [CG-NODE] depth=0 exit=CERTIFIED certified=1 feasible=1 iters=5 generatedColsBeforeNode=0 newCols=52 posCandidates=52 duplicateCandidates=0 updatedCols=0 zeroObjImproveIters=1 objFirst=143171151.251344 objLast=173582713.441516 objGain=30411562.190172 maxRC=59340612.366634 wallSec=0.018002 pricingSec=0.012395 cplexSolveSec=0.002992
      [BB] 根节点即为整数解，obj=173862506.438711
    [CG] CG iter 5: obj=171008573.486057, maxRC=1789096.377975, +5 cols
    [CG]   [DIAG] iter=5 posCols=5 newCols=5 effImprove=5 updated=0
      [BB] 根节点即为整数解，obj=173582713.441516
    [CG] 列生成收敛，共 6 轮迭代
    [CG] [CG-NODE] depth=0 exit=CERTIFIED certified=1 feasible=1 iters=6 generatedColsBeforeNode=0 newCols=60 posCandidates=60 duplicateCandidates=0 updatedCols=0 zeroObjImproveIters=2 objFirst=143257835.433931 objLast=173624276.562784 objGain=30366441.128853 maxRC=59357440.819649 wallSec=0.018828 pricingSec=0.012846 cplexSolveSec=0.003248
    [CG] 列生成收敛，共 6 轮迭代
    [CG] [CG-NODE] depth=0 exit=CERTIFIED certified=1 feasible=1 iters=6 generatedColsBeforeNode=0 newCols=62 posCandidates=62 duplicateCandidates=0 updatedCols=0 zeroObjImproveIters=2 objFirst=142472334.668697 objLast=172661668.524917 objGain=30189333.856220 maxRC=59084958.209521 wallSec=0.019058 pricingSec=0.013129 cplexSolveSec=0.003240
      [BB] 根节点即为整数解，obj=173624276.562784
      [BB] 根节点即为整数解，obj=172661668.524917
    [CG] 列生成收敛，共 6 轮迭代
    [CG] CG iter 3: obj=164142899.828016, maxRC=9416066.878050, +16 cols
    [CG] [CG-NODE] depth=0 exit=CERTIFIED certified=1 feasible=1 iters=6 generatedColsBeforeNode=0 newCols=65 posCandidates=65 duplicateCandidates=0 updatedCols=0 zeroObjImproveIters=1 objFirst=143316851.357665 objLast=173936334.887292 objGain=30619483.529627 maxRC=59506789.617628 wallSec=0.018978 pricingSec=0.012863 cplexSolveSec=0.003419
    [CG]   [DIAG] iter=3 posCols=16 newCols=16 effImprove=16 updated=0
      [BB] 根节点即为整数解，obj=173936334.887292
    [CG] CG iter 4: obj=173876339.242150, maxRC=2478555.741910, +8 cols
    [CG]   [DIAG] iter=4 posCols=8 newCols=8 effImprove=8 updated=0
    [CG] 列生成收敛，共 5 轮迭代
    [CG] [CG-NODE] depth=0 exit=CERTIFIED certified=1 feasible=1 iters=5 generatedColsBeforeNode=0 newCols=63 posCandidates=63 duplicateCandidates=0 updatedCols=0 zeroObjImproveIters=1 objFirst=143044491.110692 objLast=173876339.242150 objGain=30831848.131458 maxRC=59440874.057672 wallSec=0.008838 pricingSec=0.005872 cplexSolveSec=0.001600
      [BB] 根节点即为整数解，obj=173876339.242150
    [CG] 列生成开始，初始列数=128
    [CG] 列生成开始，初始列数=128
    [CG] 列生成开始，初始列数=128
    [CG] 列生成开始，初始列数=128
    [CG] 列生成开始，初始列数=128
    [CG] 列生成开始，初始列数=128
    [CG] CG iter 1: obj=142932826.179789, maxRC=59346599.149173, +23 cols
    [CG]   [DIAG] iter=1 posCols=23 newCols=23 effImprove=23 updated=0
    [CG] CG iter 1: obj=143612838.766702, maxRC=59424802.905324, +23 cols
    [CG]   [DIAG] iter=1 posCols=23 newCols=23 effImprove=23 updated=0
    [CG] CG iter 2: obj=159883089.989819, maxRC=9496842.361598, +17 cols
    [CG]   [DIAG] iter=2 posCols=17 newCols=17 effImprove=17 updated=0
    [CG] CG iter 1: obj=143167640.555850, maxRC=59494020.720344, +23 cols
    [CG]   [DIAG] iter=1 posCols=23 newCols=23 effImprove=23 updated=0
    [CG] CG iter 2: obj=160818061.299014, maxRC=10147159.195592, +17 cols
    [CG]   [DIAG] iter=2 posCols=17 newCols=17 effImprove=17 updated=0
    [CG] CG iter 1: obj=143330498.669897, maxRC=59212449.816603, +23 cols
    [CG]   [DIAG] iter=1 posCols=23 newCols=23 effImprove=23 updated=0
    [CG] CG iter 2: obj=160534402.464210, maxRC=10797202.746362, +17 cols
    [CG] CG iter 3: obj=165755178.997365, maxRC=7319437.343305, +13 cols
    [CG]   [DIAG] iter=2 posCols=17 newCols=17 effImprove=17 updated=0
    [CG]   [DIAG] iter=3 posCols=13 newCols=13 effImprove=13 updated=0
    [CG] CG iter 2: obj=160290254.950978, maxRC=10437441.978314, +17 cols
    [CG] CG iter 4: obj=173074616.340670, maxRC=1543884.321646, +7 cols
    [CG]   [DIAG] iter=4 posCols=7 newCols=7 effImprove=7 updated=0
    [CG]   [DIAG] iter=2 posCols=17 newCols=17 effImprove=17 updated=0
    [CG] CG iter 3: obj=169472846.676333, maxRC=3635114.086737, +11 cols
    [CG] CG iter 3: obj=167064761.452250, maxRC=6202450.063379, +12 cols
    [CG]   [DIAG] iter=3 posCols=11 newCols=11 effImprove=11 updated=0
    [CG]   [DIAG] iter=3 posCols=12 newCols=12 effImprove=12 updated=0
    [CG] CG iter 5: obj=173074616.340670, maxRC=301290.181859, +1 cols
    [CG]   [DIAG] iter=5 posCols=1 newCols=1 effImprove=1 updated=0
    [CG] CG iter 4: obj=169733786.567578, maxRC=4114508.963836, +7 cols
    [CG] CG iter 3: obj=166830022.095671, maxRC=6241975.946684, +12 cols
    [CG]   [DIAG] iter=4 posCols=7 newCols=7 effImprove=7 updated=0
    [CG]   [DIAG] iter=3 posCols=12 newCols=12 effImprove=12 updated=0
    [CG] 列生成收敛，共 6 轮迭代
    [CG] [CG-NODE] depth=0 exit=CERTIFIED certified=1 feasible=1 iters=6 generatedColsBeforeNode=0 newCols=61 posCandidates=61 duplicateCandidates=0 updatedCols=0 zeroObjImproveIters=2 objFirst=142932826.179789 objLast=173074616.340670 objGain=30141790.160882 maxRC=59346599.149173 wallSec=0.017826 pricingSec=0.012447 cplexSolveSec=0.002980
    [CG] CG iter 4: obj=172758228.419860, maxRC=1436080.811501, +5 cols
    [CG] 列生成收敛，共 5 轮迭代
    [CG]   [DIAG] iter=4 posCols=5 newCols=5 effImprove=5 updated=0
    [CG] [CG-NODE] depth=0 exit=CERTIFIED certified=1 feasible=1 iters=5 generatedColsBeforeNode=0 newCols=59 posCandidates=59 duplicateCandidates=0 updatedCols=0 zeroObjImproveIters=0 objFirst=143167640.555850 objLast=173898676.294248 objGain=30731035.738398 maxRC=59494020.720344 wallSec=0.009231 pricingSec=0.006074 cplexSolveSec=0.001764
      [BB] 根节点即为整数解，obj=173074616.340670
    [CG] CG iter 4: obj=169464594.332324, maxRC=4274715.646753, +5 cols
    [CG]   [DIAG] iter=4 posCols=5 newCols=5 effImprove=5 updated=0
      [BB] 根节点即为整数解，obj=173898676.294248
    [CG] 列生成收敛，共 5 轮迭代
    [CG] [CG-NODE] depth=0 exit=CERTIFIED certified=1 feasible=1 iters=5 generatedColsBeforeNode=0 newCols=57 posCandidates=57 duplicateCandidates=0 updatedCols=0 zeroObjImproveIters=0 objFirst=143330498.669897 objLast=173739309.979077 objGain=30408811.309180 maxRC=59212449.816603 wallSec=0.010234 pricingSec=0.007103 cplexSolveSec=0.001697
      [BB] 根节点即为整数解，obj=173739309.979077
    [CG] CG iter 5: obj=174209484.765818, maxRC=681753.706011, +4 cols
    [CG]   [DIAG] iter=5 posCols=4 newCols=4 effImprove=4 updated=0
    [CG] 列生成收敛，共 6 轮迭代
    [CG] [CG-NODE] depth=0 exit=CERTIFIED certified=1 feasible=1 iters=6 generatedColsBeforeNode=0 newCols=60 posCandidates=60 duplicateCandidates=0 updatedCols=0 zeroObjImproveIters=1 objFirst=143612838.766702 objLast=174209484.765818 objGain=30596645.999116 maxRC=59424802.905324 wallSec=0.018983 pricingSec=0.012943 cplexSolveSec=0.003562
    [CG] CG iter 1: obj=142937382.775520, maxRC=58973489.412714, +23 cols
      [BB] 根节点即为整数解，obj=174209484.765818
    [CG]   [DIAG] iter=1 posCols=23 newCols=23 effImprove=23 updated=0
    [CG] 列生成开始，初始列数=128
    [CG] CG iter 2: obj=159735110.823254, maxRC=10293161.277401, +17 cols
    [CG]   [DIAG] iter=2 posCols=17 newCols=17 effImprove=17 updated=0
    [CG] 列生成开始，初始列数=128
    [CG] CG iter 1: obj=142950921.895404, maxRC=59138777.276071, +23 cols
    [CG]   [DIAG] iter=1 posCols=23 newCols=23 effImprove=23 updated=0
    [CG] 列生成开始，初始列数=128
    [CG] CG iter 3: obj=166350557.918115, maxRC=6248171.894606, +12 cols
    [CG]   [DIAG] iter=3 posCols=12 newCols=12 effImprove=12 updated=0
    [CG] CG iter 4: obj=173412093.231862, maxRC=1141012.568010, +2 cols
    [CG]   [DIAG] iter=4 posCols=2 newCols=2 effImprove=2 updated=0
    [CG] CG iter 2: obj=159672690.292561, maxRC=10380195.855017, +16 cols
    [CG]   [DIAG] iter=2 posCols=16 newCols=16 effImprove=16 updated=0
    [CG] 列生成收敛，共 5 轮迭代
    [CG] [CG-NODE] depth=0 exit=CERTIFIED certified=1 feasible=1 iters=5 generatedColsBeforeNode=0 newCols=54 posCandidates=54 duplicateCandidates=0 updatedCols=0 zeroObjImproveIters=1 objFirst=142937382.775520 objLast=173412093.231862 objGain=30474710.456342 maxRC=58973489.412714 wallSec=0.014043 pricingSec=0.009976 cplexSolveSec=0.001927
    [CG] CG iter 1: obj=142537473.650955, maxRC=59026111.422027, +23 cols
      [BB] 根节点即为整数解，obj=173412093.231862
    [CG]   [DIAG] iter=1 posCols=23 newCols=23 effImprove=23 updated=0
    [CG] 列生成开始，初始列数=128
    [CG] CG iter 3: obj=163734688.622399, maxRC=5033982.694308, +15 cols
    [CG]   [DIAG] iter=3 posCols=15 newCols=15 effImprove=15 updated=0
    [CG] CG iter 1: obj=142982330.947861, maxRC=59510847.756473, +23 cols
    [CG] CG iter 4: obj=173121302.437283, maxRC=2636682.656104, +5 cols
    [CG]   [DIAG] iter=4 posCols=5 newCols=5 effImprove=5 updated=0
    [CG]   [DIAG] iter=1 posCols=23 newCols=23 effImprove=23 updated=0
    [CG] CG iter 5: obj=173121302.437283, maxRC=642299.428750, +1 cols
    [CG]   [DIAG] iter=5 posCols=1 newCols=1 effImprove=1 updated=0
    [CG] CG iter 2: obj=159478087.829732, maxRC=10338861.953383, +16 cols
    [CG] 列生成收敛，共 6 轮迭代
    [CG]   [DIAG] iter=2 posCols=16 newCols=16 effImprove=16 updated=0
    [CG] [CG-NODE] depth=0 exit=CERTIFIED certified=1 feasible=1 iters=6 generatedColsBeforeNode=0 newCols=60 posCandidates=60 duplicateCandidates=0 updatedCols=0 zeroObjImproveIters=2 objFirst=142950921.895404 objLast=173121302.437283 objGain=30170380.541879 maxRC=59138777.276071 wallSec=0.015269 pricingSec=0.010447 cplexSolveSec=0.002475
      [BB] 根节点即为整数解，obj=173121302.437283
    [CG] 列生成开始，初始列数=128
    [CG] CG iter 2: obj=160287284.425559, maxRC=9410335.701863, +17 cols
    [CG]   [DIAG] iter=2 posCols=17 newCols=17 effImprove=17 updated=0
    [CG] CG iter 3: obj=163501131.873710, maxRC=4982219.953075, +14 cols
    [CG]   [DIAG] iter=3 posCols=14 newCols=14 effImprove=14 updated=0
    [CG] CG iter 3: obj=173596801.787833, maxRC=6733005.112104, +7 cols
    [CG]   [DIAG] iter=3 posCols=7 newCols=7 effImprove=7 updated=0
    [CG] CG iter 4: obj=173596801.787833, maxRC=459291.845398, +2 cols
    [CG] CG iter 4: obj=172844466.319993, maxRC=2615134.600853, +5 cols
    [CG]   [DIAG] iter=4 posCols=2 newCols=2 effImprove=2 updated=0
    [CG]   [DIAG] iter=4 posCols=5 newCols=5 effImprove=5 updated=0
    [CG] CG iter 5: obj=173596801.787833, maxRC=404160.284922, +1 cols
    [CG]   [DIAG] iter=5 posCols=1 newCols=1 effImprove=1 updated=0
    [CG] CG iter 5: obj=172844466.319993, maxRC=575995.752011, +1 cols
    [CG]   [DIAG] iter=5 posCols=1 newCols=1 effImprove=1 updated=0
    [CG] CG iter 1: obj=142997386.816653, maxRC=59351022.697126, +23 cols
    [CG]   [DIAG] iter=1 posCols=23 newCols=23 effImprove=23 updated=0
    [CG] CG iter 6: obj=173596801.787833, maxRC=309309.814698, +2 cols
    [CG] 列生成收敛，共 6 轮迭代
    [CG] [CG-NODE] depth=0 exit=CERTIFIED certified=1 feasible=1 iters=6 generatedColsBeforeNode=0 newCols=59 posCandidates=59 duplicateCandidates=0 updatedCols=0 zeroObjImproveIters=2 objFirst=142537473.650955 objLast=172844466.319993 objGain=30306992.669039 maxRC=59026111.422027 wallSec=0.019247 pricingSec=0.013053 cplexSolveSec=0.003479
    [CG]   [DIAG] iter=6 posCols=2 newCols=2 effImprove=2 updated=0
      [BB] 根节点即为整数解，obj=172844466.319993
    [CG] 列生成收敛，共 7 轮迭代
    [CG] [CG-NODE] depth=0 exit=CERTIFIED certified=1 feasible=1 iters=7 generatedColsBeforeNode=0 newCols=52 posCandidates=52 duplicateCandidates=0 updatedCols=0 zeroObjImproveIters=4 objFirst=142982330.947861 objLast=173596801.787833 objGain=30614470.839973 maxRC=59510847.756473 wallSec=0.018771 pricingSec=0.012658 cplexSolveSec=0.003347
      [BB] 根节点即为整数解，obj=173596801.787833
    [CG] CG iter 2: obj=160240440.142839, maxRC=10552363.722371, +17 cols
    [CG]   [DIAG] iter=2 posCols=17 newCols=17 effImprove=17 updated=0
    [CG] CG iter 1: obj=143130322.098938, maxRC=58968579.609607, +23 cols
    [CG]   [DIAG] iter=1 posCols=23 newCols=23 effImprove=23 updated=0
    [CG] CG iter 2: obj=159877664.797136, maxRC=10306255.930890, +16 cols
    [CG]   [DIAG] iter=2 posCols=16 newCols=16 effImprove=16 updated=0
    [CG] CG iter 3: obj=166720683.166926, maxRC=6221973.857971, +11 cols
    [CG]   [DIAG] iter=3 posCols=11 newCols=11 effImprove=11 updated=0
    [CG] CG iter 1: obj=142833573.894038, maxRC=59338228.040639, +23 cols
    [CG] CG iter 1: obj=143325181.820137, maxRC=59202071.238022, +23 cols
    [CG]   [DIAG] iter=1 posCols=23 newCols=23 effImprove=23 updated=0
    [CG]   [DIAG] iter=1 posCols=23 newCols=23 effImprove=23 updated=0
    [CG] CG iter 3: obj=163926330.696727, maxRC=5114519.418021, +15 cols
    [CG] CG iter 4: obj=169238877.412666, maxRC=4087844.655423, +5 cols
    [CG]   [DIAG] iter=3 posCols=15 newCols=15 effImprove=15 updated=0
    [CG]   [DIAG] iter=4 posCols=5 newCols=5 effImprove=5 updated=0
    [CG] CG iter 4: obj=173400817.980792, maxRC=2670246.840879, +6 cols
    [CG]   [DIAG] iter=4 posCols=6 newCols=6 effImprove=6 updated=0
    [CG] 列生成收敛，共 5 轮迭代
    [CG] [CG-NODE] depth=0 exit=CERTIFIED certified=1 feasible=1 iters=5 generatedColsBeforeNode=0 newCols=56 posCandidates=56 duplicateCandidates=0 updatedCols=0 zeroObjImproveIters=0 objFirst=142997386.816653 objLast=173483526.779883 objGain=30486139.963230 maxRC=59351022.697126 wallSec=0.013499 pricingSec=0.009121 cplexSolveSec=0.002452
      [BB] 根节点即为整数解，obj=173483526.779883
    [CG] CG iter 5: obj=173525993.850904, maxRC=686114.893233, +1 cols
    [CG]   [DIAG] iter=5 posCols=1 newCols=1 effImprove=1 updated=0
    [CG] CG iter 2: obj=160364307.523209, maxRC=10514129.545296, +17 cols
    [CG] CG iter 2: obj=160306560.603277, maxRC=9945905.483666, +17 cols
    [CG]   [DIAG] iter=2 posCols=17 newCols=17 effImprove=17 updated=0
    [CG]   [DIAG] iter=2 posCols=17 newCols=17 effImprove=17 updated=0
    [CG] 列生成收敛，共 6 轮迭代
    [CG] [CG-NODE] depth=0 exit=CERTIFIED certified=1 feasible=1 iters=6 generatedColsBeforeNode=0 newCols=61 posCandidates=61 duplicateCandidates=0 updatedCols=0 zeroObjImproveIters=1 objFirst=143130322.098938 objLast=173525993.850904 objGain=30395671.751965 maxRC=58968579.609607 wallSec=0.011896 pricingSec=0.007852 cplexSolveSec=0.002252
      [BB] 根节点即为整数解，obj=173525993.850904
    [CG] CG iter 3: obj=166752699.593107, maxRC=6281622.277376, +12 cols
    [CG] CG iter 3: obj=167221909.215876, maxRC=6025679.723938, +11 cols
    [CG]   [DIAG] iter=3 posCols=12 newCols=12 effImprove=12 updated=0
    [CG]   [DIAG] iter=3 posCols=11 newCols=11 effImprove=11 updated=0
    [CG] CG iter 1: obj=143342026.190512, maxRC=59467399.781334, +23 cols
    [CG]   [DIAG] iter=1 posCols=23 newCols=23 effImprove=23 updated=0
    [CG] CG iter 4: obj=172628777.391131, maxRC=1457527.580849, +4 cols
    [CG]   [DIAG] iter=4 posCols=4 newCols=4 effImprove=4 updated=0
    [CG] CG iter 4: obj=169225196.435211, maxRC=4055843.177809, +5 cols
    [CG]   [DIAG] iter=4 posCols=5 newCols=5 effImprove=5 updated=0
    [CG] CG iter 2: obj=160541417.710743, maxRC=10675954.352659, +17 cols
    [CG] CG iter 5: obj=173794730.061828, maxRC=1428032.327914, +3 cols
    [CG]   [DIAG] iter=5 posCols=3 newCols=3 effImprove=3 updated=0
    [CG] 列生成收敛，共 5 轮迭代
    [CG]   [DIAG] iter=2 posCols=17 newCols=17 effImprove=17 updated=0
    [CG] [CG-NODE] depth=0 exit=CERTIFIED certified=1 feasible=1 iters=5 generatedColsBeforeNode=0 newCols=57 posCandidates=57 duplicateCandidates=0 updatedCols=0 zeroObjImproveIters=0 objFirst=142833573.894038 objLast=173473261.588889 objGain=30639687.694851 maxRC=59338228.040639 wallSec=0.017485 pricingSec=0.012151 cplexSolveSec=0.003016
      [BB] 根节点即为整数解，obj=173473261.588889
    [CG] 列生成收敛，共 6 轮迭代
    [CG] [CG-NODE] depth=0 exit=CERTIFIED certified=1 feasible=1 iters=6 generatedColsBeforeNode=0 newCols=58 posCandidates=58 duplicateCandidates=0 updatedCols=0 zeroObjImproveIters=1 objFirst=143325181.820137 objLast=173794730.061828 objGain=30469548.241691 maxRC=59202071.238022 wallSec=0.017828 pricingSec=0.012286 cplexSolveSec=0.003165
      [BB] 根节点即为整数解，obj=173794730.061828
    [CG] CG iter 3: obj=167026298.966054, maxRC=6182078.697811, +11 cols
    [CG]   [DIAG] iter=3 posCols=11 newCols=11 effImprove=11 updated=0
    [CG] CG iter 4: obj=169610943.355755, maxRC=4066281.689071, +5 cols
    [CG]   [DIAG] iter=4 posCols=5 newCols=5 effImprove=5 updated=0
    [CG] 列生成收敛，共 5 轮迭代
    [CG] [CG-NODE] depth=0 exit=CERTIFIED certified=1 feasible=1 iters=5 generatedColsBeforeNode=0 newCols=56 posCandidates=56 duplicateCandidates=0 updatedCols=0 zeroObjImproveIters=0 objFirst=143342026.190512 objLast=173838158.622237 objGain=30496132.431725 maxRC=59467399.781334 wallSec=0.016021 pricingSec=0.011140 cplexSolveSec=0.002438
      [BB] 根节点即为整数解，obj=173838158.622237
[GA] 代数 0: Best=174587319.69, Avg=173625647.38, Worst=172690554.21, Valid=30/30, 耗时=0.07s
  ├─ 求解: 30 个体 fork 并行 | CG迭代=166 加列=1724 BB分支=0
  ├─ 并行墙钟=0.0723s | 串行等效(ΣBP)=0.4828s | 加速比=6.67x
  ├─ 管理开销=-0.4104s (fork=0.0043 wait=0.0676 merge=0.0004)
  └─ CG明细: gen_logs/run_gen0_ind{0..29}.log
    [CG] 列生成开始，初始列数=128
    [CG] 列生成开始，初始列数=128
    [CG] 列生成开始，初始列数=128
    [CG] 列生成开始，初始列数=128
    [CG] 列生成开始，初始列数=128
    [CG] 列生成开始，初始列数=128
    [CG] 列生成开始，初始列数=128
    [CG] 列生成开始，初始列数=128
    [CG] CG iter 1: obj=142832638.245491, maxRC=59350996.251277, +23 cols
    [CG]   [DIAG] iter=1 posCols=23 newCols=23 effImprove=23 updated=0
    [CG] CG iter 2: obj=160120889.162004, maxRC=10695511.160184, +17 cols
    [CG]   [DIAG] iter=2 posCols=17 newCols=17 effImprove=17 updated=0
    [CG] CG iter 3: obj=166531920.149455, maxRC=6201338.493426, +11 cols
    [CG]   [DIAG] iter=3 posCols=11 newCols=11 effImprove=11 updated=0
    [CG] CG iter 4: obj=169071798.578109, maxRC=4040046.809324, +5 cols
    [CG]   [DIAG] iter=4 posCols=5 newCols=5 effImprove=5 updated=0
    [CG] CG iter 1: obj=143593817.668111, maxRC=59482657.642458, +23 cols
    [CG] 列生成收敛，共 5 轮迭代
    [CG]   [DIAG] iter=1 posCols=23 newCols=23 effImprove=23 updated=0
    [CG] [CG-NODE] depth=0 exit=CERTIFIED certified=1 feasible=1 iters=5 generatedColsBeforeNode=0 newCols=56 posCandidates=56 duplicateCandidates=0 updatedCols=0 zeroObjImproveIters=0 objFirst=142832638.245491 objLast=173273723.524168 objGain=30441085.278677 maxRC=59350996.251277 wallSec=0.008886 pricingSec=0.005917 cplexSolveSec=0.001705
      [BB] 根节点即为整数解，obj=173273723.524168
    [CG] CG iter 1: obj=143211419.269316, maxRC=59189688.065433, +23 cols
    [CG] CG iter 2: obj=160830917.434608, maxRC=10633798.809933, +17 cols
    [CG]   [DIAG] iter=2 posCols=17 newCols=17 effImprove=17 updated=0
    [CG]   [DIAG] iter=1 posCols=23 newCols=23 effImprove=23 updated=0
    [CG] CG iter 1: obj=143445498.451027, maxRC=59494559.120427, +23 cols
    [CG] 列生成开始，初始列数=128
    [CG]   [DIAG] iter=1 posCols=23 newCols=23 effImprove=23 updated=0
    [CG] CG iter 3: obj=167382806.872191, maxRC=6236062.687434, +11 cols
    [CG]   [DIAG] iter=3 posCols=11 newCols=11 effImprove=11 updated=0
    [CG] CG iter 2: obj=160224013.719551, maxRC=10574897.110689, +16 cols
    [CG]   [DIAG] iter=2 posCols=16 newCols=16 effImprove=16 updated=0
    [CG] CG iter 4: obj=169960588.999433, maxRC=4114498.812971, +5 cols
    [CG]   [DIAG] iter=4 posCols=5 newCols=5 effImprove=5 updated=0
    [CG] CG iter 2: obj=160572288.045106, maxRC=10816591.265136, +18 cols
    [CG] CG iter 3: obj=163961644.036265, maxRC=5078792.007778, +15 cols
    [CG] CG iter 1: obj=143690419.800898, maxRC=59392555.571945, +23 cols
    [CG]   [DIAG] iter=3 posCols=15 newCols=15 effImprove=15 updated=0
    [CG]   [DIAG] iter=2 posCols=18 newCols=18 effImprove=18 updated=0
    [CG]   [DIAG] iter=1 posCols=23 newCols=23 effImprove=23 updated=0
    [CG] CG iter 1: obj=142810778.467869, maxRC=59440874.057672, +23 cols
    [CG] 列生成收敛，共 5 轮迭代
    [CG] [CG-NODE] depth=0 exit=CERTIFIED certified=1 feasible=1 iters=5 generatedColsBeforeNode=0 newCols=56 posCandidates=56 duplicateCandidates=0 updatedCols=0 zeroObjImproveIters=0 objFirst=143593817.668111 objLast=174174341.856553 objGain=30580524.188441 maxRC=59482657.642458 wallSec=0.013149 pricingSec=0.008706 cplexSolveSec=0.002539
    [CG]   [DIAG] iter=1 posCols=23 newCols=23 effImprove=23 updated=0
    [CG] CG iter 1: obj=143294294.605577, maxRC=59497512.265719, +23 cols
      [BB] 根节点即为整数解，obj=174174341.856553
    [CG] CG iter 4: obj=173367298.067102, maxRC=2655344.462787, +6 cols
    [CG] CG iter 1: obj=142998842.023078, maxRC=59351022.697126, +23 cols
    [CG]   [DIAG] iter=1 posCols=23 newCols=23 effImprove=23 updated=0
    [CG]   [DIAG] iter=4 posCols=6 newCols=6 effImprove=6 updated=0
    [CG]   [DIAG] iter=1 posCols=23 newCols=23 effImprove=23 updated=0
    [CG] CG iter 3: obj=166972142.235021, maxRC=5593360.415137, +10 cols
    [CG]   [DIAG] iter=3 posCols=10 newCols=10 effImprove=10 updated=0
    [CG] CG iter 5: obj=173367298.067102, maxRC=817371.147618, +2 cols
    [CG]   [DIAG] iter=5 posCols=2 newCols=2 effImprove=2 updated=0
    [CG] CG iter 2: obj=160316132.664942, maxRC=9538404.633136, +17 cols
    [CG]   [DIAG] iter=2 posCols=17 newCols=17 effImprove=17 updated=0
    [CG] CG iter 2: obj=160827188.366274, maxRC=10563038.555058, +17 cols
    [CG]   [DIAG] iter=2 posCols=17 newCols=17 effImprove=17 updated=0
    [CG] CG iter 2: obj=160610283.973866, maxRC=10617286.740886, +17 cols
    [CG]   [DIAG] iter=2 posCols=17 newCols=17 effImprove=17 updated=0
    [CG] 列生成收敛，共 6 轮迭代
    [CG] [CG-NODE] depth=0 exit=CERTIFIED certified=1 feasible=1 iters=6 generatedColsBeforeNode=0 newCols=62 posCandidates=62 duplicateCandidates=0 updatedCols=0 zeroObjImproveIters=2 objFirst=143211419.269316 objLast=173367298.067102 objGain=30155878.797786 maxRC=59189688.065433 wallSec=0.015576 pricingSec=0.010613 cplexSolveSec=0.002939
    [CG] CG iter 4: obj=173561375.610877, maxRC=1408196.674502, +3 cols
    [CG]   [DIAG] iter=4 posCols=3 newCols=3 effImprove=3 updated=0
    [CG] CG iter 2: obj=160241676.618589, maxRC=10552363.722371, +17 cols
      [BB] 根节点即为整数解，obj=173367298.067102
    [CG]   [DIAG] iter=2 posCols=17 newCols=17 effImprove=17 updated=0
    [CG] CG iter 3: obj=166228898.821348, maxRC=8258622.301911, +15 cols
    [CG] 列生成开始，初始列数=128
    [CG] CG iter 5: obj=173561375.610877, maxRC=1212876.067052, +3 cols
    [CG]   [DIAG] iter=3 posCols=15 newCols=15 effImprove=15 updated=0
    [CG]   [DIAG] iter=5 posCols=3 newCols=3 effImprove=3 updated=0
    [CG] CG iter 3: obj=167429628.672921, maxRC=6229831.009132, +11 cols
    [CG]   [DIAG] iter=3 posCols=11 newCols=11 effImprove=11 updated=0
    [CG] CG iter 6: obj=173561375.610877, maxRC=275175.983404, +1 cols
    [CG] CG iter 3: obj=166722029.008014, maxRC=6221864.492633, +11 cols
    [CG]   [DIAG] iter=6 posCols=1 newCols=1 effImprove=1 updated=0
    [CG]   [DIAG] iter=3 posCols=11 newCols=11 effImprove=11 updated=0
    [CG] CG iter 3: obj=167159521.632563, maxRC=6244561.281760, +11 cols
    [CG] CG iter 4: obj=170027240.011547, maxRC=4183872.418351, +5 cols
    [CG]   [DIAG] iter=4 posCols=5 newCols=5 effImprove=5 updated=0
    [CG]   [DIAG] iter=3 posCols=11 newCols=11 effImprove=11 updated=0
    [CG] CG iter 4: obj=172049314.968987, maxRC=3314295.740097, +5 cols
    [CG]   [DIAG] iter=4 posCols=5 newCols=5 effImprove=5 updated=0
    [CG] 列生成收敛，共 7 轮迭代
    [CG] [CG-NODE] depth=0 exit=CERTIFIED certified=1 feasible=1 iters=7 generatedColsBeforeNode=0 newCols=58 posCandidates=58 duplicateCandidates=0 updatedCols=0 zeroObjImproveIters=2 objFirst=143445498.451027 objLast=173724556.308008 objGain=30279057.856981 maxRC=59494559.120427 wallSec=0.017324 pricingSec=0.011902 cplexSolveSec=0.003227
    [CG] 列生成收敛，共 5 轮迭代
    [CG] CG iter 4: obj=169240113.888416, maxRC=4087844.655423, +5 cols
    [CG] [CG-NODE] depth=0 exit=CERTIFIED certified=1 feasible=1 iters=5 generatedColsBeforeNode=0 newCols=56 posCandidates=56 duplicateCandidates=0 updatedCols=0 zeroObjImproveIters=0 objFirst=143690419.800898 objLast=174249261.341230 objGain=30558841.540332 maxRC=59392555.571945 wallSec=0.017885 pricingSec=0.012327 cplexSolveSec=0.003024
    [CG]   [DIAG] iter=4 posCols=5 newCols=5 effImprove=5 updated=0
      [BB] 根节点即为整数解，obj=173724556.308008
      [BB] 根节点即为整数解，obj=174249261.341230
    [CG] 列生成收敛，共 5 轮迭代
    [CG] [CG-NODE] depth=0 exit=CERTIFIED certified=1 feasible=1 iters=5 generatedColsBeforeNode=0 newCols=60 posCandidates=60 duplicateCandidates=0 updatedCols=0 zeroObjImproveIters=0 objFirst=142810778.467869 objLast=173573677.316981 objGain=30762898.849112 maxRC=59440874.057672 wallSec=0.018012 pricingSec=0.012364 cplexSolveSec=0.003064
    [CG] 列生成收敛，共 5 轮迭代
    [CG] CG iter 4: obj=169721110.017973, maxRC=4104624.944205, +5 cols
    [CG] [CG-NODE] depth=0 exit=CERTIFIED certified=1 feasible=1 iters=5 generatedColsBeforeNode=0 newCols=56 posCandidates=56 duplicateCandidates=0 updatedCols=0 zeroObjImproveIters=0 objFirst=142998842.023078 objLast=173484763.255633 objGain=30485921.232555 maxRC=59351022.697126 wallSec=0.017684 pricingSec=0.012371 cplexSolveSec=0.002853
      [BB] 根节点即为整数解，obj=173573677.316981
    [CG]   [DIAG] iter=4 posCols=5 newCols=5 effImprove=5 updated=0
      [BB] 根节点即为整数解，obj=173484763.255633
    [CG] 列生成开始，初始列数=128
    [CG] 列生成收敛，共 5 轮迭代
    [CG] [CG-NODE] depth=0 exit=CERTIFIED certified=1 feasible=1 iters=5 generatedColsBeforeNode=0 newCols=56 posCandidates=56 duplicateCandidates=0 updatedCols=0 zeroObjImproveIters=0 objFirst=143294294.605577 objLast=173941803.557657 objGain=30647508.952080 maxRC=59497512.265719 wallSec=0.018833 pricingSec=0.012854 cplexSolveSec=0.003324
      [BB] 根节点即为整数解，obj=173941803.557657
    [CG] 列生成开始，初始列数=128
    [CG] 列生成开始，初始列数=128
    [CG] CG iter 1: obj=143282036.563070, maxRC=59340612.366634, +23 cols
    [CG]   [DIAG] iter=1 posCols=23 newCols=23 effImprove=23 updated=0
    [CG] 列生成开始，初始列数=128
    [CG] 列生成开始，初始列数=128
    [CG] 列生成开始，初始列数=128
    [CG] CG iter 2: obj=160294428.955424, maxRC=9454788.145346, +17 cols
    [CG]   [DIAG] iter=2 posCols=17 newCols=17 effImprove=17 updated=0
    [CG] CG iter 1: obj=143059651.540641, maxRC=59494203.776341, +23 cols
    [CG]   [DIAG] iter=1 posCols=23 newCols=23 effImprove=23 updated=0
    [CG] CG iter 3: obj=173719355.660345, maxRC=1940020.821778, +9 cols
    [CG]   [DIAG] iter=3 posCols=9 newCols=9 effImprove=9 updated=0
    [CG] CG iter 2: obj=160456199.695459, maxRC=9581866.462557, +17 cols
    [CG] CG iter 4: obj=173719355.660345, maxRC=447324.562345, +3 cols
    [CG]   [DIAG] iter=4 posCols=3 newCols=3 effImprove=3 updated=0
    [CG]   [DIAG] iter=2 posCols=17 newCols=17 effImprove=17 updated=0
    [CG] CG iter 3: obj=173754762.984176, maxRC=1896289.495913, +9 cols
    [CG]   [DIAG] iter=3 posCols=9 newCols=9 effImprove=9 updated=0
    [CG] 列生成收敛，共 5 轮迭代
    [CG] [CG-NODE] depth=0 exit=CERTIFIED certified=1 feasible=1 iters=5 generatedColsBeforeNode=0 newCols=52 posCandidates=52 duplicateCandidates=0 updatedCols=0 zeroObjImproveIters=1 objFirst=143282036.563070 objLast=173726527.868681 objGain=30444491.305611 maxRC=59340612.366634 wallSec=0.016127 pricingSec=0.011187 cplexSolveSec=0.002862
      [BB] 根节点即为整数解，obj=173726527.868681
    [CG] CG iter 4: obj=173754762.984176, maxRC=389806.294768, +2 cols
    [CG]   [DIAG] iter=4 posCols=2 newCols=2 effImprove=2 updated=0
    [CG] 列生成收敛，共 5 轮迭代
    [CG] [CG-NODE] depth=0 exit=CERTIFIED certified=1 feasible=1 iters=5 generatedColsBeforeNode=0 newCols=51 posCandidates=51 duplicateCandidates=0 updatedCols=0 zeroObjImproveIters=2 objFirst=143059651.540641 objLast=173754762.984176 objGain=30695111.443535 maxRC=59494203.776341 wallSec=0.011552 pricingSec=0.007983 cplexSolveSec=0.001944
      [BB] 根节点即为整数解，obj=173754762.984176
    [CG] 列生成开始，初始列数=128
    [CG] CG iter 1: obj=143518852.672827, maxRC=59506789.617628, +23 cols
    [CG]   [DIAG] iter=1 posCols=23 newCols=23 effImprove=23 updated=0
    [CG] CG iter 1: obj=143167825.345018, maxRC=59346730.725081, +23 cols
    [CG]   [DIAG] iter=1 posCols=23 newCols=23 effImprove=23 updated=0
    [CG] CG iter 1: obj=142794805.933758, maxRC=59510626.558526, +23 cols
    [CG]   [DIAG] iter=1 posCols=23 newCols=23 effImprove=23 updated=0
    [CG] 列生成开始，初始列数=128
    [CG] CG iter 2: obj=160566946.678321, maxRC=9397313.426291, +17 cols
    [CG]   [DIAG] iter=2 posCols=17 newCols=17 effImprove=17 updated=0
    [CG] CG iter 2: obj=160779961.764542, maxRC=10217478.586983, +17 cols
    [CG]   [DIAG] iter=2 posCols=17 newCols=17 effImprove=17 updated=0
    [CG] CG iter 1: obj=142933569.620945, maxRC=59510847.756473, +23 cols
    [CG] CG iter 3: obj=173891150.322888, maxRC=1404802.075444, +4 cols
    [CG]   [DIAG] iter=3 posCols=4 newCols=4 effImprove=4 updated=0
    [CG]   [DIAG] iter=1 posCols=23 newCols=23 effImprove=23 updated=0
    [CG] CG iter 1: obj=143432412.509865, maxRC=59506789.617628, +23 cols
    [CG] CG iter 4: obj=173891150.322888, maxRC=294351.070992, +1 cols
    [CG]   [DIAG] iter=4 posCols=1 newCols=1 effImprove=1 updated=0
    [CG]   [DIAG] iter=1 posCols=23 newCols=23 effImprove=23 updated=0
    [CG] CG iter 2: obj=160435671.529057, maxRC=9569320.662088, +17 cols
    [CG]   [DIAG] iter=2 posCols=17 newCols=17 effImprove=17 updated=0
    [CG] 列生成收敛，共 5 轮迭代
    [CG] [CG-NODE] depth=0 exit=CERTIFIED certified=1 feasible=1 iters=5 generatedColsBeforeNode=0 newCols=45 posCandidates=45 duplicateCandidates=0 updatedCols=0 zeroObjImproveIters=2 objFirst=143167825.345018 objLast=173891150.322888 objGain=30723324.977871 maxRC=59346730.725081 wallSec=0.011252 pricingSec=0.007474 cplexSolveSec=0.002015
    [CG] CG iter 3: obj=166281998.434214, maxRC=8614661.454998, +13 cols
    [CG]   [DIAG] iter=3 posCols=13 newCols=13 effImprove=13 updated=0
      [BB] 根节点即为整数解，obj=173891150.322888
    [CG] CG iter 1: obj=143531337.141200, maxRC=59392555.571945, +23 cols
    [CG]   [DIAG] iter=1 posCols=23 newCols=23 effImprove=23 updated=0
    [CG] CG iter 2: obj=160287284.425559, maxRC=9410335.701863, +17 cols
    [CG]   [DIAG] iter=2 posCols=17 newCols=17 effImprove=17 updated=0
    [CG] CG iter 4: obj=171354217.767744, maxRC=3412841.928528, +8 cols
    [CG]   [DIAG] iter=4 posCols=8 newCols=8 effImprove=8 updated=0
    [CG] CG iter 3: obj=166306278.504095, maxRC=8128570.004604, +13 cols
    [CG] CG iter 1: obj=143325123.916637, maxRC=59467399.781334, +23 cols
    [CG] CG iter 2: obj=160779961.764542, maxRC=10217478.586983, +17 cols
    [CG]   [DIAG] iter=3 posCols=13 newCols=13 effImprove=13 updated=0
    [CG]   [DIAG] iter=1 posCols=23 newCols=23 effImprove=23 updated=0
    [CG]   [DIAG] iter=2 posCols=17 newCols=17 effImprove=17 updated=0
    [CG] CG iter 3: obj=173548040.460917, maxRC=6733005.112104, +7 cols
    [CG]   [DIAG] iter=3 posCols=7 newCols=7 effImprove=7 updated=0
    [CG] 列生成开始，初始列数=128
    [CG] CG iter 2: obj=160668102.299644, maxRC=10564085.145093, +17 cols
    [CG] CG iter 5: obj=171354217.767744, maxRC=1678508.573652, +6 cols
    [CG]   [DIAG] iter=5 posCols=6 newCols=6 effImprove=6 updated=0
    [CG]   [DIAG] iter=2 posCols=17 newCols=17 effImprove=17 updated=0
    [CG] CG iter 2: obj=160524515.436868, maxRC=10675954.352659, +17 cols
    [CG]   [DIAG] iter=2 posCols=17 newCols=17 effImprove=17 updated=0
    [CG] CG iter 4: obj=171936137.182564, maxRC=4211623.311121, +4 cols
    [CG]   [DIAG] iter=4 posCols=4 newCols=4 effImprove=4 updated=0
    [CG] CG iter 4: obj=173548040.460917, maxRC=459291.845398, +2 cols
    [CG]   [DIAG] iter=4 posCols=2 newCols=2 effImprove=2 updated=0
    [CG] 列生成收敛，共 6 轮迭代
    [CG] [CG-NODE] depth=0 exit=CERTIFIED certified=1 feasible=1 iters=6 generatedColsBeforeNode=0 newCols=67 posCandidates=67 duplicateCandidates=0 updatedCols=0 zeroObjImproveIters=1 objFirst=143518852.672827 objLast=174171391.364656 objGain=30652538.691829 maxRC=59506789.617628 wallSec=0.015001 pricingSec=0.010124 cplexSolveSec=0.002894
    [CG] CG iter 3: obj=166148775.748671, maxRC=8628388.815377, +13 cols
    [CG] CG iter 3: obj=167009396.692179, maxRC=6182078.697811, +11 cols
    [CG]   [DIAG] iter=3 posCols=11 newCols=11 effImprove=11 updated=0
    [CG]   [DIAG] iter=3 posCols=13 newCols=13 effImprove=13 updated=0
      [BB] 根节点即为整数解，obj=174171391.364656
    [CG] CG iter 5: obj=173209641.588516, maxRC=231631.719613, +1 cols
    [CG]   [DIAG] iter=5 posCols=1 newCols=1 effImprove=1 updated=0
    [CG] CG iter 5: obj=173548040.460917, maxRC=381449.201887, +1 cols
    [CG]   [DIAG] iter=5 posCols=1 newCols=1 effImprove=1 updated=0
    [CG] CG iter 4: obj=169594041.081881, maxRC=4066281.689071, +5 cols
    [CG] CG iter 3: obj=167270218.604593, maxRC=6229533.704427, +11 cols
    [CG]   [DIAG] iter=4 posCols=5 newCols=5 effImprove=5 updated=0
    [CG]   [DIAG] iter=3 posCols=11 newCols=11 effImprove=11 updated=0
    [CG] 列生成收敛，共 6 轮迭代
    [CG] [CG-NODE] depth=0 exit=CERTIFIED certified=1 feasible=1 iters=6 generatedColsBeforeNode=0 newCols=58 posCandidates=58 duplicateCandidates=0 updatedCols=0 zeroObjImproveIters=0 objFirst=142794805.933758 objLast=173441273.308129 objGain=30646467.374371 maxRC=59510626.558526 wallSec=0.018083 pricingSec=0.012267 cplexSolveSec=0.003323
    [CG] 列生成收敛，共 5 轮迭代
    [CG] [CG-NODE] depth=0 exit=CERTIFIED certified=1 feasible=1 iters=5 generatedColsBeforeNode=0 newCols=56 posCandidates=56 duplicateCandidates=0 updatedCols=0 zeroObjImproveIters=0 objFirst=143325123.916637 objLast=173821256.348362 objGain=30496132.431725 maxRC=59467399.781334 wallSec=0.008245 pricingSec=0.005573 cplexSolveSec=0.001456
    [CG] CG iter 4: obj=171178577.897848, maxRC=3405737.644505, +8 cols
      [BB] 根节点即为整数解，obj=173821256.348362
    [CG]   [DIAG] iter=4 posCols=8 newCols=8 effImprove=8 updated=0
      [BB] 根节点即为整数解，obj=173441273.308129
    [CG] CG iter 6: obj=173548040.460917, maxRC=237430.738890, +2 cols
    [CG]   [DIAG] iter=6 posCols=2 newCols=2 effImprove=2 updated=0
    [CG] CG iter 4: obj=169867851.524579, maxRC=4183553.532286, +5 cols
    [CG]   [DIAG] iter=4 posCols=5 newCols=5 effImprove=5 updated=0
    [CG] 列生成收敛，共 7 轮迭代
    [CG] CG iter 5: obj=171178577.897848, maxRC=1734653.118384, +6 cols
    [CG] [CG-NODE] depth=0 exit=CERTIFIED certified=1 feasible=1 iters=7 generatedColsBeforeNode=0 newCols=52 posCandidates=52 duplicateCandidates=0 updatedCols=0 zeroObjImproveIters=4 objFirst=142933569.620945 objLast=173548040.460917 objGain=30614470.839973 maxRC=59510847.756473 wallSec=0.016986 pricingSec=0.011332 cplexSolveSec=0.003434
    [CG]   [DIAG] iter=5 posCols=6 newCols=6 effImprove=6 updated=0
      [BB] 根节点即为整数解，obj=173548040.460917
    [CG] 列生成收敛，共 5 轮迭代
    [CG] [CG-NODE] depth=0 exit=CERTIFIED certified=1 feasible=1 iters=5 generatedColsBeforeNode=0 newCols=56 posCandidates=56 duplicateCandidates=0 updatedCols=0 zeroObjImproveIters=0 objFirst=143531337.141200 objLast=174089553.968197 objGain=30558216.826996 maxRC=59392555.571945 wallSec=0.015352 pricingSec=0.010649 cplexSolveSec=0.002718
    [CG] 列生成开始，初始列数=128
      [BB] 根节点即为整数解，obj=174089553.968197
    [CG] 列生成收敛，共 6 轮迭代
    [CG] [CG-NODE] depth=0 exit=CERTIFIED certified=1 feasible=1 iters=6 generatedColsBeforeNode=0 newCols=67 posCandidates=67 duplicateCandidates=0 updatedCols=0 zeroObjImproveIters=1 objFirst=143432412.509865 objLast=174051896.039492 objGain=30619483.529627 maxRC=59506789.617628 wallSec=0.017098 pricingSec=0.011664 cplexSolveSec=0.003216
      [BB] 根节点即为整数解，obj=174051896.039492
    [CG] 列生成开始，初始列数=128
    [CG] 列生成开始，初始列数=128
    [CG] CG iter 1: obj=143022103.908283, maxRC=59338228.040639, +23 cols
    [CG]   [DIAG] iter=1 posCols=23 newCols=23 effImprove=23 updated=0
    [CG] 列生成开始，初始列数=128
    [CG] 列生成开始，初始列数=128
    [CG] CG iter 2: obj=160523488.517940, maxRC=10514129.545296, +17 cols
    [CG]   [DIAG] iter=2 posCols=17 newCols=17 effImprove=17 updated=0
    [CG] CG iter 1: obj=143552602.080896, maxRC=59390175.106789, +23 cols
    [CG]   [DIAG] iter=1 posCols=23 newCols=23 effImprove=23 updated=0
    [CG] CG iter 3: obj=166963092.660607, maxRC=6303485.330631, +12 cols
    [CG]   [DIAG] iter=3 posCols=12 newCols=12 effImprove=12 updated=0
    [CG] CG iter 4: obj=169457452.555967, maxRC=4101252.603215, +5 cols
    [CG]   [DIAG] iter=4 posCols=5 newCols=5 effImprove=5 updated=0
    [CG] CG iter 2: obj=160519305.181959, maxRC=10661426.361715, +16 cols
    [CG]   [DIAG] iter=2 posCols=16 newCols=16 effImprove=16 updated=0
    [CG] CG iter 1: obj=142971763.522320, maxRC=59494020.720344, +23 cols
    [CG]   [DIAG] iter=1 posCols=23 newCols=23 effImprove=23 updated=0
    [CG] 列生成收敛，共 5 轮迭代
    [CG] [CG-NODE] depth=0 exit=CERTIFIED certified=1 feasible=1 iters=5 generatedColsBeforeNode=0 newCols=57 posCandidates=57 duplicateCandidates=0 updatedCols=0 zeroObjImproveIters=0 objFirst=143022103.908283 objLast=173686802.850467 objGain=30664698.942184 maxRC=59338228.040639 wallSec=0.010335 pricingSec=0.007097 cplexSolveSec=0.001881
      [BB] 根节点即为整数解，obj=173686802.850467
    [CG] CG iter 2: obj=160369271.091348, maxRC=10797202.746362, +17 cols
    [CG]   [DIAG] iter=2 posCols=17 newCols=17 effImprove=17 updated=0
    [CG] CG iter 3: obj=164212339.575652, maxRC=5414364.768686, +17 cols
    [CG]   [DIAG] iter=3 posCols=17 newCols=17 effImprove=17 updated=0
    [CG] CG iter 3: obj=166845965.345450, maxRC=6179530.990109, +12 cols
    [CG]   [DIAG] iter=3 posCols=12 newCols=12 effImprove=12 updated=0
    [CG] CG iter 4: obj=169492071.387509, maxRC=4066920.426910, +7 cols
    [CG]   [DIAG] iter=4 posCols=7 newCols=7 effImprove=7 updated=0
    [CG] CG iter 4: obj=173978684.266119, maxRC=2160717.748943, +8 cols
    [CG]   [DIAG] iter=4 posCols=8 newCols=8 effImprove=8 updated=0
    [CG] 列生成收敛，共 5 轮迭代
    [CG] [CG-NODE] depth=0 exit=CERTIFIED certified=1 feasible=1 iters=5 generatedColsBeforeNode=0 newCols=59 posCandidates=59 duplicateCandidates=0 updatedCols=0 zeroObjImproveIters=0 objFirst=142971763.522320 objLast=173676579.044369 objGain=30704815.522049 maxRC=59494020.720344 wallSec=0.010184 pricingSec=0.006845 cplexSolveSec=0.001789
      [BB] 根节点即为整数解，obj=173676579.044369
    [CG] CG iter 5: obj=173980072.433210, maxRC=15530.247118, +1 cols
    [CG]   [DIAG] iter=5 posCols=1 newCols=1 effImprove=1 updated=0
    [CG] 列生成收敛，共 6 轮迭代
    [CG] [CG-NODE] depth=0 exit=CERTIFIED certified=1 feasible=1 iters=6 generatedColsBeforeNode=0 newCols=65 posCandidates=65 duplicateCandidates=0 updatedCols=0 zeroObjImproveIters=1 objFirst=143552602.080896 objLast=173980072.433210 objGain=30427470.352313 maxRC=59390175.106789 wallSec=0.018821 pricingSec=0.012888 cplexSolveSec=0.003415
      [BB] 根节点即为整数解，obj=173980072.433210
    [CG] CG iter 1: obj=143097737.606275, maxRC=59339475.422678, +23 cols
    [CG]   [DIAG] iter=1 posCols=23 newCols=23 effImprove=23 updated=0
    [CG] CG iter 1: obj=143419453.545233, maxRC=59497512.265719, +23 cols
    [CG]   [DIAG] iter=1 posCols=23 newCols=23 effImprove=23 updated=0
    [CG] CG iter 2: obj=160437739.673314, maxRC=10514928.605318, +16 cols
    [CG]   [DIAG] iter=2 posCols=16 newCols=16 effImprove=16 updated=0
    [CG] CG iter 2: obj=160625418.658094, maxRC=10617286.740886, +17 cols
    [CG]   [DIAG] iter=2 posCols=17 newCols=17 effImprove=17 updated=0
    [CG] CG iter 1: obj=142906799.955566, maxRC=59339364.984595, +23 cols
    [CG]   [DIAG] iter=1 posCols=23 newCols=23 effImprove=23 updated=0
    [CG] CG iter 3: obj=167203500.185450, maxRC=6231560.902233, +11 cols
    [CG] CG iter 3: obj=164171136.457303, maxRC=5095062.052973, +14 cols
    [CG]   [DIAG] iter=3 posCols=11 newCols=11 effImprove=11 updated=0
    [CG] CG iter 1: obj=143063629.722536, maxRC=59482657.642458, +23 cols
    [CG]   [DIAG] iter=3 posCols=14 newCols=14 effImprove=14 updated=0
    [CG] CG iter 2: obj=160114545.919005, maxRC=9454225.596422, +17 cols
    [CG]   [DIAG] iter=1 posCols=23 newCols=23 effImprove=23 updated=0
    [CG]   [DIAG] iter=2 posCols=17 newCols=17 effImprove=17 updated=0
    [CG] CG iter 4: obj=169793445.029453, maxRC=4131435.124590, +5 cols
    [CG]   [DIAG] iter=4 posCols=5 newCols=5 effImprove=5 updated=0
    [CG] CG iter 4: obj=173606437.883628, maxRC=2662125.106176, +6 cols
    [CG]   [DIAG] iter=4 posCols=6 newCols=6 effImprove=6 updated=0
    [CG] CG iter 3: obj=173442410.067282, maxRC=9374444.023808, +6 cols
    [CG]   [DIAG] iter=3 posCols=6 newCols=6 effImprove=6 updated=0
    [CG] 列生成收敛，共 5 轮迭代
    [CG] [CG-NODE] depth=0 exit=CERTIFIED certified=1 feasible=1 iters=5 generatedColsBeforeNode=0 newCols=56 posCandidates=56 duplicateCandidates=0 updatedCols=0 zeroObjImproveIters=0 objFirst=143419453.545233 objLast=174014236.852921 objGain=30594783.307688 maxRC=59497512.265719 wallSec=0.013510 pricingSec=0.008283 cplexSolveSec=0.002548
    [CG] CG iter 5: obj=173606437.883628, maxRC=767771.364810, +2 cols
    [CG]   [DIAG] iter=5 posCols=2 newCols=2 effImprove=2 updated=0
      [BB] 根节点即为整数解，obj=174014236.852921
    [CG] 列生成收敛，共 6 轮迭代
    [CG] [CG-NODE] depth=0 exit=CERTIFIED certified=1 feasible=1 iters=6 generatedColsBeforeNode=0 newCols=61 posCandidates=61 duplicateCandidates=0 updatedCols=0 zeroObjImproveIters=2 objFirst=143097737.606275 objLast=173606437.883628 objGain=30508700.277353 maxRC=59339475.422678 wallSec=0.015856 pricingSec=0.010487 cplexSolveSec=0.002679
    [CG] CG iter 4: obj=173442410.067282, maxRC=1568353.007256, +4 cols
    [CG]   [DIAG] iter=4 posCols=4 newCols=4 effImprove=4 updated=0
      [BB] 根节点即为整数解，obj=173606437.883628
    [CG] CG iter 2: obj=160575751.343914, maxRC=10760322.732752, +17 cols
    [CG]   [DIAG] iter=2 posCols=17 newCols=17 effImprove=17 updated=0
    [CG] CG iter 5: obj=173442410.067282, maxRC=349497.979915, +1 cols
    [CG]   [DIAG] iter=5 posCols=1 newCols=1 effImprove=1 updated=0
    [CG] 列生成收敛，共 6 轮迭代
    [CG] [CG-NODE] depth=0 exit=CERTIFIED certified=1 feasible=1 iters=6 generatedColsBeforeNode=0 newCols=51 posCandidates=51 duplicateCandidates=0 updatedCols=0 zeroObjImproveIters=3 objFirst=142906799.955566 objLast=173442410.067282 objGain=30535610.111716 maxRC=59339364.984595 wallSec=0.016945 pricingSec=0.011436 cplexSolveSec=0.003043
      [BB] 根节点即为整数解，obj=173442410.067282
    [CG] CG iter 3: obj=166913047.758585, maxRC=5525609.078361, +10 cols
    [CG]   [DIAG] iter=3 posCols=10 newCols=10 effImprove=10 updated=0
    [CG] CG iter 4: obj=173368390.716637, maxRC=1159749.014938, +2 cols
    [CG]   [DIAG] iter=4 posCols=2 newCols=2 effImprove=2 updated=0
    [CG] CG iter 5: obj=173597710.494797, maxRC=761916.964307, +2 cols
    [CG]   [DIAG] iter=5 posCols=2 newCols=2 effImprove=2 updated=0
    [CG] CG iter 6: obj=173597710.494797, maxRC=186062.096366, +1 cols
    [CG]   [DIAG] iter=6 posCols=1 newCols=1 effImprove=1 updated=0
    [CG] 列生成收敛，共 7 轮迭代
    [CG] [CG-NODE] depth=0 exit=CERTIFIED certified=1 feasible=1 iters=7 generatedColsBeforeNode=0 newCols=55 posCandidates=55 duplicateCandidates=0 updatedCols=0 zeroObjImproveIters=2 objFirst=143063629.722536 objLast=173597710.494797 objGain=30534080.772261 maxRC=59482657.642458 wallSec=0.019701 pricingSec=0.013012 cplexSolveSec=0.004057
      [BB] 根节点即为整数解，obj=173597710.494797
[GA] 代数 1: Best=174587319.69, Avg=173818203.88, Worst=173302609.21, Valid=30/30, 耗时=0.06s (连续1代未提升)
  ├─ 求解: 30 个体 fork 并行 | CG迭代=133 加列=1368 BB分支=0
  ├─ 并行墙钟=0.0597s | 串行等效(ΣBP)=0.3687s | 加速比=6.17x
  ├─ 管理开销=-0.3090s (fork=0.0036 wait=0.0557 merge=0.0003)
  └─ CG明细: gen_logs/run_gen1_ind{0..29}.log
    [CG] 列生成开始，初始列数=128
    [CG] 列生成开始，初始列数=128
    [CG] 列生成开始，初始列数=128
    [CG] 列生成开始，初始列数=128
    [CG] 列生成开始，初始列数=128
    [CG] 列生成开始，初始列数=128
    [CG] 列生成开始，初始列数=128
    [CG] 列生成开始，初始列数=128
    [CG] CG iter 1: obj=143323274.453821, maxRC=59340612.366634, +23 cols
    [CG] CG iter 1: obj=142756884.572680, maxRC=59494020.720344, +23 cols
    [CG]   [DIAG] iter=1 posCols=23 newCols=23 effImprove=23 updated=0
    [CG]   [DIAG] iter=1 posCols=23 newCols=23 effImprove=23 updated=0
    [CG] CG iter 1: obj=143088836.415954, maxRC=59510847.756473, +23 cols
    [CG]   [DIAG] iter=1 posCols=23 newCols=23 effImprove=23 updated=0
    [CG] CG iter 1: obj=143344422.848069, maxRC=59509881.539057, +23 cols
    [CG]   [DIAG] iter=1 posCols=23 newCols=23 effImprove=23 updated=0
    [CG] CG iter 2: obj=160212571.460560, maxRC=10812019.267949, +17 cols
    [CG]   [DIAG] iter=2 posCols=17 newCols=17 effImprove=17 updated=0
    [CG] CG iter 2: obj=160343457.162132, maxRC=10687608.443523, +16 cols
    [CG]   [DIAG] iter=2 posCols=16 newCols=16 effImprove=16 updated=0
    [CG] CG iter 2: obj=160400047.531910, maxRC=10220365.033964, +17 cols
    [CG]   [DIAG] iter=2 posCols=17 newCols=17 effImprove=17 updated=0
    [CG] CG iter 3: obj=166627753.093381, maxRC=6155022.315846, +12 cols
    [CG]   [DIAG] iter=3 posCols=12 newCols=12 effImprove=12 updated=0
    [CG] CG iter 2: obj=160617425.330670, maxRC=10219725.104903, +17 cols
    [CG]   [DIAG] iter=2 posCols=17 newCols=17 effImprove=17 updated=0
    [CG] CG iter 4: obj=169253901.214369, maxRC=4014392.864804, +7 cols
    [CG]   [DIAG] iter=4 posCols=7 newCols=7 effImprove=7 updated=0
    [CG] CG iter 3: obj=165912420.849897, maxRC=8632604.323557, +13 cols
    [CG] CG iter 3: obj=164034886.215557, maxRC=5379451.235741, +17 cols
    [CG]   [DIAG] iter=3 posCols=13 newCols=13 effImprove=13 updated=0
    [CG]   [DIAG] iter=3 posCols=17 newCols=17 effImprove=17 updated=0
    [CG] 列生成收敛，共 5 轮迭代
    [CG] [CG-NODE] depth=0 exit=CERTIFIED certified=1 feasible=1 iters=5 generatedColsBeforeNode=0 newCols=59 posCandidates=59 duplicateCandidates=0 updatedCols=0 zeroObjImproveIters=0 objFirst=142756884.572680 objLast=173453788.193769 objGain=30696903.621089 maxRC=59494020.720344 wallSec=0.011098 pricingSec=0.007541 cplexSolveSec=0.001903
      [BB] 根节点即为整数解，obj=173453788.193769
    [CG] CG iter 3: obj=166117420.459714, maxRC=8617184.328063, +13 cols
    [CG]   [DIAG] iter=3 posCols=13 newCols=13 effImprove=13 updated=0
    [CG] CG iter 4: obj=170909340.587652, maxRC=3326196.780929, +8 cols
    [CG]   [DIAG] iter=4 posCols=8 newCols=8 effImprove=8 updated=0
    [CG] CG iter 4: obj=173760593.551095, maxRC=2180951.513671, +9 cols
    [CG]   [DIAG] iter=4 posCols=9 newCols=9 effImprove=9 updated=0
    [CG] CG iter 4: obj=171182276.941010, maxRC=3359257.929690, +8 cols
    [CG]   [DIAG] iter=4 posCols=8 newCols=8 effImprove=8 updated=0
    [CG] CG iter 5: obj=170909340.587652, maxRC=1677483.037605, +6 cols
    [CG]   [DIAG] iter=5 posCols=6 newCols=6 effImprove=6 updated=0
    [CG] CG iter 5: obj=173764214.652331, maxRC=16105.850466, +1 cols
    [CG]   [DIAG] iter=5 posCols=1 newCols=1 effImprove=1 updated=0
    [CG] CG iter 1: obj=143613667.885278, maxRC=59495623.290734, +23 cols
    [CG] CG iter 6: obj=173749145.672879, maxRC=5459.653323, +1 cols
    [CG]   [DIAG] iter=6 posCols=1 newCols=1 effImprove=1 updated=0
    [CG] CG iter 5: obj=171182276.941010, maxRC=1680041.082622, +6 cols
    [CG]   [DIAG] iter=5 posCols=6 newCols=6 effImprove=6 updated=0
    [CG]   [DIAG] iter=1 posCols=23 newCols=23 effImprove=23 updated=0
    [CG] CG iter 1: obj=143103650.588238, maxRC=59497512.265719, +23 cols
    [CG] 列生成收敛，共 6 轮迭代
    [CG] [CG-NODE] depth=0 exit=CERTIFIED certified=1 feasible=1 iters=6 generatedColsBeforeNode=0 newCols=66 posCandidates=66 duplicateCandidates=0 updatedCols=0 zeroObjImproveIters=1 objFirst=143323274.453821 objLast=173764214.652331 objGain=30440940.198510 maxRC=59340612.366634 wallSec=0.013821 pricingSec=0.008975 cplexSolveSec=0.002837
    [CG]   [DIAG] iter=1 posCols=23 newCols=23 effImprove=23 updated=0
    [CG] CG iter 1: obj=143688169.170367, maxRC=59392555.571945, +23 cols
    [CG] CG iter 1: obj=143121425.290319, maxRC=59494203.776341, +23 cols
    [CG] 列生成收敛，共 7 轮迭代
    [CG] [CG-NODE] depth=0 exit=CERTIFIED certified=1 feasible=1 iters=7 generatedColsBeforeNode=0 newCols=68 posCandidates=68 duplicateCandidates=0 updatedCols=0 zeroObjImproveIters=2 objFirst=143088836.415954 objLast=173749145.672879 objGain=30660309.256925 maxRC=59510847.756473 wallSec=0.014094 pricingSec=0.009094 cplexSolveSec=0.002963
      [BB] 根节点即为整数解，obj=173764214.652331
    [CG] 列生成收敛，共 6 轮迭代
    [CG]   [DIAG] iter=1 posCols=23 newCols=23 effImprove=23 updated=0
    [CG] [CG-NODE] depth=0 exit=CERTIFIED certified=1 feasible=1 iters=6 generatedColsBeforeNode=0 newCols=67 posCandidates=67 duplicateCandidates=0 updatedCols=0 zeroObjImproveIters=1 objFirst=143344422.848069 objLast=174002717.935751 objGain=30658295.087683 maxRC=59509881.539057 wallSec=0.014497 pricingSec=0.009571 cplexSolveSec=0.002819
    [CG]   [DIAG] iter=1 posCols=23 newCols=23 effImprove=23 updated=0
      [BB] 根节点即为整数解，obj=173749145.672879
    [CG] 列生成开始，初始列数=128
      [BB] 根节点即为整数解，obj=174002717.935751
    [CG] CG iter 2: obj=160787745.085535, maxRC=10615040.222965, +17 cols
    [CG]   [DIAG] iter=2 posCols=17 newCols=17 effImprove=17 updated=0
    [CG] CG iter 2: obj=160503369.287487, maxRC=10617286.740886, +17 cols
    [CG]   [DIAG] iter=2 posCols=17 newCols=17 effImprove=17 updated=0
    [CG] CG iter 2: obj=160825553.133046, maxRC=10565169.231287, +17 cols
    [CG] CG iter 2: obj=160508840.684700, maxRC=9581866.462557, +17 cols
    [CG]   [DIAG] iter=2 posCols=17 newCols=17 effImprove=17 updated=0
    [CG]   [DIAG] iter=2 posCols=17 newCols=17 effImprove=17 updated=0
    [CG] 列生成开始，初始列数=128
    [CG] CG iter 3: obj=173807403.973418, maxRC=1896289.495913, +9 cols
    [CG]   [DIAG] iter=3 posCols=9 newCols=9 effImprove=9 updated=0
    [CG] CG iter 3: obj=166937505.887200, maxRC=5659946.233294, +9 cols
    [CG]   [DIAG] iter=3 posCols=9 newCols=9 effImprove=9 updated=0
    [CG] CG iter 3: obj=167371411.338106, maxRC=6233802.636677, +11 cols
    [CG]   [DIAG] iter=3 posCols=11 newCols=11 effImprove=11 updated=0
    [CG] 列生成开始，初始列数=128
    [CG] CG iter 3: obj=167427022.666353, maxRC=6229537.060273, +11 cols
    [CG]   [DIAG] iter=3 posCols=11 newCols=11 effImprove=11 updated=0
    [CG] 列生成开始，初始列数=128
    [CG] CG iter 4: obj=173807403.973418, maxRC=451750.325416, +2 cols
    [CG]   [DIAG] iter=4 posCols=2 newCols=2 effImprove=2 updated=0
    [CG] CG iter 4: obj=173621744.438472, maxRC=1149223.245669, +2 cols
    [CG]   [DIAG] iter=4 posCols=2 newCols=2 effImprove=2 updated=0
    [CG] CG iter 4: obj=169963597.916553, maxRC=4137452.140785, +5 cols
    [CG]   [DIAG] iter=4 posCols=5 newCols=5 effImprove=5 updated=0
    [CG] CG iter 4: obj=170024989.381016, maxRC=4183223.093455, +5 cols
    [CG]   [DIAG] iter=4 posCols=5 newCols=5 effImprove=5 updated=0
    [CG] 列生成收敛，共 5 轮迭代
    [CG] [CG-NODE] depth=0 exit=CERTIFIED certified=1 feasible=1 iters=5 generatedColsBeforeNode=0 newCols=51 posCandidates=51 duplicateCandidates=0 updatedCols=0 zeroObjImproveIters=2 objFirst=143121425.290319 objLast=173807403.973418 objGain=30685978.683098 maxRC=59494203.776341 wallSec=0.018045 pricingSec=0.012273 cplexSolveSec=0.003120
    [CG] 列生成收敛，共 5 轮迭代
    [CG] [CG-NODE] depth=0 exit=CERTIFIED certified=1 feasible=1 iters=5 generatedColsBeforeNode=0 newCols=51 posCandidates=51 duplicateCandidates=0 updatedCols=0 zeroObjImproveIters=0 objFirst=143103650.588238 objLast=173737813.033950 objGain=30634162.445712 maxRC=59497512.265719 wallSec=0.018486 pricingSec=0.012564 cplexSolveSec=0.003156
      [BB] 根节点即为整数解，obj=173807403.973418
    [CG] 列生成收敛，共 5 轮迭代
      [BB] 根节点即为整数解，obj=173737813.033950
    [CG] [CG-NODE] depth=0 exit=CERTIFIED certified=1 feasible=1 iters=5 generatedColsBeforeNode=0 newCols=56 posCandidates=56 duplicateCandidates=0 updatedCols=0 zeroObjImproveIters=0 objFirst=143613667.885278 objLast=174182829.718383 objGain=30569161.833106 maxRC=59495623.290734 wallSec=0.019074 pricingSec=0.012885 cplexSolveSec=0.003390
    [CG] 列生成收敛，共 5 轮迭代
    [CG] [CG-NODE] depth=0 exit=CERTIFIED certified=1 feasible=1 iters=5 generatedColsBeforeNode=0 newCols=56 posCandidates=56 duplicateCandidates=0 updatedCols=0 zeroObjImproveIters=0 objFirst=143688169.170367 objLast=174246361.385803 objGain=30558192.215436 maxRC=59392555.571945 wallSec=0.018690 pricingSec=0.012859 cplexSolveSec=0.003116
      [BB] 根节点即为整数解，obj=174182829.718383
      [BB] 根节点即为整数解，obj=174246361.385803
    [CG] 列生成开始，初始列数=128
    [CG] 列生成开始，初始列数=128
    [CG] 列生成开始，初始列数=128
    [CG] 列生成开始，初始列数=128
    [CG] CG iter 1: obj=142765352.103971, maxRC=59440874.057672, +23 cols
    [CG]   [DIAG] iter=1 posCols=23 newCols=23 effImprove=23 updated=0
    [CG] CG iter 2: obj=160316132.664942, maxRC=9538404.633136, +17 cols
    [CG]   [DIAG] iter=2 posCols=17 newCols=17 effImprove=17 updated=0
    [CG] CG iter 3: obj=166188020.626159, maxRC=8260896.386265, +13 cols
    [CG]   [DIAG] iter=3 posCols=13 newCols=13 effImprove=13 updated=0
    [CG] CG iter 1: obj=143167610.245612, maxRC=59346730.725081, +23 cols
    [CG]   [DIAG] iter=1 posCols=23 newCols=23 effImprove=23 updated=0
    [CG] CG iter 4: obj=172010710.858152, maxRC=4199690.928754, +5 cols
    [CG]   [DIAG] iter=4 posCols=5 newCols=5 effImprove=5 updated=0
    [CG] 列生成收敛，共 5 轮迭代
    [CG] [CG-NODE] depth=0 exit=CERTIFIED certified=1 feasible=1 iters=5 generatedColsBeforeNode=0 newCols=58 posCandidates=58 duplicateCandidates=0 updatedCols=0 zeroObjImproveIters=0 objFirst=142765352.103971 objLast=173535073.206146 objGain=30769721.102175 maxRC=59440874.057672 wallSec=0.010900 pricingSec=0.007419 cplexSolveSec=0.001935
      [BB] 根节点即为整数解，obj=173535073.206146
    [CG] CG iter 2: obj=160566725.996238, maxRC=9397405.713992, +17 cols
    [CG]   [DIAG] iter=2 posCols=17 newCols=17 effImprove=17 updated=0
    [CG] CG iter 1: obj=143598495.963574, maxRC=59482657.642458, +23 cols
    [CG]   [DIAG] iter=1 posCols=23 newCols=23 effImprove=23 updated=0
    [CG] CG iter 3: obj=173890873.914186, maxRC=1404802.075444, +4 cols
    [CG]   [DIAG] iter=3 posCols=4 newCols=4 effImprove=4 updated=0
    [CG] CG iter 1: obj=142927266.324754, maxRC=59510626.558526, +23 cols
    [CG] CG iter 2: obj=160834074.628232, maxRC=10628506.313066, +17 cols
    [CG] CG iter 1: obj=143522158.689471, maxRC=59494559.120427, +23 cols
    [CG]   [DIAG] iter=2 posCols=17 newCols=17 effImprove=17 updated=0
    [CG]   [DIAG] iter=1 posCols=23 newCols=23 effImprove=23 updated=0
    [CG] CG iter 1: obj=143178445.185215, maxRC=59346730.725081, +23 cols
    [CG]   [DIAG] iter=1 posCols=23 newCols=23 effImprove=23 updated=0
    [CG] CG iter 4: obj=173890873.914186, maxRC=294351.070992, +1 cols
    [CG]   [DIAG] iter=4 posCols=1 newCols=1 effImprove=1 updated=0
    [CG]   [DIAG] iter=1 posCols=23 newCols=23 effImprove=23 updated=0
    [CG] CG iter 1: obj=143719060.617056, maxRC=59493649.736825, +23 cols
    [CG]   [DIAG] iter=1 posCols=23 newCols=23 effImprove=23 updated=0
    [CG] CG iter 3: obj=167388371.536008, maxRC=6236792.669915, +11 cols
    [CG] 列生成开始，初始列数=128
    [CG] 列生成收敛，共 5 轮迭代
    [CG]   [DIAG] iter=3 posCols=11 newCols=11 effImprove=11 updated=0
    [CG] [CG-NODE] depth=0 exit=CERTIFIED certified=1 feasible=1 iters=5 generatedColsBeforeNode=0 newCols=45 posCandidates=45 duplicateCandidates=0 updatedCols=0 zeroObjImproveIters=2 objFirst=143167610.245612 objLast=173890873.914186 objGain=30723263.668574 maxRC=59346730.725081 wallSec=0.016696 pricingSec=0.011574 cplexSolveSec=0.002812
      [BB] 根节点即为整数解，obj=173890873.914186
    [CG] CG iter 4: obj=169965267.294896, maxRC=4116115.163806, +5 cols
    [CG] CG iter 2: obj=160435671.529057, maxRC=9569320.662088, +17 cols
    [CG]   [DIAG] iter=4 posCols=5 newCols=5 effImprove=5 updated=0
    [CG] CG iter 2: obj=160648948.283550, maxRC=10816591.265136, +18 cols
    [CG] CG iter 2: obj=160566946.678321, maxRC=9397313.426291, +17 cols
    [CG]   [DIAG] iter=2 posCols=17 newCols=17 effImprove=17 updated=0
    [CG]   [DIAG] iter=2 posCols=18 newCols=18 effImprove=18 updated=0
    [CG]   [DIAG] iter=2 posCols=17 newCols=17 effImprove=17 updated=0
    [CG] CG iter 2: obj=160836431.602942, maxRC=10636105.927211, +17 cols
    [CG]   [DIAG] iter=2 posCols=17 newCols=17 effImprove=17 updated=0
    [CG] 列生成收敛，共 5 轮迭代
    [CG] [CG-NODE] depth=0 exit=CERTIFIED certified=1 feasible=1 iters=5 generatedColsBeforeNode=0 newCols=56 posCandidates=56 duplicateCandidates=0 updatedCols=0 zeroObjImproveIters=0 objFirst=143598495.963574 objLast=174180636.502850 objGain=30582140.539276 maxRC=59482657.642458 wallSec=0.009774 pricingSec=0.006605 cplexSolveSec=0.001678
      [BB] 根节点即为整数解，obj=174180636.502850
    [CG] CG iter 3: obj=173900175.243945, maxRC=1404802.075444, +6 cols
    [CG]   [DIAG] iter=3 posCols=6 newCols=6 effImprove=6 updated=0
    [CG] CG iter 3: obj=167048802.473465, maxRC=5593360.415137, +10 cols
    [CG]   [DIAG] iter=3 posCols=10 newCols=10 effImprove=10 updated=0
    [CG] CG iter 3: obj=166367930.949800, maxRC=8421746.855810, +15 cols
    [CG] CG iter 3: obj=167387480.077040, maxRC=6235845.739673, +11 cols
    [CG]   [DIAG] iter=3 posCols=15 newCols=15 effImprove=15 updated=0
    [CG] CG iter 4: obj=173900175.243945, maxRC=304970.911189, +1 cols
    [CG]   [DIAG] iter=3 posCols=11 newCols=11 effImprove=11 updated=0
    [CG]   [DIAG] iter=4 posCols=1 newCols=1 effImprove=1 updated=0
    [CG] 列生成开始，初始列数=128
    [CG] CG iter 4: obj=173638035.849321, maxRC=1408196.674502, +3 cols
    [CG]   [DIAG] iter=4 posCols=3 newCols=3 effImprove=3 updated=0
    [CG] 列生成收敛，共 5 轮迭代
    [CG] [CG-NODE] depth=0 exit=CERTIFIED certified=1 feasible=1 iters=5 generatedColsBeforeNode=0 newCols=47 posCandidates=47 duplicateCandidates=0 updatedCols=0 zeroObjImproveIters=2 objFirst=143178445.185215 objLast=173900175.243945 objGain=30721730.058730 maxRC=59346730.725081 wallSec=0.016006 pricingSec=0.011048 cplexSolveSec=0.002537
    [CG] CG iter 4: obj=169965045.256520, maxRC=4112657.493133, +5 cols
    [CG]   [DIAG] iter=4 posCols=5 newCols=5 effImprove=5 updated=0
      [BB] 根节点即为整数解，obj=173900175.243945
    [CG] CG iter 4: obj=172121094.519679, maxRC=3503189.977945, +5 cols
    [CG]   [DIAG] iter=4 posCols=5 newCols=5 effImprove=5 updated=0
    [CG] CG iter 5: obj=173638035.849321, maxRC=1212876.067052, +3 cols
    [CG]   [DIAG] iter=5 posCols=3 newCols=3 effImprove=3 updated=0
    [CG] 列生成收敛，共 5 轮迭代
    [CG] [CG-NODE] depth=0 exit=CERTIFIED certified=1 feasible=1 iters=5 generatedColsBeforeNode=0 newCols=56 posCandidates=56 duplicateCandidates=0 updatedCols=0 zeroObjImproveIters=0 objFirst=143719060.617056 objLast=174178642.316683 objGain=30459581.699627 maxRC=59493649.736825 wallSec=0.012366 pricingSec=0.008349 cplexSolveSec=0.002204
    [CG] CG iter 1: obj=143531215.366169, maxRC=59392555.571945, +23 cols
      [BB] 根节点即为整数解，obj=174178642.316683
    [CG] 列生成收敛，共 5 轮迭代
    [CG] [CG-NODE] depth=0 exit=CERTIFIED certified=1 feasible=1 iters=5 generatedColsBeforeNode=0 newCols=60 posCandidates=60 duplicateCandidates=0 updatedCols=0 zeroObjImproveIters=0 objFirst=142927266.324754 objLast=173626230.645244 objGain=30698964.320490 maxRC=59510626.558526 wallSec=0.012757 pricingSec=0.008510 cplexSolveSec=0.002444
    [CG] CG iter 6: obj=173638035.849321, maxRC=275175.983404, +1 cols
    [CG]   [DIAG] iter=6 posCols=1 newCols=1 effImprove=1 updated=0
    [CG]   [DIAG] iter=1 posCols=23 newCols=23 effImprove=23 updated=0
      [BB] 根节点即为整数解，obj=173626230.645244
    [CG] 列生成开始，初始列数=128
    [CG] 列生成收敛，共 7 轮迭代
    [CG] [CG-NODE] depth=0 exit=CERTIFIED certified=1 feasible=1 iters=7 generatedColsBeforeNode=0 newCols=58 posCandidates=58 duplicateCandidates=0 updatedCols=0 zeroObjImproveIters=2 objFirst=143522158.689471 objLast=173801216.546453 objGain=30279057.856981 maxRC=59494559.120427 wallSec=0.017873 pricingSec=0.012222 cplexSolveSec=0.003158
      [BB] 根节点即为整数解，obj=173801216.546453
    [CG] CG iter 2: obj=160667998.815572, maxRC=10564085.145093, +17 cols
    [CG]   [DIAG] iter=2 posCols=17 newCols=17 effImprove=17 updated=0
    [CG] 列生成开始，初始列数=128
    [CG] 列生成开始，初始列数=128
    [CG] 列生成开始，初始列数=128
    [CG] CG iter 1: obj=143449415.934074, maxRC=59392555.571945, +23 cols
    [CG]   [DIAG] iter=1 posCols=23 newCols=23 effImprove=23 updated=0
    [CG] CG iter 3: obj=167270105.975041, maxRC=6229542.849906, +11 cols
    [CG]   [DIAG] iter=3 posCols=11 newCols=11 effImprove=11 updated=0
    [CG] 列生成开始，初始列数=128
    [CG] CG iter 2: obj=160535592.046915, maxRC=10658416.951278, +17 cols
    [CG]   [DIAG] iter=2 posCols=17 newCols=17 effImprove=17 updated=0
    [CG] CG iter 1: obj=143097311.748692, maxRC=59338852.292535, +23 cols
    [CG]   [DIAG] iter=1 posCols=23 newCols=23 effImprove=23 updated=0
    [CG] CG iter 3: obj=167096124.251827, maxRC=6214166.351511, +11 cols
    [CG] CG iter 4: obj=169867748.040507, maxRC=4183553.532286, +5 cols
    [CG]   [DIAG] iter=3 posCols=11 newCols=11 effImprove=11 updated=0
    [CG]   [DIAG] iter=4 posCols=5 newCols=5 effImprove=5 updated=0
    [CG] CG iter 4: obj=169722296.315208, maxRC=4160084.294411, +5 cols
    [CG]   [DIAG] iter=4 posCols=5 newCols=5 effImprove=5 updated=0
    [CG] 列生成收敛，共 5 轮迭代
    [CG] [CG-NODE] depth=0 exit=CERTIFIED certified=1 feasible=1 iters=5 generatedColsBeforeNode=0 newCols=56 posCandidates=56 duplicateCandidates=0 updatedCols=0 zeroObjImproveIters=0 objFirst=143531215.366169 objLast=174089450.484125 objGain=30558235.117956 maxRC=59392555.571945 wallSec=0.018199 pricingSec=0.012453 cplexSolveSec=0.003247
    [CG] CG iter 2: obj=160436690.685588, maxRC=10514529.431920, +16 cols
    [CG] 列生成收敛，共 5 轮迭代
    [CG] [CG-NODE] depth=0 exit=CERTIFIED certified=1 feasible=1 iters=5 generatedColsBeforeNode=0 newCols=56 posCandidates=56 duplicateCandidates=0 updatedCols=0 zeroObjImproveIters=0 objFirst=143449415.934074 objLast=173916876.671732 objGain=30467460.737658 maxRC=59392555.571945 wallSec=0.008366 pricingSec=0.005606 cplexSolveSec=0.001474
    [CG]   [DIAG] iter=2 posCols=16 newCols=16 effImprove=16 updated=0
      [BB] 根节点即为整数解，obj=174089450.484125
      [BB] 根节点即为整数解，obj=173916876.671732
    [CG] CG iter 1: obj=143354227.070451, maxRC=59390175.106789, +23 cols
    [CG] CG iter 3: obj=164170175.153232, maxRC=5095062.052973, +14 cols
    [CG]   [DIAG] iter=1 posCols=23 newCols=23 effImprove=23 updated=0
    [CG]   [DIAG] iter=3 posCols=14 newCols=14 effImprove=14 updated=0
    [CG] CG iter 4: obj=173605564.263212, maxRC=2662125.106176, +6 cols
    [CG]   [DIAG] iter=4 posCols=6 newCols=6 effImprove=6 updated=0
    [CG] CG iter 2: obj=160444808.619202, maxRC=10760417.496622, +16 cols
    [CG]   [DIAG] iter=2 posCols=16 newCols=16 effImprove=16 updated=0
    [CG] CG iter 5: obj=173605564.263212, maxRC=767890.463515, +2 cols
    [CG]   [DIAG] iter=5 posCols=2 newCols=2 effImprove=2 updated=0
    [CG] 列生成开始，初始列数=128
    [CG] CG iter 3: obj=164015141.863360, maxRC=5393520.476822, +17 cols
    [CG]   [DIAG] iter=3 posCols=17 newCols=17 effImprove=17 updated=0
    [CG] 列生成开始，初始列数=128
    [CG] 列生成收敛，共 6 轮迭代
    [CG] [CG-NODE] depth=0 exit=CERTIFIED certified=1 feasible=1 iters=6 generatedColsBeforeNode=0 newCols=61 posCandidates=61 duplicateCandidates=0 updatedCols=0 zeroObjImproveIters=2 objFirst=143097311.748692 objLast=173605564.263212 objGain=30508252.514520 maxRC=59338852.292535 wallSec=0.014184 pricingSec=0.009398 cplexSolveSec=0.002666
      [BB] 根节点即为整数解，obj=173605564.263212
    [CG] CG iter 4: obj=173742219.299336, maxRC=2214249.775029, +8 cols
    [CG]   [DIAG] iter=4 posCols=8 newCols=8 effImprove=8 updated=0
    [CG] CG iter 5: obj=173742219.299336, maxRC=20990.191155, +1 cols
    [CG]   [DIAG] iter=5 posCols=1 newCols=1 effImprove=1 updated=0
    [CG] 列生成收敛，共 6 轮迭代
    [CG] [CG-NODE] depth=0 exit=CERTIFIED certified=1 feasible=1 iters=6 generatedColsBeforeNode=0 newCols=65 posCandidates=65 duplicateCandidates=0 updatedCols=0 zeroObjImproveIters=2 objFirst=143354227.070451 objLast=173742219.299336 objGain=30387992.228886 maxRC=59390175.106789 wallSec=0.008893 pricingSec=0.005819 cplexSolveSec=0.001638
      [BB] 根节点即为整数解，obj=173742219.299336
    [CG] CG iter 1: obj=143362712.713695, maxRC=59467399.781334, +23 cols
    [CG] 列生成开始，初始列数=128
    [CG]   [DIAG] iter=1 posCols=23 newCols=23 effImprove=23 updated=0
    [CG] CG iter 1: obj=143054760.967603, maxRC=59482657.642458, +23 cols
    [CG]   [DIAG] iter=1 posCols=23 newCols=23 effImprove=23 updated=0
    [CG] 列生成开始，初始列数=128
    [CG] CG iter 2: obj=160622461.800264, maxRC=10602545.403927, +16 cols
    [CG] CG iter 2: obj=160569311.086909, maxRC=10788214.145531, +17 cols
    [CG]   [DIAG] iter=2 posCols=17 newCols=17 effImprove=17 updated=0
    [CG]   [DIAG] iter=2 posCols=16 newCols=16 effImprove=16 updated=0
    [CG] CG iter 1: obj=142819618.322696, maxRC=59440874.057672, +23 cols
    [CG]   [DIAG] iter=1 posCols=23 newCols=23 effImprove=23 updated=0
    [CG] CG iter 1: obj=143194945.815922, maxRC=59510663.786859, +23 cols
    [CG]   [DIAG] iter=1 posCols=23 newCols=23 effImprove=23 updated=0
    [CG] CG iter 3: obj=166902726.824123, maxRC=5524427.745573, +10 cols
    [CG]   [DIAG] iter=3 posCols=10 newCols=10 effImprove=10 updated=0
    [CG] CG iter 2: obj=160325242.452013, maxRC=9538404.633136, +17 cols
    [CG]   [DIAG] iter=2 posCols=17 newCols=17 effImprove=17 updated=0
    [CG] CG iter 3: obj=164601853.943976, maxRC=5031266.211312, +14 cols
    [CG] CG iter 4: obj=173356888.449386, maxRC=1159749.014938, +2 cols
    [CG]   [DIAG] iter=3 posCols=14 newCols=14 effImprove=14 updated=0
    [CG]   [DIAG] iter=4 posCols=2 newCols=2 effImprove=2 updated=0
    [CG] CG iter 5: obj=173586208.227546, maxRC=764955.012762, +2 cols
    [CG]   [DIAG] iter=5 posCols=2 newCols=2 effImprove=2 updated=0
    [CG] CG iter 2: obj=160540251.304156, maxRC=9524584.087868, +17 cols
    [CG]   [DIAG] iter=2 posCols=17 newCols=17 effImprove=17 updated=0
    [CG] CG iter 4: obj=173942674.428169, maxRC=2635551.641113, +5 cols
    [CG]   [DIAG] iter=4 posCols=5 newCols=5 effImprove=5 updated=0
    [CG] CG iter 6: obj=173586208.227546, maxRC=186062.096366, +1 cols
    [CG]   [DIAG] iter=6 posCols=1 newCols=1 effImprove=1 updated=0
    [CG] CG iter 1: obj=143522021.392571, maxRC=59392555.571945, +23 cols
    [CG]   [DIAG] iter=1 posCols=23 newCols=23 effImprove=23 updated=0
    [CG] CG iter 3: obj=173915394.732105, maxRC=9436515.359644, +7 cols
    [CG]   [DIAG] iter=3 posCols=7 newCols=7 effImprove=7 updated=0
    [CG] CG iter 5: obj=173942674.428169, maxRC=497885.010418, +1 cols
    [CG]   [DIAG] iter=5 posCols=1 newCols=1 effImprove=1 updated=0
    [CG] CG iter 3: obj=166239443.649778, maxRC=8259542.176051, +15 cols
    [CG] 列生成收敛，共 7 轮迭代
    [CG] [CG-NODE] depth=0 exit=CERTIFIED certified=1 feasible=1 iters=7 generatedColsBeforeNode=0 newCols=55 posCandidates=55 duplicateCandidates=0 updatedCols=0 zeroObjImproveIters=2 objFirst=143054760.967603 objLast=173586208.227546 objGain=30531447.259944 maxRC=59482657.642458 wallSec=0.014438 pricingSec=0.009526 cplexSolveSec=0.002740
    [CG] CG iter 1: obj=143282254.884348, maxRC=59496630.911005, +23 cols
    [CG]   [DIAG] iter=3 posCols=15 newCols=15 effImprove=15 updated=0
    [CG] CG iter 1: obj=143186563.718902, maxRC=59494020.720344, +23 cols
      [BB] 根节点即为整数解，obj=173586208.227546
    [CG]   [DIAG] iter=1 posCols=23 newCols=23 effImprove=23 updated=0
    [CG]   [DIAG] iter=1 posCols=23 newCols=23 effImprove=23 updated=0
    [CG] 列生成收敛，共 6 轮迭代
    [CG] CG iter 4: obj=173915394.732105, maxRC=425735.098496, +3 cols
    [CG] [CG-NODE] depth=0 exit=CERTIFIED certified=1 feasible=1 iters=6 generatedColsBeforeNode=0 newCols=59 posCandidates=59 duplicateCandidates=0 updatedCols=0 zeroObjImproveIters=2 objFirst=143362712.713695 objLast=173942674.428169 objGain=30579961.714474 maxRC=59467399.781334 wallSec=0.018150 pricingSec=0.012394 cplexSolveSec=0.003255
    [CG]   [DIAG] iter=4 posCols=3 newCols=3 effImprove=3 updated=0
      [BB] 根节点即为整数解，obj=173942674.428169
    [CG] CG iter 4: obj=172060779.671557, maxRC=3318242.927833, +5 cols
    [CG]   [DIAG] iter=4 posCols=5 newCols=5 effImprove=5 updated=0
    [CG] CG iter 2: obj=160673140.183147, maxRC=10557546.434217, +17 cols
    [CG] CG iter 2: obj=160535303.242999, maxRC=9541860.456686, +17 cols
    [CG] 列生成收敛，共 5 轮迭代
    [CG] [CG-NODE] depth=0 exit=CERTIFIED certified=1 feasible=1 iters=5 generatedColsBeforeNode=0 newCols=50 posCandidates=50 duplicateCandidates=0 updatedCols=0 zeroObjImproveIters=2 objFirst=143194945.815922 objLast=173915394.732105 objGain=30720448.916183 maxRC=59510663.786859 wallSec=0.016908 pricingSec=0.011661 cplexSolveSec=0.002753
    [CG]   [DIAG] iter=2 posCols=17 newCols=17 effImprove=17 updated=0
    [CG]   [DIAG] iter=2 posCols=17 newCols=17 effImprove=17 updated=0
      [BB] 根节点即为整数解，obj=173915394.732105
    [CG] CG iter 2: obj=160814552.398666, maxRC=10638589.722147, +17 cols
    [CG]   [DIAG] iter=2 posCols=17 newCols=17 effImprove=17 updated=0
    [CG] CG iter 3: obj=173939246.107854, maxRC=1944780.360549, +9 cols
    [CG]   [DIAG] iter=3 posCols=9 newCols=9 effImprove=9 updated=0
    [CG] 列生成收敛，共 5 轮迭代
    [CG] [CG-NODE] depth=0 exit=CERTIFIED certified=1 feasible=1 iters=5 generatedColsBeforeNode=0 newCols=60 posCandidates=60 duplicateCandidates=0 updatedCols=0 zeroObjImproveIters=0 objFirst=142819618.322696 objLast=173585142.019551 objGain=30765523.696855 maxRC=59440874.057672 wallSec=0.015854 pricingSec=0.010293 cplexSolveSec=0.003052
      [BB] 根节点即为整数解，obj=173585142.019551
    [CG] CG iter 3: obj=167269678.027377, maxRC=6234164.204786, +11 cols
    [CG] CG iter 4: obj=173939246.107854, maxRC=422964.948520, +2 cols
    [CG]   [DIAG] iter=3 posCols=11 newCols=11 effImprove=11 updated=0
    [CG]   [DIAG] iter=4 posCols=2 newCols=2 effImprove=2 updated=0
    [CG] CG iter 3: obj=167282352.354439, maxRC=5691320.482327, +10 cols
    [CG]   [DIAG] iter=3 posCols=10 newCols=10 effImprove=10 updated=0
    [CG] 列生成收敛，共 5 轮迭代
    [CG] [CG-NODE] depth=0 exit=CERTIFIED certified=1 feasible=1 iters=5 generatedColsBeforeNode=0 newCols=51 posCandidates=51 duplicateCandidates=0 updatedCols=0 zeroObjImproveIters=2 objFirst=143186563.718902 objLast=173939246.107854 objGain=30752682.388952 maxRC=59494020.720344 wallSec=0.008902 pricingSec=0.005817 cplexSolveSec=0.001710
      [BB] 根节点即为整数解，obj=173939246.107854
    [CG] CG iter 4: obj=169857662.517454, maxRC=4177509.343993, +5 cols
    [CG]   [DIAG] iter=4 posCols=5 newCols=5 effImprove=5 updated=0
    [CG] CG iter 4: obj=174028958.783279, maxRC=1153063.695847, +2 cols
    [CG]   [DIAG] iter=4 posCols=2 newCols=2 effImprove=2 updated=0
    [CG] 列生成收敛，共 5 轮迭代
    [CG] [CG-NODE] depth=0 exit=CERTIFIED certified=1 feasible=1 iters=5 generatedColsBeforeNode=0 newCols=56 posCandidates=56 duplicateCandidates=0 updatedCols=0 zeroObjImproveIters=0 objFirst=143522021.392571 objLast=174081354.555461 objGain=30559333.162890 maxRC=59392555.571945 wallSec=0.012702 pricingSec=0.008501 cplexSolveSec=0.002312
      [BB] 根节点即为整数解，obj=174081354.555461
    [CG] 列生成收敛，共 5 轮迭代
    [CG] [CG-NODE] depth=0 exit=CERTIFIED certified=1 feasible=1 iters=5 generatedColsBeforeNode=0 newCols=52 posCandidates=52 duplicateCandidates=0 updatedCols=0 zeroObjImproveIters=0 objFirst=143282254.884348 objLast=174112324.858113 objGain=30830069.973764 maxRC=59496630.911005 wallSec=0.013475 pricingSec=0.009096 cplexSolveSec=0.002456
      [BB] 根节点即为整数解，obj=174112324.858113
    [CG] CG iter 1: obj=142977391.339098, maxRC=59494020.720344, +23 cols
    [CG]   [DIAG] iter=1 posCols=23 newCols=23 effImprove=23 updated=0
    [CG] CG iter 2: obj=160380713.469852, maxRC=10797202.746362, +17 cols
    [CG]   [DIAG] iter=2 posCols=17 newCols=17 effImprove=17 updated=0
    [CG] CG iter 3: obj=166857407.723955, maxRC=6179530.990109, +12 cols
    [CG]   [DIAG] iter=3 posCols=12 newCols=12 effImprove=12 updated=0
    [CG] CG iter 4: obj=169503513.766013, maxRC=4066920.426910, +7 cols
    [CG]   [DIAG] iter=4 posCols=7 newCols=7 effImprove=7 updated=0
    [CG] 列生成收敛，共 5 轮迭代
    [CG] [CG-NODE] depth=0 exit=CERTIFIED certified=1 feasible=1 iters=5 generatedColsBeforeNode=0 newCols=59 posCandidates=59 duplicateCandidates=0 updatedCols=0 zeroObjImproveIters=0 objFirst=142977391.339098 objLast=173688021.422873 objGain=30710630.083775 maxRC=59494020.720344 wallSec=0.016240 pricingSec=0.011473 cplexSolveSec=0.002818
      [BB] 根节点即为整数解，obj=173688021.422873
[GA] 代数 2: Best=174587319.69, Avg=173949810.00, Worst=173482673.88, Valid=30/30, 耗时=0.06s (连续2代未提升)
  ├─ 求解: 30 个体 fork 并行 | CG迭代=146 加列=1534 BB分支=0
  ├─ 并行墙钟=0.0630s | 串行等效(ΣBP)=0.3973s | 加速比=6.31x
  ├─ 管理开销=-0.3343s (fork=0.0041 wait=0.0584 merge=0.0004)
  └─ CG明细: gen_logs/run_gen2_ind{0..29}.log
    [CG] 列生成开始，初始列数=128
    [CG] 列生成开始，初始列数=128
    [CG] 列生成开始，初始列数=128
    [CG] 列生成开始，初始列数=128
    [CG] 列生成开始，初始列数=128
    [CG] 列生成开始，初始列数=128
    [CG] 列生成开始，初始列数=128
    [CG] 列生成开始，初始列数=128
    [CG] CG iter 1: obj=142769534.739240, maxRC=59494020.720344, +23 cols
    [CG]   [DIAG] iter=1 posCols=23 newCols=23 effImprove=23 updated=0
    [CG] CG iter 2: obj=160177059.354999, maxRC=10812019.267949, +17 cols
    [CG]   [DIAG] iter=2 posCols=17 newCols=17 effImprove=17 updated=0
    [CG] CG iter 3: obj=166647042.699924, maxRC=6177488.661089, +12 cols
    [CG]   [DIAG] iter=3 posCols=12 newCols=12 effImprove=12 updated=0
    [CG] CG iter 1: obj=142953374.448996, maxRC=59494020.720344, +23 cols
    [CG] CG iter 4: obj=169295657.166155, maxRC=4062369.673717, +7 cols
    [CG]   [DIAG] iter=4 posCols=7 newCols=7 effImprove=7 updated=0
    [CG]   [DIAG] iter=1 posCols=23 newCols=23 effImprove=23 updated=0
    [CG] CG iter 1: obj=143161255.540709, maxRC=59496432.571304, +23 cols
    [CG] CG iter 1: obj=143380014.374380, maxRC=59496593.385749, +23 cols
    [CG] 列生成收敛，共 5 轮迭代
    [CG] [CG-NODE] depth=0 exit=CERTIFIED certified=1 feasible=1 iters=5 generatedColsBeforeNode=0 newCols=59 posCandidates=59 duplicateCandidates=0 updatedCols=0 zeroObjImproveIters=0 objFirst=142769534.739240 objLast=173475614.069822 objGain=30706079.330582 maxRC=59494020.720344 wallSec=0.011254 pricingSec=0.007477 cplexSolveSec=0.002098
    [CG]   [DIAG] iter=1 posCols=23 newCols=23 effImprove=23 updated=0
    [CG]   [DIAG] iter=1 posCols=23 newCols=23 effImprove=23 updated=0
      [BB] 根节点即为整数解，obj=173475614.069822
    [CG] CG iter 1: obj=143530968.426264, maxRC=59471334.021181, +23 cols
    [CG]   [DIAG] iter=1 posCols=23 newCols=23 effImprove=23 updated=0
    [CG] CG iter 2: obj=160302113.973093, maxRC=9541860.456686, +17 cols
    [CG]   [DIAG] iter=2 posCols=17 newCols=17 effImprove=17 updated=0
    [CG] CG iter 1: obj=143258682.015251, maxRC=59472981.833146, +23 cols
    [CG] CG iter 1: obj=144019241.139402, maxRC=59404751.756039, +23 cols
    [CG] CG iter 2: obj=160653361.511090, maxRC=10865957.573829, +17 cols
    [CG] CG iter 2: obj=160532056.551965, maxRC=10866956.066043, +17 cols
    [CG]   [DIAG] iter=1 posCols=23 newCols=23 effImprove=23 updated=0
    [CG]   [DIAG] iter=2 posCols=17 newCols=17 effImprove=17 updated=0
    [CG]   [DIAG] iter=2 posCols=17 newCols=17 effImprove=17 updated=0
    [CG]   [DIAG] iter=1 posCols=23 newCols=23 effImprove=23 updated=0
    [CG] CG iter 3: obj=173706056.837948, maxRC=1944780.360549, +9 cols
    [CG] CG iter 2: obj=160632643.229888, maxRC=10597289.767378, +17 cols
    [CG]   [DIAG] iter=3 posCols=9 newCols=9 effImprove=9 updated=0
    [CG] CG iter 1: obj=143861317.198128, maxRC=59507569.970519, +23 cols
    [CG]   [DIAG] iter=2 posCols=17 newCols=17 effImprove=17 updated=0
    [CG]   [DIAG] iter=1 posCols=23 newCols=23 effImprove=23 updated=0
    [CG] 列生成开始，初始列数=128
    [CG] CG iter 3: obj=167029017.121189, maxRC=6244823.583467, +11 cols
    [CG] CG iter 3: obj=166919944.560183, maxRC=6189786.456721, +12 cols
    [CG]   [DIAG] iter=3 posCols=11 newCols=11 effImprove=11 updated=0
    [CG] CG iter 4: obj=173706056.837948, maxRC=422964.948520, +2 cols
    [CG] CG iter 2: obj=160698354.976658, maxRC=10622867.229914, +16 cols
    [CG]   [DIAG] iter=4 posCols=2 newCols=2 effImprove=2 updated=0
    [CG]   [DIAG] iter=3 posCols=12 newCols=12 effImprove=12 updated=0
    [CG] CG iter 2: obj=160838329.820750, maxRC=10548978.580230, +16 cols
    [CG]   [DIAG] iter=2 posCols=16 newCols=16 effImprove=16 updated=0
    [CG]   [DIAG] iter=2 posCols=16 newCols=16 effImprove=16 updated=0
    [CG] CG iter 3: obj=167157755.785421, maxRC=6188398.901370, +11 cols
    [CG]   [DIAG] iter=3 posCols=11 newCols=11 effImprove=11 updated=0
    [CG] 列生成收敛，共 5 轮迭代
    [CG] [CG-NODE] depth=0 exit=CERTIFIED certified=1 feasible=1 iters=5 generatedColsBeforeNode=0 newCols=51 posCandidates=51 duplicateCandidates=0 updatedCols=0 zeroObjImproveIters=2 objFirst=142953374.448996 objLast=173706056.837948 objGain=30752682.388952 maxRC=59494020.720344 wallSec=0.015890 pricingSec=0.010745 cplexSolveSec=0.002886
    [CG] CG iter 4: obj=169583008.815405, maxRC=3977718.109149, +5 cols
    [CG]   [DIAG] iter=4 posCols=5 newCols=5 effImprove=5 updated=0
    [CG] CG iter 4: obj=169522594.764443, maxRC=3997176.552201, +6 cols
    [CG]   [DIAG] iter=4 posCols=6 newCols=6 effImprove=6 updated=0
    [CG] CG iter 2: obj=161040549.426053, maxRC=10632059.165106, +17 cols
      [BB] 根节点即为整数解，obj=173706056.837948
    [CG]   [DIAG] iter=2 posCols=17 newCols=17 effImprove=17 updated=0
    [CG] CG iter 3: obj=164953938.429617, maxRC=5117332.555760, +14 cols
    [CG] CG iter 3: obj=164677210.429808, maxRC=5058585.633641, +14 cols
    [CG]   [DIAG] iter=3 posCols=14 newCols=14 effImprove=14 updated=0
    [CG] 列生成收敛，共 5 轮迭代
    [CG] [CG-NODE] depth=0 exit=CERTIFIED certified=1 feasible=1 iters=5 generatedColsBeforeNode=0 newCols=56 posCandidates=56 duplicateCandidates=0 updatedCols=0 zeroObjImproveIters=0 objFirst=143161255.540709 objLast=173725682.826183 objGain=30564427.285474 maxRC=59496432.571304 wallSec=0.016648 pricingSec=0.011430 cplexSolveSec=0.002933
    [CG]   [DIAG] iter=3 posCols=14 newCols=14 effImprove=14 updated=0
    [CG] 列生成收敛，共 5 轮迭代
    [CG] [CG-NODE] depth=0 exit=CERTIFIED certified=1 feasible=1 iters=5 generatedColsBeforeNode=0 newCols=58 posCandidates=58 duplicateCandidates=0 updatedCols=0 zeroObjImproveIters=0 objFirst=143380014.374380 objLast=173683761.841375 objGain=30303747.466995 maxRC=59496593.385749 wallSec=0.016159 pricingSec=0.011041 cplexSolveSec=0.002883
    [CG] CG iter 4: obj=169725226.492645, maxRC=4090422.003433, +5 cols
    [CG]   [DIAG] iter=4 posCols=5 newCols=5 effImprove=5 updated=0
      [BB] 根节点即为整数解，obj=173725682.826183
      [BB] 根节点即为整数解，obj=173683761.841375
    [CG] CG iter 4: obj=174380422.929206, maxRC=2671427.590685, +6 cols
    [CG]   [DIAG] iter=4 posCols=6 newCols=6 effImprove=6 updated=0
    [CG] CG iter 4: obj=174035533.664660, maxRC=2646927.563604, +5 cols
    [CG]   [DIAG] iter=4 posCols=5 newCols=5 effImprove=5 updated=0
    [CG] 列生成收敛，共 5 轮迭代
    [CG] [CG-NODE] depth=0 exit=CERTIFIED certified=1 feasible=1 iters=5 generatedColsBeforeNode=0 newCols=56 posCandidates=56 duplicateCandidates=0 updatedCols=0 zeroObjImproveIters=0 objFirst=143530968.426264 objLast=173976522.652588 objGain=30445554.226325 maxRC=59471334.021181 wallSec=0.017957 pricingSec=0.012298 cplexSolveSec=0.003150
    [CG] CG iter 3: obj=167626919.377962, maxRC=6225914.806918, +11 cols
    [CG]   [DIAG] iter=3 posCols=11 newCols=11 effImprove=11 updated=0
      [BB] 根节点即为整数解，obj=173976522.652588
    [CG] CG iter 5: obj=174393954.591016, maxRC=701043.199184, +1 cols
    [CG]   [DIAG] iter=5 posCols=1 newCols=1 effImprove=1 updated=0
    [CG] CG iter 5: obj=174035533.664660, maxRC=529941.855362, +1 cols
    [CG]   [DIAG] iter=5 posCols=1 newCols=1 effImprove=1 updated=0
    [CG] 列生成收敛，共 6 轮迭代
    [CG] [CG-NODE] depth=0 exit=CERTIFIED certified=1 feasible=1 iters=6 generatedColsBeforeNode=0 newCols=60 posCandidates=60 duplicateCandidates=0 updatedCols=0 zeroObjImproveIters=1 objFirst=144019241.139402 objLast=174393954.591016 objGain=30374713.451615 maxRC=59404751.756039 wallSec=0.018153 pricingSec=0.012009 cplexSolveSec=0.003355
      [BB] 根节点即为整数解，obj=174393954.591016
    [CG] 列生成收敛，共 6 轮迭代
    [CG] [CG-NODE] depth=0 exit=CERTIFIED certified=1 feasible=1 iters=6 generatedColsBeforeNode=0 newCols=59 posCandidates=59 duplicateCandidates=0 updatedCols=0 zeroObjImproveIters=2 objFirst=143258682.015251 objLast=174035533.664660 objGain=30776851.649409 maxRC=59472981.833146 wallSec=0.018717 pricingSec=0.012732 cplexSolveSec=0.003353
    [CG] CG iter 4: obj=170218943.806050, maxRC=4132793.840159, +5 cols
    [CG]   [DIAG] iter=4 posCols=5 newCols=5 effImprove=5 updated=0
      [BB] 根节点即为整数解，obj=174035533.664660
    [CG] 列生成开始，初始列数=128
    [CG] 列生成开始，初始列数=128
    [CG] 列生成收敛，共 5 轮迭代
    [CG] 列生成开始，初始列数=128
    [CG] [CG-NODE] depth=0 exit=CERTIFIED certified=1 feasible=1 iters=5 generatedColsBeforeNode=0 newCols=56 posCandidates=56 duplicateCandidates=0 updatedCols=0 zeroObjImproveIters=0 objFirst=143861317.198128 objLast=174434779.074287 objGain=30573461.876158 maxRC=59507569.970519 wallSec=0.019632 pricingSec=0.013164 cplexSolveSec=0.003578
      [BB] 根节点即为整数解，obj=174434779.074287
    [CG] 列生成开始，初始列数=128
    [CG] 列生成开始，初始列数=128
    [CG] 列生成开始，初始列数=128
    [CG] 列生成开始，初始列数=128
    [CG] CG iter 1: obj=143673734.264128, maxRC=59387936.787057, +23 cols
    [CG]   [DIAG] iter=1 posCols=23 newCols=23 effImprove=23 updated=0
    [CG] CG iter 2: obj=160806499.441919, maxRC=10562205.736716, +17 cols
    [CG] CG iter 1: obj=143646239.088783, maxRC=59392555.571945, +23 cols
    [CG]   [DIAG] iter=2 posCols=17 newCols=17 effImprove=17 updated=0
    [CG]   [DIAG] iter=1 posCols=23 newCols=23 effImprove=23 updated=0
    [CG] CG iter 3: obj=167408796.620384, maxRC=6229691.656123, +11 cols
    [CG] CG iter 2: obj=160827188.366274, maxRC=10563038.555058, +17 cols
    [CG]   [DIAG] iter=3 posCols=11 newCols=11 effImprove=11 updated=0
    [CG]   [DIAG] iter=2 posCols=17 newCols=17 effImprove=17 updated=0
    [CG] CG iter 1: obj=143687877.004011, maxRC=59392555.571945, +23 cols
    [CG]   [DIAG] iter=1 posCols=23 newCols=23 effImprove=23 updated=0
    [CG] CG iter 4: obj=170006917.930897, maxRC=4185371.800416, +5 cols
    [CG]   [DIAG] iter=4 posCols=5 newCols=5 effImprove=5 updated=0
    [CG] CG iter 3: obj=167409163.204567, maxRC=6238751.326541, +11 cols
    [CG]   [DIAG] iter=3 posCols=11 newCols=11 effImprove=11 updated=0
    [CG] 列生成收敛，共 5 轮迭代
    [CG] [CG-NODE] depth=0 exit=CERTIFIED certified=1 feasible=1 iters=5 generatedColsBeforeNode=0 newCols=56 posCandidates=56 duplicateCandidates=0 updatedCols=0 zeroObjImproveIters=0 objFirst=143673734.264128 objLast=174228604.919774 objGain=30554870.655645 maxRC=59387936.787057 wallSec=0.017417 pricingSec=0.012077 cplexSolveSec=0.002755
      [BB] 根节点即为整数解，obj=174228604.919774
    [CG] CG iter 4: obj=169986309.074838, maxRC=4164657.236333, +5 cols
    [CG]   [DIAG] iter=4 posCols=5 newCols=5 effImprove=5 updated=0
    [CG] CG iter 2: obj=160825340.860404, maxRC=10565446.111611, +17 cols
    [CG]   [DIAG] iter=2 posCols=17 newCols=17 effImprove=17 updated=0
    [CG] CG iter 1: obj=143603637.248305, maxRC=59482657.642458, +23 cols
    [CG] 列生成收敛，共 5 轮迭代
    [CG] [CG-NODE] depth=0 exit=CERTIFIED certified=1 feasible=1 iters=5 generatedColsBeforeNode=0 newCols=56 posCandidates=56 duplicateCandidates=0 updatedCols=0 zeroObjImproveIters=0 objFirst=143646239.088783 objLast=174208330.404521 objGain=30562091.315738 maxRC=59392555.571945 wallSec=0.012586 pricingSec=0.008429 cplexSolveSec=0.002213
    [CG]   [DIAG] iter=1 posCols=23 newCols=23 effImprove=23 updated=0
      [BB] 根节点即为整数解，obj=174208330.404521
    [CG] CG iter 3: obj=167426684.281916, maxRC=6229498.863526, +11 cols
    [CG]   [DIAG] iter=3 posCols=11 newCols=11 effImprove=11 updated=0
    [CG] CG iter 2: obj=160830034.798434, maxRC=10633798.809933, +17 cols
    [CG] CG iter 1: obj=143177098.603455, maxRC=59496676.788506, +23 cols
    [CG]   [DIAG] iter=2 posCols=17 newCols=17 effImprove=17 updated=0
    [CG]   [DIAG] iter=1 posCols=23 newCols=23 effImprove=23 updated=0
    [CG] 列生成开始，初始列数=128
    [CG] CG iter 4: obj=170024697.214659, maxRC=4183138.678628, +5 cols
    [CG]   [DIAG] iter=4 posCols=5 newCols=5 effImprove=5 updated=0
    [CG] CG iter 1: obj=144184328.368046, maxRC=59519752.128890, +23 cols
    [CG] 列生成开始，初始列数=128
    [CG]   [DIAG] iter=1 posCols=23 newCols=23 effImprove=23 updated=0
    [CG] CG iter 1: obj=143473241.881702, maxRC=59507967.296578, +23 cols
    [CG] CG iter 1: obj=143427069.798527, maxRC=59484391.509200, +23 cols
    [CG] 列生成收敛，共 5 轮迭代
    [CG] [CG-NODE] depth=0 exit=CERTIFIED certified=1 feasible=1 iters=5 generatedColsBeforeNode=0 newCols=56 posCandidates=56 duplicateCandidates=0 updatedCols=0 zeroObjImproveIters=0 objFirst=143687877.004011 objLast=174245984.804619 objGain=30558107.800608 maxRC=59392555.571945 wallSec=0.015727 pricingSec=0.010595 cplexSolveSec=0.002811
    [CG]   [DIAG] iter=1 posCols=23 newCols=23 effImprove=23 updated=0
    [CG]   [DIAG] iter=1 posCols=23 newCols=23 effImprove=23 updated=0
      [BB] 根节点即为整数解，obj=174245984.804619
    [CG] CG iter 3: obj=167403987.151257, maxRC=6226446.986405, +11 cols
    [CG]   [DIAG] iter=3 posCols=11 newCols=11 effImprove=11 updated=0
    [CG] CG iter 2: obj=160540306.104512, maxRC=9543483.089881, +17 cols
    [CG]   [DIAG] iter=2 posCols=17 newCols=17 effImprove=17 updated=0
    [CG] CG iter 2: obj=161047458.700647, maxRC=10623485.371715, +16 cols
    [CG]   [DIAG] iter=2 posCols=16 newCols=16 effImprove=16 updated=0
    [CG] CG iter 4: obj=170003832.193738, maxRC=4135212.674488, +5 cols
    [CG]   [DIAG] iter=4 posCols=5 newCols=5 effImprove=5 updated=0
    [CG] CG iter 3: obj=173943600.724234, maxRC=1944780.360549, +9 cols
    [CG] CG iter 2: obj=160787661.293771, maxRC=10615118.237616, +16 cols
    [CG] CG iter 2: obj=160815827.775057, maxRC=10637414.944806, +17 cols
    [CG]   [DIAG] iter=3 posCols=9 newCols=9 effImprove=9 updated=0
    [CG]   [DIAG] iter=2 posCols=16 newCols=16 effImprove=16 updated=0
    [CG]   [DIAG] iter=2 posCols=17 newCols=17 effImprove=17 updated=0
    [CG] CG iter 3: obj=165146099.069389, maxRC=5118128.238817, +14 cols
    [CG] 列生成收敛，共 5 轮迭代
    [CG] [CG-NODE] depth=0 exit=CERTIFIED certified=1 feasible=1 iters=5 generatedColsBeforeNode=0 newCols=56 posCandidates=56 duplicateCandidates=0 updatedCols=0 zeroObjImproveIters=0 objFirst=143603637.248305 objLast=174217585.050858 objGain=30613947.802553 maxRC=59482657.642458 wallSec=0.019155 pricingSec=0.013069 cplexSolveSec=0.003312
    [CG]   [DIAG] iter=3 posCols=14 newCols=14 effImprove=14 updated=0
    [CG] CG iter 4: obj=173943600.724234, maxRC=422964.948520, +2 cols
    [CG]   [DIAG] iter=4 posCols=2 newCols=2 effImprove=2 updated=0
      [BB] 根节点即为整数解，obj=174217585.050858
    [CG] CG iter 3: obj=167283789.807498, maxRC=5691482.558996, +10 cols
    [CG] CG iter 3: obj=164761282.812656, maxRC=5117744.515825, +14 cols
    [CG]   [DIAG] iter=3 posCols=10 newCols=10 effImprove=10 updated=0
    [CG] CG iter 4: obj=174558450.587293, maxRC=2671769.720189, +5 cols
    [CG]   [DIAG] iter=3 posCols=14 newCols=14 effImprove=14 updated=0
    [CG]   [DIAG] iter=4 posCols=5 newCols=5 effImprove=5 updated=0
    [CG] 列生成收敛，共 5 轮迭代
    [CG] 列生成开始，初始列数=128
    [CG] [CG-NODE] depth=0 exit=CERTIFIED certified=1 feasible=1 iters=5 generatedColsBeforeNode=0 newCols=51 posCandidates=51 duplicateCandidates=0 updatedCols=0 zeroObjImproveIters=2 objFirst=143177098.603455 objLast=173943600.724234 objGain=30766502.120778 maxRC=59496676.788506 wallSec=0.017667 pricingSec=0.012131 cplexSolveSec=0.002916
      [BB] 根节点即为整数解，obj=173943600.724234
    [CG] CG iter 5: obj=174558450.587293, maxRC=671943.015475, +1 cols
    [CG]   [DIAG] iter=5 posCols=1 newCols=1 effImprove=1 updated=0
    [CG] CG iter 4: obj=174030558.313007, maxRC=1152856.872632, +2 cols
    [CG]   [DIAG] iter=4 posCols=2 newCols=2 effImprove=2 updated=0
    [CG] CG iter 4: obj=174182695.211192, maxRC=2671601.864691, +5 cols
    [CG]   [DIAG] iter=4 posCols=5 newCols=5 effImprove=5 updated=0
    [CG] 列生成收敛，共 6 轮迭代
    [CG] [CG-NODE] depth=0 exit=CERTIFIED certified=1 feasible=1 iters=6 generatedColsBeforeNode=0 newCols=59 posCandidates=59 duplicateCandidates=0 updatedCols=0 zeroObjImproveIters=2 objFirst=144184328.368046 objLast=174558450.587293 objGain=30374122.219247 maxRC=59519752.128890 wallSec=0.016572 pricingSec=0.011281 cplexSolveSec=0.003005
    [CG] 列生成收敛，共 5 轮迭代
    [CG] [CG-NODE] depth=0 exit=CERTIFIED certified=1 feasible=1 iters=5 generatedColsBeforeNode=0 newCols=52 posCandidates=52 duplicateCandidates=0 updatedCols=0 zeroObjImproveIters=0 objFirst=143473241.881702 objLast=174113924.387841 objGain=30640682.506140 maxRC=59507967.296578 wallSec=0.017910 pricingSec=0.012201 cplexSolveSec=0.003013
    [CG] CG iter 5: obj=174182695.211192, maxRC=611839.137029, +1 cols
    [CG]   [DIAG] iter=5 posCols=1 newCols=1 effImprove=1 updated=0
      [BB] 根节点即为整数解，obj=174558450.587293
      [BB] 根节点即为整数解，obj=174113924.387841
    [CG] 列生成收敛，共 6 轮迭代
    [CG] [CG-NODE] depth=0 exit=CERTIFIED certified=1 feasible=1 iters=6 generatedColsBeforeNode=0 newCols=59 posCandidates=59 duplicateCandidates=0 updatedCols=0 zeroObjImproveIters=2 objFirst=143427069.798527 objLast=174182695.211192 objGain=30755625.412666 maxRC=59484391.509200 wallSec=0.019059 pricingSec=0.013195 cplexSolveSec=0.003188
      [BB] 根节点即为整数解，obj=174182695.211192
    [CG] 列生成开始，初始列数=128
    [CG] 列生成开始，初始列数=128
    [CG] 列生成开始，初始列数=128
    [CG] 列生成开始，初始列数=128
    [CG] 列生成开始，初始列数=128
    [CG] CG iter 1: obj=143507438.341615, maxRC=59493649.736825, +23 cols
    [CG]   [DIAG] iter=1 posCols=23 newCols=23 effImprove=23 updated=0
    [CG] CG iter 1: obj=143766399.652056, maxRC=59493649.736825, +23 cols
    [CG]   [DIAG] iter=1 posCols=23 newCols=23 effImprove=23 updated=0
    [CG] CG iter 2: obj=160749876.330580, maxRC=10618535.571131, +17 cols
    [CG]   [DIAG] iter=2 posCols=17 newCols=17 effImprove=17 updated=0
    [CG] CG iter 1: obj=143379001.320201, maxRC=59346730.725081, +23 cols
    [CG]   [DIAG] iter=1 posCols=23 newCols=23 effImprove=23 updated=0
    [CG] CG iter 1: obj=143521812.651434, maxRC=59519342.291743, +23 cols
    [CG] CG iter 2: obj=160883770.637942, maxRC=10636105.927211, +17 cols
    [CG]   [DIAG] iter=1 posCols=23 newCols=23 effImprove=23 updated=0
    [CG]   [DIAG] iter=2 posCols=17 newCols=17 effImprove=17 updated=0
    [CG] CG iter 3: obj=167213452.911215, maxRC=5685712.135521, +10 cols
    [CG]   [DIAG] iter=3 posCols=10 newCols=10 effImprove=10 updated=0
    [CG] CG iter 2: obj=160653209.676215, maxRC=10553214.636986, +17 cols
    [CG]   [DIAG] iter=2 posCols=17 newCols=17 effImprove=17 updated=0
    [CG] CG iter 4: obj=173954524.474444, maxRC=1151899.782030, +2 cols
    [CG]   [DIAG] iter=4 posCols=2 newCols=2 effImprove=2 updated=0
    [CG] CG iter 2: obj=160700508.098304, maxRC=10791512.408104, +17 cols
    [CG]   [DIAG] iter=2 posCols=17 newCols=17 effImprove=17 updated=0
    [CG] CG iter 3: obj=167434819.112040, maxRC=6235845.739673, +11 cols
    [CG]   [DIAG] iter=3 posCols=11 newCols=11 effImprove=11 updated=0
    [CG] 列生成收敛，共 5 轮迭代
    [CG] [CG-NODE] depth=0 exit=CERTIFIED certified=1 feasible=1 iters=5 generatedColsBeforeNode=0 newCols=52 posCandidates=52 duplicateCandidates=0 updatedCols=0 zeroObjImproveIters=0 objFirst=143507438.341615 objLast=174037812.944013 objGain=30530374.602398 maxRC=59493649.736825 wallSec=0.015590 pricingSec=0.010847 cplexSolveSec=0.002640
    [CG] CG iter 3: obj=167227143.074139, maxRC=6240166.973172, +11 cols
      [BB] 根节点即为整数解，obj=174037812.944013
    [CG]   [DIAG] iter=3 posCols=11 newCols=11 effImprove=11 updated=0
    [CG] CG iter 1: obj=144081124.429091, maxRC=59412194.399197, +23 cols
    [CG]   [DIAG] iter=1 posCols=23 newCols=23 effImprove=23 updated=0
    [CG] CG iter 4: obj=170012384.291520, maxRC=4112657.493133, +5 cols
    [CG]   [DIAG] iter=4 posCols=5 newCols=5 effImprove=5 updated=0
    [CG] CG iter 3: obj=167189882.108525, maxRC=6209875.501856, +12 cols
    [CG]   [DIAG] iter=3 posCols=12 newCols=12 effImprove=12 updated=0
    [CG] CG iter 4: obj=169809190.496887, maxRC=4172784.848974, +5 cols
    [CG]   [DIAG] iter=4 posCols=5 newCols=5 effImprove=5 updated=0
    [CG] 列生成收敛，共 5 轮迭代
    [CG] [CG-NODE] depth=0 exit=CERTIFIED certified=1 feasible=1 iters=5 generatedColsBeforeNode=0 newCols=56 posCandidates=56 duplicateCandidates=0 updatedCols=0 zeroObjImproveIters=0 objFirst=143766399.652056 objLast=174225981.351683 objGain=30459581.699627 maxRC=59493649.736825 wallSec=0.017604 pricingSec=0.012155 cplexSolveSec=0.002917
    [CG] 列生成收敛，共 5 轮迭代
    [CG] [CG-NODE] depth=0 exit=CERTIFIED certified=1 feasible=1 iters=5 generatedColsBeforeNode=0 newCols=56 posCandidates=56 duplicateCandidates=0 updatedCols=0 zeroObjImproveIters=0 objFirst=143379001.320201 objLast=174031402.769412 objGain=30652401.449211 maxRC=59346730.725081 wallSec=0.013179 pricingSec=0.009057 cplexSolveSec=0.002181
    [CG] CG iter 2: obj=160864069.749156, maxRC=10557535.036812, +16 cols
    [CG] CG iter 4: obj=169820668.911547, maxRC=4074823.552009, +6 cols
    [CG]   [DIAG] iter=2 posCols=16 newCols=16 effImprove=16 updated=0
    [CG]   [DIAG] iter=4 posCols=6 newCols=6 effImprove=6 updated=0
      [BB] 根节点即为整数解，obj=174031402.769412
      [BB] 根节点即为整数解，obj=174225981.351683
    [CG] CG iter 1: obj=143642275.532316, maxRC=59392555.571945, +23 cols
    [CG]   [DIAG] iter=1 posCols=23 newCols=23 effImprove=23 updated=0
    [CG] 列生成收敛，共 5 轮迭代
    [CG] [CG-NODE] depth=0 exit=CERTIFIED certified=1 feasible=1 iters=5 generatedColsBeforeNode=0 newCols=58 posCandidates=58 duplicateCandidates=0 updatedCols=0 zeroObjImproveIters=0 objFirst=143521812.651434 objLast=173992762.713997 objGain=30470950.062563 maxRC=59519342.291743 wallSec=0.011534 pricingSec=0.007692 cplexSolveSec=0.002060
      [BB] 根节点即为整数解，obj=173992762.713997
    [CG] CG iter 3: obj=164976487.234741, maxRC=5118128.238817, +14 cols
    [CG]   [DIAG] iter=3 posCols=14 newCols=14 effImprove=14 updated=0
    [CG] CG iter 4: obj=174402732.312790, maxRC=2671769.720189, +6 cols
    [CG]   [DIAG] iter=4 posCols=6 newCols=6 effImprove=6 updated=0
    [CG] CG iter 2: obj=160788105.969348, maxRC=10565169.231287, +17 cols
    [CG] 列生成开始，初始列数=128
    [CG]   [DIAG] iter=2 posCols=17 newCols=17 effImprove=17 updated=0
    [CG] CG iter 5: obj=174413579.358754, maxRC=704249.486139, +1 cols
    [CG]   [DIAG] iter=5 posCols=1 newCols=1 effImprove=1 updated=0
    [CG] 列生成收敛，共 6 轮迭代
    [CG] [CG-NODE] depth=0 exit=CERTIFIED certified=1 feasible=1 iters=6 generatedColsBeforeNode=0 newCols=60 posCandidates=60 duplicateCandidates=0 updatedCols=0 zeroObjImproveIters=1 objFirst=144081124.429091 objLast=174413579.358754 objGain=30332454.929662 maxRC=59412194.399197 wallSec=0.012445 pricingSec=0.007417 cplexSolveSec=0.002586
      [BB] 根节点即为整数解，obj=174413579.358754
    [CG] CG iter 3: obj=167374994.022384, maxRC=6223402.054356, +11 cols
    [CG]   [DIAG] iter=3 posCols=11 newCols=11 effImprove=11 updated=0
    [CG] CG iter 4: obj=169966825.731130, maxRC=4170337.556233, +5 cols
    [CG]   [DIAG] iter=4 posCols=5 newCols=5 effImprove=5 updated=0
    [CG] CG iter 1: obj=143093925.718702, maxRC=59390175.106789, +23 cols
    [CG]   [DIAG] iter=1 posCols=23 newCols=23 effImprove=23 updated=0
    [CG] 列生成收敛，共 5 轮迭代
    [CG] [CG-NODE] depth=0 exit=CERTIFIED certified=1 feasible=1 iters=5 generatedColsBeforeNode=0 newCols=56 posCandidates=56 duplicateCandidates=0 updatedCols=0 zeroObjImproveIters=0 objFirst=143642275.532316 objLast=174193458.238182 objGain=30551182.705866 maxRC=59392555.571945 wallSec=0.013918 pricingSec=0.009369 cplexSolveSec=0.002491
    [CG] CG iter 1: obj=144176930.118291, maxRC=59519779.058582, +23 cols
      [BB] 根节点即为整数解，obj=174193458.238182
    [CG]   [DIAG] iter=1 posCols=23 newCols=23 effImprove=23 updated=0
    [CG] CG iter 2: obj=160184507.267453, maxRC=10760417.496622, +16 cols
    [CG]   [DIAG] iter=2 posCols=16 newCols=16 effImprove=16 updated=0
    [CG] CG iter 2: obj=161041366.829517, maxRC=10623496.537295, +16 cols
    [CG]   [DIAG] iter=2 posCols=16 newCols=16 effImprove=16 updated=0
    [CG] CG iter 3: obj=163754840.511611, maxRC=5335824.122602, +17 cols
    [CG] CG iter 3: obj=165140027.963718, maxRC=5116038.208083, +14 cols
    [CG]   [DIAG] iter=3 posCols=17 newCols=17 effImprove=17 updated=0
    [CG]   [DIAG] iter=3 posCols=14 newCols=14 effImprove=14 updated=0
    [CG] CG iter 4: obj=174550257.711901, maxRC=2670883.325991, +5 cols
    [CG]   [DIAG] iter=4 posCols=5 newCols=5 effImprove=5 updated=0
    [CG] CG iter 4: obj=173481917.947587, maxRC=2241557.283724, +8 cols
    [CG]   [DIAG] iter=4 posCols=8 newCols=8 effImprove=8 updated=0
    [CG] CG iter 5: obj=174550257.711901, maxRC=668497.085714, +1 cols
    [CG]   [DIAG] iter=5 posCols=1 newCols=1 effImprove=1 updated=0
    [CG] CG iter 5: obj=173481917.947587, maxRC=20990.191155, +1 cols
    [CG]   [DIAG] iter=5 posCols=1 newCols=1 effImprove=1 updated=0
    [CG] 列生成收敛，共 6 轮迭代
    [CG] [CG-NODE] depth=0 exit=CERTIFIED certified=1 feasible=1 iters=6 generatedColsBeforeNode=0 newCols=59 posCandidates=59 duplicateCandidates=0 updatedCols=0 zeroObjImproveIters=2 objFirst=144176930.118291 objLast=174550257.711901 objGain=30373327.593609 maxRC=59519779.058582 wallSec=0.018561 pricingSec=0.012540 cplexSolveSec=0.003286
      [BB] 根节点即为整数解，obj=174550257.711901
    [CG] 列生成收敛，共 6 轮迭代
    [CG] [CG-NODE] depth=0 exit=CERTIFIED certified=1 feasible=1 iters=6 generatedColsBeforeNode=0 newCols=65 posCandidates=65 duplicateCandidates=0 updatedCols=0 zeroObjImproveIters=2 objFirst=143093925.718702 objLast=173481917.947587 objGain=30387992.228886 maxRC=59390175.106789 wallSec=0.019686 pricingSec=0.013304 cplexSolveSec=0.003519
      [BB] 根节点即为整数解，obj=173481917.947587
    [CG] CG iter 1: obj=143361801.111129, maxRC=59466798.529187, +23 cols
    [CG]   [DIAG] iter=1 posCols=23 newCols=23 effImprove=23 updated=0
    [CG] CG iter 2: obj=160621022.767984, maxRC=10602157.162521, +16 cols
    [CG]   [DIAG] iter=2 posCols=16 newCols=16 effImprove=16 updated=0
    [CG] CG iter 3: obj=164600539.732414, maxRC=5031266.211312, +14 cols
    [CG]   [DIAG] iter=3 posCols=14 newCols=14 effImprove=14 updated=0
    [CG] CG iter 4: obj=173941402.886293, maxRC=2635551.641113, +5 cols
    [CG]   [DIAG] iter=4 posCols=5 newCols=5 effImprove=5 updated=0
    [CG] CG iter 5: obj=173941402.886293, maxRC=498050.254739, +1 cols
    [CG]   [DIAG] iter=5 posCols=1 newCols=1 effImprove=1 updated=0
    [CG] 列生成收敛，共 6 轮迭代
    [CG] [CG-NODE] depth=0 exit=CERTIFIED certified=1 feasible=1 iters=6 generatedColsBeforeNode=0 newCols=59 posCandidates=59 duplicateCandidates=0 updatedCols=0 zeroObjImproveIters=2 objFirst=143361801.111129 objLast=173941402.886293 objGain=30579601.775164 maxRC=59466798.529187 wallSec=0.016110 pricingSec=0.010653 cplexSolveSec=0.002692
      [BB] 根节点即为整数解，obj=173941402.886293
[GA] 代数 3: Best=174587336.27, Avg=174116886.24, Worst=173504499.76, Valid=30/30, 耗时=0.07s (连续3代未提升)
  ├─ 求解: 30 个体 fork 并行 | CG迭代=133 加列=1421 BB分支=0
  ├─ 并行墙钟=0.0677s | 串行等效(ΣBP)=0.4161s | 加速比=6.14x
  ├─ 管理开销=-0.3484s (fork=0.0041 wait=0.0632 merge=0.0004)
  └─ CG明细: gen_logs/run_gen3_ind{0..29}.log
    [CG] 列生成开始，初始列数=128
    [CG] 列生成开始，初始列数=128
    [CG] 列生成开始，初始列数=128
    [CG] 列生成开始，初始列数=128
    [CG] 列生成开始，初始列数=128
    [CG] 列生成开始，初始列数=128
    [CG] 列生成开始，初始列数=128
    [CG] 列生成开始，初始列数=128
    [CG] CG iter 1: obj=143764191.544398, maxRC=59513484.602675, +23 cols
    [CG]   [DIAG] iter=1 posCols=23 newCols=23 effImprove=23 updated=0
    [CG] CG iter 2: obj=160962815.778744, maxRC=10637156.697129, +17 cols
    [CG]   [DIAG] iter=2 posCols=17 newCols=17 effImprove=17 updated=0
    [CG] CG iter 1: obj=143711689.045027, maxRC=59482657.642458, +23 cols
    [CG]   [DIAG] iter=1 posCols=23 newCols=23 effImprove=23 updated=0
    [CG] CG iter 3: obj=167510342.739138, maxRC=6228794.112226, +11 cols
    [CG]   [DIAG] iter=3 posCols=11 newCols=11 effImprove=11 updated=0
    [CG] CG iter 1: obj=144015092.877957, maxRC=59387916.604561, +23 cols
    [CG] CG iter 1: obj=143755454.334911, maxRC=59489276.591738, +23 cols
    [CG]   [DIAG] iter=1 posCols=23 newCols=23 effImprove=23 updated=0
    [CG]   [DIAG] iter=1 posCols=23 newCols=23 effImprove=23 updated=0
    [CG] CG iter 2: obj=160830034.798434, maxRC=10633798.809933, +17 cols
    [CG] CG iter 1: obj=144182389.530369, maxRC=59519752.128890, +23 cols
    [CG]   [DIAG] iter=2 posCols=17 newCols=17 effImprove=17 updated=0
    [CG] CG iter 1: obj=143751353.432418, maxRC=59394182.664993, +23 cols
    [CG] CG iter 4: obj=170077531.395093, maxRC=4098882.737279, +5 cols
    [CG]   [DIAG] iter=4 posCols=5 newCols=5 effImprove=5 updated=0
    [CG]   [DIAG] iter=1 posCols=23 newCols=23 effImprove=23 updated=0
    [CG]   [DIAG] iter=1 posCols=23 newCols=23 effImprove=23 updated=0
    [CG] CG iter 1: obj=143490237.226752, maxRC=59403643.462947, +23 cols
    [CG]   [DIAG] iter=1 posCols=23 newCols=23 effImprove=23 updated=0
    [CG] 列生成收敛，共 5 轮迭代
    [CG] [CG-NODE] depth=0 exit=CERTIFIED certified=1 feasible=1 iters=5 generatedColsBeforeNode=0 newCols=56 posCandidates=56 duplicateCandidates=0 updatedCols=0 zeroObjImproveIters=0 objFirst=143764191.544398 objLast=174297042.435274 objGain=30532850.890876 maxRC=59513484.602675 wallSec=0.013793 pricingSec=0.009083 cplexSolveSec=0.002545
    [CG] CG iter 1: obj=143464133.420122, maxRC=59514891.418327, +23 cols
      [BB] 根节点即为整数解，obj=174297042.435274
    [CG] CG iter 3: obj=167458013.049619, maxRC=6203357.026345, +12 cols
    [CG] CG iter 2: obj=160801433.663801, maxRC=10538179.243194, +16 cols
    [CG]   [DIAG] iter=3 posCols=12 newCols=12 effImprove=12 updated=0
    [CG]   [DIAG] iter=2 posCols=16 newCols=16 effImprove=16 updated=0
    [CG]   [DIAG] iter=1 posCols=23 newCols=23 effImprove=23 updated=0
    [CG] CG iter 2: obj=160989519.617946, maxRC=10627338.387499, +17 cols
    [CG]   [DIAG] iter=2 posCols=17 newCols=17 effImprove=17 updated=0
    [CG] CG iter 2: obj=161045520.681414, maxRC=10623485.371715, +16 cols
    [CG] CG iter 2: obj=160715885.842620, maxRC=10572053.230540, +16 cols
    [CG] CG iter 4: obj=170111883.990461, maxRC=4185338.128341, +5 cols
    [CG]   [DIAG] iter=2 posCols=16 newCols=16 effImprove=16 updated=0
    [CG]   [DIAG] iter=4 posCols=5 newCols=5 effImprove=5 updated=0
    [CG]   [DIAG] iter=2 posCols=16 newCols=16 effImprove=16 updated=0
    [CG] CG iter 2: obj=160564347.942431, maxRC=10717394.266033, +16 cols
    [CG]   [DIAG] iter=2 posCols=16 newCols=16 effImprove=16 updated=0
    [CG] 列生成收敛，共 5 轮迭代
    [CG] [CG-NODE] depth=0 exit=CERTIFIED certified=1 feasible=1 iters=5 generatedColsBeforeNode=0 newCols=57 posCandidates=57 duplicateCandidates=0 updatedCols=0 zeroObjImproveIters=0 objFirst=143711689.045027 objLast=174325636.847580 objGain=30613947.802553 maxRC=59482657.642458 wallSec=0.015421 pricingSec=0.010363 cplexSolveSec=0.002677
    [CG] CG iter 3: obj=164920242.682365, maxRC=5117332.555760, +15 cols
      [BB] 根节点即为整数解，obj=174325636.847580
    [CG]   [DIAG] iter=3 posCols=15 newCols=15 effImprove=15 updated=0
    [CG] CG iter 2: obj=160692509.462781, maxRC=10788491.864728, +17 cols
    [CG]   [DIAG] iter=2 posCols=17 newCols=17 effImprove=17 updated=0
    [CG] CG iter 3: obj=167573844.658938, maxRC=6226258.220180, +11 cols
    [CG]   [DIAG] iter=3 posCols=11 newCols=11 effImprove=11 updated=0
    [CG] CG iter 3: obj=165144161.177781, maxRC=5118128.238817, +14 cols
    [CG] CG iter 3: obj=164717695.627529, maxRC=5112705.182672, +14 cols
    [CG]   [DIAG] iter=3 posCols=14 newCols=14 effImprove=14 updated=0
    [CG] CG iter 4: obj=174348256.404459, maxRC=2671427.590685, +6 cols
    [CG]   [DIAG] iter=4 posCols=6 newCols=6 effImprove=6 updated=0
    [CG]   [DIAG] iter=3 posCols=14 newCols=14 effImprove=14 updated=0
    [CG] CG iter 3: obj=164147351.174361, maxRC=5396310.080482, +17 cols
    [CG]   [DIAG] iter=3 posCols=17 newCols=17 effImprove=17 updated=0
    [CG] 列生成开始，初始列数=128
    [CG] CG iter 4: obj=170168490.596863, maxRC=4138307.833703, +5 cols
    [CG]   [DIAG] iter=4 posCols=5 newCols=5 effImprove=5 updated=0
    [CG] CG iter 5: obj=174368471.508639, maxRC=699538.889151, +1 cols
    [CG]   [DIAG] iter=5 posCols=1 newCols=1 effImprove=1 updated=0
    [CG] CG iter 4: obj=174556512.568060, maxRC=2671769.720189, +5 cols
    [CG] CG iter 3: obj=167155532.903420, maxRC=6221859.864951, +11 cols
    [CG]   [DIAG] iter=4 posCols=5 newCols=5 effImprove=5 updated=0
    [CG] CG iter 4: obj=174139378.791157, maxRC=2669487.797271, +5 cols
    [CG]   [DIAG] iter=3 posCols=11 newCols=11 effImprove=11 updated=0
    [CG]   [DIAG] iter=4 posCols=5 newCols=5 effImprove=5 updated=0
    [CG] 列生成收敛，共 6 轮迭代
    [CG] 列生成收敛，共 5 轮迭代
    [CG] [CG-NODE] depth=0 exit=CERTIFIED certified=1 feasible=1 iters=6 generatedColsBeforeNode=0 newCols=61 posCandidates=61 duplicateCandidates=0 updatedCols=0 zeroObjImproveIters=1 objFirst=144015092.877957 objLast=174368471.508639 objGain=30353378.630682 maxRC=59387916.604561 wallSec=0.018267 pricingSec=0.011921 cplexSolveSec=0.003620
    [CG] [CG-NODE] depth=0 exit=CERTIFIED certified=1 feasible=1 iters=5 generatedColsBeforeNode=0 newCols=56 posCandidates=56 duplicateCandidates=0 updatedCols=0 zeroObjImproveIters=0 objFirst=143755454.334911 objLast=174383383.370215 objGain=30627929.035304 maxRC=59489276.591738 wallSec=0.018888 pricingSec=0.012515 cplexSolveSec=0.003464
    [CG] CG iter 4: obj=173903291.414614, maxRC=2209381.410832, +8 cols
    [CG]   [DIAG] iter=4 posCols=8 newCols=8 effImprove=8 updated=0
    [CG] CG iter 5: obj=174556512.568060, maxRC=671942.197031, +1 cols
      [BB] 根节点即为整数解，obj=174383383.370215
      [BB] 根节点即为整数解，obj=174368471.508639
    [CG]   [DIAG] iter=5 posCols=1 newCols=1 effImprove=1 updated=0
    [CG] 列生成开始，初始列数=128
    [CG] CG iter 5: obj=174139378.791157, maxRC=664439.230670, +1 cols
    [CG]   [DIAG] iter=5 posCols=1 newCols=1 effImprove=1 updated=0
    [CG] CG iter 4: obj=169759442.991032, maxRC=4051458.879185, +5 cols
    [CG]   [DIAG] iter=4 posCols=5 newCols=5 effImprove=5 updated=0
    [CG] CG iter 5: obj=173903291.414614, maxRC=37685.732306, +1 cols
    [CG] 列生成收敛，共 6 轮迭代
    [CG]   [DIAG] iter=5 posCols=1 newCols=1 effImprove=1 updated=0
    [CG] [CG-NODE] depth=0 exit=CERTIFIED certified=1 feasible=1 iters=6 generatedColsBeforeNode=0 newCols=59 posCandidates=59 duplicateCandidates=0 updatedCols=0 zeroObjImproveIters=2 objFirst=144182389.530369 objLast=174556512.568060 objGain=30374123.037691 maxRC=59519752.128890 wallSec=0.019714 pricingSec=0.012896 cplexSolveSec=0.003962
    [CG] 列生成收敛，共 6 轮迭代
    [CG] [CG-NODE] depth=0 exit=CERTIFIED certified=1 feasible=1 iters=6 generatedColsBeforeNode=0 newCols=59 posCandidates=59 duplicateCandidates=0 updatedCols=0 zeroObjImproveIters=2 objFirst=143751353.432418 objLast=174139378.791157 objGain=30388025.358739 maxRC=59394182.664993 wallSec=0.020274 pricingSec=0.013408 cplexSolveSec=0.003962
      [BB] 根节点即为整数解，obj=174556512.568060
    [CG] 列生成收敛，共 5 轮迭代
      [BB] 根节点即为整数解，obj=174139378.791157
    [CG] [CG-NODE] depth=0 exit=CERTIFIED certified=1 feasible=1 iters=5 generatedColsBeforeNode=0 newCols=56 posCandidates=56 duplicateCandidates=0 updatedCols=0 zeroObjImproveIters=0 objFirst=143464133.420122 objLast=173931790.751350 objGain=30467657.331229 maxRC=59514891.418327 wallSec=0.019757 pricingSec=0.013230 cplexSolveSec=0.003538
      [BB] 根节点即为整数解，obj=173931790.751350
    [CG] 列生成收敛，共 6 轮迭代
    [CG] [CG-NODE] depth=0 exit=CERTIFIED certified=1 feasible=1 iters=6 generatedColsBeforeNode=0 newCols=65 posCandidates=65 duplicateCandidates=0 updatedCols=0 zeroObjImproveIters=2 objFirst=143490237.226752 objLast=173903291.414614 objGain=30413054.187862 maxRC=59403643.462947 wallSec=0.020660 pricingSec=0.013722 cplexSolveSec=0.003908
      [BB] 根节点即为整数解，obj=173903291.414614
    [CG] 列生成开始，初始列数=128
    [CG] 列生成开始，初始列数=128
    [CG] 列生成开始，初始列数=128
    [CG] 列生成开始，初始列数=128
    [CG] 列生成开始，初始列数=128
    [CG] 列生成开始，初始列数=128
    [CG] CG iter 1: obj=143753343.660965, maxRC=59423821.522129, +23 cols
    [CG] CG iter 1: obj=143793626.915981, maxRC=59519825.977771, +23 cols
    [CG]   [DIAG] iter=1 posCols=23 newCols=23 effImprove=23 updated=0
    [CG]   [DIAG] iter=1 posCols=23 newCols=23 effImprove=23 updated=0
    [CG] CG iter 2: obj=160684169.124837, maxRC=10623483.157284, +16 cols
    [CG]   [DIAG] iter=2 posCols=16 newCols=16 effImprove=16 updated=0
    [CG] CG iter 1: obj=143358046.457301, maxRC=59484391.509200, +23 cols
    [CG] CG iter 2: obj=160878206.316574, maxRC=10582446.196517, +17 cols
    [CG] CG iter 1: obj=143596619.307522, maxRC=59497593.772325, +23 cols
    [CG]   [DIAG] iter=2 posCols=17 newCols=17 effImprove=17 updated=0
    [CG]   [DIAG] iter=1 posCols=23 newCols=23 effImprove=23 updated=0
    [CG]   [DIAG] iter=1 posCols=23 newCols=23 effImprove=23 updated=0
    [CG] CG iter 3: obj=164797690.802611, maxRC=5117611.491811, +14 cols
    [CG]   [DIAG] iter=3 posCols=14 newCols=14 effImprove=14 updated=0
    [CG] CG iter 4: obj=174194591.393454, maxRC=2671545.468463, +5 cols
    [CG]   [DIAG] iter=4 posCols=5 newCols=5 effImprove=5 updated=0
    [CG] CG iter 2: obj=160914073.832911, maxRC=9543504.951166, +17 cols
    [CG] CG iter 3: obj=167454772.837162, maxRC=6237735.990945, +11 cols
    [CG]   [DIAG] iter=2 posCols=17 newCols=17 effImprove=17 updated=0
    [CG]   [DIAG] iter=3 posCols=11 newCols=11 effImprove=11 updated=0
    [CG] CG iter 5: obj=174194591.393454, maxRC=644157.151955, +1 cols
    [CG]   [DIAG] iter=5 posCols=1 newCols=1 effImprove=1 updated=0
    [CG] CG iter 2: obj=160787661.293771, maxRC=10615118.237616, +16 cols
    [CG]   [DIAG] iter=2 posCols=16 newCols=16 effImprove=16 updated=0
    [CG] 列生成收敛，共 6 轮迭代
    [CG] [CG-NODE] depth=0 exit=CERTIFIED certified=1 feasible=1 iters=6 generatedColsBeforeNode=0 newCols=59 posCandidates=59 duplicateCandidates=0 updatedCols=0 zeroObjImproveIters=2 objFirst=143793626.915981 objLast=174194591.393454 objGain=30400964.477473 maxRC=59519825.977771 wallSec=0.011584 pricingSec=0.007631 cplexSolveSec=0.002108
    [CG] CG iter 3: obj=174317938.070662, maxRC=1944780.360549, +7 cols
    [CG]   [DIAG] iter=3 posCols=7 newCols=7 effImprove=7 updated=0
      [BB] 根节点即为整数解，obj=174194591.393454
    [CG] CG iter 4: obj=170030903.371837, maxRC=4150598.936326, +5 cols
    [CG]   [DIAG] iter=4 posCols=5 newCols=5 effImprove=5 updated=0
    [CG] CG iter 4: obj=174317938.070662, maxRC=599927.362807, +2 cols
    [CG]   [DIAG] iter=4 posCols=2 newCols=2 effImprove=2 updated=0
    [CG] 列生成收敛，共 5 轮迭代
    [CG] [CG-NODE] depth=0 exit=CERTIFIED certified=1 feasible=1 iters=5 generatedColsBeforeNode=0 newCols=56 posCandidates=56 duplicateCandidates=0 updatedCols=0 zeroObjImproveIters=0 objFirst=143753343.660965 objLast=174250868.092557 objGain=30497524.431593 maxRC=59423821.522129 wallSec=0.017617 pricingSec=0.012205 cplexSolveSec=0.002863
      [BB] 根节点即为整数解，obj=174250868.092557
    [CG] CG iter 1: obj=144184322.839179, maxRC=59519752.128890, +23 cols
    [CG] CG iter 5: obj=174317938.070662, maxRC=545114.224157, +3 cols
    [CG]   [DIAG] iter=5 posCols=3 newCols=3 effImprove=3 updated=0
    [CG] CG iter 3: obj=164761282.812656, maxRC=5117744.515825, +14 cols
    [CG]   [DIAG] iter=3 posCols=14 newCols=14 effImprove=14 updated=0
    [CG]   [DIAG] iter=1 posCols=23 newCols=23 effImprove=23 updated=0
    [CG] 列生成收敛，共 6 轮迭代
    [CG] [CG-NODE] depth=0 exit=CERTIFIED certified=1 feasible=1 iters=6 generatedColsBeforeNode=0 newCols=52 posCandidates=52 duplicateCandidates=0 updatedCols=0 zeroObjImproveIters=3 objFirst=143596619.307522 objLast=174317938.070662 objGain=30721318.763140 maxRC=59497593.772325 wallSec=0.013439 pricingSec=0.008982 cplexSolveSec=0.002357
      [BB] 根节点即为整数解，obj=174317938.070662
    [CG] CG iter 4: obj=174182695.211192, maxRC=2671601.864691, +5 cols
    [CG]   [DIAG] iter=4 posCols=5 newCols=5 effImprove=5 updated=0
    [CG] CG iter 1: obj=144184292.465354, maxRC=59519752.128890, +23 cols
    [CG] CG iter 2: obj=161047453.990225, maxRC=10623485.371715, +16 cols
    [CG] CG iter 1: obj=143754906.380431, maxRC=59492956.538529, +23 cols
    [CG]   [DIAG] iter=2 posCols=16 newCols=16 effImprove=16 updated=0
    [CG]   [DIAG] iter=1 posCols=23 newCols=23 effImprove=23 updated=0
    [CG] CG iter 5: obj=174182695.211192, maxRC=611839.137029, +1 cols
    [CG]   [DIAG] iter=5 posCols=1 newCols=1 effImprove=1 updated=0
    [CG] CG iter 1: obj=143657975.244136, maxRC=59393501.563334, +23 cols
    [CG]   [DIAG] iter=1 posCols=23 newCols=23 effImprove=23 updated=0
    [CG] 列生成开始，初始列数=128
    [CG] 列生成开始，初始列数=128
    [CG]   [DIAG] iter=1 posCols=23 newCols=23 effImprove=23 updated=0
    [CG] 列生成收敛，共 6 轮迭代
    [CG] [CG-NODE] depth=0 exit=CERTIFIED certified=1 feasible=1 iters=6 generatedColsBeforeNode=0 newCols=59 posCandidates=59 duplicateCandidates=0 updatedCols=0 zeroObjImproveIters=2 objFirst=143358046.457301 objLast=174182695.211192 objGain=30824648.753892 maxRC=59484391.509200 wallSec=0.018889 pricingSec=0.012853 cplexSolveSec=0.003424
      [BB] 根节点即为整数解，obj=174182695.211192
    [CG] CG iter 3: obj=165146094.486592, maxRC=5118128.238817, +14 cols
    [CG]   [DIAG] iter=3 posCols=14 newCols=14 effImprove=14 updated=0
    [CG] CG iter 2: obj=161047426.429834, maxRC=10623485.371715, +16 cols
    [CG]   [DIAG] iter=2 posCols=16 newCols=16 effImprove=16 updated=0
    [CG] CG iter 2: obj=160883770.637942, maxRC=10636105.927211, +17 cols
    [CG]   [DIAG] iter=2 posCols=17 newCols=17 effImprove=17 updated=0
    [CG] CG iter 4: obj=174558445.876870, maxRC=2671769.720189, +5 cols
    [CG]   [DIAG] iter=4 posCols=5 newCols=5 effImprove=5 updated=0
    [CG] CG iter 2: obj=160788105.969348, maxRC=10565169.231287, +17 cols
    [CG] 列生成开始，初始列数=128
    [CG]   [DIAG] iter=2 posCols=17 newCols=17 effImprove=17 updated=0
    [CG] CG iter 5: obj=174558445.876870, maxRC=671942.197031, +1 cols
    [CG]   [DIAG] iter=5 posCols=1 newCols=1 effImprove=1 updated=0
    [CG] CG iter 3: obj=165146069.451784, maxRC=5118128.238817, +14 cols
    [CG] 列生成收敛，共 6 轮迭代
    [CG] [CG-NODE] depth=0 exit=CERTIFIED certified=1 feasible=1 iters=6 generatedColsBeforeNode=0 newCols=59 posCandidates=59 duplicateCandidates=0 updatedCols=0 zeroObjImproveIters=2 objFirst=144184322.839179 objLast=174558445.876870 objGain=30374123.037691 maxRC=59519752.128890 wallSec=0.016771 pricingSec=0.011126 cplexSolveSec=0.003120
    [CG]   [DIAG] iter=3 posCols=14 newCols=14 effImprove=14 updated=0
    [CG] CG iter 3: obj=167434819.112040, maxRC=6235845.739673, +11 cols
      [BB] 根节点即为整数解，obj=174558445.876870
    [CG]   [DIAG] iter=3 posCols=11 newCols=11 effImprove=11 updated=0
    [CG] CG iter 3: obj=167374994.022384, maxRC=6223402.054356, +11 cols
    [CG]   [DIAG] iter=3 posCols=11 newCols=11 effImprove=11 updated=0
    [CG] CG iter 4: obj=174558418.316480, maxRC=2671769.720189, +5 cols
    [CG] 列生成开始，初始列数=128
    [CG]   [DIAG] iter=4 posCols=5 newCols=5 effImprove=5 updated=0
    [CG] CG iter 4: obj=170012384.291520, maxRC=4112657.493133, +5 cols
    [CG]   [DIAG] iter=4 posCols=5 newCols=5 effImprove=5 updated=0
    [CG] CG iter 4: obj=169966825.731130, maxRC=4170337.556233, +5 cols
    [CG]   [DIAG] iter=4 posCols=5 newCols=5 effImprove=5 updated=0
    [CG] CG iter 5: obj=174558418.316480, maxRC=671939.383596, +1 cols
    [CG]   [DIAG] iter=5 posCols=1 newCols=1 effImprove=1 updated=0
    [CG] CG iter 1: obj=143530972.652504, maxRC=59471334.021181, +23 cols
    [CG]   [DIAG] iter=1 posCols=23 newCols=23 effImprove=23 updated=0
    [CG] 列生成收敛，共 5 轮迭代
    [CG] [CG-NODE] depth=0 exit=CERTIFIED certified=1 feasible=1 iters=5 generatedColsBeforeNode=0 newCols=56 posCandidates=56 duplicateCandidates=0 updatedCols=0 zeroObjImproveIters=0 objFirst=143754906.380431 objLast=174225981.351683 objGain=30471074.971252 maxRC=59492956.538529 wallSec=0.018627 pricingSec=0.012538 cplexSolveSec=0.003320
    [CG] 列生成收敛，共 5 轮迭代
    [CG] [CG-NODE] depth=0 exit=CERTIFIED certified=1 feasible=1 iters=5 generatedColsBeforeNode=0 newCols=56 posCandidates=56 duplicateCandidates=0 updatedCols=0 zeroObjImproveIters=0 objFirst=143657975.244136 objLast=174193458.238182 objGain=30535482.994046 maxRC=59393501.563334 wallSec=0.018596 pricingSec=0.012499 cplexSolveSec=0.003322
      [BB] 根节点即为整数解，obj=174225981.351683
    [CG] 列生成收敛，共 6 轮迭代
    [CG] [CG-NODE] depth=0 exit=CERTIFIED certified=1 feasible=1 iters=6 generatedColsBeforeNode=0 newCols=59 posCandidates=59 duplicateCandidates=0 updatedCols=0 zeroObjImproveIters=2 objFirst=144184292.465354 objLast=174558418.316480 objGain=30374125.851126 maxRC=59519752.128890 wallSec=0.019058 pricingSec=0.012588 cplexSolveSec=0.003652
      [BB] 根节点即为整数解，obj=174193458.238182
      [BB] 根节点即为整数解，obj=174558418.316480
    [CG] CG iter 2: obj=160632646.827374, maxRC=10597289.767378, +17 cols
    [CG]   [DIAG] iter=2 posCols=17 newCols=17 effImprove=17 updated=0
    [CG] 列生成开始，初始列数=128
    [CG] CG iter 3: obj=167157759.697284, maxRC=6188398.586992, +11 cols
    [CG]   [DIAG] iter=3 posCols=11 newCols=11 effImprove=11 updated=0
    [CG] CG iter 1: obj=142955721.242347, maxRC=59496676.788506, +23 cols
    [CG]   [DIAG] iter=1 posCols=23 newCols=23 effImprove=23 updated=0
    [CG] 列生成开始，初始列数=128
    [CG] CG iter 4: obj=169725230.090131, maxRC=4090422.003433, +5 cols
    [CG]   [DIAG] iter=4 posCols=5 newCols=5 effImprove=5 updated=0
    [CG] 列生成开始，初始列数=128
    [CG] 列生成开始，初始列数=128
    [CG] CG iter 2: obj=160307116.834606, maxRC=9543483.089881, +17 cols
    [CG]   [DIAG] iter=2 posCols=17 newCols=17 effImprove=17 updated=0
    [CG] 列生成收敛，共 5 轮迭代
    [CG] [CG-NODE] depth=0 exit=CERTIFIED certified=1 feasible=1 iters=5 generatedColsBeforeNode=0 newCols=56 posCandidates=56 duplicateCandidates=0 updatedCols=0 zeroObjImproveIters=0 objFirst=143530972.652504 objLast=173976526.250075 objGain=30445553.597571 maxRC=59471334.021181 wallSec=0.010523 pricingSec=0.006354 cplexSolveSec=0.002064
      [BB] 根节点即为整数解，obj=173976526.250075
    [CG] CG iter 3: obj=173710411.454328, maxRC=1944780.360549, +9 cols
    [CG]   [DIAG] iter=3 posCols=9 newCols=9 effImprove=9 updated=0
    [CG] CG iter 4: obj=173710411.454328, maxRC=422964.948520, +2 cols
    [CG]   [DIAG] iter=4 posCols=2 newCols=2 effImprove=2 updated=0
    [CG] 列生成收敛，共 5 轮迭代
    [CG] [CG-NODE] depth=0 exit=CERTIFIED certified=1 feasible=1 iters=5 generatedColsBeforeNode=0 newCols=51 posCandidates=51 duplicateCandidates=0 updatedCols=0 zeroObjImproveIters=2 objFirst=142955721.242347 objLast=173710411.454328 objGain=30754690.211980 maxRC=59496676.788506 wallSec=0.013237 pricingSec=0.008357 cplexSolveSec=0.002477
      [BB] 根节点即为整数解，obj=173710411.454328
    [CG] CG iter 1: obj=143494914.342997, maxRC=59493649.736825, +23 cols
    [CG]   [DIAG] iter=1 posCols=23 newCols=23 effImprove=23 updated=0
    [CG] 列生成开始，初始列数=128
    [CG] CG iter 1: obj=143859407.242025, maxRC=59507594.656705, +23 cols
    [CG] CG iter 2: obj=160749876.330580, maxRC=10618535.571131, +17 cols
    [CG]   [DIAG] iter=2 posCols=17 newCols=17 effImprove=17 updated=0
    [CG]   [DIAG] iter=1 posCols=23 newCols=23 effImprove=23 updated=0
    [CG] CG iter 3: obj=167201456.215288, maxRC=5695516.453914, +10 cols
    [CG]   [DIAG] iter=3 posCols=10 newCols=10 effImprove=10 updated=0
    [CG] CG iter 4: obj=173959996.470520, maxRC=1150262.712747, +2 cols
    [CG]   [DIAG] iter=4 posCols=2 newCols=2 effImprove=2 updated=0
    [CG] CG iter 1: obj=143423044.387646, maxRC=59484391.509200, +23 cols
    [CG] 列生成收敛，共 5 轮迭代
    [CG] [CG-NODE] depth=0 exit=CERTIFIED certified=1 feasible=1 iters=5 generatedColsBeforeNode=0 newCols=52 posCandidates=52 duplicateCandidates=0 updatedCols=0 zeroObjImproveIters=0 objFirst=143494914.342997 objLast=174035620.566479 objGain=30540706.223482 maxRC=59493649.736825 wallSec=0.006724 pricingSec=0.004300 cplexSolveSec=0.001241
    [CG] CG iter 1: obj=143886875.705045, maxRC=59387936.787057, +23 cols
    [CG]   [DIAG] iter=1 posCols=23 newCols=23 effImprove=23 updated=0
      [BB] 根节点即为整数解，obj=174035620.566479
    [CG]   [DIAG] iter=1 posCols=23 newCols=23 effImprove=23 updated=0
    [CG] CG iter 2: obj=161038657.057441, maxRC=10632068.904233, +17 cols
    [CG]   [DIAG] iter=2 posCols=17 newCols=17 effImprove=17 updated=0
    [CG] CG iter 1: obj=143450884.590836, maxRC=59485825.447661, +23 cols
    [CG]   [DIAG] iter=1 posCols=23 newCols=23 effImprove=23 updated=0
    [CG] CG iter 2: obj=160832276.552103, maxRC=10546009.692893, +17 cols
    [CG] CG iter 2: obj=160783448.659156, maxRC=10615046.547750, +16 cols
    [CG]   [DIAG] iter=2 posCols=16 newCols=16 effImprove=16 updated=0
    [CG]   [DIAG] iter=2 posCols=17 newCols=17 effImprove=17 updated=0
    [CG] CG iter 3: obj=167625022.183611, maxRC=6225917.057003, +11 cols
    [CG]   [DIAG] iter=3 posCols=11 newCols=11 effImprove=11 updated=0
    [CG] CG iter 3: obj=164757046.977346, maxRC=5117858.363099, +14 cols
    [CG]   [DIAG] iter=3 posCols=14 newCols=14 effImprove=14 updated=0
    [CG] CG iter 2: obj=160787661.293771, maxRC=10615118.237616, +17 cols
    [CG] CG iter 3: obj=167499493.994205, maxRC=6207501.400220, +12 cols
    [CG]   [DIAG] iter=2 posCols=17 newCols=17 effImprove=17 updated=0
    [CG]   [DIAG] iter=3 posCols=12 newCols=12 effImprove=12 updated=0
    [CG] CG iter 4: obj=174178642.886068, maxRC=2671650.288191, +5 cols
    [CG]   [DIAG] iter=4 posCols=5 newCols=5 effImprove=5 updated=0
    [CG] CG iter 4: obj=170217048.861784, maxRC=4132783.926251, +5 cols
    [CG]   [DIAG] iter=4 posCols=5 newCols=5 effImprove=5 updated=0
    [CG] CG iter 5: obj=174178642.886068, maxRC=612093.200644, +1 cols
    [CG]   [DIAG] iter=5 posCols=1 newCols=1 effImprove=1 updated=0
    [CG] CG iter 4: obj=174392705.450311, maxRC=1138581.049129, +2 cols
    [CG]   [DIAG] iter=4 posCols=2 newCols=2 effImprove=2 updated=0
    [CG] 列生成收敛，共 5 轮迭代
    [CG] [CG-NODE] depth=0 exit=CERTIFIED certified=1 feasible=1 iters=5 generatedColsBeforeNode=0 newCols=56 posCandidates=56 duplicateCandidates=0 updatedCols=0 zeroObjImproveIters=0 objFirst=143859407.242025 objLast=174432879.068073 objGain=30573471.826049 maxRC=59507594.656705 wallSec=0.017464 pricingSec=0.012204 cplexSolveSec=0.002815
    [CG] 列生成收敛，共 6 轮迭代
    [CG] [CG-NODE] depth=0 exit=CERTIFIED certified=1 feasible=1 iters=6 generatedColsBeforeNode=0 newCols=59 posCandidates=59 duplicateCandidates=0 updatedCols=0 zeroObjImproveIters=2 objFirst=143423044.387646 objLast=174178642.886068 objGain=30755598.498422 maxRC=59484391.509200 wallSec=0.012989 pricingSec=0.008721 cplexSolveSec=0.002320
      [BB] 根节点即为整数解，obj=174432879.068073
    [CG] CG iter 3: obj=167371287.781063, maxRC=6233791.686529, +11 cols
      [BB] 根节点即为整数解，obj=174178642.886068
    [CG]   [DIAG] iter=3 posCols=11 newCols=11 effImprove=11 updated=0
    [CG] 列生成收敛，共 5 轮迭代
    [CG] [CG-NODE] depth=0 exit=CERTIFIED certified=1 feasible=1 iters=5 generatedColsBeforeNode=0 newCols=54 posCandidates=54 duplicateCandidates=0 updatedCols=0 zeroObjImproveIters=1 objFirst=143886875.705045 objLast=174392705.450311 objGain=30505829.745265 maxRC=59387936.787057 wallSec=0.010366 pricingSec=0.006718 cplexSolveSec=0.002048
      [BB] 根节点即为整数解，obj=174392705.450311
    [CG] CG iter 4: obj=169963483.425500, maxRC=4137432.124647, +5 cols
    [CG]   [DIAG] iter=4 posCols=5 newCols=5 effImprove=5 updated=0
    [CG] 列生成收敛，共 5 轮迭代
    [CG] [CG-NODE] depth=0 exit=CERTIFIED certified=1 feasible=1 iters=5 generatedColsBeforeNode=0 newCols=56 posCandidates=56 duplicateCandidates=0 updatedCols=0 zeroObjImproveIters=0 objFirst=143450884.590836 objLast=174182695.211192 objGain=30731810.620356 maxRC=59485825.447661 wallSec=0.017093 pricingSec=0.012046 cplexSolveSec=0.002682
      [BB] 根节点即为整数解，obj=174182695.211192
    [CG] CG iter 1: obj=143148701.054665, maxRC=59165273.195382, +23 cols
    [CG]   [DIAG] iter=1 posCols=23 newCols=23 effImprove=23 updated=0
    [CG] CG iter 1: obj=144004094.634990, maxRC=59519752.128890, +23 cols
    [CG]   [DIAG] iter=1 posCols=23 newCols=23 effImprove=23 updated=0
    [CG] CG iter 2: obj=160112930.116565, maxRC=10409237.541874, +16 cols
    [CG] CG iter 2: obj=161022259.940918, maxRC=10639538.461427, +17 cols
    [CG]   [DIAG] iter=2 posCols=16 newCols=16 effImprove=16 updated=0
    [CG]   [DIAG] iter=2 posCols=17 newCols=17 effImprove=17 updated=0
    [CG] CG iter 3: obj=167603545.342345, maxRC=6225531.759996, +11 cols
    [CG]   [DIAG] iter=3 posCols=11 newCols=11 effImprove=11 updated=0
    [CG] CG iter 3: obj=164116613.549408, maxRC=5031266.211312, +14 cols
    [CG]   [DIAG] iter=3 posCols=14 newCols=14 effImprove=14 updated=0
    [CG] CG iter 4: obj=170197464.820085, maxRC=4129876.956326, +5 cols
    [CG]   [DIAG] iter=4 posCols=5 newCols=5 effImprove=5 updated=0
    [CG] 列生成收敛，共 5 轮迭代
    [CG] [CG-NODE] depth=0 exit=CERTIFIED certified=1 feasible=1 iters=5 generatedColsBeforeNode=0 newCols=56 posCandidates=56 duplicateCandidates=0 updatedCols=0 zeroObjImproveIters=0 objFirst=144004094.634990 objLast=174411252.924890 objGain=30407158.289900 maxRC=59519752.128890 wallSec=0.014005 pricingSec=0.009706 cplexSolveSec=0.002393
    [CG] CG iter 4: obj=173501652.160961, maxRC=2635551.641113, +5 cols
    [CG]   [DIAG] iter=4 posCols=5 newCols=5 effImprove=5 updated=0
      [BB] 根节点即为整数解，obj=174411252.924890
    [CG] CG iter 5: obj=173501652.160961, maxRC=610200.903072, +1 cols
    [CG]   [DIAG] iter=5 posCols=1 newCols=1 effImprove=1 updated=0
    [CG] 列生成收敛，共 6 轮迭代
    [CG] [CG-NODE] depth=0 exit=CERTIFIED certified=1 feasible=1 iters=6 generatedColsBeforeNode=0 newCols=59 posCandidates=59 duplicateCandidates=0 updatedCols=0 zeroObjImproveIters=2 objFirst=143148701.054665 objLast=173501652.160961 objGain=30352951.106297 maxRC=59165273.195382 wallSec=0.019892 pricingSec=0.013307 cplexSolveSec=0.003683
      [BB] 根节点即为整数解，obj=173501652.160961
[GA] 代数 4: Best=174587336.27, Avg=174243671.63, Worst=173530537.85, Valid=30/30, 耗时=0.07s (连续4代未提升)
  ├─ 求解: 30 个体 fork 并行 | CG迭代=136 加列=1424 BB分支=0
  ├─ 并行墙钟=0.0650s | 串行等效(ΣBP)=0.4109s | 加速比=6.32x
  ├─ 管理开销=-0.3459s (fork=0.0041 wait=0.0604 merge=0.0004)
  └─ CG明细: gen_logs/run_gen4_ind{0..29}.log
    [CG] 列生成开始，初始列数=128
    [CG] 列生成开始，初始列数=128
    [CG] 列生成开始，初始列数=128
    [CG] 列生成开始，初始列数=128
    [CG] 列生成开始，初始列数=128
    [CG] 列生成开始，初始列数=128
    [CG] 列生成开始，初始列数=128
    [CG] 列生成开始，初始列数=128
    [CG] CG iter 1: obj=143538865.296352, maxRC=59482657.642458, +23 cols
    [CG]   [DIAG] iter=1 posCols=23 newCols=23 effImprove=23 updated=0
    [CG] CG iter 2: obj=160704519.898744, maxRC=9527998.687011, +17 cols
    [CG]   [DIAG] iter=2 posCols=17 newCols=17 effImprove=17 updated=0
    [CG] CG iter 3: obj=174101812.668496, maxRC=1947528.197980, +7 cols
    [CG]   [DIAG] iter=3 posCols=7 newCols=7 effImprove=7 updated=0
    [CG] CG iter 4: obj=174101812.668496, maxRC=545495.374842, +2 cols
    [CG]   [DIAG] iter=4 posCols=2 newCols=2 effImprove=2 updated=0
    [CG] CG iter 5: obj=174101812.668496, maxRC=525105.012746, +3 cols
    [CG]   [DIAG] iter=5 posCols=3 newCols=3 effImprove=3 updated=0
    [CG] CG iter 1: obj=143744190.112896, maxRC=59489276.591738, +23 cols
    [CG]   [DIAG] iter=1 posCols=23 newCols=23 effImprove=23 updated=0
    [CG] 列生成收敛，共 6 轮迭代
    [CG] [CG-NODE] depth=0 exit=CERTIFIED certified=1 feasible=1 iters=6 generatedColsBeforeNode=0 newCols=52 posCandidates=52 duplicateCandidates=0 updatedCols=0 zeroObjImproveIters=3 objFirst=143538865.296352 objLast=174101812.668496 objGain=30562947.372144 maxRC=59482657.642458 wallSec=0.007538 pricingSec=0.004855 cplexSolveSec=0.001472
      [BB] 根节点即为整数解，obj=174101812.668496
    [CG] CG iter 2: obj=160978255.395931, maxRC=10627338.387499, +17 cols
    [CG]   [DIAG] iter=2 posCols=17 newCols=17 effImprove=17 updated=0
    [CG] CG iter 3: obj=167562580.436923, maxRC=6226258.220180, +11 cols
    [CG]   [DIAG] iter=3 posCols=11 newCols=11 effImprove=11 updated=0
    [CG] CG iter 4: obj=170157226.374848, maxRC=4138307.833703, +5 cols
    [CG] CG iter 1: obj=143525300.517918, maxRC=59482657.642458, +23 cols
    [CG]   [DIAG] iter=4 posCols=5 newCols=5 effImprove=5 updated=0
    [CG] CG iter 1: obj=143754722.666906, maxRC=59492956.538529, +23 cols
    [CG]   [DIAG] iter=1 posCols=23 newCols=23 effImprove=23 updated=0
    [CG]   [DIAG] iter=1 posCols=23 newCols=23 effImprove=23 updated=0
    [CG] 列生成收敛，共 5 轮迭代
    [CG] [CG-NODE] depth=0 exit=CERTIFIED certified=1 feasible=1 iters=5 generatedColsBeforeNode=0 newCols=56 posCandidates=56 duplicateCandidates=0 updatedCols=0 zeroObjImproveIters=0 objFirst=143744190.112896 objLast=174372119.148200 objGain=30627929.035304 maxRC=59489276.591738 wallSec=0.009978 pricingSec=0.006649 cplexSolveSec=0.001713
    [CG] 列生成开始，初始列数=128
    [CG] CG iter 1: obj=143137903.886062, maxRC=59493649.736825, +23 cols
      [BB] 根节点即为整数解，obj=174372119.148200
    [CG]   [DIAG] iter=1 posCols=23 newCols=23 effImprove=23 updated=0
    [CG] CG iter 2: obj=160873817.461374, maxRC=10633798.809933, +17 cols
    [CG]   [DIAG] iter=2 posCols=17 newCols=17 effImprove=17 updated=0
    [CG] CG iter 1: obj=143824818.621850, maxRC=59493649.736825, +23 cols
    [CG] CG iter 2: obj=160883637.180479, maxRC=10636280.984717, +17 cols
    [CG]   [DIAG] iter=2 posCols=17 newCols=17 effImprove=17 updated=0
    [CG]   [DIAG] iter=1 posCols=23 newCols=23 effImprove=23 updated=0
    [CG] 列生成开始，初始列数=128
    [CG] CG iter 2: obj=160380341.875028, maxRC=10618535.571131, +17 cols
    [CG]   [DIAG] iter=2 posCols=17 newCols=17 effImprove=17 updated=0
    [CG] CG iter 3: obj=167386671.779730, maxRC=6253085.474462, +11 cols
    [CG]   [DIAG] iter=3 posCols=11 newCols=11 effImprove=11 updated=0
    [CG] CG iter 3: obj=167434606.053101, maxRC=6235821.595676, +11 cols
    [CG]   [DIAG] iter=3 posCols=11 newCols=11 effImprove=11 updated=0
    [CG] CG iter 4: obj=169925450.114800, maxRC=4077779.872496, +5 cols
    [CG]   [DIAG] iter=4 posCols=5 newCols=5 effImprove=5 updated=0
    [CG] CG iter 1: obj=143757403.507614, maxRC=59423821.522129, +23 cols
    [CG] CG iter 2: obj=160917392.752438, maxRC=10618535.571131, +17 cols
    [CG]   [DIAG] iter=2 posCols=17 newCols=17 effImprove=17 updated=0
    [CG]   [DIAG] iter=1 posCols=23 newCols=23 effImprove=23 updated=0
    [CG] CG iter 1: obj=143851485.312163, maxRC=59387803.309016, +23 cols
    [CG] CG iter 3: obj=166843918.455662, maxRC=5685712.135521, +10 cols
    [CG]   [DIAG] iter=3 posCols=10 newCols=10 effImprove=10 updated=0
    [CG] 列生成收敛，共 5 轮迭代
    [CG] [CG-NODE] depth=0 exit=CERTIFIED certified=1 feasible=1 iters=5 generatedColsBeforeNode=0 newCols=56 posCandidates=56 duplicateCandidates=0 updatedCols=0 zeroObjImproveIters=0 objFirst=143525300.517918 objLast=174139222.418775 objGain=30613921.900857 maxRC=59482657.642458 wallSec=0.014239 pricingSec=0.009561 cplexSolveSec=0.002507
    [CG] CG iter 4: obj=170012200.577995, maxRC=4112604.003722, +5 cols
    [CG]   [DIAG] iter=1 posCols=23 newCols=23 effImprove=23 updated=0
    [CG]   [DIAG] iter=4 posCols=5 newCols=5 effImprove=5 updated=0
      [BB] 根节点即为整数解，obj=174139222.418775
    [CG] 列生成收敛，共 5 轮迭代
    [CG] [CG-NODE] depth=0 exit=CERTIFIED certified=1 feasible=1 iters=5 generatedColsBeforeNode=0 newCols=56 posCandidates=56 duplicateCandidates=0 updatedCols=0 zeroObjImproveIters=0 objFirst=143754722.666906 objLast=174225744.148747 objGain=30471021.481841 maxRC=59492956.538529 wallSec=0.014545 pricingSec=0.009802 cplexSolveSec=0.002626
    [CG] CG iter 4: obj=173584990.018891, maxRC=1151899.782030, +2 cols
    [CG]   [DIAG] iter=4 posCols=2 newCols=2 effImprove=2 updated=0
      [BB] 根节点即为整数解，obj=174225744.148747
    [CG] CG iter 3: obj=167506777.505916, maxRC=6226905.369334, +11 cols
    [CG]   [DIAG] iter=3 posCols=11 newCols=11 effImprove=11 updated=0
    [CG] CG iter 2: obj=160879941.335917, maxRC=10582446.196517, +17 cols
    [CG]   [DIAG] iter=2 posCols=17 newCols=17 effImprove=17 updated=0
    [CG] CG iter 2: obj=160806785.757161, maxRC=10546009.692893, +17 cols
    [CG] 列生成收敛，共 5 轮迭代
    [CG] [CG-NODE] depth=0 exit=CERTIFIED certified=1 feasible=1 iters=5 generatedColsBeforeNode=0 newCols=52 posCandidates=52 duplicateCandidates=0 updatedCols=0 zeroObjImproveIters=0 objFirst=143137903.886062 objLast=173668278.488460 objGain=30530374.602398 maxRC=59493649.736825 wallSec=0.016423 pricingSec=0.010929 cplexSolveSec=0.003120
    [CG]   [DIAG] iter=2 posCols=17 newCols=17 effImprove=17 updated=0
      [BB] 根节点即为整数解，obj=173668278.488460
    [CG] CG iter 4: obj=170099196.904143, maxRC=4141763.955613, +5 cols
    [CG]   [DIAG] iter=4 posCols=5 newCols=5 effImprove=5 updated=0
    [CG] 列生成开始，初始列数=128
    [CG] CG iter 1: obj=143517371.974468, maxRC=59493649.736825, +23 cols
    [CG]   [DIAG] iter=1 posCols=23 newCols=23 effImprove=23 updated=0
    [CG] CG iter 3: obj=167458182.639744, maxRC=6237085.946877, +11 cols
    [CG]   [DIAG] iter=3 posCols=11 newCols=11 effImprove=11 updated=0
    [CG] 列生成收敛，共 5 轮迭代
    [CG] [CG-NODE] depth=0 exit=CERTIFIED certified=1 feasible=1 iters=5 generatedColsBeforeNode=0 newCols=56 posCandidates=56 duplicateCandidates=0 updatedCols=0 zeroObjImproveIters=0 objFirst=143824818.621850 objLast=174316290.477471 objGain=30491471.855621 maxRC=59493649.736825 wallSec=0.017717 pricingSec=0.012067 cplexSolveSec=0.003121
      [BB] 根节点即为整数解，obj=174316290.477471
    [CG] CG iter 2: obj=160749876.330580, maxRC=10618535.571131, +17 cols
    [CG] CG iter 4: obj=170033663.130350, maxRC=4151244.721154, +5 cols
    [CG]   [DIAG] iter=2 posCols=17 newCols=17 effImprove=17 updated=0
    [CG]   [DIAG] iter=4 posCols=5 newCols=5 effImprove=5 updated=0
    [CG] CG iter 3: obj=167463122.909217, maxRC=6204305.369802, +12 cols
    [CG]   [DIAG] iter=3 posCols=12 newCols=12 effImprove=12 updated=0
    [CG] 列生成收敛，共 5 轮迭代
    [CG] [CG-NODE] depth=0 exit=CERTIFIED certified=1 feasible=1 iters=5 generatedColsBeforeNode=0 newCols=56 posCandidates=56 duplicateCandidates=0 updatedCols=0 zeroObjImproveIters=0 objFirst=143757403.507614 objLast=174253398.794957 objGain=30495995.287343 maxRC=59423821.522129 wallSec=0.018076 pricingSec=0.012346 cplexSolveSec=0.003016
    [CG] CG iter 3: obj=167218419.727642, maxRC=5690678.951947, +10 cols
    [CG]   [DIAG] iter=3 posCols=10 newCols=10 effImprove=10 updated=0
    [CG] 列生成开始，初始列数=128
      [BB] 根节点即为整数解，obj=174253398.794957
    [CG] 列生成开始，初始列数=128
    [CG] CG iter 4: obj=173969119.861106, maxRC=1151899.782030, +2 cols
    [CG]   [DIAG] iter=4 posCols=2 newCols=2 effImprove=2 updated=0
    [CG] CG iter 4: obj=174344370.870642, maxRC=1142110.665525, +2 cols
    [CG]   [DIAG] iter=4 posCols=2 newCols=2 effImprove=2 updated=0
    [CG] 列生成收敛，共 5 轮迭代
    [CG] [CG-NODE] depth=0 exit=CERTIFIED certified=1 feasible=1 iters=5 generatedColsBeforeNode=0 newCols=52 posCandidates=52 duplicateCandidates=0 updatedCols=0 zeroObjImproveIters=0 objFirst=143517371.974468 objLast=174047746.576867 objGain=30530374.602398 maxRC=59493649.736825 wallSec=0.008039 pricingSec=0.005423 cplexSolveSec=0.001461
      [BB] 根节点即为整数解，obj=174047746.576867
    [CG] 列生成收敛，共 5 轮迭代
    [CG] [CG-NODE] depth=0 exit=CERTIFIED certified=1 feasible=1 iters=5 generatedColsBeforeNode=0 newCols=54 posCandidates=54 duplicateCandidates=0 updatedCols=0 zeroObjImproveIters=1 objFirst=143851485.312163 objLast=174344370.870642 objGain=30492885.558479 maxRC=59387803.309016 wallSec=0.019478 pricingSec=0.013120 cplexSolveSec=0.003437
    [CG] CG iter 1: obj=143413110.754793, maxRC=59484391.509200, +23 cols
      [BB] 根节点即为整数解，obj=174344370.870642
    [CG]   [DIAG] iter=1 posCols=23 newCols=23 effImprove=23 updated=0
    [CG] 列生成开始，初始列数=128
    [CG] 列生成开始，初始列数=128
    [CG] CG iter 2: obj=160783448.659156, maxRC=10615046.547750, +16 cols
    [CG] 列生成开始，初始列数=128
    [CG]   [DIAG] iter=2 posCols=16 newCols=16 effImprove=16 updated=0
    [CG] 列生成开始，初始列数=128
    [CG] CG iter 1: obj=143836643.189001, maxRC=59519752.128890, +23 cols
    [CG]   [DIAG] iter=1 posCols=23 newCols=23 effImprove=23 updated=0
    [CG] CG iter 3: obj=164745976.343861, maxRC=5117858.363099, +14 cols
    [CG]   [DIAG] iter=3 posCols=14 newCols=14 effImprove=14 updated=0
    [CG] CG iter 2: obj=160837155.918391, maxRC=10623485.371715, +17 cols
    [CG]   [DIAG] iter=2 posCols=17 newCols=17 effImprove=17 updated=0
    [CG] CG iter 4: obj=174168709.253214, maxRC=2671650.288191, +5 cols
    [CG]   [DIAG] iter=4 posCols=5 newCols=5 effImprove=5 updated=0
    [CG] CG iter 1: obj=143631877.845746, maxRC=59482093.947200, +23 cols
    [CG]   [DIAG] iter=1 posCols=23 newCols=23 effImprove=23 updated=0
    [CG] CG iter 5: obj=174168709.253214, maxRC=607431.446835, +1 cols
    [CG]   [DIAG] iter=5 posCols=1 newCols=1 effImprove=1 updated=0
    [CG] CG iter 3: obj=167355422.349987, maxRC=6186917.077247, +11 cols
    [CG]   [DIAG] iter=3 posCols=11 newCols=11 effImprove=11 updated=0
    [CG] CG iter 2: obj=160832612.148649, maxRC=10630420.694090, +17 cols
    [CG]   [DIAG] iter=2 posCols=17 newCols=17 effImprove=17 updated=0
    [CG] 列生成收敛，共 6 轮迭代
    [CG] [CG-NODE] depth=0 exit=CERTIFIED certified=1 feasible=1 iters=6 generatedColsBeforeNode=0 newCols=59 posCandidates=59 duplicateCandidates=0 updatedCols=0 zeroObjImproveIters=2 objFirst=143413110.754793 objLast=174168709.253214 objGain=30755598.498422 maxRC=59484391.509200 wallSec=0.017523 pricingSec=0.011805 cplexSolveSec=0.003302
    [CG] CG iter 4: obj=169921411.233089, maxRC=4071958.528606, +5 cols
    [CG]   [DIAG] iter=4 posCols=5 newCols=5 effImprove=5 updated=0
      [BB] 根节点即为整数解，obj=174168709.253214
    [CG] CG iter 3: obj=167408100.937855, maxRC=6226912.913053, +11 cols
    [CG]   [DIAG] iter=3 posCols=11 newCols=11 effImprove=11 updated=0
    [CG] 列生成收敛，共 5 轮迭代
    [CG] [CG-NODE] depth=0 exit=CERTIFIED certified=1 feasible=1 iters=5 generatedColsBeforeNode=0 newCols=56 posCandidates=56 duplicateCandidates=0 updatedCols=0 zeroObjImproveIters=0 objFirst=143836643.189001 objLast=174170168.391692 objGain=30333525.202691 maxRC=59519752.128890 wallSec=0.011121 pricingSec=0.007501 cplexSolveSec=0.002029
      [BB] 根节点即为整数解，obj=174170168.391692
    [CG] CG iter 4: obj=170007380.026277, maxRC=4136244.555194, +5 cols
    [CG]   [DIAG] iter=4 posCols=5 newCols=5 effImprove=5 updated=0
    [CG] 列生成收敛，共 5 轮迭代
    [CG] [CG-NODE] depth=0 exit=CERTIFIED certified=1 feasible=1 iters=5 generatedColsBeforeNode=0 newCols=56 posCandidates=56 duplicateCandidates=0 updatedCols=0 zeroObjImproveIters=0 objFirst=143631877.845746 objLast=174222164.764103 objGain=30590286.918357 maxRC=59482093.947200 wallSec=0.010101 pricingSec=0.006776 cplexSolveSec=0.001773
      [BB] 根节点即为整数解，obj=174222164.764103
    [CG] 列生成开始，初始列数=128
    [CG] CG iter 1: obj=143881355.282276, maxRC=59471334.021181, +23 cols
    [CG] CG iter 1: obj=143461170.036563, maxRC=59425765.396711, +23 cols
    [CG]   [DIAG] iter=1 posCols=23 newCols=23 effImprove=23 updated=0
    [CG]   [DIAG] iter=1 posCols=23 newCols=23 effImprove=23 updated=0
    [CG] 列生成开始，初始列数=128
    [CG] CG iter 1: obj=143707034.750171, maxRC=59482377.247663, +23 cols
    [CG]   [DIAG] iter=1 posCols=23 newCols=23 effImprove=23 updated=0
    [CG] CG iter 2: obj=160602338.372380, maxRC=10737246.468650, +17 cols
    [CG]   [DIAG] iter=2 posCols=17 newCols=17 effImprove=17 updated=0
    [CG] CG iter 2: obj=160845644.647305, maxRC=10597289.767378, +17 cols
    [CG]   [DIAG] iter=2 posCols=17 newCols=17 effImprove=17 updated=0
    [CG] 列生成开始，初始列数=128
    [CG] CG iter 2: obj=160830034.798434, maxRC=10633798.809933, +17 cols
    [CG] CG iter 1: obj=143629248.648578, maxRC=59514891.418327, +23 cols
    [CG]   [DIAG] iter=2 posCols=17 newCols=17 effImprove=17 updated=0
    [CG]   [DIAG] iter=1 posCols=23 newCols=23 effImprove=23 updated=0
    [CG] CG iter 3: obj=167106919.579755, maxRC=6217761.388394, +11 cols
    [CG]   [DIAG] iter=3 posCols=11 newCols=11 effImprove=11 updated=0
    [CG] CG iter 3: obj=167458013.049619, maxRC=6203357.026345, +12 cols
    [CG]   [DIAG] iter=3 posCols=12 newCols=12 effImprove=12 updated=0
    [CG] CG iter 3: obj=167498630.750022, maxRC=6204804.722441, +12 cols
    [CG] CG iter 1: obj=144014768.835956, maxRC=59387899.179123, +23 cols
    [CG]   [DIAG] iter=3 posCols=12 newCols=12 effImprove=12 updated=0
    [CG] CG iter 4: obj=169706867.715721, maxRC=4101400.746171, +5 cols
    [CG] CG iter 4: obj=170111883.990461, maxRC=4185338.128341, +5 cols
    [CG]   [DIAG] iter=4 posCols=5 newCols=5 effImprove=5 updated=0
    [CG]   [DIAG] iter=4 posCols=5 newCols=5 effImprove=5 updated=0
    [CG]   [DIAG] iter=1 posCols=23 newCols=23 effImprove=23 updated=0
    [CG] 列生成收敛，共 5 轮迭代
    [CG] [CG-NODE] depth=0 exit=CERTIFIED certified=1 feasible=1 iters=5 generatedColsBeforeNode=0 newCols=57 posCandidates=57 duplicateCandidates=0 updatedCols=0 zeroObjImproveIters=0 objFirst=143707034.750171 objLast=174325636.847580 objGain=30618602.097409 maxRC=59482377.247663 wallSec=0.012677 pricingSec=0.008521 cplexSolveSec=0.001999
      [BB] 根节点即为整数解，obj=174325636.847580
    [CG] 列生成收敛，共 5 轮迭代
    [CG] [CG-NODE] depth=0 exit=CERTIFIED certified=1 feasible=1 iters=5 generatedColsBeforeNode=0 newCols=56 posCandidates=56 duplicateCandidates=0 updatedCols=0 zeroObjImproveIters=0 objFirst=143461170.036563 objLast=173879138.458113 objGain=30417968.421550 maxRC=59425765.396711 wallSec=0.012185 pricingSec=0.008115 cplexSolveSec=0.002144
    [CG] CG iter 2: obj=160809308.850887, maxRC=10634007.966447, +17 cols
    [CG] CG iter 4: obj=170146568.394139, maxRC=4205503.828302, +5 cols
    [CG]   [DIAG] iter=2 posCols=17 newCols=17 effImprove=17 updated=0
    [CG]   [DIAG] iter=4 posCols=5 newCols=5 effImprove=5 updated=0
      [BB] 根节点即为整数解，obj=173879138.458113
    [CG] 列生成收敛，共 5 轮迭代
    [CG] CG iter 2: obj=160801374.229976, maxRC=10538182.704609, +16 cols
    [CG] [CG-NODE] depth=0 exit=CERTIFIED certified=1 feasible=1 iters=5 generatedColsBeforeNode=0 newCols=57 posCandidates=57 duplicateCandidates=0 updatedCols=0 zeroObjImproveIters=0 objFirst=143881355.282276 objLast=174367503.483350 objGain=30486148.201075 maxRC=59471334.021181 wallSec=0.016864 pricingSec=0.011555 cplexSolveSec=0.002835
    [CG]   [DIAG] iter=2 posCols=16 newCols=16 effImprove=16 updated=0
      [BB] 根节点即为整数解，obj=174367503.483350
    [CG] CG iter 3: obj=167344955.564573, maxRC=6242046.108975, +11 cols
    [CG] CG iter 3: obj=164920167.718662, maxRC=5117332.555760, +15 cols
    [CG]   [DIAG] iter=3 posCols=11 newCols=11 effImprove=11 updated=0
    [CG]   [DIAG] iter=3 posCols=15 newCols=15 effImprove=15 updated=0
    [CG] 列生成开始，初始列数=128
    [CG] CG iter 4: obj=174348184.452868, maxRC=2671427.590685, +6 cols
    [CG]   [DIAG] iter=4 posCols=6 newCols=6 effImprove=6 updated=0
    [CG] CG iter 1: obj=143724096.745131, maxRC=59513456.891180, +23 cols
    [CG] CG iter 5: obj=174368399.557048, maxRC=699531.954416, +1 cols
    [CG]   [DIAG] iter=5 posCols=1 newCols=1 effImprove=1 updated=0
    [CG]   [DIAG] iter=1 posCols=23 newCols=23 effImprove=23 updated=0
    [CG] CG iter 4: obj=169925357.168824, maxRC=4101210.188055, +5 cols
    [CG]   [DIAG] iter=4 posCols=5 newCols=5 effImprove=5 updated=0
    [CG] 列生成收敛，共 6 轮迭代
    [CG] [CG-NODE] depth=0 exit=CERTIFIED certified=1 feasible=1 iters=6 generatedColsBeforeNode=0 newCols=61 posCandidates=61 duplicateCandidates=0 updatedCols=0 zeroObjImproveIters=1 objFirst=144014768.835956 objLast=174368399.557048 objGain=30353630.721092 maxRC=59387899.179123 wallSec=0.016893 pricingSec=0.011492 cplexSolveSec=0.002747
      [BB] 根节点即为整数解，obj=174368399.557048
    [CG] 列生成开始，初始列数=128
    [CG] 列生成收敛，共 5 轮迭代
    [CG] [CG-NODE] depth=0 exit=CERTIFIED certified=1 feasible=1 iters=5 generatedColsBeforeNode=0 newCols=56 posCandidates=56 duplicateCandidates=0 updatedCols=0 zeroObjImproveIters=0 objFirst=143629248.648578 objLast=174145060.999474 objGain=30515812.350897 maxRC=59514891.418327 wallSec=0.014586 pricingSec=0.009999 cplexSolveSec=0.002646
    [CG] CG iter 2: obj=160725364.979933, maxRC=10623477.764518, +17 cols
    [CG]   [DIAG] iter=2 posCols=17 newCols=17 effImprove=17 updated=0
      [BB] 根节点即为整数解，obj=174145060.999474
    [CG] 列生成开始，初始列数=128
    [CG] CG iter 3: obj=167354776.685846, maxRC=6217617.071107, +12 cols
    [CG]   [DIAG] iter=3 posCols=12 newCols=12 effImprove=12 updated=0
    [CG] CG iter 4: obj=170011796.107966, maxRC=4184276.542892, +5 cols
    [CG]   [DIAG] iter=4 posCols=5 newCols=5 effImprove=5 updated=0
    [CG] 列生成开始，初始列数=128
    [CG] 列生成收敛，共 5 轮迭代
    [CG] [CG-NODE] depth=0 exit=CERTIFIED certified=1 feasible=1 iters=5 generatedColsBeforeNode=0 newCols=57 posCandidates=57 duplicateCandidates=0 updatedCols=0 zeroObjImproveIters=0 objFirst=143724096.745131 objLast=174230312.250658 objGain=30506215.505527 maxRC=59513456.891180 wallSec=0.010787 pricingSec=0.007253 cplexSolveSec=0.001890
      [BB] 根节点即为整数解，obj=174230312.250658
    [CG] 列生成开始，初始列数=128
    [CG] CG iter 1: obj=144070643.112980, maxRC=59399024.678058, +23 cols
    [CG]   [DIAG] iter=1 posCols=23 newCols=23 effImprove=23 updated=0
    [CG] CG iter 2: obj=160832275.370981, maxRC=10546015.085658, +16 cols
    [CG]   [DIAG] iter=2 posCols=16 newCols=16 effImprove=16 updated=0
    [CG] CG iter 3: obj=164947512.932330, maxRC=5118128.238817, +14 cols
    [CG] CG iter 1: obj=143744982.363501, maxRC=59493649.736825, +23 cols
    [CG]   [DIAG] iter=3 posCols=14 newCols=14 effImprove=14 updated=0
    [CG]   [DIAG] iter=1 posCols=23 newCols=23 effImprove=23 updated=0
    [CG] CG iter 1: obj=143265804.787302, maxRC=59170957.362738, +23 cols
    [CG]   [DIAG] iter=1 posCols=23 newCols=23 effImprove=23 updated=0
    [CG] CG iter 4: obj=174376461.387592, maxRC=2671769.720189, +6 cols
    [CG]   [DIAG] iter=4 posCols=6 newCols=6 effImprove=6 updated=0
    [CG] CG iter 1: obj=143865179.910461, maxRC=59507379.401881, +23 cols
    [CG] CG iter 2: obj=160126710.705744, maxRC=10404781.081290, +16 cols
    [CG]   [DIAG] iter=2 posCols=16 newCols=16 effImprove=16 updated=0
    [CG]   [DIAG] iter=1 posCols=23 newCols=23 effImprove=23 updated=0
    [CG] CG iter 5: obj=174392701.613214, maxRC=703297.931426, +1 cols
    [CG]   [DIAG] iter=5 posCols=1 newCols=1 effImprove=1 updated=0
    [CG] CG iter 3: obj=164173270.498599, maxRC=5030121.608844, +14 cols
    [CG]   [DIAG] iter=3 posCols=14 newCols=14 effImprove=14 updated=0
    [CG] CG iter 4: obj=173555075.262954, maxRC=2635075.090477, +5 cols
    [CG]   [DIAG] iter=4 posCols=5 newCols=5 effImprove=5 updated=0
    [CG] CG iter 2: obj=160862353.349386, maxRC=10636105.927211, +17 cols
    [CG] 列生成收敛，共 6 轮迭代
    [CG] [CG-NODE] depth=0 exit=CERTIFIED certified=1 feasible=1 iters=6 generatedColsBeforeNode=0 newCols=60 posCandidates=60 duplicateCandidates=0 updatedCols=0 zeroObjImproveIters=1 objFirst=144070643.112980 objLast=174392701.613214 objGain=30322058.500234 maxRC=59399024.678058 wallSec=0.016119 pricingSec=0.010808 cplexSolveSec=0.002943
    [CG]   [DIAG] iter=2 posCols=17 newCols=17 effImprove=17 updated=0
    [CG] CG iter 5: obj=173555075.262954, maxRC=625128.578590, +1 cols
    [CG]   [DIAG] iter=5 posCols=1 newCols=1 effImprove=1 updated=0
    [CG] CG iter 1: obj=144067724.565737, maxRC=59387916.604561, +23 cols
      [BB] 根节点即为整数解，obj=174392701.613214
    [CG]   [DIAG] iter=1 posCols=23 newCols=23 effImprove=23 updated=0
    [CG] CG iter 2: obj=161038013.006571, maxRC=10631836.734902, +17 cols
    [CG] 列生成收敛，共 6 轮迭代
    [CG] [CG-NODE] depth=0 exit=CERTIFIED certified=1 feasible=1 iters=6 generatedColsBeforeNode=0 newCols=59 posCandidates=59 duplicateCandidates=0 updatedCols=0 zeroObjImproveIters=2 objFirst=143265804.787302 objLast=173555075.262954 objGain=30289270.475652 maxRC=59170957.362738 wallSec=0.006512 pricingSec=0.004218 cplexSolveSec=0.001285
    [CG]   [DIAG] iter=2 posCols=17 newCols=17 effImprove=17 updated=0
      [BB] 根节点即为整数解，obj=173555075.262954
    [CG] CG iter 2: obj=160802636.703456, maxRC=10538179.243194, +16 cols
    [CG]   [DIAG] iter=2 posCols=16 newCols=16 effImprove=16 updated=0
    [CG] CG iter 3: obj=167413401.823484, maxRC=6235845.739673, +11 cols
    [CG] CG iter 3: obj=167627470.407728, maxRC=6224598.176659, +11 cols
    [CG]   [DIAG] iter=3 posCols=11 newCols=11 effImprove=11 updated=0
    [CG]   [DIAG] iter=3 posCols=11 newCols=11 effImprove=11 updated=0
    [CG] CG iter 3: obj=164921327.700022, maxRC=5117332.555760, +15 cols
    [CG]   [DIAG] iter=3 posCols=15 newCols=15 effImprove=15 updated=0
    [CG] CG iter 4: obj=170222627.879665, maxRC=4135777.460718, +5 cols
    [CG]   [DIAG] iter=4 posCols=5 newCols=5 effImprove=5 updated=0
    [CG] CG iter 4: obj=169990967.002964, maxRC=4112657.493133, +5 cols
    [CG] CG iter 4: obj=174349459.444114, maxRC=2671427.590685, +6 cols
    [CG]   [DIAG] iter=4 posCols=6 newCols=6 effImprove=6 updated=0
    [CG]   [DIAG] iter=4 posCols=5 newCols=5 effImprove=5 updated=0
    [CG] CG iter 1: obj=144006878.889279, maxRC=59519752.128890, +23 cols
    [CG]   [DIAG] iter=1 posCols=23 newCols=23 effImprove=23 updated=0
    [CG] 列生成收敛，共 5 轮迭代
    [CG] CG iter 5: obj=174369674.548295, maxRC=699751.515489, +1 cols
    [CG]   [DIAG] iter=5 posCols=1 newCols=1 effImprove=1 updated=0
    [CG] [CG-NODE] depth=0 exit=CERTIFIED certified=1 feasible=1 iters=5 generatedColsBeforeNode=0 newCols=56 posCandidates=56 duplicateCandidates=0 updatedCols=0 zeroObjImproveIters=0 objFirst=143865179.910461 objLast=174438444.468145 objGain=30573264.557684 maxRC=59507379.401881 wallSec=0.013962 pricingSec=0.009660 cplexSolveSec=0.002438
      [BB] 根节点即为整数解，obj=174438444.468145
    [CG] 列生成收敛，共 5 轮迭代
    [CG] [CG-NODE] depth=0 exit=CERTIFIED certified=1 feasible=1 iters=5 generatedColsBeforeNode=0 newCols=56 posCandidates=56 duplicateCandidates=0 updatedCols=0 zeroObjImproveIters=0 objFirst=143744982.363501 objLast=174204564.063127 objGain=30459581.699627 maxRC=59493649.736825 wallSec=0.018918 pricingSec=0.013011 cplexSolveSec=0.003276
    [CG] 列生成收敛，共 6 轮迭代
    [CG] [CG-NODE] depth=0 exit=CERTIFIED certified=1 feasible=1 iters=6 generatedColsBeforeNode=0 newCols=61 posCandidates=61 duplicateCandidates=0 updatedCols=0 zeroObjImproveIters=1 objFirst=144067724.565737 objLast=174369674.548295 objGain=30301949.982557 maxRC=59387916.604561 wallSec=0.010932 pricingSec=0.007083 cplexSolveSec=0.002144
    [CG] CG iter 1: obj=143935820.179166, maxRC=59492956.538529, +23 cols
      [BB] 根节点即为整数解，obj=174369674.548295
      [BB] 根节点即为整数解，obj=174204564.063127
    [CG]   [DIAG] iter=1 posCols=23 newCols=23 effImprove=23 updated=0
    [CG] CG iter 2: obj=161029700.542944, maxRC=10646145.400754, +17 cols
    [CG]   [DIAG] iter=2 posCols=17 newCols=17 effImprove=17 updated=0
    [CG] CG iter 2: obj=160904014.441222, maxRC=10610071.243744, +17 cols
    [CG]   [DIAG] iter=2 posCols=17 newCols=17 effImprove=17 updated=0
    [CG] CG iter 3: obj=167588956.459512, maxRC=6232992.447046, +11 cols
    [CG]   [DIAG] iter=3 posCols=11 newCols=11 effImprove=11 updated=0
    [CG] CG iter 3: obj=167543471.503741, maxRC=6206641.510002, +12 cols
    [CG]   [DIAG] iter=3 posCols=12 newCols=12 effImprove=12 updated=0
    [CG] CG iter 4: obj=170162636.465659, maxRC=4109075.477459, +5 cols
    [CG]   [DIAG] iter=4 posCols=5 newCols=5 effImprove=5 updated=0
    [CG] 列生成收敛，共 5 轮迭代
    [CG] [CG-NODE] depth=0 exit=CERTIFIED certified=1 feasible=1 iters=5 generatedColsBeforeNode=0 newCols=56 posCandidates=56 duplicateCandidates=0 updatedCols=0 zeroObjImproveIters=0 objFirst=144006878.889279 objLast=174374179.537630 objGain=30367300.648351 maxRC=59519752.128890 wallSec=0.016868 pricingSec=0.011942 cplexSolveSec=0.002615
    [CG] CG iter 4: obj=170193238.067258, maxRC=4191662.118016, +5 cols
    [CG]   [DIAG] iter=4 posCols=5 newCols=5 effImprove=5 updated=0
      [BB] 根节点即为整数解，obj=174374179.537630
    [CG] 列生成收敛，共 5 轮迭代
    [CG] [CG-NODE] depth=0 exit=CERTIFIED certified=1 feasible=1 iters=5 generatedColsBeforeNode=0 newCols=57 posCandidates=57 duplicateCandidates=0 updatedCols=0 zeroObjImproveIters=0 objFirst=143935820.179166 objLast=174414727.892187 objGain=30478907.713022 maxRC=59492956.538529 wallSec=0.016734 pricingSec=0.011554 cplexSolveSec=0.002628
      [BB] 根节点即为整数解，obj=174414727.892187
[GA] 代数 5: Best=174587336.27, Avg=174255899.97, Worst=173583960.95, Valid=30/30, 耗时=0.05s (连续5代未提升)
  ├─ 求解: 30 个体 fork 并行 | CG迭代=131 加列=1410 BB分支=0
  ├─ 并行墙钟=0.0547s | 串行等效(ΣBP)=0.3551s | 加速比=6.49x
  ├─ 管理开销=-0.3004s (fork=0.0039 wait=0.0504 merge=0.0004)
  └─ CG明细: gen_logs/run_gen5_ind{0..29}.log
    [CG] 列生成开始，初始列数=128
    [CG] 列生成开始，初始列数=128
    [CG] 列生成开始，初始列数=128
    [CG] 列生成开始，初始列数=128
    [CG] 列生成开始，初始列数=128
    [CG] 列生成开始，初始列数=128
    [CG] 列生成开始，初始列数=128
    [CG] 列生成开始，初始列数=128
    [CG] CG iter 1: obj=143674778.268714, maxRC=59482377.247663, +23 cols
    [CG]   [DIAG] iter=1 posCols=23 newCols=23 effImprove=23 updated=0
    [CG] CG iter 1: obj=143861551.499178, maxRC=59492956.538529, +23 cols
    [CG]   [DIAG] iter=1 posCols=23 newCols=23 effImprove=23 updated=0
    [CG] CG iter 2: obj=160830034.798434, maxRC=10633798.809933, +17 cols
    [CG]   [DIAG] iter=2 posCols=17 newCols=17 effImprove=17 updated=0
    [CG] CG iter 2: obj=160874746.398494, maxRC=10648703.290307, +17 cols
    [CG]   [DIAG] iter=2 posCols=17 newCols=17 effImprove=17 updated=0
    [CG] CG iter 3: obj=167458029.773246, maxRC=6203351.370710, +12 cols
    [CG]   [DIAG] iter=3 posCols=12 newCols=12 effImprove=12 updated=0
    [CG] CG iter 4: obj=170111917.437715, maxRC=4185351.692361, +5 cols
    [CG]   [DIAG] iter=4 posCols=5 newCols=5 effImprove=5 updated=0
    [CG] CG iter 3: obj=167496682.469517, maxRC=6201400.940203, +12 cols
    [CG]   [DIAG] iter=3 posCols=12 newCols=12 effImprove=12 updated=0
    [CG] 列生成收敛，共 5 轮迭代
    [CG] [CG-NODE] depth=0 exit=CERTIFIED certified=1 feasible=1 iters=5 generatedColsBeforeNode=0 newCols=57 posCandidates=57 duplicateCandidates=0 updatedCols=0 zeroObjImproveIters=0 objFirst=143674778.268714 objLast=174325670.294835 objGain=30650892.026121 maxRC=59482377.247663 wallSec=0.007383 pricingSec=0.004846 cplexSolveSec=0.001373
      [BB] 根节点即为整数解，obj=174325670.294835
    [CG] CG iter 1: obj=143989668.596572, maxRC=59387724.856195, +23 cols
    [CG] CG iter 1: obj=143626002.989411, maxRC=59482093.947200, +23 cols
    [CG] CG iter 4: obj=170152848.716382, maxRC=4180071.618140, +5 cols
    [CG]   [DIAG] iter=1 posCols=23 newCols=23 effImprove=23 updated=0
    [CG]   [DIAG] iter=4 posCols=5 newCols=5 effImprove=5 updated=0
    [CG]   [DIAG] iter=1 posCols=23 newCols=23 effImprove=23 updated=0
    [CG] 列生成收敛，共 5 轮迭代
    [CG] [CG-NODE] depth=0 exit=CERTIFIED certified=1 feasible=1 iters=5 generatedColsBeforeNode=0 newCols=57 posCandidates=57 duplicateCandidates=0 updatedCols=0 zeroObjImproveIters=0 objFirst=143861551.499178 objLast=174362515.082844 objGain=30500963.583665 maxRC=59492956.538529 wallSec=0.008644 pricingSec=0.005767 cplexSolveSec=0.001595
      [BB] 根节点即为整数解，obj=174362515.082844
    [CG] CG iter 2: obj=160785170.256493, maxRC=10558924.891208, +16 cols
    [CG]   [DIAG] iter=2 posCols=16 newCols=16 effImprove=16 updated=0
    [CG] CG iter 2: obj=160827818.503260, maxRC=10630420.694090, +17 cols
    [CG]   [DIAG] iter=2 posCols=17 newCols=17 effImprove=17 updated=0
    [CG] CG iter 1: obj=144024587.519825, maxRC=59519752.128890, +23 cols
    [CG] CG iter 1: obj=143834268.304971, maxRC=59404734.330601, +23 cols
    [CG]   [DIAG] iter=1 posCols=23 newCols=23 effImprove=23 updated=0
    [CG] CG iter 3: obj=164897604.220770, maxRC=5117332.555760, +14 cols
    [CG]   [DIAG] iter=3 posCols=14 newCols=14 effImprove=14 updated=0
    [CG]   [DIAG] iter=1 posCols=23 newCols=23 effImprove=23 updated=0
    [CG] CG iter 4: obj=174319617.038643, maxRC=2671427.590685, +6 cols
    [CG] 列生成开始，初始列数=128
    [CG]   [DIAG] iter=4 posCols=6 newCols=6 effImprove=6 updated=0
    [CG] CG iter 3: obj=167401439.539636, maxRC=6226126.371168, +11 cols
    [CG] 列生成开始，初始列数=128
    [CG]   [DIAG] iter=3 posCols=11 newCols=11 effImprove=11 updated=0
    [CG] CG iter 5: obj=174339835.018814, maxRC=706795.772421, +1 cols
    [CG]   [DIAG] iter=5 posCols=1 newCols=1 effImprove=1 updated=0
    [CG] CG iter 2: obj=161025916.677385, maxRC=10623485.371715, +17 cols
    [CG] 列生成收敛，共 6 轮迭代
    [CG] [CG-NODE] depth=0 exit=CERTIFIED certified=1 feasible=1 iters=6 generatedColsBeforeNode=0 newCols=60 posCandidates=60 duplicateCandidates=0 updatedCols=0 zeroObjImproveIters=1 objFirst=143989668.596572 objLast=174339835.018814 objGain=30350166.422243 maxRC=59387724.856195 wallSec=0.010885 pricingSec=0.006845 cplexSolveSec=0.002193
    [CG]   [DIAG] iter=2 posCols=17 newCols=17 effImprove=17 updated=0
    [CG] CG iter 2: obj=160632197.370667, maxRC=10548982.041645, +16 cols
    [CG]   [DIAG] iter=2 posCols=16 newCols=16 effImprove=16 updated=0
      [BB] 根节点即为整数解，obj=174339835.018814
    [CG] CG iter 4: obj=169999932.086174, maxRC=4134593.694461, +5 cols
    [CG]   [DIAG] iter=4 posCols=5 newCols=5 effImprove=5 updated=0
    [CG] CG iter 1: obj=143746950.342583, maxRC=59492956.538529, +23 cols
    [CG]   [DIAG] iter=1 posCols=23 newCols=23 effImprove=23 updated=0
    [CG] 列生成收敛，共 5 轮迭代
    [CG] [CG-NODE] depth=0 exit=CERTIFIED certified=1 feasible=1 iters=5 generatedColsBeforeNode=0 newCols=56 posCandidates=56 duplicateCandidates=0 updatedCols=0 zeroObjImproveIters=0 objFirst=143626002.989411 objLast=174215391.178877 objGain=30589388.189466 maxRC=59482093.947200 wallSec=0.012545 pricingSec=0.008632 cplexSolveSec=0.002183
      [BB] 根节点即为整数解，obj=174215391.178877
    [CG] CG iter 1: obj=143572773.844223, maxRC=59482377.247663, +23 cols
    [CG] CG iter 3: obj=167624644.418565, maxRC=6223798.729199, +11 cols
    [CG]   [DIAG] iter=1 posCols=23 newCols=23 effImprove=23 updated=0
    [CG]   [DIAG] iter=3 posCols=11 newCols=11 effImprove=11 updated=0
    [CG] CG iter 3: obj=164746770.604592, maxRC=5026408.542005, +14 cols
    [CG]   [DIAG] iter=3 posCols=14 newCols=14 effImprove=14 updated=0
    [CG] CG iter 4: obj=170227514.953618, maxRC=4144854.746184, +5 cols
    [CG]   [DIAG] iter=4 posCols=5 newCols=5 effImprove=5 updated=0
    [CG] CG iter 4: obj=174083353.947602, maxRC=2633529.200027, +5 cols
    [CG]   [DIAG] iter=4 posCols=5 newCols=5 effImprove=5 updated=0
    [CG] CG iter 2: obj=160904006.879579, maxRC=10610077.568528, +17 cols
    [CG]   [DIAG] iter=2 posCols=17 newCols=17 effImprove=17 updated=0
    [CG] CG iter 2: obj=160825900.521696, maxRC=10633798.809933, +17 cols
    [CG] 列生成收敛，共 5 轮迭代
    [CG] [CG-NODE] depth=0 exit=CERTIFIED certified=1 feasible=1 iters=5 generatedColsBeforeNode=0 newCols=56 posCandidates=56 duplicateCandidates=0 updatedCols=0 zeroObjImproveIters=0 objFirst=144024587.519825 objLast=174446140.097602 objGain=30421552.577777 maxRC=59519752.128890 wallSec=0.014146 pricingSec=0.009867 cplexSolveSec=0.002401
    [CG] CG iter 5: obj=174083353.947602, maxRC=571363.758502, +1 cols
    [CG]   [DIAG] iter=2 posCols=17 newCols=17 effImprove=17 updated=0
    [CG]   [DIAG] iter=5 posCols=1 newCols=1 effImprove=1 updated=0
      [BB] 根节点即为整数解，obj=174446140.097602
    [CG] 列生成开始，初始列数=128
    [CG] 列生成收敛，共 6 轮迭代
    [CG] [CG-NODE] depth=0 exit=CERTIFIED certified=1 feasible=1 iters=6 generatedColsBeforeNode=0 newCols=59 posCandidates=59 duplicateCandidates=0 updatedCols=0 zeroObjImproveIters=2 objFirst=143834268.304971 objLast=174083353.947602 objGain=30249085.642631 maxRC=59404734.330601 wallSec=0.014556 pricingSec=0.009964 cplexSolveSec=0.002649
      [BB] 根节点即为整数解，obj=174083353.947602
    [CG] CG iter 3: obj=167466960.246224, maxRC=6239438.658285, +11 cols
    [CG]   [DIAG] iter=3 posCols=11 newCols=11 effImprove=11 updated=0
    [CG] CG iter 1: obj=143774213.220051, maxRC=59493649.736825, +23 cols
    [CG]   [DIAG] iter=1 posCols=23 newCols=23 effImprove=23 updated=0
    [CG] CG iter 3: obj=167371949.086239, maxRC=6238426.451128, +11 cols
    [CG]   [DIAG] iter=3 posCols=11 newCols=11 effImprove=11 updated=0
    [CG] 列生成开始，初始列数=128
    [CG] CG iter 4: obj=170040227.081518, maxRC=4120548.755932, +5 cols
    [CG] CG iter 2: obj=160882597.152666, maxRC=10610071.243744, +17 cols
    [CG]   [DIAG] iter=4 posCols=5 newCols=5 effImprove=5 updated=0
    [CG]   [DIAG] iter=2 posCols=17 newCols=17 effImprove=17 updated=0
    [CG] CG iter 4: obj=169944016.601231, maxRC=4109021.355353, +5 cols
    [CG]   [DIAG] iter=4 posCols=5 newCols=5 effImprove=5 updated=0
    [CG] 列生成开始，初始列数=128
    [CG] 列生成收敛，共 5 轮迭代
    [CG] [CG-NODE] depth=0 exit=CERTIFIED certified=1 feasible=1 iters=5 generatedColsBeforeNode=0 newCols=56 posCandidates=56 duplicateCandidates=0 updatedCols=0 zeroObjImproveIters=0 objFirst=143746950.342583 objLast=174261715.404479 objGain=30514765.061897 maxRC=59492956.538529 wallSec=0.016872 pricingSec=0.011962 cplexSolveSec=0.002633
    [CG] CG iter 3: obj=167446242.755592, maxRC=6239138.879939, +11 cols
    [CG]   [DIAG] iter=3 posCols=11 newCols=11 effImprove=11 updated=0
      [BB] 根节点即为整数解，obj=174261715.404479
    [CG] 列生成收敛，共 5 轮迭代
    [CG] [CG-NODE] depth=0 exit=CERTIFIED certified=1 feasible=1 iters=5 generatedColsBeforeNode=0 newCols=56 posCandidates=56 duplicateCandidates=0 updatedCols=0 zeroObjImproveIters=0 objFirst=143572773.844223 objLast=174157847.875477 objGain=30585074.031254 maxRC=59482377.247663 wallSec=0.016771 pricingSec=0.011823 cplexSolveSec=0.002651
    [CG] CG iter 4: obj=170020197.859515, maxRC=4121197.586369, +5 cols
    [CG]   [DIAG] iter=4 posCols=5 newCols=5 effImprove=5 updated=0
      [BB] 根节点即为整数解，obj=174157847.875477
    [CG] 列生成开始，初始列数=128
    [CG] 列生成收敛，共 5 轮迭代
    [CG] [CG-NODE] depth=0 exit=CERTIFIED certified=1 feasible=1 iters=5 generatedColsBeforeNode=0 newCols=56 posCandidates=56 duplicateCandidates=0 updatedCols=0 zeroObjImproveIters=0 objFirst=143774213.220051 objLast=174241687.684444 objGain=30467474.464393 maxRC=59493649.736825 wallSec=0.007422 pricingSec=0.004912 cplexSolveSec=0.001306
      [BB] 根节点即为整数解，obj=174241687.684444
    [CG] 列生成开始，初始列数=128
    [CG] 列生成开始，初始列数=128
    [CG] 列生成开始，初始列数=128
    [CG] CG iter 1: obj=143664836.060622, maxRC=59493649.736825, +23 cols
    [CG]   [DIAG] iter=1 posCols=23 newCols=23 effImprove=23 updated=0
    [CG] CG iter 1: obj=143845271.349952, maxRC=59402636.174458, +23 cols
    [CG] CG iter 2: obj=160780852.864991, maxRC=10618535.571131, +17 cols
    [CG]   [DIAG] iter=1 posCols=23 newCols=23 effImprove=23 updated=0
    [CG]   [DIAG] iter=2 posCols=17 newCols=17 effImprove=17 updated=0
    [CG] CG iter 3: obj=167354810.466387, maxRC=6240171.168423, +11 cols
    [CG]   [DIAG] iter=3 posCols=11 newCols=11 effImprove=11 updated=0
    [CG] CG iter 4: obj=169955902.003465, maxRC=4138535.248978, +5 cols
    [CG]   [DIAG] iter=4 posCols=5 newCols=5 effImprove=5 updated=0
    [CG] 列生成收敛，共 5 轮迭代
    [CG] [CG-NODE] depth=0 exit=CERTIFIED certified=1 feasible=1 iters=5 generatedColsBeforeNode=0 newCols=56 posCandidates=56 duplicateCandidates=0 updatedCols=0 zeroObjImproveIters=0 objFirst=143664836.060622 objLast=174173063.968204 objGain=30508227.907582 maxRC=59493649.736825 wallSec=0.007440 pricingSec=0.004838 cplexSolveSec=0.001397
      [BB] 根节点即为整数解，obj=174173063.968204
    [CG] CG iter 1: obj=143666359.657016, maxRC=59510004.992178, +23 cols
    [CG] CG iter 2: obj=160730753.376586, maxRC=10577922.448315, +16 cols
    [CG]   [DIAG] iter=1 posCols=23 newCols=23 effImprove=23 updated=0
    [CG]   [DIAG] iter=2 posCols=16 newCols=16 effImprove=16 updated=0
    [CG] CG iter 2: obj=160724972.730560, maxRC=10623477.764518, +17 cols
    [CG]   [DIAG] iter=2 posCols=17 newCols=17 effImprove=17 updated=0
    [CG] CG iter 3: obj=164841936.646486, maxRC=5112474.469839, +14 cols
    [CG]   [DIAG] iter=3 posCols=14 newCols=14 effImprove=14 updated=0
    [CG] CG iter 3: obj=167354239.733012, maxRC=6217561.048570, +12 cols
    [CG] 列生成开始，初始列数=128
    [CG]   [DIAG] iter=3 posCols=12 newCols=12 effImprove=12 updated=0
    [CG] CG iter 1: obj=143749915.126032, maxRC=59514996.298453, +23 cols
    [CG]   [DIAG] iter=1 posCols=23 newCols=23 effImprove=23 updated=0
    [CG] CG iter 4: obj=174251203.576374, maxRC=2669391.332667, +6 cols
    [CG] CG iter 4: obj=170011203.132595, maxRC=4184151.033058, +5 cols
    [CG]   [DIAG] iter=4 posCols=5 newCols=5 effImprove=5 updated=0
    [CG]   [DIAG] iter=4 posCols=6 newCols=6 effImprove=6 updated=0
    [CG] CG iter 1: obj=143776480.041607, maxRC=59489276.591738, +23 cols
    [CG] 列生成收敛，共 5 轮迭代
    [CG] [CG-NODE] depth=0 exit=CERTIFIED certified=1 feasible=1 iters=5 generatedColsBeforeNode=0 newCols=57 posCandidates=57 duplicateCandidates=0 updatedCols=0 zeroObjImproveIters=0 objFirst=143666359.657016 objLast=174229767.800533 objGain=30563408.143517 maxRC=59510004.992178 wallSec=0.009667 pricingSec=0.006613 cplexSolveSec=0.001640
    [CG]   [DIAG] iter=1 posCols=23 newCols=23 effImprove=23 updated=0
    [CG] CG iter 1: obj=143918335.536056, maxRC=59427850.876122, +23 cols
      [BB] 根节点即为整数解，obj=174229767.800533
    [CG]   [DIAG] iter=1 posCols=23 newCols=23 effImprove=23 updated=0
    [CG] CG iter 5: obj=174257271.213072, maxRC=700496.781420, +1 cols
    [CG]   [DIAG] iter=5 posCols=1 newCols=1 effImprove=1 updated=0
    [CG] CG iter 1: obj=143758552.040695, maxRC=59471033.955984, +23 cols
    [CG]   [DIAG] iter=1 posCols=23 newCols=23 effImprove=23 updated=0
    [CG] 列生成收敛，共 6 轮迭代
    [CG] CG iter 2: obj=160894360.714539, maxRC=10634077.629081, +17 cols
    [CG] [CG-NODE] depth=0 exit=CERTIFIED certified=1 feasible=1 iters=6 generatedColsBeforeNode=0 newCols=60 posCandidates=60 duplicateCandidates=0 updatedCols=0 zeroObjImproveIters=1 objFirst=143845271.349952 objLast=174257271.213072 objGain=30411999.863120 maxRC=59402636.174458 wallSec=0.017739 pricingSec=0.012185 cplexSolveSec=0.003068
    [CG] CG iter 2: obj=160978255.395931, maxRC=10627338.387499, +17 cols
    [CG]   [DIAG] iter=2 posCols=17 newCols=17 effImprove=17 updated=0
    [CG]   [DIAG] iter=2 posCols=17 newCols=17 effImprove=17 updated=0
    [CG] CG iter 2: obj=160742161.713962, maxRC=9491495.023893, +17 cols
    [CG]   [DIAG] iter=2 posCols=17 newCols=17 effImprove=17 updated=0
      [BB] 根节点即为整数解，obj=174257271.213072
    [CG] CG iter 3: obj=174177241.572055, maxRC=1947528.197980, +7 cols
    [CG]   [DIAG] iter=3 posCols=7 newCols=7 effImprove=7 updated=0
    [CG] CG iter 3: obj=167562580.436923, maxRC=6226258.220180, +11 cols
    [CG]   [DIAG] iter=3 posCols=11 newCols=11 effImprove=11 updated=0
    [CG] CG iter 4: obj=174177241.572055, maxRC=616524.858091, +3 cols
    [CG]   [DIAG] iter=4 posCols=3 newCols=3 effImprove=3 updated=0
    [CG] CG iter 3: obj=167458260.647070, maxRC=6234463.762349, +11 cols
    [CG] CG iter 2: obj=160758953.081296, maxRC=10597096.003289, +17 cols
    [CG]   [DIAG] iter=3 posCols=11 newCols=11 effImprove=11 updated=0
    [CG]   [DIAG] iter=2 posCols=17 newCols=17 effImprove=17 updated=0
    [CG] CG iter 4: obj=170157226.374848, maxRC=4138307.833703, +5 cols
    [CG]   [DIAG] iter=4 posCols=5 newCols=5 effImprove=5 updated=0
    [CG] CG iter 5: obj=174181328.771624, maxRC=571670.400245, +3 cols
    [CG]   [DIAG] iter=5 posCols=3 newCols=3 effImprove=3 updated=0
    [CG] 列生成开始，初始列数=128
    [CG] 列生成收敛，共 5 轮迭代
    [CG] [CG-NODE] depth=0 exit=CERTIFIED certified=1 feasible=1 iters=5 generatedColsBeforeNode=0 newCols=56 posCandidates=56 duplicateCandidates=0 updatedCols=0 zeroObjImproveIters=0 objFirst=143776480.041607 objLast=174372119.148200 objGain=30595639.106593 maxRC=59489276.591738 wallSec=0.010052 pricingSec=0.006751 cplexSolveSec=0.001722
      [BB] 根节点即为整数解，obj=174372119.148200
    [CG] 列生成收敛，共 6 轮迭代
    [CG] [CG-NODE] depth=0 exit=CERTIFIED certified=1 feasible=1 iters=6 generatedColsBeforeNode=0 newCols=53 posCandidates=53 duplicateCandidates=0 updatedCols=0 zeroObjImproveIters=2 objFirst=143918335.536056 objLast=174181328.771624 objGain=30262993.235568 maxRC=59427850.876122 wallSec=0.009991 pricingSec=0.006556 cplexSolveSec=0.001831
    [CG] CG iter 4: obj=170030749.555094, maxRC=4113905.847732, +5 cols
    [CG]   [DIAG] iter=4 posCols=5 newCols=5 effImprove=5 updated=0
      [BB] 根节点即为整数解，obj=174181328.771624
    [CG] 列生成开始，初始列数=128
    [CG] CG iter 3: obj=167383375.383557, maxRC=6212609.856293, +12 cols
    [CG]   [DIAG] iter=3 posCols=12 newCols=12 effImprove=12 updated=0
    [CG] 列生成收敛，共 5 轮迭代
    [CG] [CG-NODE] depth=0 exit=CERTIFIED certified=1 feasible=1 iters=5 generatedColsBeforeNode=0 newCols=56 posCandidates=56 duplicateCandidates=0 updatedCols=0 zeroObjImproveIters=0 objFirst=143749915.126032 objLast=174245192.694145 objGain=30495277.568112 maxRC=59514996.298453 wallSec=0.016482 pricingSec=0.011318 cplexSolveSec=0.002693
      [BB] 根节点即为整数解，obj=174245192.694145
    [CG] CG iter 1: obj=143732618.131882, maxRC=59482657.642458, +23 cols
    [CG]   [DIAG] iter=1 posCols=23 newCols=23 effImprove=23 updated=0
    [CG] CG iter 4: obj=170039118.161526, maxRC=4192683.040785, +5 cols
    [CG]   [DIAG] iter=4 posCols=5 newCols=5 effImprove=5 updated=0
    [CG] 列生成开始，初始列数=128
    [CG] CG iter 1: obj=144044110.038227, maxRC=59386475.461909, +23 cols
    [CG] CG iter 2: obj=160849819.808560, maxRC=10608257.114813, +17 cols
    [CG]   [DIAG] iter=1 posCols=23 newCols=23 effImprove=23 updated=0
    [CG]   [DIAG] iter=2 posCols=17 newCols=17 effImprove=17 updated=0
    [CG] 列生成收敛，共 5 轮迭代
    [CG] [CG-NODE] depth=0 exit=CERTIFIED certified=1 feasible=1 iters=5 generatedColsBeforeNode=0 newCols=57 posCandidates=57 duplicateCandidates=0 updatedCols=0 zeroObjImproveIters=0 objFirst=143758552.040695 objLast=174265327.594031 objGain=30506775.553335 maxRC=59471033.955984 wallSec=0.016815 pricingSec=0.011547 cplexSolveSec=0.002786
      [BB] 根节点即为整数解，obj=174265327.594031
    [CG] 列生成开始，初始列数=128
    [CG] CG iter 3: obj=167489879.026538, maxRC=6206789.815271, +12 cols
    [CG]   [DIAG] iter=3 posCols=12 newCols=12 effImprove=12 updated=0
    [CG] CG iter 2: obj=160802636.703456, maxRC=10538179.243194, +16 cols
    [CG]   [DIAG] iter=2 posCols=16 newCols=16 effImprove=16 updated=0
    [CG] CG iter 4: obj=170139931.492215, maxRC=4193365.840963, +5 cols
    [CG]   [DIAG] iter=4 posCols=5 newCols=5 effImprove=5 updated=0
    [CG] 列生成开始，初始列数=128
    [CG] CG iter 3: obj=164921327.700022, maxRC=5117332.555760, +14 cols
    [CG] 列生成收敛，共 5 轮迭代
    [CG]   [DIAG] iter=3 posCols=14 newCols=14 effImprove=14 updated=0
    [CG] [CG-NODE] depth=0 exit=CERTIFIED certified=1 feasible=1 iters=5 generatedColsBeforeNode=0 newCols=57 posCandidates=57 duplicateCandidates=0 updatedCols=0 zeroObjImproveIters=0 objFirst=143732618.131882 objLast=174361439.517210 objGain=30628821.385328 maxRC=59482657.642458 wallSec=0.008093 pricingSec=0.005419 cplexSolveSec=0.001416
      [BB] 根节点即为整数解，obj=174361439.517210
    [CG] CG iter 4: obj=174349459.444114, maxRC=2671427.590685, +6 cols
    [CG]   [DIAG] iter=4 posCols=6 newCols=6 effImprove=6 updated=0
    [CG] CG iter 5: obj=174369674.548295, maxRC=699751.515489, +1 cols
    [CG]   [DIAG] iter=5 posCols=1 newCols=1 effImprove=1 updated=0
    [CG] 列生成收敛，共 6 轮迭代
    [CG] [CG-NODE] depth=0 exit=CERTIFIED certified=1 feasible=1 iters=6 generatedColsBeforeNode=0 newCols=60 posCandidates=60 duplicateCandidates=0 updatedCols=0 zeroObjImproveIters=1 objFirst=144044110.038227 objLast=174369674.548295 objGain=30325564.510068 maxRC=59386475.461909 wallSec=0.015397 pricingSec=0.010808 cplexSolveSec=0.002341
      [BB] 根节点即为整数解，obj=174369674.548295
    [CG] CG iter 1: obj=144184204.903458, maxRC=59519752.128890, +23 cols
    [CG]   [DIAG] iter=1 posCols=23 newCols=23 effImprove=23 updated=0
    [CG] 列生成开始，初始列数=128
    [CG] 列生成开始，初始列数=128
    [CG] CG iter 2: obj=161047330.253481, maxRC=10623485.371715, +16 cols
    [CG]   [DIAG] iter=2 posCols=16 newCols=16 effImprove=16 updated=0
    [CG] CG iter 3: obj=165145975.948552, maxRC=5118128.238817, +14 cols
    [CG]   [DIAG] iter=3 posCols=14 newCols=14 effImprove=14 updated=0
    [CG] CG iter 4: obj=174558323.789671, maxRC=2671769.720189, +5 cols
    [CG]   [DIAG] iter=4 posCols=5 newCols=5 effImprove=5 updated=0
    [CG] CG iter 1: obj=143760381.848203, maxRC=59482377.247663, +23 cols
    [CG] CG iter 5: obj=174558323.789671, maxRC=671948.438657, +1 cols
    [CG]   [DIAG] iter=5 posCols=1 newCols=1 effImprove=1 updated=0
    [CG]   [DIAG] iter=1 posCols=23 newCols=23 effImprove=23 updated=0
    [CG] 列生成收敛，共 6 轮迭代
    [CG] [CG-NODE] depth=0 exit=CERTIFIED certified=1 feasible=1 iters=6 generatedColsBeforeNode=0 newCols=59 posCandidates=59 duplicateCandidates=0 updatedCols=0 zeroObjImproveIters=2 objFirst=144184204.903458 objLast=174558323.789671 objGain=30374118.886213 maxRC=59519752.128890 wallSec=0.008154 pricingSec=0.005377 cplexSolveSec=0.001520
      [BB] 根节点即为整数解，obj=174558323.789671
    [CG] CG iter 1: obj=144007780.957733, maxRC=59519832.925579, +23 cols
    [CG]   [DIAG] iter=1 posCols=23 newCols=23 effImprove=23 updated=0
    [CG] CG iter 2: obj=160875369.549569, maxRC=10633798.809933, +17 cols
    [CG]   [DIAG] iter=2 posCols=17 newCols=17 effImprove=17 updated=0
    [CG] CG iter 3: obj=167507353.974202, maxRC=6199350.852896, +12 cols
    [CG]   [DIAG] iter=3 posCols=12 newCols=12 effImprove=12 updated=0
    [CG] CG iter 2: obj=161029764.213277, maxRC=10646172.945633, +17 cols
    [CG]   [DIAG] iter=2 posCols=17 newCols=17 effImprove=17 updated=0
    [CG] CG iter 4: obj=170157218.741595, maxRC=4185338.128341, +5 cols
    [CG]   [DIAG] iter=4 posCols=5 newCols=5 effImprove=5 updated=0
    [CG] 列生成收敛，共 5 轮迭代
    [CG] [CG-NODE] depth=0 exit=CERTIFIED certified=1 feasible=1 iters=5 generatedColsBeforeNode=0 newCols=57 posCandidates=57 duplicateCandidates=0 updatedCols=0 zeroObjImproveIters=0 objFirst=143760381.848203 objLast=174370971.598715 objGain=30610589.750512 maxRC=59482377.247663 wallSec=0.009866 pricingSec=0.006532 cplexSolveSec=0.001844
      [BB] 根节点即为整数解，obj=174370971.598715
    [CG] CG iter 3: obj=167589453.101345, maxRC=6232795.044864, +11 cols
    [CG]   [DIAG] iter=3 posCols=11 newCols=11 effImprove=11 updated=0
    [CG] CG iter 1: obj=143594035.846967, maxRC=59493649.736825, +23 cols
    [CG]   [DIAG] iter=1 posCols=23 newCols=23 effImprove=23 updated=0
    [CG] CG iter 4: obj=170163595.904557, maxRC=4109466.018016, +5 cols
    [CG]   [DIAG] iter=4 posCols=5 newCols=5 effImprove=5 updated=0
    [CG] CG iter 1: obj=143808379.539334, maxRC=59493649.736825, +23 cols
    [CG] 列生成收敛，共 5 轮迭代
    [CG] [CG-NODE] depth=0 exit=CERTIFIED certified=1 feasible=1 iters=5 generatedColsBeforeNode=0 newCols=56 posCandidates=56 duplicateCandidates=0 updatedCols=0 zeroObjImproveIters=0 objFirst=144007780.957733 objLast=174375126.157116 objGain=30367345.199383 maxRC=59519832.925579 wallSec=0.014342 pricingSec=0.009789 cplexSolveSec=0.002514
    [CG]   [DIAG] iter=1 posCols=23 newCols=23 effImprove=23 updated=0
    [CG] CG iter 2: obj=160758255.738251, maxRC=10802377.521929, +17 cols
    [CG]   [DIAG] iter=2 posCols=17 newCols=17 effImprove=17 updated=0
      [BB] 根节点即为整数解，obj=174375126.157116
    [CG] CG iter 1: obj=144176246.499530, maxRC=59519752.128890, +23 cols
    [CG]   [DIAG] iter=1 posCols=23 newCols=23 effImprove=23 updated=0
    [CG] CG iter 3: obj=167234147.404241, maxRC=6212822.862374, +12 cols
    [CG]   [DIAG] iter=3 posCols=12 newCols=12 effImprove=12 updated=0
    [CG] CG iter 2: obj=160862722.635737, maxRC=10636105.927211, +17 cols
    [CG] CG iter 4: obj=169840020.486431, maxRC=4061873.167681, +6 cols
    [CG]   [DIAG] iter=2 posCols=17 newCols=17 effImprove=17 updated=0
    [CG]   [DIAG] iter=4 posCols=6 newCols=6 effImprove=6 updated=0
    [CG] 列生成收敛，共 5 轮迭代
    [CG] [CG-NODE] depth=0 exit=CERTIFIED certified=1 feasible=1 iters=5 generatedColsBeforeNode=0 newCols=58 posCandidates=58 duplicateCandidates=0 updatedCols=0 zeroObjImproveIters=0 objFirst=143594035.846967 objLast=174002617.116185 objGain=30408581.269218 maxRC=59493649.736825 wallSec=0.010009 pricingSec=0.006830 cplexSolveSec=0.001771
      [BB] 根节点即为整数解，obj=174002617.116185
    [CG] CG iter 2: obj=161047458.700647, maxRC=10623485.371715, +16 cols
    [CG]   [DIAG] iter=2 posCols=16 newCols=16 effImprove=16 updated=0
    [CG] CG iter 3: obj=167445285.054576, maxRC=6222122.421761, +11 cols
    [CG]   [DIAG] iter=3 posCols=11 newCols=11 effImprove=11 updated=0
    [CG] CG iter 1: obj=143541911.964559, maxRC=59493649.736825, +23 cols
    [CG] CG iter 4: obj=170054364.178798, maxRC=4142229.530787, +5 cols
    [CG]   [DIAG] iter=4 posCols=5 newCols=5 effImprove=5 updated=0
    [CG] CG iter 3: obj=165137327.947858, maxRC=5118128.238817, +14 cols
    [CG]   [DIAG] iter=3 posCols=14 newCols=14 effImprove=14 updated=0
    [CG]   [DIAG] iter=1 posCols=23 newCols=23 effImprove=23 updated=0
    [CG] 列生成收敛，共 5 轮迭代
    [CG] [CG-NODE] depth=0 exit=CERTIFIED certified=1 feasible=1 iters=5 generatedColsBeforeNode=0 newCols=56 posCandidates=56 duplicateCandidates=0 updatedCols=0 zeroObjImproveIters=0 objFirst=143808379.539334 objLast=174267961.238961 objGain=30459581.699627 maxRC=59493649.736825 wallSec=0.014848 pricingSec=0.010540 cplexSolveSec=0.002417
      [BB] 根节点即为整数解，obj=174267961.238961
    [CG] CG iter 4: obj=174550368.718777, maxRC=2671769.720189, +5 cols
    [CG]   [DIAG] iter=4 posCols=5 newCols=5 effImprove=5 updated=0
    [CG] CG iter 2: obj=160749876.330580, maxRC=10618535.571131, +17 cols
    [CG]   [DIAG] iter=2 posCols=17 newCols=17 effImprove=17 updated=0
    [CG] CG iter 5: obj=174550368.718777, maxRC=668464.563419, +1 cols
    [CG]   [DIAG] iter=5 posCols=1 newCols=1 effImprove=1 updated=0
    [CG] CG iter 3: obj=167230689.722688, maxRC=5702948.946993, +10 cols
    [CG]   [DIAG] iter=3 posCols=10 newCols=10 effImprove=10 updated=0
    [CG] 列生成收敛，共 6 轮迭代
    [CG] [CG-NODE] depth=0 exit=CERTIFIED certified=1 feasible=1 iters=6 generatedColsBeforeNode=0 newCols=59 posCandidates=59 duplicateCandidates=0 updatedCols=0 zeroObjImproveIters=2 objFirst=144176246.499530 objLast=174550368.718777 objGain=30374122.219247 maxRC=59519752.128890 wallSec=0.017935 pricingSec=0.012317 cplexSolveSec=0.003263
      [BB] 根节点即为整数解，obj=174550368.718777
    [CG] CG iter 4: obj=174005165.293262, maxRC=1151899.782030, +2 cols
    [CG]   [DIAG] iter=4 posCols=2 newCols=2 effImprove=2 updated=0
    [CG] 列生成收敛，共 5 轮迭代
    [CG] [CG-NODE] depth=0 exit=CERTIFIED certified=1 feasible=1 iters=5 generatedColsBeforeNode=0 newCols=52 posCandidates=52 duplicateCandidates=0 updatedCols=0 zeroObjImproveIters=0 objFirst=143541911.964559 objLast=174072286.566958 objGain=30530374.602398 maxRC=59493649.736825 wallSec=0.016303 pricingSec=0.011356 cplexSolveSec=0.002600
      [BB] 根节点即为整数解，obj=174072286.566958
[GA] 代数 6: Best=174587336.27, Avg=174339277.90, Worst=174031502.80, Valid=30/30, 耗时=0.05s (连续6代未提升)
  ├─ 求解: 30 个体 fork 并行 | CG迭代=132 加列=1422 BB分支=0
  ├─ 并行墙钟=0.0508s | 串行等效(ΣBP)=0.3179s | 加速比=6.25x
  ├─ 管理开销=-0.2671s (fork=0.0038 wait=0.0467 merge=0.0003)
  └─ CG明细: gen_logs/run_gen6_ind{0..29}.log
    [CG] 列生成开始，初始列数=128
    [CG] 列生成开始，初始列数=128
    [CG] 列生成开始，初始列数=128
    [CG] 列生成开始，初始列数=128
    [CG] 列生成开始，初始列数=128
    [CG] 列生成开始，初始列数=128
    [CG] 列生成开始，初始列数=128
    [CG] 列生成开始，初始列数=128
    [CG] CG iter 1: obj=143705674.511230, maxRC=59482377.247663, +23 cols
    [CG]   [DIAG] iter=1 posCols=23 newCols=23 effImprove=23 updated=0
    [CG] CG iter 1: obj=143638860.432214, maxRC=59391603.344405, +23 cols
    [CG]   [DIAG] iter=1 posCols=23 newCols=23 effImprove=23 updated=0
    [CG] CG iter 1: obj=144044602.712727, maxRC=59386475.461909, +23 cols
    [CG]   [DIAG] iter=1 posCols=23 newCols=23 effImprove=23 updated=0
    [CG] CG iter 2: obj=160829003.451421, maxRC=10633798.809933, +17 cols
    [CG]   [DIAG] iter=2 posCols=17 newCols=17 effImprove=17 updated=0
    [CG] CG iter 2: obj=160567651.783236, maxRC=10563757.579433, +17 cols
    [CG] CG iter 1: obj=144006918.894169, maxRC=59519779.142325, +23 cols
    [CG]   [DIAG] iter=2 posCols=17 newCols=17 effImprove=17 updated=0
    [CG]   [DIAG] iter=1 posCols=23 newCols=23 effImprove=23 updated=0
    [CG] CG iter 2: obj=160803129.377956, maxRC=10538179.243194, +16 cols
    [CG]   [DIAG] iter=2 posCols=16 newCols=16 effImprove=16 updated=0
    [CG] CG iter 3: obj=167456923.668058, maxRC=6203437.004464, +12 cols
    [CG]   [DIAG] iter=3 posCols=12 newCols=12 effImprove=12 updated=0
    [CG] CG iter 3: obj=167158660.380852, maxRC=6175980.454152, +12 cols
    [CG]   [DIAG] iter=3 posCols=12 newCols=12 effImprove=12 updated=0
    [CG] CG iter 3: obj=164921820.374522, maxRC=5117332.555760, +14 cols
    [CG]   [DIAG] iter=3 posCols=14 newCols=14 effImprove=14 updated=0
    [CG] CG iter 1: obj=143820790.454161, maxRC=59513133.163442, +23 cols
    [CG] CG iter 4: obj=170110918.845592, maxRC=4185364.927581, +5 cols
    [CG] CG iter 2: obj=161029030.579444, maxRC=10646747.970941, +17 cols
    [CG]   [DIAG] iter=4 posCols=5 newCols=5 effImprove=5 updated=0
    [CG] CG iter 4: obj=173959995.076353, maxRC=1163465.245582, +2 cols
    [CG]   [DIAG] iter=2 posCols=17 newCols=17 effImprove=17 updated=0
    [CG]   [DIAG] iter=4 posCols=2 newCols=2 effImprove=2 updated=0
    [CG] CG iter 4: obj=174349952.118615, maxRC=2671427.590685, +6 cols
    [CG]   [DIAG] iter=1 posCols=23 newCols=23 effImprove=23 updated=0
    [CG]   [DIAG] iter=4 posCols=6 newCols=6 effImprove=6 updated=0
    [CG] 列生成收敛，共 5 轮迭代
    [CG] [CG-NODE] depth=0 exit=CERTIFIED certified=1 feasible=1 iters=5 generatedColsBeforeNode=0 newCols=57 posCandidates=57 duplicateCandidates=0 updatedCols=0 zeroObjImproveIters=0 objFirst=143705674.511230 objLast=174324671.702712 objGain=30618997.191482 maxRC=59482377.247663 wallSec=0.010092 pricingSec=0.006762 cplexSolveSec=0.001862
    [CG] CG iter 5: obj=174370167.222795, maxRC=699751.515489, +1 cols
    [CG] CG iter 5: obj=173959995.076353, maxRC=68999.785368, +1 cols
    [CG]   [DIAG] iter=5 posCols=1 newCols=1 effImprove=1 updated=0
    [CG]   [DIAG] iter=5 posCols=1 newCols=1 effImprove=1 updated=0
      [BB] 根节点即为整数解，obj=174324671.702712
    [CG] 列生成收敛，共 6 轮迭代
    [CG] [CG-NODE] depth=0 exit=CERTIFIED certified=1 feasible=1 iters=6 generatedColsBeforeNode=0 newCols=60 posCandidates=60 duplicateCandidates=0 updatedCols=0 zeroObjImproveIters=1 objFirst=144044602.712727 objLast=174370167.222795 objGain=30325564.510068 maxRC=59386475.461909 wallSec=0.010098 pricingSec=0.006442 cplexSolveSec=0.001984
    [CG] 列生成收敛，共 6 轮迭代
    [CG] [CG-NODE] depth=0 exit=CERTIFIED certified=1 feasible=1 iters=6 generatedColsBeforeNode=0 newCols=55 posCandidates=55 duplicateCandidates=0 updatedCols=0 zeroObjImproveIters=1 objFirst=143638860.432214 objLast=174028994.861721 objGain=30390134.429508 maxRC=59391603.344405 wallSec=0.010968 pricingSec=0.007293 cplexSolveSec=0.002103
      [BB] 根节点即为整数解，obj=174370167.222795
      [BB] 根节点即为整数解，obj=174028994.861721
    [CG] CG iter 3: obj=167588406.618308, maxRC=6232717.747367, +11 cols
    [CG]   [DIAG] iter=3 posCols=11 newCols=11 effImprove=11 updated=0
    [CG] CG iter 2: obj=160994391.591182, maxRC=10623495.157914, +17 cols
    [CG]   [DIAG] iter=2 posCols=17 newCols=17 effImprove=17 updated=0
    [CG] CG iter 4: obj=170162672.723781, maxRC=4109283.125686, +5 cols
    [CG]   [DIAG] iter=4 posCols=5 newCols=5 effImprove=5 updated=0
    [CG] CG iter 1: obj=143755234.751989, maxRC=59506390.395300, +23 cols
    [CG] 列生成开始，初始列数=128
    [CG]   [DIAG] iter=1 posCols=23 newCols=23 effImprove=23 updated=0
    [CG] 列生成收敛，共 5 轮迭代
    [CG] [CG-NODE] depth=0 exit=CERTIFIED certified=1 feasible=1 iters=5 generatedColsBeforeNode=0 newCols=56 posCandidates=56 duplicateCandidates=0 updatedCols=0 zeroObjImproveIters=0 objFirst=144006918.894169 objLast=174373991.801693 objGain=30367072.907524 maxRC=59519779.142325 wallSec=0.012646 pricingSec=0.008699 cplexSolveSec=0.002243
    [CG] CG iter 3: obj=167559334.029599, maxRC=6240801.373325, +11 cols
    [CG]   [DIAG] iter=3 posCols=11 newCols=11 effImprove=11 updated=0
      [BB] 根节点即为整数解，obj=174373991.801693
    [CG] 列生成开始，初始列数=128
    [CG] CG iter 4: obj=170133963.579933, maxRC=4115934.859551, +5 cols
    [CG] CG iter 1: obj=144115706.292617, maxRC=59499812.409528, +23 cols
    [CG]   [DIAG] iter=4 posCols=5 newCols=5 effImprove=5 updated=0
    [CG] CG iter 1: obj=144006739.390310, maxRC=59519438.190230, +23 cols
    [CG]   [DIAG] iter=1 posCols=23 newCols=23 effImprove=23 updated=0
    [CG]   [DIAG] iter=1 posCols=23 newCols=23 effImprove=23 updated=0
    [CG] 列生成开始，初始列数=128
    [CG] CG iter 2: obj=160886328.304793, maxRC=10649819.912584, +17 cols
    [CG]   [DIAG] iter=2 posCols=17 newCols=17 effImprove=17 updated=0
    [CG] 列生成收敛，共 5 轮迭代
    [CG] [CG-NODE] depth=0 exit=CERTIFIED certified=1 feasible=1 iters=5 generatedColsBeforeNode=0 newCols=56 posCandidates=56 duplicateCandidates=0 updatedCols=0 zeroObjImproveIters=0 objFirst=143820790.454161 objLast=174352366.033997 objGain=30531575.579836 maxRC=59513133.163442 wallSec=0.014052 pricingSec=0.009852 cplexSolveSec=0.002366
      [BB] 根节点即为整数解，obj=174352366.033997
    [CG] CG iter 2: obj=160962088.194059, maxRC=10610205.914732, +16 cols
    [CG] CG iter 2: obj=161028327.910505, maxRC=10645826.660021, +17 cols
    [CG]   [DIAG] iter=2 posCols=16 newCols=16 effImprove=16 updated=0
    [CG]   [DIAG] iter=2 posCols=17 newCols=17 effImprove=17 updated=0
    [CG] CG iter 3: obj=167519271.491300, maxRC=6200476.581246, +12 cols
    [CG]   [DIAG] iter=3 posCols=12 newCols=12 effImprove=12 updated=0
    [CG] 列生成开始，初始列数=128
    [CG] CG iter 4: obj=170170369.146376, maxRC=4178765.191429, +5 cols
    [CG]   [DIAG] iter=4 posCols=5 newCols=5 effImprove=5 updated=0
    [CG] 列生成开始，初始列数=128
    [CG] CG iter 3: obj=167588041.023441, maxRC=6232830.860678, +11 cols
    [CG] CG iter 3: obj=165063393.124141, maxRC=5112474.469839, +14 cols
    [CG]   [DIAG] iter=3 posCols=11 newCols=11 effImprove=11 updated=0
    [CG]   [DIAG] iter=3 posCols=14 newCols=14 effImprove=14 updated=0
    [CG] 列生成收敛，共 5 轮迭代
    [CG] [CG-NODE] depth=0 exit=CERTIFIED certified=1 feasible=1 iters=5 generatedColsBeforeNode=0 newCols=57 posCandidates=57 duplicateCandidates=0 updatedCols=0 zeroObjImproveIters=0 objFirst=143755234.751989 objLast=174380740.376527 objGain=30625505.624539 maxRC=59506390.395300 wallSec=0.016824 pricingSec=0.011960 cplexSolveSec=0.002633
      [BB] 根节点即为整数解，obj=174380740.376527
    [CG] CG iter 4: obj=170162219.642467, maxRC=4109635.284265, +5 cols
    [CG] CG iter 4: obj=174472755.434408, maxRC=2669391.332667, +5 cols
    [CG]   [DIAG] iter=4 posCols=5 newCols=5 effImprove=5 updated=0
    [CG]   [DIAG] iter=4 posCols=5 newCols=5 effImprove=5 updated=0
    [CG] 列生成收敛，共 5 轮迭代
    [CG] [CG-NODE] depth=0 exit=CERTIFIED certified=1 feasible=1 iters=5 generatedColsBeforeNode=0 newCols=56 posCandidates=56 duplicateCandidates=0 updatedCols=0 zeroObjImproveIters=0 objFirst=144006739.390310 objLast=174373748.830497 objGain=30367009.440187 maxRC=59519438.190230 wallSec=0.016982 pricingSec=0.011975 cplexSolveSec=0.002611
    [CG] CG iter 5: obj=174472755.434408, maxRC=670828.033924, +1 cols
    [CG]   [DIAG] iter=5 posCols=1 newCols=1 effImprove=1 updated=0
      [BB] 根节点即为整数解，obj=174373748.830497
    [CG] 列生成收敛，共 6 轮迭代
    [CG] [CG-NODE] depth=0 exit=CERTIFIED certified=1 feasible=1 iters=6 generatedColsBeforeNode=0 newCols=59 posCandidates=59 duplicateCandidates=0 updatedCols=0 zeroObjImproveIters=2 objFirst=144115706.292617 objLast=174472755.434408 objGain=30357049.141791 maxRC=59499812.409528 wallSec=0.017850 pricingSec=0.012233 cplexSolveSec=0.002960
      [BB] 根节点即为整数解，obj=174472755.434408
    [CG] 列生成开始，初始列数=128
    [CG] 列生成开始，初始列数=128
    [CG] CG iter 1: obj=143745175.707958, maxRC=59492956.538529, +23 cols
    [CG]   [DIAG] iter=1 posCols=23 newCols=23 effImprove=23 updated=0
    [CG] CG iter 1: obj=143933202.035328, maxRC=59492956.538529, +23 cols
    [CG]   [DIAG] iter=1 posCols=23 newCols=23 effImprove=23 updated=0
    [CG] 列生成开始，初始列数=128
    [CG] CG iter 2: obj=160904006.879579, maxRC=10610077.568528, +17 cols
    [CG]   [DIAG] iter=2 posCols=17 newCols=17 effImprove=17 updated=0
    [CG] CG iter 3: obj=167466960.246224, maxRC=6239438.658285, +11 cols
    [CG]   [DIAG] iter=3 posCols=11 newCols=11 effImprove=11 updated=0
    [CG] CG iter 2: obj=160904014.441222, maxRC=10610071.243744, +17 cols
    [CG]   [DIAG] iter=2 posCols=17 newCols=17 effImprove=17 updated=0
    [CG] CG iter 4: obj=170040227.081518, maxRC=4120548.755932, +5 cols
    [CG]   [DIAG] iter=4 posCols=5 newCols=5 effImprove=5 updated=0
    [CG] 列生成收敛，共 5 轮迭代
    [CG] [CG-NODE] depth=0 exit=CERTIFIED certified=1 feasible=1 iters=5 generatedColsBeforeNode=0 newCols=56 posCandidates=56 duplicateCandidates=0 updatedCols=0 zeroObjImproveIters=0 objFirst=143745175.707958 objLast=174261715.404479 objGain=30516539.696521 maxRC=59492956.538529 wallSec=0.007034 pricingSec=0.004610 cplexSolveSec=0.001298
      [BB] 根节点即为整数解，obj=174261715.404479
    [CG] CG iter 3: obj=167540732.676808, maxRC=6207631.145460, +12 cols
    [CG]   [DIAG] iter=3 posCols=12 newCols=12 effImprove=12 updated=0
    [CG] CG iter 1: obj=143632940.910027, maxRC=59482093.947200, +23 cols
    [CG] CG iter 4: obj=170187760.413392, maxRC=4189357.756650, +5 cols
    [CG]   [DIAG] iter=4 posCols=5 newCols=5 effImprove=5 updated=0
    [CG]   [DIAG] iter=1 posCols=23 newCols=23 effImprove=23 updated=0
    [CG] 列生成收敛，共 5 轮迭代
    [CG] [CG-NODE] depth=0 exit=CERTIFIED certified=1 feasible=1 iters=5 generatedColsBeforeNode=0 newCols=57 posCandidates=57 duplicateCandidates=0 updatedCols=0 zeroObjImproveIters=0 objFirst=143933202.035328 objLast=174409250.238321 objGain=30476048.202993 maxRC=59492956.538529 wallSec=0.013120 pricingSec=0.009330 cplexSolveSec=0.002150
    [CG] CG iter 1: obj=144180392.295385, maxRC=59519752.128890, +23 cols
      [BB] 根节点即为整数解，obj=174409250.238321
    [CG] CG iter 1: obj=143863199.155261, maxRC=59482657.642458, +23 cols
    [CG]   [DIAG] iter=1 posCols=23 newCols=23 effImprove=23 updated=0
    [CG] 列生成开始，初始列数=128
    [CG]   [DIAG] iter=1 posCols=23 newCols=23 effImprove=23 updated=0
    [CG] CG iter 2: obj=160834756.423876, maxRC=10630420.694090, +17 cols
    [CG]   [DIAG] iter=2 posCols=17 newCols=17 effImprove=17 updated=0
    [CG] CG iter 1: obj=143881373.697935, maxRC=59471334.021181, +23 cols
    [CG] CG iter 2: obj=161047458.700647, maxRC=10623485.371715, +16 cols
    [CG]   [DIAG] iter=2 posCols=16 newCols=16 effImprove=16 updated=0
    [CG]   [DIAG] iter=1 posCols=23 newCols=23 effImprove=23 updated=0
    [CG] CG iter 2: obj=160924638.905585, maxRC=10608257.114813, +17 cols
    [CG] CG iter 3: obj=167408377.460251, maxRC=6226126.371168, +11 cols
    [CG]   [DIAG] iter=2 posCols=17 newCols=17 effImprove=17 updated=0
    [CG]   [DIAG] iter=3 posCols=11 newCols=11 effImprove=11 updated=0
    [CG] CG iter 1: obj=144068074.075769, maxRC=59519752.128890, +23 cols
    [CG]   [DIAG] iter=1 posCols=23 newCols=23 effImprove=23 updated=0
    [CG] CG iter 4: obj=170006870.006789, maxRC=4134593.694461, +5 cols
    [CG]   [DIAG] iter=4 posCols=5 newCols=5 effImprove=5 updated=0
    [CG] CG iter 3: obj=165144995.706828, maxRC=5118128.238817, +14 cols
    [CG] 列生成开始，初始列数=128
    [CG] CG iter 2: obj=160845660.665999, maxRC=10597289.767378, +17 cols
    [CG]   [DIAG] iter=3 posCols=14 newCols=14 effImprove=14 updated=0
    [CG]   [DIAG] iter=2 posCols=17 newCols=17 effImprove=17 updated=0
    [CG] CG iter 1: obj=143983922.993221, maxRC=59404734.330601, +23 cols
    [CG] CG iter 3: obj=167574520.498475, maxRC=6204170.360832, +12 cols
    [CG]   [DIAG] iter=1 posCols=23 newCols=23 effImprove=23 updated=0
    [CG]   [DIAG] iter=3 posCols=12 newCols=12 effImprove=12 updated=0
    [CG] 列生成收敛，共 5 轮迭代
    [CG] [CG-NODE] depth=0 exit=CERTIFIED certified=1 feasible=1 iters=5 generatedColsBeforeNode=0 newCols=56 posCandidates=56 duplicateCandidates=0 updatedCols=0 zeroObjImproveIters=0 objFirst=143632940.910027 objLast=174222329.099493 objGain=30589388.189466 maxRC=59482093.947200 wallSec=0.009498 pricingSec=0.006122 cplexSolveSec=0.001874
      [BB] 根节点即为整数解，obj=174222329.099493
    [CG] CG iter 4: obj=174557374.024661, maxRC=2671769.720189, +5 cols
    [CG]   [DIAG] iter=4 posCols=5 newCols=5 effImprove=5 updated=0
    [CG] CG iter 2: obj=160980844.403019, maxRC=10623485.371715, +16 cols
    [CG]   [DIAG] iter=2 posCols=16 newCols=16 effImprove=16 updated=0
    [CG] CG iter 3: obj=167498659.270249, maxRC=6204814.827008, +12 cols
    [CG] CG iter 4: obj=170221953.509713, maxRC=4197859.276411, +5 cols
    [CG]   [DIAG] iter=4 posCols=5 newCols=5 effImprove=5 updated=0
    [CG]   [DIAG] iter=3 posCols=12 newCols=12 effImprove=12 updated=0
    [CG] CG iter 5: obj=174557374.024661, maxRC=671566.316181, +1 cols
    [CG]   [DIAG] iter=5 posCols=1 newCols=1 effImprove=1 updated=0
    [CG] CG iter 2: obj=160754326.260386, maxRC=10548982.041645, +16 cols
    [CG]   [DIAG] iter=2 posCols=16 newCols=16 effImprove=16 updated=0
    [CG] 列生成收敛，共 5 轮迭代
    [CG] [CG-NODE] depth=0 exit=CERTIFIED certified=1 feasible=1 iters=5 generatedColsBeforeNode=0 newCols=57 posCandidates=57 duplicateCandidates=0 updatedCols=0 zeroObjImproveIters=0 objFirst=143863199.155261 objLast=174441681.670379 objGain=30578482.515118 maxRC=59482657.642458 wallSec=0.016742 pricingSec=0.011571 cplexSolveSec=0.002757
    [CG] 列生成收敛，共 6 轮迭代
    [CG] [CG-NODE] depth=0 exit=CERTIFIED certified=1 feasible=1 iters=6 generatedColsBeforeNode=0 newCols=59 posCandidates=59 duplicateCandidates=0 updatedCols=0 zeroObjImproveIters=2 objFirst=144180392.295385 objLast=174557374.024661 objGain=30376981.729276 maxRC=59519752.128890 wallSec=0.017154 pricingSec=0.012195 cplexSolveSec=0.002856
    [CG] CG iter 4: obj=170146607.018933, maxRC=4205516.900069, +5 cols
    [CG]   [DIAG] iter=4 posCols=5 newCols=5 effImprove=5 updated=0
      [BB] 根节点即为整数解，obj=174441681.670379
      [BB] 根节点即为整数解，obj=174557374.024661
    [CG] CG iter 3: obj=165084689.275330, maxRC=5112705.182672, +14 cols
    [CG]   [DIAG] iter=3 posCols=14 newCols=14 effImprove=14 updated=0
    [CG] 列生成开始，初始列数=128
    [CG] 列生成收敛，共 5 轮迭代
    [CG] [CG-NODE] depth=0 exit=CERTIFIED certified=1 feasible=1 iters=5 generatedColsBeforeNode=0 newCols=57 posCandidates=57 duplicateCandidates=0 updatedCols=0 zeroObjImproveIters=0 objFirst=143881373.697935 objLast=174367532.700665 objGain=30486159.002730 maxRC=59471334.021181 wallSec=0.010396 pricingSec=0.006982 cplexSolveSec=0.001928
      [BB] 根节点即为整数解，obj=174367532.700665
    [CG] CG iter 3: obj=164868902.204891, maxRC=5077865.242905, +14 cols
    [CG]   [DIAG] iter=3 posCols=14 newCols=14 effImprove=14 updated=0
    [CG] CG iter 4: obj=174486413.233520, maxRC=2669487.797271, +5 cols
    [CG]   [DIAG] iter=4 posCols=5 newCols=5 effImprove=5 updated=0
    [CG] CG iter 4: obj=174256939.538220, maxRC=2654958.341688, +5 cols
    [CG]   [DIAG] iter=4 posCols=5 newCols=5 effImprove=5 updated=0
    [CG] CG iter 5: obj=174486413.233520, maxRC=653842.291470, +1 cols
    [CG]   [DIAG] iter=5 posCols=1 newCols=1 effImprove=1 updated=0
    [CG] CG iter 5: obj=174256939.538220, maxRC=653361.651737, +1 cols
    [CG]   [DIAG] iter=5 posCols=1 newCols=1 effImprove=1 updated=0
    [CG] 列生成收敛，共 6 轮迭代
    [CG] [CG-NODE] depth=0 exit=CERTIFIED certified=1 feasible=1 iters=6 generatedColsBeforeNode=0 newCols=59 posCandidates=59 duplicateCandidates=0 updatedCols=0 zeroObjImproveIters=2 objFirst=144068074.075769 objLast=174486413.233520 objGain=30418339.157751 maxRC=59519752.128890 wallSec=0.017289 pricingSec=0.011680 cplexSolveSec=0.003118
    [CG] 列生成开始，初始列数=128
      [BB] 根节点即为整数解，obj=174486413.233520
    [CG] 列生成开始，初始列数=128
    [CG] 列生成收敛，共 6 轮迭代
    [CG] [CG-NODE] depth=0 exit=CERTIFIED certified=1 feasible=1 iters=6 generatedColsBeforeNode=0 newCols=59 posCandidates=59 duplicateCandidates=0 updatedCols=0 zeroObjImproveIters=2 objFirst=143983922.993221 objLast=174256939.538220 objGain=30273016.545000 maxRC=59404734.330601 wallSec=0.012191 pricingSec=0.008197 cplexSolveSec=0.002365
    [CG] 列生成开始，初始列数=128
      [BB] 根节点即为整数解，obj=174256939.538220
    [CG] CG iter 1: obj=143734174.564112, maxRC=59489276.591738, +23 cols
    [CG]   [DIAG] iter=1 posCols=23 newCols=23 effImprove=23 updated=0
    [CG] 列生成开始，初始列数=128
    [CG] 列生成开始，初始列数=128
    [CG] CG iter 2: obj=160969744.157180, maxRC=10627338.387499, +17 cols
    [CG]   [DIAG] iter=2 posCols=17 newCols=17 effImprove=17 updated=0
    [CG] CG iter 3: obj=167553317.043156, maxRC=6227010.375197, +11 cols
    [CG]   [DIAG] iter=3 posCols=11 newCols=11 effImprove=11 updated=0
    [CG] CG iter 1: obj=143892684.166521, maxRC=59379635.614302, +23 cols
    [CG]   [DIAG] iter=1 posCols=23 newCols=23 effImprove=23 updated=0
    [CG] CG iter 4: obj=170148715.136097, maxRC=4138307.833703, +5 cols
    [CG]   [DIAG] iter=4 posCols=5 newCols=5 effImprove=5 updated=0
    [CG] 列生成收敛，共 5 轮迭代
    [CG] [CG-NODE] depth=0 exit=CERTIFIED certified=1 feasible=1 iters=5 generatedColsBeforeNode=0 newCols=56 posCandidates=56 duplicateCandidates=0 updatedCols=0 zeroObjImproveIters=0 objFirst=143734174.564112 objLast=174363607.909449 objGain=30629433.345338 maxRC=59489276.591738 wallSec=0.013172 pricingSec=0.009171 cplexSolveSec=0.002174
      [BB] 根节点即为整数解，obj=174363607.909449
    [CG] CG iter 2: obj=160793442.120029, maxRC=10559238.095937, +17 cols
    [CG]   [DIAG] iter=2 posCols=17 newCols=17 effImprove=17 updated=0
    [CG] CG iter 1: obj=143922537.224681, maxRC=59489209.943519, +23 cols
    [CG]   [DIAG] iter=1 posCols=23 newCols=23 effImprove=23 updated=0
    [CG] CG iter 1: obj=144048384.889450, maxRC=59387724.856195, +23 cols
    [CG] 列生成开始，初始列数=128
    [CG] CG iter 3: obj=167451518.788686, maxRC=6205649.049887, +12 cols
    [CG]   [DIAG] iter=1 posCols=23 newCols=23 effImprove=23 updated=0
    [CG] CG iter 1: obj=144055659.804948, maxRC=59403310.613387, +23 cols
    [CG]   [DIAG] iter=3 posCols=12 newCols=12 effImprove=12 updated=0
    [CG]   [DIAG] iter=1 posCols=23 newCols=23 effImprove=23 updated=0
    [CG] CG iter 2: obj=160978255.395931, maxRC=10627338.387499, +17 cols
    [CG]   [DIAG] iter=2 posCols=17 newCols=17 effImprove=17 updated=0
    [CG] CG iter 4: obj=174347921.155336, maxRC=1138810.105242, +2 cols
    [CG]   [DIAG] iter=4 posCols=2 newCols=2 effImprove=2 updated=0
    [CG] CG iter 2: obj=160791544.860291, maxRC=10558924.891208, +16 cols
    [CG]   [DIAG] iter=2 posCols=16 newCols=16 effImprove=16 updated=0
    [CG] CG iter 1: obj=144184304.342409, maxRC=59519752.128890, +23 cols
    [CG]   [DIAG] iter=1 posCols=23 newCols=23 effImprove=23 updated=0
    [CG] 列生成收敛，共 5 轮迭代
    [CG] [CG-NODE] depth=0 exit=CERTIFIED certified=1 feasible=1 iters=5 generatedColsBeforeNode=0 newCols=54 posCandidates=54 duplicateCandidates=0 updatedCols=0 zeroObjImproveIters=1 objFirst=143892684.166521 objLast=174347921.155336 objGain=30455236.988815 maxRC=59379635.614302 wallSec=0.014377 pricingSec=0.009913 cplexSolveSec=0.002490
      [BB] 根节点即为整数解，obj=174347921.155336
    [CG] CG iter 3: obj=167617990.534003, maxRC=6202567.598672, +12 cols
    [CG] CG iter 3: obj=164903353.156230, maxRC=5117332.555760, +14 cols
    [CG]   [DIAG] iter=3 posCols=14 newCols=14 effImprove=14 updated=0
    [CG]   [DIAG] iter=3 posCols=12 newCols=12 effImprove=12 updated=0
    [CG] CG iter 2: obj=160831021.621655, maxRC=10548978.580230, +16 cols
    [CG] CG iter 4: obj=174325991.642441, maxRC=2671427.590685, +6 cols
    [CG]   [DIAG] iter=4 posCols=6 newCols=6 effImprove=6 updated=0
    [CG]   [DIAG] iter=2 posCols=16 newCols=16 effImprove=16 updated=0
    [CG] CG iter 4: obj=170268046.569008, maxRC=4189729.426119, +5 cols
    [CG]   [DIAG] iter=4 posCols=5 newCols=5 effImprove=5 updated=0
    [CG] CG iter 5: obj=174346209.622613, maxRC=707922.438380, +1 cols
    [CG]   [DIAG] iter=5 posCols=1 newCols=1 effImprove=1 updated=0
    [CG] CG iter 2: obj=161047438.306889, maxRC=10623485.371715, +16 cols
    [CG]   [DIAG] iter=2 posCols=16 newCols=16 effImprove=16 updated=0
    [CG] 列生成收敛，共 6 轮迭代
    [CG] [CG-NODE] depth=0 exit=CERTIFIED certified=1 feasible=1 iters=6 generatedColsBeforeNode=0 newCols=60 posCandidates=60 duplicateCandidates=0 updatedCols=0 zeroObjImproveIters=1 objFirst=144048384.889450 objLast=174346209.622613 objGain=30297824.733163 maxRC=59387724.856195 wallSec=0.008616 pricingSec=0.005933 cplexSolveSec=0.001568
    [CG] 列生成收敛，共 5 轮迭代
    [CG] [CG-NODE] depth=0 exit=CERTIFIED certified=1 feasible=1 iters=5 generatedColsBeforeNode=0 newCols=57 posCandidates=57 duplicateCandidates=0 updatedCols=0 zeroObjImproveIters=0 objFirst=143922537.224681 objLast=174482939.342360 objGain=30560402.117679 maxRC=59489209.943519 wallSec=0.010846 pricingSec=0.007399 cplexSolveSec=0.001935
      [BB] 根节点即为整数解，obj=174346209.622613
      [BB] 根节点即为整数解，obj=174482939.342360
    [CG] CG iter 1: obj=143770530.254766, maxRC=59427850.876122, +23 cols
    [CG] 列生成开始，初始列数=128
    [CG] CG iter 3: obj=164947347.802120, maxRC=5117332.555760, +14 cols
    [CG]   [DIAG] iter=1 posCols=23 newCols=23 effImprove=23 updated=0
    [CG] CG iter 3: obj=165146081.328839, maxRC=5118128.238817, +14 cols
    [CG]   [DIAG] iter=3 posCols=14 newCols=14 effImprove=14 updated=0
    [CG]   [DIAG] iter=3 posCols=14 newCols=14 effImprove=14 updated=0
    [CG] CG iter 1: obj=143831578.879742, maxRC=59471334.021181, +23 cols
    [CG] 列生成开始，初始列数=128
    [CG] CG iter 1: obj=144178387.518438, maxRC=59519752.128890, +23 cols
    [CG] CG iter 4: obj=174558430.193535, maxRC=2671769.720189, +5 cols
    [CG]   [DIAG] iter=4 posCols=5 newCols=5 effImprove=5 updated=0
    [CG]   [DIAG] iter=1 posCols=23 newCols=23 effImprove=23 updated=0
    [CG]   [DIAG] iter=1 posCols=23 newCols=23 effImprove=23 updated=0
    [CG] CG iter 4: obj=174373114.730111, maxRC=2671427.590685, +6 cols
    [CG]   [DIAG] iter=4 posCols=6 newCols=6 effImprove=6 updated=0
    [CG] 列生成开始，初始列数=128
    [CG] CG iter 5: obj=174558430.193535, maxRC=671939.383596, +1 cols
    [CG]   [DIAG] iter=5 posCols=1 newCols=1 effImprove=1 updated=0
    [CG] CG iter 2: obj=160741931.764297, maxRC=10732223.876204, +16 cols
    [CG] CG iter 2: obj=161043128.006704, maxRC=10628741.008264, +16 cols
    [CG]   [DIAG] iter=2 posCols=16 newCols=16 effImprove=16 updated=0
    [CG]   [DIAG] iter=2 posCols=16 newCols=16 effImprove=16 updated=0
    [CG] CG iter 5: obj=174386646.391921, maxRC=699751.515489, +1 cols
    [CG]   [DIAG] iter=5 posCols=1 newCols=1 effImprove=1 updated=0
    [CG] 列生成收敛，共 6 轮迭代
    [CG] CG iter 2: obj=160844755.930359, maxRC=10597289.767378, +17 cols
    [CG] [CG-NODE] depth=0 exit=CERTIFIED certified=1 feasible=1 iters=6 generatedColsBeforeNode=0 newCols=59 posCandidates=59 duplicateCandidates=0 updatedCols=0 zeroObjImproveIters=2 objFirst=144184304.342409 objLast=174558430.193535 objGain=30374125.851126 maxRC=59519752.128890 wallSec=0.014819 pricingSec=0.009933 cplexSolveSec=0.002736
    [CG]   [DIAG] iter=2 posCols=17 newCols=17 effImprove=17 updated=0
      [BB] 根节点即为整数解，obj=174558430.193535
    [CG] CG iter 3: obj=165140098.862789, maxRC=5118128.238817, +14 cols
    [CG]   [DIAG] iter=3 posCols=14 newCols=14 effImprove=14 updated=0
    [CG] CG iter 3: obj=164377914.830712, maxRC=5233195.252979, +17 cols
    [CG] 列生成收敛，共 6 轮迭代
    [CG] [CG-NODE] depth=0 exit=CERTIFIED certified=1 feasible=1 iters=6 generatedColsBeforeNode=0 newCols=60 posCandidates=60 duplicateCandidates=0 updatedCols=0 zeroObjImproveIters=1 objFirst=144055659.804948 objLast=174386646.391921 objGain=30330986.586973 maxRC=59403310.613387 wallSec=0.017061 pricingSec=0.012030 cplexSolveSec=0.002998
    [CG]   [DIAG] iter=3 posCols=17 newCols=17 effImprove=17 updated=0
    [CG] CG iter 4: obj=174550945.505273, maxRC=2671769.720189, +5 cols
    [CG]   [DIAG] iter=4 posCols=5 newCols=5 effImprove=5 updated=0
      [BB] 根节点即为整数解，obj=174386646.391921
    [CG] CG iter 3: obj=167497663.426741, maxRC=6204883.328777, +12 cols
    [CG] CG iter 5: obj=174550945.505273, maxRC=673751.210881, +1 cols
    [CG]   [DIAG] iter=3 posCols=12 newCols=12 effImprove=12 updated=0
    [CG]   [DIAG] iter=5 posCols=1 newCols=1 effImprove=1 updated=0
    [CG] CG iter 4: obj=174065740.915929, maxRC=2181932.428410, +7 cols
    [CG] 列生成收敛，共 6 轮迭代
    [CG]   [DIAG] iter=4 posCols=7 newCols=7 effImprove=7 updated=0
    [CG] [CG-NODE] depth=0 exit=CERTIFIED certified=1 feasible=1 iters=6 generatedColsBeforeNode=0 newCols=59 posCandidates=59 duplicateCandidates=0 updatedCols=0 zeroObjImproveIters=2 objFirst=144178387.518438 objLast=174550945.505273 objGain=30372557.986835 maxRC=59519752.128890 wallSec=0.008958 pricingSec=0.005941 cplexSolveSec=0.001730
      [BB] 根节点即为整数解，obj=174550945.505273
    [CG] CG iter 4: obj=170145679.677194, maxRC=4205503.828302, +5 cols
    [CG]   [DIAG] iter=4 posCols=5 newCols=5 effImprove=5 updated=0
    [CG] CG iter 1: obj=144182792.082708, maxRC=59519752.128890, +23 cols
    [CG]   [DIAG] iter=1 posCols=23 newCols=23 effImprove=23 updated=0
    [CG] CG iter 5: obj=174065740.915929, maxRC=11923.524579, +2 cols
    [CG]   [DIAG] iter=5 posCols=2 newCols=2 effImprove=2 updated=0
    [CG] 列生成收敛，共 5 轮迭代
    [CG] [CG-NODE] depth=0 exit=CERTIFIED certified=1 feasible=1 iters=5 generatedColsBeforeNode=0 newCols=57 posCandidates=57 duplicateCandidates=0 updatedCols=0 zeroObjImproveIters=0 objFirst=143831578.879742 objLast=174366614.766405 objGain=30535035.886663 maxRC=59471334.021181 wallSec=0.014355 pricingSec=0.009973 cplexSolveSec=0.002488
      [BB] 根节点即为整数解，obj=174366614.766405
    [CG] CG iter 2: obj=161047330.253481, maxRC=10623485.371715, +16 cols
    [CG]   [DIAG] iter=2 posCols=16 newCols=16 effImprove=16 updated=0
    [CG] 列生成收敛，共 6 轮迭代
    [CG] [CG-NODE] depth=0 exit=CERTIFIED certified=1 feasible=1 iters=6 generatedColsBeforeNode=0 newCols=65 posCandidates=65 duplicateCandidates=0 updatedCols=0 zeroObjImproveIters=2 objFirst=143770530.254766 objLast=174065740.915929 objGain=30295210.661163 maxRC=59427850.876122 wallSec=0.017518 pricingSec=0.012488 cplexSolveSec=0.002827
      [BB] 根节点即为整数解，obj=174065740.915929
    [CG] CG iter 3: obj=165144510.597526, maxRC=5118128.238817, +14 cols
    [CG]   [DIAG] iter=3 posCols=14 newCols=14 effImprove=14 updated=0
    [CG] CG iter 4: obj=174556914.301955, maxRC=2671769.720189, +5 cols
    [CG]   [DIAG] iter=4 posCols=5 newCols=5 effImprove=5 updated=0
    [CG] CG iter 5: obj=174556914.301955, maxRC=671427.554399, +1 cols
    [CG]   [DIAG] iter=5 posCols=1 newCols=1 effImprove=1 updated=0
    [CG] 列生成收敛，共 6 轮迭代
    [CG] [CG-NODE] depth=0 exit=CERTIFIED certified=1 feasible=1 iters=6 generatedColsBeforeNode=0 newCols=59 posCandidates=59 duplicateCandidates=0 updatedCols=0 zeroObjImproveIters=2 objFirst=144182792.082708 objLast=174556914.301955 objGain=30374122.219247 maxRC=59519752.128890 wallSec=0.006813 pricingSec=0.004281 cplexSolveSec=0.001400
      [BB] 根节点即为整数解，obj=174556914.301955
    [CG] CG iter 1: obj=143976558.521445, maxRC=59519752.128890, +23 cols
    [CG]   [DIAG] iter=1 posCols=23 newCols=23 effImprove=23 updated=0
    [CG] CG iter 1: obj=143674205.478609, maxRC=59493649.736825, +23 cols
    [CG]   [DIAG] iter=1 posCols=23 newCols=23 effImprove=23 updated=0
    [CG] CG iter 2: obj=160874852.499437, maxRC=10623485.371715, +16 cols
    [CG]   [DIAG] iter=2 posCols=16 newCols=16 effImprove=16 updated=0
    [CG] CG iter 2: obj=160787667.882731, maxRC=10610041.737058, +17 cols
    [CG]   [DIAG] iter=2 posCols=17 newCols=17 effImprove=17 updated=0
    [CG] CG iter 3: obj=164981480.605659, maxRC=5080312.644978, +14 cols
    [CG]   [DIAG] iter=3 posCols=14 newCols=14 effImprove=14 updated=0
    [CG] CG iter 4: obj=174348028.792243, maxRC=2655978.032040, +5 cols
    [CG]   [DIAG] iter=4 posCols=5 newCols=5 effImprove=5 updated=0
    [CG] CG iter 5: obj=174348028.792243, maxRC=597117.090833, +1 cols
    [CG]   [DIAG] iter=5 posCols=1 newCols=1 effImprove=1 updated=0
    [CG] CG iter 3: obj=167365547.697297, maxRC=6241345.299695, +11 cols
    [CG]   [DIAG] iter=3 posCols=11 newCols=11 effImprove=11 updated=0
    [CG] 列生成收敛，共 6 轮迭代
    [CG] [CG-NODE] depth=0 exit=CERTIFIED certified=1 feasible=1 iters=6 generatedColsBeforeNode=0 newCols=59 posCandidates=59 duplicateCandidates=0 updatedCols=0 zeroObjImproveIters=2 objFirst=143976558.521445 objLast=174348028.792243 objGain=30371470.270798 maxRC=59519752.128890 wallSec=0.011142 pricingSec=0.007236 cplexSolveSec=0.002159
      [BB] 根节点即为整数解，obj=174348028.792243
    [CG] CG iter 4: obj=169965271.421453, maxRC=4141077.193172, +5 cols
    [CG]   [DIAG] iter=4 posCols=5 newCols=5 effImprove=5 updated=0
    [CG] 列生成收敛，共 5 轮迭代
    [CG] [CG-NODE] depth=0 exit=CERTIFIED certified=1 feasible=1 iters=5 generatedColsBeforeNode=0 newCols=56 posCandidates=56 duplicateCandidates=0 updatedCols=0 zeroObjImproveIters=0 objFirst=143674205.478609 objLast=174184975.330385 objGain=30510769.851776 maxRC=59493649.736825 wallSec=0.013912 pricingSec=0.009767 cplexSolveSec=0.002349
      [BB] 根节点即为整数解，obj=174184975.330385
[GA] 代数 7: Best=174587336.27, Avg=174400870.24, Worst=174057880.55, Valid=30/30, 耗时=0.06s (连续7代未提升)
  ├─ 求解: 30 个体 fork 并行 | CG迭代=153 加列=1617 BB分支=0
  ├─ 并行墙钟=0.0573s | 串行等效(ΣBP)=0.3713s | 加速比=6.47x
  ├─ 管理开销=-0.3139s (fork=0.0044 wait=0.0525 merge=0.0004)
  └─ CG明细: gen_logs/run_gen7_ind{0..29}.log
    [CG] 列生成开始，初始列数=128
    [CG] 列生成开始，初始列数=128
    [CG] 列生成开始，初始列数=128
    [CG] 列生成开始，初始列数=128
    [CG] 列生成开始，初始列数=128
    [CG] 列生成开始，初始列数=128
    [CG] 列生成开始，初始列数=128
    [CG] 列生成开始，初始列数=128
    [CG] CG iter 1: obj=144096496.799402, maxRC=59499812.409528, +23 cols
    [CG]   [DIAG] iter=1 posCols=23 newCols=23 effImprove=23 updated=0
    [CG] CG iter 1: obj=143863201.638908, maxRC=59482657.642458, +23 cols
    [CG]   [DIAG] iter=1 posCols=23 newCols=23 effImprove=23 updated=0
    [CG] CG iter 2: obj=160948122.368478, maxRC=10627948.408506, +16 cols
    [CG]   [DIAG] iter=2 posCols=16 newCols=16 effImprove=16 updated=0
    [CG] CG iter 2: obj=160924640.964224, maxRC=10608257.114813, +17 cols
    [CG]   [DIAG] iter=2 posCols=17 newCols=17 effImprove=17 updated=0
    [CG] CG iter 3: obj=165043958.026971, maxRC=5112474.469839, +14 cols
    [CG]   [DIAG] iter=3 posCols=14 newCols=14 effImprove=14 updated=0
    [CG] CG iter 3: obj=167574524.890527, maxRC=6204172.269236, +12 cols
    [CG]   [DIAG] iter=3 posCols=12 newCols=12 effImprove=12 updated=0
    [CG] CG iter 4: obj=174448193.748477, maxRC=2669391.332667, +5 cols
    [CG]   [DIAG] iter=4 posCols=5 newCols=5 effImprove=5 updated=0
    [CG] CG iter 4: obj=170221959.810169, maxRC=4197861.789069, +5 cols
    [CG]   [DIAG] iter=4 posCols=5 newCols=5 effImprove=5 updated=0
    [CG] CG iter 5: obj=174448193.748477, maxRC=677026.260246, +1 cols
    [CG]   [DIAG] iter=5 posCols=1 newCols=1 effImprove=1 updated=0
    [CG] 列生成收敛，共 6 轮迭代
    [CG] [CG-NODE] depth=0 exit=CERTIFIED certified=1 feasible=1 iters=6 generatedColsBeforeNode=0 newCols=59 posCandidates=59 duplicateCandidates=0 updatedCols=0 zeroObjImproveIters=2 objFirst=144096496.799402 objLast=174448193.748477 objGain=30351696.949075 maxRC=59499812.409528 wallSec=0.008031 pricingSec=0.005031 cplexSolveSec=0.001703
    [CG] 列生成收敛，共 5 轮迭代
    [CG] [CG-NODE] depth=0 exit=CERTIFIED certified=1 feasible=1 iters=5 generatedColsBeforeNode=0 newCols=57 posCandidates=57 duplicateCandidates=0 updatedCols=0 zeroObjImproveIters=0 objFirst=143863201.638908 objLast=174441686.427574 objGain=30578484.788666 maxRC=59482657.642458 wallSec=0.008466 pricingSec=0.005468 cplexSolveSec=0.001625
      [BB] 根节点即为整数解，obj=174448193.748477
      [BB] 根节点即为整数解，obj=174441686.427574
    [CG] CG iter 1: obj=144152845.186975, maxRC=59519752.128890, +23 cols
    [CG]   [DIAG] iter=1 posCols=23 newCols=23 effImprove=23 updated=0
    [CG] CG iter 2: obj=161024984.727176, maxRC=10623485.371715, +16 cols
    [CG]   [DIAG] iter=2 posCols=16 newCols=16 effImprove=16 updated=0
    [CG] CG iter 1: obj=144025393.219512, maxRC=59386475.461909, +23 cols
    [CG] 列生成开始，初始列数=128
    [CG] 列生成开始，初始列数=128
    [CG]   [DIAG] iter=1 posCols=23 newCols=23 effImprove=23 updated=0
    [CG] CG iter 1: obj=143649944.083913, maxRC=59482093.947200, +23 cols
    [CG] CG iter 3: obj=165122521.733357, maxRC=5109038.932198, +14 cols
    [CG]   [DIAG] iter=3 posCols=14 newCols=14 effImprove=14 updated=0
    [CG]   [DIAG] iter=1 posCols=23 newCols=23 effImprove=23 updated=0
    [CG] CG iter 1: obj=143797389.042326, maxRC=59507208.704728, +23 cols
    [CG]   [DIAG] iter=1 posCols=23 newCols=23 effImprove=23 updated=0
    [CG] CG iter 4: obj=174525810.744572, maxRC=2667955.913234, +5 cols
    [CG]   [DIAG] iter=4 posCols=5 newCols=5 effImprove=5 updated=0
    [CG] CG iter 2: obj=160789163.552376, maxRC=10555921.736969, +16 cols
    [CG] CG iter 1: obj=144066591.979922, maxRC=59518388.320511, +23 cols
    [CG]   [DIAG] iter=2 posCols=16 newCols=16 effImprove=16 updated=0
    [CG] CG iter 5: obj=174525810.744572, maxRC=656970.894085, +1 cols
    [CG] CG iter 2: obj=160847110.891631, maxRC=10614350.184423, +17 cols
    [CG]   [DIAG] iter=5 posCols=1 newCols=1 effImprove=1 updated=0
    [CG]   [DIAG] iter=2 posCols=17 newCols=17 effImprove=17 updated=0
    [CG] CG iter 2: obj=160911917.242826, maxRC=9540883.686771, +17 cols
    [CG]   [DIAG] iter=2 posCols=17 newCols=17 effImprove=17 updated=0
    [CG]   [DIAG] iter=1 posCols=23 newCols=23 effImprove=23 updated=0
    [CG] 列生成收敛，共 6 轮迭代
    [CG] [CG-NODE] depth=0 exit=CERTIFIED certified=1 feasible=1 iters=6 generatedColsBeforeNode=0 newCols=59 posCandidates=59 duplicateCandidates=0 updatedCols=0 zeroObjImproveIters=2 objFirst=144152845.186975 objLast=174525810.744572 objGain=30372965.557597 maxRC=59519752.128890 wallSec=0.016534 pricingSec=0.011061 cplexSolveSec=0.002804
      [BB] 根节点即为整数解，obj=174525810.744572
    [CG] CG iter 3: obj=174325566.760490, maxRC=1947566.102220, +7 cols
    [CG]   [DIAG] iter=3 posCols=7 newCols=7 effImprove=7 updated=0
    [CG] CG iter 3: obj=167428057.605228, maxRC=6228343.627352, +11 cols
    [CG]   [DIAG] iter=3 posCols=11 newCols=11 effImprove=11 updated=0
    [CG] CG iter 3: obj=164902385.277352, maxRC=5117332.555760, +14 cols
    [CG]   [DIAG] iter=3 posCols=14 newCols=14 effImprove=14 updated=0
    [CG] CG iter 1: obj=143979557.725407, maxRC=59501472.935003, +23 cols
    [CG] CG iter 4: obj=174325566.760490, maxRC=589120.829920, +2 cols
    [CG]   [DIAG] iter=4 posCols=2 newCols=2 effImprove=2 updated=0
    [CG] CG iter 4: obj=170023873.180676, maxRC=4139487.921735, +5 cols
    [CG]   [DIAG] iter=1 posCols=23 newCols=23 effImprove=23 updated=0
    [CG]   [DIAG] iter=4 posCols=5 newCols=5 effImprove=5 updated=0
    [CG] CG iter 4: obj=174325390.432684, maxRC=2671427.590685, +6 cols
    [CG] CG iter 2: obj=160977998.498793, maxRC=10622427.628388, +16 cols
    [CG]   [DIAG] iter=4 posCols=6 newCols=6 effImprove=6 updated=0
    [CG]   [DIAG] iter=2 posCols=16 newCols=16 effImprove=16 updated=0
    [CG] 列生成收敛，共 5 轮迭代
    [CG] [CG-NODE] depth=0 exit=CERTIFIED certified=1 feasible=1 iters=5 generatedColsBeforeNode=0 newCols=56 posCandidates=56 duplicateCandidates=0 updatedCols=0 zeroObjImproveIters=0 objFirst=143649944.083913 objLast=174244226.500654 objGain=30594282.416740 maxRC=59482093.947200 wallSec=0.018122 pricingSec=0.012659 cplexSolveSec=0.002635
    [CG] CG iter 5: obj=174325566.760490, maxRC=542480.515743, +3 cols
    [CG]   [DIAG] iter=5 posCols=3 newCols=3 effImprove=3 updated=0
    [CG] CG iter 5: obj=174345605.536864, maxRC=705949.741810, +1 cols
    [CG] 列生成开始，初始列数=128
    [CG]   [DIAG] iter=5 posCols=1 newCols=1 effImprove=1 updated=0
      [BB] 根节点即为整数解，obj=174244226.500654
    [CG] 列生成收敛，共 6 轮迭代
    [CG] [CG-NODE] depth=0 exit=CERTIFIED certified=1 feasible=1 iters=6 generatedColsBeforeNode=0 newCols=60 posCandidates=60 duplicateCandidates=0 updatedCols=0 zeroObjImproveIters=1 objFirst=144025393.219512 objLast=174345605.536864 objGain=30320212.317352 maxRC=59386475.461909 wallSec=0.018958 pricingSec=0.012728 cplexSolveSec=0.002854
    [CG] 列生成收敛，共 6 轮迭代
    [CG] [CG-NODE] depth=0 exit=CERTIFIED certified=1 feasible=1 iters=6 generatedColsBeforeNode=0 newCols=52 posCandidates=52 duplicateCandidates=0 updatedCols=0 zeroObjImproveIters=3 objFirst=143797389.042326 objLast=174325566.760490 objGain=30528177.718164 maxRC=59507208.704728 wallSec=0.018375 pricingSec=0.013336 cplexSolveSec=0.002817
      [BB] 根节点即为整数解，obj=174345605.536864
      [BB] 根节点即为整数解，obj=174325566.760490
    [CG] CG iter 2: obj=160983644.435382, maxRC=10633945.326826, +17 cols
    [CG] CG iter 3: obj=165081983.930769, maxRC=5112705.182672, +14 cols
    [CG]   [DIAG] iter=2 posCols=17 newCols=17 effImprove=17 updated=0
    [CG]   [DIAG] iter=3 posCols=14 newCols=14 effImprove=14 updated=0
    [CG] CG iter 4: obj=174483848.448625, maxRC=2669487.797271, +5 cols
    [CG]   [DIAG] iter=4 posCols=5 newCols=5 effImprove=5 updated=0
    [CG] CG iter 3: obj=167545696.172960, maxRC=6233282.571399, +11 cols
    [CG]   [DIAG] iter=3 posCols=11 newCols=11 effImprove=11 updated=0
    [CG] CG iter 5: obj=174483848.448625, maxRC=654410.485307, +1 cols
    [CG]   [DIAG] iter=5 posCols=1 newCols=1 effImprove=1 updated=0
    [CG] 列生成开始，初始列数=128
    [CG] 列生成收敛，共 6 轮迭代
    [CG] [CG-NODE] depth=0 exit=CERTIFIED certified=1 feasible=1 iters=6 generatedColsBeforeNode=0 newCols=59 posCandidates=59 duplicateCandidates=0 updatedCols=0 zeroObjImproveIters=2 objFirst=144066591.979922 objLast=174483848.448625 objGain=30417256.468703 maxRC=59518388.320511 wallSec=0.021158 pricingSec=0.015271 cplexSolveSec=0.002721
    [CG] CG iter 4: obj=170120326.502707, maxRC=4117345.919176, +5 cols
    [CG]   [DIAG] iter=4 posCols=5 newCols=5 effImprove=5 updated=0
      [BB] 根节点即为整数解，obj=174483848.448625
    [CG] 列生成开始，初始列数=128
    [CG] CG iter 1: obj=143879799.778838, maxRC=59488670.220021, +23 cols
    [CG] 列生成开始，初始列数=128
    [CG]   [DIAG] iter=1 posCols=23 newCols=23 effImprove=23 updated=0
    [CG] 列生成收敛，共 5 轮迭代
    [CG] [CG-NODE] depth=0 exit=CERTIFIED certified=1 feasible=1 iters=5 generatedColsBeforeNode=0 newCols=56 posCandidates=56 duplicateCandidates=0 updatedCols=0 zeroObjImproveIters=0 objFirst=143979557.725407 objLast=174333182.426132 objGain=30353624.700724 maxRC=59501472.935003 wallSec=0.021426 pricingSec=0.016160 cplexSolveSec=0.002763
      [BB] 根节点即为整数解，obj=174333182.426132
    [CG] CG iter 1: obj=143701704.043973, maxRC=59386744.224126, +23 cols
    [CG]   [DIAG] iter=1 posCols=23 newCols=23 effImprove=23 updated=0
    [CG] CG iter 1: obj=144183482.546819, maxRC=59519752.128890, +23 cols
    [CG] CG iter 2: obj=160981208.661979, maxRC=10627338.387499, +17 cols
    [CG]   [DIAG] iter=2 posCols=17 newCols=17 effImprove=17 updated=0
    [CG]   [DIAG] iter=1 posCols=23 newCols=23 effImprove=23 updated=0
    [CG] 列生成开始，初始列数=128
    [CG] CG iter 2: obj=160680840.214134, maxRC=10546511.535421, +17 cols
    [CG]   [DIAG] iter=2 posCols=17 newCols=17 effImprove=17 updated=0
    [CG] CG iter 2: obj=161046740.046052, maxRC=10623485.371715, +16 cols
    [CG]   [DIAG] iter=2 posCols=16 newCols=16 effImprove=16 updated=0
    [CG] CG iter 3: obj=167621176.553269, maxRC=6202334.845455, +12 cols
    [CG]   [DIAG] iter=3 posCols=12 newCols=12 effImprove=12 updated=0
    [CG] 列生成开始，初始列数=128
    [CG] CG iter 3: obj=165145454.503175, maxRC=5118128.238817, +14 cols
    [CG]   [DIAG] iter=3 posCols=14 newCols=14 effImprove=14 updated=0
    [CG] CG iter 3: obj=167337399.347173, maxRC=6210634.164549, +12 cols
    [CG] CG iter 4: obj=170270999.835056, maxRC=4189729.426119, +5 cols
    [CG]   [DIAG] iter=4 posCols=5 newCols=5 effImprove=5 updated=0
    [CG]   [DIAG] iter=3 posCols=12 newCols=12 effImprove=12 updated=0
    [CG] CG iter 4: obj=174557731.932698, maxRC=2671769.720189, +5 cols
    [CG]   [DIAG] iter=4 posCols=5 newCols=5 effImprove=5 updated=0
    [CG] 列生成收敛，共 5 轮迭代
    [CG] [CG-NODE] depth=0 exit=CERTIFIED certified=1 feasible=1 iters=5 generatedColsBeforeNode=0 newCols=57 posCandidates=57 duplicateCandidates=0 updatedCols=0 zeroObjImproveIters=0 objFirst=143879799.778838 objLast=174485892.608408 objGain=30606092.829570 maxRC=59488670.220021 wallSec=0.015626 pricingSec=0.009708 cplexSolveSec=0.002860
    [CG] CG iter 4: obj=174229250.132160, maxRC=1140360.913457, +2 cols
    [CG]   [DIAG] iter=4 posCols=2 newCols=2 effImprove=2 updated=0
    [CG] CG iter 5: obj=174557731.932698, maxRC=671815.848844, +1 cols
    [CG]   [DIAG] iter=5 posCols=1 newCols=1 effImprove=1 updated=0
      [BB] 根节点即为整数解，obj=174485892.608408
    [CG] 列生成收敛，共 6 轮迭代
    [CG] [CG-NODE] depth=0 exit=CERTIFIED certified=1 feasible=1 iters=6 generatedColsBeforeNode=0 newCols=59 posCandidates=59 duplicateCandidates=0 updatedCols=0 zeroObjImproveIters=2 objFirst=144183482.546819 objLast=174557731.932698 objGain=30374249.385878 maxRC=59519752.128890 wallSec=0.008777 pricingSec=0.005499 cplexSolveSec=0.001659
    [CG] 列生成收敛，共 5 轮迭代
      [BB] 根节点即为整数解，obj=174557731.932698
    [CG] [CG-NODE] depth=0 exit=CERTIFIED certified=1 feasible=1 iters=5 generatedColsBeforeNode=0 newCols=54 posCandidates=54 duplicateCandidates=0 updatedCols=0 zeroObjImproveIters=1 objFirst=143701704.043973 objLast=174229250.132160 objGain=30527546.088187 maxRC=59386744.224126 wallSec=0.016554 pricingSec=0.010369 cplexSolveSec=0.003135
      [BB] 根节点即为整数解，obj=174229250.132160
    [CG] 列生成开始，初始列数=128
    [CG] CG iter 1: obj=144184313.614832, maxRC=59519752.128890, +23 cols
    [CG]   [DIAG] iter=1 posCols=23 newCols=23 effImprove=23 updated=0
    [CG] 列生成开始，初始列数=128
    [CG] CG iter 2: obj=161047438.306889, maxRC=10623485.371715, +16 cols
    [CG]   [DIAG] iter=2 posCols=16 newCols=16 effImprove=16 updated=0
    [CG] 列生成开始，初始列数=128
    [CG] CG iter 1: obj=144182745.463400, maxRC=59519749.227507, +23 cols
    [CG]   [DIAG] iter=1 posCols=23 newCols=23 effImprove=23 updated=0
    [CG] CG iter 3: obj=165146081.328839, maxRC=5118128.238817, +14 cols
    [CG]   [DIAG] iter=3 posCols=14 newCols=14 effImprove=14 updated=0
    [CG] CG iter 1: obj=144028868.105753, maxRC=59519752.128890, +23 cols
    [CG]   [DIAG] iter=1 posCols=23 newCols=23 effImprove=23 updated=0
    [CG] CG iter 4: obj=174558430.193535, maxRC=2671769.720189, +5 cols
    [CG]   [DIAG] iter=4 posCols=5 newCols=5 effImprove=5 updated=0
    [CG] CG iter 1: obj=144157269.755140, maxRC=59519438.190230, +23 cols
    [CG]   [DIAG] iter=1 posCols=23 newCols=23 effImprove=23 updated=0
    [CG] CG iter 5: obj=174558430.193535, maxRC=671939.383596, +1 cols
    [CG]   [DIAG] iter=5 posCols=1 newCols=1 effImprove=1 updated=0
    [CG] CG iter 2: obj=161047330.253481, maxRC=10623485.371715, +16 cols
    [CG]   [DIAG] iter=2 posCols=16 newCols=16 effImprove=16 updated=0
    [CG] CG iter 1: obj=144130817.182705, maxRC=59519841.705323, +23 cols
    [CG] 列生成收敛，共 6 轮迭代
    [CG] [CG-NODE] depth=0 exit=CERTIFIED certified=1 feasible=1 iters=6 generatedColsBeforeNode=0 newCols=59 posCandidates=59 duplicateCandidates=0 updatedCols=0 zeroObjImproveIters=2 objFirst=144184313.614832 objLast=174558430.193535 objGain=30374116.578703 maxRC=59519752.128890 wallSec=0.009069 pricingSec=0.005843 cplexSolveSec=0.001837
    [CG] CG iter 2: obj=161047458.700647, maxRC=10623485.371715, +17 cols
    [CG]   [DIAG] iter=1 posCols=23 newCols=23 effImprove=23 updated=0
    [CG]   [DIAG] iter=2 posCols=17 newCols=17 effImprove=17 updated=0
      [BB] 根节点即为整数解，obj=174558430.193535
    [CG] CG iter 2: obj=161028327.910505, maxRC=10645826.660021, +16 cols
    [CG]   [DIAG] iter=2 posCols=16 newCols=16 effImprove=16 updated=0
    [CG] CG iter 3: obj=165144510.597526, maxRC=5118128.238817, +14 cols
    [CG]   [DIAG] iter=3 posCols=14 newCols=14 effImprove=14 updated=0
    [CG] CG iter 2: obj=160997228.379943, maxRC=10623512.670546, +16 cols
    [CG]   [DIAG] iter=2 posCols=16 newCols=16 effImprove=16 updated=0
    [CG] CG iter 3: obj=167617329.816357, maxRC=6236019.060997, +11 cols
    [CG]   [DIAG] iter=3 posCols=11 newCols=11 effImprove=11 updated=0
    [CG] CG iter 4: obj=174556914.301955, maxRC=2671769.720189, +5 cols
    [CG]   [DIAG] iter=4 posCols=5 newCols=5 effImprove=5 updated=0
    [CG] CG iter 3: obj=165095847.688577, maxRC=5112474.469839, +14 cols
    [CG] CG iter 4: obj=170187513.770154, maxRC=4116144.598315, +5 cols
    [CG] CG iter 3: obj=165118963.129094, maxRC=5118128.238817, +14 cols
    [CG] 列生成开始，初始列数=128
    [CG]   [DIAG] iter=4 posCols=5 newCols=5 effImprove=5 updated=0
    [CG]   [DIAG] iter=3 posCols=14 newCols=14 effImprove=14 updated=0
    [CG]   [DIAG] iter=3 posCols=14 newCols=14 effImprove=14 updated=0
    [CG] CG iter 1: obj=143886517.293854, maxRC=59519752.128890, +23 cols
    [CG] CG iter 5: obj=174556914.301955, maxRC=671427.554399, +1 cols
    [CG]   [DIAG] iter=5 posCols=1 newCols=1 effImprove=1 updated=0
    [CG]   [DIAG] iter=1 posCols=23 newCols=23 effImprove=23 updated=0
    [CG] CG iter 4: obj=174502524.377396, maxRC=2669391.332667, +5 cols
    [CG]   [DIAG] iter=4 posCols=5 newCols=5 effImprove=5 updated=0
    [CG] 列生成收敛，共 5 轮迭代
    [CG] [CG-NODE] depth=0 exit=CERTIFIED certified=1 feasible=1 iters=5 generatedColsBeforeNode=0 newCols=56 posCandidates=56 duplicateCandidates=0 updatedCols=0 zeroObjImproveIters=0 objFirst=144028868.105753 objLast=174405909.858025 objGain=30377041.752272 maxRC=59519752.128890 wallSec=0.014280 pricingSec=0.009752 cplexSolveSec=0.002417
    [CG] 列生成收敛，共 6 轮迭代
    [CG] [CG-NODE] depth=0 exit=CERTIFIED certified=1 feasible=1 iters=6 generatedColsBeforeNode=0 newCols=59 posCandidates=59 duplicateCandidates=0 updatedCols=0 zeroObjImproveIters=2 objFirst=144182745.463400 objLast=174556914.301955 objGain=30374168.838555 maxRC=59519749.227507 wallSec=0.014923 pricingSec=0.009988 cplexSolveSec=0.002708
    [CG] CG iter 4: obj=174524792.039715, maxRC=2671769.720189, +5 cols
    [CG]   [DIAG] iter=4 posCols=5 newCols=5 effImprove=5 updated=0
      [BB] 根节点即为整数解，obj=174405909.858025
      [BB] 根节点即为整数解，obj=174556914.301955
    [CG] CG iter 1: obj=143983915.515050, maxRC=59404734.330601, +23 cols
    [CG] CG iter 2: obj=160874853.680559, maxRC=10623479.978949, +16 cols
    [CG] CG iter 5: obj=174502524.377396, maxRC=662809.431567, +1 cols
    [CG]   [DIAG] iter=5 posCols=1 newCols=1 effImprove=1 updated=0
    [CG]   [DIAG] iter=2 posCols=16 newCols=16 effImprove=16 updated=0
    [CG]   [DIAG] iter=1 posCols=23 newCols=23 effImprove=23 updated=0
    [CG] CG iter 5: obj=174524792.039715, maxRC=679652.396683, +1 cols
    [CG]   [DIAG] iter=5 posCols=1 newCols=1 effImprove=1 updated=0
    [CG] 列生成收敛，共 6 轮迭代
    [CG] [CG-NODE] depth=0 exit=CERTIFIED certified=1 feasible=1 iters=6 generatedColsBeforeNode=0 newCols=59 posCandidates=59 duplicateCandidates=0 updatedCols=0 zeroObjImproveIters=2 objFirst=144130817.182705 objLast=174502524.377396 objGain=30371707.194691 maxRC=59519841.705323 wallSec=0.011831 pricingSec=0.008163 cplexSolveSec=0.002176
      [BB] 根节点即为整数解，obj=174502524.377396
    [CG] CG iter 3: obj=164981482.667784, maxRC=5080312.644978, +14 cols
    [CG]   [DIAG] iter=3 posCols=14 newCols=14 effImprove=14 updated=0
    [CG] 列生成收敛，共 6 轮迭代
    [CG] [CG-NODE] depth=0 exit=CERTIFIED certified=1 feasible=1 iters=6 generatedColsBeforeNode=0 newCols=59 posCandidates=59 duplicateCandidates=0 updatedCols=0 zeroObjImproveIters=2 objFirst=144157269.755140 objLast=174524792.039715 objGain=30367522.284575 maxRC=59519438.190230 wallSec=0.015602 pricingSec=0.010493 cplexSolveSec=0.002852
    [CG] CG iter 2: obj=160754318.782216, maxRC=10548982.041645, +16 cols
    [CG]   [DIAG] iter=2 posCols=16 newCols=16 effImprove=16 updated=0
      [BB] 根节点即为整数解，obj=174524792.039715
    [CG] CG iter 4: obj=174348032.629340, maxRC=2655978.032040, +5 cols
    [CG]   [DIAG] iter=4 posCols=5 newCols=5 effImprove=5 updated=0
    [CG] CG iter 5: obj=174348032.629340, maxRC=597114.766924, +1 cols
    [CG]   [DIAG] iter=5 posCols=1 newCols=1 effImprove=1 updated=0
    [CG] 列生成收敛，共 6 轮迭代
    [CG] [CG-NODE] depth=0 exit=CERTIFIED certified=1 feasible=1 iters=6 generatedColsBeforeNode=0 newCols=59 posCandidates=59 duplicateCandidates=0 updatedCols=0 zeroObjImproveIters=2 objFirst=143886517.293854 objLast=174348032.629340 objGain=30461515.335486 maxRC=59519752.128890 wallSec=0.009490 pricingSec=0.006337 cplexSolveSec=0.001822
    [CG] CG iter 3: obj=164868894.726720, maxRC=5077865.242905, +14 cols
    [CG] 列生成开始，初始列数=128
    [CG]   [DIAG] iter=3 posCols=14 newCols=14 effImprove=14 updated=0
      [BB] 根节点即为整数解，obj=174348032.629340
    [CG] 列生成开始，初始列数=128
    [CG] CG iter 4: obj=174256932.060050, maxRC=2654958.341688, +5 cols
    [CG]   [DIAG] iter=4 posCols=5 newCols=5 effImprove=5 updated=0
    [CG] 列生成开始，初始列数=128
    [CG] CG iter 1: obj=143762976.826873, maxRC=59506390.395300, +23 cols
    [CG] 列生成开始，初始列数=128
    [CG] CG iter 5: obj=174256932.060050, maxRC=653361.651737, +1 cols
    [CG]   [DIAG] iter=5 posCols=1 newCols=1 effImprove=1 updated=0
    [CG]   [DIAG] iter=1 posCols=23 newCols=23 effImprove=23 updated=0
    [CG] CG iter 1: obj=144087991.507497, maxRC=59499812.409528, +23 cols
    [CG]   [DIAG] iter=1 posCols=23 newCols=23 effImprove=23 updated=0
    [CG] 列生成收敛，共 6 轮迭代
    [CG] [CG-NODE] depth=0 exit=CERTIFIED certified=1 feasible=1 iters=6 generatedColsBeforeNode=0 newCols=59 posCandidates=59 duplicateCandidates=0 updatedCols=0 zeroObjImproveIters=2 objFirst=143983915.515050 objLast=174256932.060050 objGain=30273016.545000 maxRC=59404734.330601 wallSec=0.012280 pricingSec=0.008147 cplexSolveSec=0.002437
      [BB] 根节点即为整数解，obj=174256932.060050
    [CG] CG iter 2: obj=160968872.165275, maxRC=10610205.914732, +16 cols
    [CG] CG iter 2: obj=160879284.799382, maxRC=10649819.912584, +17 cols
    [CG]   [DIAG] iter=2 posCols=16 newCols=16 effImprove=16 updated=0
    [CG]   [DIAG] iter=2 posCols=17 newCols=17 effImprove=17 updated=0
    [CG] CG iter 3: obj=165070937.888848, maxRC=5118141.437437, +14 cols
    [CG]   [DIAG] iter=3 posCols=14 newCols=14 effImprove=14 updated=0
    [CG] CG iter 3: obj=167507392.210650, maxRC=6197682.229173, +12 cols
    [CG]   [DIAG] iter=3 posCols=12 newCols=12 effImprove=12 updated=0
    [CG] CG iter 4: obj=174485206.373222, maxRC=2671774.116017, +5 cols
    [CG]   [DIAG] iter=4 posCols=5 newCols=5 effImprove=5 updated=0
    [CG] CG iter 5: obj=174485206.373222, maxRC=678592.023844, +1 cols
    [CG]   [DIAG] iter=5 posCols=1 newCols=1 effImprove=1 updated=0
    [CG] CG iter 4: obj=170155498.481287, maxRC=4173946.036656, +5 cols
    [CG]   [DIAG] iter=4 posCols=5 newCols=5 effImprove=5 updated=0
    [CG] 列生成收敛，共 6 轮迭代
    [CG] [CG-NODE] depth=0 exit=CERTIFIED certified=1 feasible=1 iters=6 generatedColsBeforeNode=0 newCols=59 posCandidates=59 duplicateCandidates=0 updatedCols=0 zeroObjImproveIters=2 objFirst=144087991.507497 objLast=174485206.373222 objGain=30397214.865726 maxRC=59499812.409528 wallSec=0.008814 pricingSec=0.005901 cplexSolveSec=0.001536
      [BB] 根节点即为整数解，obj=174485206.373222
    [CG] 列生成收敛，共 5 轮迭代
    [CG] [CG-NODE] depth=0 exit=CERTIFIED certified=1 feasible=1 iters=5 generatedColsBeforeNode=0 newCols=57 posCandidates=57 duplicateCandidates=0 updatedCols=0 zeroObjImproveIters=0 objFirst=143762976.826873 objLast=174367737.400372 objGain=30604760.573499 maxRC=59506390.395300 wallSec=0.013907 pricingSec=0.009711 cplexSolveSec=0.002214
      [BB] 根节点即为整数解，obj=174367737.400372
    [CG] CG iter 1: obj=143785505.035199, maxRC=59398894.066970, +23 cols
    [CG]   [DIAG] iter=1 posCols=23 newCols=23 effImprove=23 updated=0
    [CG] CG iter 1: obj=144032957.831214, maxRC=59494559.120427, +23 cols
    [CG]   [DIAG] iter=1 posCols=23 newCols=23 effImprove=23 updated=0
    [CG] CG iter 2: obj=160761724.863081, maxRC=10571638.609269, +16 cols
    [CG]   [DIAG] iter=2 posCols=16 newCols=16 effImprove=16 updated=0
    [CG] CG iter 2: obj=160900440.388553, maxRC=10607878.691796, +16 cols
    [CG]   [DIAG] iter=2 posCols=16 newCols=16 effImprove=16 updated=0
    [CG] CG iter 3: obj=164753746.737589, maxRC=5110725.242835, +14 cols
    [CG]   [DIAG] iter=3 posCols=14 newCols=14 effImprove=14 updated=0
    [CG] CG iter 1: obj=144039617.977273, maxRC=59385930.854496, +23 cols
    [CG]   [DIAG] iter=1 posCols=23 newCols=23 effImprove=23 updated=0
    [CG] CG iter 3: obj=165003945.193125, maxRC=5117332.555760, +14 cols
    [CG] CG iter 4: obj=174174823.597130, maxRC=2668660.271336, +5 cols
    [CG]   [DIAG] iter=3 posCols=14 newCols=14 effImprove=14 updated=0
    [CG]   [DIAG] iter=4 posCols=5 newCols=5 effImprove=5 updated=0
    [CG] CG iter 1: obj=144006834.406169, maxRC=59519438.190230, +23 cols
    [CG]   [DIAG] iter=1 posCols=23 newCols=23 effImprove=23 updated=0
    [CG] CG iter 5: obj=174174823.597130, maxRC=653971.787373, +1 cols
    [CG]   [DIAG] iter=5 posCols=1 newCols=1 effImprove=1 updated=0
    [CG] CG iter 4: obj=174416921.081976, maxRC=2671427.590685, +5 cols
    [CG]   [DIAG] iter=4 posCols=5 newCols=5 effImprove=5 updated=0
    [CG] 列生成收敛，共 6 轮迭代
    [CG] [CG-NODE] depth=0 exit=CERTIFIED certified=1 feasible=1 iters=6 generatedColsBeforeNode=0 newCols=59 posCandidates=59 duplicateCandidates=0 updatedCols=0 zeroObjImproveIters=2 objFirst=143785505.035199 objLast=174174823.597130 objGain=30389318.561931 maxRC=59398894.066970 wallSec=0.010125 pricingSec=0.006371 cplexSolveSec=0.002039
    [CG] CG iter 5: obj=174416921.081976, maxRC=677036.654404, +1 cols
    [CG]   [DIAG] iter=5 posCols=1 newCols=1 effImprove=1 updated=0
      [BB] 根节点即为整数解，obj=174174823.597130
    [CG] CG iter 2: obj=161028422.926364, maxRC=10645826.660021, +17 cols
    [CG]   [DIAG] iter=2 posCols=17 newCols=17 effImprove=17 updated=0
    [CG] CG iter 2: obj=160802222.012716, maxRC=10537829.995670, +16 cols
    [CG] 列生成收敛，共 6 轮迭代
    [CG] [CG-NODE] depth=0 exit=CERTIFIED certified=1 feasible=1 iters=6 generatedColsBeforeNode=0 newCols=59 posCandidates=59 duplicateCandidates=0 updatedCols=0 zeroObjImproveIters=2 objFirst=144032957.831214 objLast=174416921.081976 objGain=30383963.250762 maxRC=59494559.120427 wallSec=0.010122 pricingSec=0.006432 cplexSolveSec=0.001921
    [CG]   [DIAG] iter=2 posCols=16 newCols=16 effImprove=16 updated=0
      [BB] 根节点即为整数解，obj=174416921.081976
    [CG] CG iter 3: obj=167588136.039300, maxRC=6232830.860678, +11 cols
    [CG]   [DIAG] iter=3 posCols=11 newCols=11 effImprove=11 updated=0
    [CG] CG iter 4: obj=170162314.658326, maxRC=4109635.284265, +5 cols
    [CG] CG iter 3: obj=164920989.538941, maxRC=5117332.555760, +14 cols
    [CG]   [DIAG] iter=4 posCols=5 newCols=5 effImprove=5 updated=0
    [CG]   [DIAG] iter=3 posCols=14 newCols=14 effImprove=14 updated=0
    [CG] 列生成收敛，共 5 轮迭代
    [CG] [CG-NODE] depth=0 exit=CERTIFIED certified=1 feasible=1 iters=5 generatedColsBeforeNode=0 newCols=56 posCandidates=56 duplicateCandidates=0 updatedCols=0 zeroObjImproveIters=0 objFirst=144006834.406169 objLast=174373843.846356 objGain=30367009.440187 maxRC=59519438.190230 wallSec=0.013333 pricingSec=0.008609 cplexSolveSec=0.002392
      [BB] 根节点即为整数解，obj=174373843.846356
    [CG] CG iter 4: obj=174349197.812693, maxRC=2671427.590685, +6 cols
    [CG]   [DIAG] iter=4 posCols=6 newCols=6 effImprove=6 updated=0
    [CG] CG iter 5: obj=174369629.107031, maxRC=699751.515489, +1 cols
    [CG]   [DIAG] iter=5 posCols=1 newCols=1 effImprove=1 updated=0
    [CG] 列生成收敛，共 6 轮迭代
    [CG] [CG-NODE] depth=0 exit=CERTIFIED certified=1 feasible=1 iters=6 generatedColsBeforeNode=0 newCols=60 posCandidates=60 duplicateCandidates=0 updatedCols=0 zeroObjImproveIters=1 objFirst=144039617.977273 objLast=174369629.107031 objGain=30330011.129758 maxRC=59385930.854496 wallSec=0.014684 pricingSec=0.010169 cplexSolveSec=0.002538
      [BB] 根节点即为整数解，obj=174369629.107031
[GA] 代数 8: Best=174587336.27, Avg=174436437.84, Worst=174203709.28, Valid=30/30, 耗时=0.05s (连续8代未提升)
  ├─ 求解: 30 个体 fork 并行 | CG迭代=136 加列=1388 BB分支=0
  ├─ 并行墙钟=0.0527s | 串行等效(ΣBP)=0.3360s | 加速比=6.38x
  ├─ 管理开销=-0.2833s (fork=0.0036 wait=0.0487 merge=0.0003)
  └─ CG明细: gen_logs/run_gen8_ind{0..29}.log
    [CG] 列生成开始，初始列数=128
    [CG] 列生成开始，初始列数=128
    [CG] 列生成开始，初始列数=128
    [CG] 列生成开始，初始列数=128
    [CG] 列生成开始，初始列数=128
    [CG] 列生成开始，初始列数=128
    [CG] 列生成开始，初始列数=128
    [CG] 列生成开始，初始列数=128
    [CG] CG iter 1: obj=144066595.282709, maxRC=59518388.320511, +23 cols
    [CG]   [DIAG] iter=1 posCols=23 newCols=23 effImprove=23 updated=0
    [CG] CG iter 1: obj=144061114.326056, maxRC=59518388.320511, +23 cols
    [CG]   [DIAG] iter=1 posCols=23 newCols=23 effImprove=23 updated=0
    [CG] CG iter 2: obj=160978000.600452, maxRC=10622409.572591, +16 cols
    [CG]   [DIAG] iter=2 posCols=16 newCols=16 effImprove=16 updated=0
    [CG] CG iter 2: obj=160977998.498793, maxRC=10622427.628388, +16 cols
    [CG]   [DIAG] iter=2 posCols=16 newCols=16 effImprove=16 updated=0
    [CG] CG iter 1: obj=143725205.087826, maxRC=59488670.220021, +23 cols
    [CG]   [DIAG] iter=1 posCols=23 newCols=23 effImprove=23 updated=0
    [CG] CG iter 3: obj=165081988.509598, maxRC=5112705.182672, +14 cols
    [CG]   [DIAG] iter=3 posCols=14 newCols=14 effImprove=14 updated=0
    [CG] CG iter 1: obj=144058135.589214, maxRC=59519438.190230, +23 cols
    [CG] CG iter 3: obj=165076079.058581, maxRC=5112705.182672, +14 cols
    [CG]   [DIAG] iter=3 posCols=14 newCols=14 effImprove=14 updated=0
    [CG]   [DIAG] iter=1 posCols=23 newCols=23 effImprove=23 updated=0
    [CG] CG iter 4: obj=174483859.101427, maxRC=2669487.797271, +5 cols
    [CG]   [DIAG] iter=4 posCols=5 newCols=5 effImprove=5 updated=0
    [CG] CG iter 2: obj=160849832.289150, maxRC=10627338.387499, +17 cols
    [CG]   [DIAG] iter=2 posCols=17 newCols=17 effImprove=17 updated=0
    [CG] CG iter 4: obj=174478370.794759, maxRC=2669487.797271, +5 cols
    [CG]   [DIAG] iter=4 posCols=5 newCols=5 effImprove=5 updated=0
    [CG] CG iter 5: obj=174483859.101427, maxRC=654402.438412, +1 cols
    [CG]   [DIAG] iter=5 posCols=1 newCols=1 effImprove=1 updated=0
    [CG] CG iter 2: obj=160943566.486943, maxRC=10623166.630982, +16 cols
    [CG] CG iter 5: obj=174478370.794759, maxRC=652106.123941, +1 cols
    [CG]   [DIAG] iter=5 posCols=1 newCols=1 effImprove=1 updated=0
    [CG]   [DIAG] iter=2 posCols=16 newCols=16 effImprove=16 updated=0
    [CG] 列生成收敛，共 6 轮迭代
    [CG] [CG-NODE] depth=0 exit=CERTIFIED certified=1 feasible=1 iters=6 generatedColsBeforeNode=0 newCols=59 posCandidates=59 duplicateCandidates=0 updatedCols=0 zeroObjImproveIters=2 objFirst=144066595.282709 objLast=174483859.101427 objGain=30417263.818717 maxRC=59518388.320511 wallSec=0.006929 pricingSec=0.004410 cplexSolveSec=0.001360
    [CG] CG iter 3: obj=167478191.021348, maxRC=6213944.004546, +12 cols
    [CG]   [DIAG] iter=3 posCols=12 newCols=12 effImprove=12 updated=0
      [BB] 根节点即为整数解，obj=174483859.101427
    [CG] 列生成收敛，共 6 轮迭代
    [CG] [CG-NODE] depth=0 exit=CERTIFIED certified=1 feasible=1 iters=6 generatedColsBeforeNode=0 newCols=59 posCandidates=59 duplicateCandidates=0 updatedCols=0 zeroObjImproveIters=2 objFirst=144061114.326056 objLast=174478370.794759 objGain=30417256.468703 maxRC=59518388.320511 wallSec=0.007037 pricingSec=0.004460 cplexSolveSec=0.001411
      [BB] 根节点即为整数解，obj=174478370.794759
    [CG] CG iter 4: obj=170139623.462227, maxRC=4189729.426119, +5 cols
    [CG]   [DIAG] iter=4 posCols=5 newCols=5 effImprove=5 updated=0
    [CG] CG iter 1: obj=144055082.168546, maxRC=59403310.613387, +23 cols
    [CG] CG iter 3: obj=165043238.008625, maxRC=5079859.600002, +14 cols
    [CG]   [DIAG] iter=3 posCols=14 newCols=14 effImprove=14 updated=0
    [CG]   [DIAG] iter=1 posCols=23 newCols=23 effImprove=23 updated=0
    [CG] 列生成收敛，共 5 轮迭代
    [CG] [CG-NODE] depth=0 exit=CERTIFIED certified=1 feasible=1 iters=5 generatedColsBeforeNode=0 newCols=57 posCandidates=57 duplicateCandidates=0 updatedCols=0 zeroObjImproveIters=0 objFirst=143725205.087826 objLast=174354516.235579 objGain=30629311.147753 maxRC=59488670.220021 wallSec=0.007288 pricingSec=0.004780 cplexSolveSec=0.001312
      [BB] 根节点即为整数解，obj=174354516.235579
    [CG] CG iter 4: obj=174416312.465271, maxRC=2655789.269290, +5 cols
    [CG]   [DIAG] iter=4 posCols=5 newCols=5 effImprove=5 updated=0
    [CG] CG iter 1: obj=143735138.389916, maxRC=59486211.295957, +23 cols
    [CG] CG iter 2: obj=160830550.447333, maxRC=10548978.580230, +16 cols
    [CG]   [DIAG] iter=1 posCols=23 newCols=23 effImprove=23 updated=0
    [CG]   [DIAG] iter=2 posCols=16 newCols=16 effImprove=16 updated=0
    [CG] 列生成开始，初始列数=128
    [CG] CG iter 5: obj=174416312.465271, maxRC=609110.799490, +1 cols
    [CG]   [DIAG] iter=5 posCols=1 newCols=1 effImprove=1 updated=0
    [CG] CG iter 1: obj=143886463.071422, maxRC=59519752.128890, +23 cols
    [CG] 列生成收敛，共 6 轮迭代
    [CG] [CG-NODE] depth=0 exit=CERTIFIED certified=1 feasible=1 iters=6 generatedColsBeforeNode=0 newCols=59 posCandidates=59 duplicateCandidates=0 updatedCols=0 zeroObjImproveIters=2 objFirst=144058135.589214 objLast=174416312.465271 objGain=30358176.876057 maxRC=59519438.190230 wallSec=0.008698 pricingSec=0.005675 cplexSolveSec=0.001650
      [BB] 根节点即为整数解，obj=174416312.465271
    [CG]   [DIAG] iter=1 posCols=23 newCols=23 effImprove=23 updated=0
    [CG] CG iter 1: obj=143816614.959136, maxRC=59507522.643388, +23 cols
    [CG] CG iter 3: obj=164946876.627798, maxRC=5117146.795715, +14 cols
    [CG]   [DIAG] iter=3 posCols=14 newCols=14 effImprove=14 updated=0
    [CG] CG iter 2: obj=160855893.720094, maxRC=10610564.232091, +17 cols
    [CG]   [DIAG] iter=2 posCols=17 newCols=17 effImprove=17 updated=0
    [CG]   [DIAG] iter=1 posCols=23 newCols=23 effImprove=23 updated=0
    [CG] 列生成开始，初始列数=128
    [CG] CG iter 4: obj=174372457.795744, maxRC=2671349.269452, +6 cols
    [CG]   [DIAG] iter=4 posCols=6 newCols=6 effImprove=6 updated=0
    [CG] CG iter 2: obj=160874813.127711, maxRC=10623473.374041, +16 cols
    [CG] CG iter 3: obj=167495329.669961, maxRC=6206664.302095, +12 cols
    [CG]   [DIAG] iter=2 posCols=16 newCols=16 effImprove=16 updated=0
    [CG]   [DIAG] iter=3 posCols=12 newCols=12 effImprove=12 updated=0
    [CG] CG iter 5: obj=174385775.550002, maxRC=699665.669602, +1 cols
    [CG]   [DIAG] iter=5 posCols=1 newCols=1 effImprove=1 updated=0
    [CG] 列生成开始，初始列数=128
    [CG] 列生成收敛，共 6 轮迭代
    [CG] [CG-NODE] depth=0 exit=CERTIFIED certified=1 feasible=1 iters=6 generatedColsBeforeNode=0 newCols=60 posCandidates=60 duplicateCandidates=0 updatedCols=0 zeroObjImproveIters=1 objFirst=144055082.168546 objLast=174385775.550002 objGain=30330693.381455 maxRC=59403310.613387 wallSec=0.010269 pricingSec=0.006870 cplexSolveSec=0.001837
    [CG] CG iter 2: obj=160928087.361502, maxRC=9541464.176484, +17 cols
    [CG] CG iter 4: obj=170145256.622461, maxRC=4191716.819714, +5 cols
    [CG]   [DIAG] iter=4 posCols=5 newCols=5 effImprove=5 updated=0
      [BB] 根节点即为整数解，obj=174385775.550002
    [CG]   [DIAG] iter=2 posCols=17 newCols=17 effImprove=17 updated=0
    [CG] CG iter 3: obj=164981432.482606, maxRC=5080312.644978, +14 cols
    [CG]   [DIAG] iter=3 posCols=14 newCols=14 effImprove=14 updated=0
    [CG] 列生成收敛，共 5 轮迭代
    [CG] [CG-NODE] depth=0 exit=CERTIFIED certified=1 feasible=1 iters=5 generatedColsBeforeNode=0 newCols=57 posCandidates=57 duplicateCandidates=0 updatedCols=0 zeroObjImproveIters=0 objFirst=143735138.389916 objLast=174366530.433373 objGain=30631392.043457 maxRC=59486211.295957 wallSec=0.010860 pricingSec=0.007303 cplexSolveSec=0.001857
      [BB] 根节点即为整数解，obj=174366530.433373
    [CG] CG iter 3: obj=174345509.184685, maxRC=1947238.881185, +7 cols
    [CG] CG iter 4: obj=174347987.589627, maxRC=2655978.032040, +5 cols
    [CG]   [DIAG] iter=3 posCols=7 newCols=7 effImprove=7 updated=0
    [CG]   [DIAG] iter=4 posCols=5 newCols=5 effImprove=5 updated=0
    [CG] 列生成开始，初始列数=128
    [CG] CG iter 5: obj=174347987.589627, maxRC=597105.889162, +1 cols
    [CG]   [DIAG] iter=5 posCols=1 newCols=1 effImprove=1 updated=0
    [CG] CG iter 4: obj=174345509.184685, maxRC=600133.555149, +2 cols
    [CG]   [DIAG] iter=4 posCols=2 newCols=2 effImprove=2 updated=0
    [CG] 列生成收敛，共 6 轮迭代
    [CG] [CG-NODE] depth=0 exit=CERTIFIED certified=1 feasible=1 iters=6 generatedColsBeforeNode=0 newCols=59 posCandidates=59 duplicateCandidates=0 updatedCols=0 zeroObjImproveIters=2 objFirst=143886463.071422 objLast=174347987.589627 objGain=30461524.518206 maxRC=59519752.128890 wallSec=0.011871 pricingSec=0.007873 cplexSolveSec=0.002131
      [BB] 根节点即为整数解，obj=174347987.589627
    [CG] CG iter 1: obj=143811562.655872, maxRC=59506348.340971, +23 cols
    [CG] CG iter 5: obj=174345509.184685, maxRC=545801.161233, +3 cols
    [CG]   [DIAG] iter=5 posCols=3 newCols=3 effImprove=3 updated=0
    [CG]   [DIAG] iter=1 posCols=23 newCols=23 effImprove=23 updated=0
    [CG] 列生成开始，初始列数=128
    [CG] 列生成开始，初始列数=128
    [CG] 列生成收敛，共 6 轮迭代
    [CG] [CG-NODE] depth=0 exit=CERTIFIED certified=1 feasible=1 iters=6 generatedColsBeforeNode=0 newCols=52 posCandidates=52 duplicateCandidates=0 updatedCols=0 zeroObjImproveIters=3 objFirst=143816614.959136 objLast=174345509.184685 objGain=30528894.225549 maxRC=59507522.643388 wallSec=0.013257 pricingSec=0.008830 cplexSolveSec=0.002473
    [CG] CG iter 2: obj=160927828.574052, maxRC=10649784.238788, +17 cols
      [BB] 根节点即为整数解，obj=174345509.184685
    [CG]   [DIAG] iter=2 posCols=17 newCols=17 effImprove=17 updated=0
    [CG] CG iter 1: obj=144176782.353439, maxRC=59519752.128890, +23 cols
    [CG]   [DIAG] iter=1 posCols=23 newCols=23 effImprove=23 updated=0
    [CG] CG iter 3: obj=167555939.175586, maxRC=6197685.748745, +12 cols
    [CG]   [DIAG] iter=3 posCols=12 newCols=12 effImprove=12 updated=0
    [CG] 列生成开始，初始列数=128
    [CG] CG iter 2: obj=161041275.855548, maxRC=10623485.371715, +16 cols
    [CG] CG iter 4: obj=170204048.965795, maxRC=4173964.258223, +5 cols
    [CG]   [DIAG] iter=4 posCols=5 newCols=5 effImprove=5 updated=0
    [CG]   [DIAG] iter=2 posCols=16 newCols=16 effImprove=16 updated=0
    [CG] 列生成收敛，共 5 轮迭代
    [CG] [CG-NODE] depth=0 exit=CERTIFIED certified=1 feasible=1 iters=5 generatedColsBeforeNode=0 newCols=57 posCandidates=57 duplicateCandidates=0 updatedCols=0 zeroObjImproveIters=0 objFirst=143811562.655872 objLast=174416288.138142 objGain=30604725.482269 maxRC=59506348.340971 wallSec=0.007397 pricingSec=0.004942 cplexSolveSec=0.001324
    [CG] 列生成开始，初始列数=128
      [BB] 根节点即为整数解，obj=174416288.138142
    [CG] CG iter 3: obj=165139990.312671, maxRC=5116038.208083, +14 cols
    [CG]   [DIAG] iter=3 posCols=14 newCols=14 effImprove=14 updated=0
    [CG] CG iter 4: obj=174550177.711460, maxRC=2670883.325991, +5 cols
    [CG]   [DIAG] iter=4 posCols=5 newCols=5 effImprove=5 updated=0
    [CG] CG iter 5: obj=174550177.711460, maxRC=668423.161818, +1 cols
    [CG]   [DIAG] iter=5 posCols=1 newCols=1 effImprove=1 updated=0
    [CG] 列生成收敛，共 6 轮迭代
    [CG] [CG-NODE] depth=0 exit=CERTIFIED certified=1 feasible=1 iters=6 generatedColsBeforeNode=0 newCols=59 posCandidates=59 duplicateCandidates=0 updatedCols=0 zeroObjImproveIters=2 objFirst=144176782.353439 objLast=174550177.711460 objGain=30373395.358021 maxRC=59519752.128890 wallSec=0.007888 pricingSec=0.005203 cplexSolveSec=0.001496
    [CG] 列生成开始，初始列数=128
      [BB] 根节点即为整数解，obj=174550177.711460
    [CG] CG iter 1: obj=144178306.936082, maxRC=59519749.227507, +23 cols
    [CG] 列生成开始，初始列数=128
    [CG]   [DIAG] iter=1 posCols=23 newCols=23 effImprove=23 updated=0
    [CG] CG iter 1: obj=144177644.008376, maxRC=59519403.483036, +23 cols
    [CG] CG iter 2: obj=161042363.245253, maxRC=10623479.978949, +16 cols
    [CG]   [DIAG] iter=1 posCols=23 newCols=23 effImprove=23 updated=0
    [CG]   [DIAG] iter=2 posCols=16 newCols=16 effImprove=16 updated=0
    [CG] CG iter 2: obj=161047458.700647, maxRC=10623485.371715, +16 cols
    [CG]   [DIAG] iter=2 posCols=16 newCols=16 effImprove=16 updated=0
    [CG] CG iter 3: obj=165141512.299419, maxRC=5118128.238817, +14 cols
    [CG]   [DIAG] iter=3 posCols=14 newCols=14 effImprove=14 updated=0
    [CG] CG iter 1: obj=144002044.003377, maxRC=59510462.823692, +23 cols
    [CG] CG iter 3: obj=165144995.706828, maxRC=5118128.238817, +14 cols
    [CG] CG iter 4: obj=174553357.787873, maxRC=2671769.720189, +5 cols
    [CG]   [DIAG] iter=3 posCols=14 newCols=14 effImprove=14 updated=0
    [CG]   [DIAG] iter=4 posCols=5 newCols=5 effImprove=5 updated=0
    [CG]   [DIAG] iter=1 posCols=23 newCols=23 effImprove=23 updated=0
    [CG] CG iter 4: obj=174557374.024661, maxRC=2671769.720189, +5 cols
    [CG]   [DIAG] iter=4 posCols=5 newCols=5 effImprove=5 updated=0
    [CG] CG iter 5: obj=174553357.787873, maxRC=671039.578645, +1 cols
    [CG]   [DIAG] iter=5 posCols=1 newCols=1 effImprove=1 updated=0
    [CG] CG iter 1: obj=143806322.237716, maxRC=59231628.257812, +23 cols
    [CG] CG iter 5: obj=174557374.024661, maxRC=671566.316181, +1 cols
    [CG]   [DIAG] iter=5 posCols=1 newCols=1 effImprove=1 updated=0
    [CG] 列生成收敛，共 6 轮迭代
    [CG] [CG-NODE] depth=0 exit=CERTIFIED certified=1 feasible=1 iters=6 generatedColsBeforeNode=0 newCols=59 posCandidates=59 duplicateCandidates=0 updatedCols=0 zeroObjImproveIters=2 objFirst=144178306.936082 objLast=174553357.787873 objGain=30375050.851791 maxRC=59519749.227507 wallSec=0.009200 pricingSec=0.006045 cplexSolveSec=0.001767
    [CG] CG iter 1: obj=143927397.393793, maxRC=59494625.676964, +23 cols
    [CG]   [DIAG] iter=1 posCols=23 newCols=23 effImprove=23 updated=0
    [CG]   [DIAG] iter=1 posCols=23 newCols=23 effImprove=23 updated=0
      [BB] 根节点即为整数解，obj=174553357.787873
    [CG] 列生成收敛，共 6 轮迭代
    [CG] [CG-NODE] depth=0 exit=CERTIFIED certified=1 feasible=1 iters=6 generatedColsBeforeNode=0 newCols=59 posCandidates=59 duplicateCandidates=0 updatedCols=0 zeroObjImproveIters=2 objFirst=144177644.008376 objLast=174557374.024661 objGain=30379730.016285 maxRC=59519403.483036 wallSec=0.007055 pricingSec=0.004709 cplexSolveSec=0.001337
    [CG] CG iter 2: obj=161024520.422746, maxRC=10623321.672154, +17 cols
    [CG]   [DIAG] iter=2 posCols=17 newCols=17 effImprove=17 updated=0
      [BB] 根节点即为整数解，obj=174557374.024661
    [CG] CG iter 1: obj=143864052.389617, maxRC=59482657.642458, +23 cols
    [CG] CG iter 1: obj=144006968.302947, maxRC=59380190.021232, +23 cols
    [CG]   [DIAG] iter=1 posCols=23 newCols=23 effImprove=23 updated=0
    [CG]   [DIAG] iter=1 posCols=23 newCols=23 effImprove=23 updated=0
    [CG] CG iter 2: obj=160906871.650548, maxRC=10611156.332614, +17 cols
    [CG]   [DIAG] iter=2 posCols=17 newCols=17 effImprove=17 updated=0
    [CG] CG iter 2: obj=160925159.234223, maxRC=10607742.609254, +17 cols
    [CG]   [DIAG] iter=2 posCols=17 newCols=17 effImprove=17 updated=0
    [CG] CG iter 3: obj=167662037.359705, maxRC=6199824.663783, +12 cols
    [CG]   [DIAG] iter=3 posCols=12 newCols=12 effImprove=12 updated=0
    [CG] CG iter 1: obj=143934327.214934, maxRC=59501472.935003, +23 cols
    [CG] CG iter 3: obj=167539801.505138, maxRC=6209011.420570, +12 cols
    [CG] CG iter 3: obj=167575297.383116, maxRC=6204242.324257, +12 cols
    [CG] CG iter 2: obj=160410469.754838, maxRC=10439187.512655, +16 cols
    [CG]   [DIAG] iter=3 posCols=12 newCols=12 effImprove=12 updated=0
    [CG]   [DIAG] iter=3 posCols=12 newCols=12 effImprove=12 updated=0
    [CG]   [DIAG] iter=2 posCols=16 newCols=16 effImprove=16 updated=0
    [CG] 列生成开始，初始列数=128
    [CG]   [DIAG] iter=1 posCols=23 newCols=23 effImprove=23 updated=0
    [CG] CG iter 4: obj=170304994.945163, maxRC=4179524.618566, +5 cols
    [CG]   [DIAG] iter=4 posCols=5 newCols=5 effImprove=5 updated=0
    [CG] CG iter 2: obj=160753242.732230, maxRC=10607105.929933, +16 cols
    [CG] CG iter 4: obj=170222665.279035, maxRC=4197996.355156, +5 cols
    [CG]   [DIAG] iter=4 posCols=5 newCols=5 effImprove=5 updated=0
    [CG] CG iter 4: obj=170183273.581496, maxRC=4185411.111051, +5 cols
    [CG]   [DIAG] iter=4 posCols=5 newCols=5 effImprove=5 updated=0
    [CG]   [DIAG] iter=2 posCols=16 newCols=16 effImprove=16 updated=0
    [CG] 列生成收敛，共 5 轮迭代
    [CG] [CG-NODE] depth=0 exit=CERTIFIED certified=1 feasible=1 iters=5 generatedColsBeforeNode=0 newCols=57 posCandidates=57 duplicateCandidates=0 updatedCols=0 zeroObjImproveIters=0 objFirst=143864052.389617 objLast=174442530.518446 objGain=30578478.128829 maxRC=59482657.642458 wallSec=0.006278 pricingSec=0.004182 cplexSolveSec=0.001151
    [CG] 列生成收敛，共 5 轮迭代
    [CG] [CG-NODE] depth=0 exit=CERTIFIED certified=1 feasible=1 iters=5 generatedColsBeforeNode=0 newCols=57 posCandidates=57 duplicateCandidates=0 updatedCols=0 zeroObjImproveIters=0 objFirst=144002044.003377 objLast=174526400.395415 objGain=30524356.392038 maxRC=59510462.823692 wallSec=0.010417 pricingSec=0.007142 cplexSolveSec=0.001865
      [BB] 根节点即为整数解，obj=174442530.518446
    [CG] 列生成收敛，共 5 轮迭代
    [CG] [CG-NODE] depth=0 exit=CERTIFIED certified=1 feasible=1 iters=5 generatedColsBeforeNode=0 newCols=57 posCandidates=57 duplicateCandidates=0 updatedCols=0 zeroObjImproveIters=0 objFirst=143927397.393793 objLast=174404653.831352 objGain=30477256.437559 maxRC=59494625.676964 wallSec=0.008028 pricingSec=0.005445 cplexSolveSec=0.001440
    [CG] 列生成开始，初始列数=128
      [BB] 根节点即为整数解，obj=174526400.395415
      [BB] 根节点即为整数解，obj=174404653.831352
    [CG] CG iter 3: obj=164569308.775609, maxRC=5174231.139762, +17 cols
    [CG] CG iter 3: obj=164550676.108741, maxRC=5117332.555760, +15 cols
    [CG]   [DIAG] iter=3 posCols=17 newCols=17 effImprove=17 updated=0
    [CG] CG iter 2: obj=160946738.471332, maxRC=10633945.326826, +17 cols
    [CG]   [DIAG] iter=3 posCols=15 newCols=15 effImprove=15 updated=0
    [CG]   [DIAG] iter=2 posCols=17 newCols=17 effImprove=17 updated=0
    [CG] 列生成开始，初始列数=128
    [CG] 列生成开始，初始列数=128
    [CG] CG iter 4: obj=174257806.609312, maxRC=2159629.056505, +9 cols
    [CG] CG iter 4: obj=174000802.367262, maxRC=2671427.590685, +6 cols
    [CG]   [DIAG] iter=4 posCols=9 newCols=9 effImprove=9 updated=0
    [CG]   [DIAG] iter=4 posCols=6 newCols=6 effImprove=6 updated=0
    [CG] CG iter 3: obj=167494425.054063, maxRC=6227241.962976, +11 cols
    [CG] CG iter 5: obj=174281470.675116, maxRC=29879.070050, +1 cols
    [CG]   [DIAG] iter=3 posCols=11 newCols=11 effImprove=11 updated=0
    [CG]   [DIAG] iter=5 posCols=1 newCols=1 effImprove=1 updated=0
    [CG] CG iter 5: obj=174082444.455038, maxRC=700184.557205, +1 cols
    [CG]   [DIAG] iter=5 posCols=1 newCols=1 effImprove=1 updated=0
    [CG] 列生成开始，初始列数=128
    [CG] 列生成收敛，共 6 轮迭代
    [CG] [CG-NODE] depth=0 exit=CERTIFIED certified=1 feasible=1 iters=6 generatedColsBeforeNode=0 newCols=66 posCandidates=66 duplicateCandidates=0 updatedCols=0 zeroObjImproveIters=1 objFirst=144006968.302947 objLast=174281470.675116 objGain=30274502.372169 maxRC=59380190.021232 wallSec=0.015943 pricingSec=0.010935 cplexSolveSec=0.002802
    [CG] 列生成收敛，共 6 轮迭代
    [CG] [CG-NODE] depth=0 exit=CERTIFIED certified=1 feasible=1 iters=6 generatedColsBeforeNode=0 newCols=61 posCandidates=61 duplicateCandidates=0 updatedCols=0 zeroObjImproveIters=1 objFirst=143806322.237716 objLast=174082444.455038 objGain=30276122.217321 maxRC=59231628.257812 wallSec=0.019165 pricingSec=0.012869 cplexSolveSec=0.003482
      [BB] 根节点即为整数解，obj=174281470.675116
    [CG] CG iter 4: obj=170063014.775387, maxRC=4104653.191139, +5 cols
      [BB] 根节点即为整数解，obj=174082444.455038
    [CG]   [DIAG] iter=4 posCols=5 newCols=5 effImprove=5 updated=0
    [CG] 列生成收敛，共 5 轮迭代
    [CG] [CG-NODE] depth=0 exit=CERTIFIED certified=1 feasible=1 iters=5 generatedColsBeforeNode=0 newCols=56 posCandidates=56 duplicateCandidates=0 updatedCols=0 zeroObjImproveIters=0 objFirst=143934327.214934 objLast=174281050.599024 objGain=30346723.384091 maxRC=59501472.935003 wallSec=0.018332 pricingSec=0.012744 cplexSolveSec=0.003040
      [BB] 根节点即为整数解，obj=174281050.599024
    [CG] CG iter 1: obj=143860648.007295, maxRC=59519752.131033, +23 cols
    [CG]   [DIAG] iter=1 posCols=23 newCols=23 effImprove=23 updated=0
    [CG] CG iter 1: obj=144062877.951731, maxRC=59518388.320511, +23 cols
    [CG]   [DIAG] iter=1 posCols=23 newCols=23 effImprove=23 updated=0
    [CG] CG iter 1: obj=143921243.808405, maxRC=59519752.128890, +23 cols
    [CG]   [DIAG] iter=1 posCols=23 newCols=23 effImprove=23 updated=0
    [CG] 列生成开始，初始列数=128
    [CG] 列生成开始，初始列数=128
    [CG] CG iter 2: obj=160980226.771145, maxRC=10291767.974481, +17 cols
    [CG]   [DIAG] iter=2 posCols=17 newCols=17 effImprove=17 updated=0
    [CG] CG iter 2: obj=160977998.498793, maxRC=10622427.628388, +16 cols
    [CG]   [DIAG] iter=2 posCols=16 newCols=16 effImprove=16 updated=0
    [CG] CG iter 2: obj=160990694.838547, maxRC=10623485.371715, +17 cols
    [CG]   [DIAG] iter=2 posCols=17 newCols=17 effImprove=17 updated=0
    [CG] CG iter 3: obj=165081811.521731, maxRC=5112705.182672, +14 cols
    [CG]   [DIAG] iter=3 posCols=14 newCols=14 effImprove=14 updated=0
    [CG] CG iter 3: obj=167553035.150556, maxRC=6239307.420598, +11 cols
    [CG] CG iter 3: obj=166604352.535823, maxRC=8616980.729636, +13 cols
    [CG]   [DIAG] iter=3 posCols=11 newCols=11 effImprove=11 updated=0
    [CG]   [DIAG] iter=3 posCols=13 newCols=13 effImprove=13 updated=0
    [CG] CG iter 4: obj=174483653.875080, maxRC=2669487.797271, +5 cols
    [CG]   [DIAG] iter=4 posCols=5 newCols=5 effImprove=5 updated=0
    [CG] CG iter 4: obj=170115688.300653, maxRC=4109066.154788, +5 cols
    [CG]   [DIAG] iter=4 posCols=5 newCols=5 effImprove=5 updated=0
    [CG] CG iter 5: obj=174483653.875080, maxRC=654378.400999, +1 cols
    [CG]   [DIAG] iter=5 posCols=1 newCols=1 effImprove=1 updated=0
    [CG] CG iter 4: obj=171708849.319832, maxRC=3483086.237017, +8 cols
    [CG]   [DIAG] iter=4 posCols=8 newCols=8 effImprove=8 updated=0
    [CG] 列生成收敛，共 5 轮迭代
    [CG] [CG-NODE] depth=0 exit=CERTIFIED certified=1 feasible=1 iters=5 generatedColsBeforeNode=0 newCols=56 posCandidates=56 duplicateCandidates=0 updatedCols=0 zeroObjImproveIters=0 objFirst=143921243.808405 objLast=174334084.388524 objGain=30412840.580118 maxRC=59519752.128890 wallSec=0.006584 pricingSec=0.004318 cplexSolveSec=0.001213
      [BB] 根节点即为整数解，obj=174334084.388524
    [CG] 列生成收敛，共 6 轮迭代
    [CG] [CG-NODE] depth=0 exit=CERTIFIED certified=1 feasible=1 iters=6 generatedColsBeforeNode=0 newCols=59 posCandidates=59 duplicateCandidates=0 updatedCols=0 zeroObjImproveIters=2 objFirst=144062877.951731 objLast=174483653.875080 objGain=30420775.923349 maxRC=59518388.320511 wallSec=0.006545 pricingSec=0.004267 cplexSolveSec=0.001283
      [BB] 根节点即为整数解，obj=174483653.875080
    [CG] CG iter 5: obj=171708849.319832, maxRC=1636323.177104, +6 cols
    [CG]   [DIAG] iter=5 posCols=6 newCols=6 effImprove=6 updated=0
    [CG] 列生成收敛，共 6 轮迭代
    [CG] [CG-NODE] depth=0 exit=CERTIFIED certified=1 feasible=1 iters=6 generatedColsBeforeNode=0 newCols=67 posCandidates=67 duplicateCandidates=0 updatedCols=0 zeroObjImproveIters=1 objFirst=143860648.007295 objLast=174485533.410393 objGain=30624885.403098 maxRC=59519752.131033 wallSec=0.010164 pricingSec=0.006742 cplexSolveSec=0.002000
      [BB] 根节点即为整数解，obj=174485533.410393
    [CG] CG iter 1: obj=143936157.136547, maxRC=59412275.597116, +23 cols
    [CG]   [DIAG] iter=1 posCols=23 newCols=23 effImprove=23 updated=0
    [CG] CG iter 2: obj=160718615.525692, maxRC=10558803.993637, +16 cols
    [CG]   [DIAG] iter=2 posCols=16 newCols=16 effImprove=16 updated=0
    [CG] CG iter 1: obj=144132635.294464, maxRC=59501876.599401, +23 cols
    [CG] CG iter 1: obj=144134306.836007, maxRC=59519832.963643, +23 cols
    [CG] CG iter 3: obj=164830714.579848, maxRC=5118128.238817, +14 cols
    [CG]   [DIAG] iter=3 posCols=14 newCols=14 effImprove=14 updated=0
    [CG]   [DIAG] iter=1 posCols=23 newCols=23 effImprove=23 updated=0
    [CG]   [DIAG] iter=1 posCols=23 newCols=23 effImprove=23 updated=0
    [CG] CG iter 4: obj=174256519.379586, maxRC=2671769.720189, +6 cols
    [CG]   [DIAG] iter=4 posCols=6 newCols=6 effImprove=6 updated=0
    [CG] CG iter 5: obj=174267366.425549, maxRC=704565.749709, +1 cols
    [CG]   [DIAG] iter=5 posCols=1 newCols=1 effImprove=1 updated=0
    [CG] CG iter 2: obj=161010806.244865, maxRC=10627554.895651, +16 cols
    [CG]   [DIAG] iter=2 posCols=16 newCols=16 effImprove=16 updated=0
    [CG] 列生成收敛，共 6 轮迭代
    [CG] [CG-NODE] depth=0 exit=CERTIFIED certified=1 feasible=1 iters=6 generatedColsBeforeNode=0 newCols=60 posCandidates=60 duplicateCandidates=0 updatedCols=0 zeroObjImproveIters=1 objFirst=143936157.136547 objLast=174267366.425549 objGain=30331209.289003 maxRC=59412275.597116 wallSec=0.006842 pricingSec=0.004467 cplexSolveSec=0.001313
      [BB] 根节点即为整数解，obj=174267366.425549
    [CG] CG iter 3: obj=165103947.314594, maxRC=5112059.186374, +14 cols
    [CG]   [DIAG] iter=3 posCols=14 newCols=14 effImprove=14 updated=0
    [CG] CG iter 2: obj=160987383.025540, maxRC=10611548.011284, +16 cols
    [CG]   [DIAG] iter=2 posCols=16 newCols=16 effImprove=16 updated=0
    [CG] CG iter 4: obj=174507730.626157, maxRC=2669217.723515, +5 cols
    [CG]   [DIAG] iter=4 posCols=5 newCols=5 effImprove=5 updated=0
    [CG] CG iter 1: obj=144040643.642174, maxRC=59519752.128890, +23 cols
    [CG]   [DIAG] iter=1 posCols=23 newCols=23 effImprove=23 updated=0
    [CG] CG iter 5: obj=174507730.626157, maxRC=658129.553535, +1 cols
    [CG]   [DIAG] iter=5 posCols=1 newCols=1 effImprove=1 updated=0
    [CG] 列生成收敛，共 6 轮迭代
    [CG] [CG-NODE] depth=0 exit=CERTIFIED certified=1 feasible=1 iters=6 generatedColsBeforeNode=0 newCols=59 posCandidates=59 duplicateCandidates=0 updatedCols=0 zeroObjImproveIters=2 objFirst=144134306.836007 objLast=174507730.626157 objGain=30373423.790150 maxRC=59519832.963643 wallSec=0.008999 pricingSec=0.005982 cplexSolveSec=0.001698
      [BB] 根节点即为整数解，obj=174507730.626157
    [CG] CG iter 2: obj=161047458.700647, maxRC=10623485.371715, +17 cols
    [CG]   [DIAG] iter=2 posCols=17 newCols=17 effImprove=17 updated=0
    [CG] CG iter 3: obj=165088230.668522, maxRC=5106522.043673, +14 cols
    [CG]   [DIAG] iter=3 posCols=14 newCols=14 effImprove=14 updated=0
    [CG] CG iter 3: obj=167623187.573069, maxRC=6233463.211218, +11 cols
    [CG]   [DIAG] iter=3 posCols=11 newCols=11 effImprove=11 updated=0
    [CG] CG iter 4: obj=170199229.283579, maxRC=4121647.918313, +5 cols
    [CG]   [DIAG] iter=4 posCols=5 newCols=5 effImprove=5 updated=0
    [CG] CG iter 4: obj=174491333.510053, maxRC=2666905.150895, +5 cols
    [CG]   [DIAG] iter=4 posCols=5 newCols=5 effImprove=5 updated=0
    [CG] 列生成收敛，共 5 轮迭代
    [CG] [CG-NODE] depth=0 exit=CERTIFIED certified=1 feasible=1 iters=5 generatedColsBeforeNode=0 newCols=56 posCandidates=56 duplicateCandidates=0 updatedCols=0 zeroObjImproveIters=0 objFirst=144040643.642174 objLast=174417625.371450 objGain=30376981.729276 maxRC=59519752.128890 wallSec=0.013878 pricingSec=0.009817 cplexSolveSec=0.002022
      [BB] 根节点即为整数解，obj=174417625.371450
    [CG] CG iter 5: obj=174491333.510053, maxRC=660459.861593, +1 cols
    [CG]   [DIAG] iter=5 posCols=1 newCols=1 effImprove=1 updated=0
    [CG] 列生成收敛，共 6 轮迭代
    [CG] [CG-NODE] depth=0 exit=CERTIFIED certified=1 feasible=1 iters=6 generatedColsBeforeNode=0 newCols=59 posCandidates=59 duplicateCandidates=0 updatedCols=0 zeroObjImproveIters=2 objFirst=144132635.294464 objLast=174491333.510053 objGain=30358698.215589 maxRC=59501876.599401 wallSec=0.018120 pricingSec=0.012577 cplexSolveSec=0.003321
      [BB] 根节点即为整数解，obj=174491333.510053
[GA] 代数 9: Best=174587336.27, Avg=174445659.24, Worst=174111330.14, Valid=30/30, 耗时=0.04s (连续9代未提升)
  ├─ 求解: 30 个体 fork 并行 | CG迭代=141 加列=1466 BB分支=0
  ├─ 并行墙钟=0.0428s | 串行等效(ΣBP)=0.2617s | 加速比=6.12x
  ├─ 管理开销=-0.2190s (fork=0.0030 wait=0.0394 merge=0.0003)
  └─ CG明细: gen_logs/run_gen9_ind{0..29}.log
    [CG] 列生成开始，初始列数=128
    [CG] 列生成开始，初始列数=128
    [CG] 列生成开始，初始列数=128
    [CG] 列生成开始，初始列数=128
    [CG] 列生成开始，初始列数=128
    [CG] 列生成开始，初始列数=128
    [CG] 列生成开始，初始列数=128
    [CG] 列生成开始，初始列数=128
    [CG] CG iter 1: obj=143939867.760086, maxRC=59494625.676964, +23 cols
    [CG]   [DIAG] iter=1 posCols=23 newCols=23 effImprove=23 updated=0
    [CG] CG iter 1: obj=143966966.082240, maxRC=59518271.665783, +23 cols
    [CG] CG iter 1: obj=143863625.877673, maxRC=59519752.128890, +23 cols
    [CG]   [DIAG] iter=1 posCols=23 newCols=23 effImprove=23 updated=0
    [CG]   [DIAG] iter=1 posCols=23 newCols=23 effImprove=23 updated=0
    [CG] CG iter 2: obj=160906871.650548, maxRC=10611156.332614, +17 cols
    [CG]   [DIAG] iter=2 posCols=17 newCols=17 effImprove=17 updated=0
    [CG] CG iter 2: obj=160858944.876414, maxRC=10643765.606717, +16 cols
    [CG] CG iter 2: obj=160891682.172928, maxRC=10622347.500943, +16 cols
    [CG] CG iter 3: obj=167546036.688285, maxRC=6206582.205989, +12 cols
    [CG]   [DIAG] iter=3 posCols=12 newCols=12 effImprove=12 updated=0
    [CG]   [DIAG] iter=2 posCols=16 newCols=16 effImprove=16 updated=0
    [CG]   [DIAG] iter=2 posCols=16 newCols=16 effImprove=16 updated=0
    [CG] CG iter 4: obj=170195743.947789, maxRC=4190887.801663, +5 cols
    [CG]   [DIAG] iter=4 posCols=5 newCols=5 effImprove=5 updated=0
    [CG] CG iter 1: obj=143816617.442783, maxRC=59507522.643388, +23 cols
    [CG] CG iter 3: obj=164959335.651960, maxRC=5080312.644978, +14 cols
    [CG]   [DIAG] iter=3 posCols=14 newCols=14 effImprove=14 updated=0
    [CG] CG iter 3: obj=165003300.967365, maxRC=5117332.555760, +14 cols
    [CG] 列生成收敛，共 5 轮迭代
    [CG] [CG-NODE] depth=0 exit=CERTIFIED certified=1 feasible=1 iters=5 generatedColsBeforeNode=0 newCols=57 posCandidates=57 duplicateCandidates=0 updatedCols=0 zeroObjImproveIters=0 objFirst=143939867.760086 objLast=174417124.197645 objGain=30477256.437559 maxRC=59494625.676964 wallSec=0.006891 pricingSec=0.003965 cplexSolveSec=0.001421
    [CG]   [DIAG] iter=1 posCols=23 newCols=23 effImprove=23 updated=0
    [CG]   [DIAG] iter=3 posCols=14 newCols=14 effImprove=14 updated=0
      [BB] 根节点即为整数解，obj=174417124.197645
    [CG] CG iter 4: obj=174320020.039336, maxRC=2655978.032040, +5 cols
    [CG]   [DIAG] iter=4 posCols=5 newCols=5 effImprove=5 updated=0
    [CG] CG iter 4: obj=174401399.715677, maxRC=2671427.590685, +5 cols
    [CG]   [DIAG] iter=4 posCols=5 newCols=5 effImprove=5 updated=0
    [CG] CG iter 5: obj=174320020.039336, maxRC=604209.868414, +1 cols
    [CG]   [DIAG] iter=5 posCols=1 newCols=1 effImprove=1 updated=0
    [CG] 列生成收敛，共 6 轮迭代
    [CG] [CG-NODE] depth=0 exit=CERTIFIED certified=1 feasible=1 iters=6 generatedColsBeforeNode=0 newCols=59 posCandidates=59 duplicateCandidates=0 updatedCols=0 zeroObjImproveIters=2 objFirst=143863625.877673 objLast=174320020.039336 objGain=30456394.161663 maxRC=59519752.128890 wallSec=0.007794 pricingSec=0.004865 cplexSolveSec=0.001390
    [CG] CG iter 5: obj=174401399.715677, maxRC=646416.111601, +1 cols
    [CG]   [DIAG] iter=5 posCols=1 newCols=1 effImprove=1 updated=0
    [CG] CG iter 2: obj=160928089.420141, maxRC=9541464.176484, +17 cols
      [BB] 根节点即为整数解，obj=174320020.039336
    [CG]   [DIAG] iter=2 posCols=17 newCols=17 effImprove=17 updated=0
    [CG] 列生成收敛，共 6 轮迭代
    [CG] [CG-NODE] depth=0 exit=CERTIFIED certified=1 feasible=1 iters=6 generatedColsBeforeNode=0 newCols=59 posCandidates=59 duplicateCandidates=0 updatedCols=0 zeroObjImproveIters=2 objFirst=143966966.082240 objLast=174401399.715677 objGain=30434433.633438 maxRC=59518271.665783 wallSec=0.007751 pricingSec=0.004712 cplexSolveSec=0.001566
    [CG] CG iter 1: obj=143864055.722651, maxRC=59482657.642458, +23 cols
      [BB] 根节点即为整数解，obj=174401399.715677
    [CG]   [DIAG] iter=1 posCols=23 newCols=23 effImprove=23 updated=0
    [CG] CG iter 3: obj=174345513.941880, maxRC=1947238.881185, +7 cols
    [CG]   [DIAG] iter=3 posCols=7 newCols=7 effImprove=7 updated=0
    [CG] 列生成开始，初始列数=128
    [CG] CG iter 4: obj=174345513.941879, maxRC=600134.243235, +2 cols
    [CG]   [DIAG] iter=4 posCols=2 newCols=2 effImprove=2 updated=0
    [CG] CG iter 5: obj=174345513.941879, maxRC=545801.849319, +3 cols
    [CG]   [DIAG] iter=5 posCols=3 newCols=3 effImprove=3 updated=0
    [CG] CG iter 2: obj=160925159.234223, maxRC=10607742.609254, +17 cols
    [CG]   [DIAG] iter=2 posCols=17 newCols=17 effImprove=17 updated=0
    [CG] 列生成收敛，共 6 轮迭代
    [CG] [CG-NODE] depth=0 exit=CERTIFIED certified=1 feasible=1 iters=6 generatedColsBeforeNode=0 newCols=52 posCandidates=52 duplicateCandidates=0 updatedCols=0 zeroObjImproveIters=3 objFirst=143816617.442783 objLast=174345513.941879 objGain=30528896.499096 maxRC=59507522.643388 wallSec=0.010104 pricingSec=0.006660 cplexSolveSec=0.002009
    [CG] CG iter 1: obj=143858720.494141, maxRC=59482657.642458, +23 cols
      [BB] 根节点即为整数解，obj=174345513.941879
    [CG] 列生成开始，初始列数=128
    [CG]   [DIAG] iter=1 posCols=23 newCols=23 effImprove=23 updated=0
    [CG] 列生成开始，初始列数=128
    [CG] CG iter 3: obj=167575297.383116, maxRC=6204242.324257, +12 cols
    [CG]   [DIAG] iter=3 posCols=12 newCols=12 effImprove=12 updated=0
    [CG] CG iter 1: obj=143821309.112318, maxRC=59489074.043590, +23 cols
    [CG] CG iter 2: obj=160921533.543286, maxRC=10612114.316904, +17 cols
    [CG]   [DIAG] iter=2 posCols=17 newCols=17 effImprove=17 updated=0
    [CG]   [DIAG] iter=1 posCols=23 newCols=23 effImprove=23 updated=0
    [CG] CG iter 4: obj=170222665.279035, maxRC=4197996.355156, +5 cols
    [CG]   [DIAG] iter=4 posCols=5 newCols=5 effImprove=5 updated=0
    [CG] 列生成开始，初始列数=128
    [CG] CG iter 1: obj=144132347.284007, maxRC=59501472.775831, +23 cols
    [CG] 列生成收敛，共 5 轮迭代
    [CG] [CG-NODE] depth=0 exit=CERTIFIED certified=1 feasible=1 iters=5 generatedColsBeforeNode=0 newCols=57 posCandidates=57 duplicateCandidates=0 updatedCols=0 zeroObjImproveIters=0 objFirst=143864055.722651 objLast=174442530.518446 objGain=30578474.795795 maxRC=59482657.642458 wallSec=0.012775 pricingSec=0.008774 cplexSolveSec=0.002292
    [CG]   [DIAG] iter=1 posCols=23 newCols=23 effImprove=23 updated=0
      [BB] 根节点即为整数解，obj=174442530.518446
    [CG] CG iter 3: obj=167569632.128985, maxRC=6203637.084296, +12 cols
    [CG]   [DIAG] iter=3 posCols=12 newCols=12 effImprove=12 updated=0
    [CG] CG iter 2: obj=160936627.938856, maxRC=10627601.100996, +17 cols
    [CG]   [DIAG] iter=2 posCols=17 newCols=17 effImprove=17 updated=0
    [CG] CG iter 4: obj=170217684.549477, maxRC=4196706.590620, +5 cols
    [CG]   [DIAG] iter=4 posCols=5 newCols=5 effImprove=5 updated=0
    [CG] CG iter 2: obj=160986691.191513, maxRC=10611285.297787, +16 cols
    [CG]   [DIAG] iter=2 posCols=16 newCols=16 effImprove=16 updated=0
    [CG] 列生成收敛，共 5 轮迭代
    [CG] [CG-NODE] depth=0 exit=CERTIFIED certified=1 feasible=1 iters=5 generatedColsBeforeNode=0 newCols=57 posCandidates=57 duplicateCandidates=0 updatedCols=0 zeroObjImproveIters=0 objFirst=143858720.494141 objLast=174436260.024353 objGain=30577539.530212 maxRC=59482657.642458 wallSec=0.014192 pricingSec=0.009530 cplexSolveSec=0.002537
      [BB] 根节点即为整数解，obj=174436260.024353
    [CG] 列生成开始，初始列数=128
    [CG] CG iter 3: obj=167568442.851867, maxRC=6204432.601070, +12 cols
    [CG]   [DIAG] iter=3 posCols=12 newCols=12 effImprove=12 updated=0
    [CG] CG iter 3: obj=165087594.535365, maxRC=5106522.043673, +14 cols
    [CG]   [DIAG] iter=3 posCols=14 newCols=14 effImprove=14 updated=0
    [CG] CG iter 4: obj=170220751.006017, maxRC=4185921.367112, +5 cols
    [CG]   [DIAG] iter=4 posCols=5 newCols=5 effImprove=5 updated=0
    [CG] CG iter 1: obj=144134250.234079, maxRC=59519801.569777, +23 cols
    [CG]   [DIAG] iter=1 posCols=23 newCols=23 effImprove=23 updated=0
    [CG] CG iter 4: obj=174490753.077767, maxRC=2666905.150895, +5 cols
    [CG]   [DIAG] iter=4 posCols=5 newCols=5 effImprove=5 updated=0
    [CG] 列生成收敛，共 5 轮迭代
    [CG] [CG-NODE] depth=0 exit=CERTIFIED certified=1 feasible=1 iters=5 generatedColsBeforeNode=0 newCols=57 posCandidates=57 duplicateCandidates=0 updatedCols=0 zeroObjImproveIters=0 objFirst=143821309.112318 objLast=174437168.135311 objGain=30615859.022993 maxRC=59489074.043590 wallSec=0.016712 pricingSec=0.011886 cplexSolveSec=0.002669
    [CG] 列生成开始，初始列数=128
      [BB] 根节点即为整数解，obj=174437168.135311
    [CG] CG iter 2: obj=161010718.249071, maxRC=10627523.021578, +16 cols
    [CG] CG iter 5: obj=174490753.077767, maxRC=660620.714125, +1 cols
    [CG]   [DIAG] iter=2 posCols=16 newCols=16 effImprove=16 updated=0
    [CG]   [DIAG] iter=5 posCols=1 newCols=1 effImprove=1 updated=0
    [CG] 列生成收敛，共 6 轮迭代
    [CG] [CG-NODE] depth=0 exit=CERTIFIED certified=1 feasible=1 iters=6 generatedColsBeforeNode=0 newCols=59 posCandidates=59 duplicateCandidates=0 updatedCols=0 zeroObjImproveIters=2 objFirst=144132347.284007 objLast=174490753.077767 objGain=30358405.793760 maxRC=59501472.775831 wallSec=0.017836 pricingSec=0.012416 cplexSolveSec=0.003092
    [CG] CG iter 3: obj=165103860.455325, maxRC=5112059.186374, +14 cols
      [BB] 根节点即为整数解，obj=174490753.077767
    [CG]   [DIAG] iter=3 posCols=14 newCols=14 effImprove=14 updated=0
    [CG] CG iter 4: obj=174507644.903413, maxRC=2669217.723515, +5 cols
    [CG]   [DIAG] iter=4 posCols=5 newCols=5 effImprove=5 updated=0
    [CG] CG iter 1: obj=143939190.881446, maxRC=59411297.435865, +23 cols
    [CG] CG iter 5: obj=174507644.903413, maxRC=658143.734499, +1 cols
    [CG]   [DIAG] iter=5 posCols=1 newCols=1 effImprove=1 updated=0
    [CG]   [DIAG] iter=1 posCols=23 newCols=23 effImprove=23 updated=0
    [CG] 列生成开始，初始列数=128
    [CG] 列生成收敛，共 6 轮迭代
    [CG] [CG-NODE] depth=0 exit=CERTIFIED certified=1 feasible=1 iters=6 generatedColsBeforeNode=0 newCols=59 posCandidates=59 duplicateCandidates=0 updatedCols=0 zeroObjImproveIters=2 objFirst=144134250.234079 objLast=174507644.903413 objGain=30373394.669334 maxRC=59519801.569777 wallSec=0.007786 pricingSec=0.005113 cplexSolveSec=0.001543
      [BB] 根节点即为整数解，obj=174507644.903413
    [CG] 列生成开始，初始列数=128
    [CG] CG iter 2: obj=160720369.021789, maxRC=10554086.313874, +16 cols
    [CG]   [DIAG] iter=2 posCols=16 newCols=16 effImprove=16 updated=0
    [CG] CG iter 1: obj=144184185.431497, maxRC=59519749.227507, +23 cols
    [CG]   [DIAG] iter=1 posCols=23 newCols=23 effImprove=23 updated=0
    [CG] CG iter 1: obj=144069767.715228, maxRC=59412264.133617, +23 cols
    [CG] 列生成开始，初始列数=128
    [CG]   [DIAG] iter=1 posCols=23 newCols=23 effImprove=23 updated=0
    [CG] CG iter 1: obj=144029472.167040, maxRC=59510454.527771, +23 cols
    [CG] CG iter 3: obj=164832546.976076, maxRC=5118128.238817, +14 cols
    [CG]   [DIAG] iter=1 posCols=23 newCols=23 effImprove=23 updated=0
    [CG]   [DIAG] iter=3 posCols=14 newCols=14 effImprove=14 updated=0
    [CG] CG iter 4: obj=174259703.058509, maxRC=2671769.720189, +6 cols
    [CG]   [DIAG] iter=4 posCols=6 newCols=6 effImprove=6 updated=0
    [CG] CG iter 2: obj=161047330.253481, maxRC=10623485.371715, +16 cols
    [CG] CG iter 1: obj=143926314.616843, maxRC=59494625.676964, +23 cols
    [CG] CG iter 2: obj=161047458.700647, maxRC=10623485.371715, +17 cols
    [CG]   [DIAG] iter=2 posCols=16 newCols=16 effImprove=16 updated=0
    [CG]   [DIAG] iter=2 posCols=17 newCols=17 effImprove=17 updated=0
    [CG]   [DIAG] iter=1 posCols=23 newCols=23 effImprove=23 updated=0
    [CG] CG iter 2: obj=160862364.029567, maxRC=10558803.993637, +16 cols
    [CG]   [DIAG] iter=2 posCols=16 newCols=16 effImprove=16 updated=0
    [CG] CG iter 5: obj=174270459.691458, maxRC=703163.536344, +1 cols
    [CG]   [DIAG] iter=5 posCols=1 newCols=1 effImprove=1 updated=0
    [CG] CG iter 1: obj=144173835.024045, maxRC=59519749.227507, +23 cols
    [CG]   [DIAG] iter=1 posCols=23 newCols=23 effImprove=23 updated=0
    [CG] CG iter 3: obj=167693061.899675, maxRC=6203457.672714, +12 cols
    [CG] CG iter 2: obj=160905957.374477, maxRC=10611156.332614, +17 cols
    [CG]   [DIAG] iter=3 posCols=12 newCols=12 effImprove=12 updated=0
    [CG]   [DIAG] iter=2 posCols=17 newCols=17 effImprove=17 updated=0
    [CG] CG iter 1: obj=144064886.267673, maxRC=59519551.936464, +23 cols
    [CG]   [DIAG] iter=1 posCols=23 newCols=23 effImprove=23 updated=0
    [CG] CG iter 3: obj=165145975.948552, maxRC=5118128.238817, +14 cols
    [CG] 列生成收敛，共 6 轮迭代
    [CG] [CG-NODE] depth=0 exit=CERTIFIED certified=1 feasible=1 iters=6 generatedColsBeforeNode=0 newCols=60 posCandidates=60 duplicateCandidates=0 updatedCols=0 zeroObjImproveIters=1 objFirst=143939190.881446 objLast=174270459.691458 objGain=30331268.810012 maxRC=59411297.435865 wallSec=0.018013 pricingSec=0.012009 cplexSolveSec=0.003593
    [CG]   [DIAG] iter=3 posCols=14 newCols=14 effImprove=14 updated=0
    [CG] CG iter 4: obj=170338977.936791, maxRC=4186663.654181, +5 cols
    [CG]   [DIAG] iter=4 posCols=5 newCols=5 effImprove=5 updated=0
    [CG] CG iter 3: obj=164973096.871701, maxRC=5118128.238817, +14 cols
      [BB] 根节点即为整数解，obj=174270459.691458
    [CG] CG iter 2: obj=161039141.331117, maxRC=10627626.709638, +16 cols
    [CG]   [DIAG] iter=3 posCols=14 newCols=14 effImprove=14 updated=0
    [CG]   [DIAG] iter=2 posCols=16 newCols=16 effImprove=16 updated=0
    [CG] CG iter 3: obj=167538763.831649, maxRC=6209056.524030, +12 cols
    [CG]   [DIAG] iter=3 posCols=12 newCols=12 effImprove=12 updated=0
    [CG] 列生成收敛，共 5 轮迭代
    [CG] [CG-NODE] depth=0 exit=CERTIFIED certified=1 feasible=1 iters=5 generatedColsBeforeNode=0 newCols=57 posCandidates=57 duplicateCandidates=0 updatedCols=0 zeroObjImproveIters=0 objFirst=144029472.167040 objLast=174557374.024661 objGain=30527901.857621 maxRC=59510454.527771 wallSec=0.012202 pricingSec=0.008488 cplexSolveSec=0.002097
    [CG] CG iter 4: obj=174558323.789671, maxRC=2671769.720189, +5 cols
    [CG] CG iter 2: obj=160980846.504678, maxRC=10623467.315918, +16 cols
      [BB] 根节点即为整数解，obj=174557374.024661
    [CG]   [DIAG] iter=4 posCols=5 newCols=5 effImprove=5 updated=0
    [CG]   [DIAG] iter=2 posCols=16 newCols=16 effImprove=16 updated=0
    [CG] CG iter 4: obj=174398947.018359, maxRC=2671769.720189, +6 cols
    [CG]   [DIAG] iter=4 posCols=6 newCols=6 effImprove=6 updated=0
    [CG] CG iter 4: obj=170182281.011467, maxRC=4185362.408770, +5 cols
    [CG]   [DIAG] iter=4 posCols=5 newCols=5 effImprove=5 updated=0
    [CG] CG iter 3: obj=165136939.439275, maxRC=5118128.238817, +14 cols
    [CG]   [DIAG] iter=3 posCols=14 newCols=14 effImprove=14 updated=0
    [CG] CG iter 5: obj=174558323.789671, maxRC=671948.438657, +1 cols
    [CG]   [DIAG] iter=5 posCols=1 newCols=1 effImprove=1 updated=0
    [CG] CG iter 3: obj=165084693.854159, maxRC=5112705.182672, +14 cols
    [CG] CG iter 5: obj=174409315.266494, maxRC=704565.749709, +1 cols
    [CG]   [DIAG] iter=5 posCols=1 newCols=1 effImprove=1 updated=0
    [CG] 列生成收敛，共 5 轮迭代
    [CG]   [DIAG] iter=3 posCols=14 newCols=14 effImprove=14 updated=0
    [CG] [CG-NODE] depth=0 exit=CERTIFIED certified=1 feasible=1 iters=5 generatedColsBeforeNode=0 newCols=57 posCandidates=57 duplicateCandidates=0 updatedCols=0 zeroObjImproveIters=0 objFirst=143926314.616843 objLast=174403681.127981 objGain=30477366.511138 maxRC=59494625.676964 wallSec=0.011135 pricingSec=0.007683 cplexSolveSec=0.001938
      [BB] 根节点即为整数解，obj=174403681.127981
    [CG] CG iter 4: obj=174547623.726933, maxRC=2671769.720189, +5 cols
    [CG]   [DIAG] iter=4 posCols=5 newCols=5 effImprove=5 updated=0
    [CG] 列生成收敛，共 6 轮迭代
    [CG] [CG-NODE] depth=0 exit=CERTIFIED certified=1 feasible=1 iters=6 generatedColsBeforeNode=0 newCols=59 posCandidates=59 duplicateCandidates=0 updatedCols=0 zeroObjImproveIters=2 objFirst=144184185.431497 objLast=174558323.789671 objGain=30374138.358174 maxRC=59519749.227507 wallSec=0.018763 pricingSec=0.012925 cplexSolveSec=0.003246
    [CG] CG iter 4: obj=174486423.886322, maxRC=2669487.797271, +5 cols
    [CG] 列生成收敛，共 6 轮迭代
    [CG]   [DIAG] iter=4 posCols=5 newCols=5 effImprove=5 updated=0
      [BB] 根节点即为整数解，obj=174558323.789671
    [CG] [CG-NODE] depth=0 exit=CERTIFIED certified=1 feasible=1 iters=6 generatedColsBeforeNode=0 newCols=60 posCandidates=60 duplicateCandidates=0 updatedCols=0 zeroObjImproveIters=1 objFirst=144069767.715228 objLast=174409315.266494 objGain=30339547.551266 maxRC=59412264.133617 wallSec=0.018499 pricingSec=0.012725 cplexSolveSec=0.003204
    [CG] CG iter 5: obj=174547623.726933, maxRC=672502.085864, +1 cols
      [BB] 根节点即为整数解，obj=174409315.266494
    [CG]   [DIAG] iter=5 posCols=1 newCols=1 effImprove=1 updated=0
    [CG] CG iter 5: obj=174486423.886322, maxRC=653834.244575, +1 cols
    [CG]   [DIAG] iter=5 posCols=1 newCols=1 effImprove=1 updated=0
    [CG] 列生成开始，初始列数=128
    [CG] 列生成开始，初始列数=128
    [CG] 列生成收敛，共 6 轮迭代
    [CG] [CG-NODE] depth=0 exit=CERTIFIED certified=1 feasible=1 iters=6 generatedColsBeforeNode=0 newCols=59 posCandidates=59 duplicateCandidates=0 updatedCols=0 zeroObjImproveIters=2 objFirst=144173835.024045 objLast=174547623.726933 objGain=30373788.702888 maxRC=59519749.227507 wallSec=0.010029 pricingSec=0.006709 cplexSolveSec=0.001885
    [CG] 列生成收敛，共 6 轮迭代
    [CG] [CG-NODE] depth=0 exit=CERTIFIED certified=1 feasible=1 iters=6 generatedColsBeforeNode=0 newCols=59 posCandidates=59 duplicateCandidates=0 updatedCols=0 zeroObjImproveIters=2 objFirst=144064886.267673 objLast=174486423.886322 objGain=30421537.618649 maxRC=59519551.936464 wallSec=0.009150 pricingSec=0.006088 cplexSolveSec=0.001724
      [BB] 根节点即为整数解，obj=174547623.726933
      [BB] 根节点即为整数解，obj=174486423.886322
    [CG] 列生成开始，初始列数=128
    [CG] 列生成开始，初始列数=128
    [CG] CG iter 1: obj=143865706.863728, maxRC=59509206.581822, +23 cols
    [CG]   [DIAG] iter=1 posCols=23 newCols=23 effImprove=23 updated=0
    [CG] CG iter 1: obj=143706386.874324, maxRC=59488670.220021, +23 cols
    [CG]   [DIAG] iter=1 posCols=23 newCols=23 effImprove=23 updated=0
    [CG] CG iter 2: obj=160837299.054606, maxRC=10626794.000892, +17 cols
    [CG]   [DIAG] iter=2 posCols=17 newCols=17 effImprove=17 updated=0
    [CG] CG iter 2: obj=160925241.457276, maxRC=9540519.793906, +17 cols
    [CG]   [DIAG] iter=2 posCols=17 newCols=17 effImprove=17 updated=0
    [CG] CG iter 3: obj=167460922.505784, maxRC=6211958.510003, +12 cols
    [CG]   [DIAG] iter=3 posCols=12 newCols=12 effImprove=12 updated=0
    [CG] CG iter 1: obj=144178307.830528, maxRC=59519749.227507, +23 cols
    [CG]   [DIAG] iter=1 posCols=23 newCols=23 effImprove=23 updated=0
    [CG] CG iter 3: obj=174342944.399790, maxRC=1947238.881185, +7 cols
    [CG]   [DIAG] iter=3 posCols=7 newCols=7 effImprove=7 updated=0
    [CG] CG iter 4: obj=170120203.510657, maxRC=4185509.230279, +5 cols
    [CG]   [DIAG] iter=4 posCols=5 newCols=5 effImprove=5 updated=0
    [CG] CG iter 2: obj=161042363.598359, maxRC=10623464.266662, +16 cols
    [CG]   [DIAG] iter=2 posCols=16 newCols=16 effImprove=16 updated=0
    [CG] CG iter 1: obj=144183289.468937, maxRC=59519752.128890, +23 cols
    [CG] 列生成收敛，共 5 轮迭代
    [CG]   [DIAG] iter=1 posCols=23 newCols=23 effImprove=23 updated=0
    [CG] [CG-NODE] depth=0 exit=CERTIFIED certified=1 feasible=1 iters=5 generatedColsBeforeNode=0 newCols=57 posCandidates=57 duplicateCandidates=0 updatedCols=0 zeroObjImproveIters=0 objFirst=143706386.874324 objLast=174337032.721383 objGain=30630645.847060 maxRC=59488670.220021 wallSec=0.009550 pricingSec=0.006394 cplexSolveSec=0.001732
    [CG] CG iter 4: obj=174342944.399790, maxRC=600701.748986, +2 cols
    [CG]   [DIAG] iter=4 posCols=2 newCols=2 effImprove=2 updated=0
      [BB] 根节点即为整数解，obj=174337032.721383
    [CG] CG iter 5: obj=174342944.399790, maxRC=546369.355070, +3 cols
    [CG]   [DIAG] iter=5 posCols=3 newCols=3 effImprove=3 updated=0
    [CG] CG iter 2: obj=161047458.700647, maxRC=10623485.371715, +16 cols
    [CG]   [DIAG] iter=2 posCols=16 newCols=16 effImprove=16 updated=0
    [CG] CG iter 3: obj=165141514.431802, maxRC=5118128.238817, +14 cols
    [CG]   [DIAG] iter=3 posCols=14 newCols=14 effImprove=14 updated=0
    [CG] 列生成收敛，共 6 轮迭代
    [CG] [CG-NODE] depth=0 exit=CERTIFIED certified=1 feasible=1 iters=6 generatedColsBeforeNode=0 newCols=52 posCandidates=52 duplicateCandidates=0 updatedCols=0 zeroObjImproveIters=3 objFirst=143865706.863728 objLast=174342944.399790 objGain=30477237.536062 maxRC=59509206.581822 wallSec=0.017513 pricingSec=0.012125 cplexSolveSec=0.002961
      [BB] 根节点即为整数解，obj=174342944.399790
    [CG] CG iter 3: obj=165146099.069389, maxRC=5118128.238817, +14 cols
    [CG]   [DIAG] iter=3 posCols=14 newCols=14 effImprove=14 updated=0
    [CG] CG iter 1: obj=143933049.468852, maxRC=59385930.854496, +23 cols
    [CG]   [DIAG] iter=1 posCols=23 newCols=23 effImprove=23 updated=0
    [CG] CG iter 4: obj=174553365.310285, maxRC=2671769.720189, +5 cols
    [CG] CG iter 4: obj=174558450.587293, maxRC=2671769.720189, +5 cols
    [CG]   [DIAG] iter=4 posCols=5 newCols=5 effImprove=5 updated=0
    [CG]   [DIAG] iter=4 posCols=5 newCols=5 effImprove=5 updated=0
    [CG] CG iter 5: obj=174558450.587293, maxRC=671943.015475, +1 cols
    [CG]   [DIAG] iter=5 posCols=1 newCols=1 effImprove=1 updated=0
    [CG] CG iter 5: obj=174553365.310285, maxRC=671032.364243, +1 cols
    [CG] 列生成收敛，共 6 轮迭代
    [CG]   [DIAG] iter=5 posCols=1 newCols=1 effImprove=1 updated=0
    [CG] [CG-NODE] depth=0 exit=CERTIFIED certified=1 feasible=1 iters=6 generatedColsBeforeNode=0 newCols=59 posCandidates=59 duplicateCandidates=0 updatedCols=0 zeroObjImproveIters=2 objFirst=144183289.468937 objLast=174558450.587293 objGain=30375161.118356 maxRC=59519752.128890 wallSec=0.010621 pricingSec=0.007240 cplexSolveSec=0.001815
      [BB] 根节点即为整数解，obj=174558450.587293
    [CG] CG iter 2: obj=160788681.658792, maxRC=10537824.602905, +16 cols
    [CG]   [DIAG] iter=2 posCols=16 newCols=16 effImprove=16 updated=0
    [CG] 列生成收敛，共 6 轮迭代
    [CG] [CG-NODE] depth=0 exit=CERTIFIED certified=1 feasible=1 iters=6 generatedColsBeforeNode=0 newCols=59 posCandidates=59 duplicateCandidates=0 updatedCols=0 zeroObjImproveIters=2 objFirst=144178307.830528 objLast=174553365.310285 objGain=30375057.479758 maxRC=59519749.227507 wallSec=0.013354 pricingSec=0.008944 cplexSolveSec=0.002484
      [BB] 根节点即为整数解，obj=174553365.310285
    [CG] CG iter 3: obj=164807691.821830, maxRC=5111815.289533, +14 cols
    [CG]   [DIAG] iter=3 posCols=14 newCols=14 effImprove=14 updated=0
    [CG] CG iter 4: obj=174240170.065145, maxRC=2669115.777660, +5 cols
    [CG]   [DIAG] iter=4 posCols=5 newCols=5 effImprove=5 updated=0
    [CG] CG iter 5: obj=174240170.065145, maxRC=669793.521178, +1 cols
    [CG]   [DIAG] iter=5 posCols=1 newCols=1 effImprove=1 updated=0
    [CG] 列生成收敛，共 6 轮迭代
    [CG] [CG-NODE] depth=0 exit=CERTIFIED certified=1 feasible=1 iters=6 generatedColsBeforeNode=0 newCols=59 posCandidates=59 duplicateCandidates=0 updatedCols=0 zeroObjImproveIters=2 objFirst=143933049.468852 objLast=174240170.065145 objGain=30307120.596292 maxRC=59385930.854496 wallSec=0.014153 pricingSec=0.009483 cplexSolveSec=0.002428
      [BB] 根节点即为整数解，obj=174240170.065145
[GA] 代数 10: Best=174587336.27, Avg=174465426.12, Worst=174269055.75, Valid=30/30, 耗时=0.04s (连续10代未提升 → 提前停止)
  ├─ 求解: 30 个体 fork 并行 | CG迭代=119 加列=1213 BB分支=0
  ├─ 并行墙钟=0.0446s | 串行等效(ΣBP)=0.2695s | 加速比=6.05x
  ├─ 管理开销=-0.2249s (fork=0.0030 wait=0.0412 merge=0.0003)
  └─ CG明细: gen_logs/run_gen10_ind{0..29}.log

========== 遗传算法完成 ==========
总耗时: 0.634549s
最优适应度: 174587336.27
最优w: w0=0.00 w1=0.00 w2=0.00 w3=0.00 w4=0.00 w5=0.00 w6=0.00 w7=0.00 

========== 并行效率总报告 ==========
并行代数            : 11
并行墙钟(累计)      : 0.6306s
串行等效(ΣBP累计)   : 3.9873s
净管理开销          : -3.3567s (-532.3%)
  ├─ fork  : 0.0418s
  ├─ wait  : 0.5843s
  └─ merge : 0.0039s
加速比              : 6.32x
结论: 加速比 > 1，并行有效收益。
====================================

--- 最优解详细结果 ---
FORMAL_PASS seed=505 distance=10.00 profit=174587336.27 wall=0.65
