
      ========== [环节4/5] 列生成 CG（RMP + 定价子问题迭代求 LP 松弛） ==========
        设计: CPLEX 增量式 RMP(动态加列，不重建模型) ↔ 逐 DC 定价生成负 RC 新列
        定价并行: 否(串行逐DC) | DC 数=8 | 定价线程=4(上限pricing_threads=4)[未启用,parallel_pricing=false]
        核预算: core_budget=0(0=不限制) | GA并发进程数=见num_threads | 峰值占核=GA进程×定价线程
        RMP求解: CPLEX线程=1(cplex_threads=1)[GA并行时子进程强制回退1避免过度订阅]
        收敛: 最大迭代=2000 | tailing-off 早停=否(连续20轮改善<1e-06) | RC 阈值=1e-06
        优化: 每DC持久 PricingSolver(缓存跨迭代保留) + 持久线程池(不再每轮建销)

      ========== [环节5/5] 定价子问题 PS（每DC生成最大负 RC 列，本次瓶颈~83%） ==========
        算法: Simplified候选 + Algorithm3完整校验
        无损缓存: cachedBestCols仅提供 incumbent/上界剪枝，不跳过完整定价
        完整定价: 候选价格(保留价去重)×两点组合 O(候选价×n_neg²×numRetailer)

    ========== [环节3/5] 分支定界 BB（DFS 深度优先，恢复整数解） ==========
      设计: 根节点列生成求 LP → 按 x_ij(DC-零售商对)分数值分支 → 左 x_ij=0 / 右 x_ij=1
      策略: 深度优先(DFS 栈) | 选最大分数化变量分支 | LP≤下界则剪枝
      认证: 所有节点严格列生成 | 目标gap=0 | 最大节点数=10000 | 时间上限=600s
      资源限制仅改变求解状态，不允许LP值冒充整数可行解

  ========== [环节2/5] 分支定价 BP（固定 w_j 下精确求解整数规划） ==========
    设计: 列生成(求 LP 松弛) + 分支定界(恢复整数) = 分支定价
    收尾: 内层列利润已包含减排投资成本；BP整数结果完成后仅加回碳配额常数收益
    优化: fitnessCache 仅复用相同 w 的认证最优结果；未认证结果再次出现时重算
    投资成本模型: ½δw²D^γ, γ=0.500000
    投资成本处理: 列内扣除(新)

========== [环节1/5] 遗传算法 GA（外层：对减排率 w_j 编码搜索） ==========
  设计: 二进制编码 w_j → 轮盘赌选择 → 两点交叉 → 按位变异 → 精英保留
  配置: 种群=30 | 最大代数=50 | 编码位数=10/DC | 基因总长=80
        交叉率=0.7 | 逐位变异率=0.0125(自适应1/L) | 精英保留=是 | w范围=[0,1]
        提前停止=是 | 连续未提升阈值=10代 | 提升容差=0.001
  优化: 二进制解码查表(替代 std::pow) | 相同 w 仅复用认证最优的BP缓存

  +--------------- [并行诊断] 适应度评估层（GA 第4层外层） ---------------
  | 评估任务: 每代对 30 个个体各调用一次分支定价 BP.solve(w)（含 CG->定价->BB）
  | 并行三条件:
  |   1) parallel_fitness = true   [满足]
  |   2) population_size > 1 : 30   [满足]
  |   3) num_threads > 1 : 配置=8 -> 实际=8（0 表示自动取 CPU 核数=36）   [满足]
  +---------------------------------------------------------------
  | >>> 当前模式: 【并行】GA 适应度评估层 fork 进程级并行
  |     并发度: 8 个子进程同时运行（个体总数 30，分批调度）
  |     隔离方式: 每个体 fork() 独立子进程 + Instance.deepCopy() 深拷贝
  |               （不共享求解器，各持独立 BranchAndPrice，无锁无竞争）
  |     结果回传: 子进程算完经管道 pipe() 回传 fitness 及 BP/CG/PS 计时
  |     下层状态: 每个子进程内部 BP->CG->定价PS->BB 全部【串行】
  |     计时口径: 并行时 BP/CG/PS 取墙钟聚合，避免子进程 CPU 时间累加超过总时间
  | 注: 定价子问题 PS 并行开关 parallel_pricing=false —— true 时并行逐DC，false 时串行逐DC；线程数配置在 CG 环节横幅始终展示，仅 false 时不生效）
  +---------------------------------------------------------------
    [CG] 列生成开始，初始列数=128
    [CG] 列生成开始，初始列数=128
    [CG] 列生成开始，初始列数=128
    [CG] 列生成开始，初始列数=128
    [CG] 列生成开始，初始列数=128
    [CG] 列生成开始，初始列数=128
    [CG] 列生成开始，初始列数=128
    [CG] 列生成开始，初始列数=128
    [CG] CG iter 1: obj=144103511.602515, maxRC=59488747.135782, +23 cols
    [CG]   [DIAG] iter=1 posCols=23 newCols=23 effImprove=23 updated=0
    [CG] CG iter 1: obj=144422662.648259, maxRC=59513443.737995, +23 cols
    [CG]   [DIAG] iter=1 posCols=23 newCols=23 effImprove=23 updated=0
    [CG] CG iter 2: obj=160987412.205601, maxRC=10649179.920962, +16 cols
    [CG]   [DIAG] iter=2 posCols=16 newCols=16 effImprove=16 updated=0
    [CG] CG iter 3: obj=165141853.340253, maxRC=4988704.944804, +15 cols
    [CG]   [DIAG] iter=3 posCols=15 newCols=15 effImprove=15 updated=0
    [CG] CG iter 2: obj=160873338.883901, maxRC=10619818.992355, +16 cols
    [CG]   [DIAG] iter=2 posCols=16 newCols=16 effImprove=16 updated=0
    [CG] CG iter 4: obj=174518730.407433, maxRC=2617833.874074, +5 cols
    [CG]   [DIAG] iter=4 posCols=5 newCols=5 effImprove=5 updated=0
    [CG] CG iter 5: obj=174518730.407433, maxRC=627143.694099, +1 cols
    [CG]   [DIAG] iter=5 posCols=1 newCols=1 effImprove=1 updated=0
    [CG] 列生成收敛，共 6 轮迭代
    [CG] [CG-NODE] depth=0 exit=CERTIFIED certified=1 feasible=1 iters=6 generatedColsBeforeNode=0 newCols=60 posCandidates=60 duplicateCandidates=0 updatedCols=0 zeroObjImproveIters=2 objFirst=144422662.648259 objLast=174518730.407433 objGain=30096067.759174 maxRC=59513443.737995 wallSec=0.012573 pricingSec=0.008145 cplexSolveSec=0.002021
      [BB] 根节点即为整数解，obj=174518730.407433
    [CG] CG iter 1: obj=144396298.120283, maxRC=59158942.212105, +23 cols
    [CG] CG iter 1: obj=145108784.565856, maxRC=59519752.128890, +23 cols
    [CG]   [DIAG] iter=1 posCols=23 newCols=23 effImprove=23 updated=0
    [CG] CG iter 1: obj=144206270.627237, maxRC=59026397.891694, +23 cols
    [CG] CG iter 3: obj=165068853.014597, maxRC=5042086.896353, +15 cols
    [CG] CG iter 1: obj=144304357.655481, maxRC=59108898.379008, +23 cols
    [CG]   [DIAG] iter=3 posCols=15 newCols=15 effImprove=15 updated=0
    [CG]   [DIAG] iter=1 posCols=23 newCols=23 effImprove=23 updated=0
    [CG]   [DIAG] iter=1 posCols=23 newCols=23 effImprove=23 updated=0
    [CG]   [DIAG] iter=1 posCols=23 newCols=23 effImprove=23 updated=0
    [CG] CG iter 2: obj=160642503.638114, maxRC=10400440.786097, +16 cols
    [CG]   [DIAG] iter=2 posCols=16 newCols=16 effImprove=16 updated=0
    [CG] CG iter 2: obj=160366825.247400, maxRC=10318032.572917, +16 cols
    [CG]   [DIAG] iter=2 posCols=16 newCols=16 effImprove=16 updated=0
    [CG] CG iter 1: obj=143648515.998572, maxRC=59078799.233139, +23 cols
    [CG] CG iter 1: obj=144388637.786809, maxRC=59457409.415973, +23 cols
    [CG] CG iter 4: obj=174488469.179665, maxRC=2640057.026098, +5 cols
    [CG]   [DIAG] iter=4 posCols=5 newCols=5 effImprove=5 updated=0
    [CG]   [DIAG] iter=1 posCols=23 newCols=23 effImprove=23 updated=0
    [CG] CG iter 3: obj=164874571.416307, maxRC=5053178.443698, +15 cols
    [CG]   [DIAG] iter=1 posCols=23 newCols=23 effImprove=23 updated=0
    [CG]   [DIAG] iter=3 posCols=15 newCols=15 effImprove=15 updated=0
    [CG] CG iter 3: obj=164617991.080618, maxRC=5015057.796263, +15 cols
    [CG]   [DIAG] iter=3 posCols=15 newCols=15 effImprove=15 updated=0
    [CG] CG iter 4: obj=174367116.362647, maxRC=2644675.704265, +6 cols
    [CG]   [DIAG] iter=4 posCols=6 newCols=6 effImprove=6 updated=0
    [CG] CG iter 4: obj=174092271.798283, maxRC=2628803.715193, +6 cols
    [CG]   [DIAG] iter=4 posCols=6 newCols=6 effImprove=6 updated=0
    [CG] CG iter 5: obj=174488469.179665, maxRC=700843.945601, +1 cols
    [CG] CG iter 5: obj=174433659.156240, maxRC=794823.237518, +1 cols
    [CG]   [DIAG] iter=5 posCols=1 newCols=1 effImprove=1 updated=0
    [CG]   [DIAG] iter=5 posCols=1 newCols=1 effImprove=1 updated=0
    [CG] CG iter 2: obj=161468274.340676, maxRC=10623485.371715, +16 cols
    [CG]   [DIAG] iter=2 posCols=16 newCols=16 effImprove=16 updated=0
    [CG] CG iter 5: obj=174166898.461714, maxRC=783358.402509, +1 cols
    [CG]   [DIAG] iter=5 posCols=1 newCols=1 effImprove=1 updated=0
    [CG] 列生成收敛，共 6 轮迭代
    [CG] CG iter 2: obj=160421297.199214, maxRC=10419463.261263, +17 cols
    [CG] [CG-NODE] depth=0 exit=CERTIFIED certified=1 feasible=1 iters=6 generatedColsBeforeNode=0 newCols=61 posCandidates=61 duplicateCandidates=0 updatedCols=0 zeroObjImproveIters=1 objFirst=144396298.120283 objLast=174433659.156240 objGain=30037361.035957 maxRC=59158942.212105 wallSec=0.015378 pricingSec=0.011032 cplexSolveSec=0.002059
    [CG] 列生成开始，初始列数=128
    [CG]   [DIAG] iter=2 posCols=17 newCols=17 effImprove=17 updated=0
      [BB] 根节点即为整数解，obj=174433659.156240
    [CG] 列生成收敛，共 6 轮迭代
    [CG] [CG-NODE] depth=0 exit=CERTIFIED certified=1 feasible=1 iters=6 generatedColsBeforeNode=0 newCols=61 posCandidates=61 duplicateCandidates=0 updatedCols=0 zeroObjImproveIters=1 objFirst=144206270.627237 objLast=174166898.461714 objGain=29960627.834477 maxRC=59026397.891694 wallSec=0.015763 pricingSec=0.011271 cplexSolveSec=0.002012
    [CG] 列生成收敛，共 6 轮迭代
    [CG] [CG-NODE] depth=0 exit=CERTIFIED certified=1 feasible=1 iters=6 generatedColsBeforeNode=0 newCols=60 posCandidates=60 duplicateCandidates=0 updatedCols=0 zeroObjImproveIters=2 objFirst=144103511.602515 objLast=174488469.179665 objGain=30384957.577150 maxRC=59488747.135782 wallSec=0.015521 pricingSec=0.010355 cplexSolveSec=0.002937
      [BB] 根节点即为整数解，obj=174166898.461714
    [CG] CG iter 2: obj=160884693.888061, maxRC=9544966.679613, +17 cols
    [CG] CG iter 2: obj=160518457.751175, maxRC=10404081.234618, +16 cols
      [BB] 根节点即为整数解，obj=174488469.179665
    [CG]   [DIAG] iter=2 posCols=17 newCols=17 effImprove=17 updated=0
    [CG]   [DIAG] iter=2 posCols=16 newCols=16 effImprove=16 updated=0
    [CG] CG iter 3: obj=165666838.448703, maxRC=5118128.238817, +15 cols
    [CG]   [DIAG] iter=3 posCols=15 newCols=15 effImprove=15 updated=0
    [CG] CG iter 3: obj=174380032.120368, maxRC=1903213.110708, +7 cols
    [CG] CG iter 3: obj=167256743.981046, maxRC=6155562.672424, +12 cols
    [CG]   [DIAG] iter=3 posCols=7 newCols=7 effImprove=7 updated=0
    [CG]   [DIAG] iter=3 posCols=12 newCols=12 effImprove=12 updated=0
    [CG] CG iter 3: obj=164396015.294407, maxRC=5116211.988146, +14 cols
    [CG]   [DIAG] iter=3 posCols=14 newCols=14 effImprove=14 updated=0
    [CG] CG iter 4: obj=174380032.120368, maxRC=508904.143776, +2 cols
    [CG] CG iter 4: obj=175179113.450642, maxRC=2671769.720189, +6 cols
    [CG]   [DIAG] iter=4 posCols=2 newCols=2 effImprove=2 updated=0
    [CG]   [DIAG] iter=4 posCols=6 newCols=6 effImprove=6 updated=0
    [CG] CG iter 4: obj=174231778.409340, maxRC=2224317.188507, +4 cols
    [CG]   [DIAG] iter=4 posCols=4 newCols=4 effImprove=4 updated=0
    [CG] CG iter 5: obj=175190993.022181, maxRC=830112.912422, +1 cols
    [CG] 列生成收敛，共 5 轮迭代
    [CG]   [DIAG] iter=5 posCols=1 newCols=1 effImprove=1 updated=0
    [CG] [CG-NODE] depth=0 exit=CERTIFIED certified=1 feasible=1 iters=5 generatedColsBeforeNode=0 newCols=49 posCandidates=49 duplicateCandidates=0 updatedCols=0 zeroObjImproveIters=2 objFirst=144388637.786809 objLast=174380032.120368 objGain=29991394.333559 maxRC=59457409.415973 wallSec=0.017274 pricingSec=0.011854 cplexSolveSec=0.002577
    [CG] CG iter 4: obj=173956699.271455, maxRC=2670956.257235, +6 cols
    [CG]   [DIAG] iter=4 posCols=6 newCols=6 effImprove=6 updated=0
    [CG] CG iter 5: obj=174231778.409340, maxRC=409050.912368, +2 cols
    [CG]   [DIAG] iter=5 posCols=2 newCols=2 effImprove=2 updated=0
      [BB] 根节点即为整数解，obj=174380032.120368
    [CG] 列生成开始，初始列数=128
    [CG] 列生成收敛，共 6 轮迭代
    [CG] [CG-NODE] depth=0 exit=CERTIFIED certified=1 feasible=1 iters=6 generatedColsBeforeNode=0 newCols=61 posCandidates=61 duplicateCandidates=0 updatedCols=0 zeroObjImproveIters=1 objFirst=145108784.565856 objLast=175190993.022181 objGain=30082208.456325 maxRC=59519752.128890 wallSec=0.018627 pricingSec=0.012584 cplexSolveSec=0.003149
    [CG] CG iter 5: obj=174004154.631075, maxRC=801727.996017, +1 cols
    [CG] CG iter 6: obj=174231778.409340, maxRC=29868.765705, +1 cols
    [CG]   [DIAG] iter=5 posCols=1 newCols=1 effImprove=1 updated=0
    [CG]   [DIAG] iter=6 posCols=1 newCols=1 effImprove=1 updated=0
      [BB] 根节点即为整数解，obj=175190993.022181
    [CG] 列生成开始，初始列数=128
    [CG] 列生成开始，初始列数=128
    [CG] 列生成收敛，共 6 轮迭代
    [CG] 列生成收敛，共 7 轮迭代
    [CG] [CG-NODE] depth=0 exit=CERTIFIED certified=1 feasible=1 iters=6 generatedColsBeforeNode=0 newCols=60 posCandidates=60 duplicateCandidates=0 updatedCols=0 zeroObjImproveIters=1 objFirst=143648515.998572 objLast=174004154.631075 objGain=30355638.632503 maxRC=59078799.233139 wallSec=0.018593 pricingSec=0.012494 cplexSolveSec=0.003000
    [CG] [CG-NODE] depth=0 exit=CERTIFIED certified=1 feasible=1 iters=7 generatedColsBeforeNode=0 newCols=59 posCandidates=59 duplicateCandidates=0 updatedCols=0 zeroObjImproveIters=3 objFirst=144304357.655481 objLast=174231778.409340 objGain=29927420.753859 maxRC=59108898.379008 wallSec=0.018947 pricingSec=0.012744 cplexSolveSec=0.003330
      [BB] 根节点即为整数解，obj=174004154.631075
      [BB] 根节点即为整数解，obj=174231778.409340
    [CG] 列生成开始，初始列数=128
    [CG] 列生成开始，初始列数=128
    [CG] 列生成开始，初始列数=128
    [CG] 列生成开始，初始列数=128
    [CG] CG iter 1: obj=143459902.097118, maxRC=58971884.203483, +23 cols
    [CG]   [DIAG] iter=1 posCols=23 newCols=23 effImprove=23 updated=0
    [CG] CG iter 2: obj=159911958.264203, maxRC=10515330.528433, +16 cols
    [CG]   [DIAG] iter=2 posCols=16 newCols=16 effImprove=16 updated=0
    [CG] CG iter 3: obj=163784124.423233, maxRC=5123458.431926, +17 cols
    [CG]   [DIAG] iter=3 posCols=17 newCols=17 effImprove=17 updated=0
    [CG] CG iter 4: obj=173286154.011363, maxRC=2019921.524917, +6 cols
    [CG]   [DIAG] iter=4 posCols=6 newCols=6 effImprove=6 updated=0
    [CG] 列生成收敛，共 5 轮迭代
    [CG] [CG-NODE] depth=0 exit=CERTIFIED certified=1 feasible=1 iters=5 generatedColsBeforeNode=0 newCols=62 posCandidates=62 duplicateCandidates=0 updatedCols=0 zeroObjImproveIters=1 objFirst=143459902.097118 objLast=173286154.011363 objGain=29826251.914245 maxRC=58971884.203483 wallSec=0.013142 pricingSec=0.008757 cplexSolveSec=0.002085
      [BB] 根节点即为整数解，obj=173286154.011363
    [CG] CG iter 1: obj=144236052.238713, maxRC=59371946.822241, +23 cols
    [CG] CG iter 1: obj=144201459.815626, maxRC=59450378.291270, +23 cols
    [CG]   [DIAG] iter=1 posCols=23 newCols=23 effImprove=23 updated=0
    [CG]   [DIAG] iter=1 posCols=23 newCols=23 effImprove=23 updated=0
    [CG] CG iter 2: obj=160717732.095173, maxRC=10528796.375922, +16 cols
    [CG]   [DIAG] iter=2 posCols=16 newCols=16 effImprove=16 updated=0
    [CG] CG iter 2: obj=160950231.632239, maxRC=9536576.812747, +17 cols
    [CG]   [DIAG] iter=2 posCols=17 newCols=17 effImprove=17 updated=0
    [CG] CG iter 3: obj=164770286.485745, maxRC=5014061.212422, +15 cols
    [CG]   [DIAG] iter=3 posCols=15 newCols=15 effImprove=15 updated=0
    [CG] CG iter 1: obj=144635320.173884, maxRC=59506833.680185, +23 cols
    [CG] CG iter 3: obj=174479197.128939, maxRC=7213222.885193, +8 cols
    [CG]   [DIAG] iter=3 posCols=8 newCols=8 effImprove=8 updated=0
    [CG]   [DIAG] iter=1 posCols=23 newCols=23 effImprove=23 updated=0
    [CG] CG iter 4: obj=174215354.198847, maxRC=2628388.839734, +5 cols
    [CG]   [DIAG] iter=4 posCols=5 newCols=5 effImprove=5 updated=0
    [CG] 列生成开始，初始列数=128
    [CG] CG iter 4: obj=174479197.128939, maxRC=1433824.504843, +3 cols
    [CG] CG iter 5: obj=174215354.198847, maxRC=664687.131397, +1 cols
    [CG]   [DIAG] iter=5 posCols=1 newCols=1 effImprove=1 updated=0
    [CG]   [DIAG] iter=4 posCols=3 newCols=3 effImprove=3 updated=0
    [CG] 列生成收敛，共 6 轮迭代
    [CG] [CG-NODE] depth=0 exit=CERTIFIED certified=1 feasible=1 iters=6 generatedColsBeforeNode=0 newCols=60 posCandidates=60 duplicateCandidates=0 updatedCols=0 zeroObjImproveIters=2 objFirst=144236052.238713 objLast=174215354.198847 objGain=29979301.960133 maxRC=59371946.822241 wallSec=0.010575 pricingSec=0.007074 cplexSolveSec=0.001846
      [BB] 根节点即为整数解，obj=174215354.198847
    [CG] 列生成收敛，共 5 轮迭代
    [CG] [CG-NODE] depth=0 exit=CERTIFIED certified=1 feasible=1 iters=5 generatedColsBeforeNode=0 newCols=51 posCandidates=51 duplicateCandidates=0 updatedCols=0 zeroObjImproveIters=1 objFirst=144201459.815626 objLast=174500066.928201 objGain=30298607.112575 maxRC=59450378.291270 wallSec=0.013999 pricingSec=0.009556 cplexSolveSec=0.002291
      [BB] 根节点即为整数解，obj=174500066.928201
    [CG] CG iter 2: obj=161363110.636384, maxRC=10179714.341151, +17 cols
    [CG] CG iter 1: obj=143591647.626738, maxRC=59042090.023061, +23 cols
    [CG]   [DIAG] iter=2 posCols=17 newCols=17 effImprove=17 updated=0
    [CG]   [DIAG] iter=1 posCols=23 newCols=23 effImprove=23 updated=0
    [CG] CG iter 3: obj=170523918.456237, maxRC=3467383.802265, +11 cols
    [CG] 列生成开始，初始列数=128
    [CG]   [DIAG] iter=3 posCols=11 newCols=11 effImprove=11 updated=0
    [CG] CG iter 1: obj=143974564.170889, maxRC=59081277.357400, +23 cols
    [CG] 列生成开始，初始列数=128
    [CG]   [DIAG] iter=1 posCols=23 newCols=23 effImprove=23 updated=0
    [CG] CG iter 1: obj=144170886.848659, maxRC=59196895.463946, +23 cols
    [CG] CG iter 2: obj=160055454.831845, maxRC=10214408.354351, +17 cols
    [CG]   [DIAG] iter=2 posCols=17 newCols=17 effImprove=17 updated=0
    [CG] CG iter 4: obj=173742228.330196, maxRC=1344958.320614, +4 cols
    [CG]   [DIAG] iter=1 posCols=23 newCols=23 effImprove=23 updated=0
    [CG]   [DIAG] iter=4 posCols=4 newCols=4 effImprove=4 updated=0
    [CG] CG iter 1: obj=144326575.313028, maxRC=59222253.516352, +23 cols
    [CG] CG iter 5: obj=175025285.569663, maxRC=681170.221370, +4 cols
    [CG]   [DIAG] iter=5 posCols=4 newCols=4 effImprove=4 updated=0
    [CG]   [DIAG] iter=1 posCols=23 newCols=23 effImprove=23 updated=0
    [CG] CG iter 3: obj=166954094.919610, maxRC=5696780.668465, +10 cols
    [CG] CG iter 2: obj=160442579.907762, maxRC=10447400.533115, +16 cols
    [CG]   [DIAG] iter=3 posCols=10 newCols=10 effImprove=10 updated=0
    [CG] 列生成收敛，共 6 轮迭代
    [CG]   [DIAG] iter=2 posCols=16 newCols=16 effImprove=16 updated=0
    [CG] [CG-NODE] depth=0 exit=CERTIFIED certified=1 feasible=1 iters=6 generatedColsBeforeNode=0 newCols=59 posCandidates=59 duplicateCandidates=0 updatedCols=0 zeroObjImproveIters=0 objFirst=144635320.173884 objLast=175029596.928930 objGain=30394276.755046 maxRC=59506833.680185 wallSec=0.017657 pricingSec=0.011876 cplexSolveSec=0.003177
      [BB] 根节点即为整数解，obj=175029596.928930
    [CG] CG iter 2: obj=160776829.805265, maxRC=10435360.881273, +16 cols
    [CG]   [DIAG] iter=2 posCols=16 newCols=16 effImprove=16 updated=0
    [CG] CG iter 4: obj=173977463.515869, maxRC=1469345.210198, +2 cols
    [CG]   [DIAG] iter=4 posCols=2 newCols=2 effImprove=2 updated=0
    [CG] CG iter 2: obj=160812478.764114, maxRC=10444235.263511, +16 cols
    [CG]   [DIAG] iter=2 posCols=16 newCols=16 effImprove=16 updated=0
    [CG] CG iter 3: obj=164477601.051795, maxRC=5091017.918804, +14 cols
    [CG] CG iter 1: obj=144146070.121193, maxRC=59247132.164899, +23 cols
    [CG]   [DIAG] iter=3 posCols=14 newCols=14 effImprove=14 updated=0
    [CG]   [DIAG] iter=1 posCols=23 newCols=23 effImprove=23 updated=0
    [CG] CG iter 5: obj=173977463.515869, maxRC=880128.287643, +2 cols
    [CG]   [DIAG] iter=5 posCols=2 newCols=2 effImprove=2 updated=0
    [CG] CG iter 3: obj=164853761.202606, maxRC=5081061.727207, +14 cols
    [CG]   [DIAG] iter=3 posCols=14 newCols=14 effImprove=14 updated=0
    [CG] 列生成收敛，共 6 轮迭代
    [CG] CG iter 2: obj=160641606.263683, maxRC=10525407.979662, +17 cols
    [CG] [CG-NODE] depth=0 exit=CERTIFIED certified=1 feasible=1 iters=6 generatedColsBeforeNode=0 newCols=54 posCandidates=54 duplicateCandidates=0 updatedCols=0 zeroObjImproveIters=2 objFirst=143591647.626738 objLast=173977463.515869 objGain=30385815.889132 maxRC=59042090.023061 wallSec=0.016130 pricingSec=0.011113 cplexSolveSec=0.002920
    [CG] CG iter 4: obj=174013197.406038, maxRC=2660439.255058, +6 cols
    [CG]   [DIAG] iter=2 posCols=17 newCols=17 effImprove=17 updated=0
    [CG]   [DIAG] iter=4 posCols=6 newCols=6 effImprove=6 updated=0
      [BB] 根节点即为整数解，obj=173977463.515869
    [CG] CG iter 3: obj=164937271.602999, maxRC=5048968.888238, +14 cols
    [CG]   [DIAG] iter=3 posCols=14 newCols=14 effImprove=14 updated=0
    [CG] 列生成开始，初始列数=128
    [CG] CG iter 4: obj=174379646.280608, maxRC=2656290.145146, +6 cols
    [CG]   [DIAG] iter=4 posCols=6 newCols=6 effImprove=6 updated=0
    [CG] CG iter 5: obj=174078595.002382, maxRC=850235.582560, +1 cols
    [CG]   [DIAG] iter=5 posCols=1 newCols=1 effImprove=1 updated=0
    [CG] CG iter 3: obj=167278158.930216, maxRC=5505692.765274, +10 cols
    [CG]   [DIAG] iter=3 posCols=10 newCols=10 effImprove=10 updated=0
    [CG] CG iter 1: obj=144187657.076772, maxRC=59092120.759583, +23 cols
    [CG] CG iter 4: obj=173849578.731341, maxRC=1182967.161914, +2 cols
    [CG] 列生成收敛，共 6 轮迭代
    [CG]   [DIAG] iter=4 posCols=2 newCols=2 effImprove=2 updated=0
    [CG] [CG-NODE] depth=0 exit=CERTIFIED certified=1 feasible=1 iters=6 generatedColsBeforeNode=0 newCols=60 posCandidates=60 duplicateCandidates=0 updatedCols=0 zeroObjImproveIters=1 objFirst=143974564.170889 objLast=174078595.002382 objGain=30104030.831493 maxRC=59081277.357400 wallSec=0.020628 pricingSec=0.014742 cplexSolveSec=0.003161
    [CG]   [DIAG] iter=1 posCols=23 newCols=23 effImprove=23 updated=0
    [CG] CG iter 5: obj=174398108.744891, maxRC=805087.547455, +1 cols
    [CG] CG iter 4: obj=174430146.848890, maxRC=2642922.716496, +5 cols
    [CG]   [DIAG] iter=5 posCols=1 newCols=1 effImprove=1 updated=0
    [CG]   [DIAG] iter=4 posCols=5 newCols=5 effImprove=5 updated=0
      [BB] 根节点即为整数解，obj=174078595.002382
    [CG] CG iter 1: obj=144235262.958840, maxRC=59025491.404302, +23 cols
    [CG] CG iter 5: obj=173949532.853151, maxRC=871738.935175, +2 cols
    [CG]   [DIAG] iter=5 posCols=2 newCols=2 effImprove=2 updated=0
    [CG]   [DIAG] iter=1 posCols=23 newCols=23 effImprove=23 updated=0
    [CG] 列生成收敛，共 6 轮迭代
    [CG] [CG-NODE] depth=0 exit=CERTIFIED certified=1 feasible=1 iters=6 generatedColsBeforeNode=0 newCols=60 posCandidates=60 duplicateCandidates=0 updatedCols=0 zeroObjImproveIters=1 objFirst=144170886.848659 objLast=174398108.744891 objGain=30227221.896232 maxRC=59196895.463946 wallSec=0.018982 pricingSec=0.013005 cplexSolveSec=0.003250
    [CG] 列生成收敛，共 6 轮迭代
    [CG] [CG-NODE] depth=0 exit=CERTIFIED certified=1 feasible=1 iters=6 generatedColsBeforeNode=0 newCols=54 posCandidates=54 duplicateCandidates=0 updatedCols=0 zeroObjImproveIters=1 objFirst=144146070.121193 objLast=173949532.853151 objGain=29803462.731958 maxRC=59247132.164899 wallSec=0.006644 pricingSec=0.004072 cplexSolveSec=0.001229
    [CG] CG iter 5: obj=174430146.848890, maxRC=799428.529049, +1 cols
    [CG]   [DIAG] iter=5 posCols=1 newCols=1 effImprove=1 updated=0
      [BB] 根节点即为整数解，obj=173949532.853151
      [BB] 根节点即为整数解，obj=174398108.744891
    [CG] 列生成开始，初始列数=128
    [CG] CG iter 2: obj=160275593.624793, maxRC=10375436.062989, +16 cols
    [CG] 列生成收敛，共 6 轮迭代
    [CG]   [DIAG] iter=2 posCols=16 newCols=16 effImprove=16 updated=0
    [CG] [CG-NODE] depth=0 exit=CERTIFIED certified=1 feasible=1 iters=6 generatedColsBeforeNode=0 newCols=59 posCandidates=59 duplicateCandidates=0 updatedCols=0 zeroObjImproveIters=2 objFirst=144326575.313028 objLast=174430146.848890 objGain=30103571.535862 maxRC=59222253.516352 wallSec=0.018438 pricingSec=0.012826 cplexSolveSec=0.003028
      [BB] 根节点即为整数解，obj=174430146.848890
    [CG] CG iter 2: obj=160558383.936322, maxRC=10323429.653942, +16 cols
    [CG]   [DIAG] iter=2 posCols=16 newCols=16 effImprove=16 updated=0
    [CG] CG iter 3: obj=164502093.161342, maxRC=5092773.463748, +15 cols
    [CG]   [DIAG] iter=3 posCols=15 newCols=15 effImprove=15 updated=0
    [CG] CG iter 4: obj=174032039.596560, maxRC=2661171.032950, +6 cols
    [CG]   [DIAG] iter=4 posCols=6 newCols=6 effImprove=6 updated=0
    [CG] 列生成开始，初始列数=128
    [CG] CG iter 3: obj=164779842.164229, maxRC=5083264.028413, +14 cols
    [CG]   [DIAG] iter=3 posCols=14 newCols=14 effImprove=14 updated=0
    [CG] 列生成开始，初始列数=128
    [CG] CG iter 5: obj=174167055.125433, maxRC=804291.186243, +1 cols
    [CG]   [DIAG] iter=5 posCols=1 newCols=1 effImprove=1 updated=0
    [CG] 列生成开始，初始列数=128
    [CG] 列生成开始，初始列数=128
    [CG] 列生成收敛，共 6 轮迭代
    [CG] [CG-NODE] depth=0 exit=CERTIFIED certified=1 feasible=1 iters=6 generatedColsBeforeNode=0 newCols=61 posCandidates=61 duplicateCandidates=0 updatedCols=0 zeroObjImproveIters=1 objFirst=144187657.076772 objLast=174167055.125433 objGain=29979398.048661 maxRC=59092120.759583 wallSec=0.010642 pricingSec=0.007061 cplexSolveSec=0.002066
    [CG] CG iter 4: obj=174325171.314215, maxRC=2657207.798381, +6 cols
    [CG]   [DIAG] iter=4 posCols=6 newCols=6 effImprove=6 updated=0
      [BB] 根节点即为整数解，obj=174167055.125433
    [CG] CG iter 5: obj=174466416.898209, maxRC=814144.590221, +1 cols
    [CG]   [DIAG] iter=5 posCols=1 newCols=1 effImprove=1 updated=0
    [CG] 列生成收敛，共 6 轮迭代
    [CG] [CG-NODE] depth=0 exit=CERTIFIED certified=1 feasible=1 iters=6 generatedColsBeforeNode=0 newCols=60 posCandidates=60 duplicateCandidates=0 updatedCols=0 zeroObjImproveIters=1 objFirst=144235262.958840 objLast=174466416.898209 objGain=30231153.939369 maxRC=59025491.404302 wallSec=0.015259 pricingSec=0.010191 cplexSolveSec=0.002789
      [BB] 根节点即为整数解，obj=174466416.898209
    [CG] 列生成开始，初始列数=128
    [CG] CG iter 1: obj=143814119.416092, maxRC=59504383.769060, +23 cols
    [CG]   [DIAG] iter=1 posCols=23 newCols=23 effImprove=23 updated=0
    [CG] CG iter 1: obj=143928681.738694, maxRC=59381965.401748, +23 cols
    [CG]   [DIAG] iter=1 posCols=23 newCols=23 effImprove=23 updated=0
    [CG] CG iter 2: obj=160842552.144420, maxRC=10597548.140224, +17 cols
    [CG]   [DIAG] iter=2 posCols=17 newCols=17 effImprove=17 updated=0
    [CG] CG iter 2: obj=160973071.319829, maxRC=10728093.110721, +17 cols
    [CG]   [DIAG] iter=2 posCols=17 newCols=17 effImprove=17 updated=0
    [CG] CG iter 3: obj=167685844.626563, maxRC=6176937.686766, +11 cols
    [CG] CG iter 3: obj=167473948.844432, maxRC=5556250.717352, +10 cols
    [CG] 列生成开始，初始列数=128
    [CG]   [DIAG] iter=3 posCols=11 newCols=11 effImprove=11 updated=0
    [CG]   [DIAG] iter=3 posCols=10 newCols=10 effImprove=10 updated=0
    [CG] CG iter 4: obj=174022953.291445, maxRC=1394894.393758, +2 cols
    [CG] CG iter 4: obj=170204542.077236, maxRC=4117090.521113, +5 cols
    [CG]   [DIAG] iter=4 posCols=2 newCols=2 effImprove=2 updated=0
    [CG]   [DIAG] iter=4 posCols=5 newCols=5 effImprove=5 updated=0
    [CG] 列生成收敛，共 5 轮迭代
    [CG] CG iter 5: obj=174221117.421060, maxRC=825269.105202, +2 cols
    [CG] [CG-NODE] depth=0 exit=CERTIFIED certified=1 feasible=1 iters=5 generatedColsBeforeNode=0 newCols=56 posCandidates=56 duplicateCandidates=0 updatedCols=0 zeroObjImproveIters=0 objFirst=143928681.738694 objLast=174379776.281381 objGain=30451094.542687 maxRC=59381965.401748 wallSec=0.009009 pricingSec=0.006064 cplexSolveSec=0.001585
    [CG]   [DIAG] iter=5 posCols=2 newCols=2 effImprove=2 updated=0
      [BB] 根节点即为整数解，obj=174379776.281381
    [CG] 列生成收敛，共 6 轮迭代
    [CG] [CG-NODE] depth=0 exit=CERTIFIED certified=1 feasible=1 iters=6 generatedColsBeforeNode=0 newCols=54 posCandidates=54 duplicateCandidates=0 updatedCols=0 zeroObjImproveIters=1 objFirst=143814119.416092 objLast=174221117.421060 objGain=30406998.004968 maxRC=59504383.769060 wallSec=0.011113 pricingSec=0.007519 cplexSolveSec=0.001967
    [CG] CG iter 1: obj=144255926.261196, maxRC=59443374.518860, +23 cols
    [CG] CG iter 1: obj=143784506.244667, maxRC=59277992.214888, +23 cols
      [BB] 根节点即为整数解，obj=174221117.421060
    [CG]   [DIAG] iter=1 posCols=23 newCols=23 effImprove=23 updated=0
    [CG]   [DIAG] iter=1 posCols=23 newCols=23 effImprove=23 updated=0
    [CG] CG iter 2: obj=161081240.664109, maxRC=10575857.471673, +16 cols
    [CG]   [DIAG] iter=2 posCols=16 newCols=16 effImprove=16 updated=0
    [CG] CG iter 2: obj=160555355.855620, maxRC=10507647.060226, +16 cols
    [CG]   [DIAG] iter=2 posCols=16 newCols=16 effImprove=16 updated=0
    [CG] CG iter 3: obj=164968145.906135, maxRC=5037976.516936, +15 cols
    [CG]   [DIAG] iter=3 posCols=15 newCols=15 effImprove=15 updated=0
    [CG] CG iter 4: obj=174442298.866428, maxRC=2638345.543641, +6 cols
    [CG]   [DIAG] iter=4 posCols=6 newCols=6 effImprove=6 updated=0
    [CG] 列生成开始，初始列数=128
    [CG] CG iter 5: obj=174442298.866428, maxRC=610000.302176, +1 cols
    [CG]   [DIAG] iter=5 posCols=1 newCols=1 effImprove=1 updated=0
    [CG] CG iter 3: obj=164444804.314593, maxRC=4999072.000208, +15 cols
    [CG]   [DIAG] iter=3 posCols=15 newCols=15 effImprove=15 updated=0
    [CG] 列生成收敛，共 6 轮迭代
    [CG] [CG-NODE] depth=0 exit=CERTIFIED certified=1 feasible=1 iters=6 generatedColsBeforeNode=0 newCols=61 posCandidates=61 duplicateCandidates=0 updatedCols=0 zeroObjImproveIters=2 objFirst=144255926.261196 objLast=174442298.866428 objGain=30186372.605232 maxRC=59443374.518860 wallSec=0.006616 pricingSec=0.004439 cplexSolveSec=0.001280
    [CG] 列生成开始，初始列数=128
      [BB] 根节点即为整数解，obj=174442298.866428
    [CG] CG iter 4: obj=173894067.573894, maxRC=2622149.161737, +5 cols
    [CG]   [DIAG] iter=4 posCols=5 newCols=5 effImprove=5 updated=0
    [CG] CG iter 5: obj=173894067.573894, maxRC=619979.714662, +1 cols
    [CG]   [DIAG] iter=5 posCols=1 newCols=1 effImprove=1 updated=0
    [CG] 列生成收敛，共 6 轮迭代
    [CG] [CG-NODE] depth=0 exit=CERTIFIED certified=1 feasible=1 iters=6 generatedColsBeforeNode=0 newCols=60 posCandidates=60 duplicateCandidates=0 updatedCols=0 zeroObjImproveIters=2 objFirst=143784506.244667 objLast=173894067.573894 objGain=30109561.329227 maxRC=59277992.214888 wallSec=0.011057 pricingSec=0.007328 cplexSolveSec=0.002068
      [BB] 根节点即为整数解，obj=173894067.573894
    [CG] 列生成开始，初始列数=128
    [CG] CG iter 1: obj=144535750.343689, maxRC=59161563.165825, +23 cols
    [CG] CG iter 1: obj=144013983.520116, maxRC=59016256.540825, +23 cols
    [CG]   [DIAG] iter=1 posCols=23 newCols=23 effImprove=23 updated=0
    [CG] CG iter 1: obj=144565335.687134, maxRC=59362111.109457, +23 cols
    [CG]   [DIAG] iter=1 posCols=23 newCols=23 effImprove=23 updated=0
    [CG]   [DIAG] iter=1 posCols=23 newCols=23 effImprove=23 updated=0
    [CG] CG iter 1: obj=143836735.441353, maxRC=59340035.135585, +23 cols
    [CG]   [DIAG] iter=1 posCols=23 newCols=23 effImprove=23 updated=0
    [CG] CG iter 2: obj=160665882.991813, maxRC=10528391.263050, +16 cols
    [CG]   [DIAG] iter=2 posCols=16 newCols=16 effImprove=16 updated=0
    [CG] CG iter 2: obj=160362216.971897, maxRC=10310697.821720, +16 cols
    [CG] CG iter 3: obj=164679283.705789, maxRC=5154407.950532, +17 cols
    [CG]   [DIAG] iter=2 posCols=16 newCols=16 effImprove=16 updated=0
    [CG]   [DIAG] iter=3 posCols=17 newCols=17 effImprove=17 updated=0
    [CG] CG iter 2: obj=160943530.974808, maxRC=10637831.182971, +16 cols
    [CG]   [DIAG] iter=2 posCols=16 newCols=16 effImprove=16 updated=0
    [CG] CG iter 2: obj=160221077.048885, maxRC=10617782.452924, +16 cols
    [CG]   [DIAG] iter=2 posCols=16 newCols=16 effImprove=16 updated=0
    [CG] CG iter 4: obj=174374030.355324, maxRC=189718.356829, +5 cols
    [CG]   [DIAG] iter=4 posCols=5 newCols=5 effImprove=5 updated=0
    [CG] 列生成收敛，共 5 轮迭代
    [CG] [CG-NODE] depth=0 exit=CERTIFIED certified=1 feasible=1 iters=5 generatedColsBeforeNode=0 newCols=61 posCandidates=61 duplicateCandidates=0 updatedCols=0 zeroObjImproveIters=0 objFirst=144535750.343689 objLast=174517378.225304 objGain=29981627.881615 maxRC=59161563.165825 wallSec=0.011293 pricingSec=0.007698 cplexSolveSec=0.001924
    [CG] CG iter 1: obj=143559028.775660, maxRC=59298844.357627, +23 cols
    [CG] CG iter 1: obj=144263622.802192, maxRC=59514191.386312, +23 cols
      [BB] 根节点即为整数解，obj=174517378.225304
    [CG]   [DIAG] iter=1 posCols=23 newCols=23 effImprove=23 updated=0
    [CG]   [DIAG] iter=1 posCols=23 newCols=23 effImprove=23 updated=0
    [CG] CG iter 3: obj=164273364.804571, maxRC=5012305.654692, +15 cols
    [CG] CG iter 3: obj=164902882.473366, maxRC=5114185.935332, +17 cols
    [CG]   [DIAG] iter=3 posCols=15 newCols=15 effImprove=15 updated=0
    [CG]   [DIAG] iter=3 posCols=17 newCols=17 effImprove=17 updated=0
    [CG] CG iter 3: obj=164312251.904067, maxRC=4990370.613397, +15 cols
    [CG]   [DIAG] iter=3 posCols=15 newCols=15 effImprove=15 updated=0
    [CG] CG iter 2: obj=160972391.351742, maxRC=10862450.281066, +17 cols
    [CG]   [DIAG] iter=2 posCols=17 newCols=17 effImprove=17 updated=0
    [CG] CG iter 2: obj=160230576.948582, maxRC=10580173.519270, +16 cols
    [CG] CG iter 4: obj=173783867.227606, maxRC=2627658.011587, +5 cols
    [CG]   [DIAG] iter=4 posCols=5 newCols=5 effImprove=5 updated=0
    [CG]   [DIAG] iter=2 posCols=16 newCols=16 effImprove=16 updated=0
    [CG] CG iter 4: obj=173698958.015160, maxRC=2618527.194377, +5 cols
    [CG] CG iter 4: obj=174596433.148653, maxRC=2054889.349789, +6 cols
    [CG]   [DIAG] iter=4 posCols=5 newCols=5 effImprove=5 updated=0
    [CG]   [DIAG] iter=4 posCols=6 newCols=6 effImprove=6 updated=0
    [CG] CG iter 3: obj=167651484.891065, maxRC=6162079.440836, +12 cols
    [CG]   [DIAG] iter=3 posCols=12 newCols=12 effImprove=12 updated=0
    [CG] CG iter 5: obj=173783867.227606, maxRC=725707.190448, +1 cols
    [CG]   [DIAG] iter=5 posCols=1 newCols=1 effImprove=1 updated=0
    [CG] CG iter 5: obj=173698958.015160, maxRC=705507.506971, +1 cols
    [CG] CG iter 3: obj=164055706.824625, maxRC=5025232.477700, +15 cols
    [CG]   [DIAG] iter=5 posCols=1 newCols=1 effImprove=1 updated=0
    [CG] CG iter 5: obj=174651213.825704, maxRC=46827.753310, +2 cols
    [CG]   [DIAG] iter=3 posCols=15 newCols=15 effImprove=15 updated=0
    [CG]   [DIAG] iter=5 posCols=2 newCols=2 effImprove=2 updated=0
    [CG] CG iter 4: obj=170260725.069102, maxRC=4109904.698915, +7 cols
    [CG]   [DIAG] iter=4 posCols=7 newCols=7 effImprove=7 updated=0
    [CG] 列生成收敛，共 6 轮迭代
    [CG] [CG-NODE] depth=0 exit=CERTIFIED certified=1 feasible=1 iters=6 generatedColsBeforeNode=0 newCols=60 posCandidates=60 duplicateCandidates=0 updatedCols=0 zeroObjImproveIters=2 objFirst=144013983.520116 objLast=173783867.227606 objGain=29769883.707491 maxRC=59016256.540825 wallSec=0.019221 pricingSec=0.013272 cplexSolveSec=0.003209
      [BB] 根节点即为整数解，obj=173783867.227606
    [CG] 列生成收敛，共 5 轮迭代
    [CG] [CG-NODE] depth=0 exit=CERTIFIED certified=1 feasible=1 iters=5 generatedColsBeforeNode=0 newCols=59 posCandidates=59 duplicateCandidates=0 updatedCols=0 zeroObjImproveIters=0 objFirst=144263622.802192 objLast=174406269.479790 objGain=30142646.677598 maxRC=59514191.386312 wallSec=0.007910 pricingSec=0.005165 cplexSolveSec=0.001319
    [CG] 列生成收敛，共 6 轮迭代
    [CG] CG iter 4: obj=173480392.759088, maxRC=2633039.569133, +5 cols
    [CG] [CG-NODE] depth=0 exit=CERTIFIED certified=1 feasible=1 iters=6 generatedColsBeforeNode=0 newCols=60 posCandidates=60 duplicateCandidates=0 updatedCols=0 zeroObjImproveIters=2 objFirst=143836735.441353 objLast=173698958.015160 objGain=29862222.573807 maxRC=59340035.135585 wallSec=0.018900 pricingSec=0.012982 cplexSolveSec=0.003200
    [CG]   [DIAG] iter=4 posCols=5 newCols=5 effImprove=5 updated=0
      [BB] 根节点即为整数解，obj=174406269.479790
    [CG] 列生成收敛，共 6 轮迭代
    [CG] [CG-NODE] depth=0 exit=CERTIFIED certified=1 feasible=1 iters=6 generatedColsBeforeNode=0 newCols=64 posCandidates=64 duplicateCandidates=0 updatedCols=0 zeroObjImproveIters=1 objFirst=144565335.687134 objLast=174651213.825704 objGain=30085878.138569 maxRC=59362111.109457 wallSec=0.019237 pricingSec=0.013300 cplexSolveSec=0.003199
      [BB] 根节点即为整数解，obj=173698958.015160
      [BB] 根节点即为整数解，obj=174651213.825704
    [CG] CG iter 5: obj=173480392.759088, maxRC=634954.848535, +1 cols
    [CG]   [DIAG] iter=5 posCols=1 newCols=1 effImprove=1 updated=0
    [CG] 列生成收敛，共 6 轮迭代
    [CG] [CG-NODE] depth=0 exit=CERTIFIED certified=1 feasible=1 iters=6 generatedColsBeforeNode=0 newCols=60 posCandidates=60 duplicateCandidates=0 updatedCols=0 zeroObjImproveIters=2 objFirst=143559028.775660 objLast=173480392.759088 objGain=29921363.983428 maxRC=59298844.357627 wallSec=0.011355 pricingSec=0.007766 cplexSolveSec=0.001930
      [BB] 根节点即为整数解，obj=173480392.759088
    [CG] CG iter 1: obj=144172875.353563, maxRC=59301383.700922, +23 cols
    [CG]   [DIAG] iter=1 posCols=23 newCols=23 effImprove=23 updated=0
    [CG] CG iter 2: obj=160624295.645090, maxRC=10614874.587923, +16 cols
    [CG]   [DIAG] iter=2 posCols=16 newCols=16 effImprove=16 updated=0
    [CG] CG iter 3: obj=164554437.978172, maxRC=5124045.607776, +17 cols
    [CG]   [DIAG] iter=3 posCols=17 newCols=17 effImprove=17 updated=0
    [CG] CG iter 4: obj=174156255.578617, maxRC=210987.468685, +4 cols
    [CG]   [DIAG] iter=4 posCols=4 newCols=4 effImprove=4 updated=0
    [CG] 列生成收敛，共 5 轮迭代
    [CG] [CG-NODE] depth=0 exit=CERTIFIED certified=1 feasible=1 iters=5 generatedColsBeforeNode=0 newCols=60 posCandidates=60 duplicateCandidates=0 updatedCols=0 zeroObjImproveIters=1 objFirst=144172875.353563 objLast=174156255.578617 objGain=29983380.225054 maxRC=59301383.700922 wallSec=0.018626 pricingSec=0.012705 cplexSolveSec=0.003157
      [BB] 根节点即为整数解，obj=174156255.578617
[GA] 代数 0: Best=175219878.71, Avg=174280379.08, Worst=173315039.70, Valid=30/30, 耗时=0.07s
  ├─ 求解: 30 个体 fork 并行 | CG迭代=174 加列=1766 BB分支=0
  ├─ 并行墙钟=0.0687s | 串行等效(ΣBP)=0.4454s | 加速比=6.48x
  ├─ 管理开销=-0.3767s (fork=0.0044 wait=0.0637 merge=0.0005)
  └─ CG明细: gen_logs/run_gen0_ind{0..29}.log
    [CG] 列生成开始，初始列数=128
    [CG] 列生成开始，初始列数=128
    [CG] 列生成开始，初始列数=128
    [CG] 列生成开始，初始列数=128
    [CG] 列生成开始，初始列数=128
    [CG] 列生成开始，初始列数=128
    [CG] 列生成开始，初始列数=128
    [CG] 列生成开始，初始列数=128
    [CG] CG iter 1: obj=144438229.921860, maxRC=59306875.322983, +23 cols
    [CG]   [DIAG] iter=1 posCols=23 newCols=23 effImprove=23 updated=0
    [CG] CG iter 1: obj=144223365.399170, maxRC=59504480.796912, +23 cols
    [CG]   [DIAG] iter=1 posCols=23 newCols=23 effImprove=23 updated=0
    [CG] CG iter 2: obj=160694265.985229, maxRC=10487093.817150, +16 cols
    [CG]   [DIAG] iter=2 posCols=16 newCols=16 effImprove=16 updated=0
    [CG] CG iter 2: obj=160967818.395104, maxRC=10807268.626226, +16 cols
    [CG]   [DIAG] iter=2 posCols=16 newCols=16 effImprove=16 updated=0
    [CG] CG iter 1: obj=144525249.322644, maxRC=59362111.109457, +23 cols
    [CG] CG iter 1: obj=143891399.757154, maxRC=59107939.844633, +23 cols
    [CG]   [DIAG] iter=1 posCols=23 newCols=23 effImprove=23 updated=0
    [CG]   [DIAG] iter=1 posCols=23 newCols=23 effImprove=23 updated=0
    [CG] CG iter 3: obj=164929883.234377, maxRC=5035991.740902, +15 cols
    [CG]   [DIAG] iter=3 posCols=15 newCols=15 effImprove=15 updated=0
    [CG] CG iter 3: obj=164835089.189382, maxRC=5144679.337487, +16 cols
    [CG]   [DIAG] iter=3 posCols=16 newCols=16 effImprove=16 updated=0
    [CG] CG iter 2: obj=160251823.385750, maxRC=10418850.833064, +16 cols
    [CG]   [DIAG] iter=2 posCols=16 newCols=16 effImprove=16 updated=0
    [CG] CG iter 4: obj=174374601.843917, maxRC=2637519.145115, +5 cols
    [CG]   [DIAG] iter=4 posCols=5 newCols=5 effImprove=5 updated=0
    [CG] CG iter 4: obj=174444932.045217, maxRC=2166511.916141, +8 cols
    [CG]   [DIAG] iter=4 posCols=8 newCols=8 effImprove=8 updated=0
    [CG] CG iter 5: obj=174374601.843917, maxRC=764023.284255, +1 cols
    [CG]   [DIAG] iter=5 posCols=1 newCols=1 effImprove=1 updated=0
    [CG] CG iter 2: obj=160895343.918688, maxRC=10528253.782644, +16 cols
    [CG]   [DIAG] iter=2 posCols=16 newCols=16 effImprove=16 updated=0
    [CG] CG iter 3: obj=164494539.779895, maxRC=4966973.941383, +15 cols
    [CG]   [DIAG] iter=3 posCols=15 newCols=15 effImprove=15 updated=0
    [CG] 列生成收敛，共 5 轮迭代
    [CG] [CG-NODE] depth=0 exit=CERTIFIED certified=1 feasible=1 iters=5 generatedColsBeforeNode=0 newCols=63 posCandidates=63 duplicateCandidates=0 updatedCols=0 zeroObjImproveIters=1 objFirst=144223365.399170 objLast=174444932.045217 objGain=30221566.646047 maxRC=59504480.796912 wallSec=0.009667 pricingSec=0.006586 cplexSolveSec=0.001634
    [CG] 列生成收敛，共 6 轮迭代
    [CG] [CG-NODE] depth=0 exit=CERTIFIED certified=1 feasible=1 iters=6 generatedColsBeforeNode=0 newCols=60 posCandidates=60 duplicateCandidates=0 updatedCols=0 zeroObjImproveIters=2 objFirst=144438229.921860 objLast=174374601.843917 objGain=29936371.922057 maxRC=59306875.322983 wallSec=0.009946 pricingSec=0.006633 cplexSolveSec=0.001836
      [BB] 根节点即为整数解，obj=174444932.045217
      [BB] 根节点即为整数解，obj=174374601.843917
    [CG] CG iter 4: obj=173891398.033676, maxRC=2608788.977103, +5 cols
    [CG]   [DIAG] iter=4 posCols=5 newCols=5 effImprove=5 updated=0
    [CG] CG iter 1: obj=144045228.008360, maxRC=59081277.357400, +23 cols
    [CG] CG iter 5: obj=173891398.033677, maxRC=775740.107577, +1 cols
    [CG]   [DIAG] iter=5 posCols=1 newCols=1 effImprove=1 updated=0
    [CG]   [DIAG] iter=1 posCols=23 newCols=23 effImprove=23 updated=0
    [CG] CG iter 3: obj=165094466.191897, maxRC=5114087.957835, +15 cols
    [CG] 列生成收敛，共 6 轮迭代
    [CG] [CG-NODE] depth=0 exit=CERTIFIED certified=1 feasible=1 iters=6 generatedColsBeforeNode=0 newCols=60 posCandidates=60 duplicateCandidates=0 updatedCols=0 zeroObjImproveIters=2 objFirst=143891399.757154 objLast=173891398.033677 objGain=29999998.276523 maxRC=59107939.844633 wallSec=0.010895 pricingSec=0.007586 cplexSolveSec=0.001764
    [CG]   [DIAG] iter=3 posCols=15 newCols=15 effImprove=15 updated=0
      [BB] 根节点即为整数解，obj=173891398.033677
    [CG] CG iter 1: obj=144544847.258913, maxRC=59443374.518860, +23 cols
    [CG]   [DIAG] iter=1 posCols=23 newCols=23 effImprove=23 updated=0
    [CG] CG iter 4: obj=174613043.440148, maxRC=2670066.233382, +6 cols
    [CG]   [DIAG] iter=4 posCols=6 newCols=6 effImprove=6 updated=0
    [CG] CG iter 2: obj=160359473.287503, maxRC=10447400.533115, +16 cols
    [CG]   [DIAG] iter=2 posCols=16 newCols=16 effImprove=16 updated=0
    [CG] CG iter 1: obj=144390524.968510, maxRC=59301383.700922, +23 cols
    [CG] CG iter 1: obj=143314590.833826, maxRC=59042090.023061, +23 cols
    [CG] 列生成开始，初始列数=128
    [CG] CG iter 5: obj=174667709.283496, maxRC=806132.968440, +1 cols
    [CG]   [DIAG] iter=1 posCols=23 newCols=23 effImprove=23 updated=0
    [CG]   [DIAG] iter=5 posCols=1 newCols=1 effImprove=1 updated=0
    [CG] 列生成开始，初始列数=128
    [CG]   [DIAG] iter=1 posCols=23 newCols=23 effImprove=23 updated=0
    [CG] CG iter 2: obj=161081240.664109, maxRC=10575857.471673, +16 cols
    [CG]   [DIAG] iter=2 posCols=16 newCols=16 effImprove=16 updated=0
    [CG] 列生成开始，初始列数=128
    [CG] 列生成收敛，共 6 轮迭代
    [CG] [CG-NODE] depth=0 exit=CERTIFIED certified=1 feasible=1 iters=6 generatedColsBeforeNode=0 newCols=61 posCandidates=61 duplicateCandidates=0 updatedCols=0 zeroObjImproveIters=1 objFirst=144525249.322644 objLast=174667709.283496 objGain=30142459.960852 maxRC=59362111.109457 wallSec=0.013120 pricingSec=0.008549 cplexSolveSec=0.002669
    [CG] CG iter 3: obj=164424749.895073, maxRC=5091399.051010, +17 cols
      [BB] 根节点即为整数解，obj=174667709.283496
    [CG]   [DIAG] iter=3 posCols=17 newCols=17 effImprove=17 updated=0
    [CG] CG iter 3: obj=165289823.008374, maxRC=5037976.516936, +15 cols
    [CG] CG iter 2: obj=160756508.405021, maxRC=10614874.587923, +16 cols
    [CG]   [DIAG] iter=3 posCols=15 newCols=15 effImprove=15 updated=0
    [CG]   [DIAG] iter=2 posCols=16 newCols=16 effImprove=16 updated=0
    [CG] CG iter 2: obj=160065132.322563, maxRC=10214408.354351, +17 cols
    [CG] CG iter 4: obj=174087926.143636, maxRC=2057800.857173, +6 cols
    [CG]   [DIAG] iter=4 posCols=6 newCols=6 effImprove=6 updated=0
    [CG]   [DIAG] iter=2 posCols=17 newCols=17 effImprove=17 updated=0
    [CG] CG iter 4: obj=174731219.864145, maxRC=2638345.543641, +5 cols
    [CG]   [DIAG] iter=4 posCols=5 newCols=5 effImprove=5 updated=0
    [CG] CG iter 5: obj=174227416.411633, maxRC=160389.927600, +2 cols
    [CG]   [DIAG] iter=5 posCols=2 newCols=2 effImprove=2 updated=0
    [CG] 列生成开始，初始列数=128
    [CG] CG iter 5: obj=174731219.864145, maxRC=741623.917539, +1 cols
    [CG]   [DIAG] iter=5 posCols=1 newCols=1 effImprove=1 updated=0
    [CG] 列生成收敛，共 6 轮迭代
    [CG] [CG-NODE] depth=0 exit=CERTIFIED certified=1 feasible=1 iters=6 generatedColsBeforeNode=0 newCols=64 posCandidates=64 duplicateCandidates=0 updatedCols=0 zeroObjImproveIters=1 objFirst=144045228.008360 objLast=174227416.411633 objGain=30182188.403274 maxRC=59081277.357400 wallSec=0.015438 pricingSec=0.010531 cplexSolveSec=0.002797
    [CG] CG iter 3: obj=164748750.540137, maxRC=5099242.305417, +17 cols
    [CG]   [DIAG] iter=3 posCols=17 newCols=17 effImprove=17 updated=0
    [CG] CG iter 3: obj=166823085.456805, maxRC=5553907.000854, +10 cols
      [BB] 根节点即为整数解，obj=174227416.411633
    [CG]   [DIAG] iter=3 posCols=10 newCols=10 effImprove=10 updated=0
    [CG] 列生成收敛，共 6 轮迭代
    [CG] [CG-NODE] depth=0 exit=CERTIFIED certified=1 feasible=1 iters=6 generatedColsBeforeNode=0 newCols=60 posCandidates=60 duplicateCandidates=0 updatedCols=0 zeroObjImproveIters=2 objFirst=144544847.258913 objLast=174731219.864145 objGain=30186372.605232 maxRC=59443374.518860 wallSec=0.016081 pricingSec=0.010819 cplexSolveSec=0.002972
      [BB] 根节点即为整数解，obj=174731219.864145
    [CG] CG iter 4: obj=173571736.551135, maxRC=1163793.366838, +2 cols
    [CG]   [DIAG] iter=4 posCols=2 newCols=2 effImprove=2 updated=0
    [CG] CG iter 4: obj=174351455.379460, maxRC=1981850.943501, +6 cols
    [CG]   [DIAG] iter=4 posCols=6 newCols=6 effImprove=6 updated=0
    [CG] CG iter 5: obj=173571736.551135, maxRC=881826.863423, +2 cols
    [CG]   [DIAG] iter=5 posCols=2 newCols=2 effImprove=2 updated=0
    [CG] 列生成开始，初始列数=128
    [CG] CG iter 5: obj=174351455.379460, maxRC=19572.776895, +1 cols
    [CG]   [DIAG] iter=5 posCols=1 newCols=1 effImprove=1 updated=0
    [CG] 列生成开始，初始列数=128
    [CG] 列生成收敛，共 6 轮迭代
    [CG] [CG-NODE] depth=0 exit=CERTIFIED certified=1 feasible=1 iters=6 generatedColsBeforeNode=0 newCols=54 posCandidates=54 duplicateCandidates=0 updatedCols=0 zeroObjImproveIters=2 objFirst=143314590.833826 objLast=173571736.551135 objGain=30257145.717309 maxRC=59042090.023061 wallSec=0.018670 pricingSec=0.012764 cplexSolveSec=0.003394
      [BB] 根节点即为整数解，obj=173571736.551135
    [CG] 列生成收敛，共 6 轮迭代
    [CG] [CG-NODE] depth=0 exit=CERTIFIED certified=1 feasible=1 iters=6 generatedColsBeforeNode=0 newCols=63 posCandidates=63 duplicateCandidates=0 updatedCols=0 zeroObjImproveIters=2 objFirst=144390524.968510 objLast=174351455.379460 objGain=29960930.410950 maxRC=59301383.700922 wallSec=0.019096 pricingSec=0.013203 cplexSolveSec=0.003356
      [BB] 根节点即为整数解，obj=174351455.379460
    [CG] CG iter 1: obj=144591766.518198, maxRC=59514191.386312, +23 cols
    [CG]   [DIAG] iter=1 posCols=23 newCols=23 effImprove=23 updated=0
    [CG] CG iter 1: obj=143540161.602309, maxRC=59504383.769060, +23 cols
    [CG]   [DIAG] iter=1 posCols=23 newCols=23 effImprove=23 updated=0
    [CG] 列生成开始，初始列数=128
    [CG] CG iter 2: obj=160842552.144420, maxRC=10597548.140224, +17 cols
    [CG] 列生成开始，初始列数=128
    [CG]   [DIAG] iter=2 posCols=17 newCols=17 effImprove=17 updated=0
    [CG] CG iter 2: obj=161225049.112709, maxRC=10626541.506701, +17 cols
    [CG]   [DIAG] iter=2 posCols=17 newCols=17 effImprove=17 updated=0
    [CG] CG iter 1: obj=144268643.062128, maxRC=59016256.540825, +23 cols
    [CG]   [DIAG] iter=1 posCols=23 newCols=23 effImprove=23 updated=0
    [CG] CG iter 3: obj=167347951.170362, maxRC=5430253.043282, +10 cols
    [CG]   [DIAG] iter=3 posCols=10 newCols=10 effImprove=10 updated=0
    [CG] CG iter 1: obj=144283275.595993, maxRC=59158942.212105, +23 cols
    [CG]   [DIAG] iter=1 posCols=23 newCols=23 effImprove=23 updated=0
    [CG] CG iter 4: obj=172778204.213644, maxRC=1578583.402242, +5 cols
    [CG]   [DIAG] iter=4 posCols=5 newCols=5 effImprove=5 updated=0
    [CG] CG iter 2: obj=160362216.971897, maxRC=10310697.821720, +16 cols
    [CG]   [DIAG] iter=2 posCols=16 newCols=16 effImprove=16 updated=0
    [CG] CG iter 5: obj=173969122.072919, maxRC=825269.105202, +2 cols
    [CG]   [DIAG] iter=5 posCols=2 newCols=2 effImprove=2 updated=0
    [CG] CG iter 3: obj=164545962.445441, maxRC=5012305.654692, +15 cols
    [CG]   [DIAG] iter=3 posCols=15 newCols=15 effImprove=15 updated=0
    [CG] CG iter 3: obj=167988343.656525, maxRC=6180142.997107, +12 cols
    [CG] 列生成收敛，共 6 轮迭代
    [CG] [CG-NODE] depth=0 exit=CERTIFIED certified=1 feasible=1 iters=6 generatedColsBeforeNode=0 newCols=57 posCandidates=57 duplicateCandidates=0 updatedCols=0 zeroObjImproveIters=1 objFirst=143540161.602309 objLast=173969122.072919 objGain=30428960.470610 maxRC=59504383.769060 wallSec=0.009468 pricingSec=0.006421 cplexSolveSec=0.001739
    [CG] CG iter 1: obj=143938729.661395, maxRC=59025491.404302, +23 cols
    [CG]   [DIAG] iter=3 posCols=12 newCols=12 effImprove=12 updated=0
      [BB] 根节点即为整数解，obj=173969122.072919
    [CG] CG iter 4: obj=174028331.133748, maxRC=2627658.011587, +6 cols
    [CG]   [DIAG] iter=4 posCols=6 newCols=6 effImprove=6 updated=0
    [CG]   [DIAG] iter=1 posCols=23 newCols=23 effImprove=23 updated=0
    [CG] CG iter 5: obj=174079719.901977, maxRC=789253.014004, +1 cols
    [CG]   [DIAG] iter=5 posCols=1 newCols=1 effImprove=1 updated=0
    [CG] CG iter 2: obj=160683699.078126, maxRC=10400440.786097, +16 cols
    [CG]   [DIAG] iter=2 posCols=16 newCols=16 effImprove=16 updated=0
    [CG] 列生成收敛，共 6 轮迭代
    [CG] [CG-NODE] depth=0 exit=CERTIFIED certified=1 feasible=1 iters=6 generatedColsBeforeNode=0 newCols=61 posCandidates=61 duplicateCandidates=0 updatedCols=0 zeroObjImproveIters=1 objFirst=144268643.062128 objLast=174079719.901977 objGain=29811076.839848 maxRC=59016256.540825 wallSec=0.007297 pricingSec=0.004709 cplexSolveSec=0.001381
      [BB] 根节点即为整数解，obj=174079719.901977
    [CG] CG iter 4: obj=174794826.523272, maxRC=1139594.428805, +2 cols
    [CG]   [DIAG] iter=4 posCols=2 newCols=2 effImprove=2 updated=0
    [CG] CG iter 5: obj=174794826.523272, maxRC=8290.735189, +1 cols
    [CG]   [DIAG] iter=5 posCols=1 newCols=1 effImprove=1 updated=0
    [CG] CG iter 1: obj=144269808.636427, maxRC=59234906.832491, +23 cols
    [CG] CG iter 2: obj=160385554.807310, maxRC=10447487.042983, +17 cols
    [CG]   [DIAG] iter=1 posCols=23 newCols=23 effImprove=23 updated=0
    [CG]   [DIAG] iter=2 posCols=17 newCols=17 effImprove=17 updated=0
    [CG] 列生成开始，初始列数=128
    [CG] CG iter 3: obj=164735931.800584, maxRC=5052585.168819, +15 cols
    [CG]   [DIAG] iter=3 posCols=15 newCols=15 effImprove=15 updated=0
    [CG] 列生成收敛，共 6 轮迭代
    [CG] [CG-NODE] depth=0 exit=CERTIFIED certified=1 feasible=1 iters=6 generatedColsBeforeNode=0 newCols=55 posCandidates=55 duplicateCandidates=0 updatedCols=0 zeroObjImproveIters=1 objFirst=144591766.518198 objLast=174803117.258461 objGain=30211350.740263 maxRC=59514191.386312 wallSec=0.015148 pricingSec=0.010307 cplexSolveSec=0.003083
    [CG] 列生成开始，初始列数=128
      [BB] 根节点即为整数解，obj=174803117.258461
    [CG] CG iter 2: obj=160775662.930164, maxRC=10452328.076282, +16 cols
    [CG]   [DIAG] iter=2 posCols=16 newCols=16 effImprove=16 updated=0
    [CG] CG iter 4: obj=174249929.197866, maxRC=2644428.640936, +5 cols
    [CG]   [DIAG] iter=4 posCols=5 newCols=5 effImprove=5 updated=0
    [CG] CG iter 1: obj=144193622.326994, maxRC=59316913.827765, +23 cols
    [CG] CG iter 3: obj=167179279.482233, maxRC=5628736.689253, +10 cols
    [CG]   [DIAG] iter=3 posCols=10 newCols=10 effImprove=10 updated=0
    [CG]   [DIAG] iter=1 posCols=23 newCols=23 effImprove=23 updated=0
    [CG] CG iter 3: obj=164898671.682600, maxRC=5035324.755433, +14 cols
    [CG] CG iter 5: obj=174249929.197866, maxRC=794159.444045, +1 cols
    [CG]   [DIAG] iter=3 posCols=14 newCols=14 effImprove=14 updated=0
    [CG]   [DIAG] iter=5 posCols=1 newCols=1 effImprove=1 updated=0
    [CG] CG iter 4: obj=174072411.104950, maxRC=1150498.326055, +3 cols
    [CG] CG iter 2: obj=160758940.132349, maxRC=10570062.079447, +17 cols
    [CG]   [DIAG] iter=4 posCols=3 newCols=3 effImprove=3 updated=0
    [CG]   [DIAG] iter=2 posCols=17 newCols=17 effImprove=17 updated=0
    [CG] 列生成开始，初始列数=128
    [CG] CG iter 4: obj=174376118.709236, maxRC=2637241.436610, +5 cols
    [CG]   [DIAG] iter=4 posCols=5 newCols=5 effImprove=5 updated=0
    [CG] 列生成收敛，共 6 轮迭代
    [CG] [CG-NODE] depth=0 exit=CERTIFIED certified=1 feasible=1 iters=6 generatedColsBeforeNode=0 newCols=60 posCandidates=60 duplicateCandidates=0 updatedCols=0 zeroObjImproveIters=2 objFirst=144283275.595993 objLast=174249929.197866 objGain=29966653.601873 maxRC=59158942.212105 wallSec=0.018691 pricingSec=0.012616 cplexSolveSec=0.003550
    [CG] 列生成收敛，共 5 轮迭代
    [CG] [CG-NODE] depth=0 exit=CERTIFIED certified=1 feasible=1 iters=5 generatedColsBeforeNode=0 newCols=53 posCandidates=53 duplicateCandidates=0 updatedCols=0 zeroObjImproveIters=1 objFirst=143938729.661395 objLast=174072411.104950 objGain=30133681.443555 maxRC=59025491.404302 wallSec=0.018814 pricingSec=0.012971 cplexSolveSec=0.003185
      [BB] 根节点即为整数解，obj=174249929.197866
    [CG] CG iter 3: obj=167382929.017342, maxRC=5498591.356979, +10 cols
    [CG] CG iter 5: obj=174376118.709236, maxRC=772663.936577, +1 cols
    [CG]   [DIAG] iter=3 posCols=10 newCols=10 effImprove=10 updated=0
    [CG]   [DIAG] iter=5 posCols=1 newCols=1 effImprove=1 updated=0
      [BB] 根节点即为整数解，obj=174072411.104950
    [CG] 列生成收敛，共 6 轮迭代
    [CG] CG iter 4: obj=173919556.029618, maxRC=1182967.161914, +2 cols
    [CG] [CG-NODE] depth=0 exit=CERTIFIED certified=1 feasible=1 iters=6 generatedColsBeforeNode=0 newCols=59 posCandidates=59 duplicateCandidates=0 updatedCols=0 zeroObjImproveIters=2 objFirst=144269808.636427 objLast=174376118.709236 objGain=30106310.072809 maxRC=59234906.832491 wallSec=0.012466 pricingSec=0.008513 cplexSolveSec=0.002343
    [CG]   [DIAG] iter=4 posCols=2 newCols=2 effImprove=2 updated=0
      [BB] 根节点即为整数解，obj=174376118.709236
    [CG] CG iter 5: obj=174047201.531982, maxRC=871738.935175, +2 cols
    [CG]   [DIAG] iter=5 posCols=2 newCols=2 effImprove=2 updated=0
    [CG] 列生成收敛，共 6 轮迭代
    [CG] [CG-NODE] depth=0 exit=CERTIFIED certified=1 feasible=1 iters=6 generatedColsBeforeNode=0 newCols=54 posCandidates=54 duplicateCandidates=0 updatedCols=0 zeroObjImproveIters=1 objFirst=144193622.326994 objLast=174047201.531982 objGain=29853579.204988 maxRC=59316913.827765 wallSec=0.010544 pricingSec=0.007244 cplexSolveSec=0.001824
    [CG] CG iter 1: obj=143983597.018810, maxRC=59340035.135585, +23 cols
      [BB] 根节点即为整数解，obj=174047201.531982
    [CG]   [DIAG] iter=1 posCols=23 newCols=23 effImprove=23 updated=0
    [CG] 列生成开始，初始列数=128
    [CG] 列生成开始，初始列数=128
    [CG] CG iter 1: obj=143989279.326415, maxRC=59381965.401748, +23 cols
    [CG]   [DIAG] iter=1 posCols=23 newCols=23 effImprove=23 updated=0
    [CG] 列生成开始，初始列数=128
    [CG] CG iter 2: obj=160367938.626342, maxRC=10617782.452924, +16 cols
    [CG] CG iter 2: obj=160969738.672745, maxRC=10728093.110721, +17 cols
    [CG]   [DIAG] iter=2 posCols=16 newCols=16 effImprove=16 updated=0
    [CG]   [DIAG] iter=2 posCols=17 newCols=17 effImprove=17 updated=0
    [CG] 列生成开始，初始列数=128
    [CG] CG iter 3: obj=167713544.877347, maxRC=6162246.671517, +11 cols
    [CG]   [DIAG] iter=3 posCols=11 newCols=11 effImprove=11 updated=0
    [CG] CG iter 4: obj=170264027.657792, maxRC=4146348.794339, +5 cols
    [CG]   [DIAG] iter=4 posCols=5 newCols=5 effImprove=5 updated=0
    [CG] 列生成收敛，共 5 轮迭代
    [CG] [CG-NODE] depth=0 exit=CERTIFIED certified=1 feasible=1 iters=5 generatedColsBeforeNode=0 newCols=56 posCandidates=56 duplicateCandidates=0 updatedCols=0 zeroObjImproveIters=0 objFirst=143989279.326415 objLast=174439738.413757 objGain=30450459.087342 maxRC=59381965.401748 wallSec=0.006278 pricingSec=0.004156 cplexSolveSec=0.001107
      [BB] 根节点即为整数解，obj=174439738.413757
    [CG] CG iter 1: obj=144635212.074223, maxRC=59506833.680185, +23 cols
    [CG]   [DIAG] iter=1 posCols=23 newCols=23 effImprove=23 updated=0
    [CG] CG iter 3: obj=164459113.481524, maxRC=4990370.613397, +15 cols
    [CG]   [DIAG] iter=3 posCols=15 newCols=15 effImprove=15 updated=0
    [CG] CG iter 1: obj=144247145.416559, maxRC=59372713.884251, +23 cols
    [CG]   [DIAG] iter=1 posCols=23 newCols=23 effImprove=23 updated=0
    [CG] CG iter 4: obj=173845819.592618, maxRC=2618527.194377, +5 cols
    [CG]   [DIAG] iter=4 posCols=5 newCols=5 effImprove=5 updated=0
    [CG] CG iter 2: obj=161363022.495081, maxRC=10179714.341151, +17 cols
    [CG]   [DIAG] iter=2 posCols=17 newCols=17 effImprove=17 updated=0
    [CG] CG iter 5: obj=173845819.592618, maxRC=705507.506971, +1 cols
    [CG]   [DIAG] iter=5 posCols=1 newCols=1 effImprove=1 updated=0
    [CG] CG iter 1: obj=144089777.663199, maxRC=59196895.463946, +23 cols
    [CG]   [DIAG] iter=1 posCols=23 newCols=23 effImprove=23 updated=0
    [CG] CG iter 2: obj=160716244.411066, maxRC=10528796.375922, +16 cols
    [CG] CG iter 3: obj=170523776.986498, maxRC=3467321.063665, +11 cols
    [CG]   [DIAG] iter=2 posCols=16 newCols=16 effImprove=16 updated=0
    [CG]   [DIAG] iter=3 posCols=11 newCols=11 effImprove=11 updated=0
    [CG] 列生成收敛，共 6 轮迭代
    [CG] [CG-NODE] depth=0 exit=CERTIFIED certified=1 feasible=1 iters=6 generatedColsBeforeNode=0 newCols=60 posCandidates=60 duplicateCandidates=0 updatedCols=0 zeroObjImproveIters=2 objFirst=143983597.018810 objLast=173845819.592618 objGain=29862222.573807 maxRC=59340035.135585 wallSec=0.017954 pricingSec=0.012051 cplexSolveSec=0.003483
    [CG] CG iter 2: obj=160776829.805265, maxRC=10435360.881273, +16 cols
    [CG]   [DIAG] iter=2 posCols=16 newCols=16 effImprove=16 updated=0
      [BB] 根节点即为整数解，obj=173845819.592618
    [CG] CG iter 4: obj=173742062.959308, maxRC=1344969.634194, +4 cols
    [CG]   [DIAG] iter=4 posCols=4 newCols=4 effImprove=4 updated=0
    [CG] CG iter 1: obj=145012047.698668, maxRC=59513894.439822, +23 cols
    [CG] CG iter 3: obj=164768798.801639, maxRC=5014061.212422, +15 cols
    [CG]   [DIAG] iter=1 posCols=23 newCols=23 effImprove=23 updated=0
    [CG]   [DIAG] iter=3 posCols=15 newCols=15 effImprove=15 updated=0
    [CG] CG iter 3: obj=164782025.478255, maxRC=5081061.727207, +14 cols
    [CG]   [DIAG] iter=3 posCols=14 newCols=14 effImprove=14 updated=0
    [CG] CG iter 5: obj=175025120.198774, maxRC=681183.442989, +4 cols
    [CG]   [DIAG] iter=5 posCols=4 newCols=4 effImprove=4 updated=0
    [CG] CG iter 4: obj=174315318.104356, maxRC=2656290.145146, +5 cols
    [CG]   [DIAG] iter=4 posCols=5 newCols=5 effImprove=5 updated=0
    [CG] CG iter 4: obj=174213866.514740, maxRC=2628388.839734, +5 cols
    [CG]   [DIAG] iter=4 posCols=5 newCols=5 effImprove=5 updated=0
    [CG] CG iter 2: obj=161468275.874905, maxRC=10623464.266662, +16 cols
    [CG]   [DIAG] iter=2 posCols=16 newCols=16 effImprove=16 updated=0
    [CG] 列生成收敛，共 6 轮迭代
    [CG] [CG-NODE] depth=0 exit=CERTIFIED certified=1 feasible=1 iters=6 generatedColsBeforeNode=0 newCols=59 posCandidates=59 duplicateCandidates=0 updatedCols=0 zeroObjImproveIters=0 objFirst=144635212.074223 objLast=175029473.132705 objGain=30394261.058482 maxRC=59506833.680185 wallSec=0.014936 pricingSec=0.010192 cplexSolveSec=0.002736
    [CG] CG iter 5: obj=174315318.104356, maxRC=793300.261925, +1 cols
    [CG]   [DIAG] iter=5 posCols=1 newCols=1 effImprove=1 updated=0
      [BB] 根节点即为整数解，obj=175029473.132705
    [CG] CG iter 5: obj=174213866.514740, maxRC=664687.131397, +1 cols
    [CG]   [DIAG] iter=5 posCols=1 newCols=1 effImprove=1 updated=0
    [CG] 列生成收敛，共 6 轮迭代
    [CG] [CG-NODE] depth=0 exit=CERTIFIED certified=1 feasible=1 iters=6 generatedColsBeforeNode=0 newCols=59 posCandidates=59 duplicateCandidates=0 updatedCols=0 zeroObjImproveIters=2 objFirst=144089777.663199 objLast=174315318.104356 objGain=30225540.441157 maxRC=59196895.463946 wallSec=0.009587 pricingSec=0.006387 cplexSolveSec=0.001782
      [BB] 根节点即为整数解，obj=174315318.104356
    [CG] CG iter 3: obj=165666842.567790, maxRC=5118128.238817, +14 cols
    [CG] 列生成收敛，共 6 轮迭代
    [CG] [CG-NODE] depth=0 exit=CERTIFIED certified=1 feasible=1 iters=6 generatedColsBeforeNode=0 newCols=60 posCandidates=60 duplicateCandidates=0 updatedCols=0 zeroObjImproveIters=2 objFirst=144247145.416559 objLast=174213866.514740 objGain=29966721.098181 maxRC=59372713.884251 wallSec=0.015104 pricingSec=0.010335 cplexSolveSec=0.002653
    [CG]   [DIAG] iter=3 posCols=14 newCols=14 effImprove=14 updated=0
      [BB] 根节点即为整数解，obj=174213866.514740
    [CG] CG iter 4: obj=175179124.659310, maxRC=2671769.720189, +6 cols
    [CG]   [DIAG] iter=4 posCols=6 newCols=6 effImprove=6 updated=0
    [CG] CG iter 1: obj=144533797.878234, maxRC=59362111.109457, +23 cols
    [CG]   [DIAG] iter=1 posCols=23 newCols=23 effImprove=23 updated=0
    [CG] CG iter 5: obj=175191004.230849, maxRC=830103.374112, +1 cols
    [CG]   [DIAG] iter=5 posCols=1 newCols=1 effImprove=1 updated=0
    [CG] 列生成收敛，共 6 轮迭代
    [CG] [CG-NODE] depth=0 exit=CERTIFIED certified=1 feasible=1 iters=6 generatedColsBeforeNode=0 newCols=60 posCandidates=60 duplicateCandidates=0 updatedCols=0 zeroObjImproveIters=1 objFirst=145012047.698668 objLast=175191004.230849 objGain=30178956.532181 maxRC=59513894.439822 wallSec=0.010199 pricingSec=0.006831 cplexSolveSec=0.001891
      [BB] 根节点即为整数解，obj=175191004.230849
    [CG] CG iter 2: obj=160943530.974808, maxRC=10637831.182971, +16 cols
    [CG]   [DIAG] iter=2 posCols=16 newCols=16 effImprove=16 updated=0
    [CG] CG iter 1: obj=144553277.848791, maxRC=59168402.929172, +23 cols
    [CG]   [DIAG] iter=1 posCols=23 newCols=23 effImprove=23 updated=0
    [CG] CG iter 3: obj=164871344.664466, maxRC=5114185.935332, +17 cols
    [CG]   [DIAG] iter=3 posCols=17 newCols=17 effImprove=17 updated=0
    [CG] CG iter 4: obj=174564895.339752, maxRC=2061922.317378, +6 cols
    [CG] CG iter 2: obj=160642711.930251, maxRC=10400180.669948, +16 cols
    [CG]   [DIAG] iter=4 posCols=6 newCols=6 effImprove=6 updated=0
    [CG]   [DIAG] iter=2 posCols=16 newCols=16 effImprove=16 updated=0
    [CG] CG iter 5: obj=174604998.245492, maxRC=39182.949589, +2 cols
    [CG]   [DIAG] iter=5 posCols=2 newCols=2 effImprove=2 updated=0
    [CG] CG iter 3: obj=164874860.870765, maxRC=5053178.443698, +15 cols
    [CG]   [DIAG] iter=3 posCols=15 newCols=15 effImprove=15 updated=0
    [CG] 列生成收敛，共 6 轮迭代
    [CG] [CG-NODE] depth=0 exit=CERTIFIED certified=1 feasible=1 iters=6 generatedColsBeforeNode=0 newCols=64 posCandidates=64 duplicateCandidates=0 updatedCols=0 zeroObjImproveIters=1 objFirst=144533797.878234 objLast=174604998.245492 objGain=30071200.367258 maxRC=59362111.109457 wallSec=0.017737 pricingSec=0.011905 cplexSolveSec=0.003467
      [BB] 根节点即为整数解，obj=174604998.245492
    [CG] CG iter 4: obj=174367480.800784, maxRC=2644675.704265, +6 cols
    [CG]   [DIAG] iter=4 posCols=6 newCols=6 effImprove=6 updated=0
    [CG] CG iter 5: obj=174434023.594377, maxRC=794732.876608, +1 cols
    [CG]   [DIAG] iter=5 posCols=1 newCols=1 effImprove=1 updated=0
    [CG] 列生成收敛，共 6 轮迭代
    [CG] [CG-NODE] depth=0 exit=CERTIFIED certified=1 feasible=1 iters=6 generatedColsBeforeNode=0 newCols=61 posCandidates=61 duplicateCandidates=0 updatedCols=0 zeroObjImproveIters=1 objFirst=144553277.848791 objLast=174434023.594377 objGain=29880745.745586 maxRC=59168402.929172 wallSec=0.019378 pricingSec=0.013306 cplexSolveSec=0.003387
      [BB] 根节点即为整数解，obj=174434023.594377
[GA] 代数 1: Best=175219889.92, Avg=174434104.71, Worst=173600622.24, Valid=30/30, 耗时=0.05s (连续1代未提升)
  ├─ 求解: 30 个体 fork 并行 | CG迭代=135 加列=1363 BB分支=0
  ├─ 并行墙钟=0.0536s | 串行等效(ΣBP)=0.3220s | 加速比=6.01x
  ├─ 管理开销=-0.2684s (fork=0.0034 wait=0.0498 merge=0.0004)
  └─ CG明细: gen_logs/run_gen1_ind{0..29}.log
    [CG] 列生成开始，初始列数=128
    [CG] 列生成开始，初始列数=128
    [CG] 列生成开始，初始列数=128
    [CG] 列生成开始，初始列数=128
    [CG] 列生成开始，初始列数=128
    [CG] 列生成开始，初始列数=128
    [CG] 列生成开始，初始列数=128
    [CG] 列生成开始，初始列数=128
    [CG] CG iter 1: obj=144369449.523668, maxRC=59382471.869549, +23 cols
    [CG]   [DIAG] iter=1 posCols=23 newCols=23 effImprove=23 updated=0
    [CG] CG iter 2: obj=161052267.020668, maxRC=9479027.527665, +17 cols
    [CG]   [DIAG] iter=2 posCols=17 newCols=17 effImprove=17 updated=0
    [CG] CG iter 3: obj=174688826.143716, maxRC=4183601.943606, +10 cols
    [CG]   [DIAG] iter=3 posCols=10 newCols=10 effImprove=10 updated=0
    [CG] CG iter 1: obj=144716504.181155, maxRC=59513894.439822, +23 cols
    [CG] CG iter 4: obj=174688826.143716, maxRC=1470103.653475, +6 cols
    [CG]   [DIAG] iter=4 posCols=6 newCols=6 effImprove=6 updated=0
    [CG]   [DIAG] iter=1 posCols=23 newCols=23 effImprove=23 updated=0
    [CG] CG iter 5: obj=174746099.913723, maxRC=696834.688637, +2 cols
    [CG]   [DIAG] iter=5 posCols=2 newCols=2 effImprove=2 updated=0
    [CG] 列生成收敛，共 6 轮迭代
    [CG] [CG-NODE] depth=0 exit=CERTIFIED certified=1 feasible=1 iters=6 generatedColsBeforeNode=0 newCols=58 posCandidates=58 duplicateCandidates=0 updatedCols=0 zeroObjImproveIters=2 objFirst=144369449.523668 objLast=174746099.913723 objGain=30376650.390055 maxRC=59382471.869549 wallSec=0.009233 pricingSec=0.006027 cplexSolveSec=0.001820
      [BB] 根节点即为整数解，obj=174746099.913723
    [CG] CG iter 2: obj=161395653.033423, maxRC=10623464.266662, +16 cols
    [CG]   [DIAG] iter=2 posCols=16 newCols=16 effImprove=16 updated=0
    [CG] CG iter 1: obj=145014416.953420, maxRC=59519752.128890, +23 cols
    [CG] CG iter 3: obj=165372699.291269, maxRC=5106270.354455, +15 cols
    [CG]   [DIAG] iter=3 posCols=15 newCols=15 effImprove=15 updated=0
    [CG]   [DIAG] iter=1 posCols=23 newCols=23 effImprove=23 updated=0
    [CG] CG iter 1: obj=144780504.934025, maxRC=59514191.386312, +23 cols
    [CG]   [DIAG] iter=1 posCols=23 newCols=23 effImprove=23 updated=0
    [CG] CG iter 4: obj=174891591.952205, maxRC=2666800.101796, +5 cols
    [CG]   [DIAG] iter=4 posCols=5 newCols=5 effImprove=5 updated=0
    [CG] 列生成开始，初始列数=128
    [CG] CG iter 1: obj=144315077.360089, maxRC=59362111.109457, +23 cols
    [CG]   [DIAG] iter=1 posCols=23 newCols=23 effImprove=23 updated=0
    [CG] CG iter 1: obj=145108790.610788, maxRC=59519752.128890, +23 cols
    [CG] CG iter 5: obj=174891591.952205, maxRC=720615.977261, +1 cols
    [CG]   [DIAG] iter=5 posCols=1 newCols=1 effImprove=1 updated=0
    [CG]   [DIAG] iter=1 posCols=23 newCols=23 effImprove=23 updated=0
    [CG] CG iter 2: obj=161388099.578474, maxRC=10623485.371715, +16 cols
    [CG]   [DIAG] iter=2 posCols=16 newCols=16 effImprove=16 updated=0
    [CG] CG iter 1: obj=145108763.357899, maxRC=59519752.128890, +23 cols
    [CG] CG iter 2: obj=161258495.405071, maxRC=10626541.506701, +16 cols
    [CG] 列生成收敛，共 6 轮迭代
    [CG]   [DIAG] iter=1 posCols=23 newCols=23 effImprove=23 updated=0
    [CG] [CG-NODE] depth=0 exit=CERTIFIED certified=1 feasible=1 iters=6 generatedColsBeforeNode=0 newCols=60 posCandidates=60 duplicateCandidates=0 updatedCols=0 zeroObjImproveIters=2 objFirst=144716504.181155 objLast=174891591.952205 objGain=30175087.771050 maxRC=59513894.439822 wallSec=0.013607 pricingSec=0.008947 cplexSolveSec=0.002751
    [CG]   [DIAG] iter=2 posCols=16 newCols=16 effImprove=16 updated=0
    [CG] CG iter 1: obj=144263732.727665, maxRC=59234906.832491, +23 cols
      [BB] 根节点即为整数解，obj=174891591.952205
    [CG]   [DIAG] iter=1 posCols=23 newCols=23 effImprove=23 updated=0
    [CG] CG iter 2: obj=160862658.140996, maxRC=9393436.174498, +17 cols
    [CG]   [DIAG] iter=2 posCols=17 newCols=17 effImprove=17 updated=0
    [CG] CG iter 2: obj=161468274.340676, maxRC=10623485.371715, +16 cols
    [CG] CG iter 3: obj=165594527.329819, maxRC=5118128.238817, +15 cols
    [CG]   [DIAG] iter=2 posCols=16 newCols=16 effImprove=16 updated=0
    [CG]   [DIAG] iter=3 posCols=15 newCols=15 effImprove=15 updated=0
    [CG] CG iter 3: obj=165424727.168830, maxRC=5114838.218518, +15 cols
    [CG] CG iter 2: obj=161468274.340676, maxRC=10623485.371715, +16 cols
    [CG] CG iter 3: obj=174474221.920909, maxRC=1318090.823576, +4 cols
    [CG]   [DIAG] iter=3 posCols=4 newCols=4 effImprove=4 updated=0
    [CG]   [DIAG] iter=3 posCols=15 newCols=15 effImprove=15 updated=0
    [CG]   [DIAG] iter=2 posCols=16 newCols=16 effImprove=16 updated=0
    [CG] CG iter 2: obj=160771248.237759, maxRC=10458001.073016, +16 cols
    [CG] 列生成开始，初始列数=128
    [CG]   [DIAG] iter=2 posCols=16 newCols=16 effImprove=16 updated=0
    [CG] CG iter 4: obj=175098938.688440, maxRC=2671769.720189, +6 cols
    [CG]   [DIAG] iter=4 posCols=6 newCols=6 effImprove=6 updated=0
    [CG] CG iter 4: obj=174474221.920909, maxRC=497964.884905, +2 cols
    [CG]   [DIAG] iter=4 posCols=2 newCols=2 effImprove=2 updated=0
    [CG] CG iter 4: obj=174923738.379102, maxRC=2670380.337240, +5 cols
    [CG]   [DIAG] iter=4 posCols=5 newCols=5 effImprove=5 updated=0
    [CG] CG iter 3: obj=165666838.448703, maxRC=5118128.238817, +15 cols
    [CG]   [DIAG] iter=3 posCols=15 newCols=15 effImprove=15 updated=0
    [CG] CG iter 5: obj=175110818.259979, maxRC=815920.062188, +1 cols
    [CG]   [DIAG] iter=5 posCols=1 newCols=1 effImprove=1 updated=0
    [CG] CG iter 3: obj=165666838.448703, maxRC=5118128.238817, +15 cols
    [CG] 列生成收敛，共 5 轮迭代
    [CG] [CG-NODE] depth=0 exit=CERTIFIED certified=1 feasible=1 iters=5 generatedColsBeforeNode=0 newCols=46 posCandidates=46 duplicateCandidates=0 updatedCols=0 zeroObjImproveIters=1 objFirst=144315077.360089 objLast=174529059.480805 objGain=30213982.120716 maxRC=59362111.109457 wallSec=0.016506 pricingSec=0.011343 cplexSolveSec=0.002891
    [CG]   [DIAG] iter=3 posCols=15 newCols=15 effImprove=15 updated=0
    [CG] CG iter 5: obj=174923738.379102, maxRC=798804.343684, +1 cols
    [CG]   [DIAG] iter=5 posCols=1 newCols=1 effImprove=1 updated=0
      [BB] 根节点即为整数解，obj=174529059.480805
    [CG] CG iter 4: obj=175179113.450642, maxRC=2671769.720189, +6 cols
    [CG]   [DIAG] iter=4 posCols=6 newCols=6 effImprove=6 updated=0
    [CG] CG iter 3: obj=164892520.219324, maxRC=5035324.755433, +14 cols
    [CG] 列生成收敛，共 6 轮迭代
    [CG] [CG-NODE] depth=0 exit=CERTIFIED certified=1 feasible=1 iters=6 generatedColsBeforeNode=0 newCols=61 posCandidates=61 duplicateCandidates=0 updatedCols=0 zeroObjImproveIters=1 objFirst=145014416.953420 objLast=175110818.259979 objGain=30096401.306559 maxRC=59519752.128890 wallSec=0.017837 pricingSec=0.012035 cplexSolveSec=0.003405
    [CG]   [DIAG] iter=3 posCols=14 newCols=14 effImprove=14 updated=0
    [CG] CG iter 4: obj=175179113.450642, maxRC=2671769.720189, +6 cols
      [BB] 根节点即为整数解，obj=175110818.259979
    [CG] 列生成收敛，共 6 轮迭代
    [CG] [CG-NODE] depth=0 exit=CERTIFIED certified=1 feasible=1 iters=6 generatedColsBeforeNode=0 newCols=60 posCandidates=60 duplicateCandidates=0 updatedCols=0 zeroObjImproveIters=2 objFirst=144780504.934025 objLast=174923738.379102 objGain=30143233.445076 maxRC=59514191.386312 wallSec=0.017407 pricingSec=0.011769 cplexSolveSec=0.003283
    [CG]   [DIAG] iter=4 posCols=6 newCols=6 effImprove=6 updated=0
      [BB] 根节点即为整数解，obj=174923738.379102
    [CG] CG iter 5: obj=175190993.022181, maxRC=830112.912422, +1 cols
    [CG]   [DIAG] iter=5 posCols=1 newCols=1 effImprove=1 updated=0
    [CG] CG iter 4: obj=174368323.511044, maxRC=2637241.436610, +5 cols
    [CG]   [DIAG] iter=4 posCols=5 newCols=5 effImprove=5 updated=0
    [CG] CG iter 5: obj=175190993.022181, maxRC=830112.912422, +1 cols
    [CG]   [DIAG] iter=5 posCols=1 newCols=1 effImprove=1 updated=0
    [CG] 列生成收敛，共 6 轮迭代
    [CG] [CG-NODE] depth=0 exit=CERTIFIED certified=1 feasible=1 iters=6 generatedColsBeforeNode=0 newCols=61 posCandidates=61 duplicateCandidates=0 updatedCols=0 zeroObjImproveIters=1 objFirst=145108790.610788 objLast=175190993.022181 objGain=30082202.411394 maxRC=59519752.128890 wallSec=0.018357 pricingSec=0.012562 cplexSolveSec=0.003214
      [BB] 根节点即为整数解，obj=175190993.022181
    [CG] CG iter 5: obj=174368323.511044, maxRC=774653.049727, +1 cols
    [CG]   [DIAG] iter=5 posCols=1 newCols=1 effImprove=1 updated=0
    [CG] 列生成收敛，共 6 轮迭代
    [CG] [CG-NODE] depth=0 exit=CERTIFIED certified=1 feasible=1 iters=6 generatedColsBeforeNode=0 newCols=61 posCandidates=61 duplicateCandidates=0 updatedCols=0 zeroObjImproveIters=1 objFirst=145108763.357899 objLast=175190993.022181 objGain=30082229.664282 maxRC=59519752.128890 wallSec=0.018639 pricingSec=0.012854 cplexSolveSec=0.003151
      [BB] 根节点即为整数解，obj=175190993.022181
    [CG] 列生成收敛，共 6 轮迭代
    [CG] [CG-NODE] depth=0 exit=CERTIFIED certified=1 feasible=1 iters=6 generatedColsBeforeNode=0 newCols=59 posCandidates=59 duplicateCandidates=0 updatedCols=0 zeroObjImproveIters=2 objFirst=144263732.727665 objLast=174368323.511044 objGain=30104590.783379 maxRC=59234906.832491 wallSec=0.018955 pricingSec=0.013025 cplexSolveSec=0.003207
    [CG] 列生成开始，初始列数=128
      [BB] 根节点即为整数解，obj=174368323.511044
    [CG] 列生成开始，初始列数=128
    [CG] 列生成开始，初始列数=128
    [CG] 列生成开始，初始列数=128
    [CG] 列生成开始，初始列数=128
    [CG] 列生成开始，初始列数=128
    [CG] CG iter 1: obj=144200867.374272, maxRC=59503167.809012, +23 cols
    [CG] CG iter 1: obj=144094851.701600, maxRC=59196895.463946, +23 cols
    [CG]   [DIAG] iter=1 posCols=23 newCols=23 effImprove=23 updated=0
    [CG]   [DIAG] iter=1 posCols=23 newCols=23 effImprove=23 updated=0
    [CG] CG iter 2: obj=160780517.099602, maxRC=10430662.784707, +16 cols
    [CG]   [DIAG] iter=2 posCols=16 newCols=16 effImprove=16 updated=0
    [CG] CG iter 2: obj=160967111.129188, maxRC=10807268.626226, +17 cols
    [CG]   [DIAG] iter=2 posCols=17 newCols=17 effImprove=17 updated=0
    [CG] CG iter 3: obj=164787159.219908, maxRC=5081061.727207, +14 cols
    [CG]   [DIAG] iter=3 posCols=14 newCols=14 effImprove=14 updated=0
    [CG] CG iter 1: obj=144451916.825229, maxRC=59168402.929172, +23 cols
    [CG] CG iter 4: obj=174321811.060293, maxRC=2656290.145146, +5 cols
    [CG]   [DIAG] iter=4 posCols=5 newCols=5 effImprove=5 updated=0
    [CG]   [DIAG] iter=1 posCols=23 newCols=23 effImprove=23 updated=0
    [CG] CG iter 3: obj=167675905.700662, maxRC=6139435.078321, +12 cols
    [CG]   [DIAG] iter=3 posCols=12 newCols=12 effImprove=12 updated=0
    [CG] CG iter 5: obj=174321811.060293, maxRC=791657.466073, +1 cols
    [CG]   [DIAG] iter=5 posCols=1 newCols=1 effImprove=1 updated=0
    [CG] 列生成收敛，共 6 轮迭代
    [CG] [CG-NODE] depth=0 exit=CERTIFIED certified=1 feasible=1 iters=6 generatedColsBeforeNode=0 newCols=59 posCandidates=59 duplicateCandidates=0 updatedCols=0 zeroObjImproveIters=2 objFirst=144094851.701600 objLast=174321811.060293 objGain=30226959.358692 maxRC=59196895.463946 wallSec=0.012967 pricingSec=0.009068 cplexSolveSec=0.002231
    [CG] CG iter 2: obj=160543953.581076, maxRC=10404616.293392, +16 cols
    [CG]   [DIAG] iter=2 posCols=16 newCols=16 effImprove=16 updated=0
    [CG] CG iter 4: obj=174362815.293371, maxRC=1156637.671875, +3 cols
    [CG]   [DIAG] iter=4 posCols=3 newCols=3 effImprove=3 updated=0
      [BB] 根节点即为整数解，obj=174321811.060293
    [CG] CG iter 5: obj=174362815.293371, maxRC=81409.485930, +1 cols
    [CG]   [DIAG] iter=5 posCols=1 newCols=1 effImprove=1 updated=0
    [CG] CG iter 3: obj=164773305.476110, maxRC=5053178.443698, +15 cols
    [CG]   [DIAG] iter=3 posCols=15 newCols=15 effImprove=15 updated=0
    [CG] 列生成收敛，共 6 轮迭代
    [CG] [CG-NODE] depth=0 exit=CERTIFIED certified=1 feasible=1 iters=6 generatedColsBeforeNode=0 newCols=56 posCandidates=56 duplicateCandidates=0 updatedCols=0 zeroObjImproveIters=1 objFirst=144200867.374272 objLast=174444224.779301 objGain=30243357.405029 maxRC=59503167.809012 wallSec=0.018684 pricingSec=0.013073 cplexSolveSec=0.003150
      [BB] 根节点即为整数解，obj=174444224.779301
    [CG] CG iter 4: obj=174264781.729044, maxRC=2644675.704265, +6 cols
    [CG]   [DIAG] iter=4 posCols=6 newCols=6 effImprove=6 updated=0
    [CG] CG iter 5: obj=174330730.701348, maxRC=796282.433189, +1 cols
    [CG]   [DIAG] iter=5 posCols=1 newCols=1 effImprove=1 updated=0
    [CG] 列生成收敛，共 6 轮迭代
    [CG] [CG-NODE] depth=0 exit=CERTIFIED certified=1 feasible=1 iters=6 generatedColsBeforeNode=0 newCols=61 posCandidates=61 duplicateCandidates=0 updatedCols=0 zeroObjImproveIters=1 objFirst=144451916.825229 objLast=174330730.701348 objGain=29878813.876118 maxRC=59168402.929172 wallSec=0.012063 pricingSec=0.008224 cplexSolveSec=0.002119
      [BB] 根节点即为整数解，obj=174330730.701348
    [CG] 列生成开始，初始列数=128
    [CG] 列生成开始，初始列数=128
    [CG] CG iter 1: obj=144396311.238145, maxRC=59317773.871142, +23 cols
    [CG] CG iter 1: obj=143884133.288201, maxRC=58957145.463833, +23 cols
    [CG]   [DIAG] iter=1 posCols=23 newCols=23 effImprove=23 updated=0
    [CG]   [DIAG] iter=1 posCols=23 newCols=23 effImprove=23 updated=0
    [CG] CG iter 1: obj=144516911.999006, maxRC=59362111.109457, +23 cols
    [CG] 列生成开始，初始列数=128
    [CG]   [DIAG] iter=1 posCols=23 newCols=23 effImprove=23 updated=0
    [CG] CG iter 1: obj=144458732.317548, maxRC=59306875.322983, +23 cols
    [CG]   [DIAG] iter=1 posCols=23 newCols=23 effImprove=23 updated=0
    [CG] CG iter 1: obj=144283732.503211, maxRC=59209313.031372, +23 cols
    [CG] CG iter 2: obj=160895869.586340, maxRC=10529053.648019, +16 cols
    [CG]   [DIAG] iter=2 posCols=16 newCols=16 effImprove=16 updated=0
    [CG]   [DIAG] iter=1 posCols=23 newCols=23 effImprove=23 updated=0
    [CG] CG iter 2: obj=160270903.616243, maxRC=10403841.103245, +17 cols
    [CG]   [DIAG] iter=2 posCols=17 newCols=17 effImprove=17 updated=0
    [CG] CG iter 2: obj=160868188.615198, maxRC=10528253.782644, +16 cols
    [CG]   [DIAG] iter=2 posCols=16 newCols=16 effImprove=16 updated=0
    [CG] CG iter 2: obj=160721421.288719, maxRC=10487093.817150, +16 cols
    [CG]   [DIAG] iter=2 posCols=16 newCols=16 effImprove=16 updated=0
    [CG] CG iter 3: obj=164810759.871493, maxRC=5039503.451982, +15 cols
    [CG]   [DIAG] iter=3 posCols=15 newCols=15 effImprove=15 updated=0
    [CG] CG iter 2: obj=160732657.134396, maxRC=10435959.864689, +16 cols
    [CG] CG iter 3: obj=167076978.291531, maxRC=5635697.162338, +10 cols
    [CG]   [DIAG] iter=3 posCols=10 newCols=10 effImprove=10 updated=0
    [CG]   [DIAG] iter=2 posCols=16 newCols=16 effImprove=16 updated=0
    [CG] CG iter 3: obj=165069965.237071, maxRC=5114087.957835, +15 cols
    [CG]   [DIAG] iter=3 posCols=15 newCols=15 effImprove=15 updated=0
    [CG] CG iter 4: obj=174291476.343394, maxRC=2638981.321913, +5 cols
    [CG]   [DIAG] iter=4 posCols=5 newCols=5 effImprove=5 updated=0
    [CG] CG iter 4: obj=174004177.534447, maxRC=1150498.326055, +3 cols
    [CG]   [DIAG] iter=4 posCols=3 newCols=3 effImprove=3 updated=0
    [CG] CG iter 3: obj=164954384.189203, maxRC=5035991.740902, +15 cols
    [CG]   [DIAG] iter=3 posCols=15 newCols=15 effImprove=15 updated=0
    [CG] CG iter 4: obj=174585888.136658, maxRC=2670066.233382, +6 cols
    [CG]   [DIAG] iter=4 posCols=6 newCols=6 effImprove=6 updated=0
    [CG] CG iter 3: obj=164859274.851488, maxRC=5035324.755433, +14 cols
    [CG] 列生成收敛，共 5 轮迭代
    [CG] CG iter 5: obj=174291476.343394, maxRC=679802.665238, +1 cols
    [CG] [CG-NODE] depth=0 exit=CERTIFIED certified=1 feasible=1 iters=5 generatedColsBeforeNode=0 newCols=53 posCandidates=53 duplicateCandidates=0 updatedCols=0 zeroObjImproveIters=1 objFirst=143884133.288201 objLast=174004177.534447 objGain=30120044.246246 maxRC=58957145.463833 wallSec=0.018442 pricingSec=0.012712 cplexSolveSec=0.003167
    [CG]   [DIAG] iter=5 posCols=1 newCols=1 effImprove=1 updated=0
    [CG]   [DIAG] iter=3 posCols=14 newCols=14 effImprove=14 updated=0
      [BB] 根节点即为整数解，obj=174004177.534447
    [CG] CG iter 4: obj=174401757.147406, maxRC=2637519.145115, +5 cols
    [CG]   [DIAG] iter=4 posCols=5 newCols=5 effImprove=5 updated=0
    [CG] CG iter 5: obj=174640553.980007, maxRC=801331.076896, +1 cols
    [CG]   [DIAG] iter=5 posCols=1 newCols=1 effImprove=1 updated=0
    [CG] 列生成收敛，共 6 轮迭代
    [CG] [CG-NODE] depth=0 exit=CERTIFIED certified=1 feasible=1 iters=6 generatedColsBeforeNode=0 newCols=60 posCandidates=60 duplicateCandidates=0 updatedCols=0 zeroObjImproveIters=2 objFirst=144396311.238145 objLast=174291476.343394 objGain=29895165.105249 maxRC=59317773.871142 wallSec=0.019281 pricingSec=0.013132 cplexSolveSec=0.003486
    [CG] CG iter 4: obj=174340330.842780, maxRC=2637241.436610, +5 cols
    [CG]   [DIAG] iter=4 posCols=5 newCols=5 effImprove=5 updated=0
      [BB] 根节点即为整数解，obj=174291476.343394
    [CG] CG iter 5: obj=174401757.147406, maxRC=768825.175799, +1 cols
    [CG]   [DIAG] iter=5 posCols=1 newCols=1 effImprove=1 updated=0
    [CG] 列生成收敛，共 6 轮迭代
    [CG] [CG-NODE] depth=0 exit=CERTIFIED certified=1 feasible=1 iters=6 generatedColsBeforeNode=0 newCols=61 posCandidates=61 duplicateCandidates=0 updatedCols=0 zeroObjImproveIters=1 objFirst=144516911.999006 objLast=174640553.980007 objGain=30123641.981000 maxRC=59362111.109457 wallSec=0.018809 pricingSec=0.013005 cplexSolveSec=0.003218
      [BB] 根节点即为整数解，obj=174640553.980007
    [CG] CG iter 5: obj=174340330.842780, maxRC=782818.746661, +1 cols
    [CG]   [DIAG] iter=5 posCols=1 newCols=1 effImprove=1 updated=0
    [CG] 列生成收敛，共 6 轮迭代
    [CG] [CG-NODE] depth=0 exit=CERTIFIED certified=1 feasible=1 iters=6 generatedColsBeforeNode=0 newCols=60 posCandidates=60 duplicateCandidates=0 updatedCols=0 zeroObjImproveIters=2 objFirst=144458732.317548 objLast=174401757.147406 objGain=29943024.829859 maxRC=59306875.322983 wallSec=0.018916 pricingSec=0.013023 cplexSolveSec=0.003291
      [BB] 根节点即为整数解，obj=174401757.147406
    [CG] 列生成收敛，共 6 轮迭代
    [CG] [CG-NODE] depth=0 exit=CERTIFIED certified=1 feasible=1 iters=6 generatedColsBeforeNode=0 newCols=59 posCandidates=59 duplicateCandidates=0 updatedCols=0 zeroObjImproveIters=2 objFirst=144283732.503211 objLast=174340330.842780 objGain=30056598.339569 maxRC=59209313.031372 wallSec=0.018714 pricingSec=0.012884 cplexSolveSec=0.003165
      [BB] 根节点即为整数解，obj=174340330.842780
    [CG] CG iter 1: obj=145011988.023309, maxRC=59513894.439822, +23 cols
    [CG]   [DIAG] iter=1 posCols=23 newCols=23 effImprove=23 updated=0
    [CG] 列生成开始，初始列数=128
    [CG] CG iter 2: obj=161468216.199546, maxRC=10623464.266662, +16 cols
    [CG] 列生成开始，初始列数=128
    [CG]   [DIAG] iter=2 posCols=16 newCols=16 effImprove=16 updated=0
    [CG] 列生成开始，初始列数=128
    [CG] 列生成开始，初始列数=128
    [CG] 列生成开始，初始列数=128
    [CG] CG iter 1: obj=144270214.083229, maxRC=59234940.451707, +23 cols
    [CG]   [DIAG] iter=1 posCols=23 newCols=23 effImprove=23 updated=0
    [CG] CG iter 3: obj=165666782.892432, maxRC=5118128.238817, +14 cols
    [CG]   [DIAG] iter=3 posCols=14 newCols=14 effImprove=14 updated=0
    [CG] CG iter 4: obj=175179064.983951, maxRC=2671769.720189, +6 cols
    [CG]   [DIAG] iter=4 posCols=6 newCols=6 effImprove=6 updated=0
    [CG] CG iter 1: obj=144566057.233275, maxRC=59506833.680185, +23 cols
    [CG]   [DIAG] iter=1 posCols=23 newCols=23 effImprove=23 updated=0
    [CG] CG iter 5: obj=175190944.555490, maxRC=830103.374112, +1 cols
    [CG]   [DIAG] iter=5 posCols=1 newCols=1 effImprove=1 updated=0
    [CG] CG iter 2: obj=160775552.073599, maxRC=10452469.033025, +16 cols
    [CG]   [DIAG] iter=2 posCols=16 newCols=16 effImprove=16 updated=0
    [CG] 列生成收敛，共 6 轮迭代
    [CG] [CG-NODE] depth=0 exit=CERTIFIED certified=1 feasible=1 iters=6 generatedColsBeforeNode=0 newCols=60 posCandidates=60 duplicateCandidates=0 updatedCols=0 zeroObjImproveIters=1 objFirst=145011988.023309 objLast=175190944.555490 objGain=30178956.532181 maxRC=59513894.439822 wallSec=0.016040 pricingSec=0.010865 cplexSolveSec=0.002945
      [BB] 根节点即为整数解，obj=175190944.555490
    [CG] CG iter 2: obj=161304259.932133, maxRC=10356266.453901, +17 cols
    [CG]   [DIAG] iter=2 posCols=17 newCols=17 effImprove=17 updated=0
    [CG] CG iter 3: obj=164898517.369289, maxRC=5035324.755433, +14 cols
    [CG]   [DIAG] iter=3 posCols=14 newCols=14 effImprove=14 updated=0
    [CG] CG iter 1: obj=144591622.530216, maxRC=59514002.939373, +23 cols
    [CG]   [DIAG] iter=1 posCols=23 newCols=23 effImprove=23 updated=0
    [CG] CG iter 4: obj=174375923.630338, maxRC=2637241.436610, +5 cols
    [CG]   [DIAG] iter=4 posCols=5 newCols=5 effImprove=5 updated=0
    [CG] CG iter 3: obj=167251867.013163, maxRC=8446240.297157, +13 cols
    [CG]   [DIAG] iter=3 posCols=13 newCols=13 effImprove=13 updated=0
    [CG] CG iter 2: obj=161224716.677788, maxRC=10626415.732743, +17 cols
    [CG]   [DIAG] iter=2 posCols=17 newCols=17 effImprove=17 updated=0
    [CG] CG iter 5: obj=174375923.630338, maxRC=772713.192714, +1 cols
    [CG]   [DIAG] iter=5 posCols=1 newCols=1 effImprove=1 updated=0
    [CG] CG iter 4: obj=172222844.152566, maxRC=3256559.724704, +6 cols
    [CG]   [DIAG] iter=4 posCols=6 newCols=6 effImprove=6 updated=0
    [CG] 列生成收敛，共 6 轮迭代
    [CG] [CG-NODE] depth=0 exit=CERTIFIED certified=1 feasible=1 iters=6 generatedColsBeforeNode=0 newCols=59 posCandidates=59 duplicateCandidates=0 updatedCols=0 zeroObjImproveIters=2 objFirst=144270214.083229 objLast=174375923.630338 objGain=30105709.547109 maxRC=59234940.451707 wallSec=0.018443 pricingSec=0.012718 cplexSolveSec=0.003294
      [BB] 根节点即为整数解，obj=174375923.630338
    [CG] CG iter 3: obj=167988042.558095, maxRC=6180150.486387, +12 cols
    [CG]   [DIAG] iter=3 posCols=12 newCols=12 effImprove=12 updated=0
    [CG] CG iter 5: obj=173831509.674693, maxRC=1149850.186374, +4 cols
    [CG]   [DIAG] iter=5 posCols=4 newCols=4 effImprove=4 updated=0
    [CG] CG iter 4: obj=174794619.924159, maxRC=1139594.428805, +2 cols
    [CG]   [DIAG] iter=4 posCols=2 newCols=2 effImprove=2 updated=0
    [CG] 列生成收敛，共 6 轮迭代
    [CG] [CG-NODE] depth=0 exit=CERTIFIED certified=1 feasible=1 iters=6 generatedColsBeforeNode=0 newCols=63 posCandidates=63 duplicateCandidates=0 updatedCols=0 zeroObjImproveIters=0 objFirst=144566057.233275 objLast=174970746.224680 objGain=30404688.991404 maxRC=59506833.680185 wallSec=0.018261 pricingSec=0.012655 cplexSolveSec=0.003251
      [BB] 根节点即为整数解，obj=174970746.224680
    [CG] CG iter 5: obj=174794619.924159, maxRC=8215.113488, +1 cols
    [CG]   [DIAG] iter=5 posCols=1 newCols=1 effImprove=1 updated=0
    [CG] 列生成收敛，共 6 轮迭代
    [CG] [CG-NODE] depth=0 exit=CERTIFIED certified=1 feasible=1 iters=6 generatedColsBeforeNode=0 newCols=55 posCandidates=55 duplicateCandidates=0 updatedCols=0 zeroObjImproveIters=1 objFirst=144591622.530216 objLast=174802835.037647 objGain=30211212.507430 maxRC=59514002.939373 wallSec=0.011634 pricingSec=0.007812 cplexSolveSec=0.002175
      [BB] 根节点即为整数解，obj=174802835.037647
    [CG] CG iter 1: obj=144135628.767141, maxRC=59203890.366738, +23 cols
    [CG] CG iter 1: obj=145107841.993773, maxRC=59519644.562382, +23 cols
    [CG] CG iter 1: obj=144538938.434101, maxRC=59443374.518860, +23 cols
    [CG]   [DIAG] iter=1 posCols=23 newCols=23 effImprove=23 updated=0
    [CG]   [DIAG] iter=1 posCols=23 newCols=23 effImprove=23 updated=0
    [CG]   [DIAG] iter=1 posCols=23 newCols=23 effImprove=23 updated=0
    [CG] CG iter 1: obj=144644602.323923, maxRC=59506833.680185, +23 cols
    [CG]   [DIAG] iter=1 posCols=23 newCols=23 effImprove=23 updated=0
    [CG] CG iter 2: obj=160563829.310404, maxRC=10565203.692946, +16 cols
    [CG] CG iter 2: obj=161467313.749445, maxRC=10623321.672154, +16 cols
    [CG]   [DIAG] iter=2 posCols=16 newCols=16 effImprove=16 updated=0
    [CG]   [DIAG] iter=2 posCols=16 newCols=16 effImprove=16 updated=0
    [CG] CG iter 2: obj=161076114.483408, maxRC=10575857.471673, +16 cols
    [CG]   [DIAG] iter=2 posCols=16 newCols=16 effImprove=16 updated=0
    [CG] CG iter 2: obj=161371015.110539, maxRC=10154657.658539, +17 cols
    [CG]   [DIAG] iter=2 posCols=17 newCols=17 effImprove=17 updated=0
    [CG] CG iter 3: obj=164457065.352702, maxRC=5348402.640881, +17 cols
    [CG] CG iter 3: obj=165665918.471630, maxRC=5118128.238817, +15 cols
    [CG]   [DIAG] iter=3 posCols=17 newCols=17 effImprove=17 updated=0
    [CG]   [DIAG] iter=3 posCols=15 newCols=15 effImprove=15 updated=0
    [CG] CG iter 3: obj=165285454.862418, maxRC=5039068.683009, +15 cols
    [CG] CG iter 3: obj=170533030.917472, maxRC=3465585.679562, +11 cols
    [CG]   [DIAG] iter=3 posCols=15 newCols=15 effImprove=15 updated=0
    [CG]   [DIAG] iter=3 posCols=11 newCols=11 effImprove=11 updated=0
    [CG] CG iter 4: obj=175178130.252053, maxRC=2671769.720189, +6 cols
    [CG]   [DIAG] iter=4 posCols=6 newCols=6 effImprove=6 updated=0
    [CG] CG iter 4: obj=174178756.059443, maxRC=2059273.532822, +6 cols
    [CG] CG iter 4: obj=174727185.849517, maxRC=2638800.293847, +5 cols
    [CG]   [DIAG] iter=4 posCols=5 newCols=5 effImprove=5 updated=0
    [CG]   [DIAG] iter=4 posCols=6 newCols=6 effImprove=6 updated=0
    [CG] CG iter 4: obj=173749740.100013, maxRC=1346494.954484, +4 cols
    [CG]   [DIAG] iter=4 posCols=4 newCols=4 effImprove=4 updated=0
    [CG] CG iter 5: obj=175190067.888630, maxRC=830023.365062, +1 cols
    [CG]   [DIAG] iter=5 posCols=1 newCols=1 effImprove=1 updated=0
    [CG] CG iter 5: obj=174727185.849517, maxRC=741997.728305, +1 cols
    [CG]   [DIAG] iter=5 posCols=1 newCols=1 effImprove=1 updated=0
    [CG] CG iter 5: obj=174209373.446649, maxRC=17262.047100, +1 cols
    [CG]   [DIAG] iter=5 posCols=1 newCols=1 effImprove=1 updated=0
    [CG] CG iter 5: obj=175032797.339480, maxRC=681237.482568, +4 cols
    [CG]   [DIAG] iter=5 posCols=4 newCols=4 effImprove=4 updated=0
    [CG] 列生成收敛，共 6 轮迭代
    [CG] [CG-NODE] depth=0 exit=CERTIFIED certified=1 feasible=1 iters=6 generatedColsBeforeNode=0 newCols=61 posCandidates=61 duplicateCandidates=0 updatedCols=0 zeroObjImproveIters=1 objFirst=145107841.993773 objLast=175190067.888630 objGain=30082225.894857 maxRC=59519644.562382 wallSec=0.017956 pricingSec=0.012358 cplexSolveSec=0.003150
    [CG] 列生成收敛，共 6 轮迭代
    [CG] [CG-NODE] depth=0 exit=CERTIFIED certified=1 feasible=1 iters=6 generatedColsBeforeNode=0 newCols=60 posCandidates=60 duplicateCandidates=0 updatedCols=0 zeroObjImproveIters=2 objFirst=144538938.434101 objLast=174727185.849517 objGain=30188247.415416 maxRC=59443374.518860 wallSec=0.019109 pricingSec=0.013184 cplexSolveSec=0.003225
      [BB] 根节点即为整数解，obj=175190067.888630
    [CG] 列生成收敛，共 6 轮迭代
    [CG] [CG-NODE] depth=0 exit=CERTIFIED certified=1 feasible=1 iters=6 generatedColsBeforeNode=0 newCols=63 posCandidates=63 duplicateCandidates=0 updatedCols=0 zeroObjImproveIters=1 objFirst=144135628.767141 objLast=174209373.446649 objGain=30073744.679508 maxRC=59203890.366738 wallSec=0.017940 pricingSec=0.012499 cplexSolveSec=0.003058
    [CG] 列生成收敛，共 6 轮迭代
      [BB] 根节点即为整数解，obj=174727185.849517
    [CG] [CG-NODE] depth=0 exit=CERTIFIED certified=1 feasible=1 iters=6 generatedColsBeforeNode=0 newCols=59 posCandidates=59 duplicateCandidates=0 updatedCols=0 zeroObjImproveIters=0 objFirst=144644602.323923 objLast=175037320.132108 objGain=30392717.808185 maxRC=59506833.680185 wallSec=0.018720 pricingSec=0.012907 cplexSolveSec=0.003181
      [BB] 根节点即为整数解，obj=174209373.446649
      [BB] 根节点即为整数解，obj=175037320.132108
[GA] 代数 2: Best=175219889.92, Avg=174739307.50, Worst=174033063.22, Valid=30/30, 耗时=0.06s (连续2代未提升)
  ├─ 求解: 30 个体 fork 并行 | CG迭代=142 加列=1415 BB分支=0
  ├─ 并行墙钟=0.0612s | 串行等效(ΣBP)=0.4124s | 加速比=6.74x
  ├─ 管理开销=-0.3513s (fork=0.0034 wait=0.0574 merge=0.0004)
  └─ CG明细: gen_logs/run_gen2_ind{0..29}.log
    [CG] 列生成开始，初始列数=128
    [CG] 列生成开始，初始列数=128
    [CG] 列生成开始，初始列数=128
    [CG] 列生成开始，初始列数=128
    [CG] 列生成开始，初始列数=128
    [CG] 列生成开始，初始列数=128
    [CG] 列生成开始，初始列数=128
    [CG] 列生成开始，初始列数=128
    [CG] CG iter 1: obj=145011105.126585, maxRC=59513786.873314, +23 cols
    [CG] CG iter 1: obj=144082285.196299, maxRC=58951523.782004, +23 cols
    [CG]   [DIAG] iter=1 posCols=23 newCols=23 effImprove=23 updated=0
    [CG]   [DIAG] iter=1 posCols=23 newCols=23 effImprove=23 updated=0
    [CG] CG iter 2: obj=161467315.283674, maxRC=10623300.567101, +16 cols
    [CG]   [DIAG] iter=2 posCols=16 newCols=16 effImprove=16 updated=0
    [CG] CG iter 2: obj=160242018.934518, maxRC=10269702.838590, +16 cols
    [CG]   [DIAG] iter=2 posCols=16 newCols=16 effImprove=16 updated=0
    [CG] CG iter 1: obj=144782967.703070, maxRC=59514191.386312, +23 cols
    [CG]   [DIAG] iter=1 posCols=23 newCols=23 effImprove=23 updated=0
    [CG] CG iter 3: obj=165665922.590716, maxRC=5118128.238817, +14 cols
    [CG]   [DIAG] iter=3 posCols=14 newCols=14 effImprove=14 updated=0
    [CG] CG iter 1: obj=144476810.736689, maxRC=59514097.723719, +23 cols
    [CG] CG iter 3: obj=164475584.197588, maxRC=5036434.899699, +15 cols
    [CG]   [DIAG] iter=3 posCols=15 newCols=15 effImprove=15 updated=0
    [CG]   [DIAG] iter=1 posCols=23 newCols=23 effImprove=23 updated=0
    [CG] CG iter 4: obj=175178141.460721, maxRC=2671769.720189, +6 cols
    [CG]   [DIAG] iter=4 posCols=6 newCols=6 effImprove=6 updated=0
    [CG] CG iter 4: obj=173985441.135593, maxRC=2637703.661249, +6 cols
    [CG]   [DIAG] iter=4 posCols=6 newCols=6 effImprove=6 updated=0
    [CG] CG iter 5: obj=175190079.097297, maxRC=830013.826751, +1 cols
    [CG]   [DIAG] iter=5 posCols=1 newCols=1 effImprove=1 updated=0
    [CG] CG iter 5: obj=174105863.183051, maxRC=794923.639814, +1 cols
    [CG]   [DIAG] iter=5 posCols=1 newCols=1 effImprove=1 updated=0
    [CG] CG iter 2: obj=161259344.291646, maxRC=10626541.506701, +16 cols
    [CG] 列生成收敛，共 6 轮迭代
    [CG]   [DIAG] iter=2 posCols=16 newCols=16 effImprove=16 updated=0
    [CG] [CG-NODE] depth=0 exit=CERTIFIED certified=1 feasible=1 iters=6 generatedColsBeforeNode=0 newCols=60 posCandidates=60 duplicateCandidates=0 updatedCols=0 zeroObjImproveIters=1 objFirst=145011105.126585 objLast=175190079.097297 objGain=30178973.970713 maxRC=59513786.873314 wallSec=0.010847 pricingSec=0.007236 cplexSolveSec=0.001925
    [CG] 列生成收敛，共 6 轮迭代
    [CG] [CG-NODE] depth=0 exit=CERTIFIED certified=1 feasible=1 iters=6 generatedColsBeforeNode=0 newCols=61 posCandidates=61 duplicateCandidates=0 updatedCols=0 zeroObjImproveIters=1 objFirst=144082285.196299 objLast=174105863.183051 objGain=30023577.986752 maxRC=58951523.782004 wallSec=0.010810 pricingSec=0.007281 cplexSolveSec=0.001905
      [BB] 根节点即为整数解，obj=175190079.097297
      [BB] 根节点即为整数解，obj=174105863.183051
    [CG] CG iter 2: obj=161083762.586134, maxRC=10757884.680227, +17 cols
    [CG]   [DIAG] iter=2 posCols=17 newCols=17 effImprove=17 updated=0
    [CG] CG iter 3: obj=165425576.055405, maxRC=5115184.583752, +15 cols
    [CG]   [DIAG] iter=3 posCols=15 newCols=15 effImprove=15 updated=0
    [CG] CG iter 1: obj=145014333.911758, maxRC=59519841.930057, +23 cols
    [CG] CG iter 3: obj=167840069.352436, maxRC=6157283.926026, +12 cols
    [CG]   [DIAG] iter=3 posCols=12 newCols=12 effImprove=12 updated=0
    [CG] 列生成开始，初始列数=128
    [CG]   [DIAG] iter=1 posCols=23 newCols=23 effImprove=23 updated=0
    [CG] CG iter 1: obj=144458904.170643, maxRC=59306875.322983, +23 cols
    [CG] CG iter 4: obj=174924933.630910, maxRC=2670525.430075, +5 cols
    [CG]   [DIAG] iter=4 posCols=5 newCols=5 effImprove=5 updated=0
    [CG] CG iter 1: obj=145028606.349585, maxRC=59519752.128890, +23 cols
    [CG]   [DIAG] iter=1 posCols=23 newCols=23 effImprove=23 updated=0
    [CG]   [DIAG] iter=1 posCols=23 newCols=23 effImprove=23 updated=0
    [CG] CG iter 4: obj=174649894.477207, maxRC=1139594.428805, +3 cols
    [CG]   [DIAG] iter=4 posCols=3 newCols=3 effImprove=3 updated=0
    [CG] CG iter 1: obj=145070434.512202, maxRC=59519550.350332, +23 cols
    [CG] CG iter 5: obj=174924933.630910, maxRC=799360.097984, +1 cols
    [CG]   [DIAG] iter=5 posCols=1 newCols=1 effImprove=1 updated=0
    [CG] 列生成开始，初始列数=128
    [CG]   [DIAG] iter=1 posCols=23 newCols=23 effImprove=23 updated=0
    [CG] 列生成收敛，共 5 轮迭代
    [CG] [CG-NODE] depth=0 exit=CERTIFIED certified=1 feasible=1 iters=5 generatedColsBeforeNode=0 newCols=55 posCandidates=55 duplicateCandidates=0 updatedCols=0 zeroObjImproveIters=1 objFirst=144476810.736689 objLast=174649894.477207 objGain=30173083.740518 maxRC=59514097.723719 wallSec=0.013878 pricingSec=0.009613 cplexSolveSec=0.002383
      [BB] 根节点即为整数解，obj=174649894.477207
    [CG] CG iter 2: obj=161388106.337979, maxRC=10623494.814960, +16 cols
    [CG] 列生成收敛，共 6 轮迭代
    [CG] [CG-NODE] depth=0 exit=CERTIFIED certified=1 feasible=1 iters=6 generatedColsBeforeNode=0 newCols=60 posCandidates=60 duplicateCandidates=0 updatedCols=0 zeroObjImproveIters=2 objFirst=144782967.703070 objLast=174924933.630910 objGain=30141965.927840 maxRC=59514191.386312 wallSec=0.015156 pricingSec=0.010031 cplexSolveSec=0.002846
    [CG]   [DIAG] iter=2 posCols=16 newCols=16 effImprove=16 updated=0
      [BB] 根节点即为整数解，obj=174924933.630910
    [CG] CG iter 2: obj=160721546.478326, maxRC=10486956.509003, +16 cols
    [CG] CG iter 2: obj=161468274.340676, maxRC=10623485.371715, +16 cols
    [CG]   [DIAG] iter=2 posCols=16 newCols=16 effImprove=16 updated=0
    [CG]   [DIAG] iter=2 posCols=16 newCols=16 effImprove=16 updated=0
    [CG] CG iter 2: obj=161436369.879761, maxRC=10623249.857382, +16 cols
    [CG]   [DIAG] iter=2 posCols=16 newCols=16 effImprove=16 updated=0
    [CG] CG iter 3: obj=165594508.041606, maxRC=5118128.238817, +15 cols
    [CG]   [DIAG] iter=3 posCols=15 newCols=15 effImprove=15 updated=0
    [CG] CG iter 3: obj=164954556.189237, maxRC=5035991.740902, +15 cols
    [CG] CG iter 3: obj=165666838.448703, maxRC=5118128.238817, +15 cols
    [CG]   [DIAG] iter=3 posCols=15 newCols=15 effImprove=15 updated=0
    [CG]   [DIAG] iter=3 posCols=15 newCols=15 effImprove=15 updated=0
    [CG] CG iter 4: obj=175098893.352510, maxRC=2671769.720189, +6 cols
    [CG] CG iter 3: obj=165635802.701494, maxRC=5109038.932198, +15 cols
    [CG] 列生成开始，初始列数=128
    [CG]   [DIAG] iter=4 posCols=6 newCols=6 effImprove=6 updated=0
    [CG]   [DIAG] iter=3 posCols=15 newCols=15 effImprove=15 updated=0
    [CG] CG iter 1: obj=145103171.140216, maxRC=59519403.483036, +23 cols
    [CG] CG iter 4: obj=174401967.732011, maxRC=2637519.145115, +5 cols
    [CG] CG iter 4: obj=175179113.450642, maxRC=2671769.720189, +6 cols
    [CG]   [DIAG] iter=1 posCols=23 newCols=23 effImprove=23 updated=0
    [CG]   [DIAG] iter=4 posCols=5 newCols=5 effImprove=5 updated=0
    [CG]   [DIAG] iter=4 posCols=6 newCols=6 effImprove=6 updated=0
    [CG] 列生成开始，初始列数=128
    [CG] CG iter 5: obj=175110745.073497, maxRC=815920.062188, +1 cols
    [CG]   [DIAG] iter=5 posCols=1 newCols=1 effImprove=1 updated=0
    [CG] CG iter 4: obj=175138117.195193, maxRC=2667955.913234, +6 cols
    [CG]   [DIAG] iter=4 posCols=6 newCols=6 effImprove=6 updated=0
    [CG] CG iter 2: obj=161468273.823320, maxRC=10623485.371715, +16 cols
    [CG]   [DIAG] iter=2 posCols=16 newCols=16 effImprove=16 updated=0
    [CG] CG iter 5: obj=174401967.732011, maxRC=768779.665070, +1 cols
    [CG] CG iter 5: obj=175190993.022181, maxRC=830112.912422, +1 cols
    [CG]   [DIAG] iter=5 posCols=1 newCols=1 effImprove=1 updated=0
    [CG]   [DIAG] iter=5 posCols=1 newCols=1 effImprove=1 updated=0
    [CG] 列生成收敛，共 6 轮迭代
    [CG] [CG-NODE] depth=0 exit=CERTIFIED certified=1 feasible=1 iters=6 generatedColsBeforeNode=0 newCols=61 posCandidates=61 duplicateCandidates=0 updatedCols=0 zeroObjImproveIters=1 objFirst=145014333.911758 objLast=175110745.073497 objGain=30096411.161739 maxRC=59519841.930057 wallSec=0.018486 pricingSec=0.012785 cplexSolveSec=0.003119
      [BB] 根节点即为整数解，obj=175110745.073497
    [CG] CG iter 5: obj=175139496.541212, maxRC=824540.799383, +1 cols
    [CG]   [DIAG] iter=5 posCols=1 newCols=1 effImprove=1 updated=0
    [CG] 列生成收敛，共 6 轮迭代
    [CG] 列生成收敛，共 6 轮迭代
    [CG] CG iter 3: obj=165666838.645583, maxRC=5118128.238817, +15 cols
    [CG] [CG-NODE] depth=0 exit=CERTIFIED certified=1 feasible=1 iters=6 generatedColsBeforeNode=0 newCols=61 posCandidates=61 duplicateCandidates=0 updatedCols=0 zeroObjImproveIters=1 objFirst=145028606.349585 objLast=175190993.022181 objGain=30162386.672596 maxRC=59519752.128890 wallSec=0.018567 pricingSec=0.012700 cplexSolveSec=0.003216
    [CG] [CG-NODE] depth=0 exit=CERTIFIED certified=1 feasible=1 iters=6 generatedColsBeforeNode=0 newCols=60 posCandidates=60 duplicateCandidates=0 updatedCols=0 zeroObjImproveIters=2 objFirst=144458904.170643 objLast=174401967.732011 objGain=29943063.561368 maxRC=59306875.322983 wallSec=0.018738 pricingSec=0.012865 cplexSolveSec=0.003212
    [CG]   [DIAG] iter=3 posCols=15 newCols=15 effImprove=15 updated=0
      [BB] 根节点即为整数解，obj=175190993.022181
      [BB] 根节点即为整数解，obj=174401967.732011
    [CG] 列生成收敛，共 6 轮迭代
    [CG] [CG-NODE] depth=0 exit=CERTIFIED certified=1 feasible=1 iters=6 generatedColsBeforeNode=0 newCols=61 posCandidates=61 duplicateCandidates=0 updatedCols=0 zeroObjImproveIters=1 objFirst=145070434.512202 objLast=175139496.541212 objGain=30069062.029010 maxRC=59519550.350332 wallSec=0.018689 pricingSec=0.012911 cplexSolveSec=0.003076
    [CG] CG iter 4: obj=175179112.933286, maxRC=2671769.720189, +6 cols
    [CG]   [DIAG] iter=4 posCols=6 newCols=6 effImprove=6 updated=0
      [BB] 根节点即为整数解，obj=175139496.541212
    [CG] CG iter 5: obj=175190992.504825, maxRC=830112.437387, +1 cols
    [CG]   [DIAG] iter=5 posCols=1 newCols=1 effImprove=1 updated=0
    [CG] 列生成收敛，共 6 轮迭代
    [CG] [CG-NODE] depth=0 exit=CERTIFIED certified=1 feasible=1 iters=6 generatedColsBeforeNode=0 newCols=61 posCandidates=61 duplicateCandidates=0 updatedCols=0 zeroObjImproveIters=1 objFirst=145103171.140216 objLast=175190992.504825 objGain=30087821.364609 maxRC=59519403.483036 wallSec=0.007764 pricingSec=0.005243 cplexSolveSec=0.001383
      [BB] 根节点即为整数解，obj=175190992.504825
    [CG] 列生成开始，初始列数=128
    [CG] 列生成开始，初始列数=128
    [CG] 列生成开始，初始列数=128
    [CG] 列生成开始，初始列数=128
    [CG] 列生成开始，初始列数=128
    [CG] CG iter 1: obj=144281459.089089, maxRC=59209178.100498, +23 cols
    [CG]   [DIAG] iter=1 posCols=23 newCols=23 effImprove=23 updated=0
    [CG] CG iter 2: obj=160730538.623464, maxRC=10435959.864689, +16 cols
    [CG]   [DIAG] iter=2 posCols=16 newCols=16 effImprove=16 updated=0
    [CG] CG iter 3: obj=164860468.743837, maxRC=5034431.246563, +14 cols
    [CG]   [DIAG] iter=3 posCols=14 newCols=14 effImprove=14 updated=0
    [CG] CG iter 1: obj=144416053.939137, maxRC=59502197.398000, +23 cols
    [CG] CG iter 4: obj=174340292.479360, maxRC=2636869.414568, +5 cols
    [CG]   [DIAG] iter=4 posCols=5 newCols=5 effImprove=5 updated=0
    [CG]   [DIAG] iter=1 posCols=23 newCols=23 effImprove=23 updated=0
    [CG] CG iter 5: obj=174340292.479360, maxRC=782788.376182, +1 cols
    [CG]   [DIAG] iter=5 posCols=1 newCols=1 effImprove=1 updated=0
    [CG] CG iter 1: obj=145108079.002697, maxRC=59519752.128890, +23 cols
    [CG] 列生成收敛，共 6 轮迭代
    [CG] [CG-NODE] depth=0 exit=CERTIFIED certified=1 feasible=1 iters=6 generatedColsBeforeNode=0 newCols=59 posCandidates=59 duplicateCandidates=0 updatedCols=0 zeroObjImproveIters=2 objFirst=144281459.089089 objLast=174340292.479360 objGain=30058833.390271 maxRC=59209178.100498 wallSec=0.010318 pricingSec=0.006991 cplexSolveSec=0.001909
    [CG] CG iter 1: obj=144565347.754801, maxRC=59444184.417118, +23 cols
    [CG]   [DIAG] iter=1 posCols=23 newCols=23 effImprove=23 updated=0
      [BB] 根节点即为整数解，obj=174340292.479360
    [CG]   [DIAG] iter=1 posCols=23 newCols=23 effImprove=23 updated=0
    [CG] CG iter 2: obj=161378616.221222, maxRC=10154451.990051, +17 cols
    [CG]   [DIAG] iter=2 posCols=17 newCols=17 effImprove=17 updated=0
    [CG] CG iter 2: obj=161467633.404757, maxRC=10623461.803284, +16 cols
    [CG] CG iter 2: obj=161098881.973677, maxRC=10576378.373257, +16 cols
    [CG]   [DIAG] iter=2 posCols=16 newCols=16 effImprove=16 updated=0
    [CG]   [DIAG] iter=2 posCols=16 newCols=16 effImprove=16 updated=0
    [CG] CG iter 1: obj=144270366.626074, maxRC=59234940.451707, +23 cols
    [CG]   [DIAG] iter=1 posCols=23 newCols=23 effImprove=23 updated=0
    [CG] CG iter 3: obj=170383535.854198, maxRC=3664359.065954, +11 cols
    [CG]   [DIAG] iter=3 posCols=11 newCols=11 effImprove=11 updated=0
    [CG] CG iter 1: obj=144376265.885860, maxRC=59382471.869549, +23 cols
    [CG] CG iter 1: obj=144946965.887535, maxRC=59518530.722007, +23 cols
    [CG]   [DIAG] iter=1 posCols=23 newCols=23 effImprove=23 updated=0
    [CG] 列生成开始，初始列数=128
    [CG] CG iter 1: obj=145032405.125853, maxRC=59519752.128890, +23 cols
    [CG]   [DIAG] iter=1 posCols=23 newCols=23 effImprove=23 updated=0
    [CG]   [DIAG] iter=1 posCols=23 newCols=23 effImprove=23 updated=0
    [CG] CG iter 3: obj=165307350.934979, maxRC=5044836.936816, +15 cols
    [CG] CG iter 3: obj=165666226.215793, maxRC=5118128.238817, +15 cols
    [CG] CG iter 2: obj=160775662.930164, maxRC=10452328.076282, +16 cols
    [CG]   [DIAG] iter=3 posCols=15 newCols=15 effImprove=15 updated=0
    [CG]   [DIAG] iter=2 posCols=16 newCols=16 effImprove=16 updated=0
    [CG]   [DIAG] iter=3 posCols=15 newCols=15 effImprove=15 updated=0
    [CG] CG iter 4: obj=173599622.263122, maxRC=1516500.792177, +4 cols
    [CG]   [DIAG] iter=4 posCols=4 newCols=4 effImprove=4 updated=0
    [CG] CG iter 2: obj=161059083.382860, maxRC=9479027.527665, +17 cols
    [CG]   [DIAG] iter=2 posCols=17 newCols=17 effImprove=17 updated=0
    [CG] CG iter 2: obj=161462693.812449, maxRC=10623485.371715, +16 cols
    [CG]   [DIAG] iter=2 posCols=16 newCols=16 effImprove=16 updated=0
    [CG] CG iter 4: obj=174755494.827668, maxRC=2641202.129042, +5 cols
    [CG]   [DIAG] iter=4 posCols=5 newCols=5 effImprove=5 updated=0
    [CG] CG iter 4: obj=175178483.087672, maxRC=2671769.720189, +6 cols
    [CG] CG iter 5: obj=174806566.180190, maxRC=681237.482568, +4 cols
    [CG]   [DIAG] iter=4 posCols=6 newCols=6 effImprove=6 updated=0
    [CG]   [DIAG] iter=5 posCols=4 newCols=4 effImprove=4 updated=0
    [CG] CG iter 3: obj=164898671.682600, maxRC=5035324.755433, +14 cols
    [CG]   [DIAG] iter=3 posCols=14 newCols=14 effImprove=14 updated=0
    [CG] CG iter 2: obj=161389426.096937, maxRC=10631173.730625, +16 cols
    [CG] CG iter 3: obj=174695642.505907, maxRC=4183601.943606, +10 cols
    [CG]   [DIAG] iter=3 posCols=10 newCols=10 effImprove=10 updated=0
    [CG]   [DIAG] iter=2 posCols=16 newCols=16 effImprove=16 updated=0
    [CG] CG iter 5: obj=174755494.827668, maxRC=752235.150048, +1 cols
    [CG]   [DIAG] iter=5 posCols=1 newCols=1 effImprove=1 updated=0
    [CG] CG iter 5: obj=175190362.659211, maxRC=830058.040538, +1 cols
    [CG]   [DIAG] iter=5 posCols=1 newCols=1 effImprove=1 updated=0
    [CG] CG iter 4: obj=174376118.709236, maxRC=2637241.436610, +5 cols
    [CG] 列生成收敛，共 6 轮迭代
    [CG] [CG-NODE] depth=0 exit=CERTIFIED certified=1 feasible=1 iters=6 generatedColsBeforeNode=0 newCols=59 posCandidates=59 duplicateCandidates=0 updatedCols=0 zeroObjImproveIters=0 objFirst=144416053.939137 objLast=174887202.295217 objGain=30471148.356080 maxRC=59502197.398000 wallSec=0.017619 pricingSec=0.012222 cplexSolveSec=0.002980
    [CG]   [DIAG] iter=4 posCols=5 newCols=5 effImprove=5 updated=0
    [CG] CG iter 3: obj=165661813.758933, maxRC=5118128.238817, +15 cols
    [CG] CG iter 4: obj=174695642.505907, maxRC=1470103.653475, +6 cols
    [CG]   [DIAG] iter=3 posCols=15 newCols=15 effImprove=15 updated=0
    [CG]   [DIAG] iter=4 posCols=6 newCols=6 effImprove=6 updated=0
      [BB] 根节点即为整数解，obj=174887202.295217
    [CG] 列生成收敛，共 6 轮迭代
    [CG] [CG-NODE] depth=0 exit=CERTIFIED certified=1 feasible=1 iters=6 generatedColsBeforeNode=0 newCols=60 posCandidates=60 duplicateCandidates=0 updatedCols=0 zeroObjImproveIters=2 objFirst=144565347.754801 objLast=174755494.827668 objGain=30190147.072867 maxRC=59444184.417118 wallSec=0.010894 pricingSec=0.007186 cplexSolveSec=0.002040
    [CG] CG iter 5: obj=174376118.709236, maxRC=772663.936577, +1 cols
    [CG] 列生成收敛，共 6 轮迭代
    [CG]   [DIAG] iter=5 posCols=1 newCols=1 effImprove=1 updated=0
    [CG] [CG-NODE] depth=0 exit=CERTIFIED certified=1 feasible=1 iters=6 generatedColsBeforeNode=0 newCols=61 posCandidates=61 duplicateCandidates=0 updatedCols=0 zeroObjImproveIters=1 objFirst=145108079.002697 objLast=175190362.659211 objGain=30082283.656514 maxRC=59519752.128890 wallSec=0.010402 pricingSec=0.006779 cplexSolveSec=0.002089
      [BB] 根节点即为整数解，obj=174755494.827668
    [CG] CG iter 4: obj=175173532.922416, maxRC=2671769.720189, +6 cols
    [CG]   [DIAG] iter=4 posCols=6 newCols=6 effImprove=6 updated=0
      [BB] 根节点即为整数解，obj=175190362.659211
    [CG] CG iter 5: obj=174752916.275915, maxRC=697478.623032, +2 cols
    [CG]   [DIAG] iter=5 posCols=2 newCols=2 effImprove=2 updated=0
    [CG] CG iter 3: obj=165544929.637171, maxRC=5106270.354455, +15 cols
    [CG] 列生成收敛，共 6 轮迭代
    [CG] [CG-NODE] depth=0 exit=CERTIFIED certified=1 feasible=1 iters=6 generatedColsBeforeNode=0 newCols=59 posCandidates=59 duplicateCandidates=0 updatedCols=0 zeroObjImproveIters=2 objFirst=144270366.626074 objLast=174376118.709236 objGain=30105752.083162 maxRC=59234940.451707 wallSec=0.010499 pricingSec=0.007171 cplexSolveSec=0.001795
    [CG]   [DIAG] iter=3 posCols=15 newCols=15 effImprove=15 updated=0
      [BB] 根节点即为整数解，obj=174376118.709236
    [CG] CG iter 5: obj=175185412.493955, maxRC=829120.117079, +1 cols
    [CG]   [DIAG] iter=5 posCols=1 newCols=1 effImprove=1 updated=0
    [CG] 列生成收敛，共 6 轮迭代
    [CG] [CG-NODE] depth=0 exit=CERTIFIED certified=1 feasible=1 iters=6 generatedColsBeforeNode=0 newCols=58 posCandidates=58 duplicateCandidates=0 updatedCols=0 zeroObjImproveIters=2 objFirst=144376265.885860 objLast=174752916.275915 objGain=30376650.390055 maxRC=59382471.869549 wallSec=0.010556 pricingSec=0.007134 cplexSolveSec=0.001841
      [BB] 根节点即为整数解，obj=174752916.275915
    [CG] 列生成收敛，共 6 轮迭代
    [CG] [CG-NODE] depth=0 exit=CERTIFIED certified=1 feasible=1 iters=6 generatedColsBeforeNode=0 newCols=61 posCandidates=61 duplicateCandidates=0 updatedCols=0 zeroObjImproveIters=1 objFirst=145032405.125853 objLast=175185412.493955 objGain=30153007.368101 maxRC=59519752.128890 wallSec=0.010529 pricingSec=0.007069 cplexSolveSec=0.001864
    [CG] CG iter 4: obj=175043083.963295, maxRC=2666800.101796, +5 cols
      [BB] 根节点即为整数解，obj=175185412.493955
    [CG]   [DIAG] iter=4 posCols=5 newCols=5 effImprove=5 updated=0
    [CG] CG iter 5: obj=175043083.963295, maxRC=799399.788015, +1 cols
    [CG]   [DIAG] iter=5 posCols=1 newCols=1 effImprove=1 updated=0
    [CG] CG iter 1: obj=144541609.038304, maxRC=59501708.774795, +23 cols
    [CG]   [DIAG] iter=1 posCols=23 newCols=23 effImprove=23 updated=0
    [CG] 列生成开始，初始列数=128
    [CG] 列生成收敛，共 6 轮迭代
    [CG] [CG-NODE] depth=0 exit=CERTIFIED certified=1 feasible=1 iters=6 generatedColsBeforeNode=0 newCols=60 posCandidates=60 duplicateCandidates=0 updatedCols=0 zeroObjImproveIters=2 objFirst=144946965.887535 objLast=175043083.963295 objGain=30096118.075761 maxRC=59518530.722007 wallSec=0.016801 pricingSec=0.011582 cplexSolveSec=0.002849
      [BB] 根节点即为整数解，obj=175043083.963295
    [CG] 列生成开始，初始列数=128
    [CG] 列生成开始，初始列数=128
    [CG] CG iter 2: obj=161225049.112709, maxRC=10626541.506701, +16 cols
    [CG]   [DIAG] iter=2 posCols=16 newCols=16 effImprove=16 updated=0
    [CG] 列生成开始，初始列数=128
    [CG] CG iter 3: obj=165380239.420086, maxRC=5114970.352755, +14 cols
    [CG]   [DIAG] iter=3 posCols=14 newCols=14 effImprove=14 updated=0
    [CG] CG iter 4: obj=174874528.428922, maxRC=2670435.681357, +5 cols
    [CG]   [DIAG] iter=4 posCols=5 newCols=5 effImprove=5 updated=0
    [CG] CG iter 5: obj=174874528.428922, maxRC=790234.099782, +1 cols
    [CG]   [DIAG] iter=5 posCols=1 newCols=1 effImprove=1 updated=0
    [CG] 列生成收敛，共 6 轮迭代
    [CG] [CG-NODE] depth=0 exit=CERTIFIED certified=1 feasible=1 iters=6 generatedColsBeforeNode=0 newCols=59 posCandidates=59 duplicateCandidates=0 updatedCols=0 zeroObjImproveIters=2 objFirst=144541609.038304 objLast=174874528.428922 objGain=30332919.390617 maxRC=59501708.774795 wallSec=0.007620 pricingSec=0.005016 cplexSolveSec=0.001449
      [BB] 根节点即为整数解，obj=174874528.428922
    [CG] CG iter 1: obj=144593761.588270, maxRC=59392011.165587, +23 cols
    [CG]   [DIAG] iter=1 posCols=23 newCols=23 effImprove=23 updated=0
    [CG] CG iter 2: obj=161018098.678726, maxRC=10542474.432115, +16 cols
    [CG]   [DIAG] iter=2 posCols=16 newCols=16 effImprove=16 updated=0
    [CG] CG iter 3: obj=165233973.095745, maxRC=5035324.755433, +15 cols
    [CG]   [DIAG] iter=3 posCols=15 newCols=15 effImprove=15 updated=0
    [CG] CG iter 4: obj=174680010.262769, maxRC=2637241.436610, +5 cols
    [CG]   [DIAG] iter=4 posCols=5 newCols=5 effImprove=5 updated=0
    [CG] CG iter 5: obj=174680010.262769, maxRC=758046.166235, +1 cols
    [CG]   [DIAG] iter=5 posCols=1 newCols=1 effImprove=1 updated=0
    [CG] 列生成收敛，共 6 轮迭代
    [CG] [CG-NODE] depth=0 exit=CERTIFIED certified=1 feasible=1 iters=6 generatedColsBeforeNode=0 newCols=60 posCandidates=60 duplicateCandidates=0 updatedCols=0 zeroObjImproveIters=2 objFirst=144593761.588270 objLast=174680010.262769 objGain=30086248.674499 maxRC=59392011.165587 wallSec=0.007475 pricingSec=0.004904 cplexSolveSec=0.001445
      [BB] 根节点即为整数解，obj=174680010.262769
    [CG] CG iter 1: obj=144516444.237790, maxRC=59362111.109457, +23 cols
    [CG]   [DIAG] iter=1 posCols=23 newCols=23 effImprove=23 updated=0
    [CG] CG iter 1: obj=144452080.476843, maxRC=59168402.929172, +23 cols
    [CG]   [DIAG] iter=1 posCols=23 newCols=23 effImprove=23 updated=0
    [CG] CG iter 1: obj=144199083.709634, maxRC=59293173.201730, +23 cols
    [CG]   [DIAG] iter=1 posCols=23 newCols=23 effImprove=23 updated=0
    [CG] CG iter 2: obj=160868188.615198, maxRC=10528253.782644, +16 cols
    [CG]   [DIAG] iter=2 posCols=16 newCols=16 effImprove=16 updated=0
    [CG] CG iter 2: obj=160543953.581076, maxRC=10404616.293392, +16 cols
    [CG]   [DIAG] iter=2 posCols=16 newCols=16 effImprove=16 updated=0
    [CG] CG iter 2: obj=160849004.066190, maxRC=10489609.955915, +16 cols
    [CG]   [DIAG] iter=2 posCols=16 newCols=16 effImprove=16 updated=0
    [CG] CG iter 3: obj=165069965.237071, maxRC=5114087.957835, +15 cols
    [CG]   [DIAG] iter=3 posCols=15 newCols=15 effImprove=15 updated=0
    [CG] CG iter 3: obj=164773486.782217, maxRC=5053178.443698, +15 cols
    [CG]   [DIAG] iter=3 posCols=15 newCols=15 effImprove=15 updated=0
    [CG] CG iter 3: obj=164831632.223430, maxRC=5037976.516936, +14 cols
    [CG]   [DIAG] iter=3 posCols=14 newCols=14 effImprove=14 updated=0
    [CG] CG iter 4: obj=174585888.136658, maxRC=2670066.233382, +6 cols
    [CG]   [DIAG] iter=4 posCols=6 newCols=6 effImprove=6 updated=0
    [CG] CG iter 4: obj=174264945.380657, maxRC=2644675.704265, +6 cols
    [CG]   [DIAG] iter=4 posCols=6 newCols=6 effImprove=6 updated=0
    [CG] CG iter 4: obj=174317136.246304, maxRC=2638345.543641, +5 cols
    [CG]   [DIAG] iter=4 posCols=5 newCols=5 effImprove=5 updated=0
    [CG] CG iter 5: obj=174640553.980007, maxRC=801331.076896, +1 cols
    [CG]   [DIAG] iter=5 posCols=1 newCols=1 effImprove=1 updated=0
    [CG] CG iter 5: obj=174330969.731423, maxRC=796282.433189, +1 cols
    [CG]   [DIAG] iter=5 posCols=1 newCols=1 effImprove=1 updated=0
    [CG] CG iter 5: obj=174317136.246304, maxRC=698066.809484, +1 cols
    [CG]   [DIAG] iter=5 posCols=1 newCols=1 effImprove=1 updated=0
    [CG] 列生成收敛，共 6 轮迭代
    [CG] [CG-NODE] depth=0 exit=CERTIFIED certified=1 feasible=1 iters=6 generatedColsBeforeNode=0 newCols=61 posCandidates=61 duplicateCandidates=0 updatedCols=0 zeroObjImproveIters=1 objFirst=144516444.237790 objLast=174640553.980007 objGain=30124109.742217 maxRC=59362111.109457 wallSec=0.017927 pricingSec=0.012332 cplexSolveSec=0.002892
      [BB] 根节点即为整数解，obj=174640553.980007
    [CG] 列生成收敛，共 6 轮迭代
    [CG] [CG-NODE] depth=0 exit=CERTIFIED certified=1 feasible=1 iters=6 generatedColsBeforeNode=0 newCols=61 posCandidates=61 duplicateCandidates=0 updatedCols=0 zeroObjImproveIters=1 objFirst=144452080.476843 objLast=174330969.731423 objGain=29878889.254580 maxRC=59168402.929172 wallSec=0.018491 pricingSec=0.012880 cplexSolveSec=0.003025
    [CG] 列生成收敛，共 6 轮迭代
    [CG] [CG-NODE] depth=0 exit=CERTIFIED certified=1 feasible=1 iters=6 generatedColsBeforeNode=0 newCols=59 posCandidates=59 duplicateCandidates=0 updatedCols=0 zeroObjImproveIters=2 objFirst=144199083.709634 objLast=174317136.246304 objGain=30118052.536670 maxRC=59293173.201730 wallSec=0.018070 pricingSec=0.012545 cplexSolveSec=0.002999
      [BB] 根节点即为整数解，obj=174330969.731423
      [BB] 根节点即为整数解，obj=174317136.246304
[GA] 代数 3: Best=175219889.92, Avg=174850617.65, Worst=174134748.87, Valid=30/30, 耗时=0.05s (连续3代未提升)
  ├─ 求解: 30 个体 fork 并行 | CG迭代=131 加列=1317 BB分支=0
  ├─ 并行墙钟=0.0523s | 串行等效(ΣBP)=0.3049s | 加速比=5.83x
  ├─ 管理开销=-0.2526s (fork=0.0033 wait=0.0485 merge=0.0004)
  └─ CG明细: gen_logs/run_gen3_ind{0..29}.log
    [CG] 列生成开始，初始列数=128
    [CG] 列生成开始，初始列数=128
    [CG] 列生成开始，初始列数=128
    [CG] 列生成开始，初始列数=128
    [CG] 列生成开始，初始列数=128
    [CG] 列生成开始，初始列数=128
    [CG] 列生成开始，初始列数=128
    [CG] 列生成开始，初始列数=128
    [CG] CG iter 1: obj=144850794.740225, maxRC=59514242.052822, +23 cols
    [CG]   [DIAG] iter=1 posCols=23 newCols=23 effImprove=23 updated=0
    [CG] CG iter 1: obj=144750203.029370, maxRC=59515969.586421, +23 cols
    [CG] CG iter 2: obj=161324642.948576, maxRC=10626541.506701, +16 cols
    [CG]   [DIAG] iter=2 posCols=16 newCols=16 effImprove=16 updated=0
    [CG]   [DIAG] iter=1 posCols=23 newCols=23 effImprove=23 updated=0
    [CG] CG iter 1: obj=144640164.312497, maxRC=59519752.128890, +23 cols
    [CG]   [DIAG] iter=1 posCols=23 newCols=23 effImprove=23 updated=0
    [CG] CG iter 2: obj=161215376.981804, maxRC=10620803.240419, +16 cols
    [CG]   [DIAG] iter=2 posCols=16 newCols=16 effImprove=16 updated=0
    [CG] CG iter 3: obj=165490874.712335, maxRC=5118118.390996, +15 cols
    [CG]   [DIAG] iter=3 posCols=15 newCols=15 effImprove=15 updated=0
    [CG] CG iter 4: obj=174993166.095084, maxRC=2671762.624338, +5 cols
    [CG] CG iter 3: obj=165426708.117258, maxRC=5115184.583752, +15 cols
    [CG]   [DIAG] iter=4 posCols=5 newCols=5 effImprove=5 updated=0
    [CG] CG iter 2: obj=161071861.055870, maxRC=10623485.371715, +16 cols
    [CG]   [DIAG] iter=3 posCols=15 newCols=15 effImprove=15 updated=0
    [CG] CG iter 1: obj=144382615.640372, maxRC=59370007.038413, +23 cols
    [CG]   [DIAG] iter=2 posCols=16 newCols=16 effImprove=16 updated=0
    [CG]   [DIAG] iter=1 posCols=23 newCols=23 effImprove=23 updated=0
    [CG] CG iter 5: obj=174993166.095084, maxRC=804103.078762, +1 cols
    [CG] CG iter 4: obj=174924183.616771, maxRC=2670525.430075, +6 cols
    [CG]   [DIAG] iter=5 posCols=1 newCols=1 effImprove=1 updated=0
    [CG]   [DIAG] iter=4 posCols=6 newCols=6 effImprove=6 updated=0
    [CG] CG iter 5: obj=174934223.311363, maxRC=806483.453925, +1 cols
    [CG] 列生成收敛，共 6 轮迭代
    [CG]   [DIAG] iter=5 posCols=1 newCols=1 effImprove=1 updated=0
    [CG] [CG-NODE] depth=0 exit=CERTIFIED certified=1 feasible=1 iters=6 generatedColsBeforeNode=0 newCols=60 posCandidates=60 duplicateCandidates=0 updatedCols=0 zeroObjImproveIters=2 objFirst=144850794.740225 objLast=174993166.095084 objGain=30142371.354859 maxRC=59514242.052822 wallSec=0.010078 pricingSec=0.006552 cplexSolveSec=0.001997
      [BB] 根节点即为整数解，obj=174993166.095084
    [CG] CG iter 3: obj=165270981.002354, maxRC=5115744.578882, +15 cols
    [CG]   [DIAG] iter=3 posCols=15 newCols=15 effImprove=15 updated=0
    [CG] 列生成收敛，共 6 轮迭代
    [CG] [CG-NODE] depth=0 exit=CERTIFIED certified=1 feasible=1 iters=6 generatedColsBeforeNode=0 newCols=61 posCandidates=61 duplicateCandidates=0 updatedCols=0 zeroObjImproveIters=1 objFirst=144750203.029370 objLast=174934223.311363 objGain=30184020.281993 maxRC=59515969.586421 wallSec=0.010655 pricingSec=0.007073 cplexSolveSec=0.001895
      [BB] 根节点即为整数解，obj=174934223.311363
    [CG] CG iter 2: obj=161054198.440354, maxRC=9472387.163403, +17 cols
    [CG]   [DIAG] iter=2 posCols=17 newCols=17 effImprove=17 updated=0
    [CG] CG iter 4: obj=174780316.505902, maxRC=2670760.158159, +6 cols
    [CG]   [DIAG] iter=4 posCols=6 newCols=6 effImprove=6 updated=0
    [CG] CG iter 1: obj=145012175.793566, maxRC=59518310.986239, +23 cols
    [CG] CG iter 5: obj=174789471.125833, maxRC=827972.582617, +1 cols
    [CG] CG iter 3: obj=174692190.651690, maxRC=4182520.055147, +10 cols
    [CG]   [DIAG] iter=5 posCols=1 newCols=1 effImprove=1 updated=0
    [CG]   [DIAG] iter=3 posCols=10 newCols=10 effImprove=10 updated=0
    [CG]   [DIAG] iter=1 posCols=23 newCols=23 effImprove=23 updated=0
    [CG] 列生成收敛，共 6 轮迭代
    [CG] [CG-NODE] depth=0 exit=CERTIFIED certified=1 feasible=1 iters=6 generatedColsBeforeNode=0 newCols=61 posCandidates=61 duplicateCandidates=0 updatedCols=0 zeroObjImproveIters=1 objFirst=144640164.312497 objLast=174789471.125833 objGain=30149306.813336 maxRC=59519752.128890 wallSec=0.012526 pricingSec=0.008369 cplexSolveSec=0.002385
    [CG] CG iter 1: obj=145107814.740560, maxRC=59519644.562382, +23 cols
      [BB] 根节点即为整数解，obj=174789471.125833
    [CG] CG iter 4: obj=174692190.651690, maxRC=1470118.081156, +6 cols
    [CG]   [DIAG] iter=4 posCols=6 newCols=6 effImprove=6 updated=0
    [CG]   [DIAG] iter=1 posCols=23 newCols=23 effImprove=23 updated=0
    [CG] CG iter 1: obj=144755475.747817, maxRC=59515537.429349, +23 cols
    [CG] CG iter 1: obj=144633521.831068, maxRC=59514191.386312, +23 cols
    [CG] 列生成开始，初始列数=128
    [CG]   [DIAG] iter=1 posCols=23 newCols=23 effImprove=23 updated=0
    [CG] 列生成开始，初始列数=128
    [CG]   [DIAG] iter=1 posCols=23 newCols=23 effImprove=23 updated=0
    [CG] CG iter 5: obj=174752032.739589, maxRC=700795.950923, +2 cols
    [CG] CG iter 2: obj=161461819.399780, maxRC=10629223.637997, +16 cols
    [CG]   [DIAG] iter=5 posCols=2 newCols=2 effImprove=2 updated=0
    [CG]   [DIAG] iter=2 posCols=16 newCols=16 effImprove=16 updated=0
    [CG] 列生成收敛，共 6 轮迭代
    [CG] [CG-NODE] depth=0 exit=CERTIFIED certified=1 feasible=1 iters=6 generatedColsBeforeNode=0 newCols=58 posCandidates=58 duplicateCandidates=0 updatedCols=0 zeroObjImproveIters=2 objFirst=144382615.640372 objLast=174752032.739589 objGain=30369417.099217 maxRC=59370007.038413 wallSec=0.014958 pricingSec=0.010072 cplexSolveSec=0.002809
    [CG] CG iter 2: obj=161467290.062934, maxRC=10623300.567101, +16 cols
    [CG]   [DIAG] iter=2 posCols=16 newCols=16 effImprove=16 updated=0
      [BB] 根节点即为整数解，obj=174752032.739589
    [CG] 列生成开始，初始列数=128
    [CG] CG iter 2: obj=161233198.379431, maxRC=10627444.993711, +16 cols
    [CG]   [DIAG] iter=2 posCols=16 newCols=16 effImprove=16 updated=0
    [CG] CG iter 2: obj=161227555.059952, maxRC=10624274.947278, +17 cols
    [CG]   [DIAG] iter=2 posCols=17 newCols=17 effImprove=17 updated=0
    [CG] CG iter 3: obj=165614874.910143, maxRC=5118128.238817, +15 cols
    [CG]   [DIAG] iter=3 posCols=15 newCols=15 effImprove=15 updated=0
    [CG] CG iter 3: obj=165665899.913266, maxRC=5118128.238817, +15 cols
    [CG]   [DIAG] iter=3 posCols=15 newCols=15 effImprove=15 updated=0
    [CG] CG iter 3: obj=168010816.531704, maxRC=6172272.536609, +12 cols
    [CG]   [DIAG] iter=3 posCols=12 newCols=12 effImprove=12 updated=0
    [CG] CG iter 4: obj=175129441.214042, maxRC=2671769.720189, +5 cols
    [CG]   [DIAG] iter=4 posCols=5 newCols=5 effImprove=5 updated=0
    [CG] CG iter 3: obj=165399252.232127, maxRC=5115184.583752, +15 cols
    [CG] CG iter 4: obj=175178116.239980, maxRC=2671769.720189, +6 cols
    [CG]   [DIAG] iter=4 posCols=6 newCols=6 effImprove=6 updated=0
    [CG] 列生成开始，初始列数=128
    [CG]   [DIAG] iter=3 posCols=15 newCols=15 effImprove=15 updated=0
    [CG] CG iter 4: obj=174855224.303441, maxRC=2245024.832363, +4 cols
    [CG]   [DIAG] iter=4 posCols=4 newCols=4 effImprove=4 updated=0
    [CG] CG iter 5: obj=175190053.876557, maxRC=830009.321849, +1 cols
    [CG]   [DIAG] iter=5 posCols=1 newCols=1 effImprove=1 updated=0
    [CG] CG iter 5: obj=175129441.214042, maxRC=825577.310700, +1 cols
    [CG]   [DIAG] iter=5 posCols=1 newCols=1 effImprove=1 updated=0
    [CG] CG iter 5: obj=174855224.303441, maxRC=561497.034640, +2 cols
    [CG]   [DIAG] iter=5 posCols=2 newCols=2 effImprove=2 updated=0
    [CG] 列生成收敛，共 6 轮迭代
    [CG] [CG-NODE] depth=0 exit=CERTIFIED certified=1 feasible=1 iters=6 generatedColsBeforeNode=0 newCols=61 posCandidates=61 duplicateCandidates=0 updatedCols=0 zeroObjImproveIters=1 objFirst=145107814.740560 objLast=175190053.876557 objGain=30082239.135997 maxRC=59519644.562382 wallSec=0.018361 pricingSec=0.012611 cplexSolveSec=0.003146
      [BB] 根节点即为整数解，obj=175190053.876557
    [CG] CG iter 6: obj=174855224.303441, maxRC=136575.171988, +1 cols
    [CG]   [DIAG] iter=6 posCols=1 newCols=1 effImprove=1 updated=0
    [CG] 列生成收敛，共 6 轮迭代
    [CG] CG iter 4: obj=174898431.896570, maxRC=2670525.430075, +5 cols
    [CG] [CG-NODE] depth=0 exit=CERTIFIED certified=1 feasible=1 iters=6 generatedColsBeforeNode=0 newCols=60 posCandidates=60 duplicateCandidates=0 updatedCols=0 zeroObjImproveIters=2 objFirst=145012175.793566 objLast=175129441.214042 objGain=30117265.420477 maxRC=59518310.986239 wallSec=0.018894 pricingSec=0.012898 cplexSolveSec=0.003492
    [CG]   [DIAG] iter=4 posCols=5 newCols=5 effImprove=5 updated=0
      [BB] 根节点即为整数解，obj=175129441.214042
    [CG] 列生成收敛，共 7 轮迭代
    [CG] [CG-NODE] depth=0 exit=CERTIFIED certified=1 feasible=1 iters=7 generatedColsBeforeNode=0 newCols=59 posCandidates=59 duplicateCandidates=0 updatedCols=0 zeroObjImproveIters=3 objFirst=144633521.831068 objLast=174855224.303441 objGain=30221702.472374 maxRC=59514191.386312 wallSec=0.018906 pricingSec=0.012796 cplexSolveSec=0.003409
      [BB] 根节点即为整数解，obj=174855224.303441
    [CG] CG iter 5: obj=174898431.896570, maxRC=798819.117829, +1 cols
    [CG]   [DIAG] iter=5 posCols=1 newCols=1 effImprove=1 updated=0
    [CG] 列生成开始，初始列数=128
    [CG] 列生成收敛，共 6 轮迭代
    [CG] [CG-NODE] depth=0 exit=CERTIFIED certified=1 feasible=1 iters=6 generatedColsBeforeNode=0 newCols=60 posCandidates=60 duplicateCandidates=0 updatedCols=0 zeroObjImproveIters=2 objFirst=144755475.747817 objLast=174898431.896570 objGain=30142956.148753 maxRC=59515537.429349 wallSec=0.020838 pricingSec=0.013973 cplexSolveSec=0.003932
      [BB] 根节点即为整数解，obj=174898431.896570
    [CG] CG iter 1: obj=144934183.162013, maxRC=59512530.631443, +23 cols
    [CG]   [DIAG] iter=1 posCols=23 newCols=23 effImprove=23 updated=0
    [CG] 列生成开始，初始列数=128
    [CG] 列生成开始，初始列数=128
    [CG] CG iter 2: obj=161459846.441648, maxRC=10622406.523336, +16 cols
    [CG]   [DIAG] iter=2 posCols=16 newCols=16 effImprove=16 updated=0
    [CG] CG iter 3: obj=165659109.532655, maxRC=5118128.238817, +14 cols
    [CG]   [DIAG] iter=3 posCols=14 newCols=14 effImprove=14 updated=0
    [CG] 列生成开始，初始列数=128
    [CG] CG iter 4: obj=175170976.345384, maxRC=2671769.720189, +6 cols
    [CG]   [DIAG] iter=4 posCols=6 newCols=6 effImprove=6 updated=0
    [CG] CG iter 5: obj=175183427.111564, maxRC=829110.578769, +1 cols
    [CG]   [DIAG] iter=5 posCols=1 newCols=1 effImprove=1 updated=0
    [CG] CG iter 1: obj=144326773.175048, maxRC=59362111.109457, +23 cols
    [CG] CG iter 1: obj=145108724.890498, maxRC=59519752.128890, +23 cols
    [CG] 列生成收敛，共 6 轮迭代
    [CG] [CG-NODE] depth=0 exit=CERTIFIED certified=1 feasible=1 iters=6 generatedColsBeforeNode=0 newCols=60 posCandidates=60 duplicateCandidates=0 updatedCols=0 zeroObjImproveIters=1 objFirst=144934183.162013 objLast=175183427.111564 objGain=30249243.949550 maxRC=59512530.631443 wallSec=0.011011 pricingSec=0.007343 cplexSolveSec=0.002087
    [CG]   [DIAG] iter=1 posCols=23 newCols=23 effImprove=23 updated=0
      [BB] 根节点即为整数解，obj=175183427.111564
    [CG]   [DIAG] iter=1 posCols=23 newCols=23 effImprove=23 updated=0
    [CG] CG iter 1: obj=144555638.189612, maxRC=59362111.109457, +23 cols
    [CG]   [DIAG] iter=1 posCols=23 newCols=23 effImprove=23 updated=0
    [CG] CG iter 2: obj=160766817.833198, maxRC=10661926.045958, +16 cols
    [CG]   [DIAG] iter=2 posCols=16 newCols=16 effImprove=16 updated=0
    [CG] CG iter 2: obj=161468214.665318, maxRC=10623485.371715, +16 cols
    [CG]   [DIAG] iter=2 posCols=16 newCols=16 effImprove=16 updated=0
    [CG] CG iter 1: obj=145069111.093909, maxRC=59519550.350332, +23 cols
    [CG]   [DIAG] iter=1 posCols=23 newCols=23 effImprove=23 updated=0
    [CG] CG iter 2: obj=160903699.887381, maxRC=10528253.782644, +16 cols
    [CG]   [DIAG] iter=2 posCols=16 newCols=16 effImprove=16 updated=0
    [CG] CG iter 3: obj=164687768.277694, maxRC=5114087.957835, +16 cols
    [CG] CG iter 1: obj=145108106.255585, maxRC=59519752.128890, +23 cols
    [CG]   [DIAG] iter=3 posCols=16 newCols=16 effImprove=16 updated=0
    [CG] CG iter 3: obj=165666778.773345, maxRC=5118128.238817, +15 cols
    [CG]   [DIAG] iter=1 posCols=23 newCols=23 effImprove=23 updated=0
    [CG]   [DIAG] iter=3 posCols=15 newCols=15 effImprove=15 updated=0
    [CG] 列生成开始，初始列数=128
    [CG] CG iter 3: obj=165102005.281555, maxRC=5114087.957835, +15 cols
    [CG] CG iter 4: obj=174354821.052727, maxRC=203863.881084, +5 cols
    [CG] CG iter 4: obj=175179053.775284, maxRC=2671769.720189, +6 cols
    [CG]   [DIAG] iter=4 posCols=5 newCols=5 effImprove=5 updated=0
    [CG]   [DIAG] iter=4 posCols=6 newCols=6 effImprove=6 updated=0
    [CG]   [DIAG] iter=3 posCols=15 newCols=15 effImprove=15 updated=0
    [CG] CG iter 2: obj=161467633.404757, maxRC=10623461.803284, +16 cols
    [CG]   [DIAG] iter=2 posCols=16 newCols=16 effImprove=16 updated=0
    [CG] CG iter 1: obj=144713664.523059, maxRC=59513894.439822, +23 cols
    [CG] CG iter 2: obj=161436369.879761, maxRC=10623249.857382, +16 cols
    [CG]   [DIAG] iter=1 posCols=23 newCols=23 effImprove=23 updated=0
    [CG]   [DIAG] iter=2 posCols=16 newCols=16 effImprove=16 updated=0
    [CG] CG iter 5: obj=175190933.346823, maxRC=830112.912422, +1 cols
    [CG]   [DIAG] iter=5 posCols=1 newCols=1 effImprove=1 updated=0
    [CG] 列生成收敛，共 5 轮迭代
    [CG] [CG-NODE] depth=0 exit=CERTIFIED certified=1 feasible=1 iters=5 generatedColsBeforeNode=0 newCols=60 posCandidates=60 duplicateCandidates=0 updatedCols=0 zeroObjImproveIters=0 objFirst=144326773.175048 objLast=174385918.880496 objGain=30059145.705448 maxRC=59362111.109457 wallSec=0.017521 pricingSec=0.012243 cplexSolveSec=0.002727
    [CG] CG iter 4: obj=174621399.408841, maxRC=2670066.233382, +6 cols
    [CG]   [DIAG] iter=4 posCols=6 newCols=6 effImprove=6 updated=0
      [BB] 根节点即为整数解，obj=174385918.880496
    [CG] CG iter 3: obj=165666226.215793, maxRC=5118128.238817, +15 cols
    [CG]   [DIAG] iter=3 posCols=15 newCols=15 effImprove=15 updated=0
    [CG] 列生成收敛，共 6 轮迭代
    [CG] [CG-NODE] depth=0 exit=CERTIFIED certified=1 feasible=1 iters=6 generatedColsBeforeNode=0 newCols=61 posCandidates=61 duplicateCandidates=0 updatedCols=0 zeroObjImproveIters=1 objFirst=145108724.890498 objLast=175190933.346823 objGain=30082208.456325 maxRC=59519752.128890 wallSec=0.017908 pricingSec=0.012289 cplexSolveSec=0.003035
    [CG] CG iter 5: obj=174676065.252189, maxRC=807610.622951, +1 cols
    [CG]   [DIAG] iter=5 posCols=1 newCols=1 effImprove=1 updated=0
      [BB] 根节点即为整数解，obj=175190933.346823
    [CG] CG iter 4: obj=175178483.087672, maxRC=2671769.720189, +6 cols
    [CG]   [DIAG] iter=4 posCols=6 newCols=6 effImprove=6 updated=0
    [CG] CG iter 5: obj=175190362.659211, maxRC=830058.040538, +1 cols
    [CG] 列生成收敛，共 6 轮迭代
    [CG]   [DIAG] iter=5 posCols=1 newCols=1 effImprove=1 updated=0
    [CG] [CG-NODE] depth=0 exit=CERTIFIED certified=1 feasible=1 iters=6 generatedColsBeforeNode=0 newCols=61 posCandidates=61 duplicateCandidates=0 updatedCols=0 zeroObjImproveIters=1 objFirst=144555638.189612 objLast=174676065.252189 objGain=30120427.062577 maxRC=59362111.109457 wallSec=0.010717 pricingSec=0.006874 cplexSolveSec=0.002262
    [CG] CG iter 2: obj=161390636.300205, maxRC=10623464.266662, +16 cols
    [CG]   [DIAG] iter=2 posCols=16 newCols=16 effImprove=16 updated=0
      [BB] 根节点即为整数解，obj=174676065.252189
    [CG] CG iter 3: obj=165634435.212877, maxRC=5109038.932198, +15 cols
    [CG] CG iter 1: obj=145103147.121993, maxRC=59519417.508758, +23 cols
    [CG] 列生成收敛，共 6 轮迭代
    [CG] [CG-NODE] depth=0 exit=CERTIFIED certified=1 feasible=1 iters=6 generatedColsBeforeNode=0 newCols=61 posCandidates=61 duplicateCandidates=0 updatedCols=0 zeroObjImproveIters=1 objFirst=145108106.255585 objLast=175190362.659211 objGain=30082256.403626 maxRC=59519752.128890 wallSec=0.010124 pricingSec=0.006757 cplexSolveSec=0.001833
    [CG]   [DIAG] iter=3 posCols=15 newCols=15 effImprove=15 updated=0
      [BB] 根节点即为整数解，obj=175190362.659211
    [CG]   [DIAG] iter=1 posCols=23 newCols=23 effImprove=23 updated=0
    [CG] 列生成开始，初始列数=128
    [CG] CG iter 4: obj=175136793.776900, maxRC=2667955.913234, +6 cols
    [CG] CG iter 3: obj=165368173.689910, maxRC=5106270.354455, +15 cols
    [CG]   [DIAG] iter=4 posCols=6 newCols=6 effImprove=6 updated=0
    [CG] CG iter 2: obj=161468290.213586, maxRC=10623481.111465, +16 cols
    [CG]   [DIAG] iter=3 posCols=15 newCols=15 effImprove=15 updated=0
    [CG]   [DIAG] iter=2 posCols=16 newCols=16 effImprove=16 updated=0
    [CG] 列生成开始，初始列数=128
    [CG] CG iter 4: obj=174886575.218988, maxRC=2666800.101796, +5 cols
    [CG]   [DIAG] iter=4 posCols=5 newCols=5 effImprove=5 updated=0
    [CG] CG iter 5: obj=175137694.325090, maxRC=824540.799383, +1 cols
    [CG]   [DIAG] iter=5 posCols=1 newCols=1 effImprove=1 updated=0
    [CG] 列生成开始，初始列数=128
    [CG] CG iter 3: obj=165666853.770159, maxRC=5118128.238817, +15 cols
    [CG]   [DIAG] iter=3 posCols=15 newCols=15 effImprove=15 updated=0
    [CG] 列生成开始，初始列数=128
    [CG] CG iter 5: obj=174886575.218988, maxRC=719728.424751, +1 cols
    [CG]   [DIAG] iter=5 posCols=1 newCols=1 effImprove=1 updated=0
    [CG] CG iter 4: obj=175179128.583599, maxRC=2671769.720189, +6 cols
    [CG] 列生成收敛，共 6 轮迭代
    [CG]   [DIAG] iter=4 posCols=6 newCols=6 effImprove=6 updated=0
    [CG] [CG-NODE] depth=0 exit=CERTIFIED certified=1 feasible=1 iters=6 generatedColsBeforeNode=0 newCols=61 posCandidates=61 duplicateCandidates=0 updatedCols=0 zeroObjImproveIters=1 objFirst=145069111.093909 objLast=175137694.325090 objGain=30068583.231181 maxRC=59519550.350332 wallSec=0.017697 pricingSec=0.012318 cplexSolveSec=0.003272
      [BB] 根节点即为整数解，obj=175137694.325090
    [CG] 列生成收敛，共 6 轮迭代
    [CG] [CG-NODE] depth=0 exit=CERTIFIED certified=1 feasible=1 iters=6 generatedColsBeforeNode=0 newCols=60 posCandidates=60 duplicateCandidates=0 updatedCols=0 zeroObjImproveIters=2 objFirst=144713664.523059 objLast=174886575.218988 objGain=30172910.695928 maxRC=59513894.439822 wallSec=0.013848 pricingSec=0.009368 cplexSolveSec=0.002659
    [CG] CG iter 5: obj=175191003.081486, maxRC=830107.997693, +1 cols
    [CG]   [DIAG] iter=5 posCols=1 newCols=1 effImprove=1 updated=0
      [BB] 根节点即为整数解，obj=174886575.218988
    [CG] 列生成收敛，共 6 轮迭代
    [CG] [CG-NODE] depth=0 exit=CERTIFIED certified=1 feasible=1 iters=6 generatedColsBeforeNode=0 newCols=61 posCandidates=61 duplicateCandidates=0 updatedCols=0 zeroObjImproveIters=1 objFirst=145103147.121993 objLast=175191003.081486 objGain=30087855.959493 maxRC=59519417.508758 wallSec=0.012338 pricingSec=0.008242 cplexSolveSec=0.002293
      [BB] 根节点即为整数解，obj=175191003.081486
    [CG] CG iter 1: obj=144750016.246898, maxRC=59513894.439822, +23 cols
    [CG]   [DIAG] iter=1 posCols=23 newCols=23 effImprove=23 updated=0
    [CG] CG iter 2: obj=161419379.681635, maxRC=10623464.266662, +16 cols
    [CG]   [DIAG] iter=2 posCols=16 newCols=16 effImprove=16 updated=0
    [CG] 列生成开始，初始列数=128
    [CG] CG iter 3: obj=165394101.248712, maxRC=5106270.354455, +15 cols
    [CG]   [DIAG] iter=3 posCols=15 newCols=15 effImprove=15 updated=0
    [CG] CG iter 4: obj=174915318.600418, maxRC=2666800.101796, +5 cols
    [CG]   [DIAG] iter=4 posCols=5 newCols=5 effImprove=5 updated=0
    [CG] CG iter 5: obj=174915318.600418, maxRC=724814.745906, +1 cols
    [CG]   [DIAG] iter=5 posCols=1 newCols=1 effImprove=1 updated=0
    [CG] CG iter 1: obj=144641270.523986, maxRC=59513894.439822, +23 cols
    [CG] 列生成收敛，共 6 轮迭代
    [CG] [CG-NODE] depth=0 exit=CERTIFIED certified=1 feasible=1 iters=6 generatedColsBeforeNode=0 newCols=60 posCandidates=60 duplicateCandidates=0 updatedCols=0 zeroObjImproveIters=2 objFirst=144750016.246898 objLast=174915318.600418 objGain=30165302.353519 maxRC=59513894.439822 wallSec=0.008232 pricingSec=0.005304 cplexSolveSec=0.001666
    [CG] CG iter 1: obj=144467461.633130, maxRC=59502197.398000, +23 cols
    [CG]   [DIAG] iter=1 posCols=23 newCols=23 effImprove=23 updated=0
    [CG]   [DIAG] iter=1 posCols=23 newCols=23 effImprove=23 updated=0
      [BB] 根节点即为整数解，obj=174915318.600418
    [CG] CG iter 2: obj=161430023.915215, maxRC=10154451.990051, +17 cols
    [CG]   [DIAG] iter=2 posCols=17 newCols=17 effImprove=17 updated=0
    [CG] CG iter 2: obj=161395653.033423, maxRC=10623464.266662, +16 cols
    [CG] CG iter 3: obj=170434943.548191, maxRC=3664359.065954, +11 cols
    [CG]   [DIAG] iter=3 posCols=11 newCols=11 effImprove=11 updated=0
    [CG]   [DIAG] iter=2 posCols=16 newCols=16 effImprove=16 updated=0
    [CG] CG iter 4: obj=173651029.957115, maxRC=1527436.907960, +4 cols
    [CG]   [DIAG] iter=4 posCols=4 newCols=4 effImprove=4 updated=0
    [CG] CG iter 5: obj=174857973.874183, maxRC=681237.482568, +4 cols
    [CG]   [DIAG] iter=5 posCols=4 newCols=4 effImprove=4 updated=0
    [CG] CG iter 3: obj=165372699.291269, maxRC=5106270.354455, +15 cols
    [CG] 列生成收敛，共 6 轮迭代
    [CG] [CG-NODE] depth=0 exit=CERTIFIED certified=1 feasible=1 iters=6 generatedColsBeforeNode=0 newCols=59 posCandidates=59 duplicateCandidates=0 updatedCols=0 zeroObjImproveIters=0 objFirst=144467461.633130 objLast=174938609.989210 objGain=30471148.356080 maxRC=59502197.398000 wallSec=0.010527 pricingSec=0.006954 cplexSolveSec=0.001946
    [CG]   [DIAG] iter=3 posCols=15 newCols=15 effImprove=15 updated=0
      [BB] 根节点即为整数解，obj=174938609.989210
    [CG] CG iter 4: obj=174891591.952205, maxRC=2666800.101796, +5 cols
    [CG]   [DIAG] iter=4 posCols=5 newCols=5 effImprove=5 updated=0
    [CG] CG iter 1: obj=145103372.911317, maxRC=59519752.128890, +23 cols
    [CG] CG iter 1: obj=145001272.604664, maxRC=59513975.236510, +23 cols
    [CG]   [DIAG] iter=1 posCols=23 newCols=23 effImprove=23 updated=0
    [CG] CG iter 5: obj=174891591.952205, maxRC=720615.977261, +1 cols
    [CG]   [DIAG] iter=1 posCols=23 newCols=23 effImprove=23 updated=0
    [CG]   [DIAG] iter=5 posCols=1 newCols=1 effImprove=1 updated=0
    [CG] 列生成收敛，共 6 轮迭代
    [CG] [CG-NODE] depth=0 exit=CERTIFIED certified=1 feasible=1 iters=6 generatedColsBeforeNode=0 newCols=60 posCandidates=60 duplicateCandidates=0 updatedCols=0 zeroObjImproveIters=2 objFirst=144641270.523986 objLast=174891591.952205 objGain=30250321.428219 maxRC=59513894.439822 wallSec=0.018502 pricingSec=0.012565 cplexSolveSec=0.003232
      [BB] 根节点即为整数解，obj=174891591.952205
    [CG] CG iter 2: obj=161468274.340676, maxRC=10623485.371715, +16 cols
    [CG]   [DIAG] iter=2 posCols=16 newCols=16 effImprove=16 updated=0
    [CG] CG iter 2: obj=161463653.809865, maxRC=10623491.811541, +16 cols
    [CG]   [DIAG] iter=2 posCols=16 newCols=16 effImprove=16 updated=0
    [CG] CG iter 3: obj=165666838.448703, maxRC=5118128.238817, +15 cols
    [CG]   [DIAG] iter=3 posCols=15 newCols=15 effImprove=15 updated=0
    [CG] CG iter 3: obj=165662664.076403, maxRC=5118128.238817, +14 cols
    [CG]   [DIAG] iter=3 posCols=14 newCols=14 effImprove=14 updated=0
    [CG] CG iter 1: obj=144985022.954860, maxRC=59512217.829871, +23 cols
    [CG] CG iter 4: obj=175174466.348614, maxRC=2671769.720189, +6 cols
    [CG]   [DIAG] iter=1 posCols=23 newCols=23 effImprove=23 updated=0
    [CG]   [DIAG] iter=4 posCols=6 newCols=6 effImprove=6 updated=0
    [CG] CG iter 4: obj=175179113.450642, maxRC=2671769.720189, +6 cols
    [CG]   [DIAG] iter=4 posCols=6 newCols=6 effImprove=6 updated=0
    [CG] CG iter 5: obj=175186317.774109, maxRC=829279.891893, +1 cols
    [CG]   [DIAG] iter=5 posCols=1 newCols=1 effImprove=1 updated=0
    [CG] CG iter 2: obj=161467315.283674, maxRC=10623300.567101, +16 cols
    [CG] 列生成收敛，共 6 轮迭代
    [CG]   [DIAG] iter=2 posCols=16 newCols=16 effImprove=16 updated=0
    [CG] [CG-NODE] depth=0 exit=CERTIFIED certified=1 feasible=1 iters=6 generatedColsBeforeNode=0 newCols=60 posCandidates=60 duplicateCandidates=0 updatedCols=0 zeroObjImproveIters=1 objFirst=145001272.604664 objLast=175186317.774109 objGain=30185045.169445 maxRC=59513975.236510 wallSec=0.017242 pricingSec=0.012170 cplexSolveSec=0.002797
    [CG] CG iter 5: obj=175190993.022181, maxRC=830112.912422, +1 cols
    [CG]   [DIAG] iter=5 posCols=1 newCols=1 effImprove=1 updated=0
      [BB] 根节点即为整数解，obj=175186317.774109
    [CG] 列生成收敛，共 6 轮迭代
    [CG] CG iter 3: obj=165665878.135575, maxRC=5118128.238817, +14 cols
    [CG] [CG-NODE] depth=0 exit=CERTIFIED certified=1 feasible=1 iters=6 generatedColsBeforeNode=0 newCols=61 posCandidates=61 duplicateCandidates=0 updatedCols=0 zeroObjImproveIters=1 objFirst=145103372.911317 objLast=175190993.022181 objGain=30087620.110864 maxRC=59519752.128890 wallSec=0.019402 pricingSec=0.013063 cplexSolveSec=0.003545
    [CG]   [DIAG] iter=3 posCols=14 newCols=14 effImprove=14 updated=0
      [BB] 根节点即为整数解，obj=175190993.022181
    [CG] CG iter 4: obj=175178076.473991, maxRC=2671769.720189, +6 cols
    [CG]   [DIAG] iter=4 posCols=6 newCols=6 effImprove=6 updated=0
    [CG] CG iter 5: obj=175190020.670396, maxRC=830013.826751, +1 cols
    [CG]   [DIAG] iter=5 posCols=1 newCols=1 effImprove=1 updated=0
    [CG] 列生成收敛，共 6 轮迭代
    [CG] [CG-NODE] depth=0 exit=CERTIFIED certified=1 feasible=1 iters=6 generatedColsBeforeNode=0 newCols=60 posCandidates=60 duplicateCandidates=0 updatedCols=0 zeroObjImproveIters=1 objFirst=144985022.954860 objLast=175190020.670396 objGain=30204997.715536 maxRC=59512217.829871 wallSec=0.016218 pricingSec=0.011293 cplexSolveSec=0.002581
      [BB] 根节点即为整数解，obj=175190020.670396
[GA] 代数 4: Best=175219889.92, Avg=175064543.13, Worst=174414804.57, Valid=30/30, 耗时=0.05s (连续4代未提升)
  ├─ 求解: 30 个体 fork 并行 | CG迭代=132 加列=1325 BB分支=0
  ├─ 并行墙钟=0.0537s | 串行等效(ΣBP)=0.3323s | 加速比=6.19x
  ├─ 管理开销=-0.2785s (fork=0.0029 wait=0.0504 merge=0.0004)
  └─ CG明细: gen_logs/run_gen4_ind{0..29}.log
    [CG] 列生成开始，初始列数=128
    [CG] 列生成开始，初始列数=128
    [CG] 列生成开始，初始列数=128
    [CG] 列生成开始，初始列数=128
    [CG] 列生成开始，初始列数=128
    [CG] 列生成开始，初始列数=128
    [CG] 列生成开始，初始列数=128
    [CG] 列生成开始，初始列数=128
    [CG] CG iter 1: obj=144795216.069659, maxRC=59515537.429349, +23 cols
    [CG]   [DIAG] iter=1 posCols=23 newCols=23 effImprove=23 updated=0
    [CG] CG iter 2: obj=161233198.379431, maxRC=10627444.993711, +16 cols
    [CG]   [DIAG] iter=2 posCols=16 newCols=16 effImprove=16 updated=0
    [CG] CG iter 3: obj=165443120.521420, maxRC=5115184.583752, +15 cols
    [CG]   [DIAG] iter=3 posCols=15 newCols=15 effImprove=15 updated=0
    [CG] CG iter 1: obj=144786849.986822, maxRC=59519684.813053, +23 cols
    [CG]   [DIAG] iter=1 posCols=23 newCols=23 effImprove=23 updated=0
    [CG] CG iter 4: obj=174938172.218413, maxRC=2670525.430075, +6 cols
    [CG]   [DIAG] iter=4 posCols=6 newCols=6 effImprove=6 updated=0
    [CG] CG iter 1: obj=144490015.594667, maxRC=59453650.401894, +23 cols
    [CG]   [DIAG] iter=1 posCols=23 newCols=23 effImprove=23 updated=0
    [CG] CG iter 5: obj=174947684.734370, maxRC=807400.239348, +1 cols
    [CG]   [DIAG] iter=5 posCols=1 newCols=1 effImprove=1 updated=0
    [CG] 列生成收敛，共 6 轮迭代
    [CG] [CG-NODE] depth=0 exit=CERTIFIED certified=1 feasible=1 iters=6 generatedColsBeforeNode=0 newCols=61 posCandidates=61 duplicateCandidates=0 updatedCols=0 zeroObjImproveIters=1 objFirst=144795216.069659 objLast=174947684.734370 objGain=30152468.664711 maxRC=59515537.429349 wallSec=0.010955 pricingSec=0.007448 cplexSolveSec=0.002014
      [BB] 根节点即为整数解，obj=174947684.734370
    [CG] CG iter 2: obj=161147681.082808, maxRC=10623609.337863, +16 cols
    [CG]   [DIAG] iter=2 posCols=16 newCols=16 effImprove=16 updated=0
    [CG] CG iter 1: obj=144342875.318529, maxRC=59370007.038413, +23 cols
    [CG] CG iter 2: obj=161340339.031159, maxRC=10120372.186020, +17 cols
    [CG]   [DIAG] iter=2 posCols=17 newCols=17 effImprove=17 updated=0
    [CG]   [DIAG] iter=1 posCols=23 newCols=23 effImprove=23 updated=0
    [CG] CG iter 1: obj=145108150.208367, maxRC=59519644.562382, +23 cols
    [CG] CG iter 1: obj=144928072.223555, maxRC=59513894.439822, +23 cols
    [CG] CG iter 1: obj=144778649.299267, maxRC=59502839.025652, +23 cols
    [CG]   [DIAG] iter=1 posCols=23 newCols=23 effImprove=23 updated=0
    [CG]   [DIAG] iter=1 posCols=23 newCols=23 effImprove=23 updated=0
    [CG] CG iter 3: obj=165346183.538413, maxRC=5118128.238817, +15 cols
    [CG]   [DIAG] iter=1 posCols=23 newCols=23 effImprove=23 updated=0
    [CG]   [DIAG] iter=3 posCols=15 newCols=15 effImprove=15 updated=0
    [CG] CG iter 3: obj=170361000.415068, maxRC=3674909.907377, +11 cols
    [CG]   [DIAG] iter=3 posCols=11 newCols=11 effImprove=11 updated=0
    [CG] CG iter 4: obj=174858427.224681, maxRC=2671769.720189, +6 cols
    [CG]   [DIAG] iter=4 posCols=6 newCols=6 effImprove=6 updated=0
    [CG] CG iter 2: obj=161054198.440354, maxRC=10720421.310412, +17 cols
    [CG] CG iter 1: obj=145009783.366232, maxRC=59380190.021232, +23 cols
    [CG]   [DIAG] iter=2 posCols=17 newCols=17 effImprove=17 updated=0
    [CG] CG iter 2: obj=161467569.483829, maxRC=10623300.567101, +16 cols
    [CG]   [DIAG] iter=1 posCols=23 newCols=23 effImprove=23 updated=0
    [CG]   [DIAG] iter=2 posCols=16 newCols=16 effImprove=16 updated=0
    [CG] CG iter 5: obj=174870301.722568, maxRC=830141.776535, +1 cols
    [CG]   [DIAG] iter=5 posCols=1 newCols=1 effImprove=1 updated=0
    [CG] CG iter 2: obj=161456507.368346, maxRC=10623464.266662, +16 cols
    [CG] 列生成开始，初始列数=128
    [CG]   [DIAG] iter=2 posCols=16 newCols=16 effImprove=16 updated=0
    [CG] CG iter 4: obj=173577086.823991, maxRC=1536529.090207, +4 cols
    [CG]   [DIAG] iter=4 posCols=4 newCols=4 effImprove=4 updated=0
    [CG] CG iter 2: obj=161312989.366599, maxRC=10620423.110292, +16 cols
    [CG]   [DIAG] iter=2 posCols=16 newCols=16 effImprove=16 updated=0
    [CG] 列生成收敛，共 6 轮迭代
    [CG] [CG-NODE] depth=0 exit=CERTIFIED certified=1 feasible=1 iters=6 generatedColsBeforeNode=0 newCols=61 posCandidates=61 duplicateCandidates=0 updatedCols=0 zeroObjImproveIters=1 objFirst=144786849.986822 objLast=174870301.722568 objGain=30083451.735746 maxRC=59519684.813053 wallSec=0.014366 pricingSec=0.009932 cplexSolveSec=0.002481
      [BB] 根节点即为整数解，obj=174870301.722568
    [CG] CG iter 5: obj=174791263.371858, maxRC=681237.482568, +4 cols
    [CG]   [DIAG] iter=5 posCols=4 newCols=4 effImprove=4 updated=0
    [CG] CG iter 3: obj=167871390.703608, maxRC=6138557.456654, +12 cols
    [CG]   [DIAG] iter=3 posCols=12 newCols=12 effImprove=12 updated=0
    [CG] CG iter 3: obj=165666150.997634, maxRC=5118128.238817, +15 cols
    [CG]   [DIAG] iter=3 posCols=15 newCols=15 effImprove=15 updated=0
    [CG] 列生成收敛，共 6 轮迭代
    [CG] CG iter 2: obj=161229825.662615, maxRC=10533201.305793, +16 cols
    [CG] [CG-NODE] depth=0 exit=CERTIFIED certified=1 feasible=1 iters=6 generatedColsBeforeNode=0 newCols=59 posCandidates=59 duplicateCandidates=0 updatedCols=0 zeroObjImproveIters=0 objFirst=144490015.594667 objLast=174854976.201333 objGain=30364960.606666 maxRC=59453650.401894 wallSec=0.015503 pricingSec=0.011017 cplexSolveSec=0.002524
    [CG]   [DIAG] iter=2 posCols=16 newCols=16 effImprove=16 updated=0
    [CG] CG iter 3: obj=165655629.899688, maxRC=5115744.578882, +14 cols
    [CG]   [DIAG] iter=3 posCols=14 newCols=14 effImprove=14 updated=0
      [BB] 根节点即为整数解，obj=174854976.201333
    [CG] CG iter 3: obj=165480611.499465, maxRC=5118118.390996, +14 cols
    [CG] CG iter 4: obj=174694198.780270, maxRC=1139236.549987, +3 cols
    [CG]   [DIAG] iter=3 posCols=14 newCols=14 effImprove=14 updated=0
    [CG]   [DIAG] iter=4 posCols=3 newCols=3 effImprove=3 updated=0
    [CG] CG iter 4: obj=175178395.660876, maxRC=2671769.720189, +6 cols
    [CG]   [DIAG] iter=4 posCols=6 newCols=6 effImprove=6 updated=0
    [CG] 列生成收敛，共 5 轮迭代
    [CG] [CG-NODE] depth=0 exit=CERTIFIED certified=1 feasible=1 iters=5 generatedColsBeforeNode=0 newCols=55 posCandidates=55 duplicateCandidates=0 updatedCols=0 zeroObjImproveIters=1 objFirst=144342875.318529 objLast=174694198.780270 objGain=30351323.461741 maxRC=59370007.038413 wallSec=0.015785 pricingSec=0.011415 cplexSolveSec=0.002383
    [CG] CG iter 4: obj=175164972.492816, maxRC=2670760.158159, +6 cols
    [CG]   [DIAG] iter=4 posCols=6 newCols=6 effImprove=6 updated=0
    [CG] CG iter 4: obj=174984269.694697, maxRC=2671762.624338, +5 cols
    [CG]   [DIAG] iter=4 posCols=5 newCols=5 effImprove=5 updated=0
      [BB] 根节点即为整数解，obj=174694198.780270
    [CG] CG iter 5: obj=175190333.297452, maxRC=830059.323830, +1 cols
    [CG]   [DIAG] iter=5 posCols=1 newCols=1 effImprove=1 updated=0
    [CG] CG iter 3: obj=165447845.994137, maxRC=5118128.238817, +15 cols
    [CG] 列生成开始，初始列数=128
    [CG]   [DIAG] iter=3 posCols=15 newCols=15 effImprove=15 updated=0
    [CG] CG iter 5: obj=175174127.112747, maxRC=827963.044307, +1 cols
    [CG]   [DIAG] iter=5 posCols=1 newCols=1 effImprove=1 updated=0
    [CG] 列生成收敛，共 6 轮迭代
    [CG] [CG-NODE] depth=0 exit=CERTIFIED certified=1 feasible=1 iters=6 generatedColsBeforeNode=0 newCols=61 posCandidates=61 duplicateCandidates=0 updatedCols=0 zeroObjImproveIters=1 objFirst=145108150.208367 objLast=175190333.297452 objGain=30082183.089085 maxRC=59519644.562382 wallSec=0.016496 pricingSec=0.011678 cplexSolveSec=0.002702
    [CG] CG iter 5: obj=174984269.694697, maxRC=806558.446774, +1 cols
    [CG]   [DIAG] iter=5 posCols=1 newCols=1 effImprove=1 updated=0
      [BB] 根节点即为整数解，obj=175190333.297452
    [CG] CG iter 4: obj=174979473.713448, maxRC=2671769.720189, +6 cols
    [CG]   [DIAG] iter=4 posCols=6 newCols=6 effImprove=6 updated=0
    [CG] 列生成收敛，共 6 轮迭代
    [CG] [CG-NODE] depth=0 exit=CERTIFIED certified=1 feasible=1 iters=6 generatedColsBeforeNode=0 newCols=60 posCandidates=60 duplicateCandidates=0 updatedCols=0 zeroObjImproveIters=1 objFirst=144928072.223555 objLast=175174127.112747 objGain=30246054.889192 maxRC=59513894.439822 wallSec=0.017541 pricingSec=0.012585 cplexSolveSec=0.002816
    [CG] 列生成收敛，共 6 轮迭代
    [CG] [CG-NODE] depth=0 exit=CERTIFIED certified=1 feasible=1 iters=6 generatedColsBeforeNode=0 newCols=59 posCandidates=59 duplicateCandidates=0 updatedCols=0 zeroObjImproveIters=2 objFirst=144778649.299267 objLast=174984269.694697 objGain=30205620.395431 maxRC=59502839.025652 wallSec=0.017739 pricingSec=0.012535 cplexSolveSec=0.002972
      [BB] 根节点即为整数解，obj=175174127.112747
      [BB] 根节点即为整数解，obj=174984269.694697
    [CG] CG iter 5: obj=175046890.073447, maxRC=830008.038557, +1 cols
    [CG]   [DIAG] iter=5 posCols=1 newCols=1 effImprove=1 updated=0
    [CG] 列生成开始，初始列数=128
    [CG] 列生成收敛，共 6 轮迭代
    [CG] [CG-NODE] depth=0 exit=CERTIFIED certified=1 feasible=1 iters=6 generatedColsBeforeNode=0 newCols=61 posCandidates=61 duplicateCandidates=0 updatedCols=0 zeroObjImproveIters=1 objFirst=145009783.366232 objLast=175046890.073447 objGain=30037106.707215 maxRC=59380190.021232 wallSec=0.017989 pricingSec=0.012455 cplexSolveSec=0.002953
      [BB] 根节点即为整数解，obj=175046890.073447
    [CG] 列生成开始，初始列数=128
    [CG] 列生成开始，初始列数=128
    [CG] 列生成开始，初始列数=128
    [CG] 列生成开始，初始列数=128
    [CG] 列生成开始，初始列数=128
    [CG] CG iter 1: obj=145011689.460344, maxRC=59513786.873314, +23 cols
    [CG]   [DIAG] iter=1 posCols=23 newCols=23 effImprove=23 updated=0
    [CG] CG iter 2: obj=161467810.070073, maxRC=10623300.567101, +16 cols
    [CG]   [DIAG] iter=2 posCols=16 newCols=16 effImprove=16 updated=0
    [CG] CG iter 3: obj=165666365.459279, maxRC=5118128.238817, +14 cols
    [CG]   [DIAG] iter=3 posCols=14 newCols=14 effImprove=14 updated=0
    [CG] CG iter 4: obj=175178636.247120, maxRC=2671769.720189, +6 cols
    [CG]   [DIAG] iter=4 posCols=6 newCols=6 effImprove=6 updated=0
    [CG] CG iter 5: obj=175190573.883696, maxRC=830103.374112, +1 cols
    [CG]   [DIAG] iter=5 posCols=1 newCols=1 effImprove=1 updated=0
    [CG] CG iter 1: obj=145096391.063647, maxRC=59519550.350332, +23 cols
    [CG] CG iter 1: obj=144933336.018547, maxRC=59511471.757246, +23 cols
    [CG]   [DIAG] iter=1 posCols=23 newCols=23 effImprove=23 updated=0
    [CG] 列生成收敛，共 6 轮迭代
    [CG] [CG-NODE] depth=0 exit=CERTIFIED certified=1 feasible=1 iters=6 generatedColsBeforeNode=0 newCols=60 posCandidates=60 duplicateCandidates=0 updatedCols=0 zeroObjImproveIters=1 objFirst=145011689.460344 objLast=175190573.883696 objGain=30178884.423352 maxRC=59513786.873314 wallSec=0.009220 pricingSec=0.006109 cplexSolveSec=0.001761
    [CG]   [DIAG] iter=1 posCols=23 newCols=23 effImprove=23 updated=0
      [BB] 根节点即为整数解，obj=175190573.883696
    [CG] CG iter 2: obj=161467615.500410, maxRC=10623249.857382, +16 cols
    [CG]   [DIAG] iter=2 posCols=16 newCols=16 effImprove=16 updated=0
    [CG] CG iter 1: obj=144992998.862495, maxRC=59519752.128890, +23 cols
    [CG] CG iter 2: obj=161457940.423985, maxRC=10621685.622376, +16 cols
    [CG]   [DIAG] iter=1 posCols=23 newCols=23 effImprove=23 updated=0
    [CG]   [DIAG] iter=2 posCols=16 newCols=16 effImprove=16 updated=0
    [CG] CG iter 1: obj=145003137.481485, maxRC=59513894.439822, +23 cols
    [CG]   [DIAG] iter=1 posCols=23 newCols=23 effImprove=23 updated=0
    [CG] CG iter 3: obj=165666178.364479, maxRC=5118128.238817, +15 cols
    [CG]   [DIAG] iter=3 posCols=15 newCols=15 effImprove=15 updated=0
    [CG] CG iter 4: obj=175178452.122461, maxRC=2671769.720189, +6 cols
    [CG] CG iter 2: obj=161380448.775720, maxRC=10697366.427424, +16 cols
    [CG]   [DIAG] iter=4 posCols=6 newCols=6 effImprove=6 updated=0
    [CG]   [DIAG] iter=2 posCols=16 newCols=16 effImprove=16 updated=0
    [CG] CG iter 2: obj=161459364.087965, maxRC=10623464.266662, +16 cols
    [CG]   [DIAG] iter=2 posCols=16 newCols=16 effImprove=16 updated=0
    [CG] CG iter 3: obj=165657340.634299, maxRC=5118128.238817, +14 cols
    [CG]   [DIAG] iter=3 posCols=14 newCols=14 effImprove=14 updated=0
    [CG] 列生成开始，初始列数=128
    [CG] CG iter 5: obj=175190429.013894, maxRC=830112.912422, +1 cols
    [CG]   [DIAG] iter=5 posCols=1 newCols=1 effImprove=1 updated=0
    [CG] 列生成收敛，共 6 轮迭代
    [CG] [CG-NODE] depth=0 exit=CERTIFIED certified=1 feasible=1 iters=6 generatedColsBeforeNode=0 newCols=61 posCandidates=61 duplicateCandidates=0 updatedCols=0 zeroObjImproveIters=1 objFirst=145096391.063647 objLast=175190429.013894 objGain=30094037.950247 maxRC=59519550.350332 wallSec=0.009531 pricingSec=0.006365 cplexSolveSec=0.001740
    [CG] CG iter 3: obj=165358956.066511, maxRC=5109038.932198, +17 cols
    [CG] CG iter 1: obj=145107813.966788, maxRC=59519644.562382, +23 cols
    [CG]   [DIAG] iter=3 posCols=17 newCols=17 effImprove=17 updated=0
      [BB] 根节点即为整数解，obj=175190429.013894
    [CG] CG iter 3: obj=165657936.067286, maxRC=5118128.238817, +14 cols
    [CG] CG iter 4: obj=175169344.566333, maxRC=2671769.720189, +6 cols
    [CG]   [DIAG] iter=3 posCols=14 newCols=14 effImprove=14 updated=0
    [CG]   [DIAG] iter=4 posCols=6 newCols=6 effImprove=6 updated=0
    [CG]   [DIAG] iter=1 posCols=23 newCols=23 effImprove=23 updated=0
    [CG] CG iter 4: obj=175170214.442127, maxRC=2671769.720189, +6 cols
    [CG]   [DIAG] iter=4 posCols=6 newCols=6 effImprove=6 updated=0
    [CG] CG iter 4: obj=175038351.394975, maxRC=2058630.829658, +6 cols
    [CG]   [DIAG] iter=4 posCols=6 newCols=6 effImprove=6 updated=0
    [CG] CG iter 5: obj=175182222.546527, maxRC=829110.578769, +1 cols
    [CG]   [DIAG] iter=5 posCols=1 newCols=1 effImprove=1 updated=0
    [CG] CG iter 1: obj=144844322.505246, maxRC=59513894.439822, +23 cols
    [CG] CG iter 5: obj=175182099.436848, maxRC=830103.374112, +1 cols
    [CG]   [DIAG] iter=5 posCols=1 newCols=1 effImprove=1 updated=0
    [CG]   [DIAG] iter=1 posCols=23 newCols=23 effImprove=23 updated=0
    [CG] CG iter 2: obj=161467289.709827, maxRC=10623316.279388, +16 cols
    [CG] CG iter 5: obj=175039633.421098, maxRC=24174.639623, +1 cols
    [CG]   [DIAG] iter=5 posCols=1 newCols=1 effImprove=1 updated=0
    [CG]   [DIAG] iter=2 posCols=16 newCols=16 effImprove=16 updated=0
    [CG] 列生成收敛，共 6 轮迭代
    [CG] [CG-NODE] depth=0 exit=CERTIFIED certified=1 feasible=1 iters=6 generatedColsBeforeNode=0 newCols=60 posCandidates=60 duplicateCandidates=0 updatedCols=0 zeroObjImproveIters=1 objFirst=144933336.018547 objLast=175182222.546527 objGain=30248886.527980 maxRC=59511471.757246 wallSec=0.016632 pricingSec=0.011579 cplexSolveSec=0.002745
    [CG] 列生成收敛，共 6 轮迭代
    [CG] [CG-NODE] depth=0 exit=CERTIFIED certified=1 feasible=1 iters=6 generatedColsBeforeNode=0 newCols=60 posCandidates=60 duplicateCandidates=0 updatedCols=0 zeroObjImproveIters=1 objFirst=145003137.481485 objLast=175182099.436848 objGain=30178961.955362 maxRC=59513894.439822 wallSec=0.010211 pricingSec=0.006753 cplexSolveSec=0.001875
      [BB] 根节点即为整数解，obj=175182222.546527
      [BB] 根节点即为整数解，obj=175182099.436848
    [CG] 列生成收敛，共 6 轮迭代
    [CG] [CG-NODE] depth=0 exit=CERTIFIED certified=1 feasible=1 iters=6 generatedColsBeforeNode=0 newCols=63 posCandidates=63 duplicateCandidates=0 updatedCols=0 zeroObjImproveIters=1 objFirst=144992998.862495 objLast=175039633.421098 objGain=30046634.558604 maxRC=59519752.128890 wallSec=0.010589 pricingSec=0.007159 cplexSolveSec=0.001882
      [BB] 根节点即为整数解，obj=175039633.421098
    [CG] CG iter 3: obj=165665897.841220, maxRC=5118128.238817, +15 cols
    [CG] 列生成开始，初始列数=128
    [CG]   [DIAG] iter=3 posCols=15 newCols=15 effImprove=15 updated=0
    [CG] CG iter 1: obj=144905615.700209, maxRC=59519752.128890, +23 cols
    [CG] CG iter 4: obj=175178108.838241, maxRC=2671769.720189, +6 cols
    [CG]   [DIAG] iter=4 posCols=6 newCols=6 effImprove=6 updated=0
    [CG] CG iter 2: obj=161395653.033423, maxRC=10623464.266662, +16 cols
    [CG]   [DIAG] iter=1 posCols=23 newCols=23 effImprove=23 updated=0
    [CG]   [DIAG] iter=2 posCols=16 newCols=16 effImprove=16 updated=0
    [CG] CG iter 5: obj=175190046.474818, maxRC=830016.536251, +1 cols
    [CG]   [DIAG] iter=5 posCols=1 newCols=1 effImprove=1 updated=0
    [CG] 列生成开始，初始列数=128
    [CG] 列生成开始，初始列数=128
    [CG] 列生成收敛，共 6 轮迭代
    [CG] [CG-NODE] depth=0 exit=CERTIFIED certified=1 feasible=1 iters=6 generatedColsBeforeNode=0 newCols=61 posCandidates=61 duplicateCandidates=0 updatedCols=0 zeroObjImproveIters=1 objFirst=145107813.966788 objLast=175190046.474818 objGain=30082232.508031 maxRC=59519644.562382 wallSec=0.011299 pricingSec=0.007518 cplexSolveSec=0.002125
      [BB] 根节点即为整数解，obj=175190046.474818
    [CG] CG iter 3: obj=165598490.732139, maxRC=5106270.354455, +14 cols
    [CG] CG iter 2: obj=161468156.938754, maxRC=10623479.978949, +16 cols
    [CG] 列生成开始，初始列数=128
    [CG]   [DIAG] iter=3 posCols=14 newCols=14 effImprove=14 updated=0
    [CG]   [DIAG] iter=2 posCols=16 newCols=16 effImprove=16 updated=0
    [CG] CG iter 4: obj=175094643.933465, maxRC=2666800.101796, +5 cols
    [CG]   [DIAG] iter=4 posCols=5 newCols=5 effImprove=5 updated=0
    [CG] CG iter 3: obj=165440930.471829, maxRC=5118128.238817, +15 cols
    [CG]   [DIAG] iter=3 posCols=15 newCols=15 effImprove=15 updated=0
    [CG] CG iter 5: obj=175094643.933465, maxRC=815248.087954, +1 cols
    [CG]   [DIAG] iter=5 posCols=1 newCols=1 effImprove=1 updated=0
    [CG] 列生成开始，初始列数=128
    [CG] 列生成收敛，共 6 轮迭代
    [CG] CG iter 4: obj=174975946.693266, maxRC=2671769.720189, +5 cols
    [CG] [CG-NODE] depth=0 exit=CERTIFIED certified=1 feasible=1 iters=6 generatedColsBeforeNode=0 newCols=59 posCandidates=59 duplicateCandidates=0 updatedCols=0 zeroObjImproveIters=2 objFirst=144844322.505246 objLast=175094643.933465 objGain=30250321.428219 maxRC=59513894.439822 wallSec=0.018327 pricingSec=0.012554 cplexSolveSec=0.003292
    [CG]   [DIAG] iter=4 posCols=5 newCols=5 effImprove=5 updated=0
      [BB] 根节点即为整数解，obj=175094643.933465
    [CG] CG iter 5: obj=174975946.693266, maxRC=747358.049359, +1 cols
    [CG]   [DIAG] iter=5 posCols=1 newCols=1 effImprove=1 updated=0
    [CG] 列生成收敛，共 6 轮迭代
    [CG] [CG-NODE] depth=0 exit=CERTIFIED certified=1 feasible=1 iters=6 generatedColsBeforeNode=0 newCols=60 posCandidates=60 duplicateCandidates=0 updatedCols=0 zeroObjImproveIters=2 objFirst=144905615.700209 objLast=174975946.693266 objGain=30070330.993057 maxRC=59519752.128890 wallSec=0.018375 pricingSec=0.012577 cplexSolveSec=0.003236
      [BB] 根节点即为整数解，obj=174975946.693266
    [CG] CG iter 1: obj=144794208.244680, maxRC=59515537.429349, +23 cols
    [CG] CG iter 1: obj=145088981.082309, maxRC=59519622.692000, +23 cols
    [CG]   [DIAG] iter=1 posCols=23 newCols=23 effImprove=23 updated=0
    [CG]   [DIAG] iter=1 posCols=23 newCols=23 effImprove=23 updated=0
    [CG] 列生成开始，初始列数=128
    [CG] CG iter 2: obj=161233451.566516, maxRC=10627120.897046, +16 cols
    [CG]   [DIAG] iter=2 posCols=16 newCols=16 effImprove=16 updated=0
    [CG] CG iter 1: obj=145030408.779925, maxRC=59518994.021607, +23 cols
    [CG] 列生成开始，初始列数=128
    [CG]   [DIAG] iter=1 posCols=23 newCols=23 effImprove=23 updated=0
    [CG] CG iter 3: obj=165442056.599253, maxRC=5115184.583752, +15 cols
    [CG]   [DIAG] iter=3 posCols=15 newCols=15 effImprove=15 updated=0
    [CG] CG iter 2: obj=161467762.568168, maxRC=10623304.788301, +16 cols
    [CG]   [DIAG] iter=2 posCols=16 newCols=16 effImprove=16 updated=0
    [CG] CG iter 2: obj=161435298.160622, maxRC=10622848.482012, +16 cols
    [CG] CG iter 4: obj=174937262.462401, maxRC=2670525.430075, +6 cols
    [CG]   [DIAG] iter=2 posCols=16 newCols=16 effImprove=16 updated=0
    [CG]   [DIAG] iter=4 posCols=6 newCols=6 effImprove=6 updated=0
    [CG] CG iter 5: obj=174946264.211785, maxRC=807286.742191, +1 cols
    [CG]   [DIAG] iter=5 posCols=1 newCols=1 effImprove=1 updated=0
    [CG] 列生成收敛，共 6 轮迭代
    [CG] [CG-NODE] depth=0 exit=CERTIFIED certified=1 feasible=1 iters=6 generatedColsBeforeNode=0 newCols=61 posCandidates=61 duplicateCandidates=0 updatedCols=0 zeroObjImproveIters=1 objFirst=144794208.244680 objLast=174946264.211785 objGain=30152055.967105 maxRC=59515537.429349 wallSec=0.009754 pricingSec=0.006581 cplexSolveSec=0.001793
    [CG] CG iter 3: obj=165591191.291478, maxRC=5109038.932198, +15 cols
      [BB] 根节点即为整数解，obj=174946264.211785
    [CG]   [DIAG] iter=3 posCols=15 newCols=15 effImprove=15 updated=0
    [CG] CG iter 3: obj=165666318.362668, maxRC=5118128.238817, +15 cols
    [CG]   [DIAG] iter=3 posCols=15 newCols=15 effImprove=15 updated=0
    [CG] CG iter 4: obj=175097660.556726, maxRC=2667955.913234, +5 cols
    [CG]   [DIAG] iter=4 posCols=5 newCols=5 effImprove=5 updated=0
    [CG] CG iter 5: obj=175097660.556726, maxRC=808177.348797, +1 cols
    [CG]   [DIAG] iter=5 posCols=1 newCols=1 effImprove=1 updated=0
    [CG] CG iter 4: obj=175178583.622608, maxRC=2671769.720189, +6 cols
    [CG]   [DIAG] iter=4 posCols=6 newCols=6 effImprove=6 updated=0
    [CG] 列生成收敛，共 6 轮迭代
    [CG] [CG-NODE] depth=0 exit=CERTIFIED certified=1 feasible=1 iters=6 generatedColsBeforeNode=0 newCols=60 posCandidates=60 duplicateCandidates=0 updatedCols=0 zeroObjImproveIters=2 objFirst=145030408.779925 objLast=175097660.556726 objGain=30067251.776802 maxRC=59518994.021607 wallSec=0.011507 pricingSec=0.007823 cplexSolveSec=0.002124
      [BB] 根节点即为整数解，obj=175097660.556726
    [CG] 列生成开始，初始列数=128
    [CG] CG iter 1: obj=145065251.937116, maxRC=59519452.855406, +23 cols
    [CG] CG iter 1: obj=144554936.961696, maxRC=59362068.796206, +23 cols
    [CG] CG iter 5: obj=175190530.406300, maxRC=830112.437387, +1 cols
    [CG]   [DIAG] iter=5 posCols=1 newCols=1 effImprove=1 updated=0
    [CG]   [DIAG] iter=1 posCols=23 newCols=23 effImprove=23 updated=0
    [CG]   [DIAG] iter=1 posCols=23 newCols=23 effImprove=23 updated=0
    [CG] CG iter 2: obj=160903699.887381, maxRC=10528253.782644, +16 cols
    [CG] 列生成收敛，共 6 轮迭代
    [CG]   [DIAG] iter=2 posCols=16 newCols=16 effImprove=16 updated=0
    [CG] [CG-NODE] depth=0 exit=CERTIFIED certified=1 feasible=1 iters=6 generatedColsBeforeNode=0 newCols=61 posCandidates=61 duplicateCandidates=0 updatedCols=0 zeroObjImproveIters=1 objFirst=145088981.082309 objLast=175190530.406300 objGain=30101549.323991 maxRC=59519622.692000 wallSec=0.017603 pricingSec=0.011830 cplexSolveSec=0.003434
      [BB] 根节点即为整数解，obj=175190530.406300
    [CG] CG iter 3: obj=165102005.281555, maxRC=5114087.957835, +15 cols
    [CG]   [DIAG] iter=3 posCols=15 newCols=15 effImprove=15 updated=0
    [CG] 列生成开始，初始列数=128
    [CG] CG iter 4: obj=174621399.408841, maxRC=2670066.233382, +6 cols
    [CG]   [DIAG] iter=4 posCols=6 newCols=6 effImprove=6 updated=0
    [CG] CG iter 2: obj=161437077.271620, maxRC=10623494.650315, +16 cols
    [CG]   [DIAG] iter=2 posCols=16 newCols=16 effImprove=16 updated=0
    [CG] CG iter 5: obj=174676065.252189, maxRC=807610.622951, +1 cols
    [CG]   [DIAG] iter=5 posCols=1 newCols=1 effImprove=1 updated=0
    [CG] CG iter 1: obj=144492402.973897, maxRC=59513894.439822, +23 cols
    [CG]   [DIAG] iter=1 posCols=23 newCols=23 effImprove=23 updated=0
    [CG] 列生成收敛，共 6 轮迭代
    [CG] [CG-NODE] depth=0 exit=CERTIFIED certified=1 feasible=1 iters=6 generatedColsBeforeNode=0 newCols=61 posCandidates=61 duplicateCandidates=0 updatedCols=0 zeroObjImproveIters=1 objFirst=144554936.961696 objLast=174676065.252189 objGain=30121128.290493 maxRC=59362068.796206 wallSec=0.008551 pricingSec=0.005651 cplexSolveSec=0.001627
      [BB] 根节点即为整数解，obj=174676065.252189
    [CG] CG iter 3: obj=165636502.558518, maxRC=5109038.932198, +15 cols
    [CG]   [DIAG] iter=3 posCols=15 newCols=15 effImprove=15 updated=0
    [CG] CG iter 2: obj=161246785.483334, maxRC=10623464.266662, +16 cols
    [CG]   [DIAG] iter=2 posCols=16 newCols=16 effImprove=16 updated=0
    [CG] 列生成开始，初始列数=128
    [CG] CG iter 4: obj=175138811.308808, maxRC=2667955.913234, +6 cols
    [CG] CG iter 1: obj=144811621.108317, maxRC=59336210.912176, +23 cols
    [CG]   [DIAG] iter=4 posCols=6 newCols=6 effImprove=6 updated=0
    [CG]   [DIAG] iter=1 posCols=23 newCols=23 effImprove=23 updated=0
    [CG] CG iter 3: obj=165223831.741180, maxRC=5106270.354455, +15 cols
    [CG]   [DIAG] iter=3 posCols=15 newCols=15 effImprove=15 updated=0
    [CG] CG iter 5: obj=175140075.706718, maxRC=824536.359689, +1 cols
    [CG] 列生成开始，初始列数=128
    [CG]   [DIAG] iter=5 posCols=1 newCols=1 effImprove=1 updated=0
    [CG] CG iter 1: obj=145039064.678756, maxRC=59476188.829846, +23 cols
    [CG] CG iter 4: obj=174742724.402116, maxRC=2666800.101796, +5 cols
    [CG]   [DIAG] iter=4 posCols=5 newCols=5 effImprove=5 updated=0
    [CG]   [DIAG] iter=1 posCols=23 newCols=23 effImprove=23 updated=0
    [CG] 列生成收敛，共 6 轮迭代
    [CG] [CG-NODE] depth=0 exit=CERTIFIED certified=1 feasible=1 iters=6 generatedColsBeforeNode=0 newCols=61 posCandidates=61 duplicateCandidates=0 updatedCols=0 zeroObjImproveIters=1 objFirst=145065251.937116 objLast=175140075.706718 objGain=30074823.769602 maxRC=59519452.855406 wallSec=0.020694 pricingSec=0.015301 cplexSolveSec=0.003107
    [CG] CG iter 5: obj=174742724.402116, maxRC=720615.977261, +1 cols
    [CG]   [DIAG] iter=5 posCols=1 newCols=1 effImprove=1 updated=0
    [CG] CG iter 2: obj=161160964.668685, maxRC=10508775.011307, +16 cols
      [BB] 根节点即为整数解，obj=175140075.706718
    [CG]   [DIAG] iter=2 posCols=16 newCols=16 effImprove=16 updated=0
    [CG] 列生成收敛，共 6 轮迭代
    [CG] [CG-NODE] depth=0 exit=CERTIFIED certified=1 feasible=1 iters=6 generatedColsBeforeNode=0 newCols=60 posCandidates=60 duplicateCandidates=0 updatedCols=0 zeroObjImproveIters=2 objFirst=144492402.973897 objLast=174742724.402116 objGain=30250321.428219 maxRC=59513894.439822 wallSec=0.017013 pricingSec=0.011691 cplexSolveSec=0.002831
      [BB] 根节点即为整数解，obj=174742724.402116
    [CG] CG iter 1: obj=144949731.228127, maxRC=59392946.684240, +23 cols
    [CG]   [DIAG] iter=1 posCols=23 newCols=23 effImprove=23 updated=0
    [CG] CG iter 2: obj=161361703.512558, maxRC=10594917.525334, +16 cols
    [CG]   [DIAG] iter=2 posCols=16 newCols=16 effImprove=16 updated=0
    [CG] CG iter 3: obj=165384848.288404, maxRC=5118128.238817, +15 cols
    [CG]   [DIAG] iter=3 posCols=15 newCols=15 effImprove=15 updated=0
    [CG] CG iter 4: obj=174921335.629846, maxRC=2671769.720189, +6 cols
    [CG]   [DIAG] iter=4 posCols=6 newCols=6 effImprove=6 updated=0
    [CG] CG iter 2: obj=161189767.739109, maxRC=10541622.291308, +16 cols
    [CG]   [DIAG] iter=2 posCols=16 newCols=16 effImprove=16 updated=0
    [CG] CG iter 5: obj=175003885.250580, maxRC=829110.578769, +1 cols
    [CG]   [DIAG] iter=5 posCols=1 newCols=1 effImprove=1 updated=0
    [CG] CG iter 3: obj=165567038.629589, maxRC=5109038.932198, +15 cols
    [CG] 列生成收敛，共 6 轮迭代
    [CG]   [DIAG] iter=3 posCols=15 newCols=15 effImprove=15 updated=0
    [CG] [CG-NODE] depth=0 exit=CERTIFIED certified=1 feasible=1 iters=6 generatedColsBeforeNode=0 newCols=61 posCandidates=61 duplicateCandidates=0 updatedCols=0 zeroObjImproveIters=1 objFirst=144811621.108317 objLast=175003885.250580 objGain=30192264.142263 maxRC=59336210.912176 wallSec=0.021764 pricingSec=0.016170 cplexSolveSec=0.003055
      [BB] 根节点即为整数解，obj=175003885.250580
    [CG] CG iter 3: obj=165405903.916830, maxRC=5116038.208083, +15 cols
    [CG]   [DIAG] iter=3 posCols=15 newCols=15 effImprove=15 updated=0
    [CG] CG iter 4: obj=175075279.342137, maxRC=2667955.913234, +6 cols
    [CG]   [DIAG] iter=4 posCols=6 newCols=6 effImprove=6 updated=0
    [CG] CG iter 4: obj=174933635.196085, maxRC=2670883.325991, +6 cols
    [CG]   [DIAG] iter=4 posCols=6 newCols=6 effImprove=6 updated=0
    [CG] CG iter 1: obj=144530468.082454, maxRC=59489052.276442, +23 cols
    [CG]   [DIAG] iter=1 posCols=23 newCols=23 effImprove=23 updated=0
    [CG] CG iter 5: obj=174993463.482463, maxRC=829067.729961, +1 cols
    [CG]   [DIAG] iter=5 posCols=1 newCols=1 effImprove=1 updated=0
    [CG] CG iter 5: obj=175093967.157208, maxRC=824540.799383, +1 cols
    [CG]   [DIAG] iter=5 posCols=1 newCols=1 effImprove=1 updated=0
    [CG] 列生成收敛，共 6 轮迭代
    [CG] [CG-NODE] depth=0 exit=CERTIFIED certified=1 feasible=1 iters=6 generatedColsBeforeNode=0 newCols=61 posCandidates=61 duplicateCandidates=0 updatedCols=0 zeroObjImproveIters=1 objFirst=144949731.228127 objLast=174993463.482463 objGain=30043732.254336 maxRC=59392946.684240 wallSec=0.013584 pricingSec=0.009549 cplexSolveSec=0.002319
      [BB] 根节点即为整数解，obj=174993463.482463
    [CG] 列生成收敛，共 6 轮迭代
    [CG] [CG-NODE] depth=0 exit=CERTIFIED certified=1 feasible=1 iters=6 generatedColsBeforeNode=0 newCols=61 posCandidates=61 duplicateCandidates=0 updatedCols=0 zeroObjImproveIters=1 objFirst=145039064.678756 objLast=175093967.157208 objGain=30054902.478453 maxRC=59476188.829846 wallSec=0.018860 pricingSec=0.013170 cplexSolveSec=0.003571
      [BB] 根节点即为整数解，obj=175093967.157208
    [CG] CG iter 2: obj=161319034.755779, maxRC=9536126.859826, +17 cols
    [CG]   [DIAG] iter=2 posCols=17 newCols=17 effImprove=17 updated=0
    [CG] CG iter 1: obj=144923479.157869, maxRC=59513894.439822, +23 cols
    [CG]   [DIAG] iter=1 posCols=23 newCols=23 effImprove=23 updated=0
    [CG] CG iter 3: obj=174925906.246757, maxRC=4183601.943606, +10 cols
    [CG]   [DIAG] iter=3 posCols=10 newCols=10 effImprove=10 updated=0
    [CG] CG iter 4: obj=174925906.246757, maxRC=1470118.081156, +6 cols
    [CG]   [DIAG] iter=4 posCols=6 newCols=6 effImprove=6 updated=0
    [CG] CG iter 2: obj=161394247.632265, maxRC=10623464.266662, +16 cols
    [CG]   [DIAG] iter=2 posCols=16 newCols=16 effImprove=16 updated=0
    [CG] CG iter 5: obj=174940814.076780, maxRC=704614.866137, +2 cols
    [CG]   [DIAG] iter=5 posCols=2 newCols=2 effImprove=2 updated=0
    [CG] 列生成收敛，共 6 轮迭代
    [CG] [CG-NODE] depth=0 exit=CERTIFIED certified=1 feasible=1 iters=6 generatedColsBeforeNode=0 newCols=58 posCandidates=58 duplicateCandidates=0 updatedCols=0 zeroObjImproveIters=2 objFirst=144530468.082454 objLast=174940814.076780 objGain=30410345.994327 maxRC=59489052.276442 wallSec=0.014497 pricingSec=0.010203 cplexSolveSec=0.002391
    [CG] CG iter 3: obj=165597222.927690, maxRC=5106270.354455, +14 cols
    [CG] CG iter 1: obj=144877118.939608, maxRC=59513894.439822, +23 cols
    [CG]   [DIAG] iter=3 posCols=14 newCols=14 effImprove=14 updated=0
      [BB] 根节点即为整数解，obj=174940814.076780
    [CG]   [DIAG] iter=1 posCols=23 newCols=23 effImprove=23 updated=0
    [CG] CG iter 4: obj=175093238.532307, maxRC=2666800.101796, +5 cols
    [CG]   [DIAG] iter=4 posCols=5 newCols=5 effImprove=5 updated=0
    [CG] CG iter 5: obj=175093238.532307, maxRC=814999.440993, +1 cols
    [CG]   [DIAG] iter=5 posCols=1 newCols=1 effImprove=1 updated=0
    [CG] 列生成收敛，共 6 轮迭代
    [CG] [CG-NODE] depth=0 exit=CERTIFIED certified=1 feasible=1 iters=6 generatedColsBeforeNode=0 newCols=59 posCandidates=59 duplicateCandidates=0 updatedCols=0 zeroObjImproveIters=2 objFirst=144923479.157869 objLast=175093238.532307 objGain=30169759.374438 maxRC=59513894.439822 wallSec=0.012101 pricingSec=0.008199 cplexSolveSec=0.002221
    [CG] CG iter 2: obj=161468253.769609, maxRC=10623464.266662, +16 cols
      [BB] 根节点即为整数解，obj=175093238.532307
    [CG]   [DIAG] iter=2 posCols=16 newCols=16 effImprove=16 updated=0
    [CG] CG iter 3: obj=165642320.339480, maxRC=5118128.238817, +14 cols
    [CG]   [DIAG] iter=3 posCols=14 newCols=14 effImprove=14 updated=0
    [CG] CG iter 4: obj=175156793.338866, maxRC=2671769.720189, +6 cols
    [CG]   [DIAG] iter=4 posCols=6 newCols=6 effImprove=6 updated=0
    [CG] CG iter 5: obj=175158677.124839, maxRC=830096.720707, +1 cols
    [CG]   [DIAG] iter=5 posCols=1 newCols=1 effImprove=1 updated=0
    [CG] 列生成收敛，共 6 轮迭代
    [CG] [CG-NODE] depth=0 exit=CERTIFIED certified=1 feasible=1 iters=6 generatedColsBeforeNode=0 newCols=60 posCandidates=60 duplicateCandidates=0 updatedCols=0 zeroObjImproveIters=1 objFirst=144877118.939608 objLast=175158677.124839 objGain=30281558.185232 maxRC=59513894.439822 wallSec=0.018660 pricingSec=0.012653 cplexSolveSec=0.003402
      [BB] 根节点即为整数解，obj=175158677.124839
[GA] 代数 5: Best=175219889.92, Avg=175062584.71, Worst=174704950.94, Valid=30/30, 耗时=0.07s (连续5代未提升)
  ├─ 求解: 30 个体 fork 并行 | CG迭代=167 加列=1685 BB分支=0
  ├─ 并行墙钟=0.0662s | 串行等效(ΣBP)=0.4216s | 加速比=6.37x
  ├─ 管理开销=-0.3554s (fork=0.0040 wait=0.0615 merge=0.0005)
  └─ CG明细: gen_logs/run_gen5_ind{0..29}.log
    [CG] 列生成开始，初始列数=128
    [CG] 列生成开始，初始列数=128
    [CG] 列生成开始，初始列数=128
    [CG] 列生成开始，初始列数=128
    [CG] 列生成开始，初始列数=128
    [CG] 列生成开始，初始列数=128
    [CG] 列生成开始，初始列数=128
    [CG] 列生成开始，初始列数=128
    [CG] CG iter 1: obj=145094408.156040, maxRC=59519644.562382, +23 cols
    [CG]   [DIAG] iter=1 posCols=23 newCols=23 effImprove=23 updated=0
    [CG] CG iter 2: obj=161467769.164119, maxRC=10623309.674480, +16 cols
    [CG]   [DIAG] iter=2 posCols=16 newCols=16 effImprove=16 updated=0
    [CG] CG iter 3: obj=165666312.960709, maxRC=5118128.238817, +15 cols
    [CG]   [DIAG] iter=3 posCols=15 newCols=15 effImprove=15 updated=0
    [CG] CG iter 4: obj=175178583.322975, maxRC=2671769.720189, +6 cols
    [CG]   [DIAG] iter=4 posCols=6 newCols=6 effImprove=6 updated=0
    [CG] CG iter 5: obj=175190520.959552, maxRC=830101.710752, +1 cols
    [CG]   [DIAG] iter=5 posCols=1 newCols=1 effImprove=1 updated=0
    [CG] 列生成收敛，共 6 轮迭代
    [CG] [CG-NODE] depth=0 exit=CERTIFIED certified=1 feasible=1 iters=6 generatedColsBeforeNode=0 newCols=61 posCandidates=61 duplicateCandidates=0 updatedCols=0 zeroObjImproveIters=1 objFirst=145094408.156040 objLast=175190520.959552 objGain=30096112.803512 maxRC=59519644.562382 wallSec=0.010665 pricingSec=0.007238 cplexSolveSec=0.001820
      [BB] 根节点即为整数解，obj=175190520.959552
    [CG] CG iter 1: obj=145105335.599615, maxRC=59519644.562382, +23 cols
    [CG]   [DIAG] iter=1 posCols=23 newCols=23 effImprove=23 updated=0
    [CG] CG iter 1: obj=144923488.763181, maxRC=59513894.439822, +23 cols
    [CG] CG iter 1: obj=144996437.337967, maxRC=59519644.562382, +23 cols
    [CG]   [DIAG] iter=1 posCols=23 newCols=23 effImprove=23 updated=0
    [CG]   [DIAG] iter=1 posCols=23 newCols=23 effImprove=23 updated=0
    [CG] CG iter 1: obj=144846130.491784, maxRC=59513894.439822, +23 cols
    [CG] CG iter 2: obj=161465180.176784, maxRC=10623300.567101, +16 cols
    [CG]   [DIAG] iter=2 posCols=16 newCols=16 effImprove=16 updated=0
    [CG]   [DIAG] iter=1 posCols=23 newCols=23 effImprove=23 updated=0
    [CG] 列生成开始，初始列数=128
    [CG] CG iter 2: obj=161376439.167031, maxRC=10623300.567101, +16 cols
    [CG] CG iter 1: obj=145108052.094668, maxRC=59519550.350332, +23 cols
    [CG]   [DIAG] iter=2 posCols=16 newCols=16 effImprove=16 updated=0
    [CG] CG iter 1: obj=144860992.199172, maxRC=59515537.429349, +23 cols
    [CG] CG iter 3: obj=165664000.081029, maxRC=5118128.238817, +15 cols
    [CG]   [DIAG] iter=1 posCols=23 newCols=23 effImprove=23 updated=0
    [CG] CG iter 2: obj=161396116.531375, maxRC=10623464.266662, +16 cols
    [CG]   [DIAG] iter=1 posCols=23 newCols=23 effImprove=23 updated=0
    [CG]   [DIAG] iter=3 posCols=15 newCols=15 effImprove=15 updated=0
    [CG]   [DIAG] iter=2 posCols=16 newCols=16 effImprove=16 updated=0
    [CG] CG iter 2: obj=161394247.632265, maxRC=10623464.266662, +16 cols
    [CG]   [DIAG] iter=2 posCols=16 newCols=16 effImprove=16 updated=0
    [CG] CG iter 3: obj=165575020.680836, maxRC=5080312.644978, +15 cols
    [CG] CG iter 4: obj=175176006.353830, maxRC=2671769.720189, +6 cols
    [CG]   [DIAG] iter=4 posCols=6 newCols=6 effImprove=6 updated=0
    [CG]   [DIAG] iter=3 posCols=15 newCols=15 effImprove=15 updated=0
    [CG] CG iter 3: obj=165598908.849264, maxRC=5106270.354455, +14 cols
    [CG]   [DIAG] iter=3 posCols=14 newCols=14 effImprove=14 updated=0
    [CG] CG iter 2: obj=161303848.896781, maxRC=10627120.897046, +16 cols
    [CG]   [DIAG] iter=2 posCols=16 newCols=16 effImprove=16 updated=0
    [CG] CG iter 3: obj=165597222.927690, maxRC=5106270.354455, +14 cols
    [CG] CG iter 2: obj=161467377.015825, maxRC=10623231.801585, +16 cols
    [CG]   [DIAG] iter=3 posCols=14 newCols=14 effImprove=14 updated=0
    [CG]   [DIAG] iter=2 posCols=16 newCols=16 effImprove=16 updated=0
    [CG] CG iter 4: obj=175049449.750239, maxRC=2655978.032040, +5 cols
    [CG]   [DIAG] iter=4 posCols=5 newCols=5 effImprove=5 updated=0
    [CG] CG iter 5: obj=175187943.990407, maxRC=829634.022124, +1 cols
    [CG]   [DIAG] iter=5 posCols=1 newCols=1 effImprove=1 updated=0
    [CG] CG iter 4: obj=175095107.431418, maxRC=2666800.101796, +5 cols
    [CG] CG iter 1: obj=144704897.830666, maxRC=59200136.132579, +23 cols
    [CG]   [DIAG] iter=4 posCols=5 newCols=5 effImprove=5 updated=0
    [CG] CG iter 5: obj=175049449.750239, maxRC=781534.157057, +1 cols
    [CG] CG iter 4: obj=175093238.532307, maxRC=2666800.101796, +5 cols
    [CG]   [DIAG] iter=5 posCols=1 newCols=1 effImprove=1 updated=0
    [CG]   [DIAG] iter=1 posCols=23 newCols=23 effImprove=23 updated=0
    [CG]   [DIAG] iter=4 posCols=5 newCols=5 effImprove=5 updated=0
    [CG] 列生成收敛，共 6 轮迭代
    [CG] [CG-NODE] depth=0 exit=CERTIFIED certified=1 feasible=1 iters=6 generatedColsBeforeNode=0 newCols=61 posCandidates=61 duplicateCandidates=0 updatedCols=0 zeroObjImproveIters=1 objFirst=145105335.599615 objLast=175187943.990407 objGain=30082608.390792 maxRC=59519644.562382 wallSec=0.018493 pricingSec=0.012453 cplexSolveSec=0.003533
    [CG] CG iter 3: obj=165512453.929518, maxRC=5108590.387250, +15 cols
    [CG]   [DIAG] iter=3 posCols=15 newCols=15 effImprove=15 updated=0
    [CG] CG iter 5: obj=175095107.431418, maxRC=815330.092147, +1 cols
      [BB] 根节点即为整数解，obj=175187943.990407
    [CG]   [DIAG] iter=5 posCols=1 newCols=1 effImprove=1 updated=0
    [CG] 列生成收敛，共 6 轮迭代
    [CG] [CG-NODE] depth=0 exit=CERTIFIED certified=1 feasible=1 iters=6 generatedColsBeforeNode=0 newCols=60 posCandidates=60 duplicateCandidates=0 updatedCols=0 zeroObjImproveIters=2 objFirst=144996437.337967 objLast=175049449.750239 objGain=30053012.412272 maxRC=59519644.562382 wallSec=0.018387 pricingSec=0.012416 cplexSolveSec=0.003303
    [CG] CG iter 3: obj=165665968.421327, maxRC=5118128.238817, +15 cols
    [CG] CG iter 5: obj=175093238.532307, maxRC=814999.440993, +1 cols
    [CG]   [DIAG] iter=5 posCols=1 newCols=1 effImprove=1 updated=0
      [BB] 根节点即为整数解，obj=175049449.750239
    [CG]   [DIAG] iter=3 posCols=15 newCols=15 effImprove=15 updated=0
    [CG] 列生成收敛，共 6 轮迭代
    [CG] [CG-NODE] depth=0 exit=CERTIFIED certified=1 feasible=1 iters=6 generatedColsBeforeNode=0 newCols=59 posCandidates=59 duplicateCandidates=0 updatedCols=0 zeroObjImproveIters=2 objFirst=144846130.491784 objLast=175095107.431418 objGain=30248976.939634 maxRC=59513894.439822 wallSec=0.018893 pricingSec=0.012841 cplexSolveSec=0.003306
    [CG] CG iter 4: obj=175001065.596165, maxRC=2667768.612058, +6 cols
    [CG]   [DIAG] iter=4 posCols=6 newCols=6 effImprove=6 updated=0
      [BB] 根节点即为整数解，obj=175095107.431418
    [CG] 列生成收敛，共 6 轮迭代
    [CG] [CG-NODE] depth=0 exit=CERTIFIED certified=1 feasible=1 iters=6 generatedColsBeforeNode=0 newCols=59 posCandidates=59 duplicateCandidates=0 updatedCols=0 zeroObjImproveIters=2 objFirst=144923488.763181 objLast=175093238.532307 objGain=30169749.769126 maxRC=59513894.439822 wallSec=0.019408 pricingSec=0.013121 cplexSolveSec=0.003590
      [BB] 根节点即为整数解，obj=175093238.532307
    [CG] CG iter 4: obj=175178222.068346, maxRC=2671769.720189, +6 cols
    [CG]   [DIAG] iter=4 posCols=6 newCols=6 effImprove=6 updated=0
    [CG] CG iter 5: obj=175002320.866607, maxRC=804476.432916, +1 cols
    [CG]   [DIAG] iter=5 posCols=1 newCols=1 effImprove=1 updated=0
    [CG] CG iter 2: obj=160769225.058746, maxRC=10491862.637577, +16 cols
    [CG]   [DIAG] iter=2 posCols=16 newCols=16 effImprove=16 updated=0
    [CG] 列生成收敛，共 6 轮迭代
    [CG] [CG-NODE] depth=0 exit=CERTIFIED certified=1 feasible=1 iters=6 generatedColsBeforeNode=0 newCols=61 posCandidates=61 duplicateCandidates=0 updatedCols=0 zeroObjImproveIters=1 objFirst=144860992.199172 objLast=175002320.866607 objGain=30141328.667436 maxRC=59515537.429349 wallSec=0.020781 pricingSec=0.015016 cplexSolveSec=0.003098
    [CG] CG iter 5: obj=175190198.959780, maxRC=830060.815246, +1 cols
    [CG]   [DIAG] iter=5 posCols=1 newCols=1 effImprove=1 updated=0
      [BB] 根节点即为整数解，obj=175002320.866607
    [CG] 列生成开始，初始列数=128
    [CG] 列生成收敛，共 6 轮迭代
    [CG] [CG-NODE] depth=0 exit=CERTIFIED certified=1 feasible=1 iters=6 generatedColsBeforeNode=0 newCols=61 posCandidates=61 duplicateCandidates=0 updatedCols=0 zeroObjImproveIters=1 objFirst=145108052.094668 objLast=175190198.959780 objGain=30082146.865112 maxRC=59519550.350332 wallSec=0.021310 pricingSec=0.015721 cplexSolveSec=0.003045
    [CG] 列生成开始，初始列数=128
      [BB] 根节点即为整数解，obj=175190198.959780
    [CG] 列生成开始，初始列数=128
    [CG] CG iter 3: obj=164837257.969934, maxRC=5115431.772942, +17 cols
    [CG]   [DIAG] iter=3 posCols=17 newCols=17 effImprove=17 updated=0
    [CG] 列生成开始，初始列数=128
    [CG] 列生成开始，初始列数=128
    [CG] CG iter 1: obj=145064479.470476, maxRC=59519406.366864, +23 cols
    [CG] CG iter 4: obj=174523046.139141, maxRC=2037410.907055, +6 cols
    [CG]   [DIAG] iter=1 posCols=23 newCols=23 effImprove=23 updated=0
    [CG]   [DIAG] iter=4 posCols=6 newCols=6 effImprove=6 updated=0
    [CG] CG iter 5: obj=174658826.790346, maxRC=152363.872981, +2 cols
    [CG]   [DIAG] iter=5 posCols=2 newCols=2 effImprove=2 updated=0
    [CG] CG iter 2: obj=161437077.271620, maxRC=10623494.650315, +16 cols
    [CG]   [DIAG] iter=2 posCols=16 newCols=16 effImprove=16 updated=0
    [CG] 列生成收敛，共 6 轮迭代
    [CG] [CG-NODE] depth=0 exit=CERTIFIED certified=1 feasible=1 iters=6 generatedColsBeforeNode=0 newCols=64 posCandidates=64 duplicateCandidates=0 updatedCols=0 zeroObjImproveIters=1 objFirst=144704897.830666 objLast=174658826.790346 objGain=29953928.959680 maxRC=59200136.132579 wallSec=0.025211 pricingSec=0.018867 cplexSolveSec=0.003338
    [CG] 列生成开始，初始列数=128
      [BB] 根节点即为整数解，obj=174658826.790346
    [CG] CG iter 3: obj=165636505.115698, maxRC=5109038.932198, +15 cols
    [CG]   [DIAG] iter=3 posCols=15 newCols=15 effImprove=15 updated=0
    [CG] CG iter 4: obj=175138800.971097, maxRC=2667955.913234, +6 cols
    [CG]   [DIAG] iter=4 posCols=6 newCols=6 effImprove=6 updated=0
    [CG] CG iter 5: obj=175140079.170527, maxRC=824536.359689, +1 cols
    [CG]   [DIAG] iter=5 posCols=1 newCols=1 effImprove=1 updated=0
    [CG] 列生成开始，初始列数=128
    [CG] 列生成收敛，共 6 轮迭代
    [CG] [CG-NODE] depth=0 exit=CERTIFIED certified=1 feasible=1 iters=6 generatedColsBeforeNode=0 newCols=61 posCandidates=61 duplicateCandidates=0 updatedCols=0 zeroObjImproveIters=1 objFirst=145064479.470476 objLast=175140079.170528 objGain=30075599.700051 maxRC=59519406.366864 wallSec=0.015438 pricingSec=0.009446 cplexSolveSec=0.002829
      [BB] 根节点即为整数解，obj=175140079.170528
    [CG] CG iter 1: obj=145004361.605695, maxRC=59513786.873314, +23 cols
    [CG]   [DIAG] iter=1 posCols=23 newCols=23 effImprove=23 updated=0
    [CG] CG iter 1: obj=144959221.001539, maxRC=59518994.021607, +23 cols
    [CG]   [DIAG] iter=1 posCols=23 newCols=23 effImprove=23 updated=0
    [CG] CG iter 2: obj=161461685.013491, maxRC=10624324.039956, +16 cols
    [CG]   [DIAG] iter=2 posCols=16 newCols=16 effImprove=16 updated=0
    [CG] CG iter 1: obj=144900815.943684, maxRC=59374332.332163, +23 cols
    [CG] CG iter 1: obj=145107792.220831, maxRC=59519644.562382, +23 cols
    [CG]   [DIAG] iter=1 posCols=23 newCols=23 effImprove=23 updated=0
    [CG]   [DIAG] iter=1 posCols=23 newCols=23 effImprove=23 updated=0
    [CG] CG iter 2: obj=161443575.021401, maxRC=10622848.482012, +16 cols
    [CG] CG iter 1: obj=144870141.654324, maxRC=59513786.873314, +23 cols
    [CG]   [DIAG] iter=2 posCols=16 newCols=16 effImprove=16 updated=0
    [CG] CG iter 3: obj=165660365.032738, maxRC=5118128.238817, +14 cols
    [CG]   [DIAG] iter=1 posCols=23 newCols=23 effImprove=23 updated=0
    [CG]   [DIAG] iter=3 posCols=14 newCols=14 effImprove=14 updated=0
    [CG] CG iter 2: obj=161217482.012262, maxRC=10533203.769171, +16 cols
    [CG]   [DIAG] iter=2 posCols=16 newCols=16 effImprove=16 updated=0
    [CG] CG iter 2: obj=161467289.058364, maxRC=10623298.103723, +16 cols
    [CG] 列生成开始，初始列数=128
    [CG]   [DIAG] iter=2 posCols=16 newCols=16 effImprove=16 updated=0
    [CG] CG iter 4: obj=175171872.249336, maxRC=2671769.720189, +6 cols
    [CG]   [DIAG] iter=4 posCols=6 newCols=6 effImprove=6 updated=0
    [CG] CG iter 3: obj=165508557.542858, maxRC=5109038.932198, +15 cols
    [CG]   [DIAG] iter=3 posCols=15 newCols=15 effImprove=15 updated=0
    [CG] CG iter 2: obj=161326262.264053, maxRC=10623300.567101, +16 cols
    [CG]   [DIAG] iter=2 posCols=16 newCols=16 effImprove=16 updated=0
    [CG] CG iter 5: obj=175183809.885913, maxRC=829590.216741, +1 cols
    [CG]   [DIAG] iter=5 posCols=1 newCols=1 effImprove=1 updated=0
    [CG] CG iter 3: obj=165435447.889107, maxRC=5118128.238817, +15 cols
    [CG] CG iter 4: obj=175025003.972832, maxRC=2667955.913234, +5 cols
    [CG]   [DIAG] iter=3 posCols=15 newCols=15 effImprove=15 updated=0
    [CG]   [DIAG] iter=4 posCols=5 newCols=5 effImprove=5 updated=0
    [CG] CG iter 3: obj=165665898.902249, maxRC=5118128.238817, +15 cols
    [CG] 列生成收敛，共 6 轮迭代
    [CG] [CG-NODE] depth=0 exit=CERTIFIED certified=1 feasible=1 iters=6 generatedColsBeforeNode=0 newCols=60 posCandidates=60 duplicateCandidates=0 updatedCols=0 zeroObjImproveIters=1 objFirst=145004361.605695 objLast=175183809.885913 objGain=30179448.280219 maxRC=59513786.873314 wallSec=0.010584 pricingSec=0.007146 cplexSolveSec=0.001831
    [CG]   [DIAG] iter=3 posCols=15 newCols=15 effImprove=15 updated=0
      [BB] 根节点即为整数解，obj=175183809.885913
    [CG] CG iter 3: obj=165524817.653259, maxRC=5118128.238817, +14 cols
    [CG]   [DIAG] iter=3 posCols=14 newCols=14 effImprove=14 updated=0
    [CG] CG iter 5: obj=175025003.972832, maxRC=771800.665203, +1 cols
    [CG]   [DIAG] iter=5 posCols=1 newCols=1 effImprove=1 updated=0
    [CG] CG iter 4: obj=174967129.164586, maxRC=2671769.720189, +6 cols
    [CG]   [DIAG] iter=4 posCols=6 newCols=6 effImprove=6 updated=0
    [CG] CG iter 4: obj=175178116.133921, maxRC=2671769.720189, +6 cols
    [CG]   [DIAG] iter=4 posCols=6 newCols=6 effImprove=6 updated=0
    [CG] 列生成收敛，共 6 轮迭代
    [CG] [CG-NODE] depth=0 exit=CERTIFIED certified=1 feasible=1 iters=6 generatedColsBeforeNode=0 newCols=60 posCandidates=60 duplicateCandidates=0 updatedCols=0 zeroObjImproveIters=2 objFirst=144959221.001539 objLast=175025003.972832 objGain=30065782.971293 maxRC=59518994.021607 wallSec=0.011499 pricingSec=0.007846 cplexSolveSec=0.001888
    [CG] CG iter 4: obj=175037088.441100, maxRC=2671769.720189, +6 cols
    [CG]   [DIAG] iter=4 posCols=6 newCols=6 effImprove=6 updated=0
    [CG] CG iter 5: obj=175034545.524585, maxRC=830103.374112, +1 cols
    [CG]   [DIAG] iter=5 posCols=1 newCols=1 effImprove=1 updated=0
    [CG] CG iter 5: obj=175190053.770498, maxRC=830008.038557, +1 cols
      [BB] 根节点即为整数解，obj=175025003.972832
    [CG]   [DIAG] iter=5 posCols=1 newCols=1 effImprove=1 updated=0
    [CG] CG iter 5: obj=175049026.077677, maxRC=830103.374112, +1 cols
    [CG] CG iter 1: obj=145099391.938876, maxRC=59519752.128890, +23 cols
    [CG]   [DIAG] iter=5 posCols=1 newCols=1 effImprove=1 updated=0
    [CG] 列生成收敛，共 6 轮迭代
    [CG] [CG-NODE] depth=0 exit=CERTIFIED certified=1 feasible=1 iters=6 generatedColsBeforeNode=0 newCols=61 posCandidates=61 duplicateCandidates=0 updatedCols=0 zeroObjImproveIters=1 objFirst=144900815.943684 objLast=175034545.524585 objGain=30133729.580900 maxRC=59374332.332163 wallSec=0.011266 pricingSec=0.007713 cplexSolveSec=0.001877
    [CG] 列生成收敛，共 6 轮迭代
    [CG] [CG-NODE] depth=0 exit=CERTIFIED certified=1 feasible=1 iters=6 generatedColsBeforeNode=0 newCols=61 posCandidates=61 duplicateCandidates=0 updatedCols=0 zeroObjImproveIters=1 objFirst=145107792.220831 objLast=175190053.770498 objGain=30082261.549667 maxRC=59519644.562382 wallSec=0.011060 pricingSec=0.007569 cplexSolveSec=0.001856
    [CG]   [DIAG] iter=1 posCols=23 newCols=23 effImprove=23 updated=0
      [BB] 根节点即为整数解，obj=175034545.524585
      [BB] 根节点即为整数解，obj=175190053.770498
    [CG] 列生成收敛，共 6 轮迭代
    [CG] [CG-NODE] depth=0 exit=CERTIFIED certified=1 feasible=1 iters=6 generatedColsBeforeNode=0 newCols=60 posCandidates=60 duplicateCandidates=0 updatedCols=0 zeroObjImproveIters=1 objFirst=144870141.654324 objLast=175049026.077677 objGain=30178884.423352 maxRC=59513786.873314 wallSec=0.010441 pricingSec=0.007157 cplexSolveSec=0.001722
      [BB] 根节点即为整数解，obj=175049026.077677
    [CG] 列生成开始，初始列数=128
    [CG] CG iter 2: obj=161459917.780045, maxRC=10623464.266662, +16 cols
    [CG]   [DIAG] iter=2 posCols=16 newCols=16 effImprove=16 updated=0
    [CG] 列生成开始，初始列数=128
    [CG] CG iter 3: obj=165658489.636571, maxRC=5118128.238817, +15 cols
    [CG]   [DIAG] iter=3 posCols=15 newCols=15 effImprove=15 updated=0
    [CG] 列生成开始，初始列数=128
    [CG] CG iter 4: obj=175170768.134207, maxRC=2671769.720189, +6 cols
    [CG]   [DIAG] iter=4 posCols=6 newCols=6 effImprove=6 updated=0
    [CG] 列生成开始，初始列数=128
    [CG] CG iter 5: obj=175182653.128927, maxRC=830103.698914, +1 cols
    [CG]   [DIAG] iter=5 posCols=1 newCols=1 effImprove=1 updated=0
    [CG] 列生成开始，初始列数=128
    [CG] CG iter 1: obj=144794342.029962, maxRC=59515537.429349, +23 cols
    [CG] 列生成收敛，共 6 轮迭代
    [CG] [CG-NODE] depth=0 exit=CERTIFIED certified=1 feasible=1 iters=6 generatedColsBeforeNode=0 newCols=61 posCandidates=61 duplicateCandidates=0 updatedCols=0 zeroObjImproveIters=1 objFirst=145099391.938876 objLast=175182653.128927 objGain=30083261.190052 maxRC=59519752.128890 wallSec=0.008422 pricingSec=0.005400 cplexSolveSec=0.001624
      [BB] 根节点即为整数解，obj=175182653.128927
    [CG]   [DIAG] iter=1 posCols=23 newCols=23 effImprove=23 updated=0
    [CG] CG iter 2: obj=161232324.339733, maxRC=10627444.993711, +16 cols
    [CG]   [DIAG] iter=2 posCols=16 newCols=16 effImprove=16 updated=0
    [CG] 列生成开始，初始列数=128
    [CG] CG iter 1: obj=144927648.477513, maxRC=59510834.631833, +23 cols
    [CG]   [DIAG] iter=1 posCols=23 newCols=23 effImprove=23 updated=0
    [CG] CG iter 3: obj=165442246.481723, maxRC=5115184.583752, +15 cols
    [CG]   [DIAG] iter=3 posCols=15 newCols=15 effImprove=15 updated=0
    [CG] CG iter 2: obj=161456467.252108, maxRC=10621256.702127, +16 cols
    [CG]   [DIAG] iter=2 posCols=16 newCols=16 effImprove=16 updated=0
    [CG] CG iter 1: obj=144929199.486080, maxRC=59519550.350332, +23 cols
    [CG] CG iter 4: obj=174937298.178715, maxRC=2670525.430075, +6 cols
    [CG]   [DIAG] iter=4 posCols=6 newCols=6 effImprove=6 updated=0
    [CG]   [DIAG] iter=1 posCols=23 newCols=23 effImprove=23 updated=0
    [CG] CG iter 1: obj=145006627.802295, maxRC=59513786.873314, +23 cols
    [CG]   [DIAG] iter=1 posCols=23 newCols=23 effImprove=23 updated=0
    [CG] CG iter 3: obj=165655984.638613, maxRC=5118128.238817, +14 cols
    [CG] CG iter 1: obj=144892337.777356, maxRC=59512429.810681, +23 cols
    [CG]   [DIAG] iter=3 posCols=14 newCols=14 effImprove=14 updated=0
    [CG]   [DIAG] iter=1 posCols=23 newCols=23 effImprove=23 updated=0
    [CG] CG iter 1: obj=144360864.318920, maxRC=59502561.340296, +23 cols
    [CG] CG iter 5: obj=174946810.694673, maxRC=807400.239348, +1 cols
    [CG]   [DIAG] iter=5 posCols=1 newCols=1 effImprove=1 updated=0
    [CG]   [DIAG] iter=1 posCols=23 newCols=23 effImprove=23 updated=0
    [CG] CG iter 4: obj=175168039.107579, maxRC=2671769.720189, +6 cols
    [CG]   [DIAG] iter=4 posCols=6 newCols=6 effImprove=6 updated=0
    [CG] CG iter 2: obj=161464128.425438, maxRC=10627747.267072, +16 cols
    [CG]   [DIAG] iter=2 posCols=16 newCols=16 effImprove=16 updated=0
    [CG] CG iter 2: obj=161444459.381010, maxRC=10145908.147570, +17 cols
    [CG] 列生成收敛，共 6 轮迭代
    [CG] CG iter 2: obj=161466821.295965, maxRC=10624085.849436, +16 cols
    [CG] [CG-NODE] depth=0 exit=CERTIFIED certified=1 feasible=1 iters=6 generatedColsBeforeNode=0 newCols=61 posCandidates=61 duplicateCandidates=0 updatedCols=0 zeroObjImproveIters=1 objFirst=144794342.029962 objLast=174946810.694673 objGain=30152468.664711 maxRC=59515537.429349 wallSec=0.015787 pricingSec=0.010830 cplexSolveSec=0.002621
    [CG]   [DIAG] iter=2 posCols=17 newCols=17 effImprove=17 updated=0
    [CG] CG iter 5: obj=175181173.357083, maxRC=829050.628549, +1 cols
    [CG]   [DIAG] iter=2 posCols=16 newCols=16 effImprove=16 updated=0
    [CG]   [DIAG] iter=5 posCols=1 newCols=1 effImprove=1 updated=0
    [CG] CG iter 2: obj=161283655.994553, maxRC=10621256.702127, +16 cols
    [CG]   [DIAG] iter=2 posCols=16 newCols=16 effImprove=16 updated=0
      [BB] 根节点即为整数解，obj=174946810.694673
    [CG] 列生成收敛，共 6 轮迭代
    [CG] [CG-NODE] depth=0 exit=CERTIFIED certified=1 feasible=1 iters=6 generatedColsBeforeNode=0 newCols=60 posCandidates=60 duplicateCandidates=0 updatedCols=0 zeroObjImproveIters=1 objFirst=144927648.477513 objLast=175181173.357083 objGain=30253524.879570 maxRC=59510834.631833 wallSec=0.007898 pricingSec=0.005235 cplexSolveSec=0.001474
    [CG] CG iter 3: obj=165661264.870367, maxRC=5118128.238817, +14 cols
    [CG]   [DIAG] iter=3 posCols=14 newCols=14 effImprove=14 updated=0
    [CG] CG iter 3: obj=170765969.616057, maxRC=3304485.404003, +11 cols
    [CG]   [DIAG] iter=3 posCols=11 newCols=11 effImprove=11 updated=0
      [BB] 根节点即为整数解，obj=175181173.357083
    [CG] CG iter 3: obj=165265126.298845, maxRC=5115268.178694, +14 cols
    [CG]   [DIAG] iter=3 posCols=14 newCols=14 effImprove=14 updated=0
    [CG] CG iter 4: obj=175172261.719005, maxRC=2671769.720189, +6 cols
    [CG] CG iter 3: obj=165640583.197316, maxRC=5118128.238817, +15 cols
    [CG]   [DIAG] iter=4 posCols=6 newCols=6 effImprove=6 updated=0
    [CG]   [DIAG] iter=3 posCols=15 newCols=15 effImprove=15 updated=0
    [CG] CG iter 4: obj=173866761.457931, maxRC=1316073.934149, +4 cols
    [CG]   [DIAG] iter=4 posCols=4 newCols=4 effImprove=4 updated=0
    [CG] CG iter 4: obj=174789315.808641, maxRC=2670560.457545, +5 cols
    [CG]   [DIAG] iter=4 posCols=5 newCols=5 effImprove=5 updated=0
    [CG] CG iter 5: obj=175184199.355582, maxRC=831630.739541, +1 cols
    [CG]   [DIAG] iter=5 posCols=1 newCols=1 effImprove=1 updated=0
    [CG] CG iter 5: obj=175166871.402898, maxRC=680429.855660, +3 cols
    [CG]   [DIAG] iter=5 posCols=3 newCols=3 effImprove=3 updated=0
    [CG] CG iter 4: obj=175154820.308626, maxRC=2671769.720189, +6 cols
    [CG]   [DIAG] iter=4 posCols=6 newCols=6 effImprove=6 updated=0
    [CG] CG iter 1: obj=145029529.115546, maxRC=59518994.021607, +23 cols
    [CG] 列生成收敛，共 6 轮迭代
    [CG] [CG-NODE] depth=0 exit=CERTIFIED certified=1 feasible=1 iters=6 generatedColsBeforeNode=0 newCols=60 posCandidates=60 duplicateCandidates=0 updatedCols=0 zeroObjImproveIters=1 objFirst=145006627.802295 objLast=175184199.355582 objGain=30177571.553287 maxRC=59513786.873314 wallSec=0.008298 pricingSec=0.005609 cplexSolveSec=0.001458
    [CG] CG iter 5: obj=174789315.808641, maxRC=728925.531906, +1 cols
    [CG]   [DIAG] iter=5 posCols=1 newCols=1 effImprove=1 updated=0
    [CG] CG iter 1: obj=145107819.320186, maxRC=59519644.562382, +23 cols
    [CG] CG iter 6: obj=175166871.402898, maxRC=132190.853586, +1 cols
    [CG]   [DIAG] iter=1 posCols=23 newCols=23 effImprove=23 updated=0
    [CG]   [DIAG] iter=6 posCols=1 newCols=1 effImprove=1 updated=0
      [BB] 根节点即为整数解，obj=175184199.355582
    [CG]   [DIAG] iter=1 posCols=23 newCols=23 effImprove=23 updated=0
    [CG] 列生成收敛，共 6 轮迭代
    [CG] [CG-NODE] depth=0 exit=CERTIFIED certified=1 feasible=1 iters=6 generatedColsBeforeNode=0 newCols=59 posCandidates=59 duplicateCandidates=0 updatedCols=0 zeroObjImproveIters=2 objFirst=144360864.318920 objLast=174789315.808641 objGain=30428451.489721 maxRC=59502561.340296 wallSec=0.008065 pricingSec=0.005540 cplexSolveSec=0.001371
    [CG] CG iter 5: obj=175156801.414494, maxRC=830383.758984, +1 cols
    [CG]   [DIAG] iter=5 posCols=1 newCols=1 effImprove=1 updated=0
    [CG] 列生成收敛，共 7 轮迭代
    [CG] [CG-NODE] depth=0 exit=CERTIFIED certified=1 feasible=1 iters=7 generatedColsBeforeNode=0 newCols=59 posCandidates=59 duplicateCandidates=0 updatedCols=0 zeroObjImproveIters=2 objFirst=144892337.777356 objLast=175166871.402898 objGain=30274533.625542 maxRC=59512429.810681 wallSec=0.008035 pricingSec=0.005288 cplexSolveSec=0.001533
      [BB] 根节点即为整数解，obj=174789315.808641
      [BB] 根节点即为整数解，obj=175166871.402898
    [CG] 列生成收敛，共 6 轮迭代
    [CG] [CG-NODE] depth=0 exit=CERTIFIED certified=1 feasible=1 iters=6 generatedColsBeforeNode=0 newCols=61 posCandidates=61 duplicateCandidates=0 updatedCols=0 zeroObjImproveIters=1 objFirst=144929199.486080 objLast=175156801.414494 objGain=30227601.928414 maxRC=59519550.350332 wallSec=0.012787 pricingSec=0.008795 cplexSolveSec=0.002176
    [CG] CG iter 2: obj=161467295.063225, maxRC=10623316.279388, +16 cols
    [CG] CG iter 2: obj=161434580.567526, maxRC=10622848.482012, +16 cols
    [CG]   [DIAG] iter=2 posCols=16 newCols=16 effImprove=16 updated=0
    [CG] 列生成开始，初始列数=128
    [CG]   [DIAG] iter=2 posCols=16 newCols=16 effImprove=16 updated=0
      [BB] 根节点即为整数解，obj=175156801.414494
    [CG] CG iter 3: obj=165665903.194618, maxRC=5118128.238817, +15 cols
    [CG]   [DIAG] iter=3 posCols=15 newCols=15 effImprove=15 updated=0
    [CG] CG iter 3: obj=165590473.698381, maxRC=5108741.100779, +15 cols
    [CG]   [DIAG] iter=3 posCols=15 newCols=15 effImprove=15 updated=0
    [CG] CG iter 4: obj=175178114.191640, maxRC=2671769.720189, +6 cols
    [CG]   [DIAG] iter=4 posCols=6 newCols=6 effImprove=6 updated=0
    [CG] CG iter 4: obj=175096645.132211, maxRC=2667831.544079, +5 cols
    [CG]   [DIAG] iter=4 posCols=5 newCols=5 effImprove=5 updated=0
    [CG] CG iter 5: obj=175190051.828216, maxRC=830016.536251, +1 cols
    [CG]   [DIAG] iter=5 posCols=1 newCols=1 effImprove=1 updated=0
    [CG] CG iter 5: obj=175096645.132211, maxRC=807701.169646, +1 cols
    [CG] 列生成收敛，共 6 轮迭代
    [CG]   [DIAG] iter=5 posCols=1 newCols=1 effImprove=1 updated=0
    [CG] [CG-NODE] depth=0 exit=CERTIFIED certified=1 feasible=1 iters=6 generatedColsBeforeNode=0 newCols=61 posCandidates=61 duplicateCandidates=0 updatedCols=0 zeroObjImproveIters=1 objFirst=145107819.320186 objLast=175190051.828216 objGain=30082232.508031 maxRC=59519644.562382 wallSec=0.008011 pricingSec=0.005284 cplexSolveSec=0.001462
      [BB] 根节点即为整数解，obj=175190051.828216
    [CG] 列生成收敛，共 6 轮迭代
    [CG] [CG-NODE] depth=0 exit=CERTIFIED certified=1 feasible=1 iters=6 generatedColsBeforeNode=0 newCols=60 posCandidates=60 duplicateCandidates=0 updatedCols=0 zeroObjImproveIters=2 objFirst=145029529.115546 objLast=175096645.132211 objGain=30067116.016665 maxRC=59518994.021607 wallSec=0.010434 pricingSec=0.006773 cplexSolveSec=0.002059
      [BB] 根节点即为整数解，obj=175096645.132211
    [CG] CG iter 1: obj=144924989.300037, maxRC=59513708.479228, +23 cols
    [CG]   [DIAG] iter=1 posCols=23 newCols=23 effImprove=23 updated=0
    [CG] CG iter 2: obj=161456507.368346, maxRC=10623464.266662, +16 cols
    [CG]   [DIAG] iter=2 posCols=16 newCols=16 effImprove=16 updated=0
    [CG] CG iter 3: obj=165655629.899688, maxRC=5115744.578882, +14 cols
    [CG]   [DIAG] iter=3 posCols=14 newCols=14 effImprove=14 updated=0
    [CG] CG iter 4: obj=175164972.492816, maxRC=2670760.158159, +6 cols
    [CG]   [DIAG] iter=4 posCols=6 newCols=6 effImprove=6 updated=0
    [CG] CG iter 5: obj=175174127.112747, maxRC=827963.044307, +1 cols
    [CG]   [DIAG] iter=5 posCols=1 newCols=1 effImprove=1 updated=0
    [CG] 列生成收敛，共 6 轮迭代
    [CG] [CG-NODE] depth=0 exit=CERTIFIED certified=1 feasible=1 iters=6 generatedColsBeforeNode=0 newCols=60 posCandidates=60 duplicateCandidates=0 updatedCols=0 zeroObjImproveIters=1 objFirst=144924989.300037 objLast=175174127.112747 objGain=30249137.812711 maxRC=59513708.479228 wallSec=0.012215 pricingSec=0.008071 cplexSolveSec=0.002376
      [BB] 根节点即为整数解，obj=175174127.112747
[GA] 代数 6: Best=175219889.92, Avg=175135023.74, Worst=174687712.48, Valid=30/30, 耗时=0.05s (连续6代未提升)
  ├─ 求解: 30 个体 fork 并行 | CG迭代=145 加列=1451 BB分支=0
  ├─ 并行墙钟=0.0547s | 串行等效(ΣBP)=0.3284s | 加速比=6.00x
  ├─ 管理开销=-0.2737s (fork=0.0030 wait=0.0514 merge=0.0002)
  └─ CG明细: gen_logs/run_gen6_ind{0..29}.log
    [CG] 列生成开始，初始列数=128
    [CG] 列生成开始，初始列数=128
    [CG] 列生成开始，初始列数=128
    [CG] 列生成开始，初始列数=128
    [CG] 列生成开始，初始列数=128
    [CG] 列生成开始，初始列数=128
    [CG] 列生成开始，初始列数=128
    [CG] 列生成开始，初始列数=128
    [CG] CG iter 1: obj=144984184.203646, maxRC=59513894.439822, +23 cols
    [CG] CG iter 1: obj=144976449.191892, maxRC=59513894.439822, +23 cols
    [CG] CG iter 1: obj=145044850.125701, maxRC=59519550.350332, +23 cols
    [CG]   [DIAG] iter=1 posCols=23 newCols=23 effImprove=23 updated=0
    [CG]   [DIAG] iter=1 posCols=23 newCols=23 effImprove=23 updated=0
    [CG]   [DIAG] iter=1 posCols=23 newCols=23 effImprove=23 updated=0
    [CG] CG iter 1: obj=145099392.067145, maxRC=59519779.058582, +23 cols
    [CG]   [DIAG] iter=1 posCols=23 newCols=23 effImprove=23 updated=0
    [CG] CG iter 2: obj=161445534.273524, maxRC=10623464.266662, +16 cols
    [CG]   [DIAG] iter=2 posCols=16 newCols=16 effImprove=16 updated=0
    [CG] CG iter 2: obj=161467615.500410, maxRC=10623249.857382, +16 cols
    [CG] CG iter 2: obj=161439223.628805, maxRC=10623464.266662, +16 cols
    [CG]   [DIAG] iter=2 posCols=16 newCols=16 effImprove=16 updated=0
    [CG]   [DIAG] iter=2 posCols=16 newCols=16 effImprove=16 updated=0
    [CG] CG iter 1: obj=144779533.725350, maxRC=59519644.562382, +23 cols
    [CG] CG iter 2: obj=161459944.838005, maxRC=10623475.432243, +16 cols
    [CG]   [DIAG] iter=2 posCols=16 newCols=16 effImprove=16 updated=0
    [CG]   [DIAG] iter=1 posCols=23 newCols=23 effImprove=23 updated=0
    [CG] CG iter 3: obj=165666178.364479, maxRC=5118128.238817, +15 cols
    [CG] CG iter 3: obj=165637842.239526, maxRC=5106522.043673, +14 cols
    [CG] CG iter 3: obj=165644132.377444, maxRC=5109038.932198, +14 cols
    [CG]   [DIAG] iter=3 posCols=15 newCols=15 effImprove=15 updated=0
    [CG]   [DIAG] iter=3 posCols=14 newCols=14 effImprove=14 updated=0
    [CG]   [DIAG] iter=3 posCols=14 newCols=14 effImprove=14 updated=0
    [CG] CG iter 2: obj=161197685.820833, maxRC=10623300.567101, +16 cols
    [CG]   [DIAG] iter=2 posCols=16 newCols=16 effImprove=16 updated=0
    [CG] CG iter 3: obj=165658511.207767, maxRC=5118128.238817, +15 cols
    [CG]   [DIAG] iter=3 posCols=15 newCols=15 effImprove=15 updated=0
    [CG] CG iter 4: obj=175178452.122461, maxRC=2671769.720189, +6 cols
    [CG]   [DIAG] iter=4 posCols=6 newCols=6 effImprove=6 updated=0
    [CG] CG iter 4: obj=175147295.321068, maxRC=2667955.913234, +6 cols
    [CG]   [DIAG] iter=4 posCols=6 newCols=6 effImprove=6 updated=0
    [CG] CG iter 4: obj=175138466.218065, maxRC=2666905.150895, +5 cols
    [CG]   [DIAG] iter=4 posCols=5 newCols=5 effImprove=5 updated=0
    [CG] CG iter 4: obj=175170784.218640, maxRC=2671769.720189, +6 cols
    [CG]   [DIAG] iter=4 posCols=6 newCols=6 effImprove=6 updated=0
    [CG] CG iter 5: obj=175190429.013894, maxRC=830112.912422, +1 cols
    [CG] CG iter 5: obj=175148582.770373, maxRC=826045.563661, +1 cols
    [CG]   [DIAG] iter=5 posCols=1 newCols=1 effImprove=1 updated=0
    [CG] CG iter 3: obj=165400649.812579, maxRC=5023811.312527, +15 cols
    [CG]   [DIAG] iter=5 posCols=1 newCols=1 effImprove=1 updated=0
    [CG]   [DIAG] iter=3 posCols=15 newCols=15 effImprove=15 updated=0
    [CG] CG iter 5: obj=175138466.218065, maxRC=823259.103495, +1 cols
    [CG]   [DIAG] iter=5 posCols=1 newCols=1 effImprove=1 updated=0
    [CG] 列生成收敛，共 6 轮迭代
    [CG] 列生成收敛，共 6 轮迭代
    [CG] [CG-NODE] depth=0 exit=CERTIFIED certified=1 feasible=1 iters=6 generatedColsBeforeNode=0 newCols=60 posCandidates=60 duplicateCandidates=0 updatedCols=0 zeroObjImproveIters=1 objFirst=144984184.203646 objLast=175148582.770373 objGain=30164398.566727 maxRC=59513894.439822 wallSec=0.009954 pricingSec=0.006644 cplexSolveSec=0.001826
    [CG] [CG-NODE] depth=0 exit=CERTIFIED certified=1 feasible=1 iters=6 generatedColsBeforeNode=0 newCols=61 posCandidates=61 duplicateCandidates=0 updatedCols=0 zeroObjImproveIters=1 objFirst=145044850.125701 objLast=175190429.013894 objGain=30145578.888194 maxRC=59519550.350332 wallSec=0.010195 pricingSec=0.006689 cplexSolveSec=0.001938
    [CG] CG iter 5: obj=175182659.510456, maxRC=830103.698914, +1 cols
    [CG]   [DIAG] iter=5 posCols=1 newCols=1 effImprove=1 updated=0
    [CG] 列生成收敛，共 6 轮迭代
    [CG] CG iter 4: obj=174814195.071590, maxRC=2632447.901121, +5 cols
    [CG] [CG-NODE] depth=0 exit=CERTIFIED certified=1 feasible=1 iters=6 generatedColsBeforeNode=0 newCols=59 posCandidates=59 duplicateCandidates=0 updatedCols=0 zeroObjImproveIters=2 objFirst=144976449.191892 objLast=175138466.218065 objGain=30162017.026174 maxRC=59513894.439822 wallSec=0.010428 pricingSec=0.006781 cplexSolveSec=0.001988
    [CG]   [DIAG] iter=4 posCols=5 newCols=5 effImprove=5 updated=0
      [BB] 根节点即为整数解，obj=175148582.770373
      [BB] 根节点即为整数解，obj=175190429.013894
      [BB] 根节点即为整数解，obj=175138466.218065
    [CG] CG iter 1: obj=145063474.073680, maxRC=59519406.366864, +23 cols
    [CG] 列生成收敛，共 6 轮迭代
    [CG] [CG-NODE] depth=0 exit=CERTIFIED certified=1 feasible=1 iters=6 generatedColsBeforeNode=0 newCols=61 posCandidates=61 duplicateCandidates=0 updatedCols=0 zeroObjImproveIters=1 objFirst=145099392.067145 objLast=175182659.510456 objGain=30083267.443311 maxRC=59519779.058582 wallSec=0.010592 pricingSec=0.007006 cplexSolveSec=0.002049
    [CG] CG iter 5: obj=174814195.071590, maxRC=683572.078269, +1 cols
    [CG]   [DIAG] iter=5 posCols=1 newCols=1 effImprove=1 updated=0
    [CG]   [DIAG] iter=1 posCols=23 newCols=23 effImprove=23 updated=0
      [BB] 根节点即为整数解，obj=175182659.510456
    [CG] 列生成收敛，共 6 轮迭代
    [CG] [CG-NODE] depth=0 exit=CERTIFIED certified=1 feasible=1 iters=6 generatedColsBeforeNode=0 newCols=60 posCandidates=60 duplicateCandidates=0 updatedCols=0 zeroObjImproveIters=2 objFirst=144779533.725350 objLast=174814195.071590 objGain=30034661.346240 maxRC=59519644.562382 wallSec=0.010769 pricingSec=0.007112 cplexSolveSec=0.001962
      [BB] 根节点即为整数解，obj=174814195.071590
    [CG] CG iter 2: obj=161437077.448173, maxRC=10623486.794171, +16 cols
    [CG]   [DIAG] iter=2 posCols=16 newCols=16 effImprove=16 updated=0
    [CG] 列生成开始，初始列数=128
    [CG] 列生成开始，初始列数=128
    [CG] 列生成开始，初始列数=128
    [CG] 列生成开始，初始列数=128
    [CG] 列生成开始，初始列数=128
    [CG] CG iter 3: obj=165636508.880977, maxRC=5109038.932198, +15 cols
    [CG]   [DIAG] iter=3 posCols=15 newCols=15 effImprove=15 updated=0
    [CG] CG iter 1: obj=145100398.539843, maxRC=59519752.128890, +23 cols
    [CG]   [DIAG] iter=1 posCols=23 newCols=23 effImprove=23 updated=0
    [CG] CG iter 1: obj=144932440.021864, maxRC=59510834.631833, +23 cols
    [CG] CG iter 4: obj=175138816.579435, maxRC=2667955.913234, +6 cols
    [CG]   [DIAG] iter=4 posCols=6 newCols=6 effImprove=6 updated=0
    [CG]   [DIAG] iter=1 posCols=23 newCols=23 effImprove=23 updated=0
    [CG] CG iter 5: obj=175140086.400526, maxRC=824532.752488, +1 cols
    [CG]   [DIAG] iter=5 posCols=1 newCols=1 effImprove=1 updated=0
    [CG] CG iter 2: obj=161459918.477768, maxRC=10623470.951051, +16 cols
    [CG]   [DIAG] iter=2 posCols=16 newCols=16 effImprove=16 updated=0
    [CG] 列生成收敛，共 6 轮迭代
    [CG] [CG-NODE] depth=0 exit=CERTIFIED certified=1 feasible=1 iters=6 generatedColsBeforeNode=0 newCols=61 posCandidates=61 duplicateCandidates=0 updatedCols=0 zeroObjImproveIters=1 objFirst=145063474.073680 objLast=175140086.400526 objGain=30076612.326846 maxRC=59519406.366864 wallSec=0.015094 pricingSec=0.010523 cplexSolveSec=0.002565
    [CG] CG iter 2: obj=161456467.252108, maxRC=10621256.702127, +16 cols
    [CG]   [DIAG] iter=2 posCols=16 newCols=16 effImprove=16 updated=0
      [BB] 根节点即为整数解，obj=175140086.400526
    [CG] CG iter 3: obj=165658487.094515, maxRC=5118128.238817, +15 cols
    [CG]   [DIAG] iter=3 posCols=15 newCols=15 effImprove=15 updated=0
    [CG] CG iter 3: obj=165655984.638613, maxRC=5118128.238817, +14 cols
    [CG]   [DIAG] iter=3 posCols=14 newCols=14 effImprove=14 updated=0
    [CG] CG iter 1: obj=144927713.985231, maxRC=59513786.873314, +23 cols
    [CG]   [DIAG] iter=1 posCols=23 newCols=23 effImprove=23 updated=0
    [CG] CG iter 4: obj=175170754.091064, maxRC=2671769.720189, +6 cols
    [CG]   [DIAG] iter=4 posCols=6 newCols=6 effImprove=6 updated=0
    [CG] CG iter 4: obj=175168039.107579, maxRC=2671769.720189, +6 cols
    [CG]   [DIAG] iter=4 posCols=6 newCols=6 effImprove=6 updated=0
    [CG] 列生成开始，初始列数=128
    [CG] CG iter 5: obj=175182647.464124, maxRC=830106.889867, +1 cols
    [CG]   [DIAG] iter=5 posCols=1 newCols=1 effImprove=1 updated=0
    [CG] CG iter 2: obj=161456041.563514, maxRC=10623300.567101, +16 cols
    [CG]   [DIAG] iter=2 posCols=16 newCols=16 effImprove=16 updated=0
    [CG] CG iter 1: obj=144699355.093131, maxRC=59513708.479228, +23 cols
    [CG]   [DIAG] iter=1 posCols=23 newCols=23 effImprove=23 updated=0
    [CG] CG iter 1: obj=144923533.433758, maxRC=59519550.350332, +23 cols
    [CG] CG iter 5: obj=175181173.357083, maxRC=829050.628549, +1 cols
    [CG]   [DIAG] iter=5 posCols=1 newCols=1 effImprove=1 updated=0
    [CG]   [DIAG] iter=1 posCols=23 newCols=23 effImprove=23 updated=0
    [CG] 列生成收敛，共 6 轮迭代
    [CG] [CG-NODE] depth=0 exit=CERTIFIED certified=1 feasible=1 iters=6 generatedColsBeforeNode=0 newCols=61 posCandidates=61 duplicateCandidates=0 updatedCols=0 zeroObjImproveIters=1 objFirst=145100398.539843 objLast=175182647.464124 objGain=30082248.924280 maxRC=59519752.128890 wallSec=0.017958 pricingSec=0.012728 cplexSolveSec=0.002721
      [BB] 根节点即为整数解，obj=175182647.464124
    [CG] CG iter 3: obj=165655152.791177, maxRC=5115744.578882, +14 cols
    [CG]   [DIAG] iter=3 posCols=14 newCols=14 effImprove=14 updated=0
    [CG] 列生成收敛，共 6 轮迭代
    [CG] CG iter 2: obj=161462015.886148, maxRC=10624117.952830, +16 cols
    [CG] [CG-NODE] depth=0 exit=CERTIFIED certified=1 feasible=1 iters=6 generatedColsBeforeNode=0 newCols=60 posCandidates=60 duplicateCandidates=0 updatedCols=0 zeroObjImproveIters=1 objFirst=144932440.021864 objLast=175181173.357083 objGain=30248733.335219 maxRC=59510834.631833 wallSec=0.018067 pricingSec=0.013115 cplexSolveSec=0.002649
    [CG]   [DIAG] iter=2 posCols=16 newCols=16 effImprove=16 updated=0
    [CG] CG iter 2: obj=161462081.038502, maxRC=10132839.704525, +17 cols
    [CG]   [DIAG] iter=2 posCols=17 newCols=17 effImprove=17 updated=0
      [BB] 根节点即为整数解，obj=175181173.357083
    [CG] CG iter 1: obj=144919425.327354, maxRC=59513708.479228, +23 cols
    [CG] CG iter 4: obj=175164484.080626, maxRC=2670760.158159, +6 cols
    [CG]   [DIAG] iter=4 posCols=6 newCols=6 effImprove=6 updated=0
    [CG]   [DIAG] iter=1 posCols=23 newCols=23 effImprove=23 updated=0
    [CG] CG iter 3: obj=165636244.268008, maxRC=5118128.238817, +15 cols
    [CG] CG iter 3: obj=170676518.282756, maxRC=3404003.222154, +11 cols
    [CG]   [DIAG] iter=3 posCols=15 newCols=15 effImprove=15 updated=0
    [CG]   [DIAG] iter=3 posCols=11 newCols=11 effImprove=11 updated=0
    [CG] CG iter 5: obj=175173696.765595, maxRC=827963.044307, +1 cols
    [CG]   [DIAG] iter=5 posCols=1 newCols=1 effImprove=1 updated=0
    [CG] CG iter 4: obj=175149995.415223, maxRC=2671769.720189, +6 cols
    [CG]   [DIAG] iter=4 posCols=6 newCols=6 effImprove=6 updated=0
    [CG] CG iter 4: obj=173880902.099973, maxRC=1315039.187297, +4 cols
    [CG]   [DIAG] iter=4 posCols=4 newCols=4 effImprove=4 updated=0
    [CG] 列生成收敛，共 6 轮迭代
    [CG] [CG-NODE] depth=0 exit=CERTIFIED certified=1 feasible=1 iters=6 generatedColsBeforeNode=0 newCols=60 posCandidates=60 duplicateCandidates=0 updatedCols=0 zeroObjImproveIters=1 objFirst=144927713.985231 objLast=175173696.765595 objGain=30245982.780364 maxRC=59513786.873314 wallSec=0.008321 pricingSec=0.005530 cplexSolveSec=0.001572
    [CG] CG iter 5: obj=175151976.521091, maxRC=829544.151558, +1 cols
      [BB] 根节点即为整数解，obj=175173696.765595
    [CG]   [DIAG] iter=5 posCols=1 newCols=1 effImprove=1 updated=0
    [CG] CG iter 5: obj=175179700.782903, maxRC=681279.223010, +3 cols
    [CG]   [DIAG] iter=5 posCols=3 newCols=3 effImprove=3 updated=0
    [CG] CG iter 2: obj=161456128.025029, maxRC=10623464.266662, +16 cols
    [CG] 列生成收敛，共 6 轮迭代
    [CG] [CG-NODE] depth=0 exit=CERTIFIED certified=1 feasible=1 iters=6 generatedColsBeforeNode=0 newCols=61 posCandidates=61 duplicateCandidates=0 updatedCols=0 zeroObjImproveIters=1 objFirst=144923533.433758 objLast=175151976.521091 objGain=30228443.087333 maxRC=59519550.350332 wallSec=0.008455 pricingSec=0.005431 cplexSolveSec=0.001565
    [CG]   [DIAG] iter=2 posCols=16 newCols=16 effImprove=16 updated=0
      [BB] 根节点即为整数解，obj=175151976.521091
    [CG] CG iter 6: obj=175179700.782903, maxRC=137155.383713, +1 cols
    [CG]   [DIAG] iter=6 posCols=1 newCols=1 effImprove=1 updated=0
    [CG] 列生成开始，初始列数=128
    [CG] 列生成开始，初始列数=128
    [CG] 列生成收敛，共 7 轮迭代
    [CG] [CG-NODE] depth=0 exit=CERTIFIED certified=1 feasible=1 iters=7 generatedColsBeforeNode=0 newCols=59 posCandidates=59 duplicateCandidates=0 updatedCols=0 zeroObjImproveIters=2 objFirst=144699355.093131 objLast=175179700.782903 objGain=30480345.689773 maxRC=59513708.479228 wallSec=0.008830 pricingSec=0.005513 cplexSolveSec=0.001810
      [BB] 根节点即为整数解，obj=175179700.782903
    [CG] CG iter 3: obj=165654963.368079, maxRC=5115590.573004, +14 cols
    [CG]   [DIAG] iter=3 posCols=14 newCols=14 effImprove=14 updated=0
    [CG] CG iter 1: obj=145006986.040619, maxRC=59513894.439822, +23 cols
    [CG] 列生成开始，初始列数=128
    [CG]   [DIAG] iter=1 posCols=23 newCols=23 effImprove=23 updated=0
    [CG] CG iter 4: obj=175164131.924933, maxRC=2670695.584470, +6 cols
    [CG]   [DIAG] iter=4 posCols=6 newCols=6 effImprove=6 updated=0
    [CG] 列生成开始，初始列数=128
    [CG] CG iter 5: obj=175173035.664847, maxRC=827895.501973, +1 cols
    [CG]   [DIAG] iter=5 posCols=1 newCols=1 effImprove=1 updated=0
    [CG] 列生成开始，初始列数=128
    [CG] CG iter 2: obj=161464594.230270, maxRC=10627910.966633, +16 cols
    [CG] 列生成收敛，共 6 轮迭代
    [CG] CG iter 1: obj=145004744.121819, maxRC=59513786.873314, +23 cols
    [CG] [CG-NODE] depth=0 exit=CERTIFIED certified=1 feasible=1 iters=6 generatedColsBeforeNode=0 newCols=60 posCandidates=60 duplicateCandidates=0 updatedCols=0 zeroObjImproveIters=1 objFirst=144919425.327354 objLast=175173035.664847 objGain=30253610.337494 maxRC=59513708.479228 wallSec=0.012384 pricingSec=0.008464 cplexSolveSec=0.002263
    [CG]   [DIAG] iter=2 posCols=16 newCols=16 effImprove=16 updated=0
    [CG]   [DIAG] iter=1 posCols=23 newCols=23 effImprove=23 updated=0
      [BB] 根节点即为整数解，obj=175173035.664847
    [CG] CG iter 2: obj=161462067.529615, maxRC=10624324.039956, +16 cols
    [CG]   [DIAG] iter=2 posCols=16 newCols=16 effImprove=16 updated=0
    [CG] CG iter 3: obj=165661741.978878, maxRC=5118128.238817, +14 cols
    [CG]   [DIAG] iter=3 posCols=14 newCols=14 effImprove=14 updated=0
    [CG] CG iter 1: obj=145027728.341314, maxRC=59518994.021607, +23 cols
    [CG]   [DIAG] iter=1 posCols=23 newCols=23 effImprove=23 updated=0
    [CG] 列生成开始，初始列数=128
    [CG] CG iter 4: obj=175172750.131195, maxRC=2671769.720189, +6 cols
    [CG]   [DIAG] iter=4 posCols=6 newCols=6 effImprove=6 updated=0
    [CG] CG iter 3: obj=165660747.548862, maxRC=5118128.238817, +14 cols
    [CG]   [DIAG] iter=3 posCols=14 newCols=14 effImprove=14 updated=0
    [CG] CG iter 2: obj=161433111.556355, maxRC=10622848.482012, +16 cols
    [CG] CG iter 5: obj=175184629.702734, maxRC=831630.739541, +1 cols
    [CG]   [DIAG] iter=5 posCols=1 newCols=1 effImprove=1 updated=0
    [CG]   [DIAG] iter=2 posCols=16 newCols=16 effImprove=16 updated=0
    [CG] CG iter 4: obj=175172254.765460, maxRC=2671769.720189, +6 cols
    [CG]   [DIAG] iter=4 posCols=6 newCols=6 effImprove=6 updated=0
    [CG] 列生成收敛，共 6 轮迭代
    [CG] [CG-NODE] depth=0 exit=CERTIFIED certified=1 feasible=1 iters=6 generatedColsBeforeNode=0 newCols=60 posCandidates=60 duplicateCandidates=0 updatedCols=0 zeroObjImproveIters=1 objFirst=145006986.040619 objLast=175184629.702734 objGain=30177643.662115 maxRC=59513894.439822 wallSec=0.015423 pricingSec=0.010854 cplexSolveSec=0.002574
      [BB] 根节点即为整数解，obj=175184629.702734
    [CG] CG iter 3: obj=165589004.687211, maxRC=5108131.055387, +15 cols
    [CG]   [DIAG] iter=3 posCols=15 newCols=15 effImprove=15 updated=0
    [CG] CG iter 5: obj=175184192.402037, maxRC=829590.216741, +1 cols
    [CG]   [DIAG] iter=5 posCols=1 newCols=1 effImprove=1 updated=0
    [CG] CG iter 4: obj=175094566.075648, maxRC=2667576.826223, +5 cols
    [CG]   [DIAG] iter=4 posCols=5 newCols=5 effImprove=5 updated=0
    [CG] 列生成收敛，共 6 轮迭代
    [CG] [CG-NODE] depth=0 exit=CERTIFIED certified=1 feasible=1 iters=6 generatedColsBeforeNode=0 newCols=60 posCandidates=60 duplicateCandidates=0 updatedCols=0 zeroObjImproveIters=1 objFirst=145004744.121819 objLast=175184192.402037 objGain=30179448.280219 maxRC=59513786.873314 wallSec=0.011407 pricingSec=0.007495 cplexSolveSec=0.002258
      [BB] 根节点即为整数解，obj=175184192.402037
    [CG] CG iter 5: obj=175094566.075648, maxRC=806725.930344, +1 cols
    [CG]   [DIAG] iter=5 posCols=1 newCols=1 effImprove=1 updated=0
    [CG] CG iter 1: obj=145030402.734993, maxRC=59518994.021607, +23 cols
    [CG]   [DIAG] iter=1 posCols=23 newCols=23 effImprove=23 updated=0
    [CG] 列生成收敛，共 6 轮迭代
    [CG] [CG-NODE] depth=0 exit=CERTIFIED certified=1 feasible=1 iters=6 generatedColsBeforeNode=0 newCols=60 posCandidates=60 duplicateCandidates=0 updatedCols=0 zeroObjImproveIters=2 objFirst=145027728.341314 objLast=175094566.075648 objGain=30066837.734334 maxRC=59518994.021607 wallSec=0.008846 pricingSec=0.005779 cplexSolveSec=0.001795
      [BB] 根节点即为整数解，obj=175094566.075648
    [CG] 列生成开始，初始列数=128
    [CG] CG iter 1: obj=144964046.649431, maxRC=59519644.562382, +23 cols
    [CG] CG iter 1: obj=145094058.651464, maxRC=59519644.562382, +23 cols
    [CG]   [DIAG] iter=1 posCols=23 newCols=23 effImprove=23 updated=0
    [CG]   [DIAG] iter=1 posCols=23 newCols=23 effImprove=23 updated=0
    [CG] CG iter 1: obj=144989399.853282, maxRC=59519644.926662, +23 cols
    [CG]   [DIAG] iter=1 posCols=23 newCols=23 effImprove=23 updated=0
    [CG] CG iter 2: obj=161467476.953650, maxRC=10623309.674480, +16 cols
    [CG]   [DIAG] iter=2 posCols=16 newCols=16 effImprove=16 updated=0
    [CG] CG iter 2: obj=161435298.160622, maxRC=10622848.482012, +16 cols
    [CG]   [DIAG] iter=2 posCols=16 newCols=16 effImprove=16 updated=0
    [CG] CG iter 2: obj=161348869.063284, maxRC=10623316.279388, +16 cols
    [CG]   [DIAG] iter=2 posCols=16 newCols=16 effImprove=16 updated=0
    [CG] 列生成开始，初始列数=128
    [CG] CG iter 2: obj=161370554.696694, maxRC=10624324.039956, +16 cols
    [CG]   [DIAG] iter=2 posCols=16 newCols=16 effImprove=16 updated=0
    [CG] CG iter 3: obj=165666046.874839, maxRC=5118135.459319, +15 cols
    [CG]   [DIAG] iter=3 posCols=15 newCols=15 effImprove=15 updated=0
    [CG] CG iter 3: obj=165550121.539401, maxRC=5080312.644978, +15 cols
    [CG] CG iter 4: obj=175178298.333009, maxRC=2671770.539117, +6 cols
    [CG]   [DIAG] iter=4 posCols=6 newCols=6 effImprove=6 updated=0
    [CG]   [DIAG] iter=3 posCols=15 newCols=15 effImprove=15 updated=0
    [CG] CG iter 1: obj=145108386.934411, maxRC=59519599.699864, +23 cols
    [CG] CG iter 3: obj=165591191.291478, maxRC=5109038.932198, +15 cols
    [CG]   [DIAG] iter=3 posCols=15 newCols=15 effImprove=15 updated=0
    [CG] CG iter 5: obj=175190257.151090, maxRC=830038.512372, +1 cols
    [CG]   [DIAG] iter=5 posCols=1 newCols=1 effImprove=1 updated=0
    [CG]   [DIAG] iter=1 posCols=23 newCols=23 effImprove=23 updated=0
    [CG] CG iter 3: obj=165569234.715941, maxRC=5080312.644978, +15 cols
    [CG]   [DIAG] iter=3 posCols=15 newCols=15 effImprove=15 updated=0
    [CG] CG iter 4: obj=175021872.597859, maxRC=2655978.032040, +5 cols
    [CG] 列生成开始，初始列数=128
    [CG]   [DIAG] iter=4 posCols=5 newCols=5 effImprove=5 updated=0
    [CG] 列生成收敛，共 6 轮迭代
    [CG] [CG-NODE] depth=0 exit=CERTIFIED certified=1 feasible=1 iters=6 generatedColsBeforeNode=0 newCols=61 posCandidates=61 duplicateCandidates=0 updatedCols=0 zeroObjImproveIters=1 objFirst=145094058.651464 objLast=175190257.151090 objGain=30096198.499626 maxRC=59519644.562382 wallSec=0.006735 pricingSec=0.004371 cplexSolveSec=0.001312
      [BB] 根节点即为整数解，obj=175190257.151090
    [CG] CG iter 4: obj=175097660.556726, maxRC=2667955.913234, +5 cols
    [CG] CG iter 5: obj=175021872.597859, maxRC=776727.252267, +1 cols
    [CG] CG iter 4: obj=175042926.338700, maxRC=2655978.032040, +5 cols
    [CG]   [DIAG] iter=5 posCols=1 newCols=1 effImprove=1 updated=0
    [CG]   [DIAG] iter=4 posCols=5 newCols=5 effImprove=5 updated=0
    [CG]   [DIAG] iter=4 posCols=5 newCols=5 effImprove=5 updated=0
    [CG] 列生成收敛，共 6 轮迭代
    [CG] [CG-NODE] depth=0 exit=CERTIFIED certified=1 feasible=1 iters=6 generatedColsBeforeNode=0 newCols=60 posCandidates=60 duplicateCandidates=0 updatedCols=0 zeroObjImproveIters=2 objFirst=144964046.649431 objLast=175021872.597859 objGain=30057825.948428 maxRC=59519644.562382 wallSec=0.012911 pricingSec=0.008945 cplexSolveSec=0.002134
    [CG] CG iter 5: obj=175042926.338700, maxRC=781065.049967, +1 cols
    [CG]   [DIAG] iter=5 posCols=1 newCols=1 effImprove=1 updated=0
      [BB] 根节点即为整数解，obj=175021872.597859
    [CG] CG iter 5: obj=175097660.556726, maxRC=808177.348797, +1 cols
    [CG]   [DIAG] iter=5 posCols=1 newCols=1 effImprove=1 updated=0
    [CG] CG iter 2: obj=161467717.297073, maxRC=10623266.086169, +16 cols
    [CG]   [DIAG] iter=2 posCols=16 newCols=16 effImprove=16 updated=0
    [CG] 列生成收敛，共 6 轮迭代
    [CG] [CG-NODE] depth=0 exit=CERTIFIED certified=1 feasible=1 iters=6 generatedColsBeforeNode=0 newCols=60 posCandidates=60 duplicateCandidates=0 updatedCols=0 zeroObjImproveIters=2 objFirst=144989399.853282 objLast=175042926.338700 objGain=30053526.485418 maxRC=59519644.926662 wallSec=0.010870 pricingSec=0.007131 cplexSolveSec=0.002072
      [BB] 根节点即为整数解，obj=175042926.338700
    [CG] 列生成收敛，共 6 轮迭代
    [CG] [CG-NODE] depth=0 exit=CERTIFIED certified=1 feasible=1 iters=6 generatedColsBeforeNode=0 newCols=60 posCandidates=60 duplicateCandidates=0 updatedCols=0 zeroObjImproveIters=2 objFirst=145030402.734993 objLast=175097660.556726 objGain=30067257.821733 maxRC=59518994.021607 wallSec=0.012200 pricingSec=0.008272 cplexSolveSec=0.002285
      [BB] 根节点即为整数解，obj=175097660.556726
    [CG] 列生成开始，初始列数=128
    [CG] CG iter 3: obj=165666277.397454, maxRC=5118128.238817, +15 cols
    [CG]   [DIAG] iter=3 posCols=15 newCols=15 effImprove=15 updated=0
    [CG] 列生成开始，初始列数=128
    [CG] CG iter 4: obj=175178552.896470, maxRC=2671769.720189, +6 cols
    [CG]   [DIAG] iter=4 posCols=6 newCols=6 effImprove=6 updated=0
    [CG] CG iter 5: obj=175190509.271677, maxRC=830103.374112, +1 cols
    [CG]   [DIAG] iter=5 posCols=1 newCols=1 effImprove=1 updated=0
    [CG] CG iter 1: obj=145005659.363506, maxRC=59513786.873314, +23 cols
    [CG] CG iter 1: obj=144868843.896513, maxRC=59513786.873314, +23 cols
    [CG]   [DIAG] iter=1 posCols=23 newCols=23 effImprove=23 updated=0
    [CG]   [DIAG] iter=1 posCols=23 newCols=23 effImprove=23 updated=0
    [CG] 列生成开始，初始列数=128
    [CG] 列生成收敛，共 6 轮迭代
    [CG] [CG-NODE] depth=0 exit=CERTIFIED certified=1 feasible=1 iters=6 generatedColsBeforeNode=0 newCols=61 posCandidates=61 duplicateCandidates=0 updatedCols=0 zeroObjImproveIters=1 objFirst=145108386.934411 objLast=175190509.271677 objGain=30082122.337266 maxRC=59519599.699864 wallSec=0.014412 pricingSec=0.010014 cplexSolveSec=0.002547
      [BB] 根节点即为整数解，obj=175190509.271677
    [CG] CG iter 2: obj=161462630.576648, maxRC=10623300.567101, +16 cols
    [CG]   [DIAG] iter=2 posCols=16 newCols=16 effImprove=16 updated=0
    [CG] CG iter 2: obj=161325316.700897, maxRC=10624324.039956, +16 cols
    [CG]   [DIAG] iter=2 posCols=16 newCols=16 effImprove=16 updated=0
    [CG] CG iter 3: obj=165661662.746735, maxRC=5118128.238817, +14 cols
    [CG]   [DIAG] iter=3 posCols=14 newCols=14 effImprove=14 updated=0
    [CG] CG iter 4: obj=175173456.753694, maxRC=2671769.720189, +6 cols
    [CG]   [DIAG] iter=4 posCols=6 newCols=6 effImprove=6 updated=0
    [CG] CG iter 3: obj=165523519.939262, maxRC=5118128.238817, +14 cols
    [CG] CG iter 5: obj=175185394.390271, maxRC=829252.770699, +1 cols
    [CG]   [DIAG] iter=5 posCols=1 newCols=1 effImprove=1 updated=0
    [CG]   [DIAG] iter=3 posCols=14 newCols=14 effImprove=14 updated=0
    [CG] 列生成收敛，共 6 轮迭代
    [CG] [CG-NODE] depth=0 exit=CERTIFIED certified=1 feasible=1 iters=6 generatedColsBeforeNode=0 newCols=60 posCandidates=60 duplicateCandidates=0 updatedCols=0 zeroObjImproveIters=1 objFirst=145005659.363506 objLast=175185394.390271 objGain=30179735.026765 maxRC=59513786.873314 wallSec=0.010244 pricingSec=0.007041 cplexSolveSec=0.001721
      [BB] 根节点即为整数解，obj=175185394.390271
    [CG] CG iter 4: obj=175035503.936742, maxRC=2671769.720189, +6 cols
    [CG]   [DIAG] iter=4 posCols=6 newCols=6 effImprove=6 updated=0
    [CG] CG iter 5: obj=175047441.573319, maxRC=830440.820154, +1 cols
    [CG]   [DIAG] iter=5 posCols=1 newCols=1 effImprove=1 updated=0
    [CG] 列生成收敛，共 6 轮迭代
    [CG] [CG-NODE] depth=0 exit=CERTIFIED certified=1 feasible=1 iters=6 generatedColsBeforeNode=0 newCols=60 posCandidates=60 duplicateCandidates=0 updatedCols=0 zeroObjImproveIters=1 objFirst=144868843.896513 objLast=175047441.573319 objGain=30178597.676806 maxRC=59513786.873314 wallSec=0.010481 pricingSec=0.006867 cplexSolveSec=0.002072
      [BB] 根节点即为整数解，obj=175047441.573319
    [CG] CG iter 1: obj=145019501.778785, maxRC=59519550.350332, +23 cols
    [CG]   [DIAG] iter=1 posCols=23 newCols=23 effImprove=23 updated=0
    [CG] CG iter 2: obj=161401523.841095, maxRC=10698312.734424, +16 cols
    [CG]   [DIAG] iter=2 posCols=16 newCols=16 effImprove=16 updated=0
    [CG] CG iter 1: obj=145107575.097936, maxRC=59519627.136944, +23 cols
    [CG] CG iter 1: obj=145072869.887146, maxRC=59519752.128890, +23 cols
    [CG]   [DIAG] iter=1 posCols=23 newCols=23 effImprove=23 updated=0
    [CG]   [DIAG] iter=1 posCols=23 newCols=23 effImprove=23 updated=0
    [CG] CG iter 3: obj=165378859.596792, maxRC=5118128.238817, +17 cols
    [CG]   [DIAG] iter=3 posCols=17 newCols=17 effImprove=17 updated=0
    [CG] CG iter 2: obj=161467295.063225, maxRC=10623316.279388, +16 cols
    [CG]   [DIAG] iter=2 posCols=16 newCols=16 effImprove=16 updated=0
    [CG] CG iter 2: obj=161437441.697262, maxRC=10623464.266662, +16 cols
    [CG]   [DIAG] iter=2 posCols=16 newCols=16 effImprove=16 updated=0
    [CG] CG iter 4: obj=175067815.778742, maxRC=2058390.522621, +6 cols
    [CG]   [DIAG] iter=4 posCols=6 newCols=6 effImprove=6 updated=0
    [CG] CG iter 3: obj=165665903.194618, maxRC=5118128.238817, +15 cols
    [CG]   [DIAG] iter=3 posCols=15 newCols=15 effImprove=15 updated=0
    [CG] CG iter 3: obj=165636008.390147, maxRC=5109038.932198, +15 cols
    [CG] CG iter 5: obj=175079798.093357, maxRC=24564.950818, +1 cols
    [CG]   [DIAG] iter=5 posCols=1 newCols=1 effImprove=1 updated=0
    [CG]   [DIAG] iter=3 posCols=15 newCols=15 effImprove=15 updated=0
    [CG] CG iter 4: obj=175178114.191640, maxRC=2671769.720189, +6 cols
    [CG]   [DIAG] iter=4 posCols=6 newCols=6 effImprove=6 updated=0
    [CG] 列生成收敛，共 6 轮迭代
    [CG] [CG-NODE] depth=0 exit=CERTIFIED certified=1 feasible=1 iters=6 generatedColsBeforeNode=0 newCols=63 posCandidates=63 duplicateCandidates=0 updatedCols=0 zeroObjImproveIters=1 objFirst=145019501.778785 objLast=175079798.093357 objGain=30060296.314572 maxRC=59519550.350332 wallSec=0.015123 pricingSec=0.010192 cplexSolveSec=0.002781
    [CG] CG iter 4: obj=175139201.175049, maxRC=2667955.913234, +6 cols
    [CG]   [DIAG] iter=4 posCols=6 newCols=6 effImprove=6 updated=0
      [BB] 根节点即为整数解，obj=175079798.093357
    [CG] CG iter 5: obj=175190051.828216, maxRC=830016.536251, +1 cols
    [CG]   [DIAG] iter=5 posCols=1 newCols=1 effImprove=1 updated=0
    [CG] CG iter 5: obj=175140483.201172, maxRC=826089.613943, +1 cols
    [CG]   [DIAG] iter=5 posCols=1 newCols=1 effImprove=1 updated=0
    [CG] 列生成收敛，共 6 轮迭代
    [CG] [CG-NODE] depth=0 exit=CERTIFIED certified=1 feasible=1 iters=6 generatedColsBeforeNode=0 newCols=61 posCandidates=61 duplicateCandidates=0 updatedCols=0 zeroObjImproveIters=1 objFirst=145107575.097936 objLast=175190051.828216 objGain=30082476.730281 maxRC=59519627.136944 wallSec=0.012320 pricingSec=0.008462 cplexSolveSec=0.002210
      [BB] 根节点即为整数解，obj=175190051.828216
    [CG] 列生成收敛，共 6 轮迭代
    [CG] [CG-NODE] depth=0 exit=CERTIFIED certified=1 feasible=1 iters=6 generatedColsBeforeNode=0 newCols=61 posCandidates=61 duplicateCandidates=0 updatedCols=0 zeroObjImproveIters=1 objFirst=145072869.887146 objLast=175140483.201172 objGain=30067613.314027 maxRC=59519752.128890 wallSec=0.013732 pricingSec=0.009280 cplexSolveSec=0.002467
      [BB] 根节点即为整数解，obj=175140483.201172
    [CG] CG iter 1: obj=144994006.008896, maxRC=59513025.596934, +23 cols
    [CG]   [DIAG] iter=1 posCols=23 newCols=23 effImprove=23 updated=0
    [CG] CG iter 2: obj=161464128.425438, maxRC=10627747.267072, +16 cols
    [CG]   [DIAG] iter=2 posCols=16 newCols=16 effImprove=16 updated=0
    [CG] CG iter 3: obj=165661264.870367, maxRC=5118128.238817, +14 cols
    [CG]   [DIAG] iter=3 posCols=14 newCols=14 effImprove=14 updated=0
    [CG] CG iter 4: obj=175172261.719005, maxRC=2671769.720189, +6 cols
    [CG]   [DIAG] iter=4 posCols=6 newCols=6 effImprove=6 updated=0
    [CG] CG iter 5: obj=175184199.355582, maxRC=831630.739541, +1 cols
    [CG]   [DIAG] iter=5 posCols=1 newCols=1 effImprove=1 updated=0
    [CG] 列生成收敛，共 6 轮迭代
    [CG] [CG-NODE] depth=0 exit=CERTIFIED certified=1 feasible=1 iters=6 generatedColsBeforeNode=0 newCols=60 posCandidates=60 duplicateCandidates=0 updatedCols=0 zeroObjImproveIters=1 objFirst=144994006.008896 objLast=175184199.355582 objGain=30190193.346686 maxRC=59513025.596934 wallSec=0.016714 pricingSec=0.011670 cplexSolveSec=0.002735
      [BB] 根节点即为整数解，obj=175184199.355582
[GA] 代数 7: Best=175219889.92, Avg=175166513.07, Worst=174843080.76, Valid=30/30, 耗时=0.05s (连续7代未提升)
  ├─ 求解: 30 个体 fork 并行 | CG迭代=157 加列=1570 BB分支=0
  ├─ 并行墙钟=0.0527s | 串行等效(ΣBP)=0.3180s | 加速比=6.03x
  ├─ 管理开销=-0.2653s (fork=0.0036 wait=0.0487 merge=0.0003)
  └─ CG明细: gen_logs/run_gen7_ind{0..29}.log
    [CG] 列生成开始，初始列数=128
    [CG] 列生成开始，初始列数=128
    [CG] 列生成开始，初始列数=128
    [CG] 列生成开始，初始列数=128
    [CG] 列生成开始，初始列数=128
    [CG] 列生成开始，初始列数=128
    [CG] 列生成开始，初始列数=128
    [CG] 列生成开始，初始列数=128
    [CG] CG iter 1: obj=144935782.853332, maxRC=59509515.584578, +23 cols
    [CG]   [DIAG] iter=1 posCols=23 newCols=23 effImprove=23 updated=0
    [CG] CG iter 1: obj=144932442.443466, maxRC=59510834.631833, +23 cols
    [CG] CG iter 1: obj=144979034.419314, maxRC=59513742.010795, +23 cols
    [CG] CG iter 1: obj=144912594.532579, maxRC=59505318.282345, +23 cols
    [CG]   [DIAG] iter=1 posCols=23 newCols=23 effImprove=23 updated=0
    [CG]   [DIAG] iter=1 posCols=23 newCols=23 effImprove=23 updated=0
    [CG]   [DIAG] iter=1 posCols=23 newCols=23 effImprove=23 updated=0
    [CG] CG iter 1: obj=145099389.504762, maxRC=59519752.128890, +23 cols
    [CG]   [DIAG] iter=1 posCols=23 newCols=23 effImprove=23 updated=0
    [CG] CG iter 2: obj=161464128.425438, maxRC=10627747.267072, +16 cols
    [CG]   [DIAG] iter=2 posCols=16 newCols=16 effImprove=16 updated=0
    [CG] CG iter 2: obj=161441573.153436, maxRC=10627712.786139, +16 cols
    [CG] CG iter 2: obj=161456469.310747, maxRC=10621256.702127, +16 cols
    [CG] CG iter 2: obj=161440907.033371, maxRC=10617724.603866, +16 cols
    [CG]   [DIAG] iter=2 posCols=16 newCols=16 effImprove=16 updated=0
    [CG]   [DIAG] iter=2 posCols=16 newCols=16 effImprove=16 updated=0
    [CG]   [DIAG] iter=2 posCols=16 newCols=16 effImprove=16 updated=0
    [CG] CG iter 3: obj=165661264.870367, maxRC=5118128.238817, +14 cols
    [CG] CG iter 2: obj=161459915.670733, maxRC=10623464.266662, +16 cols
    [CG]   [DIAG] iter=3 posCols=14 newCols=14 effImprove=14 updated=0
    [CG]   [DIAG] iter=2 posCols=16 newCols=16 effImprove=16 updated=0
    [CG] CG iter 1: obj=145075607.472196, maxRC=59519752.128890, +23 cols
    [CG] CG iter 3: obj=165638714.309539, maxRC=5109038.932198, +14 cols
    [CG]   [DIAG] iter=1 posCols=23 newCols=23 effImprove=23 updated=0
    [CG] CG iter 3: obj=165640821.208041, maxRC=5115590.573004, +14 cols
    [CG]   [DIAG] iter=3 posCols=14 newCols=14 effImprove=14 updated=0
    [CG] CG iter 3: obj=165655986.697251, maxRC=5118130.937372, +14 cols
    [CG] CG iter 4: obj=175172261.719005, maxRC=2671769.720189, +6 cols
    [CG]   [DIAG] iter=4 posCols=6 newCols=6 effImprove=6 updated=0
    [CG]   [DIAG] iter=3 posCols=14 newCols=14 effImprove=14 updated=0
    [CG]   [DIAG] iter=3 posCols=14 newCols=14 effImprove=14 updated=0
    [CG] CG iter 3: obj=165658487.650054, maxRC=5118128.238817, +15 cols
    [CG] CG iter 5: obj=175184199.355582, maxRC=831630.739541, +1 cols
    [CG]   [DIAG] iter=5 posCols=1 newCols=1 effImprove=1 updated=0
    [CG]   [DIAG] iter=3 posCols=15 newCols=15 effImprove=15 updated=0
    [CG] CG iter 4: obj=175140626.562735, maxRC=2667955.913234, +6 cols
    [CG]   [DIAG] iter=4 posCols=6 newCols=6 effImprove=6 updated=0
    [CG] CG iter 4: obj=175151068.596515, maxRC=2670695.584470, +6 cols
    [CG]   [DIAG] iter=4 posCols=6 newCols=6 effImprove=6 updated=0
    [CG] CG iter 4: obj=175168043.864773, maxRC=2671770.705676, +6 cols
    [CG] CG iter 1: obj=144916969.925973, maxRC=59513708.479228, +23 cols
    [CG]   [DIAG] iter=4 posCols=6 newCols=6 effImprove=6 updated=0
    [CG] CG iter 1: obj=144995624.968489, maxRC=59501869.853654, +23 cols
    [CG] 列生成收敛，共 6 轮迭代
    [CG]   [DIAG] iter=1 posCols=23 newCols=23 effImprove=23 updated=0
    [CG] [CG-NODE] depth=0 exit=CERTIFIED certified=1 feasible=1 iters=6 generatedColsBeforeNode=0 newCols=60 posCandidates=60 duplicateCandidates=0 updatedCols=0 zeroObjImproveIters=1 objFirst=144935782.853332 objLast=175184199.355582 objGain=30248416.502250 maxRC=59509515.584578 wallSec=0.011620 pricingSec=0.007549 cplexSolveSec=0.002071
    [CG]   [DIAG] iter=1 posCols=23 newCols=23 effImprove=23 updated=0
      [BB] 根节点即为整数解，obj=175184199.355582
    [CG] CG iter 4: obj=175170766.024895, maxRC=2671769.720189, +6 cols
    [CG] CG iter 5: obj=175141985.392527, maxRC=827616.979372, +1 cols
    [CG] CG iter 5: obj=175163361.902496, maxRC=827895.501973, +1 cols
    [CG]   [DIAG] iter=5 posCols=1 newCols=1 effImprove=1 updated=0
    [CG]   [DIAG] iter=4 posCols=6 newCols=6 effImprove=6 updated=0
    [CG]   [DIAG] iter=5 posCols=1 newCols=1 effImprove=1 updated=0
    [CG] CG iter 2: obj=161458797.018971, maxRC=10623464.266662, +16 cols
    [CG] CG iter 5: obj=175181182.108153, maxRC=829050.336918, +1 cols
    [CG]   [DIAG] iter=5 posCols=1 newCols=1 effImprove=1 updated=0
    [CG]   [DIAG] iter=2 posCols=16 newCols=16 effImprove=16 updated=0
    [CG] 列生成收敛，共 6 轮迭代
    [CG] 列生成收敛，共 6 轮迭代
    [CG] [CG-NODE] depth=0 exit=CERTIFIED certified=1 feasible=1 iters=6 generatedColsBeforeNode=0 newCols=60 posCandidates=60 duplicateCandidates=0 updatedCols=0 zeroObjImproveIters=1 objFirst=144979034.419314 objLast=175141985.392527 objGain=30162950.973212 maxRC=59513742.010795 wallSec=0.012250 pricingSec=0.008391 cplexSolveSec=0.002230
    [CG] [CG-NODE] depth=0 exit=CERTIFIED certified=1 feasible=1 iters=6 generatedColsBeforeNode=0 newCols=60 posCandidates=60 duplicateCandidates=0 updatedCols=0 zeroObjImproveIters=1 objFirst=144912594.532579 objLast=175163361.902496 objGain=30250767.369917 maxRC=59505318.282345 wallSec=0.012176 pricingSec=0.008333 cplexSolveSec=0.002214
    [CG] CG iter 5: obj=175182651.019616, maxRC=830103.374112, +1 cols
    [CG]   [DIAG] iter=5 posCols=1 newCols=1 effImprove=1 updated=0
    [CG] 列生成收敛，共 6 轮迭代
    [CG] [CG-NODE] depth=0 exit=CERTIFIED certified=1 feasible=1 iters=6 generatedColsBeforeNode=0 newCols=60 posCandidates=60 duplicateCandidates=0 updatedCols=0 zeroObjImproveIters=1 objFirst=144932442.443466 objLast=175181182.108153 objGain=30248739.664687 maxRC=59510834.631833 wallSec=0.012465 pricingSec=0.008575 cplexSolveSec=0.002303
      [BB] 根节点即为整数解，obj=175141985.392527
      [BB] 根节点即为整数解，obj=175163361.902496
      [BB] 根节点即为整数解，obj=175181182.108153
    [CG] 列生成收敛，共 6 轮迭代
    [CG] [CG-NODE] depth=0 exit=CERTIFIED certified=1 feasible=1 iters=6 generatedColsBeforeNode=0 newCols=61 posCandidates=61 duplicateCandidates=0 updatedCols=0 zeroObjImproveIters=1 objFirst=145099389.504762 objLast=175182651.019616 objGain=30083261.514853 maxRC=59519752.128890 wallSec=0.012128 pricingSec=0.008460 cplexSolveSec=0.002108
    [CG] CG iter 2: obj=161441031.356626, maxRC=10616365.799669, +16 cols
      [BB] 根节点即为整数解，obj=175182651.019616
    [CG]   [DIAG] iter=2 posCols=16 newCols=16 effImprove=16 updated=0
    [CG] CG iter 2: obj=161456128.025029, maxRC=10623464.266662, +16 cols
    [CG]   [DIAG] iter=2 posCols=16 newCols=16 effImprove=16 updated=0
    [CG] CG iter 3: obj=165632467.676147, maxRC=5118128.238817, +15 cols
    [CG]   [DIAG] iter=3 posCols=15 newCols=15 effImprove=15 updated=0
    [CG] CG iter 3: obj=165641297.831392, maxRC=5118128.238817, +14 cols
    [CG]   [DIAG] iter=3 posCols=14 newCols=14 effImprove=14 updated=0
    [CG] CG iter 4: obj=175146983.667527, maxRC=2671769.720189, +6 cols
    [CG]   [DIAG] iter=4 posCols=6 newCols=6 effImprove=6 updated=0
    [CG] CG iter 3: obj=165654963.368079, maxRC=5115590.573004, +14 cols
    [CG] 列生成开始，初始列数=128
    [CG] CG iter 4: obj=175154391.503509, maxRC=2671769.720189, +6 cols
    [CG]   [DIAG] iter=4 posCols=6 newCols=6 effImprove=6 updated=0
    [CG]   [DIAG] iter=3 posCols=14 newCols=14 effImprove=14 updated=0
    [CG] CG iter 5: obj=175148704.530968, maxRC=830103.698914, +1 cols
    [CG]   [DIAG] iter=5 posCols=1 newCols=1 effImprove=1 updated=0
    [CG] CG iter 5: obj=175171112.045892, maxRC=829590.216741, +1 cols
    [CG]   [DIAG] iter=5 posCols=1 newCols=1 effImprove=1 updated=0
    [CG] 列生成开始，初始列数=128
    [CG] 列生成收敛，共 6 轮迭代
    [CG] [CG-NODE] depth=0 exit=CERTIFIED certified=1 feasible=1 iters=6 generatedColsBeforeNode=0 newCols=61 posCandidates=61 duplicateCandidates=0 updatedCols=0 zeroObjImproveIters=1 objFirst=145075607.472196 objLast=175148704.530968 objGain=30073097.058772 maxRC=59519752.128890 wallSec=0.014860 pricingSec=0.010419 cplexSolveSec=0.002566
    [CG] CG iter 4: obj=175164131.924933, maxRC=2670695.584470, +6 cols
    [CG]   [DIAG] iter=4 posCols=6 newCols=6 effImprove=6 updated=0
      [BB] 根节点即为整数解，obj=175148704.530968
    [CG] 列生成收敛，共 6 轮迭代
    [CG] [CG-NODE] depth=0 exit=CERTIFIED certified=1 feasible=1 iters=6 generatedColsBeforeNode=0 newCols=60 posCandidates=60 duplicateCandidates=0 updatedCols=0 zeroObjImproveIters=1 objFirst=144995624.968489 objLast=175171112.045892 objGain=30175487.077403 maxRC=59501869.853654 wallSec=0.014934 pricingSec=0.010639 cplexSolveSec=0.002431
    [CG] 列生成开始，初始列数=128
      [BB] 根节点即为整数解，obj=175171112.045892
    [CG] 列生成开始，初始列数=128
    [CG] 列生成开始，初始列数=128
    [CG] CG iter 5: obj=175173035.664847, maxRC=827895.501973, +1 cols
    [CG]   [DIAG] iter=5 posCols=1 newCols=1 effImprove=1 updated=0
    [CG] 列生成收敛，共 6 轮迭代
    [CG] [CG-NODE] depth=0 exit=CERTIFIED certified=1 feasible=1 iters=6 generatedColsBeforeNode=0 newCols=60 posCandidates=60 duplicateCandidates=0 updatedCols=0 zeroObjImproveIters=1 objFirst=144916969.925973 objLast=175173035.664847 objGain=30256065.738874 maxRC=59513708.479228 wallSec=0.016770 pricingSec=0.011862 cplexSolveSec=0.002801
      [BB] 根节点即为整数解，obj=175173035.664847
    [CG] 列生成开始，初始列数=128
    [CG] 列生成开始，初始列数=128
    [CG] 列生成开始，初始列数=128
    [CG] CG iter 1: obj=145080473.688260, maxRC=59519819.510217, +23 cols
    [CG]   [DIAG] iter=1 posCols=23 newCols=23 effImprove=23 updated=0
    [CG] CG iter 1: obj=144996367.467744, maxRC=59519627.136944, +23 cols
    [CG]   [DIAG] iter=1 posCols=23 newCols=23 effImprove=23 updated=0
    [CG] CG iter 2: obj=161445213.915097, maxRC=10623468.646701, +16 cols
    [CG]   [DIAG] iter=2 posCols=16 newCols=16 effImprove=16 updated=0
    [CG] CG iter 1: obj=145036065.273169, maxRC=59519627.136944, +23 cols
    [CG]   [DIAG] iter=1 posCols=23 newCols=23 effImprove=23 updated=0
    [CG] CG iter 1: obj=145102838.283137, maxRC=59519627.136944, +23 cols
    [CG] CG iter 2: obj=161372809.291842, maxRC=10623316.279388, +16 cols
    [CG] CG iter 1: obj=145006988.474733, maxRC=59513894.439822, +23 cols
    [CG]   [DIAG] iter=2 posCols=16 newCols=16 effImprove=16 updated=0
    [CG] CG iter 3: obj=165643806.298315, maxRC=5109038.932198, +15 cols
    [CG]   [DIAG] iter=3 posCols=15 newCols=15 effImprove=15 updated=0
    [CG]   [DIAG] iter=1 posCols=23 newCols=23 effImprove=23 updated=0
    [CG]   [DIAG] iter=1 posCols=23 newCols=23 effImprove=23 updated=0
    [CG] CG iter 2: obj=161408845.832146, maxRC=10651681.263058, +16 cols
    [CG] CG iter 4: obj=175146911.346575, maxRC=2667955.913234, +6 cols
    [CG]   [DIAG] iter=4 posCols=6 newCols=6 effImprove=6 updated=0
    [CG]   [DIAG] iter=2 posCols=16 newCols=16 effImprove=16 updated=0
    [CG] CG iter 5: obj=175148176.335468, maxRC=826005.099990, +1 cols
    [CG]   [DIAG] iter=5 posCols=1 newCols=1 effImprove=1 updated=0
    [CG] CG iter 3: obj=165580677.125878, maxRC=5118128.238817, +15 cols
    [CG]   [DIAG] iter=3 posCols=15 newCols=15 effImprove=15 updated=0
    [CG] CG iter 2: obj=161463887.839194, maxRC=10627747.267072, +16 cols
    [CG]   [DIAG] iter=2 posCols=16 newCols=16 effImprove=16 updated=0
    [CG] 列生成收敛，共 6 轮迭代
    [CG] [CG-NODE] depth=0 exit=CERTIFIED certified=1 feasible=1 iters=6 generatedColsBeforeNode=0 newCols=61 posCandidates=61 duplicateCandidates=0 updatedCols=0 zeroObjImproveIters=1 objFirst=145080473.688260 objLast=175148176.335468 objGain=30067702.647208 maxRC=59519819.510217 wallSec=0.008277 pricingSec=0.005470 cplexSolveSec=0.001546
    [CG] CG iter 3: obj=165601414.453906, maxRC=5118128.238817, +15 cols
      [BB] 根节点即为整数解，obj=175148176.335468
    [CG]   [DIAG] iter=3 posCols=15 newCols=15 effImprove=15 updated=0
    [CG] CG iter 4: obj=175083628.420256, maxRC=2671769.720189, +6 cols
    [CG]   [DIAG] iter=4 posCols=6 newCols=6 effImprove=6 updated=0
    [CG] CG iter 2: obj=161464596.339582, maxRC=10627910.966633, +16 cols
    [CG]   [DIAG] iter=2 posCols=16 newCols=16 effImprove=16 updated=0
    [CG] CG iter 4: obj=175102762.431620, maxRC=2671769.720189, +6 cols
    [CG]   [DIAG] iter=4 posCols=6 newCols=6 effImprove=6 updated=0
    [CG] CG iter 3: obj=165661050.408721, maxRC=5118128.238817, +15 cols
    [CG] CG iter 5: obj=175095566.056833, maxRC=813294.677442, +1 cols
    [CG]   [DIAG] iter=5 posCols=1 newCols=1 effImprove=1 updated=0
    [CG]   [DIAG] iter=3 posCols=15 newCols=15 effImprove=15 updated=0
    [CG] CG iter 5: obj=175114700.068197, maxRC=835197.984788, +1 cols
    [CG]   [DIAG] iter=5 posCols=1 newCols=1 effImprove=1 updated=0
    [CG] 列生成收敛，共 6 轮迭代
    [CG] [CG-NODE] depth=0 exit=CERTIFIED certified=1 feasible=1 iters=6 generatedColsBeforeNode=0 newCols=61 posCandidates=61 duplicateCandidates=0 updatedCols=0 zeroObjImproveIters=1 objFirst=144996367.467744 objLast=175095566.056833 objGain=30099198.589089 maxRC=59519627.136944 wallSec=0.009502 pricingSec=0.005991 cplexSolveSec=0.001953
    [CG] CG iter 4: obj=175172021.132761, maxRC=2671769.720189, +6 cols
    [CG] 列生成收敛，共 6 轮迭代
    [CG]   [DIAG] iter=4 posCols=6 newCols=6 effImprove=6 updated=0
    [CG] [CG-NODE] depth=0 exit=CERTIFIED certified=1 feasible=1 iters=6 generatedColsBeforeNode=0 newCols=61 posCandidates=61 duplicateCandidates=0 updatedCols=0 zeroObjImproveIters=1 objFirst=145036065.273169 objLast=175114700.068197 objGain=30078634.795028 maxRC=59519627.136944 wallSec=0.008429 pricingSec=0.005489 cplexSolveSec=0.001673
      [BB] 根节点即为整数解，obj=175095566.056833
      [BB] 根节点即为整数解，obj=175114700.068197
    [CG] CG iter 3: obj=165661743.965394, maxRC=5118128.238817, +14 cols
    [CG]   [DIAG] iter=3 posCols=14 newCols=14 effImprove=14 updated=0
    [CG] CG iter 1: obj=144976130.547528, maxRC=59513894.439822, +23 cols
    [CG] CG iter 5: obj=175183958.769338, maxRC=831586.689260, +1 cols
    [CG]   [DIAG] iter=5 posCols=1 newCols=1 effImprove=1 updated=0
    [CG] CG iter 1: obj=145057045.090362, maxRC=59511509.710974, +23 cols
    [CG]   [DIAG] iter=1 posCols=23 newCols=23 effImprove=23 updated=0
    [CG] CG iter 1: obj=145058320.887126, maxRC=59519627.136944, +23 cols
    [CG] 列生成收敛，共 6 轮迭代
    [CG] [CG-NODE] depth=0 exit=CERTIFIED certified=1 feasible=1 iters=6 generatedColsBeforeNode=0 newCols=61 posCandidates=61 duplicateCandidates=0 updatedCols=0 zeroObjImproveIters=1 objFirst=145102838.283137 objLast=175183958.769338 objGain=30081120.486201 maxRC=59519627.136944 wallSec=0.013708 pricingSec=0.009184 cplexSolveSec=0.002301
    [CG]   [DIAG] iter=1 posCols=23 newCols=23 effImprove=23 updated=0
      [BB] 根节点即为整数解，obj=175183958.769338
    [CG]   [DIAG] iter=1 posCols=23 newCols=23 effImprove=23 updated=0
    [CG] 列生成开始，初始列数=128
    [CG] CG iter 4: obj=175172752.240507, maxRC=2671769.720189, +6 cols
    [CG]   [DIAG] iter=4 posCols=6 newCols=6 effImprove=6 updated=0
    [CG] 列生成开始，初始列数=128
    [CG] CG iter 5: obj=175184631.812046, maxRC=831631.064343, +1 cols
    [CG]   [DIAG] iter=5 posCols=1 newCols=1 effImprove=1 updated=0
    [CG] 列生成开始，初始列数=128
    [CG] CG iter 2: obj=161437441.697262, maxRC=10623464.266662, +16 cols
    [CG]   [DIAG] iter=2 posCols=16 newCols=16 effImprove=16 updated=0
    [CG] 列生成收敛，共 6 轮迭代
    [CG] [CG-NODE] depth=0 exit=CERTIFIED certified=1 feasible=1 iters=6 generatedColsBeforeNode=0 newCols=60 posCandidates=60 duplicateCandidates=0 updatedCols=0 zeroObjImproveIters=1 objFirst=145006988.474733 objLast=175184631.812046 objGain=30177643.337313 maxRC=59513894.439822 wallSec=0.016197 pricingSec=0.010824 cplexSolveSec=0.003064
    [CG] CG iter 2: obj=161422751.808965, maxRC=10618084.758599, +16 cols
    [CG]   [DIAG] iter=2 posCols=16 newCols=16 effImprove=16 updated=0
      [BB] 根节点即为整数解，obj=175184631.812046
    [CG] CG iter 2: obj=161459021.617507, maxRC=10623316.279388, +16 cols
    [CG]   [DIAG] iter=2 posCols=16 newCols=16 effImprove=16 updated=0
    [CG] 列生成开始，初始列数=128
    [CG] CG iter 3: obj=165636008.390147, maxRC=5109038.932198, +14 cols
    [CG]   [DIAG] iter=3 posCols=14 newCols=14 effImprove=14 updated=0
    [CG] CG iter 3: obj=165623198.612706, maxRC=5109038.932198, +15 cols
    [CG]   [DIAG] iter=3 posCols=15 newCols=15 effImprove=15 updated=0
    [CG] CG iter 3: obj=165614839.820826, maxRC=5118140.845471, +15 cols
    [CG]   [DIAG] iter=3 posCols=15 newCols=15 effImprove=15 updated=0
    [CG] CG iter 4: obj=175139201.175049, maxRC=2667955.913234, +6 cols
    [CG]   [DIAG] iter=4 posCols=6 newCols=6 effImprove=6 updated=0
    [CG] 列生成开始，初始列数=128
    [CG] CG iter 4: obj=175126521.682100, maxRC=2667955.913234, +6 cols
    [CG]   [DIAG] iter=4 posCols=6 newCols=6 effImprove=6 updated=0
    [CG] CG iter 4: obj=175130336.965780, maxRC=2671773.324158, +5 cols
    [CG]   [DIAG] iter=4 posCols=5 newCols=5 effImprove=5 updated=0
    [CG] CG iter 1: obj=144959135.447067, maxRC=59513908.465544, +23 cols
    [CG]   [DIAG] iter=1 posCols=23 newCols=23 effImprove=23 updated=0
    [CG] CG iter 5: obj=175140483.201172, maxRC=826089.613943, +1 cols
    [CG]   [DIAG] iter=5 posCols=1 newCols=1 effImprove=1 updated=0
    [CG] CG iter 5: obj=175130981.683019, maxRC=824532.752488, +1 cols
    [CG]   [DIAG] iter=5 posCols=1 newCols=1 effImprove=1 updated=0
    [CG] CG iter 5: obj=175130336.965780, maxRC=822531.917905, +1 cols
    [CG]   [DIAG] iter=5 posCols=1 newCols=1 effImprove=1 updated=0
    [CG] CG iter 2: obj=161444603.175527, maxRC=10624493.678921, +16 cols
    [CG] 列生成收敛，共 6 轮迭代
    [CG]   [DIAG] iter=2 posCols=16 newCols=16 effImprove=16 updated=0
    [CG] [CG-NODE] depth=0 exit=CERTIFIED certified=1 feasible=1 iters=6 generatedColsBeforeNode=0 newCols=60 posCandidates=60 duplicateCandidates=0 updatedCols=0 zeroObjImproveIters=1 objFirst=144976130.547528 objLast=175140483.201172 objGain=30164352.653644 maxRC=59513894.439822 wallSec=0.019665 pricingSec=0.013318 cplexSolveSec=0.003584
    [CG] 列生成收敛，共 6 轮迭代
    [CG] [CG-NODE] depth=0 exit=CERTIFIED certified=1 feasible=1 iters=6 generatedColsBeforeNode=0 newCols=61 posCandidates=61 duplicateCandidates=0 updatedCols=0 zeroObjImproveIters=1 objFirst=145057045.090362 objLast=175130981.683019 objGain=30073936.592656 maxRC=59511509.710974 wallSec=0.019554 pricingSec=0.013175 cplexSolveSec=0.003572
      [BB] 根节点即为整数解，obj=175140483.201172
    [CG] 列生成收敛，共 6 轮迭代
    [CG] [CG-NODE] depth=0 exit=CERTIFIED certified=1 feasible=1 iters=6 generatedColsBeforeNode=0 newCols=60 posCandidates=60 duplicateCandidates=0 updatedCols=0 zeroObjImproveIters=2 objFirst=145058320.887126 objLast=175130336.965780 objGain=30072016.078654 maxRC=59519627.136944 wallSec=0.019667 pricingSec=0.013278 cplexSolveSec=0.003576
      [BB] 根节点即为整数解，obj=175130981.683019
      [BB] 根节点即为整数解，obj=175130336.965780
    [CG] CG iter 3: obj=165618336.375786, maxRC=5109038.932198, +14 cols
    [CG]   [DIAG] iter=3 posCols=14 newCols=14 effImprove=14 updated=0
    [CG] CG iter 4: obj=175123408.850858, maxRC=2667955.913234, +5 cols
    [CG]   [DIAG] iter=4 posCols=5 newCols=5 effImprove=5 updated=0
    [CG] CG iter 5: obj=175123408.850858, maxRC=817664.176609, +1 cols
    [CG]   [DIAG] iter=5 posCols=1 newCols=1 effImprove=1 updated=0
    [CG] 列生成收敛，共 6 轮迭代
    [CG] [CG-NODE] depth=0 exit=CERTIFIED certified=1 feasible=1 iters=6 generatedColsBeforeNode=0 newCols=59 posCandidates=59 duplicateCandidates=0 updatedCols=0 zeroObjImproveIters=2 objFirst=144959135.447067 objLast=175123408.850858 objGain=30164273.403791 maxRC=59513908.465544 wallSec=0.007549 pricingSec=0.005061 cplexSolveSec=0.001330
      [BB] 根节点即为整数解，obj=175123408.850858
    [CG] 列生成开始，初始列数=128
    [CG] 列生成开始，初始列数=128
    [CG] CG iter 1: obj=144997733.029068, maxRC=59513894.439822, +23 cols
    [CG]   [DIAG] iter=1 posCols=23 newCols=23 effImprove=23 updated=0
    [CG] CG iter 1: obj=145005594.495456, maxRC=59513786.873314, +23 cols
    [CG]   [DIAG] iter=1 posCols=23 newCols=23 effImprove=23 updated=0
    [CG] CG iter 1: obj=144976255.458171, maxRC=59519550.350332, +23 cols
    [CG]   [DIAG] iter=1 posCols=23 newCols=23 effImprove=23 updated=0
    [CG] CG iter 2: obj=161467983.664436, maxRC=10623464.266662, +16 cols
    [CG]   [DIAG] iter=2 posCols=16 newCols=16 effImprove=16 updated=0
    [CG] CG iter 2: obj=161462578.952423, maxRC=10623300.567101, +16 cols
    [CG]   [DIAG] iter=2 posCols=16 newCols=16 effImprove=16 updated=0
    [CG] CG iter 3: obj=165666576.481920, maxRC=5118135.459319, +14 cols
    [CG]   [DIAG] iter=3 posCols=14 newCols=14 effImprove=14 updated=0
    [CG] CG iter 2: obj=161462849.541910, maxRC=10623244.464616, +16 cols
    [CG]   [DIAG] iter=2 posCols=16 newCols=16 effImprove=16 updated=0
    [CG] CG iter 4: obj=175178839.669343, maxRC=2671770.539117, +6 cols
    [CG] CG iter 3: obj=165661611.122510, maxRC=5118135.459319, +14 cols
    [CG]   [DIAG] iter=4 posCols=6 newCols=6 effImprove=6 updated=0
    [CG]   [DIAG] iter=3 posCols=14 newCols=14 effImprove=14 updated=0
    [CG] CG iter 1: obj=144999067.666945, maxRC=59513025.596934, +23 cols
    [CG]   [DIAG] iter=1 posCols=23 newCols=23 effImprove=23 updated=0
    [CG] CG iter 5: obj=175190740.422386, maxRC=830040.175732, +1 cols
    [CG]   [DIAG] iter=5 posCols=1 newCols=1 effImprove=1 updated=0
    [CG] CG iter 3: obj=165661895.339215, maxRC=5118128.238817, +15 cols
    [CG] CG iter 4: obj=175173412.349972, maxRC=2671770.539117, +6 cols
    [CG]   [DIAG] iter=3 posCols=15 newCols=15 effImprove=15 updated=0
    [CG]   [DIAG] iter=4 posCols=6 newCols=6 effImprove=6 updated=0
    [CG] 列生成收敛，共 6 轮迭代
    [CG] [CG-NODE] depth=0 exit=CERTIFIED certified=1 feasible=1 iters=6 generatedColsBeforeNode=0 newCols=60 posCandidates=60 duplicateCandidates=0 updatedCols=0 zeroObjImproveIters=1 objFirst=144997733.029068 objLast=175190740.422386 objGain=30193007.393319 maxRC=59513894.439822 wallSec=0.014283 pricingSec=0.009773 cplexSolveSec=0.002725
    [CG] CG iter 1: obj=145084758.793554, maxRC=59518203.419731, +23 cols
    [CG] CG iter 1: obj=144971360.090777, maxRC=59513894.439822, +23 cols
      [BB] 根节点即为整数解，obj=175190740.422386
    [CG]   [DIAG] iter=1 posCols=23 newCols=23 effImprove=23 updated=0
    [CG]   [DIAG] iter=1 posCols=23 newCols=23 effImprove=23 updated=0
    [CG] CG iter 5: obj=175185371.168053, maxRC=829233.622601, +1 cols
    [CG]   [DIAG] iter=5 posCols=1 newCols=1 effImprove=1 updated=0
    [CG] CG iter 4: obj=175173690.359524, maxRC=2671769.720189, +6 cols
    [CG]   [DIAG] iter=4 posCols=6 newCols=6 effImprove=6 updated=0
    [CG] CG iter 2: obj=161467810.070073, maxRC=10623300.567101, +16 cols
    [CG]   [DIAG] iter=2 posCols=16 newCols=16 effImprove=16 updated=0
    [CG] 列生成收敛，共 6 轮迭代
    [CG] [CG-NODE] depth=0 exit=CERTIFIED certified=1 feasible=1 iters=6 generatedColsBeforeNode=0 newCols=60 posCandidates=60 duplicateCandidates=0 updatedCols=0 zeroObjImproveIters=1 objFirst=145005594.495456 objLast=175185371.168053 objGain=30179776.672597 maxRC=59513786.873314 wallSec=0.017854 pricingSec=0.012162 cplexSolveSec=0.003186
    [CG] CG iter 5: obj=175185672.674140, maxRC=829259.985100, +1 cols
    [CG]   [DIAG] iter=5 posCols=1 newCols=1 effImprove=1 updated=0
      [BB] 根节点即为整数解，obj=175185371.168053
    [CG] CG iter 2: obj=161435541.984170, maxRC=10627910.966633, +16 cols
    [CG] CG iter 2: obj=161467769.164119, maxRC=10623309.674480, +16 cols
    [CG]   [DIAG] iter=2 posCols=16 newCols=16 effImprove=16 updated=0
    [CG]   [DIAG] iter=2 posCols=16 newCols=16 effImprove=16 updated=0
    [CG] 列生成收敛，共 6 轮迭代
    [CG] [CG-NODE] depth=0 exit=CERTIFIED certified=1 feasible=1 iters=6 generatedColsBeforeNode=0 newCols=61 posCandidates=61 duplicateCandidates=0 updatedCols=0 zeroObjImproveIters=1 objFirst=144976255.458171 objLast=175185672.674140 objGain=30209417.215969 maxRC=59519550.350332 wallSec=0.016917 pricingSec=0.011853 cplexSolveSec=0.002876
      [BB] 根节点即为整数解，obj=175185672.674140
    [CG] CG iter 3: obj=165666365.459279, maxRC=5118128.238817, +14 cols
    [CG]   [DIAG] iter=3 posCols=14 newCols=14 effImprove=14 updated=0
    [CG] CG iter 3: obj=165632749.125392, maxRC=5106522.043673, +14 cols
    [CG]   [DIAG] iter=3 posCols=14 newCols=14 effImprove=14 updated=0
    [CG] CG iter 3: obj=165666312.960709, maxRC=5118128.238817, +15 cols
    [CG]   [DIAG] iter=3 posCols=15 newCols=15 effImprove=15 updated=0
    [CG] CG iter 4: obj=175178636.247120, maxRC=2671769.720189, +6 cols
    [CG]   [DIAG] iter=4 posCols=6 newCols=6 effImprove=6 updated=0
    [CG] CG iter 4: obj=175132092.060009, maxRC=2666905.150895, +5 cols
    [CG]   [DIAG] iter=4 posCols=5 newCols=5 effImprove=5 updated=0
    [CG] CG iter 4: obj=175178583.322975, maxRC=2671769.720189, +6 cols
    [CG]   [DIAG] iter=4 posCols=6 newCols=6 effImprove=6 updated=0
    [CG] CG iter 5: obj=175132092.060009, maxRC=824796.000087, +1 cols
    [CG]   [DIAG] iter=5 posCols=1 newCols=1 effImprove=1 updated=0
    [CG] CG iter 5: obj=175190573.883696, maxRC=830103.374112, +1 cols
    [CG]   [DIAG] iter=5 posCols=1 newCols=1 effImprove=1 updated=0
    [CG] CG iter 5: obj=175190520.959552, maxRC=830101.710752, +1 cols
    [CG]   [DIAG] iter=5 posCols=1 newCols=1 effImprove=1 updated=0
    [CG] 列生成收敛，共 6 轮迭代
    [CG] [CG-NODE] depth=0 exit=CERTIFIED certified=1 feasible=1 iters=6 generatedColsBeforeNode=0 newCols=59 posCandidates=59 duplicateCandidates=0 updatedCols=0 zeroObjImproveIters=2 objFirst=144971360.090777 objLast=175132092.060009 objGain=30160731.969232 maxRC=59513894.439822 wallSec=0.012045 pricingSec=0.008169 cplexSolveSec=0.002171
      [BB] 根节点即为整数解，obj=175132092.060009
    [CG] 列生成收敛，共 6 轮迭代
    [CG] [CG-NODE] depth=0 exit=CERTIFIED certified=1 feasible=1 iters=6 generatedColsBeforeNode=0 newCols=60 posCandidates=60 duplicateCandidates=0 updatedCols=0 zeroObjImproveIters=1 objFirst=144999067.666945 objLast=175190573.883696 objGain=30191506.216752 maxRC=59513025.596934 wallSec=0.012271 pricingSec=0.008048 cplexSolveSec=0.002451
    [CG] 列生成收敛，共 6 轮迭代
    [CG] [CG-NODE] depth=0 exit=CERTIFIED certified=1 feasible=1 iters=6 generatedColsBeforeNode=0 newCols=61 posCandidates=61 duplicateCandidates=0 updatedCols=0 zeroObjImproveIters=1 objFirst=145084758.793554 objLast=175190520.959552 objGain=30105762.165998 maxRC=59518203.419731 wallSec=0.016595 pricingSec=0.012025 cplexSolveSec=0.002588
      [BB] 根节点即为整数解，obj=175190573.883696
      [BB] 根节点即为整数解，obj=175190520.959552
[GA] 代数 8: Best=175219889.92, Avg=175188167.92, Worst=175123451.76, Valid=30/30, 耗时=0.05s (连续8代未提升)
  ├─ 求解: 30 个体 fork 并行 | CG迭代=138 加列=1387 BB分支=0
  ├─ 并行墙钟=0.0494s | 串行等效(ΣBP)=0.3248s | 加速比=6.58x
  ├─ 管理开销=-0.2754s (fork=0.0032 wait=0.0458 merge=0.0004)
  └─ CG明细: gen_logs/run_gen8_ind{0..29}.log
    [CG] 列生成开始，初始列数=128
    [CG] 列生成开始，初始列数=128
    [CG] 列生成开始，初始列数=128
    [CG] 列生成开始，初始列数=128
    [CG] 列生成开始，初始列数=128
    [CG] 列生成开始，初始列数=128
    [CG] 列生成开始，初始列数=128
    [CG] 列生成开始，初始列数=128
    [CG] CG iter 1: obj=144976253.888413, maxRC=59519550.350332, +23 cols
    [CG]   [DIAG] iter=1 posCols=23 newCols=23 effImprove=23 updated=0
    [CG] CG iter 2: obj=161462849.541910, maxRC=10623244.464616, +16 cols
    [CG]   [DIAG] iter=2 posCols=16 newCols=16 effImprove=16 updated=0
    [CG] CG iter 1: obj=144924388.021071, maxRC=59501704.398851, +23 cols
    [CG] CG iter 1: obj=144934837.058571, maxRC=59513708.479228, +23 cols
    [CG]   [DIAG] iter=1 posCols=23 newCols=23 effImprove=23 updated=0
    [CG]   [DIAG] iter=1 posCols=23 newCols=23 effImprove=23 updated=0
    [CG] CG iter 1: obj=145003565.470680, maxRC=59510834.631833, +23 cols
    [CG] CG iter 1: obj=144998930.674351, maxRC=59513894.439822, +23 cols
    [CG] CG iter 3: obj=165661890.052779, maxRC=5118128.238817, +15 cols
    [CG]   [DIAG] iter=1 posCols=23 newCols=23 effImprove=23 updated=0
    [CG]   [DIAG] iter=1 posCols=23 newCols=23 effImprove=23 updated=0
    [CG]   [DIAG] iter=3 posCols=15 newCols=15 effImprove=15 updated=0
    [CG] CG iter 2: obj=161421023.206844, maxRC=10623464.266662, +16 cols
    [CG]   [DIAG] iter=2 posCols=16 newCols=16 effImprove=16 updated=0
    [CG] CG iter 2: obj=161439636.850025, maxRC=10616257.622790, +16 cols
    [CG]   [DIAG] iter=2 posCols=16 newCols=16 effImprove=16 updated=0
    [CG] CG iter 4: obj=175173688.789767, maxRC=2671769.720189, +6 cols
    [CG]   [DIAG] iter=4 posCols=6 newCols=6 effImprove=6 updated=0
    [CG] CG iter 2: obj=161458032.462304, maxRC=10627910.966633, +16 cols
    [CG] CG iter 5: obj=175185665.681201, maxRC=829259.985100, +1 cols
    [CG]   [DIAG] iter=5 posCols=1 newCols=1 effImprove=1 updated=0
    [CG]   [DIAG] iter=2 posCols=16 newCols=16 effImprove=16 updated=0
    [CG] CG iter 3: obj=165623945.489256, maxRC=5118128.238817, +14 cols
    [CG]   [DIAG] iter=3 posCols=14 newCols=14 effImprove=14 updated=0
    [CG] CG iter 2: obj=161457584.442341, maxRC=10621256.702127, +16 cols
    [CG]   [DIAG] iter=2 posCols=16 newCols=16 effImprove=16 updated=0
    [CG] CG iter 3: obj=165640038.373790, maxRC=5118130.937372, +14 cols
    [CG]   [DIAG] iter=3 posCols=14 newCols=14 effImprove=14 updated=0
    [CG] 列生成收敛，共 6 轮迭代
    [CG] [CG-NODE] depth=0 exit=CERTIFIED certified=1 feasible=1 iters=6 generatedColsBeforeNode=0 newCols=61 posCandidates=61 duplicateCandidates=0 updatedCols=0 zeroObjImproveIters=1 objFirst=144976253.888413 objLast=175185665.681201 objGain=30209411.792787 maxRC=59519550.350332 wallSec=0.010606 pricingSec=0.007080 cplexSolveSec=0.002013
    [CG] CG iter 4: obj=175131564.772560, maxRC=2671769.720189, +6 cols
      [BB] 根节点即为整数解，obj=175185665.681201
    [CG]   [DIAG] iter=4 posCols=6 newCols=6 effImprove=6 updated=0
    [CG] CG iter 3: obj=165655180.088116, maxRC=5115590.573004, +14 cols
    [CG] CG iter 4: obj=175153045.039052, maxRC=2671770.705676, +6 cols
    [CG]   [DIAG] iter=4 posCols=6 newCols=6 effImprove=6 updated=0
    [CG] CG iter 5: obj=175143373.290898, maxRC=821733.152699, +1 cols
    [CG]   [DIAG] iter=3 posCols=14 newCols=14 effImprove=14 updated=0
    [CG]   [DIAG] iter=5 posCols=1 newCols=1 effImprove=1 updated=0
    [CG] 列生成收敛，共 6 轮迭代
    [CG] [CG-NODE] depth=0 exit=CERTIFIED certified=1 feasible=1 iters=6 generatedColsBeforeNode=0 newCols=60 posCandidates=60 duplicateCandidates=0 updatedCols=0 zeroObjImproveIters=1 objFirst=144934837.058571 objLast=175143373.290898 objGain=30208536.232327 maxRC=59513708.479228 wallSec=0.011176 pricingSec=0.007116 cplexSolveSec=0.002063
    [CG] CG iter 3: obj=165656989.451641, maxRC=5118128.238817, +14 cols
    [CG] CG iter 5: obj=175169835.605497, maxRC=829387.782960, +1 cols
    [CG]   [DIAG] iter=5 posCols=1 newCols=1 effImprove=1 updated=0
    [CG]   [DIAG] iter=3 posCols=14 newCols=14 effImprove=14 updated=0
      [BB] 根节点即为整数解，obj=175143373.290898
    [CG] CG iter 4: obj=175163650.697416, maxRC=2670695.584470, +6 cols
    [CG]   [DIAG] iter=4 posCols=6 newCols=6 effImprove=6 updated=0
    [CG] CG iter 1: obj=145099387.935005, maxRC=59519752.128890, +23 cols
    [CG] 列生成收敛，共 6 轮迭代
    [CG] [CG-NODE] depth=0 exit=CERTIFIED certified=1 feasible=1 iters=6 generatedColsBeforeNode=0 newCols=60 posCandidates=60 duplicateCandidates=0 updatedCols=0 zeroObjImproveIters=1 objFirst=144924388.021071 objLast=175169835.605497 objGain=30245447.584426 maxRC=59501704.398851 wallSec=0.012559 pricingSec=0.008407 cplexSolveSec=0.002322
    [CG]   [DIAG] iter=1 posCols=23 newCols=23 effImprove=23 updated=0
    [CG] CG iter 5: obj=175172625.490532, maxRC=830415.987547, +1 cols
    [CG]   [DIAG] iter=5 posCols=1 newCols=1 effImprove=1 updated=0
      [BB] 根节点即为整数解，obj=175169835.605497
    [CG] CG iter 4: obj=175169156.297812, maxRC=2671769.720189, +6 cols
    [CG]   [DIAG] iter=4 posCols=6 newCols=6 effImprove=6 updated=0
    [CG] 列生成开始，初始列数=128
    [CG] 列生成收敛，共 6 轮迭代
    [CG] [CG-NODE] depth=0 exit=CERTIFIED certified=1 feasible=1 iters=6 generatedColsBeforeNode=0 newCols=60 posCandidates=60 duplicateCandidates=0 updatedCols=0 zeroObjImproveIters=1 objFirst=144998930.674351 objLast=175172625.490532 objGain=30173694.816181 maxRC=59513894.439822 wallSec=0.012835 pricingSec=0.008530 cplexSolveSec=0.002383
      [BB] 根节点即为整数解，obj=175172625.490532
    [CG] CG iter 1: obj=144997641.360225, maxRC=59513894.439822, +23 cols
    [CG] CG iter 5: obj=175182290.547315, maxRC=829252.770699, +1 cols
    [CG]   [DIAG] iter=5 posCols=1 newCols=1 effImprove=1 updated=0
    [CG]   [DIAG] iter=1 posCols=23 newCols=23 effImprove=23 updated=0
    [CG] CG iter 1: obj=144971977.912533, maxRC=59513894.439822, +23 cols
    [CG]   [DIAG] iter=1 posCols=23 newCols=23 effImprove=23 updated=0
    [CG] CG iter 2: obj=161459915.670733, maxRC=10623464.266662, +16 cols
    [CG] 列生成收敛，共 6 轮迭代
    [CG] [CG-NODE] depth=0 exit=CERTIFIED certified=1 feasible=1 iters=6 generatedColsBeforeNode=0 newCols=60 posCandidates=60 duplicateCandidates=0 updatedCols=0 zeroObjImproveIters=1 objFirst=145003565.470680 objLast=175182290.547315 objGain=30178725.076636 maxRC=59510834.631833 wallSec=0.014099 pricingSec=0.009585 cplexSolveSec=0.002640
    [CG]   [DIAG] iter=2 posCols=16 newCols=16 effImprove=16 updated=0
      [BB] 根节点即为整数解，obj=175182290.547315
    [CG] 列生成开始，初始列数=128
    [CG] 列生成开始，初始列数=128
    [CG] CG iter 2: obj=161467915.134739, maxRC=10623495.157914, +16 cols
    [CG]   [DIAG] iter=2 posCols=16 newCols=16 effImprove=16 updated=0
    [CG] CG iter 2: obj=161436036.770569, maxRC=10627910.966633, +16 cols
    [CG]   [DIAG] iter=2 posCols=16 newCols=16 effImprove=16 updated=0
    [CG] CG iter 3: obj=165658482.363618, maxRC=5118128.238817, +15 cols
    [CG]   [DIAG] iter=3 posCols=15 newCols=15 effImprove=15 updated=0
    [CG] CG iter 3: obj=165666492.198693, maxRC=5118135.459319, +14 cols
    [CG]   [DIAG] iter=3 posCols=14 newCols=14 effImprove=14 updated=0
    [CG] CG iter 4: obj=175170764.455138, maxRC=2671769.720189, +6 cols
    [CG]   [DIAG] iter=4 posCols=6 newCols=6 effImprove=6 updated=0
    [CG] CG iter 3: obj=165633184.519177, maxRC=5106522.043673, +14 cols
    [CG] 列生成开始，初始列数=128
    [CG] 列生成开始，初始列数=128
    [CG]   [DIAG] iter=3 posCols=14 newCols=14 effImprove=14 updated=0
    [CG] CG iter 5: obj=175182644.026677, maxRC=830103.374112, +1 cols
    [CG] CG iter 4: obj=175178745.630455, maxRC=2671770.539117, +6 cols
    [CG]   [DIAG] iter=5 posCols=1 newCols=1 effImprove=1 updated=0
    [CG]   [DIAG] iter=4 posCols=6 newCols=6 effImprove=6 updated=0
    [CG] CG iter 4: obj=175132586.476350, maxRC=2666905.150895, +5 cols
    [CG]   [DIAG] iter=4 posCols=5 newCols=5 effImprove=5 updated=0
    [CG] 列生成收敛，共 6 轮迭代
    [CG] [CG-NODE] depth=0 exit=CERTIFIED certified=1 feasible=1 iters=6 generatedColsBeforeNode=0 newCols=61 posCandidates=61 duplicateCandidates=0 updatedCols=0 zeroObjImproveIters=1 objFirst=145099387.935005 objLast=175182644.026677 objGain=30083256.091672 maxRC=59519752.128890 wallSec=0.017353 pricingSec=0.012092 cplexSolveSec=0.002813
    [CG] CG iter 5: obj=175190651.806679, maxRC=830044.617866, +1 cols
    [CG]   [DIAG] iter=5 posCols=1 newCols=1 effImprove=1 updated=0
      [BB] 根节点即为整数解，obj=175182644.026677
    [CG] CG iter 5: obj=175132586.476350, maxRC=824876.016285, +1 cols
    [CG]   [DIAG] iter=5 posCols=1 newCols=1 effImprove=1 updated=0
    [CG] 列生成收敛，共 6 轮迭代
    [CG] [CG-NODE] depth=0 exit=CERTIFIED certified=1 feasible=1 iters=6 generatedColsBeforeNode=0 newCols=60 posCandidates=60 duplicateCandidates=0 updatedCols=0 zeroObjImproveIters=1 objFirst=144997641.360225 objLast=175190651.806679 objGain=30193010.446455 maxRC=59513894.439822 wallSec=0.017469 pricingSec=0.012310 cplexSolveSec=0.002708
      [BB] 根节点即为整数解，obj=175190651.806679
    [CG] 列生成收敛，共 6 轮迭代
    [CG] [CG-NODE] depth=0 exit=CERTIFIED certified=1 feasible=1 iters=6 generatedColsBeforeNode=0 newCols=59 posCandidates=59 duplicateCandidates=0 updatedCols=0 zeroObjImproveIters=2 objFirst=144971977.912533 objLast=175132586.476350 objGain=30160608.563816 maxRC=59513894.439822 wallSec=0.017472 pricingSec=0.012089 cplexSolveSec=0.002762
      [BB] 根节点即为整数解，obj=175132586.476350
    [CG] 列生成开始，初始列数=128
    [CG] 列生成开始，初始列数=128
    [CG] CG iter 1: obj=144999007.991587, maxRC=59513025.596934, +23 cols
    [CG]   [DIAG] iter=1 posCols=23 newCols=23 effImprove=23 updated=0
    [CG] CG iter 1: obj=145011998.936059, maxRC=59513894.439822, +23 cols
    [CG] 列生成开始，初始列数=128
    [CG]   [DIAG] iter=1 posCols=23 newCols=23 effImprove=23 updated=0
    [CG] CG iter 2: obj=161467750.394714, maxRC=10623300.567101, +16 cols
    [CG]   [DIAG] iter=2 posCols=16 newCols=16 effImprove=16 updated=0
    [CG] CG iter 2: obj=161468235.087389, maxRC=10623464.266662, +16 cols
    [CG]   [DIAG] iter=2 posCols=16 newCols=16 effImprove=16 updated=0
    [CG] CG iter 3: obj=165666807.086689, maxRC=5118128.238817, +14 cols
    [CG] CG iter 3: obj=165666305.783921, maxRC=5118128.238817, +14 cols
    [CG]   [DIAG] iter=3 posCols=14 newCols=14 effImprove=14 updated=0
    [CG]   [DIAG] iter=3 posCols=14 newCols=14 effImprove=14 updated=0
    [CG] CG iter 4: obj=175179083.871794, maxRC=2671769.720189, +6 cols
    [CG]   [DIAG] iter=4 posCols=6 newCols=6 effImprove=6 updated=0
    [CG] CG iter 4: obj=175178576.571761, maxRC=2671769.720189, +6 cols
    [CG]   [DIAG] iter=4 posCols=6 newCols=6 effImprove=6 updated=0
    [CG] CG iter 5: obj=175190963.443333, maxRC=830095.399019, +1 cols
    [CG]   [DIAG] iter=5 posCols=1 newCols=1 effImprove=1 updated=0
    [CG] CG iter 5: obj=175190514.208338, maxRC=830103.374112, +1 cols
    [CG]   [DIAG] iter=5 posCols=1 newCols=1 effImprove=1 updated=0
    [CG] 列生成收敛，共 6 轮迭代
    [CG] [CG-NODE] depth=0 exit=CERTIFIED certified=1 feasible=1 iters=6 generatedColsBeforeNode=0 newCols=60 posCandidates=60 duplicateCandidates=0 updatedCols=0 zeroObjImproveIters=1 objFirst=145011998.936059 objLast=175190963.443333 objGain=30178964.507274 maxRC=59513894.439822 wallSec=0.007254 pricingSec=0.004758 cplexSolveSec=0.001358
      [BB] 根节点即为整数解，obj=175190963.443333
    [CG] 列生成收敛，共 6 轮迭代
    [CG] [CG-NODE] depth=0 exit=CERTIFIED certified=1 feasible=1 iters=6 generatedColsBeforeNode=0 newCols=60 posCandidates=60 duplicateCandidates=0 updatedCols=0 zeroObjImproveIters=1 objFirst=144999007.991587 objLast=175190514.208338 objGain=30191506.216751 maxRC=59513025.596934 wallSec=0.009373 pricingSec=0.006218 cplexSolveSec=0.001765
      [BB] 根节点即为整数解，obj=175190514.208338
    [CG] CG iter 1: obj=144944120.118166, maxRC=59470954.827990, +23 cols
    [CG]   [DIAG] iter=1 posCols=23 newCols=23 effImprove=23 updated=0
    [CG] CG iter 1: obj=144785115.893983, maxRC=59497598.564918, +23 cols
    [CG] CG iter 1: obj=145096608.240473, maxRC=59519627.136944, +23 cols
    [CG]   [DIAG] iter=1 posCols=23 newCols=23 effImprove=23 updated=0
    [CG] CG iter 2: obj=161364504.306833, maxRC=10599745.626194, +16 cols
    [CG]   [DIAG] iter=2 posCols=16 newCols=16 effImprove=16 updated=0
    [CG]   [DIAG] iter=1 posCols=23 newCols=23 effImprove=23 updated=0
    [CG] 列生成开始，初始列数=128
    [CG] CG iter 1: obj=144930483.568026, maxRC=59511509.710974, +23 cols
    [CG] 列生成开始，初始列数=128
    [CG]   [DIAG] iter=1 posCols=23 newCols=23 effImprove=23 updated=0
    [CG] CG iter 3: obj=165567854.948229, maxRC=5109038.932198, +14 cols
    [CG] CG iter 2: obj=161459361.239394, maxRC=10633570.248447, +16 cols
    [CG]   [DIAG] iter=3 posCols=14 newCols=14 effImprove=14 updated=0
    [CG] CG iter 2: obj=161301544.446429, maxRC=10619789.026784, +16 cols
    [CG]   [DIAG] iter=2 posCols=16 newCols=16 effImprove=16 updated=0
    [CG]   [DIAG] iter=2 posCols=16 newCols=16 effImprove=16 updated=0
    [CG] CG iter 4: obj=175075288.420042, maxRC=2667955.913234, +6 cols
    [CG]   [DIAG] iter=4 posCols=6 newCols=6 effImprove=6 updated=0
    [CG] CG iter 2: obj=161420688.397488, maxRC=10618084.758599, +16 cols
    [CG] CG iter 3: obj=165654742.372888, maxRC=5118128.238817, +15 cols
    [CG]   [DIAG] iter=2 posCols=16 newCols=16 effImprove=16 updated=0
    [CG]   [DIAG] iter=3 posCols=15 newCols=15 effImprove=15 updated=0
    [CG] CG iter 3: obj=165500267.346877, maxRC=5118128.238817, +14 cols
    [CG] CG iter 1: obj=144996137.791336, maxRC=59512927.168510, +23 cols
    [CG] CG iter 5: obj=175093731.157939, maxRC=827017.830019, +1 cols
    [CG]   [DIAG] iter=5 posCols=1 newCols=1 effImprove=1 updated=0
    [CG]   [DIAG] iter=3 posCols=14 newCols=14 effImprove=14 updated=0
    [CG]   [DIAG] iter=1 posCols=23 newCols=23 effImprove=23 updated=0
    [CG] CG iter 4: obj=175164025.589606, maxRC=2671769.720189, +6 cols
    [CG]   [DIAG] iter=4 posCols=6 newCols=6 effImprove=6 updated=0
    [CG] 列生成收敛，共 6 轮迭代
    [CG] [CG-NODE] depth=0 exit=CERTIFIED certified=1 feasible=1 iters=6 generatedColsBeforeNode=0 newCols=60 posCandidates=60 duplicateCandidates=0 updatedCols=0 zeroObjImproveIters=1 objFirst=144944120.118166 objLast=175093731.157939 objGain=30149611.039772 maxRC=59470954.827990 wallSec=0.015654 pricingSec=0.011237 cplexSolveSec=0.002429
      [BB] 根节点即为整数解，obj=175093731.157939
    [CG] CG iter 4: obj=175012850.651034, maxRC=2671769.720189, +6 cols
    [CG] CG iter 1: obj=144697869.996480, maxRC=59512344.670849, +23 cols
    [CG]   [DIAG] iter=4 posCols=6 newCols=6 effImprove=6 updated=0
    [CG] CG iter 3: obj=165620742.024446, maxRC=5106522.043673, +15 cols
    [CG]   [DIAG] iter=3 posCols=15 newCols=15 effImprove=15 updated=0
    [CG] CG iter 5: obj=175175963.226183, maxRC=833629.081993, +1 cols
    [CG]   [DIAG] iter=5 posCols=1 newCols=1 effImprove=1 updated=0
    [CG]   [DIAG] iter=1 posCols=23 newCols=23 effImprove=23 updated=0
    [CG] CG iter 2: obj=161466864.506916, maxRC=10624324.039956, +16 cols
    [CG] CG iter 5: obj=175029571.193417, maxRC=831630.739541, +1 cols
    [CG]   [DIAG] iter=5 posCols=1 newCols=1 effImprove=1 updated=0
    [CG]   [DIAG] iter=2 posCols=16 newCols=16 effImprove=16 updated=0
    [CG] 列生成收敛，共 6 轮迭代
    [CG] [CG-NODE] depth=0 exit=CERTIFIED certified=1 feasible=1 iters=6 generatedColsBeforeNode=0 newCols=61 posCandidates=61 duplicateCandidates=0 updatedCols=0 zeroObjImproveIters=1 objFirst=145096608.240473 objLast=175175963.226183 objGain=30079354.985710 maxRC=59519627.136944 wallSec=0.009234 pricingSec=0.006049 cplexSolveSec=0.001829
    [CG] CG iter 4: obj=175121941.382097, maxRC=2666905.150895, +6 cols
    [CG]   [DIAG] iter=4 posCols=6 newCols=6 effImprove=6 updated=0
      [BB] 根节点即为整数解，obj=175175963.226183
    [CG] 列生成收敛，共 6 轮迭代
    [CG] [CG-NODE] depth=0 exit=CERTIFIED certified=1 feasible=1 iters=6 generatedColsBeforeNode=0 newCols=60 posCandidates=60 duplicateCandidates=0 updatedCols=0 zeroObjImproveIters=1 objFirst=144785115.893983 objLast=175029571.193417 objGain=30244455.299434 maxRC=59497598.564918 wallSec=0.015711 pricingSec=0.010986 cplexSolveSec=0.002572
      [BB] 根节点即为整数解，obj=175029571.193417
    [CG] CG iter 5: obj=175123436.222416, maxRC=824182.673334, +1 cols
    [CG]   [DIAG] iter=5 posCols=1 newCols=1 effImprove=1 updated=0
    [CG] CG iter 3: obj=165665067.745282, maxRC=5118128.238817, +14 cols
    [CG]   [DIAG] iter=3 posCols=14 newCols=14 effImprove=14 updated=0
    [CG] 列生成开始，初始列数=128
    [CG] 列生成收敛，共 6 轮迭代
    [CG] [CG-NODE] depth=0 exit=CERTIFIED certified=1 feasible=1 iters=6 generatedColsBeforeNode=0 newCols=61 posCandidates=61 duplicateCandidates=0 updatedCols=0 zeroObjImproveIters=1 objFirst=144930483.568026 objLast=175123436.222416 objGain=30192952.654390 maxRC=59511509.710974 wallSec=0.009969 pricingSec=0.006552 cplexSolveSec=0.001971
      [BB] 根节点即为整数解，obj=175123436.222416
    [CG] CG iter 2: obj=161459232.133472, maxRC=10131781.961198, +17 cols
    [CG]   [DIAG] iter=2 posCols=17 newCols=17 effImprove=17 updated=0
    [CG] CG iter 4: obj=175177051.742762, maxRC=2671769.720189, +6 cols
    [CG]   [DIAG] iter=4 posCols=6 newCols=6 effImprove=6 updated=0
    [CG] 列生成开始，初始列数=128
    [CG] CG iter 5: obj=175188989.379338, maxRC=830440.820154, +1 cols
    [CG]   [DIAG] iter=5 posCols=1 newCols=1 effImprove=1 updated=0
    [CG] 列生成开始，初始列数=128
    [CG] 列生成收敛，共 6 轮迭代
    [CG] [CG-NODE] depth=0 exit=CERTIFIED certified=1 feasible=1 iters=6 generatedColsBeforeNode=0 newCols=60 posCandidates=60 duplicateCandidates=0 updatedCols=0 zeroObjImproveIters=1 objFirst=144996137.791336 objLast=175188989.379338 objGain=30192851.588003 maxRC=59512927.168510 wallSec=0.012629 pricingSec=0.008432 cplexSolveSec=0.002318
    [CG] CG iter 3: obj=170674088.803527, maxRC=3404003.222154, +11 cols
      [BB] 根节点即为整数解，obj=175188989.379338
    [CG] 列生成开始，初始列数=128
    [CG]   [DIAG] iter=3 posCols=11 newCols=11 effImprove=11 updated=0
    [CG] CG iter 4: obj=173878472.620743, maxRC=1315039.187297, +4 cols
    [CG]   [DIAG] iter=4 posCols=4 newCols=4 effImprove=4 updated=0
    [CG] CG iter 1: obj=144977353.607755, maxRC=59513519.612967, +23 cols
    [CG] CG iter 1: obj=144929808.213520, maxRC=59510834.631833, +23 cols
    [CG]   [DIAG] iter=1 posCols=23 newCols=23 effImprove=23 updated=0
    [CG]   [DIAG] iter=1 posCols=23 newCols=23 effImprove=23 updated=0
    [CG] CG iter 5: obj=175177704.191845, maxRC=681279.223010, +3 cols
    [CG]   [DIAG] iter=5 posCols=3 newCols=3 effImprove=3 updated=0
    [CG] 列生成开始，初始列数=128
    [CG] CG iter 2: obj=161454231.663494, maxRC=10621256.702127, +16 cols
    [CG]   [DIAG] iter=2 posCols=16 newCols=16 effImprove=16 updated=0
    [CG] CG iter 1: obj=145096823.941973, maxRC=59519550.350332, +23 cols
    [CG]   [DIAG] iter=1 posCols=23 newCols=23 effImprove=23 updated=0
    [CG] CG iter 6: obj=175177704.191845, maxRC=136584.189071, +1 cols
    [CG]   [DIAG] iter=6 posCols=1 newCols=1 effImprove=1 updated=0
    [CG] CG iter 2: obj=161444703.382548, maxRC=10627910.966633, +16 cols
    [CG]   [DIAG] iter=2 posCols=16 newCols=16 effImprove=16 updated=0
    [CG] CG iter 3: obj=165653969.326976, maxRC=5118130.937372, +14 cols
    [CG]   [DIAG] iter=3 posCols=14 newCols=14 effImprove=14 updated=0
    [CG] 列生成收敛，共 7 轮迭代
    [CG] [CG-NODE] depth=0 exit=CERTIFIED certified=1 feasible=1 iters=7 generatedColsBeforeNode=0 newCols=59 posCandidates=59 duplicateCandidates=0 updatedCols=0 zeroObjImproveIters=2 objFirst=144697869.996480 objLast=175177704.191845 objGain=30479834.195366 maxRC=59512344.670849 wallSec=0.020373 pricingSec=0.013542 cplexSolveSec=0.003969
    [CG] CG iter 4: obj=175165806.217521, maxRC=2671770.705676, +6 cols
    [CG]   [DIAG] iter=4 posCols=6 newCols=6 effImprove=6 updated=0
      [BB] 根节点即为整数解，obj=175177704.191845
    [CG] CG iter 2: obj=161458856.508822, maxRC=10623244.464616, +16 cols
    [CG] CG iter 5: obj=175178944.460900, maxRC=828653.754224, +1 cols
    [CG]   [DIAG] iter=5 posCols=1 newCols=1 effImprove=1 updated=0
    [CG]   [DIAG] iter=2 posCols=16 newCols=16 effImprove=16 updated=0
    [CG] CG iter 3: obj=165643812.835192, maxRC=5118128.238817, +14 cols
    [CG] CG iter 1: obj=145084760.363311, maxRC=59518203.419731, +23 cols
    [CG]   [DIAG] iter=3 posCols=14 newCols=14 effImprove=14 updated=0
    [CG]   [DIAG] iter=1 posCols=23 newCols=23 effImprove=23 updated=0
    [CG] 列生成收敛，共 6 轮迭代
    [CG] [CG-NODE] depth=0 exit=CERTIFIED certified=1 feasible=1 iters=6 generatedColsBeforeNode=0 newCols=60 posCandidates=60 duplicateCandidates=0 updatedCols=0 zeroObjImproveIters=1 objFirst=144929808.213520 objLast=175178944.460900 objGain=30249136.247380 maxRC=59510834.631833 wallSec=0.006928 pricingSec=0.004485 cplexSolveSec=0.001350
      [BB] 根节点即为整数解，obj=175178944.460900
    [CG] CG iter 1: obj=145075960.392896, maxRC=59519752.128890, +23 cols
    [CG] CG iter 1: obj=144604382.440692, maxRC=59513708.479228, +23 cols
    [CG]   [DIAG] iter=1 posCols=23 newCols=23 effImprove=23 updated=0
    [CG] CG iter 4: obj=175152859.283473, maxRC=2671769.720189, +6 cols
    [CG]   [DIAG] iter=1 posCols=23 newCols=23 effImprove=23 updated=0
    [CG]   [DIAG] iter=4 posCols=6 newCols=6 effImprove=6 updated=0
    [CG] CG iter 2: obj=161467769.164119, maxRC=10623309.674480, +16 cols
    [CG] CG iter 3: obj=165658295.482910, maxRC=5118128.238817, +15 cols
    [CG]   [DIAG] iter=2 posCols=16 newCols=16 effImprove=16 updated=0
    [CG]   [DIAG] iter=3 posCols=15 newCols=15 effImprove=15 updated=0
    [CG] CG iter 5: obj=175164738.855012, maxRC=828103.351325, +1 cols
    [CG]   [DIAG] iter=5 posCols=1 newCols=1 effImprove=1 updated=0
    [CG] CG iter 2: obj=161458797.018971, maxRC=10623464.266662, +16 cols
    [CG]   [DIAG] iter=2 posCols=16 newCols=16 effImprove=16 updated=0
    [CG] CG iter 2: obj=161393097.599039, maxRC=10286381.322129, +17 cols
    [CG]   [DIAG] iter=2 posCols=17 newCols=17 effImprove=17 updated=0
    [CG] 列生成收敛，共 6 轮迭代
    [CG] [CG-NODE] depth=0 exit=CERTIFIED certified=1 feasible=1 iters=6 generatedColsBeforeNode=0 newCols=60 posCandidates=60 duplicateCandidates=0 updatedCols=0 zeroObjImproveIters=1 objFirst=144977353.607755 objLast=175164738.855012 objGain=30187385.247257 maxRC=59513519.612967 wallSec=0.012789 pricingSec=0.008588 cplexSolveSec=0.002288
    [CG] 列生成开始，初始列数=128
    [CG] CG iter 3: obj=165666318.247145, maxRC=5118128.238817, +15 cols
    [CG] CG iter 4: obj=175169697.326437, maxRC=2671769.720189, +6 cols
    [CG]   [DIAG] iter=3 posCols=15 newCols=15 effImprove=15 updated=0
    [CG]   [DIAG] iter=4 posCols=6 newCols=6 effImprove=6 updated=0
      [BB] 根节点即为整数解，obj=175164738.855012
    [CG] CG iter 3: obj=165632858.945729, maxRC=5118128.238817, +15 cols
    [CG]   [DIAG] iter=3 posCols=15 newCols=15 effImprove=15 updated=0
    [CG] CG iter 3: obj=168247691.574038, maxRC=5660968.791841, +10 cols
    [CG]   [DIAG] iter=3 posCols=10 newCols=10 effImprove=10 updated=0
    [CG] CG iter 4: obj=175178584.892733, maxRC=2671769.720189, +6 cols
    [CG]   [DIAG] iter=4 posCols=6 newCols=6 effImprove=6 updated=0
    [CG] CG iter 4: obj=175147336.588228, maxRC=2671769.720189, +6 cols
    [CG]   [DIAG] iter=4 posCols=6 newCols=6 effImprove=6 updated=0
    [CG] CG iter 5: obj=175181679.641052, maxRC=828552.235644, +1 cols
    [CG]   [DIAG] iter=5 posCols=1 newCols=1 effImprove=1 updated=0
    [CG] 列生成开始，初始列数=128
    [CG] CG iter 4: obj=175057159.128883, maxRC=1470120.720676, +2 cols
    [CG]   [DIAG] iter=4 posCols=2 newCols=2 effImprove=2 updated=0
    [CG] CG iter 5: obj=175190527.952491, maxRC=830101.710752, +1 cols
    [CG] CG iter 5: obj=175149220.374201, maxRC=830103.698914, +1 cols
    [CG]   [DIAG] iter=5 posCols=1 newCols=1 effImprove=1 updated=0
    [CG]   [DIAG] iter=5 posCols=1 newCols=1 effImprove=1 updated=0
    [CG] CG iter 5: obj=175057159.128883, maxRC=860810.975445, +2 cols
    [CG]   [DIAG] iter=5 posCols=2 newCols=2 effImprove=2 updated=0
    [CG] 列生成收敛，共 6 轮迭代
    [CG] [CG-NODE] depth=0 exit=CERTIFIED certified=1 feasible=1 iters=6 generatedColsBeforeNode=0 newCols=61 posCandidates=61 duplicateCandidates=0 updatedCols=0 zeroObjImproveIters=1 objFirst=145096823.941973 objLast=175181679.641052 objGain=30084855.699079 maxRC=59519550.350332 wallSec=0.014427 pricingSec=0.009778 cplexSolveSec=0.002495
    [CG] 列生成收敛，共 6 轮迭代
    [CG] [CG-NODE] depth=0 exit=CERTIFIED certified=1 feasible=1 iters=6 generatedColsBeforeNode=0 newCols=61 posCandidates=61 duplicateCandidates=0 updatedCols=0 zeroObjImproveIters=1 objFirst=145075960.392896 objLast=175149220.374201 objGain=30073259.981304 maxRC=59519752.128890 wallSec=0.008398 pricingSec=0.005517 cplexSolveSec=0.001537
    [CG] 列生成收敛，共 6 轮迭代
    [CG] [CG-NODE] depth=0 exit=CERTIFIED certified=1 feasible=1 iters=6 generatedColsBeforeNode=0 newCols=61 posCandidates=61 duplicateCandidates=0 updatedCols=0 zeroObjImproveIters=1 objFirst=145084760.363311 objLast=175190527.952491 objGain=30105767.589180 maxRC=59518203.419731 wallSec=0.007707 pricingSec=0.005091 cplexSolveSec=0.001506
      [BB] 根节点即为整数解，obj=175149220.374201
      [BB] 根节点即为整数解，obj=175181679.641052
    [CG] 列生成收敛，共 6 轮迭代
      [BB] 根节点即为整数解，obj=175190527.952491
    [CG] [CG-NODE] depth=0 exit=CERTIFIED certified=1 feasible=1 iters=6 generatedColsBeforeNode=0 newCols=54 posCandidates=54 duplicateCandidates=0 updatedCols=0 zeroObjImproveIters=2 objFirst=144604382.440692 objLast=175057159.128883 objGain=30452776.688191 maxRC=59513708.479228 wallSec=0.009115 pricingSec=0.006023 cplexSolveSec=0.001648
      [BB] 根节点即为整数解，obj=175057159.128883
    [CG] 列生成开始，初始列数=128
    [CG] CG iter 1: obj=145011350.597604, maxRC=59513984.240988, +23 cols
    [CG]   [DIAG] iter=1 posCols=23 newCols=23 effImprove=23 updated=0
    [CG] CG iter 2: obj=161467762.627270, maxRC=10623473.709907, +16 cols
    [CG]   [DIAG] iter=2 posCols=16 newCols=16 effImprove=16 updated=0
    [CG] CG iter 1: obj=145081087.747662, maxRC=59519819.510217, +23 cols
    [CG]   [DIAG] iter=1 posCols=23 newCols=23 effImprove=23 updated=0
    [CG] CG iter 1: obj=145094246.849104, maxRC=59519752.128890, +23 cols
    [CG] CG iter 3: obj=165666357.733564, maxRC=5118128.238817, +14 cols
    [CG]   [DIAG] iter=1 posCols=23 newCols=23 effImprove=23 updated=0
    [CG]   [DIAG] iter=3 posCols=14 newCols=14 effImprove=14 updated=0
    [CG] CG iter 4: obj=175178559.316240, maxRC=2671769.720189, +6 cols
    [CG]   [DIAG] iter=4 posCols=6 newCols=6 effImprove=6 updated=0
    [CG] CG iter 2: obj=161455115.374336, maxRC=10627910.966633, +16 cols
    [CG]   [DIAG] iter=2 posCols=16 newCols=16 effImprove=16 updated=0
    [CG] CG iter 2: obj=161445733.922236, maxRC=10623468.646701, +16 cols
    [CG]   [DIAG] iter=2 posCols=16 newCols=16 effImprove=16 updated=0
    [CG] CG iter 5: obj=175190411.037227, maxRC=830009.321849, +1 cols
    [CG]   [DIAG] iter=5 posCols=1 newCols=1 effImprove=1 updated=0
    [CG] CG iter 3: obj=165652263.000148, maxRC=5118128.238817, +15 cols
    [CG] 列生成收敛，共 6 轮迭代
    [CG] [CG-NODE] depth=0 exit=CERTIFIED certified=1 feasible=1 iters=6 generatedColsBeforeNode=0 newCols=60 posCandidates=60 duplicateCandidates=0 updatedCols=0 zeroObjImproveIters=1 objFirst=145011350.597604 objLast=175190411.037228 objGain=30179060.439623 maxRC=59513984.240988 wallSec=0.009081 pricingSec=0.005977 cplexSolveSec=0.001692
    [CG]   [DIAG] iter=3 posCols=15 newCols=15 effImprove=15 updated=0
      [BB] 根节点即为整数解，obj=175190411.037228
    [CG] CG iter 3: obj=165644271.844328, maxRC=5109038.932198, +15 cols
    [CG] CG iter 4: obj=175163271.275261, maxRC=2671769.720189, +6 cols
    [CG]   [DIAG] iter=3 posCols=15 newCols=15 effImprove=15 updated=0
    [CG]   [DIAG] iter=4 posCols=6 newCols=6 effImprove=6 updated=0
    [CG] CG iter 5: obj=175175150.846800, maxRC=831631.064343, +1 cols
    [CG]   [DIAG] iter=5 posCols=1 newCols=1 effImprove=1 updated=0
    [CG] CG iter 4: obj=175147431.353714, maxRC=2667955.913234, +6 cols
    [CG]   [DIAG] iter=4 posCols=6 newCols=6 effImprove=6 updated=0
    [CG] 列生成收敛，共 6 轮迭代
    [CG] [CG-NODE] depth=0 exit=CERTIFIED certified=1 feasible=1 iters=6 generatedColsBeforeNode=0 newCols=61 posCandidates=61 duplicateCandidates=0 updatedCols=0 zeroObjImproveIters=1 objFirst=145094246.849104 objLast=175175150.846800 objGain=30080903.997696 maxRC=59519752.128890 wallSec=0.008272 pricingSec=0.005461 cplexSolveSec=0.001424
      [BB] 根节点即为整数解，obj=175175150.846800
    [CG] CG iter 5: obj=175148696.342607, maxRC=826099.152253, +1 cols
    [CG]   [DIAG] iter=5 posCols=1 newCols=1 effImprove=1 updated=0
    [CG] CG iter 1: obj=144988349.807509, maxRC=59513894.439822, +23 cols
    [CG]   [DIAG] iter=1 posCols=23 newCols=23 effImprove=23 updated=0
    [CG] 列生成收敛，共 6 轮迭代
    [CG] [CG-NODE] depth=0 exit=CERTIFIED certified=1 feasible=1 iters=6 generatedColsBeforeNode=0 newCols=61 posCandidates=61 duplicateCandidates=0 updatedCols=0 zeroObjImproveIters=1 objFirst=145081087.747662 objLast=175148696.342607 objGain=30067608.594946 maxRC=59519819.510217 wallSec=0.014907 pricingSec=0.010508 cplexSolveSec=0.002476
      [BB] 根节点即为整数解，obj=175148696.342607
    [CG] CG iter 2: obj=161468278.551647, maxRC=10623467.315918, +16 cols
    [CG]   [DIAG] iter=2 posCols=16 newCols=16 effImprove=16 updated=0
    [CG] CG iter 3: obj=165641949.040799, maxRC=5118128.238817, +14 cols
    [CG]   [DIAG] iter=3 posCols=14 newCols=14 effImprove=14 updated=0
    [CG] CG iter 4: obj=175156463.956234, maxRC=2671769.720189, +6 cols
    [CG]   [DIAG] iter=4 posCols=6 newCols=6 effImprove=6 updated=0
    [CG] CG iter 5: obj=175158184.819676, maxRC=830105.190329, +1 cols
    [CG]   [DIAG] iter=5 posCols=1 newCols=1 effImprove=1 updated=0
    [CG] 列生成收敛，共 6 轮迭代
    [CG] [CG-NODE] depth=0 exit=CERTIFIED certified=1 feasible=1 iters=6 generatedColsBeforeNode=0 newCols=60 posCandidates=60 duplicateCandidates=0 updatedCols=0 zeroObjImproveIters=1 objFirst=144988349.807509 objLast=175158184.819676 objGain=30169835.012166 maxRC=59513894.439822 wallSec=0.017277 pricingSec=0.011849 cplexSolveSec=0.003300
      [BB] 根节点即为整数解，obj=175158184.819676
[GA] 代数 9: Best=175219889.92, Avg=175191227.69, Worst=175058456.88, Valid=30/30, 耗时=0.06s (连续9代未提升)
  ├─ 求解: 30 个体 fork 并行 | CG迭代=157 加列=1561 BB分支=0
  ├─ 并行墙钟=0.0559s | 串行等效(ΣBP)=0.3281s | 加速比=5.87x
  ├─ 管理开销=-0.2722s (fork=0.0037 wait=0.0518 merge=0.0004)
  └─ CG明细: gen_logs/run_gen9_ind{0..29}.log
    [CG] 列生成开始，初始列数=128
    [CG] 列生成开始，初始列数=128
    [CG] 列生成开始，初始列数=128
    [CG] 列生成开始，初始列数=128
    [CG] 列生成开始，初始列数=128
    [CG] 列生成开始，初始列数=128
    [CG] 列生成开始，初始列数=128
    [CG] 列生成开始，初始列数=128
    [CG] CG iter 1: obj=144997581.003427, maxRC=59519627.136944, +23 cols
    [CG]   [DIAG] iter=1 posCols=23 newCols=23 effImprove=23 updated=0
    [CG] CG iter 1: obj=144816279.171879, maxRC=59503442.681649, +23 cols
    [CG]   [DIAG] iter=1 posCols=23 newCols=23 effImprove=23 updated=0
    [CG] CG iter 1: obj=145001093.527347, maxRC=59507568.208077, +23 cols
    [CG]   [DIAG] iter=1 posCols=23 newCols=23 effImprove=23 updated=0
    [CG] CG iter 1: obj=144927919.182743, maxRC=59512344.670849, +23 cols
    [CG]   [DIAG] iter=1 posCols=23 newCols=23 effImprove=23 updated=0
    [CG] CG iter 2: obj=161434538.934753, maxRC=10633570.248447, +16 cols
    [CG]   [DIAG] iter=2 posCols=16 newCols=16 effImprove=16 updated=0
    [CG] CG iter 2: obj=161454231.663494, maxRC=10621256.702127, +16 cols
    [CG]   [DIAG] iter=2 posCols=16 newCols=16 effImprove=16 updated=0
    [CG] CG iter 1: obj=145097914.418172, maxRC=59519752.128890, +23 cols
    [CG] CG iter 2: obj=161451846.075252, maxRC=10619084.556004, +16 cols
    [CG] CG iter 3: obj=165632362.759958, maxRC=5118128.238817, +15 cols
    [CG]   [DIAG] iter=3 posCols=15 newCols=15 effImprove=15 updated=0
    [CG]   [DIAG] iter=2 posCols=16 newCols=16 effImprove=16 updated=0
    [CG] CG iter 2: obj=161465417.923504, maxRC=10622406.523336, +16 cols
    [CG]   [DIAG] iter=1 posCols=23 newCols=23 effImprove=23 updated=0
    [CG]   [DIAG] iter=2 posCols=16 newCols=16 effImprove=16 updated=0
    [CG] CG iter 3: obj=165653969.326976, maxRC=5118130.937372, +14 cols
    [CG]   [DIAG] iter=3 posCols=14 newCols=14 effImprove=14 updated=0
    [CG] CG iter 4: obj=175139203.284965, maxRC=2671769.720189, +6 cols
    [CG]   [DIAG] iter=4 posCols=6 newCols=6 effImprove=6 updated=0
    [CG] CG iter 4: obj=175165806.217521, maxRC=2671770.705676, +6 cols
    [CG] CG iter 5: obj=175151140.921542, maxRC=829230.266022, +1 cols
    [CG]   [DIAG] iter=5 posCols=1 newCols=1 effImprove=1 updated=0
    [CG]   [DIAG] iter=4 posCols=6 newCols=6 effImprove=6 updated=0
    [CG] CG iter 3: obj=165651688.490187, maxRC=5118128.238817, +14 cols
    [CG] CG iter 3: obj=165664126.674778, maxRC=5118141.437437, +14 cols
    [CG]   [DIAG] iter=3 posCols=14 newCols=14 effImprove=14 updated=0
    [CG] CG iter 2: obj=161459915.670733, maxRC=10623464.266662, +16 cols
    [CG]   [DIAG] iter=3 posCols=14 newCols=14 effImprove=14 updated=0
    [CG]   [DIAG] iter=2 posCols=16 newCols=16 effImprove=16 updated=0
    [CG] 列生成收敛，共 6 轮迭代
    [CG] [CG-NODE] depth=0 exit=CERTIFIED certified=1 feasible=1 iters=6 generatedColsBeforeNode=0 newCols=61 posCandidates=61 duplicateCandidates=0 updatedCols=0 zeroObjImproveIters=1 objFirst=144997581.003427 objLast=175151140.921542 objGain=30153559.918115 maxRC=59519627.136944 wallSec=0.009877 pricingSec=0.006612 cplexSolveSec=0.001820
    [CG] CG iter 5: obj=175178944.460900, maxRC=828653.754224, +1 cols
    [CG]   [DIAG] iter=5 posCols=1 newCols=1 effImprove=1 updated=0
      [BB] 根节点即为整数解，obj=175151140.921542
    [CG] CG iter 4: obj=175164292.741994, maxRC=2671769.720189, +6 cols
    [CG] CG iter 4: obj=175176561.025861, maxRC=2671774.116017, +6 cols
    [CG]   [DIAG] iter=4 posCols=6 newCols=6 effImprove=6 updated=0
    [CG]   [DIAG] iter=4 posCols=6 newCols=6 effImprove=6 updated=0
    [CG] 列生成收敛，共 6 轮迭代
    [CG] [CG-NODE] depth=0 exit=CERTIFIED certified=1 feasible=1 iters=6 generatedColsBeforeNode=0 newCols=60 posCandidates=60 duplicateCandidates=0 updatedCols=0 zeroObjImproveIters=1 objFirst=144816279.171879 objLast=175178944.460900 objGain=30362665.289021 maxRC=59503442.681649 wallSec=0.010099 pricingSec=0.006719 cplexSolveSec=0.001883
      [BB] 根节点即为整数解，obj=175178944.460900
    [CG] CG iter 3: obj=165658482.363618, maxRC=5118128.238817, +15 cols
    [CG]   [DIAG] iter=3 posCols=15 newCols=15 effImprove=15 updated=0
    [CG] CG iter 5: obj=175178736.484091, maxRC=829252.770699, +1 cols
    [CG] CG iter 5: obj=175189033.774928, maxRC=830095.970475, +1 cols
    [CG]   [DIAG] iter=5 posCols=1 newCols=1 effImprove=1 updated=0
    [CG]   [DIAG] iter=5 posCols=1 newCols=1 effImprove=1 updated=0
    [CG] 列生成收敛，共 6 轮迭代
    [CG] 列生成收敛，共 6 轮迭代
    [CG] [CG-NODE] depth=0 exit=CERTIFIED certified=1 feasible=1 iters=6 generatedColsBeforeNode=0 newCols=60 posCandidates=60 duplicateCandidates=0 updatedCols=0 zeroObjImproveIters=1 objFirst=144927919.182743 objLast=175189033.774928 objGain=30261114.592185 maxRC=59512344.670849 wallSec=0.011187 pricingSec=0.007405 cplexSolveSec=0.002134
    [CG] [CG-NODE] depth=0 exit=CERTIFIED certified=1 feasible=1 iters=6 generatedColsBeforeNode=0 newCols=60 posCandidates=60 duplicateCandidates=0 updatedCols=0 zeroObjImproveIters=1 objFirst=145001093.527347 objLast=175178736.484091 objGain=30177642.956744 maxRC=59507568.208077 wallSec=0.011704 pricingSec=0.007751 cplexSolveSec=0.002222
    [CG] CG iter 4: obj=175170764.455138, maxRC=2671769.720189, +6 cols
    [CG]   [DIAG] iter=4 posCols=6 newCols=6 effImprove=6 updated=0
      [BB] 根节点即为整数解，obj=175189033.774928
      [BB] 根节点即为整数解，obj=175178736.484091
    [CG] CG iter 5: obj=175182644.026677, maxRC=830103.374112, +1 cols
    [CG]   [DIAG] iter=5 posCols=1 newCols=1 effImprove=1 updated=0
    [CG] 列生成收敛，共 6 轮迭代
    [CG] [CG-NODE] depth=0 exit=CERTIFIED certified=1 feasible=1 iters=6 generatedColsBeforeNode=0 newCols=61 posCandidates=61 duplicateCandidates=0 updatedCols=0 zeroObjImproveIters=1 objFirst=145097914.418172 objLast=175182644.026677 objGain=30084729.608505 maxRC=59519752.128890 wallSec=0.012030 pricingSec=0.008030 cplexSolveSec=0.002228
    [CG] CG iter 1: obj=145093344.831446, maxRC=59512429.810681, +23 cols
      [BB] 根节点即为整数解，obj=175182644.026677
    [CG] 列生成开始，初始列数=128
    [CG]   [DIAG] iter=1 posCols=23 newCols=23 effImprove=23 updated=0
    [CG] CG iter 1: obj=144976162.766873, maxRC=59519550.350332, +23 cols
    [CG]   [DIAG] iter=1 posCols=23 newCols=23 effImprove=23 updated=0
    [CG] 列生成开始，初始列数=128
    [CG] CG iter 1: obj=144858924.109589, maxRC=59519201.704478, +23 cols
    [CG] 列生成开始，初始列数=128
    [CG]   [DIAG] iter=1 posCols=23 newCols=23 effImprove=23 updated=0
    [CG] CG iter 2: obj=161446548.679208, maxRC=10618427.403192, +16 cols
    [CG] 列生成开始，初始列数=128
    [CG] 列生成开始，初始列数=128
    [CG]   [DIAG] iter=2 posCols=16 newCols=16 effImprove=16 updated=0
    [CG] CG iter 2: obj=161462772.145615, maxRC=10623244.464616, +16 cols
    [CG]   [DIAG] iter=2 posCols=16 newCols=16 effImprove=16 updated=0
    [CG] CG iter 2: obj=161371719.225113, maxRC=10623244.464616, +16 cols
    [CG]   [DIAG] iter=2 posCols=16 newCols=16 effImprove=16 updated=0
    [CG] CG iter 3: obj=165646054.445954, maxRC=5118128.238817, +15 cols
    [CG]   [DIAG] iter=3 posCols=15 newCols=15 effImprove=15 updated=0
    [CG] CG iter 3: obj=165661820.289574, maxRC=5118128.238817, +15 cols
    [CG]   [DIAG] iter=3 posCols=15 newCols=15 effImprove=15 updated=0
    [CG] CG iter 4: obj=175159266.608220, maxRC=2671769.720189, +6 cols
    [CG]   [DIAG] iter=4 posCols=6 newCols=6 effImprove=6 updated=0
    [CG] CG iter 3: obj=165570765.022418, maxRC=5080312.644978, +15 cols
    [CG]   [DIAG] iter=3 posCols=15 newCols=15 effImprove=15 updated=0
    [CG] CG iter 5: obj=175174114.250485, maxRC=830103.374112, +1 cols
    [CG] CG iter 4: obj=175173611.393472, maxRC=2671769.720189, +6 cols
    [CG]   [DIAG] iter=5 posCols=1 newCols=1 effImprove=1 updated=0
    [CG]   [DIAG] iter=4 posCols=6 newCols=6 effImprove=6 updated=0
    [CG] CG iter 4: obj=175044744.448888, maxRC=2655978.032040, +5 cols
    [CG]   [DIAG] iter=4 posCols=5 newCols=5 effImprove=5 updated=0
    [CG] 列生成收敛，共 6 轮迭代
    [CG] [CG-NODE] depth=0 exit=CERTIFIED certified=1 feasible=1 iters=6 generatedColsBeforeNode=0 newCols=61 posCandidates=61 duplicateCandidates=0 updatedCols=0 zeroObjImproveIters=1 objFirst=145093344.831446 objLast=175174114.250485 objGain=30080769.419038 maxRC=59512429.810681 wallSec=0.018932 pricingSec=0.012693 cplexSolveSec=0.003548
    [CG] CG iter 5: obj=175185588.284906, maxRC=829246.259854, +1 cols
    [CG]   [DIAG] iter=5 posCols=1 newCols=1 effImprove=1 updated=0
      [BB] 根节点即为整数解，obj=175174114.250485
    [CG] CG iter 5: obj=175044744.448888, maxRC=780779.496366, +1 cols
    [CG]   [DIAG] iter=5 posCols=1 newCols=1 effImprove=1 updated=0
    [CG] 列生成收敛，共 6 轮迭代
    [CG] [CG-NODE] depth=0 exit=CERTIFIED certified=1 feasible=1 iters=6 generatedColsBeforeNode=0 newCols=61 posCandidates=61 duplicateCandidates=0 updatedCols=0 zeroObjImproveIters=1 objFirst=144976162.766873 objLast=175185588.284906 objGain=30209425.518033 maxRC=59519550.350332 wallSec=0.019706 pricingSec=0.013287 cplexSolveSec=0.003627
    [CG] CG iter 1: obj=144902078.805923, maxRC=59501704.398851, +23 cols
      [BB] 根节点即为整数解，obj=175185588.284906
    [CG] 列生成收敛，共 6 轮迭代
    [CG]   [DIAG] iter=1 posCols=23 newCols=23 effImprove=23 updated=0
    [CG] [CG-NODE] depth=0 exit=CERTIFIED certified=1 feasible=1 iters=6 generatedColsBeforeNode=0 newCols=60 posCandidates=60 duplicateCandidates=0 updatedCols=0 zeroObjImproveIters=2 objFirst=144858924.109589 objLast=175044744.448888 objGain=30185820.339298 maxRC=59519201.704478 wallSec=0.019607 pricingSec=0.013348 cplexSolveSec=0.003500
    [CG] CG iter 1: obj=144974437.844245, maxRC=59501704.398851, +23 cols
    [CG]   [DIAG] iter=1 posCols=23 newCols=23 effImprove=23 updated=0
      [BB] 根节点即为整数解，obj=175044744.448888
    [CG] CG iter 2: obj=161439636.850025, maxRC=10616257.622790, +16 cols
    [CG]   [DIAG] iter=2 posCols=16 newCols=16 effImprove=16 updated=0
    [CG] CG iter 2: obj=161439392.758811, maxRC=10616554.289619, +16 cols
    [CG]   [DIAG] iter=2 posCols=16 newCols=16 effImprove=16 updated=0
    [CG] 列生成开始，初始列数=128
    [CG] CG iter 3: obj=165615533.730458, maxRC=5118130.937372, +14 cols
    [CG]   [DIAG] iter=3 posCols=14 newCols=14 effImprove=14 updated=0
    [CG] CG iter 3: obj=165639700.015413, maxRC=5118130.937372, +14 cols
    [CG]   [DIAG] iter=3 posCols=14 newCols=14 effImprove=14 updated=0
    [CG] CG iter 4: obj=175130735.823904, maxRC=2671770.705676, +6 cols
    [CG]   [DIAG] iter=4 posCols=6 newCols=6 effImprove=6 updated=0
    [CG] CG iter 4: obj=175152621.587925, maxRC=2671770.705676, +6 cols
    [CG]   [DIAG] iter=4 posCols=6 newCols=6 effImprove=6 updated=0
    [CG] 列生成开始，初始列数=128
    [CG] CG iter 5: obj=175137530.604783, maxRC=829387.782960, +1 cols
    [CG]   [DIAG] iter=5 posCols=1 newCols=1 effImprove=1 updated=0
    [CG] CG iter 5: obj=175169412.154370, maxRC=829489.903247, +1 cols
    [CG]   [DIAG] iter=5 posCols=1 newCols=1 effImprove=1 updated=0
    [CG] 列生成开始，初始列数=128
    [CG] 列生成收敛，共 6 轮迭代
    [CG] [CG-NODE] depth=0 exit=CERTIFIED certified=1 feasible=1 iters=6 generatedColsBeforeNode=0 newCols=60 posCandidates=60 duplicateCandidates=0 updatedCols=0 zeroObjImproveIters=1 objFirst=144902078.805923 objLast=175137530.604783 objGain=30235451.798860 maxRC=59501704.398851 wallSec=0.008976 pricingSec=0.006002 cplexSolveSec=0.001642
    [CG] 列生成收敛，共 6 轮迭代
    [CG] [CG-NODE] depth=0 exit=CERTIFIED certified=1 feasible=1 iters=6 generatedColsBeforeNode=0 newCols=60 posCandidates=60 duplicateCandidates=0 updatedCols=0 zeroObjImproveIters=1 objFirst=144974437.844245 objLast=175169412.154370 objGain=30194974.310125 maxRC=59501704.398851 wallSec=0.010012 pricingSec=0.006779 cplexSolveSec=0.001746
      [BB] 根节点即为整数解，obj=175137530.604783
      [BB] 根节点即为整数解，obj=175169412.154370
    [CG] CG iter 1: obj=144969569.934637, maxRC=59513519.612967, +23 cols
    [CG]   [DIAG] iter=1 posCols=23 newCols=23 effImprove=23 updated=0
    [CG] CG iter 1: obj=145064571.515792, maxRC=59519752.128890, +23 cols
    [CG]   [DIAG] iter=1 posCols=23 newCols=23 effImprove=23 updated=0
    [CG] 列生成开始，初始列数=128
    [CG] 列生成开始，初始列数=128
    [CG] CG iter 2: obj=161439531.339385, maxRC=10627910.966633, +16 cols
    [CG]   [DIAG] iter=2 posCols=16 newCols=16 effImprove=16 updated=0
    [CG] CG iter 1: obj=144978070.361525, maxRC=59512728.132412, +23 cols
    [CG]   [DIAG] iter=1 posCols=23 newCols=23 effImprove=23 updated=0
    [CG] CG iter 2: obj=161429088.034092, maxRC=10623464.266662, +16 cols
    [CG]   [DIAG] iter=2 posCols=16 newCols=16 effImprove=16 updated=0
    [CG] CG iter 3: obj=165639147.904303, maxRC=5118128.238817, +14 cols
    [CG]   [DIAG] iter=3 posCols=14 newCols=14 effImprove=14 updated=0
    [CG] CG iter 2: obj=161466864.506916, maxRC=10624324.039956, +16 cols
    [CG]   [DIAG] iter=2 posCols=16 newCols=16 effImprove=16 updated=0
    [CG] CG iter 4: obj=175147687.240310, maxRC=2671769.720189, +6 cols
    [CG]   [DIAG] iter=4 posCols=6 newCols=6 effImprove=6 updated=0
    [CG] CG iter 3: obj=165628058.139165, maxRC=5118128.238817, +15 cols
    [CG]   [DIAG] iter=3 posCols=15 newCols=15 effImprove=15 updated=0
    [CG] CG iter 1: obj=144975990.344262, maxRC=59519550.350332, +23 cols
    [CG] CG iter 1: obj=144952639.360903, maxRC=59518109.207681, +23 cols
    [CG]   [DIAG] iter=1 posCols=23 newCols=23 effImprove=23 updated=0
    [CG]   [DIAG] iter=1 posCols=23 newCols=23 effImprove=23 updated=0
    [CG] CG iter 5: obj=175159566.811849, maxRC=827187.873288, +1 cols
    [CG]   [DIAG] iter=5 posCols=1 newCols=1 effImprove=1 updated=0
    [CG] CG iter 3: obj=165665067.745282, maxRC=5118128.238817, +14 cols
    [CG] CG iter 4: obj=175138436.525033, maxRC=2671769.720189, +6 cols
    [CG]   [DIAG] iter=3 posCols=14 newCols=14 effImprove=14 updated=0
    [CG]   [DIAG] iter=4 posCols=6 newCols=6 effImprove=6 updated=0
    [CG] CG iter 1: obj=144981283.434061, maxRC=59513786.873314, +23 cols
    [CG] CG iter 2: obj=161462656.528819, maxRC=10623381.239441, +16 cols
    [CG]   [DIAG] iter=1 posCols=23 newCols=23 effImprove=23 updated=0
    [CG]   [DIAG] iter=2 posCols=16 newCols=16 effImprove=16 updated=0
    [CG] 列生成收敛，共 6 轮迭代
    [CG] [CG-NODE] depth=0 exit=CERTIFIED certified=1 feasible=1 iters=6 generatedColsBeforeNode=0 newCols=60 posCandidates=60 duplicateCandidates=0 updatedCols=0 zeroObjImproveIters=1 objFirst=144969569.934637 objLast=175159566.811849 objGain=30189996.877212 maxRC=59513519.612967 wallSec=0.018926 pricingSec=0.012735 cplexSolveSec=0.003533
    [CG] CG iter 2: obj=161462849.541910, maxRC=10623244.464616, +16 cols
    [CG] CG iter 5: obj=175149762.657048, maxRC=826575.985895, +1 cols
      [BB] 根节点即为整数解，obj=175159566.811849
    [CG]   [DIAG] iter=5 posCols=1 newCols=1 effImprove=1 updated=0
    [CG]   [DIAG] iter=2 posCols=16 newCols=16 effImprove=16 updated=0
    [CG] CG iter 4: obj=175177051.742762, maxRC=2671769.720189, +6 cols
    [CG]   [DIAG] iter=4 posCols=6 newCols=6 effImprove=6 updated=0
    [CG] CG iter 3: obj=165661632.627174, maxRC=5118128.238817, +15 cols
    [CG]   [DIAG] iter=3 posCols=15 newCols=15 effImprove=15 updated=0
    [CG] CG iter 2: obj=161462348.556312, maxRC=10623303.616357, +16 cols
    [CG]   [DIAG] iter=2 posCols=16 newCols=16 effImprove=16 updated=0
    [CG] 列生成收敛，共 6 轮迭代
    [CG] [CG-NODE] depth=0 exit=CERTIFIED certified=1 feasible=1 iters=6 generatedColsBeforeNode=0 newCols=61 posCandidates=61 duplicateCandidates=0 updatedCols=0 zeroObjImproveIters=1 objFirst=145064571.515792 objLast=175149762.657048 objGain=30085191.141256 maxRC=59519752.128890 wallSec=0.019043 pricingSec=0.013045 cplexSolveSec=0.003331
    [CG] CG iter 5: obj=175188989.379338, maxRC=830440.820154, +1 cols
    [CG]   [DIAG] iter=5 posCols=1 newCols=1 effImprove=1 updated=0
      [BB] 根节点即为整数解，obj=175149762.657048
    [CG] CG iter 4: obj=175173397.399994, maxRC=2671769.720189, +6 cols
    [CG]   [DIAG] iter=4 posCols=6 newCols=6 effImprove=6 updated=0
    [CG] CG iter 3: obj=165661890.052779, maxRC=5118128.238817, +15 cols
    [CG]   [DIAG] iter=3 posCols=15 newCols=15 effImprove=15 updated=0
    [CG] CG iter 3: obj=165636007.741784, maxRC=5116038.208083, +14 cols
    [CG] 列生成收敛，共 6 轮迭代
    [CG] [CG-NODE] depth=0 exit=CERTIFIED certified=1 feasible=1 iters=6 generatedColsBeforeNode=0 newCols=60 posCandidates=60 duplicateCandidates=0 updatedCols=0 zeroObjImproveIters=1 objFirst=144978070.361525 objLast=175188989.379338 objGain=30210919.017813 maxRC=59512728.132412 wallSec=0.018595 pricingSec=0.012845 cplexSolveSec=0.003221
    [CG] CG iter 5: obj=175185374.291428, maxRC=829295.509161, +1 cols
    [CG]   [DIAG] iter=5 posCols=1 newCols=1 effImprove=1 updated=0
    [CG]   [DIAG] iter=3 posCols=14 newCols=14 effImprove=14 updated=0
      [BB] 根节点即为整数解，obj=175188989.379338
    [CG] 列生成收敛，共 6 轮迭代
    [CG] [CG-NODE] depth=0 exit=CERTIFIED certified=1 feasible=1 iters=6 generatedColsBeforeNode=0 newCols=61 posCandidates=61 duplicateCandidates=0 updatedCols=0 zeroObjImproveIters=1 objFirst=144975990.344262 objLast=175185374.291428 objGain=30209383.947166 maxRC=59519550.350332 wallSec=0.010822 pricingSec=0.007450 cplexSolveSec=0.001813
    [CG] CG iter 4: obj=175173688.789767, maxRC=2671769.720189, +6 cols
    [CG]   [DIAG] iter=4 posCols=6 newCols=6 effImprove=6 updated=0
    [CG] CG iter 4: obj=175148421.322807, maxRC=2670883.325991, +5 cols
    [CG]   [DIAG] iter=4 posCols=5 newCols=5 effImprove=5 updated=0
      [BB] 根节点即为整数解，obj=175185374.291428
    [CG] 列生成开始，初始列数=128
    [CG] CG iter 5: obj=175148421.322807, maxRC=828483.490038, +1 cols
    [CG]   [DIAG] iter=5 posCols=1 newCols=1 effImprove=1 updated=0
    [CG] CG iter 5: obj=175185665.681201, maxRC=829259.985100, +1 cols
    [CG]   [DIAG] iter=5 posCols=1 newCols=1 effImprove=1 updated=0
    [CG] 列生成收敛，共 6 轮迭代
    [CG] [CG-NODE] depth=0 exit=CERTIFIED certified=1 feasible=1 iters=6 generatedColsBeforeNode=0 newCols=59 posCandidates=59 duplicateCandidates=0 updatedCols=0 zeroObjImproveIters=2 objFirst=144981283.434061 objLast=175148421.322807 objGain=30167137.888746 maxRC=59513786.873314 wallSec=0.011493 pricingSec=0.007951 cplexSolveSec=0.001909
      [BB] 根节点即为整数解，obj=175148421.322807
    [CG] 列生成收敛，共 6 轮迭代
    [CG] [CG-NODE] depth=0 exit=CERTIFIED certified=1 feasible=1 iters=6 generatedColsBeforeNode=0 newCols=61 posCandidates=61 duplicateCandidates=0 updatedCols=0 zeroObjImproveIters=1 objFirst=144952639.360903 objLast=175185665.681201 objGain=30233026.320298 maxRC=59518109.207681 wallSec=0.012797 pricingSec=0.008647 cplexSolveSec=0.002266
    [CG] 列生成开始，初始列数=128
      [BB] 根节点即为整数解，obj=175185665.681201
    [CG] 列生成开始，初始列数=128
    [CG] CG iter 1: obj=145012046.924896, maxRC=59513894.439822, +23 cols
    [CG] 列生成开始，初始列数=128
    [CG]   [DIAG] iter=1 posCols=23 newCols=23 effImprove=23 updated=0
    [CG] 列生成开始，初始列数=128
    [CG] CG iter 2: obj=161468275.521798, maxRC=10623479.978949, +16 cols
    [CG]   [DIAG] iter=2 posCols=16 newCols=16 effImprove=16 updated=0
    [CG] CG iter 1: obj=145081745.963330, maxRC=59514542.260627, +23 cols
    [CG] 列生成开始，初始列数=128
    [CG]   [DIAG] iter=1 posCols=23 newCols=23 effImprove=23 updated=0
    [CG] CG iter 3: obj=165666840.495744, maxRC=5118128.238817, +14 cols
    [CG]   [DIAG] iter=3 posCols=14 newCols=14 effImprove=14 updated=0
    [CG] CG iter 1: obj=145096797.478928, maxRC=59519523.992937, +23 cols
    [CG]   [DIAG] iter=1 posCols=23 newCols=23 effImprove=23 updated=0
    [CG] CG iter 2: obj=161461093.605033, maxRC=10620791.242745, +16 cols
    [CG]   [DIAG] iter=2 posCols=16 newCols=16 effImprove=16 updated=0
    [CG] CG iter 4: obj=175179117.257571, maxRC=2671769.720189, +6 cols
    [CG]   [DIAG] iter=4 posCols=6 newCols=6 effImprove=6 updated=0
    [CG] CG iter 2: obj=161458803.688381, maxRC=10623224.727856, +16 cols
    [CG]   [DIAG] iter=2 posCols=16 newCols=16 effImprove=16 updated=0
    [CG] CG iter 1: obj=145006967.266775, maxRC=59513894.439822, +23 cols
    [CG]   [DIAG] iter=1 posCols=23 newCols=23 effImprove=23 updated=0
    [CG] CG iter 5: obj=175190996.829110, maxRC=830110.588513, +1 cols
    [CG] CG iter 3: obj=165658245.575756, maxRC=5118128.238817, +15 cols
    [CG]   [DIAG] iter=5 posCols=1 newCols=1 effImprove=1 updated=0
    [CG]   [DIAG] iter=3 posCols=15 newCols=15 effImprove=15 updated=0
    [CG] CG iter 3: obj=165660109.581771, maxRC=5118128.238817, +15 cols
    [CG]   [DIAG] iter=3 posCols=15 newCols=15 effImprove=15 updated=0
    [CG] CG iter 2: obj=161464596.339582, maxRC=10627910.966633, +16 cols
    [CG]   [DIAG] iter=2 posCols=16 newCols=16 effImprove=16 updated=0
    [CG] 列生成收敛，共 6 轮迭代
    [CG] [CG-NODE] depth=0 exit=CERTIFIED certified=1 feasible=1 iters=6 generatedColsBeforeNode=0 newCols=60 posCandidates=60 duplicateCandidates=0 updatedCols=0 zeroObjImproveIters=1 objFirst=145012046.924896 objLast=175190996.829110 objGain=30178949.904214 maxRC=59513894.439822 wallSec=0.016293 pricingSec=0.011114 cplexSolveSec=0.003024
    [CG] CG iter 4: obj=175169650.332570, maxRC=2671769.720189, +6 cols
    [CG]   [DIAG] iter=4 posCols=6 newCols=6 effImprove=6 updated=0
      [BB] 根节点即为整数解，obj=175190996.829110
    [CG] CG iter 4: obj=175172843.121072, maxRC=2671769.720189, +6 cols
    [CG]   [DIAG] iter=4 posCols=6 newCols=6 effImprove=6 updated=0
    [CG] CG iter 5: obj=175181643.571897, maxRC=828552.235644, +1 cols
    [CG]   [DIAG] iter=5 posCols=1 newCols=1 effImprove=1 updated=0
    [CG] CG iter 1: obj=145000506.521170, maxRC=59512530.631443, +23 cols
    [CG] CG iter 1: obj=144693386.323838, maxRC=59512321.221471, +23 cols
    [CG] CG iter 3: obj=165661743.965394, maxRC=5118128.238817, +14 cols
    [CG]   [DIAG] iter=1 posCols=23 newCols=23 effImprove=23 updated=0
    [CG]   [DIAG] iter=3 posCols=14 newCols=14 effImprove=14 updated=0
    [CG]   [DIAG] iter=1 posCols=23 newCols=23 effImprove=23 updated=0
    [CG] CG iter 5: obj=175186267.504602, maxRC=830101.710752, +1 cols
    [CG] 列生成收敛，共 6 轮迭代
    [CG]   [DIAG] iter=5 posCols=1 newCols=1 effImprove=1 updated=0
    [CG] [CG-NODE] depth=0 exit=CERTIFIED certified=1 feasible=1 iters=6 generatedColsBeforeNode=0 newCols=61 posCandidates=61 duplicateCandidates=0 updatedCols=0 zeroObjImproveIters=1 objFirst=145096797.478928 objLast=175181643.571897 objGain=30084846.092969 maxRC=59519523.992937 wallSec=0.009841 pricingSec=0.006478 cplexSolveSec=0.001903
      [BB] 根节点即为整数解，obj=175181643.571897
    [CG] CG iter 4: obj=175172752.240507, maxRC=2671769.720189, +6 cols
    [CG] 列生成收敛，共 6 轮迭代
    [CG] [CG-NODE] depth=0 exit=CERTIFIED certified=1 feasible=1 iters=6 generatedColsBeforeNode=0 newCols=61 posCandidates=61 duplicateCandidates=0 updatedCols=0 zeroObjImproveIters=1 objFirst=145081745.963330 objLast=175186267.504602 objGain=30104521.541272 maxRC=59514542.260627 wallSec=0.017606 pricingSec=0.012256 cplexSolveSec=0.002992
    [CG]   [DIAG] iter=4 posCols=6 newCols=6 effImprove=6 updated=0
    [CG] CG iter 2: obj=161457233.536833, maxRC=10622409.572591, +16 cols
    [CG] CG iter 2: obj=161456331.871622, maxRC=10131852.313494, +17 cols
    [CG]   [DIAG] iter=2 posCols=16 newCols=16 effImprove=16 updated=0
    [CG]   [DIAG] iter=2 posCols=17 newCols=17 effImprove=17 updated=0
      [BB] 根节点即为整数解，obj=175186267.504602
    [CG] CG iter 5: obj=175184631.812046, maxRC=831631.064343, +1 cols
    [CG]   [DIAG] iter=5 posCols=1 newCols=1 effImprove=1 updated=0
    [CG] CG iter 3: obj=170668977.653350, maxRC=3404520.179343, +11 cols
    [CG]   [DIAG] iter=3 posCols=11 newCols=11 effImprove=11 updated=0
    [CG] CG iter 3: obj=165655940.621358, maxRC=5114926.607646, +14 cols
    [CG]   [DIAG] iter=3 posCols=14 newCols=14 effImprove=14 updated=0
    [CG] 列生成收敛，共 6 轮迭代
    [CG] [CG-NODE] depth=0 exit=CERTIFIED certified=1 feasible=1 iters=6 generatedColsBeforeNode=0 newCols=60 posCandidates=60 duplicateCandidates=0 updatedCols=0 zeroObjImproveIters=1 objFirst=145006967.266775 objLast=175184631.812046 objGain=30177664.545271 maxRC=59513894.439822 wallSec=0.010801 pricingSec=0.007091 cplexSolveSec=0.001957
    [CG] 列生成开始，初始列数=128
    [CG] CG iter 4: obj=173873558.644858, maxRC=1316160.955847, +4 cols
      [BB] 根节点即为整数解，obj=175184631.812046
    [CG]   [DIAG] iter=4 posCols=4 newCols=4 effImprove=4 updated=0
    [CG] CG iter 4: obj=175165160.565428, maxRC=2670417.357892, +6 cols
    [CG]   [DIAG] iter=4 posCols=6 newCols=6 effImprove=6 updated=0
    [CG] CG iter 5: obj=175172790.215960, maxRC=681170.221370, +3 cols
    [CG]   [DIAG] iter=5 posCols=3 newCols=3 effImprove=3 updated=0
    [CG] CG iter 5: obj=175173930.285248, maxRC=828600.310068, +1 cols
    [CG]   [DIAG] iter=5 posCols=1 newCols=1 effImprove=1 updated=0
    [CG] CG iter 6: obj=175172790.215960, maxRC=136267.441967, +1 cols
    [CG]   [DIAG] iter=6 posCols=1 newCols=1 effImprove=1 updated=0
    [CG] 列生成收敛，共 6 轮迭代
    [CG] [CG-NODE] depth=0 exit=CERTIFIED certified=1 feasible=1 iters=6 generatedColsBeforeNode=0 newCols=60 posCandidates=60 duplicateCandidates=0 updatedCols=0 zeroObjImproveIters=1 objFirst=145000506.521170 objLast=175173930.285248 objGain=30173423.764078 maxRC=59512530.631443 wallSec=0.011235 pricingSec=0.007620 cplexSolveSec=0.001977
      [BB] 根节点即为整数解，obj=175173930.285248
    [CG] 列生成收敛，共 7 轮迭代
    [CG] [CG-NODE] depth=0 exit=CERTIFIED certified=1 feasible=1 iters=7 generatedColsBeforeNode=0 newCols=59 posCandidates=59 duplicateCandidates=0 updatedCols=0 zeroObjImproveIters=2 objFirst=144693386.323838 objLast=175172790.215960 objGain=30479403.892122 maxRC=59512321.221471 wallSec=0.011380 pricingSec=0.007689 cplexSolveSec=0.002046
      [BB] 根节点即为整数解，obj=175172790.215960
    [CG] CG iter 1: obj=145003987.814201, maxRC=59513894.439822, +23 cols
    [CG]   [DIAG] iter=1 posCols=23 newCols=23 effImprove=23 updated=0
    [CG] CG iter 1: obj=145103049.676839, maxRC=59519752.128890, +23 cols
    [CG]   [DIAG] iter=1 posCols=23 newCols=23 effImprove=23 updated=0
    [CG] CG iter 2: obj=161461709.588740, maxRC=10623464.266662, +16 cols
    [CG]   [DIAG] iter=2 posCols=16 newCols=16 effImprove=16 updated=0
    [CG] CG iter 2: obj=161464021.918237, maxRC=10627910.966633, +16 cols
    [CG]   [DIAG] iter=2 posCols=16 newCols=16 effImprove=16 updated=0
    [CG] CG iter 3: obj=165660276.158830, maxRC=5115590.573004, +14 cols
    [CG]   [DIAG] iter=3 posCols=14 newCols=14 effImprove=14 updated=0
    [CG] CG iter 3: obj=165661229.396330, maxRC=5118128.238817, +15 cols
    [CG]   [DIAG] iter=3 posCols=15 newCols=15 effImprove=15 updated=0
    [CG] CG iter 4: obj=175170020.707332, maxRC=2670695.584470, +6 cols
    [CG]   [DIAG] iter=4 posCols=6 newCols=6 effImprove=6 updated=0
    [CG] CG iter 4: obj=175172177.819163, maxRC=2671769.720189, +6 cols
    [CG]   [DIAG] iter=4 posCols=6 newCols=6 effImprove=6 updated=0
    [CG] CG iter 5: obj=175178995.500448, maxRC=828888.622117, +1 cols
    [CG]   [DIAG] iter=5 posCols=1 newCols=1 effImprove=1 updated=0
    [CG] CG iter 5: obj=175184057.390702, maxRC=831527.348176, +1 cols
    [CG]   [DIAG] iter=5 posCols=1 newCols=1 effImprove=1 updated=0
    [CG] 列生成收敛，共 6 轮迭代
    [CG] [CG-NODE] depth=0 exit=CERTIFIED certified=1 feasible=1 iters=6 generatedColsBeforeNode=0 newCols=60 posCandidates=60 duplicateCandidates=0 updatedCols=0 zeroObjImproveIters=1 objFirst=145003987.814201 objLast=175178995.500448 objGain=30175007.686246 maxRC=59513894.439822 wallSec=0.018006 pricingSec=0.012438 cplexSolveSec=0.003130
      [BB] 根节点即为整数解，obj=175178995.500448
    [CG] 列生成收敛，共 6 轮迭代
    [CG] [CG-NODE] depth=0 exit=CERTIFIED certified=1 feasible=1 iters=6 generatedColsBeforeNode=0 newCols=61 posCandidates=61 duplicateCandidates=0 updatedCols=0 zeroObjImproveIters=1 objFirst=145103049.676839 objLast=175184057.390702 objGain=30081007.713863 maxRC=59519752.128890 wallSec=0.018037 pricingSec=0.012512 cplexSolveSec=0.002979
      [BB] 根节点即为整数解，obj=175184057.390702
    [CG] CG iter 1: obj=144990986.279719, maxRC=59513984.240988, +23 cols
    [CG]   [DIAG] iter=1 posCols=23 newCols=23 effImprove=23 updated=0
    [CG] CG iter 2: obj=161447303.932320, maxRC=10623473.709907, +16 cols
    [CG]   [DIAG] iter=2 posCols=16 newCols=16 effImprove=16 updated=0
    [CG] CG iter 3: obj=165645844.454693, maxRC=5118128.238817, +14 cols
    [CG]   [DIAG] iter=3 posCols=14 newCols=14 effImprove=14 updated=0
    [CG] CG iter 4: obj=175158100.621290, maxRC=2671769.720189, +6 cols
    [CG]   [DIAG] iter=4 posCols=6 newCols=6 effImprove=6 updated=0
    [CG] CG iter 5: obj=175169952.342277, maxRC=830103.698914, +1 cols
    [CG]   [DIAG] iter=5 posCols=1 newCols=1 effImprove=1 updated=0
    [CG] 列生成收敛，共 6 轮迭代
    [CG] [CG-NODE] depth=0 exit=CERTIFIED certified=1 feasible=1 iters=6 generatedColsBeforeNode=0 newCols=60 posCandidates=60 duplicateCandidates=0 updatedCols=0 zeroObjImproveIters=1 objFirst=144990986.279719 objLast=175169952.342277 objGain=30178966.062559 maxRC=59513984.240988 wallSec=0.019364 pricingSec=0.012738 cplexSolveSec=0.003663
      [BB] 根节点即为整数解，obj=175169952.342277
[GA] 代数 10: Best=175219889.92, Avg=175200506.34, Worst=175073630.13, Valid=30/30, 耗时=0.06s (连续10代未提升 → 提前停止)
  ├─ 求解: 30 个体 fork 并行 | CG迭代=151 加列=1508 BB分支=0
  ├─ 并行墙钟=0.0634s | 串行等效(ΣBP)=0.3619s | 加速比=5.71x
  ├─ 管理开销=-0.2985s (fork=0.0035 wait=0.0594 merge=0.0004)
  └─ CG明细: gen_logs/run_gen10_ind{0..29}.log

========== 遗传算法完成 ==========
总耗时: 0.635919s
最优适应度: 175219889.92
最优w: w0=0.50 w1=0.00 w2=0.00 w3=0.00 w4=0.00 w5=0.00 w6=0.00 w7=0.00 

========== 并行效率总报告 ==========
并行代数            : 11
并行墙钟(累计)      : 0.6318s
串行等效(ΣBP累计)   : 3.8998s
净管理开销          : -3.2681s (-517.3%)
  ├─ fork  : 0.0384s
  ├─ wait  : 0.5885s
  └─ merge : 0.0043s
加速比              : 6.17x
结论: 加速比 > 1，并行有效收益。
====================================

--- 最优解详细结果 ---
FORMAL_PASS seed=303 distance=5.00 profit=175219889.92 wall=0.65
