
      ========== [环节4/5] 列生成 CG（RMP + 定价子问题迭代求 LP 松弛） ==========
        设计: CPLEX 增量式 RMP(动态加列，不重建模型) ↔ 逐 DC 定价生成负 RC 新列
        定价并行: 否(串行逐DC) | DC 数=8 | 定价线程=4(上限pricing_threads=4)[未启用,parallel_pricing=false]
        核预算: core_budget=0(0=不限制) | GA并发进程数=见num_threads | 峰值占核=GA进程×定价线程
        RMP求解: CPLEX线程=1(cplex_threads=1)[GA并行时子进程强制回退1避免过度订阅]
        收敛: 最大迭代=2000 | tailing-off 早停=否(连续20轮改善<1e-06) | RC 阈值=1e-06
        优化: 每DC持久 PricingSolver(缓存跨迭代保留) + 持久线程池(不再每轮建销)

      ========== [环节5/5] 定价子问题 PS（每DC生成最大负 RC 列，本次瓶颈~83%） ==========
        算法: Simplified候选 + Algorithm3完整校验
        无损缓存: cachedBestCols仅提供 incumbent/上界剪枝，不跳过完整定价
        完整定价: 候选价格(保留价去重)×两点组合 O(候选价×n_neg²×numRetailer)

    ========== [环节3/5] 分支定界 BB（DFS 深度优先，恢复整数解） ==========
      设计: 根节点列生成求 LP → 按 x_ij(DC-零售商对)分数值分支 → 左 x_ij=0 / 右 x_ij=1
      策略: 深度优先(DFS 栈) | 选最大分数化变量分支 | LP≤下界则剪枝
      认证: 所有节点严格列生成 | 目标gap=0 | 最大节点数=10000 | 时间上限=600s
      资源限制仅改变求解状态，不允许LP值冒充整数可行解

  ========== [环节2/5] 分支定价 BP（固定 w_j 下精确求解整数规划） ==========
    设计: 列生成(求 LP 松弛) + 分支定界(恢复整数) = 分支定价
    收尾: 内层列利润已包含减排投资成本；BP整数结果完成后仅加回碳配额常数收益
    优化: fitnessCache 仅复用相同 w 的认证最优结果；未认证结果再次出现时重算
    投资成本模型: ½δw²D^γ, γ=0.500000
    投资成本处理: 列内扣除(新)

========== [环节1/5] 遗传算法 GA（外层：对减排率 w_j 编码搜索） ==========
  设计: 二进制编码 w_j → 轮盘赌选择 → 两点交叉 → 按位变异 → 精英保留
  配置: 种群=30 | 最大代数=50 | 编码位数=10/DC | 基因总长=80
        交叉率=0.7 | 逐位变异率=0.0125(自适应1/L) | 精英保留=是 | w范围=[0,1]
        提前停止=是 | 连续未提升阈值=10代 | 提升容差=0.001
  优化: 二进制解码查表(替代 std::pow) | 相同 w 仅复用认证最优的BP缓存

  +--------------- [并行诊断] 适应度评估层（GA 第4层外层） ---------------
  | 评估任务: 每代对 30 个个体各调用一次分支定价 BP.solve(w)（含 CG->定价->BB）
  | 并行三条件:
  |   1) parallel_fitness = true   [满足]
  |   2) population_size > 1 : 30   [满足]
  |   3) num_threads > 1 : 配置=8 -> 实际=8（0 表示自动取 CPU 核数=36）   [满足]
  +---------------------------------------------------------------
  | >>> 当前模式: 【并行】GA 适应度评估层 fork 进程级并行
  |     并发度: 8 个子进程同时运行（个体总数 30，分批调度）
  |     隔离方式: 每个体 fork() 独立子进程 + Instance.deepCopy() 深拷贝
  |               （不共享求解器，各持独立 BranchAndPrice，无锁无竞争）
  |     结果回传: 子进程算完经管道 pipe() 回传 fitness 及 BP/CG/PS 计时
  |     下层状态: 每个子进程内部 BP->CG->定价PS->BB 全部【串行】
  |     计时口径: 并行时 BP/CG/PS 取墙钟聚合，避免子进程 CPU 时间累加超过总时间
  | 注: 定价子问题 PS 并行开关 parallel_pricing=false —— true 时并行逐DC，false 时串行逐DC；线程数配置在 CG 环节横幅始终展示，仅 false 时不生效）
  +---------------------------------------------------------------
    [CG] 列生成开始，初始列数=128
    [CG] 列生成开始，初始列数=128
    [CG] 列生成开始，初始列数=128
    [CG] 列生成开始，初始列数=128
    [CG] 列生成开始，初始列数=128
    [CG] 列生成开始，初始列数=128
    [CG] 列生成开始，初始列数=128
    [CG] 列生成开始，初始列数=128
    [CG] CG iter 1: obj=145346992.137847, maxRC=59513443.737995, +23 cols
    [CG]   [DIAG] iter=1 posCols=23 newCols=23 effImprove=23 updated=0
    [CG] CG iter 2: obj=161408191.754083, maxRC=10649179.920962, +16 cols
    [CG]   [DIAG] iter=2 posCols=16 newCols=16 effImprove=16 updated=0
    [CG] CG iter 1: obj=145027822.600799, maxRC=59488747.135782, +23 cols
    [CG]   [DIAG] iter=1 posCols=23 newCols=23 effImprove=23 updated=0
    [CG] CG iter 3: obj=165362064.396993, maxRC=4485052.506122, +14 cols
    [CG]   [DIAG] iter=3 posCols=14 newCols=14 effImprove=14 updated=0
    [CG] CG iter 4: obj=173779020.616581, maxRC=1360314.413370, +4 cols
    [CG]   [DIAG] iter=4 posCols=4 newCols=4 effImprove=4 updated=0
    [CG] CG iter 2: obj=161294101.268295, maxRC=10619818.992355, +16 cols
    [CG]   [DIAG] iter=2 posCols=16 newCols=16 effImprove=16 updated=0
    [CG] 列生成收敛，共 5 轮迭代
    [CG] [CG-NODE] depth=0 exit=CERTIFIED certified=1 feasible=1 iters=5 generatedColsBeforeNode=0 newCols=57 posCandidates=57 duplicateCandidates=0 updatedCols=0 zeroObjImproveIters=0 objFirst=145346992.137847 objLast=175139335.029952 objGain=29792342.892104 maxRC=59513443.737995 wallSec=0.008917 pricingSec=0.006120 cplexSolveSec=0.001473
      [BB] 根节点即为整数解，obj=175139335.029952
    [CG] CG iter 1: obj=145228692.255682, maxRC=59108898.379008, +23 cols
    [CG]   [DIAG] iter=1 posCols=23 newCols=23 effImprove=23 updated=0
    [CG] CG iter 3: obj=165589531.810749, maxRC=5042086.896353, +15 cols
    [CG]   [DIAG] iter=3 posCols=15 newCols=15 effImprove=15 updated=0
    [CG] CG iter 2: obj=160842080.622826, maxRC=9322585.558167, +17 cols
    [CG]   [DIAG] iter=2 posCols=17 newCols=17 effImprove=17 updated=0
    [CG] CG iter 4: obj=175109064.387576, maxRC=2640057.026098, +5 cols
    [CG]   [DIAG] iter=4 posCols=5 newCols=5 effImprove=5 updated=0
    [CG] CG iter 3: obj=174740156.872607, maxRC=4374956.899287, +10 cols
    [CG]   [DIAG] iter=3 posCols=10 newCols=10 effImprove=10 updated=0
    [CG] CG iter 5: obj=175109064.387576, maxRC=870826.935463, +1 cols
    [CG]   [DIAG] iter=5 posCols=1 newCols=1 effImprove=1 updated=0
    [CG] CG iter 4: obj=174740156.872607, maxRC=2147416.270505, +7 cols
    [CG]   [DIAG] iter=4 posCols=7 newCols=7 effImprove=7 updated=0
    [CG] 列生成收敛，共 6 轮迭代
    [CG] [CG-NODE] depth=0 exit=CERTIFIED certified=1 feasible=1 iters=6 generatedColsBeforeNode=0 newCols=60 posCandidates=60 duplicateCandidates=0 updatedCols=0 zeroObjImproveIters=2 objFirst=145027822.600799 objLast=175109064.387576 objGain=30081241.786777 maxRC=59488747.135782 wallSec=0.011290 pricingSec=0.007724 cplexSolveSec=0.001959
      [BB] 根节点即为整数解，obj=175109064.387576
    [CG] 列生成开始，初始列数=128
    [CG] 列生成收敛，共 5 轮迭代
    [CG] [CG-NODE] depth=0 exit=CERTIFIED certified=1 feasible=1 iters=5 generatedColsBeforeNode=0 newCols=57 posCandidates=57 duplicateCandidates=0 updatedCols=0 zeroObjImproveIters=1 objFirst=145228692.255682 objLast=174895632.559311 objGain=29666940.303628 maxRC=59108898.379008 wallSec=0.012049 pricingSec=0.008819 cplexSolveSec=0.001624
    [CG] CG iter 1: obj=146033258.169589, maxRC=59519752.128890, +23 cols
      [BB] 根节点即为整数解，obj=174895632.559311
    [CG]   [DIAG] iter=1 posCols=23 newCols=23 effImprove=23 updated=0
    [CG] CG iter 1: obj=145320640.495479, maxRC=59158942.212105, +23 cols
    [CG]   [DIAG] iter=1 posCols=23 newCols=23 effImprove=23 updated=0
    [CG] CG iter 1: obj=144572837.148033, maxRC=59078799.233139, +23 cols
    [CG] CG iter 2: obj=161889106.568182, maxRC=10623485.371715, +16 cols
    [CG] 列生成开始，初始列数=128
    [CG]   [DIAG] iter=1 posCols=23 newCols=23 effImprove=23 updated=0
    [CG]   [DIAG] iter=2 posCols=16 newCols=16 effImprove=16 updated=0
    [CG] CG iter 1: obj=145312963.914858, maxRC=59457409.415973, +23 cols
    [CG] CG iter 2: obj=161063276.528990, maxRC=9288018.124393, +17 cols
    [CG]   [DIAG] iter=1 posCols=23 newCols=23 effImprove=23 updated=0
    [CG]   [DIAG] iter=2 posCols=17 newCols=17 effImprove=17 updated=0
    [CG] 列生成开始，初始列数=128
    [CG] CG iter 1: obj=145130608.256802, maxRC=59026397.891694, +23 cols
    [CG]   [DIAG] iter=1 posCols=23 newCols=23 effImprove=23 updated=0
    [CG] CG iter 3: obj=165913374.599378, maxRC=4679779.578765, +14 cols
    [CG]   [DIAG] iter=3 posCols=14 newCols=14 effImprove=14 updated=0
    [CG] CG iter 2: obj=160939234.935906, maxRC=10404081.234618, +17 cols
    [CG] CG iter 3: obj=171401282.917029, maxRC=5594546.767198, +12 cols
    [CG]   [DIAG] iter=2 posCols=17 newCols=17 effImprove=17 updated=0
    [CG]   [DIAG] iter=3 posCols=12 newCols=12 effImprove=12 updated=0
    [CG] CG iter 2: obj=161305445.411108, maxRC=9544966.679613, +17 cols
    [CG] CG iter 4: obj=174540105.993442, maxRC=2360557.280068, +8 cols
    [CG]   [DIAG] iter=2 posCols=17 newCols=17 effImprove=17 updated=0
    [CG]   [DIAG] iter=4 posCols=8 newCols=8 effImprove=8 updated=0
    [CG] CG iter 2: obj=160787599.813300, maxRC=9219354.598220, +17 cols
    [CG]   [DIAG] iter=2 posCols=17 newCols=17 effImprove=17 updated=0
    [CG] CG iter 5: obj=175854907.778942, maxRC=336753.722206, +2 cols
    [CG]   [DIAG] iter=5 posCols=2 newCols=2 effImprove=2 updated=0
    [CG] CG iter 3: obj=175000587.463497, maxRC=4719369.700733, +11 cols
    [CG]   [DIAG] iter=3 posCols=11 newCols=11 effImprove=11 updated=0
    [CG] CG iter 4: obj=173866590.791186, maxRC=1428255.444202, +6 cols
    [CG]   [DIAG] iter=4 posCols=6 newCols=6 effImprove=6 updated=0
    [CG] 列生成收敛，共 6 轮迭代
    [CG] CG iter 3: obj=169461062.724242, maxRC=5116211.988146, +11 cols
    [CG] [CG-NODE] depth=0 exit=CERTIFIED certified=1 feasible=1 iters=6 generatedColsBeforeNode=0 newCols=63 posCandidates=63 duplicateCandidates=0 updatedCols=0 zeroObjImproveIters=1 objFirst=146033258.169589 objLast=175854907.778942 objGain=29821649.609353 maxRC=59519752.128890 wallSec=0.016208 pricingSec=0.011486 cplexSolveSec=0.002353
    [CG]   [DIAG] iter=3 posCols=11 newCols=11 effImprove=11 updated=0
      [BB] 根节点即为整数解，obj=175854907.778942
    [CG] CG iter 4: obj=175000587.463497, maxRC=678947.051379, +4 cols
    [CG]   [DIAG] iter=4 posCols=4 newCols=4 effImprove=4 updated=0
    [CG] 列生成收敛，共 5 轮迭代
    [CG] [CG-NODE] depth=0 exit=CERTIFIED certified=1 feasible=1 iters=5 generatedColsBeforeNode=0 newCols=58 posCandidates=58 duplicateCandidates=0 updatedCols=0 zeroObjImproveIters=0 objFirst=145320640.495479 objLast=175097498.565571 objGain=29776858.070092 maxRC=59158942.212105 wallSec=0.016224 pricingSec=0.010203 cplexSolveSec=0.002859
    [CG] CG iter 3: obj=171145186.390367, maxRC=5545749.665201, +12 cols
    [CG]   [DIAG] iter=3 posCols=12 newCols=12 effImprove=12 updated=0
      [BB] 根节点即为整数解，obj=175097498.565571
    [CG] CG iter 4: obj=174577274.712388, maxRC=719386.641740, +5 cols
    [CG]   [DIAG] iter=4 posCols=5 newCols=5 effImprove=5 updated=0
    [CG] 列生成收敛，共 5 轮迭代
    [CG] [CG-NODE] depth=0 exit=CERTIFIED certified=1 feasible=1 iters=5 generatedColsBeforeNode=0 newCols=55 posCandidates=55 duplicateCandidates=0 updatedCols=0 zeroObjImproveIters=1 objFirst=145312963.914858 objLast=175041402.410700 objGain=29728438.495843 maxRC=59457409.415973 wallSec=0.016066 pricingSec=0.010665 cplexSolveSec=0.002692
    [CG] CG iter 1: obj=145125800.565146, maxRC=59450378.291270, +23 cols
      [BB] 根节点即为整数解，obj=175041402.410700
    [CG]   [DIAG] iter=1 posCols=23 newCols=23 effImprove=23 updated=0
    [CG] CG iter 4: obj=173571356.630037, maxRC=1382596.461044, +6 cols
    [CG] CG iter 5: obj=174577274.712388, maxRC=90724.388863, +2 cols
    [CG]   [DIAG] iter=5 posCols=2 newCols=2 effImprove=2 updated=0
    [CG]   [DIAG] iter=4 posCols=6 newCols=6 effImprove=6 updated=0
    [CG] CG iter 2: obj=161371006.063921, maxRC=9536576.812747, +17 cols
    [CG]   [DIAG] iter=2 posCols=17 newCols=17 effImprove=17 updated=0
    [CG] 列生成收敛，共 5 轮迭代
    [CG] 列生成收敛，共 6 轮迭代
    [CG] CG iter 3: obj=175099776.432624, maxRC=4492465.134859, +9 cols
    [CG] [CG-NODE] depth=0 exit=CERTIFIED certified=1 feasible=1 iters=5 generatedColsBeforeNode=0 newCols=58 posCandidates=58 duplicateCandidates=0 updatedCols=0 zeroObjImproveIters=0 objFirst=145130608.256802 objLast=174830735.367486 objGain=29700127.110684 maxRC=59026397.891694 wallSec=0.018246 pricingSec=0.012535 cplexSolveSec=0.003083
    [CG] [CG-NODE] depth=0 exit=CERTIFIED certified=1 feasible=1 iters=6 generatedColsBeforeNode=0 newCols=58 posCandidates=58 duplicateCandidates=0 updatedCols=0 zeroObjImproveIters=1 objFirst=144572837.148033 objLast=174667999.101252 objGain=30095161.953219 maxRC=59078799.233139 wallSec=0.017401 pricingSec=0.011200 cplexSolveSec=0.002969
    [CG]   [DIAG] iter=3 posCols=9 newCols=9 effImprove=9 updated=0
    [CG] 列生成开始，初始列数=128
      [BB] 根节点即为整数解，obj=174830735.367486
      [BB] 根节点即为整数解，obj=174667999.101252
    [CG] CG iter 4: obj=175099776.432624, maxRC=1433824.504843, +5 cols
    [CG]   [DIAG] iter=4 posCols=5 newCols=5 effImprove=5 updated=0
    [CG] 列生成开始，初始列数=128
    [CG] 列生成收敛，共 5 轮迭代
    [CG] [CG-NODE] depth=0 exit=CERTIFIED certified=1 feasible=1 iters=5 generatedColsBeforeNode=0 newCols=54 posCandidates=54 duplicateCandidates=0 updatedCols=0 zeroObjImproveIters=1 objFirst=145125800.565146 objLast=175163891.049160 objGain=30038090.484014 maxRC=59450378.291270 wallSec=0.006113 pricingSec=0.004000 cplexSolveSec=0.001069
      [BB] 根节点即为整数解，obj=175163891.049160
    [CG] CG iter 1: obj=145559716.432333, maxRC=59506833.680185, +23 cols
    [CG]   [DIAG] iter=1 posCols=23 newCols=23 effImprove=23 updated=0
    [CG] 列生成开始，初始列数=128
    [CG] CG iter 2: obj=161783903.349371, maxRC=10623266.004852, +16 cols
    [CG]   [DIAG] iter=2 posCols=16 newCols=16 effImprove=16 updated=0
    [CG] CG iter 1: obj=144384179.600426, maxRC=58971884.203483, +23 cols
    [CG]   [DIAG] iter=1 posCols=23 newCols=23 effImprove=23 updated=0
    [CG] 列生成开始，初始列数=128
    [CG] 列生成开始，初始列数=128
    [CG] CG iter 3: obj=165760363.459910, maxRC=4662364.195699, +14 cols
    [CG]   [DIAG] iter=3 posCols=14 newCols=14 effImprove=14 updated=0
    [CG] 列生成开始，初始列数=128
    [CG] CG iter 4: obj=174363117.207842, maxRC=2360628.414483, +7 cols
    [CG]   [DIAG] iter=4 posCols=7 newCols=7 effImprove=7 updated=0
    [CG] CG iter 2: obj=160332743.562919, maxRC=10515330.528433, +16 cols
    [CG]   [DIAG] iter=2 posCols=16 newCols=16 effImprove=16 updated=0
    [CG] CG iter 5: obj=175689141.326155, maxRC=375554.288761, +2 cols
    [CG]   [DIAG] iter=5 posCols=2 newCols=2 effImprove=2 updated=0
    [CG] 列生成收敛，共 6 轮迭代
    [CG] [CG-NODE] depth=0 exit=CERTIFIED certified=1 feasible=1 iters=6 generatedColsBeforeNode=0 newCols=62 posCandidates=62 duplicateCandidates=0 updatedCols=0 zeroObjImproveIters=1 objFirst=145559716.432333 objLast=175689141.326155 objGain=30129424.893821 maxRC=59506833.680185 wallSec=0.008583 pricingSec=0.005864 cplexSolveSec=0.001454
    [CG] CG iter 3: obj=164404698.985227, maxRC=5037432.511732, +17 cols
      [BB] 根节点即为整数解，obj=175689141.326155
    [CG]   [DIAG] iter=3 posCols=17 newCols=17 effImprove=17 updated=0
    [CG] CG iter 4: obj=173906728.573357, maxRC=2033186.826172, +6 cols
    [CG]   [DIAG] iter=4 posCols=6 newCols=6 effImprove=6 updated=0
    [CG] 列生成收敛，共 5 轮迭代
    [CG] [CG-NODE] depth=0 exit=CERTIFIED certified=1 feasible=1 iters=5 generatedColsBeforeNode=0 newCols=62 posCandidates=62 duplicateCandidates=0 updatedCols=0 zeroObjImproveIters=0 objFirst=144384179.600426 objLast=173908033.322568 objGain=29523853.722142 maxRC=58971884.203483 wallSec=0.012620 pricingSec=0.008262 cplexSolveSec=0.002150
      [BB] 根节点即为整数解，obj=173908033.322568
    [CG] 列生成开始，初始列数=128
    [CG] CG iter 1: obj=145095224.187154, maxRC=59196895.463946, +23 cols
    [CG]   [DIAG] iter=1 posCols=23 newCols=23 effImprove=23 updated=0
    [CG] CG iter 1: obj=145160350.055014, maxRC=59371946.822241, +23 cols
    [CG]   [DIAG] iter=1 posCols=23 newCols=23 effImprove=23 updated=0
    [CG] CG iter 2: obj=161197609.602763, maxRC=9315135.820768, +17 cols
    [CG]   [DIAG] iter=2 posCols=17 newCols=17 effImprove=17 updated=0
    [CG] 列生成开始，初始列数=128
    [CG] CG iter 2: obj=161138471.266983, maxRC=9395062.526938, +17 cols
    [CG]   [DIAG] iter=2 posCols=17 newCols=17 effImprove=17 updated=0
    [CG] CG iter 1: obj=145250936.967639, maxRC=59222253.516352, +23 cols
    [CG]   [DIAG] iter=1 posCols=23 newCols=23 effImprove=23 updated=0
    [CG] CG iter 3: obj=171365437.670960, maxRC=10001801.714493, +15 cols
    [CG] CG iter 1: obj=144898859.778167, maxRC=59081277.357400, +23 cols
    [CG]   [DIAG] iter=3 posCols=15 newCols=15 effImprove=15 updated=0
    [CG] CG iter 1: obj=144515934.290603, maxRC=59042090.023061, +23 cols
    [CG]   [DIAG] iter=1 posCols=23 newCols=23 effImprove=23 updated=0
    [CG] CG iter 3: obj=171185958.165115, maxRC=9578287.394089, +15 cols
    [CG]   [DIAG] iter=1 posCols=23 newCols=23 effImprove=23 updated=0
    [CG]   [DIAG] iter=3 posCols=15 newCols=15 effImprove=15 updated=0
    [CG] CG iter 1: obj=145159623.693948, maxRC=59025491.404302, +23 cols
    [CG]   [DIAG] iter=1 posCols=23 newCols=23 effImprove=23 updated=0
    [CG] CG iter 2: obj=161233267.389818, maxRC=9323620.916364, +17 cols
    [CG]   [DIAG] iter=2 posCols=17 newCols=17 effImprove=17 updated=0
    [CG] CG iter 4: obj=173903225.962903, maxRC=3702220.410078, +7 cols
    [CG]   [DIAG] iter=4 posCols=7 newCols=7 effImprove=7 updated=0
    [CG] CG iter 4: obj=173630009.146529, maxRC=3799773.409909, +8 cols
    [CG]   [DIAG] iter=4 posCols=8 newCols=8 effImprove=8 updated=0
    [CG] CG iter 2: obj=160476149.670635, maxRC=8590627.122966, +16 cols
    [CG] CG iter 5: obj=173630009.146529, maxRC=1205903.820426, +2 cols
    [CG]   [DIAG] iter=5 posCols=2 newCols=2 effImprove=2 updated=0
    [CG] CG iter 5: obj=173903225.962903, maxRC=1158717.243309, +2 cols
    [CG]   [DIAG] iter=2 posCols=16 newCols=16 effImprove=16 updated=0
    [CG]   [DIAG] iter=5 posCols=2 newCols=2 effImprove=2 updated=0
    [CG] CG iter 2: obj=160979161.648541, maxRC=9223535.748940, +17 cols
    [CG] CG iter 3: obj=171406923.286460, maxRC=9844254.494396, +15 cols
    [CG]   [DIAG] iter=2 posCols=17 newCols=17 effImprove=17 updated=0
    [CG]   [DIAG] iter=3 posCols=15 newCols=15 effImprove=15 updated=0
    [CG] CG iter 2: obj=160863314.458327, maxRC=10447400.533115, +16 cols
    [CG]   [DIAG] iter=2 posCols=16 newCols=16 effImprove=16 updated=0
    [CG] CG iter 6: obj=174835912.966956, maxRC=1030778.630125, +4 cols
    [CG]   [DIAG] iter=6 posCols=4 newCols=4 effImprove=4 updated=0
    [CG] CG iter 6: obj=175061943.206212, maxRC=1125561.477672, +4 cols
    [CG]   [DIAG] iter=6 posCols=4 newCols=4 effImprove=4 updated=0
    [CG] CG iter 3: obj=169460125.848654, maxRC=4257312.400992, +11 cols
    [CG]   [DIAG] iter=3 posCols=11 newCols=11 effImprove=11 updated=0
    [CG] CG iter 4: obj=173912216.067384, maxRC=3713808.405690, +7 cols
    [CG]   [DIAG] iter=4 posCols=7 newCols=7 effImprove=7 updated=0
    [CG] 列生成收敛，共 7 轮迭代
    [CG] [CG-NODE] depth=0 exit=CERTIFIED certified=1 feasible=1 iters=7 generatedColsBeforeNode=0 newCols=69 posCandidates=69 duplicateCandidates=0 updatedCols=0 zeroObjImproveIters=2 objFirst=145160350.055014 objLast=174835912.966956 objGain=29675562.911942 maxRC=59371946.822241 wallSec=0.009222 pricingSec=0.005504 cplexSolveSec=0.002042
    [CG] CG iter 3: obj=171345108.514705, maxRC=7593412.890140, +12 cols
    [CG]   [DIAG] iter=3 posCols=12 newCols=12 effImprove=12 updated=0
      [BB] 根节点即为整数解，obj=174835912.966956
    [CG] 列生成收敛，共 7 轮迭代
    [CG] [CG-NODE] depth=0 exit=CERTIFIED certified=1 feasible=1 iters=7 generatedColsBeforeNode=0 newCols=68 posCandidates=68 duplicateCandidates=0 updatedCols=0 zeroObjImproveIters=2 objFirst=145095224.187154 objLast=175061943.206212 objGain=29966719.019058 maxRC=59196895.463946 wallSec=0.010007 pricingSec=0.006365 cplexSolveSec=0.001939
      [BB] 根节点即为整数解，obj=175061943.206212
    [CG] CG iter 4: obj=173379384.122565, maxRC=2151817.783037, +6 cols
    [CG]   [DIAG] iter=4 posCols=6 newCols=6 effImprove=6 updated=0
    [CG] CG iter 5: obj=173912216.067384, maxRC=1178469.287659, +2 cols
    [CG]   [DIAG] iter=5 posCols=2 newCols=2 effImprove=2 updated=0
    [CG] CG iter 3: obj=164702492.957905, maxRC=4695026.589553, +14 cols
    [CG] CG iter 4: obj=173883667.240037, maxRC=1428558.361191, +5 cols
    [CG]   [DIAG] iter=4 posCols=5 newCols=5 effImprove=5 updated=0
    [CG]   [DIAG] iter=3 posCols=14 newCols=14 effImprove=14 updated=0
    [CG] CG iter 5: obj=173379384.122565, maxRC=1261859.863292, +3 cols
    [CG]   [DIAG] iter=5 posCols=3 newCols=3 effImprove=3 updated=0
    [CG] CG iter 1: obj=145070391.634372, maxRC=59247132.164899, +23 cols
    [CG] CG iter 6: obj=175090685.355043, maxRC=1103444.571074, +4 cols
    [CG]   [DIAG] iter=6 posCols=4 newCols=4 effImprove=4 updated=0
    [CG]   [DIAG] iter=1 posCols=23 newCols=23 effImprove=23 updated=0
    [CG] CG iter 5: obj=175130272.713426, maxRC=1478547.712370, +2 cols
    [CG]   [DIAG] iter=5 posCols=2 newCols=2 effImprove=2 updated=0
    [CG] CG iter 1: obj=145111942.161139, maxRC=59092120.759583, +23 cols
    [CG] 列生成收敛，共 6 轮迭代
    [CG] [CG-NODE] depth=0 exit=CERTIFIED certified=1 feasible=1 iters=6 generatedColsBeforeNode=0 newCols=59 posCandidates=59 duplicateCandidates=0 updatedCols=0 zeroObjImproveIters=1 objFirst=144515934.290603 objLast=174641243.985857 objGain=30125309.695255 maxRC=59042090.023061 wallSec=0.009125 pricingSec=0.006079 cplexSolveSec=0.001707
    [CG] CG iter 4: obj=173433615.241443, maxRC=2361378.857053, +6 cols
    [CG]   [DIAG] iter=4 posCols=6 newCols=6 effImprove=6 updated=0
    [CG]   [DIAG] iter=1 posCols=23 newCols=23 effImprove=23 updated=0
      [BB] 根节点即为整数解，obj=174641243.985857
    [CG] 列生成收敛，共 7 轮迭代
    [CG] [CG-NODE] depth=0 exit=CERTIFIED certified=1 feasible=1 iters=7 generatedColsBeforeNode=0 newCols=68 posCandidates=68 duplicateCandidates=0 updatedCols=0 zeroObjImproveIters=2 objFirst=145250936.967639 objLast=175090685.355043 objGain=29839748.387404 maxRC=59222253.516352 wallSec=0.009394 pricingSec=0.006290 cplexSolveSec=0.001763
    [CG] 列生成收敛，共 6 轮迭代
    [CG] [CG-NODE] depth=0 exit=CERTIFIED certified=1 feasible=1 iters=6 generatedColsBeforeNode=0 newCols=59 posCandidates=59 duplicateCandidates=0 updatedCols=0 zeroObjImproveIters=1 objFirst=145159623.693948 objLast=175130272.713426 objGain=29970649.019478 maxRC=59025491.404302 wallSec=0.009242 pricingSec=0.006239 cplexSolveSec=0.001684
      [BB] 根节点即为整数解，obj=175090685.355043
    [CG] CG iter 2: obj=161062403.335622, maxRC=10525407.979662, +17 cols
    [CG]   [DIAG] iter=2 posCols=17 newCols=17 effImprove=17 updated=0
      [BB] 根节点即为整数解，obj=175130272.713426
    [CG] 列生成开始，初始列数=128
    [CG] 列生成开始，初始列数=128
    [CG] CG iter 5: obj=174742380.445875, maxRC=490761.059460, +3 cols
    [CG]   [DIAG] iter=5 posCols=3 newCols=3 effImprove=3 updated=0
    [CG] CG iter 3: obj=169056286.289277, maxRC=4348147.999368, +9 cols
    [CG] CG iter 2: obj=160696314.044810, maxRC=8338514.146627, +16 cols
    [CG]   [DIAG] iter=3 posCols=9 newCols=9 effImprove=9 updated=0
    [CG]   [DIAG] iter=2 posCols=16 newCols=16 effImprove=16 updated=0
    [CG] 列生成收敛，共 6 轮迭代
    [CG] [CG-NODE] depth=0 exit=CERTIFIED certified=1 feasible=1 iters=6 generatedColsBeforeNode=0 newCols=62 posCandidates=62 duplicateCandidates=0 updatedCols=0 zeroObjImproveIters=1 objFirst=144898859.778167 objLast=174742380.445875 objGain=29843520.667708 maxRC=59081277.357400 wallSec=0.012895 pricingSec=0.008608 cplexSolveSec=0.002370
      [BB] 根节点即为整数解，obj=174742380.445875
    [CG] CG iter 4: obj=174513384.332773, maxRC=1182967.161914, +3 cols
    [CG]   [DIAG] iter=4 posCols=3 newCols=3 effImprove=3 updated=0
    [CG] CG iter 3: obj=173505375.796263, maxRC=1555830.997864, +8 cols
    [CG]   [DIAG] iter=3 posCols=8 newCols=8 effImprove=8 updated=0
    [CG] CG iter 5: obj=174570115.446306, maxRC=551120.284149, +2 cols
    [CG]   [DIAG] iter=5 posCols=2 newCols=2 effImprove=2 updated=0
    [CG] 列生成开始，初始列数=128
    [CG] 列生成开始，初始列数=128
    [CG] 列生成开始，初始列数=128
    [CG] 列生成收敛，共 6 轮迭代
    [CG] [CG-NODE] depth=0 exit=CERTIFIED certified=1 feasible=1 iters=6 generatedColsBeforeNode=0 newCols=54 posCandidates=54 duplicateCandidates=0 updatedCols=0 zeroObjImproveIters=1 objFirst=145070391.634372 objLast=174570115.446306 objGain=29499723.811935 maxRC=59247132.164899 wallSec=0.006778 pricingSec=0.004416 cplexSolveSec=0.001331
    [CG] CG iter 4: obj=173505375.796263, maxRC=2287156.071448, +4 cols
    [CG]   [DIAG] iter=4 posCols=4 newCols=4 effImprove=4 updated=0
      [BB] 根节点即为整数解，obj=174570115.446306
    [CG] CG iter 5: obj=174830851.882402, maxRC=34252.386175, +1 cols
    [CG]   [DIAG] iter=5 posCols=1 newCols=1 effImprove=1 updated=0
    [CG] 列生成开始，初始列数=128
    [CG] 列生成收敛，共 6 轮迭代
    [CG] [CG-NODE] depth=0 exit=CERTIFIED certified=1 feasible=1 iters=6 generatedColsBeforeNode=0 newCols=52 posCandidates=52 duplicateCandidates=0 updatedCols=0 zeroObjImproveIters=2 objFirst=145111942.161139 objLast=174830851.882402 objGain=29718909.721263 maxRC=59092120.759583 wallSec=0.009325 pricingSec=0.006170 cplexSolveSec=0.001787
      [BB] 根节点即为整数解，obj=174830851.882402
    [CG] 列生成开始，初始列数=128
    [CG] CG iter 1: obj=144853001.493858, maxRC=59381965.401748, +23 cols
    [CG]   [DIAG] iter=1 posCols=23 newCols=23 effImprove=23 updated=0
    [CG] 列生成开始，初始列数=128
    [CG] CG iter 2: obj=161393840.177549, maxRC=10728093.110721, +16 cols
    [CG]   [DIAG] iter=2 posCols=16 newCols=16 effImprove=16 updated=0
    [CG] CG iter 1: obj=145489684.652386, maxRC=59362111.109457, +23 cols
    [CG] CG iter 3: obj=165124054.039355, maxRC=4598628.025251, +14 cols
    [CG] CG iter 1: obj=144760977.459199, maxRC=59340035.135585, +23 cols
    [CG]   [DIAG] iter=3 posCols=14 newCols=14 effImprove=14 updated=0
    [CG]   [DIAG] iter=1 posCols=23 newCols=23 effImprove=23 updated=0
    [CG]   [DIAG] iter=1 posCols=23 newCols=23 effImprove=23 updated=0
    [CG] CG iter 4: obj=173700639.318861, maxRC=2360924.946246, +6 cols
    [CG]   [DIAG] iter=4 posCols=6 newCols=6 effImprove=6 updated=0
    [CG] CG iter 1: obj=144938308.314726, maxRC=59016256.540825, +23 cols
    [CG] CG iter 1: obj=144738429.184887, maxRC=59504383.769060, +23 cols
    [CG] CG iter 2: obj=161364281.956634, maxRC=10637831.182971, +16 cols
    [CG]   [DIAG] iter=2 posCols=16 newCols=16 effImprove=16 updated=0
    [CG] CG iter 2: obj=160641781.126136, maxRC=10617782.452924, +16 cols
    [CG]   [DIAG] iter=2 posCols=16 newCols=16 effImprove=16 updated=0
    [CG]   [DIAG] iter=1 posCols=23 newCols=23 effImprove=23 updated=0
    [CG]   [DIAG] iter=1 posCols=23 newCols=23 effImprove=23 updated=0
    [CG] CG iter 5: obj=175000336.743993, maxRC=546871.888047, +3 cols
    [CG]   [DIAG] iter=5 posCols=3 newCols=3 effImprove=3 updated=0
    [CG] CG iter 1: obj=144708781.957960, maxRC=59277992.214888, +23 cols
    [CG]   [DIAG] iter=1 posCols=23 newCols=23 effImprove=23 updated=0
    [CG] 列生成收敛，共 6 轮迭代
    [CG] [CG-NODE] depth=0 exit=CERTIFIED certified=1 feasible=1 iters=6 generatedColsBeforeNode=0 newCols=62 posCandidates=62 duplicateCandidates=0 updatedCols=0 zeroObjImproveIters=1 objFirst=144853001.493858 objLast=175000336.743993 objGain=30147335.250136 maxRC=59381965.401748 wallSec=0.006862 pricingSec=0.004410 cplexSolveSec=0.001354
    [CG] CG iter 3: obj=164712410.794835, maxRC=5793444.548969, +16 cols
      [BB] 根节点即为整数解，obj=175000336.743993
    [CG] CG iter 3: obj=164527585.698828, maxRC=4518201.483409, +14 cols
    [CG]   [DIAG] iter=3 posCols=16 newCols=16 effImprove=16 updated=0
    [CG]   [DIAG] iter=3 posCols=14 newCols=14 effImprove=14 updated=0
    [CG] CG iter 2: obj=160782997.336500, maxRC=9211535.996946, +17 cols
    [CG]   [DIAG] iter=2 posCols=17 newCols=17 effImprove=17 updated=0
    [CG] CG iter 2: obj=160976096.004799, maxRC=10507647.060226, +16 cols
    [CG]   [DIAG] iter=2 posCols=16 newCols=16 effImprove=16 updated=0
    [CG] CG iter 2: obj=161263343.752314, maxRC=10807203.956180, +16 cols
    [CG] CG iter 4: obj=173997262.152752, maxRC=2568774.377921, +8 cols
    [CG]   [DIAG] iter=4 posCols=8 newCols=8 effImprove=8 updated=0
    [CG] CG iter 4: obj=172935134.985716, maxRC=1384335.139814, +4 cols
    [CG]   [DIAG] iter=2 posCols=16 newCols=16 effImprove=16 updated=0
    [CG]   [DIAG] iter=4 posCols=4 newCols=4 effImprove=4 updated=0
    [CG] CG iter 1: obj=145180257.269832, maxRC=59443374.518860, +23 cols
    [CG]   [DIAG] iter=1 posCols=23 newCols=23 effImprove=23 updated=0
    [CG] 列生成收敛，共 5 轮迭代
    [CG] CG iter 5: obj=175315030.985002, maxRC=77046.779991, +1 cols
    [CG] [CG-NODE] depth=0 exit=CERTIFIED certified=1 feasible=1 iters=5 generatedColsBeforeNode=0 newCols=57 posCandidates=57 duplicateCandidates=0 updatedCols=0 zeroObjImproveIters=0 objFirst=144760977.459199 objLast=174319470.125530 objGain=29558492.666331 maxRC=59340035.135585 wallSec=0.006396 pricingSec=0.004255 cplexSolveSec=0.001130
    [CG]   [DIAG] iter=5 posCols=1 newCols=1 effImprove=1 updated=0
    [CG] CG iter 3: obj=164653439.108029, maxRC=4451253.657678, +14 cols
    [CG] CG iter 3: obj=170794470.489742, maxRC=9623280.957170, +15 cols
    [CG]   [DIAG] iter=3 posCols=14 newCols=14 effImprove=14 updated=0
    [CG]   [DIAG] iter=3 posCols=15 newCols=15 effImprove=15 updated=0
      [BB] 根节点即为整数解，obj=174319470.125530
    [CG] 列生成收敛，共 6 轮迭代
    [CG] [CG-NODE] depth=0 exit=CERTIFIED certified=1 feasible=1 iters=6 generatedColsBeforeNode=0 newCols=64 posCandidates=64 duplicateCandidates=0 updatedCols=0 zeroObjImproveIters=1 objFirst=145489684.652386 objLast=175315030.985002 objGain=29825346.332615 maxRC=59362111.109457 wallSec=0.006828 pricingSec=0.004429 cplexSolveSec=0.001319
    [CG] CG iter 2: obj=161502021.290210, maxRC=10575857.471673, +16 cols
    [CG]   [DIAG] iter=2 posCols=16 newCols=16 effImprove=16 updated=0
    [CG] CG iter 3: obj=165119506.286965, maxRC=5432601.511404, +17 cols
      [BB] 根节点即为整数解，obj=175315030.985002
    [CG] CG iter 4: obj=173119237.367342, maxRC=1395369.536629, +5 cols
    [CG]   [DIAG] iter=4 posCols=5 newCols=5 effImprove=5 updated=0
    [CG]   [DIAG] iter=3 posCols=17 newCols=17 effImprove=17 updated=0
    [CG] CG iter 1: obj=145460123.269815, maxRC=59161563.165825, +23 cols
    [CG] CG iter 4: obj=173263240.639552, maxRC=3688003.387947, +8 cols
    [CG]   [DIAG] iter=4 posCols=8 newCols=8 effImprove=8 updated=0
    [CG]   [DIAG] iter=1 posCols=23 newCols=23 effImprove=23 updated=0
    [CG] 列生成开始，初始列数=128
    [CG] CG iter 5: obj=174514606.903971, maxRC=408276.566287, +1 cols
    [CG]   [DIAG] iter=5 posCols=1 newCols=1 effImprove=1 updated=0
    [CG] CG iter 3: obj=165186931.843833, maxRC=4456784.362371, +14 cols
    [CG]   [DIAG] iter=3 posCols=14 newCols=14 effImprove=14 updated=0
    [CG] CG iter 5: obj=173263240.639552, maxRC=1141210.368031, +2 cols
    [CG]   [DIAG] iter=5 posCols=2 newCols=2 effImprove=2 updated=0
    [CG] CG iter 6: obj=174514606.903971, maxRC=136612.112140, +1 cols
    [CG]   [DIAG] iter=6 posCols=1 newCols=1 effImprove=1 updated=0
    [CG] CG iter 4: obj=174841713.644919, maxRC=1969232.868402, +6 cols
    [CG] CG iter 2: obj=161086671.356001, maxRC=10528391.263050, +16 cols
    [CG]   [DIAG] iter=4 posCols=6 newCols=6 effImprove=6 updated=0
    [CG]   [DIAG] iter=2 posCols=16 newCols=16 effImprove=16 updated=0
    [CG] CG iter 4: obj=173643934.609649, maxRC=1423791.964387, +5 cols
    [CG]   [DIAG] iter=4 posCols=5 newCols=5 effImprove=5 updated=0
    [CG] 列生成收敛，共 7 轮迭代
    [CG] [CG-NODE] depth=0 exit=CERTIFIED certified=1 feasible=1 iters=7 generatedColsBeforeNode=0 newCols=60 posCandidates=60 duplicateCandidates=0 updatedCols=0 zeroObjImproveIters=2 objFirst=144708781.957960 objLast=174514606.903971 objGain=29805824.946011 maxRC=59277992.214888 wallSec=0.007070 pricingSec=0.004519 cplexSolveSec=0.001444
    [CG] 列生成开始，初始列数=128
    [CG] CG iter 6: obj=174404451.007583, maxRC=1078571.505783, +4 cols
      [BB] 根节点即为整数解，obj=174514606.903971
    [CG]   [DIAG] iter=6 posCols=4 newCols=4 effImprove=4 updated=0
    [CG] CG iter 5: obj=175062889.077516, maxRC=413781.985540, +1 cols
    [CG]   [DIAG] iter=5 posCols=1 newCols=1 effImprove=1 updated=0
    [CG] CG iter 5: obj=174841713.644919, maxRC=9778.477450, +1 cols
    [CG] CG iter 3: obj=165299888.155454, maxRC=5118138.751668, +17 cols
    [CG]   [DIAG] iter=5 posCols=1 newCols=1 effImprove=1 updated=0
    [CG]   [DIAG] iter=3 posCols=17 newCols=17 effImprove=17 updated=0
    [CG] 列生成收敛，共 7 轮迭代
    [CG] [CG-NODE] depth=0 exit=CERTIFIED certified=1 feasible=1 iters=7 generatedColsBeforeNode=0 newCols=69 posCandidates=69 duplicateCandidates=0 updatedCols=0 zeroObjImproveIters=2 objFirst=144938308.314726 objLast=174404451.007583 objGain=29466142.692857 maxRC=59016256.540825 wallSec=0.008679 pricingSec=0.005780 cplexSolveSec=0.001642
    [CG] CG iter 6: obj=175062889.077516, maxRC=139823.780111, +1 cols
    [CG]   [DIAG] iter=6 posCols=1 newCols=1 effImprove=1 updated=0
      [BB] 根节点即为整数解，obj=174404451.007583
    [CG] 列生成收敛，共 6 轮迭代
    [CG] [CG-NODE] depth=0 exit=CERTIFIED certified=1 feasible=1 iters=6 generatedColsBeforeNode=0 newCols=63 posCandidates=63 duplicateCandidates=0 updatedCols=0 zeroObjImproveIters=2 objFirst=144738429.184887 objLast=174841713.644919 objGain=30103284.460032 maxRC=59504383.769060 wallSec=0.010409 pricingSec=0.007048 cplexSolveSec=0.001922
    [CG] CG iter 4: obj=174994634.804988, maxRC=2151288.682175, +6 cols
    [CG]   [DIAG] iter=4 posCols=6 newCols=6 effImprove=6 updated=0
    [CG] 列生成收敛，共 7 轮迭代
    [CG] [CG-NODE] depth=0 exit=CERTIFIED certified=1 feasible=1 iters=7 generatedColsBeforeNode=0 newCols=60 posCandidates=60 duplicateCandidates=0 updatedCols=0 zeroObjImproveIters=2 objFirst=145180257.269832 objLast=175062889.077516 objGain=29882631.807684 maxRC=59443374.518860 wallSec=0.007059 pricingSec=0.004611 cplexSolveSec=0.001409
      [BB] 根节点即为整数解，obj=174841713.644919
      [BB] 根节点即为整数解，obj=175062889.077516
    [CG] CG iter 5: obj=175181255.138087, maxRC=96417.091529, +2 cols
    [CG]   [DIAG] iter=5 posCols=2 newCols=2 effImprove=2 updated=0
    [CG] 列生成收敛，共 6 轮迭代
    [CG] [CG-NODE] depth=0 exit=CERTIFIED certified=1 feasible=1 iters=6 generatedColsBeforeNode=0 newCols=64 posCandidates=64 duplicateCandidates=0 updatedCols=0 zeroObjImproveIters=1 objFirst=145460123.269815 objLast=175181255.138087 objGain=29721131.868272 maxRC=59161563.165825 wallSec=0.006838 pricingSec=0.004454 cplexSolveSec=0.001297
      [BB] 根节点即为整数解，obj=175181255.138087
    [CG] 列生成开始，初始列数=128
    [CG] CG iter 1: obj=144483242.947487, maxRC=59298844.357627, +23 cols
    [CG]   [DIAG] iter=1 posCols=23 newCols=23 effImprove=23 updated=0
    [CG] CG iter 2: obj=160651295.778857, maxRC=9494604.237649, +17 cols
    [CG] CG iter 1: obj=145097170.931739, maxRC=59301383.700922, +23 cols
    [CG]   [DIAG] iter=2 posCols=17 newCols=17 effImprove=17 updated=0
    [CG]   [DIAG] iter=1 posCols=23 newCols=23 effImprove=23 updated=0
    [CG] CG iter 3: obj=174100905.219100, maxRC=4412143.108458, +10 cols
    [CG]   [DIAG] iter=3 posCols=10 newCols=10 effImprove=10 updated=0
    [CG] CG iter 4: obj=174100905.219100, maxRC=2050179.238398, +7 cols
    [CG]   [DIAG] iter=4 posCols=7 newCols=7 effImprove=7 updated=0
    [CG] CG iter 2: obj=161045065.012517, maxRC=10614874.587923, +16 cols
    [CG]   [DIAG] iter=2 posCols=16 newCols=16 effImprove=16 updated=0
    [CG] 列生成收敛，共 5 轮迭代
    [CG] [CG-NODE] depth=0 exit=CERTIFIED certified=1 feasible=1 iters=5 generatedColsBeforeNode=0 newCols=57 posCandidates=57 duplicateCandidates=0 updatedCols=0 zeroObjImproveIters=2 objFirst=144483242.947487 objLast=174100905.219100 objGain=29617662.271613 maxRC=59298844.357627 wallSec=0.005911 pricingSec=0.003925 cplexSolveSec=0.001018
      [BB] 根节点即为整数解，obj=174100905.219100
    [CG] CG iter 3: obj=165175015.057386, maxRC=5038012.688540, +17 cols
    [CG]   [DIAG] iter=3 posCols=17 newCols=17 effImprove=17 updated=0
    [CG] CG iter 4: obj=174776832.657831, maxRC=2124592.832594, +6 cols
    [CG]   [DIAG] iter=4 posCols=6 newCols=6 effImprove=6 updated=0
    [CG] CG iter 5: obj=174782355.072160, maxRC=19572.776895, +1 cols
    [CG]   [DIAG] iter=5 posCols=1 newCols=1 effImprove=1 updated=0
    [CG] 列生成收敛，共 6 轮迭代
    [CG] [CG-NODE] depth=0 exit=CERTIFIED certified=1 feasible=1 iters=6 generatedColsBeforeNode=0 newCols=63 posCandidates=63 duplicateCandidates=0 updatedCols=0 zeroObjImproveIters=1 objFirst=145097170.931739 objLast=174782355.072160 objGain=29685184.140421 maxRC=59301383.700922 wallSec=0.008703 pricingSec=0.005751 cplexSolveSec=0.001595
      [BB] 根节点即为整数解，obj=174782355.072160
    [CG] CG iter 1: obj=145187958.257583, maxRC=59514191.386312, +23 cols
    [CG]   [DIAG] iter=1 posCols=23 newCols=23 effImprove=23 updated=0
    [CG] CG iter 2: obj=161393185.965292, maxRC=10862450.281066, +17 cols
    [CG]   [DIAG] iter=2 posCols=17 newCols=17 effImprove=17 updated=0
    [CG] CG iter 3: obj=168324049.925536, maxRC=6110107.205669, +12 cols
    [CG]   [DIAG] iter=3 posCols=12 newCols=12 effImprove=12 updated=0
    [CG] CG iter 4: obj=175034452.757504, maxRC=1139594.428805, +3 cols
    [CG]   [DIAG] iter=4 posCols=3 newCols=3 effImprove=3 updated=0
    [CG] 列生成收敛，共 5 轮迭代
    [CG] [CG-NODE] depth=0 exit=CERTIFIED certified=1 feasible=1 iters=5 generatedColsBeforeNode=0 newCols=55 posCandidates=55 duplicateCandidates=0 updatedCols=0 zeroObjImproveIters=1 objFirst=145187958.257583 objLast=175034452.757504 objGain=29846494.499921 maxRC=59514191.386312 wallSec=0.018219 pricingSec=0.012857 cplexSolveSec=0.002870
      [BB] 根节点即为整数解，obj=175034452.757504
[GA] 代数 0: Best=175883793.46, Avg=174924169.47, Worst=173936919.01, Valid=30/30, 耗时=0.06s
  ├─ 求解: 30 个体 fork 并行 | CG迭代=176 加列=1809 BB分支=0
  ├─ 并行墙钟=0.0582s | 串行等效(ΣBP)=0.3183s | 加速比=5.47x
  ├─ 管理开销=-0.2601s (fork=0.0034 wait=0.0545 merge=0.0002)
  └─ CG明细: gen_logs/run_gen0_ind{0..29}.log
    [CG] 列生成开始，初始列数=128
    [CG] 列生成开始，初始列数=128
    [CG] 列生成开始，初始列数=128
    [CG] 列生成开始，初始列数=128
    [CG] 列生成开始，初始列数=128
    [CG] 列生成开始，初始列数=128
    [CG] 列生成开始，初始列数=128
    [CG] 列生成开始，初始列数=128
    [CG] CG iter 1: obj=145147708.505058, maxRC=59504480.796912, +23 cols
    [CG]   [DIAG] iter=1 posCols=23 newCols=23 effImprove=23 updated=0
    [CG] CG iter 1: obj=145449586.445853, maxRC=59362111.109457, +23 cols
    [CG] CG iter 1: obj=144238846.920694, maxRC=59042090.023061, +23 cols
    [CG] CG iter 1: obj=145314858.047654, maxRC=59301383.700922, +23 cols
    [CG]   [DIAG] iter=1 posCols=23 newCols=23 effImprove=23 updated=0
    [CG]   [DIAG] iter=1 posCols=23 newCols=23 effImprove=23 updated=0
    [CG]   [DIAG] iter=1 posCols=23 newCols=23 effImprove=23 updated=0
    [CG] CG iter 1: obj=144969525.954408, maxRC=59081277.357400, +23 cols
    [CG]   [DIAG] iter=1 posCols=23 newCols=23 effImprove=23 updated=0
    [CG] CG iter 2: obj=161388637.828362, maxRC=10807268.626226, +16 cols
    [CG]   [DIAG] iter=2 posCols=16 newCols=16 effImprove=16 updated=0
    [CG] CG iter 2: obj=161316094.900514, maxRC=9393436.174498, +17 cols
    [CG]   [DIAG] iter=2 posCols=17 newCols=17 effImprove=17 updated=0
    [CG] CG iter 2: obj=160485827.161354, maxRC=10486005.151564, +16 cols
    [CG] CG iter 2: obj=161177277.772449, maxRC=10614874.587923, +16 cols
    [CG]   [DIAG] iter=2 posCols=16 newCols=16 effImprove=16 updated=0
    [CG]   [DIAG] iter=2 posCols=16 newCols=16 effImprove=16 updated=0
    [CG] CG iter 2: obj=160780201.396682, maxRC=10447400.533115, +16 cols
    [CG]   [DIAG] iter=2 posCols=16 newCols=16 effImprove=16 updated=0
    [CG] CG iter 3: obj=175233626.326546, maxRC=4351202.758091, +8 cols
    [CG]   [DIAG] iter=3 posCols=8 newCols=8 effImprove=8 updated=0
    [CG] CG iter 3: obj=165455713.238606, maxRC=5065548.218623, +16 cols
    [CG]   [DIAG] iter=3 posCols=16 newCols=16 effImprove=16 updated=0
    [CG] CG iter 3: obj=164182285.461198, maxRC=4706031.422318, +14 cols
    [CG] CG iter 3: obj=164520899.554330, maxRC=5675053.097811, +16 cols
    [CG]   [DIAG] iter=3 posCols=14 newCols=14 effImprove=14 updated=0
    [CG]   [DIAG] iter=3 posCols=16 newCols=16 effImprove=16 updated=0
    [CG] CG iter 1: obj=145362554.964738, maxRC=59306875.322983, +23 cols
    [CG] CG iter 4: obj=175233626.326546, maxRC=1184372.042446, +5 cols
    [CG]   [DIAG] iter=4 posCols=5 newCols=5 effImprove=5 updated=0
    [CG] CG iter 3: obj=164181521.293767, maxRC=5842244.153998, +16 cols
    [CG] CG iter 4: obj=175065556.094441, maxRC=140135.948600, +4 cols
    [CG]   [DIAG] iter=4 posCols=4 newCols=4 effImprove=4 updated=0
    [CG]   [DIAG] iter=3 posCols=16 newCols=16 effImprove=16 updated=0
    [CG]   [DIAG] iter=1 posCols=23 newCols=23 effImprove=23 updated=0
    [CG] CG iter 4: obj=173772240.207211, maxRC=2492496.431880, +7 cols
    [CG]   [DIAG] iter=4 posCols=7 newCols=7 effImprove=7 updated=0
    [CG] CG iter 4: obj=172859550.702659, maxRC=2360707.487042, +7 cols
    [CG]   [DIAG] iter=4 posCols=7 newCols=7 effImprove=7 updated=0
    [CG] 列生成收敛，共 5 轮迭代
    [CG] [CG-NODE] depth=0 exit=CERTIFIED certified=1 feasible=1 iters=5 generatedColsBeforeNode=0 newCols=53 posCandidates=53 duplicateCandidates=0 updatedCols=0 zeroObjImproveIters=1 objFirst=145449586.445853 objLast=175331541.764866 objGain=29881955.319012 maxRC=59362111.109457 wallSec=0.010109 pricingSec=0.006984 cplexSolveSec=0.001747
    [CG] 列生成收敛，共 5 轮迭代
    [CG] [CG-NODE] depth=0 exit=CERTIFIED certified=1 feasible=1 iters=5 generatedColsBeforeNode=0 newCols=59 posCandidates=59 duplicateCandidates=0 updatedCols=0 zeroObjImproveIters=1 objFirst=145147708.505058 objLast=175065556.094441 objGain=29917847.589383 maxRC=59504480.796912 wallSec=0.010359 pricingSec=0.007227 cplexSolveSec=0.001739
    [CG] CG iter 4: obj=173565403.656390, maxRC=2642426.044742, +8 cols
      [BB] 根节点即为整数解，obj=175331541.764866
    [CG]   [DIAG] iter=4 posCols=8 newCols=8 effImprove=8 updated=0
      [BB] 根节点即为整数解，obj=175065556.094441
    [CG] 列生成收敛，共 5 轮迭代
    [CG] [CG-NODE] depth=0 exit=CERTIFIED certified=1 feasible=1 iters=5 generatedColsBeforeNode=0 newCols=62 posCandidates=62 duplicateCandidates=0 updatedCols=0 zeroObjImproveIters=0 objFirst=145314858.047654 objLast=175007193.184468 objGain=29692335.136814 maxRC=59301383.700922 wallSec=0.010474 pricingSec=0.007270 cplexSolveSec=0.001816
    [CG] CG iter 5: obj=174235486.444126, maxRC=1008632.374769, +1 cols
    [CG]   [DIAG] iter=5 posCols=1 newCols=1 effImprove=1 updated=0
      [BB] 根节点即为整数解，obj=175007193.184468
    [CG] CG iter 5: obj=174891214.908384, maxRC=76612.565518, +1 cols
    [CG]   [DIAG] iter=5 posCols=1 newCols=1 effImprove=1 updated=0
    [CG] CG iter 2: obj=161115035.352657, maxRC=9360522.983758, +17 cols
    [CG] 列生成收敛，共 6 轮迭代
    [CG] [CG-NODE] depth=0 exit=CERTIFIED certified=1 feasible=1 iters=6 generatedColsBeforeNode=0 newCols=61 posCandidates=61 duplicateCandidates=0 updatedCols=0 zeroObjImproveIters=1 objFirst=144238846.920694 objLast=174235486.444126 objGain=29996639.523432 maxRC=59042090.023061 wallSec=0.010977 pricingSec=0.007536 cplexSolveSec=0.002027
    [CG]   [DIAG] iter=2 posCols=17 newCols=17 effImprove=17 updated=0
      [BB] 根节点即为整数解，obj=174235486.444126
    [CG] 列生成收敛，共 6 轮迭代
    [CG] [CG-NODE] depth=0 exit=CERTIFIED certified=1 feasible=1 iters=6 generatedColsBeforeNode=0 newCols=64 posCandidates=64 duplicateCandidates=0 updatedCols=0 zeroObjImproveIters=1 objFirst=144969525.954408 objLast=174891214.908384 objGain=29921688.953976 maxRC=59081277.357400 wallSec=0.011124 pricingSec=0.007671 cplexSolveSec=0.002032
      [BB] 根节点即为整数解，obj=174891214.908384
    [CG] CG iter 3: obj=174995211.233174, maxRC=4275735.457846, +8 cols
    [CG] CG iter 1: obj=145469212.815418, maxRC=59443374.518860, +23 cols
    [CG]   [DIAG] iter=3 posCols=8 newCols=8 effImprove=8 updated=0
    [CG]   [DIAG] iter=1 posCols=23 newCols=23 effImprove=23 updated=0
    [CG] 列生成开始，初始列数=128
    [CG] 列生成开始，初始列数=128
    [CG] CG iter 4: obj=174995211.233174, maxRC=1206929.045072, +5 cols
    [CG]   [DIAG] iter=4 posCols=5 newCols=5 effImprove=5 updated=0
    [CG] CG iter 1: obj=144815700.215088, maxRC=59107939.844633, +23 cols
    [CG]   [DIAG] iter=1 posCols=23 newCols=23 effImprove=23 updated=0
    [CG] 列生成开始，初始列数=128
    [CG] 列生成收敛，共 5 轮迭代
    [CG] [CG-NODE] depth=0 exit=CERTIFIED certified=1 feasible=1 iters=5 generatedColsBeforeNode=0 newCols=53 posCandidates=53 duplicateCandidates=0 updatedCols=0 zeroObjImproveIters=1 objFirst=145362554.964738 objLast=175034466.833948 objGain=29671911.869210 maxRC=59306875.322983 wallSec=0.013732 pricingSec=0.009763 cplexSolveSec=0.002211
    [CG] CG iter 2: obj=161502021.290210, maxRC=10575857.471673, +16 cols
    [CG]   [DIAG] iter=2 posCols=16 newCols=16 effImprove=16 updated=0
      [BB] 根节点即为整数解，obj=175034466.833948
    [CG] 列生成开始，初始列数=128
    [CG] CG iter 2: obj=160672578.178823, maxRC=10418850.833064, +16 cols
    [CG]   [DIAG] iter=2 posCols=16 newCols=16 effImprove=16 updated=0
    [CG] CG iter 3: obj=165519539.163535, maxRC=4591966.023893, +14 cols
    [CG]   [DIAG] iter=3 posCols=14 newCols=14 effImprove=14 updated=0
    [CG] 列生成开始，初始列数=128
    [CG] CG iter 4: obj=174068071.816756, maxRC=1283772.806346, +4 cols
    [CG]   [DIAG] iter=4 posCols=4 newCols=4 effImprove=4 updated=0
    [CG] CG iter 3: obj=164700605.151309, maxRC=4600647.822879, +14 cols
    [CG]   [DIAG] iter=3 posCols=14 newCols=14 effImprove=14 updated=0
    [CG] 列生成开始，初始列数=128
    [CG] 列生成收敛，共 5 轮迭代
    [CG] [CG-NODE] depth=0 exit=CERTIFIED certified=1 feasible=1 iters=5 generatedColsBeforeNode=0 newCols=57 posCandidates=57 duplicateCandidates=0 updatedCols=0 zeroObjImproveIters=0 objFirst=145469212.815418 objLast=175351844.623102 objGain=29882631.807684 maxRC=59443374.518860 wallSec=0.015394 pricingSec=0.011216 cplexSolveSec=0.002293
      [BB] 根节点即为整数解，obj=175351844.623102
    [CG] CG iter 4: obj=173334685.045934, maxRC=1216336.726581, +4 cols
    [CG]   [DIAG] iter=4 posCols=4 newCols=4 effImprove=4 updated=0
    [CG] CG iter 1: obj=145207609.191032, maxRC=59158942.212105, +23 cols
    [CG] 列生成收敛，共 5 轮迭代
    [CG] [CG-NODE] depth=0 exit=CERTIFIED certified=1 feasible=1 iters=5 generatedColsBeforeNode=0 newCols=57 posCandidates=57 duplicateCandidates=0 updatedCols=0 zeroObjImproveIters=0 objFirst=144815700.215088 objLast=174551021.772516 objGain=29735321.557427 maxRC=59107939.844633 wallSec=0.016828 pricingSec=0.011882 cplexSolveSec=0.002621
    [CG]   [DIAG] iter=1 posCols=23 newCols=23 effImprove=23 updated=0
      [BB] 根节点即为整数解，obj=174551021.772516
    [CG] CG iter 2: obj=161104471.969002, maxRC=9288018.124393, +17 cols
    [CG]   [DIAG] iter=2 posCols=17 newCols=17 effImprove=17 updated=0
    [CG] 列生成开始，初始列数=128
    [CG] CG iter 3: obj=171287976.066923, maxRC=9758340.812482, +15 cols
    [CG]   [DIAG] iter=3 posCols=15 newCols=15 effImprove=15 updated=0
    [CG] CG iter 4: obj=173748681.612930, maxRC=3705059.964074, +8 cols
    [CG] 列生成开始，初始列数=128
    [CG]   [DIAG] iter=4 posCols=8 newCols=8 effImprove=8 updated=0
    [CG] CG iter 5: obj=173748681.612930, maxRC=1157106.431273, +2 cols
    [CG]   [DIAG] iter=5 posCols=2 newCols=2 effImprove=2 updated=0
    [CG] CG iter 1: obj=145516134.482696, maxRC=59514191.386312, +23 cols
    [CG] CG iter 6: obj=174905788.044202, maxRC=1101569.602937, +4 cols
    [CG]   [DIAG] iter=6 posCols=4 newCols=4 effImprove=4 updated=0
    [CG]   [DIAG] iter=1 posCols=23 newCols=23 effImprove=23 updated=0
    [CG] CG iter 1: obj=145194152.577248, maxRC=59234906.832491, +23 cols
    [CG]   [DIAG] iter=1 posCols=23 newCols=23 effImprove=23 updated=0
    [CG] 列生成收敛，共 7 轮迭代
    [CG] [CG-NODE] depth=0 exit=CERTIFIED certified=1 feasible=1 iters=7 generatedColsBeforeNode=0 newCols=69 posCandidates=69 duplicateCandidates=0 updatedCols=0 zeroObjImproveIters=2 objFirst=145207609.191032 objLast=174905788.044202 objGain=29698178.853170 maxRC=59158942.212105 wallSec=0.008936 pricingSec=0.005658 cplexSolveSec=0.001682
      [BB] 根节点即为整数解，obj=174905788.044202
    [CG] CG iter 2: obj=161645843.726259, maxRC=10626541.506701, +16 cols
    [CG] CG iter 2: obj=161196437.812951, maxRC=9330319.233159, +17 cols
    [CG]   [DIAG] iter=2 posCols=16 newCols=16 effImprove=16 updated=0
    [CG]   [DIAG] iter=2 posCols=17 newCols=17 effImprove=17 updated=0
    [CG] CG iter 3: obj=171350830.124905, maxRC=9821747.429781, +15 cols
    [CG]   [DIAG] iter=3 posCols=15 newCols=15 effImprove=15 updated=0
    [CG] CG iter 3: obj=165836515.121709, maxRC=5114970.352755, +15 cols
    [CG]   [DIAG] iter=3 posCols=15 newCols=15 effImprove=15 updated=0
    [CG] CG iter 4: obj=173839622.929174, maxRC=3725337.417287, +7 cols
    [CG]   [DIAG] iter=4 posCols=7 newCols=7 effImprove=7 updated=0
    [CG] CG iter 4: obj=175423740.966367, maxRC=2670435.681357, +6 cols
    [CG]   [DIAG] iter=4 posCols=6 newCols=6 effImprove=6 updated=0
    [CG] 列生成开始，初始列数=128
    [CG] CG iter 5: obj=175458680.421362, maxRC=912673.301827, +1 cols
    [CG] CG iter 5: obj=173839622.929174, maxRC=1175834.841931, +2 cols
    [CG]   [DIAG] iter=5 posCols=1 newCols=1 effImprove=1 updated=0
    [CG]   [DIAG] iter=5 posCols=2 newCols=2 effImprove=2 updated=0
    [CG] 列生成收敛，共 6 轮迭代
    [CG] [CG-NODE] depth=0 exit=CERTIFIED certified=1 feasible=1 iters=6 generatedColsBeforeNode=0 newCols=61 posCandidates=61 duplicateCandidates=0 updatedCols=0 zeroObjImproveIters=1 objFirst=145516134.482696 objLast=175458680.421362 objGain=29942545.938666 maxRC=59514191.386312 wallSec=0.011165 pricingSec=0.006278 cplexSolveSec=0.002371
    [CG] CG iter 6: obj=175015457.771105, maxRC=1079102.027931, +4 cols
    [CG]   [DIAG] iter=6 posCols=4 newCols=4 effImprove=4 updated=0
    [CG] CG iter 1: obj=145045001.818422, maxRC=58993370.939914, +23 cols
      [BB] 根节点即为整数解，obj=175458680.421362
    [CG]   [DIAG] iter=1 posCols=23 newCols=23 effImprove=23 updated=0
    [CG] 列生成收敛，共 7 轮迭代
    [CG] [CG-NODE] depth=0 exit=CERTIFIED certified=1 feasible=1 iters=7 generatedColsBeforeNode=0 newCols=68 posCandidates=68 duplicateCandidates=0 updatedCols=0 zeroObjImproveIters=2 objFirst=145194152.577248 objLast=175015457.771105 objGain=29821305.193857 maxRC=59234906.832491 wallSec=0.008664 pricingSec=0.005819 cplexSolveSec=0.001637
      [BB] 根节点即为整数解，obj=175015457.771105
    [CG] CG iter 1: obj=144907853.529775, maxRC=59340035.135585, +23 cols
    [CG] CG iter 2: obj=160530623.882424, maxRC=8374191.498610, +16 cols
    [CG]   [DIAG] iter=1 posCols=23 newCols=23 effImprove=23 updated=0
    [CG] CG iter 1: obj=144863059.487900, maxRC=59025491.404302, +23 cols
    [CG]   [DIAG] iter=2 posCols=16 newCols=16 effImprove=16 updated=0
    [CG]   [DIAG] iter=1 posCols=23 newCols=23 effImprove=23 updated=0
    [CG] CG iter 1: obj=144464450.945575, maxRC=59504383.769060, +23 cols
    [CG] CG iter 3: obj=173367580.560461, maxRC=1555830.997864, +8 cols
    [CG]   [DIAG] iter=3 posCols=8 newCols=8 effImprove=8 updated=0
    [CG]   [DIAG] iter=1 posCols=23 newCols=23 effImprove=23 updated=0
    [CG] 列生成开始，初始列数=128
    [CG] CG iter 2: obj=160788657.196713, maxRC=10617782.452924, +16 cols
    [CG] CG iter 1: obj=145192987.643971, maxRC=59016256.540825, +23 cols
    [CG]   [DIAG] iter=2 posCols=16 newCols=16 effImprove=16 updated=0
    [CG] CG iter 4: obj=173367580.560461, maxRC=2333360.714225, +4 cols
    [CG]   [DIAG] iter=4 posCols=4 newCols=4 effImprove=4 updated=0
    [CG]   [DIAG] iter=1 posCols=23 newCols=23 effImprove=23 updated=0
    [CG] 列生成开始，初始列数=128
    [CG] CG iter 5: obj=174732228.687871, maxRC=50322.106058, +1 cols
    [CG]   [DIAG] iter=5 posCols=1 newCols=1 effImprove=1 updated=0
    [CG] CG iter 2: obj=161263343.752314, maxRC=10807203.956180, +16 cols
    [CG]   [DIAG] iter=2 posCols=16 newCols=16 effImprove=16 updated=0
    [CG] CG iter 2: obj=160806332.519530, maxRC=10447487.042983, +17 cols
    [CG] CG iter 3: obj=164674461.769404, maxRC=4518201.483409, +14 cols
    [CG] 列生成收敛，共 6 轮迭代
    [CG] [CG-NODE] depth=0 exit=CERTIFIED certified=1 feasible=1 iters=6 generatedColsBeforeNode=0 newCols=52 posCandidates=52 duplicateCandidates=0 updatedCols=0 zeroObjImproveIters=2 objFirst=145045001.818422 objLast=174732228.687871 objGain=29687226.869449 maxRC=58993370.939914 wallSec=0.008244 pricingSec=0.005298 cplexSolveSec=0.001724
    [CG]   [DIAG] iter=3 posCols=14 newCols=14 effImprove=14 updated=0
    [CG]   [DIAG] iter=2 posCols=17 newCols=17 effImprove=17 updated=0
      [BB] 根节点即为整数解，obj=174732228.687871
    [CG] CG iter 2: obj=160782997.336500, maxRC=9211535.996946, +17 cols
    [CG]   [DIAG] iter=2 posCols=17 newCols=17 effImprove=17 updated=0
    [CG] CG iter 4: obj=173114980.593721, maxRC=1351365.602385, +4 cols
    [CG]   [DIAG] iter=4 posCols=4 newCols=4 effImprove=4 updated=0
    [CG] CG iter 3: obj=165150549.150017, maxRC=4966973.941383, +15 cols
    [CG]   [DIAG] iter=3 posCols=15 newCols=15 effImprove=15 updated=0
    [CG] 列生成收敛，共 5 轮迭代
    [CG] [CG-NODE] depth=0 exit=CERTIFIED certified=1 feasible=1 iters=5 generatedColsBeforeNode=0 newCols=57 posCandidates=57 duplicateCandidates=0 updatedCols=0 zeroObjImproveIters=0 objFirst=144907853.529775 objLast=174466346.196106 objGain=29558492.666331 maxRC=59340035.135585 wallSec=0.010514 pricingSec=0.007142 cplexSolveSec=0.001870
      [BB] 根节点即为整数解，obj=174466346.196106
    [CG] CG iter 3: obj=167851833.251596, maxRC=5576759.300555, +10 cols
    [CG] CG iter 3: obj=171049149.818987, maxRC=5649668.010595, +11 cols
    [CG]   [DIAG] iter=3 posCols=10 newCols=10 effImprove=10 updated=0
    [CG]   [DIAG] iter=3 posCols=11 newCols=11 effImprove=11 updated=0
    [CG] 列生成开始，初始列数=128
    [CG] CG iter 4: obj=174589697.871249, maxRC=2608788.977103, +5 cols
    [CG]   [DIAG] iter=4 posCols=5 newCols=5 effImprove=5 updated=0
    [CG] CG iter 5: obj=174589697.871249, maxRC=678605.529756, +1 cols
    [CG]   [DIAG] iter=5 posCols=1 newCols=1 effImprove=1 updated=0
    [CG] CG iter 4: obj=174736236.011564, maxRC=1366683.950488, +3 cols
    [CG]   [DIAG] iter=4 posCols=3 newCols=3 effImprove=3 updated=0
    [CG] CG iter 1: obj=144913603.195244, maxRC=59381965.401748, +23 cols
    [CG] CG iter 4: obj=173507724.332927, maxRC=1390875.220533, +6 cols
    [CG]   [DIAG] iter=1 posCols=23 newCols=23 effImprove=23 updated=0
    [CG]   [DIAG] iter=4 posCols=6 newCols=6 effImprove=6 updated=0
    [CG] 列生成开始，初始列数=128
    [CG] 列生成收敛，共 6 轮迭代
    [CG] [CG-NODE] depth=0 exit=CERTIFIED certified=1 feasible=1 iters=6 generatedColsBeforeNode=0 newCols=60 posCandidates=60 duplicateCandidates=0 updatedCols=0 zeroObjImproveIters=2 objFirst=144464450.945575 objLast=174589697.871249 objGain=30125246.925674 maxRC=59504383.769060 wallSec=0.016992 pricingSec=0.011706 cplexSolveSec=0.002902
    [CG] CG iter 2: obj=161390507.530466, maxRC=10728093.110721, +16 cols
      [BB] 根节点即为整数解，obj=174589697.871249
    [CG]   [DIAG] iter=2 posCols=16 newCols=16 effImprove=16 updated=0
    [CG] CG iter 5: obj=174736236.011564, maxRC=1201625.225920, +3 cols
    [CG] 列生成收敛，共 5 轮迭代
    [CG]   [DIAG] iter=5 posCols=3 newCols=3 effImprove=3 updated=0
    [CG] [CG-NODE] depth=0 exit=CERTIFIED certified=1 feasible=1 iters=5 generatedColsBeforeNode=0 newCols=57 posCandidates=57 duplicateCandidates=0 updatedCols=0 zeroObjImproveIters=0 objFirst=145192987.643971 objLast=174743550.955258 objGain=29550563.311287 maxRC=59016256.540825 wallSec=0.016866 pricingSec=0.011713 cplexSolveSec=0.002789
      [BB] 根节点即为整数解，obj=174743550.955258
    [CG] CG iter 3: obj=165195087.437781, maxRC=4627117.140410, +14 cols
    [CG]   [DIAG] iter=3 posCols=14 newCols=14 effImprove=14 updated=0
    [CG] CG iter 6: obj=174736236.011564, maxRC=276638.702831, +1 cols
    [CG]   [DIAG] iter=6 posCols=1 newCols=1 effImprove=1 updated=0
    [CG] CG iter 1: obj=145559608.270628, maxRC=59506833.680185, +23 cols
    [CG] CG iter 4: obj=173790350.874939, maxRC=2360966.488690, +6 cols
    [CG]   [DIAG] iter=4 posCols=6 newCols=6 effImprove=6 updated=0
    [CG]   [DIAG] iter=1 posCols=23 newCols=23 effImprove=23 updated=0
    [CG] CG iter 5: obj=175074180.081998, maxRC=480184.705197, +3 cols
    [CG]   [DIAG] iter=5 posCols=3 newCols=3 effImprove=3 updated=0
    [CG] 列生成收敛，共 6 轮迭代
    [CG] [CG-NODE] depth=0 exit=CERTIFIED certified=1 feasible=1 iters=6 generatedColsBeforeNode=0 newCols=62 posCandidates=62 duplicateCandidates=0 updatedCols=0 zeroObjImproveIters=1 objFirst=144913603.195244 objLast=175074180.081999 objGain=30160576.886754 maxRC=59381965.401748 wallSec=0.006790 pricingSec=0.004425 cplexSolveSec=0.001362
    [CG] 列生成收敛，共 7 轮迭代
    [CG] [CG-NODE] depth=0 exit=CERTIFIED certified=1 feasible=1 iters=7 generatedColsBeforeNode=0 newCols=57 posCandidates=57 duplicateCandidates=0 updatedCols=0 zeroObjImproveIters=3 objFirst=144863059.487900 objLast=174736236.011564 objGain=29873176.523664 maxRC=59025491.404302 wallSec=0.019939 pricingSec=0.013699 cplexSolveSec=0.003886
      [BB] 根节点即为整数解，obj=175074180.081999
      [BB] 根节点即为整数解，obj=174736236.011564
    [CG] CG iter 2: obj=161783815.208069, maxRC=10623266.004852, +16 cols
    [CG] 列生成开始，初始列数=128
    [CG]   [DIAG] iter=2 posCols=16 newCols=16 effImprove=16 updated=0
    [CG] 列生成开始，初始列数=128
    [CG] CG iter 1: obj=145014109.895311, maxRC=59196895.463946, +23 cols
    [CG]   [DIAG] iter=1 posCols=23 newCols=23 effImprove=23 updated=0
    [CG] CG iter 3: obj=165760268.645139, maxRC=4662314.749816, +14 cols
    [CG]   [DIAG] iter=3 posCols=14 newCols=14 effImprove=14 updated=0
    [CG] CG iter 1: obj=145458141.737103, maxRC=59362111.109457, +23 cols
    [CG]   [DIAG] iter=1 posCols=23 newCols=23 effImprove=23 updated=0
    [CG] CG iter 4: obj=174362975.676059, maxRC=2360629.530318, +7 cols
    [CG] CG iter 2: obj=161197609.602763, maxRC=9315135.820768, +17 cols
    [CG]   [DIAG] iter=4 posCols=7 newCols=7 effImprove=7 updated=0
    [CG]   [DIAG] iter=2 posCols=17 newCols=17 effImprove=17 updated=0
    [CG] CG iter 5: obj=175688975.893221, maxRC=375524.222979, +2 cols
    [CG]   [DIAG] iter=5 posCols=2 newCols=2 effImprove=2 updated=0
    [CG] CG iter 2: obj=161364281.956634, maxRC=10637831.182971, +16 cols
    [CG]   [DIAG] iter=2 posCols=16 newCols=16 effImprove=16 updated=0
    [CG] 列生成收敛，共 6 轮迭代
    [CG] [CG-NODE] depth=0 exit=CERTIFIED certified=1 feasible=1 iters=6 generatedColsBeforeNode=0 newCols=62 posCandidates=62 duplicateCandidates=0 updatedCols=0 zeroObjImproveIters=1 objFirst=145559608.270628 objLast=175688975.893221 objGain=30129367.622594 maxRC=59506833.680185 wallSec=0.013115 pricingSec=0.009113 cplexSolveSec=0.002310
      [BB] 根节点即为整数解，obj=175688975.893221
    [CG] CG iter 3: obj=171284323.379117, maxRC=10018582.723701, +15 cols
    [CG]   [DIAG] iter=3 posCols=15 newCols=15 effImprove=15 updated=0
    [CG] CG iter 3: obj=164685368.012066, maxRC=5778766.777658, +16 cols
    [CG]   [DIAG] iter=3 posCols=16 newCols=16 effImprove=16 updated=0
    [CG] CG iter 4: obj=173838892.680268, maxRC=3702220.410078, +7 cols
    [CG]   [DIAG] iter=4 posCols=7 newCols=7 effImprove=7 updated=0
    [CG] CG iter 4: obj=173951041.466158, maxRC=2554096.606610, +8 cols
    [CG]   [DIAG] iter=4 posCols=8 newCols=8 effImprove=8 updated=0
    [CG] CG iter 5: obj=175268810.298407, maxRC=69396.869887, +1 cols
    [CG]   [DIAG] iter=5 posCols=1 newCols=1 effImprove=1 updated=0
    [CG] CG iter 5: obj=173838892.680268, maxRC=1128467.493497, +2 cols
    [CG]   [DIAG] iter=5 posCols=2 newCols=2 effImprove=2 updated=0
    [CG] CG iter 1: obj=145171443.031566, maxRC=59372713.884251, +23 cols
    [CG]   [DIAG] iter=1 posCols=23 newCols=23 effImprove=23 updated=0
    [CG] 列生成收敛，共 6 轮迭代
    [CG] [CG-NODE] depth=0 exit=CERTIFIED certified=1 feasible=1 iters=6 generatedColsBeforeNode=0 newCols=64 posCandidates=64 duplicateCandidates=0 updatedCols=0 zeroObjImproveIters=1 objFirst=145458141.737103 objLast=175268810.298407 objGain=29810668.561304 maxRC=59362111.109457 wallSec=0.008072 pricingSec=0.005267 cplexSolveSec=0.001633
      [BB] 根节点即为整数解，obj=175268810.298407
    [CG] CG iter 6: obj=174967360.173765, maxRC=1095311.727859, +4 cols
    [CG]   [DIAG] iter=6 posCols=4 newCols=4 effImprove=4 updated=0
    [CG] 列生成收敛，共 7 轮迭代
    [CG] [CG-NODE] depth=0 exit=CERTIFIED certified=1 feasible=1 iters=7 generatedColsBeforeNode=0 newCols=68 posCandidates=68 duplicateCandidates=0 updatedCols=0 zeroObjImproveIters=2 objFirst=145014109.895311 objLast=174967360.173765 objGain=29953250.278454 maxRC=59196895.463946 wallSec=0.010308 pricingSec=0.006855 cplexSolveSec=0.002070
      [BB] 根节点即为整数解，obj=174967360.173765
    [CG] CG iter 2: obj=161136983.381582, maxRC=9395062.526938, +17 cols
    [CG]   [DIAG] iter=2 posCols=17 newCols=17 effImprove=17 updated=0
    [CG] CG iter 1: obj=145936521.151559, maxRC=59513894.439822, +23 cols
    [CG]   [DIAG] iter=1 posCols=23 newCols=23 effImprove=23 updated=0
    [CG] CG iter 3: obj=171184470.279714, maxRC=9565706.532137, +15 cols
    [CG]   [DIAG] iter=3 posCols=15 newCols=15 effImprove=15 updated=0
    [CG] CG iter 2: obj=161889108.102411, maxRC=10623464.266662, +16 cols
    [CG]   [DIAG] iter=2 posCols=16 newCols=16 effImprove=16 updated=0
    [CG] CG iter 4: obj=173628521.261129, maxRC=3800087.920802, +8 cols
    [CG]   [DIAG] iter=4 posCols=8 newCols=8 effImprove=8 updated=0
    [CG] CG iter 3: obj=165913379.217070, maxRC=4679779.578765, +14 cols
    [CG]   [DIAG] iter=3 posCols=14 newCols=14 effImprove=14 updated=0
    [CG] CG iter 5: obj=173628521.261129, maxRC=1205903.820426, +2 cols
    [CG]   [DIAG] iter=5 posCols=2 newCols=2 effImprove=2 updated=0
    [CG] CG iter 4: obj=174540111.759186, maxRC=2360557.280068, +8 cols
    [CG]   [DIAG] iter=4 posCols=8 newCols=8 effImprove=8 updated=0
    [CG] CG iter 6: obj=174834425.081555, maxRC=1030635.535339, +4 cols
    [CG] CG iter 5: obj=175854918.836768, maxRC=336753.722206, +2 cols
    [CG]   [DIAG] iter=6 posCols=4 newCols=4 effImprove=4 updated=0
    [CG]   [DIAG] iter=5 posCols=2 newCols=2 effImprove=2 updated=0
    [CG] 列生成收敛，共 6 轮迭代
    [CG] [CG-NODE] depth=0 exit=CERTIFIED certified=1 feasible=1 iters=6 generatedColsBeforeNode=0 newCols=63 posCandidates=63 duplicateCandidates=0 updatedCols=0 zeroObjImproveIters=1 objFirst=145936521.151559 objLast=175854918.836768 objGain=29918397.685210 maxRC=59513894.439822 wallSec=0.012054 pricingSec=0.008130 cplexSolveSec=0.002234
      [BB] 根节点即为整数解，obj=175854918.836768
    [CG] 列生成收敛，共 7 轮迭代
    [CG] [CG-NODE] depth=0 exit=CERTIFIED certified=1 feasible=1 iters=7 generatedColsBeforeNode=0 newCols=69 posCandidates=69 duplicateCandidates=0 updatedCols=0 zeroObjImproveIters=2 objFirst=145171443.031566 objLast=174834425.081555 objGain=29662982.049990 maxRC=59372713.884251 wallSec=0.019303 pricingSec=0.013244 cplexSolveSec=0.003484
    [CG] CG iter 1: obj=145477620.374828, maxRC=59168402.929172, +23 cols
      [BB] 根节点即为整数解，obj=174834425.081555
    [CG]   [DIAG] iter=1 posCols=23 newCols=23 effImprove=23 updated=0
    [CG] CG iter 2: obj=161063484.821127, maxRC=9287899.106754, +17 cols
    [CG]   [DIAG] iter=2 posCols=17 newCols=17 effImprove=17 updated=0
    [CG] CG iter 3: obj=171401647.506008, maxRC=5594546.767198, +12 cols
    [CG]   [DIAG] iter=3 posCols=12 newCols=12 effImprove=12 updated=0
    [CG] CG iter 4: obj=173866955.380165, maxRC=1428255.444202, +6 cols
    [CG]   [DIAG] iter=4 posCols=6 newCols=6 effImprove=6 updated=0
    [CG] 列生成收敛，共 5 轮迭代
    [CG] [CG-NODE] depth=0 exit=CERTIFIED certified=1 feasible=1 iters=5 generatedColsBeforeNode=0 newCols=58 posCandidates=58 duplicateCandidates=0 updatedCols=0 zeroObjImproveIters=0 objFirst=145477620.374828 objLast=175097863.154549 objGain=29620242.779721 maxRC=59168402.929172 wallSec=0.016376 pricingSec=0.011978 cplexSolveSec=0.002414
      [BB] 根节点即为整数解，obj=175097863.154549
[GA] 代数 1: Best=175883804.52, Avg=175083552.39, Worst=174264372.13, Valid=30/30, 耗时=0.05s (连续1代未提升)
  ├─ 求解: 30 个体 fork 并行 | CG迭代=134 加列=1393 BB分支=0
  ├─ 并行墙钟=0.0489s | 串行等效(ΣBP)=0.2913s | 加速比=5.95x
  ├─ 管理开销=-0.2424s (fork=0.0027 wait=0.0459 merge=0.0003)
  └─ CG明细: gen_logs/run_gen1_ind{0..29}.log
    [CG] 列生成开始，初始列数=128
    [CG] 列生成开始，初始列数=128
    [CG] 列生成开始，初始列数=128
    [CG] 列生成开始，初始列数=128
    [CG] 列生成开始，初始列数=128
    [CG] 列生成开始，初始列数=128
    [CG] 列生成开始，初始列数=128
    [CG] 列生成开始，初始列数=128
    [CG] CG iter 1: obj=145938867.794425, maxRC=59519752.128890, +23 cols
    [CG]   [DIAG] iter=1 posCols=23 newCols=23 effImprove=23 updated=0
    [CG] CG iter 1: obj=146033264.214520, maxRC=59519752.128890, +23 cols
    [CG]   [DIAG] iter=1 posCols=23 newCols=23 effImprove=23 updated=0
    [CG] CG iter 2: obj=161808931.805980, maxRC=10623485.371715, +16 cols
    [CG]   [DIAG] iter=2 posCols=16 newCols=16 effImprove=16 updated=0
    [CG] CG iter 2: obj=161889106.568182, maxRC=10623485.371715, +16 cols
    [CG]   [DIAG] iter=2 posCols=16 newCols=16 effImprove=16 updated=0
    [CG] CG iter 1: obj=145293836.771073, maxRC=59382471.869549, +23 cols
    [CG]   [DIAG] iter=1 posCols=23 newCols=23 effImprove=23 updated=0
    [CG] CG iter 3: obj=166115283.168986, maxRC=5118128.238817, +15 cols
    [CG]   [DIAG] iter=3 posCols=15 newCols=15 effImprove=15 updated=0
    [CG] CG iter 3: obj=165913374.599378, maxRC=4679779.578765, +14 cols
    [CG] CG iter 2: obj=161473037.233683, maxRC=10713327.300761, +16 cols
    [CG]   [DIAG] iter=3 posCols=14 newCols=14 effImprove=14 updated=0
    [CG]   [DIAG] iter=2 posCols=16 newCols=16 effImprove=16 updated=0
    [CG] CG iter 4: obj=175719618.139267, maxRC=2671769.720189, +6 cols
    [CG]   [DIAG] iter=4 posCols=6 newCols=6 effImprove=6 updated=0
    [CG] CG iter 3: obj=164820820.276602, maxRC=5801537.826969, +15 cols
    [CG] CG iter 4: obj=174540105.993442, maxRC=2360557.280068, +8 cols
    [CG]   [DIAG] iter=3 posCols=15 newCols=15 effImprove=15 updated=0
    [CG]   [DIAG] iter=4 posCols=8 newCols=8 effImprove=8 updated=0
    [CG] CG iter 5: obj=175774733.016740, maxRC=942712.280456, +1 cols
    [CG]   [DIAG] iter=5 posCols=1 newCols=1 effImprove=1 updated=0
    [CG] CG iter 4: obj=174126131.615692, maxRC=2607803.754818, +8 cols
    [CG]   [DIAG] iter=4 posCols=8 newCols=8 effImprove=8 updated=0
    [CG] CG iter 5: obj=175854907.778942, maxRC=336753.722206, +2 cols
    [CG]   [DIAG] iter=5 posCols=2 newCols=2 effImprove=2 updated=0
    [CG] CG iter 5: obj=175409950.069985, maxRC=60419.602597, +1 cols
    [CG] 列生成收敛，共 6 轮迭代
    [CG]   [DIAG] iter=5 posCols=1 newCols=1 effImprove=1 updated=0
    [CG] [CG-NODE] depth=0 exit=CERTIFIED certified=1 feasible=1 iters=6 generatedColsBeforeNode=0 newCols=61 posCandidates=61 duplicateCandidates=0 updatedCols=0 zeroObjImproveIters=1 objFirst=145938867.794425 objLast=175774733.016740 objGain=29835865.222315 maxRC=59519752.128890 wallSec=0.009154 pricingSec=0.006029 cplexSolveSec=0.001807
    [CG] CG iter 1: obj=145239402.087691, maxRC=59362111.109457, +23 cols
      [BB] 根节点即为整数解，obj=175774733.016740
    [CG] 列生成收敛，共 6 轮迭代
    [CG] [CG-NODE] depth=0 exit=CERTIFIED certified=1 feasible=1 iters=6 generatedColsBeforeNode=0 newCols=63 posCandidates=63 duplicateCandidates=0 updatedCols=0 zeroObjImproveIters=1 objFirst=146033264.214520 objLast=175854907.778942 objGain=29821643.564422 maxRC=59519752.128890 wallSec=0.008888 pricingSec=0.005866 cplexSolveSec=0.001748
    [CG]   [DIAG] iter=1 posCols=23 newCols=23 effImprove=23 updated=0
    [CG] 列生成收敛，共 6 轮迭代
      [BB] 根节点即为整数解，obj=175854907.778942
    [CG] [CG-NODE] depth=0 exit=CERTIFIED certified=1 feasible=1 iters=6 generatedColsBeforeNode=0 newCols=63 posCandidates=63 duplicateCandidates=0 updatedCols=0 zeroObjImproveIters=1 objFirst=145293836.771073 objLast=175409950.069985 objGain=30116113.298912 maxRC=59382471.869549 wallSec=0.009277 pricingSec=0.006209 cplexSolveSec=0.001630
      [BB] 根节点即为整数解，obj=175409950.069985
    [CG] CG iter 1: obj=146033236.961631, maxRC=59519752.128890, +23 cols
    [CG]   [DIAG] iter=1 posCols=23 newCols=23 effImprove=23 updated=0
    [CG] CG iter 1: obj=145640910.826991, maxRC=59513894.439822, +23 cols
    [CG]   [DIAG] iter=1 posCols=23 newCols=23 effImprove=23 updated=0
    [CG] CG iter 2: obj=161283409.122822, maxRC=10528253.782644, +16 cols
    [CG]   [DIAG] iter=2 posCols=16 newCols=16 effImprove=16 updated=0
    [CG] CG iter 2: obj=161889106.568182, maxRC=10623485.371715, +16 cols
    [CG]   [DIAG] iter=2 posCols=16 newCols=16 effImprove=16 updated=0
    [CG] 列生成开始，初始列数=128
    [CG] 列生成开始，初始列数=128
    [CG] CG iter 3: obj=165489779.969592, maxRC=5114234.474626, +15 cols
    [CG] CG iter 2: obj=161816483.952522, maxRC=10623464.266662, +16 cols
    [CG]   [DIAG] iter=3 posCols=15 newCols=15 effImprove=15 updated=0
    [CG]   [DIAG] iter=2 posCols=16 newCols=16 effImprove=16 updated=0
    [CG] 列生成开始，初始列数=128
    [CG] CG iter 3: obj=165913374.599378, maxRC=4679779.578765, +14 cols
    [CG]   [DIAG] iter=3 posCols=14 newCols=14 effImprove=14 updated=0
    [CG] CG iter 4: obj=175094804.807307, maxRC=2670127.557046, +6 cols
    [CG]   [DIAG] iter=4 posCols=6 newCols=6 effImprove=6 updated=0
    [CG] CG iter 1: obj=145704883.871460, maxRC=59514191.386312, +23 cols
    [CG]   [DIAG] iter=1 posCols=23 newCols=23 effImprove=23 updated=0
    [CG] CG iter 5: obj=175192892.148309, maxRC=908334.547105, +1 cols
    [CG]   [DIAG] iter=5 posCols=1 newCols=1 effImprove=1 updated=0
    [CG] CG iter 1: obj=145188074.737715, maxRC=59234906.832491, +23 cols
    [CG] CG iter 3: obj=165893438.427461, maxRC=5106270.354455, +15 cols
    [CG] CG iter 4: obj=174540105.993442, maxRC=2360557.280068, +8 cols
    [CG]   [DIAG] iter=4 posCols=8 newCols=8 effImprove=8 updated=0
    [CG]   [DIAG] iter=3 posCols=15 newCols=15 effImprove=15 updated=0
    [CG]   [DIAG] iter=1 posCols=23 newCols=23 effImprove=23 updated=0
    [CG] 列生成收敛，共 6 轮迭代
    [CG] [CG-NODE] depth=0 exit=CERTIFIED certified=1 feasible=1 iters=6 generatedColsBeforeNode=0 newCols=61 posCandidates=61 duplicateCandidates=0 updatedCols=0 zeroObjImproveIters=1 objFirst=145239402.087691 objLast=175192892.148309 objGain=29953490.060618 maxRC=59362111.109457 wallSec=0.013410 pricingSec=0.009020 cplexSolveSec=0.002630
    [CG] CG iter 5: obj=175854907.778942, maxRC=336753.722206, +2 cols
    [CG]   [DIAG] iter=5 posCols=2 newCols=2 effImprove=2 updated=0
      [BB] 根节点即为整数解，obj=175192892.148309
    [CG] CG iter 4: obj=175512239.305489, maxRC=2666800.101796, +5 cols
    [CG]   [DIAG] iter=4 posCols=5 newCols=5 effImprove=5 updated=0
    [CG] 列生成收敛，共 6 轮迭代
    [CG] [CG-NODE] depth=0 exit=CERTIFIED certified=1 feasible=1 iters=6 generatedColsBeforeNode=0 newCols=63 posCandidates=63 duplicateCandidates=0 updatedCols=0 zeroObjImproveIters=1 objFirst=146033236.961631 objLast=175854907.778942 objGain=29821670.817311 maxRC=59519752.128890 wallSec=0.014619 pricingSec=0.010012 cplexSolveSec=0.002709
    [CG] CG iter 2: obj=161679290.018621, maxRC=10626541.506701, +16 cols
    [CG]   [DIAG] iter=2 posCols=16 newCols=16 effImprove=16 updated=0
      [BB] 根节点即为整数解，obj=175854907.778942
    [CG] CG iter 5: obj=175512239.305489, maxRC=890631.403837, +1 cols
    [CG]   [DIAG] iter=5 posCols=1 newCols=1 effImprove=1 updated=0
    [CG] CG iter 2: obj=161192023.120546, maxRC=9332912.854045, +17 cols
    [CG]   [DIAG] iter=2 posCols=17 newCols=17 effImprove=17 updated=0
    [CG] 列生成收敛，共 6 轮迭代
    [CG] [CG-NODE] depth=0 exit=CERTIFIED certified=1 feasible=1 iters=6 generatedColsBeforeNode=0 newCols=60 posCandidates=60 duplicateCandidates=0 updatedCols=0 zeroObjImproveIters=2 objFirst=145640910.826991 objLast=175512239.305489 objGain=29871328.478498 maxRC=59513894.439822 wallSec=0.015439 pricingSec=0.010760 cplexSolveSec=0.002698
      [BB] 根节点即为整数解，obj=175512239.305489
    [CG] CG iter 3: obj=165945436.329558, maxRC=5114838.218518, +15 cols
    [CG]   [DIAG] iter=3 posCols=15 newCols=15 effImprove=15 updated=0
    [CG] CG iter 3: obj=171343032.995942, maxRC=9821747.429781, +15 cols
    [CG]   [DIAG] iter=3 posCols=15 newCols=15 effImprove=15 updated=0
    [CG] 列生成开始，初始列数=128
    [CG] CG iter 4: obj=175544362.087007, maxRC=2670380.337240, +6 cols
    [CG]   [DIAG] iter=4 posCols=6 newCols=6 effImprove=6 updated=0
    [CG] CG iter 4: obj=173831825.800211, maxRC=3725337.417287, +7 cols
    [CG]   [DIAG] iter=4 posCols=7 newCols=7 effImprove=7 updated=0
    [CG] CG iter 5: obj=175579146.727522, maxRC=934035.567929, +1 cols
    [CG]   [DIAG] iter=5 posCols=1 newCols=1 effImprove=1 updated=0
    [CG] 列生成开始，初始列数=128
    [CG] CG iter 5: obj=173831825.800211, maxRC=1175834.841931, +2 cols
    [CG] 列生成收敛，共 6 轮迭代
    [CG] [CG-NODE] depth=0 exit=CERTIFIED certified=1 feasible=1 iters=6 generatedColsBeforeNode=0 newCols=61 posCandidates=61 duplicateCandidates=0 updatedCols=0 zeroObjImproveIters=1 objFirst=145704883.871460 objLast=175579146.727522 objGain=29874262.856062 maxRC=59514191.386312 wallSec=0.017389 pricingSec=0.012275 cplexSolveSec=0.002814
    [CG]   [DIAG] iter=5 posCols=2 newCols=2 effImprove=2 updated=0
      [BB] 根节点即为整数解，obj=175579146.727522
    [CG] 列生成开始，初始列数=128
    [CG] CG iter 6: obj=175007660.642142, maxRC=1079102.027931, +4 cols
    [CG]   [DIAG] iter=6 posCols=4 newCols=4 effImprove=4 updated=0
    [CG] 列生成收敛，共 7 轮迭代
    [CG] [CG-NODE] depth=0 exit=CERTIFIED certified=1 feasible=1 iters=7 generatedColsBeforeNode=0 newCols=68 posCandidates=68 duplicateCandidates=0 updatedCols=0 zeroObjImproveIters=2 objFirst=145188074.737715 objLast=175007660.642142 objGain=29819585.904427 maxRC=59234906.832491 wallSec=0.018628 pricingSec=0.012984 cplexSolveSec=0.003130
      [BB] 根节点即为整数解，obj=175007660.642142
    [CG] 列生成开始，初始列数=128
    [CG] CG iter 1: obj=145019185.864483, maxRC=59196895.463946, +23 cols
    [CG]   [DIAG] iter=1 posCols=23 newCols=23 effImprove=23 updated=0
    [CG] 列生成开始，初始列数=128
    [CG] CG iter 1: obj=145125209.674987, maxRC=59503167.809012, +23 cols
    [CG]   [DIAG] iter=1 posCols=23 newCols=23 effImprove=23 updated=0
    [CG] CG iter 2: obj=161201296.897100, maxRC=9312987.401049, +17 cols
    [CG] CG iter 1: obj=144911266.568301, maxRC=58995492.043090, +23 cols
    [CG]   [DIAG] iter=2 posCols=17 newCols=17 effImprove=17 updated=0
    [CG]   [DIAG] iter=1 posCols=23 newCols=23 effImprove=23 updated=0
    [CG] CG iter 1: obj=145376231.335803, maxRC=59168402.929172, +23 cols
    [CG] CG iter 2: obj=160408018.575006, maxRC=10474735.589348, +16 cols
    [CG]   [DIAG] iter=2 posCols=16 newCols=16 effImprove=16 updated=0
    [CG]   [DIAG] iter=1 posCols=23 newCols=23 effImprove=23 updated=0
    [CG] CG iter 2: obj=161387929.757273, maxRC=10807268.626226, +16 cols
    [CG] CG iter 3: obj=171290818.265825, maxRC=10018582.723701, +15 cols
    [CG]   [DIAG] iter=2 posCols=16 newCols=16 effImprove=16 updated=0
    [CG]   [DIAG] iter=3 posCols=15 newCols=15 effImprove=15 updated=0
    [CG] CG iter 3: obj=164663394.380570, maxRC=5092773.463748, +17 cols
    [CG]   [DIAG] iter=3 posCols=17 newCols=17 effImprove=17 updated=0
    [CG] CG iter 2: obj=160964700.706407, maxRC=9289927.664621, +17 cols
    [CG]   [DIAG] iter=2 posCols=17 newCols=17 effImprove=17 updated=0
    [CG] CG iter 4: obj=173845387.566975, maxRC=3702220.410078, +7 cols
    [CG]   [DIAG] iter=4 posCols=7 newCols=7 effImprove=7 updated=0
    [CG] CG iter 3: obj=165455005.167517, maxRC=5065548.218623, +16 cols
    [CG]   [DIAG] iter=3 posCols=16 newCols=16 effImprove=16 updated=0
    [CG] CG iter 4: obj=174296144.475472, maxRC=2167459.139684, +6 cols
    [CG]   [DIAG] iter=4 posCols=6 newCols=6 effImprove=6 updated=0
    [CG] CG iter 5: obj=173845387.566975, maxRC=1128467.493497, +2 cols
    [CG]   [DIAG] iter=5 posCols=2 newCols=2 effImprove=2 updated=0
    [CG] CG iter 3: obj=171298920.418804, maxRC=9606525.486420, +16 cols
    [CG] CG iter 4: obj=175064848.023352, maxRC=140079.989943, +4 cols
    [CG]   [DIAG] iter=3 posCols=16 newCols=16 effImprove=16 updated=0
    [CG]   [DIAG] iter=4 posCols=4 newCols=4 effImprove=4 updated=0
    [CG] CG iter 5: obj=174513582.585486, maxRC=77176.984724, +2 cols
    [CG]   [DIAG] iter=5 posCols=2 newCols=2 effImprove=2 updated=0
    [CG] CG iter 1: obj=145383060.205766, maxRC=59306875.322983, +23 cols
    [CG]   [DIAG] iter=1 posCols=23 newCols=23 effImprove=23 updated=0
    [CG] CG iter 6: obj=174973855.060472, maxRC=1095311.727859, +4 cols
    [CG] 列生成收敛，共 5 轮迭代
    [CG]   [DIAG] iter=6 posCols=4 newCols=4 effImprove=4 updated=0
    [CG] [CG-NODE] depth=0 exit=CERTIFIED certified=1 feasible=1 iters=5 generatedColsBeforeNode=0 newCols=59 posCandidates=59 duplicateCandidates=0 updatedCols=0 zeroObjImproveIters=1 objFirst=145125209.674987 objLast=175064848.023352 objGain=29939638.348365 maxRC=59503167.809012 wallSec=0.017114 pricingSec=0.012404 cplexSolveSec=0.002621
    [CG] 列生成收敛，共 6 轮迭代
    [CG] [CG-NODE] depth=0 exit=CERTIFIED certified=1 feasible=1 iters=6 generatedColsBeforeNode=0 newCols=64 posCandidates=64 duplicateCandidates=0 updatedCols=0 zeroObjImproveIters=1 objFirst=144911266.568301 objLast=174513582.585486 objGain=29602316.017185 maxRC=58995492.043090 wallSec=0.012078 pricingSec=0.008160 cplexSolveSec=0.002253
    [CG] CG iter 4: obj=173764228.292961, maxRC=3724430.915490, +7 cols
    [CG]   [DIAG] iter=4 posCols=7 newCols=7 effImprove=7 updated=0
      [BB] 根节点即为整数解，obj=175064848.023352
      [BB] 根节点即为整数解，obj=174513582.585486
    [CG] 列生成收敛，共 7 轮迭代
    [CG] [CG-NODE] depth=0 exit=CERTIFIED certified=1 feasible=1 iters=7 generatedColsBeforeNode=0 newCols=68 posCandidates=68 duplicateCandidates=0 updatedCols=0 zeroObjImproveIters=2 objFirst=145019185.864483 objLast=174973855.060472 objGain=29954669.195989 maxRC=59196895.463946 wallSec=0.017726 pricingSec=0.012542 cplexSolveSec=0.003058
    [CG] CG iter 1: obj=145208074.943630, maxRC=59209313.031372, +23 cols
    [CG]   [DIAG] iter=1 posCols=23 newCols=23 effImprove=23 updated=0
    [CG] CG iter 5: obj=173764228.292961, maxRC=1230313.953096, +2 cols
      [BB] 根节点即为整数解，obj=174973855.060472
    [CG]   [DIAG] iter=5 posCols=2 newCols=2 effImprove=2 updated=0
    [CG] CG iter 2: obj=161142190.656146, maxRC=9360522.983758, +17 cols
    [CG] CG iter 1: obj=144808460.113902, maxRC=58957145.463833, +23 cols
    [CG]   [DIAG] iter=2 posCols=17 newCols=17 effImprove=17 updated=0
    [CG]   [DIAG] iter=1 posCols=23 newCols=23 effImprove=23 updated=0
    [CG] CG iter 6: obj=174994542.246056, maxRC=1166535.515868, +4 cols
    [CG]   [DIAG] iter=6 posCols=4 newCols=4 effImprove=4 updated=0
    [CG] CG iter 3: obj=175022366.536663, maxRC=4275735.457846, +8 cols
    [CG] CG iter 2: obj=161153430.516781, maxRC=9316771.877210, +17 cols
    [CG]   [DIAG] iter=3 posCols=8 newCols=8 effImprove=8 updated=0
    [CG]   [DIAG] iter=2 posCols=17 newCols=17 effImprove=17 updated=0
    [CG] 列生成收敛，共 7 轮迭代
    [CG] [CG-NODE] depth=0 exit=CERTIFIED certified=1 feasible=1 iters=7 generatedColsBeforeNode=0 newCols=69 posCandidates=69 duplicateCandidates=0 updatedCols=0 zeroObjImproveIters=2 objFirst=145376231.335803 objLast=174994542.246056 objGain=29618310.910253 maxRC=59168402.929172 wallSec=0.019204 pricingSec=0.013467 cplexSolveSec=0.003107
    [CG] 列生成开始，初始列数=128
    [CG] CG iter 1: obj=145441246.276875, maxRC=59362111.109457, +23 cols
      [BB] 根节点即为整数解，obj=174994542.246056
    [CG] CG iter 4: obj=175022366.536663, maxRC=1206929.045072, +5 cols
    [CG]   [DIAG] iter=4 posCols=5 newCols=5 effImprove=5 updated=0
    [CG] 列生成开始，初始列数=128
    [CG] CG iter 3: obj=171350525.938106, maxRC=9790411.568349, +15 cols
    [CG]   [DIAG] iter=1 posCols=23 newCols=23 effImprove=23 updated=0
    [CG] CG iter 2: obj=160691678.327658, maxRC=10403841.103245, +17 cols
    [CG]   [DIAG] iter=3 posCols=15 newCols=15 effImprove=15 updated=0
    [CG]   [DIAG] iter=2 posCols=17 newCols=17 effImprove=17 updated=0
    [CG] 列生成开始，初始列数=128
    [CG] 列生成收敛，共 5 轮迭代
    [CG] [CG-NODE] depth=0 exit=CERTIFIED certified=1 feasible=1 iters=5 generatedColsBeforeNode=0 newCols=53 posCandidates=53 duplicateCandidates=0 updatedCols=0 zeroObjImproveIters=1 objFirst=145383060.205766 objLast=175061622.137438 objGain=29678561.931671 maxRC=59306875.322983 wallSec=0.011530 pricingSec=0.007850 cplexSolveSec=0.002102
    [CG] CG iter 4: obj=173808662.078174, maxRC=3720923.247133, +8 cols
      [BB] 根节点即为整数解，obj=175061622.137438
    [CG]   [DIAG] iter=4 posCols=8 newCols=8 effImprove=8 updated=0
    [CG] CG iter 5: obj=173808662.078174, maxRC=1181162.636559, +2 cols
    [CG] CG iter 3: obj=167749529.060090, maxRC=5583719.773641, +10 cols
    [CG]   [DIAG] iter=5 posCols=2 newCols=2 effImprove=2 updated=0
    [CG]   [DIAG] iter=3 posCols=10 newCols=10 effImprove=10 updated=0
    [CG] CG iter 2: obj=161288939.597024, maxRC=9393436.174498, +17 cols
    [CG]   [DIAG] iter=2 posCols=17 newCols=17 effImprove=17 updated=0
    [CG] 列生成开始，初始列数=128
    [CG] CG iter 6: obj=174989824.714732, maxRC=1091019.754486, +4 cols
    [CG]   [DIAG] iter=6 posCols=4 newCols=4 effImprove=4 updated=0
    [CG] CG iter 4: obj=174668002.441061, maxRC=1366683.950488, +3 cols
    [CG]   [DIAG] iter=4 posCols=3 newCols=3 effImprove=3 updated=0
    [CG] 列生成收敛，共 7 轮迭代
    [CG] [CG-NODE] depth=0 exit=CERTIFIED certified=1 feasible=1 iters=7 generatedColsBeforeNode=0 newCols=69 posCandidates=69 duplicateCandidates=0 updatedCols=0 zeroObjImproveIters=2 objFirst=145208074.943630 objLast=174989824.714732 objGain=29781749.771103 maxRC=59209313.031372 wallSec=0.012531 pricingSec=0.008478 cplexSolveSec=0.002335
    [CG] CG iter 3: obj=175206471.023057, maxRC=4351202.758091, +8 cols
      [BB] 根节点即为整数解，obj=174989824.714732
    [CG]   [DIAG] iter=3 posCols=8 newCols=8 effImprove=8 updated=0
    [CG] 列生成开始，初始列数=128
    [CG] CG iter 5: obj=174668002.441061, maxRC=1201625.225920, +3 cols
    [CG]   [DIAG] iter=5 posCols=3 newCols=3 effImprove=3 updated=0
    [CG] CG iter 6: obj=174668002.441061, maxRC=276638.702831, +1 cols
    [CG]   [DIAG] iter=6 posCols=1 newCols=1 effImprove=1 updated=0
    [CG] CG iter 4: obj=175206471.023057, maxRC=1184372.042446, +5 cols
    [CG]   [DIAG] iter=4 posCols=5 newCols=5 effImprove=5 updated=0
    [CG] 列生成收敛，共 7 轮迭代
    [CG] [CG-NODE] depth=0 exit=CERTIFIED certified=1 feasible=1 iters=7 generatedColsBeforeNode=0 newCols=57 posCandidates=57 duplicateCandidates=0 updatedCols=0 zeroObjImproveIters=3 objFirst=144808460.113902 objLast=174668002.441061 objGain=29859542.327159 maxRC=58957145.463833 wallSec=0.018749 pricingSec=0.012643 cplexSolveSec=0.003523
      [BB] 根节点即为整数解，obj=174668002.441061
    [CG] 列生成收敛，共 5 轮迭代
    [CG] [CG-NODE] depth=0 exit=CERTIFIED certified=1 feasible=1 iters=5 generatedColsBeforeNode=0 newCols=53 posCandidates=53 duplicateCandidates=0 updatedCols=0 zeroObjImproveIters=1 objFirst=145441246.276875 objLast=175304386.461376 objGain=29863140.184501 maxRC=59362111.109457 wallSec=0.018373 pricingSec=0.012592 cplexSolveSec=0.003183
      [BB] 根节点即为整数解，obj=175304386.461376
    [CG] 列生成开始，初始列数=128
    [CG] 列生成开始，初始列数=128
    [CG] 列生成开始，初始列数=128
    [CG] CG iter 1: obj=145936459.865854, maxRC=59513894.439822, +23 cols
    [CG]   [DIAG] iter=1 posCols=23 newCols=23 effImprove=23 updated=0
    [CG] CG iter 1: obj=145515990.400939, maxRC=59514002.939373, +23 cols
    [CG] CG iter 1: obj=145490442.110361, maxRC=59506833.680185, +23 cols
    [CG]   [DIAG] iter=1 posCols=23 newCols=23 effImprove=23 updated=0
    [CG]   [DIAG] iter=1 posCols=23 newCols=23 effImprove=23 updated=0
    [CG] CG iter 1: obj=145194557.963714, maxRC=59234940.451707, +23 cols
    [CG] CG iter 2: obj=161889046.816706, maxRC=10623464.266662, +16 cols
    [CG]   [DIAG] iter=2 posCols=16 newCols=16 effImprove=16 updated=0
    [CG] CG iter 2: obj=161645511.197563, maxRC=10626415.732743, +16 cols
    [CG]   [DIAG] iter=2 posCols=16 newCols=16 effImprove=16 updated=0
    [CG]   [DIAG] iter=1 posCols=23 newCols=23 effImprove=23 updated=0
    [CG] CG iter 2: obj=161725052.645121, maxRC=10623266.004852, +16 cols
    [CG]   [DIAG] iter=2 posCols=16 newCols=16 effImprove=16 updated=0
    [CG] CG iter 3: obj=165836207.700067, maxRC=5114970.352755, +15 cols
    [CG]   [DIAG] iter=3 posCols=15 newCols=15 effImprove=15 updated=0
    [CG] CG iter 3: obj=165913317.931365, maxRC=4679779.578765, +14 cols
    [CG]   [DIAG] iter=3 posCols=14 newCols=14 effImprove=14 updated=0
    [CG] CG iter 1: obj=145463301.455490, maxRC=59443374.518860, +23 cols
    [CG]   [DIAG] iter=1 posCols=23 newCols=23 effImprove=23 updated=0
    [CG] CG iter 4: obj=175423458.651777, maxRC=2670435.681357, +6 cols
    [CG]   [DIAG] iter=4 posCols=6 newCols=6 effImprove=6 updated=0
    [CG] CG iter 2: obj=161196326.956385, maxRC=9330383.695788, +17 cols
    [CG]   [DIAG] iter=2 posCols=17 newCols=17 effImprove=17 updated=0
    [CG] CG iter 4: obj=174540083.729784, maxRC=2360557.280068, +8 cols
    [CG]   [DIAG] iter=4 posCols=8 newCols=8 effImprove=8 updated=0
    [CG] CG iter 5: obj=175458473.822249, maxRC=912673.301827, +1 cols
    [CG]   [DIAG] iter=5 posCols=1 newCols=1 effImprove=1 updated=0
    [CG] CG iter 3: obj=165985287.569818, maxRC=5116038.208083, +15 cols
    [CG]   [DIAG] iter=3 posCols=15 newCols=15 effImprove=15 updated=0
    [CG] 列生成收敛，共 6 轮迭代
    [CG] [CG-NODE] depth=0 exit=CERTIFIED certified=1 feasible=1 iters=6 generatedColsBeforeNode=0 newCols=61 posCandidates=61 duplicateCandidates=0 updatedCols=0 zeroObjImproveIters=1 objFirst=145515990.400939 objLast=175458473.822249 objGain=29942483.421310 maxRC=59514002.939373 wallSec=0.011287 pricingSec=0.007538 cplexSolveSec=0.002113
      [BB] 根节点即为整数解，obj=175458473.822249
    [CG] CG iter 5: obj=175854857.551064, maxRC=336753.722206, +2 cols
    [CG] CG iter 2: obj=161496895.109509, maxRC=10575857.471673, +16 cols
    [CG]   [DIAG] iter=5 posCols=2 newCols=2 effImprove=2 updated=0
    [CG]   [DIAG] iter=2 posCols=16 newCols=16 effImprove=16 updated=0
    [CG] CG iter 4: obj=175591367.208747, maxRC=2670883.325991, +6 cols
    [CG]   [DIAG] iter=4 posCols=6 newCols=6 effImprove=6 updated=0
    [CG] 列生成收敛，共 6 轮迭代
    [CG] [CG-NODE] depth=0 exit=CERTIFIED certified=1 feasible=1 iters=6 generatedColsBeforeNode=0 newCols=63 posCandidates=63 duplicateCandidates=0 updatedCols=0 zeroObjImproveIters=1 objFirst=145936459.865854 objLast=175854857.551064 objGain=29918397.685210 maxRC=59513894.439822 wallSec=0.014815 pricingSec=0.009995 cplexSolveSec=0.002809
    [CG] CG iter 3: obj=171350634.985670, maxRC=9821189.440134, +15 cols
    [CG]   [DIAG] iter=3 posCols=15 newCols=15 effImprove=15 updated=0
    [CG] CG iter 1: obj=146032312.140932, maxRC=59519644.562382, +23 cols
      [BB] 根节点即为整数解，obj=175854857.551064
    [CG]   [DIAG] iter=1 posCols=23 newCols=23 effImprove=23 updated=0
    [CG] CG iter 3: obj=165514656.612922, maxRC=4593485.405444, +14 cols
    [CG] CG iter 5: obj=175630290.621905, maxRC=944908.149254, +1 cols
    [CG]   [DIAG] iter=3 posCols=14 newCols=14 effImprove=14 updated=0
    [CG]   [DIAG] iter=5 posCols=1 newCols=1 effImprove=1 updated=0
    [CG] CG iter 1: obj=145059945.454100, maxRC=59203890.366738, +23 cols
    [CG]   [DIAG] iter=1 posCols=23 newCols=23 effImprove=23 updated=0
    [CG] 列生成收敛，共 6 轮迭代
    [CG] CG iter 4: obj=174063193.023769, maxRC=1284617.584705, +4 cols
    [CG] [CG-NODE] depth=0 exit=CERTIFIED certified=1 feasible=1 iters=6 generatedColsBeforeNode=0 newCols=61 posCandidates=61 duplicateCandidates=0 updatedCols=0 zeroObjImproveIters=1 objFirst=145490442.110361 objLast=175630290.621905 objGain=30139848.511544 maxRC=59506833.680185 wallSec=0.015305 pricingSec=0.010470 cplexSolveSec=0.002901
    [CG]   [DIAG] iter=4 posCols=4 newCols=4 effImprove=4 updated=0
    [CG] CG iter 2: obj=161888144.476550, maxRC=10623321.672154, +16 cols
    [CG]   [DIAG] iter=2 posCols=16 newCols=16 effImprove=16 updated=0
    [CG] CG iter 4: obj=173839427.789939, maxRC=3725337.417287, +7 cols
      [BB] 根节点即为整数解，obj=175630290.621905
    [CG]   [DIAG] iter=4 posCols=7 newCols=7 effImprove=7 updated=0
    [CG] 列生成收敛，共 5 轮迭代
    [CG] [CG-NODE] depth=0 exit=CERTIFIED certified=1 feasible=1 iters=5 generatedColsBeforeNode=0 newCols=57 posCandidates=57 duplicateCandidates=0 updatedCols=0 zeroObjImproveIters=0 objFirst=145463301.455490 objLast=175347810.608474 objGain=29884509.152984 maxRC=59443374.518860 wallSec=0.013202 pricingSec=0.009090 cplexSolveSec=0.002357
      [BB] 根节点即为整数解，obj=175347810.608474
    [CG] CG iter 3: obj=165912397.907441, maxRC=4679872.669900, +14 cols
    [CG]   [DIAG] iter=3 posCols=14 newCols=14 effImprove=14 updated=0
    [CG] CG iter 2: obj=160984592.676223, maxRC=10565203.692946, +16 cols
    [CG]   [DIAG] iter=2 posCols=16 newCols=16 effImprove=16 updated=0
    [CG] CG iter 5: obj=173839427.789939, maxRC=1175834.841931, +2 cols
    [CG]   [DIAG] iter=5 posCols=2 newCols=2 effImprove=2 updated=0
    [CG] CG iter 4: obj=174539089.356358, maxRC=2360557.280068, +8 cols
    [CG]   [DIAG] iter=4 posCols=8 newCols=8 effImprove=8 updated=0
    [CG] CG iter 1: obj=145569001.117489, maxRC=59506833.680185, +23 cols
    [CG]   [DIAG] iter=1 posCols=23 newCols=23 effImprove=23 updated=0
    [CG] CG iter 6: obj=175015262.631871, maxRC=1079102.027931, +4 cols
    [CG]   [DIAG] iter=6 posCols=4 newCols=4 effImprove=4 updated=0
    [CG] CG iter 5: obj=175853982.645391, maxRC=336753.722206, +2 cols
    [CG]   [DIAG] iter=5 posCols=2 newCols=2 effImprove=2 updated=0
    [CG] CG iter 3: obj=164340261.335518, maxRC=5706104.662217, +16 cols
    [CG]   [DIAG] iter=3 posCols=16 newCols=16 effImprove=16 updated=0
    [CG] 列生成收敛，共 6 轮迭代
    [CG] [CG-NODE] depth=0 exit=CERTIFIED certified=1 feasible=1 iters=6 generatedColsBeforeNode=0 newCols=63 posCandidates=63 duplicateCandidates=0 updatedCols=0 zeroObjImproveIters=1 objFirst=146032312.140932 objLast=175853982.645391 objGain=29821670.504459 maxRC=59519644.562382 wallSec=0.010983 pricingSec=0.007445 cplexSolveSec=0.002004
      [BB] 根节点即为整数解，obj=175853982.645391
    [CG] 列生成收敛，共 7 轮迭代
    [CG] [CG-NODE] depth=0 exit=CERTIFIED certified=1 feasible=1 iters=7 generatedColsBeforeNode=0 newCols=68 posCandidates=68 duplicateCandidates=0 updatedCols=0 zeroObjImproveIters=2 objFirst=145194557.963714 objLast=175015262.631871 objGain=29820704.668157 maxRC=59234940.451707 wallSec=0.018673 pricingSec=0.012928 cplexSolveSec=0.003378
    [CG] CG iter 4: obj=173638308.396588, maxRC=2541062.659503, +7 cols
    [CG]   [DIAG] iter=4 posCols=7 newCols=7 effImprove=7 updated=0
    [CG] CG iter 2: obj=161791807.823526, maxRC=10623266.004852, +16 cols
      [BB] 根节点即为整数解，obj=175015262.631871
    [CG]   [DIAG] iter=2 posCols=16 newCols=16 effImprove=16 updated=0
    [CG] CG iter 5: obj=174873178.114997, maxRC=15403.169533, +1 cols
    [CG]   [DIAG] iter=5 posCols=1 newCols=1 effImprove=1 updated=0
    [CG] CG iter 3: obj=165768181.283180, maxRC=4662112.795293, +14 cols
    [CG] 列生成收敛，共 6 轮迭代
    [CG]   [DIAG] iter=3 posCols=14 newCols=14 effImprove=14 updated=0
    [CG] [CG-NODE] depth=0 exit=CERTIFIED certified=1 feasible=1 iters=6 generatedColsBeforeNode=0 newCols=63 posCandidates=63 duplicateCandidates=0 updatedCols=0 zeroObjImproveIters=1 objFirst=145059945.454100 objLast=174873178.114997 objGain=29813232.660897 maxRC=59203890.366738 wallSec=0.012392 pricingSec=0.008329 cplexSolveSec=0.002308
      [BB] 根节点即为整数解，obj=174873178.114997
    [CG] CG iter 4: obj=174372232.204195, maxRC=2360634.080495, +7 cols
    [CG]   [DIAG] iter=4 posCols=7 newCols=7 effImprove=7 updated=0
    [CG] CG iter 5: obj=175696652.785747, maxRC=375401.449257, +2 cols
    [CG]   [DIAG] iter=5 posCols=2 newCols=2 effImprove=2 updated=0
    [CG] 列生成收敛，共 6 轮迭代
    [CG] [CG-NODE] depth=0 exit=CERTIFIED certified=1 feasible=1 iters=6 generatedColsBeforeNode=0 newCols=62 posCandidates=62 duplicateCandidates=0 updatedCols=0 zeroObjImproveIters=1 objFirst=145569001.117489 objLast=175696652.785747 objGain=30127651.668258 maxRC=59506833.680185 wallSec=0.016515 pricingSec=0.011503 cplexSolveSec=0.002703
      [BB] 根节点即为整数解，obj=175696652.785747
[GA] 代数 2: Best=175883804.52, Avg=175377474.66, Worst=174542468.27, Valid=30/30, 耗时=0.05s (连续2代未提升)
  ├─ 求解: 30 个体 fork 并行 | CG迭代=146 加列=1490 BB分支=0
  ├─ 并行墙钟=0.0522s | 串行等效(ΣBP)=0.3528s | 加速比=6.76x
  ├─ 管理开销=-0.3006s (fork=0.0029 wait=0.0489 merge=0.0002)
  └─ CG明细: gen_logs/run_gen2_ind{0..29}.log
    [CG] 列生成开始，初始列数=128
    [CG] 列生成开始，初始列数=128
    [CG] 列生成开始，初始列数=128
    [CG] 列生成开始，初始列数=128
    [CG] 列生成开始，初始列数=128
    [CG] 列生成开始，初始列数=128
    [CG] 列生成开始，初始列数=128
    [CG] 列生成开始，初始列数=128
    [CG] CG iter 1: obj=145242919.157100, maxRC=59362111.109457, +23 cols
    [CG]   [DIAG] iter=1 posCols=23 newCols=23 effImprove=23 updated=0
    [CG] CG iter 2: obj=161284331.296849, maxRC=10528253.782644, +16 cols
    [CG]   [DIAG] iter=2 posCols=16 newCols=16 effImprove=16 updated=0
    [CG] CG iter 1: obj=145994882.897639, maxRC=59519550.350332, +23 cols
    [CG]   [DIAG] iter=1 posCols=23 newCols=23 effImprove=23 updated=0
    [CG] CG iter 3: obj=165490702.143619, maxRC=5114612.002060, +15 cols
    [CG]   [DIAG] iter=3 posCols=15 newCols=15 effImprove=15 updated=0
    [CG] CG iter 1: obj=145938784.002562, maxRC=59519841.930057, +23 cols
    [CG] CG iter 1: obj=145935575.122902, maxRC=59513786.873314, +23 cols
    [CG]   [DIAG] iter=1 posCols=23 newCols=23 effImprove=23 updated=0
    [CG]   [DIAG] iter=1 posCols=23 newCols=23 effImprove=23 updated=0
    [CG] CG iter 4: obj=175096104.508769, maxRC=2670285.605566, +6 cols
    [CG]   [DIAG] iter=4 posCols=6 newCols=6 effImprove=6 updated=0
    [CG] CG iter 2: obj=161857200.419315, maxRC=10623249.857382, +16 cols
    [CG]   [DIAG] iter=2 posCols=16 newCols=16 effImprove=16 updated=0
    [CG] CG iter 1: obj=145383232.300208, maxRC=59306875.322983, +23 cols
    [CG]   [DIAG] iter=1 posCols=23 newCols=23 effImprove=23 updated=0
    [CG] CG iter 5: obj=175194634.592739, maxRC=908497.630296, +1 cols
    [CG]   [DIAG] iter=5 posCols=1 newCols=1 effImprove=1 updated=0
    [CG] CG iter 2: obj=161888146.010778, maxRC=10623300.567101, +16 cols
    [CG]   [DIAG] iter=2 posCols=16 newCols=16 effImprove=16 updated=0
    [CG] CG iter 2: obj=161808937.815284, maxRC=10623494.814960, +16 cols
    [CG]   [DIAG] iter=2 posCols=16 newCols=16 effImprove=16 updated=0
    [CG] 列生成收敛，共 6 轮迭代
    [CG] [CG-NODE] depth=0 exit=CERTIFIED certified=1 feasible=1 iters=6 generatedColsBeforeNode=0 newCols=61 posCandidates=61 duplicateCandidates=0 updatedCols=0 zeroObjImproveIters=1 objFirst=145242919.157100 objLast=175194634.592739 objGain=29951715.435639 maxRC=59362111.109457 wallSec=0.009877 pricingSec=0.006717 cplexSolveSec=0.001849
    [CG] CG iter 3: obj=165879813.543148, maxRC=4667305.077091, +14 cols
    [CG]   [DIAG] iter=3 posCols=14 newCols=14 effImprove=14 updated=0
      [BB] 根节点即为整数解，obj=175194634.592739
    [CG] CG iter 1: obj=145006601.649943, maxRC=58951523.782004, +23 cols
    [CG] CG iter 1: obj=145401166.790625, maxRC=59514097.723719, +23 cols
    [CG]   [DIAG] iter=1 posCols=23 newCols=23 effImprove=23 updated=0
    [CG]   [DIAG] iter=1 posCols=23 newCols=23 effImprove=23 updated=0
    [CG] CG iter 2: obj=161142315.845753, maxRC=9360459.908755, +17 cols
    [CG] CG iter 3: obj=165912402.525133, maxRC=4679872.669900, +14 cols
    [CG]   [DIAG] iter=2 posCols=17 newCols=17 effImprove=17 updated=0
    [CG]   [DIAG] iter=3 posCols=14 newCols=14 effImprove=14 updated=0
    [CG] CG iter 4: obj=174493119.054707, maxRC=2360841.822335, +8 cols
    [CG]   [DIAG] iter=4 posCols=8 newCols=8 effImprove=8 updated=0
    [CG] CG iter 3: obj=166115263.130572, maxRC=5118128.238817, +15 cols
    [CG]   [DIAG] iter=3 posCols=15 newCols=15 effImprove=15 updated=0
    [CG] CG iter 5: obj=175803395.414484, maxRC=329089.017528, +2 cols
    [CG]   [DIAG] iter=5 posCols=2 newCols=2 effImprove=2 updated=0
    [CG] CG iter 4: obj=174539095.122103, maxRC=2360557.280068, +8 cols
    [CG]   [DIAG] iter=4 posCols=8 newCols=8 effImprove=8 updated=0
    [CG] CG iter 3: obj=175022577.362614, maxRC=4275661.224702, +8 cols
    [CG]   [DIAG] iter=3 posCols=8 newCols=8 effImprove=8 updated=0
    [CG] CG iter 2: obj=160662770.203346, maxRC=9178357.000545, +17 cols
    [CG]   [DIAG] iter=2 posCols=17 newCols=17 effImprove=17 updated=0
    [CG] 列生成收敛，共 6 轮迭代
    [CG] [CG-NODE] depth=0 exit=CERTIFIED certified=1 feasible=1 iters=6 generatedColsBeforeNode=0 newCols=63 posCandidates=63 duplicateCandidates=0 updatedCols=0 zeroObjImproveIters=1 objFirst=145994882.897639 objLast=175803395.414484 objGain=29808512.516845 maxRC=59519550.350332 wallSec=0.011051 pricingSec=0.007484 cplexSolveSec=0.001967
    [CG] CG iter 4: obj=175719572.053136, maxRC=2671769.720189, +6 cols
    [CG]   [DIAG] iter=4 posCols=6 newCols=6 effImprove=6 updated=0
    [CG] CG iter 5: obj=175853993.703217, maxRC=336753.722206, +2 cols
    [CG]   [DIAG] iter=5 posCols=2 newCols=2 effImprove=2 updated=0
      [BB] 根节点即为整数解，obj=175803395.414484
    [CG] CG iter 2: obj=161504557.152796, maxRC=10757884.680227, +17 cols
    [CG]   [DIAG] iter=2 posCols=17 newCols=17 effImprove=17 updated=0
    [CG] CG iter 4: obj=175022577.362614, maxRC=1206929.045072, +5 cols
    [CG] 列生成开始，初始列数=128
    [CG]   [DIAG] iter=4 posCols=5 newCols=5 effImprove=5 updated=0
    [CG] 列生成收敛，共 6 轮迭代
    [CG] [CG-NODE] depth=0 exit=CERTIFIED certified=1 feasible=1 iters=6 generatedColsBeforeNode=0 newCols=63 posCandidates=63 duplicateCandidates=0 updatedCols=0 zeroObjImproveIters=1 objFirst=145935575.122902 objLast=175853993.703217 objGain=29918418.580316 maxRC=59513786.873314 wallSec=0.011714 pricingSec=0.007696 cplexSolveSec=0.002220
    [CG] CG iter 5: obj=175774659.830258, maxRC=942712.280456, +1 cols
    [CG]   [DIAG] iter=5 posCols=1 newCols=1 effImprove=1 updated=0
      [BB] 根节点即为整数解，obj=175853993.703217
    [CG] CG iter 3: obj=170900484.339155, maxRC=5753185.437755, +11 cols
    [CG]   [DIAG] iter=3 posCols=11 newCols=11 effImprove=11 updated=0
    [CG] 列生成收敛，共 6 轮迭代
    [CG] [CG-NODE] depth=0 exit=CERTIFIED certified=1 feasible=1 iters=6 generatedColsBeforeNode=0 newCols=61 posCandidates=61 duplicateCandidates=0 updatedCols=0 zeroObjImproveIters=1 objFirst=145938784.002562 objLast=175774659.830258 objGain=29835875.827696 maxRC=59519841.930057 wallSec=0.012790 pricingSec=0.008845 cplexSolveSec=0.002333
    [CG] 列生成收敛，共 5 轮迭代
    [CG] [CG-NODE] depth=0 exit=CERTIFIED certified=1 feasible=1 iters=5 generatedColsBeforeNode=0 newCols=53 posCandidates=53 duplicateCandidates=0 updatedCols=0 zeroObjImproveIters=1 objFirst=145383232.300208 objLast=175061832.963389 objGain=29678600.663181 maxRC=59306875.322983 wallSec=0.012752 pricingSec=0.008851 cplexSolveSec=0.002094
    [CG] CG iter 3: obj=168512644.662736, maxRC=6105320.413070, +12 cols
      [BB] 根节点即为整数解，obj=175774659.830258
    [CG]   [DIAG] iter=3 posCols=12 newCols=12 effImprove=12 updated=0
    [CG] CG iter 1: obj=145953079.953318, maxRC=59519752.128890, +23 cols
      [BB] 根节点即为整数解，obj=175061832.963389
    [CG]   [DIAG] iter=1 posCols=23 newCols=23 effImprove=23 updated=0
    [CG] CG iter 4: obj=173504975.521951, maxRC=1428722.008808, +6 cols
    [CG]   [DIAG] iter=4 posCols=6 newCols=6 effImprove=6 updated=0
    [CG] CG iter 4: obj=175313736.511623, maxRC=1139594.428805, +3 cols
    [CG]   [DIAG] iter=4 posCols=3 newCols=3 effImprove=3 updated=0
    [CG] 列生成收敛，共 5 轮迭代
    [CG] [CG-NODE] depth=0 exit=CERTIFIED certified=1 feasible=1 iters=5 generatedColsBeforeNode=0 newCols=57 posCandidates=57 duplicateCandidates=0 updatedCols=0 zeroObjImproveIters=0 objFirst=145006601.649943 objLast=174769679.715074 objGain=29763078.065132 maxRC=58951523.782004 wallSec=0.012970 pricingSec=0.009049 cplexSolveSec=0.002148
    [CG] 列生成收敛，共 5 轮迭代
      [BB] 根节点即为整数解，obj=174769679.715074
    [CG] [CG-NODE] depth=0 exit=CERTIFIED certified=1 feasible=1 iters=5 generatedColsBeforeNode=0 newCols=55 posCandidates=55 duplicateCandidates=0 updatedCols=0 zeroObjImproveIters=1 objFirst=145401166.790625 objLast=175313736.511623 objGain=29912569.720998 maxRC=59514097.723719 wallSec=0.013114 pricingSec=0.009414 cplexSolveSec=0.002089
      [BB] 根节点即为整数解，obj=175313736.511623
    [CG] 列生成开始，初始列数=128
    [CG] CG iter 2: obj=161889106.568182, maxRC=10623485.371715, +16 cols
    [CG]   [DIAG] iter=2 posCols=16 newCols=16 effImprove=16 updated=0
    [CG] 列生成开始，初始列数=128
    [CG] 列生成开始，初始列数=128
    [CG] 列生成开始，初始列数=128
    [CG] CG iter 3: obj=165913374.599378, maxRC=4679779.578765, +14 cols
    [CG]   [DIAG] iter=3 posCols=14 newCols=14 effImprove=14 updated=0
    [CG] CG iter 4: obj=174540105.993442, maxRC=2360557.280068, +8 cols
    [CG]   [DIAG] iter=4 posCols=8 newCols=8 effImprove=8 updated=0
    [CG] 列生成开始，初始列数=128
    [CG] CG iter 5: obj=175854907.778942, maxRC=336753.722206, +2 cols
    [CG]   [DIAG] iter=5 posCols=2 newCols=2 effImprove=2 updated=0
    [CG] 列生成开始，初始列数=128
    [CG] 列生成收敛，共 6 轮迭代
    [CG] [CG-NODE] depth=0 exit=CERTIFIED certified=1 feasible=1 iters=6 generatedColsBeforeNode=0 newCols=63 posCandidates=63 duplicateCandidates=0 updatedCols=0 zeroObjImproveIters=1 objFirst=145953079.953318 objLast=175854907.778942 objGain=29901827.825624 maxRC=59519752.128890 wallSec=0.017080 pricingSec=0.012119 cplexSolveSec=0.002731
      [BB] 根节点即为整数解，obj=175854907.778942
    [CG] CG iter 1: obj=145108369.043826, maxRC=59503358.499458, +23 cols
    [CG] CG iter 1: obj=145205801.600477, maxRC=59209178.100498, +23 cols
    [CG]   [DIAG] iter=1 posCols=23 newCols=23 effImprove=23 updated=0
    [CG]   [DIAG] iter=1 posCols=23 newCols=23 effImprove=23 updated=0
    [CG] 列生成开始，初始列数=128
    [CG] CG iter 2: obj=161374407.291214, maxRC=10807395.826637, +16 cols
    [CG]   [DIAG] iter=2 posCols=16 newCols=16 effImprove=16 updated=0
    [CG] CG iter 2: obj=161151312.005849, maxRC=9316771.877210, +17 cols
    [CG]   [DIAG] iter=2 posCols=17 newCols=17 effImprove=17 updated=0
    [CG] CG iter 3: obj=165441431.849981, maxRC=5059713.754273, +16 cols
    [CG]   [DIAG] iter=3 posCols=16 newCols=16 effImprove=16 updated=0
    [CG] CG iter 3: obj=171350076.534332, maxRC=9791588.173832, +15 cols
    [CG]   [DIAG] iter=3 posCols=15 newCols=15 effImprove=15 updated=0
    [CG] CG iter 4: obj=175045440.241466, maxRC=140066.104127, +4 cols
    [CG]   [DIAG] iter=4 posCols=4 newCols=4 effImprove=4 updated=0
    [CG] CG iter 4: obj=173807565.340505, maxRC=3721211.498099, +8 cols
    [CG]   [DIAG] iter=4 posCols=8 newCols=8 effImprove=8 updated=0
    [CG] 列生成收敛，共 5 轮迭代
    [CG] [CG-NODE] depth=0 exit=CERTIFIED certified=1 feasible=1 iters=5 generatedColsBeforeNode=0 newCols=59 posCandidates=59 duplicateCandidates=0 updatedCols=0 zeroObjImproveIters=1 objFirst=145108369.043826 objLast=175045440.241466 objGain=29937071.197639 maxRC=59503358.499458 wallSec=0.007003 pricingSec=0.004717 cplexSolveSec=0.001226
    [CG] CG iter 1: obj=145797563.412143, maxRC=59404544.406511, +23 cols
      [BB] 根节点即为整数解，obj=175045440.241466
    [CG]   [DIAG] iter=1 posCols=23 newCols=23 effImprove=23 updated=0
    [CG] CG iter 5: obj=173807565.340505, maxRC=1182556.099987, +2 cols
    [CG]   [DIAG] iter=5 posCols=2 newCols=2 effImprove=2 updated=0
    [CG] CG iter 1: obj=146027644.388281, maxRC=59519403.483036, +23 cols
    [CG] CG iter 6: obj=174990121.440491, maxRC=1091354.524516, +4 cols
    [CG]   [DIAG] iter=6 posCols=4 newCols=4 effImprove=4 updated=0
    [CG]   [DIAG] iter=1 posCols=23 newCols=23 effImprove=23 updated=0
    [CG] CG iter 2: obj=161602459.228038, maxRC=9415954.290160, +17 cols
    [CG]   [DIAG] iter=2 posCols=17 newCols=17 effImprove=17 updated=0
    [CG] 列生成收敛，共 7 轮迭代
    [CG] [CG-NODE] depth=0 exit=CERTIFIED certified=1 feasible=1 iters=7 generatedColsBeforeNode=0 newCols=69 posCandidates=69 duplicateCandidates=0 updatedCols=0 zeroObjImproveIters=2 objFirst=145205801.600477 objLast=174990121.440491 objGain=29784319.840014 maxRC=59209178.100498 wallSec=0.008434 pricingSec=0.005669 cplexSolveSec=0.001573
      [BB] 根节点即为整数解，obj=174990121.440491
    [CG] 列生成开始，初始列数=128
    [CG] CG iter 3: obj=171893054.836589, maxRC=9706140.042859, +15 cols
    [CG]   [DIAG] iter=3 posCols=15 newCols=15 effImprove=15 updated=0
    [CG] CG iter 2: obj=161889106.050826, maxRC=10623485.371715, +16 cols
    [CG]   [DIAG] iter=2 posCols=16 newCols=16 effImprove=16 updated=0
    [CG] CG iter 4: obj=174410365.996950, maxRC=5073346.678867, +12 cols
    [CG]   [DIAG] iter=4 posCols=12 newCols=12 effImprove=12 updated=0
    [CG] CG iter 5: obj=174410365.996950, maxRC=1171048.623449, +5 cols
    [CG]   [DIAG] iter=5 posCols=5 newCols=5 effImprove=5 updated=0
    [CG] CG iter 3: obj=165913374.281278, maxRC=4679779.578765, +14 cols
    [CG]   [DIAG] iter=3 posCols=14 newCols=14 effImprove=14 updated=0
    [CG] CG iter 6: obj=175581414.620400, maxRC=1044286.079915, +3 cols
    [CG]   [DIAG] iter=6 posCols=3 newCols=3 effImprove=3 updated=0
    [CG] 列生成开始，初始列数=128
    [CG] CG iter 1: obj=145067275.159856, maxRC=59484761.143223, +23 cols
    [CG] CG iter 1: obj=145300654.743611, maxRC=59382471.869549, +23 cols
    [CG] 列生成收敛，共 7 轮迭代
    [CG] [CG-NODE] depth=0 exit=CERTIFIED certified=1 feasible=1 iters=7 generatedColsBeforeNode=0 newCols=75 posCandidates=75 duplicateCandidates=0 updatedCols=0 zeroObjImproveIters=2 objFirst=145797563.412143 objLast=175581414.620400 objGain=29783851.208257 maxRC=59404544.406511 wallSec=0.011316 pricingSec=0.008291 cplexSolveSec=0.001690
    [CG]   [DIAG] iter=1 posCols=23 newCols=23 effImprove=23 updated=0
    [CG]   [DIAG] iter=1 posCols=23 newCols=23 effImprove=23 updated=0
      [BB] 根节点即为整数解，obj=175581414.620400
    [CG] CG iter 4: obj=174540104.645383, maxRC=2360557.280068, +8 cols
    [CG]   [DIAG] iter=4 posCols=8 newCols=8 effImprove=8 updated=0
    [CG] CG iter 5: obj=175854907.261586, maxRC=336753.722206, +2 cols
    [CG]   [DIAG] iter=5 posCols=2 newCols=2 effImprove=2 updated=0
    [CG] CG iter 2: obj=161479855.206221, maxRC=10713327.300761, +16 cols
    [CG]   [DIAG] iter=2 posCols=16 newCols=16 effImprove=16 updated=0
    [CG] CG iter 2: obj=161663760.405957, maxRC=10779275.657619, +16 cols
    [CG] 列生成收敛，共 6 轮迭代
    [CG] [CG-NODE] depth=0 exit=CERTIFIED certified=1 feasible=1 iters=6 generatedColsBeforeNode=0 newCols=63 posCandidates=63 duplicateCandidates=0 updatedCols=0 zeroObjImproveIters=1 objFirst=146027644.388281 objLast=175854907.261586 objGain=29827262.873306 maxRC=59519403.483036 wallSec=0.014926 pricingSec=0.010652 cplexSolveSec=0.002470
    [CG]   [DIAG] iter=2 posCols=16 newCols=16 effImprove=16 updated=0
      [BB] 根节点即为整数解，obj=175854907.261586
    [CG] 列生成开始，初始列数=128
    [CG] CG iter 3: obj=164827638.249140, maxRC=5801537.826969, +15 cols
    [CG]   [DIAG] iter=3 posCols=15 newCols=15 effImprove=15 updated=0
    [CG] CG iter 4: obj=174134452.555611, maxRC=2609306.722199, +8 cols
    [CG]   [DIAG] iter=4 posCols=8 newCols=8 effImprove=8 updated=0
    [CG] CG iter 3: obj=164991817.735838, maxRC=5764550.653619, +15 cols
    [CG]   [DIAG] iter=3 posCols=15 newCols=15 effImprove=15 updated=0
    [CG] CG iter 5: obj=175416768.042523, maxRC=60419.602597, +1 cols
    [CG]   [DIAG] iter=5 posCols=1 newCols=1 effImprove=1 updated=0
    [CG] CG iter 1: obj=146032547.782056, maxRC=59519752.128890, +23 cols
    [CG] 列生成收敛，共 6 轮迭代
    [CG] [CG-NODE] depth=0 exit=CERTIFIED certified=1 feasible=1 iters=6 generatedColsBeforeNode=0 newCols=63 posCandidates=63 duplicateCandidates=0 updatedCols=0 zeroObjImproveIters=1 objFirst=145300654.743611 objLast=175416768.042523 objGain=30116113.298912 maxRC=59382471.869549 wallSec=0.009133 pricingSec=0.006134 cplexSolveSec=0.001701
    [CG] CG iter 4: obj=174249660.840857, maxRC=2563044.150749, +8 cols
    [CG]   [DIAG] iter=4 posCols=8 newCols=8 effImprove=8 updated=0
      [BB] 根节点即为整数解，obj=175416768.042523
    [CG]   [DIAG] iter=1 posCols=23 newCols=23 effImprove=23 updated=0
    [CG] 列生成开始，初始列数=128
    [CG] CG iter 1: obj=145194710.566895, maxRC=59234940.451707, +23 cols
    [CG] CG iter 5: obj=175526562.812118, maxRC=4009.265680, +1 cols
    [CG]   [DIAG] iter=5 posCols=1 newCols=1 effImprove=1 updated=0
    [CG]   [DIAG] iter=1 posCols=23 newCols=23 effImprove=23 updated=0
    [CG] 列生成收敛，共 6 轮迭代
    [CG] [CG-NODE] depth=0 exit=CERTIFIED certified=1 feasible=1 iters=6 generatedColsBeforeNode=0 newCols=63 posCandidates=63 duplicateCandidates=0 updatedCols=0 zeroObjImproveIters=1 objFirst=145067275.159856 objLast=175526562.812118 objGain=30459287.652262 maxRC=59484761.143223 wallSec=0.016340 pricingSec=0.011100 cplexSolveSec=0.002843
    [CG] CG iter 1: obj=145956872.594319, maxRC=59519752.128890, +23 cols
    [CG]   [DIAG] iter=1 posCols=23 newCols=23 effImprove=23 updated=0
      [BB] 根节点即为整数解，obj=175526562.812118
    [CG] CG iter 2: obj=161888462.411570, maxRC=10623461.803284, +16 cols
    [CG] 列生成开始，初始列数=128
    [CG]   [DIAG] iter=2 posCols=16 newCols=16 effImprove=16 updated=0
    [CG] CG iter 1: obj=145376395.027310, maxRC=59168402.929172, +23 cols
    [CG]   [DIAG] iter=1 posCols=23 newCols=23 effImprove=23 updated=0
    [CG] CG iter 2: obj=161883526.039956, maxRC=10623485.371715, +16 cols
    [CG] CG iter 2: obj=161196437.812951, maxRC=9330319.233159, +17 cols
    [CG]   [DIAG] iter=2 posCols=16 newCols=16 effImprove=16 updated=0
    [CG] CG iter 2: obj=160964700.706407, maxRC=9289927.664621, +17 cols
    [CG]   [DIAG] iter=2 posCols=17 newCols=17 effImprove=17 updated=0
    [CG]   [DIAG] iter=2 posCols=17 newCols=17 effImprove=17 updated=0
    [CG] CG iter 3: obj=171299084.110310, maxRC=9606525.486420, +16 cols
    [CG]   [DIAG] iter=3 posCols=16 newCols=16 effImprove=16 updated=0
    [CG] CG iter 3: obj=165912735.868725, maxRC=4679779.578765, +14 cols
    [CG] CG iter 3: obj=165907831.653253, maxRC=4679779.578765, +14 cols
    [CG] 列生成开始，初始列数=128
    [CG]   [DIAG] iter=3 posCols=14 newCols=14 effImprove=14 updated=0
    [CG]   [DIAG] iter=3 posCols=14 newCols=14 effImprove=14 updated=0
    [CG] CG iter 4: obj=173764391.984467, maxRC=3724430.915490, +7 cols
    [CG]   [DIAG] iter=4 posCols=7 newCols=7 effImprove=7 updated=0
    [CG] CG iter 1: obj=145465983.138069, maxRC=59501708.774795, +23 cols
    [CG]   [DIAG] iter=1 posCols=23 newCols=23 effImprove=23 updated=0
    [CG] CG iter 5: obj=173764391.984467, maxRC=1230389.331557, +2 cols
    [CG]   [DIAG] iter=5 posCols=2 newCols=2 effImprove=2 updated=0
    [CG] CG iter 4: obj=174533526.534606, maxRC=2360557.280068, +8 cols
    [CG]   [DIAG] iter=4 posCols=8 newCols=8 effImprove=8 updated=0
    [CG] CG iter 6: obj=174994781.316025, maxRC=1166610.894330, +4 cols
    [CG]   [DIAG] iter=6 posCols=4 newCols=4 effImprove=4 updated=0
    [CG] CG iter 4: obj=174539423.392984, maxRC=2360557.280068, +8 cols
    [CG] CG iter 3: obj=171350830.124905, maxRC=9821189.440134, +15 cols
    [CG]   [DIAG] iter=4 posCols=8 newCols=8 effImprove=8 updated=0
    [CG]   [DIAG] iter=3 posCols=15 newCols=15 effImprove=15 updated=0
    [CG] CG iter 5: obj=175849327.250716, maxRC=336753.722206, +2 cols
    [CG]   [DIAG] iter=5 posCols=2 newCols=2 effImprove=2 updated=0
    [CG] 列生成收敛，共 7 轮迭代
    [CG] [CG-NODE] depth=0 exit=CERTIFIED certified=1 feasible=1 iters=7 generatedColsBeforeNode=0 newCols=69 posCandidates=69 duplicateCandidates=0 updatedCols=0 zeroObjImproveIters=2 objFirst=145376395.027310 objLast=174994781.316025 objGain=29618386.288715 maxRC=59168402.929172 wallSec=0.007238 pricingSec=0.004778 cplexSolveSec=0.001380
      [BB] 根节点即为整数解，obj=174994781.316025
    [CG] CG iter 2: obj=161645843.726259, maxRC=10626541.506701, +16 cols
    [CG]   [DIAG] iter=2 posCols=16 newCols=16 effImprove=16 updated=0
    [CG] 列生成收敛，共 6 轮迭代
    [CG] [CG-NODE] depth=0 exit=CERTIFIED certified=1 feasible=1 iters=6 generatedColsBeforeNode=0 newCols=63 posCandidates=63 duplicateCandidates=0 updatedCols=0 zeroObjImproveIters=1 objFirst=145956872.594319 objLast=175849327.250716 objGain=29892454.656396 maxRC=59519752.128890 wallSec=0.011235 pricingSec=0.007660 cplexSolveSec=0.002164
    [CG] CG iter 5: obj=175854274.014269, maxRC=336753.722206, +2 cols
      [BB] 根节点即为整数解，obj=175849327.250716
    [CG]   [DIAG] iter=5 posCols=2 newCols=2 effImprove=2 updated=0
    [CG] CG iter 4: obj=173839622.929174, maxRC=3725337.417287, +7 cols
    [CG]   [DIAG] iter=4 posCols=7 newCols=7 effImprove=7 updated=0
    [CG] CG iter 3: obj=165900948.580814, maxRC=5114970.352755, +14 cols
    [CG]   [DIAG] iter=3 posCols=14 newCols=14 effImprove=14 updated=0
    [CG] 列生成收敛，共 6 轮迭代
    [CG] [CG-NODE] depth=0 exit=CERTIFIED certified=1 feasible=1 iters=6 generatedColsBeforeNode=0 newCols=63 posCandidates=63 duplicateCandidates=0 updatedCols=0 zeroObjImproveIters=1 objFirst=146032547.782056 objLast=175854274.014270 objGain=29821726.232213 maxRC=59519752.128890 wallSec=0.018790 pricingSec=0.012677 cplexSolveSec=0.003532
      [BB] 根节点即为整数解，obj=175854274.014270
    [CG] CG iter 4: obj=175495152.136828, maxRC=2670435.681357, +6 cols
    [CG]   [DIAG] iter=4 posCols=6 newCols=6 effImprove=6 updated=0
    [CG] CG iter 5: obj=173839622.929174, maxRC=1175834.841931, +2 cols
    [CG]   [DIAG] iter=5 posCols=2 newCols=2 effImprove=2 updated=0
    [CG] CG iter 5: obj=175530091.591823, maxRC=925305.671876, +1 cols
    [CG]   [DIAG] iter=5 posCols=1 newCols=1 effImprove=1 updated=0
    [CG] 列生成收敛，共 6 轮迭代
    [CG] [CG-NODE] depth=0 exit=CERTIFIED certified=1 feasible=1 iters=6 generatedColsBeforeNode=0 newCols=60 posCandidates=60 duplicateCandidates=0 updatedCols=0 zeroObjImproveIters=1 objFirst=145465983.138069 objLast=175530091.591823 objGain=30064108.453754 maxRC=59501708.774795 wallSec=0.011813 pricingSec=0.008142 cplexSolveSec=0.002043
    [CG] CG iter 6: obj=175015457.771105, maxRC=1079102.027931, +4 cols
      [BB] 根节点即为整数解，obj=175530091.591823
    [CG]   [DIAG] iter=6 posCols=4 newCols=4 effImprove=4 updated=0
    [CG] CG iter 1: obj=145123411.922326, maxRC=59293173.201730, +23 cols
    [CG]   [DIAG] iter=1 posCols=23 newCols=23 effImprove=23 updated=0
    [CG] 列生成收敛，共 7 轮迭代
    [CG] [CG-NODE] depth=0 exit=CERTIFIED certified=1 feasible=1 iters=7 generatedColsBeforeNode=0 newCols=68 posCandidates=68 duplicateCandidates=0 updatedCols=0 zeroObjImproveIters=2 objFirst=145194710.566895 objLast=175015457.771105 objGain=29820747.204210 maxRC=59234940.451707 wallSec=0.020836 pricingSec=0.014303 cplexSolveSec=0.003693
      [BB] 根节点即为整数解，obj=175015457.771105
    [CG] CG iter 1: obj=145440778.515658, maxRC=59362111.109457, +23 cols
    [CG] CG iter 2: obj=161269772.689074, maxRC=9361182.853378, +17 cols
    [CG]   [DIAG] iter=1 posCols=23 newCols=23 effImprove=23 updated=0
    [CG]   [DIAG] iter=2 posCols=17 newCols=17 effImprove=17 updated=0
    [CG] CG iter 1: obj=145518131.159737, maxRC=59392011.165587, +23 cols
    [CG]   [DIAG] iter=1 posCols=23 newCols=23 effImprove=23 updated=0
    [CG] CG iter 3: obj=171313724.288019, maxRC=9794786.669659, +15 cols
    [CG]   [DIAG] iter=3 posCols=15 newCols=15 effImprove=15 updated=0
    [CG] CG iter 2: obj=161288939.597024, maxRC=9393436.174498, +17 cols
    [CG]   [DIAG] iter=2 posCols=17 newCols=17 effImprove=17 updated=0
    [CG] CG iter 2: obj=161438884.064326, maxRC=9406447.257123, +17 cols
    [CG]   [DIAG] iter=2 posCols=17 newCols=17 effImprove=17 updated=0
    [CG] CG iter 4: obj=173772785.134349, maxRC=3740796.637537, +8 cols
    [CG]   [DIAG] iter=4 posCols=8 newCols=8 effImprove=8 updated=0
    [CG] CG iter 3: obj=175206471.023057, maxRC=4351202.758091, +8 cols
    [CG]   [DIAG] iter=3 posCols=8 newCols=8 effImprove=8 updated=0
    [CG] CG iter 3: obj=171590150.279035, maxRC=9694903.096736, +16 cols
    [CG]   [DIAG] iter=3 posCols=16 newCols=16 effImprove=16 updated=0
    [CG] CG iter 5: obj=173772785.134349, maxRC=1164931.191455, +2 cols
    [CG]   [DIAG] iter=5 posCols=2 newCols=2 effImprove=2 updated=0
    [CG] CG iter 4: obj=174115892.490597, maxRC=3750629.149368, +7 cols
    [CG]   [DIAG] iter=4 posCols=7 newCols=7 effImprove=7 updated=0
    [CG] CG iter 6: obj=174937716.325804, maxRC=1053480.472355, +4 cols
    [CG]   [DIAG] iter=6 posCols=4 newCols=4 effImprove=4 updated=0
    [CG] CG iter 4: obj=175206471.023057, maxRC=1184372.042446, +5 cols
    [CG]   [DIAG] iter=4 posCols=5 newCols=5 effImprove=5 updated=0
    [CG] CG iter 5: obj=174115892.490597, maxRC=1191687.165985, +2 cols
    [CG]   [DIAG] iter=5 posCols=2 newCols=2 effImprove=2 updated=0
    [CG] 列生成收敛，共 7 轮迭代
    [CG] [CG-NODE] depth=0 exit=CERTIFIED certified=1 feasible=1 iters=7 generatedColsBeforeNode=0 newCols=69 posCandidates=69 duplicateCandidates=0 updatedCols=0 zeroObjImproveIters=2 objFirst=145123411.922326 objLast=174937716.325804 objGain=29814304.403477 maxRC=59293173.201730 wallSec=0.011983 pricingSec=0.008156 cplexSolveSec=0.002301
      [BB] 根节点即为整数解，obj=174937716.325804
    [CG] 列生成收敛，共 5 轮迭代
    [CG] [CG-NODE] depth=0 exit=CERTIFIED certified=1 feasible=1 iters=5 generatedColsBeforeNode=0 newCols=53 posCandidates=53 duplicateCandidates=0 updatedCols=0 zeroObjImproveIters=1 objFirst=145440778.515658 objLast=175304386.461376 objGain=29863607.945718 maxRC=59362111.109457 wallSec=0.014036 pricingSec=0.009570 cplexSolveSec=0.002596
    [CG] CG iter 6: obj=175307579.656582, maxRC=1057219.028988, +4 cols
    [CG]   [DIAG] iter=6 posCols=4 newCols=4 effImprove=4 updated=0
      [BB] 根节点即为整数解，obj=175304386.461376
    [CG] 列生成收敛，共 7 轮迭代
    [CG] [CG-NODE] depth=0 exit=CERTIFIED certified=1 feasible=1 iters=7 generatedColsBeforeNode=0 newCols=69 posCandidates=69 duplicateCandidates=0 updatedCols=0 zeroObjImproveIters=2 objFirst=145518131.159737 objLast=175307579.656582 objGain=29789448.496846 maxRC=59392011.165587 wallSec=0.011620 pricingSec=0.007879 cplexSolveSec=0.002162
      [BB] 根节点即为整数解，obj=175307579.656582
[GA] 代数 3: Best=175883804.52, Avg=175478098.33, Worst=174798565.40, Valid=30/30, 耗时=0.04s (连续3代未提升)
  ├─ 求解: 30 个体 fork 并行 | CG迭代=133 加列=1382 BB分支=0
  ├─ 并行墙钟=0.0437s | 串行等效(ΣBP)=0.2806s | 加速比=6.43x
  ├─ 管理开销=-0.2369s (fork=0.0032 wait=0.0402 merge=0.0002)
  └─ CG明细: gen_logs/run_gen3_ind{0..29}.log
    [CG] 列生成开始，初始列数=128
    [CG] 列生成开始，初始列数=128
    [CG] 列生成开始，初始列数=128
    [CG] 列生成开始，初始列数=128
    [CG] 列生成开始，初始列数=128
    [CG] 列生成开始，初始列数=128
    [CG] 列生成开始，初始列数=128
    [CG] 列生成开始，初始列数=128
    [CG] CG iter 1: obj=145370279.769399, maxRC=59378388.718047, +23 cols
    [CG]   [DIAG] iter=1 posCols=23 newCols=23 effImprove=23 updated=0
    [CG] CG iter 2: obj=161546635.708130, maxRC=10710694.945306, +16 cols
    [CG]   [DIAG] iter=2 posCols=16 newCols=16 effImprove=16 updated=0
    [CG] CG iter 3: obj=164894535.298984, maxRC=5799083.594193, +15 cols
    [CG]   [DIAG] iter=3 posCols=15 newCols=15 effImprove=15 updated=0
    [CG] CG iter 4: obj=174217704.420238, maxRC=2624153.999898, +8 cols
    [CG]   [DIAG] iter=4 posCols=8 newCols=8 effImprove=8 updated=0
    [CG] CG iter 5: obj=175481859.674762, maxRC=58906.228311, +1 cols
    [CG]   [DIAG] iter=5 posCols=1 newCols=1 effImprove=1 updated=0
    [CG] 列生成收敛，共 6 轮迭代
    [CG] [CG-NODE] depth=0 exit=CERTIFIED certified=1 feasible=1 iters=6 generatedColsBeforeNode=0 newCols=63 posCandidates=63 duplicateCandidates=0 updatedCols=0 zeroObjImproveIters=1 objFirst=145370279.769399 objLast=175481859.674762 objGain=30111579.905363 maxRC=59378388.718047 wallSec=0.007676 pricingSec=0.004804 cplexSolveSec=0.001509
      [BB] 根节点即为整数解，obj=175481859.674762
    [CG] CG iter 1: obj=145852793.274526, maxRC=59519841.930057, +23 cols
    [CG]   [DIAG] iter=1 posCols=23 newCols=23 effImprove=23 updated=0
    [CG] CG iter 1: obj=146031937.605963, maxRC=59519752.128890, +23 cols
    [CG]   [DIAG] iter=1 posCols=23 newCols=23 effImprove=23 updated=0
    [CG] 列生成开始，初始列数=128
    [CG] CG iter 1: obj=145845103.256168, maxRC=59519841.930057, +23 cols
    [CG]   [DIAG] iter=1 posCols=23 newCols=23 effImprove=23 updated=0
    [CG] CG iter 2: obj=161722947.087248, maxRC=10623494.814960, +16 cols
    [CG]   [DIAG] iter=2 posCols=16 newCols=16 effImprove=16 updated=0
    [CG] CG iter 2: obj=161887989.350842, maxRC=10623485.371715, +16 cols
    [CG]   [DIAG] iter=2 posCols=16 newCols=16 effImprove=16 updated=0
    [CG] CG iter 1: obj=145815267.957143, maxRC=59519752.128890, +23 cols
    [CG] CG iter 3: obj=166029272.402536, maxRC=5118128.238817, +15 cols
    [CG]   [DIAG] iter=1 posCols=23 newCols=23 effImprove=23 updated=0
    [CG] CG iter 3: obj=165912265.797462, maxRC=4679779.578765, +14 cols
    [CG]   [DIAG] iter=3 posCols=15 newCols=15 effImprove=15 updated=0
    [CG] CG iter 2: obj=161800564.728340, maxRC=10623494.814960, +16 cols
    [CG]   [DIAG] iter=3 posCols=14 newCols=14 effImprove=14 updated=0
    [CG]   [DIAG] iter=2 posCols=16 newCols=16 effImprove=16 updated=0
    [CG] CG iter 1: obj=146032284.692418, maxRC=59519644.562382, +23 cols
    [CG] CG iter 4: obj=175633581.325099, maxRC=2671769.720189, +6 cols
    [CG]   [DIAG] iter=4 posCols=6 newCols=6 effImprove=6 updated=0
    [CG] CG iter 4: obj=174538785.429816, maxRC=2360557.280068, +8 cols
    [CG]   [DIAG] iter=4 posCols=8 newCols=8 effImprove=8 updated=0
    [CG]   [DIAG] iter=1 posCols=23 newCols=23 effImprove=23 updated=0
    [CG] CG iter 5: obj=175688669.102222, maxRC=942712.280456, +1 cols
    [CG] CG iter 1: obj=145938795.780933, maxRC=59519842.294336, +23 cols
    [CG]   [DIAG] iter=5 posCols=1 newCols=1 effImprove=1 updated=0
    [CG] CG iter 3: obj=166106890.043628, maxRC=5118128.238817, +15 cols
    [CG] CG iter 5: obj=175853790.561602, maxRC=336753.722206, +2 cols
    [CG]   [DIAG] iter=5 posCols=2 newCols=2 effImprove=2 updated=0
    [CG] CG iter 2: obj=161741923.440720, maxRC=10623485.371715, +16 cols
    [CG]   [DIAG] iter=3 posCols=15 newCols=15 effImprove=15 updated=0
    [CG]   [DIAG] iter=2 posCols=16 newCols=16 effImprove=16 updated=0
    [CG]   [DIAG] iter=1 posCols=23 newCols=23 effImprove=23 updated=0
    [CG] 列生成收敛，共 6 轮迭代
    [CG] [CG-NODE] depth=0 exit=CERTIFIED certified=1 feasible=1 iters=6 generatedColsBeforeNode=0 newCols=61 posCandidates=61 duplicateCandidates=0 updatedCols=0 zeroObjImproveIters=1 objFirst=145852793.274526 objLast=175688669.102222 objGain=29835875.827696 maxRC=59519841.930057 wallSec=0.012284 pricingSec=0.008254 cplexSolveSec=0.002165
    [CG] 列生成收敛，共 6 轮迭代
    [CG] [CG-NODE] depth=0 exit=CERTIFIED certified=1 feasible=1 iters=6 generatedColsBeforeNode=0 newCols=63 posCandidates=63 duplicateCandidates=0 updatedCols=0 zeroObjImproveIters=1 objFirst=146031937.605963 objLast=175853790.561602 objGain=29821852.955639 maxRC=59519752.128890 wallSec=0.012410 pricingSec=0.008438 cplexSolveSec=0.002149
      [BB] 根节点即为整数解，obj=175688669.102222
      [BB] 根节点即为整数解，obj=175853790.561602
    [CG] CG iter 2: obj=161888120.790038, maxRC=10623300.567101, +16 cols
    [CG]   [DIAG] iter=2 posCols=16 newCols=16 effImprove=16 updated=0
    [CG] CG iter 4: obj=175711198.966192, maxRC=2671769.720189, +6 cols
    [CG]   [DIAG] iter=4 posCols=6 newCols=6 effImprove=6 updated=0
    [CG] CG iter 3: obj=165766228.374703, maxRC=4679799.442365, +14 cols
    [CG] CG iter 1: obj=145557902.818547, maxRC=59514191.386312, +23 cols
    [CG]   [DIAG] iter=3 posCols=14 newCols=14 effImprove=14 updated=0
    [CG] CG iter 5: obj=175766286.743314, maxRC=942712.280456, +1 cols
    [CG]   [DIAG] iter=5 posCols=1 newCols=1 effImprove=1 updated=0
    [CG]   [DIAG] iter=1 posCols=23 newCols=23 effImprove=23 updated=0
    [CG] CG iter 2: obj=161808937.815284, maxRC=10623494.814960, +16 cols
    [CG]   [DIAG] iter=2 posCols=16 newCols=16 effImprove=16 updated=0
    [CG] CG iter 3: obj=165912377.483466, maxRC=4679872.669900, +14 cols
    [CG]   [DIAG] iter=3 posCols=14 newCols=14 effImprove=14 updated=0
    [CG] 列生成收敛，共 6 轮迭代
    [CG] [CG-NODE] depth=0 exit=CERTIFIED certified=1 feasible=1 iters=6 generatedColsBeforeNode=0 newCols=61 posCandidates=61 duplicateCandidates=0 updatedCols=0 zeroObjImproveIters=1 objFirst=145845103.256168 objLast=175766286.743314 objGain=29921183.487146 maxRC=59519841.930057 wallSec=0.013675 pricingSec=0.009192 cplexSolveSec=0.002414
    [CG] CG iter 4: obj=174361253.221824, maxRC=2360557.557802, +8 cols
    [CG]   [DIAG] iter=4 posCols=8 newCols=8 effImprove=8 updated=0
      [BB] 根节点即为整数解，obj=175766286.743314
    [CG] CG iter 4: obj=174539065.352002, maxRC=2360557.280068, +8 cols
    [CG]   [DIAG] iter=4 posCols=8 newCols=8 effImprove=8 updated=0
    [CG] CG iter 5: obj=175707759.336629, maxRC=336763.251042, +2 cols
    [CG]   [DIAG] iter=5 posCols=2 newCols=2 effImprove=2 updated=0
    [CG] CG iter 3: obj=166115263.130572, maxRC=5118128.238817, +15 cols
    [CG] CG iter 2: obj=161648349.673502, maxRC=10624274.947278, +16 cols
    [CG]   [DIAG] iter=3 posCols=15 newCols=15 effImprove=15 updated=0
    [CG] 列生成开始，初始列数=128
    [CG] CG iter 5: obj=175853968.482477, maxRC=336753.722206, +2 cols
    [CG]   [DIAG] iter=5 posCols=2 newCols=2 effImprove=2 updated=0
    [CG]   [DIAG] iter=2 posCols=16 newCols=16 effImprove=16 updated=0
    [CG] 列生成收敛，共 6 轮迭代
    [CG] [CG-NODE] depth=0 exit=CERTIFIED certified=1 feasible=1 iters=6 generatedColsBeforeNode=0 newCols=63 posCandidates=63 duplicateCandidates=0 updatedCols=0 zeroObjImproveIters=1 objFirst=145815267.957143 objLast=175707759.336629 objGain=29892491.379486 maxRC=59519752.128890 wallSec=0.014679 pricingSec=0.009872 cplexSolveSec=0.002595
    [CG] 列生成开始，初始列数=128
      [BB] 根节点即为整数解，obj=175707759.336629
    [CG] 列生成收敛，共 6 轮迭代
    [CG] [CG-NODE] depth=0 exit=CERTIFIED certified=1 feasible=1 iters=6 generatedColsBeforeNode=0 newCols=63 posCandidates=63 duplicateCandidates=0 updatedCols=0 zeroObjImproveIters=1 objFirst=146032284.692418 objLast=175853968.482477 objGain=29821683.790059 maxRC=59519644.562382 wallSec=0.015008 pricingSec=0.009866 cplexSolveSec=0.002654
    [CG] CG iter 4: obj=175719572.053136, maxRC=2671769.720189, +6 cols
      [BB] 根节点即为整数解，obj=175853968.482477
    [CG]   [DIAG] iter=4 posCols=6 newCols=6 effImprove=6 updated=0
    [CG] CG iter 5: obj=175774659.830258, maxRC=942712.280456, +1 cols
    [CG] CG iter 3: obj=165882435.209675, maxRC=5114970.352755, +15 cols
    [CG]   [DIAG] iter=5 posCols=1 newCols=1 effImprove=1 updated=0
    [CG]   [DIAG] iter=3 posCols=15 newCols=15 effImprove=15 updated=0
    [CG] 列生成开始，初始列数=128
    [CG] 列生成收敛，共 6 轮迭代
    [CG] [CG-NODE] depth=0 exit=CERTIFIED certified=1 feasible=1 iters=6 generatedColsBeforeNode=0 newCols=61 posCandidates=61 duplicateCandidates=0 updatedCols=0 zeroObjImproveIters=1 objFirst=145938795.780933 objLast=175774659.830258 objGain=29835864.049326 maxRC=59519842.294336 wallSec=0.016351 pricingSec=0.011148 cplexSolveSec=0.002814
      [BB] 根节点即为整数解，obj=175774659.830258
    [CG] CG iter 4: obj=175466193.792464, maxRC=2670435.681357, +6 cols
    [CG]   [DIAG] iter=4 posCols=6 newCols=6 effImprove=6 updated=0
    [CG] 列生成开始，初始列数=128
    [CG] CG iter 1: obj=145251082.566261, maxRC=59362111.109457, +23 cols
    [CG] CG iter 5: obj=175519091.224513, maxRC=911880.798498, +1 cols
    [CG]   [DIAG] iter=5 posCols=1 newCols=1 effImprove=1 updated=0
    [CG]   [DIAG] iter=1 posCols=23 newCols=23 effImprove=23 updated=0
    [CG] 列生成开始，初始列数=128
    [CG] 列生成收敛，共 6 轮迭代
    [CG] [CG-NODE] depth=0 exit=CERTIFIED certified=1 feasible=1 iters=6 generatedColsBeforeNode=0 newCols=61 posCandidates=61 duplicateCandidates=0 updatedCols=0 zeroObjImproveIters=1 objFirst=145557902.818547 objLast=175519091.224513 objGain=29961188.405966 maxRC=59514191.386312 wallSec=0.017930 pricingSec=0.012117 cplexSolveSec=0.003235
      [BB] 根节点即为整数解，obj=175519091.224513
    [CG] 列生成开始，初始列数=128
    [CG] CG iter 2: obj=161187568.815024, maxRC=10661926.045958, +16 cols
    [CG]   [DIAG] iter=2 posCols=16 newCols=16 effImprove=16 updated=0
    [CG] CG iter 3: obj=165308326.277437, maxRC=5114087.957835, +16 cols
    [CG]   [DIAG] iter=3 posCols=16 newCols=16 effImprove=16 updated=0
    [CG] CG iter 1: obj=146033196.883884, maxRC=59519752.128890, +23 cols
    [CG] 列生成开始，初始列数=128
    [CG]   [DIAG] iter=1 posCols=23 newCols=23 effImprove=23 updated=0
    [CG] CG iter 2: obj=161889045.282478, maxRC=10623485.371715, +16 cols
    [CG]   [DIAG] iter=2 posCols=16 newCols=16 effImprove=16 updated=0
    [CG] CG iter 4: obj=174975379.052470, maxRC=136343.116267, +5 cols
    [CG]   [DIAG] iter=4 posCols=5 newCols=5 effImprove=5 updated=0
    [CG] CG iter 3: obj=165913313.313673, maxRC=4679779.578765, +14 cols
    [CG]   [DIAG] iter=3 posCols=14 newCols=14 effImprove=14 updated=0
    [CG] 列生成收敛，共 5 轮迭代
    [CG] [CG-NODE] depth=0 exit=CERTIFIED certified=1 feasible=1 iters=5 generatedColsBeforeNode=0 newCols=60 posCandidates=60 duplicateCandidates=0 updatedCols=0 zeroObjImproveIters=0 objFirst=145251082.566261 objLast=175049726.475209 objGain=29798643.908948 maxRC=59362111.109457 wallSec=0.015265 pricingSec=0.010811 cplexSolveSec=0.002641
    [CG] CG iter 4: obj=174540077.964040, maxRC=2360557.280068, +8 cols
    [CG]   [DIAG] iter=4 posCols=8 newCols=8 effImprove=8 updated=0
      [BB] 根节点即为整数解，obj=175049726.475209
    [CG] CG iter 5: obj=175854846.493238, maxRC=336753.722206, +2 cols
    [CG]   [DIAG] iter=5 posCols=2 newCols=2 effImprove=2 updated=0
    [CG] 列生成收敛，共 6 轮迭代
    [CG] [CG-NODE] depth=0 exit=CERTIFIED certified=1 feasible=1 iters=6 generatedColsBeforeNode=0 newCols=63 posCandidates=63 duplicateCandidates=0 updatedCols=0 zeroObjImproveIters=1 objFirst=146033196.883884 objLast=175854846.493238 objGain=29821649.609353 maxRC=59519752.128890 wallSec=0.010986 pricingSec=0.007352 cplexSolveSec=0.001946
      [BB] 根节点即为整数解，obj=175854846.493238
    [CG] CG iter 1: obj=145858647.478834, maxRC=59512530.631443, +23 cols
    [CG]   [DIAG] iter=1 posCols=23 newCols=23 effImprove=23 updated=0
    [CG] 列生成开始，初始列数=128
    [CG] 列生成开始，初始列数=128
    [CG] CG iter 1: obj=145656919.628325, maxRC=59513894.439822, +23 cols
    [CG]   [DIAG] iter=1 posCols=23 newCols=23 effImprove=23 updated=0
    [CG] CG iter 1: obj=146027620.262834, maxRC=59519417.508758, +23 cols
    [CG] CG iter 1: obj=145993556.926155, maxRC=59519550.350332, +23 cols
    [CG]   [DIAG] iter=1 posCols=23 newCols=23 effImprove=23 updated=0
    [CG]   [DIAG] iter=1 posCols=23 newCols=23 effImprove=23 updated=0
    [CG] CG iter 2: obj=161880675.668350, maxRC=10622406.523336, +16 cols
    [CG]   [DIAG] iter=2 posCols=16 newCols=16 effImprove=16 updated=0
    [CG] CG iter 2: obj=161889122.394205, maxRC=10623481.111465, +16 cols
    [CG] CG iter 2: obj=161830083.550093, maxRC=10623464.266662, +16 cols
    [CG]   [DIAG] iter=2 posCols=16 newCols=16 effImprove=16 updated=0
    [CG]   [DIAG] iter=2 posCols=16 newCols=16 effImprove=16 updated=0
    [CG] CG iter 1: obj=145565677.169821, maxRC=59513894.439822, +23 cols
    [CG] CG iter 2: obj=161857200.419315, maxRC=10623249.857382, +16 cols
    [CG]   [DIAG] iter=2 posCols=16 newCols=16 effImprove=16 updated=0
    [CG]   [DIAG] iter=1 posCols=23 newCols=23 effImprove=23 updated=0
    [CG] CG iter 3: obj=165905086.386795, maxRC=4680328.828489, +14 cols
    [CG]   [DIAG] iter=3 posCols=14 newCols=14 effImprove=14 updated=0
    [CG] CG iter 3: obj=165913389.695548, maxRC=4679776.992213, +14 cols
    [CG]   [DIAG] iter=3 posCols=14 newCols=14 effImprove=14 updated=0
    [CG] CG iter 1: obj=146032575.034945, maxRC=59519752.128890, +23 cols
    [CG] CG iter 3: obj=165618960.112375, maxRC=4568695.327050, +14 cols
    [CG]   [DIAG] iter=3 posCols=14 newCols=14 effImprove=14 updated=0
    [CG]   [DIAG] iter=1 posCols=23 newCols=23 effImprove=23 updated=0
    [CG] CG iter 4: obj=174540112.560495, maxRC=2360557.280068, +8 cols
    [CG]   [DIAG] iter=4 posCols=8 newCols=8 effImprove=8 updated=0
    [CG] CG iter 4: obj=174531535.709293, maxRC=2360557.280068, +8 cols
    [CG] CG iter 2: obj=161816483.952522, maxRC=10623464.266662, +16 cols
    [CG]   [DIAG] iter=4 posCols=8 newCols=8 effImprove=8 updated=0
    [CG]   [DIAG] iter=2 posCols=16 newCols=16 effImprove=16 updated=0
    [CG] CG iter 3: obj=165878430.513358, maxRC=4666826.279262, +14 cols
    [CG]   [DIAG] iter=3 posCols=14 newCols=14 effImprove=14 updated=0
    [CG] CG iter 4: obj=174160372.208837, maxRC=1512360.055613, +5 cols
    [CG]   [DIAG] iter=4 posCols=5 newCols=5 effImprove=5 updated=0
    [CG] CG iter 5: obj=175854917.777910, maxRC=336753.722206, +2 cols
    [CG]   [DIAG] iter=5 posCols=2 newCols=2 effImprove=2 updated=0
    [CG] CG iter 5: obj=175847341.717484, maxRC=336753.722206, +2 cols
    [CG]   [DIAG] iter=5 posCols=2 newCols=2 effImprove=2 updated=0
    [CG] CG iter 5: obj=175525838.903060, maxRC=423513.693911, +1 cols
    [CG]   [DIAG] iter=5 posCols=1 newCols=1 effImprove=1 updated=0
    [CG] 列生成收敛，共 6 轮迭代
    [CG] [CG-NODE] depth=0 exit=CERTIFIED certified=1 feasible=1 iters=6 generatedColsBeforeNode=0 newCols=63 posCandidates=63 duplicateCandidates=0 updatedCols=0 zeroObjImproveIters=1 objFirst=146027620.262834 objLast=175854917.777910 objGain=29827297.515077 maxRC=59519417.508758 wallSec=0.013143 pricingSec=0.009279 cplexSolveSec=0.002220
    [CG] CG iter 2: obj=161888462.411570, maxRC=10623461.803284, +16 cols
    [CG]   [DIAG] iter=2 posCols=16 newCols=16 effImprove=16 updated=0
    [CG] CG iter 4: obj=174491314.285394, maxRC=2360841.822335, +8 cols
    [CG] CG iter 3: obj=165893438.427461, maxRC=5106270.354455, +15 cols
    [CG]   [DIAG] iter=4 posCols=8 newCols=8 effImprove=8 updated=0
      [BB] 根节点即为整数解，obj=175854917.777910
    [CG]   [DIAG] iter=3 posCols=15 newCols=15 effImprove=15 updated=0
    [CG] 列生成收敛，共 6 轮迭代
    [CG] [CG-NODE] depth=0 exit=CERTIFIED certified=1 feasible=1 iters=6 generatedColsBeforeNode=0 newCols=63 posCandidates=63 duplicateCandidates=0 updatedCols=0 zeroObjImproveIters=1 objFirst=145858647.478834 objLast=175847341.717484 objGain=29988694.238649 maxRC=59512530.631443 wallSec=0.017890 pricingSec=0.012274 cplexSolveSec=0.003227
    [CG] CG iter 6: obj=175525838.903060, maxRC=145500.916601, +1 cols
    [CG]   [DIAG] iter=6 posCols=1 newCols=1 effImprove=1 updated=0
      [BB] 根节点即为整数解，obj=175847341.717484
    [CG] CG iter 5: obj=175801590.645171, maxRC=330279.658373, +2 cols
    [CG] CG iter 4: obj=175512239.305489, maxRC=2666800.101796, +5 cols
    [CG]   [DIAG] iter=5 posCols=2 newCols=2 effImprove=2 updated=0
    [CG]   [DIAG] iter=4 posCols=5 newCols=5 effImprove=5 updated=0
    [CG] 列生成收敛，共 7 轮迭代
    [CG] [CG-NODE] depth=0 exit=CERTIFIED certified=1 feasible=1 iters=7 generatedColsBeforeNode=0 newCols=60 posCandidates=60 duplicateCandidates=0 updatedCols=0 zeroObjImproveIters=2 objFirst=145656919.628325 objLast=175525838.903060 objGain=29868919.274734 maxRC=59513894.439822 wallSec=0.015658 pricingSec=0.010879 cplexSolveSec=0.002759
    [CG] CG iter 3: obj=165912735.868725, maxRC=4679779.578765, +14 cols
      [BB] 根节点即为整数解，obj=175525838.903060
    [CG]   [DIAG] iter=3 posCols=14 newCols=14 effImprove=14 updated=0
    [CG] CG iter 5: obj=175512239.305489, maxRC=890631.403837, +1 cols
    [CG]   [DIAG] iter=5 posCols=1 newCols=1 effImprove=1 updated=0
    [CG] 列生成收敛，共 6 轮迭代
    [CG] [CG-NODE] depth=0 exit=CERTIFIED certified=1 feasible=1 iters=6 generatedColsBeforeNode=0 newCols=63 posCandidates=63 duplicateCandidates=0 updatedCols=0 zeroObjImproveIters=1 objFirst=145993556.926155 objLast=175801590.645171 objGain=29808033.719016 maxRC=59519550.350332 wallSec=0.017432 pricingSec=0.012152 cplexSolveSec=0.002993
      [BB] 根节点即为整数解，obj=175801590.645171
    [CG] 列生成收敛，共 6 轮迭代
    [CG] [CG-NODE] depth=0 exit=CERTIFIED certified=1 feasible=1 iters=6 generatedColsBeforeNode=0 newCols=60 posCandidates=60 duplicateCandidates=0 updatedCols=0 zeroObjImproveIters=2 objFirst=145565677.169821 objLast=175512239.305489 objGain=29946562.135668 maxRC=59513894.439822 wallSec=0.012643 pricingSec=0.008599 cplexSolveSec=0.002207
    [CG] CG iter 4: obj=174539423.392984, maxRC=2360557.280068, +8 cols
      [BB] 根节点即为整数解，obj=175512239.305489
    [CG]   [DIAG] iter=4 posCols=8 newCols=8 effImprove=8 updated=0
    [CG] 列生成开始，初始列数=128
    [CG] CG iter 5: obj=175854274.014269, maxRC=336753.722206, +2 cols
    [CG]   [DIAG] iter=5 posCols=2 newCols=2 effImprove=2 updated=0
    [CG] 列生成开始，初始列数=128
    [CG] CG iter 1: obj=146027846.515049, maxRC=59519752.128890, +23 cols
    [CG] 列生成收敛，共 6 轮迭代
    [CG] [CG-NODE] depth=0 exit=CERTIFIED certified=1 feasible=1 iters=6 generatedColsBeforeNode=0 newCols=63 posCandidates=63 duplicateCandidates=0 updatedCols=0 zeroObjImproveIters=1 objFirst=146032575.034945 objLast=175854274.014270 objGain=29821698.979325 maxRC=59519752.128890 wallSec=0.017536 pricingSec=0.012198 cplexSolveSec=0.002815
    [CG] CG iter 1: obj=146027623.261404, maxRC=59519752.128890, +23 cols
    [CG]   [DIAG] iter=1 posCols=23 newCols=23 effImprove=23 updated=0
      [BB] 根节点即为整数解，obj=175854274.014270
    [CG] 列生成开始，初始列数=128
    [CG]   [DIAG] iter=1 posCols=23 newCols=23 effImprove=23 updated=0
    [CG] CG iter 2: obj=161889106.568182, maxRC=10623485.371715, +16 cols
    [CG]   [DIAG] iter=2 posCols=16 newCols=16 effImprove=16 updated=0
    [CG] CG iter 2: obj=161884327.954092, maxRC=10623485.371715, +16 cols
    [CG]   [DIAG] iter=2 posCols=16 newCols=16 effImprove=16 updated=0
    [CG] CG iter 3: obj=165913374.599378, maxRC=4679779.578765, +14 cols
    [CG]   [DIAG] iter=3 posCols=14 newCols=14 effImprove=14 updated=0
    [CG] CG iter 4: obj=174540105.993442, maxRC=2360557.280068, +8 cols
    [CG]   [DIAG] iter=4 posCols=8 newCols=8 effImprove=8 updated=0
    [CG] CG iter 3: obj=165908628.407844, maxRC=4679779.578765, +14 cols
    [CG]   [DIAG] iter=3 posCols=14 newCols=14 effImprove=14 updated=0
    [CG] CG iter 5: obj=175854907.778942, maxRC=336753.722206, +2 cols
    [CG]   [DIAG] iter=5 posCols=2 newCols=2 effImprove=2 updated=0
    [CG] CG iter 4: obj=174534471.085257, maxRC=2360557.280068, +8 cols
    [CG]   [DIAG] iter=4 posCols=8 newCols=8 effImprove=8 updated=0
    [CG] 列生成收敛，共 6 轮迭代
    [CG] [CG-NODE] depth=0 exit=CERTIFIED certified=1 feasible=1 iters=6 generatedColsBeforeNode=0 newCols=63 posCandidates=63 duplicateCandidates=0 updatedCols=0 zeroObjImproveIters=1 objFirst=146027846.515049 objLast=175854907.778942 objGain=29827061.263893 maxRC=59519752.128890 wallSec=0.013400 pricingSec=0.009215 cplexSolveSec=0.002325
    [CG] CG iter 1: obj=145228011.446058, maxRC=59378388.718047, +23 cols
    [CG]   [DIAG] iter=1 posCols=23 newCols=23 effImprove=23 updated=0
      [BB] 根节点即为整数解，obj=175854907.778942
    [CG] CG iter 1: obj=145118708.720040, maxRC=59484761.143223, +23 cols
    [CG] CG iter 5: obj=175850129.164852, maxRC=336753.722206, +2 cols
    [CG]   [DIAG] iter=5 posCols=2 newCols=2 effImprove=2 updated=0
    [CG]   [DIAG] iter=1 posCols=23 newCols=23 effImprove=23 updated=0
    [CG] CG iter 2: obj=161472940.937501, maxRC=10710707.347899, +16 cols
    [CG]   [DIAG] iter=2 posCols=16 newCols=16 effImprove=16 updated=0
    [CG] 列生成收敛，共 6 轮迭代
    [CG] [CG-NODE] depth=0 exit=CERTIFIED certified=1 feasible=1 iters=6 generatedColsBeforeNode=0 newCols=63 posCandidates=63 duplicateCandidates=0 updatedCols=0 zeroObjImproveIters=1 objFirst=146027623.261404 objLast=175850129.164852 objGain=29822505.903448 maxRC=59519752.128890 wallSec=0.014285 pricingSec=0.009720 cplexSolveSec=0.002689
    [CG] CG iter 2: obj=161715193.966141, maxRC=10779275.657619, +16 cols
    [CG]   [DIAG] iter=2 posCols=16 newCols=16 effImprove=16 updated=0
      [BB] 根节点即为整数解，obj=175850129.164852
    [CG] CG iter 3: obj=164821452.547790, maxRC=5802843.181699, +15 cols
    [CG]   [DIAG] iter=3 posCols=15 newCols=15 effImprove=15 updated=0
    [CG] CG iter 4: obj=174130300.776361, maxRC=2611201.507414, +8 cols
    [CG] CG iter 3: obj=165043251.296022, maxRC=5764550.653619, +15 cols
    [CG]   [DIAG] iter=4 posCols=8 newCols=8 effImprove=8 updated=0
    [CG]   [DIAG] iter=3 posCols=15 newCols=15 effImprove=15 updated=0
    [CG] CG iter 4: obj=174312030.516825, maxRC=2573980.266533, +8 cols
    [CG]   [DIAG] iter=4 posCols=8 newCols=8 effImprove=8 updated=0
    [CG] CG iter 1: obj=145909492.312879, maxRC=59512217.829871, +23 cols
    [CG]   [DIAG] iter=1 posCols=23 newCols=23 effImprove=23 updated=0
    [CG] CG iter 5: obj=175412622.327174, maxRC=62584.330161, +1 cols
    [CG]   [DIAG] iter=5 posCols=1 newCols=1 effImprove=1 updated=0
    [CG] CG iter 5: obj=175577996.372302, maxRC=4009.265680, +1 cols
    [CG]   [DIAG] iter=5 posCols=1 newCols=1 effImprove=1 updated=0
    [CG] 列生成收敛，共 6 轮迭代
    [CG] [CG-NODE] depth=0 exit=CERTIFIED certified=1 feasible=1 iters=6 generatedColsBeforeNode=0 newCols=63 posCandidates=63 duplicateCandidates=0 updatedCols=0 zeroObjImproveIters=1 objFirst=145118708.720040 objLast=175577996.372302 objGain=30459287.652262 maxRC=59484761.143223 wallSec=0.008993 pricingSec=0.006063 cplexSolveSec=0.001626
    [CG] 列生成收敛，共 6 轮迭代
    [CG] [CG-NODE] depth=0 exit=CERTIFIED certified=1 feasible=1 iters=6 generatedColsBeforeNode=0 newCols=63 posCandidates=63 duplicateCandidates=0 updatedCols=0 zeroObjImproveIters=1 objFirst=145228011.446058 objLast=175412622.327174 objGain=30184610.881116 maxRC=59378388.718047 wallSec=0.009767 pricingSec=0.006349 cplexSolveSec=0.001933
      [BB] 根节点即为整数解，obj=175577996.372302
    [CG] CG iter 2: obj=161888146.010778, maxRC=10623300.567101, +16 cols
    [CG]   [DIAG] iter=2 posCols=16 newCols=16 effImprove=16 updated=0
      [BB] 根节点即为整数解，obj=175412622.327174
    [CG] CG iter 3: obj=165912364.701089, maxRC=4679879.229728, +14 cols
    [CG]   [DIAG] iter=3 posCols=14 newCols=14 effImprove=14 updated=0
    [CG] CG iter 4: obj=174539036.056903, maxRC=2360557.280068, +8 cols
    [CG]   [DIAG] iter=4 posCols=8 newCols=8 effImprove=8 updated=0
    [CG] CG iter 5: obj=175853934.638018, maxRC=336780.782594, +2 cols
    [CG]   [DIAG] iter=5 posCols=2 newCols=2 effImprove=2 updated=0
    [CG] 列生成收敛，共 6 轮迭代
    [CG] [CG-NODE] depth=0 exit=CERTIFIED certified=1 feasible=1 iters=6 generatedColsBeforeNode=0 newCols=63 posCandidates=63 duplicateCandidates=0 updatedCols=0 zeroObjImproveIters=1 objFirst=145909492.312879 objLast=175853934.638018 objGain=29944442.325138 maxRC=59512217.829871 wallSec=0.010855 pricingSec=0.007454 cplexSolveSec=0.001836
      [BB] 根节点即为整数解，obj=175853934.638018
[GA] 代数 4: Best=175883804.52, Avg=175751979.13, Worst=175078612.16, Valid=30/30, 耗时=0.05s (连续4代未提升)
  ├─ 求解: 30 个体 fork 并行 | CG迭代=126 加列=1306 BB分支=0
  ├─ 并行墙钟=0.0463s | 串行等效(ΣBP)=0.2926s | 加速比=6.32x
  ├─ 管理开销=-0.2463s (fork=0.0026 wait=0.0434 merge=0.0002)
  └─ CG明细: gen_logs/run_gen4_ind{0..29}.log
    [CG] 列生成开始，初始列数=128
    [CG] 列生成开始，初始列数=128
    [CG] 列生成开始，初始列数=128
    [CG] 列生成开始，初始列数=128
    [CG] 列生成开始，初始列数=128
    [CG] 列生成开始，初始列数=128
    [CG] 列生成开始，初始列数=128
    [CG] 列生成开始，初始列数=128
    [CG] CG iter 1: obj=145420217.246443, maxRC=59485402.770875, +23 cols
    [CG]   [DIAG] iter=1 posCols=23 newCols=23 effImprove=23 updated=0
    [CG] CG iter 2: obj=161722002.165959, maxRC=10616021.708775, +16 cols
    [CG]   [DIAG] iter=2 posCols=16 newCols=16 effImprove=16 updated=0
    [CG] CG iter 1: obj=146031273.506441, maxRC=59519541.350440, +23 cols
    [CG]   [DIAG] iter=1 posCols=23 newCols=23 effImprove=23 updated=0
    [CG] CG iter 1: obj=145498415.602130, maxRC=59486728.686669, +23 cols
    [CG]   [DIAG] iter=1 posCols=23 newCols=23 effImprove=23 updated=0
    [CG] CG iter 3: obj=165747473.696553, maxRC=4683578.161873, +14 cols
    [CG] CG iter 2: obj=161888346.333181, maxRC=10623495.450393, +16 cols
    [CG]   [DIAG] iter=2 posCols=16 newCols=16 effImprove=16 updated=0
    [CG]   [DIAG] iter=3 posCols=14 newCols=14 effImprove=14 updated=0
    [CG] CG iter 4: obj=174348659.601520, maxRC=2360557.557802, +8 cols
    [CG] CG iter 3: obj=165912514.965181, maxRC=4679881.429206, +14 cols
    [CG]   [DIAG] iter=4 posCols=8 newCols=8 effImprove=8 updated=0
    [CG]   [DIAG] iter=3 posCols=14 newCols=14 effImprove=14 updated=0
    [CG] CG iter 2: obj=161685180.286016, maxRC=10525122.297396, +17 cols
    [CG]   [DIAG] iter=2 posCols=17 newCols=17 effImprove=17 updated=0
    [CG] CG iter 5: obj=175695156.637688, maxRC=336763.251042, +2 cols
    [CG]   [DIAG] iter=5 posCols=2 newCols=2 effImprove=2 updated=0
    [CG] CG iter 4: obj=174539318.847996, maxRC=2360557.280068, +8 cols
    [CG]   [DIAG] iter=4 posCols=8 newCols=8 effImprove=8 updated=0
    [CG] 列生成收敛，共 6 轮迭代
    [CG] CG iter 5: obj=175854064.210604, maxRC=336753.722206, +2 cols
    [CG] [CG-NODE] depth=0 exit=CERTIFIED certified=1 feasible=1 iters=6 generatedColsBeforeNode=0 newCols=63 posCandidates=63 duplicateCandidates=0 updatedCols=0 zeroObjImproveIters=1 objFirst=145420217.246443 objLast=175695156.637688 objGain=30274939.391245 maxRC=59485402.770875 wallSec=0.007754 pricingSec=0.004950 cplexSolveSec=0.001613
    [CG]   [DIAG] iter=5 posCols=2 newCols=2 effImprove=2 updated=0
      [BB] 根节点即为整数解，obj=175695156.637688
    [CG] 列生成收敛，共 6 轮迭代
    [CG] [CG-NODE] depth=0 exit=CERTIFIED certified=1 feasible=1 iters=6 generatedColsBeforeNode=0 newCols=63 posCandidates=63 duplicateCandidates=0 updatedCols=0 zeroObjImproveIters=1 objFirst=146031273.506441 objLast=175854064.210604 objGain=29822790.704163 maxRC=59519541.350440 wallSec=0.007800 pricingSec=0.005145 cplexSolveSec=0.001431
    [CG] CG iter 3: obj=168760115.968317, maxRC=5602100.718950, +10 cols
      [BB] 根节点即为整数解，obj=175854064.210604
    [CG]   [DIAG] iter=3 posCols=10 newCols=10 effImprove=10 updated=0
    [CG] CG iter 4: obj=175567201.117404, maxRC=1469928.061125, +2 cols
    [CG]   [DIAG] iter=4 posCols=2 newCols=2 effImprove=2 updated=0
    [CG] CG iter 5: obj=175567201.117404, maxRC=1014217.522937, +2 cols
    [CG]   [DIAG] iter=5 posCols=2 newCols=2 effImprove=2 updated=0
    [CG] 列生成收敛，共 6 轮迭代
    [CG] [CG-NODE] depth=0 exit=CERTIFIED certified=1 feasible=1 iters=6 generatedColsBeforeNode=0 newCols=54 posCandidates=54 duplicateCandidates=0 updatedCols=0 zeroObjImproveIters=2 objFirst=145498415.602130 objLast=175567201.117404 objGain=30068785.515274 maxRC=59486728.686669 wallSec=0.009838 pricingSec=0.006508 cplexSolveSec=0.001928
    [CG] CG iter 1: obj=145370290.426259, maxRC=59378388.718047, +23 cols
      [BB] 根节点即为整数解，obj=175567201.117404
    [CG] CG iter 1: obj=145802860.313202, maxRC=59374332.332163, +23 cols
    [CG]   [DIAG] iter=1 posCols=23 newCols=23 effImprove=23 updated=0
    [CG]   [DIAG] iter=1 posCols=23 newCols=23 effImprove=23 updated=0
    [CG] 列生成开始，初始列数=128
    [CG] 列生成开始，初始列数=128
    [CG] 列生成开始，初始列数=128
    [CG] CG iter 2: obj=161546635.708130, maxRC=10710703.965097, +16 cols
    [CG] CG iter 2: obj=161622476.999486, maxRC=9398830.858845, +17 cols
    [CG]   [DIAG] iter=2 posCols=16 newCols=16 effImprove=16 updated=0
    [CG]   [DIAG] iter=2 posCols=17 newCols=17 effImprove=17 updated=0
    [CG] CG iter 1: obj=145933970.776999, maxRC=59513894.439822, +23 cols
    [CG]   [DIAG] iter=1 posCols=23 newCols=23 effImprove=23 updated=0
    [CG] CG iter 1: obj=145789078.598090, maxRC=59519644.562382, +23 cols
    [CG] CG iter 3: obj=164894537.153420, maxRC=5799069.792672, +15 cols
    [CG] CG iter 1: obj=145852782.617666, maxRC=59519841.930057, +23 cols
    [CG]   [DIAG] iter=3 posCols=15 newCols=15 effImprove=15 updated=0
    [CG] CG iter 3: obj=171958021.167310, maxRC=9764301.048063, +15 cols
    [CG]   [DIAG] iter=1 posCols=23 newCols=23 effImprove=23 updated=0
    [CG]   [DIAG] iter=3 posCols=15 newCols=15 effImprove=15 updated=0
    [CG]   [DIAG] iter=1 posCols=23 newCols=23 effImprove=23 updated=0
    [CG] CG iter 4: obj=174217701.275578, maxRC=2624140.198377, +8 cols
    [CG]   [DIAG] iter=4 posCols=8 newCols=8 effImprove=8 updated=0
    [CG] CG iter 4: obj=174462529.576917, maxRC=5287806.397892, +12 cols
    [CG]   [DIAG] iter=4 posCols=12 newCols=12 effImprove=12 updated=0
    [CG] CG iter 2: obj=161886653.780744, maxRC=10623464.266662, +16 cols
    [CG]   [DIAG] iter=2 posCols=16 newCols=16 effImprove=16 updated=0
    [CG] CG iter 5: obj=175481856.530101, maxRC=58918.535723, +1 cols
    [CG]   [DIAG] iter=5 posCols=1 newCols=1 effImprove=1 updated=0
    [CG] CG iter 2: obj=161722947.087248, maxRC=10623494.814960, +16 cols
    [CG] CG iter 2: obj=161858783.862569, maxRC=10623300.567101, +16 cols
    [CG]   [DIAG] iter=2 posCols=16 newCols=16 effImprove=16 updated=0
    [CG]   [DIAG] iter=2 posCols=16 newCols=16 effImprove=16 updated=0
    [CG] CG iter 5: obj=174462529.576917, maxRC=1194930.549652, +5 cols
    [CG] 列生成收敛，共 6 轮迭代
    [CG]   [DIAG] iter=5 posCols=5 newCols=5 effImprove=5 updated=0
    [CG] [CG-NODE] depth=0 exit=CERTIFIED certified=1 feasible=1 iters=6 generatedColsBeforeNode=0 newCols=63 posCandidates=63 duplicateCandidates=0 updatedCols=0 zeroObjImproveIters=1 objFirst=145370290.426259 objLast=175481856.530101 objGain=30111566.103842 maxRC=59378388.718047 wallSec=0.014868 pricingSec=0.010096 cplexSolveSec=0.002747
    [CG] CG iter 1: obj=145991852.294757, maxRC=59519550.350332, +23 cols
    [CG] CG iter 3: obj=165910929.185190, maxRC=4679779.578765, +14 cols
    [CG]   [DIAG] iter=1 posCols=23 newCols=23 effImprove=23 updated=0
    [CG]   [DIAG] iter=3 posCols=14 newCols=14 effImprove=14 updated=0
      [BB] 根节点即为整数解，obj=175481856.530101
    [CG] CG iter 6: obj=175657460.126569, maxRC=1053831.674479, +3 cols
    [CG]   [DIAG] iter=6 posCols=3 newCols=3 effImprove=3 updated=0
    [CG] CG iter 3: obj=166029274.800142, maxRC=5118128.238817, +15 cols
    [CG] CG iter 3: obj=165649845.630887, maxRC=4585251.136299, +14 cols
    [CG]   [DIAG] iter=3 posCols=15 newCols=15 effImprove=15 updated=0
    [CG]   [DIAG] iter=3 posCols=14 newCols=14 effImprove=14 updated=0
    [CG] CG iter 4: obj=174537310.353917, maxRC=2360557.280068, +8 cols
    [CG] CG iter 2: obj=161855320.456575, maxRC=10625403.753310, +16 cols
    [CG] 列生成收敛，共 7 轮迭代
    [CG]   [DIAG] iter=4 posCols=8 newCols=8 effImprove=8 updated=0
    [CG] [CG-NODE] depth=0 exit=CERTIFIED certified=1 feasible=1 iters=7 generatedColsBeforeNode=0 newCols=75 posCandidates=75 duplicateCandidates=0 updatedCols=0 zeroObjImproveIters=2 objFirst=145802860.313202 objLast=175657460.126569 objGain=29854599.813367 maxRC=59374332.332163 wallSec=0.015762 pricingSec=0.010911 cplexSolveSec=0.002845
    [CG]   [DIAG] iter=2 posCols=16 newCols=16 effImprove=16 updated=0
      [BB] 根节点即为整数解，obj=175657460.126569
    [CG] CG iter 4: obj=175633570.668239, maxRC=2671769.720189, +6 cols
    [CG]   [DIAG] iter=4 posCols=6 newCols=6 effImprove=6 updated=0
    [CG] CG iter 4: obj=174206812.223929, maxRC=1525554.517465, +5 cols
    [CG] CG iter 5: obj=175852464.515102, maxRC=336753.722206, +2 cols
    [CG]   [DIAG] iter=5 posCols=2 newCols=2 effImprove=2 updated=0
    [CG]   [DIAG] iter=4 posCols=5 newCols=5 effImprove=5 updated=0
    [CG] CG iter 3: obj=165876791.783279, maxRC=4667183.218190, +14 cols
    [CG]   [DIAG] iter=3 posCols=14 newCols=14 effImprove=14 updated=0
    [CG] CG iter 5: obj=175688672.246883, maxRC=942712.280456, +1 cols
    [CG]   [DIAG] iter=5 posCols=1 newCols=1 effImprove=1 updated=0
    [CG] 列生成收敛，共 6 轮迭代
    [CG] [CG-NODE] depth=0 exit=CERTIFIED certified=1 feasible=1 iters=6 generatedColsBeforeNode=0 newCols=63 posCandidates=63 duplicateCandidates=0 updatedCols=0 zeroObjImproveIters=1 objFirst=145933970.776999 objLast=175852464.515102 objGain=29918493.738103 maxRC=59513894.439822 wallSec=0.017441 pricingSec=0.012469 cplexSolveSec=0.002774
    [CG] CG iter 4: obj=174489949.501611, maxRC=2360841.822335, +8 cols
    [CG] CG iter 5: obj=175566381.689297, maxRC=425288.022615, +1 cols
    [CG]   [DIAG] iter=4 posCols=8 newCols=8 effImprove=8 updated=0
    [CG]   [DIAG] iter=5 posCols=1 newCols=1 effImprove=1 updated=0
      [BB] 根节点即为整数解，obj=175852464.515102
    [CG] 列生成开始，初始列数=128
    [CG] CG iter 5: obj=175799622.212255, maxRC=329447.845132, +2 cols
    [CG]   [DIAG] iter=5 posCols=2 newCols=2 effImprove=2 updated=0
    [CG] 列生成收敛，共 6 轮迭代
    [CG] [CG-NODE] depth=0 exit=CERTIFIED certified=1 feasible=1 iters=6 generatedColsBeforeNode=0 newCols=61 posCandidates=61 duplicateCandidates=0 updatedCols=0 zeroObjImproveIters=1 objFirst=145852782.617666 objLast=175688672.246883 objGain=29835889.629217 maxRC=59519841.930057 wallSec=0.017695 pricingSec=0.012423 cplexSolveSec=0.002921
    [CG] CG iter 6: obj=175566381.689297, maxRC=146535.997683, +1 cols
    [CG]   [DIAG] iter=6 posCols=1 newCols=1 effImprove=1 updated=0
      [BB] 根节点即为整数解，obj=175688672.246883
    [CG] 列生成收敛，共 6 轮迭代
    [CG] [CG-NODE] depth=0 exit=CERTIFIED certified=1 feasible=1 iters=6 generatedColsBeforeNode=0 newCols=63 posCandidates=63 duplicateCandidates=0 updatedCols=0 zeroObjImproveIters=1 objFirst=145991852.294757 objLast=175799622.212255 objGain=29807769.917498 maxRC=59519550.350332 wallSec=0.007637 pricingSec=0.004921 cplexSolveSec=0.001518
      [BB] 根节点即为整数解，obj=175799622.212255
    [CG] 列生成开始，初始列数=128
    [CG] 列生成收敛，共 7 轮迭代
    [CG] [CG-NODE] depth=0 exit=CERTIFIED certified=1 feasible=1 iters=7 generatedColsBeforeNode=0 newCols=60 posCandidates=60 duplicateCandidates=0 updatedCols=0 zeroObjImproveIters=2 objFirst=145789078.598090 objLast=175566381.689297 objGain=29777303.091207 maxRC=59519644.562382 wallSec=0.018281 pricingSec=0.012793 cplexSolveSec=0.003188
      [BB] 根节点即为整数解，obj=175566381.689297
    [CG] 列生成开始，初始列数=128
    [CG] 列生成开始，初始列数=128
    [CG] 列生成开始，初始列数=128
    [CG] CG iter 1: obj=146033099.914035, maxRC=59519841.930057, +23 cols
    [CG]   [DIAG] iter=1 posCols=23 newCols=23 effImprove=23 updated=0
    [CG] 列生成开始，初始列数=128
    [CG] CG iter 1: obj=145936161.412833, maxRC=59513786.873314, +23 cols
    [CG]   [DIAG] iter=1 posCols=23 newCols=23 effImprove=23 updated=0
    [CG] CG iter 1: obj=145635247.491510, maxRC=59519417.508758, +23 cols
    [CG] CG iter 2: obj=161889038.113795, maxRC=10623494.814960, +16 cols
    [CG]   [DIAG] iter=1 posCols=23 newCols=23 effImprove=23 updated=0
    [CG]   [DIAG] iter=2 posCols=16 newCols=16 effImprove=16 updated=0
    [CG] CG iter 2: obj=161888640.797177, maxRC=10623300.567101, +16 cols
    [CG]   [DIAG] iter=2 posCols=16 newCols=16 effImprove=16 updated=0
    [CG] CG iter 1: obj=145560838.242555, maxRC=59514191.386312, +23 cols
    [CG] CG iter 2: obj=161816498.761672, maxRC=10623481.111465, +16 cols
    [CG]   [DIAG] iter=2 posCols=16 newCols=16 effImprove=16 updated=0
    [CG]   [DIAG] iter=1 posCols=23 newCols=23 effImprove=23 updated=0
    [CG] CG iter 3: obj=165893449.431315, maxRC=5106270.354455, +15 cols
    [CG]   [DIAG] iter=3 posCols=15 newCols=15 effImprove=15 updated=0
    [CG] CG iter 3: obj=165913279.359017, maxRC=4679780.740901, +14 cols
    [CG]   [DIAG] iter=3 posCols=14 newCols=14 effImprove=14 updated=0
    [CG] CG iter 2: obj=161650898.680176, maxRC=10620819.937280, +16 cols
    [CG] CG iter 4: obj=175512243.790752, maxRC=2666800.101796, +5 cols
    [CG]   [DIAG] iter=2 posCols=16 newCols=16 effImprove=16 updated=0
    [CG] CG iter 3: obj=165912893.200818, maxRC=4679872.669900, +14 cols
    [CG]   [DIAG] iter=4 posCols=5 newCols=5 effImprove=5 updated=0
    [CG]   [DIAG] iter=3 posCols=14 newCols=14 effImprove=14 updated=0
    [CG] CG iter 5: obj=175512243.790752, maxRC=890631.475689, +1 cols
    [CG]   [DIAG] iter=5 posCols=1 newCols=1 effImprove=1 updated=0
    [CG] CG iter 4: obj=174539991.552781, maxRC=2360557.280068, +8 cols
    [CG] CG iter 1: obj=145857049.098950, maxRC=59513894.439822, +23 cols
    [CG] 列生成收敛，共 6 轮迭代
    [CG]   [DIAG] iter=4 posCols=8 newCols=8 effImprove=8 updated=0
    [CG] [CG-NODE] depth=0 exit=CERTIFIED certified=1 feasible=1 iters=6 generatedColsBeforeNode=0 newCols=60 posCandidates=60 duplicateCandidates=0 updatedCols=0 zeroObjImproveIters=2 objFirst=145635247.491510 objLast=175512243.790752 objGain=29876996.299242 maxRC=59519417.508758 wallSec=0.008879 pricingSec=0.005714 cplexSolveSec=0.001643
      [BB] 根节点即为整数解，obj=175512243.790752
    [CG]   [DIAG] iter=1 posCols=23 newCols=23 effImprove=23 updated=0
    [CG] CG iter 4: obj=174539681.412034, maxRC=2360557.280068, +8 cols
    [CG] CG iter 3: obj=165885384.880932, maxRC=5114970.352755, +15 cols
    [CG]   [DIAG] iter=4 posCols=8 newCols=8 effImprove=8 updated=0
    [CG]   [DIAG] iter=3 posCols=15 newCols=15 effImprove=15 updated=0
    [CG] CG iter 5: obj=175854760.128769, maxRC=336753.722206, +2 cols
    [CG]   [DIAG] iter=5 posCols=2 newCols=2 effImprove=2 updated=0
    [CG] CG iter 4: obj=175470150.390307, maxRC=2670435.681357, +6 cols
    [CG]   [DIAG] iter=4 posCols=6 newCols=6 effImprove=6 updated=0
    [CG] CG iter 1: obj=145927597.569230, maxRC=59513894.439822, +23 cols
    [CG] CG iter 5: obj=175854488.489616, maxRC=336753.722206, +2 cols
    [CG] CG iter 1: obj=146032284.039319, maxRC=59519644.562382, +23 cols
    [CG]   [DIAG] iter=5 posCols=2 newCols=2 effImprove=2 updated=0
    [CG]   [DIAG] iter=1 posCols=23 newCols=23 effImprove=23 updated=0
    [CG]   [DIAG] iter=1 posCols=23 newCols=23 effImprove=23 updated=0
    [CG] 列生成收敛，共 6 轮迭代
    [CG] [CG-NODE] depth=0 exit=CERTIFIED certified=1 feasible=1 iters=6 generatedColsBeforeNode=0 newCols=63 posCandidates=63 duplicateCandidates=0 updatedCols=0 zeroObjImproveIters=1 objFirst=146033099.914035 objLast=175854760.128769 objGain=29821660.214734 maxRC=59519841.930057 wallSec=0.018740 pricingSec=0.012826 cplexSolveSec=0.003282
    [CG] CG iter 5: obj=175523169.681258, maxRC=910693.059932, +1 cols
    [CG]   [DIAG] iter=5 posCols=1 newCols=1 effImprove=1 updated=0
      [BB] 根节点即为整数解，obj=175854760.128769
    [CG] 列生成收敛，共 6 轮迭代
    [CG] [CG-NODE] depth=0 exit=CERTIFIED certified=1 feasible=1 iters=6 generatedColsBeforeNode=0 newCols=63 posCandidates=63 duplicateCandidates=0 updatedCols=0 zeroObjImproveIters=1 objFirst=145936161.412833 objLast=175854488.489616 objGain=29918327.076783 maxRC=59513786.873314 wallSec=0.018904 pricingSec=0.012829 cplexSolveSec=0.003327
    [CG] CG iter 2: obj=161831408.566796, maxRC=10698845.168784, +16 cols
    [CG]   [DIAG] iter=2 posCols=16 newCols=16 effImprove=16 updated=0
    [CG] 列生成收敛，共 6 轮迭代
    [CG] [CG-NODE] depth=0 exit=CERTIFIED certified=1 feasible=1 iters=6 generatedColsBeforeNode=0 newCols=61 posCandidates=61 duplicateCandidates=0 updatedCols=0 zeroObjImproveIters=1 objFirst=145560838.242555 objLast=175523169.681258 objGain=29962331.438703 maxRC=59514191.386312 wallSec=0.011459 pricingSec=0.007749 cplexSolveSec=0.002081
      [BB] 根节点即为整数解，obj=175854488.489616
    [CG] CG iter 2: obj=161880183.030113, maxRC=10623464.266662, +16 cols
    [CG]   [DIAG] iter=2 posCols=16 newCols=16 effImprove=16 updated=0
      [BB] 根节点即为整数解，obj=175523169.681258
    [CG] CG iter 2: obj=161888120.436932, maxRC=10623316.279388, +16 cols
    [CG] 列生成开始，初始列数=128
    [CG]   [DIAG] iter=2 posCols=16 newCols=16 effImprove=16 updated=0
    [CG] CG iter 3: obj=165904460.643505, maxRC=4679785.001947, +14 cols
    [CG]   [DIAG] iter=3 posCols=14 newCols=14 effImprove=14 updated=0
    [CG] CG iter 3: obj=165190151.051714, maxRC=5764639.967373, +16 cols
    [CG]   [DIAG] iter=3 posCols=16 newCols=16 effImprove=16 updated=0
    [CG] CG iter 4: obj=174529553.685807, maxRC=2360557.280068, +8 cols
    [CG]   [DIAG] iter=4 posCols=8 newCols=8 effImprove=8 updated=0
    [CG] CG iter 3: obj=165912375.018886, maxRC=4679872.669900, +14 cols
    [CG]   [DIAG] iter=3 posCols=14 newCols=14 effImprove=14 updated=0
    [CG] CG iter 5: obj=175846000.677622, maxRC=336747.239136, +2 cols
    [CG]   [DIAG] iter=5 posCols=2 newCols=2 effImprove=2 updated=0
    [CG] CG iter 4: obj=174458492.026184, maxRC=2544053.780750, +8 cols
    [CG]   [DIAG] iter=4 posCols=8 newCols=8 effImprove=8 updated=0
    [CG] 列生成开始，初始列数=128
    [CG] 列生成收敛，共 6 轮迭代
    [CG] [CG-NODE] depth=0 exit=CERTIFIED certified=1 feasible=1 iters=6 generatedColsBeforeNode=0 newCols=63 posCandidates=63 duplicateCandidates=0 updatedCols=0 zeroObjImproveIters=1 objFirst=145927597.569230 objLast=175846000.677622 objGain=29918403.108391 maxRC=59513894.439822 wallSec=0.010753 pricingSec=0.007208 cplexSolveSec=0.001914
      [BB] 根节点即为整数解，obj=175846000.677622
    [CG] CG iter 4: obj=174539061.981681, maxRC=2360557.280068, +8 cols
    [CG]   [DIAG] iter=4 posCols=8 newCols=8 effImprove=8 updated=0
    [CG] CG iter 5: obj=175752472.295227, maxRC=16559.026569, +1 cols
    [CG]   [DIAG] iter=5 posCols=1 newCols=1 effImprove=1 updated=0
    [CG] CG iter 5: obj=175853961.201411, maxRC=336753.722206, +2 cols
    [CG]   [DIAG] iter=5 posCols=2 newCols=2 effImprove=2 updated=0
    [CG] 列生成开始，初始列数=128
    [CG] 列生成开始，初始列数=128
    [CG] 列生成收敛，共 6 轮迭代
    [CG] [CG-NODE] depth=0 exit=CERTIFIED certified=1 feasible=1 iters=6 generatedColsBeforeNode=0 newCols=64 posCandidates=64 duplicateCandidates=0 updatedCols=0 zeroObjImproveIters=1 objFirst=145857049.098950 objLast=175752472.295227 objGain=29895423.196277 maxRC=59513894.439822 wallSec=0.012909 pricingSec=0.008504 cplexSolveSec=0.002584
    [CG] 列生成收敛，共 6 轮迭代
    [CG] [CG-NODE] depth=0 exit=CERTIFIED certified=1 feasible=1 iters=6 generatedColsBeforeNode=0 newCols=63 posCandidates=63 duplicateCandidates=0 updatedCols=0 zeroObjImproveIters=1 objFirst=146032284.039319 objLast=175853961.201411 objGain=29821677.162092 maxRC=59519644.562382 wallSec=0.011993 pricingSec=0.007987 cplexSolveSec=0.002317
      [BB] 根节点即为整数解，obj=175752472.295227
      [BB] 根节点即为整数解，obj=175853961.201411
    [CG] 列生成开始，初始列数=128
    [CG] CG iter 1: obj=146012126.811601, maxRC=59519622.692000, +23 cols
    [CG]   [DIAG] iter=1 posCols=23 newCols=23 effImprove=23 updated=0
    [CG] 列生成开始，初始列数=128
    [CG] 列生成开始，初始列数=128
    [CG] CG iter 2: obj=161888593.248384, maxRC=10623304.788301, +16 cols
    [CG]   [DIAG] iter=2 posCols=16 newCols=16 effImprove=16 updated=0
    [CG] CG iter 3: obj=165911461.400205, maxRC=4679402.631377, +14 cols
    [CG]   [DIAG] iter=3 posCols=14 newCols=14 effImprove=14 updated=0
    [CG] CG iter 1: obj=145989701.762619, maxRC=59519452.855406, +23 cols
    [CG]   [DIAG] iter=1 posCols=23 newCols=23 effImprove=23 updated=0
    [CG] CG iter 4: obj=174537837.777546, maxRC=2360557.280068, +8 cols
    [CG]   [DIAG] iter=4 posCols=8 newCols=8 effImprove=8 updated=0
    [CG] CG iter 5: obj=175852640.393749, maxRC=337944.363051, +2 cols
    [CG]   [DIAG] iter=5 posCols=2 newCols=2 effImprove=2 updated=0
    [CG] 列生成收敛，共 6 轮迭代
    [CG] [CG-NODE] depth=0 exit=CERTIFIED certified=1 feasible=1 iters=6 generatedColsBeforeNode=0 newCols=63 posCandidates=63 duplicateCandidates=0 updatedCols=0 zeroObjImproveIters=1 objFirst=146012126.811601 objLast=175852640.393749 objGain=29840513.582148 maxRC=59519622.692000 wallSec=0.018450 pricingSec=0.012676 cplexSolveSec=0.003074
    [CG] CG iter 2: obj=161857909.311576, maxRC=10623494.650315, +16 cols
    [CG]   [DIAG] iter=2 posCols=16 newCols=16 effImprove=16 updated=0
      [BB] 根节点即为整数解，obj=175852640.393749
    [CG] CG iter 1: obj=145853283.560531, maxRC=59519550.350332, +23 cols
    [CG]   [DIAG] iter=1 posCols=23 newCols=23 effImprove=23 updated=0
    [CG] CG iter 1: obj=145852796.335967, maxRC=59519841.930057, +23 cols
    [CG] CG iter 3: obj=165880525.482293, maxRC=4667166.602525, +14 cols
    [CG]   [DIAG] iter=1 posCols=23 newCols=23 effImprove=23 updated=0
    [CG]   [DIAG] iter=3 posCols=14 newCols=14 effImprove=14 updated=0
    [CG] CG iter 2: obj=161715601.082207, maxRC=10623249.857382, +16 cols
    [CG]   [DIAG] iter=2 posCols=16 newCols=16 effImprove=16 updated=0
    [CG] 列生成开始，初始列数=128
    [CG] CG iter 4: obj=174493695.558664, maxRC=2360841.822335, +8 cols
    [CG]   [DIAG] iter=4 posCols=8 newCols=8 effImprove=8 updated=0
    [CG] CG iter 3: obj=165738214.206040, maxRC=4667305.077091, +14 cols
    [CG]   [DIAG] iter=3 posCols=14 newCols=14 effImprove=14 updated=0
    [CG] CG iter 5: obj=175803974.519654, maxRC=329089.017528, +2 cols
    [CG]   [DIAG] iter=5 posCols=2 newCols=2 effImprove=2 updated=0
    [CG] CG iter 2: obj=161722949.188907, maxRC=10623476.759163, +16 cols
    [CG]   [DIAG] iter=2 posCols=16 newCols=16 effImprove=16 updated=0
    [CG] CG iter 4: obj=174320835.296487, maxRC=2360841.822335, +8 cols
    [CG]   [DIAG] iter=4 posCols=8 newCols=8 effImprove=8 updated=0
    [CG] 列生成收敛，共 6 轮迭代
    [CG] [CG-NODE] depth=0 exit=CERTIFIED certified=1 feasible=1 iters=6 generatedColsBeforeNode=0 newCols=63 posCandidates=63 duplicateCandidates=0 updatedCols=0 zeroObjImproveIters=1 objFirst=145989701.762619 objLast=175803974.519654 objGain=29814272.757035 maxRC=59519452.855406 wallSec=0.015116 pricingSec=0.010204 cplexSolveSec=0.002817
    [CG] CG iter 1: obj=145857204.819850, maxRC=59511471.757246, +23 cols
    [CG] CG iter 1: obj=145736061.418706, maxRC=59336210.912176, +23 cols
      [BB] 根节点即为整数解，obj=175803974.519654
    [CG] CG iter 5: obj=175661796.077376, maxRC=329089.017528, +2 cols
    [CG]   [DIAG] iter=5 posCols=2 newCols=2 effImprove=2 updated=0
    [CG]   [DIAG] iter=1 posCols=23 newCols=23 effImprove=23 updated=0
    [CG]   [DIAG] iter=1 posCols=23 newCols=23 effImprove=23 updated=0
    [CG] 列生成收敛，共 6 轮迭代
    [CG] [CG-NODE] depth=0 exit=CERTIFIED certified=1 feasible=1 iters=6 generatedColsBeforeNode=0 newCols=63 posCandidates=63 duplicateCandidates=0 updatedCols=0 zeroObjImproveIters=1 objFirst=145853283.560531 objLast=175661796.077376 objGain=29808512.516845 maxRC=59519550.350332 wallSec=0.011925 pricingSec=0.008244 cplexSolveSec=0.002162
    [CG] CG iter 1: obj=145994890.297759, maxRC=59519550.623274, +23 cols
    [CG] CG iter 1: obj=146002963.212904, maxRC=59486106.897696, +23 cols
      [BB] 根节点即为整数解，obj=175661796.077376
    [CG]   [DIAG] iter=1 posCols=23 newCols=23 effImprove=23 updated=0
    [CG]   [DIAG] iter=1 posCols=23 newCols=23 effImprove=23 updated=0
    [CG] CG iter 3: obj=166029276.860692, maxRC=5118128.238817, +15 cols
    [CG]   [DIAG] iter=3 posCols=15 newCols=15 effImprove=15 updated=0
    [CG] CG iter 2: obj=161878764.382288, maxRC=10621685.622376, +16 cols
    [CG] CG iter 2: obj=161581769.888956, maxRC=9378594.014290, +17 cols
    [CG] 列生成开始，初始列数=128
    [CG]   [DIAG] iter=2 posCols=16 newCols=16 effImprove=16 updated=0
    [CG]   [DIAG] iter=2 posCols=17 newCols=17 effImprove=17 updated=0
    [CG] CG iter 4: obj=175633591.736555, maxRC=2671769.720189, +6 cols
    [CG]   [DIAG] iter=4 posCols=6 newCols=6 effImprove=6 updated=0
    [CG] CG iter 2: obj=161857200.419315, maxRC=10623249.857382, +16 cols
    [CG]   [DIAG] iter=2 posCols=16 newCols=16 effImprove=16 updated=0
    [CG] CG iter 2: obj=161831220.358240, maxRC=10601539.291205, +16 cols
    [CG] 列生成开始，初始列数=128
    [CG]   [DIAG] iter=2 posCols=16 newCols=16 effImprove=16 updated=0
    [CG] CG iter 5: obj=175688679.513678, maxRC=942704.233561, +1 cols
    [CG]   [DIAG] iter=5 posCols=1 newCols=1 effImprove=1 updated=0
    [CG] CG iter 3: obj=165903287.758478, maxRC=4680693.058078, +14 cols
    [CG] CG iter 3: obj=171875127.301768, maxRC=7654780.565132, +12 cols
    [CG]   [DIAG] iter=3 posCols=12 newCols=12 effImprove=12 updated=0
    [CG]   [DIAG] iter=3 posCols=14 newCols=14 effImprove=14 updated=0
    [CG] CG iter 3: obj=165879813.543148, maxRC=4667305.077091, +14 cols
    [CG]   [DIAG] iter=3 posCols=14 newCols=14 effImprove=14 updated=0
    [CG] CG iter 3: obj=165859239.432474, maxRC=4690784.936696, +14 cols
    [CG] 列生成收敛，共 6 轮迭代
    [CG]   [DIAG] iter=3 posCols=14 newCols=14 effImprove=14 updated=0
    [CG] [CG-NODE] depth=0 exit=CERTIFIED certified=1 feasible=1 iters=6 generatedColsBeforeNode=0 newCols=61 posCandidates=61 duplicateCandidates=0 updatedCols=0 zeroObjImproveIters=1 objFirst=145852796.335967 objLast=175688679.513678 objGain=29835883.177710 maxRC=59519841.930057 wallSec=0.017377 pricingSec=0.011880 cplexSolveSec=0.003246
      [BB] 根节点即为整数解，obj=175688679.513678
    [CG] CG iter 4: obj=174493119.054707, maxRC=2360841.822335, +8 cols
    [CG]   [DIAG] iter=4 posCols=8 newCols=8 effImprove=8 updated=0
    [CG] CG iter 4: obj=174530326.626057, maxRC=2360557.280068, +8 cols
    [CG] CG iter 4: obj=174464893.811903, maxRC=1470111.572033, +5 cols
    [CG]   [DIAG] iter=4 posCols=5 newCols=5 effImprove=5 updated=0
    [CG]   [DIAG] iter=4 posCols=8 newCols=8 effImprove=8 updated=0
    [CG] CG iter 4: obj=174504521.634788, maxRC=2360557.280068, +8 cols
    [CG]   [DIAG] iter=4 posCols=8 newCols=8 effImprove=8 updated=0
    [CG] CG iter 5: obj=175803395.414484, maxRC=329089.017528, +2 cols
    [CG]   [DIAG] iter=5 posCols=2 newCols=2 effImprove=2 updated=0
    [CG] CG iter 5: obj=175846132.634248, maxRC=336753.722206, +2 cols
    [CG]   [DIAG] iter=5 posCols=2 newCols=2 effImprove=2 updated=0
    [CG] CG iter 5: obj=175819326.852203, maxRC=336780.782594, +2 cols
    [CG]   [DIAG] iter=5 posCols=2 newCols=2 effImprove=2 updated=0
    [CG] CG iter 5: obj=175667799.856500, maxRC=1511559.966755, +3 cols
    [CG]   [DIAG] iter=5 posCols=3 newCols=3 effImprove=3 updated=0
    [CG] 列生成收敛，共 6 轮迭代
    [CG] [CG-NODE] depth=0 exit=CERTIFIED certified=1 feasible=1 iters=6 generatedColsBeforeNode=0 newCols=63 posCandidates=63 duplicateCandidates=0 updatedCols=0 zeroObjImproveIters=1 objFirst=145994890.297759 objLast=175803395.414484 objGain=29808505.116726 maxRC=59519550.623274 wallSec=0.014513 pricingSec=0.010203 cplexSolveSec=0.002380
      [BB] 根节点即为整数解，obj=175803395.414484
    [CG] 列生成收敛，共 6 轮迭代
    [CG] [CG-NODE] depth=0 exit=CERTIFIED certified=1 feasible=1 iters=6 generatedColsBeforeNode=0 newCols=63 posCandidates=63 duplicateCandidates=0 updatedCols=0 zeroObjImproveIters=1 objFirst=146002963.212904 objLast=175819326.852203 objGain=29816363.639299 maxRC=59486106.897696 wallSec=0.014980 pricingSec=0.010676 cplexSolveSec=0.002394
    [CG] 列生成收敛，共 6 轮迭代
    [CG] [CG-NODE] depth=0 exit=CERTIFIED certified=1 feasible=1 iters=6 generatedColsBeforeNode=0 newCols=63 posCandidates=63 duplicateCandidates=0 updatedCols=0 zeroObjImproveIters=1 objFirst=145857204.819850 objLast=175846132.634248 objGain=29988927.814398 maxRC=59511471.757246 wallSec=0.018541 pricingSec=0.012698 cplexSolveSec=0.003201
    [CG] 列生成收敛，共 6 轮迭代
    [CG] [CG-NODE] depth=0 exit=CERTIFIED certified=1 feasible=1 iters=6 generatedColsBeforeNode=0 newCols=60 posCandidates=60 duplicateCandidates=0 updatedCols=0 zeroObjImproveIters=1 objFirst=145736061.418706 objLast=175667799.856500 objGain=29931738.437793 maxRC=59336210.912176 wallSec=0.018575 pricingSec=0.012767 cplexSolveSec=0.003206
      [BB] 根节点即为整数解，obj=175819326.852203
      [BB] 根节点即为整数解，obj=175846132.634248
      [BB] 根节点即为整数解，obj=175667799.856500
    [CG] 列生成开始，初始列数=128
    [CG] CG iter 1: obj=145937419.123412, maxRC=59401328.363874, +23 cols
    [CG]   [DIAG] iter=1 posCols=23 newCols=23 effImprove=23 updated=0
    [CG] CG iter 1: obj=145454911.455429, maxRC=59489052.276442, +23 cols
    [CG]   [DIAG] iter=1 posCols=23 newCols=23 effImprove=23 updated=0
    [CG] CG iter 1: obj=145779461.134764, maxRC=59513894.439822, +23 cols
    [CG]   [DIAG] iter=1 posCols=23 newCols=23 effImprove=23 updated=0
    [CG] CG iter 2: obj=161739860.934790, maxRC=10782048.763705, +16 cols
    [CG]   [DIAG] iter=2 posCols=16 newCols=16 effImprove=16 updated=0
    [CG] CG iter 2: obj=161682205.006885, maxRC=9410259.108342, +17 cols
    [CG]   [DIAG] iter=2 posCols=17 newCols=17 effImprove=17 updated=0
    [CG] CG iter 1: obj=145877501.330908, maxRC=59513894.439822, +23 cols
    [CG]   [DIAG] iter=1 posCols=23 newCols=23 effImprove=23 updated=0
    [CG] CG iter 2: obj=161884791.894082, maxRC=10623464.266662, +16 cols
    [CG]   [DIAG] iter=2 posCols=16 newCols=16 effImprove=16 updated=0
    [CG] CG iter 3: obj=165068758.926194, maxRC=5767247.335037, +15 cols
    [CG]   [DIAG] iter=3 posCols=15 newCols=15 effImprove=15 updated=0
    [CG] CG iter 2: obj=161840210.600735, maxRC=10623464.266662, +16 cols
    [CG]   [DIAG] iter=2 posCols=16 newCols=16 effImprove=16 updated=0
    [CG] CG iter 4: obj=174339257.585465, maxRC=2576381.637015, +8 cols
    [CG]   [DIAG] iter=4 posCols=8 newCols=8 effImprove=8 updated=0
    [CG] CG iter 3: obj=165883852.661304, maxRC=4669783.793199, +14 cols
    [CG]   [DIAG] iter=3 posCols=14 newCols=14 effImprove=14 updated=0
    [CG] CG iter 3: obj=172017816.670932, maxRC=9688684.038446, +15 cols
    [CG] CG iter 3: obj=165862405.152444, maxRC=4663327.437744, +14 cols
    [CG]   [DIAG] iter=3 posCols=14 newCols=14 effImprove=14 updated=0
    [CG]   [DIAG] iter=3 posCols=15 newCols=15 effImprove=15 updated=0
    [CG] CG iter 5: obj=175604704.651280, maxRC=4029.552486, +1 cols
    [CG]   [DIAG] iter=5 posCols=1 newCols=1 effImprove=1 updated=0
    [CG] CG iter 4: obj=174470008.978540, maxRC=2360924.946246, +8 cols
    [CG]   [DIAG] iter=4 posCols=8 newCols=8 effImprove=8 updated=0
    [CG] CG iter 4: obj=174502718.671374, maxRC=2360557.280068, +8 cols
    [CG]   [DIAG] iter=4 posCols=8 newCols=8 effImprove=8 updated=0
    [CG] 列生成收敛，共 6 轮迭代
    [CG] [CG-NODE] depth=0 exit=CERTIFIED certified=1 feasible=1 iters=6 generatedColsBeforeNode=0 newCols=63 posCandidates=63 duplicateCandidates=0 updatedCols=0 zeroObjImproveIters=1 objFirst=145454911.455429 objLast=175604704.651280 objGain=30149793.195851 maxRC=59489052.276442 wallSec=0.011644 pricingSec=0.008069 cplexSolveSec=0.002105
    [CG] CG iter 5: obj=175780286.015628, maxRC=326762.589041, +2 cols
    [CG]   [DIAG] iter=5 posCols=2 newCols=2 effImprove=2 updated=0
    [CG] CG iter 5: obj=175818287.414960, maxRC=358834.674282, +2 cols
      [BB] 根节点即为整数解，obj=175604704.651280
    [CG]   [DIAG] iter=5 posCols=2 newCols=2 effImprove=2 updated=0
    [CG] CG iter 4: obj=174532890.085981, maxRC=5161192.266757, +12 cols
    [CG]   [DIAG] iter=4 posCols=12 newCols=12 effImprove=12 updated=0
    [CG] 列生成收敛，共 6 轮迭代
    [CG] [CG-NODE] depth=0 exit=CERTIFIED certified=1 feasible=1 iters=6 generatedColsBeforeNode=0 newCols=63 posCandidates=63 duplicateCandidates=0 updatedCols=0 zeroObjImproveIters=1 objFirst=145877501.330908 objLast=175780286.015628 objGain=29902784.684720 maxRC=59513894.439822 wallSec=0.008458 pricingSec=0.005570 cplexSolveSec=0.001655
    [CG] 列生成收敛，共 6 轮迭代
    [CG] [CG-NODE] depth=0 exit=CERTIFIED certified=1 feasible=1 iters=6 generatedColsBeforeNode=0 newCols=63 posCandidates=63 duplicateCandidates=0 updatedCols=0 zeroObjImproveIters=1 objFirst=145779461.134764 objLast=175818287.414960 objGain=30038826.280196 maxRC=59513894.439822 wallSec=0.011505 pricingSec=0.007923 cplexSolveSec=0.002170
      [BB] 根节点即为整数解，obj=175780286.015628
      [BB] 根节点即为整数解，obj=175818287.414960
    [CG] CG iter 5: obj=174532890.085981, maxRC=1190424.453580, +5 cols
    [CG]   [DIAG] iter=5 posCols=5 newCols=5 effImprove=5 updated=0
    [CG] CG iter 6: obj=175723314.539561, maxRC=1052344.674112, +3 cols
    [CG]   [DIAG] iter=6 posCols=3 newCols=3 effImprove=3 updated=0
    [CG] 列生成收敛，共 7 轮迭代
    [CG] [CG-NODE] depth=0 exit=CERTIFIED certified=1 feasible=1 iters=7 generatedColsBeforeNode=0 newCols=75 posCandidates=75 duplicateCandidates=0 updatedCols=0 zeroObjImproveIters=2 objFirst=145937419.123412 objLast=175723314.539561 objGain=29785895.416150 maxRC=59401328.363874 wallSec=0.018325 pricingSec=0.013418 cplexSolveSec=0.003030
      [BB] 根节点即为整数解，obj=175723314.539561
[GA] 代数 5: Best=175883804.52, Avg=175763936.32, Worst=175510742.22, Valid=30/30, 耗时=0.06s (连续5代未提升)
  ├─ 求解: 30 个体 fork 并行 | CG迭代=171 加列=1765 BB分支=0
  ├─ 并行墙钟=0.0605s | 串行等效(ΣBP)=0.3964s | 加速比=6.56x
  ├─ 管理开销=-0.3359s (fork=0.0041 wait=0.0558 merge=0.0004)
  └─ CG明细: gen_logs/run_gen5_ind{0..29}.log
    [CG] 列生成开始，初始列数=128
    [CG] 列生成开始，初始列数=128
    [CG] 列生成开始，初始列数=128
    [CG] 列生成开始，初始列数=128
    [CG] 列生成开始，初始列数=128
    [CG] 列生成开始，初始列数=128
    [CG] 列生成开始，初始列数=128
    [CG] 列生成开始，初始列数=128
    [CG] CG iter 1: obj=145793064.308884, maxRC=59172460.357365, +23 cols
    [CG]   [DIAG] iter=1 posCols=23 newCols=23 effImprove=23 updated=0
    [CG] CG iter 1: obj=145842119.466436, maxRC=59513894.439822, +23 cols
    [CG]   [DIAG] iter=1 posCols=23 newCols=23 effImprove=23 updated=0
    [CG] CG iter 2: obj=161301716.501479, maxRC=9288781.030611, +17 cols
    [CG]   [DIAG] iter=2 posCols=17 newCols=17 effImprove=17 updated=0
    [CG] CG iter 2: obj=161808932.987103, maxRC=10623479.978949, +16 cols
    [CG]   [DIAG] iter=2 posCols=16 newCols=16 effImprove=16 updated=0
    [CG] CG iter 3: obj=171741079.272320, maxRC=7584071.570982, +12 cols
    [CG]   [DIAG] iter=3 posCols=12 newCols=12 effImprove=12 updated=0
    [CG] CG iter 3: obj=166115287.598548, maxRC=5118128.238817, +15 cols
    [CG] CG iter 4: obj=174264621.767145, maxRC=1470111.572033, +5 cols
    [CG]   [DIAG] iter=4 posCols=5 newCols=5 effImprove=5 updated=0
    [CG]   [DIAG] iter=3 posCols=15 newCols=15 effImprove=15 updated=0
    [CG] CG iter 4: obj=175719611.259167, maxRC=2671769.720189, +6 cols
    [CG]   [DIAG] iter=4 posCols=6 newCols=6 effImprove=6 updated=0
    [CG] CG iter 5: obj=175502863.843676, maxRC=1508853.767681, +3 cols
    [CG]   [DIAG] iter=5 posCols=3 newCols=3 effImprove=3 updated=0
    [CG] CG iter 5: obj=175774739.938161, maxRC=942709.956548, +1 cols
    [CG]   [DIAG] iter=5 posCols=1 newCols=1 effImprove=1 updated=0
    [CG] 列生成收敛，共 6 轮迭代
    [CG] [CG-NODE] depth=0 exit=CERTIFIED certified=1 feasible=1 iters=6 generatedColsBeforeNode=0 newCols=60 posCandidates=60 duplicateCandidates=0 updatedCols=0 zeroObjImproveIters=1 objFirst=145793064.308884 objLast=175502863.843676 objGain=29709799.534792 maxRC=59172460.357365 wallSec=0.007877 pricingSec=0.005281 cplexSolveSec=0.001436
      [BB] 根节点即为整数解，obj=175502863.843676
    [CG] 列生成收敛，共 6 轮迭代
    [CG] [CG-NODE] depth=0 exit=CERTIFIED certified=1 feasible=1 iters=6 generatedColsBeforeNode=0 newCols=61 posCandidates=61 duplicateCandidates=0 updatedCols=0 zeroObjImproveIters=1 objFirst=145842119.466436 objLast=175774739.938161 objGain=29932620.471726 maxRC=59513894.439822 wallSec=0.007980 pricingSec=0.005260 cplexSolveSec=0.001522
      [BB] 根节点即为整数解，obj=175774739.938161
    [CG] 列生成开始，初始列数=128
    [CG] 列生成开始，初始列数=128
    [CG] CG iter 1: obj=145863027.761506, maxRC=59519841.930057, +23 cols
    [CG]   [DIAG] iter=1 posCols=23 newCols=23 effImprove=23 updated=0
    [CG] CG iter 1: obj=145919528.869063, maxRC=59519541.350440, +23 cols
    [CG]   [DIAG] iter=1 posCols=23 newCols=23 effImprove=23 updated=0
    [CG] CG iter 1: obj=145874181.726960, maxRC=59513894.439822, +23 cols
    [CG] CG iter 1: obj=145994635.515226, maxRC=59519550.350332, +23 cols
    [CG]   [DIAG] iter=1 posCols=23 newCols=23 effImprove=23 updated=0
    [CG] CG iter 1: obj=145827511.806566, maxRC=59519841.930057, +23 cols
    [CG]   [DIAG] iter=1 posCols=23 newCols=23 effImprove=23 updated=0
    [CG]   [DIAG] iter=1 posCols=23 newCols=23 effImprove=23 updated=0
    [CG] CG iter 2: obj=161742005.658157, maxRC=10703378.717734, +16 cols
    [CG]   [DIAG] iter=2 posCols=16 newCols=16 effImprove=16 updated=0
    [CG] CG iter 1: obj=145852797.148375, maxRC=59519841.932199, +23 cols
    [CG] CG iter 2: obj=161797216.016384, maxRC=10623495.450393, +16 cols
    [CG]   [DIAG] iter=1 posCols=23 newCols=23 effImprove=23 updated=0
    [CG]   [DIAG] iter=2 posCols=16 newCols=16 effImprove=16 updated=0
    [CG] CG iter 2: obj=161838120.811629, maxRC=10625899.383793, +16 cols
    [CG]   [DIAG] iter=2 posCols=16 newCols=16 effImprove=16 updated=0
    [CG] CG iter 2: obj=161856990.345484, maxRC=10623249.857382, +16 cols
    [CG]   [DIAG] iter=2 posCols=16 newCols=16 effImprove=16 updated=0
    [CG] CG iter 2: obj=161701476.434627, maxRC=10623494.814960, +16 cols
    [CG]   [DIAG] iter=2 posCols=16 newCols=16 effImprove=16 updated=0
    [CG] CG iter 3: obj=165099349.366564, maxRC=5764641.129509, +16 cols
    [CG]   [DIAG] iter=3 posCols=16 newCols=16 effImprove=16 updated=0
    [CG] CG iter 3: obj=165814513.208190, maxRC=4627336.910391, +14 cols
    [CG]   [DIAG] iter=3 posCols=14 newCols=14 effImprove=14 updated=0
    [CG] CG iter 2: obj=161722949.188907, maxRC=10623476.759163, +16 cols
    [CG]   [DIAG] iter=2 posCols=16 newCols=16 effImprove=16 updated=0
    [CG] CG iter 3: obj=165859088.294869, maxRC=4663205.578842, +14 cols
    [CG]   [DIAG] iter=3 posCols=14 newCols=14 effImprove=14 updated=0
    [CG] CG iter 3: obj=165879604.805751, maxRC=4667305.077091, +14 cols
    [CG] CG iter 4: obj=174349210.513394, maxRC=2526934.837623, +8 cols
    [CG]   [DIAG] iter=3 posCols=14 newCols=14 effImprove=14 updated=0
    [CG]   [DIAG] iter=4 posCols=8 newCols=8 effImprove=8 updated=0
    [CG] CG iter 3: obj=166009903.950397, maxRC=5118128.238817, +15 cols
    [CG]   [DIAG] iter=3 posCols=15 newCols=15 effImprove=15 updated=0
    [CG] CG iter 4: obj=174391959.558236, maxRC=1288600.791688, +4 cols
    [CG]   [DIAG] iter=4 posCols=4 newCols=4 effImprove=4 updated=0
    [CG] CG iter 5: obj=175660313.815688, maxRC=15800.289285, +1 cols
    [CG] CG iter 4: obj=174466541.279420, maxRC=2360924.946246, +8 cols
    [CG] CG iter 1: obj=145657825.565682, maxRC=59519550.350332, +23 cols
    [CG]   [DIAG] iter=5 posCols=1 newCols=1 effImprove=1 updated=0
    [CG]   [DIAG] iter=4 posCols=8 newCols=8 effImprove=8 updated=0
    [CG] CG iter 4: obj=174492871.672293, maxRC=2360841.822335, +8 cols
    [CG]   [DIAG] iter=4 posCols=8 newCols=8 effImprove=8 updated=0
    [CG] CG iter 4: obj=175612100.015619, maxRC=2671769.720189, +6 cols
    [CG]   [DIAG] iter=1 posCols=23 newCols=23 effImprove=23 updated=0
    [CG]   [DIAG] iter=4 posCols=6 newCols=6 effImprove=6 updated=0
    [CG] CG iter 3: obj=166029279.258298, maxRC=5118128.238817, +15 cols
    [CG]   [DIAG] iter=3 posCols=15 newCols=15 effImprove=15 updated=0
    [CG] 列生成收敛，共 5 轮迭代
    [CG] [CG-NODE] depth=0 exit=CERTIFIED certified=1 feasible=1 iters=5 generatedColsBeforeNode=0 newCols=57 posCandidates=57 duplicateCandidates=0 updatedCols=0 zeroObjImproveIters=0 objFirst=145919528.869063 objLast=175680560.349924 objGain=29761031.480861 maxRC=59519541.350440 wallSec=0.016831 pricingSec=0.011940 cplexSolveSec=0.002765
    [CG] 列生成收敛，共 6 轮迭代
    [CG] CG iter 5: obj=175776137.166594, maxRC=327121.416645, +2 cols
      [BB] 根节点即为整数解，obj=175680560.349924
    [CG] [CG-NODE] depth=0 exit=CERTIFIED certified=1 feasible=1 iters=6 generatedColsBeforeNode=0 newCols=64 posCandidates=64 duplicateCandidates=0 updatedCols=0 zeroObjImproveIters=1 objFirst=145863027.761506 objLast=175660313.815688 objGain=29797286.054182 maxRC=59519841.930057 wallSec=0.017668 pricingSec=0.012226 cplexSolveSec=0.003163
    [CG]   [DIAG] iter=5 posCols=2 newCols=2 effImprove=2 updated=0
    [CG] CG iter 5: obj=175803185.340653, maxRC=329089.017528, +2 cols
    [CG]   [DIAG] iter=5 posCols=2 newCols=2 effImprove=2 updated=0
    [CG] CG iter 5: obj=175667201.594262, maxRC=938912.121977, +1 cols
    [CG]   [DIAG] iter=5 posCols=1 newCols=1 effImprove=1 updated=0
    [CG] CG iter 4: obj=175633581.079695, maxRC=2671769.720189, +6 cols
    [CG]   [DIAG] iter=4 posCols=6 newCols=6 effImprove=6 updated=0
      [BB] 根节点即为整数解，obj=175660313.815688
    [CG] 列生成收敛，共 6 轮迭代
    [CG] 列生成收敛，共 6 轮迭代
    [CG] [CG-NODE] depth=0 exit=CERTIFIED certified=1 feasible=1 iters=6 generatedColsBeforeNode=0 newCols=63 posCandidates=63 duplicateCandidates=0 updatedCols=0 zeroObjImproveIters=1 objFirst=145874181.726960 objLast=175776137.166594 objGain=29901955.439634 maxRC=59513894.439822 wallSec=0.017971 pricingSec=0.012384 cplexSolveSec=0.003130
    [CG] [CG-NODE] depth=0 exit=CERTIFIED certified=1 feasible=1 iters=6 generatedColsBeforeNode=0 newCols=61 posCandidates=61 duplicateCandidates=0 updatedCols=0 zeroObjImproveIters=1 objFirst=145827511.806566 objLast=175667201.594262 objGain=29839689.787696 maxRC=59519841.930057 wallSec=0.018041 pricingSec=0.012488 cplexSolveSec=0.003123
    [CG] 列生成收敛，共 6 轮迭代
    [CG] [CG-NODE] depth=0 exit=CERTIFIED certified=1 feasible=1 iters=6 generatedColsBeforeNode=0 newCols=63 posCandidates=63 duplicateCandidates=0 updatedCols=0 zeroObjImproveIters=1 objFirst=145994635.515226 objLast=175803185.340653 objGain=29808549.825428 maxRC=59519550.350332 wallSec=0.017921 pricingSec=0.012372 cplexSolveSec=0.003113
      [BB] 根节点即为整数解，obj=175667201.594262
      [BB] 根节点即为整数解，obj=175776137.166594
    [CG] CG iter 5: obj=175688682.658339, maxRC=942704.233561, +1 cols
    [CG]   [DIAG] iter=5 posCols=1 newCols=1 effImprove=1 updated=0
      [BB] 根节点即为整数解，obj=175803185.340653
    [CG] CG iter 2: obj=161723877.942986, maxRC=10623249.857382, +16 cols
    [CG]   [DIAG] iter=2 posCols=16 newCols=16 effImprove=16 updated=0
    [CG] 列生成收敛，共 6 轮迭代
    [CG] [CG-NODE] depth=0 exit=CERTIFIED certified=1 feasible=1 iters=6 generatedColsBeforeNode=0 newCols=61 posCandidates=61 duplicateCandidates=0 updatedCols=0 zeroObjImproveIters=1 objFirst=145852797.148375 objLast=175688682.658339 objGain=29835885.509963 maxRC=59519841.932199 wallSec=0.018256 pricingSec=0.012678 cplexSolveSec=0.003048
      [BB] 根节点即为整数解，obj=175688682.658339
    [CG] 列生成开始，初始列数=128
    [CG] CG iter 3: obj=165510602.054758, maxRC=4571672.423279, +14 cols
    [CG]   [DIAG] iter=3 posCols=14 newCols=14 effImprove=14 updated=0
    [CG] CG iter 4: obj=174029744.647826, maxRC=2360841.822335, +6 cols
    [CG]   [DIAG] iter=4 posCols=6 newCols=6 effImprove=6 updated=0
    [CG] CG iter 5: obj=175420263.129920, maxRC=536033.634518, +3 cols
    [CG]   [DIAG] iter=5 posCols=3 newCols=3 effImprove=3 updated=0
    [CG] 列生成开始，初始列数=128
    [CG] 列生成开始，初始列数=128
    [CG] 列生成开始，初始列数=128
    [CG] CG iter 1: obj=145928822.716039, maxRC=59513786.873314, +23 cols
    [CG] 列生成收敛，共 6 轮迭代
    [CG]   [DIAG] iter=1 posCols=23 newCols=23 effImprove=23 updated=0
    [CG] [CG-NODE] depth=0 exit=CERTIFIED certified=1 feasible=1 iters=6 generatedColsBeforeNode=0 newCols=62 posCandidates=62 duplicateCandidates=0 updatedCols=0 zeroObjImproveIters=1 objFirst=145657825.565682 objLast=175420263.129920 objGain=29762437.564238 maxRC=59519550.350332 wallSec=0.013845 pricingSec=0.009139 cplexSolveSec=0.002748
    [CG] 列生成开始，初始列数=128
      [BB] 根节点即为整数解，obj=175420263.129920
    [CG] CG iter 2: obj=161882512.519902, maxRC=10624324.039956, +16 cols
    [CG]   [DIAG] iter=2 posCols=16 newCols=16 effImprove=16 updated=0
    [CG] 列生成开始，初始列数=128
    [CG] CG iter 1: obj=145828449.101916, maxRC=59374332.332163, +23 cols
    [CG] CG iter 3: obj=165906444.566274, maxRC=4679872.669900, +14 cols
    [CG]   [DIAG] iter=3 posCols=14 newCols=14 effImprove=14 updated=0
    [CG]   [DIAG] iter=1 posCols=23 newCols=23 effImprove=23 updated=0
    [CG] CG iter 4: obj=174532347.236924, maxRC=2360557.280068, +8 cols
    [CG]   [DIAG] iter=4 posCols=8 newCols=8 effImprove=8 updated=0
    [CG] CG iter 2: obj=161641473.945110, maxRC=9398830.858845, +17 cols
    [CG] CG iter 5: obj=175847719.340370, maxRC=336753.722206, +2 cols
    [CG]   [DIAG] iter=2 posCols=17 newCols=17 effImprove=17 updated=0
    [CG]   [DIAG] iter=5 posCols=2 newCols=2 effImprove=2 updated=0
    [CG] 列生成收敛，共 6 轮迭代
    [CG] [CG-NODE] depth=0 exit=CERTIFIED certified=1 feasible=1 iters=6 generatedColsBeforeNode=0 newCols=63 posCandidates=63 duplicateCandidates=0 updatedCols=0 zeroObjImproveIters=1 objFirst=145928822.716039 objLast=175847719.340370 objGain=29918896.624331 maxRC=59513786.873314 wallSec=0.018709 pricingSec=0.012987 cplexSolveSec=0.003231
      [BB] 根节点即为整数解，obj=175847719.340370
    [CG] CG iter 3: obj=171988741.568929, maxRC=7583975.518089, +12 cols
    [CG]   [DIAG] iter=3 posCols=12 newCols=12 effImprove=12 updated=0
    [CG] CG iter 4: obj=174506713.292625, maxRC=1470111.572033, +5 cols
    [CG]   [DIAG] iter=4 posCols=5 newCols=5 effImprove=5 updated=0
    [CG] CG iter 5: obj=175701643.842277, maxRC=1508707.106260, +3 cols
    [CG]   [DIAG] iter=5 posCols=3 newCols=3 effImprove=3 updated=0
    [CG] 列生成开始，初始列数=128
    [CG] 列生成收敛，共 6 轮迭代
    [CG] [CG-NODE] depth=0 exit=CERTIFIED certified=1 feasible=1 iters=6 generatedColsBeforeNode=0 newCols=60 posCandidates=60 duplicateCandidates=0 updatedCols=0 zeroObjImproveIters=1 objFirst=145828449.101916 objLast=175701643.842277 objGain=29873194.740360 maxRC=59374332.332163 wallSec=0.011999 pricingSec=0.007795 cplexSolveSec=0.002460
      [BB] 根节点即为整数解，obj=175701643.842277
    [CG] CG iter 1: obj=145794562.075725, maxRC=59513786.873314, +23 cols
    [CG] CG iter 1: obj=145934546.642576, maxRC=59513786.873314, +23 cols
    [CG] CG iter 1: obj=146031281.241824, maxRC=59519541.350440, +23 cols
    [CG]   [DIAG] iter=1 posCols=23 newCols=23 effImprove=23 updated=0
    [CG]   [DIAG] iter=1 posCols=23 newCols=23 effImprove=23 updated=0
    [CG]   [DIAG] iter=1 posCols=23 newCols=23 effImprove=23 updated=0
    [CG] CG iter 1: obj=146032969.925220, maxRC=59519779.142325, +23 cols
    [CG] 列生成开始，初始列数=128
    [CG]   [DIAG] iter=1 posCols=23 newCols=23 effImprove=23 updated=0
    [CG] CG iter 1: obj=145824627.731283, maxRC=59513894.439822, +23 cols
    [CG]   [DIAG] iter=1 posCols=23 newCols=23 effImprove=23 updated=0
    [CG] CG iter 2: obj=161888866.082429, maxRC=10623431.066813, +16 cols
    [CG] CG iter 2: obj=161747041.460069, maxRC=10623300.567101, +16 cols
    [CG] CG iter 2: obj=161888156.729554, maxRC=10623316.279388, +16 cols
    [CG]   [DIAG] iter=2 posCols=16 newCols=16 effImprove=16 updated=0
    [CG]   [DIAG] iter=2 posCols=16 newCols=16 effImprove=16 updated=0
    [CG] CG iter 2: obj=161888354.068564, maxRC=10623495.450393, +16 cols
    [CG]   [DIAG] iter=2 posCols=16 newCols=16 effImprove=16 updated=0
    [CG]   [DIAG] iter=2 posCols=16 newCols=16 effImprove=16 updated=0
    [CG] CG iter 2: obj=161879789.452310, maxRC=10624487.739518, +16 cols
    [CG]   [DIAG] iter=2 posCols=16 newCols=16 effImprove=16 updated=0
    [CG] CG iter 3: obj=165913107.076688, maxRC=4679815.359542, +14 cols
    [CG]   [DIAG] iter=3 posCols=14 newCols=14 effImprove=14 updated=0
    [CG] CG iter 3: obj=165771293.863710, maxRC=4679872.669900, +14 cols
    [CG] CG iter 3: obj=165912411.132435, maxRC=4679872.669900, +14 cols
    [CG]   [DIAG] iter=3 posCols=14 newCols=14 effImprove=14 updated=0
    [CG] CG iter 3: obj=165912522.700564, maxRC=4679881.429206, +14 cols
    [CG]   [DIAG] iter=3 posCols=14 newCols=14 effImprove=14 updated=0
    [CG]   [DIAG] iter=3 posCols=14 newCols=14 effImprove=14 updated=0
    [CG] CG iter 4: obj=174539853.642418, maxRC=2360557.280068, +8 cols
    [CG]   [DIAG] iter=4 posCols=8 newCols=8 effImprove=8 updated=0
    [CG] CG iter 3: obj=165878063.851025, maxRC=4669620.870667, +14 cols
    [CG]   [DIAG] iter=3 posCols=14 newCols=14 effImprove=14 updated=0
    [CG] CG iter 5: obj=175854621.755630, maxRC=336753.722206, +2 cols
    [CG] CG iter 4: obj=174367397.653815, maxRC=2360557.280068, +8 cols
    [CG]   [DIAG] iter=5 posCols=2 newCols=2 effImprove=2 updated=0
    [CG] CG iter 4: obj=174539117.138613, maxRC=2360557.280068, +8 cols
    [CG]   [DIAG] iter=4 posCols=8 newCols=8 effImprove=8 updated=0
    [CG]   [DIAG] iter=4 posCols=8 newCols=8 effImprove=8 updated=0
    [CG] CG iter 4: obj=174539334.240927, maxRC=2360557.280068, +8 cols
    [CG]   [DIAG] iter=4 posCols=8 newCols=8 effImprove=8 updated=0
    [CG] 列生成收敛，共 6 轮迭代
    [CG] [CG-NODE] depth=0 exit=CERTIFIED certified=1 feasible=1 iters=6 generatedColsBeforeNode=0 newCols=63 posCandidates=63 duplicateCandidates=0 updatedCols=0 zeroObjImproveIters=1 objFirst=146032969.925220 objLast=175854621.755630 objGain=29821651.830410 maxRC=59519779.142325 wallSec=0.013831 pricingSec=0.009591 cplexSolveSec=0.002431
      [BB] 根节点即为整数解，obj=175854621.755630
    [CG] CG iter 5: obj=175712889.152508, maxRC=336753.722206, +2 cols
    [CG] CG iter 4: obj=174496083.655019, maxRC=2360557.280068, +8 cols
    [CG]   [DIAG] iter=5 posCols=2 newCols=2 effImprove=2 updated=0
    [CG] CG iter 5: obj=175853997.494033, maxRC=336753.722206, +2 cols
    [CG]   [DIAG] iter=5 posCols=2 newCols=2 effImprove=2 updated=0
    [CG]   [DIAG] iter=4 posCols=8 newCols=8 effImprove=8 updated=0
    [CG] CG iter 5: obj=175854071.945988, maxRC=336753.722206, +2 cols
    [CG] 列生成开始，初始列数=128
    [CG]   [DIAG] iter=5 posCols=2 newCols=2 effImprove=2 updated=0
    [CG] CG iter 1: obj=145931095.893244, maxRC=59513786.873314, +23 cols
    [CG]   [DIAG] iter=1 posCols=23 newCols=23 effImprove=23 updated=0
    [CG] 列生成收敛，共 6 轮迭代
    [CG] 列生成收敛，共 6 轮迭代
    [CG] [CG-NODE] depth=0 exit=CERTIFIED certified=1 feasible=1 iters=6 generatedColsBeforeNode=0 newCols=63 posCandidates=63 duplicateCandidates=0 updatedCols=0 zeroObjImproveIters=1 objFirst=145794562.075725 objLast=175712889.152508 objGain=29918327.076783 maxRC=59513786.873314 wallSec=0.018605 pricingSec=0.012672 cplexSolveSec=0.003252
    [CG] [CG-NODE] depth=0 exit=CERTIFIED certified=1 feasible=1 iters=6 generatedColsBeforeNode=0 newCols=63 posCandidates=63 duplicateCandidates=0 updatedCols=0 zeroObjImproveIters=1 objFirst=145934546.642576 objLast=175853997.494033 objGain=29919450.851457 maxRC=59513786.873314 wallSec=0.018490 pricingSec=0.012592 cplexSolveSec=0.003265
    [CG] CG iter 5: obj=175812128.178198, maxRC=359188.990977, +2 cols
    [CG]   [DIAG] iter=5 posCols=2 newCols=2 effImprove=2 updated=0
    [CG] 列生成收敛，共 6 轮迭代
    [CG] [CG-NODE] depth=0 exit=CERTIFIED certified=1 feasible=1 iters=6 generatedColsBeforeNode=0 newCols=63 posCandidates=63 duplicateCandidates=0 updatedCols=0 zeroObjImproveIters=1 objFirst=146031281.241824 objLast=175854071.945988 objGain=29822790.704163 maxRC=59519541.350440 wallSec=0.018611 pricingSec=0.012654 cplexSolveSec=0.003244
      [BB] 根节点即为整数解，obj=175712889.152508
      [BB] 根节点即为整数解，obj=175853997.494033
      [BB] 根节点即为整数解，obj=175854071.945988
    [CG] 列生成收敛，共 6 轮迭代
    [CG] [CG-NODE] depth=0 exit=CERTIFIED certified=1 feasible=1 iters=6 generatedColsBeforeNode=0 newCols=63 posCandidates=63 duplicateCandidates=0 updatedCols=0 zeroObjImproveIters=1 objFirst=145824627.731283 objLast=175812128.178198 objGain=29987500.446915 maxRC=59513894.439822 wallSec=0.018275 pricingSec=0.012626 cplexSolveSec=0.003060
      [BB] 根节点即为整数解，obj=175812128.178198
    [CG] CG iter 2: obj=161884959.152542, maxRC=10627747.267072, +16 cols
    [CG]   [DIAG] iter=2 posCols=16 newCols=16 effImprove=16 updated=0
    [CG] 列生成开始，初始列数=128
    [CG] CG iter 3: obj=165907778.347772, maxRC=4679872.669900, +14 cols
    [CG]   [DIAG] iter=3 posCols=14 newCols=14 effImprove=14 updated=0
    [CG] CG iter 4: obj=174534541.892258, maxRC=2360557.280068, +8 cols
    [CG]   [DIAG] iter=4 posCols=8 newCols=8 effImprove=8 updated=0
    [CG] 列生成开始，初始列数=128
    [CG] 列生成开始，初始列数=128
    [CG] 列生成开始，初始列数=128
    [CG] CG iter 5: obj=175848110.099961, maxRC=336753.722206, +2 cols
    [CG]   [DIAG] iter=5 posCols=2 newCols=2 effImprove=2 updated=0
    [CG] 列生成收敛，共 6 轮迭代
    [CG] [CG-NODE] depth=0 exit=CERTIFIED certified=1 feasible=1 iters=6 generatedColsBeforeNode=0 newCols=63 posCandidates=63 duplicateCandidates=0 updatedCols=0 zeroObjImproveIters=1 objFirst=145931095.893244 objLast=175848110.099961 objGain=29917014.206717 maxRC=59513786.873314 wallSec=0.013729 pricingSec=0.009215 cplexSolveSec=0.002612
      [BB] 根节点即为整数解，obj=175848110.099961
    [CG] CG iter 1: obj=145469604.484730, maxRC=59331030.052644, +23 cols
    [CG]   [DIAG] iter=1 posCols=23 newCols=23 effImprove=23 updated=0
    [CG] CG iter 2: obj=161574461.640546, maxRC=9375894.846067, +17 cols
    [CG]   [DIAG] iter=2 posCols=17 newCols=17 effImprove=17 updated=0
    [CG] CG iter 3: obj=171607378.439467, maxRC=9914867.935687, +16 cols
    [CG]   [DIAG] iter=3 posCols=16 newCols=16 effImprove=16 updated=0
    [CG] CG iter 1: obj=145900523.562120, maxRC=59513786.873314, +23 cols
    [CG] CG iter 4: obj=174256904.623291, maxRC=4748491.187366, +12 cols
    [CG] CG iter 1: obj=145621896.992296, maxRC=59506572.121613, +23 cols
    [CG]   [DIAG] iter=4 posCols=12 newCols=12 effImprove=12 updated=0
    [CG]   [DIAG] iter=1 posCols=23 newCols=23 effImprove=23 updated=0
    [CG]   [DIAG] iter=1 posCols=23 newCols=23 effImprove=23 updated=0
    [CG] CG iter 5: obj=174256904.623291, maxRC=1109337.136839, +5 cols
    [CG]   [DIAG] iter=5 posCols=5 newCols=5 effImprove=5 updated=0
    [CG] CG iter 2: obj=161859594.789555, maxRC=10623300.567101, +16 cols
    [CG] CG iter 6: obj=175366241.760130, maxRC=818165.347620, +4 cols
    [CG] CG iter 2: obj=161870165.652934, maxRC=10618427.403192, +16 cols
    [CG]   [DIAG] iter=6 posCols=4 newCols=4 effImprove=4 updated=0
    [CG]   [DIAG] iter=2 posCols=16 newCols=16 effImprove=16 updated=0
    [CG]   [DIAG] iter=2 posCols=16 newCols=16 effImprove=16 updated=0
    [CG] CG iter 7: obj=175366241.760130, maxRC=170856.648138, +1 cols
    [CG]   [DIAG] iter=7 posCols=1 newCols=1 effImprove=1 updated=0
    [CG] CG iter 3: obj=165895236.167940, maxRC=4682330.348028, +14 cols
    [CG]   [DIAG] iter=3 posCols=14 newCols=14 effImprove=14 updated=0
    [CG] CG iter 3: obj=165881693.288903, maxRC=4663770.325374, +14 cols
    [CG] 列生成收敛，共 8 轮迭代
    [CG] [CG-NODE] depth=0 exit=CERTIFIED certified=1 feasible=1 iters=8 generatedColsBeforeNode=0 newCols=78 posCandidates=78 duplicateCandidates=0 updatedCols=0 zeroObjImproveIters=3 objFirst=145469604.484730 objLast=175366241.760130 objGain=29896637.275400 maxRC=59331030.052644 wallSec=0.019978 pricingSec=0.013912 cplexSolveSec=0.003494
    [CG]   [DIAG] iter=3 posCols=14 newCols=14 effImprove=14 updated=0
      [BB] 根节点即为整数解，obj=175366241.760130
    [CG] CG iter 4: obj=174525020.918051, maxRC=2360557.280068, +8 cols
    [CG]   [DIAG] iter=4 posCols=8 newCols=8 effImprove=8 updated=0
    [CG] CG iter 4: obj=174493191.072293, maxRC=2360917.404522, +8 cols
    [CG]   [DIAG] iter=4 posCols=8 newCols=8 effImprove=8 updated=0
    [CG] CG iter 1: obj=145852403.647973, maxRC=59519550.350332, +23 cols
    [CG] CG iter 1: obj=145989706.310844, maxRC=59519452.855406, +23 cols
    [CG]   [DIAG] iter=1 posCols=23 newCols=23 effImprove=23 updated=0
    [CG] CG iter 1: obj=145930887.853480, maxRC=59513708.479228, +23 cols
    [CG]   [DIAG] iter=1 posCols=23 newCols=23 effImprove=23 updated=0
    [CG] CG iter 5: obj=175840812.611293, maxRC=336753.722206, +2 cols
    [CG]   [DIAG] iter=5 posCols=2 newCols=2 effImprove=2 updated=0
    [CG]   [DIAG] iter=1 posCols=23 newCols=23 effImprove=23 updated=0
    [CG] CG iter 5: obj=175800255.711910, maxRC=326974.048045, +2 cols
    [CG]   [DIAG] iter=5 posCols=2 newCols=2 effImprove=2 updated=0
    [CG] 列生成收敛，共 6 轮迭代
    [CG] [CG-NODE] depth=0 exit=CERTIFIED certified=1 feasible=1 iters=6 generatedColsBeforeNode=0 newCols=63 posCandidates=63 duplicateCandidates=0 updatedCols=0 zeroObjImproveIters=1 objFirst=145621896.992296 objLast=175840812.611293 objGain=30218915.618997 maxRC=59506572.121613 wallSec=0.015570 pricingSec=0.010472 cplexSolveSec=0.002933
    [CG] 列生成收敛，共 6 轮迭代
      [BB] 根节点即为整数解，obj=175840812.611293
    [CG] [CG-NODE] depth=0 exit=CERTIFIED certified=1 feasible=1 iters=6 generatedColsBeforeNode=0 newCols=63 posCandidates=63 duplicateCandidates=0 updatedCols=0 zeroObjImproveIters=1 objFirst=145900523.562120 objLast=175800255.711910 objGain=29899732.149790 maxRC=59513786.873314 wallSec=0.035492 pricingSec=0.012440 cplexSolveSec=0.003355
      [BB] 根节点即为整数解，obj=175800255.711910
    [CG] CG iter 2: obj=161714883.489110, maxRC=10623249.857382, +16 cols
    [CG]   [DIAG] iter=2 posCols=16 newCols=16 effImprove=16 updated=0
    [CG] CG iter 2: obj=161857913.859801, maxRC=10623494.650315, +16 cols
    [CG] CG iter 2: obj=161886653.780744, maxRC=10623464.266662, +16 cols
    [CG]   [DIAG] iter=2 posCols=16 newCols=16 effImprove=16 updated=0
    [CG]   [DIAG] iter=2 posCols=16 newCols=16 effImprove=16 updated=0
    [CG] CG iter 3: obj=165737442.506456, maxRC=4666891.236245, +14 cols
    [CG]   [DIAG] iter=3 posCols=14 newCols=14 effImprove=14 updated=0
    [CG] CG iter 3: obj=165880530.030518, maxRC=4667166.602525, +14 cols
    [CG] CG iter 3: obj=165910929.185190, maxRC=4679779.578765, +14 cols
    [CG]   [DIAG] iter=3 posCols=14 newCols=14 effImprove=14 updated=0
    [CG]   [DIAG] iter=3 posCols=14 newCols=14 effImprove=14 updated=0
    [CG] CG iter 4: obj=174319674.873725, maxRC=2360850.783822, +8 cols
    [CG]   [DIAG] iter=4 posCols=8 newCols=8 effImprove=8 updated=0
    [CG] CG iter 4: obj=174493724.736205, maxRC=2360841.822335, +8 cols
    [CG]   [DIAG] iter=4 posCols=8 newCols=8 effImprove=8 updated=0
    [CG] CG iter 4: obj=174537310.353917, maxRC=2360557.280068, +8 cols
    [CG]   [DIAG] iter=4 posCols=8 newCols=8 effImprove=8 updated=0
    [CG] CG iter 5: obj=175660429.695842, maxRC=328838.705665, +2 cols
    [CG]   [DIAG] iter=5 posCols=2 newCols=2 effImprove=2 updated=0
    [CG] CG iter 5: obj=175803979.067879, maxRC=329089.017528, +2 cols
    [CG]   [DIAG] iter=5 posCols=2 newCols=2 effImprove=2 updated=0
    [CG] CG iter 5: obj=175852464.515102, maxRC=336753.722206, +2 cols
    [CG]   [DIAG] iter=5 posCols=2 newCols=2 effImprove=2 updated=0
    [CG] 列生成收敛，共 6 轮迭代
    [CG] [CG-NODE] depth=0 exit=CERTIFIED certified=1 feasible=1 iters=6 generatedColsBeforeNode=0 newCols=63 posCandidates=63 duplicateCandidates=0 updatedCols=0 zeroObjImproveIters=1 objFirst=145852403.647973 objLast=175660429.695842 objGain=29808026.047869 maxRC=59519550.350332 wallSec=0.018652 pricingSec=0.012824 cplexSolveSec=0.003257
    [CG] 列生成收敛，共 6 轮迭代
    [CG] [CG-NODE] depth=0 exit=CERTIFIED certified=1 feasible=1 iters=6 generatedColsBeforeNode=0 newCols=63 posCandidates=63 duplicateCandidates=0 updatedCols=0 zeroObjImproveIters=1 objFirst=145989706.310844 objLast=175803979.067879 objGain=29814272.757035 maxRC=59519452.855406 wallSec=0.018695 pricingSec=0.012826 cplexSolveSec=0.003230
    [CG] 列生成收敛，共 6 轮迭代
      [BB] 根节点即为整数解，obj=175660429.695842
    [CG] [CG-NODE] depth=0 exit=CERTIFIED certified=1 feasible=1 iters=6 generatedColsBeforeNode=0 newCols=63 posCandidates=63 duplicateCandidates=0 updatedCols=0 zeroObjImproveIters=1 objFirst=145930887.853480 objLast=175852464.515102 objGain=29921576.661622 maxRC=59513708.479228 wallSec=0.018593 pricingSec=0.012732 cplexSolveSec=0.003226
      [BB] 根节点即为整数解，obj=175803979.067879
      [BB] 根节点即为整数解，obj=175852464.515102
[GA] 代数 6: Best=175883804.52, Avg=175773226.77, Worst=175395127.45, Valid=30/30, 耗时=0.06s (连续6代未提升)
  ├─ 求解: 30 个体 fork 并行 | CG迭代=139 加列=1446 BB分支=0
  ├─ 并行墙钟=0.0611s | 串行等效(ΣBP)=0.4016s | 加速比=6.58x
  ├─ 管理开销=-0.3405s (fork=0.0030 wait=0.0578 merge=0.0003)
  └─ CG明细: gen_logs/run_gen6_ind{0..29}.log
    [CG] 列生成开始，初始列数=128
    [CG] 列生成开始，初始列数=128
    [CG] 列生成开始，初始列数=128
    [CG] 列生成开始，初始列数=128
    [CG] 列生成开始，初始列数=128
    [CG] 列生成开始，初始列数=128
    [CG] 列生成开始，初始列数=128
    [CG] 列生成开始，初始列数=128
    [CG] CG iter 1: obj=145908176.896336, maxRC=59513894.439822, +23 cols
    [CG]   [DIAG] iter=1 posCols=23 newCols=23 effImprove=23 updated=0
    [CG] CG iter 1: obj=145736072.490588, maxRC=59336210.912176, +23 cols
    [CG]   [DIAG] iter=1 posCols=23 newCols=23 effImprove=23 updated=0
    [CG] CG iter 1: obj=145934535.570694, maxRC=59513786.873314, +23 cols
    [CG]   [DIAG] iter=1 posCols=23 newCols=23 effImprove=23 updated=0
    [CG] CG iter 2: obj=161880183.030113, maxRC=10623464.266662, +16 cols
    [CG]   [DIAG] iter=2 posCols=16 newCols=16 effImprove=16 updated=0
    [CG] CG iter 2: obj=161581780.960838, maxRC=9378594.014290, +17 cols
    [CG] CG iter 1: obj=145935575.537923, maxRC=59513786.873314, +23 cols
    [CG]   [DIAG] iter=2 posCols=17 newCols=17 effImprove=17 updated=0
    [CG]   [DIAG] iter=1 posCols=23 newCols=23 effImprove=23 updated=0
    [CG] CG iter 3: obj=165904460.643505, maxRC=4679785.001947, +14 cols
    [CG] CG iter 2: obj=161888145.657672, maxRC=10623316.279388, +16 cols
    [CG]   [DIAG] iter=3 posCols=14 newCols=14 effImprove=14 updated=0
    [CG]   [DIAG] iter=2 posCols=16 newCols=16 effImprove=16 updated=0
    [CG] CG iter 4: obj=174529553.685807, maxRC=2360557.280068, +8 cols
    [CG]   [DIAG] iter=4 posCols=8 newCols=8 effImprove=8 updated=0
    [CG] CG iter 3: obj=171875138.373650, maxRC=7654780.565132, +12 cols
    [CG]   [DIAG] iter=3 posCols=12 newCols=12 effImprove=12 updated=0
    [CG] CG iter 3: obj=165912400.060553, maxRC=4679872.669900, +14 cols
    [CG]   [DIAG] iter=3 posCols=14 newCols=14 effImprove=14 updated=0
    [CG] CG iter 2: obj=161888157.082660, maxRC=10623300.567101, +16 cols
    [CG]   [DIAG] iter=2 posCols=16 newCols=16 effImprove=16 updated=0
    [CG] CG iter 5: obj=175846000.677622, maxRC=336747.239136, +2 cols
    [CG]   [DIAG] iter=5 posCols=2 newCols=2 effImprove=2 updated=0
    [CG] CG iter 1: obj=145999585.636355, maxRC=59519550.350332, +23 cols
    [CG] CG iter 4: obj=174464904.883785, maxRC=1470111.572033, +5 cols
    [CG]   [DIAG] iter=4 posCols=5 newCols=5 effImprove=5 updated=0
    [CG]   [DIAG] iter=1 posCols=23 newCols=23 effImprove=23 updated=0
    [CG] CG iter 4: obj=174539091.751782, maxRC=2360557.280068, +8 cols
    [CG] 列生成收敛，共 6 轮迭代
    [CG] [CG-NODE] depth=0 exit=CERTIFIED certified=1 feasible=1 iters=6 generatedColsBeforeNode=0 newCols=63 posCandidates=63 duplicateCandidates=0 updatedCols=0 zeroObjImproveIters=1 objFirst=145908176.896336 objLast=175846000.677622 objGain=29937823.781286 maxRC=59513894.439822 wallSec=0.012072 pricingSec=0.007821 cplexSolveSec=0.002425
    [CG]   [DIAG] iter=4 posCols=8 newCols=8 effImprove=8 updated=0
      [BB] 根节点即为整数解，obj=175846000.677622
    [CG] CG iter 3: obj=165912420.346110, maxRC=4679886.471421, +14 cols
    [CG]   [DIAG] iter=3 posCols=14 newCols=14 effImprove=14 updated=0
    [CG] CG iter 5: obj=175853986.422152, maxRC=336753.722206, +2 cols
    [CG]   [DIAG] iter=5 posCols=2 newCols=2 effImprove=2 updated=0
    [CG] CG iter 5: obj=175667810.928381, maxRC=1511559.966755, +3 cols
    [CG]   [DIAG] iter=5 posCols=3 newCols=3 effImprove=3 updated=0
    [CG] CG iter 1: obj=145934498.638320, maxRC=59513742.010795, +23 cols
    [CG]   [DIAG] iter=1 posCols=23 newCols=23 effImprove=23 updated=0
    [CG] 列生成收敛，共 6 轮迭代
    [CG] [CG-NODE] depth=0 exit=CERTIFIED certified=1 feasible=1 iters=6 generatedColsBeforeNode=0 newCols=63 posCandidates=63 duplicateCandidates=0 updatedCols=0 zeroObjImproveIters=1 objFirst=145934535.570694 objLast=175853986.422151 objGain=29919450.851457 maxRC=59513786.873314 wallSec=0.013008 pricingSec=0.008642 cplexSolveSec=0.002519
    [CG] CG iter 4: obj=174539123.653595, maxRC=2360557.280068, +8 cols
    [CG] 列生成收敛，共 6 轮迭代
    [CG]   [DIAG] iter=4 posCols=8 newCols=8 effImprove=8 updated=0
    [CG] [CG-NODE] depth=0 exit=CERTIFIED certified=1 feasible=1 iters=6 generatedColsBeforeNode=0 newCols=60 posCandidates=60 duplicateCandidates=0 updatedCols=0 zeroObjImproveIters=1 objFirst=145736072.490588 objLast=175667810.928381 objGain=29931738.437793 maxRC=59336210.912176 wallSec=0.013276 pricingSec=0.008847 cplexSolveSec=0.002581
      [BB] 根节点即为整数解，obj=175853986.422151
      [BB] 根节点即为整数解，obj=175667810.928381
    [CG] CG iter 2: obj=161861193.452403, maxRC=10623249.857382, +16 cols
    [CG] CG iter 1: obj=145910087.262520, maxRC=59519550.350332, +23 cols
    [CG]   [DIAG] iter=2 posCols=16 newCols=16 effImprove=16 updated=0
    [CG] CG iter 1: obj=145909271.001251, maxRC=59519841.932199, +23 cols
    [CG]   [DIAG] iter=1 posCols=23 newCols=23 effImprove=23 updated=0
    [CG] CG iter 5: obj=175854007.919760, maxRC=336744.702415, +2 cols
    [CG]   [DIAG] iter=1 posCols=23 newCols=23 effImprove=23 updated=0
    [CG]   [DIAG] iter=5 posCols=2 newCols=2 effImprove=2 updated=0
    [CG] 列生成开始，初始列数=128
    [CG] 列生成收敛，共 6 轮迭代
    [CG] [CG-NODE] depth=0 exit=CERTIFIED certified=1 feasible=1 iters=6 generatedColsBeforeNode=0 newCols=63 posCandidates=63 duplicateCandidates=0 updatedCols=0 zeroObjImproveIters=1 objFirst=145935575.537923 objLast=175854007.919760 objGain=29918432.381837 maxRC=59513786.873314 wallSec=0.014243 pricingSec=0.009574 cplexSolveSec=0.002674
    [CG] CG iter 2: obj=161888063.862779, maxRC=10623281.798456, +16 cols
    [CG]   [DIAG] iter=2 posCols=16 newCols=16 effImprove=16 updated=0
      [BB] 根节点即为整数解，obj=175854007.919760
    [CG] CG iter 3: obj=165883781.026923, maxRC=4667305.077091, +14 cols
    [CG]   [DIAG] iter=3 posCols=14 newCols=14 effImprove=14 updated=0
    [CG] CG iter 2: obj=161785164.856925, maxRC=10623249.857382, +16 cols
    [CG]   [DIAG] iter=2 posCols=16 newCols=16 effImprove=16 updated=0
    [CG] CG iter 2: obj=161771878.330460, maxRC=10623476.759163, +16 cols
    [CG]   [DIAG] iter=2 posCols=16 newCols=16 effImprove=16 updated=0
    [CG] CG iter 3: obj=165912321.726189, maxRC=4679890.543070, +14 cols
    [CG] CG iter 4: obj=174497821.793422, maxRC=2360841.822335, +8 cols
    [CG]   [DIAG] iter=3 posCols=14 newCols=14 effImprove=14 updated=0
    [CG]   [DIAG] iter=4 posCols=8 newCols=8 effImprove=8 updated=0
    [CG] 列生成开始，初始列数=128
    [CG] CG iter 3: obj=165794485.484741, maxRC=4667189.785041, +14 cols
    [CG] CG iter 3: obj=166091582.084598, maxRC=5109038.932198, +15 cols
    [CG] 列生成开始，初始列数=128
    [CG]   [DIAG] iter=3 posCols=15 newCols=15 effImprove=15 updated=0
    [CG]   [DIAG] iter=3 posCols=14 newCols=14 effImprove=14 updated=0
    [CG] CG iter 5: obj=175807388.447572, maxRC=329089.017528, +2 cols
    [CG]   [DIAG] iter=5 posCols=2 newCols=2 effImprove=2 updated=0
    [CG] CG iter 4: obj=174539052.526595, maxRC=2360557.280068, +8 cols
    [CG]   [DIAG] iter=4 posCols=8 newCols=8 effImprove=8 updated=0
    [CG] 列生成开始，初始列数=128
    [CG] 列生成收敛，共 6 轮迭代
    [CG] [CG-NODE] depth=0 exit=CERTIFIED certified=1 feasible=1 iters=6 generatedColsBeforeNode=0 newCols=63 posCandidates=63 duplicateCandidates=0 updatedCols=0 zeroObjImproveIters=1 objFirst=145999585.636355 objLast=175807388.447572 objGain=29807802.811217 maxRC=59519550.350332 wallSec=0.017722 pricingSec=0.012203 cplexSolveSec=0.003056
    [CG] CG iter 4: obj=175686760.885648, maxRC=2667955.913234, +6 cols
    [CG]   [DIAG] iter=4 posCols=6 newCols=6 effImprove=6 updated=0
    [CG] CG iter 4: obj=174389256.759528, maxRC=2360841.822335, +8 cols
    [CG] CG iter 5: obj=175853932.882014, maxRC=336753.722206, +2 cols
    [CG]   [DIAG] iter=5 posCols=2 newCols=2 effImprove=2 updated=0
    [CG]   [DIAG] iter=4 posCols=8 newCols=8 effImprove=8 updated=0
      [BB] 根节点即为整数解，obj=175807388.447572
    [CG] CG iter 5: obj=175731366.765246, maxRC=938586.570826, +1 cols
    [CG]   [DIAG] iter=5 posCols=1 newCols=1 effImprove=1 updated=0
    [CG] CG iter 5: obj=175717909.064370, maxRC=329079.997736, +2 cols
    [CG] 列生成收敛，共 6 轮迭代
    [CG]   [DIAG] iter=5 posCols=2 newCols=2 effImprove=2 updated=0
    [CG] [CG-NODE] depth=0 exit=CERTIFIED certified=1 feasible=1 iters=6 generatedColsBeforeNode=0 newCols=63 posCandidates=63 duplicateCandidates=0 updatedCols=0 zeroObjImproveIters=1 objFirst=145934498.638320 objLast=175853932.882014 objGain=29919434.243695 maxRC=59513742.010795 wallSec=0.018124 pricingSec=0.012434 cplexSolveSec=0.003155
      [BB] 根节点即为整数解，obj=175853932.882014
    [CG] 列生成收敛，共 6 轮迭代
    [CG] [CG-NODE] depth=0 exit=CERTIFIED certified=1 feasible=1 iters=6 generatedColsBeforeNode=0 newCols=61 posCandidates=61 duplicateCandidates=0 updatedCols=0 zeroObjImproveIters=1 objFirst=145910087.262520 objLast=175731366.765246 objGain=29821279.502726 maxRC=59519550.350332 wallSec=0.018250 pricingSec=0.012621 cplexSolveSec=0.003036
    [CG] 列生成收敛，共 6 轮迭代
    [CG] [CG-NODE] depth=0 exit=CERTIFIED certified=1 feasible=1 iters=6 generatedColsBeforeNode=0 newCols=63 posCandidates=63 duplicateCandidates=0 updatedCols=0 zeroObjImproveIters=1 objFirst=145909271.001251 objLast=175717909.064370 objGain=29808638.063119 maxRC=59519841.932199 wallSec=0.018273 pricingSec=0.012534 cplexSolveSec=0.003035
      [BB] 根节点即为整数解，obj=175731366.765246
      [BB] 根节点即为整数解，obj=175717909.064370
    [CG] 列生成开始，初始列数=128
    [CG] 列生成开始，初始列数=128
    [CG] 列生成开始，初始列数=128
    [CG] 列生成开始，初始列数=128
    [CG] CG iter 1: obj=145931455.631970, maxRC=59513894.439822, +23 cols
    [CG]   [DIAG] iter=1 posCols=23 newCols=23 effImprove=23 updated=0
    [CG] CG iter 2: obj=161885426.457776, maxRC=10627910.966633, +16 cols
    [CG]   [DIAG] iter=2 posCols=16 newCols=16 effImprove=16 updated=0
    [CG] CG iter 1: obj=146032991.133178, maxRC=59519779.142325, +23 cols
    [CG] CG iter 3: obj=165908264.364023, maxRC=4679779.578765, +14 cols
    [CG]   [DIAG] iter=3 posCols=14 newCols=14 effImprove=14 updated=0
    [CG]   [DIAG] iter=1 posCols=23 newCols=23 effImprove=23 updated=0
    [CG] CG iter 1: obj=145933611.038273, maxRC=59513786.873314, +23 cols
    [CG] CG iter 1: obj=145851765.844686, maxRC=59519841.932199, +23 cols
    [CG] CG iter 4: obj=174534972.239410, maxRC=2360557.280068, +8 cols
    [CG]   [DIAG] iter=1 posCols=23 newCols=23 effImprove=23 updated=0
    [CG]   [DIAG] iter=4 posCols=8 newCols=8 effImprove=8 updated=0
    [CG]   [DIAG] iter=1 posCols=23 newCols=23 effImprove=23 updated=0
    [CG] CG iter 2: obj=161888866.082429, maxRC=10623431.066813, +16 cols
    [CG] CG iter 5: obj=175848540.447113, maxRC=336753.722206, +2 cols
    [CG]   [DIAG] iter=2 posCols=16 newCols=16 effImprove=16 updated=0
    [CG]   [DIAG] iter=5 posCols=2 newCols=2 effImprove=2 updated=0
    [CG] 列生成收敛，共 6 轮迭代
    [CG] [CG-NODE] depth=0 exit=CERTIFIED certified=1 feasible=1 iters=6 generatedColsBeforeNode=0 newCols=63 posCandidates=63 duplicateCandidates=0 updatedCols=0 zeroObjImproveIters=1 objFirst=145931455.631970 objLast=175848540.447113 objGain=29917084.815144 maxRC=59513894.439822 wallSec=0.010642 pricingSec=0.007114 cplexSolveSec=0.001968
    [CG] CG iter 1: obj=145824380.945416, maxRC=59513894.439822, +23 cols
      [BB] 根节点即为整数解，obj=175848540.447113
    [CG] CG iter 3: obj=165913107.076688, maxRC=4679815.359542, +14 cols
    [CG]   [DIAG] iter=1 posCols=23 newCols=23 effImprove=23 updated=0
    [CG]   [DIAG] iter=3 posCols=14 newCols=14 effImprove=14 updated=0
    [CG] CG iter 2: obj=161722947.087248, maxRC=10623494.814960, +16 cols
    [CG] CG iter 1: obj=145930562.407783, maxRC=59513708.479228, +23 cols
    [CG]   [DIAG] iter=2 posCols=16 newCols=16 effImprove=16 updated=0
    [CG] CG iter 2: obj=161886186.475510, maxRC=10623300.567101, +16 cols
    [CG] CG iter 4: obj=174539853.642418, maxRC=2360557.280068, +8 cols
    [CG]   [DIAG] iter=1 posCols=23 newCols=23 effImprove=23 updated=0
    [CG]   [DIAG] iter=4 posCols=8 newCols=8 effImprove=8 updated=0
    [CG]   [DIAG] iter=2 posCols=16 newCols=16 effImprove=16 updated=0
    [CG] CG iter 5: obj=175854621.755630, maxRC=336753.722206, +2 cols
    [CG]   [DIAG] iter=5 posCols=2 newCols=2 effImprove=2 updated=0
    [CG] CG iter 2: obj=161879577.410346, maxRC=10624453.292613, +16 cols
    [CG]   [DIAG] iter=2 posCols=16 newCols=16 effImprove=16 updated=0
    [CG] 列生成收敛，共 6 轮迭代
    [CG] [CG-NODE] depth=0 exit=CERTIFIED certified=1 feasible=1 iters=6 generatedColsBeforeNode=0 newCols=63 posCandidates=63 duplicateCandidates=0 updatedCols=0 zeroObjImproveIters=1 objFirst=146032991.133178 objLast=175854621.755630 objGain=29821630.622452 maxRC=59519779.142325 wallSec=0.013553 pricingSec=0.008654 cplexSolveSec=0.002323
      [BB] 根节点即为整数解，obj=175854621.755630
    [CG] CG iter 3: obj=166029272.402536, maxRC=5118128.238817, +15 cols
    [CG]   [DIAG] iter=3 posCols=15 newCols=15 effImprove=15 updated=0
    [CG] CG iter 2: obj=161886657.787177, maxRC=10623464.266662, +16 cols
    [CG]   [DIAG] iter=2 posCols=16 newCols=16 effImprove=16 updated=0
    [CG] CG iter 3: obj=165910443.168938, maxRC=4679872.669900, +14 cols
    [CG]   [DIAG] iter=3 posCols=14 newCols=14 effImprove=14 updated=0
    [CG] CG iter 3: obj=165877865.175925, maxRC=4669620.870667, +14 cols
    [CG]   [DIAG] iter=3 posCols=14 newCols=14 effImprove=14 updated=0
    [CG] CG iter 4: obj=175633581.325099, maxRC=2671769.720189, +6 cols
    [CG]   [DIAG] iter=4 posCols=6 newCols=6 effImprove=6 updated=0
    [CG] 列生成开始，初始列数=128
    [CG] CG iter 3: obj=165910652.338303, maxRC=4679721.794157, +14 cols
    [CG]   [DIAG] iter=3 posCols=14 newCols=14 effImprove=14 updated=0
    [CG] CG iter 4: obj=174536880.006764, maxRC=2360557.280068, +8 cols
    [CG]   [DIAG] iter=4 posCols=8 newCols=8 effImprove=8 updated=0
    [CG] CG iter 5: obj=175688669.102222, maxRC=942712.280456, +1 cols
    [CG] CG iter 4: obj=174495837.437752, maxRC=2360557.280068, +8 cols
    [CG]   [DIAG] iter=5 posCols=1 newCols=1 effImprove=1 updated=0
    [CG]   [DIAG] iter=4 posCols=8 newCols=8 effImprove=8 updated=0
    [CG] 列生成开始，初始列数=128
    [CG] CG iter 4: obj=174536945.206461, maxRC=2360557.349466, +8 cols
    [CG] 列生成收敛，共 6 轮迭代
    [CG] [CG-NODE] depth=0 exit=CERTIFIED certified=1 feasible=1 iters=6 generatedColsBeforeNode=0 newCols=61 posCandidates=61 duplicateCandidates=0 updatedCols=0 zeroObjImproveIters=1 objFirst=145851765.844686 objLast=175688669.102222 objGain=29836903.257536 maxRC=59519841.932199 wallSec=0.017651 pricingSec=0.012585 cplexSolveSec=0.002823
    [CG]   [DIAG] iter=4 posCols=8 newCols=8 effImprove=8 updated=0
    [CG] CG iter 5: obj=175811937.031824, maxRC=359188.990977, +2 cols
    [CG] CG iter 5: obj=175852034.167949, maxRC=336753.722206, +2 cols
    [CG]   [DIAG] iter=5 posCols=2 newCols=2 effImprove=2 updated=0
    [CG]   [DIAG] iter=5 posCols=2 newCols=2 effImprove=2 updated=0
      [BB] 根节点即为整数解，obj=175688669.102222
    [CG] CG iter 1: obj=145908919.771766, maxRC=59513943.812192, +23 cols
    [CG]   [DIAG] iter=1 posCols=23 newCols=23 effImprove=23 updated=0
    [CG] CG iter 5: obj=175852111.560750, maxRC=336995.015757, +2 cols
    [CG]   [DIAG] iter=5 posCols=2 newCols=2 effImprove=2 updated=0
    [CG] 列生成收敛，共 6 轮迭代
    [CG] [CG-NODE] depth=0 exit=CERTIFIED certified=1 feasible=1 iters=6 generatedColsBeforeNode=0 newCols=63 posCandidates=63 duplicateCandidates=0 updatedCols=0 zeroObjImproveIters=1 objFirst=145824380.945416 objLast=175811937.031824 objGain=29987556.086408 maxRC=59513894.439822 wallSec=0.012057 pricingSec=0.007942 cplexSolveSec=0.002376
    [CG] 列生成收敛，共 6 轮迭代
    [CG] [CG-NODE] depth=0 exit=CERTIFIED certified=1 feasible=1 iters=6 generatedColsBeforeNode=0 newCols=63 posCandidates=63 duplicateCandidates=0 updatedCols=0 zeroObjImproveIters=1 objFirst=145933611.038273 objLast=175852034.167949 objGain=29918423.129676 maxRC=59513786.873314 wallSec=0.012908 pricingSec=0.008310 cplexSolveSec=0.002801
      [BB] 根节点即为整数解，obj=175811937.031824
      [BB] 根节点即为整数解，obj=175852034.167949
    [CG] 列生成收敛，共 6 轮迭代
    [CG] [CG-NODE] depth=0 exit=CERTIFIED certified=1 feasible=1 iters=6 generatedColsBeforeNode=0 newCols=63 posCandidates=63 duplicateCandidates=0 updatedCols=0 zeroObjImproveIters=1 objFirst=145930562.407783 objLast=175852111.560750 objGain=29921549.152966 maxRC=59513708.479228 wallSec=0.017063 pricingSec=0.011635 cplexSolveSec=0.002919
      [BB] 根节点即为整数解，obj=175852111.560750
    [CG] CG iter 2: obj=161866660.996906, maxRC=10623483.744916, +16 cols
    [CG]   [DIAG] iter=2 posCols=16 newCols=16 effImprove=16 updated=0
    [CG] CG iter 1: obj=145851929.752203, maxRC=59513708.479228, +23 cols
    [CG]   [DIAG] iter=1 posCols=23 newCols=23 effImprove=23 updated=0
    [CG] 列生成开始，初始列数=128
    [CG] CG iter 3: obj=165889220.512887, maxRC=4667166.602525, +14 cols
    [CG] 列生成开始，初始列数=128
    [CG]   [DIAG] iter=3 posCols=14 newCols=14 effImprove=14 updated=0
    [CG] 列生成开始，初始列数=128
    [CG] CG iter 4: obj=174504046.173729, maxRC=2360841.822335, +8 cols
    [CG]   [DIAG] iter=4 posCols=8 newCols=8 effImprove=8 updated=0
    [CG] CG iter 5: obj=175812730.882764, maxRC=329089.017528, +2 cols
    [CG] 列生成开始，初始列数=128
    [CG]   [DIAG] iter=5 posCols=2 newCols=2 effImprove=2 updated=0
    [CG] CG iter 2: obj=161887152.760209, maxRC=10623464.266662, +16 cols
    [CG]   [DIAG] iter=2 posCols=16 newCols=16 effImprove=16 updated=0
    [CG] 列生成收敛，共 6 轮迭代
    [CG] [CG-NODE] depth=0 exit=CERTIFIED certified=1 feasible=1 iters=6 generatedColsBeforeNode=0 newCols=63 posCandidates=63 duplicateCandidates=0 updatedCols=0 zeroObjImproveIters=1 objFirst=145908919.771766 objLast=175812730.882764 objGain=29903811.110998 maxRC=59513943.812192 wallSec=0.015744 pricingSec=0.010275 cplexSolveSec=0.003030
      [BB] 根节点即为整数解，obj=175812730.882764
    [CG] CG iter 3: obj=165911424.322374, maxRC=4679779.578765, +14 cols
    [CG]   [DIAG] iter=3 posCols=14 newCols=14 effImprove=14 updated=0
    [CG] CG iter 1: obj=145850602.377382, maxRC=59519550.350332, +23 cols
    [CG]   [DIAG] iter=1 posCols=23 newCols=23 effImprove=23 updated=0
    [CG] CG iter 4: obj=174537900.468989, maxRC=2360557.280068, +8 cols
    [CG]   [DIAG] iter=4 posCols=8 newCols=8 effImprove=8 updated=0
    [CG] CG iter 5: obj=175852963.494567, maxRC=336753.722206, +2 cols
    [CG]   [DIAG] iter=5 posCols=2 newCols=2 effImprove=2 updated=0
    [CG] 列生成开始，初始列数=128
    [CG] CG iter 2: obj=161713414.477940, maxRC=10623249.857382, +16 cols
    [CG]   [DIAG] iter=2 posCols=16 newCols=16 effImprove=16 updated=0
    [CG] 列生成收敛，共 6 轮迭代
    [CG] [CG-NODE] depth=0 exit=CERTIFIED certified=1 feasible=1 iters=6 generatedColsBeforeNode=0 newCols=63 posCandidates=63 duplicateCandidates=0 updatedCols=0 zeroObjImproveIters=1 objFirst=145851929.752203 objLast=175852963.494567 objGain=30001033.742364 maxRC=59513708.479228 wallSec=0.018605 pricingSec=0.012837 cplexSolveSec=0.003241
      [BB] 根节点即为整数解，obj=175852963.494567
    [CG] CG iter 3: obj=165735862.742146, maxRC=4666043.533799, +14 cols
    [CG]   [DIAG] iter=3 posCols=14 newCols=14 effImprove=14 updated=0
    [CG] CG iter 4: obj=174317298.958336, maxRC=2360869.123613, +8 cols
    [CG]   [DIAG] iter=4 posCols=8 newCols=8 effImprove=8 updated=0
    [CG] CG iter 1: obj=145742038.799270, maxRC=59379841.375377, +23 cols
    [CG] CG iter 1: obj=145813455.582526, maxRC=59380190.385511, +23 cols
    [CG]   [DIAG] iter=1 posCols=23 newCols=23 effImprove=23 updated=0
    [CG] CG iter 5: obj=175657631.637040, maxRC=328326.031091, +2 cols
    [CG]   [DIAG] iter=1 posCols=23 newCols=23 effImprove=23 updated=0
    [CG]   [DIAG] iter=5 posCols=2 newCols=2 effImprove=2 updated=0
    [CG] 列生成开始，初始列数=128
    [CG] 列生成收敛，共 6 轮迭代
    [CG] [CG-NODE] depth=0 exit=CERTIFIED certified=1 feasible=1 iters=6 generatedColsBeforeNode=0 newCols=63 posCandidates=63 duplicateCandidates=0 updatedCols=0 zeroObjImproveIters=1 objFirst=145850602.377382 objLast=175657631.637040 objGain=29807029.259658 maxRC=59519550.350332 wallSec=0.011951 pricingSec=0.007977 cplexSolveSec=0.002275
      [BB] 根节点即为整数解，obj=175657631.637040
    [CG] CG iter 2: obj=161550343.628312, maxRC=9398830.858845, +17 cols
    [CG]   [DIAG] iter=2 posCols=17 newCols=17 effImprove=17 updated=0
    [CG] CG iter 2: obj=161494488.497533, maxRC=9398835.699664, +17 cols
    [CG]   [DIAG] iter=2 posCols=17 newCols=17 effImprove=17 updated=0
    [CG] CG iter 1: obj=146018085.816395, maxRC=59519599.699864, +23 cols
    [CG] CG iter 3: obj=171859795.658292, maxRC=9624385.633766, +15 cols
    [CG]   [DIAG] iter=1 posCols=23 newCols=23 effImprove=23 updated=0
    [CG]   [DIAG] iter=3 posCols=15 newCols=15 effImprove=15 updated=0
    [CG] CG iter 3: obj=175406162.450716, maxRC=4317458.464158, +8 cols
    [CG]   [DIAG] iter=3 posCols=8 newCols=8 effImprove=8 updated=0
    [CG] CG iter 4: obj=174333209.431945, maxRC=5154577.440231, +12 cols
    [CG]   [DIAG] iter=4 posCols=12 newCols=12 effImprove=12 updated=0
    [CG] 列生成开始，初始列数=128
    [CG] CG iter 1: obj=145786446.862246, maxRC=59336210.912176, +23 cols
    [CG] CG iter 5: obj=174333209.431945, maxRC=1194930.549652, +5 cols
    [CG]   [DIAG] iter=1 posCols=23 newCols=23 effImprove=23 updated=0
    [CG]   [DIAG] iter=5 posCols=5 newCols=5 effImprove=5 updated=0
    [CG] CG iter 4: obj=175406162.450716, maxRC=1194930.549652, +5 cols
    [CG]   [DIAG] iter=4 posCols=5 newCols=5 effImprove=5 updated=0
    [CG] CG iter 2: obj=161888547.930402, maxRC=10623266.086169, +16 cols
    [CG]   [DIAG] iter=2 posCols=16 newCols=16 effImprove=16 updated=0
    [CG] CG iter 6: obj=175528139.981596, maxRC=1053060.251083, +3 cols
    [CG]   [DIAG] iter=6 posCols=3 newCols=3 effImprove=3 updated=0
    [CG] 列生成收敛，共 7 轮迭代
    [CG] [CG-NODE] depth=0 exit=CERTIFIED certified=1 feasible=1 iters=7 generatedColsBeforeNode=0 newCols=75 posCandidates=75 duplicateCandidates=0 updatedCols=0 zeroObjImproveIters=2 objFirst=145813455.582526 objLast=175528139.981596 objGain=29714684.399070 maxRC=59380190.385511 wallSec=0.012320 pricingSec=0.008056 cplexSolveSec=0.002411
    [CG] 列生成收敛，共 5 轮迭代
    [CG] [CG-NODE] depth=0 exit=CERTIFIED certified=1 feasible=1 iters=5 generatedColsBeforeNode=0 newCols=53 posCandidates=53 duplicateCandidates=0 updatedCols=0 zeroObjImproveIters=1 objFirst=145742038.799270 objLast=175472280.173037 objGain=29730241.373767 maxRC=59379841.375377 wallSec=0.017769 pricingSec=0.012158 cplexSolveSec=0.003077
      [BB] 根节点即为整数解，obj=175528139.981596
      [BB] 根节点即为整数解，obj=175472280.173037
    [CG] CG iter 2: obj=161581769.888956, maxRC=9378594.014290, +17 cols
    [CG]   [DIAG] iter=2 posCols=17 newCols=17 effImprove=17 updated=0
    [CG] CG iter 3: obj=165912803.794572, maxRC=4679890.543070, +14 cols
    [CG]   [DIAG] iter=3 posCols=14 newCols=14 effImprove=14 updated=0
    [CG] CG iter 1: obj=145862488.730233, maxRC=59519841.930057, +23 cols
    [CG] CG iter 1: obj=146021215.303643, maxRC=59519563.220823, +23 cols
    [CG]   [DIAG] iter=1 posCols=23 newCols=23 effImprove=23 updated=0
    [CG] CG iter 4: obj=174539616.800015, maxRC=2360557.280068, +8 cols
    [CG]   [DIAG] iter=1 posCols=23 newCols=23 effImprove=23 updated=0
    [CG]   [DIAG] iter=4 posCols=8 newCols=8 effImprove=8 updated=0
    [CG] CG iter 3: obj=171925512.745307, maxRC=7604395.121593, +12 cols
    [CG]   [DIAG] iter=3 posCols=12 newCols=12 effImprove=12 updated=0
    [CG] CG iter 5: obj=175854423.877597, maxRC=336753.722206, +2 cols
    [CG]   [DIAG] iter=5 posCols=2 newCols=2 effImprove=2 updated=0
    [CG] 列生成开始，初始列数=128
    [CG] CG iter 2: obj=161741554.436475, maxRC=10703378.717734, +16 cols
    [CG]   [DIAG] iter=2 posCols=16 newCols=16 effImprove=16 updated=0
    [CG] 列生成开始，初始列数=128
    [CG] CG iter 4: obj=174464893.811903, maxRC=1470111.572033, +5 cols
    [CG]   [DIAG] iter=4 posCols=5 newCols=5 effImprove=5 updated=0
    [CG] 列生成收敛，共 6 轮迭代
    [CG] [CG-NODE] depth=0 exit=CERTIFIED certified=1 feasible=1 iters=6 generatedColsBeforeNode=0 newCols=63 posCandidates=63 duplicateCandidates=0 updatedCols=0 zeroObjImproveIters=1 objFirst=146018085.816395 objLast=175854423.877597 objGain=29836338.061202 maxRC=59519599.699864 wallSec=0.015779 pricingSec=0.011275 cplexSolveSec=0.002679
    [CG] CG iter 2: obj=161878310.000766, maxRC=10623512.334246, +16 cols
    [CG] CG iter 1: obj=145838154.749470, maxRC=59373772.020204, +23 cols
      [BB] 根节点即为整数解，obj=175854423.877597
    [CG]   [DIAG] iter=2 posCols=16 newCols=16 effImprove=16 updated=0
    [CG]   [DIAG] iter=1 posCols=23 newCols=23 effImprove=23 updated=0
    [CG] CG iter 5: obj=175667799.856500, maxRC=1511559.966755, +3 cols
    [CG]   [DIAG] iter=5 posCols=3 newCols=3 effImprove=3 updated=0
    [CG] CG iter 3: obj=165098854.240087, maxRC=5764665.697005, +16 cols
    [CG]   [DIAG] iter=3 posCols=16 newCols=16 effImprove=16 updated=0
    [CG] 列生成收敛，共 6 轮迭代
    [CG] [CG-NODE] depth=0 exit=CERTIFIED certified=1 feasible=1 iters=6 generatedColsBeforeNode=0 newCols=60 posCandidates=60 duplicateCandidates=0 updatedCols=0 zeroObjImproveIters=1 objFirst=145786446.862246 objLast=175667799.856500 objGain=29881352.994254 maxRC=59336210.912176 wallSec=0.017781 pricingSec=0.012543 cplexSolveSec=0.002951
    [CG] CG iter 3: obj=165902476.970590, maxRC=4679872.669900, +14 cols
    [CG] CG iter 4: obj=174348684.807277, maxRC=2526916.654312, +8 cols
    [CG]   [DIAG] iter=3 posCols=14 newCols=14 effImprove=14 updated=0
    [CG]   [DIAG] iter=4 posCols=8 newCols=8 effImprove=8 updated=0
      [BB] 根节点即为整数解，obj=175667799.856500
    [CG] CG iter 2: obj=161650619.280705, maxRC=9398533.204064, +17 cols
    [CG]   [DIAG] iter=2 posCols=17 newCols=17 effImprove=17 updated=0
    [CG] 列生成开始，初始列数=128
    [CG] CG iter 5: obj=175659890.003294, maxRC=15922.371795, +1 cols
    [CG]   [DIAG] iter=5 posCols=1 newCols=1 effImprove=1 updated=0
    [CG] CG iter 4: obj=174527389.446384, maxRC=2360557.280068, +8 cols
    [CG]   [DIAG] iter=4 posCols=8 newCols=8 effImprove=8 updated=0
    [CG] 列生成收敛，共 6 轮迭代
    [CG] [CG-NODE] depth=0 exit=CERTIFIED certified=1 feasible=1 iters=6 generatedColsBeforeNode=0 newCols=64 posCandidates=64 duplicateCandidates=0 updatedCols=0 zeroObjImproveIters=1 objFirst=145862488.730233 objLast=175659890.003294 objGain=29797401.273061 maxRC=59519841.930057 wallSec=0.017774 pricingSec=0.012233 cplexSolveSec=0.002908
    [CG] CG iter 3: obj=171998135.093988, maxRC=7583975.518089, +12 cols
    [CG]   [DIAG] iter=3 posCols=12 newCols=12 effImprove=12 updated=0
      [BB] 根节点即为整数解，obj=175659890.003294
    [CG] CG iter 5: obj=175844014.132354, maxRC=336753.722206, +2 cols
    [CG]   [DIAG] iter=5 posCols=2 newCols=2 effImprove=2 updated=0
    [CG] CG iter 1: obj=145753009.994595, maxRC=59513894.439822, +23 cols
    [CG]   [DIAG] iter=1 posCols=23 newCols=23 effImprove=23 updated=0
    [CG] CG iter 4: obj=174516121.285398, maxRC=1470111.572033, +5 cols
    [CG]   [DIAG] iter=4 posCols=5 newCols=5 effImprove=5 updated=0
    [CG] 列生成收敛，共 6 轮迭代
    [CG] [CG-NODE] depth=0 exit=CERTIFIED certified=1 feasible=1 iters=6 generatedColsBeforeNode=0 newCols=63 posCandidates=63 duplicateCandidates=0 updatedCols=0 zeroObjImproveIters=1 objFirst=146021215.303643 objLast=175844014.132354 objGain=29822798.828710 maxRC=59519563.220823 wallSec=0.015401 pricingSec=0.010407 cplexSolveSec=0.002875
      [BB] 根节点即为整数解，obj=175844014.132354
    [CG] CG iter 5: obj=175711169.204307, maxRC=1508707.106260, +3 cols
    [CG]   [DIAG] iter=5 posCols=3 newCols=3 effImprove=3 updated=0
    [CG] CG iter 2: obj=161742488.761778, maxRC=10697661.003941, +16 cols
    [CG]   [DIAG] iter=2 posCols=16 newCols=16 effImprove=16 updated=0
    [CG] 列生成收敛，共 6 轮迭代
    [CG] [CG-NODE] depth=0 exit=CERTIFIED certified=1 feasible=1 iters=6 generatedColsBeforeNode=0 newCols=60 posCandidates=60 duplicateCandidates=0 updatedCols=0 zeroObjImproveIters=1 objFirst=145838154.749470 objLast=175711169.204307 objGain=29873014.454837 maxRC=59373772.020204 wallSec=0.013944 pricingSec=0.009429 cplexSolveSec=0.002633
      [BB] 根节点即为整数解，obj=175711169.204307
    [CG] CG iter 1: obj=145918474.099845, maxRC=59513025.596934, +23 cols
    [CG]   [DIAG] iter=1 posCols=23 newCols=23 effImprove=23 updated=0
    [CG] CG iter 1: obj=145908107.780805, maxRC=59513786.873314, +23 cols
    [CG]   [DIAG] iter=1 posCols=23 newCols=23 effImprove=23 updated=0
    [CG] CG iter 3: obj=165919909.978743, maxRC=5118128.238817, +17 cols
    [CG]   [DIAG] iter=3 posCols=17 newCols=17 effImprove=17 updated=0
    [CG] CG iter 2: obj=161884959.152542, maxRC=10627747.267072, +16 cols
    [CG] CG iter 1: obj=145986367.695807, maxRC=59519249.467233, +23 cols
    [CG]   [DIAG] iter=2 posCols=16 newCols=16 effImprove=16 updated=0
    [CG]   [DIAG] iter=1 posCols=23 newCols=23 effImprove=23 updated=0
    [CG] CG iter 3: obj=165907778.347772, maxRC=4679872.669900, +14 cols
    [CG]   [DIAG] iter=3 posCols=14 newCols=14 effImprove=14 updated=0
    [CG] CG iter 2: obj=161865777.427669, maxRC=10623316.279388, +16 cols
    [CG]   [DIAG] iter=2 posCols=16 newCols=16 effImprove=16 updated=0
    [CG] CG iter 4: obj=175609138.185314, maxRC=2193217.178067, +6 cols
    [CG]   [DIAG] iter=4 posCols=6 newCols=6 effImprove=6 updated=0
    [CG] CG iter 4: obj=174534541.892258, maxRC=2360557.280068, +8 cols
    [CG]   [DIAG] iter=4 posCols=8 newCols=8 effImprove=8 updated=0
    [CG] CG iter 2: obj=161857913.859801, maxRC=10623494.650315, +16 cols
    [CG]   [DIAG] iter=2 posCols=16 newCols=16 effImprove=16 updated=0
    [CG] CG iter 5: obj=175848110.099961, maxRC=336753.722206, +2 cols
    [CG]   [DIAG] iter=5 posCols=2 newCols=2 effImprove=2 updated=0
    [CG] CG iter 3: obj=165888336.267446, maxRC=4667281.714040, +14 cols
    [CG] CG iter 5: obj=175664253.062787, maxRC=31186.890421, +2 cols
    [CG]   [DIAG] iter=3 posCols=14 newCols=14 effImprove=14 updated=0
    [CG] 列生成收敛，共 6 轮迭代
    [CG]   [DIAG] iter=5 posCols=2 newCols=2 effImprove=2 updated=0
    [CG] [CG-NODE] depth=0 exit=CERTIFIED certified=1 feasible=1 iters=6 generatedColsBeforeNode=0 newCols=63 posCandidates=63 duplicateCandidates=0 updatedCols=0 zeroObjImproveIters=1 objFirst=145918474.099845 objLast=175848110.099961 objGain=29929636.000116 maxRC=59513025.596934 wallSec=0.007307 pricingSec=0.004796 cplexSolveSec=0.001410
      [BB] 根节点即为整数解，obj=175848110.099961
    [CG] CG iter 3: obj=165880530.030518, maxRC=4667166.602525, +14 cols
    [CG] CG iter 4: obj=174503146.771096, maxRC=2360841.822335, +8 cols
    [CG]   [DIAG] iter=3 posCols=14 newCols=14 effImprove=14 updated=0
    [CG]   [DIAG] iter=4 posCols=8 newCols=8 effImprove=8 updated=0
    [CG] 列生成收敛，共 6 轮迭代
    [CG] [CG-NODE] depth=0 exit=CERTIFIED certified=1 feasible=1 iters=6 generatedColsBeforeNode=0 newCols=64 posCandidates=64 duplicateCandidates=0 updatedCols=0 zeroObjImproveIters=1 objFirst=145753009.994595 objLast=175664253.062787 objGain=29911243.068192 maxRC=59513894.439822 wallSec=0.015019 pricingSec=0.010311 cplexSolveSec=0.002769
      [BB] 根节点即为整数解，obj=175664253.062787
    [CG] CG iter 5: obj=175811918.601287, maxRC=329079.997736, +2 cols
    [CG]   [DIAG] iter=5 posCols=2 newCols=2 effImprove=2 updated=0
    [CG] CG iter 4: obj=174493724.736205, maxRC=2360841.822335, +8 cols
    [CG]   [DIAG] iter=4 posCols=8 newCols=8 effImprove=8 updated=0
    [CG] 列生成收敛，共 6 轮迭代
    [CG] [CG-NODE] depth=0 exit=CERTIFIED certified=1 feasible=1 iters=6 generatedColsBeforeNode=0 newCols=63 posCandidates=63 duplicateCandidates=0 updatedCols=0 zeroObjImproveIters=1 objFirst=145908107.780805 objLast=175811918.601287 objGain=29903810.820482 maxRC=59513786.873314 wallSec=0.011847 pricingSec=0.007904 cplexSolveSec=0.002181
    [CG] CG iter 5: obj=175803979.067879, maxRC=329089.017528, +2 cols
      [BB] 根节点即为整数解，obj=175811918.601287
    [CG]   [DIAG] iter=5 posCols=2 newCols=2 effImprove=2 updated=0
    [CG] 列生成收敛，共 6 轮迭代
    [CG] [CG-NODE] depth=0 exit=CERTIFIED certified=1 feasible=1 iters=6 generatedColsBeforeNode=0 newCols=63 posCandidates=63 duplicateCandidates=0 updatedCols=0 zeroObjImproveIters=1 objFirst=145986367.695807 objLast=175803979.067879 objGain=29817611.372072 maxRC=59519249.467233 wallSec=0.012161 pricingSec=0.008190 cplexSolveSec=0.002179
      [BB] 根节点即为整数解，obj=175803979.067879
[GA] 代数 7: Best=175883804.52, Avg=175799730.78, Worst=175501165.86, Valid=30/30, 耗时=0.06s (连续7代未提升)
  ├─ 求解: 30 个体 fork 并行 | CG迭代=168 加列=1755 BB分支=0
  ├─ 并行墙钟=0.0613s | 串行等效(ΣBP)=0.4193s | 加速比=6.84x
  ├─ 管理开销=-0.3579s (fork=0.0043 wait=0.0566 merge=0.0004)
  └─ CG明细: gen_logs/run_gen7_ind{0..29}.log
    [CG] 列生成开始，初始列数=128
    [CG] 列生成开始，初始列数=128
    [CG] 列生成开始，初始列数=128
    [CG] 列生成开始，初始列数=128
    [CG] 列生成开始，初始列数=128
    [CG] 列生成开始，初始列数=128
    [CG] 列生成开始，初始列数=128
    [CG] 列生成开始，初始列数=128
    [CG] CG iter 1: obj=145860250.944280, maxRC=59509515.584578, +23 cols
    [CG]   [DIAG] iter=1 posCols=23 newCols=23 effImprove=23 updated=0
    [CG] CG iter 2: obj=161884959.152542, maxRC=10627747.267072, +16 cols
    [CG]   [DIAG] iter=2 posCols=16 newCols=16 effImprove=16 updated=0
    [CG] CG iter 3: obj=165907778.347772, maxRC=4679872.669900, +14 cols
    [CG]   [DIAG] iter=3 posCols=14 newCols=14 effImprove=14 updated=0
    [CG] CG iter 4: obj=174534541.892258, maxRC=2360557.280068, +8 cols
    [CG]   [DIAG] iter=4 posCols=8 newCols=8 effImprove=8 updated=0
    [CG] CG iter 1: obj=145851768.204243, maxRC=59519841.932199, +23 cols
    [CG] CG iter 5: obj=175848110.099961, maxRC=336753.722206, +2 cols
    [CG]   [DIAG] iter=5 posCols=2 newCols=2 effImprove=2 updated=0
    [CG]   [DIAG] iter=1 posCols=23 newCols=23 effImprove=23 updated=0
    [CG] 列生成收敛，共 6 轮迭代
    [CG] [CG-NODE] depth=0 exit=CERTIFIED certified=1 feasible=1 iters=6 generatedColsBeforeNode=0 newCols=63 posCandidates=63 duplicateCandidates=0 updatedCols=0 zeroObjImproveIters=1 objFirst=145860250.944280 objLast=175848110.099961 objGain=29987859.155681 maxRC=59509515.584578 wallSec=0.007031 pricingSec=0.004578 cplexSolveSec=0.001384
      [BB] 根节点即为整数解，obj=175848110.099961
    [CG] CG iter 2: obj=161722949.145886, maxRC=10623494.814960, +16 cols
    [CG]   [DIAG] iter=2 posCols=16 newCols=16 effImprove=16 updated=0
    [CG] CG iter 3: obj=166029274.461174, maxRC=5118130.937372, +15 cols
    [CG]   [DIAG] iter=3 posCols=15 newCols=15 effImprove=15 updated=0
    [CG] CG iter 4: obj=175633586.082294, maxRC=2671770.705676, +6 cols
    [CG]   [DIAG] iter=4 posCols=6 newCols=6 effImprove=6 updated=0
    [CG] CG iter 5: obj=175688677.791247, maxRC=942711.988825, +1 cols
    [CG]   [DIAG] iter=5 posCols=1 newCols=1 effImprove=1 updated=0
    [CG] 列生成开始，初始列数=128
    [CG] 列生成收敛，共 6 轮迭代
    [CG] [CG-NODE] depth=0 exit=CERTIFIED certified=1 feasible=1 iters=6 generatedColsBeforeNode=0 newCols=61 posCandidates=61 duplicateCandidates=0 updatedCols=0 zeroObjImproveIters=1 objFirst=145851768.204243 objLast=175688677.791247 objGain=29836909.587004 maxRC=59519841.932199 wallSec=0.009135 pricingSec=0.006122 cplexSolveSec=0.001621
      [BB] 根节点即为整数解，obj=175688677.791247
    [CG] CG iter 1: obj=146033000.405601, maxRC=59519779.142325, +23 cols
    [CG] CG iter 1: obj=146025517.172304, maxRC=59510222.261122, +23 cols
    [CG] CG iter 1: obj=145903005.566919, maxRC=59513742.010795, +23 cols
    [CG]   [DIAG] iter=1 posCols=23 newCols=23 effImprove=23 updated=0
    [CG]   [DIAG] iter=1 posCols=23 newCols=23 effImprove=23 updated=0
    [CG]   [DIAG] iter=1 posCols=23 newCols=23 effImprove=23 updated=0
    [CG] 列生成开始，初始列数=128
    [CG] CG iter 2: obj=161888866.082429, maxRC=10623431.066813, +16 cols
    [CG]   [DIAG] iter=2 posCols=16 newCols=16 effImprove=16 updated=0
    [CG] CG iter 2: obj=161862003.269365, maxRC=10627712.786139, +16 cols
    [CG] CG iter 2: obj=161871835.240352, maxRC=10616997.263081, +16 cols
    [CG]   [DIAG] iter=2 posCols=16 newCols=16 effImprove=16 updated=0
    [CG]   [DIAG] iter=2 posCols=16 newCols=16 effImprove=16 updated=0
    [CG] CG iter 1: obj=145848314.528923, maxRC=59513894.439822, +23 cols
    [CG]   [DIAG] iter=1 posCols=23 newCols=23 effImprove=23 updated=0
    [CG] CG iter 3: obj=165913107.076688, maxRC=4679815.359542, +14 cols
    [CG] CG iter 1: obj=145912220.691006, maxRC=59513786.873314, +23 cols
    [CG]   [DIAG] iter=3 posCols=14 newCols=14 effImprove=14 updated=0
    [CG]   [DIAG] iter=1 posCols=23 newCols=23 effImprove=23 updated=0
    [CG] CG iter 1: obj=145821906.960297, maxRC=59506386.161019, +23 cols
    [CG]   [DIAG] iter=1 posCols=23 newCols=23 effImprove=23 updated=0
    [CG] CG iter 3: obj=165883127.723637, maxRC=4667285.785689, +14 cols
    [CG] CG iter 3: obj=165897117.260435, maxRC=4683057.645072, +14 cols
    [CG]   [DIAG] iter=3 posCols=14 newCols=14 effImprove=14 updated=0
    [CG]   [DIAG] iter=3 posCols=14 newCols=14 effImprove=14 updated=0
    [CG] CG iter 4: obj=174539853.642418, maxRC=2360557.280068, +8 cols
    [CG]   [DIAG] iter=4 posCols=8 newCols=8 effImprove=8 updated=0
    [CG] CG iter 2: obj=161880494.996654, maxRC=10623467.315918, +16 cols
    [CG] CG iter 5: obj=175854621.755630, maxRC=336753.722206, +2 cols
    [CG]   [DIAG] iter=2 posCols=16 newCols=16 effImprove=16 updated=0
    [CG]   [DIAG] iter=5 posCols=2 newCols=2 effImprove=2 updated=0
    [CG] CG iter 4: obj=174497942.864960, maxRC=2360841.822335, +8 cols
    [CG] CG iter 4: obj=174529188.163342, maxRC=2360557.280068, +8 cols
    [CG]   [DIAG] iter=4 posCols=8 newCols=8 effImprove=8 updated=0
    [CG] CG iter 2: obj=161888150.205897, maxRC=10623316.279388, +16 cols
    [CG]   [DIAG] iter=4 posCols=8 newCols=8 effImprove=8 updated=0
    [CG]   [DIAG] iter=2 posCols=16 newCols=16 effImprove=16 updated=0
    [CG] CG iter 2: obj=161872834.203920, maxRC=10619450.876047, +16 cols
    [CG]   [DIAG] iter=2 posCols=16 newCols=16 effImprove=16 updated=0
    [CG] 列生成收敛，共 6 轮迭代
    [CG] [CG-NODE] depth=0 exit=CERTIFIED certified=1 feasible=1 iters=6 generatedColsBeforeNode=0 newCols=63 posCandidates=63 duplicateCandidates=0 updatedCols=0 zeroObjImproveIters=1 objFirst=146033000.405601 objLast=175854621.755630 objGain=29821621.350029 maxRC=59519779.142325 wallSec=0.016277 pricingSec=0.010972 cplexSolveSec=0.003075
      [BB] 根节点即为整数解，obj=175854621.755630
    [CG] CG iter 5: obj=175843956.276554, maxRC=336753.722206, +2 cols
    [CG]   [DIAG] iter=5 posCols=2 newCols=2 effImprove=2 updated=0
    [CG] CG iter 5: obj=175805479.736018, maxRC=329089.017528, +2 cols
    [CG]   [DIAG] iter=5 posCols=2 newCols=2 effImprove=2 updated=0
    [CG] CG iter 3: obj=165904768.108666, maxRC=4679779.578765, +14 cols
    [CG]   [DIAG] iter=3 posCols=14 newCols=14 effImprove=14 updated=0
    [CG] CG iter 3: obj=165887164.751797, maxRC=4669876.884334, +14 cols
    [CG]   [DIAG] iter=3 posCols=14 newCols=14 effImprove=14 updated=0
    [CG] 列生成收敛，共 6 轮迭代
    [CG] [CG-NODE] depth=0 exit=CERTIFIED certified=1 feasible=1 iters=6 generatedColsBeforeNode=0 newCols=63 posCandidates=63 duplicateCandidates=0 updatedCols=0 zeroObjImproveIters=1 objFirst=146025517.172304 objLast=175843956.276554 objGain=29818439.104250 maxRC=59510222.261122 wallSec=0.016844 pricingSec=0.011920 cplexSolveSec=0.002933
    [CG] CG iter 3: obj=165871870.868386, maxRC=4672171.639931, +14 cols
    [CG] 列生成收敛，共 6 轮迭代
    [CG] [CG-NODE] depth=0 exit=CERTIFIED certified=1 feasible=1 iters=6 generatedColsBeforeNode=0 newCols=63 posCandidates=63 duplicateCandidates=0 updatedCols=0 zeroObjImproveIters=1 objFirst=145903005.566919 objLast=175805479.736018 objGain=29902474.169099 maxRC=59513742.010795 wallSec=0.017399 pricingSec=0.011838 cplexSolveSec=0.003257
    [CG]   [DIAG] iter=3 posCols=14 newCols=14 effImprove=14 updated=0
      [BB] 根节点即为整数解，obj=175843956.276554
      [BB] 根节点即为整数解，obj=175805479.736018
    [CG] CG iter 4: obj=174529926.491630, maxRC=2360557.280068, +8 cols
    [CG]   [DIAG] iter=4 posCols=8 newCols=8 effImprove=8 updated=0
    [CG] CG iter 4: obj=174506805.715845, maxRC=2360557.280068, +8 cols
    [CG]   [DIAG] iter=4 posCols=8 newCols=8 effImprove=8 updated=0
    [CG] CG iter 4: obj=174495234.893177, maxRC=2360557.280068, +8 cols
    [CG]   [DIAG] iter=4 posCols=8 newCols=8 effImprove=8 updated=0
    [CG] CG iter 1: obj=145924324.294699, maxRC=59513708.479228, +23 cols
    [CG] CG iter 5: obj=175846304.517210, maxRC=336753.722206, +2 cols
    [CG]   [DIAG] iter=1 posCols=23 newCols=23 effImprove=23 updated=0
    [CG]   [DIAG] iter=5 posCols=2 newCols=2 effImprove=2 updated=0
    [CG] CG iter 5: obj=175821675.756898, maxRC=358834.674282, +2 cols
    [CG]   [DIAG] iter=5 posCols=2 newCols=2 effImprove=2 updated=0
    [CG] 列生成开始，初始列数=128
    [CG] CG iter 1: obj=145742029.075054, maxRC=59336210.912176, +23 cols
    [CG] CG iter 5: obj=175810009.153809, maxRC=359188.990977, +2 cols
    [CG]   [DIAG] iter=5 posCols=2 newCols=2 effImprove=2 updated=0
    [CG] 列生成收敛，共 6 轮迭代
    [CG] [CG-NODE] depth=0 exit=CERTIFIED certified=1 feasible=1 iters=6 generatedColsBeforeNode=0 newCols=63 posCandidates=63 duplicateCandidates=0 updatedCols=0 zeroObjImproveIters=1 objFirst=145848314.528923 objLast=175846304.517210 objGain=29997989.988288 maxRC=59513894.439822 wallSec=0.018127 pricingSec=0.012529 cplexSolveSec=0.003129
    [CG]   [DIAG] iter=1 posCols=23 newCols=23 effImprove=23 updated=0
    [CG] 列生成收敛，共 6 轮迭代
    [CG] [CG-NODE] depth=0 exit=CERTIFIED certified=1 feasible=1 iters=6 generatedColsBeforeNode=0 newCols=63 posCandidates=63 duplicateCandidates=0 updatedCols=0 zeroObjImproveIters=1 objFirst=145912220.691006 objLast=175821675.756898 objGain=29909455.065892 maxRC=59513786.873314 wallSec=0.018455 pricingSec=0.012681 cplexSolveSec=0.003175
      [BB] 根节点即为整数解，obj=175846304.517210
      [BB] 根节点即为整数解，obj=175821675.756898
    [CG] 列生成收敛，共 6 轮迭代
    [CG] [CG-NODE] depth=0 exit=CERTIFIED certified=1 feasible=1 iters=6 generatedColsBeforeNode=0 newCols=63 posCandidates=63 duplicateCandidates=0 updatedCols=0 zeroObjImproveIters=1 objFirst=145821906.960297 objLast=175810009.153809 objGain=29988102.193513 maxRC=59506386.161019 wallSec=0.018380 pricingSec=0.012705 cplexSolveSec=0.003113
    [CG] CG iter 2: obj=161881322.802921, maxRC=10623464.266662, +16 cols
    [CG]   [DIAG] iter=2 posCols=16 newCols=16 effImprove=16 updated=0
      [BB] 根节点即为整数解，obj=175810009.153809
    [CG] 列生成开始，初始列数=128
    [CG] 列生成开始，初始列数=128
    [CG] CG iter 3: obj=165905350.562657, maxRC=4679708.525564, +14 cols
    [CG] CG iter 2: obj=161586834.416476, maxRC=9378594.014290, +17 cols
    [CG]   [DIAG] iter=3 posCols=14 newCols=14 effImprove=14 updated=0
    [CG]   [DIAG] iter=2 posCols=17 newCols=17 effImprove=17 updated=0
    [CG] 列生成开始，初始列数=128
    [CG] CG iter 4: obj=174530647.255521, maxRC=2360557.280068, +8 cols
    [CG]   [DIAG] iter=4 posCols=8 newCols=8 effImprove=8 updated=0
    [CG] CG iter 5: obj=175846753.988793, maxRC=336988.242864, +2 cols
    [CG]   [DIAG] iter=5 posCols=2 newCols=2 effImprove=2 updated=0
    [CG] CG iter 3: obj=171881103.703407, maxRC=7653895.751815, +12 cols
    [CG] 列生成开始，初始列数=128
    [CG]   [DIAG] iter=3 posCols=12 newCols=12 effImprove=12 updated=0
    [CG] 列生成开始，初始列数=128
    [CG] 列生成收敛，共 6 轮迭代
    [CG] [CG-NODE] depth=0 exit=CERTIFIED certified=1 feasible=1 iters=6 generatedColsBeforeNode=0 newCols=63 posCandidates=63 duplicateCandidates=0 updatedCols=0 zeroObjImproveIters=1 objFirst=145924324.294699 objLast=175846753.988793 objGain=29922429.694094 maxRC=59513708.479228 wallSec=0.012268 pricingSec=0.008101 cplexSolveSec=0.002417
      [BB] 根节点即为整数解，obj=175846753.988793
    [CG] CG iter 4: obj=174469980.927124, maxRC=1470111.572033, +5 cols
    [CG] CG iter 1: obj=145918188.040649, maxRC=59513025.596934, +23 cols
    [CG]   [DIAG] iter=4 posCols=5 newCols=5 effImprove=5 updated=0
    [CG]   [DIAG] iter=1 posCols=23 newCols=23 effImprove=23 updated=0
    [CG] CG iter 2: obj=161884718.566298, maxRC=10627747.267072, +16 cols
    [CG]   [DIAG] iter=2 posCols=16 newCols=16 effImprove=16 updated=0
    [CG] CG iter 5: obj=175672886.971720, maxRC=1508864.070159, +3 cols
    [CG]   [DIAG] iter=5 posCols=3 newCols=3 effImprove=3 updated=0
    [CG] CG iter 3: obj=165907540.020276, maxRC=4679872.669900, +14 cols
    [CG]   [DIAG] iter=3 posCols=14 newCols=14 effImprove=14 updated=0
    [CG] 列生成开始，初始列数=128
    [CG] 列生成收敛，共 6 轮迭代
    [CG] [CG-NODE] depth=0 exit=CERTIFIED certified=1 feasible=1 iters=6 generatedColsBeforeNode=0 newCols=60 posCandidates=60 duplicateCandidates=0 updatedCols=0 zeroObjImproveIters=1 objFirst=145742029.075054 objLast=175672886.971720 objGain=29930857.896666 maxRC=59336210.912176 wallSec=0.017515 pricingSec=0.011846 cplexSolveSec=0.003371
    [CG] CG iter 4: obj=174534255.833062, maxRC=2360557.280068, +8 cols
    [CG]   [DIAG] iter=4 posCols=8 newCols=8 effImprove=8 updated=0
      [BB] 根节点即为整数解，obj=175672886.971720
    [CG] CG iter 5: obj=175847869.513717, maxRC=336753.722206, +2 cols
    [CG]   [DIAG] iter=5 posCols=2 newCols=2 effImprove=2 updated=0
    [CG] 列生成收敛，共 6 轮迭代
    [CG] [CG-NODE] depth=0 exit=CERTIFIED certified=1 feasible=1 iters=6 generatedColsBeforeNode=0 newCols=63 posCandidates=63 duplicateCandidates=0 updatedCols=0 zeroObjImproveIters=1 objFirst=145918188.040649 objLast=175847869.513717 objGain=29929681.473069 maxRC=59513025.596934 wallSec=0.009062 pricingSec=0.005981 cplexSolveSec=0.001697
      [BB] 根节点即为整数解，obj=175847869.513717
    [CG] CG iter 1: obj=145916699.026016, maxRC=59501869.853654, +23 cols
    [CG]   [DIAG] iter=1 posCols=23 newCols=23 effImprove=23 updated=0
    [CG] CG iter 1: obj=145688141.994445, maxRC=59519249.467233, +23 cols
    [CG]   [DIAG] iter=1 posCols=23 newCols=23 effImprove=23 updated=0
    [CG] CG iter 2: obj=161858838.047284, maxRC=10615342.326813, +16 cols
    [CG]   [DIAG] iter=2 posCols=16 newCols=16 effImprove=16 updated=0
    [CG] 列生成开始，初始列数=128
    [CG] CG iter 2: obj=161861104.978752, maxRC=10623494.650315, +16 cols
    [CG]   [DIAG] iter=2 posCols=16 newCols=16 effImprove=16 updated=0
    [CG] CG iter 3: obj=165884474.765013, maxRC=4683889.510500, +14 cols
    [CG] 列生成开始，初始列数=128
    [CG]   [DIAG] iter=3 posCols=14 newCols=14 effImprove=14 updated=0
    [CG] CG iter 3: obj=165883700.759702, maxRC=4667166.602525, +14 cols
    [CG]   [DIAG] iter=3 posCols=14 newCols=14 effImprove=14 updated=0
    [CG] CG iter 4: obj=174516291.940480, maxRC=2360557.280068, +8 cols
    [CG]   [DIAG] iter=4 posCols=8 newCols=8 effImprove=8 updated=0
    [CG] CG iter 4: obj=174497482.924270, maxRC=2360841.822335, +8 cols
    [CG]   [DIAG] iter=4 posCols=8 newCols=8 effImprove=8 updated=0
    [CG] CG iter 5: obj=175832650.702836, maxRC=336744.702415, +2 cols
    [CG]   [DIAG] iter=5 posCols=2 newCols=2 effImprove=2 updated=0
    [CG] CG iter 5: obj=175807170.186830, maxRC=329089.017528, +2 cols
    [CG]   [DIAG] iter=5 posCols=2 newCols=2 effImprove=2 updated=0
    [CG] 列生成收敛，共 6 轮迭代
    [CG] [CG-NODE] depth=0 exit=CERTIFIED certified=1 feasible=1 iters=6 generatedColsBeforeNode=0 newCols=63 posCandidates=63 duplicateCandidates=0 updatedCols=0 zeroObjImproveIters=1 objFirst=145916699.026016 objLast=175832650.702836 objGain=29915951.676819 maxRC=59501869.853654 wallSec=0.011737 pricingSec=0.008054 cplexSolveSec=0.002002
      [BB] 根节点即为整数解，obj=175832650.702836
    [CG] 列生成收敛，共 6 轮迭代
    [CG] [CG-NODE] depth=0 exit=CERTIFIED certified=1 feasible=1 iters=6 generatedColsBeforeNode=0 newCols=63 posCandidates=63 duplicateCandidates=0 updatedCols=0 zeroObjImproveIters=1 objFirst=145688141.994445 objLast=175807170.186830 objGain=30119028.192385 maxRC=59519249.467233 wallSec=0.010539 pricingSec=0.007079 cplexSolveSec=0.001950
      [BB] 根节点即为整数解，obj=175807170.186830
    [CG] CG iter 1: obj=145860353.734352, maxRC=59519550.350332, +23 cols
    [CG]   [DIAG] iter=1 posCols=23 newCols=23 effImprove=23 updated=0
    [CG] 列生成开始，初始列数=128
    [CG] CG iter 1: obj=145890828.396707, maxRC=59519249.467233, +23 cols
    [CG]   [DIAG] iter=1 posCols=23 newCols=23 effImprove=23 updated=0
    [CG] CG iter 1: obj=145916688.474919, maxRC=59501869.853654, +23 cols
    [CG] 列生成开始，初始列数=128
    [CG] CG iter 1: obj=145824083.724681, maxRC=59513025.596934, +23 cols
    [CG] CG iter 2: obj=161721691.338719, maxRC=10623249.857382, +16 cols
    [CG]   [DIAG] iter=1 posCols=23 newCols=23 effImprove=23 updated=0
    [CG]   [DIAG] iter=2 posCols=16 newCols=16 effImprove=16 updated=0
    [CG]   [DIAG] iter=1 posCols=23 newCols=23 effImprove=23 updated=0
    [CG] CG iter 2: obj=161779117.437638, maxRC=10652047.114786, +16 cols
    [CG]   [DIAG] iter=2 posCols=16 newCols=16 effImprove=16 updated=0
    [CG] CG iter 3: obj=166074336.132844, maxRC=5109038.932198, +15 cols
    [CG]   [DIAG] iter=3 posCols=15 newCols=15 effImprove=15 updated=0
    [CG] CG iter 3: obj=165744085.741770, maxRC=4666043.533799, +14 cols
    [CG] CG iter 2: obj=161858838.047284, maxRC=10615342.326813, +16 cols
    [CG]   [DIAG] iter=3 posCols=14 newCols=14 effImprove=14 updated=0
    [CG] CG iter 2: obj=161804784.390340, maxRC=10627747.267072, +16 cols
    [CG]   [DIAG] iter=2 posCols=16 newCols=16 effImprove=16 updated=0
    [CG]   [DIAG] iter=2 posCols=16 newCols=16 effImprove=16 updated=0
    [CG] CG iter 4: obj=175663675.908060, maxRC=2667955.913234, +6 cols
    [CG]   [DIAG] iter=4 posCols=6 newCols=6 effImprove=6 updated=0
    [CG] CG iter 5: obj=175708159.915966, maxRC=953011.648386, +1 cols
    [CG]   [DIAG] iter=5 posCols=1 newCols=1 effImprove=1 updated=0
    [CG] CG iter 4: obj=174327050.315306, maxRC=2360869.123613, +8 cols
    [CG]   [DIAG] iter=4 posCols=8 newCols=8 effImprove=8 updated=0
    [CG] 列生成收敛，共 6 轮迭代
    [CG] [CG-NODE] depth=0 exit=CERTIFIED certified=1 feasible=1 iters=6 generatedColsBeforeNode=0 newCols=61 posCandidates=61 duplicateCandidates=0 updatedCols=0 zeroObjImproveIters=1 objFirst=145890828.396707 objLast=175708159.915966 objGain=29817331.519259 maxRC=59519249.467233 wallSec=0.012819 pricingSec=0.008803 cplexSolveSec=0.002305
    [CG] CG iter 3: obj=165884468.015918, maxRC=4683875.708979, +14 cols
      [BB] 根节点即为整数解，obj=175708159.915966
    [CG]   [DIAG] iter=3 posCols=14 newCols=14 effImprove=14 updated=0
    [CG] CG iter 3: obj=166109706.084056, maxRC=5118128.238817, +15 cols
    [CG] CG iter 5: obj=175665908.497819, maxRC=328326.031091, +2 cols
    [CG]   [DIAG] iter=5 posCols=2 newCols=2 effImprove=2 updated=0
    [CG]   [DIAG] iter=3 posCols=15 newCols=15 effImprove=15 updated=0
    [CG] CG iter 1: obj=145935550.842977, maxRC=59513765.002931, +23 cols
    [CG] CG iter 1: obj=146021149.442875, maxRC=59519563.220823, +23 cols
    [CG]   [DIAG] iter=1 posCols=23 newCols=23 effImprove=23 updated=0
    [CG]   [DIAG] iter=1 posCols=23 newCols=23 effImprove=23 updated=0
    [CG] CG iter 4: obj=174516288.795819, maxRC=2360557.280068, +8 cols
    [CG]   [DIAG] iter=4 posCols=8 newCols=8 effImprove=8 updated=0
    [CG] 列生成收敛，共 6 轮迭代
    [CG] [CG-NODE] depth=0 exit=CERTIFIED certified=1 feasible=1 iters=6 generatedColsBeforeNode=0 newCols=63 posCandidates=63 duplicateCandidates=0 updatedCols=0 zeroObjImproveIters=1 objFirst=145860353.734352 objLast=175665908.497819 objGain=29805554.763467 maxRC=59519550.350332 wallSec=0.019161 pricingSec=0.013046 cplexSolveSec=0.003449
    [CG] CG iter 4: obj=175712760.894846, maxRC=2671769.720189, +6 cols
    [CG]   [DIAG] iter=4 posCols=6 newCols=6 effImprove=6 updated=0
      [BB] 根节点即为整数解，obj=175665908.497819
    [CG] CG iter 5: obj=175832647.558175, maxRC=336753.722206, +2 cols
    [CG]   [DIAG] iter=5 posCols=2 newCols=2 effImprove=2 updated=0
    [CG] CG iter 2: obj=161888100.160464, maxRC=10623299.395535, +16 cols
    [CG] CG iter 5: obj=175767935.337759, maxRC=944230.107576, +1 cols
    [CG]   [DIAG] iter=5 posCols=1 newCols=1 effImprove=1 updated=0
    [CG]   [DIAG] iter=2 posCols=16 newCols=16 effImprove=16 updated=0
    [CG] CG iter 2: obj=161878258.376541, maxRC=10623512.334246, +16 cols
    [CG] 列生成开始，初始列数=128
    [CG] 列生成收敛，共 6 轮迭代
    [CG] [CG-NODE] depth=0 exit=CERTIFIED certified=1 feasible=1 iters=6 generatedColsBeforeNode=0 newCols=63 posCandidates=63 duplicateCandidates=0 updatedCols=0 zeroObjImproveIters=1 objFirst=145916688.474919 objLast=175832647.558175 objGain=29915959.083256 maxRC=59501869.853654 wallSec=0.018518 pricingSec=0.012659 cplexSolveSec=0.003277
    [CG]   [DIAG] iter=2 posCols=16 newCols=16 effImprove=16 updated=0
    [CG] 列生成收敛，共 6 轮迭代
    [CG] [CG-NODE] depth=0 exit=CERTIFIED certified=1 feasible=1 iters=6 generatedColsBeforeNode=0 newCols=61 posCandidates=61 duplicateCandidates=0 updatedCols=0 zeroObjImproveIters=1 objFirst=145824083.724681 objLast=175767935.337759 objGain=29943851.613078 maxRC=59513025.596934 wallSec=0.018522 pricingSec=0.012659 cplexSolveSec=0.003223
      [BB] 根节点即为整数解，obj=175832647.558175
      [BB] 根节点即为整数解，obj=175767935.337759
    [CG] CG iter 3: obj=165912356.225522, maxRC=4679881.429206, +14 cols
    [CG]   [DIAG] iter=3 posCols=14 newCols=14 effImprove=14 updated=0
    [CG] 列生成开始，初始列数=128
    [CG] CG iter 3: obj=165902420.600850, maxRC=4679885.702760, +14 cols
    [CG]   [DIAG] iter=3 posCols=14 newCols=14 effImprove=14 updated=0
    [CG] CG iter 4: obj=174539060.000410, maxRC=2360557.280068, +8 cols
    [CG]   [DIAG] iter=4 posCols=8 newCols=8 effImprove=8 updated=0
    [CG] CG iter 1: obj=145932572.139164, maxRC=59513786.873314, +23 cols
    [CG] CG iter 5: obj=175853954.670779, maxRC=336753.722206, +2 cols
    [CG]   [DIAG] iter=5 posCols=2 newCols=2 effImprove=2 updated=0
    [CG] CG iter 4: obj=174527336.910771, maxRC=2360558.391292, +8 cols
    [CG]   [DIAG] iter=4 posCols=8 newCols=8 effImprove=8 updated=0
    [CG] 列生成开始，初始列数=128
    [CG]   [DIAG] iter=1 posCols=23 newCols=23 effImprove=23 updated=0
    [CG] 列生成收敛，共 6 轮迭代
    [CG] [CG-NODE] depth=0 exit=CERTIFIED certified=1 feasible=1 iters=6 generatedColsBeforeNode=0 newCols=63 posCandidates=63 duplicateCandidates=0 updatedCols=0 zeroObjImproveIters=1 objFirst=145935550.842977 objLast=175853954.670779 objGain=29918403.827802 maxRC=59513765.002931 wallSec=0.013946 pricingSec=0.009552 cplexSolveSec=0.002464
      [BB] 根节点即为整数解，obj=175853954.670779
    [CG] CG iter 5: obj=175843989.917417, maxRC=336756.712080, +2 cols
    [CG]   [DIAG] iter=5 posCols=2 newCols=2 effImprove=2 updated=0
    [CG] 列生成收敛，共 6 轮迭代
    [CG] [CG-NODE] depth=0 exit=CERTIFIED certified=1 feasible=1 iters=6 generatedColsBeforeNode=0 newCols=63 posCandidates=63 duplicateCandidates=0 updatedCols=0 zeroObjImproveIters=1 objFirst=146021149.442875 objLast=175843989.917417 objGain=29822840.474542 maxRC=59519563.220823 wallSec=0.015668 pricingSec=0.010621 cplexSolveSec=0.002833
    [CG] CG iter 2: obj=161886186.475510, maxRC=10623300.567101, +16 cols
      [BB] 根节点即为整数解，obj=175843989.917417
    [CG]   [DIAG] iter=2 posCols=16 newCols=16 effImprove=16 updated=0
    [CG] CG iter 3: obj=165910443.168938, maxRC=4679872.669900, +14 cols
    [CG]   [DIAG] iter=3 posCols=14 newCols=14 effImprove=14 updated=0
    [CG] CG iter 1: obj=145925405.310090, maxRC=59518400.787405, +23 cols
    [CG]   [DIAG] iter=1 posCols=23 newCols=23 effImprove=23 updated=0
    [CG] CG iter 1: obj=145849990.044191, maxRC=59513894.439822, +23 cols
    [CG] CG iter 4: obj=174536880.006764, maxRC=2360557.280068, +8 cols
    [CG]   [DIAG] iter=4 posCols=8 newCols=8 effImprove=8 updated=0
    [CG]   [DIAG] iter=1 posCols=23 newCols=23 effImprove=23 updated=0
    [CG] CG iter 1: obj=145994877.848880, maxRC=59519550.350332, +23 cols
    [CG] CG iter 5: obj=175852034.167949, maxRC=336753.722206, +2 cols
    [CG] CG iter 2: obj=161827996.903550, maxRC=10703378.717734, +16 cols
    [CG]   [DIAG] iter=5 posCols=2 newCols=2 effImprove=2 updated=0
    [CG] CG iter 1: obj=145923539.619434, maxRC=59513025.596934, +23 cols
    [CG]   [DIAG] iter=2 posCols=16 newCols=16 effImprove=16 updated=0
    [CG]   [DIAG] iter=1 posCols=23 newCols=23 effImprove=23 updated=0
    [CG]   [DIAG] iter=1 posCols=23 newCols=23 effImprove=23 updated=0
    [CG] 列生成收敛，共 6 轮迭代
    [CG] [CG-NODE] depth=0 exit=CERTIFIED certified=1 feasible=1 iters=6 generatedColsBeforeNode=0 newCols=63 posCandidates=63 duplicateCandidates=0 updatedCols=0 zeroObjImproveIters=1 objFirst=145932572.139164 objLast=175852034.167949 objGain=29919462.028785 maxRC=59513786.873314 wallSec=0.015433 pricingSec=0.010450 cplexSolveSec=0.002908
      [BB] 根节点即为整数解，obj=175852034.167949
    [CG] CG iter 2: obj=161802665.635337, maxRC=10623464.266662, +16 cols
    [CG]   [DIAG] iter=2 posCols=16 newCols=16 effImprove=16 updated=0
    [CG] CG iter 2: obj=161888640.797177, maxRC=10623300.567101, +16 cols
    [CG] CG iter 3: obj=165185341.027308, maxRC=5764641.129509, +16 cols
    [CG]   [DIAG] iter=2 posCols=16 newCols=16 effImprove=16 updated=0
    [CG]   [DIAG] iter=3 posCols=16 newCols=16 effImprove=16 updated=0
    [CG] CG iter 2: obj=161857791.576255, maxRC=10627321.595749, +16 cols
    [CG]   [DIAG] iter=2 posCols=16 newCols=16 effImprove=16 updated=0
    [CG] CG iter 3: obj=165912893.200818, maxRC=4679872.669900, +14 cols
    [CG]   [DIAG] iter=3 posCols=14 newCols=14 effImprove=14 updated=0
    [CG] CG iter 4: obj=174453573.977967, maxRC=2545306.226101, +8 cols
    [CG] CG iter 3: obj=165826935.436968, maxRC=4679792.611626, +14 cols
    [CG]   [DIAG] iter=4 posCols=8 newCols=8 effImprove=8 updated=0
    [CG]   [DIAG] iter=3 posCols=14 newCols=14 effImprove=14 updated=0
    [CG] CG iter 4: obj=174539681.412034, maxRC=2360557.280068, +8 cols
    [CG] CG iter 3: obj=165879069.427310, maxRC=4667314.608253, +14 cols
    [CG]   [DIAG] iter=4 posCols=8 newCols=8 effImprove=8 updated=0
    [CG]   [DIAG] iter=3 posCols=14 newCols=14 effImprove=14 updated=0
    [CG] CG iter 5: obj=175746305.061080, maxRC=15799.458583, +1 cols
    [CG] CG iter 4: obj=174435222.588496, maxRC=2360558.391292, +8 cols
    [CG]   [DIAG] iter=5 posCols=1 newCols=1 effImprove=1 updated=0
    [CG]   [DIAG] iter=4 posCols=8 newCols=8 effImprove=8 updated=0
    [CG] CG iter 5: obj=175854488.489616, maxRC=336753.722206, +2 cols
    [CG]   [DIAG] iter=5 posCols=2 newCols=2 effImprove=2 updated=0
    [CG] CG iter 4: obj=174493089.543325, maxRC=2360841.822335, +8 cols
    [CG] 列生成收敛，共 6 轮迭代
    [CG]   [DIAG] iter=4 posCols=8 newCols=8 effImprove=8 updated=0
    [CG] [CG-NODE] depth=0 exit=CERTIFIED certified=1 feasible=1 iters=6 generatedColsBeforeNode=0 newCols=63 posCandidates=63 duplicateCandidates=0 updatedCols=0 zeroObjImproveIters=1 objFirst=145923539.619434 objLast=175854488.489616 objGain=29930948.870182 maxRC=59513025.596934 wallSec=0.009053 pricingSec=0.005972 cplexSolveSec=0.001751
    [CG] CG iter 5: obj=175768503.778983, maxRC=336756.712080, +2 cols
    [CG] 列生成收敛，共 6 轮迭代
    [CG]   [DIAG] iter=5 posCols=2 newCols=2 effImprove=2 updated=0
    [CG] [CG-NODE] depth=0 exit=CERTIFIED certified=1 feasible=1 iters=6 generatedColsBeforeNode=0 newCols=64 posCandidates=64 duplicateCandidates=0 updatedCols=0 zeroObjImproveIters=1 objFirst=145925405.310090 objLast=175746305.061080 objGain=29820899.750990 maxRC=59518400.787405 wallSec=0.011494 pricingSec=0.007543 cplexSolveSec=0.002305
      [BB] 根节点即为整数解，obj=175854488.489616
      [BB] 根节点即为整数解，obj=175746305.061080
    [CG] CG iter 5: obj=175801520.661969, maxRC=329078.870136, +2 cols
    [CG]   [DIAG] iter=5 posCols=2 newCols=2 effImprove=2 updated=0
    [CG] 列生成收敛，共 6 轮迭代
    [CG] [CG-NODE] depth=0 exit=CERTIFIED certified=1 feasible=1 iters=6 generatedColsBeforeNode=0 newCols=63 posCandidates=63 duplicateCandidates=0 updatedCols=0 zeroObjImproveIters=1 objFirst=145849990.044191 objLast=175768503.778983 objGain=29918513.734791 maxRC=59513894.439822 wallSec=0.018066 pricingSec=0.012577 cplexSolveSec=0.003032
      [BB] 根节点即为整数解，obj=175768503.778983
    [CG] 列生成收敛，共 6 轮迭代
    [CG] [CG-NODE] depth=0 exit=CERTIFIED certified=1 feasible=1 iters=6 generatedColsBeforeNode=0 newCols=63 posCandidates=63 duplicateCandidates=0 updatedCols=0 zeroObjImproveIters=1 objFirst=145994877.848880 objLast=175801520.661969 objGain=29806642.813089 maxRC=59519550.350332 wallSec=0.011667 pricingSec=0.007686 cplexSolveSec=0.002309
      [BB] 根节点即为整数解，obj=175801520.661969
[GA] 代数 8: Best=175883804.52, Avg=175836814.09, Worst=175694794.18, Valid=30/30, 耗时=0.05s (连续8代未提升)
  ├─ 求解: 30 个体 fork 并行 | CG迭代=144 加列=1504 BB分支=0
  ├─ 并行墙钟=0.0528s | 串行等效(ΣBP)=0.3529s | 加速比=6.68x
  ├─ 管理开销=-0.3001s (fork=0.0036 wait=0.0488 merge=0.0003)
  └─ CG明细: gen_logs/run_gen8_ind{0..29}.log
    [CG] 列生成开始，初始列数=128
    [CG] 列生成开始，初始列数=128
    [CG] 列生成开始，初始列数=128
    [CG] 列生成开始，初始列数=128
    [CG] 列生成开始，初始列数=128
    [CG] 列生成开始，初始列数=128
    [CG] 列生成开始，初始列数=128
    [CG] 列生成开始，初始列数=128
    [CG] CG iter 1: obj=145932478.417872, maxRC=59513786.873314, +23 cols
    [CG]   [DIAG] iter=1 posCols=23 newCols=23 effImprove=23 updated=0
    [CG] CG iter 1: obj=145923924.836131, maxRC=59506256.602322, +23 cols
    [CG]   [DIAG] iter=1 posCols=23 newCols=23 effImprove=23 updated=0
    [CG] CG iter 2: obj=161886117.945814, maxRC=10623331.458353, +16 cols
    [CG]   [DIAG] iter=2 posCols=16 newCols=16 effImprove=16 updated=0
    [CG] CG iter 1: obj=145999760.634781, maxRC=59519550.350332, +23 cols
    [CG] CG iter 3: obj=165910354.661357, maxRC=4679872.669900, +14 cols
    [CG] CG iter 2: obj=161872496.959020, maxRC=10619365.522425, +16 cols
    [CG]   [DIAG] iter=1 posCols=23 newCols=23 effImprove=23 updated=0
    [CG]   [DIAG] iter=3 posCols=14 newCols=14 effImprove=14 updated=0
    [CG]   [DIAG] iter=2 posCols=16 newCols=16 effImprove=16 updated=0
    [CG] CG iter 1: obj=145919258.775110, maxRC=59513708.479228, +23 cols
    [CG]   [DIAG] iter=1 posCols=23 newCols=23 effImprove=23 updated=0
    [CG] CG iter 4: obj=174536794.106038, maxRC=2360557.280068, +8 cols
    [CG]   [DIAG] iter=4 posCols=8 newCols=8 effImprove=8 updated=0
    [CG] CG iter 3: obj=165897191.847125, maxRC=4682373.144908, +14 cols
    [CG]   [DIAG] iter=3 posCols=14 newCols=14 effImprove=14 updated=0
    [CG] CG iter 5: obj=175851938.076611, maxRC=336753.722206, +2 cols
    [CG] CG iter 2: obj=161861948.362402, maxRC=10627603.509234, +16 cols
    [CG]   [DIAG] iter=5 posCols=2 newCols=2 effImprove=2 updated=0
    [CG]   [DIAG] iter=2 posCols=16 newCols=16 effImprove=16 updated=0
    [CG] 列生成收敛，共 6 轮迭代
    [CG] [CG-NODE] depth=0 exit=CERTIFIED certified=1 feasible=1 iters=6 generatedColsBeforeNode=0 newCols=63 posCandidates=63 duplicateCandidates=0 updatedCols=0 zeroObjImproveIters=1 objFirst=145932478.417872 objLast=175851938.076611 objGain=29919459.658739 maxRC=59513786.873314 wallSec=0.012344 pricingSec=0.008288 cplexSolveSec=0.002338
    [CG] CG iter 4: obj=174527796.356904, maxRC=2360557.280068, +8 cols
    [CG]   [DIAG] iter=4 posCols=8 newCols=8 effImprove=8 updated=0
      [BB] 根节点即为整数解，obj=175851938.076611
    [CG] CG iter 1: obj=145758004.354570, maxRC=59509515.584578, +23 cols
    [CG] CG iter 2: obj=161877641.158286, maxRC=10627910.966633, +16 cols
    [CG]   [DIAG] iter=2 posCols=16 newCols=16 effImprove=16 updated=0
    [CG]   [DIAG] iter=1 posCols=23 newCols=23 effImprove=23 updated=0
    [CG] CG iter 3: obj=165883099.299533, maxRC=4667305.077091, +14 cols
    [CG] CG iter 1: obj=145935686.656193, maxRC=59513786.873314, +23 cols
    [CG] CG iter 5: obj=175842590.047363, maxRC=336753.722206, +2 cols
    [CG]   [DIAG] iter=3 posCols=14 newCols=14 effImprove=14 updated=0
    [CG]   [DIAG] iter=5 posCols=2 newCols=2 effImprove=2 updated=0
    [CG] CG iter 1: obj=145681704.741998, maxRC=59506572.121613, +23 cols
    [CG]   [DIAG] iter=1 posCols=23 newCols=23 effImprove=23 updated=0
    [CG]   [DIAG] iter=1 posCols=23 newCols=23 effImprove=23 updated=0
    [CG] 列生成收敛，共 6 轮迭代
    [CG] [CG-NODE] depth=0 exit=CERTIFIED certified=1 feasible=1 iters=6 generatedColsBeforeNode=0 newCols=63 posCandidates=63 duplicateCandidates=0 updatedCols=0 zeroObjImproveIters=1 objFirst=145923924.836131 objLast=175842590.047363 objGain=29918665.211232 maxRC=59506256.602322 wallSec=0.013959 pricingSec=0.009433 cplexSolveSec=0.002622
    [CG] CG iter 1: obj=145859884.523935, maxRC=59470954.827990, +23 cols
    [CG] CG iter 4: obj=174497928.023746, maxRC=2360841.822335, +8 cols
    [CG]   [DIAG] iter=4 posCols=8 newCols=8 effImprove=8 updated=0
      [BB] 根节点即为整数解，obj=175842590.047363
    [CG] CG iter 3: obj=165900235.709610, maxRC=4679708.525564, +14 cols
    [CG]   [DIAG] iter=1 posCols=23 newCols=23 effImprove=23 updated=0
    [CG]   [DIAG] iter=3 posCols=14 newCols=14 effImprove=14 updated=0
    [CG] CG iter 2: obj=161884938.124868, maxRC=10627747.267072, +16 cols
    [CG]   [DIAG] iter=2 posCols=16 newCols=16 effImprove=16 updated=0
    [CG] CG iter 5: obj=175805499.141131, maxRC=329089.017528, +2 cols
    [CG]   [DIAG] iter=5 posCols=2 newCols=2 effImprove=2 updated=0
    [CG] CG iter 2: obj=161888251.401139, maxRC=10623316.279388, +16 cols
    [CG]   [DIAG] iter=2 posCols=16 newCols=16 effImprove=16 updated=0
    [CG] CG iter 2: obj=161806014.186230, maxRC=10618427.403192, +16 cols
    [CG]   [DIAG] iter=2 posCols=16 newCols=16 effImprove=16 updated=0
    [CG] CG iter 4: obj=174525507.735745, maxRC=2360557.280068, +8 cols
    [CG]   [DIAG] iter=4 posCols=8 newCols=8 effImprove=8 updated=0
    [CG] 列生成收敛，共 6 轮迭代
    [CG] [CG-NODE] depth=0 exit=CERTIFIED certified=1 feasible=1 iters=6 generatedColsBeforeNode=0 newCols=63 posCandidates=63 duplicateCandidates=0 updatedCols=0 zeroObjImproveIters=1 objFirst=145999760.634781 objLast=175805499.141131 objGain=29805738.506351 maxRC=59519550.350332 wallSec=0.014690 pricingSec=0.010143 cplexSolveSec=0.002585
      [BB] 根节点即为整数解，obj=175805499.141131
    [CG] CG iter 2: obj=161777922.932876, maxRC=10599461.369198, +16 cols
    [CG]   [DIAG] iter=2 posCols=16 newCols=16 effImprove=16 updated=0
    [CG] CG iter 3: obj=165882113.831484, maxRC=4669713.961802, +14 cols
    [CG] CG iter 5: obj=175840375.599138, maxRC=336988.242864, +2 cols
    [CG]   [DIAG] iter=3 posCols=14 newCols=14 effImprove=14 updated=0
    [CG]   [DIAG] iter=5 posCols=2 newCols=2 effImprove=2 updated=0
    [CG] 列生成开始，初始列数=128
    [CG] CG iter 3: obj=165912511.874889, maxRC=4679886.471421, +14 cols
    [CG]   [DIAG] iter=3 posCols=14 newCols=14 effImprove=14 updated=0
    [CG] CG iter 3: obj=166110080.980598, maxRC=5109038.932198, +15 cols
    [CG]   [DIAG] iter=3 posCols=15 newCols=15 effImprove=15 updated=0
    [CG] 列生成收敛，共 6 轮迭代
    [CG] [CG-NODE] depth=0 exit=CERTIFIED certified=1 feasible=1 iters=6 generatedColsBeforeNode=0 newCols=63 posCandidates=63 duplicateCandidates=0 updatedCols=0 zeroObjImproveIters=1 objFirst=145919258.775110 objLast=175840375.599138 objGain=29921116.824028 maxRC=59513708.479228 wallSec=0.016366 pricingSec=0.011428 cplexSolveSec=0.002845
    [CG] CG iter 4: obj=174501684.810800, maxRC=2360557.280068, +8 cols
    [CG]   [DIAG] iter=4 posCols=8 newCols=8 effImprove=8 updated=0
      [BB] 根节点即为整数解，obj=175840375.599138
    [CG] CG iter 3: obj=165804154.618126, maxRC=4681292.008002, +14 cols
    [CG]   [DIAG] iter=3 posCols=14 newCols=14 effImprove=14 updated=0
    [CG] CG iter 4: obj=174539232.054643, maxRC=2360557.280068, +8 cols
    [CG]   [DIAG] iter=4 posCols=8 newCols=8 effImprove=8 updated=0
    [CG] CG iter 4: obj=175709488.311346, maxRC=2667955.913234, +6 cols
    [CG]   [DIAG] iter=4 posCols=6 newCols=6 effImprove=6 updated=0
    [CG] CG iter 5: obj=175815257.935789, maxRC=359188.990977, +2 cols
    [CG]   [DIAG] iter=5 posCols=2 newCols=2 effImprove=2 updated=0
    [CG] 列生成开始，初始列数=128
    [CG] CG iter 5: obj=175854095.310280, maxRC=336744.702415, +2 cols
    [CG] CG iter 4: obj=174440895.734870, maxRC=2360841.822335, +8 cols
    [CG]   [DIAG] iter=5 posCols=2 newCols=2 effImprove=2 updated=0
    [CG]   [DIAG] iter=4 posCols=8 newCols=8 effImprove=8 updated=0
    [CG] CG iter 5: obj=175756958.409067, maxRC=944516.856896, +1 cols
    [CG]   [DIAG] iter=5 posCols=1 newCols=1 effImprove=1 updated=0
    [CG] 列生成收敛，共 6 轮迭代
    [CG] [CG-NODE] depth=0 exit=CERTIFIED certified=1 feasible=1 iters=6 generatedColsBeforeNode=0 newCols=63 posCandidates=63 duplicateCandidates=0 updatedCols=0 zeroObjImproveIters=1 objFirst=145758004.354570 objLast=175815257.935789 objGain=30057253.581219 maxRC=59509515.584578 wallSec=0.017482 pricingSec=0.012220 cplexSolveSec=0.002868
      [BB] 根节点即为整数解，obj=175815257.935789
    [CG] 列生成收敛，共 6 轮迭代
    [CG] [CG-NODE] depth=0 exit=CERTIFIED certified=1 feasible=1 iters=6 generatedColsBeforeNode=0 newCols=63 posCandidates=63 duplicateCandidates=0 updatedCols=0 zeroObjImproveIters=1 objFirst=145935686.656193 objLast=175854095.310280 objGain=29918408.654087 maxRC=59513786.873314 wallSec=0.017570 pricingSec=0.012163 cplexSolveSec=0.002922
    [CG] CG iter 5: obj=175750395.802360, maxRC=329078.870136, +2 cols
    [CG]   [DIAG] iter=5 posCols=2 newCols=2 effImprove=2 updated=0
    [CG] 列生成收敛，共 6 轮迭代
    [CG] [CG-NODE] depth=0 exit=CERTIFIED certified=1 feasible=1 iters=6 generatedColsBeforeNode=0 newCols=61 posCandidates=61 duplicateCandidates=0 updatedCols=0 zeroObjImproveIters=1 objFirst=145681704.741998 objLast=175756958.409067 objGain=30075253.667069 maxRC=59506572.121613 wallSec=0.017467 pricingSec=0.012227 cplexSolveSec=0.002846
      [BB] 根节点即为整数解，obj=175854095.310280
      [BB] 根节点即为整数解，obj=175756958.409067
    [CG] 列生成开始，初始列数=128
    [CG] 列生成收敛，共 6 轮迭代
    [CG] [CG-NODE] depth=0 exit=CERTIFIED certified=1 feasible=1 iters=6 generatedColsBeforeNode=0 newCols=63 posCandidates=63 duplicateCandidates=0 updatedCols=0 zeroObjImproveIters=1 objFirst=145859884.523935 objLast=175750395.802360 objGain=29890511.278425 maxRC=59470954.827990 wallSec=0.017849 pricingSec=0.012400 cplexSolveSec=0.002856
    [CG] 列生成开始，初始列数=128
      [BB] 根节点即为整数解，obj=175750395.802360
    [CG] 列生成开始，初始列数=128
    [CG] 列生成开始，初始列数=128
    [CG] 列生成开始，初始列数=128
    [CG] 列生成开始，初始列数=128
    [CG] CG iter 1: obj=145935171.989034, maxRC=59513894.439822, +23 cols
    [CG]   [DIAG] iter=1 posCols=23 newCols=23 effImprove=23 updated=0
    [CG] CG iter 1: obj=145920607.813054, maxRC=59512927.168510, +23 cols
    [CG]   [DIAG] iter=1 posCols=23 newCols=23 effImprove=23 updated=0
    [CG] CG iter 2: obj=161888121.751739, maxRC=10624487.739518, +16 cols
    [CG] CG iter 1: obj=145874355.134605, maxRC=59510222.261122, +23 cols
    [CG]   [DIAG] iter=2 posCols=16 newCols=16 effImprove=16 updated=0
    [CG]   [DIAG] iter=1 posCols=23 newCols=23 effImprove=23 updated=0
    [CG] CG iter 3: obj=165912040.728706, maxRC=4679779.578765, +14 cols
    [CG]   [DIAG] iter=3 posCols=14 newCols=14 effImprove=14 updated=0
    [CG] CG iter 2: obj=161887695.234020, maxRC=10624324.039956, +16 cols
    [CG]   [DIAG] iter=2 posCols=16 newCols=16 effImprove=16 updated=0
    [CG] CG iter 4: obj=174538764.615060, maxRC=2360557.280068, +8 cols
    [CG]   [DIAG] iter=4 posCols=8 newCols=8 effImprove=8 updated=0
    [CG] CG iter 1: obj=145988714.135846, maxRC=59519249.467233, +23 cols
    [CG] CG iter 2: obj=161720663.930230, maxRC=10616997.263081, +16 cols
    [CG]   [DIAG] iter=2 posCols=16 newCols=16 effImprove=16 updated=0
    [CG]   [DIAG] iter=1 posCols=23 newCols=23 effImprove=23 updated=0
    [CG] CG iter 5: obj=175853291.614125, maxRC=336753.722206, +2 cols
    [CG]   [DIAG] iter=5 posCols=2 newCols=2 effImprove=2 updated=0
    [CG] CG iter 3: obj=165911594.857836, maxRC=4679872.669900, +14 cols
    [CG]   [DIAG] iter=3 posCols=14 newCols=14 effImprove=14 updated=0
    [CG] CG iter 1: obj=145911956.067214, maxRC=59513025.596934, +23 cols
    [CG] 列生成收敛，共 6 轮迭代
    [CG] [CG-NODE] depth=0 exit=CERTIFIED certified=1 feasible=1 iters=6 generatedColsBeforeNode=0 newCols=63 posCandidates=63 duplicateCandidates=0 updatedCols=0 zeroObjImproveIters=1 objFirst=145935171.989034 objLast=175853291.614125 objGain=29918119.625091 maxRC=59513894.439822 wallSec=0.010608 pricingSec=0.007220 cplexSolveSec=0.001820
      [BB] 根节点即为整数解，obj=175853291.614125
    [CG]   [DIAG] iter=1 posCols=23 newCols=23 effImprove=23 updated=0
    [CG] CG iter 4: obj=174538383.741851, maxRC=2360557.280068, +8 cols
    [CG]   [DIAG] iter=4 posCols=8 newCols=8 effImprove=8 updated=0
    [CG] CG iter 3: obj=165745945.950313, maxRC=4683057.645072, +14 cols
    [CG] CG iter 1: obj=145923268.302172, maxRC=59512819.224782, +23 cols
    [CG]   [DIAG] iter=3 posCols=14 newCols=14 effImprove=14 updated=0
    [CG] CG iter 2: obj=161860134.276016, maxRC=10623494.650315, +16 cols
    [CG]   [DIAG] iter=1 posCols=23 newCols=23 effImprove=23 updated=0
    [CG]   [DIAG] iter=2 posCols=16 newCols=16 effImprove=16 updated=0
    [CG] CG iter 5: obj=175852902.054488, maxRC=336753.722206, +2 cols
    [CG]   [DIAG] iter=5 posCols=2 newCols=2 effImprove=2 updated=0
    [CG] CG iter 4: obj=174345156.115223, maxRC=2360557.280068, +8 cols
    [CG]   [DIAG] iter=4 posCols=8 newCols=8 effImprove=8 updated=0
    [CG] 列生成收敛，共 6 轮迭代
    [CG] [CG-NODE] depth=0 exit=CERTIFIED certified=1 feasible=1 iters=6 generatedColsBeforeNode=0 newCols=63 posCandidates=63 duplicateCandidates=0 updatedCols=0 zeroObjImproveIters=1 objFirst=145920607.813054 objLast=175852902.054488 objGain=29932294.241433 maxRC=59512927.168510 wallSec=0.010617 pricingSec=0.007055 cplexSolveSec=0.001993
      [BB] 根节点即为整数解，obj=175852902.054488
    [CG] CG iter 2: obj=161880191.966499, maxRC=10633570.248447, +16 cols
    [CG] CG iter 1: obj=145824154.003067, maxRC=59512530.631443, +23 cols
    [CG]   [DIAG] iter=2 posCols=16 newCols=16 effImprove=16 updated=0
    [CG] CG iter 3: obj=165882240.025470, maxRC=4663669.015380, +14 cols
    [CG] CG iter 5: obj=175692784.966431, maxRC=336753.722206, +2 cols
    [CG]   [DIAG] iter=3 posCols=14 newCols=14 effImprove=14 updated=0
    [CG]   [DIAG] iter=5 posCols=2 newCols=2 effImprove=2 updated=0
    [CG]   [DIAG] iter=1 posCols=23 newCols=23 effImprove=23 updated=0
    [CG] 列生成开始，初始列数=128
    [CG] 列生成收敛，共 6 轮迭代
    [CG] [CG-NODE] depth=0 exit=CERTIFIED certified=1 feasible=1 iters=6 generatedColsBeforeNode=0 newCols=63 posCandidates=63 duplicateCandidates=0 updatedCols=0 zeroObjImproveIters=1 objFirst=145874355.134605 objLast=175692784.966431 objGain=29818429.831827 maxRC=59510222.261122 wallSec=0.016846 pricingSec=0.011431 cplexSolveSec=0.002909
    [CG] CG iter 2: obj=161888163.107763, maxRC=10623145.525929, +16 cols
    [CG] CG iter 4: obj=174493678.725669, maxRC=2360917.404522, +8 cols
    [CG]   [DIAG] iter=2 posCols=16 newCols=16 effImprove=16 updated=0
    [CG]   [DIAG] iter=4 posCols=8 newCols=8 effImprove=8 updated=0
      [BB] 根节点即为整数解，obj=175692784.966431
    [CG] CG iter 3: obj=165901205.343129, maxRC=4679872.669900, +14 cols
    [CG]   [DIAG] iter=3 posCols=14 newCols=14 effImprove=14 updated=0
    [CG] CG iter 5: obj=175800715.449532, maxRC=326974.048045, +2 cols
    [CG]   [DIAG] iter=5 posCols=2 newCols=2 effImprove=2 updated=0
    [CG] CG iter 2: obj=161877643.090820, maxRC=10622409.572591, +16 cols
    [CG]   [DIAG] iter=2 posCols=16 newCols=16 effImprove=16 updated=0
    [CG] 列生成收敛，共 6 轮迭代
    [CG] CG iter 4: obj=174527869.804059, maxRC=2360557.280068, +8 cols
    [CG] [CG-NODE] depth=0 exit=CERTIFIED certified=1 feasible=1 iters=6 generatedColsBeforeNode=0 newCols=63 posCandidates=63 duplicateCandidates=0 updatedCols=0 zeroObjImproveIters=1 objFirst=145988714.135846 objLast=175800715.449532 objGain=29812001.313685 maxRC=59519249.467233 wallSec=0.012771 pricingSec=0.008543 cplexSolveSec=0.002458
    [CG]   [DIAG] iter=4 posCols=8 newCols=8 effImprove=8 updated=0
    [CG] 列生成开始，初始列数=128
      [BB] 根节点即为整数解，obj=175800715.449532
    [CG] CG iter 3: obj=165912432.621731, maxRC=4679952.671973, +14 cols
    [CG]   [DIAG] iter=3 posCols=14 newCols=14 effImprove=14 updated=0
    [CG] CG iter 5: obj=175839872.039792, maxRC=336753.722206, +2 cols
    [CG]   [DIAG] iter=5 posCols=2 newCols=2 effImprove=2 updated=0
    [CG] CG iter 1: obj=145627552.576688, maxRC=59513765.002931, +23 cols
    [CG]   [DIAG] iter=1 posCols=23 newCols=23 effImprove=23 updated=0
    [CG] 列生成开始，初始列数=128
    [CG] 列生成收敛，共 6 轮迭代
    [CG] [CG-NODE] depth=0 exit=CERTIFIED certified=1 feasible=1 iters=6 generatedColsBeforeNode=0 newCols=63 posCandidates=63 duplicateCandidates=0 updatedCols=0 zeroObjImproveIters=1 objFirst=145911956.067214 objLast=175839872.039792 objGain=29927915.972578 maxRC=59513025.596934 wallSec=0.014349 pricingSec=0.009681 cplexSolveSec=0.002756
    [CG] CG iter 4: obj=174539368.311976, maxRC=2360557.280068, +8 cols
    [CG] CG iter 3: obj=165876374.288397, maxRC=4670170.120391, +14 cols
    [CG]   [DIAG] iter=4 posCols=8 newCols=8 effImprove=8 updated=0
    [CG]   [DIAG] iter=3 posCols=14 newCols=14 effImprove=14 updated=0
      [BB] 根节点即为整数解，obj=175839872.039792
    [CG] 列生成开始，初始列数=128
    [CG] CG iter 5: obj=175854142.133255, maxRC=336753.722206, +2 cols
    [CG]   [DIAG] iter=5 posCols=2 newCols=2 effImprove=2 updated=0
    [CG] CG iter 4: obj=174495098.764074, maxRC=2360557.280068, +8 cols
    [CG]   [DIAG] iter=4 posCols=8 newCols=8 effImprove=8 updated=0
    [CG] CG iter 2: obj=161883014.418636, maxRC=10623299.395535, +16 cols
    [CG] 列生成收敛，共 6 轮迭代
    [CG] [CG-NODE] depth=0 exit=CERTIFIED certified=1 feasible=1 iters=6 generatedColsBeforeNode=0 newCols=63 posCandidates=63 duplicateCandidates=0 updatedCols=0 zeroObjImproveIters=1 objFirst=145923268.302172 objLast=175854142.133255 objGain=29930873.831083 maxRC=59512819.224782 wallSec=0.019966 pricingSec=0.013409 cplexSolveSec=0.003658
    [CG]   [DIAG] iter=2 posCols=16 newCols=16 effImprove=16 updated=0
      [BB] 根节点即为整数解，obj=175854142.133255
    [CG] CG iter 5: obj=175811476.789654, maxRC=359188.990977, +2 cols
    [CG]   [DIAG] iter=5 posCols=2 newCols=2 effImprove=2 updated=0
    [CG] 列生成收敛，共 6 轮迭代
    [CG] [CG-NODE] depth=0 exit=CERTIFIED certified=1 feasible=1 iters=6 generatedColsBeforeNode=0 newCols=63 posCandidates=63 duplicateCandidates=0 updatedCols=0 zeroObjImproveIters=1 objFirst=145824154.003067 objLast=175811476.789654 objGain=29987322.786587 maxRC=59512530.631443 wallSec=0.019593 pricingSec=0.013315 cplexSolveSec=0.003517
    [CG] 列生成开始，初始列数=128
    [CG] CG iter 3: obj=165907303.955082, maxRC=4679881.429206, +14 cols
      [BB] 根节点即为整数解，obj=175811476.789654
    [CG]   [DIAG] iter=3 posCols=14 newCols=14 effImprove=14 updated=0
    [CG] CG iter 4: obj=174533066.831506, maxRC=2360557.280068, +8 cols
    [CG]   [DIAG] iter=4 posCols=8 newCols=8 effImprove=8 updated=0
    [CG] 列生成开始，初始列数=128
    [CG] CG iter 5: obj=175848868.928951, maxRC=336753.722206, +2 cols
    [CG]   [DIAG] iter=5 posCols=2 newCols=2 effImprove=2 updated=0
    [CG] 列生成收敛，共 6 轮迭代
    [CG] [CG-NODE] depth=0 exit=CERTIFIED certified=1 feasible=1 iters=6 generatedColsBeforeNode=0 newCols=63 posCandidates=63 duplicateCandidates=0 updatedCols=0 zeroObjImproveIters=1 objFirst=145627552.576688 objLast=175848868.928951 objGain=30221316.352263 maxRC=59513765.002931 wallSec=0.018444 pricingSec=0.012738 cplexSolveSec=0.003093
    [CG] 列生成开始，初始列数=128
      [BB] 根节点即为整数解，obj=175848868.928951
    [CG] CG iter 1: obj=145871164.191437, maxRC=59513412.046459, +23 cols
    [CG]   [DIAG] iter=1 posCols=23 newCols=23 effImprove=23 updated=0
    [CG] CG iter 2: obj=161839683.033323, maxRC=10623316.279388, +16 cols
    [CG] CG iter 1: obj=145834004.265626, maxRC=59513786.873314, +23 cols
    [CG]   [DIAG] iter=2 posCols=16 newCols=16 effImprove=16 updated=0
    [CG]   [DIAG] iter=1 posCols=23 newCols=23 effImprove=23 updated=0
    [CG] 列生成开始，初始列数=128
    [CG] CG iter 1: obj=146009478.823733, maxRC=59518400.787405, +23 cols
    [CG]   [DIAG] iter=1 posCols=23 newCols=23 effImprove=23 updated=0
    [CG] CG iter 2: obj=161831346.446799, maxRC=10697497.304380, +16 cols
    [CG]   [DIAG] iter=2 posCols=16 newCols=16 effImprove=16 updated=0
    [CG] CG iter 1: obj=145859776.425718, maxRC=59509515.584578, +23 cols
    [CG] CG iter 3: obj=165862408.064316, maxRC=4667281.714040, +14 cols
    [CG]   [DIAG] iter=1 posCols=23 newCols=23 effImprove=23 updated=0
    [CG]   [DIAG] iter=3 posCols=14 newCols=14 effImprove=14 updated=0
    [CG] CG iter 2: obj=161889053.143661, maxRC=10623498.276375, +16 cols
    [CG]   [DIAG] iter=2 posCols=16 newCols=16 effImprove=16 updated=0
    [CG] CG iter 1: obj=145927026.121820, maxRC=59501869.853654, +23 cols
    [CG]   [DIAG] iter=1 posCols=23 newCols=23 effImprove=23 updated=0
    [CG] CG iter 3: obj=165807528.413178, maxRC=4669876.884334, +14 cols
    [CG]   [DIAG] iter=3 posCols=14 newCols=14 effImprove=14 updated=0
    [CG] CG iter 3: obj=165913280.075444, maxRC=4679780.740901, +14 cols
    [CG]   [DIAG] iter=3 posCols=14 newCols=14 effImprove=14 updated=0
    [CG] CG iter 4: obj=174472417.378652, maxRC=2360841.822335, +8 cols
    [CG]   [DIAG] iter=4 posCols=8 newCols=8 effImprove=8 updated=0
    [CG] CG iter 1: obj=145707435.141012, maxRC=59513894.439822, +23 cols
    [CG] CG iter 2: obj=161867609.694462, maxRC=10615342.326813, +16 cols
    [CG] CG iter 4: obj=174426459.420606, maxRC=2360557.280068, +8 cols
    [CG]   [DIAG] iter=4 posCols=8 newCols=8 effImprove=8 updated=0
    [CG]   [DIAG] iter=2 posCols=16 newCols=16 effImprove=16 updated=0
    [CG] CG iter 4: obj=174539962.699305, maxRC=2360557.280068, +8 cols
    [CG]   [DIAG] iter=1 posCols=23 newCols=23 effImprove=23 updated=0
    [CG]   [DIAG] iter=4 posCols=8 newCols=8 effImprove=8 updated=0
    [CG] CG iter 2: obj=161884559.037729, maxRC=10627747.267072, +16 cols
    [CG] CG iter 1: obj=145926099.712795, maxRC=59513984.240988, +23 cols
    [CG] CG iter 5: obj=175720832.492411, maxRC=358834.674282, +2 cols
    [CG]   [DIAG] iter=5 posCols=2 newCols=2 effImprove=2 updated=0
    [CG]   [DIAG] iter=2 posCols=16 newCols=16 effImprove=16 updated=0
    [CG]   [DIAG] iter=1 posCols=23 newCols=23 effImprove=23 updated=0
    [CG] CG iter 5: obj=175785824.206941, maxRC=329079.997736, +2 cols
    [CG] CG iter 5: obj=175854761.434138, maxRC=336753.722206, +2 cols
    [CG]   [DIAG] iter=5 posCols=2 newCols=2 effImprove=2 updated=0
    [CG]   [DIAG] iter=5 posCols=2 newCols=2 effImprove=2 updated=0
    [CG] CG iter 3: obj=165893181.691227, maxRC=4683875.708979, +14 cols
    [CG]   [DIAG] iter=3 posCols=14 newCols=14 effImprove=14 updated=0
    [CG] 列生成收敛，共 6 轮迭代
    [CG] [CG-NODE] depth=0 exit=CERTIFIED certified=1 feasible=1 iters=6 generatedColsBeforeNode=0 newCols=63 posCandidates=63 duplicateCandidates=0 updatedCols=0 zeroObjImproveIters=1 objFirst=145834004.265626 objLast=175720832.492411 objGain=29886828.226785 maxRC=59513786.873314 wallSec=0.011738 pricingSec=0.007675 cplexSolveSec=0.002242
    [CG] 列生成收敛，共 6 轮迭代
    [CG] [CG-NODE] depth=0 exit=CERTIFIED certified=1 feasible=1 iters=6 generatedColsBeforeNode=0 newCols=63 posCandidates=63 duplicateCandidates=0 updatedCols=0 zeroObjImproveIters=1 objFirst=146009478.823733 objLast=175854761.434138 objGain=29845282.610405 maxRC=59518400.787405 wallSec=0.010058 pricingSec=0.006663 cplexSolveSec=0.001924
      [BB] 根节点即为整数解，obj=175720832.492411
      [BB] 根节点即为整数解，obj=175854761.434138
    [CG] 列生成收敛，共 6 轮迭代
    [CG] [CG-NODE] depth=0 exit=CERTIFIED certified=1 feasible=1 iters=6 generatedColsBeforeNode=0 newCols=63 posCandidates=63 duplicateCandidates=0 updatedCols=0 zeroObjImproveIters=1 objFirst=145871164.191437 objLast=175785824.206941 objGain=29914660.015504 maxRC=59513412.046459 wallSec=0.016309 pricingSec=0.011006 cplexSolveSec=0.003145
    [CG] CG iter 4: obj=174526626.442720, maxRC=2360557.280068, +8 cols
    [CG]   [DIAG] iter=4 posCols=8 newCols=8 effImprove=8 updated=0
      [BB] 根节点即为整数解，obj=175785824.206941
    [CG] CG iter 5: obj=175841419.205353, maxRC=336753.722206, +2 cols
    [CG]   [DIAG] iter=5 posCols=2 newCols=2 effImprove=2 updated=0
    [CG] CG iter 2: obj=161795171.732995, maxRC=10735445.106346, +16 cols
    [CG] CG iter 2: obj=161880342.464537, maxRC=10623473.709907, +16 cols
    [CG]   [DIAG] iter=2 posCols=16 newCols=16 effImprove=16 updated=0
    [CG]   [DIAG] iter=2 posCols=16 newCols=16 effImprove=16 updated=0
    [CG] CG iter 3: obj=165907381.665445, maxRC=4679872.669900, +14 cols
    [CG] 列生成收敛，共 6 轮迭代
    [CG] [CG-NODE] depth=0 exit=CERTIFIED certified=1 feasible=1 iters=6 generatedColsBeforeNode=0 newCols=63 posCandidates=63 duplicateCandidates=0 updatedCols=0 zeroObjImproveIters=1 objFirst=145927026.121820 objLast=175841419.205353 objGain=29914393.083533 maxRC=59501869.853654 wallSec=0.009739 pricingSec=0.006440 cplexSolveSec=0.001809
    [CG]   [DIAG] iter=3 posCols=14 newCols=14 effImprove=14 updated=0
      [BB] 根节点即为整数解，obj=175841419.205353
    [CG] CG iter 3: obj=165904644.765091, maxRC=4679780.740901, +14 cols
    [CG]   [DIAG] iter=3 posCols=14 newCols=14 effImprove=14 updated=0
    [CG] CG iter 4: obj=174534067.373695, maxRC=2360557.280068, +8 cols
    [CG]   [DIAG] iter=4 posCols=8 newCols=8 effImprove=8 updated=0
    [CG] 列生成开始，初始列数=128
    [CG] CG iter 3: obj=165123011.386775, maxRC=5754151.468609, +16 cols
    [CG]   [DIAG] iter=3 posCols=16 newCols=16 effImprove=16 updated=0
    [CG] CG iter 4: obj=174529700.925803, maxRC=2360557.280068, +8 cols
    [CG]   [DIAG] iter=4 posCols=8 newCols=8 effImprove=8 updated=0
    [CG] CG iter 5: obj=175847709.985148, maxRC=336753.722206, +2 cols
    [CG]   [DIAG] iter=5 posCols=2 newCols=2 effImprove=2 updated=0
    [CG] CG iter 5: obj=175846074.003108, maxRC=336753.722206, +2 cols
    [CG]   [DIAG] iter=5 posCols=2 newCols=2 effImprove=2 updated=0
    [CG] CG iter 4: obj=174375261.407709, maxRC=2542137.158788, +8 cols
    [CG]   [DIAG] iter=4 posCols=8 newCols=8 effImprove=8 updated=0
    [CG] 列生成收敛，共 6 轮迭代
    [CG] [CG-NODE] depth=0 exit=CERTIFIED certified=1 feasible=1 iters=6 generatedColsBeforeNode=0 newCols=63 posCandidates=63 duplicateCandidates=0 updatedCols=0 zeroObjImproveIters=1 objFirst=145859776.425718 objLast=175847709.985148 objGain=29987933.559431 maxRC=59509515.584578 wallSec=0.018616 pricingSec=0.012800 cplexSolveSec=0.003473
    [CG] 列生成收敛，共 6 轮迭代
    [CG] [CG-NODE] depth=0 exit=CERTIFIED certified=1 feasible=1 iters=6 generatedColsBeforeNode=0 newCols=63 posCandidates=63 duplicateCandidates=0 updatedCols=0 zeroObjImproveIters=1 objFirst=145926099.712795 objLast=175846074.003108 objGain=29919974.290313 maxRC=59513984.240988 wallSec=0.012282 pricingSec=0.008060 cplexSolveSec=0.002536
      [BB] 根节点即为整数解，obj=175847709.985148
      [BB] 根节点即为整数解，obj=175846074.003108
    [CG] CG iter 5: obj=175660714.442200, maxRC=4887.103616, +1 cols
    [CG]   [DIAG] iter=5 posCols=1 newCols=1 effImprove=1 updated=0
    [CG] 列生成收敛，共 6 轮迭代
    [CG] [CG-NODE] depth=0 exit=CERTIFIED certified=1 feasible=1 iters=6 generatedColsBeforeNode=0 newCols=64 posCandidates=64 duplicateCandidates=0 updatedCols=0 zeroObjImproveIters=1 objFirst=145707435.141012 objLast=175660714.442200 objGain=29953279.301188 maxRC=59513894.439822 wallSec=0.019121 pricingSec=0.013276 cplexSolveSec=0.003492
      [BB] 根节点即为整数解，obj=175660714.442200
    [CG] CG iter 1: obj=145899595.742335, maxRC=59513025.596934, +23 cols
    [CG]   [DIAG] iter=1 posCols=23 newCols=23 effImprove=23 updated=0
    [CG] CG iter 2: obj=161888146.578209, maxRC=10623303.616357, +16 cols
    [CG]   [DIAG] iter=2 posCols=16 newCols=16 effImprove=16 updated=0
    [CG] CG iter 3: obj=165887162.974188, maxRC=4669876.884334, +14 cols
    [CG]   [DIAG] iter=3 posCols=14 newCols=14 effImprove=14 updated=0
    [CG] CG iter 4: obj=174506779.997750, maxRC=2360557.280068, +8 cols
    [CG]   [DIAG] iter=4 posCols=8 newCols=8 effImprove=8 updated=0
    [CG] CG iter 5: obj=175821677.843368, maxRC=358834.674282, +2 cols
    [CG]   [DIAG] iter=5 posCols=2 newCols=2 effImprove=2 updated=0
    [CG] 列生成收敛，共 6 轮迭代
    [CG] [CG-NODE] depth=0 exit=CERTIFIED certified=1 feasible=1 iters=6 generatedColsBeforeNode=0 newCols=63 posCandidates=63 duplicateCandidates=0 updatedCols=0 zeroObjImproveIters=1 objFirst=145899595.742335 objLast=175821677.843368 objGain=29922082.101034 maxRC=59513025.596934 wallSec=0.016088 pricingSec=0.011489 cplexSolveSec=0.002262
      [BB] 根节点即为整数解，obj=175821677.843368
    [CG] CG iter 1: obj=145931121.996977, maxRC=59513786.873314, +23 cols
    [CG]   [DIAG] iter=1 posCols=23 newCols=23 effImprove=23 updated=0
    [CG] CG iter 2: obj=161884946.576207, maxRC=10627463.010076, +16 cols
    [CG]   [DIAG] iter=2 posCols=16 newCols=16 effImprove=16 updated=0
    [CG] CG iter 3: obj=165907856.874806, maxRC=4679872.669900, +14 cols
    [CG]   [DIAG] iter=3 posCols=14 newCols=14 effImprove=14 updated=0
    [CG] CG iter 4: obj=174534599.662709, maxRC=2360557.280068, +8 cols
    [CG]   [DIAG] iter=4 posCols=8 newCols=8 effImprove=8 updated=0
    [CG] CG iter 5: obj=175848267.470801, maxRC=336753.722206, +2 cols
    [CG]   [DIAG] iter=5 posCols=2 newCols=2 effImprove=2 updated=0
    [CG] 列生成收敛，共 6 轮迭代
    [CG] [CG-NODE] depth=0 exit=CERTIFIED certified=1 feasible=1 iters=6 generatedColsBeforeNode=0 newCols=63 posCandidates=63 duplicateCandidates=0 updatedCols=0 zeroObjImproveIters=1 objFirst=145931121.996977 objLast=175848267.470801 objGain=29917145.473824 maxRC=59513786.873314 wallSec=0.018779 pricingSec=0.012514 cplexSolveSec=0.003580
      [BB] 根节点即为整数解，obj=175848267.470801
[GA] 代数 9: Best=175883804.52, Avg=175846393.60, Worst=175689600.13, Valid=30/30, 耗时=0.07s (连续9代未提升)
  ├─ 求解: 30 个体 fork 并行 | CG迭代=150 加列=1574 BB分支=0
  ├─ 并行墙钟=0.0673s | 串行等效(ΣBP)=0.3898s | 加速比=5.79x
  ├─ 管理开销=-0.3226s (fork=0.0038 wait=0.0631 merge=0.0003)
  └─ CG明细: gen_logs/run_gen9_ind{0..29}.log
    [CG] 列生成开始，初始列数=128
    [CG] 列生成开始，初始列数=128
    [CG] 列生成开始，初始列数=128
    [CG] 列生成开始，初始列数=128
    [CG] 列生成开始，初始列数=128
    [CG] 列生成开始，初始列数=128
    [CG] 列生成开始，初始列数=128
    [CG] 列生成开始，初始列数=128
    [CG] CG iter 1: obj=145758364.093296, maxRC=59509623.151086, +23 cols
    [CG]   [DIAG] iter=1 posCols=23 newCols=23 effImprove=23 updated=0
    [CG] CG iter 1: obj=145930455.325806, maxRC=59513765.002931, +23 cols
    [CG]   [DIAG] iter=1 posCols=23 newCols=23 effImprove=23 updated=0
    [CG] CG iter 2: obj=161885405.430102, maxRC=10627910.966633, +16 cols
    [CG]   [DIAG] iter=2 posCols=16 newCols=16 effImprove=16 updated=0
    [CG] CG iter 2: obj=161884617.109879, maxRC=10627446.126223, +16 cols
    [CG]   [DIAG] iter=2 posCols=16 newCols=16 effImprove=16 updated=0
    [CG] CG iter 1: obj=145768677.442822, maxRC=59510440.953310, +23 cols
    [CG]   [DIAG] iter=1 posCols=23 newCols=23 effImprove=23 updated=0
    [CG] CG iter 3: obj=165882599.847736, maxRC=4669620.870667, +14 cols
    [CG]   [DIAG] iter=3 posCols=14 newCols=14 effImprove=14 updated=0
    [CG] CG iter 3: obj=165907250.164669, maxRC=4679810.376005, +14 cols
    [CG]   [DIAG] iter=3 posCols=14 newCols=14 effImprove=14 updated=0
    [CG] CG iter 4: obj=174502115.157952, maxRC=2360557.280068, +8 cols
    [CG]   [DIAG] iter=4 posCols=8 newCols=8 effImprove=8 updated=0
    [CG] CG iter 2: obj=161796969.843667, maxRC=10623299.395535, +16 cols
    [CG] CG iter 1: obj=145918582.115059, maxRC=59506386.161019, +23 cols
    [CG] CG iter 4: obj=174533829.184474, maxRC=2360557.280068, +8 cols
    [CG]   [DIAG] iter=2 posCols=16 newCols=16 effImprove=16 updated=0
    [CG] CG iter 1: obj=145706176.193184, maxRC=59500264.007040, +23 cols
    [CG] CG iter 1: obj=145882723.565238, maxRC=59513025.596934, +23 cols
    [CG]   [DIAG] iter=4 posCols=8 newCols=8 effImprove=8 updated=0
    [CG] CG iter 1: obj=145817437.926198, maxRC=59512530.631443, +23 cols
    [CG]   [DIAG] iter=1 posCols=23 newCols=23 effImprove=23 updated=0
    [CG]   [DIAG] iter=1 posCols=23 newCols=23 effImprove=23 updated=0
    [CG]   [DIAG] iter=1 posCols=23 newCols=23 effImprove=23 updated=0
    [CG]   [DIAG] iter=1 posCols=23 newCols=23 effImprove=23 updated=0
    [CG] CG iter 5: obj=175815688.282941, maxRC=359188.990977, +2 cols
    [CG]   [DIAG] iter=5 posCols=2 newCols=2 effImprove=2 updated=0
    [CG] CG iter 1: obj=145919279.983067, maxRC=59513708.479228, +23 cols
    [CG] CG iter 5: obj=175847572.201824, maxRC=336988.242864, +2 cols
    [CG]   [DIAG] iter=1 posCols=23 newCols=23 effImprove=23 updated=0
    [CG]   [DIAG] iter=5 posCols=2 newCols=2 effImprove=2 updated=0
    [CG] 列生成收敛，共 6 轮迭代
    [CG] [CG-NODE] depth=0 exit=CERTIFIED certified=1 feasible=1 iters=6 generatedColsBeforeNode=0 newCols=63 posCandidates=63 duplicateCandidates=0 updatedCols=0 zeroObjImproveIters=1 objFirst=145758364.093296 objLast=175815688.282941 objGain=30057324.189645 maxRC=59509623.151086 wallSec=0.014927 pricingSec=0.009958 cplexSolveSec=0.002904
    [CG] CG iter 3: obj=165814354.468531, maxRC=4627336.910391, +14 cols
      [BB] 根节点即为整数解，obj=175815688.282941
    [CG] 列生成收敛，共 6 轮迭代
    [CG] [CG-NODE] depth=0 exit=CERTIFIED certified=1 feasible=1 iters=6 generatedColsBeforeNode=0 newCols=63 posCandidates=63 duplicateCandidates=0 updatedCols=0 zeroObjImproveIters=1 objFirst=145930455.325806 objLast=175847572.201824 objGain=29917116.876017 maxRC=59513765.002931 wallSec=0.015133 pricingSec=0.010050 cplexSolveSec=0.002972
    [CG]   [DIAG] iter=3 posCols=14 newCols=14 effImprove=14 updated=0
      [BB] 根节点即为整数解，obj=175847572.201824
    [CG] CG iter 2: obj=161884559.037729, maxRC=10627747.267072, +16 cols
    [CG] CG iter 2: obj=161867949.809788, maxRC=10618427.403192, +16 cols
    [CG]   [DIAG] iter=2 posCols=16 newCols=16 effImprove=16 updated=0
    [CG] CG iter 2: obj=161855369.661858, maxRC=10633570.248447, +16 cols
    [CG]   [DIAG] iter=2 posCols=16 newCols=16 effImprove=16 updated=0
    [CG] CG iter 2: obj=161872178.900316, maxRC=10622409.572591, +16 cols
    [CG]   [DIAG] iter=2 posCols=16 newCols=16 effImprove=16 updated=0
    [CG]   [DIAG] iter=2 posCols=16 newCols=16 effImprove=16 updated=0
    [CG] CG iter 4: obj=174391700.710649, maxRC=1288750.099450, +4 cols
    [CG]   [DIAG] iter=4 posCols=4 newCols=4 effImprove=4 updated=0
    [CG] CG iter 2: obj=161877641.158286, maxRC=10627910.966633, +16 cols
    [CG]   [DIAG] iter=2 posCols=16 newCols=16 effImprove=16 updated=0
    [CG] 列生成收敛，共 5 轮迭代
    [CG] [CG-NODE] depth=0 exit=CERTIFIED certified=1 feasible=1 iters=5 generatedColsBeforeNode=0 newCols=57 posCandidates=57 duplicateCandidates=0 updatedCols=0 zeroObjImproveIters=0 objFirst=145768677.442822 objLast=175680450.810099 objGain=29911773.367277 maxRC=59510440.953310 wallSec=0.016540 pricingSec=0.011225 cplexSolveSec=0.002974
    [CG] CG iter 3: obj=165907381.665445, maxRC=4679872.669900, +14 cols
    [CG]   [DIAG] iter=3 posCols=14 newCols=14 effImprove=14 updated=0
    [CG] CG iter 3: obj=165893020.324794, maxRC=4682330.348028, +14 cols
      [BB] 根节点即为整数解，obj=175680450.810099
    [CG]   [DIAG] iter=3 posCols=14 newCols=14 effImprove=14 updated=0
    [CG] CG iter 3: obj=165876541.433851, maxRC=4679872.669900, +14 cols
    [CG]   [DIAG] iter=3 posCols=14 newCols=14 effImprove=14 updated=0
    [CG] CG iter 3: obj=165870492.802439, maxRC=4667284.617207, +14 cols
    [CG]   [DIAG] iter=3 posCols=14 newCols=14 effImprove=14 updated=0
    [CG] CG iter 3: obj=165900235.709610, maxRC=4679708.525564, +14 cols
    [CG]   [DIAG] iter=3 posCols=14 newCols=14 effImprove=14 updated=0
    [CG] 列生成开始，初始列数=128
    [CG] CG iter 4: obj=174534067.373695, maxRC=2360557.280068, +8 cols
    [CG]   [DIAG] iter=4 posCols=8 newCols=8 effImprove=8 updated=0
    [CG] 列生成开始，初始列数=128
    [CG] CG iter 4: obj=174522490.034876, maxRC=2360557.280068, +8 cols
    [CG]   [DIAG] iter=4 posCols=8 newCols=8 effImprove=8 updated=0
    [CG] CG iter 4: obj=174498637.302083, maxRC=2360557.280068, +8 cols
    [CG]   [DIAG] iter=4 posCols=8 newCols=8 effImprove=8 updated=0
    [CG] CG iter 4: obj=174486454.712633, maxRC=2360628.414483, +8 cols
    [CG]   [DIAG] iter=4 posCols=8 newCols=8 effImprove=8 updated=0
    [CG] CG iter 4: obj=174525507.735745, maxRC=2360557.280068, +8 cols
    [CG]   [DIAG] iter=4 posCols=8 newCols=8 effImprove=8 updated=0
    [CG] CG iter 5: obj=175847709.985148, maxRC=336753.722206, +2 cols
    [CG]   [DIAG] iter=5 posCols=2 newCols=2 effImprove=2 updated=0
    [CG] CG iter 5: obj=175838596.768147, maxRC=336753.722206, +2 cols
    [CG]   [DIAG] iter=5 posCols=2 newCols=2 effImprove=2 updated=0
    [CG] CG iter 5: obj=175815049.735151, maxRC=336753.722206, +2 cols
    [CG]   [DIAG] iter=5 posCols=2 newCols=2 effImprove=2 updated=0
    [CG] CG iter 5: obj=175801532.240494, maxRC=357413.316679, +2 cols
    [CG]   [DIAG] iter=5 posCols=2 newCols=2 effImprove=2 updated=0
    [CG] 列生成收敛，共 6 轮迭代
    [CG] [CG-NODE] depth=0 exit=CERTIFIED certified=1 feasible=1 iters=6 generatedColsBeforeNode=0 newCols=63 posCandidates=63 duplicateCandidates=0 updatedCols=0 zeroObjImproveIters=1 objFirst=145706176.193184 objLast=175847709.985148 objGain=30141533.791964 maxRC=59500264.007040 wallSec=0.018781 pricingSec=0.012784 cplexSolveSec=0.003350
    [CG] CG iter 5: obj=175840375.599138, maxRC=336988.242864, +2 cols
    [CG]   [DIAG] iter=5 posCols=2 newCols=2 effImprove=2 updated=0
      [BB] 根节点即为整数解，obj=175847709.985148
    [CG] 列生成收敛，共 6 轮迭代
    [CG] [CG-NODE] depth=0 exit=CERTIFIED certified=1 feasible=1 iters=6 generatedColsBeforeNode=0 newCols=63 posCandidates=63 duplicateCandidates=0 updatedCols=0 zeroObjImproveIters=1 objFirst=145918582.115059 objLast=175838596.768147 objGain=29920014.653088 maxRC=59506386.161019 wallSec=0.019574 pricingSec=0.013347 cplexSolveSec=0.003491
    [CG] 列生成开始，初始列数=128
    [CG] 列生成收敛，共 6 轮迭代
    [CG] [CG-NODE] depth=0 exit=CERTIFIED certified=1 feasible=1 iters=6 generatedColsBeforeNode=0 newCols=63 posCandidates=63 duplicateCandidates=0 updatedCols=0 zeroObjImproveIters=1 objFirst=145882723.565238 objLast=175815049.735151 objGain=29932326.169913 maxRC=59513025.596934 wallSec=0.019578 pricingSec=0.013355 cplexSolveSec=0.003525
    [CG] 列生成收敛，共 6 轮迭代
    [CG] [CG-NODE] depth=0 exit=CERTIFIED certified=1 feasible=1 iters=6 generatedColsBeforeNode=0 newCols=63 posCandidates=63 duplicateCandidates=0 updatedCols=0 zeroObjImproveIters=1 objFirst=145817437.926198 objLast=175801532.240494 objGain=29984094.314295 maxRC=59512530.631443 wallSec=0.019465 pricingSec=0.013160 cplexSolveSec=0.003503
      [BB] 根节点即为整数解，obj=175838596.768147
    [CG] 列生成收敛，共 6 轮迭代
      [BB] 根节点即为整数解，obj=175815049.735151
    [CG] [CG-NODE] depth=0 exit=CERTIFIED certified=1 feasible=1 iters=6 generatedColsBeforeNode=0 newCols=63 posCandidates=63 duplicateCandidates=0 updatedCols=0 zeroObjImproveIters=1 objFirst=145919279.983067 objLast=175840375.599138 objGain=29921095.616071 maxRC=59513708.479228 wallSec=0.019295 pricingSec=0.013126 cplexSolveSec=0.003414
      [BB] 根节点即为整数解，obj=175801532.240494
      [BB] 根节点即为整数解，obj=175840375.599138
    [CG] 列生成开始，初始列数=128
    [CG] 列生成开始，初始列数=128
    [CG] 列生成开始，初始列数=128
    [CG] 列生成开始，初始列数=128
    [CG] 列生成开始，初始列数=128
    [CG] CG iter 1: obj=145917307.315043, maxRC=59512728.132412, +23 cols
    [CG]   [DIAG] iter=1 posCols=23 newCols=23 effImprove=23 updated=0
    [CG] CG iter 2: obj=161887695.234020, maxRC=10624324.039956, +16 cols
    [CG]   [DIAG] iter=2 posCols=16 newCols=16 effImprove=16 updated=0
    [CG] CG iter 1: obj=145923588.974419, maxRC=59506256.602322, +23 cols
    [CG] CG iter 1: obj=145893825.694123, maxRC=59513133.163442, +23 cols
    [CG] CG iter 1: obj=145837221.051807, maxRC=59513412.046459, +23 cols
    [CG]   [DIAG] iter=1 posCols=23 newCols=23 effImprove=23 updated=0
    [CG]   [DIAG] iter=1 posCols=23 newCols=23 effImprove=23 updated=0
    [CG] CG iter 1: obj=145893861.783367, maxRC=59513708.479228, +23 cols
    [CG]   [DIAG] iter=1 posCols=23 newCols=23 effImprove=23 updated=0
    [CG]   [DIAG] iter=1 posCols=23 newCols=23 effImprove=23 updated=0
    [CG] CG iter 3: obj=165911594.857836, maxRC=4679872.669900, +14 cols
    [CG]   [DIAG] iter=3 posCols=14 newCols=14 effImprove=14 updated=0
    [CG] CG iter 2: obj=161883644.479338, maxRC=10623467.315918, +16 cols
    [CG]   [DIAG] iter=2 posCols=16 newCols=16 effImprove=16 updated=0
    [CG] CG iter 4: obj=174538383.741851, maxRC=2360557.280068, +8 cols
    [CG]   [DIAG] iter=4 posCols=8 newCols=8 effImprove=8 updated=0
    [CG] CG iter 2: obj=161872252.867806, maxRC=10619662.189253, +16 cols
    [CG]   [DIAG] iter=2 posCols=16 newCols=16 effImprove=16 updated=0
    [CG] CG iter 5: obj=175852902.054488, maxRC=336753.722206, +2 cols
    [CG] CG iter 2: obj=161810847.632532, maxRC=10623316.279388, +16 cols
    [CG]   [DIAG] iter=5 posCols=2 newCols=2 effImprove=2 updated=0
    [CG] CG iter 2: obj=161858943.020499, maxRC=10627910.966633, +16 cols
    [CG]   [DIAG] iter=2 posCols=16 newCols=16 effImprove=16 updated=0
    [CG]   [DIAG] iter=2 posCols=16 newCols=16 effImprove=16 updated=0
    [CG] CG iter 3: obj=165882258.180166, maxRC=4666898.290016, +14 cols
    [CG]   [DIAG] iter=3 posCols=14 newCols=14 effImprove=14 updated=0
    [CG] 列生成收敛，共 6 轮迭代
    [CG] [CG-NODE] depth=0 exit=CERTIFIED certified=1 feasible=1 iters=6 generatedColsBeforeNode=0 newCols=63 posCandidates=63 duplicateCandidates=0 updatedCols=0 zeroObjImproveIters=1 objFirst=145917307.315043 objLast=175852902.054488 objGain=29935594.739445 maxRC=59512728.132412 wallSec=0.012411 pricingSec=0.008565 cplexSolveSec=0.002158
      [BB] 根节点即为整数解，obj=175852902.054488
    [CG] CG iter 4: obj=174499152.583393, maxRC=2360628.414483, +8 cols
    [CG]   [DIAG] iter=4 posCols=8 newCols=8 effImprove=8 updated=0
    [CG] CG iter 3: obj=165896852.495629, maxRC=4682373.144908, +14 cols
    [CG]   [DIAG] iter=3 posCols=14 newCols=14 effImprove=14 updated=0
    [CG] CG iter 5: obj=175812658.427760, maxRC=357058.999984, +2 cols
    [CG] CG iter 3: obj=165878346.128573, maxRC=4678439.616758, +14 cols
    [CG]   [DIAG] iter=5 posCols=2 newCols=2 effImprove=2 updated=0
    [CG]   [DIAG] iter=3 posCols=14 newCols=14 effImprove=14 updated=0
    [CG] CG iter 3: obj=166114760.154084, maxRC=5109038.932198, +15 cols
    [CG]   [DIAG] iter=3 posCols=15 newCols=15 effImprove=15 updated=0
    [CG] CG iter 4: obj=174527455.260516, maxRC=2360557.280068, +8 cols
    [CG]   [DIAG] iter=4 posCols=8 newCols=8 effImprove=8 updated=0
    [CG] 列生成收敛，共 6 轮迭代
    [CG] [CG-NODE] depth=0 exit=CERTIFIED certified=1 feasible=1 iters=6 generatedColsBeforeNode=0 newCols=63 posCandidates=63 duplicateCandidates=0 updatedCols=0 zeroObjImproveIters=1 objFirst=145893825.694123 objLast=175812658.427760 objGain=29918832.733637 maxRC=59513133.163442 wallSec=0.010626 pricingSec=0.007326 cplexSolveSec=0.001824
      [BB] 根节点即为整数解，obj=175812658.427760
    [CG] CG iter 4: obj=174499135.667269, maxRC=2360557.280068, +8 cols
    [CG]   [DIAG] iter=4 posCols=8 newCols=8 effImprove=8 updated=0
    [CG] CG iter 4: obj=175712413.990620, maxRC=2667955.913234, +6 cols
    [CG] CG iter 5: obj=175842166.354889, maxRC=336753.722206, +2 cols
    [CG]   [DIAG] iter=5 posCols=2 newCols=2 effImprove=2 updated=0
    [CG]   [DIAG] iter=4 posCols=6 newCols=6 effImprove=6 updated=0
    [CG] 列生成收敛，共 6 轮迭代
    [CG] [CG-NODE] depth=0 exit=CERTIFIED certified=1 feasible=1 iters=6 generatedColsBeforeNode=0 newCols=63 posCandidates=63 duplicateCandidates=0 updatedCols=0 zeroObjImproveIters=1 objFirst=145923588.974419 objLast=175842166.354889 objGain=29918577.380471 maxRC=59506256.602322 wallSec=0.012361 pricingSec=0.008309 cplexSolveSec=0.002270
    [CG] CG iter 5: obj=175817398.961870, maxRC=339882.535199, +2 cols
    [CG]   [DIAG] iter=5 posCols=2 newCols=2 effImprove=2 updated=0
    [CG] CG iter 5: obj=175756988.806150, maxRC=943094.668653, +1 cols
    [CG]   [DIAG] iter=5 posCols=1 newCols=1 effImprove=1 updated=0
      [BB] 根节点即为整数解，obj=175842166.354889
    [CG] 列生成开始，初始列数=128
    [CG] 列生成收敛，共 6 轮迭代
    [CG] 列生成收敛，共 6 轮迭代
    [CG] [CG-NODE] depth=0 exit=CERTIFIED certified=1 feasible=1 iters=6 generatedColsBeforeNode=0 newCols=63 posCandidates=63 duplicateCandidates=0 updatedCols=0 zeroObjImproveIters=1 objFirst=145893861.783367 objLast=175817398.961870 objGain=29923537.178503 maxRC=59513708.479228 wallSec=0.017095 pricingSec=0.011990 cplexSolveSec=0.002856
    [CG] [CG-NODE] depth=0 exit=CERTIFIED certified=1 feasible=1 iters=6 generatedColsBeforeNode=0 newCols=61 posCandidates=61 duplicateCandidates=0 updatedCols=0 zeroObjImproveIters=1 objFirst=145837221.051807 objLast=175756988.806150 objGain=29919767.754343 maxRC=59513412.046459 wallSec=0.017485 pricingSec=0.012131 cplexSolveSec=0.002873
      [BB] 根节点即为整数解，obj=175756988.806150
      [BB] 根节点即为整数解，obj=175817398.961870
    [CG] CG iter 1: obj=145901605.408218, maxRC=59506256.602322, +23 cols
    [CG] 列生成开始，初始列数=128
    [CG] CG iter 1: obj=145812915.746274, maxRC=59506373.052747, +23 cols
    [CG]   [DIAG] iter=1 posCols=23 newCols=23 effImprove=23 updated=0
    [CG] CG iter 1: obj=145935286.333441, maxRC=59513765.002931, +23 cols
    [CG]   [DIAG] iter=1 posCols=23 newCols=23 effImprove=23 updated=0
    [CG]   [DIAG] iter=1 posCols=23 newCols=23 effImprove=23 updated=0
    [CG] 列生成开始，初始列数=128
    [CG] 列生成开始，初始列数=128
    [CG] 列生成开始，初始列数=128
    [CG] CG iter 2: obj=161872496.959020, maxRC=10619365.522425, +16 cols
    [CG] CG iter 2: obj=161888100.160464, maxRC=10623299.395535, +16 cols
    [CG]   [DIAG] iter=2 posCols=16 newCols=16 effImprove=16 updated=0
    [CG]   [DIAG] iter=2 posCols=16 newCols=16 effImprove=16 updated=0
    [CG] CG iter 2: obj=161887907.147373, maxRC=10623436.170360, +16 cols
    [CG]   [DIAG] iter=2 posCols=16 newCols=16 effImprove=16 updated=0
    [CG] CG iter 3: obj=165871951.990144, maxRC=4672377.359342, +14 cols
    [CG] CG iter 3: obj=165912356.225522, maxRC=4679881.429206, +14 cols
    [CG]   [DIAG] iter=3 posCols=14 newCols=14 effImprove=14 updated=0
    [CG]   [DIAG] iter=3 posCols=14 newCols=14 effImprove=14 updated=0
    [CG] CG iter 3: obj=165912100.517637, maxRC=4679881.429206, +14 cols
    [CG]   [DIAG] iter=3 posCols=14 newCols=14 effImprove=14 updated=0
    [CG] CG iter 4: obj=174495481.143425, maxRC=2360557.280068, +8 cols
    [CG]   [DIAG] iter=4 posCols=8 newCols=8 effImprove=8 updated=0
    [CG] CG iter 4: obj=174539060.000410, maxRC=2360557.280068, +8 cols
    [CG]   [DIAG] iter=4 posCols=8 newCols=8 effImprove=8 updated=0
    [CG] CG iter 4: obj=174538808.693351, maxRC=2360557.280068, +8 cols
    [CG]   [DIAG] iter=4 posCols=8 newCols=8 effImprove=8 updated=0
    [CG] CG iter 5: obj=175810274.833884, maxRC=358834.674282, +2 cols
    [CG]   [DIAG] iter=5 posCols=2 newCols=2 effImprove=2 updated=0
    [CG] CG iter 5: obj=175853954.670779, maxRC=336753.722206, +2 cols
    [CG]   [DIAG] iter=5 posCols=2 newCols=2 effImprove=2 updated=0
    [CG] CG iter 5: obj=175853662.315621, maxRC=336753.722206, +2 cols
    [CG]   [DIAG] iter=5 posCols=2 newCols=2 effImprove=2 updated=0
    [CG] CG iter 1: obj=145818141.129289, maxRC=59506386.161019, +23 cols
    [CG] 列生成收敛，共 6 轮迭代
    [CG] [CG-NODE] depth=0 exit=CERTIFIED certified=1 feasible=1 iters=6 generatedColsBeforeNode=0 newCols=63 posCandidates=63 duplicateCandidates=0 updatedCols=0 zeroObjImproveIters=1 objFirst=145901605.408218 objLast=175810274.833884 objGain=29908669.425667 maxRC=59506256.602322 wallSec=0.019483 pricingSec=0.013218 cplexSolveSec=0.003493
    [CG]   [DIAG] iter=1 posCols=23 newCols=23 effImprove=23 updated=0
    [CG] 列生成收敛，共 6 轮迭代
    [CG] [CG-NODE] depth=0 exit=CERTIFIED certified=1 feasible=1 iters=6 generatedColsBeforeNode=0 newCols=63 posCandidates=63 duplicateCandidates=0 updatedCols=0 zeroObjImproveIters=1 objFirst=145812915.746274 objLast=175853954.670779 objGain=30041038.924505 maxRC=59506373.052747 wallSec=0.019253 pricingSec=0.013012 cplexSolveSec=0.003363
    [CG] 列生成收敛，共 6 轮迭代
    [CG] [CG-NODE] depth=0 exit=CERTIFIED certified=1 feasible=1 iters=6 generatedColsBeforeNode=0 newCols=63 posCandidates=63 duplicateCandidates=0 updatedCols=0 zeroObjImproveIters=1 objFirst=145935286.333441 objLast=175853662.315621 objGain=29918375.982180 maxRC=59513765.002931 wallSec=0.019147 pricingSec=0.013155 cplexSolveSec=0.003353
      [BB] 根节点即为整数解，obj=175810274.833884
      [BB] 根节点即为整数解，obj=175853954.670779
      [BB] 根节点即为整数解，obj=175853662.315621
    [CG] CG iter 2: obj=161870098.122442, maxRC=10622874.103162, +16 cols
    [CG]   [DIAG] iter=2 posCols=16 newCols=16 effImprove=16 updated=0
    [CG] CG iter 1: obj=145627580.621066, maxRC=59513786.873314, +23 cols
    [CG] CG iter 3: obj=165868054.358322, maxRC=4672171.639931, +14 cols
    [CG]   [DIAG] iter=3 posCols=14 newCols=14 effImprove=14 updated=0
    [CG]   [DIAG] iter=1 posCols=23 newCols=23 effImprove=23 updated=0
    [CG] CG iter 4: obj=174491393.043584, maxRC=2360557.280068, +8 cols
    [CG]   [DIAG] iter=4 posCols=8 newCols=8 effImprove=8 updated=0
    [CG] CG iter 5: obj=175805217.199283, maxRC=359188.990977, +2 cols
    [CG]   [DIAG] iter=5 posCols=2 newCols=2 effImprove=2 updated=0
    [CG] CG iter 2: obj=161883064.333396, maxRC=10623316.279388, +16 cols
    [CG]   [DIAG] iter=2 posCols=16 newCols=16 effImprove=16 updated=0
    [CG] 列生成收敛，共 6 轮迭代
    [CG] [CG-NODE] depth=0 exit=CERTIFIED certified=1 feasible=1 iters=6 generatedColsBeforeNode=0 newCols=63 posCandidates=63 duplicateCandidates=0 updatedCols=0 zeroObjImproveIters=1 objFirst=145818141.129289 objLast=175805217.199283 objGain=29987076.069994 maxRC=59506386.161019 wallSec=0.007869 pricingSec=0.005221 cplexSolveSec=0.001474
      [BB] 根节点即为整数解，obj=175805217.199283
    [CG] CG iter 3: obj=165907352.207665, maxRC=4679872.669900, +14 cols
    [CG]   [DIAG] iter=3 posCols=14 newCols=14 effImprove=14 updated=0
    [CG] 列生成开始，初始列数=128
    [CG] CG iter 1: obj=145935934.208529, maxRC=59513894.439822, +23 cols
    [CG] 列生成开始，初始列数=128
    [CG] 列生成开始，初始列数=128
    [CG]   [DIAG] iter=1 posCols=23 newCols=23 effImprove=23 updated=0
    [CG] CG iter 4: obj=174533106.954222, maxRC=2360557.280068, +8 cols
    [CG]   [DIAG] iter=4 posCols=8 newCols=8 effImprove=8 updated=0
    [CG] CG iter 5: obj=175848905.097876, maxRC=336753.722206, +2 cols
    [CG]   [DIAG] iter=5 posCols=2 newCols=2 effImprove=2 updated=0
    [CG] 列生成收敛，共 6 轮迭代
    [CG] [CG-NODE] depth=0 exit=CERTIFIED certified=1 feasible=1 iters=6 generatedColsBeforeNode=0 newCols=63 posCandidates=63 duplicateCandidates=0 updatedCols=0 zeroObjImproveIters=1 objFirst=145627580.621066 objLast=175848905.097876 objGain=30221324.476810 maxRC=59513786.873314 wallSec=0.010673 pricingSec=0.007011 cplexSolveSec=0.001972
    [CG] 列生成开始，初始列数=128
    [CG] CG iter 1: obj=145917850.761945, maxRC=59489019.291647, +23 cols
      [BB] 根节点即为整数解，obj=175848905.097876
    [CG]   [DIAG] iter=1 posCols=23 newCols=23 effImprove=23 updated=0
    [CG] CG iter 2: obj=161888612.962906, maxRC=10623479.978949, +16 cols
    [CG]   [DIAG] iter=2 posCols=16 newCols=16 effImprove=16 updated=0
    [CG] 列生成开始，初始列数=128
    [CG] CG iter 2: obj=161845583.772580, maxRC=10606981.141444, +16 cols
    [CG]   [DIAG] iter=2 posCols=16 newCols=16 effImprove=16 updated=0
    [CG] CG iter 3: obj=165912886.076805, maxRC=4679779.578765, +14 cols
    [CG]   [DIAG] iter=3 posCols=14 newCols=14 effImprove=14 updated=0
    [CG] CG iter 1: obj=145863496.221042, maxRC=59470954.827990, +23 cols
    [CG]   [DIAG] iter=1 posCols=23 newCols=23 effImprove=23 updated=0
    [CG] CG iter 4: obj=174539522.098935, maxRC=2360557.280068, +8 cols
    [CG]   [DIAG] iter=4 posCols=8 newCols=8 effImprove=8 updated=0
    [CG] CG iter 3: obj=165872652.228225, maxRC=4688055.633243, +14 cols
    [CG]   [DIAG] iter=3 posCols=14 newCols=14 effImprove=14 updated=0
    [CG] CG iter 5: obj=175854416.769304, maxRC=336753.722206, +2 cols
    [CG]   [DIAG] iter=5 posCols=2 newCols=2 effImprove=2 updated=0
    [CG] CG iter 2: obj=161780547.106959, maxRC=10596188.126724, +16 cols
    [CG]   [DIAG] iter=2 posCols=16 newCols=16 effImprove=16 updated=0
    [CG] CG iter 4: obj=174513275.478996, maxRC=2360557.280068, +8 cols
    [CG]   [DIAG] iter=4 posCols=8 newCols=8 effImprove=8 updated=0
    [CG] 列生成收敛，共 6 轮迭代
    [CG] [CG-NODE] depth=0 exit=CERTIFIED certified=1 feasible=1 iters=6 generatedColsBeforeNode=0 newCols=63 posCandidates=63 duplicateCandidates=0 updatedCols=0 zeroObjImproveIters=1 objFirst=145935934.208529 objLast=175854416.769304 objGain=29918482.560775 maxRC=59513894.439822 wallSec=0.017686 pricingSec=0.011994 cplexSolveSec=0.003279
      [BB] 根节点即为整数解，obj=175854416.769304
    [CG] CG iter 5: obj=175828062.584372, maxRC=336753.722206, +2 cols
    [CG]   [DIAG] iter=5 posCols=2 newCols=2 effImprove=2 updated=0
    [CG] CG iter 1: obj=145920818.478633, maxRC=59513786.873314, +23 cols
    [CG]   [DIAG] iter=1 posCols=23 newCols=23 effImprove=23 updated=0
    [CG] CG iter 3: obj=165807813.742748, maxRC=4681292.008002, +14 cols
    [CG]   [DIAG] iter=3 posCols=14 newCols=14 effImprove=14 updated=0
    [CG] 列生成收敛，共 6 轮迭代
    [CG] [CG-NODE] depth=0 exit=CERTIFIED certified=1 feasible=1 iters=6 generatedColsBeforeNode=0 newCols=63 posCandidates=63 duplicateCandidates=0 updatedCols=0 zeroObjImproveIters=1 objFirst=145917850.761945 objLast=175828062.584372 objGain=29910211.822427 maxRC=59489019.291647 wallSec=0.017813 pricingSec=0.012327 cplexSolveSec=0.003132
      [BB] 根节点即为整数解，obj=175828062.584372
    [CG] CG iter 2: obj=161876200.893217, maxRC=10627463.010076, +16 cols
    [CG]   [DIAG] iter=2 posCols=16 newCols=16 effImprove=16 updated=0
    [CG] CG iter 4: obj=174444578.573250, maxRC=2360841.822335, +8 cols
    [CG]   [DIAG] iter=4 posCols=8 newCols=8 effImprove=8 updated=0
    [CG] CG iter 3: obj=165899168.241370, maxRC=4679872.669900, +14 cols
    [CG]   [DIAG] iter=3 posCols=14 newCols=14 effImprove=14 updated=0
    [CG] 列生成开始，初始列数=128
    [CG] CG iter 1: obj=145935686.674860, maxRC=59513786.873314, +23 cols
    [CG] CG iter 4: obj=174524271.515049, maxRC=2360557.280068, +8 cols
    [CG]   [DIAG] iter=4 posCols=8 newCols=8 effImprove=8 updated=0
    [CG] CG iter 5: obj=175754987.411924, maxRC=329078.870136, +2 cols
    [CG]   [DIAG] iter=5 posCols=2 newCols=2 effImprove=2 updated=0
    [CG]   [DIAG] iter=1 posCols=23 newCols=23 effImprove=23 updated=0
    [CG] CG iter 5: obj=175839521.787811, maxRC=336753.722206, +2 cols
    [CG]   [DIAG] iter=5 posCols=2 newCols=2 effImprove=2 updated=0
    [CG] 列生成收敛，共 6 轮迭代
    [CG] 列生成收敛，共 6 轮迭代
    [CG] [CG-NODE] depth=0 exit=CERTIFIED certified=1 feasible=1 iters=6 generatedColsBeforeNode=0 newCols=63 posCandidates=63 duplicateCandidates=0 updatedCols=0 zeroObjImproveIters=1 objFirst=145920818.478633 objLast=175839521.787811 objGain=29918703.309178 maxRC=59513786.873314 wallSec=0.006969 pricingSec=0.004558 cplexSolveSec=0.001342
    [CG] [CG-NODE] depth=0 exit=CERTIFIED certified=1 feasible=1 iters=6 generatedColsBeforeNode=0 newCols=63 posCandidates=63 duplicateCandidates=0 updatedCols=0 zeroObjImproveIters=1 objFirst=145863496.221042 objLast=175754987.411924 objGain=29891491.190883 maxRC=59470954.827990 wallSec=0.017823 pricingSec=0.012470 cplexSolveSec=0.003070
      [BB] 根节点即为整数解，obj=175839521.787811
      [BB] 根节点即为整数解，obj=175754987.411924
    [CG] CG iter 2: obj=161888251.419807, maxRC=10623316.279388, +16 cols
    [CG]   [DIAG] iter=2 posCols=16 newCols=16 effImprove=16 updated=0
    [CG] CG iter 3: obj=165912511.893556, maxRC=4679886.471421, +14 cols
    [CG]   [DIAG] iter=3 posCols=14 newCols=14 effImprove=14 updated=0
    [CG] CG iter 4: obj=174539235.026957, maxRC=2360557.280068, +8 cols
    [CG]   [DIAG] iter=4 posCols=8 newCols=8 effImprove=8 updated=0
    [CG] CG iter 5: obj=175854095.328947, maxRC=336744.702415, +2 cols
    [CG]   [DIAG] iter=5 posCols=2 newCols=2 effImprove=2 updated=0
    [CG] CG iter 1: obj=145933078.964897, maxRC=59510125.714209, +23 cols
    [CG]   [DIAG] iter=1 posCols=23 newCols=23 effImprove=23 updated=0
    [CG] 列生成收敛，共 6 轮迭代
    [CG] CG iter 1: obj=145936014.768178, maxRC=59513894.439822, +23 cols
    [CG] [CG-NODE] depth=0 exit=CERTIFIED certified=1 feasible=1 iters=6 generatedColsBeforeNode=0 newCols=63 posCandidates=63 duplicateCandidates=0 updatedCols=0 zeroObjImproveIters=1 objFirst=145935686.674860 objLast=175854095.328947 objGain=29918408.654087 maxRC=59513786.873314 wallSec=0.012425 pricingSec=0.008330 cplexSolveSec=0.002351
      [BB] 根节点即为整数解，obj=175854095.328947
    [CG]   [DIAG] iter=1 posCols=23 newCols=23 effImprove=23 updated=0
    [CG] CG iter 1: obj=145922856.845708, maxRC=59512794.685777, +23 cols
    [CG]   [DIAG] iter=1 posCols=23 newCols=23 effImprove=23 updated=0
    [CG] CG iter 2: obj=161881912.214039, maxRC=10620803.240419, +16 cols
    [CG]   [DIAG] iter=2 posCols=16 newCols=16 effImprove=16 updated=0
    [CG] CG iter 2: obj=161888707.987598, maxRC=10623464.266662, +16 cols
    [CG]   [DIAG] iter=2 posCols=16 newCols=16 effImprove=16 updated=0
    [CG] CG iter 2: obj=161888160.413066, maxRC=10623148.575184, +16 cols
    [CG]   [DIAG] iter=2 posCols=16 newCols=16 effImprove=16 updated=0
    [CG] CG iter 1: obj=145933658.476961, maxRC=59513984.240988, +23 cols
    [CG]   [DIAG] iter=1 posCols=23 newCols=23 effImprove=23 updated=0
    [CG] CG iter 3: obj=165912989.283839, maxRC=4679793.380286, +14 cols
    [CG] CG iter 3: obj=165906537.697825, maxRC=4681161.087392, +14 cols
    [CG]   [DIAG] iter=3 posCols=14 newCols=14 effImprove=14 updated=0
    [CG]   [DIAG] iter=3 posCols=14 newCols=14 effImprove=14 updated=0
    [CG] CG iter 3: obj=165912428.986325, maxRC=4679972.535573, +14 cols
    [CG] CG iter 2: obj=161886380.701932, maxRC=10623473.709907, +16 cols
    [CG]   [DIAG] iter=3 posCols=14 newCols=14 effImprove=14 updated=0
    [CG]   [DIAG] iter=2 posCols=16 newCols=16 effImprove=16 updated=0
    [CG] CG iter 4: obj=174535380.112943, maxRC=2360558.391292, +8 cols
    [CG] CG iter 4: obj=174539640.385284, maxRC=2360557.280068, +8 cols
    [CG]   [DIAG] iter=4 posCols=8 newCols=8 effImprove=8 updated=0
    [CG]   [DIAG] iter=4 posCols=8 newCols=8 effImprove=8 updated=0
    [CG] CG iter 3: obj=165910627.289366, maxRC=4679780.740901, +14 cols
    [CG] CG iter 4: obj=174539378.846540, maxRC=2360557.557802, +8 cols
    [CG]   [DIAG] iter=3 posCols=14 newCols=14 effImprove=14 updated=0
    [CG]   [DIAG] iter=4 posCols=8 newCols=8 effImprove=8 updated=0
    [CG] CG iter 5: obj=175850195.904170, maxRC=336756.712080, +2 cols
    [CG] CG iter 5: obj=175854521.866616, maxRC=336744.702415, +2 cols
    [CG]   [DIAG] iter=5 posCols=2 newCols=2 effImprove=2 updated=0
    [CG]   [DIAG] iter=5 posCols=2 newCols=2 effImprove=2 updated=0
    [CG] CG iter 4: obj=174536905.269936, maxRC=2360557.280068, +8 cols
    [CG]   [DIAG] iter=4 posCols=8 newCols=8 effImprove=8 updated=0
    [CG] CG iter 5: obj=175854172.909907, maxRC=336763.251042, +2 cols
    [CG]   [DIAG] iter=5 posCols=2 newCols=2 effImprove=2 updated=0
    [CG] 列生成收敛，共 6 轮迭代
    [CG] 列生成收敛，共 6 轮迭代
    [CG] [CG-NODE] depth=0 exit=CERTIFIED certified=1 feasible=1 iters=6 generatedColsBeforeNode=0 newCols=63 posCandidates=63 duplicateCandidates=0 updatedCols=0 zeroObjImproveIters=1 objFirst=145933078.964897 objLast=175850195.904170 objGain=29917116.939273 maxRC=59510125.714209 wallSec=0.019395 pricingSec=0.013466 cplexSolveSec=0.003299
    [CG] [CG-NODE] depth=0 exit=CERTIFIED certified=1 feasible=1 iters=6 generatedColsBeforeNode=0 newCols=63 posCandidates=63 duplicateCandidates=0 updatedCols=0 zeroObjImproveIters=1 objFirst=145936014.768178 objLast=175854521.866616 objGain=29918507.098438 maxRC=59513894.439822 wallSec=0.019576 pricingSec=0.013743 cplexSolveSec=0.003221
    [CG] CG iter 5: obj=175852112.240504, maxRC=336753.722206, +2 cols
    [CG]   [DIAG] iter=5 posCols=2 newCols=2 effImprove=2 updated=0
      [BB] 根节点即为整数解，obj=175850195.904170
      [BB] 根节点即为整数解，obj=175854521.866616
    [CG] 列生成收敛，共 6 轮迭代
    [CG] 列生成收敛，共 6 轮迭代
    [CG] [CG-NODE] depth=0 exit=CERTIFIED certified=1 feasible=1 iters=6 generatedColsBeforeNode=0 newCols=63 posCandidates=63 duplicateCandidates=0 updatedCols=0 zeroObjImproveIters=1 objFirst=145922856.845708 objLast=175854172.909907 objGain=29931316.064199 maxRC=59512794.685777 wallSec=0.019775 pricingSec=0.013981 cplexSolveSec=0.003155
    [CG] [CG-NODE] depth=0 exit=CERTIFIED certified=1 feasible=1 iters=6 generatedColsBeforeNode=0 newCols=63 posCandidates=63 duplicateCandidates=0 updatedCols=0 zeroObjImproveIters=1 objFirst=145933658.476961 objLast=175852112.240504 objGain=29918453.763542 maxRC=59513984.240988 wallSec=0.011100 pricingSec=0.007705 cplexSolveSec=0.001833
      [BB] 根节点即为整数解，obj=175852112.240504
      [BB] 根节点即为整数解，obj=175854172.909907
[GA] 代数 10: Best=175883804.52, Avg=175856537.98, Worst=175709336.50, Valid=30/30, 耗时=0.06s (连续10代未提升 → 提前停止)
  ├─ 求解: 30 个体 fork 并行 | CG迭代=161 加列=1693 BB分支=0
  ├─ 并行墙钟=0.0643s | 串行等效(ΣBP)=0.4387s | 加速比=6.82x
  ├─ 管理开销=-0.3744s (fork=0.0039 wait=0.0600 merge=0.0003)
  └─ CG明细: gen_logs/run_gen10_ind{0..29}.log

========== 遗传算法完成 ==========
总耗时: 0.620682s
最优适应度: 175883804.52
最优w: w0=0.50 w1=0.00 w2=0.00 w3=0.00 w4=0.00 w5=0.00 w6=0.00 w7=0.00 

========== 并行效率总报告 ==========
并行代数            : 11
并行墙钟(累计)      : 0.6165s
串行等效(ΣBP累计)   : 3.9342s
净管理开销          : -3.3177s (-538.2%)
  ├─ fork  : 0.0376s
  ├─ wait  : 0.5750s
  └─ merge : 0.0032s
加速比              : 6.38x
结论: 加速比 > 1，并行有效收益。
====================================

--- 最优解详细结果 ---
FORMAL_PASS seed=303 distance=0.00 profit=175883804.52 wall=0.64
