
      ========== [环节4/5] 列生成 CG（RMP + 定价子问题迭代求 LP 松弛） ==========
        设计: CPLEX 增量式 RMP(动态加列，不重建模型) ↔ 逐 DC 定价生成负 RC 新列
        定价并行: 否(串行逐DC) | DC 数=8 | 定价线程=4(上限pricing_threads=4)[未启用,parallel_pricing=false]
        核预算: core_budget=0(0=不限制) | GA并发进程数=见num_threads | 峰值占核=GA进程×定价线程
        RMP求解: CPLEX线程=1(cplex_threads=1)[GA并行时子进程强制回退1避免过度订阅]
        收敛: 最大迭代=2000 | tailing-off 早停=否(连续20轮改善<1e-06) | RC 阈值=1e-06
        优化: 每DC持久 PricingSolver(缓存跨迭代保留) + 持久线程池(不再每轮建销)

      ========== [环节5/5] 定价子问题 PS（每DC生成最大负 RC 列，本次瓶颈~83%） ==========
        算法: Simplified候选 + Algorithm3完整校验
        无损缓存: cachedBestCols仅提供 incumbent/上界剪枝，不跳过完整定价
        完整定价: 候选价格(保留价去重)×两点组合 O(候选价×n_neg²×numRetailer)

    ========== [环节3/5] 分支定界 BB（DFS 深度优先，恢复整数解） ==========
      设计: 根节点列生成求 LP → 按 x_ij(DC-零售商对)分数值分支 → 左 x_ij=0 / 右 x_ij=1
      策略: 深度优先(DFS 栈) | 选最大分数化变量分支 | LP≤下界则剪枝
      认证: 所有节点严格列生成 | 目标gap=0 | 最大节点数=10000 | 时间上限=600s
      资源限制仅改变求解状态，不允许LP值冒充整数可行解

  ========== [环节2/5] 分支定价 BP（固定 w_j 下精确求解整数规划） ==========
    设计: 列生成(求 LP 松弛) + 分支定界(恢复整数) = 分支定价
    收尾: 内层列利润已包含减排投资成本；BP整数结果完成后仅加回碳配额常数收益
    优化: fitnessCache 仅复用相同 w 的认证最优结果；未认证结果再次出现时重算
    投资成本模型: ½δw²D^γ, γ=0.500000
    投资成本处理: 列内扣除(新)

========== [环节1/5] 遗传算法 GA（外层：对减排率 w_j 编码搜索） ==========
  设计: 二进制编码 w_j → 轮盘赌选择 → 两点交叉 → 按位变异 → 精英保留
  配置: 种群=30 | 最大代数=50 | 编码位数=10/DC | 基因总长=80
        交叉率=0.7 | 逐位变异率=0.0125(自适应1/L) | 精英保留=是 | w范围=[0,1]
        提前停止=是 | 连续未提升阈值=10代 | 提升容差=0.001
  优化: 二进制解码查表(替代 std::pow) | 相同 w 仅复用认证最优的BP缓存

  +--------------- [并行诊断] 适应度评估层（GA 第4层外层） ---------------
  | 评估任务: 每代对 30 个个体各调用一次分支定价 BP.solve(w)（含 CG->定价->BB）
  | 并行三条件:
  |   1) parallel_fitness = true   [满足]
  |   2) population_size > 1 : 30   [满足]
  |   3) num_threads > 1 : 配置=8 -> 实际=8（0 表示自动取 CPU 核数=36）   [满足]
  +---------------------------------------------------------------
  | >>> 当前模式: 【并行】GA 适应度评估层 fork 进程级并行
  |     并发度: 8 个子进程同时运行（个体总数 30，分批调度）
  |     隔离方式: 每个体 fork() 独立子进程 + Instance.deepCopy() 深拷贝
  |               （不共享求解器，各持独立 BranchAndPrice，无锁无竞争）
  |     结果回传: 子进程算完经管道 pipe() 回传 fitness 及 BP/CG/PS 计时
  |     下层状态: 每个子进程内部 BP->CG->定价PS->BB 全部【串行】
  |     计时口径: 并行时 BP/CG/PS 取墙钟聚合，避免子进程 CPU 时间累加超过总时间
  | 注: 定价子问题 PS 并行开关 parallel_pricing=false —— true 时并行逐DC，false 时串行逐DC；线程数配置在 CG 环节横幅始终展示，仅 false 时不生效）
  +---------------------------------------------------------------
    [CG] 列生成开始，初始列数=128
    [CG] 列生成开始，初始列数=128
    [CG] 列生成开始，初始列数=128
    [CG] 列生成开始，初始列数=128
    [CG] 列生成开始，初始列数=128
    [CG] 列生成开始，初始列数=128
    [CG] 列生成开始，初始列数=128
    [CG] 列生成开始，初始列数=128
    [CG] CG iter 1: obj=144184310.962124, maxRC=59519752.128890, +23 cols
    [CG]   [DIAG] iter=1 posCols=23 newCols=23 effImprove=23 updated=0
    [CG] CG iter 1: obj=143068262.438980, maxRC=59329964.749066, +23 cols
    [CG] CG iter 1: obj=142663525.605104, maxRC=59321080.109959, +23 cols
    [CG] CG iter 1: obj=142513805.057312, maxRC=59508432.635748, +23 cols
    [CG]   [DIAG] iter=1 posCols=23 newCols=23 effImprove=23 updated=0
    [CG] CG iter 1: obj=143371321.764543, maxRC=59334032.569987, +23 cols
    [CG]   [DIAG] iter=1 posCols=23 newCols=23 effImprove=23 updated=0
    [CG]   [DIAG] iter=1 posCols=23 newCols=23 effImprove=23 updated=0
    [CG] CG iter 1: obj=143277569.646070, maxRC=59368753.223493, +23 cols
    [CG]   [DIAG] iter=1 posCols=23 newCols=23 effImprove=23 updated=0
    [CG] CG iter 1: obj=143434560.674504, maxRC=59432453.490427, +23 cols
    [CG] CG iter 1: obj=143176625.929044, maxRC=59510938.434141, +23 cols
    [CG]   [DIAG] iter=1 posCols=23 newCols=23 effImprove=23 updated=0
    [CG]   [DIAG] iter=1 posCols=23 newCols=23 effImprove=23 updated=0
    [CG]   [DIAG] iter=1 posCols=23 newCols=23 effImprove=23 updated=0
    [CG] CG iter 2: obj=161047442.113170, maxRC=10623485.371715, +16 cols
    [CG]   [DIAG] iter=2 posCols=16 newCols=16 effImprove=16 updated=0
    [CG] CG iter 2: obj=160307613.065530, maxRC=10608653.496824, +17 cols
    [CG] CG iter 2: obj=159863052.396445, maxRC=9484760.082154, +17 cols
    [CG]   [DIAG] iter=2 posCols=17 newCols=17 effImprove=17 updated=0
    [CG]   [DIAG] iter=2 posCols=17 newCols=17 effImprove=17 updated=0
    [CG] CG iter 2: obj=159910682.717947, maxRC=10881933.136454, +17 cols
    [CG]   [DIAG] iter=2 posCols=17 newCols=17 effImprove=17 updated=0
    [CG] CG iter 2: obj=160427456.153882, maxRC=10566854.766120, +17 cols
    [CG]   [DIAG] iter=2 posCols=17 newCols=17 effImprove=17 updated=0
    [CG] CG iter 2: obj=160529206.827643, maxRC=9511902.155140, +17 cols
    [CG] CG iter 2: obj=160391669.792788, maxRC=10707450.532824, +17 cols
    [CG] CG iter 2: obj=160682757.885411, maxRC=10299238.989174, +17 cols
    [CG]   [DIAG] iter=2 posCols=17 newCols=17 effImprove=17 updated=0
    [CG]   [DIAG] iter=2 posCols=17 newCols=17 effImprove=17 updated=0
    [CG]   [DIAG] iter=2 posCols=17 newCols=17 effImprove=17 updated=0
    [CG] CG iter 3: obj=173046936.744203, maxRC=6678520.298735, +7 cols
    [CG]   [DIAG] iter=3 posCols=7 newCols=7 effImprove=7 updated=0
    [CG] CG iter 3: obj=165146082.609537, maxRC=5118128.238817, +14 cols
    [CG]   [DIAG] iter=3 posCols=14 newCols=14 effImprove=14 updated=0
    [CG] CG iter 3: obj=166700387.666143, maxRC=6220887.063698, +11 cols
    [CG]   [DIAG] iter=3 posCols=11 newCols=11 effImprove=11 updated=0
    [CG] CG iter 3: obj=166291594.026931, maxRC=6156177.906952, +12 cols
    [CG]   [DIAG] iter=3 posCols=12 newCols=12 effImprove=12 updated=0
    [CG] CG iter 4: obj=173046936.744203, maxRC=1392883.499851, +4 cols
    [CG] CG iter 3: obj=166895053.513114, maxRC=6190181.102830, +11 cols
    [CG]   [DIAG] iter=4 posCols=4 newCols=4 effImprove=4 updated=0
    [CG]   [DIAG] iter=3 posCols=11 newCols=11 effImprove=11 updated=0
    [CG] CG iter 3: obj=165971842.582987, maxRC=8662317.109171, +13 cols
    [CG] CG iter 4: obj=174558433.999815, maxRC=2671769.720189, +5 cols
    [CG]   [DIAG] iter=4 posCols=5 newCols=5 effImprove=5 updated=0
    [CG] CG iter 3: obj=166790482.116762, maxRC=6212544.478978, +11 cols
    [CG]   [DIAG] iter=3 posCols=13 newCols=13 effImprove=13 updated=0
    [CG] CG iter 3: obj=166492152.137070, maxRC=7255265.606303, +13 cols
    [CG]   [DIAG] iter=3 posCols=11 newCols=11 effImprove=11 updated=0
    [CG]   [DIAG] iter=3 posCols=13 newCols=13 effImprove=13 updated=0
    [CG] CG iter 4: obj=169188041.266602, maxRC=4022239.967559, +5 cols
    [CG]   [DIAG] iter=4 posCols=5 newCols=5 effImprove=5 updated=0
    [CG] CG iter 4: obj=168925749.983442, maxRC=3991316.189438, +7 cols
    [CG] CG iter 5: obj=173046936.744203, maxRC=295565.438053, +2 cols
    [CG]   [DIAG] iter=4 posCols=7 newCols=7 effImprove=7 updated=0
    [CG]   [DIAG] iter=5 posCols=2 newCols=2 effImprove=2 updated=0
    [CG] CG iter 5: obj=174558433.999815, maxRC=671942.197031, +1 cols
    [CG]   [DIAG] iter=5 posCols=1 newCols=1 effImprove=1 updated=0
    [CG] CG iter 4: obj=169433758.428721, maxRC=4085690.274599, +5 cols
    [CG]   [DIAG] iter=4 posCols=5 newCols=5 effImprove=5 updated=0
    [CG] CG iter 4: obj=170878822.831474, maxRC=3371396.622553, +7 cols
    [CG]   [DIAG] iter=4 posCols=7 newCols=7 effImprove=7 updated=0
    [CG] CG iter 4: obj=173747417.743373, maxRC=372150.168598, +3 cols
    [CG]   [DIAG] iter=4 posCols=3 newCols=3 effImprove=3 updated=0
    [CG] CG iter 4: obj=169334783.374174, maxRC=4032904.568098, +5 cols
    [CG]   [DIAG] iter=4 posCols=5 newCols=5 effImprove=5 updated=0
    [CG] 列生成收敛，共 5 轮迭代
    [CG] [CG-NODE] depth=0 exit=CERTIFIED certified=1 feasible=1 iters=5 generatedColsBeforeNode=0 newCols=56 posCandidates=56 duplicateCandidates=0 updatedCols=0 zeroObjImproveIters=0 objFirst=143068262.438980 objLast=173421576.965906 objGain=30353314.526926 maxRC=59329964.749066 wallSec=0.017827 pricingSec=0.011983 cplexSolveSec=0.002976
    [CG] 列生成收敛，共 6 轮迭代
    [CG] [CG-NODE] depth=0 exit=CERTIFIED certified=1 feasible=1 iters=6 generatedColsBeforeNode=0 newCols=59 posCandidates=59 duplicateCandidates=0 updatedCols=0 zeroObjImproveIters=2 objFirst=144184310.962124 objLast=174558433.999815 objGain=30374123.037691 maxRC=59519752.128890 wallSec=0.018313 pricingSec=0.012348 cplexSolveSec=0.003200
    [CG] 列生成收敛，共 6 轮迭代
    [CG] [CG-NODE] depth=0 exit=CERTIFIED certified=1 feasible=1 iters=6 generatedColsBeforeNode=0 newCols=53 posCandidates=53 duplicateCandidates=0 updatedCols=0 zeroObjImproveIters=3 objFirst=142663525.605104 objLast=173046936.744203 objGain=30383411.139098 maxRC=59321080.109959 wallSec=0.018024 pricingSec=0.011986 cplexSolveSec=0.003148
    [CG] 列生成收敛，共 5 轮迭代
    [CG] [CG-NODE] depth=0 exit=CERTIFIED certified=1 feasible=1 iters=5 generatedColsBeforeNode=0 newCols=59 posCandidates=59 duplicateCandidates=0 updatedCols=0 zeroObjImproveIters=0 objFirst=142513805.057312 objLast=173101233.908321 objGain=30587428.851009 maxRC=59508432.635748 wallSec=0.017812 pricingSec=0.011946 cplexSolveSec=0.003020
    [CG] 列生成收敛，共 5 轮迭代
    [CG] [CG-NODE] depth=0 exit=CERTIFIED certified=1 feasible=1 iters=5 generatedColsBeforeNode=0 newCols=56 posCandidates=56 duplicateCandidates=0 updatedCols=0 zeroObjImproveIters=0 objFirst=143371321.764543 objLast=173684890.970484 objGain=30313569.205941 maxRC=59334032.569987 wallSec=0.017755 pricingSec=0.011961 cplexSolveSec=0.002990
      [BB] 根节点即为整数解，obj=173421576.965906
      [BB] 根节点即为整数解，obj=174558433.999815
      [BB] 根节点即为整数解，obj=173046936.744203
      [BB] 根节点即为整数解，obj=173101233.908321
      [BB] 根节点即为整数解，obj=173684890.970484
    [CG] 列生成收敛，共 5 轮迭代
    [CG] CG iter 5: obj=170878822.831474, maxRC=1770710.811913, +6 cols
    [CG] [CG-NODE] depth=0 exit=CERTIFIED certified=1 feasible=1 iters=5 generatedColsBeforeNode=0 newCols=56 posCandidates=56 duplicateCandidates=0 updatedCols=0 zeroObjImproveIters=1 objFirst=143434560.674504 objLast=173747417.743373 objGain=30312857.068870 maxRC=59432453.490427 wallSec=0.017828 pricingSec=0.012006 cplexSolveSec=0.002955
    [CG]   [DIAG] iter=5 posCols=6 newCols=6 effImprove=6 updated=0
    [CG] 列生成收敛，共 5 轮迭代
    [CG] [CG-NODE] depth=0 exit=CERTIFIED certified=1 feasible=1 iters=5 generatedColsBeforeNode=0 newCols=56 posCandidates=56 duplicateCandidates=0 updatedCols=0 zeroObjImproveIters=0 objFirst=143277569.646070 objLast=173532351.378730 objGain=30254781.732661 maxRC=59368753.223493 wallSec=0.017808 pricingSec=0.012052 cplexSolveSec=0.002932
      [BB] 根节点即为整数解，obj=173747417.743373
      [BB] 根节点即为整数解，obj=173532351.378730
    [CG] CG iter 6: obj=173818395.969804, maxRC=57119.234444, +1 cols
    [CG]   [DIAG] iter=6 posCols=1 newCols=1 effImprove=1 updated=0
    [CG] 列生成收敛，共 7 轮迭代
    [CG] [CG-NODE] depth=0 exit=CERTIFIED certified=1 feasible=1 iters=7 generatedColsBeforeNode=0 newCols=67 posCandidates=67 duplicateCandidates=0 updatedCols=0 zeroObjImproveIters=2 objFirst=143176625.929044 objLast=173818395.969804 objGain=30641770.040761 maxRC=59510938.434141 wallSec=0.019208 pricingSec=0.012633 cplexSolveSec=0.003492
      [BB] 根节点即为整数解，obj=173818395.969804
    [CG] 列生成开始，初始列数=128
    [CG] 列生成开始，初始列数=128
    [CG] 列生成开始，初始列数=128
    [CG] 列生成开始，初始列数=128
    [CG] 列生成开始，初始列数=128
    [CG] 列生成开始，初始列数=128
    [CG] 列生成开始，初始列数=128
    [CG] 列生成开始，初始列数=128
    [CG] CG iter 1: obj=143197831.958560, maxRC=59480355.688416, +23 cols
    [CG]   [DIAG] iter=1 posCols=23 newCols=23 effImprove=23 updated=0
    [CG] CG iter 2: obj=160339111.818547, maxRC=10602932.494036, +17 cols
    [CG]   [DIAG] iter=2 posCols=17 newCols=17 effImprove=17 updated=0
    [CG] CG iter 3: obj=166891050.865478, maxRC=6177613.033058, +12 cols
    [CG]   [DIAG] iter=3 posCols=12 newCols=12 effImprove=12 updated=0
    [CG] CG iter 1: obj=143431559.234212, maxRC=59247744.785896, +23 cols
    [CG] CG iter 1: obj=142758277.930522, maxRC=59336845.003674, +23 cols
    [CG] CG iter 1: obj=143239223.626222, maxRC=59005268.371951, +23 cols
    [CG] CG iter 4: obj=173617031.705805, maxRC=1169584.245636, +2 cols
    [CG]   [DIAG] iter=4 posCols=2 newCols=2 effImprove=2 updated=0
    [CG]   [DIAG] iter=1 posCols=23 newCols=23 effImprove=23 updated=0
    [CG]   [DIAG] iter=1 posCols=23 newCols=23 effImprove=23 updated=0
    [CG]   [DIAG] iter=1 posCols=23 newCols=23 effImprove=23 updated=0
    [CG] CG iter 1: obj=143406223.131206, maxRC=59391715.121748, +23 cols
    [CG] CG iter 1: obj=143692787.310556, maxRC=59508005.515090, +23 cols
    [CG] CG iter 5: obj=173617031.705805, maxRC=133216.860088, +1 cols
    [CG]   [DIAG] iter=5 posCols=1 newCols=1 effImprove=1 updated=0
    [CG]   [DIAG] iter=1 posCols=23 newCols=23 effImprove=23 updated=0
    [CG] CG iter 1: obj=142913743.006097, maxRC=59499062.313789, +23 cols
    [CG]   [DIAG] iter=1 posCols=23 newCols=23 effImprove=23 updated=0
    [CG]   [DIAG] iter=1 posCols=23 newCols=23 effImprove=23 updated=0
    [CG] 列生成收敛，共 6 轮迭代
    [CG] [CG-NODE] depth=0 exit=CERTIFIED certified=1 feasible=1 iters=6 generatedColsBeforeNode=0 newCols=55 posCandidates=55 duplicateCandidates=0 updatedCols=0 zeroObjImproveIters=1 objFirst=143197831.958560 objLast=173750248.565894 objGain=30552416.607334 maxRC=59480355.688416 wallSec=0.014441 pricingSec=0.008813 cplexSolveSec=0.002893
      [BB] 根节点即为整数解，obj=173750248.565894
    [CG] CG iter 1: obj=142552049.235347, maxRC=59294411.380670, +23 cols
    [CG]   [DIAG] iter=1 posCols=23 newCols=23 effImprove=23 updated=0
    [CG] CG iter 2: obj=160260448.766680, maxRC=10450319.674350, +16 cols
    [CG] CG iter 2: obj=160121965.069861, maxRC=10522233.546295, +16 cols
    [CG]   [DIAG] iter=2 posCols=16 newCols=16 effImprove=16 updated=0
    [CG] CG iter 2: obj=160019022.045547, maxRC=10304656.996621, +16 cols
    [CG]   [DIAG] iter=2 posCols=16 newCols=16 effImprove=16 updated=0
    [CG]   [DIAG] iter=2 posCols=16 newCols=16 effImprove=16 updated=0
    [CG] CG iter 2: obj=160437856.766823, maxRC=10616919.433911, +17 cols
    [CG]   [DIAG] iter=2 posCols=17 newCols=17 effImprove=17 updated=0
    [CG] CG iter 2: obj=160802066.049607, maxRC=10780887.924555, +17 cols
    [CG] CG iter 2: obj=160075532.953657, maxRC=9564464.031434, +17 cols
    [CG]   [DIAG] iter=2 posCols=17 newCols=17 effImprove=17 updated=0
    [CG]   [DIAG] iter=2 posCols=17 newCols=17 effImprove=17 updated=0
    [CG] CG iter 3: obj=164178240.752662, maxRC=5084126.071793, +15 cols
    [CG] CG iter 2: obj=160019355.096213, maxRC=10694874.945805, +16 cols
    [CG] CG iter 3: obj=164026366.601283, maxRC=5022618.768212, +14 cols
    [CG]   [DIAG] iter=3 posCols=15 newCols=15 effImprove=15 updated=0
    [CG]   [DIAG] iter=2 posCols=16 newCols=16 effImprove=16 updated=0
    [CG] CG iter 3: obj=163877006.823316, maxRC=5117287.913568, +15 cols
    [CG]   [DIAG] iter=3 posCols=14 newCols=14 effImprove=14 updated=0
    [CG]   [DIAG] iter=3 posCols=15 newCols=15 effImprove=15 updated=0
    [CG] CG iter 3: obj=166878294.336023, maxRC=6168792.487775, +11 cols
    [CG]   [DIAG] iter=3 posCols=11 newCols=11 effImprove=11 updated=0
    [CG] CG iter 3: obj=167369360.337565, maxRC=6185298.585154, +12 cols
    [CG]   [DIAG] iter=3 posCols=12 newCols=12 effImprove=12 updated=0
    [CG] CG iter 3: obj=165959604.503398, maxRC=7332951.635847, +15 cols
    [CG] CG iter 4: obj=173614659.711558, maxRC=2657567.011520, +6 cols
    [CG]   [DIAG] iter=3 posCols=15 newCols=15 effImprove=15 updated=0
    [CG]   [DIAG] iter=4 posCols=6 newCols=6 effImprove=6 updated=0
    [CG] CG iter 4: obj=173384222.419895, maxRC=2631951.418663, +5 cols
    [CG]   [DIAG] iter=4 posCols=5 newCols=5 effImprove=5 updated=0
    [CG] CG iter 4: obj=173388799.186789, maxRC=2671408.757820, +7 cols
    [CG]   [DIAG] iter=4 posCols=7 newCols=7 effImprove=7 updated=0
    [CG] CG iter 4: obj=169423201.269465, maxRC=4047907.563417, +5 cols
    [CG]   [DIAG] iter=4 posCols=5 newCols=5 effImprove=5 updated=0
    [CG] CG iter 4: obj=170038533.148057, maxRC=4134129.297245, +7 cols
    [CG]   [DIAG] iter=4 posCols=7 newCols=7 effImprove=7 updated=0
    [CG] CG iter 3: obj=163604104.231940, maxRC=9363029.887482, +16 cols
    [CG] CG iter 5: obj=173614659.711558, maxRC=636917.159583, +1 cols
    [CG]   [DIAG] iter=5 posCols=1 newCols=1 effImprove=1 updated=0
    [CG] CG iter 4: obj=173292556.139245, maxRC=395401.982116, +4 cols
    [CG] CG iter 5: obj=173384222.419895, maxRC=489762.974807, +1 cols
    [CG]   [DIAG] iter=3 posCols=16 newCols=16 effImprove=16 updated=0
    [CG]   [DIAG] iter=4 posCols=4 newCols=4 effImprove=4 updated=0
    [CG]   [DIAG] iter=5 posCols=1 newCols=1 effImprove=1 updated=0
    [CG] CG iter 5: obj=173427005.398415, maxRC=611025.346491, +1 cols
    [CG]   [DIAG] iter=5 posCols=1 newCols=1 effImprove=1 updated=0
    [CG] 列生成开始，初始列数=128
    [CG] 列生成收敛，共 5 轮迭代
    [CG] [CG-NODE] depth=0 exit=CERTIFIED certified=1 feasible=1 iters=5 generatedColsBeforeNode=0 newCols=56 posCandidates=56 duplicateCandidates=0 updatedCols=0 zeroObjImproveIters=0 objFirst=143406223.131206 objLast=173675405.977270 objGain=30269182.846064 maxRC=59391715.121748 wallSec=0.017834 pricingSec=0.011950 cplexSolveSec=0.003020
    [CG] 列生成收敛，共 5 轮迭代
    [CG] [CG-NODE] depth=0 exit=CERTIFIED certified=1 feasible=1 iters=5 generatedColsBeforeNode=0 newCols=59 posCandidates=59 duplicateCandidates=0 updatedCols=0 zeroObjImproveIters=0 objFirst=143692787.310556 objLast=174208611.842030 objGain=30515824.531474 maxRC=59508005.515090 wallSec=0.017810 pricingSec=0.011991 cplexSolveSec=0.002944
    [CG] 列生成收敛，共 6 轮迭代
    [CG] [CG-NODE] depth=0 exit=CERTIFIED certified=1 feasible=1 iters=6 generatedColsBeforeNode=0 newCols=61 posCandidates=61 duplicateCandidates=0 updatedCols=0 zeroObjImproveIters=2 objFirst=143431559.234212 objLast=173614659.711558 objGain=30183100.477346 maxRC=59247744.785896 wallSec=0.018899 pricingSec=0.012254 cplexSolveSec=0.003207
    [CG] 列生成收敛，共 6 轮迭代
    [CG] [CG-NODE] depth=0 exit=CERTIFIED certified=1 feasible=1 iters=6 generatedColsBeforeNode=0 newCols=59 posCandidates=59 duplicateCandidates=0 updatedCols=0 zeroObjImproveIters=2 objFirst=142758277.930522 objLast=173384222.419895 objGain=30625944.489373 maxRC=59336845.003674 wallSec=0.018516 pricingSec=0.012200 cplexSolveSec=0.003288
      [BB] 根节点即为整数解，obj=173675405.977270
    [CG] 列生成收敛，共 5 轮迭代
    [CG] [CG-NODE] depth=0 exit=CERTIFIED certified=1 feasible=1 iters=5 generatedColsBeforeNode=0 newCols=59 posCandidates=59 duplicateCandidates=0 updatedCols=0 zeroObjImproveIters=1 objFirst=142913743.006097 objLast=173292556.139245 objGain=30378813.133149 maxRC=59499062.313789 wallSec=0.017839 pricingSec=0.012068 cplexSolveSec=0.002790
    [CG] 列生成收敛，共 6 轮迭代
      [BB] 根节点即为整数解，obj=174208611.842030
    [CG] [CG-NODE] depth=0 exit=CERTIFIED certified=1 feasible=1 iters=6 generatedColsBeforeNode=0 newCols=62 posCandidates=62 duplicateCandidates=0 updatedCols=0 zeroObjImproveIters=1 objFirst=143239223.626222 objLast=173427005.398415 objGain=30187781.772193 maxRC=59005268.371951 wallSec=0.018601 pricingSec=0.012299 cplexSolveSec=0.003337
      [BB] 根节点即为整数解，obj=173614659.711558
    [CG] CG iter 4: obj=173282586.751210, maxRC=2425157.200576, +8 cols
      [BB] 根节点即为整数解，obj=173384222.419895
    [CG]   [DIAG] iter=4 posCols=8 newCols=8 effImprove=8 updated=0
      [BB] 根节点即为整数解，obj=173292556.139245
      [BB] 根节点即为整数解，obj=173427005.398415
    [CG] 列生成收敛，共 5 轮迭代
    [CG] [CG-NODE] depth=0 exit=CERTIFIED certified=1 feasible=1 iters=5 generatedColsBeforeNode=0 newCols=63 posCandidates=63 duplicateCandidates=0 updatedCols=0 zeroObjImproveIters=1 objFirst=142552049.235347 objLast=173282586.751210 objGain=30730537.515862 maxRC=59294411.380670 wallSec=0.017713 pricingSec=0.012018 cplexSolveSec=0.002900
      [BB] 根节点即为整数解，obj=173282586.751210
    [CG] 列生成开始，初始列数=128
    [CG] 列生成开始，初始列数=128
    [CG] 列生成开始，初始列数=128
    [CG] 列生成开始，初始列数=128
    [CG] 列生成开始，初始列数=128
    [CG] 列生成开始，初始列数=128
    [CG] 列生成开始，初始列数=128
    [CG] CG iter 1: obj=142689301.531576, maxRC=59498312.457222, +23 cols
    [CG]   [DIAG] iter=1 posCols=23 newCols=23 effImprove=23 updated=0
    [CG] CG iter 2: obj=160327785.651208, maxRC=10933495.568202, +17 cols
    [CG]   [DIAG] iter=2 posCols=17 newCols=17 effImprove=17 updated=0
    [CG] CG iter 3: obj=166646621.210881, maxRC=6172965.010988, +12 cols
    [CG]   [DIAG] iter=3 posCols=12 newCols=12 effImprove=12 updated=0
    [CG] CG iter 1: obj=142587671.747749, maxRC=59496782.410191, +23 cols
    [CG] CG iter 4: obj=169245212.447544, maxRC=3945438.560525, +6 cols
    [CG]   [DIAG] iter=4 posCols=6 newCols=6 effImprove=6 updated=0
    [CG]   [DIAG] iter=1 posCols=23 newCols=23 effImprove=23 updated=0
    [CG] CG iter 1: obj=143132347.214335, maxRC=59228169.556344, +23 cols
    [CG]   [DIAG] iter=1 posCols=23 newCols=23 effImprove=23 updated=0
    [CG] 列生成收敛，共 5 轮迭代
    [CG] [CG-NODE] depth=0 exit=CERTIFIED certified=1 feasible=1 iters=5 generatedColsBeforeNode=0 newCols=58 posCandidates=58 duplicateCandidates=0 updatedCols=0 zeroObjImproveIters=0 objFirst=142689301.531576 objLast=173408251.199252 objGain=30718949.667676 maxRC=59498312.457222 wallSec=0.009412 pricingSec=0.006166 cplexSolveSec=0.001722
      [BB] 根节点即为整数解，obj=173408251.199252
    [CG] CG iter 2: obj=159935361.558637, maxRC=10487022.232942, +16 cols
    [CG]   [DIAG] iter=2 posCols=16 newCols=16 effImprove=16 updated=0
    [CG] CG iter 2: obj=160410778.621030, maxRC=9328576.918470, +17 cols
    [CG]   [DIAG] iter=2 posCols=17 newCols=17 effImprove=17 updated=0
    [CG] CG iter 3: obj=164033280.707211, maxRC=5006434.018970, +15 cols
    [CG]   [DIAG] iter=3 posCols=15 newCols=15 effImprove=15 updated=0
    [CG] CG iter 3: obj=173522277.865512, maxRC=1143999.956482, +7 cols
    [CG]   [DIAG] iter=3 posCols=7 newCols=7 effImprove=7 updated=0
    [CG] CG iter 4: obj=173350007.120349, maxRC=2625213.741113, +5 cols
    [CG]   [DIAG] iter=4 posCols=5 newCols=5 effImprove=5 updated=0
    [CG] 列生成开始，初始列数=128
    [CG] CG iter 5: obj=173350007.120349, maxRC=585432.965717, +1 cols
    [CG]   [DIAG] iter=5 posCols=1 newCols=1 effImprove=1 updated=0
    [CG] CG iter 1: obj=143270489.292446, maxRC=59487505.882519, +23 cols
    [CG] CG iter 1: obj=143445772.600992, maxRC=59165958.540941, +23 cols
    [CG] CG iter 1: obj=142978045.314573, maxRC=59198420.012906, +23 cols
    [CG] CG iter 4: obj=173522277.865512, maxRC=133399.076004, +1 cols
    [CG]   [DIAG] iter=1 posCols=23 newCols=23 effImprove=23 updated=0
    [CG] CG iter 1: obj=143443281.307892, maxRC=59476938.311551, +23 cols
    [CG]   [DIAG] iter=4 posCols=1 newCols=1 effImprove=1 updated=0
    [CG] 列生成收敛，共 6 轮迭代
    [CG] [CG-NODE] depth=0 exit=CERTIFIED certified=1 feasible=1 iters=6 generatedColsBeforeNode=0 newCols=60 posCandidates=60 duplicateCandidates=0 updatedCols=0 zeroObjImproveIters=2 objFirst=143132347.214335 objLast=173350007.120349 objGain=30217659.906014 maxRC=59228169.556344 wallSec=0.012437 pricingSec=0.007567 cplexSolveSec=0.002407
    [CG]   [DIAG] iter=1 posCols=23 newCols=23 effImprove=23 updated=0
    [CG]   [DIAG] iter=1 posCols=23 newCols=23 effImprove=23 updated=0
      [BB] 根节点即为整数解，obj=173350007.120349
    [CG]   [DIAG] iter=1 posCols=23 newCols=23 effImprove=23 updated=0
    [CG] CG iter 1: obj=143704268.268873, maxRC=59484359.040500, +23 cols
    [CG]   [DIAG] iter=1 posCols=23 newCols=23 effImprove=23 updated=0
    [CG] 列生成收敛，共 5 轮迭代
    [CG] [CG-NODE] depth=0 exit=CERTIFIED certified=1 feasible=1 iters=5 generatedColsBeforeNode=0 newCols=48 posCandidates=48 duplicateCandidates=0 updatedCols=0 zeroObjImproveIters=2 objFirst=142587671.747749 objLast=173522277.865512 objGain=30934606.117763 maxRC=59496782.410191 wallSec=0.018331 pricingSec=0.012295 cplexSolveSec=0.003321
      [BB] 根节点即为整数解，obj=173522277.865512
    [CG] CG iter 2: obj=160559776.876420, maxRC=10613165.324151, +16 cols
    [CG] CG iter 2: obj=160320389.417534, maxRC=10415536.926620, +16 cols
    [CG] CG iter 2: obj=159965260.391300, maxRC=9405849.041280, +17 cols
    [CG]   [DIAG] iter=2 posCols=16 newCols=16 effImprove=16 updated=0
    [CG]   [DIAG] iter=2 posCols=17 newCols=17 effImprove=17 updated=0
    [CG]   [DIAG] iter=2 posCols=16 newCols=16 effImprove=16 updated=0
    [CG] CG iter 2: obj=160748629.606792, maxRC=10602639.792254, +17 cols
    [CG]   [DIAG] iter=2 posCols=17 newCols=17 effImprove=17 updated=0
    [CG] CG iter 2: obj=160709952.984894, maxRC=10619726.571682, +17 cols
    [CG]   [DIAG] iter=2 posCols=17 newCols=17 effImprove=17 updated=0
    [CG] 列生成开始，初始列数=128
    [CG] CG iter 3: obj=173313689.096444, maxRC=1910920.784544, +10 cols
    [CG]   [DIAG] iter=3 posCols=10 newCols=10 effImprove=10 updated=0
    [CG] CG iter 3: obj=164658426.416321, maxRC=4979927.148847, +14 cols
    [CG] CG iter 3: obj=164262538.534600, maxRC=5105499.106427, +15 cols
    [CG]   [DIAG] iter=3 posCols=14 newCols=14 effImprove=14 updated=0
    [CG]   [DIAG] iter=3 posCols=15 newCols=15 effImprove=15 updated=0
    [CG] CG iter 3: obj=167232375.013990, maxRC=6267030.803220, +11 cols
    [CG]   [DIAG] iter=3 posCols=11 newCols=11 effImprove=11 updated=0
    [CG] CG iter 3: obj=167333755.254161, maxRC=6210435.162960, +12 cols
    [CG]   [DIAG] iter=3 posCols=12 newCols=12 effImprove=12 updated=0
    [CG] CG iter 4: obj=173313689.096444, maxRC=397345.406080, +3 cols
    [CG]   [DIAG] iter=4 posCols=3 newCols=3 effImprove=3 updated=0
    [CG] CG iter 4: obj=173934503.379207, maxRC=2614180.276050, +5 cols
    [CG]   [DIAG] iter=4 posCols=5 newCols=5 effImprove=5 updated=0
    [CG] CG iter 4: obj=173722996.864000, maxRC=2666478.227511, +6 cols
    [CG]   [DIAG] iter=4 posCols=6 newCols=6 effImprove=6 updated=0
    [CG] 列生成收敛，共 5 轮迭代
    [CG] CG iter 4: obj=169729314.557296, maxRC=4052186.002636, +5 cols
    [CG] [CG-NODE] depth=0 exit=CERTIFIED certified=1 feasible=1 iters=5 generatedColsBeforeNode=0 newCols=53 posCandidates=53 duplicateCandidates=0 updatedCols=0 zeroObjImproveIters=1 objFirst=142978045.314573 objLast=173322900.943915 objGain=30344855.629342 maxRC=59198420.012906 wallSec=0.016777 pricingSec=0.011402 cplexSolveSec=0.002763
    [CG]   [DIAG] iter=4 posCols=5 newCols=5 effImprove=5 updated=0
    [CG] CG iter 4: obj=169983392.723056, maxRC=4185097.536438, +5 cols
    [CG]   [DIAG] iter=4 posCols=5 newCols=5 effImprove=5 updated=0
      [BB] 根节点即为整数解，obj=173322900.943915
    [CG] CG iter 5: obj=173934503.379207, maxRC=459384.050267, +1 cols
    [CG]   [DIAG] iter=5 posCols=1 newCols=1 effImprove=1 updated=0
    [CG] CG iter 5: obj=173731897.391551, maxRC=697787.373966, +1 cols
    [CG]   [DIAG] iter=5 posCols=1 newCols=1 effImprove=1 updated=0
    [CG] 列生成收敛，共 5 轮迭代
    [CG] [CG-NODE] depth=0 exit=CERTIFIED certified=1 feasible=1 iters=5 generatedColsBeforeNode=0 newCols=56 posCandidates=56 duplicateCandidates=0 updatedCols=0 zeroObjImproveIters=0 objFirst=143443281.307892 objLast=173953293.130872 objGain=30510011.822979 maxRC=59476938.311551 wallSec=0.017147 pricingSec=0.011843 cplexSolveSec=0.002794
    [CG] 列生成开始，初始列数=128
    [CG] 列生成收敛，共 5 轮迭代
    [CG] [CG-NODE] depth=0 exit=CERTIFIED certified=1 feasible=1 iters=5 generatedColsBeforeNode=0 newCols=57 posCandidates=57 duplicateCandidates=0 updatedCols=0 zeroObjImproveIters=0 objFirst=143704268.268873 objLast=174201105.674922 objGain=30496837.406048 maxRC=59484359.040500 wallSec=0.017742 pricingSec=0.011908 cplexSolveSec=0.002915
      [BB] 根节点即为整数解，obj=173953293.130872
    [CG] 列生成收敛，共 6 轮迭代
    [CG] [CG-NODE] depth=0 exit=CERTIFIED certified=1 feasible=1 iters=6 generatedColsBeforeNode=0 newCols=59 posCandidates=59 duplicateCandidates=0 updatedCols=0 zeroObjImproveIters=2 objFirst=143270489.292446 objLast=173934503.379207 objGain=30664014.086762 maxRC=59487505.882519 wallSec=0.018004 pricingSec=0.012175 cplexSolveSec=0.003126
    [CG] 列生成收敛，共 6 轮迭代
      [BB] 根节点即为整数解，obj=174201105.674922
    [CG] [CG-NODE] depth=0 exit=CERTIFIED certified=1 feasible=1 iters=6 generatedColsBeforeNode=0 newCols=61 posCandidates=61 duplicateCandidates=0 updatedCols=0 zeroObjImproveIters=1 objFirst=143445772.600992 objLast=173731897.391551 objGain=30286124.790559 maxRC=59165958.540941 wallSec=0.018284 pricingSec=0.012285 cplexSolveSec=0.003193
      [BB] 根节点即为整数解，obj=173934503.379207
      [BB] 根节点即为整数解，obj=173731897.391551
    [CG] 列生成开始，初始列数=128
    [CG] 列生成开始，初始列数=128
    [CG] CG iter 1: obj=142954600.006621, maxRC=59487294.064511, +23 cols
    [CG]   [DIAG] iter=1 posCols=23 newCols=23 effImprove=23 updated=0
    [CG] 列生成开始，初始列数=128
    [CG] CG iter 2: obj=160126179.774159, maxRC=10642887.160527, +16 cols
    [CG]   [DIAG] iter=2 posCols=16 newCols=16 effImprove=16 updated=0
    [CG] CG iter 1: obj=143285632.978711, maxRC=59387906.166602, +23 cols
    [CG]   [DIAG] iter=1 posCols=23 newCols=23 effImprove=23 updated=0
    [CG] CG iter 3: obj=164209470.464022, maxRC=4989261.366214, +14 cols
    [CG]   [DIAG] iter=3 posCols=14 newCols=14 effImprove=14 updated=0
    [CG] CG iter 4: obj=173466582.426610, maxRC=2618065.479137, +5 cols
    [CG]   [DIAG] iter=4 posCols=5 newCols=5 effImprove=5 updated=0
    [CG] CG iter 5: obj=173466582.426610, maxRC=451181.226594, +1 cols
    [CG]   [DIAG] iter=5 posCols=1 newCols=1 effImprove=1 updated=0
    [CG] CG iter 2: obj=160410320.240743, maxRC=10315291.359783, +17 cols
    [CG]   [DIAG] iter=2 posCols=17 newCols=17 effImprove=17 updated=0
    [CG] 列生成收敛，共 6 轮迭代
    [CG] [CG-NODE] depth=0 exit=CERTIFIED certified=1 feasible=1 iters=6 generatedColsBeforeNode=0 newCols=59 posCandidates=59 duplicateCandidates=0 updatedCols=0 zeroObjImproveIters=2 objFirst=142954600.006621 objLast=173466582.426610 objGain=30511982.419989 maxRC=59487294.064511 wallSec=0.010064 pricingSec=0.006440 cplexSolveSec=0.001978
      [BB] 根节点即为整数解，obj=173466582.426610
    [CG] CG iter 3: obj=166356654.621745, maxRC=4834221.185288, +12 cols
    [CG] CG iter 1: obj=142773079.551840, maxRC=59163877.930282, +23 cols
    [CG]   [DIAG] iter=3 posCols=12 newCols=12 effImprove=12 updated=0
    [CG]   [DIAG] iter=1 posCols=23 newCols=23 effImprove=23 updated=0
    [CG] CG iter 1: obj=142978266.605071, maxRC=59393224.954958, +23 cols
    [CG]   [DIAG] iter=1 posCols=23 newCols=23 effImprove=23 updated=0
    [CG] CG iter 2: obj=160022368.660882, maxRC=10429972.542676, +16 cols
    [CG]   [DIAG] iter=2 posCols=16 newCols=16 effImprove=16 updated=0
    [CG] CG iter 1: obj=143259823.671993, maxRC=59329449.038927, +23 cols
    [CG]   [DIAG] iter=1 posCols=23 newCols=23 effImprove=23 updated=0
    [CG] CG iter 4: obj=171144330.818045, maxRC=2967529.516402, +7 cols
    [CG]   [DIAG] iter=4 posCols=7 newCols=7 effImprove=7 updated=0
    [CG] CG iter 2: obj=160059447.692974, maxRC=10543979.884107, +17 cols
    [CG]   [DIAG] iter=2 posCols=17 newCols=17 effImprove=17 updated=0
    [CG] CG iter 3: obj=163954054.248816, maxRC=5012305.654692, +14 cols
    [CG] CG iter 2: obj=160412636.565437, maxRC=9373871.001189, +17 cols
    [CG]   [DIAG] iter=3 posCols=14 newCols=14 effImprove=14 updated=0
    [CG]   [DIAG] iter=2 posCols=17 newCols=17 effImprove=17 updated=0
    [CG] CG iter 3: obj=173735085.295617, maxRC=1446474.348341, +4 cols
    [CG]   [DIAG] iter=3 posCols=4 newCols=4 effImprove=4 updated=0
    [CG] CG iter 4: obj=173320103.737156, maxRC=2627658.011587, +5 cols
    [CG]   [DIAG] iter=4 posCols=5 newCols=5 effImprove=5 updated=0
    [CG] CG iter 5: obj=173911533.463492, maxRC=680418.815569, +4 cols
    [CG]   [DIAG] iter=5 posCols=4 newCols=4 effImprove=4 updated=0
    [CG] CG iter 4: obj=173735085.295617, maxRC=267032.448397, +1 cols
    [CG] CG iter 3: obj=166622755.210149, maxRC=6232034.040383, +12 cols
    [CG]   [DIAG] iter=4 posCols=1 newCols=1 effImprove=1 updated=0
    [CG] CG iter 5: obj=173320103.737156, maxRC=550976.004385, +1 cols
    [CG]   [DIAG] iter=3 posCols=12 newCols=12 effImprove=12 updated=0
    [CG]   [DIAG] iter=5 posCols=1 newCols=1 effImprove=1 updated=0
    [CG] 列生成收敛，共 5 轮迭代
    [CG] [CG-NODE] depth=0 exit=CERTIFIED certified=1 feasible=1 iters=5 generatedColsBeforeNode=0 newCols=45 posCandidates=45 duplicateCandidates=0 updatedCols=0 zeroObjImproveIters=2 objFirst=143259823.671993 objLast=173735085.295617 objGain=30475261.623624 maxRC=59329449.038927 wallSec=0.009284 pricingSec=0.006151 cplexSolveSec=0.001579
    [CG] 列生成收敛，共 6 轮迭代
      [BB] 根节点即为整数解，obj=173735085.295617
    [CG] [CG-NODE] depth=0 exit=CERTIFIED certified=1 feasible=1 iters=6 generatedColsBeforeNode=0 newCols=59 posCandidates=59 duplicateCandidates=0 updatedCols=0 zeroObjImproveIters=2 objFirst=142773079.551840 objLast=173320103.737156 objGain=30547024.185315 maxRC=59163877.930282 wallSec=0.010550 pricingSec=0.006873 cplexSolveSec=0.001873
      [BB] 根节点即为整数解，obj=173320103.737156
    [CG] CG iter 4: obj=169224953.968866, maxRC=4170436.646169, +5 cols
    [CG]   [DIAG] iter=4 posCols=5 newCols=5 effImprove=5 updated=0
    [CG] 列生成收敛，共 6 轮迭代
    [CG] [CG-NODE] depth=0 exit=CERTIFIED certified=1 feasible=1 iters=6 generatedColsBeforeNode=0 newCols=63 posCandidates=63 duplicateCandidates=0 updatedCols=0 zeroObjImproveIters=1 objFirst=143285632.978711 objLast=173911533.463493 objGain=30625900.484782 maxRC=59387906.166602 wallSec=0.018340 pricingSec=0.012488 cplexSolveSec=0.003478
      [BB] 根节点即为整数解，obj=173911533.463493
    [CG] 列生成收敛，共 5 轮迭代
    [CG] [CG-NODE] depth=0 exit=CERTIFIED certified=1 feasible=1 iters=5 generatedColsBeforeNode=0 newCols=57 posCandidates=57 duplicateCandidates=0 updatedCols=0 zeroObjImproveIters=0 objFirst=142978266.605071 objLast=173462263.417310 objGain=30483996.812239 maxRC=59393224.954958 wallSec=0.013928 pricingSec=0.008893 cplexSolveSec=0.002663
      [BB] 根节点即为整数解，obj=173462263.417310
    [CG] CG iter 1: obj=143432809.862206, maxRC=59204423.848731, +23 cols
    [CG]   [DIAG] iter=1 posCols=23 newCols=23 effImprove=23 updated=0
    [CG] CG iter 2: obj=160325650.848968, maxRC=10427081.099426, +17 cols
    [CG]   [DIAG] iter=2 posCols=17 newCols=17 effImprove=17 updated=0
    [CG] CG iter 3: obj=166919507.806647, maxRC=6216279.227766, +11 cols
    [CG]   [DIAG] iter=3 posCols=11 newCols=11 effImprove=11 updated=0
    [CG] CG iter 4: obj=169507299.316759, maxRC=4235802.059560, +5 cols
    [CG]   [DIAG] iter=4 posCols=5 newCols=5 effImprove=5 updated=0
    [CG] 列生成收敛，共 5 轮迭代
    [CG] [CG-NODE] depth=0 exit=CERTIFIED certified=1 feasible=1 iters=5 generatedColsBeforeNode=0 newCols=56 posCandidates=56 duplicateCandidates=0 updatedCols=0 zeroObjImproveIters=0 objFirst=143432809.862206 objLast=173765636.352487 objGain=30332826.490280 maxRC=59204423.848731 wallSec=0.017506 pricingSec=0.012051 cplexSolveSec=0.002864
      [BB] 根节点即为整数解，obj=173765636.352487
[GA] 代数 0: Best=174587319.69, Avg=173649951.55, Worst=173075822.43, Valid=30/30, 耗时=0.08s
  ├─ 求解: 30 个体 fork 并行 | CG迭代=164 加列=1727 BB分支=0
  ├─ 并行墙钟=0.0804s | 串行等效(ΣBP)=0.5021s | 加速比=6.24x
  ├─ 管理开销=-0.4217s (fork=0.0050 wait=0.0750 merge=0.0005)
  └─ CG明细: gen_logs/run_gen0_ind{0..29}.log
    [CG] 列生成开始，初始列数=128
    [CG] 列生成开始，初始列数=128
    [CG] 列生成开始，初始列数=128
    [CG] 列生成开始，初始列数=128
    [CG] 列生成开始，初始列数=128
    [CG] 列生成开始，初始列数=128
    [CG] 列生成开始，初始列数=128
    [CG] 列生成开始，初始列数=128
    [CG] CG iter 1: obj=142915582.205036, maxRC=59487294.064511, +23 cols
    [CG]   [DIAG] iter=1 posCols=23 newCols=23 effImprove=23 updated=0
    [CG] CG iter 2: obj=160126179.774159, maxRC=10642887.160527, +16 cols
    [CG]   [DIAG] iter=2 posCols=16 newCols=16 effImprove=16 updated=0
    [CG] CG iter 1: obj=143657503.713743, maxRC=59508005.515090, +23 cols
    [CG]   [DIAG] iter=1 posCols=23 newCols=23 effImprove=23 updated=0
    [CG] CG iter 3: obj=164179552.405229, maxRC=4989261.366214, +14 cols
    [CG]   [DIAG] iter=3 posCols=14 newCols=14 effImprove=14 updated=0
    [CG] CG iter 4: obj=173433424.449825, maxRC=2618065.479137, +5 cols
    [CG]   [DIAG] iter=4 posCols=5 newCols=5 effImprove=5 updated=0
    [CG] CG iter 2: obj=160773278.080258, maxRC=10780887.924555, +17 cols
    [CG]   [DIAG] iter=2 posCols=17 newCols=17 effImprove=17 updated=0
    [CG] CG iter 5: obj=173433424.449825, maxRC=445321.401794, +1 cols
    [CG]   [DIAG] iter=5 posCols=1 newCols=1 effImprove=1 updated=0
    [CG] 列生成收敛，共 6 轮迭代
    [CG] [CG-NODE] depth=0 exit=CERTIFIED certified=1 feasible=1 iters=6 generatedColsBeforeNode=0 newCols=59 posCandidates=59 duplicateCandidates=0 updatedCols=0 zeroObjImproveIters=2 objFirst=142915582.205036 objLast=173433424.449825 objGain=30517842.244789 maxRC=59487294.064511 wallSec=0.009750 pricingSec=0.006265 cplexSolveSec=0.002007
      [BB] 根节点即为整数解，obj=173433424.449825
    [CG] CG iter 3: obj=167329452.094738, maxRC=6180673.939139, +12 cols
    [CG]   [DIAG] iter=3 posCols=12 newCols=12 effImprove=12 updated=0
    [CG] CG iter 4: obj=169994000.259215, maxRC=4124328.706984, +7 cols
    [CG]   [DIAG] iter=4 posCols=7 newCols=7 effImprove=7 updated=0
    [CG] 列生成收敛，共 5 轮迭代
    [CG] [CG-NODE] depth=0 exit=CERTIFIED certified=1 feasible=1 iters=5 generatedColsBeforeNode=0 newCols=59 posCandidates=59 duplicateCandidates=0 updatedCols=0 zeroObjImproveIters=0 objFirst=143657503.713743 objLast=174168049.822621 objGain=30510546.108877 maxRC=59508005.515090 wallSec=0.010491 pricingSec=0.006541 cplexSolveSec=0.001911
      [BB] 根节点即为整数解，obj=174168049.822621
    [CG] 列生成开始，初始列数=128
    [CG] CG iter 1: obj=143680468.387599, maxRC=59519752.128890, +23 cols
    [CG]   [DIAG] iter=1 posCols=23 newCols=23 effImprove=23 updated=0
    [CG] CG iter 1: obj=143394954.905324, maxRC=59481252.662237, +23 cols
    [CG] CG iter 1: obj=143083004.313813, maxRC=59294411.380670, +23 cols
    [CG]   [DIAG] iter=1 posCols=23 newCols=23 effImprove=23 updated=0
    [CG] CG iter 1: obj=143615996.665799, maxRC=59207530.226993, +23 cols
    [CG]   [DIAG] iter=1 posCols=23 newCols=23 effImprove=23 updated=0
    [CG] CG iter 1: obj=143354396.047376, maxRC=59487265.611022, +23 cols
    [CG]   [DIAG] iter=1 posCols=23 newCols=23 effImprove=23 updated=0
    [CG] CG iter 1: obj=142677575.447499, maxRC=59497606.384246, +23 cols
    [CG] 列生成开始，初始列数=128
    [CG]   [DIAG] iter=1 posCols=23 newCols=23 effImprove=23 updated=0
    [CG] CG iter 2: obj=160883891.898295, maxRC=9473916.525913, +17 cols
    [CG]   [DIAG] iter=1 posCols=23 newCols=23 effImprove=23 updated=0
    [CG]   [DIAG] iter=2 posCols=17 newCols=17 effImprove=17 updated=0
    [CG] CG iter 3: obj=174258890.117883, maxRC=1432542.548906, +4 cols
    [CG]   [DIAG] iter=3 posCols=4 newCols=4 effImprove=4 updated=0
    [CG] CG iter 2: obj=160650561.980838, maxRC=10604617.729327, +16 cols
    [CG]   [DIAG] iter=2 posCols=16 newCols=16 effImprove=16 updated=0
    [CG] CG iter 2: obj=160182906.932867, maxRC=10491154.917375, +16 cols
    [CG] CG iter 2: obj=160355111.014412, maxRC=10441143.351746, +16 cols
    [CG]   [DIAG] iter=2 posCols=16 newCols=16 effImprove=16 updated=0
    [CG]   [DIAG] iter=2 posCols=16 newCols=16 effImprove=16 updated=0
    [CG] CG iter 2: obj=160578442.753828, maxRC=10379227.971789, +17 cols
    [CG] CG iter 2: obj=160327785.651208, maxRC=10933495.568202, +17 cols
    [CG]   [DIAG] iter=2 posCols=17 newCols=17 effImprove=17 updated=0
    [CG]   [DIAG] iter=2 posCols=17 newCols=17 effImprove=17 updated=0
    [CG] CG iter 4: obj=174258890.117883, maxRC=248864.001198, +1 cols
    [CG]   [DIAG] iter=4 posCols=1 newCols=1 effImprove=1 updated=0
    [CG] 列生成收敛，共 5 轮迭代
    [CG] [CG-NODE] depth=0 exit=CERTIFIED certified=1 feasible=1 iters=5 generatedColsBeforeNode=0 newCols=45 posCandidates=45 duplicateCandidates=0 updatedCols=0 zeroObjImproveIters=2 objFirst=143680468.387599 objLast=174258890.117883 objGain=30578421.730284 maxRC=59519752.128890 wallSec=0.016542 pricingSec=0.011494 cplexSolveSec=0.002730
    [CG] CG iter 3: obj=164587612.976907, maxRC=5111815.289533, +14 cols
    [CG]   [DIAG] iter=3 posCols=14 newCols=14 effImprove=14 updated=0
      [BB] 根节点即为整数解，obj=174258890.117883
    [CG] CG iter 3: obj=164271133.225413, maxRC=4984493.580565, +14 cols
    [CG] CG iter 3: obj=164478903.263489, maxRC=5062121.010529, +14 cols
    [CG]   [DIAG] iter=3 posCols=14 newCols=14 effImprove=14 updated=0
    [CG] CG iter 3: obj=166478179.843274, maxRC=4859736.233352, +12 cols
    [CG]   [DIAG] iter=3 posCols=14 newCols=14 effImprove=14 updated=0
    [CG]   [DIAG] iter=3 posCols=12 newCols=12 effImprove=12 updated=0
    [CG] CG iter 3: obj=166646621.210881, maxRC=6172965.010988, +12 cols
    [CG]   [DIAG] iter=3 posCols=12 newCols=12 effImprove=12 updated=0
    [CG] CG iter 4: obj=173984903.844381, maxRC=2669115.777660, +5 cols
    [CG]   [DIAG] iter=4 posCols=5 newCols=5 effImprove=5 updated=0
    [CG] CG iter 4: obj=173582133.952883, maxRC=2616080.952928, +5 cols
    [CG]   [DIAG] iter=4 posCols=5 newCols=5 effImprove=5 updated=0
    [CG] CG iter 4: obj=173874986.018384, maxRC=2648399.988772, +6 cols
    [CG]   [DIAG] iter=4 posCols=6 newCols=6 effImprove=6 updated=0
    [CG] CG iter 4: obj=171264563.744288, maxRC=2967529.516402, +7 cols
    [CG]   [DIAG] iter=4 posCols=7 newCols=7 effImprove=7 updated=0
    [CG] CG iter 4: obj=169245212.447544, maxRC=3945438.560525, +6 cols
    [CG]   [DIAG] iter=4 posCols=6 newCols=6 effImprove=6 updated=0
    [CG] CG iter 5: obj=173984903.844381, maxRC=584109.793520, +1 cols
    [CG]   [DIAG] iter=5 posCols=1 newCols=1 effImprove=1 updated=0
    [CG] CG iter 5: obj=173582133.952883, maxRC=524321.384222, +1 cols
    [CG]   [DIAG] iter=5 posCols=1 newCols=1 effImprove=1 updated=0
    [CG] CG iter 5: obj=173893565.809817, maxRC=684653.495524, +1 cols
    [CG]   [DIAG] iter=5 posCols=1 newCols=1 effImprove=1 updated=0
    [CG] CG iter 5: obj=174012379.387332, maxRC=680418.815569, +4 cols
    [CG]   [DIAG] iter=5 posCols=4 newCols=4 effImprove=4 updated=0
    [CG] 列生成收敛，共 6 轮迭代
    [CG] [CG-NODE] depth=0 exit=CERTIFIED certified=1 feasible=1 iters=6 generatedColsBeforeNode=0 newCols=59 posCandidates=59 duplicateCandidates=0 updatedCols=0 zeroObjImproveIters=2 objFirst=143394954.905324 objLast=173984903.844381 objGain=30589948.939057 maxRC=59481252.662237 wallSec=0.018270 pricingSec=0.012362 cplexSolveSec=0.003074
    [CG] 列生成收敛，共 5 轮迭代
    [CG] [CG-NODE] depth=0 exit=CERTIFIED certified=1 feasible=1 iters=5 generatedColsBeforeNode=0 newCols=58 posCandidates=58 duplicateCandidates=0 updatedCols=0 zeroObjImproveIters=0 objFirst=142677575.447499 objLast=173408251.199252 objGain=30730675.751754 maxRC=59497606.384246 wallSec=0.017792 pricingSec=0.012141 cplexSolveSec=0.002929
    [CG] 列生成收敛，共 6 轮迭代
    [CG] 列生成收敛，共 6 轮迭代
      [BB] 根节点即为整数解，obj=173984903.844381
    [CG] [CG-NODE] depth=0 exit=CERTIFIED certified=1 feasible=1 iters=6 generatedColsBeforeNode=0 newCols=59 posCandidates=59 duplicateCandidates=0 updatedCols=0 zeroObjImproveIters=2 objFirst=143083004.313813 objLast=173582133.952883 objGain=30499129.639070 maxRC=59294411.380670 wallSec=0.018639 pricingSec=0.012494 cplexSolveSec=0.003167
    [CG] [CG-NODE] depth=0 exit=CERTIFIED certified=1 feasible=1 iters=6 generatedColsBeforeNode=0 newCols=60 posCandidates=60 duplicateCandidates=0 updatedCols=0 zeroObjImproveIters=1 objFirst=143615996.665799 objLast=173893565.809817 objGain=30277569.144018 maxRC=59207530.226993 wallSec=0.018391 pricingSec=0.012446 cplexSolveSec=0.003170
      [BB] 根节点即为整数解，obj=173408251.199252
    [CG] CG iter 6: obj=174012379.387332, maxRC=28066.272748, +1 cols
    [CG]   [DIAG] iter=6 posCols=1 newCols=1 effImprove=1 updated=0
      [BB] 根节点即为整数解，obj=173582133.952883
      [BB] 根节点即为整数解，obj=173893565.809817
    [CG] 列生成开始，初始列数=128
    [CG] 列生成收敛，共 7 轮迭代
    [CG] [CG-NODE] depth=0 exit=CERTIFIED certified=1 feasible=1 iters=7 generatedColsBeforeNode=0 newCols=64 posCandidates=64 duplicateCandidates=0 updatedCols=0 zeroObjImproveIters=1 objFirst=143354396.047376 objLast=174040445.660080 objGain=30686049.612704 maxRC=59487265.611022 wallSec=0.019045 pricingSec=0.012694 cplexSolveSec=0.003475
      [BB] 根节点即为整数解，obj=174040445.660080
    [CG] CG iter 1: obj=142877810.636572, maxRC=59514262.770221, +23 cols
    [CG] 列生成开始，初始列数=128
    [CG]   [DIAG] iter=1 posCols=23 newCols=23 effImprove=23 updated=0
    [CG] 列生成开始，初始列数=128
    [CG] 列生成开始，初始列数=128
    [CG] 列生成开始，初始列数=128
    [CG] 列生成开始，初始列数=128
    [CG] CG iter 2: obj=160410778.621030, maxRC=9328576.918470, +17 cols
    [CG]   [DIAG] iter=2 posCols=17 newCols=17 effImprove=17 updated=0
    [CG] CG iter 3: obj=173522277.865512, maxRC=1143999.956482, +7 cols
    [CG]   [DIAG] iter=3 posCols=7 newCols=7 effImprove=7 updated=0
    [CG] CG iter 1: obj=143038808.617481, maxRC=59005268.371951, +23 cols
    [CG] CG iter 4: obj=173522277.865512, maxRC=133399.076004, +1 cols
    [CG]   [DIAG] iter=4 posCols=1 newCols=1 effImprove=1 updated=0
    [CG]   [DIAG] iter=1 posCols=23 newCols=23 effImprove=23 updated=0
    [CG] 列生成收敛，共 5 轮迭代
    [CG] [CG-NODE] depth=0 exit=CERTIFIED certified=1 feasible=1 iters=5 generatedColsBeforeNode=0 newCols=48 posCandidates=48 duplicateCandidates=0 updatedCols=0 zeroObjImproveIters=2 objFirst=142877810.636572 objLast=173522277.865512 objGain=30644467.228940 maxRC=59514262.770221 wallSec=0.015093 pricingSec=0.010322 cplexSolveSec=0.002614
      [BB] 根节点即为整数解，obj=173522277.865512
    [CG] CG iter 1: obj=142935059.792696, maxRC=59499062.313789, +23 cols
    [CG]   [DIAG] iter=1 posCols=23 newCols=23 effImprove=23 updated=0
    [CG] CG iter 2: obj=159819879.521053, maxRC=10304656.996621, +16 cols
    [CG]   [DIAG] iter=2 posCols=16 newCols=16 effImprove=16 updated=0
    [CG] CG iter 2: obj=160075532.953657, maxRC=9542599.562461, +17 cols
    [CG]   [DIAG] iter=2 posCols=17 newCols=17 effImprove=17 updated=0
    [CG] CG iter 3: obj=163678571.920315, maxRC=5117287.913568, +15 cols
    [CG]   [DIAG] iter=3 posCols=15 newCols=15 effImprove=15 updated=0
    [CG] CG iter 3: obj=173314340.354172, maxRC=1934853.033939, +8 cols
    [CG]   [DIAG] iter=3 posCols=8 newCols=8 effImprove=8 updated=0
    [CG] CG iter 4: obj=173189656.662296, maxRC=2671408.757820, +7 cols
    [CG]   [DIAG] iter=4 posCols=7 newCols=7 effImprove=7 updated=0
    [CG] 列生成开始，初始列数=128
    [CG] CG iter 4: obj=173314340.354172, maxRC=415425.020414, +2 cols
    [CG]   [DIAG] iter=4 posCols=2 newCols=2 effImprove=2 updated=0
    [CG] CG iter 5: obj=173227862.873921, maxRC=609752.862243, +1 cols
    [CG]   [DIAG] iter=5 posCols=1 newCols=1 effImprove=1 updated=0
    [CG] 列生成收敛，共 5 轮迭代
    [CG] [CG-NODE] depth=0 exit=CERTIFIED certified=1 feasible=1 iters=5 generatedColsBeforeNode=0 newCols=50 posCandidates=50 duplicateCandidates=0 updatedCols=0 zeroObjImproveIters=2 objFirst=142935059.792696 objLast=173314340.354172 objGain=30379280.561476 maxRC=59499062.313789 wallSec=0.011400 pricingSec=0.007678 cplexSolveSec=0.002054
      [BB] 根节点即为整数解，obj=173314340.354172
    [CG] 列生成收敛，共 6 轮迭代
    [CG] [CG-NODE] depth=0 exit=CERTIFIED certified=1 feasible=1 iters=6 generatedColsBeforeNode=0 newCols=62 posCandidates=62 duplicateCandidates=0 updatedCols=0 zeroObjImproveIters=1 objFirst=143038808.617481 objLast=173227862.873921 objGain=30189054.256441 maxRC=59005268.371951 wallSec=0.017182 pricingSec=0.012204 cplexSolveSec=0.002758
      [BB] 根节点即为整数解，obj=173227862.873921
    [CG] CG iter 1: obj=143672285.559749, maxRC=59508005.515090, +23 cols
    [CG]   [DIAG] iter=1 posCols=23 newCols=23 effImprove=23 updated=0
    [CG] CG iter 1: obj=143335620.923888, maxRC=59204423.848731, +23 cols
    [CG]   [DIAG] iter=1 posCols=23 newCols=23 effImprove=23 updated=0
    [CG] 列生成开始，初始列数=128
    [CG] CG iter 2: obj=160802660.115784, maxRC=10780887.924555, +17 cols
    [CG]   [DIAG] iter=2 posCols=17 newCols=17 effImprove=17 updated=0
    [CG] 列生成开始，初始列数=128
    [CG] CG iter 2: obj=160324496.762619, maxRC=10427081.099426, +17 cols
    [CG] CG iter 1: obj=142671577.540056, maxRC=59449208.874891, +23 cols
    [CG]   [DIAG] iter=2 posCols=17 newCols=17 effImprove=17 updated=0
    [CG]   [DIAG] iter=1 posCols=23 newCols=23 effImprove=23 updated=0
    [CG] CG iter 1: obj=143339269.507164, maxRC=59345114.324586, +23 cols
    [CG] CG iter 1: obj=143540411.773927, maxRC=59476938.311551, +23 cols
    [CG] CG iter 3: obj=167359292.039496, maxRC=6189778.577851, +12 cols
    [CG]   [DIAG] iter=3 posCols=12 newCols=12 effImprove=12 updated=0
    [CG]   [DIAG] iter=1 posCols=23 newCols=23 effImprove=23 updated=0
    [CG]   [DIAG] iter=1 posCols=23 newCols=23 effImprove=23 updated=0
    [CG] CG iter 3: obj=166918251.737826, maxRC=6216381.210238, +11 cols
    [CG]   [DIAG] iter=3 posCols=11 newCols=11 effImprove=11 updated=0
    [CG] CG iter 4: obj=170017697.489765, maxRC=4124249.378769, +7 cols
    [CG]   [DIAG] iter=4 posCols=7 newCols=7 effImprove=7 updated=0
    [CG] CG iter 2: obj=160243710.121587, maxRC=10584770.752218, +17 cols
    [CG]   [DIAG] iter=2 posCols=17 newCols=17 effImprove=17 updated=0
    [CG] CG iter 4: obj=169506145.230410, maxRC=4235802.059560, +5 cols
    [CG] CG iter 2: obj=160749734.002137, maxRC=10602639.792254, +17 cols
    [CG] 列生成收敛，共 5 轮迭代
    [CG]   [DIAG] iter=4 posCols=5 newCols=5 effImprove=5 updated=0
    [CG] [CG-NODE] depth=0 exit=CERTIFIED certified=1 feasible=1 iters=5 generatedColsBeforeNode=0 newCols=59 posCandidates=59 duplicateCandidates=0 updatedCols=0 zeroObjImproveIters=0 objFirst=143672285.559749 objLast=174187776.183738 objGain=30515490.623989 maxRC=59508005.515090 wallSec=0.015718 pricingSec=0.010814 cplexSolveSec=0.002725
    [CG]   [DIAG] iter=2 posCols=17 newCols=17 effImprove=17 updated=0
      [BB] 根节点即为整数解，obj=174187776.183738
    [CG] CG iter 2: obj=160560746.185661, maxRC=10523630.841497, +17 cols
    [CG] CG iter 1: obj=143363687.692385, maxRC=59432453.490427, +23 cols
    [CG] 列生成收敛，共 5 轮迭代
    [CG] [CG-NODE] depth=0 exit=CERTIFIED certified=1 feasible=1 iters=5 generatedColsBeforeNode=0 newCols=56 posCandidates=56 duplicateCandidates=0 updatedCols=0 zeroObjImproveIters=0 objFirst=143335620.923888 objLast=173764482.266138 objGain=30428861.342249 maxRC=59204423.848731 wallSec=0.014975 pricingSec=0.010373 cplexSolveSec=0.002537
    [CG]   [DIAG] iter=2 posCols=17 newCols=17 effImprove=17 updated=0
    [CG]   [DIAG] iter=1 posCols=23 newCols=23 effImprove=23 updated=0
    [CG] CG iter 3: obj=166462692.225111, maxRC=5554821.764868, +9 cols
      [BB] 根节点即为整数解，obj=173764482.266138
    [CG]   [DIAG] iter=3 posCols=9 newCols=9 effImprove=9 updated=0
    [CG] CG iter 3: obj=167233577.001167, maxRC=6266933.211388, +11 cols
    [CG]   [DIAG] iter=3 posCols=11 newCols=11 effImprove=11 updated=0
    [CG] CG iter 4: obj=172899924.208249, maxRC=1184817.320759, +2 cols
    [CG]   [DIAG] iter=4 posCols=2 newCols=2 effImprove=2 updated=0
    [CG] CG iter 2: obj=160529206.827643, maxRC=9511902.155140, +17 cols
    [CG]   [DIAG] iter=2 posCols=17 newCols=17 effImprove=17 updated=0
    [CG] 列生成收敛，共 5 轮迭代
    [CG] [CG-NODE] depth=0 exit=CERTIFIED certified=1 feasible=1 iters=5 generatedColsBeforeNode=0 newCols=51 posCandidates=51 duplicateCandidates=0 updatedCols=0 zeroObjImproveIters=0 objFirst=142671577.540056 objLast=173202331.310738 objGain=30530753.770682 maxRC=59449208.874891 wallSec=0.017305 pricingSec=0.011980 cplexSolveSec=0.002804
    [CG] CG iter 4: obj=169730418.952641, maxRC=4052186.002636, +5 cols
    [CG]   [DIAG] iter=4 posCols=5 newCols=5 effImprove=5 updated=0
      [BB] 根节点即为整数解，obj=173202331.310738
    [CG] CG iter 3: obj=167199804.543348, maxRC=6214001.298037, +12 cols
    [CG]   [DIAG] iter=3 posCols=12 newCols=12 effImprove=12 updated=0
    [CG] 列生成收敛，共 5 轮迭代
    [CG] [CG-NODE] depth=0 exit=CERTIFIED certified=1 feasible=1 iters=5 generatedColsBeforeNode=0 newCols=56 posCandidates=56 duplicateCandidates=0 updatedCols=0 zeroObjImproveIters=0 objFirst=143540411.773927 objLast=173954397.526217 objGain=30413985.752290 maxRC=59476938.311551 wallSec=0.017728 pricingSec=0.012027 cplexSolveSec=0.002968
    [CG] CG iter 3: obj=166494446.564687, maxRC=7255137.965143, +13 cols
      [BB] 根节点即为整数解，obj=173954397.526217
    [CG]   [DIAG] iter=3 posCols=13 newCols=13 effImprove=13 updated=0
    [CG] 列生成开始，初始列数=128
    [CG] CG iter 4: obj=173749584.529830, maxRC=369983.382141, +3 cols
    [CG]   [DIAG] iter=4 posCols=3 newCols=3 effImprove=3 updated=0
    [CG] CG iter 4: obj=169831930.764689, maxRC=4231125.986984, +5 cols
    [CG]   [DIAG] iter=4 posCols=5 newCols=5 effImprove=5 updated=0
    [CG] 列生成开始，初始列数=128
    [CG] 列生成收敛，共 5 轮迭代
    [CG] [CG-NODE] depth=0 exit=CERTIFIED certified=1 feasible=1 iters=5 generatedColsBeforeNode=0 newCols=56 posCandidates=56 duplicateCandidates=0 updatedCols=0 zeroObjImproveIters=1 objFirst=143363687.692385 objLast=173749584.529830 objGain=30385896.837445 maxRC=59432453.490427 wallSec=0.012618 pricingSec=0.008615 cplexSolveSec=0.002219
      [BB] 根节点即为整数解，obj=173749584.529830
    [CG] 列生成收敛，共 5 轮迭代
    [CG] [CG-NODE] depth=0 exit=CERTIFIED certified=1 feasible=1 iters=5 generatedColsBeforeNode=0 newCols=57 posCandidates=57 duplicateCandidates=0 updatedCols=0 zeroObjImproveIters=0 objFirst=143339269.507164 objLast=174065367.797724 objGain=30726098.290561 maxRC=59345114.324586 wallSec=0.019823 pricingSec=0.013307 cplexSolveSec=0.003565
    [CG] 列生成开始，初始列数=128
    [CG] CG iter 1: obj=142830858.303330, maxRC=59336845.003674, +23 cols
      [BB] 根节点即为整数解，obj=174065367.797724
    [CG]   [DIAG] iter=1 posCols=23 newCols=23 effImprove=23 updated=0
    [CG] 列生成开始，初始列数=128
    [CG] CG iter 2: obj=160121249.260724, maxRC=10522233.546295, +16 cols
    [CG]   [DIAG] iter=2 posCols=16 newCols=16 effImprove=16 updated=0
    [CG] CG iter 1: obj=143413966.858219, maxRC=59432453.490427, +23 cols
    [CG]   [DIAG] iter=1 posCols=23 newCols=23 effImprove=23 updated=0
    [CG] 列生成开始，初始列数=128
    [CG] 列生成开始，初始列数=128
    [CG] CG iter 3: obj=164025720.952230, maxRC=5022618.768212, +14 cols
    [CG]   [DIAG] iter=3 posCols=14 newCols=14 effImprove=14 updated=0
    [CG] CG iter 4: obj=173383506.610758, maxRC=2631951.418663, +5 cols
    [CG]   [DIAG] iter=4 posCols=5 newCols=5 effImprove=5 updated=0
    [CG] CG iter 2: obj=160508613.011358, maxRC=9511902.155140, +17 cols
    [CG]   [DIAG] iter=2 posCols=17 newCols=17 effImprove=17 updated=0
    [CG] CG iter 5: obj=173383506.610758, maxRC=489636.464695, +1 cols
    [CG]   [DIAG] iter=5 posCols=1 newCols=1 effImprove=1 updated=0
    [CG] 列生成收敛，共 6 轮迭代
    [CG] [CG-NODE] depth=0 exit=CERTIFIED certified=1 feasible=1 iters=6 generatedColsBeforeNode=0 newCols=59 posCandidates=59 duplicateCandidates=0 updatedCols=0 zeroObjImproveIters=2 objFirst=142830858.303330 objLast=173383506.610758 objGain=30552648.307428 maxRC=59336845.003674 wallSec=0.015834 pricingSec=0.010703 cplexSolveSec=0.002987
    [CG] CG iter 1: obj=143073727.466654, maxRC=59487294.064511, +23 cols
    [CG] CG iter 3: obj=166471558.320785, maxRC=7255265.606303, +13 cols
      [BB] 根节点即为整数解，obj=173383506.610758
    [CG]   [DIAG] iter=1 posCols=23 newCols=23 effImprove=23 updated=0
    [CG]   [DIAG] iter=3 posCols=13 newCols=13 effImprove=13 updated=0
    [CG] CG iter 4: obj=173726823.927088, maxRC=372150.168598, +3 cols
    [CG]   [DIAG] iter=4 posCols=3 newCols=3 effImprove=3 updated=0
    [CG] CG iter 1: obj=143327691.219461, maxRC=59165958.540941, +23 cols
    [CG]   [DIAG] iter=1 posCols=23 newCols=23 effImprove=23 updated=0
    [CG] 列生成收敛，共 5 轮迭代
    [CG] [CG-NODE] depth=0 exit=CERTIFIED certified=1 feasible=1 iters=5 generatedColsBeforeNode=0 newCols=56 posCandidates=56 duplicateCandidates=0 updatedCols=0 zeroObjImproveIters=1 objFirst=143413966.858219 objLast=173726823.927088 objGain=30312857.068870 maxRC=59432453.490427 wallSec=0.016781 pricingSec=0.011848 cplexSolveSec=0.002767
    [CG] CG iter 2: obj=160202903.239003, maxRC=10649585.763407, +17 cols
      [BB] 根节点即为整数解，obj=173726823.927088
    [CG]   [DIAG] iter=2 posCols=17 newCols=17 effImprove=17 updated=0
    [CG] CG iter 1: obj=143260560.122432, maxRC=59387906.166602, +23 cols
    [CG]   [DIAG] iter=1 posCols=23 newCols=23 effImprove=23 updated=0
    [CG] CG iter 2: obj=160246069.858437, maxRC=10569209.811473, +16 cols
    [CG]   [DIAG] iter=2 posCols=16 newCols=16 effImprove=16 updated=0
    [CG] CG iter 1: obj=143363978.931776, maxRC=59391715.121748, +23 cols
    [CG] CG iter 3: obj=166703620.768881, maxRC=6154931.033084, +12 cols
    [CG]   [DIAG] iter=1 posCols=23 newCols=23 effImprove=23 updated=0
    [CG]   [DIAG] iter=3 posCols=12 newCols=12 effImprove=12 updated=0
    [CG] CG iter 2: obj=160410312.433763, maxRC=10315291.359783, +17 cols
    [CG]   [DIAG] iter=2 posCols=17 newCols=17 effImprove=17 updated=0
    [CG] CG iter 3: obj=164142084.284438, maxRC=5105499.106427, +15 cols
    [CG]   [DIAG] iter=3 posCols=15 newCols=15 effImprove=15 updated=0
    [CG] CG iter 4: obj=173389138.955590, maxRC=1183157.525007, +2 cols
    [CG]   [DIAG] iter=4 posCols=2 newCols=2 effImprove=2 updated=0
    [CG] CG iter 4: obj=173557796.781163, maxRC=2666478.227511, +6 cols
    [CG]   [DIAG] iter=4 posCols=6 newCols=6 effImprove=6 updated=0
    [CG] CG iter 2: obj=160395612.961183, maxRC=10616919.433911, +17 cols
    [CG] CG iter 1: obj=143671417.113761, maxRC=59484359.040500, +23 cols
    [CG]   [DIAG] iter=2 posCols=17 newCols=17 effImprove=17 updated=0
    [CG] CG iter 3: obj=166319976.303427, maxRC=4833133.612479, +12 cols
    [CG] CG iter 5: obj=173389138.955590, maxRC=175578.067567, +1 cols
    [CG]   [DIAG] iter=1 posCols=23 newCols=23 effImprove=23 updated=0
    [CG]   [DIAG] iter=5 posCols=1 newCols=1 effImprove=1 updated=0
    [CG]   [DIAG] iter=3 posCols=12 newCols=12 effImprove=12 updated=0
    [CG] CG iter 5: obj=173566697.308714, maxRC=752168.138893, +1 cols
    [CG]   [DIAG] iter=5 posCols=1 newCols=1 effImprove=1 updated=0
    [CG] 列生成收敛，共 6 轮迭代
    [CG] [CG-NODE] depth=0 exit=CERTIFIED certified=1 feasible=1 iters=6 generatedColsBeforeNode=0 newCols=55 posCandidates=55 duplicateCandidates=0 updatedCols=0 zeroObjImproveIters=1 objFirst=143073727.466654 objLast=173564717.023157 objGain=30490989.556503 maxRC=59487294.064511 wallSec=0.014771 pricingSec=0.009538 cplexSolveSec=0.002995
    [CG] CG iter 4: obj=171107651.487580, maxRC=2967529.875486, +7 cols
    [CG]   [DIAG] iter=4 posCols=7 newCols=7 effImprove=7 updated=0
    [CG] 列生成收敛，共 6 轮迭代
    [CG] [CG-NODE] depth=0 exit=CERTIFIED certified=1 feasible=1 iters=6 generatedColsBeforeNode=0 newCols=61 posCandidates=61 duplicateCandidates=0 updatedCols=0 zeroObjImproveIters=1 objFirst=143327691.219461 objLast=173566697.308714 objGain=30239006.089253 maxRC=59165958.540941 wallSec=0.013039 pricingSec=0.008415 cplexSolveSec=0.002587
      [BB] 根节点即为整数解，obj=173564717.023157
    [CG] CG iter 2: obj=160721796.454138, maxRC=10604660.950932, +17 cols
      [BB] 根节点即为整数解，obj=173566697.308714
    [CG] CG iter 3: obj=166836050.530384, maxRC=6168792.487775, +11 cols
    [CG]   [DIAG] iter=2 posCols=17 newCols=17 effImprove=17 updated=0
    [CG]   [DIAG] iter=3 posCols=11 newCols=11 effImprove=11 updated=0
    [CG] CG iter 5: obj=173874854.518317, maxRC=680418.891818, +4 cols
    [CG]   [DIAG] iter=5 posCols=4 newCols=4 effImprove=4 updated=0
    [CG] CG iter 4: obj=169380957.463825, maxRC=4047907.563417, +5 cols
    [CG]   [DIAG] iter=4 posCols=5 newCols=5 effImprove=5 updated=0
    [CG] CG iter 3: obj=167330532.894427, maxRC=6221897.725838, +12 cols
    [CG] CG iter 6: obj=173874854.518317, maxRC=198.359351, +1 cols
    [CG]   [DIAG] iter=6 posCols=1 newCols=1 effImprove=1 updated=0
    [CG]   [DIAG] iter=3 posCols=12 newCols=12 effImprove=12 updated=0
    [CG] 列生成收敛，共 7 轮迭代
    [CG] [CG-NODE] depth=0 exit=CERTIFIED certified=1 feasible=1 iters=7 generatedColsBeforeNode=0 newCols=64 posCandidates=64 duplicateCandidates=0 updatedCols=0 zeroObjImproveIters=1 objFirst=143260560.122432 objLast=173875052.877668 objGain=30614492.755236 maxRC=59387906.166602 wallSec=0.016445 pricingSec=0.010780 cplexSolveSec=0.003253
    [CG] 列生成收敛，共 5 轮迭代
    [CG] [CG-NODE] depth=0 exit=CERTIFIED certified=1 feasible=1 iters=5 generatedColsBeforeNode=0 newCols=56 posCandidates=56 duplicateCandidates=0 updatedCols=0 zeroObjImproveIters=0 objFirst=143363978.931776 objLast=173633162.171631 objGain=30269183.239855 maxRC=59391715.121748 wallSec=0.014204 pricingSec=0.009551 cplexSolveSec=0.002576
    [CG] CG iter 4: obj=169955724.351788, maxRC=4169267.426521, +5 cols
    [CG]   [DIAG] iter=4 posCols=5 newCols=5 effImprove=5 updated=0
      [BB] 根节点即为整数解，obj=173875052.877668
      [BB] 根节点即为整数解，obj=173633162.171631
    [CG] CG iter 1: obj=143223232.791465, maxRC=59237411.912716, +23 cols
    [CG]   [DIAG] iter=1 posCols=23 newCols=23 effImprove=23 updated=0
    [CG] 列生成收敛，共 5 轮迭代
    [CG] [CG-NODE] depth=0 exit=CERTIFIED certified=1 feasible=1 iters=5 generatedColsBeforeNode=0 newCols=57 posCandidates=57 duplicateCandidates=0 updatedCols=0 zeroObjImproveIters=0 objFirst=143671417.113761 objLast=174177984.393851 objGain=30506567.280090 maxRC=59484359.040500 wallSec=0.012379 pricingSec=0.008222 cplexSolveSec=0.002310
      [BB] 根节点即为整数解，obj=174177984.393851
    [CG] CG iter 2: obj=160241330.161826, maxRC=9331940.620938, +17 cols
    [CG]   [DIAG] iter=2 posCols=17 newCols=17 effImprove=17 updated=0
    [CG] CG iter 3: obj=173629545.675013, maxRC=1486030.209570, +4 cols
    [CG]   [DIAG] iter=3 posCols=4 newCols=4 effImprove=4 updated=0
    [CG] CG iter 4: obj=173629545.675013, maxRC=323927.306149, +2 cols
    [CG]   [DIAG] iter=4 posCols=2 newCols=2 effImprove=2 updated=0
    [CG] 列生成收敛，共 5 轮迭代
    [CG] [CG-NODE] depth=0 exit=CERTIFIED certified=1 feasible=1 iters=5 generatedColsBeforeNode=0 newCols=46 posCandidates=46 duplicateCandidates=0 updatedCols=0 zeroObjImproveIters=1 objFirst=143223232.791465 objLast=173658156.789396 objGain=30434923.997931 maxRC=59237411.912716 wallSec=0.016602 pricingSec=0.011434 cplexSolveSec=0.002775
      [BB] 根节点即为整数解，obj=173658156.789396
[GA] 代数 1: Best=174587319.69, Avg=173790649.31, Worst=173231217.00, Valid=30/30, 耗时=0.06s (连续1代未提升)
  ├─ 求解: 30 个体 fork 并行 | CG迭代=137 加列=1412 BB分支=0
  ├─ 并行墙钟=0.0608s | 串行等效(ΣBP)=0.3977s | 加速比=6.54x
  ├─ 管理开销=-0.3370s (fork=0.0044 wait=0.0559 merge=0.0004)
  └─ CG明细: gen_logs/run_gen1_ind{0..29}.log
    [CG] 列生成开始，初始列数=128
    [CG] 列生成开始，初始列数=128
    [CG] 列生成开始，初始列数=128
    [CG] 列生成开始，初始列数=128
    [CG] 列生成开始，初始列数=128
    [CG] 列生成开始，初始列数=128
    [CG] 列生成开始，初始列数=128
    [CG] 列生成开始，初始列数=128
    [CG] CG iter 1: obj=143335638.539232, maxRC=59204423.848731, +23 cols
    [CG]   [DIAG] iter=1 posCols=23 newCols=23 effImprove=23 updated=0
    [CG] CG iter 1: obj=143039635.850480, maxRC=59485239.774556, +23 cols
    [CG] CG iter 1: obj=144165375.233629, maxRC=59519752.128890, +23 cols
    [CG] CG iter 2: obj=160324509.700214, maxRC=10427071.379244, +17 cols
    [CG]   [DIAG] iter=1 posCols=23 newCols=23 effImprove=23 updated=0
    [CG]   [DIAG] iter=2 posCols=17 newCols=17 effImprove=17 updated=0
    [CG]   [DIAG] iter=1 posCols=23 newCols=23 effImprove=23 updated=0
    [CG] CG iter 1: obj=143339707.368248, maxRC=59206077.305458, +23 cols
    [CG]   [DIAG] iter=1 posCols=23 newCols=23 effImprove=23 updated=0
    [CG] CG iter 3: obj=166918270.070669, maxRC=6216382.594115, +11 cols
    [CG]   [DIAG] iter=3 posCols=11 newCols=11 effImprove=11 updated=0
    [CG] CG iter 2: obj=160202903.239003, maxRC=10649585.763407, +16 cols
    [CG]   [DIAG] iter=2 posCols=16 newCols=16 effImprove=16 updated=0
    [CG] CG iter 2: obj=161045520.681414, maxRC=10623485.371715, +16 cols
    [CG] CG iter 4: obj=169506162.845754, maxRC=4235804.160936, +5 cols
    [CG]   [DIAG] iter=4 posCols=5 newCols=5 effImprove=5 updated=0
    [CG]   [DIAG] iter=2 posCols=16 newCols=16 effImprove=16 updated=0
    [CG] CG iter 2: obj=160327274.404300, maxRC=10428138.347535, +17 cols
    [CG] 列生成收敛，共 5 轮迭代
    [CG] [CG-NODE] depth=0 exit=CERTIFIED certified=1 feasible=1 iters=5 generatedColsBeforeNode=0 newCols=56 posCandidates=56 duplicateCandidates=0 updatedCols=0 zeroObjImproveIters=0 objFirst=143335638.539232 objLast=173764501.982857 objGain=30428863.443625 maxRC=59204423.848731 wallSec=0.008824 pricingSec=0.005668 cplexSolveSec=0.001666
    [CG]   [DIAG] iter=2 posCols=17 newCols=17 effImprove=17 updated=0
      [BB] 根节点即为整数解，obj=173764501.982857
    [CG] CG iter 3: obj=164299075.796043, maxRC=4989261.366214, +14 cols
    [CG]   [DIAG] iter=3 posCols=14 newCols=14 effImprove=14 updated=0
    [CG] CG iter 1: obj=143096005.796024, maxRC=59514262.770221, +23 cols
    [CG] CG iter 3: obj=165144161.177781, maxRC=5118128.238817, +14 cols
    [CG]   [DIAG] iter=3 posCols=14 newCols=14 effImprove=14 updated=0
    [CG]   [DIAG] iter=1 posCols=23 newCols=23 effImprove=23 updated=0
    [CG] CG iter 3: obj=166922212.404901, maxRC=6215683.034565, +11 cols
    [CG] CG iter 4: obj=173564717.023157, maxRC=2618065.479137, +5 cols
    [CG]   [DIAG] iter=4 posCols=5 newCols=5 effImprove=5 updated=0
    [CG]   [DIAG] iter=3 posCols=11 newCols=11 effImprove=11 updated=0
    [CG] CG iter 4: obj=174556512.568060, maxRC=2671769.720189, +5 cols
    [CG]   [DIAG] iter=4 posCols=5 newCols=5 effImprove=5 updated=0
    [CG] CG iter 5: obj=173564717.023157, maxRC=472491.016416, +1 cols
    [CG]   [DIAG] iter=5 posCols=1 newCols=1 effImprove=1 updated=0
    [CG] CG iter 4: obj=169511532.568495, maxRC=4236420.494690, +5 cols
    [CG]   [DIAG] iter=4 posCols=5 newCols=5 effImprove=5 updated=0
    [CG] 列生成收敛，共 6 轮迭代
    [CG] [CG-NODE] depth=0 exit=CERTIFIED certified=1 feasible=1 iters=6 generatedColsBeforeNode=0 newCols=59 posCandidates=59 duplicateCandidates=0 updatedCols=0 zeroObjImproveIters=2 objFirst=143039635.850480 objLast=173564717.023157 objGain=30525081.172678 maxRC=59485239.774556 wallSec=0.011652 pricingSec=0.007429 cplexSolveSec=0.002350
    [CG] CG iter 5: obj=174556512.568060, maxRC=671942.197031, +1 cols
    [CG]   [DIAG] iter=5 posCols=1 newCols=1 effImprove=1 updated=0
    [CG] CG iter 2: obj=160408454.143859, maxRC=10756671.083482, +17 cols
    [CG]   [DIAG] iter=2 posCols=17 newCols=17 effImprove=17 updated=0
      [BB] 根节点即为整数解，obj=173564717.023157
    [CG] 列生成收敛，共 5 轮迭代
    [CG] [CG-NODE] depth=0 exit=CERTIFIED certified=1 feasible=1 iters=5 generatedColsBeforeNode=0 newCols=56 posCandidates=56 duplicateCandidates=0 updatedCols=0 zeroObjImproveIters=0 objFirst=143339707.368248 objLast=173769755.749735 objGain=30430048.381487 maxRC=59206077.305458 wallSec=0.011886 pricingSec=0.007774 cplexSolveSec=0.002203
      [BB] 根节点即为整数解，obj=173769755.749735
    [CG] 列生成收敛，共 6 轮迭代
    [CG] [CG-NODE] depth=0 exit=CERTIFIED certified=1 feasible=1 iters=6 generatedColsBeforeNode=0 newCols=59 posCandidates=59 duplicateCandidates=0 updatedCols=0 zeroObjImproveIters=2 objFirst=144165375.233629 objLast=174556512.568060 objGain=30391137.334432 maxRC=59519752.128890 wallSec=0.012593 pricingSec=0.008082 cplexSolveSec=0.002553
    [CG] CG iter 1: obj=143413706.497849, maxRC=59508037.318264, +23 cols
    [CG] CG iter 1: obj=144184314.264912, maxRC=59519752.128890, +23 cols
    [CG] 列生成开始，初始列数=128
      [BB] 根节点即为整数解，obj=174556512.568060
    [CG]   [DIAG] iter=1 posCols=23 newCols=23 effImprove=23 updated=0
    [CG]   [DIAG] iter=1 posCols=23 newCols=23 effImprove=23 updated=0
    [CG] CG iter 3: obj=166827434.454402, maxRC=6247906.321900, +11 cols
    [CG]   [DIAG] iter=3 posCols=11 newCols=11 effImprove=11 updated=0
    [CG] CG iter 1: obj=143330093.621417, maxRC=59237411.912716, +23 cols
    [CG] CG iter 4: obj=169338202.670119, maxRC=3991873.373984, +5 cols
    [CG]   [DIAG] iter=4 posCols=5 newCols=5 effImprove=5 updated=0
    [CG] CG iter 2: obj=160775873.114723, maxRC=9362577.006144, +17 cols
    [CG] CG iter 2: obj=161047444.214829, maxRC=10623467.315918, +16 cols
    [CG]   [DIAG] iter=2 posCols=17 newCols=17 effImprove=17 updated=0
    [CG]   [DIAG] iter=1 posCols=23 newCols=23 effImprove=23 updated=0
    [CG]   [DIAG] iter=2 posCols=16 newCols=16 effImprove=16 updated=0
    [CG] 列生成开始，初始列数=128
    [CG] 列生成收敛，共 5 轮迭代
    [CG] [CG-NODE] depth=0 exit=CERTIFIED certified=1 feasible=1 iters=5 generatedColsBeforeNode=0 newCols=56 posCandidates=56 duplicateCandidates=0 updatedCols=0 zeroObjImproveIters=0 objFirst=143096005.796024 objLast=173519953.388341 objGain=30423947.592317 maxRC=59514262.770221 wallSec=0.014599 pricingSec=0.009786 cplexSolveSec=0.002613
    [CG] 列生成开始，初始列数=128
      [BB] 根节点即为整数解，obj=173519953.388341
    [CG] CG iter 3: obj=174149215.132616, maxRC=6735202.209725, +7 cols
    [CG] 列生成开始，初始列数=128
    [CG]   [DIAG] iter=3 posCols=7 newCols=7 effImprove=7 updated=0
    [CG] CG iter 3: obj=165146087.188366, maxRC=5118128.238817, +14 cols
    [CG]   [DIAG] iter=3 posCols=14 newCols=14 effImprove=14 updated=0
    [CG] CG iter 4: obj=174149215.132616, maxRC=454274.966785, +3 cols
    [CG]   [DIAG] iter=4 posCols=3 newCols=3 effImprove=3 updated=0
    [CG] CG iter 2: obj=160333975.470232, maxRC=9332062.339005, +17 cols
    [CG]   [DIAG] iter=2 posCols=17 newCols=17 effImprove=17 updated=0
    [CG] CG iter 4: obj=174558444.652618, maxRC=2671769.720189, +5 cols
    [CG]   [DIAG] iter=4 posCols=5 newCols=5 effImprove=5 updated=0
    [CG] CG iter 5: obj=174149215.132616, maxRC=332611.886905, +2 cols
    [CG]   [DIAG] iter=5 posCols=2 newCols=2 effImprove=2 updated=0
    [CG] CG iter 3: obj=173760700.159599, maxRC=1486030.209570, +4 cols
    [CG] CG iter 5: obj=174558444.652618, maxRC=671934.150136, +1 cols
    [CG]   [DIAG] iter=3 posCols=4 newCols=4 effImprove=4 updated=0
    [CG]   [DIAG] iter=5 posCols=1 newCols=1 effImprove=1 updated=0
    [CG] 列生成收敛，共 6 轮迭代
    [CG] [CG-NODE] depth=0 exit=CERTIFIED certified=1 feasible=1 iters=6 generatedColsBeforeNode=0 newCols=52 posCandidates=52 duplicateCandidates=0 updatedCols=0 zeroObjImproveIters=3 objFirst=143413706.497849 objLast=174149215.132616 objGain=30735508.634768 maxRC=59508037.318264 wallSec=0.017036 pricingSec=0.011559 cplexSolveSec=0.002959
      [BB] 根节点即为整数解，obj=174149215.132616
    [CG] 列生成收敛，共 6 轮迭代
    [CG] [CG-NODE] depth=0 exit=CERTIFIED certified=1 feasible=1 iters=6 generatedColsBeforeNode=0 newCols=59 posCandidates=59 duplicateCandidates=0 updatedCols=0 zeroObjImproveIters=2 objFirst=144184314.264912 objLast=174558444.652618 objGain=30374130.387706 maxRC=59519752.128890 wallSec=0.017919 pricingSec=0.012050 cplexSolveSec=0.003202
      [BB] 根节点即为整数解，obj=174558444.652618
    [CG] CG iter 4: obj=173760700.159599, maxRC=342643.142421, +2 cols
    [CG]   [DIAG] iter=4 posCols=2 newCols=2 effImprove=2 updated=0
    [CG] 列生成开始，初始列数=128
    [CG] 列生成收敛，共 5 轮迭代
    [CG] [CG-NODE] depth=0 exit=CERTIFIED certified=1 feasible=1 iters=5 generatedColsBeforeNode=0 newCols=46 posCandidates=46 duplicateCandidates=0 updatedCols=0 zeroObjImproveIters=1 objFirst=143330093.621417 objLast=173834717.060861 objGain=30504623.439444 maxRC=59237411.912716 wallSec=0.018292 pricingSec=0.012344 cplexSolveSec=0.003262
      [BB] 根节点即为整数解，obj=173834717.060861
    [CG] 列生成开始，初始列数=128
    [CG] 列生成开始，初始列数=128
    [CG] CG iter 1: obj=143709632.598780, maxRC=59434207.897338, +23 cols
    [CG]   [DIAG] iter=1 posCols=23 newCols=23 effImprove=23 updated=0
    [CG] CG iter 2: obj=160711157.632624, maxRC=9427977.431223, +17 cols
    [CG]   [DIAG] iter=2 posCols=17 newCols=17 effImprove=17 updated=0
    [CG] 列生成开始，初始列数=128
    [CG] CG iter 3: obj=174080623.761707, maxRC=1409334.845824, +6 cols
    [CG]   [DIAG] iter=3 posCols=6 newCols=6 effImprove=6 updated=0
    [CG] CG iter 4: obj=174080623.761707, maxRC=313694.919907, +1 cols
    [CG]   [DIAG] iter=4 posCols=1 newCols=1 effImprove=1 updated=0
    [CG] CG iter 1: obj=143179736.258439, maxRC=59217290.558347, +23 cols
    [CG]   [DIAG] iter=1 posCols=23 newCols=23 effImprove=23 updated=0
    [CG] 列生成收敛，共 5 轮迭代
    [CG] [CG-NODE] depth=0 exit=CERTIFIED certified=1 feasible=1 iters=5 generatedColsBeforeNode=0 newCols=47 posCandidates=47 duplicateCandidates=0 updatedCols=0 zeroObjImproveIters=2 objFirst=143709632.598780 objLast=174080623.761707 objGain=30370991.162927 maxRC=59434207.897338 wallSec=0.009848 pricingSec=0.006643 cplexSolveSec=0.001728
      [BB] 根节点即为整数解，obj=174080623.761707
    [CG] CG iter 1: obj=143974998.766136, maxRC=59519752.288062, +23 cols
    [CG]   [DIAG] iter=1 posCols=23 newCols=23 effImprove=23 updated=0
    [CG] CG iter 2: obj=160097817.855540, maxRC=10271485.057881, +17 cols
    [CG]   [DIAG] iter=2 posCols=17 newCols=17 effImprove=17 updated=0
    [CG] CG iter 1: obj=143377283.548547, maxRC=59493028.523357, +23 cols
    [CG]   [DIAG] iter=1 posCols=23 newCols=23 effImprove=23 updated=0
    [CG] CG iter 2: obj=160908685.760363, maxRC=10806417.609822, +16 cols
    [CG]   [DIAG] iter=2 posCols=16 newCols=16 effImprove=16 updated=0
    [CG] 列生成开始，初始列数=128
    [CG] CG iter 1: obj=143663303.590937, maxRC=59508005.515090, +23 cols
    [CG]   [DIAG] iter=1 posCols=23 newCols=23 effImprove=23 updated=0
    [CG] CG iter 1: obj=143255807.514117, maxRC=59391715.121748, +23 cols
    [CG] CG iter 2: obj=160735106.897133, maxRC=10623967.212833, +17 cols
    [CG]   [DIAG] iter=2 posCols=17 newCols=17 effImprove=17 updated=0
    [CG] CG iter 3: obj=165723852.467953, maxRC=8523450.968356, +13 cols
    [CG]   [DIAG] iter=3 posCols=13 newCols=13 effImprove=13 updated=0
    [CG]   [DIAG] iter=1 posCols=23 newCols=23 effImprove=23 updated=0
    [CG] CG iter 3: obj=164638098.673967, maxRC=5170802.751724, +17 cols
    [CG]   [DIAG] iter=3 posCols=17 newCols=17 effImprove=17 updated=0
    [CG] CG iter 3: obj=167149828.281081, maxRC=5703346.382681, +10 cols
    [CG]   [DIAG] iter=3 posCols=10 newCols=10 effImprove=10 updated=0
    [CG] CG iter 4: obj=170915860.031127, maxRC=3403333.371797, +8 cols
    [CG]   [DIAG] iter=4 posCols=8 newCols=8 effImprove=8 updated=0
    [CG] CG iter 2: obj=160775854.741238, maxRC=10777465.015361, +17 cols
    [CG] CG iter 4: obj=173905194.839447, maxRC=1151782.121923, +2 cols
    [CG]   [DIAG] iter=2 posCols=17 newCols=17 effImprove=17 updated=0
    [CG]   [DIAG] iter=4 posCols=2 newCols=2 effImprove=2 updated=0
    [CG] CG iter 4: obj=174293112.722157, maxRC=2173522.938246, +8 cols
    [CG]   [DIAG] iter=4 posCols=8 newCols=8 effImprove=8 updated=0
    [CG] 列生成收敛，共 5 轮迭代
    [CG] [CG-NODE] depth=0 exit=CERTIFIED certified=1 feasible=1 iters=5 generatedColsBeforeNode=0 newCols=52 posCandidates=52 duplicateCandidates=0 updatedCols=0 zeroObjImproveIters=0 objFirst=143377283.548547 objLast=174004956.785685 objGain=30627673.237137 maxRC=59493028.523357 wallSec=0.014790 pricingSec=0.010361 cplexSolveSec=0.002201
    [CG] CG iter 2: obj=160324462.456705, maxRC=10711304.079364, +17 cols
      [BB] 根节点即为整数解，obj=174004956.785685
    [CG]   [DIAG] iter=2 posCols=17 newCols=17 effImprove=17 updated=0
    [CG] CG iter 5: obj=174293112.722157, maxRC=4340.853812, +1 cols
    [CG]   [DIAG] iter=5 posCols=1 newCols=1 effImprove=1 updated=0
    [CG] CG iter 5: obj=170915860.031127, maxRC=1582376.362337, +6 cols
    [CG]   [DIAG] iter=5 posCols=6 newCols=6 effImprove=6 updated=0
    [CG] CG iter 3: obj=167333579.412964, maxRC=6181145.771005, +12 cols
    [CG]   [DIAG] iter=3 posCols=12 newCols=12 effImprove=12 updated=0
    [CG] 列生成收敛，共 6 轮迭代
    [CG] [CG-NODE] depth=0 exit=CERTIFIED certified=1 feasible=1 iters=6 generatedColsBeforeNode=0 newCols=65 posCandidates=65 duplicateCandidates=0 updatedCols=0 zeroObjImproveIters=2 objFirst=143974998.766136 objLast=174293112.722157 objGain=30318113.956020 maxRC=59519752.288062 wallSec=0.014915 pricingSec=0.010294 cplexSolveSec=0.002638
    [CG] CG iter 1: obj=143178394.316718, maxRC=59480355.688416, +23 cols
    [CG]   [DIAG] iter=1 posCols=23 newCols=23 effImprove=23 updated=0
      [BB] 根节点即为整数解，obj=174293112.722157
    [CG] 列生成收敛，共 6 轮迭代
    [CG] [CG-NODE] depth=0 exit=CERTIFIED certified=1 feasible=1 iters=6 generatedColsBeforeNode=0 newCols=67 posCandidates=67 duplicateCandidates=0 updatedCols=0 zeroObjImproveIters=1 objFirst=143179736.258439 objLast=173716811.854019 objGain=30537075.595580 maxRC=59217290.558347 wallSec=0.018525 pricingSec=0.012596 cplexSolveSec=0.003432
      [BB] 根节点即为整数解，obj=173716811.854019
    [CG] CG iter 4: obj=169997548.366747, maxRC=4125379.749543, +7 cols
    [CG]   [DIAG] iter=4 posCols=7 newCols=7 effImprove=7 updated=0
    [CG] CG iter 3: obj=166717024.083657, maxRC=6158003.920835, +12 cols
    [CG]   [DIAG] iter=3 posCols=12 newCols=12 effImprove=12 updated=0
    [CG] CG iter 1: obj=143754685.752049, maxRC=59508005.515090, +23 cols
    [CG] CG iter 2: obj=160339102.033441, maxRC=10602915.130521, +17 cols
    [CG] 列生成收敛，共 5 轮迭代
    [CG] [CG-NODE] depth=0 exit=CERTIFIED certified=1 feasible=1 iters=5 generatedColsBeforeNode=0 newCols=59 posCandidates=59 duplicateCandidates=0 updatedCols=0 zeroObjImproveIters=0 objFirst=143663303.590937 objLast=174172648.972712 objGain=30509345.381775 maxRC=59508005.515090 wallSec=0.010697 pricingSec=0.006927 cplexSolveSec=0.002022
    [CG]   [DIAG] iter=2 posCols=17 newCols=17 effImprove=17 updated=0
    [CG]   [DIAG] iter=1 posCols=23 newCols=23 effImprove=23 updated=0
      [BB] 根节点即为整数解，obj=174172648.972712
    [CG] CG iter 4: obj=169272786.046167, maxRC=4014153.505562, +6 cols
    [CG]   [DIAG] iter=4 posCols=6 newCols=6 effImprove=6 updated=0
    [CG] CG iter 3: obj=166891044.913390, maxRC=6177615.247630, +12 cols
    [CG] 列生成开始，初始列数=128
    [CG]   [DIAG] iter=3 posCols=12 newCols=12 effImprove=12 updated=0
    [CG] 列生成收敛，共 5 轮迭代
    [CG] [CG-NODE] depth=0 exit=CERTIFIED certified=1 feasible=1 iters=5 generatedColsBeforeNode=0 newCols=58 posCandidates=58 duplicateCandidates=0 updatedCols=0 zeroObjImproveIters=0 objFirst=143255807.514117 objLast=173496024.709211 objGain=30240217.195094 maxRC=59391715.121748 wallSec=0.012462 pricingSec=0.008097 cplexSolveSec=0.002482
      [BB] 根节点即为整数解，obj=173496024.709211
    [CG] CG iter 4: obj=173617027.968289, maxRC=1169584.245636, +2 cols
    [CG]   [DIAG] iter=4 posCols=2 newCols=2 effImprove=2 updated=0
    [CG] CG iter 2: obj=160841854.714648, maxRC=10689952.925851, +17 cols
    [CG] CG iter 5: obj=173617027.968289, maxRC=133216.860088, +1 cols
    [CG]   [DIAG] iter=5 posCols=1 newCols=1 effImprove=1 updated=0
    [CG] 列生成开始，初始列数=128
    [CG]   [DIAG] iter=2 posCols=17 newCols=17 effImprove=17 updated=0
    [CG] 列生成收敛，共 6 轮迭代
    [CG] [CG-NODE] depth=0 exit=CERTIFIED certified=1 feasible=1 iters=6 generatedColsBeforeNode=0 newCols=55 posCandidates=55 duplicateCandidates=0 updatedCols=0 zeroObjImproveIters=1 objFirst=143178394.316718 objLast=173750244.828377 objGain=30571850.511660 maxRC=59480355.688416 wallSec=0.011473 pricingSec=0.007606 cplexSolveSec=0.002182
      [BB] 根节点即为整数解，obj=173750244.828377
    [CG] 列生成开始，初始列数=128
    [CG] 列生成开始，初始列数=128
    [CG] CG iter 3: obj=167440623.795638, maxRC=6192640.500403, +12 cols
    [CG]   [DIAG] iter=3 posCols=12 newCols=12 effImprove=12 updated=0
    [CG] CG iter 1: obj=143730486.639572, maxRC=59519752.128890, +23 cols
    [CG]   [DIAG] iter=1 posCols=23 newCols=23 effImprove=23 updated=0
    [CG] 列生成开始，初始列数=128
    [CG] CG iter 4: obj=170091182.297520, maxRC=4153484.650458, +7 cols
    [CG]   [DIAG] iter=4 posCols=7 newCols=7 effImprove=7 updated=0
    [CG] CG iter 2: obj=160908171.274726, maxRC=9344193.081512, +17 cols
    [CG]   [DIAG] iter=2 posCols=17 newCols=17 effImprove=17 updated=0
    [CG] 列生成开始，初始列数=128
    [CG] 列生成收敛，共 5 轮迭代
    [CG] [CG-NODE] depth=0 exit=CERTIFIED certified=1 feasible=1 iters=5 generatedColsBeforeNode=0 newCols=59 posCandidates=59 duplicateCandidates=0 updatedCols=0 zeroObjImproveIters=0 objFirst=143754685.752049 objLast=174293135.051290 objGain=30538449.299241 maxRC=59508005.515090 wallSec=0.019549 pricingSec=0.013310 cplexSolveSec=0.003491
    [CG] CG iter 3: obj=174339095.386973, maxRC=1426554.988646, +5 cols
    [CG]   [DIAG] iter=3 posCols=5 newCols=5 effImprove=5 updated=0
      [BB] 根节点即为整数解，obj=174293135.051290
    [CG] CG iter 4: obj=174339095.386973, maxRC=659965.695929, +1 cols
    [CG]   [DIAG] iter=4 posCols=1 newCols=1 effImprove=1 updated=0
    [CG] 列生成收敛，共 5 轮迭代
    [CG] [CG-NODE] depth=0 exit=CERTIFIED certified=1 feasible=1 iters=5 generatedColsBeforeNode=0 newCols=46 posCandidates=46 duplicateCandidates=0 updatedCols=0 zeroObjImproveIters=2 objFirst=143730486.639572 objLast=174339095.386973 objGain=30608608.747401 maxRC=59519752.128890 wallSec=0.012286 pricingSec=0.008420 cplexSolveSec=0.002152
      [BB] 根节点即为整数解，obj=174339095.386973
    [CG] 列生成开始，初始列数=128
    [CG] 列生成开始，初始列数=128
    [CG] CG iter 1: obj=143099894.270797, maxRC=59347014.765792, +23 cols
    [CG]   [DIAG] iter=1 posCols=23 newCols=23 effImprove=23 updated=0
    [CG] CG iter 1: obj=143315897.284630, maxRC=59160594.339576, +23 cols
    [CG] CG iter 2: obj=160124490.593815, maxRC=10518296.971912, +16 cols
    [CG]   [DIAG] iter=2 posCols=16 newCols=16 effImprove=16 updated=0
    [CG]   [DIAG] iter=1 posCols=23 newCols=23 effImprove=23 updated=0
    [CG] CG iter 1: obj=143712000.461994, maxRC=59387906.166602, +23 cols
    [CG]   [DIAG] iter=1 posCols=23 newCols=23 effImprove=23 updated=0
    [CG] CG iter 3: obj=164136881.213982, maxRC=5022618.768212, +14 cols
    [CG]   [DIAG] iter=3 posCols=14 newCols=14 effImprove=14 updated=0
    [CG] CG iter 2: obj=160237062.884243, maxRC=10565781.305511, +16 cols
    [CG]   [DIAG] iter=2 posCols=16 newCols=16 effImprove=16 updated=0
    [CG] CG iter 4: obj=173484812.030368, maxRC=2631951.418663, +5 cols
    [CG]   [DIAG] iter=4 posCols=5 newCols=5 effImprove=5 updated=0
    [CG] CG iter 5: obj=173484812.030368, maxRC=533226.481124, +1 cols
    [CG]   [DIAG] iter=5 posCols=1 newCols=1 effImprove=1 updated=0
    [CG] 列生成收敛，共 6 轮迭代
    [CG] [CG-NODE] depth=0 exit=CERTIFIED certified=1 feasible=1 iters=6 generatedColsBeforeNode=0 newCols=59 posCandidates=59 duplicateCandidates=0 updatedCols=0 zeroObjImproveIters=2 objFirst=143099894.270797 objLast=173484812.030368 objGain=30384917.759571 maxRC=59347014.765792 wallSec=0.010405 pricingSec=0.006664 cplexSolveSec=0.002051
    [CG] CG iter 2: obj=160548428.377626, maxRC=10541948.447060, +16 cols
    [CG] CG iter 1: obj=143083015.908301, maxRC=59294411.380670, +23 cols
    [CG]   [DIAG] iter=2 posCols=16 newCols=16 effImprove=16 updated=0
      [BB] 根节点即为整数解，obj=173484812.030368
    [CG] CG iter 3: obj=164124743.729736, maxRC=5105499.106427, +15 cols
    [CG]   [DIAG] iter=1 posCols=23 newCols=23 effImprove=23 updated=0
    [CG]   [DIAG] iter=3 posCols=15 newCols=15 effImprove=15 updated=0
    [CG] CG iter 1: obj=143422095.864567, maxRC=59432453.490427, +23 cols
    [CG]   [DIAG] iter=1 posCols=23 newCols=23 effImprove=23 updated=0
    [CG] CG iter 4: obj=173542152.624252, maxRC=2666478.227511, +6 cols
    [CG]   [DIAG] iter=4 posCols=6 newCols=6 effImprove=6 updated=0
    [CG] CG iter 2: obj=160182915.499079, maxRC=10491151.055969, +16 cols
    [CG] CG iter 1: obj=143066085.693019, maxRC=59194228.662021, +23 cols
    [CG]   [DIAG] iter=2 posCols=16 newCols=16 effImprove=16 updated=0
    [CG] CG iter 5: obj=173549347.047697, maxRC=752168.138893, +1 cols
    [CG]   [DIAG] iter=5 posCols=1 newCols=1 effImprove=1 updated=0
    [CG]   [DIAG] iter=1 posCols=23 newCols=23 effImprove=23 updated=0
    [CG] CG iter 1: obj=143331403.094263, maxRC=59165958.540941, +23 cols
    [CG] CG iter 3: obj=164663187.123955, maxRC=5118140.845471, +14 cols
    [CG]   [DIAG] iter=1 posCols=23 newCols=23 effImprove=23 updated=0
    [CG]   [DIAG] iter=3 posCols=14 newCols=14 effImprove=14 updated=0
    [CG] 列生成收敛，共 6 轮迭代
    [CG] [CG-NODE] depth=0 exit=CERTIFIED certified=1 feasible=1 iters=6 generatedColsBeforeNode=0 newCols=61 posCandidates=61 duplicateCandidates=0 updatedCols=0 zeroObjImproveIters=1 objFirst=143315897.284630 objLast=173549347.047697 objGain=30233449.763067 maxRC=59160594.339576 wallSec=0.015494 pricingSec=0.010146 cplexSolveSec=0.002969
    [CG] CG iter 2: obj=160508613.011358, maxRC=9511902.155140, +17 cols
      [BB] 根节点即为整数解，obj=173549347.047697
    [CG]   [DIAG] iter=2 posCols=17 newCols=17 effImprove=17 updated=0
    [CG] CG iter 3: obj=164271144.391453, maxRC=4984493.580565, +14 cols
    [CG]   [DIAG] iter=3 posCols=14 newCols=14 effImprove=14 updated=0
    [CG] CG iter 4: obj=174093087.260815, maxRC=2671773.324158, +6 cols
    [CG] CG iter 2: obj=160248765.421025, maxRC=10565627.543597, +16 cols
    [CG]   [DIAG] iter=4 posCols=6 newCols=6 effImprove=6 updated=0
    [CG]   [DIAG] iter=2 posCols=16 newCols=16 effImprove=16 updated=0
    [CG] CG iter 4: obj=173582145.843627, maxRC=2616080.952928, +5 cols
    [CG]   [DIAG] iter=4 posCols=5 newCols=5 effImprove=5 updated=0
    [CG] CG iter 5: obj=174111374.821477, maxRC=703274.569981, +1 cols
    [CG]   [DIAG] iter=5 posCols=1 newCols=1 effImprove=1 updated=0
    [CG] CG iter 5: obj=173582145.843627, maxRC=524320.828955, +1 cols
    [CG]   [DIAG] iter=5 posCols=1 newCols=1 effImprove=1 updated=0
    [CG] CG iter 2: obj=160321505.945993, maxRC=10431017.673808, +16 cols
    [CG] CG iter 3: obj=164145852.439727, maxRC=5105499.106427, +15 cols
    [CG] CG iter 3: obj=166474267.989568, maxRC=7260684.943869, +13 cols
    [CG]   [DIAG] iter=2 posCols=16 newCols=16 effImprove=16 updated=0
    [CG]   [DIAG] iter=3 posCols=15 newCols=15 effImprove=15 updated=0
    [CG]   [DIAG] iter=3 posCols=13 newCols=13 effImprove=13 updated=0
    [CG] 列生成收敛，共 6 轮迭代
    [CG] [CG-NODE] depth=0 exit=CERTIFIED certified=1 feasible=1 iters=6 generatedColsBeforeNode=0 newCols=59 posCandidates=59 duplicateCandidates=0 updatedCols=0 zeroObjImproveIters=2 objFirst=143083015.908301 objLast=173582145.843627 objGain=30499129.935326 maxRC=59294411.380670 wallSec=0.013230 pricingSec=0.008639 cplexSolveSec=0.002348
    [CG] 列生成收敛，共 6 轮迭代
    [CG] [CG-NODE] depth=0 exit=CERTIFIED certified=1 feasible=1 iters=6 generatedColsBeforeNode=0 newCols=60 posCandidates=60 duplicateCandidates=0 updatedCols=0 zeroObjImproveIters=1 objFirst=143712000.461994 objLast=174111374.821477 objGain=30399374.359483 maxRC=59387906.166602 wallSec=0.018262 pricingSec=0.012343 cplexSolveSec=0.003352
      [BB] 根节点即为整数解，obj=173582145.843627
      [BB] 根节点即为整数解，obj=174111374.821477
    [CG] CG iter 4: obj=173562608.797777, maxRC=2666478.227511, +6 cols
    [CG]   [DIAG] iter=4 posCols=6 newCols=6 effImprove=6 updated=0
    [CG] CG iter 4: obj=173734952.933436, maxRC=372150.168598, +3 cols
    [CG]   [DIAG] iter=4 posCols=3 newCols=3 effImprove=3 updated=0
    [CG] CG iter 5: obj=173571509.325328, maxRC=750898.862716, +1 cols
    [CG]   [DIAG] iter=5 posCols=1 newCols=1 effImprove=1 updated=0
    [CG] 列生成收敛，共 6 轮迭代
    [CG] [CG-NODE] depth=0 exit=CERTIFIED certified=1 feasible=1 iters=6 generatedColsBeforeNode=0 newCols=61 posCandidates=61 duplicateCandidates=0 updatedCols=0 zeroObjImproveIters=1 objFirst=143331403.094263 objLast=173571509.325328 objGain=30240106.231065 maxRC=59165958.540941 wallSec=0.010095 pricingSec=0.006533 cplexSolveSec=0.001934
    [CG] 列生成收敛，共 5 轮迭代
    [CG] [CG-NODE] depth=0 exit=CERTIFIED certified=1 feasible=1 iters=5 generatedColsBeforeNode=0 newCols=56 posCandidates=56 duplicateCandidates=0 updatedCols=0 zeroObjImproveIters=1 objFirst=143422095.864567 objLast=173734952.933436 objGain=30312857.068870 maxRC=59432453.490427 wallSec=0.017745 pricingSec=0.012160 cplexSolveSec=0.002889
      [BB] 根节点即为整数解，obj=173571509.325328
      [BB] 根节点即为整数解，obj=173734952.933436
    [CG] CG iter 3: obj=164247755.862775, maxRC=5062121.010529, +14 cols
    [CG]   [DIAG] iter=3 posCols=14 newCols=14 effImprove=14 updated=0
    [CG] CG iter 4: obj=173663427.362992, maxRC=2648399.988772, +5 cols
    [CG]   [DIAG] iter=4 posCols=5 newCols=5 effImprove=5 updated=0
    [CG] CG iter 1: obj=144178698.012810, maxRC=59519403.483036, +23 cols
    [CG]   [DIAG] iter=1 posCols=23 newCols=23 effImprove=23 updated=0
    [CG] CG iter 5: obj=173663427.362992, maxRC=606068.954517, +1 cols
    [CG]   [DIAG] iter=5 posCols=1 newCols=1 effImprove=1 updated=0
    [CG] 列生成收敛，共 6 轮迭代
    [CG] [CG-NODE] depth=0 exit=CERTIFIED certified=1 feasible=1 iters=6 generatedColsBeforeNode=0 newCols=59 posCandidates=59 duplicateCandidates=0 updatedCols=0 zeroObjImproveIters=2 objFirst=143066085.693019 objLast=173663427.362992 objGain=30597341.669972 maxRC=59194228.662021 wallSec=0.020441 pricingSec=0.013607 cplexSolveSec=0.003874
      [BB] 根节点即为整数解，obj=173663427.362992
    [CG] CG iter 2: obj=161047446.823592, maxRC=10623485.371715, +16 cols
    [CG]   [DIAG] iter=2 posCols=16 newCols=16 effImprove=16 updated=0
    [CG] CG iter 3: obj=165146087.192334, maxRC=5118128.238817, +14 cols
    [CG]   [DIAG] iter=3 posCols=14 newCols=14 effImprove=14 updated=0
    [CG] CG iter 4: obj=174558438.710238, maxRC=2671769.720189, +5 cols
    [CG]   [DIAG] iter=4 posCols=5 newCols=5 effImprove=5 updated=0
    [CG] CG iter 5: obj=174558438.710238, maxRC=671943.015475, +1 cols
    [CG]   [DIAG] iter=5 posCols=1 newCols=1 effImprove=1 updated=0
    [CG] 列生成收敛，共 6 轮迭代
    [CG] [CG-NODE] depth=0 exit=CERTIFIED certified=1 feasible=1 iters=6 generatedColsBeforeNode=0 newCols=59 posCandidates=59 duplicateCandidates=0 updatedCols=0 zeroObjImproveIters=2 objFirst=144178698.012810 objLast=174558438.710238 objGain=30379740.697428 maxRC=59519403.483036 wallSec=0.019381 pricingSec=0.012966 cplexSolveSec=0.003746
      [BB] 根节点即为整数解，obj=174558438.710238
[GA] 代数 2: Best=174587330.34, Avg=173984194.32, Worst=173513697.72, Valid=30/30, 耗时=0.06s (连续2代未提升)
  ├─ 求解: 30 个体 fork 并行 | CG迭代=139 加列=1425 BB分支=0
  ├─ 并行墙钟=0.0597s | 串行等效(ΣBP)=0.3692s | 加速比=6.19x
  ├─ 管理开销=-0.3095s (fork=0.0044 wait=0.0548 merge=0.0004)
  └─ CG明细: gen_logs/run_gen2_ind{0..29}.log
    [CG] 列生成开始，初始列数=128
    [CG] 列生成开始，初始列数=128
    [CG] 列生成开始，初始列数=128
    [CG] 列生成开始，初始列数=128
    [CG] 列生成开始，初始列数=128
    [CG] 列生成开始，初始列数=128
    [CG] 列生成开始，初始列数=128
    [CG] 列生成开始，初始列数=128
    [CG] CG iter 1: obj=143004570.849286, maxRC=59194228.662021, +23 cols
    [CG] CG iter 1: obj=143754100.972114, maxRC=59508005.515090, +23 cols
    [CG]   [DIAG] iter=1 posCols=23 newCols=23 effImprove=23 updated=0
    [CG]   [DIAG] iter=1 posCols=23 newCols=23 effImprove=23 updated=0
    [CG] CG iter 2: obj=160292019.565865, maxRC=10431017.673808, +16 cols
    [CG]   [DIAG] iter=2 posCols=16 newCols=16 effImprove=16 updated=0
    [CG] CG iter 1: obj=144184209.914515, maxRC=59519752.128890, +23 cols
    [CG] CG iter 2: obj=160841429.992810, maxRC=10690514.542642, +17 cols
    [CG]   [DIAG] iter=2 posCols=17 newCols=17 effImprove=17 updated=0
    [CG]   [DIAG] iter=1 posCols=23 newCols=23 effImprove=23 updated=0
    [CG] CG iter 3: obj=164221197.633734, maxRC=5062304.086631, +14 cols
    [CG]   [DIAG] iter=3 posCols=14 newCols=14 effImprove=14 updated=0
    [CG] CG iter 1: obj=143426836.382805, maxRC=59207530.226993, +23 cols
    [CG] CG iter 3: obj=167439944.303582, maxRC=6192563.068886, +12 cols
    [CG]   [DIAG] iter=3 posCols=12 newCols=12 effImprove=12 updated=0
    [CG] CG iter 2: obj=161047367.118921, maxRC=10623502.068576, +16 cols
    [CG]   [DIAG] iter=1 posCols=23 newCols=23 effImprove=23 updated=0
    [CG]   [DIAG] iter=2 posCols=16 newCols=16 effImprove=16 updated=0
    [CG] CG iter 4: obj=173634124.058966, maxRC=2648476.239095, +5 cols
    [CG]   [DIAG] iter=4 posCols=5 newCols=5 effImprove=5 updated=0
    [CG] CG iter 4: obj=170090597.517585, maxRC=4153312.506820, +7 cols
    [CG]   [DIAG] iter=4 posCols=7 newCols=7 effImprove=7 updated=0
    [CG] CG iter 5: obj=173634124.058966, maxRC=601072.734919, +1 cols
    [CG]   [DIAG] iter=5 posCols=1 newCols=1 effImprove=1 updated=0
    [CG] CG iter 3: obj=165145986.694009, maxRC=5118128.238817, +14 cols
    [CG]   [DIAG] iter=3 posCols=14 newCols=14 effImprove=14 updated=0
    [CG] CG iter 1: obj=144184318.043929, maxRC=59519752.128890, +23 cols
    [CG] 列生成收敛，共 5 轮迭代
    [CG] [CG-NODE] depth=0 exit=CERTIFIED certified=1 feasible=1 iters=5 generatedColsBeforeNode=0 newCols=59 posCandidates=59 duplicateCandidates=0 updatedCols=0 zeroObjImproveIters=0 objFirst=143754100.972114 objLast=174292378.127717 objGain=30538277.155603 maxRC=59508005.515090 wallSec=0.012932 pricingSec=0.008519 cplexSolveSec=0.002412
    [CG] 列生成收敛，共 6 轮迭代
    [CG] [CG-NODE] depth=0 exit=CERTIFIED certified=1 feasible=1 iters=6 generatedColsBeforeNode=0 newCols=59 posCandidates=59 duplicateCandidates=0 updatedCols=0 zeroObjImproveIters=2 objFirst=143004570.849286 objLast=173634124.058966 objGain=30629553.209680 maxRC=59194228.662021 wallSec=0.011941 pricingSec=0.007558 cplexSolveSec=0.002398
    [CG] CG iter 2: obj=160212954.088327, maxRC=10583717.373147, +16 cols
    [CG] CG iter 1: obj=143715155.781892, maxRC=59387906.166602, +23 cols
    [CG]   [DIAG] iter=1 posCols=23 newCols=23 effImprove=23 updated=0
    [CG]   [DIAG] iter=2 posCols=16 newCols=16 effImprove=16 updated=0
      [BB] 根节点即为整数解，obj=174292378.127717
      [BB] 根节点即为整数解，obj=173634124.058966
    [CG] CG iter 1: obj=143384315.562916, maxRC=59504493.663679, +23 cols
    [CG]   [DIAG] iter=1 posCols=23 newCols=23 effImprove=23 updated=0
    [CG] CG iter 4: obj=174558337.635920, maxRC=2671769.720189, +5 cols
    [CG]   [DIAG] iter=4 posCols=5 newCols=5 effImprove=5 updated=0
    [CG] CG iter 1: obj=143540485.723323, maxRC=59455329.099904, +23 cols
    [CG]   [DIAG] iter=1 posCols=23 newCols=23 effImprove=23 updated=0
    [CG]   [DIAG] iter=1 posCols=23 newCols=23 effImprove=23 updated=0
    [CG] CG iter 5: obj=174558337.635920, maxRC=671939.147537, +1 cols
    [CG]   [DIAG] iter=5 posCols=1 newCols=1 effImprove=1 updated=0
    [CG] CG iter 3: obj=164024120.011915, maxRC=5205836.376175, +17 cols
    [CG] 列生成收敛，共 6 轮迭代
    [CG] [CG-NODE] depth=0 exit=CERTIFIED certified=1 feasible=1 iters=6 generatedColsBeforeNode=0 newCols=59 posCandidates=59 duplicateCandidates=0 updatedCols=0 zeroObjImproveIters=2 objFirst=144184209.914515 objLast=174558337.635920 objGain=30374127.721405 maxRC=59519752.128890 wallSec=0.013647 pricingSec=0.008884 cplexSolveSec=0.002625
    [CG]   [DIAG] iter=3 posCols=17 newCols=17 effImprove=17 updated=0
    [CG] CG iter 2: obj=161047447.635762, maxRC=10623475.172061, +16 cols
      [BB] 根节点即为整数解，obj=174558337.635920
    [CG]   [DIAG] iter=2 posCols=16 newCols=16 effImprove=16 updated=0
    [CG] CG iter 2: obj=160551583.697524, maxRC=10541948.447060, +16 cols
    [CG]   [DIAG] iter=2 posCols=16 newCols=16 effImprove=16 updated=0
    [CG] CG iter 2: obj=160755249.109021, maxRC=10631248.628729, +17 cols
    [CG]   [DIAG] iter=2 posCols=17 newCols=17 effImprove=17 updated=0
    [CG] CG iter 2: obj=160751894.702195, maxRC=10588709.732327, +17 cols
    [CG]   [DIAG] iter=2 posCols=17 newCols=17 effImprove=17 updated=0
    [CG] CG iter 4: obj=173645898.421270, maxRC=2100060.482959, +9 cols
    [CG]   [DIAG] iter=4 posCols=9 newCols=9 effImprove=9 updated=0
    [CG] 列生成开始，初始列数=128
    [CG] CG iter 3: obj=165146089.534662, maxRC=5118128.238817, +14 cols
    [CG]   [DIAG] iter=3 posCols=14 newCols=14 effImprove=14 updated=0
    [CG] 列生成开始，初始列数=128
    [CG] CG iter 3: obj=164666342.443853, maxRC=5118140.845471, +14 cols
    [CG]   [DIAG] iter=3 posCols=14 newCols=14 effImprove=14 updated=0
    [CG] CG iter 3: obj=167167996.729315, maxRC=5702214.039112, +10 cols
    [CG] 列生成收敛，共 5 轮迭代
    [CG] [CG-NODE] depth=0 exit=CERTIFIED certified=1 feasible=1 iters=5 generatedColsBeforeNode=0 newCols=65 posCandidates=65 duplicateCandidates=0 updatedCols=0 zeroObjImproveIters=0 objFirst=143426836.382805 objLast=173661407.498561 objGain=30234571.115756 maxRC=59207530.226993 wallSec=0.016815 pricingSec=0.011119 cplexSolveSec=0.002940
    [CG]   [DIAG] iter=3 posCols=10 newCols=10 effImprove=10 updated=0
    [CG] CG iter 3: obj=167243920.385303, maxRC=6265011.594892, +11 cols
    [CG]   [DIAG] iter=3 posCols=11 newCols=11 effImprove=11 updated=0
      [BB] 根节点即为整数解，obj=173661407.498561
    [CG] CG iter 4: obj=174558444.488898, maxRC=2671769.720189, +5 cols
    [CG]   [DIAG] iter=4 posCols=5 newCols=5 effImprove=5 updated=0
    [CG] CG iter 4: obj=174096242.580713, maxRC=2671773.324158, +6 cols
    [CG] CG iter 4: obj=173917624.052256, maxRC=1151782.121923, +2 cols
    [CG]   [DIAG] iter=4 posCols=6 newCols=6 effImprove=6 updated=0
    [CG]   [DIAG] iter=4 posCols=2 newCols=2 effImprove=2 updated=0
    [CG] CG iter 4: obj=169738840.720281, maxRC=4063274.369575, +5 cols
    [CG]   [DIAG] iter=4 posCols=5 newCols=5 effImprove=5 updated=0
    [CG] CG iter 5: obj=174558444.488898, maxRC=671938.386091, +1 cols
    [CG]   [DIAG] iter=5 posCols=1 newCols=1 effImprove=1 updated=0
    [CG] 列生成开始，初始列数=128
    [CG] 列生成收敛，共 5 轮迭代
    [CG] [CG-NODE] depth=0 exit=CERTIFIED certified=1 feasible=1 iters=5 generatedColsBeforeNode=0 newCols=52 posCandidates=52 duplicateCandidates=0 updatedCols=0 zeroObjImproveIters=0 objFirst=143384315.562916 objLast=174021992.890350 objGain=30637677.327434 maxRC=59504493.663679 wallSec=0.017971 pricingSec=0.012473 cplexSolveSec=0.003101
    [CG] CG iter 5: obj=174114530.141375, maxRC=703274.569981, +1 cols
    [CG]   [DIAG] iter=5 posCols=1 newCols=1 effImprove=1 updated=0
      [BB] 根节点即为整数解，obj=174021992.890350
    [CG] 列生成收敛，共 6 轮迭代
    [CG] [CG-NODE] depth=0 exit=CERTIFIED certified=1 feasible=1 iters=6 generatedColsBeforeNode=0 newCols=59 posCandidates=59 duplicateCandidates=0 updatedCols=0 zeroObjImproveIters=2 objFirst=144184318.043929 objLast=174558444.488898 objGain=30374126.444968 maxRC=59519752.128890 wallSec=0.018332 pricingSec=0.012176 cplexSolveSec=0.003393
    [CG] 列生成收敛，共 5 轮迭代
    [CG] [CG-NODE] depth=0 exit=CERTIFIED certified=1 feasible=1 iters=5 generatedColsBeforeNode=0 newCols=56 posCandidates=56 duplicateCandidates=0 updatedCols=0 zeroObjImproveIters=0 objFirst=143540485.723323 objLast=173963843.138733 objGain=30423357.415411 maxRC=59455329.099904 wallSec=0.018556 pricingSec=0.012635 cplexSolveSec=0.003098
    [CG] 列生成收敛，共 6 轮迭代
      [BB] 根节点即为整数解，obj=174558444.488898
    [CG] [CG-NODE] depth=0 exit=CERTIFIED certified=1 feasible=1 iters=6 generatedColsBeforeNode=0 newCols=60 posCandidates=60 duplicateCandidates=0 updatedCols=0 zeroObjImproveIters=1 objFirst=143715155.781892 objLast=174114530.141375 objGain=30399374.359483 maxRC=59387906.166602 wallSec=0.018254 pricingSec=0.012242 cplexSolveSec=0.003293
      [BB] 根节点即为整数解，obj=173963843.138733
      [BB] 根节点即为整数解，obj=174114530.141375
    [CG] 列生成开始，初始列数=128
    [CG] 列生成开始，初始列数=128
    [CG] 列生成开始，初始列数=128
    [CG] 列生成开始，初始列数=128
    [CG] 列生成开始，初始列数=128
    [CG] CG iter 1: obj=143295163.634452, maxRC=59462317.137146, +23 cols
    [CG]   [DIAG] iter=1 posCols=23 newCols=23 effImprove=23 updated=0
    [CG] CG iter 2: obj=160747229.539394, maxRC=10601255.177825, +17 cols
    [CG]   [DIAG] iter=2 posCols=17 newCols=17 effImprove=17 updated=0
    [CG] CG iter 3: obj=167231390.082689, maxRC=6267441.526017, +11 cols
    [CG]   [DIAG] iter=3 posCols=11 newCols=11 effImprove=11 updated=0
    [CG] CG iter 1: obj=143999048.369787, maxRC=59391600.634397, +23 cols
    [CG] CG iter 1: obj=144089969.415202, maxRC=59519752.128890, +23 cols
    [CG]   [DIAG] iter=1 posCols=23 newCols=23 effImprove=23 updated=0
    [CG]   [DIAG] iter=1 posCols=23 newCols=23 effImprove=23 updated=0
    [CG] CG iter 4: obj=169728321.782944, maxRC=4052604.568484, +5 cols
    [CG]   [DIAG] iter=4 posCols=5 newCols=5 effImprove=5 updated=0
    [CG] CG iter 1: obj=143899812.719033, maxRC=59519826.752129, +23 cols
    [CG]   [DIAG] iter=1 posCols=23 newCols=23 effImprove=23 updated=0
    [CG] CG iter 1: obj=143710203.097151, maxRC=59508005.515090, +23 cols
    [CG] 列生成收敛，共 5 轮迭代
    [CG] [CG-NODE] depth=0 exit=CERTIFIED certified=1 feasible=1 iters=5 generatedColsBeforeNode=0 newCols=56 posCandidates=56 duplicateCandidates=0 updatedCols=0 zeroObjImproveIters=0 objFirst=143295163.634452 objLast=173952718.922368 objGain=30657555.287916 maxRC=59462317.137146 wallSec=0.014019 pricingSec=0.009317 cplexSolveSec=0.002417
    [CG]   [DIAG] iter=1 posCols=23 newCols=23 effImprove=23 updated=0
    [CG] CG iter 1: obj=143667769.823919, maxRC=59387529.160497, +23 cols
      [BB] 根节点即为整数解，obj=173952718.922368
    [CG] CG iter 2: obj=160839164.627661, maxRC=10544318.290917, +16 cols
    [CG]   [DIAG] iter=1 posCols=23 newCols=23 effImprove=23 updated=0
    [CG]   [DIAG] iter=2 posCols=16 newCols=16 effImprove=16 updated=0
    [CG] CG iter 2: obj=160763019.538540, maxRC=10623511.969778, +16 cols
    [CG]   [DIAG] iter=2 posCols=16 newCols=16 effImprove=16 updated=0
    [CG] CG iter 2: obj=160967269.452627, maxRC=10623467.315918, +16 cols
    [CG]   [DIAG] iter=2 posCols=16 newCols=16 effImprove=16 updated=0
    [CG] CG iter 2: obj=160810623.304221, maxRC=10777465.015361, +17 cols
    [CG]   [DIAG] iter=2 posCols=17 newCols=17 effImprove=17 updated=0
    [CG] CG iter 1: obj=143589987.680006, maxRC=59207530.226993, +23 cols
    [CG] CG iter 3: obj=164861643.619733, maxRC=5118141.437437, +14 cols
    [CG] CG iter 3: obj=164953404.397368, maxRC=5118137.235220, +14 cols
    [CG] CG iter 2: obj=160520698.030094, maxRC=10541948.447060, +16 cols
    [CG]   [DIAG] iter=3 posCols=14 newCols=14 effImprove=14 updated=0
    [CG]   [DIAG] iter=3 posCols=14 newCols=14 effImprove=14 updated=0
    [CG]   [DIAG] iter=2 posCols=16 newCols=16 effImprove=16 updated=0
    [CG] CG iter 3: obj=167382099.360812, maxRC=6183806.907866, +12 cols
    [CG]   [DIAG] iter=3 posCols=12 newCols=12 effImprove=12 updated=0
    [CG]   [DIAG] iter=1 posCols=23 newCols=23 effImprove=23 updated=0
    [CG] CG iter 3: obj=165073776.069482, maxRC=5118128.238817, +14 cols
    [CG]   [DIAG] iter=3 posCols=14 newCols=14 effImprove=14 updated=0
    [CG] CG iter 4: obj=174273991.793457, maxRC=2671774.116017, +5 cols
    [CG]   [DIAG] iter=4 posCols=5 newCols=5 effImprove=5 updated=0
    [CG] CG iter 4: obj=174382781.947356, maxRC=2671772.914694, +6 cols
    [CG]   [DIAG] iter=4 posCols=6 newCols=6 effImprove=6 updated=0
    [CG] CG iter 4: obj=170050059.426044, maxRC=4136111.567979, +7 cols
    [CG]   [DIAG] iter=4 posCols=7 newCols=7 effImprove=7 updated=0
    [CG] CG iter 5: obj=174273991.793457, maxRC=671932.452695, +1 cols
    [CG]   [DIAG] iter=5 posCols=1 newCols=1 effImprove=1 updated=0
    [CG] CG iter 3: obj=164637237.811890, maxRC=5106270.354455, +14 cols
    [CG] CG iter 4: obj=174478269.890415, maxRC=2671769.720189, +5 cols
    [CG] CG iter 5: obj=174399591.751699, maxRC=703284.144030, +1 cols
    [CG]   [DIAG] iter=5 posCols=1 newCols=1 effImprove=1 updated=0
    [CG]   [DIAG] iter=3 posCols=14 newCols=14 effImprove=14 updated=0
    [CG]   [DIAG] iter=4 posCols=5 newCols=5 effImprove=5 updated=0
    [CG] 列生成收敛，共 6 轮迭代
    [CG] 列生成收敛，共 5 轮迭代
    [CG] [CG-NODE] depth=0 exit=CERTIFIED certified=1 feasible=1 iters=6 generatedColsBeforeNode=0 newCols=59 posCandidates=59 duplicateCandidates=0 updatedCols=0 zeroObjImproveIters=2 objFirst=143899812.719033 objLast=174273991.793457 objGain=30374179.074425 maxRC=59519826.752129 wallSec=0.011389 pricingSec=0.007368 cplexSolveSec=0.001972
    [CG] [CG-NODE] depth=0 exit=CERTIFIED certified=1 feasible=1 iters=5 generatedColsBeforeNode=0 newCols=59 posCandidates=59 duplicateCandidates=0 updatedCols=0 zeroObjImproveIters=0 objFirst=143710203.097151 objLast=174221169.138739 objGain=30510966.041588 maxRC=59508005.515090 wallSec=0.010952 pricingSec=0.007253 cplexSolveSec=0.001885
      [BB] 根节点即为整数解，obj=174273991.793457
      [BB] 根节点即为整数解，obj=174221169.138739
    [CG] 列生成收敛，共 6 轮迭代
    [CG] [CG-NODE] depth=0 exit=CERTIFIED certified=1 feasible=1 iters=6 generatedColsBeforeNode=0 newCols=60 posCandidates=60 duplicateCandidates=0 updatedCols=0 zeroObjImproveIters=1 objFirst=143999048.369787 objLast=174399591.751699 objGain=30400543.381912 maxRC=59391600.634397 wallSec=0.012902 pricingSec=0.008379 cplexSolveSec=0.002360
    [CG] CG iter 5: obj=174478269.890415, maxRC=657764.062628, +1 cols
    [CG]   [DIAG] iter=5 posCols=1 newCols=1 effImprove=1 updated=0
    [CG] CG iter 4: obj=174053486.422267, maxRC=2666800.101796, +6 cols
      [BB] 根节点即为整数解，obj=174399591.751699
    [CG] 列生成开始，初始列数=128
    [CG]   [DIAG] iter=4 posCols=6 newCols=6 effImprove=6 updated=0
    [CG] CG iter 2: obj=160355111.014412, maxRC=10441143.351746, +16 cols
    [CG]   [DIAG] iter=2 posCols=16 newCols=16 effImprove=16 updated=0
    [CG] 列生成收敛，共 6 轮迭代
    [CG] [CG-NODE] depth=0 exit=CERTIFIED certified=1 feasible=1 iters=6 generatedColsBeforeNode=0 newCols=59 posCandidates=59 duplicateCandidates=0 updatedCols=0 zeroObjImproveIters=2 objFirst=144089969.415202 objLast=174478269.890415 objGain=30388300.475213 maxRC=59519752.128890 wallSec=0.017664 pricingSec=0.012022 cplexSolveSec=0.003038
    [CG] CG iter 5: obj=174057907.483178, maxRC=694918.501642, +1 cols
    [CG]   [DIAG] iter=5 posCols=1 newCols=1 effImprove=1 updated=0
      [BB] 根节点即为整数解，obj=174478269.890415
    [CG] 列生成收敛，共 6 轮迭代
    [CG] [CG-NODE] depth=0 exit=CERTIFIED certified=1 feasible=1 iters=6 generatedColsBeforeNode=0 newCols=60 posCandidates=60 duplicateCandidates=0 updatedCols=0 zeroObjImproveIters=1 objFirst=143667769.823919 objLast=174057907.483178 objGain=30390137.659260 maxRC=59387529.160497 wallSec=0.012432 pricingSec=0.008002 cplexSolveSec=0.002389
      [BB] 根节点即为整数解，obj=174057907.483178
    [CG] CG iter 1: obj=143971049.134712, maxRC=59519752.288062, +23 cols
    [CG] CG iter 3: obj=164478903.263489, maxRC=5062121.010529, +14 cols
    [CG]   [DIAG] iter=3 posCols=14 newCols=14 effImprove=14 updated=0
    [CG]   [DIAG] iter=1 posCols=23 newCols=23 effImprove=23 updated=0
    [CG] 列生成开始，初始列数=128
    [CG] 列生成开始，初始列数=128
    [CG] 列生成开始，初始列数=128
    [CG] CG iter 4: obj=173874986.018384, maxRC=2648399.988772, +6 cols
    [CG]   [DIAG] iter=4 posCols=6 newCols=6 effImprove=6 updated=0
    [CG] 列生成开始，初始列数=128
    [CG] 列生成开始，初始列数=128
    [CG] CG iter 2: obj=160905792.028503, maxRC=9558556.787863, +17 cols
    [CG]   [DIAG] iter=2 posCols=17 newCols=17 effImprove=17 updated=0
    [CG] CG iter 5: obj=173893565.809817, maxRC=684653.495524, +1 cols
    [CG]   [DIAG] iter=5 posCols=1 newCols=1 effImprove=1 updated=0
    [CG] 列生成收敛，共 6 轮迭代
    [CG] CG iter 3: obj=174288019.626051, maxRC=1926557.108695, +7 cols
    [CG] [CG-NODE] depth=0 exit=CERTIFIED certified=1 feasible=1 iters=6 generatedColsBeforeNode=0 newCols=60 posCandidates=60 duplicateCandidates=0 updatedCols=0 zeroObjImproveIters=1 objFirst=143589987.680006 objLast=173893565.809817 objGain=30303578.129810 maxRC=59207530.226993 wallSec=0.020847 pricingSec=0.013551 cplexSolveSec=0.003936
    [CG]   [DIAG] iter=3 posCols=7 newCols=7 effImprove=7 updated=0
      [BB] 根节点即为整数解，obj=173893565.809817
    [CG] CG iter 4: obj=174288019.626051, maxRC=593207.245951, +2 cols
    [CG]   [DIAG] iter=4 posCols=2 newCols=2 effImprove=2 updated=0
    [CG] CG iter 5: obj=174288019.626051, maxRC=538323.110538, +3 cols
    [CG]   [DIAG] iter=5 posCols=3 newCols=3 effImprove=3 updated=0
    [CG] CG iter 1: obj=143168305.441174, maxRC=59313867.526217, +23 cols
    [CG]   [DIAG] iter=1 posCols=23 newCols=23 effImprove=23 updated=0
    [CG] 列生成收敛，共 6 轮迭代
    [CG] [CG-NODE] depth=0 exit=CERTIFIED certified=1 feasible=1 iters=6 generatedColsBeforeNode=0 newCols=52 posCandidates=52 duplicateCandidates=0 updatedCols=0 zeroObjImproveIters=3 objFirst=143971049.134712 objLast=174288019.626051 objGain=30316970.491340 maxRC=59519752.288062 wallSec=0.018366 pricingSec=0.012292 cplexSolveSec=0.003370
      [BB] 根节点即为整数解，obj=174288019.626051
    [CG] CG iter 2: obj=160043427.919688, maxRC=10675036.543702, +16 cols
    [CG]   [DIAG] iter=2 posCols=16 newCols=16 effImprove=16 updated=0
    [CG] 列生成开始，初始列数=128
    [CG] CG iter 3: obj=163766427.023025, maxRC=5127484.430198, +17 cols
    [CG]   [DIAG] iter=3 posCols=17 newCols=17 effImprove=17 updated=0
    [CG] CG iter 4: obj=173287521.629864, maxRC=1968510.091783, +7 cols
    [CG]   [DIAG] iter=4 posCols=7 newCols=7 effImprove=7 updated=0
    [CG] CG iter 5: obj=173287521.629864, maxRC=22660.016598, +1 cols
    [CG]   [DIAG] iter=5 posCols=1 newCols=1 effImprove=1 updated=0
    [CG] 列生成收敛，共 6 轮迭代
    [CG] [CG-NODE] depth=0 exit=CERTIFIED certified=1 feasible=1 iters=6 generatedColsBeforeNode=0 newCols=64 posCandidates=64 duplicateCandidates=0 updatedCols=0 zeroObjImproveIters=2 objFirst=143168305.441174 objLast=173287521.629864 objGain=30119216.188690 maxRC=59313867.526217 wallSec=0.008518 pricingSec=0.005472 cplexSolveSec=0.001543
      [BB] 根节点即为整数解，obj=173287521.629864
    [CG] 列生成开始，初始列数=128
    [CG] CG iter 1: obj=144109190.030574, maxRC=59519832.925579, +23 cols
    [CG]   [DIAG] iter=1 posCols=23 newCols=23 effImprove=23 updated=0
    [CG] CG iter 1: obj=143727716.479843, maxRC=59484359.040500, +23 cols
    [CG]   [DIAG] iter=1 posCols=23 newCols=23 effImprove=23 updated=0
    [CG] CG iter 1: obj=144173422.095383, maxRC=59519752.131033, +23 cols
    [CG]   [DIAG] iter=1 posCols=23 newCols=23 effImprove=23 updated=0
    [CG] CG iter 2: obj=161045584.351747, maxRC=10623512.916594, +17 cols
    [CG]   [DIAG] iter=2 posCols=17 newCols=17 effImprove=17 updated=0
    [CG] CG iter 2: obj=160721892.960683, maxRC=10604592.563520, +17 cols
    [CG]   [DIAG] iter=2 posCols=17 newCols=17 effImprove=17 updated=0
    [CG] CG iter 3: obj=167663614.758614, maxRC=6215081.604238, +11 cols
    [CG]   [DIAG] iter=3 posCols=11 newCols=11 effImprove=11 updated=0
    [CG] CG iter 1: obj=143847995.360953, maxRC=59501650.217957, +23 cols
    [CG] 列生成开始，初始列数=128
    [CG]   [DIAG] iter=1 posCols=23 newCols=23 effImprove=23 updated=0
    [CG] CG iter 2: obj=161045520.681414, maxRC=10623485.371715, +16 cols
    [CG] CG iter 4: obj=170281988.647580, maxRC=4161264.643095, +5 cols
    [CG]   [DIAG] iter=4 posCols=5 newCols=5 effImprove=5 updated=0
    [CG]   [DIAG] iter=2 posCols=16 newCols=16 effImprove=16 updated=0
    [CG] CG iter 3: obj=167358752.365638, maxRC=6210150.906571, +12 cols
    [CG] CG iter 1: obj=143755180.720780, maxRC=59508005.515090, +23 cols
    [CG]   [DIAG] iter=3 posCols=12 newCols=12 effImprove=12 updated=0
    [CG] 列生成收敛，共 5 轮迭代
    [CG]   [DIAG] iter=1 posCols=23 newCols=23 effImprove=23 updated=0
    [CG] [CG-NODE] depth=0 exit=CERTIFIED certified=1 feasible=1 iters=5 generatedColsBeforeNode=0 newCols=56 posCandidates=56 duplicateCandidates=0 updatedCols=0 zeroObjImproveIters=0 objFirst=144109190.030574 objLast=174500371.916037 objGain=30391181.885463 maxRC=59519832.925579 wallSec=0.011330 pricingSec=0.007461 cplexSolveSec=0.002081
      [BB] 根节点即为整数解，obj=174500371.916037
    [CG] CG iter 1: obj=143866681.019021, maxRC=59519752.128890, +23 cols
    [CG] CG iter 4: obj=170012023.717871, maxRC=4195015.719155, +5 cols
    [CG]   [DIAG] iter=4 posCols=5 newCols=5 effImprove=5 updated=0
    [CG]   [DIAG] iter=1 posCols=23 newCols=23 effImprove=23 updated=0
    [CG] CG iter 2: obj=161047435.056125, maxRC=10623459.326444, +17 cols
    [CG] CG iter 3: obj=165144161.177781, maxRC=5118128.238817, +14 cols
    [CG]   [DIAG] iter=2 posCols=17 newCols=17 effImprove=17 updated=0
    [CG] 列生成收敛，共 5 轮迭代
    [CG] [CG-NODE] depth=0 exit=CERTIFIED certified=1 feasible=1 iters=5 generatedColsBeforeNode=0 newCols=57 posCandidates=57 duplicateCandidates=0 updatedCols=0 zeroObjImproveIters=0 objFirst=143727716.479843 objLast=174234297.682744 objGain=30506581.202901 maxRC=59484359.040500 wallSec=0.012927 pricingSec=0.008728 cplexSolveSec=0.002314
    [CG]   [DIAG] iter=3 posCols=14 newCols=14 effImprove=14 updated=0
      [BB] 根节点即为整数解，obj=174234297.682744
    [CG] CG iter 2: obj=161043111.419226, maxRC=10628741.008264, +17 cols
    [CG]   [DIAG] iter=2 posCols=17 newCols=17 effImprove=17 updated=0
    [CG] CG iter 2: obj=160842258.611167, maxRC=10689952.925851, +17 cols
    [CG]   [DIAG] iter=2 posCols=17 newCols=17 effImprove=17 updated=0
    [CG] 列生成开始，初始列数=128
    [CG] CG iter 4: obj=174556512.568060, maxRC=2671769.720189, +5 cols
    [CG]   [DIAG] iter=4 posCols=5 newCols=5 effImprove=5 updated=0
    [CG] CG iter 3: obj=167531639.411716, maxRC=6269834.868632, +11 cols
    [CG]   [DIAG] iter=3 posCols=11 newCols=11 effImprove=11 updated=0
    [CG] CG iter 3: obj=167675879.304257, maxRC=6210617.583844, +11 cols
    [CG]   [DIAG] iter=3 posCols=11 newCols=11 effImprove=11 updated=0
    [CG] CG iter 5: obj=174556512.568060, maxRC=671942.197031, +1 cols
    [CG]   [DIAG] iter=5 posCols=1 newCols=1 effImprove=1 updated=0
    [CG] CG iter 3: obj=167441186.114421, maxRC=6192707.850454, +12 cols
    [CG]   [DIAG] iter=3 posCols=12 newCols=12 effImprove=12 updated=0
    [CG] CG iter 4: obj=170023755.617954, maxRC=4040311.820310, +5 cols
    [CG]   [DIAG] iter=4 posCols=5 newCols=5 effImprove=5 updated=0
    [CG] CG iter 1: obj=143859610.765450, maxRC=59476938.311551, +23 cols
    [CG]   [DIAG] iter=1 posCols=23 newCols=23 effImprove=23 updated=0
    [CG] 列生成收敛，共 6 轮迭代
    [CG] [CG-NODE] depth=0 exit=CERTIFIED certified=1 feasible=1 iters=6 generatedColsBeforeNode=0 newCols=59 posCandidates=59 duplicateCandidates=0 updatedCols=0 zeroObjImproveIters=2 objFirst=144173422.095383 objLast=174556512.568060 objGain=30383090.472677 maxRC=59519752.131033 wallSec=0.019430 pricingSec=0.012997 cplexSolveSec=0.003706
    [CG] CG iter 4: obj=170304621.515150, maxRC=4170987.083757, +5 cols
    [CG]   [DIAG] iter=4 posCols=5 newCols=5 effImprove=5 updated=0
      [BB] 根节点即为整数解，obj=174556512.568060
    [CG] 列生成收敛，共 5 轮迭代
    [CG] [CG-NODE] depth=0 exit=CERTIFIED certified=1 feasible=1 iters=5 generatedColsBeforeNode=0 newCols=56 posCandidates=56 duplicateCandidates=0 updatedCols=0 zeroObjImproveIters=0 objFirst=143866681.019021 objLast=174240596.745835 objGain=30373915.726814 maxRC=59519752.128890 wallSec=0.010803 pricingSec=0.007073 cplexSolveSec=0.002063
    [CG] CG iter 4: obj=170091811.966354, maxRC=4153624.985190, +7 cols
    [CG]   [DIAG] iter=4 posCols=7 newCols=7 effImprove=7 updated=0
      [BB] 根节点即为整数解，obj=174240596.745835
    [CG] 列生成收敛，共 5 轮迭代
    [CG] [CG-NODE] depth=0 exit=CERTIFIED certified=1 feasible=1 iters=5 generatedColsBeforeNode=0 newCols=56 posCandidates=56 duplicateCandidates=0 updatedCols=0 zeroObjImproveIters=0 objFirst=143847995.360953 objLast=174523030.988491 objGain=30675035.627538 maxRC=59501650.217957 wallSec=0.017100 pricingSec=0.011917 cplexSolveSec=0.002814
      [BB] 根节点即为整数解，obj=174523030.988491
    [CG] CG iter 2: obj=160754442.383539, maxRC=10596877.957541, +16 cols
    [CG]   [DIAG] iter=2 posCols=16 newCols=16 effImprove=16 updated=0
    [CG] 列生成收敛，共 5 轮迭代
    [CG] [CG-NODE] depth=0 exit=CERTIFIED certified=1 feasible=1 iters=5 generatedColsBeforeNode=0 newCols=59 posCandidates=59 duplicateCandidates=0 updatedCols=0 zeroObjImproveIters=0 objFirst=143755180.720780 objLast=174293707.040257 objGain=30538526.319477 maxRC=59508005.515090 wallSec=0.017635 pricingSec=0.012109 cplexSolveSec=0.002993
      [BB] 根节点即为整数解，obj=174293707.040257
    [CG] 列生成开始，初始列数=128
    [CG] CG iter 3: obj=164862409.364144, maxRC=5104159.758471, +14 cols
    [CG]   [DIAG] iter=3 posCols=14 newCols=14 effImprove=14 updated=0
    [CG] CG iter 4: obj=174262510.983602, maxRC=2665919.347070, +5 cols
    [CG] CG iter 1: obj=143848917.469159, maxRC=59476938.311551, +23 cols
    [CG]   [DIAG] iter=4 posCols=5 newCols=5 effImprove=5 updated=0
    [CG]   [DIAG] iter=1 posCols=23 newCols=23 effImprove=23 updated=0
    [CG] CG iter 5: obj=174262510.983602, maxRC=658862.722071, +1 cols
    [CG]   [DIAG] iter=5 posCols=1 newCols=1 effImprove=1 updated=0
    [CG] CG iter 2: obj=160746145.276929, maxRC=10602639.792254, +16 cols
    [CG]   [DIAG] iter=2 posCols=16 newCols=16 effImprove=16 updated=0
    [CG] 列生成收敛，共 6 轮迭代
    [CG] [CG-NODE] depth=0 exit=CERTIFIED certified=1 feasible=1 iters=6 generatedColsBeforeNode=0 newCols=59 posCandidates=59 duplicateCandidates=0 updatedCols=0 zeroObjImproveIters=2 objFirst=143859610.765450 objLast=174262510.983602 objGain=30402900.218152 maxRC=59476938.311551 wallSec=0.012536 pricingSec=0.008241 cplexSolveSec=0.002393
      [BB] 根节点即为整数解，obj=174262510.983602
    [CG] CG iter 3: obj=164852643.412743, maxRC=5104159.758471, +14 cols
    [CG]   [DIAG] iter=3 posCols=14 newCols=14 effImprove=14 updated=0
    [CG] CG iter 4: obj=174250741.012125, maxRC=2665919.347070, +5 cols
    [CG]   [DIAG] iter=4 posCols=5 newCols=5 effImprove=5 updated=0
    [CG] CG iter 5: obj=174250741.012125, maxRC=660216.488941, +1 cols
    [CG]   [DIAG] iter=5 posCols=1 newCols=1 effImprove=1 updated=0
    [CG] 列生成收敛，共 6 轮迭代
    [CG] [CG-NODE] depth=0 exit=CERTIFIED certified=1 feasible=1 iters=6 generatedColsBeforeNode=0 newCols=59 posCandidates=59 duplicateCandidates=0 updatedCols=0 zeroObjImproveIters=2 objFirst=143848917.469159 objLast=174250741.012125 objGain=30401823.542966 maxRC=59476938.311551 wallSec=0.007544 pricingSec=0.004795 cplexSolveSec=0.001534
      [BB] 根节点即为整数解，obj=174250741.012125
    [CG] CG iter 1: obj=143883031.101896, maxRC=59519752.128890, +23 cols
    [CG]   [DIAG] iter=1 posCols=23 newCols=23 effImprove=23 updated=0
    [CG] CG iter 2: obj=161047442.113170, maxRC=10623485.371715, +17 cols
    [CG]   [DIAG] iter=2 posCols=17 newCols=17 effImprove=17 updated=0
    [CG] CG iter 3: obj=167543617.078733, maxRC=6268280.862379, +11 cols
    [CG]   [DIAG] iter=3 posCols=11 newCols=11 effImprove=11 updated=0
    [CG] CG iter 4: obj=170040105.700828, maxRC=4046768.550182, +5 cols
    [CG]   [DIAG] iter=4 posCols=5 newCols=5 effImprove=5 updated=0
    [CG] 列生成收敛，共 5 轮迭代
    [CG] [CG-NODE] depth=0 exit=CERTIFIED certified=1 feasible=1 iters=5 generatedColsBeforeNode=0 newCols=56 posCandidates=56 duplicateCandidates=0 updatedCols=0 zeroObjImproveIters=0 objFirst=143883031.101896 objLast=174258501.788699 objGain=30375470.686803 maxRC=59519752.128890 wallSec=0.018794 pricingSec=0.012785 cplexSolveSec=0.003325
      [BB] 根节点即为整数解，obj=174258501.788699
    [CG] CG iter 1: obj=143664568.637252, maxRC=59484359.040500, +23 cols
    [CG]   [DIAG] iter=1 posCols=23 newCols=23 effImprove=23 updated=0
    [CG] CG iter 2: obj=160716664.558970, maxRC=10604660.950932, +17 cols
    [CG]   [DIAG] iter=2 posCols=17 newCols=17 effImprove=17 updated=0
    [CG] CG iter 3: obj=167323118.460319, maxRC=6221172.827089, +12 cols
    [CG]   [DIAG] iter=3 posCols=12 newCols=12 effImprove=12 updated=0
    [CG] CG iter 4: obj=169947184.794644, maxRC=4167235.155049, +5 cols
    [CG]   [DIAG] iter=4 posCols=5 newCols=5 effImprove=5 updated=0
    [CG] 列生成收敛，共 5 轮迭代
    [CG] [CG-NODE] depth=0 exit=CERTIFIED certified=1 feasible=1 iters=5 generatedColsBeforeNode=0 newCols=57 posCandidates=57 duplicateCandidates=0 updatedCols=0 zeroObjImproveIters=0 objFirst=143664568.637252 objLast=174170169.567866 objGain=30505600.930614 maxRC=59484359.040500 wallSec=0.019611 pricingSec=0.013144 cplexSolveSec=0.003552
      [BB] 根节点即为整数解，obj=174170169.567866
[GA] 代数 3: Best=174587330.34, Avg=174231157.96, Worst=173316407.32, Valid=30/30, 耗时=0.07s (连续3代未提升)
  ├─ 求解: 30 个体 fork 并行 | CG迭代=149 加列=1572 BB分支=0
  ├─ 并行墙钟=0.0711s | 串行等效(ΣBP)=0.4106s | 加速比=5.77x
  ├─ 管理开销=-0.3394s (fork=0.0046 wait=0.0661 merge=0.0004)
  └─ CG明细: gen_logs/run_gen3_ind{0..29}.log
    [CG] 列生成开始，初始列数=128
    [CG] 列生成开始，初始列数=128
    [CG] 列生成开始，初始列数=128
    [CG] 列生成开始，初始列数=128
    [CG] 列生成开始，初始列数=128
    [CG] 列生成开始，初始列数=128
    [CG] 列生成开始，初始列数=128
    [CG] 列生成开始，初始列数=128
    [CG] CG iter 1: obj=143591940.486541, maxRC=59380479.348406, +23 cols
    [CG]   [DIAG] iter=1 posCols=23 newCols=23 effImprove=23 updated=0
    [CG] CG iter 2: obj=160551583.697524, maxRC=10541948.447060, +17 cols
    [CG]   [DIAG] iter=2 posCols=17 newCols=17 effImprove=17 updated=0
    [CG] CG iter 3: obj=167219285.433125, maxRC=6207909.375049, +12 cols
    [CG]   [DIAG] iter=3 posCols=12 newCols=12 effImprove=12 updated=0
    [CG] CG iter 4: obj=174114530.141375, maxRC=1138569.456724, +2 cols
    [CG]   [DIAG] iter=4 posCols=2 newCols=2 effImprove=2 updated=0
    [CG] 列生成收敛，共 5 轮迭代
    [CG] [CG-NODE] depth=0 exit=CERTIFIED certified=1 feasible=1 iters=5 generatedColsBeforeNode=0 newCols=54 posCandidates=54 duplicateCandidates=0 updatedCols=0 zeroObjImproveIters=1 objFirst=143591940.486541 objLast=174114530.141375 objGain=30522589.654835 maxRC=59380479.348406 wallSec=0.008918 pricingSec=0.005638 cplexSolveSec=0.001683
      [BB] 根节点即为整数解，obj=174114530.141375
    [CG] CG iter 1: obj=143603904.504266, maxRC=59207530.226993, +23 cols
    [CG]   [DIAG] iter=1 posCols=23 newCols=23 effImprove=23 updated=0
    [CG] 列生成开始，初始列数=128
    [CG] CG iter 1: obj=143755708.491747, maxRC=59508037.318264, +23 cols
    [CG] CG iter 1: obj=143715968.169735, maxRC=59484359.040500, +23 cols
    [CG] CG iter 2: obj=160365133.227616, maxRC=10427274.039011, +16 cols
    [CG]   [DIAG] iter=1 posCols=23 newCols=23 effImprove=23 updated=0
    [CG]   [DIAG] iter=2 posCols=16 newCols=16 effImprove=16 updated=0
    [CG]   [DIAG] iter=1 posCols=23 newCols=23 effImprove=23 updated=0
    [CG] CG iter 1: obj=143674933.795520, maxRC=59498955.948451, +23 cols
    [CG] CG iter 1: obj=144003505.935969, maxRC=59513894.439822, +23 cols
    [CG]   [DIAG] iter=1 posCols=23 newCols=23 effImprove=23 updated=0
    [CG] CG iter 1: obj=144012456.219823, maxRC=59513975.236510, +23 cols
    [CG] CG iter 1: obj=143883045.679567, maxRC=59519779.058582, +23 cols
    [CG]   [DIAG] iter=1 posCols=23 newCols=23 effImprove=23 updated=0
    [CG]   [DIAG] iter=1 posCols=23 newCols=23 effImprove=23 updated=0
    [CG]   [DIAG] iter=1 posCols=23 newCols=23 effImprove=23 updated=0
    [CG] CG iter 3: obj=164493194.924744, maxRC=5061753.959415, +14 cols
    [CG] CG iter 2: obj=160713348.994063, maxRC=10615312.198789, +17 cols
    [CG]   [DIAG] iter=3 posCols=14 newCols=14 effImprove=14 updated=0
    [CG]   [DIAG] iter=2 posCols=17 newCols=17 effImprove=17 updated=0
    [CG] CG iter 2: obj=160842258.611167, maxRC=10689952.925851, +17 cols
    [CG]   [DIAG] iter=2 posCols=17 newCols=17 effImprove=17 updated=0
    [CG] CG iter 2: obj=160843992.558565, maxRC=9462263.453498, +17 cols
    [CG]   [DIAG] iter=2 posCols=17 newCols=17 effImprove=17 updated=0
    [CG] CG iter 2: obj=161036105.971962, maxRC=10637803.478787, +17 cols
    [CG]   [DIAG] iter=2 posCols=17 newCols=17 effImprove=17 updated=0
    [CG] CG iter 2: obj=161045589.062170, maxRC=10623512.916594, +17 cols
    [CG]   [DIAG] iter=2 posCols=17 newCols=17 effImprove=17 updated=0
    [CG] CG iter 2: obj=161047483.251272, maxRC=10623496.537295, +17 cols
    [CG] CG iter 4: obj=173892919.716613, maxRC=2648247.114406, +6 cols
    [CG]   [DIAG] iter=4 posCols=6 newCols=6 effImprove=6 updated=0
    [CG]   [DIAG] iter=2 posCols=17 newCols=17 effImprove=17 updated=0
    [CG] CG iter 3: obj=174224568.503105, maxRC=1437291.552731, +4 cols
    [CG]   [DIAG] iter=3 posCols=4 newCols=4 effImprove=4 updated=0
    [CG] CG iter 3: obj=167345268.417506, maxRC=6208669.540857, +12 cols
    [CG]   [DIAG] iter=3 posCols=12 newCols=12 effImprove=12 updated=0
    [CG] CG iter 3: obj=167441186.114421, maxRC=6192707.850454, +12 cols
    [CG] CG iter 5: obj=173911065.106648, maxRC=679654.434752, +1 cols
    [CG]   [DIAG] iter=3 posCols=12 newCols=12 effImprove=12 updated=0
    [CG]   [DIAG] iter=5 posCols=1 newCols=1 effImprove=1 updated=0
    [CG] CG iter 4: obj=174224568.503105, maxRC=257194.665514, +1 cols
    [CG]   [DIAG] iter=4 posCols=1 newCols=1 effImprove=1 updated=0
    [CG] CG iter 3: obj=167641569.584698, maxRC=6215696.102589, +11 cols
    [CG] CG iter 3: obj=167663619.878259, maxRC=6215081.195016, +11 cols
    [CG]   [DIAG] iter=3 posCols=11 newCols=11 effImprove=11 updated=0
    [CG]   [DIAG] iter=3 posCols=11 newCols=11 effImprove=11 updated=0
    [CG] CG iter 3: obj=167543650.519410, maxRC=6268281.261878, +11 cols
    [CG] 列生成收敛，共 6 轮迭代
    [CG] [CG-NODE] depth=0 exit=CERTIFIED certified=1 feasible=1 iters=6 generatedColsBeforeNode=0 newCols=60 posCandidates=60 duplicateCandidates=0 updatedCols=0 zeroObjImproveIters=1 objFirst=143603904.504266 objLast=173911065.106648 objGain=30307160.602382 maxRC=59207530.226993 wallSec=0.018495 pricingSec=0.012087 cplexSolveSec=0.003699
    [CG]   [DIAG] iter=3 posCols=11 newCols=11 effImprove=11 updated=0
    [CG] CG iter 4: obj=170000275.407763, maxRC=4191798.715416, +5 cols
    [CG]   [DIAG] iter=4 posCols=5 newCols=5 effImprove=5 updated=0
    [CG] CG iter 4: obj=170091811.966354, maxRC=4153624.985190, +7 cols
    [CG]   [DIAG] iter=4 posCols=7 newCols=7 effImprove=7 updated=0
      [BB] 根节点即为整数解，obj=173911065.106648
    [CG] 列生成收敛，共 5 轮迭代
    [CG] [CG-NODE] depth=0 exit=CERTIFIED certified=1 feasible=1 iters=5 generatedColsBeforeNode=0 newCols=45 posCandidates=45 duplicateCandidates=0 updatedCols=0 zeroObjImproveIters=2 objFirst=143674933.795520 objLast=174224568.503105 objGain=30549634.707585 maxRC=59498955.948451 wallSec=0.017911 pricingSec=0.011938 cplexSolveSec=0.003094
      [BB] 根节点即为整数解，obj=174224568.503105
    [CG] CG iter 4: obj=170256261.951993, maxRC=4151386.266042, +5 cols
    [CG]   [DIAG] iter=4 posCols=5 newCols=5 effImprove=5 updated=0
    [CG] CG iter 4: obj=170281993.358002, maxRC=4161264.643095, +5 cols
    [CG]   [DIAG] iter=4 posCols=5 newCols=5 effImprove=5 updated=0
    [CG] 列生成收敛，共 5 轮迭代
    [CG] [CG-NODE] depth=0 exit=CERTIFIED certified=1 feasible=1 iters=5 generatedColsBeforeNode=0 newCols=57 posCandidates=57 duplicateCandidates=0 updatedCols=0 zeroObjImproveIters=0 objFirst=143715968.169735 objLast=174219332.368897 objGain=30503364.199162 maxRC=59484359.040500 wallSec=0.018882 pricingSec=0.012766 cplexSolveSec=0.003233
    [CG] CG iter 4: obj=170040139.541005, maxRC=4046755.077901, +5 cols
    [CG]   [DIAG] iter=4 posCols=5 newCols=5 effImprove=5 updated=0
    [CG] 列生成收敛，共 5 轮迭代
    [CG] [CG-NODE] depth=0 exit=CERTIFIED certified=1 feasible=1 iters=5 generatedColsBeforeNode=0 newCols=59 posCandidates=59 duplicateCandidates=0 updatedCols=0 zeroObjImproveIters=0 objFirst=143755708.491747 objLast=174293707.040257 objGain=30537998.548510 maxRC=59508037.318264 wallSec=0.019413 pricingSec=0.012690 cplexSolveSec=0.003651
      [BB] 根节点即为整数解，obj=174219332.368897
      [BB] 根节点即为整数解，obj=174293707.040257
    [CG] 列生成收敛，共 5 轮迭代
    [CG] [CG-NODE] depth=0 exit=CERTIFIED certified=1 feasible=1 iters=5 generatedColsBeforeNode=0 newCols=56 posCandidates=56 duplicateCandidates=0 updatedCols=0 zeroObjImproveIters=0 objFirst=144003505.935969 objLast=174470349.750491 objGain=30466843.814522 maxRC=59513894.439822 wallSec=0.018565 pricingSec=0.012577 cplexSolveSec=0.003134
    [CG] 列生成收敛，共 5 轮迭代
    [CG] [CG-NODE] depth=0 exit=CERTIFIED certified=1 feasible=1 iters=5 generatedColsBeforeNode=0 newCols=56 posCandidates=56 duplicateCandidates=0 updatedCols=0 zeroObjImproveIters=0 objFirst=144012456.219823 objLast=174500376.626460 objGain=30487920.406637 maxRC=59513975.236510 wallSec=0.019062 pricingSec=0.012530 cplexSolveSec=0.003205
    [CG] 列生成收敛，共 5 轮迭代
    [CG] [CG-NODE] depth=0 exit=CERTIFIED certified=1 feasible=1 iters=5 generatedColsBeforeNode=0 newCols=56 posCandidates=56 duplicateCandidates=0 updatedCols=0 zeroObjImproveIters=0 objFirst=143883045.679567 objLast=174258531.953274 objGain=30375486.273707 maxRC=59519779.058582 wallSec=0.018684 pricingSec=0.012669 cplexSolveSec=0.003151
      [BB] 根节点即为整数解，obj=174470349.750491
      [BB] 根节点即为整数解，obj=174500376.626460
      [BB] 根节点即为整数解，obj=174258531.953274
    [CG] 列生成开始，初始列数=128
    [CG] 列生成开始，初始列数=128
    [CG] 列生成开始，初始列数=128
    [CG] 列生成开始，初始列数=128
    [CG] 列生成开始，初始列数=128
    [CG] 列生成开始，初始列数=128
    [CG] 列生成开始，初始列数=128
    [CG] CG iter 1: obj=143876198.191522, maxRC=59518385.609478, +23 cols
    [CG]   [DIAG] iter=1 posCols=23 newCols=23 effImprove=23 updated=0
    [CG] CG iter 2: obj=160763019.538540, maxRC=10623511.969778, +16 cols
    [CG]   [DIAG] iter=2 posCols=16 newCols=16 effImprove=16 updated=0
    [CG] CG iter 3: obj=164861643.619733, maxRC=5118141.437437, +14 cols
    [CG]   [DIAG] iter=3 posCols=14 newCols=14 effImprove=14 updated=0
    [CG] CG iter 1: obj=144173801.184715, maxRC=59519752.131033, +23 cols
    [CG] CG iter 1: obj=144138133.214500, maxRC=59484512.132631, +23 cols
    [CG] CG iter 1: obj=144089979.232453, maxRC=59519752.493170, +23 cols
    [CG]   [DIAG] iter=1 posCols=23 newCols=23 effImprove=23 updated=0
    [CG]   [DIAG] iter=1 posCols=23 newCols=23 effImprove=23 updated=0
    [CG]   [DIAG] iter=1 posCols=23 newCols=23 effImprove=23 updated=0
    [CG] CG iter 1: obj=143999047.733064, maxRC=59391600.634397, +23 cols
    [CG] CG iter 4: obj=174273991.793457, maxRC=2671774.116017, +5 cols
    [CG] CG iter 1: obj=143860757.334702, maxRC=59476938.311551, +23 cols
    [CG]   [DIAG] iter=4 posCols=5 newCols=5 effImprove=5 updated=0
    [CG]   [DIAG] iter=1 posCols=23 newCols=23 effImprove=23 updated=0
    [CG]   [DIAG] iter=1 posCols=23 newCols=23 effImprove=23 updated=0
    [CG] CG iter 2: obj=160967267.880627, maxRC=10623461.803284, +16 cols
    [CG] CG iter 2: obj=161044295.714415, maxRC=10623485.371715, +16 cols
    [CG] CG iter 2: obj=160983235.896622, maxRC=10600292.993976, +16 cols
    [CG]   [DIAG] iter=2 posCols=16 newCols=16 effImprove=16 updated=0
    [CG]   [DIAG] iter=2 posCols=16 newCols=16 effImprove=16 updated=0
    [CG]   [DIAG] iter=2 posCols=16 newCols=16 effImprove=16 updated=0
    [CG] CG iter 5: obj=174273991.793457, maxRC=671932.452695, +1 cols
    [CG]   [DIAG] iter=5 posCols=1 newCols=1 effImprove=1 updated=0
    [CG] CG iter 2: obj=160839164.110305, maxRC=10544318.290917, +16 cols
    [CG]   [DIAG] iter=2 posCols=16 newCols=16 effImprove=16 updated=0
    [CG] CG iter 2: obj=160755588.952792, maxRC=10596877.957541, +16 cols
    [CG]   [DIAG] iter=2 posCols=16 newCols=16 effImprove=16 updated=0
    [CG] CG iter 3: obj=165073774.689227, maxRC=5118128.238817, +14 cols
    [CG]   [DIAG] iter=3 posCols=14 newCols=14 effImprove=14 updated=0
    [CG] CG iter 3: obj=165142941.517196, maxRC=5118128.238817, +14 cols
    [CG] CG iter 3: obj=165086777.147712, maxRC=5118130.937372, +14 cols
    [CG]   [DIAG] iter=3 posCols=14 newCols=14 effImprove=14 updated=0
    [CG]   [DIAG] iter=3 posCols=14 newCols=14 effImprove=14 updated=0
    [CG] 列生成收敛，共 6 轮迭代
    [CG] [CG-NODE] depth=0 exit=CERTIFIED certified=1 feasible=1 iters=6 generatedColsBeforeNode=0 newCols=59 posCandidates=59 duplicateCandidates=0 updatedCols=0 zeroObjImproveIters=2 objFirst=143876198.191522 objLast=174273991.793457 objGain=30397793.601936 maxRC=59518385.609478 wallSec=0.020254 pricingSec=0.013836 cplexSolveSec=0.003549
    [CG] CG iter 3: obj=164953404.594248, maxRC=5118137.235220, +14 cols
    [CG] CG iter 4: obj=174478270.521231, maxRC=2671769.720189, +5 cols
    [CG]   [DIAG] iter=4 posCols=5 newCols=5 effImprove=5 updated=0
    [CG]   [DIAG] iter=3 posCols=14 newCols=14 effImprove=14 updated=0
    [CG] CG iter 3: obj=164863555.933396, maxRC=5104159.758471, +14 cols
      [BB] 根节点即为整数解，obj=174273991.793457
    [CG] CG iter 4: obj=174555287.601061, maxRC=2671769.720189, +5 cols
    [CG]   [DIAG] iter=3 posCols=14 newCols=14 effImprove=14 updated=0
    [CG]   [DIAG] iter=4 posCols=5 newCols=5 effImprove=5 updated=0
    [CG] CG iter 4: obj=174503803.398714, maxRC=2671770.705676, +5 cols
    [CG]   [DIAG] iter=4 posCols=5 newCols=5 effImprove=5 updated=0
    [CG] CG iter 5: obj=174478270.521231, maxRC=657761.287921, +1 cols
    [CG]   [DIAG] iter=5 posCols=1 newCols=1 effImprove=1 updated=0
    [CG] CG iter 4: obj=174382781.430000, maxRC=2671772.914694, +6 cols
    [CG]   [DIAG] iter=4 posCols=6 newCols=6 effImprove=6 updated=0
    [CG] CG iter 5: obj=174555287.601061, maxRC=671934.933273, +1 cols
    [CG]   [DIAG] iter=5 posCols=1 newCols=1 effImprove=1 updated=0
    [CG] CG iter 5: obj=174503803.398714, maxRC=685824.238623, +1 cols
    [CG] CG iter 4: obj=174263657.552854, maxRC=2665919.347070, +5 cols
    [CG]   [DIAG] iter=5 posCols=1 newCols=1 effImprove=1 updated=0
    [CG]   [DIAG] iter=4 posCols=5 newCols=5 effImprove=5 updated=0
    [CG] 列生成收敛，共 6 轮迭代
    [CG] [CG-NODE] depth=0 exit=CERTIFIED certified=1 feasible=1 iters=6 generatedColsBeforeNode=0 newCols=59 posCandidates=59 duplicateCandidates=0 updatedCols=0 zeroObjImproveIters=2 objFirst=144089979.232453 objLast=174478270.521231 objGain=30388291.288779 maxRC=59519752.493170 wallSec=0.010803 pricingSec=0.007105 cplexSolveSec=0.001910
    [CG] 列生成收敛，共 6 轮迭代
    [CG] [CG-NODE] depth=0 exit=CERTIFIED certified=1 feasible=1 iters=6 generatedColsBeforeNode=0 newCols=59 posCandidates=59 duplicateCandidates=0 updatedCols=0 zeroObjImproveIters=2 objFirst=144173801.184715 objLast=174555287.601061 objGain=30381486.416346 maxRC=59519752.131033 wallSec=0.011530 pricingSec=0.007283 cplexSolveSec=0.002029
    [CG] CG iter 5: obj=174399591.234343, maxRC=703284.024663, +1 cols
    [CG] 列生成收敛，共 6 轮迭代
    [CG]   [DIAG] iter=5 posCols=1 newCols=1 effImprove=1 updated=0
    [CG] [CG-NODE] depth=0 exit=CERTIFIED certified=1 feasible=1 iters=6 generatedColsBeforeNode=0 newCols=59 posCandidates=59 duplicateCandidates=0 updatedCols=0 zeroObjImproveIters=2 objFirst=144138133.214500 objLast=174503803.398714 objGain=30365670.184214 maxRC=59484512.132631 wallSec=0.011061 pricingSec=0.007215 cplexSolveSec=0.002004
      [BB] 根节点即为整数解，obj=174478270.521231
    [CG] CG iter 5: obj=174263657.552854, maxRC=658862.722071, +1 cols
    [CG]   [DIAG] iter=5 posCols=1 newCols=1 effImprove=1 updated=0
    [CG] CG iter 1: obj=143898491.853931, maxRC=59519826.752129, +23 cols
      [BB] 根节点即为整数解，obj=174555287.601061
      [BB] 根节点即为整数解，obj=174503803.398714
    [CG]   [DIAG] iter=1 posCols=23 newCols=23 effImprove=23 updated=0
    [CG] 列生成收敛，共 6 轮迭代
    [CG] [CG-NODE] depth=0 exit=CERTIFIED certified=1 feasible=1 iters=6 generatedColsBeforeNode=0 newCols=60 posCandidates=60 duplicateCandidates=0 updatedCols=0 zeroObjImproveIters=1 objFirst=143999047.733064 objLast=174399591.234343 objGain=30400543.501279 maxRC=59391600.634397 wallSec=0.010899 pricingSec=0.007064 cplexSolveSec=0.001963
    [CG] 列生成收敛，共 6 轮迭代
    [CG] CG iter 1: obj=144110317.179435, maxRC=59519752.128890, +23 cols
    [CG] [CG-NODE] depth=0 exit=CERTIFIED certified=1 feasible=1 iters=6 generatedColsBeforeNode=0 newCols=59 posCandidates=59 duplicateCandidates=0 updatedCols=0 zeroObjImproveIters=2 objFirst=143860757.334702 objLast=174263657.552854 objGain=30402900.218152 maxRC=59476938.311551 wallSec=0.010798 pricingSec=0.007050 cplexSolveSec=0.001968
      [BB] 根节点即为整数解，obj=174399591.234343
      [BB] 根节点即为整数解，obj=174263657.552854
    [CG]   [DIAG] iter=1 posCols=23 newCols=23 effImprove=23 updated=0
    [CG] CG iter 2: obj=160763019.538540, maxRC=10623511.969778, +16 cols
    [CG] CG iter 2: obj=161045520.681414, maxRC=10623485.371715, +17 cols
    [CG]   [DIAG] iter=2 posCols=16 newCols=16 effImprove=16 updated=0
    [CG]   [DIAG] iter=2 posCols=17 newCols=17 effImprove=17 updated=0
    [CG] 列生成开始，初始列数=128
    [CG] 列生成开始，初始列数=128
    [CG] 列生成开始，初始列数=128
    [CG] 列生成开始，初始列数=128
    [CG] 列生成开始，初始列数=128
    [CG] 列生成开始，初始列数=128
    [CG] CG iter 3: obj=167664132.725439, maxRC=6214838.966677, +11 cols
    [CG]   [DIAG] iter=3 posCols=11 newCols=11 effImprove=11 updated=0
    [CG] CG iter 3: obj=164860277.407710, maxRC=5118141.437437, +14 cols
    [CG]   [DIAG] iter=3 posCols=14 newCols=14 effImprove=14 updated=0
    [CG] CG iter 4: obj=170283058.425996, maxRC=4161823.848045, +5 cols
    [CG]   [DIAG] iter=4 posCols=5 newCols=5 effImprove=5 updated=0
    [CG] CG iter 4: obj=174272670.928356, maxRC=2671774.116017, +5 cols
    [CG]   [DIAG] iter=4 posCols=5 newCols=5 effImprove=5 updated=0
    [CG] 列生成收敛，共 5 轮迭代
    [CG] [CG-NODE] depth=0 exit=CERTIFIED certified=1 feasible=1 iters=5 generatedColsBeforeNode=0 newCols=56 posCandidates=56 duplicateCandidates=0 updatedCols=0 zeroObjImproveIters=0 objFirst=144110317.179435 objLast=174501454.513866 objGain=30391137.334432 maxRC=59519752.128890 wallSec=0.015342 pricingSec=0.009917 cplexSolveSec=0.002877
      [BB] 根节点即为整数解，obj=174501454.513866
    [CG] CG iter 5: obj=174272670.928356, maxRC=671453.654866, +1 cols
    [CG]   [DIAG] iter=5 posCols=1 newCols=1 effImprove=1 updated=0
    [CG] 列生成收敛，共 6 轮迭代
    [CG] [CG-NODE] depth=0 exit=CERTIFIED certified=1 feasible=1 iters=6 generatedColsBeforeNode=0 newCols=59 posCandidates=59 duplicateCandidates=0 updatedCols=0 zeroObjImproveIters=2 objFirst=143898491.853931 objLast=174272670.928356 objGain=30374179.074425 maxRC=59519826.752129 wallSec=0.017757 pricingSec=0.011655 cplexSolveSec=0.003335
      [BB] 根节点即为整数解，obj=174272670.928356
    [CG] CG iter 1: obj=143947912.005990, maxRC=59391600.634397, +23 cols
    [CG] 列生成开始，初始列数=128
    [CG] CG iter 1: obj=143840997.212451, maxRC=59508005.515090, +23 cols
    [CG]   [DIAG] iter=1 posCols=23 newCols=23 effImprove=23 updated=0
    [CG]   [DIAG] iter=1 posCols=23 newCols=23 effImprove=23 updated=0
    [CG] CG iter 2: obj=160806366.430328, maxRC=10563110.677181, +16 cols
    [CG]   [DIAG] iter=2 posCols=16 newCols=16 effImprove=16 updated=0
    [CG] CG iter 2: obj=160900235.972397, maxRC=10637413.995306, +17 cols
    [CG]   [DIAG] iter=2 posCols=17 newCols=17 effImprove=17 updated=0
    [CG] 列生成开始，初始列数=128
    [CG] CG iter 1: obj=144088044.680659, maxRC=59519752.128890, +23 cols
    [CG]   [DIAG] iter=1 posCols=23 newCols=23 effImprove=23 updated=0
    [CG] CG iter 1: obj=144171643.824810, maxRC=59519752.128890, +23 cols
    [CG] CG iter 3: obj=164909083.397557, maxRC=5118137.235220, +14 cols
    [CG] CG iter 3: obj=167528060.437216, maxRC=6196995.785207, +12 cols
    [CG]   [DIAG] iter=3 posCols=12 newCols=12 effImprove=12 updated=0
    [CG]   [DIAG] iter=3 posCols=14 newCols=14 effImprove=14 updated=0
    [CG]   [DIAG] iter=1 posCols=23 newCols=23 effImprove=23 updated=0
    [CG] CG iter 2: obj=160965345.919212, maxRC=10623485.371715, +16 cols
    [CG] CG iter 4: obj=174331901.677795, maxRC=2671772.914694, +6 cols
    [CG]   [DIAG] iter=4 posCols=6 newCols=6 effImprove=6 updated=0
    [CG] CG iter 4: obj=170171696.693647, maxRC=4172745.886271, +5 cols
    [CG]   [DIAG] iter=2 posCols=16 newCols=16 effImprove=16 updated=0
    [CG]   [DIAG] iter=4 posCols=5 newCols=5 effImprove=5 updated=0
    [CG] CG iter 5: obj=174345663.739868, maxRC=706664.890512, +1 cols
    [CG]   [DIAG] iter=5 posCols=1 newCols=1 effImprove=1 updated=0
    [CG] 列生成收敛，共 5 轮迭代
    [CG] [CG-NODE] depth=0 exit=CERTIFIED certified=1 feasible=1 iters=5 generatedColsBeforeNode=0 newCols=57 posCandidates=57 duplicateCandidates=0 updatedCols=0 zeroObjImproveIters=0 objFirst=143840997.212451 objLast=174389664.926360 objGain=30548667.713910 maxRC=59508005.515090 wallSec=0.007634 pricingSec=0.004691 cplexSolveSec=0.001442
      [BB] 根节点即为整数解，obj=174389664.926360
    [CG] 列生成收敛，共 6 轮迭代
    [CG] [CG-NODE] depth=0 exit=CERTIFIED certified=1 feasible=1 iters=6 generatedColsBeforeNode=0 newCols=60 posCandidates=60 duplicateCandidates=0 updatedCols=0 zeroObjImproveIters=1 objFirst=143947912.005990 objLast=174345663.739868 objGain=30397751.733878 maxRC=59391600.634397 wallSec=0.008087 pricingSec=0.004863 cplexSolveSec=0.001567
      [BB] 根节点即为整数解，obj=174345663.739868
    [CG] CG iter 3: obj=165071850.058897, maxRC=5118128.238817, +14 cols
    [CG]   [DIAG] iter=3 posCols=14 newCols=14 effImprove=14 updated=0
    [CG] CG iter 2: obj=161047452.352799, maxRC=10623467.315918, +16 cols
    [CG]   [DIAG] iter=2 posCols=16 newCols=16 effImprove=16 updated=0
    [CG] CG iter 4: obj=174476337.805858, maxRC=2671769.720189, +5 cols
    [CG]   [DIAG] iter=4 posCols=5 newCols=5 effImprove=5 updated=0
    [CG] CG iter 5: obj=174476337.805858, maxRC=657772.109523, +1 cols
    [CG]   [DIAG] iter=5 posCols=1 newCols=1 effImprove=1 updated=0
    [CG] 列生成收敛，共 6 轮迭代
    [CG] [CG-NODE] depth=0 exit=CERTIFIED certified=1 feasible=1 iters=6 generatedColsBeforeNode=0 newCols=59 posCandidates=59 duplicateCandidates=0 updatedCols=0 zeroObjImproveIters=2 objFirst=144088044.680659 objLast=174476337.805858 objGain=30388293.125199 maxRC=59519752.128890 wallSec=0.010130 pricingSec=0.006517 cplexSolveSec=0.001981
    [CG] 列生成开始，初始列数=128
    [CG] CG iter 1: obj=144103239.908543, maxRC=59519832.925579, +23 cols
    [CG] 列生成开始，初始列数=128
    [CG] CG iter 3: obj=165146095.326336, maxRC=5118128.238817, +14 cols
      [BB] 根节点即为整数解，obj=174476337.805858
    [CG]   [DIAG] iter=1 posCols=23 newCols=23 effImprove=23 updated=0
    [CG]   [DIAG] iter=3 posCols=14 newCols=14 effImprove=14 updated=0
    [CG] CG iter 2: obj=161041253.657804, maxRC=10628768.553143, +17 cols
    [CG] CG iter 1: obj=143872631.141052, maxRC=59519752.128890, +23 cols
    [CG]   [DIAG] iter=2 posCols=17 newCols=17 effImprove=17 updated=0
    [CG] CG iter 4: obj=174558452.790587, maxRC=2671769.720189, +5 cols
    [CG]   [DIAG] iter=4 posCols=5 newCols=5 effImprove=5 updated=0
    [CG]   [DIAG] iter=1 posCols=23 newCols=23 effImprove=23 updated=0
    [CG] CG iter 1: obj=144184318.342705, maxRC=59519752.288062, +23 cols
    [CG]   [DIAG] iter=1 posCols=23 newCols=23 effImprove=23 updated=0
    [CG] CG iter 3: obj=167656837.072019, maxRC=6214354.208813, +11 cols
    [CG]   [DIAG] iter=3 posCols=11 newCols=11 effImprove=11 updated=0
    [CG] CG iter 5: obj=174558452.790587, maxRC=671934.150136, +1 cols
    [CG]   [DIAG] iter=5 posCols=1 newCols=1 effImprove=1 updated=0
    [CG] CG iter 2: obj=161047442.113170, maxRC=10623485.371715, +17 cols
    [CG]   [DIAG] iter=2 posCols=17 newCols=17 effImprove=17 updated=0
    [CG] CG iter 1: obj=143659363.648191, maxRC=59508037.318264, +23 cols
    [CG] CG iter 4: obj=170276038.525549, maxRC=4159709.683106, +5 cols
    [CG]   [DIAG] iter=4 posCols=5 newCols=5 effImprove=5 updated=0
    [CG]   [DIAG] iter=1 posCols=23 newCols=23 effImprove=23 updated=0
    [CG] 列生成收敛，共 6 轮迭代
    [CG] [CG-NODE] depth=0 exit=CERTIFIED certified=1 feasible=1 iters=6 generatedColsBeforeNode=0 newCols=59 posCandidates=59 duplicateCandidates=0 updatedCols=0 zeroObjImproveIters=2 objFirst=144171643.824810 objLast=174558452.790587 objGain=30386808.965777 maxRC=59519752.128890 wallSec=0.012839 pricingSec=0.007890 cplexSolveSec=0.002665
    [CG] 列生成收敛，共 5 轮迭代
    [CG] [CG-NODE] depth=0 exit=CERTIFIED certified=1 feasible=1 iters=5 generatedColsBeforeNode=0 newCols=56 posCandidates=56 duplicateCandidates=0 updatedCols=0 zeroObjImproveIters=0 objFirst=144103239.908543 objLast=174492866.834017 objGain=30389626.925474 maxRC=59519832.925579 wallSec=0.008183 pricingSec=0.005248 cplexSolveSec=0.001525
    [CG] CG iter 3: obj=167538417.098311, maxRC=6270562.264057, +11 cols
    [CG]   [DIAG] iter=3 posCols=11 newCols=11 effImprove=11 updated=0
      [BB] 根节点即为整数解，obj=174558452.790587
      [BB] 根节点即为整数解，obj=174492866.834017
    [CG] CG iter 2: obj=161047444.214829, maxRC=10623467.315918, +16 cols
    [CG] CG iter 4: obj=170029705.739985, maxRC=4041866.780299, +5 cols
    [CG]   [DIAG] iter=4 posCols=5 newCols=5 effImprove=5 updated=0
    [CG]   [DIAG] iter=2 posCols=16 newCols=16 effImprove=16 updated=0
    [CG] 列生成收敛，共 5 轮迭代
    [CG] [CG-NODE] depth=0 exit=CERTIFIED certified=1 feasible=1 iters=5 generatedColsBeforeNode=0 newCols=56 posCandidates=56 duplicateCandidates=0 updatedCols=0 zeroObjImproveIters=0 objFirst=143872631.141052 objLast=174248101.827855 objGain=30375470.686803 maxRC=59519752.128890 wallSec=0.008211 pricingSec=0.005434 cplexSolveSec=0.001507
    [CG] CG iter 1: obj=144007908.328180, maxRC=59519752.128890, +23 cols
      [BB] 根节点即为整数解，obj=174248101.827855
    [CG]   [DIAG] iter=1 posCols=23 newCols=23 effImprove=23 updated=0
    [CG] CG iter 2: obj=160810623.304221, maxRC=10777465.015361, +17 cols
    [CG]   [DIAG] iter=2 posCols=17 newCols=17 effImprove=17 updated=0
    [CG] CG iter 2: obj=160925289.422448, maxRC=10781407.352973, +16 cols
    [CG]   [DIAG] iter=2 posCols=16 newCols=16 effImprove=16 updated=0
    [CG] CG iter 3: obj=165146087.188366, maxRC=5118128.238817, +14 cols
    [CG]   [DIAG] iter=3 posCols=14 newCols=14 effImprove=14 updated=0
    [CG] CG iter 3: obj=164671016.873442, maxRC=5171279.906830, +17 cols
    [CG]   [DIAG] iter=3 posCols=17 newCols=17 effImprove=17 updated=0
    [CG] CG iter 3: obj=167356415.750848, maxRC=6194761.412024, +12 cols
    [CG]   [DIAG] iter=3 posCols=12 newCols=12 effImprove=12 updated=0
    [CG] CG iter 4: obj=174333724.303625, maxRC=2173532.596646, +8 cols
    [CG] CG iter 4: obj=174558444.652618, maxRC=2671769.720189, +5 cols
    [CG]   [DIAG] iter=4 posCols=8 newCols=8 effImprove=8 updated=0
    [CG]   [DIAG] iter=4 posCols=5 newCols=5 effImprove=5 updated=0
    [CG] CG iter 1: obj=143869677.109580, maxRC=59507749.455263, +23 cols
    [CG]   [DIAG] iter=1 posCols=23 newCols=23 effImprove=23 updated=0
    [CG] CG iter 5: obj=174333724.303625, maxRC=9004.421986, +1 cols
    [CG]   [DIAG] iter=5 posCols=1 newCols=1 effImprove=1 updated=0
    [CG] CG iter 4: obj=169998692.206117, maxRC=4112311.433903, +6 cols
    [CG]   [DIAG] iter=4 posCols=6 newCols=6 effImprove=6 updated=0
    [CG] CG iter 5: obj=174558444.652618, maxRC=671934.150136, +1 cols
    [CG]   [DIAG] iter=5 posCols=1 newCols=1 effImprove=1 updated=0
    [CG] 列生成收敛，共 6 轮迭代
    [CG] [CG-NODE] depth=0 exit=CERTIFIED certified=1 feasible=1 iters=6 generatedColsBeforeNode=0 newCols=65 posCandidates=65 duplicateCandidates=0 updatedCols=0 zeroObjImproveIters=2 objFirst=144007908.328180 objLast=174333724.303625 objGain=30325815.975446 maxRC=59519752.128890 wallSec=0.006987 pricingSec=0.004383 cplexSolveSec=0.001383
      [BB] 根节点即为整数解，obj=174333724.303625
    [CG] 列生成收敛，共 6 轮迭代
    [CG] [CG-NODE] depth=0 exit=CERTIFIED certified=1 feasible=1 iters=6 generatedColsBeforeNode=0 newCols=59 posCandidates=59 duplicateCandidates=0 updatedCols=0 zeroObjImproveIters=2 objFirst=144184318.342705 objLast=174558444.652618 objGain=30374126.309913 maxRC=59519752.288062 wallSec=0.017734 pricingSec=0.011970 cplexSolveSec=0.003287
    [CG] 列生成收敛，共 5 轮迭代
    [CG] [CG-NODE] depth=0 exit=CERTIFIED certified=1 feasible=1 iters=5 generatedColsBeforeNode=0 newCols=58 posCandidates=58 duplicateCandidates=0 updatedCols=0 zeroObjImproveIters=0 objFirst=143659363.648191 objLast=174169801.918812 objGain=30510438.270621 maxRC=59508037.318264 wallSec=0.017003 pricingSec=0.012074 cplexSolveSec=0.002612
    [CG] CG iter 2: obj=160930045.579082, maxRC=10622965.943297, +17 cols
      [BB] 根节点即为整数解，obj=174558444.652618
    [CG]   [DIAG] iter=2 posCols=17 newCols=17 effImprove=17 updated=0
      [BB] 根节点即为整数解，obj=174169801.918812
    [CG] CG iter 3: obj=167576227.372658, maxRC=6203379.223594, +12 cols
    [CG]   [DIAG] iter=3 posCols=12 newCols=12 effImprove=12 updated=0
    [CG] CG iter 4: obj=170222739.517928, maxRC=4187299.027112, +5 cols
    [CG]   [DIAG] iter=4 posCols=5 newCols=5 effImprove=5 updated=0
    [CG] 列生成收敛，共 5 轮迭代
    [CG] [CG-NODE] depth=0 exit=CERTIFIED certified=1 feasible=1 iters=5 generatedColsBeforeNode=0 newCols=57 posCandidates=57 duplicateCandidates=0 updatedCols=0 zeroObjImproveIters=0 objFirst=143869677.109580 objLast=174441131.027433 objGain=30571453.917852 maxRC=59507749.455263 wallSec=0.010512 pricingSec=0.006812 cplexSolveSec=0.002041
      [BB] 根节点即为整数解，obj=174441131.027433
[GA] 代数 4: Best=174587338.48, Avg=174386760.84, Worst=173939950.79, Valid=30/30, 耗时=0.06s (连续4代未提升)
  ├─ 求解: 30 个体 fork 并行 | CG迭代=143 加列=1499 BB分支=0
  ├─ 并行墙钟=0.0556s | 串行等效(ΣBP)=0.3620s | 加速比=6.51x
  ├─ 管理开销=-0.3064s (fork=0.0048 wait=0.0504 merge=0.0003)
  └─ CG明细: gen_logs/run_gen4_ind{0..29}.log
    [CG] 列生成开始，初始列数=128
    [CG] 列生成开始，初始列数=128
    [CG] 列生成开始，初始列数=128
    [CG] 列生成开始，初始列数=128
    [CG] 列生成开始，初始列数=128
    [CG] 列生成开始，初始列数=128
    [CG] 列生成开始，初始列数=128
    [CG] 列生成开始，初始列数=128
    [CG] CG iter 1: obj=143922201.684558, maxRC=59513232.942084, +23 cols
    [CG]   [DIAG] iter=1 posCols=23 newCols=23 effImprove=23 updated=0
    [CG] CG iter 2: obj=160893625.576874, maxRC=10622940.497365, +17 cols
    [CG]   [DIAG] iter=2 posCols=17 newCols=17 effImprove=17 updated=0
    [CG] CG iter 1: obj=143899820.119152, maxRC=59519827.025071, +23 cols
    [CG] CG iter 1: obj=144183052.222215, maxRC=59519670.787331, +23 cols
    [CG] CG iter 1: obj=143794766.029821, maxRC=59519752.401832, +23 cols
    [CG]   [DIAG] iter=1 posCols=23 newCols=23 effImprove=23 updated=0
    [CG]   [DIAG] iter=1 posCols=23 newCols=23 effImprove=23 updated=0
    [CG] CG iter 3: obj=167526507.543301, maxRC=6200590.360674, +12 cols
    [CG]   [DIAG] iter=1 posCols=23 newCols=23 effImprove=23 updated=0
    [CG]   [DIAG] iter=3 posCols=12 newCols=12 effImprove=12 updated=0
    [CG] CG iter 4: obj=170169379.528686, maxRC=4177104.732785, +5 cols
    [CG]   [DIAG] iter=4 posCols=5 newCols=5 effImprove=5 updated=0
    [CG] CG iter 2: obj=160763019.538540, maxRC=10623511.969778, +16 cols
    [CG]   [DIAG] iter=2 posCols=16 newCols=16 effImprove=16 updated=0
    [CG] CG iter 2: obj=161047444.214829, maxRC=10623467.315918, +16 cols
    [CG] CG iter 2: obj=160990866.175295, maxRC=10697366.427424, +17 cols
    [CG] 列生成收敛，共 5 轮迭代
    [CG] [CG-NODE] depth=0 exit=CERTIFIED certified=1 feasible=1 iters=5 generatedColsBeforeNode=0 newCols=57 posCandidates=57 duplicateCandidates=0 updatedCols=0 zeroObjImproveIters=0 objFirst=143922201.684558 objLast=174391706.607913 objGain=30469504.923355 maxRC=59513232.942084 wallSec=0.006935 pricingSec=0.004304 cplexSolveSec=0.001335
    [CG] CG iter 1: obj=143832547.072037, maxRC=59386405.010577, +23 cols
    [CG]   [DIAG] iter=2 posCols=16 newCols=16 effImprove=16 updated=0
    [CG]   [DIAG] iter=2 posCols=17 newCols=17 effImprove=17 updated=0
      [BB] 根节点即为整数解，obj=174391706.607913
    [CG]   [DIAG] iter=1 posCols=23 newCols=23 effImprove=23 updated=0
    [CG] CG iter 3: obj=164861643.619733, maxRC=5118141.437437, +14 cols
    [CG]   [DIAG] iter=3 posCols=14 newCols=14 effImprove=14 updated=0
    [CG] CG iter 3: obj=165146087.188366, maxRC=5118128.238817, +14 cols
    [CG] CG iter 3: obj=167448208.770827, maxRC=6260377.455482, +11 cols
    [CG]   [DIAG] iter=3 posCols=11 newCols=11 effImprove=11 updated=0
    [CG]   [DIAG] iter=3 posCols=14 newCols=14 effImprove=14 updated=0
    [CG] CG iter 2: obj=160787790.803883, maxRC=10611330.719403, +17 cols
    [CG] CG iter 4: obj=174273991.793457, maxRC=2671774.116017, +5 cols
    [CG]   [DIAG] iter=4 posCols=5 newCols=5 effImprove=5 updated=0
    [CG]   [DIAG] iter=2 posCols=17 newCols=17 effImprove=17 updated=0
    [CG] CG iter 4: obj=174558444.652618, maxRC=2671769.720189, +5 cols
    [CG] CG iter 4: obj=169951847.020910, maxRC=4019340.907627, +5 cols
    [CG]   [DIAG] iter=4 posCols=5 newCols=5 effImprove=5 updated=0
    [CG]   [DIAG] iter=4 posCols=5 newCols=5 effImprove=5 updated=0
    [CG] CG iter 5: obj=174273991.793457, maxRC=671932.452695, +1 cols
    [CG]   [DIAG] iter=5 posCols=1 newCols=1 effImprove=1 updated=0
    [CG] CG iter 5: obj=174558444.652618, maxRC=671934.150136, +1 cols
    [CG] 列生成收敛，共 5 轮迭代
    [CG]   [DIAG] iter=5 posCols=1 newCols=1 effImprove=1 updated=0
    [CG] [CG-NODE] depth=0 exit=CERTIFIED certified=1 feasible=1 iters=5 generatedColsBeforeNode=0 newCols=56 posCandidates=56 duplicateCandidates=0 updatedCols=0 zeroObjImproveIters=0 objFirst=143794766.029821 objLast=174147703.148452 objGain=30352937.118631 maxRC=59519752.401832 wallSec=0.008291 pricingSec=0.005467 cplexSolveSec=0.001530
      [BB] 根节点即为整数解，obj=174147703.148452
    [CG] 列生成收敛，共 6 轮迭代
    [CG] [CG-NODE] depth=0 exit=CERTIFIED certified=1 feasible=1 iters=6 generatedColsBeforeNode=0 newCols=59 posCandidates=59 duplicateCandidates=0 updatedCols=0 zeroObjImproveIters=2 objFirst=143899820.119152 objLast=174273991.793457 objGain=30374171.674306 maxRC=59519827.025071 wallSec=0.008741 pricingSec=0.005618 cplexSolveSec=0.001706
    [CG] 列生成收敛，共 6 轮迭代
    [CG] [CG-NODE] depth=0 exit=CERTIFIED certified=1 feasible=1 iters=6 generatedColsBeforeNode=0 newCols=59 posCandidates=59 duplicateCandidates=0 updatedCols=0 zeroObjImproveIters=2 objFirst=144183052.222215 objLast=174558444.652618 objGain=30375392.430403 maxRC=59519670.787331 wallSec=0.008984 pricingSec=0.005762 cplexSolveSec=0.001789
    [CG] CG iter 3: obj=167420873.374030, maxRC=6199896.081860, +12 cols
      [BB] 根节点即为整数解，obj=174273991.793457
    [CG]   [DIAG] iter=3 posCols=12 newCols=12 effImprove=12 updated=0
      [BB] 根节点即为整数解，obj=174558444.652618
    [CG] CG iter 4: obj=170078687.457369, maxRC=4219850.126333, +7 cols
    [CG]   [DIAG] iter=4 posCols=7 newCols=7 effImprove=7 updated=0
    [CG] 列生成开始，初始列数=128
    [CG] CG iter 1: obj=144179177.440333, maxRC=59519752.128890, +23 cols
    [CG]   [DIAG] iter=1 posCols=23 newCols=23 effImprove=23 updated=0
    [CG] 列生成收敛，共 5 轮迭代
    [CG] [CG-NODE] depth=0 exit=CERTIFIED certified=1 feasible=1 iters=5 generatedColsBeforeNode=0 newCols=59 posCandidates=59 duplicateCandidates=0 updatedCols=0 zeroObjImproveIters=0 objFirst=143832547.072037 objLast=174298537.583703 objGain=30465990.511665 maxRC=59386405.010577 wallSec=0.010582 pricingSec=0.007028 cplexSolveSec=0.001906
      [BB] 根节点即为整数解，obj=174298537.583703
    [CG] 列生成开始，初始列数=128
    [CG] CG iter 1: obj=144107425.746240, maxRC=59519832.925579, +23 cols
    [CG]   [DIAG] iter=1 posCols=23 newCols=23 effImprove=23 updated=0
    [CG] CG iter 2: obj=161043705.044497, maxRC=10627983.495575, +16 cols
    [CG]   [DIAG] iter=2 posCols=16 newCols=16 effImprove=16 updated=0
    [CG] 列生成开始，初始列数=128
    [CG] 列生成开始，初始列数=128
    [CG] CG iter 2: obj=161044297.484619, maxRC=10624932.868264, +17 cols
    [CG] CG iter 3: obj=165140908.863690, maxRC=5118128.238817, +14 cols
    [CG]   [DIAG] iter=2 posCols=17 newCols=17 effImprove=17 updated=0
    [CG]   [DIAG] iter=3 posCols=14 newCols=14 effImprove=14 updated=0
    [CG] 列生成开始，初始列数=128
    [CG] CG iter 4: obj=174551974.444378, maxRC=2671769.720189, +5 cols
    [CG]   [DIAG] iter=4 posCols=5 newCols=5 effImprove=5 updated=0
    [CG] CG iter 3: obj=167661646.158050, maxRC=6214884.164415, +11 cols
    [CG] CG iter 5: obj=174551974.444378, maxRC=673485.380650, +1 cols
    [CG]   [DIAG] iter=3 posCols=11 newCols=11 effImprove=11 updated=0
    [CG]   [DIAG] iter=5 posCols=1 newCols=1 effImprove=1 updated=0
    [CG] CG iter 1: obj=143810432.852447, maxRC=59484512.132631, +23 cols
    [CG] 列生成收敛，共 6 轮迭代
    [CG]   [DIAG] iter=1 posCols=23 newCols=23 effImprove=23 updated=0
    [CG] [CG-NODE] depth=0 exit=CERTIFIED certified=1 feasible=1 iters=6 generatedColsBeforeNode=0 newCols=59 posCandidates=59 duplicateCandidates=0 updatedCols=0 zeroObjImproveIters=2 objFirst=144179177.440333 objLast=174551974.444378 objGain=30372797.004045 maxRC=59519752.128890 wallSec=0.013538 pricingSec=0.009102 cplexSolveSec=0.002435
      [BB] 根节点即为整数解，obj=174551974.444378
    [CG] CG iter 1: obj=144012450.701304, maxRC=59513980.288206, +23 cols
    [CG] CG iter 4: obj=170280224.363246, maxRC=4160862.887042, +5 cols
    [CG]   [DIAG] iter=4 posCols=5 newCols=5 effImprove=5 updated=0
    [CG]   [DIAG] iter=1 posCols=23 newCols=23 effImprove=23 updated=0
    [CG] 列生成收敛，共 5 轮迭代
    [CG] [CG-NODE] depth=0 exit=CERTIFIED certified=1 feasible=1 iters=5 generatedColsBeforeNode=0 newCols=56 posCandidates=56 duplicateCandidates=0 updatedCols=0 zeroObjImproveIters=0 objFirst=144107425.746240 objLast=174498205.875650 objGain=30390780.129410 maxRC=59519832.925579 wallSec=0.014460 pricingSec=0.010218 cplexSolveSec=0.002291
    [CG] CG iter 2: obj=161045588.595347, maxRC=10623513.150183, +17 cols
    [CG]   [DIAG] iter=2 posCols=17 newCols=17 effImprove=17 updated=0
      [BB] 根节点即为整数解，obj=174498205.875650
    [CG] CG iter 2: obj=160960581.523269, maxRC=10600292.993976, +17 cols
    [CG]   [DIAG] iter=2 posCols=17 newCols=17 effImprove=17 updated=0
    [CG] CG iter 3: obj=167663617.002383, maxRC=6215081.756813, +11 cols
    [CG]   [DIAG] iter=3 posCols=11 newCols=11 effImprove=11 updated=0
    [CG] CG iter 4: obj=170281991.043923, maxRC=4161261.828381, +5 cols
    [CG]   [DIAG] iter=4 posCols=5 newCols=5 effImprove=5 updated=0
    [CG] 列生成开始，初始列数=128
    [CG] 列生成收敛，共 5 轮迭代
    [CG] [CG-NODE] depth=0 exit=CERTIFIED certified=1 feasible=1 iters=5 generatedColsBeforeNode=0 newCols=56 posCandidates=56 duplicateCandidates=0 updatedCols=0 zeroObjImproveIters=0 objFirst=144012450.701304 objLast=174500373.063015 objGain=30487922.361711 maxRC=59513980.288206 wallSec=0.006643 pricingSec=0.004247 cplexSolveSec=0.001251
      [BB] 根节点即为整数解，obj=174500373.063015
    [CG] CG iter 3: obj=167454015.218369, maxRC=6266147.686220, +11 cols
    [CG]   [DIAG] iter=3 posCols=11 newCols=11 effImprove=11 updated=0
    [CG] 列生成开始，初始列数=128
    [CG] CG iter 1: obj=143978930.064598, maxRC=59407789.655984, +23 cols
    [CG] CG iter 4: obj=169948370.664306, maxRC=4055459.788497, +5 cols
    [CG]   [DIAG] iter=4 posCols=5 newCols=5 effImprove=5 updated=0
    [CG] 列生成开始，初始列数=128
    [CG]   [DIAG] iter=1 posCols=23 newCols=23 effImprove=23 updated=0
    [CG] 列生成收敛，共 5 轮迭代
    [CG] [CG-NODE] depth=0 exit=CERTIFIED certified=1 feasible=1 iters=5 generatedColsBeforeNode=0 newCols=56 posCandidates=56 duplicateCandidates=0 updatedCols=0 zeroObjImproveIters=0 objFirst=143810432.852447 objLast=174172050.800670 objGain=30361617.948223 maxRC=59484512.132631 wallSec=0.018055 pricingSec=0.012781 cplexSolveSec=0.002665
      [BB] 根节点即为整数解，obj=174172050.800670
    [CG] CG iter 2: obj=160849439.542668, maxRC=10573499.195602, +16 cols
    [CG]   [DIAG] iter=2 posCols=16 newCols=16 effImprove=16 updated=0
    [CG] CG iter 1: obj=143987474.790332, maxRC=59519622.692000, +23 cols
    [CG]   [DIAG] iter=1 posCols=23 newCols=23 effImprove=23 updated=0
    [CG] CG iter 3: obj=164946124.965574, maxRC=5118140.845471, +14 cols
    [CG]   [DIAG] iter=3 posCols=14 newCols=14 effImprove=14 updated=0
    [CG] CG iter 4: obj=174368639.841671, maxRC=2671773.324158, +6 cols
    [CG]   [DIAG] iter=4 posCols=6 newCols=6 effImprove=6 updated=0
    [CG] CG iter 1: obj=144105100.625429, maxRC=59519779.058582, +23 cols
    [CG] CG iter 2: obj=160908949.038179, maxRC=10781226.769559, +16 cols
    [CG]   [DIAG] iter=2 posCols=16 newCols=16 effImprove=16 updated=0
    [CG] CG iter 5: obj=174375171.396777, maxRC=709846.571836, +1 cols
    [CG] 列生成开始，初始列数=128
    [CG]   [DIAG] iter=1 posCols=23 newCols=23 effImprove=23 updated=0
    [CG]   [DIAG] iter=5 posCols=1 newCols=1 effImprove=1 updated=0
    [CG] CG iter 1: obj=143958822.752290, maxRC=59519752.128890, +23 cols
    [CG]   [DIAG] iter=1 posCols=23 newCols=23 effImprove=23 updated=0
    [CG] CG iter 1: obj=144071674.197865, maxRC=59484163.486777, +23 cols
    [CG]   [DIAG] iter=1 posCols=23 newCols=23 effImprove=23 updated=0
    [CG] 列生成收敛，共 6 轮迭代
    [CG] [CG-NODE] depth=0 exit=CERTIFIED certified=1 feasible=1 iters=6 generatedColsBeforeNode=0 newCols=60 posCandidates=60 duplicateCandidates=0 updatedCols=0 zeroObjImproveIters=1 objFirst=143978930.064598 objLast=174375171.396777 objGain=30396241.332179 maxRC=59407789.655984 wallSec=0.011618 pricingSec=0.007267 cplexSolveSec=0.002122
      [BB] 根节点即为整数解，obj=174375171.396777
    [CG] CG iter 1: obj=144013692.355388, maxRC=59479301.954157, +23 cols
    [CG] CG iter 3: obj=164654159.441283, maxRC=5179573.305739, +17 cols
    [CG]   [DIAG] iter=1 posCols=23 newCols=23 effImprove=23 updated=0
    [CG]   [DIAG] iter=3 posCols=17 newCols=17 effImprove=17 updated=0
    [CG] CG iter 2: obj=160979834.020475, maxRC=10604364.732343, +16 cols
    [CG]   [DIAG] iter=2 posCols=16 newCols=16 effImprove=16 updated=0
    [CG] CG iter 2: obj=160915607.656359, maxRC=10623467.315918, +17 cols
    [CG]   [DIAG] iter=2 posCols=17 newCols=17 effImprove=17 updated=0
    [CG] CG iter 3: obj=165019941.578427, maxRC=5118130.937372, +14 cols
    [CG]   [DIAG] iter=3 posCols=14 newCols=14 effImprove=14 updated=0
    [CG] CG iter 2: obj=160972275.833041, maxRC=10618193.668887, +17 cols
    [CG]   [DIAG] iter=2 posCols=17 newCols=17 effImprove=17 updated=0
    [CG] CG iter 4: obj=174319066.120379, maxRC=2183512.906009, +8 cols
    [CG]   [DIAG] iter=4 posCols=8 newCols=8 effImprove=8 updated=0
    [CG] CG iter 2: obj=160990903.306965, maxRC=10697377.593004, +16 cols
    [CG]   [DIAG] iter=2 posCols=16 newCols=16 effImprove=16 updated=0
    [CG] CG iter 3: obj=167501011.149473, maxRC=6216379.455895, +11 cols
    [CG] CG iter 4: obj=174441765.517846, maxRC=2671770.705676, +5 cols
    [CG]   [DIAG] iter=3 posCols=11 newCols=11 effImprove=11 updated=0
    [CG]   [DIAG] iter=4 posCols=5 newCols=5 effImprove=5 updated=0
    [CG] CG iter 1: obj=144145633.341504, maxRC=59519484.279724, +23 cols
    [CG] CG iter 5: obj=174441765.517846, maxRC=661484.035269, +1 cols
    [CG]   [DIAG] iter=5 posCols=1 newCols=1 effImprove=1 updated=0
    [CG]   [DIAG] iter=1 posCols=23 newCols=23 effImprove=23 updated=0
    [CG] CG iter 3: obj=167616062.615801, maxRC=6202709.780281, +12 cols
    [CG]   [DIAG] iter=3 posCols=12 newCols=12 effImprove=12 updated=0
    [CG] CG iter 5: obj=174319066.120379, maxRC=8890.165316, +1 cols
    [CG] CG iter 4: obj=170112510.451218, maxRC=4138491.838270, +5 cols
    [CG]   [DIAG] iter=5 posCols=1 newCols=1 effImprove=1 updated=0
    [CG]   [DIAG] iter=4 posCols=5 newCols=5 effImprove=5 updated=0
    [CG] 列生成收敛，共 6 轮迭代
    [CG] [CG-NODE] depth=0 exit=CERTIFIED certified=1 feasible=1 iters=6 generatedColsBeforeNode=0 newCols=59 posCandidates=59 duplicateCandidates=0 updatedCols=0 zeroObjImproveIters=2 objFirst=144071674.197865 objLast=174441765.517846 objGain=30370091.319981 maxRC=59484163.486777 wallSec=0.006551 pricingSec=0.004248 cplexSolveSec=0.001313
      [BB] 根节点即为整数解，obj=174441765.517846
    [CG] 列生成收敛，共 5 轮迭代
    [CG] [CG-NODE] depth=0 exit=CERTIFIED certified=1 feasible=1 iters=5 generatedColsBeforeNode=0 newCols=56 posCandidates=56 duplicateCandidates=0 updatedCols=0 zeroObjImproveIters=0 objFirst=143958822.752290 objLast=174338038.923007 objGain=30379216.170716 maxRC=59519752.128890 wallSec=0.009046 pricingSec=0.005973 cplexSolveSec=0.001640
      [BB] 根节点即为整数解，obj=174338038.923007
    [CG] CG iter 4: obj=170266873.445117, maxRC=4197357.060591, +5 cols
    [CG]   [DIAG] iter=4 posCols=5 newCols=5 effImprove=5 updated=0
    [CG] 列生成收敛，共 6 轮迭代
    [CG] [CG-NODE] depth=0 exit=CERTIFIED certified=1 feasible=1 iters=6 generatedColsBeforeNode=0 newCols=65 posCandidates=65 duplicateCandidates=0 updatedCols=0 zeroObjImproveIters=2 objFirst=143987474.790332 objLast=174319066.120379 objGain=30331591.330047 maxRC=59519622.692000 wallSec=0.012962 pricingSec=0.008815 cplexSolveSec=0.002423
    [CG] CG iter 3: obj=164768485.739932, maxRC=5176378.109723, +17 cols
    [CG]   [DIAG] iter=3 posCols=17 newCols=17 effImprove=17 updated=0
    [CG] 列生成收敛，共 5 轮迭代
      [BB] 根节点即为整数解，obj=174319066.120379
    [CG] [CG-NODE] depth=0 exit=CERTIFIED certified=1 feasible=1 iters=5 generatedColsBeforeNode=0 newCols=57 posCandidates=57 duplicateCandidates=0 updatedCols=0 zeroObjImproveIters=0 objFirst=144013692.355388 objLast=174482386.492002 objGain=30468694.136615 maxRC=59479301.954157 wallSec=0.008647 pricingSec=0.005634 cplexSolveSec=0.001575
      [BB] 根节点即为整数解，obj=174482386.492002
    [CG] CG iter 2: obj=161040747.283633, maxRC=10629416.746474, +16 cols
    [CG] 列生成开始，初始列数=128
    [CG]   [DIAG] iter=2 posCols=16 newCols=16 effImprove=16 updated=0
    [CG] CG iter 4: obj=174458052.482152, maxRC=2159624.067495, +9 cols
    [CG]   [DIAG] iter=4 posCols=9 newCols=9 effImprove=9 updated=0
    [CG] 列生成开始，初始列数=128
    [CG] CG iter 3: obj=165129415.931797, maxRC=5118128.238817, +14 cols
    [CG] 列生成开始，初始列数=128
    [CG]   [DIAG] iter=3 posCols=14 newCols=14 effImprove=14 updated=0
    [CG] 列生成收敛，共 5 轮迭代
    [CG] [CG-NODE] depth=0 exit=CERTIFIED certified=1 feasible=1 iters=5 generatedColsBeforeNode=0 newCols=65 posCandidates=65 duplicateCandidates=0 updatedCols=0 zeroObjImproveIters=1 objFirst=144105100.625429 objLast=174458052.482152 objGain=30352951.856722 maxRC=59519779.058582 wallSec=0.019319 pricingSec=0.013004 cplexSolveSec=0.003396
    [CG] CG iter 4: obj=174540682.607224, maxRC=2671769.720189, +5 cols
    [CG]   [DIAG] iter=4 posCols=5 newCols=5 effImprove=5 updated=0
      [BB] 根节点即为整数解，obj=174458052.482152
    [CG] CG iter 5: obj=174540682.607224, maxRC=670752.037006, +1 cols
    [CG]   [DIAG] iter=5 posCols=1 newCols=1 effImprove=1 updated=0
    [CG] 列生成收敛，共 6 轮迭代
    [CG] [CG-NODE] depth=0 exit=CERTIFIED certified=1 feasible=1 iters=6 generatedColsBeforeNode=0 newCols=59 posCandidates=59 duplicateCandidates=0 updatedCols=0 zeroObjImproveIters=2 objFirst=144145633.341504 objLast=174540682.607224 objGain=30395049.265720 maxRC=59519484.279724 wallSec=0.018450 pricingSec=0.012479 cplexSolveSec=0.003224
      [BB] 根节点即为整数解，obj=174540682.607224
    [CG] CG iter 1: obj=144163301.372383, maxRC=59517894.779518, +23 cols
    [CG]   [DIAG] iter=1 posCols=23 newCols=23 effImprove=23 updated=0
    [CG] CG iter 1: obj=144089620.622012, maxRC=59519752.128890, +23 cols
    [CG]   [DIAG] iter=1 posCols=23 newCols=23 effImprove=23 updated=0
    [CG] CG iter 2: obj=161041746.241203, maxRC=10622074.022217, +16 cols
    [CG]   [DIAG] iter=2 posCols=16 newCols=16 effImprove=16 updated=0
    [CG] CG iter 2: obj=160966985.804295, maxRC=10623467.315918, +16 cols
    [CG]   [DIAG] iter=2 posCols=16 newCols=16 effImprove=16 updated=0
    [CG] CG iter 3: obj=165073492.421149, maxRC=5118065.972866, +14 cols
    [CG]   [DIAG] iter=3 posCols=14 newCols=14 effImprove=14 updated=0
    [CG] CG iter 3: obj=165140583.917161, maxRC=5118128.238817, +14 cols
    [CG] CG iter 4: obj=174477923.976132, maxRC=2671739.467129, +5 cols
    [CG]   [DIAG] iter=3 posCols=14 newCols=14 effImprove=14 updated=0
    [CG]   [DIAG] iter=4 posCols=5 newCols=5 effImprove=5 updated=0
    [CG] CG iter 5: obj=174477923.976132, maxRC=657648.082876, +1 cols
    [CG]   [DIAG] iter=5 posCols=1 newCols=1 effImprove=1 updated=0
    [CG] CG iter 4: obj=174553147.209029, maxRC=2671769.720189, +5 cols
    [CG] CG iter 1: obj=144089777.805324, maxRC=59519752.493170, +23 cols
    [CG]   [DIAG] iter=4 posCols=5 newCols=5 effImprove=5 updated=0
    [CG] 列生成收敛，共 6 轮迭代
    [CG] [CG-NODE] depth=0 exit=CERTIFIED certified=1 feasible=1 iters=6 generatedColsBeforeNode=0 newCols=59 posCandidates=59 duplicateCandidates=0 updatedCols=0 zeroObjImproveIters=2 objFirst=144089620.622012 objLast=174477923.976132 objGain=30388303.354121 maxRC=59519752.128890 wallSec=0.007944 pricingSec=0.005145 cplexSolveSec=0.001527
      [BB] 根节点即为整数解，obj=174477923.976132
    [CG]   [DIAG] iter=1 posCols=23 newCols=23 effImprove=23 updated=0
    [CG] CG iter 5: obj=174553147.209029, maxRC=672697.194271, +1 cols
    [CG]   [DIAG] iter=5 posCols=1 newCols=1 effImprove=1 updated=0
    [CG] 列生成收敛，共 6 轮迭代
    [CG] [CG-NODE] depth=0 exit=CERTIFIED certified=1 feasible=1 iters=6 generatedColsBeforeNode=0 newCols=59 posCandidates=59 duplicateCandidates=0 updatedCols=0 zeroObjImproveIters=2 objFirst=144163301.372383 objLast=174553147.209029 objGain=30389845.836646 maxRC=59517894.779518 wallSec=0.014000 pricingSec=0.009604 cplexSolveSec=0.002462
      [BB] 根节点即为整数解，obj=174553147.209029
    [CG] CG iter 2: obj=160967267.880627, maxRC=10623461.803284, +16 cols
    [CG]   [DIAG] iter=2 posCols=16 newCols=16 effImprove=16 updated=0
    [CG] CG iter 1: obj=143937200.246540, maxRC=59391600.634397, +23 cols
    [CG]   [DIAG] iter=1 posCols=23 newCols=23 effImprove=23 updated=0
    [CG] CG iter 2: obj=160803888.099908, maxRC=10563110.677181, +16 cols
    [CG]   [DIAG] iter=2 posCols=16 newCols=16 effImprove=16 updated=0
    [CG] CG iter 3: obj=165073774.689227, maxRC=5118128.238817, +14 cols
    [CG]   [DIAG] iter=3 posCols=14 newCols=14 effImprove=14 updated=0
    [CG] CG iter 4: obj=174478270.521231, maxRC=2671769.720189, +5 cols
    [CG]   [DIAG] iter=4 posCols=5 newCols=5 effImprove=5 updated=0
    [CG] CG iter 3: obj=164897506.012765, maxRC=5118137.235220, +14 cols
    [CG]   [DIAG] iter=3 posCols=14 newCols=14 effImprove=14 updated=0
    [CG] CG iter 5: obj=174478270.521231, maxRC=657761.287921, +1 cols
    [CG]   [DIAG] iter=5 posCols=1 newCols=1 effImprove=1 updated=0
    [CG] CG iter 4: obj=174321189.918345, maxRC=2671772.914694, +6 cols
    [CG]   [DIAG] iter=4 posCols=6 newCols=6 effImprove=6 updated=0
    [CG] 列生成收敛，共 6 轮迭代
    [CG] [CG-NODE] depth=0 exit=CERTIFIED certified=1 feasible=1 iters=6 generatedColsBeforeNode=0 newCols=59 posCandidates=59 duplicateCandidates=0 updatedCols=0 zeroObjImproveIters=2 objFirst=144089777.805324 objLast=174478270.521231 objGain=30388492.715907 maxRC=59519752.493170 wallSec=0.015005 pricingSec=0.009631 cplexSolveSec=0.003242
      [BB] 根节点即为整数解，obj=174478270.521231
    [CG] CG iter 5: obj=174331190.441175, maxRC=706664.890512, +1 cols
    [CG]   [DIAG] iter=5 posCols=1 newCols=1 effImprove=1 updated=0
    [CG] 列生成收敛，共 6 轮迭代
    [CG] [CG-NODE] depth=0 exit=CERTIFIED certified=1 feasible=1 iters=6 generatedColsBeforeNode=0 newCols=60 posCandidates=60 duplicateCandidates=0 updatedCols=0 zeroObjImproveIters=1 objFirst=143937200.246540 objLast=174331190.441175 objGain=30393990.194635 maxRC=59391600.634397 wallSec=0.018500 pricingSec=0.012132 cplexSolveSec=0.003658
      [BB] 根节点即为整数解，obj=174331190.441175
[GA] 代数 5: Best=174587338.48, Avg=174431273.10, Worst=174176588.83, Valid=30/30, 耗时=0.04s (连续5代未提升)
  ├─ 求解: 30 个体 fork 并行 | CG迭代=111 加列=1175 BB分支=0
  ├─ 并行墙钟=0.0445s | 串行等效(ΣBP)=0.2429s | 加速比=5.46x
  ├─ 管理开销=-0.1984s (fork=0.0033 wait=0.0409 merge=0.0003)
  └─ CG明细: gen_logs/run_gen5_ind{0..29}.log
    [CG] 列生成开始，初始列数=128
    [CG] 列生成开始，初始列数=128
    [CG] 列生成开始，初始列数=128
    [CG] 列生成开始，初始列数=128
    [CG] 列生成开始，初始列数=128
    [CG] 列生成开始，初始列数=128
    [CG] 列生成开始，初始列数=128
    [CG] 列生成开始，初始列数=128
    [CG] CG iter 1: obj=144014401.348166, maxRC=59513921.369513, +23 cols
    [CG]   [DIAG] iter=1 posCols=23 newCols=23 effImprove=23 updated=0
    [CG] CG iter 2: obj=161047481.141960, maxRC=10623496.537295, +17 cols
    [CG]   [DIAG] iter=2 posCols=17 newCols=17 effImprove=17 updated=0
    [CG] CG iter 3: obj=167665530.292676, maxRC=6215078.988707, +11 cols
    [CG]   [DIAG] iter=3 posCols=11 newCols=11 effImprove=11 updated=0
    [CG] CG iter 4: obj=170283901.566110, maxRC=4161292.511370, +5 cols
    [CG]   [DIAG] iter=4 posCols=5 newCols=5 effImprove=5 updated=0
    [CG] 列生成收敛，共 5 轮迭代
    [CG] [CG-NODE] depth=0 exit=CERTIFIED certified=1 feasible=1 iters=5 generatedColsBeforeNode=0 newCols=56 posCandidates=56 duplicateCandidates=0 updatedCols=0 zeroObjImproveIters=0 objFirst=144014401.348166 objLast=174502293.978379 objGain=30487892.630213 maxRC=59513921.369513 wallSec=0.007114 pricingSec=0.004718 cplexSolveSec=0.001334
      [BB] 根节点即为整数解，obj=174502293.978379
    [CG] CG iter 1: obj=144069853.065351, maxRC=59513894.439822, +23 cols
    [CG]   [DIAG] iter=1 posCols=23 newCols=23 effImprove=23 updated=0
    [CG] CG iter 2: obj=161034559.507713, maxRC=10639814.169996, +16 cols
    [CG] CG iter 1: obj=144100827.317788, maxRC=59519430.412727, +23 cols
    [CG]   [DIAG] iter=2 posCols=16 newCols=16 effImprove=16 updated=0
    [CG]   [DIAG] iter=1 posCols=23 newCols=23 effImprove=23 updated=0
    [CG] 列生成开始，初始列数=128
    [CG] CG iter 3: obj=165128158.978059, maxRC=5118128.238817, +14 cols
    [CG]   [DIAG] iter=3 posCols=14 newCols=14 effImprove=14 updated=0
    [CG] CG iter 2: obj=160990901.197653, maxRC=10697377.593004, +16 cols
    [CG] CG iter 1: obj=143960997.434925, maxRC=59519752.128890, +23 cols
    [CG]   [DIAG] iter=2 posCols=16 newCols=16 effImprove=16 updated=0
    [CG] CG iter 4: obj=174535794.349678, maxRC=2671769.720189, +5 cols
    [CG]   [DIAG] iter=1 posCols=23 newCols=23 effImprove=23 updated=0
    [CG]   [DIAG] iter=4 posCols=5 newCols=5 effImprove=5 updated=0
    [CG] CG iter 1: obj=144182695.484293, maxRC=59519563.220823, +23 cols
    [CG]   [DIAG] iter=1 posCols=23 newCols=23 effImprove=23 updated=0
    [CG] CG iter 5: obj=174535794.349678, maxRC=677642.313385, +1 cols
    [CG]   [DIAG] iter=5 posCols=1 newCols=1 effImprove=1 updated=0
    [CG] CG iter 3: obj=164769565.737757, maxRC=5174214.141039, +17 cols
    [CG] 列生成收敛，共 6 轮迭代
    [CG] [CG-NODE] depth=0 exit=CERTIFIED certified=1 feasible=1 iters=6 generatedColsBeforeNode=0 newCols=59 posCandidates=59 duplicateCandidates=0 updatedCols=0 zeroObjImproveIters=2 objFirst=144069853.065351 objLast=174535794.349678 objGain=30465941.284327 maxRC=59513894.439822 wallSec=0.011480 pricingSec=0.007442 cplexSolveSec=0.002221
    [CG]   [DIAG] iter=3 posCols=17 newCols=17 effImprove=17 updated=0
    [CG] CG iter 1: obj=144173909.477770, maxRC=59519752.128890, +23 cols
      [BB] 根节点即为整数解，obj=174535794.349678
    [CG]   [DIAG] iter=1 posCols=23 newCols=23 effImprove=23 updated=0
    [CG] CG iter 2: obj=160915607.656359, maxRC=10623467.315918, +17 cols
    [CG]   [DIAG] iter=2 posCols=17 newCols=17 effImprove=17 updated=0
    [CG] CG iter 1: obj=144003691.331493, maxRC=59479301.954157, +23 cols
    [CG]   [DIAG] iter=1 posCols=23 newCols=23 effImprove=23 updated=0
    [CG] CG iter 2: obj=161046979.910399, maxRC=10623303.616357, +16 cols
    [CG]   [DIAG] iter=2 posCols=16 newCols=16 effImprove=16 updated=0
    [CG] CG iter 4: obj=174458050.372840, maxRC=2159624.067495, +9 cols
    [CG]   [DIAG] iter=4 posCols=9 newCols=9 effImprove=9 updated=0
    [CG] CG iter 3: obj=167502223.641876, maxRC=6215855.064246, +11 cols
    [CG] 列生成收敛，共 5 轮迭代
    [CG]   [DIAG] iter=3 posCols=11 newCols=11 effImprove=11 updated=0
    [CG] CG iter 2: obj=161043235.750698, maxRC=10628584.818706, +16 cols
    [CG] [CG-NODE] depth=0 exit=CERTIFIED certified=1 feasible=1 iters=5 generatedColsBeforeNode=0 newCols=65 posCandidates=65 duplicateCandidates=0 updatedCols=0 zeroObjImproveIters=1 objFirst=144100827.317788 objLast=174458050.372840 objGain=30357223.055051 maxRC=59519430.412727 wallSec=0.013229 pricingSec=0.009077 cplexSolveSec=0.002204
    [CG]   [DIAG] iter=2 posCols=16 newCols=16 effImprove=16 updated=0
      [BB] 根节点即为整数解，obj=174458050.372840
    [CG] CG iter 1: obj=144088255.270793, maxRC=59519752.288062, +23 cols
    [CG] CG iter 3: obj=165145611.580257, maxRC=5118128.238817, +14 cols
    [CG]   [DIAG] iter=1 posCols=23 newCols=23 effImprove=23 updated=0
    [CG]   [DIAG] iter=3 posCols=14 newCols=14 effImprove=14 updated=0
    [CG] CG iter 2: obj=160981470.329310, maxRC=10606297.376186, +17 cols
    [CG]   [DIAG] iter=2 posCols=17 newCols=17 effImprove=17 updated=0
    [CG] CG iter 4: obj=170114935.436024, maxRC=4139624.891922, +5 cols
    [CG] 列生成开始，初始列数=128
    [CG]   [DIAG] iter=4 posCols=5 newCols=5 effImprove=5 updated=0
    [CG] CG iter 4: obj=174557957.740829, maxRC=2671769.720189, +5 cols
    [CG] CG iter 3: obj=165140254.574496, maxRC=5118128.238817, +14 cols
    [CG]   [DIAG] iter=4 posCols=5 newCols=5 effImprove=5 updated=0
    [CG] 列生成收敛，共 5 轮迭代
    [CG] [CG-NODE] depth=0 exit=CERTIFIED certified=1 feasible=1 iters=5 generatedColsBeforeNode=0 newCols=56 posCandidates=56 duplicateCandidates=0 updatedCols=0 zeroObjImproveIters=0 objFirst=143960997.434925 objLast=174340463.907813 objGain=30379466.472888 maxRC=59519752.128890 wallSec=0.013638 pricingSec=0.009201 cplexSolveSec=0.002354
    [CG]   [DIAG] iter=3 posCols=14 newCols=14 effImprove=14 updated=0
      [BB] 根节点即为整数解，obj=174340463.907813
    [CG] CG iter 2: obj=160966953.539513, maxRC=10623467.315918, +16 cols
    [CG] CG iter 5: obj=174557957.740829, maxRC=671990.714772, +1 cols
    [CG]   [DIAG] iter=5 posCols=1 newCols=1 effImprove=1 updated=0
    [CG] CG iter 3: obj=167619361.893843, maxRC=6208928.866189, +12 cols
    [CG]   [DIAG] iter=2 posCols=16 newCols=16 effImprove=16 updated=0
    [CG]   [DIAG] iter=3 posCols=12 newCols=12 effImprove=12 updated=0
    [CG] CG iter 4: obj=174551146.393204, maxRC=2671769.720189, +5 cols
    [CG]   [DIAG] iter=4 posCols=5 newCols=5 effImprove=5 updated=0
    [CG] 列生成收敛，共 6 轮迭代
    [CG] 列生成开始，初始列数=128
    [CG] [CG-NODE] depth=0 exit=CERTIFIED certified=1 feasible=1 iters=6 generatedColsBeforeNode=0 newCols=59 posCandidates=59 duplicateCandidates=0 updatedCols=0 zeroObjImproveIters=2 objFirst=144182695.484293 objLast=174557957.740829 objGain=30375262.256537 maxRC=59519563.220823 wallSec=0.015020 pricingSec=0.010024 cplexSolveSec=0.002665
    [CG] CG iter 5: obj=174551146.393204, maxRC=673696.094353, +1 cols
      [BB] 根节点即为整数解，obj=174557957.740829
    [CG]   [DIAG] iter=5 posCols=1 newCols=1 effImprove=1 updated=0
    [CG] CG iter 4: obj=170256872.421222, maxRC=4190808.205987, +5 cols
    [CG]   [DIAG] iter=4 posCols=5 newCols=5 effImprove=5 updated=0
    [CG] 列生成收敛，共 6 轮迭代
    [CG] [CG-NODE] depth=0 exit=CERTIFIED certified=1 feasible=1 iters=6 generatedColsBeforeNode=0 newCols=59 posCandidates=59 duplicateCandidates=0 updatedCols=0 zeroObjImproveIters=2 objFirst=144173909.477770 objLast=174551146.393204 objGain=30377236.915434 maxRC=59519752.128890 wallSec=0.015493 pricingSec=0.010389 cplexSolveSec=0.002769
    [CG] CG iter 3: obj=165073494.107539, maxRC=5118128.238817, +14 cols
    [CG]   [DIAG] iter=3 posCols=14 newCols=14 effImprove=14 updated=0
      [BB] 根节点即为整数解，obj=174551146.393204
    [CG] 列生成收敛，共 5 轮迭代
    [CG] [CG-NODE] depth=0 exit=CERTIFIED certified=1 feasible=1 iters=5 generatedColsBeforeNode=0 newCols=57 posCandidates=57 duplicateCandidates=0 updatedCols=0 zeroObjImproveIters=0 objFirst=144003691.331493 objLast=174476000.744783 objGain=30472309.413290 maxRC=59479301.954157 wallSec=0.016498 pricingSec=0.011333 cplexSolveSec=0.002716
      [BB] 根节点即为整数解，obj=174476000.744783
    [CG] CG iter 4: obj=174477955.148255, maxRC=2671769.720189, +5 cols
    [CG]   [DIAG] iter=4 posCols=5 newCols=5 effImprove=5 updated=0
    [CG] 列生成开始，初始列数=128
    [CG] CG iter 5: obj=174477955.148255, maxRC=657711.107689, +1 cols
    [CG]   [DIAG] iter=5 posCols=1 newCols=1 effImprove=1 updated=0
    [CG] 列生成开始，初始列数=128
    [CG] CG iter 1: obj=144163221.277638, maxRC=59517894.779518, +23 cols
    [CG] 列生成收敛，共 6 轮迭代
    [CG] [CG-NODE] depth=0 exit=CERTIFIED certified=1 feasible=1 iters=6 generatedColsBeforeNode=0 newCols=59 posCandidates=59 duplicateCandidates=0 updatedCols=0 zeroObjImproveIters=2 objFirst=144088255.270793 objLast=174477955.148255 objGain=30389699.877463 maxRC=59519752.288062 wallSec=0.018456 pricingSec=0.012472 cplexSolveSec=0.003198
    [CG]   [DIAG] iter=1 posCols=23 newCols=23 effImprove=23 updated=0
      [BB] 根节点即为整数解，obj=174477955.148255
    [CG] 列生成开始，初始列数=128
    [CG] CG iter 2: obj=161041687.496612, maxRC=10622122.276983, +16 cols
    [CG]   [DIAG] iter=2 posCols=16 newCols=16 effImprove=16 updated=0
    [CG] CG iter 1: obj=144006719.602865, maxRC=59513980.288206, +23 cols
    [CG] 列生成开始，初始列数=128
    [CG]   [DIAG] iter=1 posCols=23 newCols=23 effImprove=23 updated=0
    [CG] CG iter 3: obj=165140505.002756, maxRC=5118128.238817, +14 cols
    [CG]   [DIAG] iter=3 posCols=14 newCols=14 effImprove=14 updated=0
    [CG] CG iter 1: obj=144145595.079503, maxRC=59519078.194646, +23 cols
    [CG] CG iter 4: obj=174553055.820592, maxRC=2671769.720189, +5 cols
    [CG]   [DIAG] iter=4 posCols=5 newCols=5 effImprove=5 updated=0
    [CG]   [DIAG] iter=1 posCols=23 newCols=23 effImprove=23 updated=0
    [CG] CG iter 2: obj=161045294.872392, maxRC=10623754.424015, +17 cols
    [CG] CG iter 5: obj=174553055.820592, maxRC=672711.070247, +1 cols
    [CG]   [DIAG] iter=2 posCols=17 newCols=17 effImprove=17 updated=0
    [CG]   [DIAG] iter=5 posCols=1 newCols=1 effImprove=1 updated=0
    [CG] 列生成收敛，共 6 轮迭代
    [CG] [CG-NODE] depth=0 exit=CERTIFIED certified=1 feasible=1 iters=6 generatedColsBeforeNode=0 newCols=59 posCandidates=59 duplicateCandidates=0 updatedCols=0 zeroObjImproveIters=2 objFirst=144163221.277638 objLast=174553055.820592 objGain=30389834.542954 maxRC=59517894.779518 wallSec=0.008366 pricingSec=0.005373 cplexSolveSec=0.001628
    [CG] CG iter 2: obj=161040310.029532, maxRC=10628422.267531, +16 cols
    [CG]   [DIAG] iter=2 posCols=16 newCols=16 effImprove=16 updated=0
      [BB] 根节点即为整数解，obj=174553055.820592
    [CG] CG iter 3: obj=167659747.811428, maxRC=6216535.914924, +11 cols
    [CG]   [DIAG] iter=3 posCols=11 newCols=11 effImprove=11 updated=0
    [CG] CG iter 3: obj=165129206.996237, maxRC=5118128.238817, +14 cols
    [CG]   [DIAG] iter=3 posCols=14 newCols=14 effImprove=14 updated=0
    [CG] 列生成开始，初始列数=128
    [CG] CG iter 4: obj=170274697.800804, maxRC=4157987.696685, +5 cols
    [CG]   [DIAG] iter=4 posCols=5 newCols=5 effImprove=5 updated=0
    [CG] CG iter 4: obj=174540690.723393, maxRC=2671769.720189, +5 cols
    [CG]   [DIAG] iter=4 posCols=5 newCols=5 effImprove=5 updated=0
    [CG] 列生成收敛，共 5 轮迭代
    [CG] [CG-NODE] depth=0 exit=CERTIFIED certified=1 feasible=1 iters=5 generatedColsBeforeNode=0 newCols=56 posCandidates=56 duplicateCandidates=0 updatedCols=0 zeroObjImproveIters=0 objFirst=144006719.602865 objLast=174493023.351435 objGain=30486303.748570 maxRC=59513980.288206 wallSec=0.014667 pricingSec=0.009834 cplexSolveSec=0.002418
    [CG] CG iter 5: obj=174540690.723393, maxRC=670695.373470, +1 cols
    [CG]   [DIAG] iter=5 posCols=1 newCols=1 effImprove=1 updated=0
      [BB] 根节点即为整数解，obj=174493023.351435
    [CG] 列生成收敛，共 6 轮迭代
    [CG] [CG-NODE] depth=0 exit=CERTIFIED certified=1 feasible=1 iters=6 generatedColsBeforeNode=0 newCols=59 posCandidates=59 duplicateCandidates=0 updatedCols=0 zeroObjImproveIters=2 objFirst=144145595.079503 objLast=174540690.723393 objGain=30395095.643890 maxRC=59519078.194646 wallSec=0.008547 pricingSec=0.005662 cplexSolveSec=0.001580
      [BB] 根节点即为整数解，obj=174540690.723393
    [CG] CG iter 1: obj=143999128.229416, maxRC=59478880.636619, +23 cols
    [CG]   [DIAG] iter=1 posCols=23 newCols=23 effImprove=23 updated=0
    [CG] 列生成开始，初始列数=128
    [CG] CG iter 2: obj=160970354.401285, maxRC=10618193.668887, +17 cols
    [CG]   [DIAG] iter=2 posCols=17 newCols=17 effImprove=17 updated=0
    [CG] 列生成开始，初始列数=128
    [CG] 列生成开始，初始列数=128
    [CG] CG iter 1: obj=144184319.793778, maxRC=59519752.128890, +23 cols
    [CG]   [DIAG] iter=1 posCols=23 newCols=23 effImprove=23 updated=0
    [CG] CG iter 3: obj=167611313.734498, maxRC=6203738.780797, +12 cols
    [CG]   [DIAG] iter=3 posCols=12 newCols=12 effImprove=12 updated=0
    [CG] CG iter 2: obj=161047448.925251, maxRC=10623467.315918, +16 cols
    [CG]   [DIAG] iter=2 posCols=16 newCols=16 effImprove=16 updated=0
    [CG] CG iter 4: obj=170259297.114267, maxRC=4194968.526368, +5 cols
    [CG]   [DIAG] iter=4 posCols=5 newCols=5 effImprove=5 updated=0
    [CG] CG iter 1: obj=144147554.773259, maxRC=59519484.279724, +23 cols
    [CG]   [DIAG] iter=1 posCols=23 newCols=23 effImprove=23 updated=0
    [CG] CG iter 1: obj=143978962.002264, maxRC=59407789.655984, +23 cols
    [CG]   [DIAG] iter=1 posCols=23 newCols=23 effImprove=23 updated=0
    [CG] 列生成收敛，共 5 轮迭代
    [CG] [CG-NODE] depth=0 exit=CERTIFIED certified=1 feasible=1 iters=5 generatedColsBeforeNode=0 newCols=57 posCandidates=57 duplicateCandidates=0 updatedCols=0 zeroObjImproveIters=0 objFirst=143999128.229416 objLast=174474810.161152 objGain=30475681.931736 maxRC=59478880.636619 wallSec=0.012389 pricingSec=0.007909 cplexSolveSec=0.002647
    [CG] CG iter 3: obj=165146091.771163, maxRC=5118128.238817, +14 cols
    [CG]   [DIAG] iter=3 posCols=14 newCols=14 effImprove=14 updated=0
      [BB] 根节点即为整数解，obj=174474810.161152
    [CG] CG iter 2: obj=161042668.715388, maxRC=10629416.746474, +16 cols
    [CG] CG iter 4: obj=174558449.363040, maxRC=2671769.720189, +5 cols
    [CG]   [DIAG] iter=4 posCols=5 newCols=5 effImprove=5 updated=0
    [CG]   [DIAG] iter=2 posCols=16 newCols=16 effImprove=16 updated=0
    [CG] CG iter 5: obj=174558449.363040, maxRC=671934.968580, +1 cols
    [CG]   [DIAG] iter=5 posCols=1 newCols=1 effImprove=1 updated=0
    [CG] CG iter 2: obj=160849465.354780, maxRC=10573499.195602, +16 cols
    [CG] CG iter 1: obj=144013670.027518, maxRC=59479301.954157, +23 cols
    [CG]   [DIAG] iter=2 posCols=16 newCols=16 effImprove=16 updated=0
    [CG]   [DIAG] iter=1 posCols=23 newCols=23 effImprove=23 updated=0
    [CG] 列生成收敛，共 6 轮迭代
    [CG] [CG-NODE] depth=0 exit=CERTIFIED certified=1 feasible=1 iters=6 generatedColsBeforeNode=0 newCols=59 posCandidates=59 duplicateCandidates=0 updatedCols=0 zeroObjImproveIters=2 objFirst=144184319.793778 objLast=174558449.363040 objGain=30374129.569262 maxRC=59519752.128890 wallSec=0.013308 pricingSec=0.009044 cplexSolveSec=0.002517
    [CG] CG iter 3: obj=165131337.363552, maxRC=5118128.238817, +14 cols
    [CG]   [DIAG] iter=3 posCols=14 newCols=14 effImprove=14 updated=0
      [BB] 根节点即为整数解，obj=174558449.363040
    [CG] CG iter 1: obj=144145990.365175, maxRC=59519430.412727, +23 cols
    [CG] CG iter 1: obj=143876008.869766, maxRC=59518374.145978, +23 cols
    [CG]   [DIAG] iter=1 posCols=23 newCols=23 effImprove=23 updated=0
    [CG]   [DIAG] iter=1 posCols=23 newCols=23 effImprove=23 updated=0
    [CG] 列生成开始，初始列数=128
    [CG] CG iter 4: obj=174542604.038979, maxRC=2671769.720189, +5 cols
    [CG]   [DIAG] iter=4 posCols=5 newCols=5 effImprove=5 updated=0
    [CG] CG iter 3: obj=164946150.777687, maxRC=5118137.235220, +14 cols
    [CG]   [DIAG] iter=3 posCols=14 newCols=14 effImprove=14 updated=0
    [CG] CG iter 2: obj=160972275.833041, maxRC=10618193.668887, +17 cols
    [CG] CG iter 5: obj=174542604.038979, maxRC=670752.037006, +1 cols
    [CG]   [DIAG] iter=5 posCols=1 newCols=1 effImprove=1 updated=0
    [CG]   [DIAG] iter=2 posCols=17 newCols=17 effImprove=17 updated=0
    [CG] CG iter 2: obj=161041343.300597, maxRC=10629400.367176, +16 cols
    [CG] CG iter 1: obj=144171645.474355, maxRC=59519752.128890, +23 cols
    [CG]   [DIAG] iter=2 posCols=16 newCols=16 effImprove=16 updated=0
    [CG] 列生成收敛，共 6 轮迭代
    [CG] [CG-NODE] depth=0 exit=CERTIFIED certified=1 feasible=1 iters=6 generatedColsBeforeNode=0 newCols=59 posCandidates=59 duplicateCandidates=0 updatedCols=0 zeroObjImproveIters=2 objFirst=144147554.773259 objLast=174542604.038979 objGain=30395049.265720 maxRC=59519484.279724 wallSec=0.015059 pricingSec=0.009754 cplexSolveSec=0.002851
    [CG]   [DIAG] iter=1 posCols=23 newCols=23 effImprove=23 updated=0
    [CG] CG iter 2: obj=160763019.538540, maxRC=10623511.969778, +16 cols
    [CG]   [DIAG] iter=2 posCols=16 newCols=16 effImprove=16 updated=0
    [CG] CG iter 4: obj=174368662.043532, maxRC=2671772.914694, +6 cols
    [CG]   [DIAG] iter=4 posCols=6 newCols=6 effImprove=6 updated=0
      [BB] 根节点即为整数解，obj=174542604.038979
    [CG] CG iter 3: obj=167616062.055844, maxRC=6202706.483425, +12 cols
    [CG]   [DIAG] iter=3 posCols=12 newCols=12 effImprove=12 updated=0
    [CG] CG iter 5: obj=174375182.511527, maxRC=709856.145885, +1 cols
    [CG]   [DIAG] iter=5 posCols=1 newCols=1 effImprove=1 updated=0
    [CG] CG iter 3: obj=165130024.584825, maxRC=5117696.879094, +14 cols
    [CG]   [DIAG] iter=3 posCols=14 newCols=14 effImprove=14 updated=0
    [CG] 列生成开始，初始列数=128
    [CG] CG iter 3: obj=164861643.619733, maxRC=5118141.437437, +14 cols
    [CG] CG iter 2: obj=161047452.352799, maxRC=10623467.315918, +16 cols
    [CG]   [DIAG] iter=3 posCols=14 newCols=14 effImprove=14 updated=0
    [CG] 列生成收敛，共 6 轮迭代
    [CG] [CG-NODE] depth=0 exit=CERTIFIED certified=1 feasible=1 iters=6 generatedColsBeforeNode=0 newCols=60 posCandidates=60 duplicateCandidates=0 updatedCols=0 zeroObjImproveIters=1 objFirst=143978962.002264 objLast=174375182.511527 objGain=30396220.509263 maxRC=59407789.655984 wallSec=0.018308 pricingSec=0.012425 cplexSolveSec=0.003201
    [CG]   [DIAG] iter=2 posCols=16 newCols=16 effImprove=16 updated=0
    [CG] CG iter 4: obj=174540872.536594, maxRC=2671581.650410, +5 cols
    [CG]   [DIAG] iter=4 posCols=5 newCols=5 effImprove=5 updated=0
    [CG] CG iter 4: obj=170266872.325205, maxRC=4197361.168572, +5 cols
      [BB] 根节点即为整数解，obj=174375182.511527
    [CG]   [DIAG] iter=4 posCols=5 newCols=5 effImprove=5 updated=0
    [CG] CG iter 4: obj=174273991.793457, maxRC=2671774.116017, +5 cols
    [CG] CG iter 5: obj=174540872.536594, maxRC=670050.673963, +1 cols
    [CG]   [DIAG] iter=4 posCols=5 newCols=5 effImprove=5 updated=0
    [CG]   [DIAG] iter=5 posCols=1 newCols=1 effImprove=1 updated=0
    [CG] 列生成收敛，共 5 轮迭代
    [CG] [CG-NODE] depth=0 exit=CERTIFIED certified=1 feasible=1 iters=5 generatedColsBeforeNode=0 newCols=57 posCandidates=57 duplicateCandidates=0 updatedCols=0 zeroObjImproveIters=0 objFirst=144013670.027518 objLast=174482385.372090 objGain=30468715.344572 maxRC=59479301.954157 wallSec=0.012306 pricingSec=0.008226 cplexSolveSec=0.002261
      [BB] 根节点即为整数解，obj=174482385.372090
    [CG] CG iter 3: obj=165146100.652665, maxRC=5118128.238817, +14 cols
    [CG] 列生成收敛，共 6 轮迭代
    [CG] [CG-NODE] depth=0 exit=CERTIFIED certified=1 feasible=1 iters=6 generatedColsBeforeNode=0 newCols=59 posCandidates=59 duplicateCandidates=0 updatedCols=0 zeroObjImproveIters=2 objFirst=144145990.365175 objLast=174540872.536594 objGain=30394882.171419 maxRC=59519430.412727 wallSec=0.011031 pricingSec=0.007250 cplexSolveSec=0.002145
    [CG]   [DIAG] iter=3 posCols=14 newCols=14 effImprove=14 updated=0
    [CG] CG iter 5: obj=174273991.793457, maxRC=671932.452695, +1 cols
    [CG]   [DIAG] iter=5 posCols=1 newCols=1 effImprove=1 updated=0
    [CG] 列生成开始，初始列数=128
      [BB] 根节点即为整数解，obj=174540872.536594
    [CG] 列生成收敛，共 6 轮迭代
    [CG] [CG-NODE] depth=0 exit=CERTIFIED certified=1 feasible=1 iters=6 generatedColsBeforeNode=0 newCols=59 posCandidates=59 duplicateCandidates=0 updatedCols=0 zeroObjImproveIters=2 objFirst=143876008.869766 objLast=174273991.793457 objGain=30397982.923692 maxRC=59518374.145978 wallSec=0.011800 pricingSec=0.007754 cplexSolveSec=0.002293
    [CG] CG iter 4: obj=174558454.440132, maxRC=2671769.720189, +5 cols
    [CG]   [DIAG] iter=4 posCols=5 newCols=5 effImprove=5 updated=0
      [BB] 根节点即为整数解，obj=174273991.793457
    [CG] CG iter 5: obj=174558454.440132, maxRC=671939.573317, +1 cols
    [CG]   [DIAG] iter=5 posCols=1 newCols=1 effImprove=1 updated=0
    [CG] 列生成开始，初始列数=128
    [CG] 列生成收敛，共 6 轮迭代
    [CG] [CG-NODE] depth=0 exit=CERTIFIED certified=1 feasible=1 iters=6 generatedColsBeforeNode=0 newCols=59 posCandidates=59 duplicateCandidates=0 updatedCols=0 zeroObjImproveIters=2 objFirst=144171645.474355 objLast=174558454.440132 objGain=30386808.965777 maxRC=59519752.128890 wallSec=0.016844 pricingSec=0.011428 cplexSolveSec=0.002963
      [BB] 根节点即为整数解，obj=174558454.440132
    [CG] 列生成开始，初始列数=128
    [CG] CG iter 1: obj=144102880.316657, maxRC=59519832.925579, +23 cols
    [CG]   [DIAG] iter=1 posCols=23 newCols=23 effImprove=23 updated=0
    [CG] CG iter 2: obj=160988736.865189, maxRC=10697393.972303, +16 cols
    [CG]   [DIAG] iter=2 posCols=16 newCols=16 effImprove=16 updated=0
    [CG] CG iter 3: obj=164766294.026027, maxRC=5176063.069693, +17 cols
    [CG]   [DIAG] iter=3 posCols=17 newCols=17 effImprove=17 updated=0
    [CG] CG iter 4: obj=174455860.768247, maxRC=2159939.107525, +9 cols
    [CG]   [DIAG] iter=4 posCols=9 newCols=9 effImprove=9 updated=0
    [CG] 列生成收敛，共 5 轮迭代
    [CG] [CG-NODE] depth=0 exit=CERTIFIED certified=1 feasible=1 iters=5 generatedColsBeforeNode=0 newCols=65 posCandidates=65 duplicateCandidates=0 updatedCols=0 zeroObjImproveIters=1 objFirst=144102880.316657 objLast=174455860.768247 objGain=30352980.451590 maxRC=59519832.925579 wallSec=0.010805 pricingSec=0.007413 cplexSolveSec=0.001869
      [BB] 根节点即为整数解，obj=174455860.768247
    [CG] CG iter 1: obj=144165236.470975, maxRC=59517894.779518, +23 cols
    [CG]   [DIAG] iter=1 posCols=23 newCols=23 effImprove=23 updated=0
    [CG] CG iter 1: obj=144169726.033455, maxRC=59519752.493170, +23 cols
    [CG]   [DIAG] iter=1 posCols=23 newCols=23 effImprove=23 updated=0
    [CG] CG iter 2: obj=161043680.521350, maxRC=10622074.022217, +16 cols
    [CG]   [DIAG] iter=2 posCols=16 newCols=16 effImprove=16 updated=0
    [CG] CG iter 1: obj=144161855.566141, maxRC=59519484.279724, +23 cols
    [CG]   [DIAG] iter=1 posCols=23 newCols=23 effImprove=23 updated=0
    [CG] CG iter 3: obj=165142518.069684, maxRC=5118128.238817, +14 cols
    [CG] CG iter 2: obj=161045452.532001, maxRC=10623486.179040, +16 cols
    [CG] CG iter 2: obj=161045522.783074, maxRC=10623467.315918, +16 cols
    [CG]   [DIAG] iter=3 posCols=14 newCols=14 effImprove=14 updated=0
    [CG]   [DIAG] iter=2 posCols=16 newCols=16 effImprove=16 updated=0
    [CG]   [DIAG] iter=2 posCols=16 newCols=16 effImprove=16 updated=0
    [CG] CG iter 4: obj=174555081.489177, maxRC=2671769.720189, +5 cols
    [CG]   [DIAG] iter=4 posCols=5 newCols=5 effImprove=5 updated=0
    [CG] CG iter 3: obj=165144076.883308, maxRC=5118128.238817, +14 cols
    [CG]   [DIAG] iter=3 posCols=14 newCols=14 effImprove=14 updated=0
    [CG] CG iter 5: obj=174555081.489177, maxRC=672698.012715, +1 cols
    [CG]   [DIAG] iter=5 posCols=1 newCols=1 effImprove=1 updated=0
    [CG] CG iter 4: obj=174556419.747928, maxRC=2671769.720189, +5 cols
    [CG]   [DIAG] iter=4 posCols=5 newCols=5 effImprove=5 updated=0
    [CG] CG iter 3: obj=165144165.756610, maxRC=5118128.238817, +14 cols
    [CG]   [DIAG] iter=3 posCols=14 newCols=14 effImprove=14 updated=0
    [CG] CG iter 5: obj=174556419.747928, maxRC=671901.540825, +1 cols
    [CG]   [DIAG] iter=5 posCols=1 newCols=1 effImprove=1 updated=0
    [CG] 列生成收敛，共 6 轮迭代
    [CG] [CG-NODE] depth=0 exit=CERTIFIED certified=1 feasible=1 iters=6 generatedColsBeforeNode=0 newCols=59 posCandidates=59 duplicateCandidates=0 updatedCols=0 zeroObjImproveIters=2 objFirst=144165236.470975 objLast=174555081.489177 objGain=30389845.018202 maxRC=59517894.779518 wallSec=0.014002 pricingSec=0.009457 cplexSolveSec=0.002537
      [BB] 根节点即为整数解，obj=174555081.489177
    [CG] 列生成收敛，共 6 轮迭代
    [CG] [CG-NODE] depth=0 exit=CERTIFIED certified=1 feasible=1 iters=6 generatedColsBeforeNode=0 newCols=59 posCandidates=59 duplicateCandidates=0 updatedCols=0 zeroObjImproveIters=2 objFirst=144161855.566141 objLast=174556419.747928 objGain=30394564.181787 maxRC=59519484.279724 wallSec=0.010490 pricingSec=0.006875 cplexSolveSec=0.001992
      [BB] 根节点即为整数解，obj=174556419.747928
    [CG] CG iter 4: obj=174556523.220862, maxRC=2671769.720189, +5 cols
    [CG]   [DIAG] iter=4 posCols=5 newCols=5 effImprove=5 updated=0
    [CG] CG iter 5: obj=174556523.220862, maxRC=671934.150136, +1 cols
    [CG]   [DIAG] iter=5 posCols=1 newCols=1 effImprove=1 updated=0
    [CG] CG iter 1: obj=144075842.955539, maxRC=59519752.128890, +23 cols
    [CG]   [DIAG] iter=1 posCols=23 newCols=23 effImprove=23 updated=0
    [CG] 列生成收敛，共 6 轮迭代
    [CG] [CG-NODE] depth=0 exit=CERTIFIED certified=1 feasible=1 iters=6 generatedColsBeforeNode=0 newCols=59 posCandidates=59 duplicateCandidates=0 updatedCols=0 zeroObjImproveIters=2 objFirst=144169726.033455 objLast=174556523.220862 objGain=30386797.187407 maxRC=59519752.493170 wallSec=0.014704 pricingSec=0.009631 cplexSolveSec=0.003030
      [BB] 根节点即为整数解，obj=174556523.220862
    [CG] CG iter 2: obj=160962403.318712, maxRC=10629060.417910, +16 cols
    [CG]   [DIAG] iter=2 posCols=16 newCols=16 effImprove=16 updated=0
    [CG] CG iter 3: obj=165059054.544041, maxRC=5118065.972866, +14 cols
    [CG]   [DIAG] iter=3 posCols=14 newCols=14 effImprove=14 updated=0
    [CG] CG iter 4: obj=174462508.582741, maxRC=2671739.467129, +5 cols
    [CG]   [DIAG] iter=4 posCols=5 newCols=5 effImprove=5 updated=0
    [CG] CG iter 5: obj=174462508.582741, maxRC=656379.328747, +1 cols
    [CG]   [DIAG] iter=5 posCols=1 newCols=1 effImprove=1 updated=0
    [CG] 列生成收敛，共 6 轮迭代
    [CG] [CG-NODE] depth=0 exit=CERTIFIED certified=1 feasible=1 iters=6 generatedColsBeforeNode=0 newCols=59 posCandidates=59 duplicateCandidates=0 updatedCols=0 zeroObjImproveIters=2 objFirst=144075842.955539 objLast=174462508.582741 objGain=30386665.627202 maxRC=59519752.128890 wallSec=0.018113 pricingSec=0.012624 cplexSolveSec=0.003301
      [BB] 根节点即为整数解，obj=174462508.582741
[GA] 代数 6: Best=174587340.13, Avg=174532097.38, Worst=174302877.48, Valid=30/30, 耗时=0.06s (连续6代未提升)
  ├─ 求解: 30 个体 fork 并行 | CG迭代=136 加列=1414 BB分支=0
  ├─ 并行墙钟=0.0557s | 串行等效(ΣBP)=0.3274s | 加速比=5.87x
  ├─ 管理开销=-0.2717s (fork=0.0039 wait=0.0515 merge=0.0003)
  └─ CG明细: gen_logs/run_gen6_ind{0..29}.log
    [CG] 列生成开始，初始列数=128
    [CG] 列生成开始，初始列数=128
    [CG] 列生成开始，初始列数=128
    [CG] 列生成开始，初始列数=128
    [CG] 列生成开始，初始列数=128
    [CG] 列生成开始，初始列数=128
    [CG] 列生成开始，初始列数=128
    [CG] 列生成开始，初始列数=128
    [CG] CG iter 1: obj=144007117.048795, maxRC=59513980.288206, +23 cols
    [CG]   [DIAG] iter=1 posCols=23 newCols=23 effImprove=23 updated=0
    [CG] CG iter 2: obj=161045585.804454, maxRC=10623486.412629, +17 cols
    [CG]   [DIAG] iter=2 posCols=17 newCols=17 effImprove=17 updated=0
    [CG] CG iter 3: obj=167660175.895478, maxRC=6216573.557104, +11 cols
    [CG]   [DIAG] iter=3 posCols=11 newCols=11 effImprove=11 updated=0
    [CG] CG iter 4: obj=170275095.246734, maxRC=4158055.976985, +5 cols
    [CG]   [DIAG] iter=4 posCols=5 newCols=5 effImprove=5 updated=0
    [CG] 列生成收敛，共 5 轮迭代
    [CG] [CG-NODE] depth=0 exit=CERTIFIED certified=1 feasible=1 iters=5 generatedColsBeforeNode=0 newCols=56 posCandidates=56 duplicateCandidates=0 updatedCols=0 zeroObjImproveIters=0 objFirst=144007117.048795 objLast=174493489.077665 objGain=30486372.028869 maxRC=59513980.288206 wallSec=0.010612 pricingSec=0.007027 cplexSolveSec=0.002012
      [BB] 根节点即为整数解，obj=174493489.077665
    [CG] CG iter 1: obj=144012148.069675, maxRC=59513921.369513, +23 cols
    [CG]   [DIAG] iter=1 posCols=23 newCols=23 effImprove=23 updated=0
    [CG] CG iter 1: obj=144167862.851251, maxRC=59519670.787331, +23 cols
    [CG]   [DIAG] iter=1 posCols=23 newCols=23 effImprove=23 updated=0
    [CG] CG iter 1: obj=144031533.897242, maxRC=59479301.954157, +23 cols
    [CG] CG iter 1: obj=144147560.302126, maxRC=59519484.279724, +23 cols
    [CG] CG iter 1: obj=144011891.535867, maxRC=59513980.288206, +23 cols
    [CG]   [DIAG] iter=1 posCols=23 newCols=23 effImprove=23 updated=0
    [CG] CG iter 2: obj=161047481.141960, maxRC=10623496.537295, +17 cols
    [CG]   [DIAG] iter=1 posCols=23 newCols=23 effImprove=23 updated=0
    [CG] CG iter 1: obj=143801060.585058, maxRC=59192709.400067, +23 cols
    [CG]   [DIAG] iter=1 posCols=23 newCols=23 effImprove=23 updated=0
    [CG] 列生成开始，初始列数=128
    [CG]   [DIAG] iter=2 posCols=17 newCols=17 effImprove=17 updated=0
    [CG] CG iter 1: obj=144163168.919014, maxRC=59517894.779518, +23 cols
    [CG]   [DIAG] iter=1 posCols=23 newCols=23 effImprove=23 updated=0
    [CG]   [DIAG] iter=1 posCols=23 newCols=23 effImprove=23 updated=0
    [CG] CG iter 2: obj=161036399.145095, maxRC=10637417.159238, +16 cols
    [CG]   [DIAG] iter=2 posCols=16 newCols=16 effImprove=16 updated=0
    [CG] CG iter 2: obj=160985263.881340, maxRC=10601700.691574, +17 cols
    [CG] CG iter 2: obj=161042673.425810, maxRC=10629416.746474, +16 cols
    [CG] CG iter 3: obj=167664403.653431, maxRC=6215565.245455, +11 cols
    [CG]   [DIAG] iter=2 posCols=17 newCols=17 effImprove=17 updated=0
    [CG]   [DIAG] iter=2 posCols=16 newCols=16 effImprove=16 updated=0
    [CG] CG iter 2: obj=161045588.595347, maxRC=10623513.150183, +17 cols
    [CG]   [DIAG] iter=3 posCols=11 newCols=11 effImprove=11 updated=0
    [CG]   [DIAG] iter=2 posCols=17 newCols=17 effImprove=17 updated=0
    [CG] CG iter 2: obj=160493969.654133, maxRC=10428450.794245, +16 cols
    [CG]   [DIAG] iter=2 posCols=16 newCols=16 effImprove=16 updated=0
    [CG] CG iter 2: obj=161041643.446969, maxRC=10622122.276983, +16 cols
    [CG]   [DIAG] iter=2 posCols=16 newCols=16 effImprove=16 updated=0
    [CG] CG iter 3: obj=165130733.044760, maxRC=5118128.238817, +14 cols
    [CG]   [DIAG] iter=3 posCols=14 newCols=14 effImprove=14 updated=0
    [CG] CG iter 4: obj=170281648.287619, maxRC=4160241.000173, +5 cols
    [CG]   [DIAG] iter=4 posCols=5 newCols=5 effImprove=5 updated=0
    [CG] CG iter 3: obj=167636622.586754, maxRC=6204991.653649, +12 cols
    [CG]   [DIAG] iter=3 posCols=12 newCols=12 effImprove=12 updated=0
    [CG] CG iter 3: obj=167663337.419664, maxRC=6215202.398382, +11 cols
    [CG] CG iter 3: obj=165131341.946350, maxRC=5118128.238817, +14 cols
    [CG] CG iter 4: obj=174539057.329166, maxRC=2671769.720189, +5 cols
    [CG]   [DIAG] iter=4 posCols=5 newCols=5 effImprove=5 updated=0
    [CG]   [DIAG] iter=3 posCols=11 newCols=11 effImprove=11 updated=0
    [CG] CG iter 3: obj=164609696.996121, maxRC=5118128.238817, +14 cols
    [CG]   [DIAG] iter=3 posCols=14 newCols=14 effImprove=14 updated=0
    [CG]   [DIAG] iter=3 posCols=14 newCols=14 effImprove=14 updated=0
    [CG] 列生成收敛，共 5 轮迭代
    [CG] [CG-NODE] depth=0 exit=CERTIFIED certified=1 feasible=1 iters=5 generatedColsBeforeNode=0 newCols=56 posCandidates=56 duplicateCandidates=0 updatedCols=0 zeroObjImproveIters=0 objFirst=144012148.069675 objLast=174500040.699888 objGain=30487892.630213 maxRC=59513921.369513 wallSec=0.017123 pricingSec=0.011574 cplexSolveSec=0.002900
    [CG] CG iter 3: obj=165140466.259527, maxRC=5118141.437437, +14 cols
    [CG]   [DIAG] iter=3 posCols=14 newCols=14 effImprove=14 updated=0
      [BB] 根节点即为整数解，obj=174500040.699888
    [CG] CG iter 5: obj=174539057.329166, maxRC=676807.693696, +1 cols
    [CG]   [DIAG] iter=5 posCols=1 newCols=1 effImprove=1 updated=0
    [CG] CG iter 4: obj=170284736.194929, maxRC=4202325.995212, +5 cols
    [CG]   [DIAG] iter=4 posCols=5 newCols=5 effImprove=5 updated=0
    [CG] CG iter 4: obj=170281431.878485, maxRC=4161000.923383, +5 cols
    [CG]   [DIAG] iter=4 posCols=5 newCols=5 effImprove=5 updated=0
    [CG] CG iter 4: obj=174065557.964181, maxRC=2671769.720189, +6 cols
    [CG]   [DIAG] iter=4 posCols=6 newCols=6 effImprove=6 updated=0
    [CG] CG iter 4: obj=174542608.749402, maxRC=2671769.720189, +5 cols
    [CG] CG iter 4: obj=174553024.969570, maxRC=2671774.116017, +5 cols
    [CG]   [DIAG] iter=4 posCols=5 newCols=5 effImprove=5 updated=0
    [CG]   [DIAG] iter=4 posCols=5 newCols=5 effImprove=5 updated=0
    [CG] 列生成收敛，共 6 轮迭代
    [CG] [CG-NODE] depth=0 exit=CERTIFIED certified=1 feasible=1 iters=6 generatedColsBeforeNode=0 newCols=59 posCandidates=59 duplicateCandidates=0 updatedCols=0 zeroObjImproveIters=2 objFirst=144167862.851251 objLast=174539057.329166 objGain=30371194.477914 maxRC=59519670.787331 wallSec=0.017803 pricingSec=0.012055 cplexSolveSec=0.003324
    [CG] 列生成收敛，共 5 轮迭代
    [CG] [CG-NODE] depth=0 exit=CERTIFIED certified=1 feasible=1 iters=5 generatedColsBeforeNode=0 newCols=57 posCandidates=57 duplicateCandidates=0 updatedCols=0 zeroObjImproveIters=0 objFirst=144031533.897242 objLast=174505223.599616 objGain=30473689.702374 maxRC=59479301.954157 wallSec=0.018039 pricingSec=0.012402 cplexSolveSec=0.003055
    [CG] 列生成收敛，共 5 轮迭代
      [BB] 根节点即为整数解，obj=174539057.329166
    [CG] [CG-NODE] depth=0 exit=CERTIFIED certified=1 feasible=1 iters=5 generatedColsBeforeNode=0 newCols=56 posCandidates=56 duplicateCandidates=0 updatedCols=0 zeroObjImproveIters=0 objFirst=144011891.535867 objLast=174499813.897578 objGain=30487922.361711 maxRC=59513980.288206 wallSec=0.017592 pricingSec=0.012201 cplexSolveSec=0.002954
    [CG] CG iter 5: obj=174150998.893013, maxRC=706090.799463, +1 cols
    [CG]   [DIAG] iter=5 posCols=1 newCols=1 effImprove=1 updated=0
      [BB] 根节点即为整数解，obj=174505223.599616
    [CG] CG iter 5: obj=174553024.969570, maxRC=672720.573551, +1 cols
    [CG]   [DIAG] iter=5 posCols=1 newCols=1 effImprove=1 updated=0
      [BB] 根节点即为整数解，obj=174499813.897578
    [CG] CG iter 5: obj=174542608.749402, maxRC=670752.855450, +1 cols
    [CG]   [DIAG] iter=5 posCols=1 newCols=1 effImprove=1 updated=0
    [CG] 列生成收敛，共 6 轮迭代
    [CG] [CG-NODE] depth=0 exit=CERTIFIED certified=1 feasible=1 iters=6 generatedColsBeforeNode=0 newCols=60 posCandidates=60 duplicateCandidates=0 updatedCols=0 zeroObjImproveIters=1 objFirst=143801060.585058 objLast=174150998.893013 objGain=30349938.307956 maxRC=59192709.400067 wallSec=0.018274 pricingSec=0.012397 cplexSolveSec=0.003262
    [CG] 列生成收敛，共 6 轮迭代
    [CG] [CG-NODE] depth=0 exit=CERTIFIED certified=1 feasible=1 iters=6 generatedColsBeforeNode=0 newCols=59 posCandidates=59 duplicateCandidates=0 updatedCols=0 zeroObjImproveIters=2 objFirst=144163168.919014 objLast=174553024.969570 objGain=30389856.050556 maxRC=59517894.779518 wallSec=0.018530 pricingSec=0.012468 cplexSolveSec=0.003362
      [BB] 根节点即为整数解，obj=174150998.893013
      [BB] 根节点即为整数解，obj=174553024.969570
    [CG] 列生成收敛，共 6 轮迭代
    [CG] [CG-NODE] depth=0 exit=CERTIFIED certified=1 feasible=1 iters=6 generatedColsBeforeNode=0 newCols=59 posCandidates=59 duplicateCandidates=0 updatedCols=0 zeroObjImproveIters=2 objFirst=144147560.302126 objLast=174542608.749402 objGain=30395048.447275 maxRC=59519484.279724 wallSec=0.018466 pricingSec=0.012531 cplexSolveSec=0.003411
      [BB] 根节点即为整数解，obj=174542608.749402
    [CG] 列生成开始，初始列数=128
    [CG] 列生成开始，初始列数=128
    [CG] 列生成开始，初始列数=128
    [CG] 列生成开始，初始列数=128
    [CG] 列生成开始，初始列数=128
    [CG] 列生成开始，初始列数=128
    [CG] 列生成开始，初始列数=128
    [CG] CG iter 1: obj=143979277.588940, maxRC=59407789.655984, +23 cols
    [CG]   [DIAG] iter=1 posCols=23 newCols=23 effImprove=23 updated=0
    [CG] CG iter 2: obj=160849317.020807, maxRC=10573499.195602, +16 cols
    [CG]   [DIAG] iter=2 posCols=16 newCols=16 effImprove=16 updated=0
    [CG] CG iter 1: obj=143975508.215641, maxRC=59513894.439822, +23 cols
    [CG]   [DIAG] iter=1 posCols=23 newCols=23 effImprove=23 updated=0
    [CG] CG iter 1: obj=144170637.897382, maxRC=59519752.128890, +23 cols
    [CG]   [DIAG] iter=1 posCols=23 newCols=23 effImprove=23 updated=0
    [CG] CG iter 3: obj=164946515.496546, maxRC=5118137.235220, +14 cols
    [CG]   [DIAG] iter=3 posCols=14 newCols=14 effImprove=14 updated=0
    [CG] CG iter 2: obj=161042861.729247, maxRC=10629060.417910, +16 cols
    [CG]   [DIAG] iter=2 posCols=16 newCols=16 effImprove=16 updated=0
    [CG] CG iter 4: obj=174368978.448653, maxRC=2671772.914694, +6 cols
    [CG]   [DIAG] iter=4 posCols=6 newCols=6 effImprove=6 updated=0
    [CG] CG iter 2: obj=160954384.745511, maxRC=10639814.169996, +16 cols
    [CG]   [DIAG] iter=2 posCols=16 newCols=16 effImprove=16 updated=0
    [CG] CG iter 3: obj=165131760.890305, maxRC=5118128.238817, +14 cols
    [CG]   [DIAG] iter=3 posCols=14 newCols=14 effImprove=14 updated=0
    [CG] CG iter 5: obj=174375710.339235, maxRC=709855.327440, +1 cols
    [CG]   [DIAG] iter=5 posCols=1 newCols=1 effImprove=1 updated=0
    [CG] CG iter 4: obj=174543130.558170, maxRC=2671769.720189, +5 cols
    [CG]   [DIAG] iter=4 posCols=5 newCols=5 effImprove=5 updated=0
    [CG] CG iter 3: obj=165055847.859175, maxRC=5118128.238817, +14 cols
    [CG]   [DIAG] iter=3 posCols=14 newCols=14 effImprove=14 updated=0
    [CG] 列生成收敛，共 6 轮迭代
    [CG] [CG-NODE] depth=0 exit=CERTIFIED certified=1 feasible=1 iters=6 generatedColsBeforeNode=0 newCols=60 posCandidates=60 duplicateCandidates=0 updatedCols=0 zeroObjImproveIters=1 objFirst=143979277.588940 objLast=174375710.339235 objGain=30396432.750295 maxRC=59407789.655984 wallSec=0.019383 pricingSec=0.013171 cplexSolveSec=0.003709
    [CG] CG iter 5: obj=174543130.558170, maxRC=670711.182448, +1 cols
    [CG]   [DIAG] iter=5 posCols=1 newCols=1 effImprove=1 updated=0
      [BB] 根节点即为整数解，obj=174375710.339235
    [CG] CG iter 1: obj=144145311.865648, maxRC=59519078.194646, +23 cols
    [CG] 列生成收敛，共 6 轮迭代
    [CG] [CG-NODE] depth=0 exit=CERTIFIED certified=1 feasible=1 iters=6 generatedColsBeforeNode=0 newCols=59 posCandidates=59 duplicateCandidates=0 updatedCols=0 zeroObjImproveIters=2 objFirst=144170637.897382 objLast=174543130.558170 objGain=30372492.660788 maxRC=59519752.128890 wallSec=0.011969 pricingSec=0.007851 cplexSolveSec=0.002284
    [CG]   [DIAG] iter=1 posCols=23 newCols=23 effImprove=23 updated=0
    [CG] CG iter 4: obj=174455619.587476, maxRC=2671769.720189, +5 cols
      [BB] 根节点即为整数解，obj=174543130.558170
    [CG]   [DIAG] iter=4 posCols=5 newCols=5 effImprove=5 updated=0
    [CG] CG iter 5: obj=174455619.587476, maxRC=663472.225878, +1 cols
    [CG]   [DIAG] iter=5 posCols=1 newCols=1 effImprove=1 updated=0
    [CG] CG iter 2: obj=161040069.443289, maxRC=10628422.267531, +16 cols
    [CG]   [DIAG] iter=2 posCols=16 newCols=16 effImprove=16 updated=0
    [CG] CG iter 1: obj=144146253.842307, maxRC=59519227.024554, +23 cols
    [CG] CG iter 1: obj=144158340.797664, maxRC=59519280.891550, +23 cols
    [CG]   [DIAG] iter=1 posCols=23 newCols=23 effImprove=23 updated=0
    [CG] 列生成收敛，共 6 轮迭代
    [CG] [CG-NODE] depth=0 exit=CERTIFIED certified=1 feasible=1 iters=6 generatedColsBeforeNode=0 newCols=59 posCandidates=59 duplicateCandidates=0 updatedCols=0 zeroObjImproveIters=2 objFirst=143975508.215641 objLast=174455619.587476 objGain=30480111.371834 maxRC=59513894.439822 wallSec=0.014950 pricingSec=0.009610 cplexSolveSec=0.003148
    [CG] CG iter 1: obj=144153173.251440, maxRC=59519832.925579, +23 cols
    [CG]   [DIAG] iter=1 posCols=23 newCols=23 effImprove=23 updated=0
    [CG] CG iter 1: obj=143775484.230894, maxRC=59477781.333627, +23 cols
      [BB] 根节点即为整数解，obj=174455619.587476
    [CG]   [DIAG] iter=1 posCols=23 newCols=23 effImprove=23 updated=0
    [CG]   [DIAG] iter=1 posCols=23 newCols=23 effImprove=23 updated=0
    [CG] CG iter 3: obj=165128992.534592, maxRC=5118128.238817, +14 cols
    [CG]   [DIAG] iter=3 posCols=14 newCols=14 effImprove=14 updated=0
    [CG] 列生成开始，初始列数=128
    [CG] CG iter 4: obj=174540450.137149, maxRC=2671769.720189, +5 cols
    [CG]   [DIAG] iter=4 posCols=5 newCols=5 effImprove=5 updated=0
    [CG] 列生成开始，初始列数=128
    [CG] CG iter 2: obj=161042328.072091, maxRC=10628141.476673, +16 cols
    [CG] CG iter 2: obj=161045323.156054, maxRC=10623583.380855, +16 cols
    [CG]   [DIAG] iter=2 posCols=16 newCols=16 effImprove=16 updated=0
    [CG]   [DIAG] iter=2 posCols=16 newCols=16 effImprove=16 updated=0
    [CG] CG iter 2: obj=161042668.715388, maxRC=10629416.746474, +16 cols
    [CG] CG iter 5: obj=174540450.137149, maxRC=670652.745859, +1 cols
    [CG]   [DIAG] iter=5 posCols=1 newCols=1 effImprove=1 updated=0
    [CG]   [DIAG] iter=2 posCols=16 newCols=16 effImprove=16 updated=0
    [CG] CG iter 2: obj=160790951.981914, maxRC=10617482.802936, +17 cols
    [CG]   [DIAG] iter=2 posCols=17 newCols=17 effImprove=17 updated=0
    [CG] 列生成收敛，共 6 轮迭代
    [CG] [CG-NODE] depth=0 exit=CERTIFIED certified=1 feasible=1 iters=6 generatedColsBeforeNode=0 newCols=59 posCandidates=59 duplicateCandidates=0 updatedCols=0 zeroObjImproveIters=2 objFirst=144145311.865648 objLast=174540450.137149 objGain=30395138.271501 maxRC=59519078.194646 wallSec=0.015020 pricingSec=0.009634 cplexSolveSec=0.002935
      [BB] 根节点即为整数解，obj=174540450.137149
    [CG] CG iter 3: obj=165131395.850956, maxRC=5117696.879094, +14 cols
    [CG]   [DIAG] iter=3 posCols=14 newCols=14 effImprove=14 updated=0
    [CG] CG iter 3: obj=165143904.061757, maxRC=5118128.238817, +14 cols
    [CG]   [DIAG] iter=3 posCols=14 newCols=14 effImprove=14 updated=0
    [CG] 列生成开始，初始列数=128
    [CG] CG iter 3: obj=165131337.363552, maxRC=5118128.238817, +14 cols
    [CG]   [DIAG] iter=3 posCols=14 newCols=14 effImprove=14 updated=0
    [CG] CG iter 3: obj=167409435.092576, maxRC=6213393.012569, +11 cols
    [CG]   [DIAG] iter=3 posCols=11 newCols=11 effImprove=11 updated=0
    [CG] CG iter 4: obj=174542607.986927, maxRC=2671581.650410, +5 cols
    [CG]   [DIAG] iter=4 posCols=5 newCols=5 effImprove=5 updated=0
    [CG] CG iter 4: obj=174556222.580735, maxRC=2671769.720189, +5 cols
    [CG]   [DIAG] iter=4 posCols=5 newCols=5 effImprove=5 updated=0
    [CG] CG iter 4: obj=174542604.038979, maxRC=2671769.720189, +5 cols
    [CG]   [DIAG] iter=4 posCols=5 newCols=5 effImprove=5 updated=0
    [CG] CG iter 4: obj=170034786.170861, maxRC=4174540.821850, +5 cols
    [CG]   [DIAG] iter=4 posCols=5 newCols=5 effImprove=5 updated=0
    [CG] CG iter 5: obj=174542607.986927, maxRC=669610.005234, +1 cols
    [CG]   [DIAG] iter=5 posCols=1 newCols=1 effImprove=1 updated=0
    [CG] CG iter 5: obj=174556222.580735, maxRC=671927.905830, +1 cols
    [CG]   [DIAG] iter=5 posCols=1 newCols=1 effImprove=1 updated=0
    [CG] CG iter 5: obj=174542604.038979, maxRC=670752.037006, +1 cols
    [CG]   [DIAG] iter=5 posCols=1 newCols=1 effImprove=1 updated=0
    [CG] 列生成开始，初始列数=128
    [CG] 列生成收敛，共 5 轮迭代
    [CG] 列生成收敛，共 6 轮迭代
    [CG] [CG-NODE] depth=0 exit=CERTIFIED certified=1 feasible=1 iters=5 generatedColsBeforeNode=0 newCols=56 posCandidates=56 duplicateCandidates=0 updatedCols=0 zeroObjImproveIters=0 objFirst=143775484.230894 objLast=174250372.521372 objGain=30474888.290478 maxRC=59477781.333627 wallSec=0.017965 pricingSec=0.012316 cplexSolveSec=0.003030
    [CG] [CG-NODE] depth=0 exit=CERTIFIED certified=1 feasible=1 iters=6 generatedColsBeforeNode=0 newCols=59 posCandidates=59 duplicateCandidates=0 updatedCols=0 zeroObjImproveIters=2 objFirst=144146253.842307 objLast=174542607.986927 objGain=30396354.144620 maxRC=59519227.024554 wallSec=0.018596 pricingSec=0.012619 cplexSolveSec=0.003314
    [CG] 列生成收敛，共 6 轮迭代
    [CG] [CG-NODE] depth=0 exit=CERTIFIED certified=1 feasible=1 iters=6 generatedColsBeforeNode=0 newCols=59 posCandidates=59 duplicateCandidates=0 updatedCols=0 zeroObjImproveIters=2 objFirst=144158340.797664 objLast=174556222.580735 objGain=30397881.783071 maxRC=59519280.891550 wallSec=0.018669 pricingSec=0.012536 cplexSolveSec=0.003432
      [BB] 根节点即为整数解，obj=174250372.521372
      [BB] 根节点即为整数解，obj=174542607.986927
    [CG] 列生成收敛，共 6 轮迭代
    [CG] [CG-NODE] depth=0 exit=CERTIFIED certified=1 feasible=1 iters=6 generatedColsBeforeNode=0 newCols=59 posCandidates=59 duplicateCandidates=0 updatedCols=0 zeroObjImproveIters=2 objFirst=144153173.251440 objLast=174542604.038979 objGain=30389430.787539 maxRC=59519832.925579 wallSec=0.018389 pricingSec=0.012404 cplexSolveSec=0.003330
      [BB] 根节点即为整数解，obj=174556222.580735
      [BB] 根节点即为整数解，obj=174542604.038979
    [CG] CG iter 1: obj=144164161.414254, maxRC=59519766.518893, +23 cols
    [CG]   [DIAG] iter=1 posCols=23 newCols=23 effImprove=23 updated=0
    [CG] CG iter 1: obj=144183923.784681, maxRC=59519752.128890, +23 cols
    [CG]   [DIAG] iter=1 posCols=23 newCols=23 effImprove=23 updated=0
    [CG] CG iter 1: obj=144169726.519780, maxRC=59519766.518893, +23 cols
    [CG] CG iter 2: obj=161045537.295121, maxRC=10623473.255321, +16 cols
    [CG]   [DIAG] iter=2 posCols=16 newCols=16 effImprove=16 updated=0
    [CG]   [DIAG] iter=1 posCols=23 newCols=23 effImprove=23 updated=0
    [CG] CG iter 2: obj=161047051.266610, maxRC=10623467.315918, +16 cols
    [CG] CG iter 3: obj=165138176.484838, maxRC=5118128.238817, +14 cols
    [CG]   [DIAG] iter=2 posCols=16 newCols=16 effImprove=16 updated=0
    [CG]   [DIAG] iter=3 posCols=14 newCols=14 effImprove=14 updated=0
    [CG] CG iter 4: obj=174550966.981277, maxRC=2671769.720189, +5 cols
    [CG]   [DIAG] iter=4 posCols=5 newCols=5 effImprove=5 updated=0
    [CG] CG iter 2: obj=161045537.295121, maxRC=10623473.255321, +16 cols
    [CG]   [DIAG] iter=2 posCols=16 newCols=16 effImprove=16 updated=0
    [CG] CG iter 5: obj=174550966.981277, maxRC=669585.457792, +1 cols
    [CG]   [DIAG] iter=5 posCols=1 newCols=1 effImprove=1 updated=0
    [CG] CG iter 1: obj=144181438.190727, maxRC=59519563.220823, +23 cols
    [CG] CG iter 3: obj=165145699.438851, maxRC=5118128.238817, +14 cols
    [CG]   [DIAG] iter=3 posCols=14 newCols=14 effImprove=14 updated=0
    [CG] 列生成收敛，共 6 轮迭代
    [CG] [CG-NODE] depth=0 exit=CERTIFIED certified=1 feasible=1 iters=6 generatedColsBeforeNode=0 newCols=59 posCandidates=59 duplicateCandidates=0 updatedCols=0 zeroObjImproveIters=2 objFirst=144164161.414254 objLast=174550966.981277 objGain=30386805.567023 maxRC=59519766.518893 wallSec=0.010957 pricingSec=0.007276 cplexSolveSec=0.002108
    [CG]   [DIAG] iter=1 posCols=23 newCols=23 effImprove=23 updated=0
      [BB] 根节点即为整数解，obj=174550966.981277
    [CG] CG iter 3: obj=165144177.445604, maxRC=5118128.238817, +14 cols
    [CG]   [DIAG] iter=3 posCols=14 newCols=14 effImprove=14 updated=0
    [CG] CG iter 4: obj=174558053.353943, maxRC=2671769.720189, +5 cols
    [CG]   [DIAG] iter=4 posCols=5 newCols=5 effImprove=5 updated=0
    [CG] CG iter 5: obj=174558053.353943, maxRC=671940.391762, +1 cols
    [CG] CG iter 4: obj=174556532.086803, maxRC=2671769.720189, +5 cols
    [CG]   [DIAG] iter=5 posCols=1 newCols=1 effImprove=1 updated=0
    [CG]   [DIAG] iter=4 posCols=5 newCols=5 effImprove=5 updated=0
    [CG] 列生成收敛，共 6 轮迭代
    [CG] [CG-NODE] depth=0 exit=CERTIFIED certified=1 feasible=1 iters=6 generatedColsBeforeNode=0 newCols=59 posCandidates=59 duplicateCandidates=0 updatedCols=0 zeroObjImproveIters=2 objFirst=144183923.784681 objLast=174558053.353943 objGain=30374129.569262 maxRC=59519752.128890 wallSec=0.017168 pricingSec=0.012074 cplexSolveSec=0.002911
    [CG] CG iter 5: obj=174556532.086803, maxRC=671929.029596, +1 cols
    [CG]   [DIAG] iter=5 posCols=1 newCols=1 effImprove=1 updated=0
    [CG] CG iter 2: obj=161046062.324091, maxRC=10624289.593052, +16 cols
      [BB] 根节点即为整数解，obj=174558053.353943
    [CG]   [DIAG] iter=2 posCols=16 newCols=16 effImprove=16 updated=0
    [CG] 列生成收敛，共 6 轮迭代
    [CG] [CG-NODE] depth=0 exit=CERTIFIED certified=1 feasible=1 iters=6 generatedColsBeforeNode=0 newCols=59 posCandidates=59 duplicateCandidates=0 updatedCols=0 zeroObjImproveIters=2 objFirst=144169726.519780 objLast=174556532.086803 objGain=30386805.567023 maxRC=59519766.518893 wallSec=0.017412 pricingSec=0.012046 cplexSolveSec=0.002912
      [BB] 根节点即为整数解，obj=174556532.086803
    [CG] CG iter 3: obj=165144353.974784, maxRC=5118128.238817, +14 cols
    [CG]   [DIAG] iter=3 posCols=14 newCols=14 effImprove=14 updated=0
    [CG] CG iter 4: obj=174556425.253482, maxRC=2671769.720189, +5 cols
    [CG]   [DIAG] iter=4 posCols=5 newCols=5 effImprove=5 updated=0
    [CG] CG iter 5: obj=174556425.253482, maxRC=672314.840917, +1 cols
    [CG]   [DIAG] iter=5 posCols=1 newCols=1 effImprove=1 updated=0
    [CG] 列生成收敛，共 6 轮迭代
    [CG] [CG-NODE] depth=0 exit=CERTIFIED certified=1 feasible=1 iters=6 generatedColsBeforeNode=0 newCols=59 posCandidates=59 duplicateCandidates=0 updatedCols=0 zeroObjImproveIters=2 objFirst=144181438.190727 objLast=174556425.253482 objGain=30374987.062755 maxRC=59519563.220823 wallSec=0.019917 pricingSec=0.013426 cplexSolveSec=0.003919
      [BB] 根节点即为整数解，obj=174556425.253482
[GA] 代数 7: Best=174587340.13, Avg=174531666.08, Worst=174179884.58, Valid=30/30, 耗时=0.06s (连续7代未提升)
  ├─ 求解: 30 个体 fork 并行 | CG迭代=115 加列=1168 BB分支=0
  ├─ 并行墙钟=0.0578s | 串行等效(ΣBP)=0.3425s | 加速比=5.93x
  ├─ 管理开销=-0.2848s (fork=0.0031 wait=0.0543 merge=0.0003)
  └─ CG明细: gen_logs/run_gen7_ind{0..29}.log
    [CG] 列生成开始，初始列数=128
    [CG] 列生成开始，初始列数=128
    [CG] 列生成开始，初始列数=128
    [CG] 列生成开始，初始列数=128
    [CG] 列生成开始，初始列数=128
    [CG] 列生成开始，初始列数=128
    [CG] 列生成开始，初始列数=128
    [CG] 列生成开始，初始列数=128
    [CG] CG iter 1: obj=144114716.258169, maxRC=59442649.121132, +23 cols
    [CG]   [DIAG] iter=1 posCols=23 newCols=23 effImprove=23 updated=0
    [CG] CG iter 2: obj=160913409.635749, maxRC=10573300.203702, +16 cols
    [CG]   [DIAG] iter=2 posCols=16 newCols=16 effImprove=16 updated=0
    [CG] CG iter 1: obj=144149229.627739, maxRC=59519484.279724, +23 cols
    [CG]   [DIAG] iter=1 posCols=23 newCols=23 effImprove=23 updated=0
    [CG] CG iter 3: obj=165022685.988690, maxRC=5118128.238817, +14 cols
    [CG]   [DIAG] iter=3 posCols=14 newCols=14 effImprove=14 updated=0
    [CG] CG iter 1: obj=144146461.936768, maxRC=59517546.133663, +23 cols
    [CG]   [DIAG] iter=1 posCols=23 newCols=23 effImprove=23 updated=0
    [CG] CG iter 4: obj=174445676.832346, maxRC=2671769.720189, +5 cols
    [CG]   [DIAG] iter=4 posCols=5 newCols=5 effImprove=5 updated=0
    [CG] CG iter 2: obj=161043886.904647, maxRC=10627866.568447, +16 cols
    [CG]   [DIAG] iter=2 posCols=16 newCols=16 effImprove=16 updated=0
    [CG] CG iter 5: obj=174445676.832346, maxRC=702647.187086, +1 cols
    [CG]   [DIAG] iter=5 posCols=1 newCols=1 effImprove=1 updated=0
    [CG] 列生成收敛，共 6 轮迭代
    [CG] [CG-NODE] depth=0 exit=CERTIFIED certified=1 feasible=1 iters=6 generatedColsBeforeNode=0 newCols=59 posCandidates=59 duplicateCandidates=0 updatedCols=0 zeroObjImproveIters=2 objFirst=144114716.258169 objLast=174445676.832346 objGain=30330960.574177 maxRC=59442649.121132 wallSec=0.011661 pricingSec=0.007714 cplexSolveSec=0.002174
    [CG] CG iter 2: obj=161039853.645395, maxRC=10626734.940543, +16 cols
    [CG]   [DIAG] iter=2 posCols=16 newCols=16 effImprove=16 updated=0
      [BB] 根节点即为整数解，obj=174445676.832346
    [CG] CG iter 1: obj=143854347.504487, maxRC=59512413.976714, +23 cols
    [CG] CG iter 3: obj=165133031.564551, maxRC=5118128.238817, +14 cols
    [CG] CG iter 1: obj=144030435.974447, maxRC=59336980.358801, +23 cols
    [CG]   [DIAG] iter=3 posCols=14 newCols=14 effImprove=14 updated=0
    [CG]   [DIAG] iter=1 posCols=23 newCols=23 effImprove=23 updated=0
    [CG]   [DIAG] iter=1 posCols=23 newCols=23 effImprove=23 updated=0
    [CG] CG iter 3: obj=165129130.803748, maxRC=5118128.238817, +14 cols
    [CG]   [DIAG] iter=3 posCols=14 newCols=14 effImprove=14 updated=0
    [CG] CG iter 4: obj=174544746.758418, maxRC=2671769.720189, +5 cols
    [CG]   [DIAG] iter=4 posCols=5 newCols=5 effImprove=5 updated=0
    [CG] CG iter 4: obj=174540983.934180, maxRC=2671769.720189, +5 cols
    [CG]   [DIAG] iter=4 posCols=5 newCols=5 effImprove=5 updated=0
    [CG] CG iter 1: obj=144171638.929999, maxRC=59519752.128890, +23 cols
    [CG] CG iter 5: obj=174544746.758418, maxRC=670210.344474, +1 cols
    [CG]   [DIAG] iter=5 posCols=1 newCols=1 effImprove=1 updated=0
    [CG] CG iter 2: obj=161044111.927481, maxRC=10131689.670046, +17 cols
    [CG] CG iter 1: obj=144139257.123959, maxRC=59519832.925579, +23 cols
    [CG]   [DIAG] iter=2 posCols=17 newCols=17 effImprove=17 updated=0
    [CG]   [DIAG] iter=1 posCols=23 newCols=23 effImprove=23 updated=0
    [CG] CG iter 1: obj=144158471.414432, maxRC=59518388.684791, +23 cols
    [CG] CG iter 5: obj=174540983.934180, maxRC=671107.912841, +1 cols
    [CG]   [DIAG] iter=5 posCols=1 newCols=1 effImprove=1 updated=0
    [CG]   [DIAG] iter=1 posCols=23 newCols=23 effImprove=23 updated=0
    [CG] CG iter 2: obj=160729065.795178, maxRC=10505569.388138, +16 cols
    [CG]   [DIAG] iter=1 posCols=23 newCols=23 effImprove=23 updated=0
    [CG] 列生成收敛，共 6 轮迭代
    [CG] [CG-NODE] depth=0 exit=CERTIFIED certified=1 feasible=1 iters=6 generatedColsBeforeNode=0 newCols=59 posCandidates=59 duplicateCandidates=0 updatedCols=0 zeroObjImproveIters=2 objFirst=144149229.627739 objLast=174544746.758418 objGain=30395517.130679 maxRC=59519484.279724 wallSec=0.014241 pricingSec=0.009223 cplexSolveSec=0.002817
    [CG]   [DIAG] iter=2 posCols=16 newCols=16 effImprove=16 updated=0
    [CG] 列生成收敛，共 6 轮迭代
    [CG] [CG-NODE] depth=0 exit=CERTIFIED certified=1 feasible=1 iters=6 generatedColsBeforeNode=0 newCols=59 posCandidates=59 duplicateCandidates=0 updatedCols=0 zeroObjImproveIters=2 objFirst=144146461.936768 objLast=174540983.934180 objGain=30394521.997412 maxRC=59517546.133663 wallSec=0.013766 pricingSec=0.009023 cplexSolveSec=0.002624
      [BB] 根节点即为整数解，obj=174544746.758418
    [CG] 列生成开始，初始列数=128
    [CG] CG iter 3: obj=169829563.151357, maxRC=3476585.648541, +11 cols
      [BB] 根节点即为整数解，obj=174540983.934180
    [CG]   [DIAG] iter=3 posCols=11 newCols=11 effImprove=11 updated=0
    [CG] CG iter 4: obj=173033142.831516, maxRC=1406215.175206, +5 cols
    [CG]   [DIAG] iter=4 posCols=5 newCols=5 effImprove=5 updated=0
    [CG] CG iter 2: obj=161047447.460246, maxRC=10623458.634161, +16 cols
    [CG] CG iter 2: obj=161039630.066292, maxRC=10629416.746474, +16 cols
    [CG]   [DIAG] iter=2 posCols=16 newCols=16 effImprove=16 updated=0
    [CG]   [DIAG] iter=2 posCols=16 newCols=16 effImprove=16 updated=0
    [CG] CG iter 5: obj=174496931.130545, maxRC=680437.830523, +4 cols
    [CG]   [DIAG] iter=5 posCols=4 newCols=4 effImprove=4 updated=0
    [CG] CG iter 3: obj=164853762.679586, maxRC=5118141.437437, +15 cols
    [CG] CG iter 2: obj=161044598.310603, maxRC=10622409.572591, +16 cols
    [CG]   [DIAG] iter=3 posCols=15 newCols=15 effImprove=15 updated=0
    [CG]   [DIAG] iter=2 posCols=16 newCols=16 effImprove=16 updated=0
    [CG] 列生成收敛，共 6 轮迭代
    [CG] [CG-NODE] depth=0 exit=CERTIFIED certified=1 feasible=1 iters=6 generatedColsBeforeNode=0 newCols=60 posCandidates=60 duplicateCandidates=0 updatedCols=0 zeroObjImproveIters=1 objFirst=143854347.504487 objLast=174496931.130545 objGain=30642583.626058 maxRC=59512413.976714 wallSec=0.016215 pricingSec=0.010713 cplexSolveSec=0.002905
      [BB] 根节点即为整数解，obj=174496931.130545
    [CG] CG iter 4: obj=174290993.711392, maxRC=2671774.116017, +6 cols
    [CG]   [DIAG] iter=4 posCols=6 newCols=6 effImprove=6 updated=0
    [CG] CG iter 3: obj=165146096.947089, maxRC=5118128.238817, +14 cols
    [CG] CG iter 3: obj=165111803.628458, maxRC=5118128.238817, +14 cols
    [CG]   [DIAG] iter=3 posCols=14 newCols=14 effImprove=14 updated=0
    [CG]   [DIAG] iter=3 posCols=14 newCols=14 effImprove=14 updated=0
    [CG] 列生成开始，初始列数=128
    [CG] CG iter 3: obj=165135408.040598, maxRC=5118128.238817, +14 cols
    [CG]   [DIAG] iter=3 posCols=14 newCols=14 effImprove=14 updated=0
    [CG] CG iter 5: obj=174332322.767603, maxRC=702216.910231, +1 cols
    [CG]   [DIAG] iter=5 posCols=1 newCols=1 effImprove=1 updated=0
    [CG] 列生成开始，初始列数=128
    [CG] CG iter 4: obj=174558452.357600, maxRC=2671769.720189, +5 cols
    [CG]   [DIAG] iter=4 posCols=5 newCols=5 effImprove=5 updated=0
    [CG] CG iter 4: obj=174524549.848432, maxRC=2671769.720189, +5 cols
    [CG]   [DIAG] iter=4 posCols=5 newCols=5 effImprove=5 updated=0
    [CG] 列生成收敛，共 6 轮迭代
    [CG] CG iter 4: obj=174548521.631460, maxRC=2671769.720189, +5 cols
    [CG] [CG-NODE] depth=0 exit=CERTIFIED certified=1 feasible=1 iters=6 generatedColsBeforeNode=0 newCols=61 posCandidates=61 duplicateCandidates=0 updatedCols=0 zeroObjImproveIters=1 objFirst=144030435.974447 objLast=174332322.767603 objGain=30301886.793156 maxRC=59336980.358801 wallSec=0.018337 pricingSec=0.011914 cplexSolveSec=0.003608
    [CG]   [DIAG] iter=4 posCols=5 newCols=5 effImprove=5 updated=0
      [BB] 根节点即为整数解，obj=174332322.767603
    [CG] CG iter 5: obj=174558452.357600, maxRC=671937.074787, +1 cols
    [CG]   [DIAG] iter=5 posCols=1 newCols=1 effImprove=1 updated=0
    [CG] CG iter 5: obj=174524549.848432, maxRC=663674.127571, +1 cols
    [CG]   [DIAG] iter=5 posCols=1 newCols=1 effImprove=1 updated=0
    [CG] CG iter 5: obj=174548521.631460, maxRC=669351.301815, +1 cols
    [CG]   [DIAG] iter=5 posCols=1 newCols=1 effImprove=1 updated=0
    [CG] 列生成收敛，共 6 轮迭代
    [CG] 列生成收敛，共 6 轮迭代
    [CG] [CG-NODE] depth=0 exit=CERTIFIED certified=1 feasible=1 iters=6 generatedColsBeforeNode=0 newCols=59 posCandidates=59 duplicateCandidates=0 updatedCols=0 zeroObjImproveIters=2 objFirst=144171638.929999 objLast=174558452.357600 objGain=30386813.427600 maxRC=59519752.128890 wallSec=0.019934 pricingSec=0.013211 cplexSolveSec=0.003744
    [CG] [CG-NODE] depth=0 exit=CERTIFIED certified=1 feasible=1 iters=6 generatedColsBeforeNode=0 newCols=59 posCandidates=59 duplicateCandidates=0 updatedCols=0 zeroObjImproveIters=2 objFirst=144139257.123959 objLast=174524549.848432 objGain=30385292.724473 maxRC=59519832.925579 wallSec=0.019589 pricingSec=0.012992 cplexSolveSec=0.003603
    [CG] 列生成开始，初始列数=128
    [CG] 列生成收敛，共 6 轮迭代
    [CG] [CG-NODE] depth=0 exit=CERTIFIED certified=1 feasible=1 iters=6 generatedColsBeforeNode=0 newCols=59 posCandidates=59 duplicateCandidates=0 updatedCols=0 zeroObjImproveIters=2 objFirst=144158471.414432 objLast=174548521.631460 objGain=30390050.217028 maxRC=59518388.684791 wallSec=0.019571 pricingSec=0.012935 cplexSolveSec=0.003584
      [BB] 根节点即为整数解，obj=174558452.357600
      [BB] 根节点即为整数解，obj=174524549.848432
      [BB] 根节点即为整数解，obj=174548521.631460
    [CG] 列生成开始，初始列数=128
    [CG] 列生成开始，初始列数=128
    [CG] 列生成开始，初始列数=128
    [CG] 列生成开始，初始列数=128
    [CG] CG iter 1: obj=144091228.466245, maxRC=59519430.412727, +23 cols
    [CG]   [DIAG] iter=1 posCols=23 newCols=23 effImprove=23 updated=0
    [CG] CG iter 2: obj=160987286.602374, maxRC=10702161.122576, +16 cols
    [CG]   [DIAG] iter=2 posCols=16 newCols=16 effImprove=16 updated=0
    [CG] CG iter 1: obj=144053490.527037, maxRC=59519200.094862, +23 cols
    [CG]   [DIAG] iter=1 posCols=23 newCols=23 effImprove=23 updated=0
    [CG] CG iter 1: obj=144163087.517589, maxRC=59518842.649497, +23 cols
    [CG]   [DIAG] iter=1 posCols=23 newCols=23 effImprove=23 updated=0
    [CG] CG iter 3: obj=164760873.290403, maxRC=5181497.593289, +17 cols
    [CG]   [DIAG] iter=3 posCols=17 newCols=17 effImprove=17 updated=0
    [CG] CG iter 1: obj=144124368.647843, maxRC=59519403.483036, +23 cols
    [CG] CG iter 1: obj=144068228.098484, maxRC=59513921.369513, +23 cols
    [CG] CG iter 2: obj=160963415.054347, maxRC=10628130.311093, +16 cols
    [CG]   [DIAG] iter=1 posCols=23 newCols=23 effImprove=23 updated=0
    [CG]   [DIAG] iter=2 posCols=16 newCols=16 effImprove=16 updated=0
    [CG]   [DIAG] iter=1 posCols=23 newCols=23 effImprove=23 updated=0
    [CG] CG iter 2: obj=161044140.892336, maxRC=10624289.593052, +16 cols
    [CG]   [DIAG] iter=2 posCols=16 newCols=16 effImprove=16 updated=0
    [CG] CG iter 4: obj=174451606.815890, maxRC=2162209.732895, +9 cols
    [CG]   [DIAG] iter=4 posCols=9 newCols=9 effImprove=9 updated=0
    [CG] CG iter 2: obj=161020139.209554, maxRC=10629389.201595, +16 cols
    [CG] CG iter 3: obj=165060351.963294, maxRC=5118128.238817, +14 cols
    [CG]   [DIAG] iter=2 posCols=16 newCols=16 effImprove=16 updated=0
    [CG] CG iter 3: obj=165142432.543029, maxRC=5118128.238817, +14 cols
    [CG]   [DIAG] iter=3 posCols=14 newCols=14 effImprove=14 updated=0
    [CG]   [DIAG] iter=3 posCols=14 newCols=14 effImprove=14 updated=0
    [CG] CG iter 2: obj=161033261.594585, maxRC=10639825.335576, +16 cols
    [CG] 列生成收敛，共 5 轮迭代
    [CG] [CG-NODE] depth=0 exit=CERTIFIED certified=1 feasible=1 iters=5 generatedColsBeforeNode=0 newCols=65 posCandidates=65 duplicateCandidates=0 updatedCols=0 zeroObjImproveIters=1 objFirst=144091228.466245 objLast=174451606.815890 objGain=30360378.349645 maxRC=59519430.412727 wallSec=0.018145 pricingSec=0.012555 cplexSolveSec=0.003031
    [CG]   [DIAG] iter=2 posCols=16 newCols=16 effImprove=16 updated=0
      [BB] 根节点即为整数解，obj=174451606.815890
    [CG] CG iter 4: obj=174554503.821727, maxRC=2671769.720189, +5 cols
    [CG] CG iter 4: obj=174464137.302434, maxRC=2671769.720189, +5 cols
    [CG]   [DIAG] iter=4 posCols=5 newCols=5 effImprove=5 updated=0
    [CG]   [DIAG] iter=4 posCols=5 newCols=5 effImprove=5 updated=0
    [CG] CG iter 1: obj=144025793.745297, maxRC=59519832.925579, +23 cols
    [CG] CG iter 3: obj=165108825.980546, maxRC=5109038.932198, +14 cols
    [CG]   [DIAG] iter=1 posCols=23 newCols=23 effImprove=23 updated=0
    [CG]   [DIAG] iter=3 posCols=14 newCols=14 effImprove=14 updated=0
    [CG] CG iter 5: obj=174554503.821727, maxRC=672314.840917, +1 cols
    [CG]   [DIAG] iter=5 posCols=1 newCols=1 effImprove=1 updated=0
    [CG] CG iter 5: obj=174464137.302434, maxRC=656169.801913, +1 cols
    [CG]   [DIAG] iter=5 posCols=1 newCols=1 effImprove=1 updated=0
    [CG] CG iter 3: obj=165126860.884581, maxRC=5117696.879094, +14 cols
    [CG]   [DIAG] iter=3 posCols=14 newCols=14 effImprove=14 updated=0
    [CG] 列生成收敛，共 6 轮迭代
    [CG] [CG-NODE] depth=0 exit=CERTIFIED certified=1 feasible=1 iters=6 generatedColsBeforeNode=0 newCols=59 posCandidates=59 duplicateCandidates=0 updatedCols=0 zeroObjImproveIters=2 objFirst=144163087.517589 objLast=174554503.821727 objGain=30391416.304137 maxRC=59518842.649497 wallSec=0.010663 pricingSec=0.006910 cplexSolveSec=0.002088
    [CG] CG iter 4: obj=174511021.472183, maxRC=2667955.913234, +5 cols
    [CG] 列生成收敛，共 6 轮迭代
    [CG] [CG-NODE] depth=0 exit=CERTIFIED certified=1 feasible=1 iters=6 generatedColsBeforeNode=0 newCols=59 posCandidates=59 duplicateCandidates=0 updatedCols=0 zeroObjImproveIters=2 objFirst=144053490.527037 objLast=174464137.302434 objGain=30410646.775397 maxRC=59519200.094862 wallSec=0.016341 pricingSec=0.011222 cplexSolveSec=0.002806
    [CG]   [DIAG] iter=4 posCols=5 newCols=5 effImprove=5 updated=0
      [BB] 根节点即为整数解，obj=174554503.821727
      [BB] 根节点即为整数解，obj=174464137.302434
    [CG] CG iter 4: obj=174534054.103299, maxRC=2671581.650410, +5 cols
    [CG]   [DIAG] iter=4 posCols=5 newCols=5 effImprove=5 updated=0
    [CG] CG iter 5: obj=174511021.472183, maxRC=656185.136054, +1 cols
    [CG]   [DIAG] iter=5 posCols=1 newCols=1 effImprove=1 updated=0
    [CG] 列生成收敛，共 6 轮迭代
    [CG] [CG-NODE] depth=0 exit=CERTIFIED certified=1 feasible=1 iters=6 generatedColsBeforeNode=0 newCols=59 posCandidates=59 duplicateCandidates=0 updatedCols=0 zeroObjImproveIters=2 objFirst=144124368.647843 objLast=174511021.472183 objGain=30386652.824340 maxRC=59519403.483036 wallSec=0.012910 pricingSec=0.008440 cplexSolveSec=0.002427
    [CG] CG iter 5: obj=174534054.103299, maxRC=676905.165440, +1 cols
    [CG]   [DIAG] iter=5 posCols=1 newCols=1 effImprove=1 updated=0
    [CG] CG iter 2: obj=160906016.320654, maxRC=10623494.860797, +16 cols
    [CG]   [DIAG] iter=2 posCols=16 newCols=16 effImprove=16 updated=0
      [BB] 根节点即为整数解，obj=174511021.472183
    [CG] 列生成开始，初始列数=128
    [CG] 列生成收敛，共 6 轮迭代
    [CG] [CG-NODE] depth=0 exit=CERTIFIED certified=1 feasible=1 iters=6 generatedColsBeforeNode=0 newCols=59 posCandidates=59 duplicateCandidates=0 updatedCols=0 zeroObjImproveIters=2 objFirst=144068228.098484 objLast=174534054.103299 objGain=30465826.004816 maxRC=59513921.369513 wallSec=0.017677 pricingSec=0.012018 cplexSolveSec=0.003008
      [BB] 根节点即为整数解，obj=174534054.103299
    [CG] CG iter 1: obj=144105752.408818, maxRC=59519835.075891, +23 cols
    [CG]   [DIAG] iter=1 posCols=23 newCols=23 effImprove=23 updated=0
    [CG] CG iter 1: obj=143987894.284115, maxRC=59517894.779518, +23 cols
    [CG] CG iter 3: obj=165004646.370067, maxRC=5118128.238817, +14 cols
    [CG]   [DIAG] iter=3 posCols=14 newCols=14 effImprove=14 updated=0
    [CG] 列生成开始，初始列数=128
    [CG]   [DIAG] iter=1 posCols=23 newCols=23 effImprove=23 updated=0
    [CG] 列生成开始，初始列数=128
    [CG] 列生成开始，初始列数=128
    [CG] CG iter 4: obj=174416982.162330, maxRC=2671769.720189, +5 cols
    [CG]   [DIAG] iter=4 posCols=5 newCols=5 effImprove=5 updated=0
    [CG] CG iter 2: obj=161047507.236209, maxRC=10623486.412629, +17 cols
    [CG] 列生成开始，初始列数=128
    [CG]   [DIAG] iter=2 posCols=17 newCols=17 effImprove=17 updated=0
    [CG] CG iter 2: obj=160864111.508928, maxRC=10622122.276983, +16 cols
    [CG]   [DIAG] iter=2 posCols=16 newCols=16 effImprove=16 updated=0
    [CG] CG iter 5: obj=174416982.162330, maxRC=671911.870618, +1 cols
    [CG]   [DIAG] iter=5 posCols=1 newCols=1 effImprove=1 updated=0
    [CG] 列生成收敛，共 6 轮迭代
    [CG] [CG-NODE] depth=0 exit=CERTIFIED certified=1 feasible=1 iters=6 generatedColsBeforeNode=0 newCols=59 posCandidates=59 duplicateCandidates=0 updatedCols=0 zeroObjImproveIters=2 objFirst=144025793.745297 objLast=174416982.162330 objGain=30391188.417034 maxRC=59519832.925579 wallSec=0.020528 pricingSec=0.013604 cplexSolveSec=0.003979
    [CG] CG iter 3: obj=167662097.327233, maxRC=6216573.557104, +11 cols
      [BB] 根节点即为整数解，obj=174416982.162330
    [CG]   [DIAG] iter=3 posCols=11 newCols=11 effImprove=11 updated=0
    [CG] CG iter 3: obj=164962934.321486, maxRC=5118141.437437, +14 cols
    [CG]   [DIAG] iter=3 posCols=14 newCols=14 effImprove=14 updated=0
    [CG] CG iter 4: obj=170277016.678490, maxRC=4158055.976985, +5 cols
    [CG]   [DIAG] iter=4 posCols=5 newCols=5 effImprove=5 updated=0
    [CG] CG iter 4: obj=174375493.031529, maxRC=2671774.116017, +5 cols
    [CG]   [DIAG] iter=4 posCols=5 newCols=5 effImprove=5 updated=0
    [CG] 列生成收敛，共 5 轮迭代
    [CG] [CG-NODE] depth=0 exit=CERTIFIED certified=1 feasible=1 iters=5 generatedColsBeforeNode=0 newCols=56 posCandidates=56 duplicateCandidates=0 updatedCols=0 zeroObjImproveIters=0 objFirst=144105752.408818 objLast=174495410.509420 objGain=30389658.100602 maxRC=59519835.075891 wallSec=0.018407 pricingSec=0.012674 cplexSolveSec=0.003121
    [CG] CG iter 5: obj=174375493.031529, maxRC=672720.573551, +1 cols
    [CG]   [DIAG] iter=5 posCols=1 newCols=1 effImprove=1 updated=0
      [BB] 根节点即为整数解，obj=174495410.509420
    [CG] CG iter 1: obj=143959856.916045, maxRC=59407789.655984, +23 cols
    [CG]   [DIAG] iter=1 posCols=23 newCols=23 effImprove=23 updated=0
    [CG] 列生成收敛，共 6 轮迭代
    [CG] [CG-NODE] depth=0 exit=CERTIFIED certified=1 feasible=1 iters=6 generatedColsBeforeNode=0 newCols=59 posCandidates=59 duplicateCandidates=0 updatedCols=0 zeroObjImproveIters=2 objFirst=143987894.284115 objLast=174375493.031529 objGain=30387598.747414 maxRC=59517894.779518 wallSec=0.019013 pricingSec=0.012863 cplexSolveSec=0.003375
      [BB] 根节点即为整数解，obj=174375493.031529
    [CG] 列生成开始，初始列数=128
    [CG] CG iter 1: obj=144097545.300813, maxRC=59519227.024554, +23 cols
    [CG]   [DIAG] iter=1 posCols=23 newCols=23 effImprove=23 updated=0
    [CG] CG iter 2: obj=160849317.020807, maxRC=10573499.195602, +16 cols
    [CG]   [DIAG] iter=2 posCols=16 newCols=16 effImprove=16 updated=0
    [CG] CG iter 2: obj=161042328.072091, maxRC=10628141.476673, +17 cols
    [CG]   [DIAG] iter=2 posCols=17 newCols=17 effImprove=17 updated=0
    [CG] CG iter 3: obj=164946515.496546, maxRC=5118137.235220, +14 cols
    [CG]   [DIAG] iter=3 posCols=14 newCols=14 effImprove=14 updated=0
    [CG] 列生成开始，初始列数=128
    [CG] CG iter 3: obj=167657791.671095, maxRC=6214310.265719, +11 cols
    [CG]   [DIAG] iter=3 posCols=11 newCols=11 effImprove=11 updated=0
    [CG] CG iter 1: obj=144150917.959181, maxRC=59519752.493170, +23 cols
    [CG] 列生成开始，初始列数=128
    [CG]   [DIAG] iter=1 posCols=23 newCols=23 effImprove=23 updated=0
    [CG] CG iter 4: obj=170276764.596360, maxRC=4159576.822590, +5 cols
    [CG] CG iter 4: obj=174368978.448653, maxRC=2671772.914694, +6 cols
    [CG]   [DIAG] iter=4 posCols=5 newCols=5 effImprove=5 updated=0
    [CG]   [DIAG] iter=4 posCols=6 newCols=6 effImprove=6 updated=0
    [CG] 列生成收敛，共 5 轮迭代
    [CG] [CG-NODE] depth=0 exit=CERTIFIED certified=1 feasible=1 iters=5 generatedColsBeforeNode=0 newCols=56 posCandidates=56 duplicateCandidates=0 updatedCols=0 zeroObjImproveIters=0 objFirst=144097545.300813 objLast=174493899.445434 objGain=30396354.144620 maxRC=59519227.024554 wallSec=0.009181 pricingSec=0.005910 cplexSolveSec=0.001731
      [BB] 根节点即为整数解，obj=174493899.445434
    [CG] CG iter 5: obj=174375710.339235, maxRC=709855.327440, +1 cols
    [CG]   [DIAG] iter=5 posCols=1 newCols=1 effImprove=1 updated=0
    [CG] CG iter 2: obj=161040419.934896, maxRC=10629727.359321, +16 cols
    [CG]   [DIAG] iter=2 posCols=16 newCols=16 effImprove=16 updated=0
    [CG] 列生成收敛，共 6 轮迭代
    [CG] [CG-NODE] depth=0 exit=CERTIFIED certified=1 feasible=1 iters=6 generatedColsBeforeNode=0 newCols=60 posCandidates=60 duplicateCandidates=0 updatedCols=0 zeroObjImproveIters=1 objFirst=143959856.916045 objLast=174375710.339235 objGain=30415853.423189 maxRC=59407789.655984 wallSec=0.012976 pricingSec=0.008376 cplexSolveSec=0.002620
      [BB] 根节点即为整数解，obj=174375710.339235
    [CG] CG iter 3: obj=165129003.103297, maxRC=5118128.238817, +14 cols
    [CG]   [DIAG] iter=3 posCols=14 newCols=14 effImprove=14 updated=0
    [CG] CG iter 1: obj=143949473.904291, maxRC=59512406.193067, +23 cols
    [CG]   [DIAG] iter=1 posCols=23 newCols=23 effImprove=23 updated=0
    [CG] CG iter 1: obj=143938280.834065, maxRC=59506588.338022, +23 cols
    [CG]   [DIAG] iter=1 posCols=23 newCols=23 effImprove=23 updated=0
    [CG] CG iter 4: obj=174540190.016064, maxRC=2671769.720189, +5 cols
    [CG]   [DIAG] iter=4 posCols=5 newCols=5 effImprove=5 updated=0
    [CG] CG iter 1: obj=144164325.954017, maxRC=59519430.412727, +23 cols
    [CG]   [DIAG] iter=1 posCols=23 newCols=23 effImprove=23 updated=0
    [CG] CG iter 5: obj=174540190.016064, maxRC=670899.050267, +1 cols
    [CG]   [DIAG] iter=5 posCols=1 newCols=1 effImprove=1 updated=0
    [CG] 列生成收敛，共 6 轮迭代
    [CG] [CG-NODE] depth=0 exit=CERTIFIED certified=1 feasible=1 iters=6 generatedColsBeforeNode=0 newCols=59 posCandidates=59 duplicateCandidates=0 updatedCols=0 zeroObjImproveIters=2 objFirst=144150917.959181 objLast=174540190.016064 objGain=30389272.056882 maxRC=59519752.493170 wallSec=0.012264 pricingSec=0.007975 cplexSolveSec=0.002424
      [BB] 根节点即为整数解，obj=174540190.016064
    [CG] CG iter 2: obj=160954448.415844, maxRC=10639841.714875, +17 cols
    [CG] CG iter 2: obj=161046093.581361, maxRC=10623496.537295, +16 cols
    [CG]   [DIAG] iter=2 posCols=16 newCols=16 effImprove=16 updated=0
    [CG]   [DIAG] iter=2 posCols=17 newCols=17 effImprove=17 updated=0
    [CG] CG iter 2: obj=161045409.570681, maxRC=10623631.176928, +17 cols
    [CG]   [DIAG] iter=2 posCols=17 newCols=17 effImprove=17 updated=0
    [CG] CG iter 3: obj=165144728.590964, maxRC=5117663.623090, +14 cols
    [CG]   [DIAG] iter=3 posCols=14 newCols=14 effImprove=14 updated=0
    [CG] CG iter 3: obj=167585976.244795, maxRC=6208154.577224, +12 cols
    [CG]   [DIAG] iter=3 posCols=12 newCols=12 effImprove=12 updated=0
    [CG] CG iter 3: obj=167687722.867167, maxRC=6204700.753221, +12 cols
    [CG]   [DIAG] iter=3 posCols=12 newCols=12 effImprove=12 updated=0
    [CG] CG iter 4: obj=174556609.878753, maxRC=2671567.551353, +5 cols
    [CG]   [DIAG] iter=4 posCols=5 newCols=5 effImprove=5 updated=0
    [CG] CG iter 4: obj=170242184.836677, maxRC=4182077.919936, +5 cols
    [CG]   [DIAG] iter=4 posCols=5 newCols=5 effImprove=5 updated=0
    [CG] CG iter 4: obj=170330456.273388, maxRC=4183777.300366, +5 cols
    [CG] CG iter 5: obj=174556609.878753, maxRC=671158.348734, +1 cols
    [CG]   [DIAG] iter=4 posCols=5 newCols=5 effImprove=5 updated=0
    [CG]   [DIAG] iter=5 posCols=1 newCols=1 effImprove=1 updated=0
    [CG] 列生成收敛，共 5 轮迭代
    [CG] [CG-NODE] depth=0 exit=CERTIFIED certified=1 feasible=1 iters=5 generatedColsBeforeNode=0 newCols=57 posCandidates=57 duplicateCandidates=0 updatedCols=0 zeroObjImproveIters=0 objFirst=143949473.904291 objLast=174455647.012152 objGain=30506173.107861 maxRC=59512406.193067 wallSec=0.017364 pricingSec=0.012086 cplexSolveSec=0.002774
    [CG] CG iter 1: obj=144169767.103338, maxRC=59518948.086491, +23 cols
    [CG] 列生成收敛，共 6 轮迭代
    [CG] [CG-NODE] depth=0 exit=CERTIFIED certified=1 feasible=1 iters=6 generatedColsBeforeNode=0 newCols=59 posCandidates=59 duplicateCandidates=0 updatedCols=0 zeroObjImproveIters=2 objFirst=144164325.954017 objLast=174556609.878753 objGain=30392283.924736 maxRC=59519430.412727 wallSec=0.011132 pricingSec=0.007056 cplexSolveSec=0.002328
      [BB] 根节点即为整数解，obj=174455647.012152
    [CG] 列生成收敛，共 5 轮迭代
    [CG]   [DIAG] iter=1 posCols=23 newCols=23 effImprove=23 updated=0
    [CG] [CG-NODE] depth=0 exit=CERTIFIED certified=1 feasible=1 iters=5 generatedColsBeforeNode=0 newCols=57 posCandidates=57 duplicateCandidates=0 updatedCols=0 zeroObjImproveIters=0 objFirst=143938280.834065 objLast=174548816.223241 objGain=30610535.389176 maxRC=59506588.338022 wallSec=0.017265 pricingSec=0.012013 cplexSolveSec=0.002848
      [BB] 根节点即为整数解，obj=174556609.878753
      [BB] 根节点即为整数解，obj=174548816.223241
    [CG] CG iter 2: obj=161040010.352365, maxRC=10628327.629502, +16 cols
    [CG]   [DIAG] iter=2 posCols=16 newCols=16 effImprove=16 updated=0
    [CG] CG iter 1: obj=144160638.601461, maxRC=59519801.501261, +23 cols
    [CG]   [DIAG] iter=1 posCols=23 newCols=23 effImprove=23 updated=0
    [CG] CG iter 3: obj=165136909.141418, maxRC=5118135.459319, +14 cols
    [CG]   [DIAG] iter=3 posCols=14 newCols=14 effImprove=14 updated=0
    [CG] CG iter 2: obj=161046614.543489, maxRC=10623679.813236, +16 cols
    [CG] CG iter 4: obj=174547767.312880, maxRC=2671770.539117, +5 cols
    [CG]   [DIAG] iter=4 posCols=5 newCols=5 effImprove=5 updated=0
    [CG]   [DIAG] iter=2 posCols=16 newCols=16 effImprove=16 updated=0
    [CG] CG iter 5: obj=174547767.312880, maxRC=673940.682476, +1 cols
    [CG]   [DIAG] iter=5 posCols=1 newCols=1 effImprove=1 updated=0
    [CG] 列生成收敛，共 6 轮迭代
    [CG] [CG-NODE] depth=0 exit=CERTIFIED certified=1 feasible=1 iters=6 generatedColsBeforeNode=0 newCols=59 posCandidates=59 duplicateCandidates=0 updatedCols=0 zeroObjImproveIters=2 objFirst=144169767.103338 objLast=174547767.312880 objGain=30378000.209542 maxRC=59518948.086491 wallSec=0.013992 pricingSec=0.009194 cplexSolveSec=0.002798
    [CG] CG iter 3: obj=165139094.802343, maxRC=5118141.437437, +14 cols
      [BB] 根节点即为整数解，obj=174547767.312880
    [CG]   [DIAG] iter=3 posCols=14 newCols=14 effImprove=14 updated=0
    [CG] CG iter 4: obj=174551823.682650, maxRC=2671774.116017, +5 cols
    [CG]   [DIAG] iter=4 posCols=5 newCols=5 effImprove=5 updated=0
    [CG] CG iter 5: obj=174551823.682650, maxRC=669562.866686, +1 cols
    [CG]   [DIAG] iter=5 posCols=1 newCols=1 effImprove=1 updated=0
    [CG] 列生成收敛，共 6 轮迭代
    [CG] [CG-NODE] depth=0 exit=CERTIFIED certified=1 feasible=1 iters=6 generatedColsBeforeNode=0 newCols=59 posCandidates=59 duplicateCandidates=0 updatedCols=0 zeroObjImproveIters=2 objFirst=144160638.601461 objLast=174551823.682650 objGain=30391185.081189 maxRC=59519801.501261 wallSec=0.018233 pricingSec=0.012126 cplexSolveSec=0.003613
      [BB] 根节点即为整数解，obj=174551823.682650
[GA] 代数 8: Best=174587340.13, Avg=174533616.18, Worst=174361208.45, Valid=30/30, 耗时=0.06s (连续8代未提升)
  ├─ 求解: 30 个体 fork 并行 | CG迭代=139 加列=1416 BB分支=0
  ├─ 并行墙钟=0.0631s | 串行等效(ΣBP)=0.3862s | 加速比=6.12x
  ├─ 管理开销=-0.3231s (fork=0.0042 wait=0.0585 merge=0.0004)
  └─ CG明细: gen_logs/run_gen8_ind{0..29}.log
    [CG] 列生成开始，初始列数=128
    [CG] 列生成开始，初始列数=128
    [CG] 列生成开始，初始列数=128
    [CG] 列生成开始，初始列数=128
    [CG] 列生成开始，初始列数=128
    [CG] 列生成开始，初始列数=128
    [CG] 列生成开始，初始列数=128
    [CG] 列生成开始，初始列数=128
    [CG] CG iter 1: obj=143884465.988141, maxRC=59506588.338022, +23 cols
    [CG]   [DIAG] iter=1 posCols=23 newCols=23 effImprove=23 updated=0
    [CG] CG iter 1: obj=144178408.777136, maxRC=59519752.128890, +23 cols
    [CG] CG iter 1: obj=144099127.057297, maxRC=59519227.024554, +23 cols
    [CG]   [DIAG] iter=1 posCols=23 newCols=23 effImprove=23 updated=0
    [CG]   [DIAG] iter=1 posCols=23 newCols=23 effImprove=23 updated=0
    [CG] CG iter 1: obj=144169953.102768, maxRC=59518959.436220, +23 cols
    [CG] CG iter 2: obj=161045573.917689, maxRC=10623487.104912, +17 cols
    [CG]   [DIAG] iter=1 posCols=23 newCols=23 effImprove=23 updated=0
    [CG]   [DIAG] iter=2 posCols=17 newCols=17 effImprove=17 updated=0
    [CG] CG iter 2: obj=161047452.352799, maxRC=10623467.315918, +16 cols
    [CG]   [DIAG] iter=2 posCols=16 newCols=16 effImprove=16 updated=0
    [CG] CG iter 2: obj=161043616.968285, maxRC=10628141.476673, +17 cols
    [CG]   [DIAG] iter=2 posCols=17 newCols=17 effImprove=17 updated=0
    [CG] CG iter 3: obj=167660161.689553, maxRC=6216573.372711, +11 cols
    [CG]   [DIAG] iter=3 posCols=11 newCols=11 effImprove=11 updated=0
    [CG] CG iter 2: obj=161040010.352365, maxRC=10628327.629502, +16 cols
    [CG] CG iter 3: obj=165146100.652665, maxRC=5118128.238817, +14 cols
    [CG] CG iter 1: obj=144011614.400628, maxRC=59513921.369513, +23 cols
    [CG]   [DIAG] iter=2 posCols=16 newCols=16 effImprove=16 updated=0
    [CG]   [DIAG] iter=3 posCols=14 newCols=14 effImprove=14 updated=0
    [CG]   [DIAG] iter=1 posCols=23 newCols=23 effImprove=23 updated=0
    [CG] CG iter 3: obj=167659499.083107, maxRC=6214435.921247, +11 cols
    [CG] CG iter 4: obj=170275079.282784, maxRC=4158057.550617, +5 cols
    [CG] CG iter 1: obj=144050422.126041, maxRC=59519185.839465, +23 cols
    [CG]   [DIAG] iter=4 posCols=5 newCols=5 effImprove=5 updated=0
    [CG]   [DIAG] iter=3 posCols=11 newCols=11 effImprove=11 updated=0
    [CG]   [DIAG] iter=1 posCols=23 newCols=23 effImprove=23 updated=0
    [CG] CG iter 4: obj=174558454.440132, maxRC=2671769.720189, +5 cols
    [CG]   [DIAG] iter=4 posCols=5 newCols=5 effImprove=5 updated=0
    [CG] 列生成收敛，共 5 轮迭代
    [CG] [CG-NODE] depth=0 exit=CERTIFIED certified=1 feasible=1 iters=5 generatedColsBeforeNode=0 newCols=56 posCandidates=56 duplicateCandidates=0 updatedCols=0 zeroObjImproveIters=0 objFirst=143884465.988141 objLast=174493474.687346 objGain=30609008.699205 maxRC=59506588.338022 wallSec=0.011568 pricingSec=0.007630 cplexSolveSec=0.002134
    [CG] CG iter 1: obj=144182747.309718, maxRC=59519752.128890, +23 cols
    [CG] CG iter 1: obj=144114650.494860, maxRC=59442649.121132, +23 cols
      [BB] 根节点即为整数解，obj=174493474.687346
    [CG] CG iter 4: obj=170278597.663900, maxRC=4159922.136551, +5 cols
    [CG] CG iter 5: obj=174558454.440132, maxRC=671939.573317, +1 cols
    [CG] CG iter 3: obj=165136909.141418, maxRC=5118135.459319, +14 cols
    [CG]   [DIAG] iter=5 posCols=1 newCols=1 effImprove=1 updated=0
    [CG]   [DIAG] iter=4 posCols=5 newCols=5 effImprove=5 updated=0
    [CG]   [DIAG] iter=1 posCols=23 newCols=23 effImprove=23 updated=0
    [CG]   [DIAG] iter=3 posCols=14 newCols=14 effImprove=14 updated=0
    [CG]   [DIAG] iter=1 posCols=23 newCols=23 effImprove=23 updated=0
    [CG] CG iter 2: obj=161046946.725443, maxRC=10623496.537295, +17 cols
    [CG] 列生成收敛，共 6 轮迭代
    [CG] [CG-NODE] depth=0 exit=CERTIFIED certified=1 feasible=1 iters=6 generatedColsBeforeNode=0 newCols=59 posCandidates=59 duplicateCandidates=0 updatedCols=0 zeroObjImproveIters=2 objFirst=144178408.777136 objLast=174558454.440132 objGain=30380045.662996 maxRC=59519752.128890 wallSec=0.013003 pricingSec=0.008431 cplexSolveSec=0.002512
    [CG]   [DIAG] iter=2 posCols=17 newCols=17 effImprove=17 updated=0
    [CG] 列生成收敛，共 5 轮迭代
    [CG] [CG-NODE] depth=0 exit=CERTIFIED certified=1 feasible=1 iters=5 generatedColsBeforeNode=0 newCols=56 posCandidates=56 duplicateCandidates=0 updatedCols=0 zeroObjImproveIters=0 objFirst=144099127.057297 objLast=174495619.701351 objGain=30396492.644054 maxRC=59519227.024554 wallSec=0.012975 pricingSec=0.008559 cplexSolveSec=0.002408
      [BB] 根节点即为整数解，obj=174558454.440132
    [CG] CG iter 4: obj=174547767.312880, maxRC=2671770.539117, +5 cols
    [CG]   [DIAG] iter=4 posCols=5 newCols=5 effImprove=5 updated=0
      [BB] 根节点即为整数解，obj=174495619.701351
    [CG] CG iter 2: obj=160963415.054347, maxRC=10628130.311093, +16 cols
    [CG]   [DIAG] iter=2 posCols=16 newCols=16 effImprove=16 updated=0
    [CG] CG iter 5: obj=174547767.312880, maxRC=673940.682476, +1 cols
    [CG]   [DIAG] iter=5 posCols=1 newCols=1 effImprove=1 updated=0
    [CG] CG iter 2: obj=161046160.029058, maxRC=10623467.315918, +16 cols
    [CG] CG iter 2: obj=160913343.872440, maxRC=10573300.203702, +16 cols
    [CG]   [DIAG] iter=2 posCols=16 newCols=16 effImprove=16 updated=0
    [CG]   [DIAG] iter=2 posCols=16 newCols=16 effImprove=16 updated=0
    [CG] CG iter 3: obj=167663876.880522, maxRC=6215572.141593, +11 cols
    [CG]   [DIAG] iter=3 posCols=11 newCols=11 effImprove=11 updated=0
    [CG] 列生成收敛，共 6 轮迭代
    [CG] [CG-NODE] depth=0 exit=CERTIFIED certified=1 feasible=1 iters=6 generatedColsBeforeNode=0 newCols=59 posCandidates=59 duplicateCandidates=0 updatedCols=0 zeroObjImproveIters=2 objFirst=144169953.102768 objLast=174547767.312880 objGain=30377814.210112 maxRC=59518959.436220 wallSec=0.014446 pricingSec=0.009460 cplexSolveSec=0.002826
      [BB] 根节点即为整数解，obj=174547767.312880
    [CG] CG iter 3: obj=165060351.963294, maxRC=5118128.238817, +14 cols
    [CG]   [DIAG] iter=3 posCols=14 newCols=14 effImprove=14 updated=0
    [CG] 列生成开始，初始列数=128
    [CG] CG iter 4: obj=170281128.410848, maxRC=4160249.544485, +5 cols
    [CG]   [DIAG] iter=4 posCols=5 newCols=5 effImprove=5 updated=0
    [CG] CG iter 3: obj=165144802.874969, maxRC=5117696.879094, +14 cols
    [CG]   [DIAG] iter=3 posCols=14 newCols=14 effImprove=14 updated=0
    [CG] CG iter 3: obj=165022620.225381, maxRC=5118128.238817, +14 cols
    [CG] 列生成开始，初始列数=128
    [CG]   [DIAG] iter=3 posCols=14 newCols=14 effImprove=14 updated=0
    [CG] CG iter 4: obj=174464137.302434, maxRC=2671769.720189, +5 cols
    [CG]   [DIAG] iter=4 posCols=5 newCols=5 effImprove=5 updated=0
    [CG] 列生成收敛，共 5 轮迭代
    [CG] [CG-NODE] depth=0 exit=CERTIFIED certified=1 feasible=1 iters=5 generatedColsBeforeNode=0 newCols=56 posCandidates=56 duplicateCandidates=0 updatedCols=0 zeroObjImproveIters=0 objFirst=144011614.400628 objLast=174499515.279773 objGain=30487900.879145 maxRC=59513921.369513 wallSec=0.016665 pricingSec=0.011246 cplexSolveSec=0.002884
      [BB] 根节点即为整数解，obj=174499515.279773
    [CG] 列生成开始，初始列数=128
    [CG] CG iter 4: obj=174556729.107123, maxRC=2671581.650410, +5 cols
    [CG]   [DIAG] iter=4 posCols=5 newCols=5 effImprove=5 updated=0
    [CG] CG iter 5: obj=174464137.302434, maxRC=656169.801913, +1 cols
    [CG]   [DIAG] iter=5 posCols=1 newCols=1 effImprove=1 updated=0
    [CG] CG iter 4: obj=174445611.069037, maxRC=2671769.720189, +5 cols
    [CG]   [DIAG] iter=4 posCols=5 newCols=5 effImprove=5 updated=0
    [CG] CG iter 5: obj=174556729.107123, maxRC=671214.881073, +1 cols
    [CG]   [DIAG] iter=5 posCols=1 newCols=1 effImprove=1 updated=0
    [CG] 列生成收敛，共 6 轮迭代
    [CG] [CG-NODE] depth=0 exit=CERTIFIED certified=1 feasible=1 iters=6 generatedColsBeforeNode=0 newCols=59 posCandidates=59 duplicateCandidates=0 updatedCols=0 zeroObjImproveIters=2 objFirst=144050422.126041 objLast=174464137.302434 objGain=30413715.176393 maxRC=59519185.839465 wallSec=0.017850 pricingSec=0.012055 cplexSolveSec=0.003277
      [BB] 根节点即为整数解，obj=174464137.302434
    [CG] 列生成收敛，共 6 轮迭代
    [CG] CG iter 5: obj=174445611.069037, maxRC=702647.187086, +1 cols
    [CG] [CG-NODE] depth=0 exit=CERTIFIED certified=1 feasible=1 iters=6 generatedColsBeforeNode=0 newCols=59 posCandidates=59 duplicateCandidates=0 updatedCols=0 zeroObjImproveIters=2 objFirst=144182747.309718 objLast=174556729.107123 objGain=30373981.797405 maxRC=59519752.128890 wallSec=0.017951 pricingSec=0.012258 cplexSolveSec=0.003163
    [CG]   [DIAG] iter=5 posCols=1 newCols=1 effImprove=1 updated=0
    [CG] 列生成开始，初始列数=128
      [BB] 根节点即为整数解，obj=174556729.107123
    [CG] 列生成收敛，共 6 轮迭代
    [CG] [CG-NODE] depth=0 exit=CERTIFIED certified=1 feasible=1 iters=6 generatedColsBeforeNode=0 newCols=59 posCandidates=59 duplicateCandidates=0 updatedCols=0 zeroObjImproveIters=2 objFirst=144114650.494860 objLast=174445611.069037 objGain=30330960.574177 maxRC=59442649.121132 wallSec=0.018341 pricingSec=0.012307 cplexSolveSec=0.003458
      [BB] 根节点即为整数解，obj=174445611.069037
    [CG] 列生成开始，初始列数=128
    [CG] 列生成开始，初始列数=128
    [CG] 列生成开始，初始列数=128
    [CG] CG iter 1: obj=144014540.278956, maxRC=59519752.128890, +23 cols
    [CG]   [DIAG] iter=1 posCols=23 newCols=23 effImprove=23 updated=0
    [CG] CG iter 2: obj=160948966.603541, maxRC=10748865.588244, +16 cols
    [CG] 列生成开始，初始列数=128
    [CG]   [DIAG] iter=2 posCols=16 newCols=16 effImprove=16 updated=0
    [CG] CG iter 3: obj=164680323.092060, maxRC=5192972.179932, +17 cols
    [CG]   [DIAG] iter=3 posCols=17 newCols=17 effImprove=17 updated=0
    [CG] CG iter 4: obj=174363205.872943, maxRC=2173959.212965, +9 cols
    [CG]   [DIAG] iter=4 posCols=9 newCols=9 effImprove=9 updated=0
    [CG] CG iter 1: obj=144184325.241567, maxRC=59519752.493170, +23 cols
    [CG] 列生成收敛，共 5 轮迭代
    [CG] [CG-NODE] depth=0 exit=CERTIFIED certified=1 feasible=1 iters=5 generatedColsBeforeNode=0 newCols=65 posCandidates=65 duplicateCandidates=0 updatedCols=0 zeroObjImproveIters=1 objFirst=144014540.278956 objLast=174363205.872943 objGain=30348665.593987 maxRC=59519752.128890 wallSec=0.009832 pricingSec=0.006361 cplexSolveSec=0.001694
    [CG]   [DIAG] iter=1 posCols=23 newCols=23 effImprove=23 updated=0
      [BB] 根节点即为整数解，obj=174363205.872943
    [CG] CG iter 2: obj=161047444.032699, maxRC=10623458.634161, +16 cols
    [CG]   [DIAG] iter=2 posCols=16 newCols=16 effImprove=16 updated=0
    [CG] CG iter 1: obj=144153396.379658, maxRC=59519835.075891, +23 cols
    [CG]   [DIAG] iter=1 posCols=23 newCols=23 effImprove=23 updated=0
    [CG] CG iter 3: obj=165146086.564207, maxRC=5118128.238817, +14 cols
    [CG]   [DIAG] iter=3 posCols=14 newCols=14 effImprove=14 updated=0
    [CG] CG iter 1: obj=144146776.535152, maxRC=59517546.133663, +23 cols
    [CG] CG iter 1: obj=144068225.459286, maxRC=59513921.369513, +23 cols
    [CG] CG iter 1: obj=144158574.265330, maxRC=59519801.501261, +23 cols
    [CG]   [DIAG] iter=1 posCols=23 newCols=23 effImprove=23 updated=0
    [CG]   [DIAG] iter=1 posCols=23 newCols=23 effImprove=23 updated=0
    [CG]   [DIAG] iter=1 posCols=23 newCols=23 effImprove=23 updated=0
    [CG] CG iter 4: obj=174558447.494282, maxRC=2671769.720189, +5 cols
    [CG]   [DIAG] iter=4 posCols=5 newCols=5 effImprove=5 updated=0
    [CG] 列生成开始，初始列数=128
    [CG] CG iter 2: obj=161042119.667631, maxRC=10623754.424015, +16 cols
    [CG]   [DIAG] iter=2 posCols=16 newCols=16 effImprove=16 updated=0
    [CG] CG iter 2: obj=161033258.955387, maxRC=10639825.335576, +16 cols
    [CG] CG iter 5: obj=174558447.494282, maxRC=671930.251659, +1 cols
    [CG]   [DIAG] iter=2 posCols=16 newCols=16 effImprove=16 updated=0
    [CG]   [DIAG] iter=5 posCols=1 newCols=1 effImprove=1 updated=0
    [CG] CG iter 1: obj=144011887.219734, maxRC=59513921.369513, +23 cols
    [CG] CG iter 2: obj=161040082.352738, maxRC=10626443.653018, +16 cols
    [CG]   [DIAG] iter=2 posCols=16 newCols=16 effImprove=16 updated=0
    [CG]   [DIAG] iter=1 posCols=23 newCols=23 effImprove=23 updated=0
    [CG] CG iter 2: obj=161044935.298682, maxRC=10623711.796763, +16 cols
    [CG]   [DIAG] iter=2 posCols=16 newCols=16 effImprove=16 updated=0
    [CG] 列生成收敛，共 6 轮迭代
    [CG] [CG-NODE] depth=0 exit=CERTIFIED certified=1 feasible=1 iters=6 generatedColsBeforeNode=0 newCols=59 posCandidates=59 duplicateCandidates=0 updatedCols=0 zeroObjImproveIters=2 objFirst=144184325.241567 objLast=174558447.494282 objGain=30374122.252715 maxRC=59519752.493170 wallSec=0.012123 pricingSec=0.007828 cplexSolveSec=0.002415
      [BB] 根节点即为整数解，obj=174558447.494282
    [CG] CG iter 3: obj=165126858.245383, maxRC=5117696.879094, +14 cols
    [CG]   [DIAG] iter=3 posCols=14 newCols=14 effImprove=14 updated=0
    [CG] CG iter 3: obj=165133061.938330, maxRC=5118128.238817, +14 cols
    [CG]   [DIAG] iter=3 posCols=14 newCols=14 effImprove=14 updated=0
    [CG] CG iter 3: obj=165129449.155818, maxRC=5118128.238817, +14 cols
    [CG]   [DIAG] iter=3 posCols=14 newCols=14 effImprove=14 updated=0
    [CG] CG iter 2: obj=161047289.309992, maxRC=10623627.919354, +17 cols
    [CG] CG iter 4: obj=174534051.464101, maxRC=2671581.650410, +5 cols
    [CG]   [DIAG] iter=4 posCols=5 newCols=5 effImprove=5 updated=0
    [CG]   [DIAG] iter=2 posCols=17 newCols=17 effImprove=17 updated=0
    [CG] CG iter 3: obj=165137404.582991, maxRC=5117556.663803, +14 cols
    [CG] CG iter 4: obj=174545449.457561, maxRC=2671769.720189, +5 cols
    [CG]   [DIAG] iter=4 posCols=5 newCols=5 effImprove=5 updated=0
    [CG]   [DIAG] iter=3 posCols=14 newCols=14 effImprove=14 updated=0
    [CG] CG iter 5: obj=174534051.464101, maxRC=676905.165440, +1 cols
    [CG]   [DIAG] iter=5 posCols=1 newCols=1 effImprove=1 updated=0
    [CG] CG iter 4: obj=174541386.492863, maxRC=2671769.720189, +5 cols
    [CG]   [DIAG] iter=4 posCols=5 newCols=5 effImprove=5 updated=0
    [CG] 列生成收敛，共 6 轮迭代
    [CG] [CG-NODE] depth=0 exit=CERTIFIED certified=1 feasible=1 iters=6 generatedColsBeforeNode=0 newCols=59 posCandidates=59 duplicateCandidates=0 updatedCols=0 zeroObjImproveIters=2 objFirst=144068225.459286 objLast=174534051.464101 objGain=30465826.004816 maxRC=59513921.369513 wallSec=0.011463 pricingSec=0.007518 cplexSolveSec=0.002107
    [CG] CG iter 5: obj=174545449.457561, maxRC=667884.367343, +1 cols
    [CG]   [DIAG] iter=5 posCols=1 newCols=1 effImprove=1 updated=0
    [CG] CG iter 4: obj=174549539.757633, maxRC=2671522.264408, +5 cols
      [BB] 根节点即为整数解，obj=174534051.464101
    [CG]   [DIAG] iter=4 posCols=5 newCols=5 effImprove=5 updated=0
    [CG] CG iter 3: obj=167664135.903968, maxRC=6215546.407627, +11 cols
    [CG] CG iter 5: obj=174541386.492863, maxRC=671006.070594, +1 cols
    [CG]   [DIAG] iter=5 posCols=1 newCols=1 effImprove=1 updated=0
    [CG]   [DIAG] iter=3 posCols=11 newCols=11 effImprove=11 updated=0
    [CG] 列生成收敛，共 6 轮迭代
    [CG] [CG-NODE] depth=0 exit=CERTIFIED certified=1 feasible=1 iters=6 generatedColsBeforeNode=0 newCols=59 posCandidates=59 duplicateCandidates=0 updatedCols=0 zeroObjImproveIters=2 objFirst=144153396.379658 objLast=174545449.457561 objGain=30392053.077904 maxRC=59519835.075891 wallSec=0.017777 pricingSec=0.011993 cplexSolveSec=0.003018
    [CG] 列生成收敛，共 6 轮迭代
    [CG] [CG-NODE] depth=0 exit=CERTIFIED certified=1 feasible=1 iters=6 generatedColsBeforeNode=0 newCols=59 posCandidates=59 duplicateCandidates=0 updatedCols=0 zeroObjImproveIters=2 objFirst=144146776.535152 objLast=174541386.492863 objGain=30394609.957710 maxRC=59517546.133663 wallSec=0.013397 pricingSec=0.008805 cplexSolveSec=0.002497
    [CG] CG iter 5: obj=174549539.757633, maxRC=668609.260366, +1 cols
    [CG]   [DIAG] iter=5 posCols=1 newCols=1 effImprove=1 updated=0
      [BB] 根节点即为整数解，obj=174545449.457561
      [BB] 根节点即为整数解，obj=174541386.492863
    [CG] CG iter 4: obj=170281387.437678, maxRC=4160215.262823, +5 cols
    [CG]   [DIAG] iter=4 posCols=5 newCols=5 effImprove=5 updated=0
    [CG] 列生成收敛，共 6 轮迭代
    [CG] [CG-NODE] depth=0 exit=CERTIFIED certified=1 feasible=1 iters=6 generatedColsBeforeNode=0 newCols=59 posCandidates=59 duplicateCandidates=0 updatedCols=0 zeroObjImproveIters=2 objFirst=144158574.265330 objLast=174549539.757633 objGain=30390965.492303 maxRC=59519801.501261 wallSec=0.017273 pricingSec=0.011649 cplexSolveSec=0.002972
      [BB] 根节点即为整数解，obj=174549539.757633
    [CG] 列生成收敛，共 5 轮迭代
    [CG] [CG-NODE] depth=0 exit=CERTIFIED certified=1 feasible=1 iters=5 generatedColsBeforeNode=0 newCols=56 posCandidates=56 duplicateCandidates=0 updatedCols=0 zeroObjImproveIters=0 objFirst=144011887.219734 objLast=174499754.112597 objGain=30487866.892863 maxRC=59513921.369513 wallSec=0.012669 pricingSec=0.008470 cplexSolveSec=0.002260
    [CG] 列生成开始，初始列数=128
      [BB] 根节点即为整数解，obj=174499754.112597
    [CG] 列生成开始，初始列数=128
    [CG] CG iter 1: obj=144109036.767039, maxRC=59519403.483036, +23 cols
    [CG]   [DIAG] iter=1 posCols=23 newCols=23 effImprove=23 updated=0
    [CG] 列生成开始，初始列数=128
    [CG] 列生成开始，初始列数=128
    [CG] CG iter 2: obj=160984868.388386, maxRC=10629389.201595, +16 cols
    [CG] 列生成开始，初始列数=128
    [CG]   [DIAG] iter=2 posCols=16 newCols=16 effImprove=16 updated=0
    [CG] 列生成开始，初始列数=128
    [CG] CG iter 1: obj=144158974.682584, maxRC=59519779.058582, +23 cols
    [CG]   [DIAG] iter=1 posCols=23 newCols=23 effImprove=23 updated=0
    [CG] CG iter 1: obj=144170193.625857, maxRC=59519752.128890, +23 cols
    [CG]   [DIAG] iter=1 posCols=23 newCols=23 effImprove=23 updated=0
    [CG] CG iter 2: obj=161044172.149606, maxRC=10623496.537295, +16 cols
    [CG]   [DIAG] iter=2 posCols=16 newCols=16 effImprove=16 updated=0
    [CG] CG iter 3: obj=165081647.241716, maxRC=5109038.932198, +14 cols
    [CG]   [DIAG] iter=3 posCols=14 newCols=14 effImprove=14 updated=0
    [CG] CG iter 2: obj=161047046.556187, maxRC=10623467.315918, +16 cols
    [CG]   [DIAG] iter=2 posCols=16 newCols=16 effImprove=16 updated=0
    [CG] CG iter 3: obj=165135271.926957, maxRC=5117663.623090, +14 cols
    [CG]   [DIAG] iter=3 posCols=14 newCols=14 effImprove=14 updated=0
    [CG] CG iter 4: obj=174483211.621991, maxRC=2667955.913234, +5 cols
    [CG]   [DIAG] iter=4 posCols=5 newCols=5 effImprove=5 updated=0
    [CG] CG iter 3: obj=165137604.147470, maxRC=5118128.238817, +14 cols
    [CG]   [DIAG] iter=3 posCols=14 newCols=14 effImprove=14 updated=0
    [CG] CG iter 4: obj=174547728.482868, maxRC=2671567.551353, +5 cols
    [CG]   [DIAG] iter=4 posCols=5 newCols=5 effImprove=5 updated=0
    [CG] CG iter 5: obj=174483211.621991, maxRC=659390.424670, +1 cols
    [CG]   [DIAG] iter=5 posCols=1 newCols=1 effImprove=1 updated=0
    [CG] CG iter 4: obj=174550587.458770, maxRC=2671769.720189, +5 cols
    [CG]   [DIAG] iter=4 posCols=5 newCols=5 effImprove=5 updated=0
    [CG] CG iter 5: obj=174547728.482868, maxRC=668187.164341, +1 cols
    [CG]   [DIAG] iter=5 posCols=1 newCols=1 effImprove=1 updated=0
    [CG] 列生成收敛，共 6 轮迭代
    [CG] CG iter 5: obj=174550587.458770, maxRC=668737.321536, +1 cols
    [CG] [CG-NODE] depth=0 exit=CERTIFIED certified=1 feasible=1 iters=6 generatedColsBeforeNode=0 newCols=59 posCandidates=59 duplicateCandidates=0 updatedCols=0 zeroObjImproveIters=2 objFirst=144109036.767039 objLast=174483211.621991 objGain=30374174.854953 maxRC=59519403.483036 wallSec=0.018312 pricingSec=0.012409 cplexSolveSec=0.003309
    [CG]   [DIAG] iter=5 posCols=1 newCols=1 effImprove=1 updated=0
    [CG] 列生成收敛，共 6 轮迭代
    [CG] [CG-NODE] depth=0 exit=CERTIFIED certified=1 feasible=1 iters=6 generatedColsBeforeNode=0 newCols=59 posCandidates=59 duplicateCandidates=0 updatedCols=0 zeroObjImproveIters=2 objFirst=144158974.682584 objLast=174547728.482868 objGain=30388753.800283 maxRC=59519779.058582 wallSec=0.007406 pricingSec=0.004585 cplexSolveSec=0.001575
      [BB] 根节点即为整数解，obj=174483211.621991
      [BB] 根节点即为整数解，obj=174547728.482868
    [CG] 列生成收敛，共 6 轮迭代
    [CG] [CG-NODE] depth=0 exit=CERTIFIED certified=1 feasible=1 iters=6 generatedColsBeforeNode=0 newCols=59 posCandidates=59 duplicateCandidates=0 updatedCols=0 zeroObjImproveIters=2 objFirst=144170193.625857 objLast=174550587.458770 objGain=30380393.832913 maxRC=59519752.128890 wallSec=0.013556 pricingSec=0.009004 cplexSolveSec=0.002281
      [BB] 根节点即为整数解，obj=174550587.458770
    [CG] 列生成开始，初始列数=128
    [CG] 列生成开始，初始列数=128
    [CG] 列生成开始，初始列数=128
    [CG] CG iter 1: obj=144060173.758744, maxRC=59519200.094862, +23 cols
    [CG]   [DIAG] iter=1 posCols=23 newCols=23 effImprove=23 updated=0
    [CG] CG iter 2: obj=160961333.603964, maxRC=10630798.076739, +16 cols
    [CG]   [DIAG] iter=2 posCols=16 newCols=16 effImprove=16 updated=0
    [CG] CG iter 1: obj=144054454.544278, maxRC=59513921.369513, +23 cols
    [CG]   [DIAG] iter=1 posCols=23 newCols=23 effImprove=23 updated=0
    [CG] CG iter 1: obj=144183840.662142, maxRC=59519752.128890, +23 cols
    [CG]   [DIAG] iter=1 posCols=23 newCols=23 effImprove=23 updated=0
    [CG] CG iter 1: obj=144166705.385869, maxRC=59519832.925579, +23 cols
    [CG] CG iter 1: obj=144179705.236609, maxRC=59519752.493170, +23 cols
    [CG]   [DIAG] iter=1 posCols=23 newCols=23 effImprove=23 updated=0
    [CG] CG iter 3: obj=165065545.747627, maxRC=5118128.238817, +14 cols
    [CG]   [DIAG] iter=1 posCols=23 newCols=23 effImprove=23 updated=0
    [CG]   [DIAG] iter=3 posCols=14 newCols=14 effImprove=14 updated=0
    [CG] CG iter 2: obj=161022024.607850, maxRC=10639825.335576, +16 cols
    [CG]   [DIAG] iter=2 posCols=16 newCols=16 effImprove=16 updated=0
    [CG] CG iter 2: obj=161046989.731126, maxRC=10623488.833130, +16 cols
    [CG]   [DIAG] iter=2 posCols=16 newCols=16 effImprove=16 updated=0
    [CG] CG iter 4: obj=174467924.523141, maxRC=2671769.720189, +5 cols
    [CG]   [DIAG] iter=4 posCols=5 newCols=5 effImprove=5 updated=0
    [CG] CG iter 2: obj=161042673.425810, maxRC=10629416.746474, +16 cols
    [CG]   [DIAG] iter=2 posCols=16 newCols=16 effImprove=16 updated=0
    [CG] CG iter 2: obj=161047444.214829, maxRC=10623467.315918, +16 cols
    [CG]   [DIAG] iter=2 posCols=16 newCols=16 effImprove=16 updated=0
    [CG] CG iter 1: obj=144052538.413452, maxRC=59519192.989864, +23 cols
    [CG] CG iter 5: obj=174467924.523141, maxRC=660312.339508, +1 cols
    [CG]   [DIAG] iter=5 posCols=1 newCols=1 effImprove=1 updated=0
    [CG] CG iter 3: obj=165115623.897846, maxRC=5113152.225784, +14 cols
    [CG]   [DIAG] iter=1 posCols=23 newCols=23 effImprove=23 updated=0
    [CG]   [DIAG] iter=3 posCols=14 newCols=14 effImprove=14 updated=0
    [CG] CG iter 3: obj=165145619.896319, maxRC=5118128.238817, +14 cols
    [CG]   [DIAG] iter=3 posCols=14 newCols=14 effImprove=14 updated=0
    [CG] 列生成收敛，共 6 轮迭代
    [CG] [CG-NODE] depth=0 exit=CERTIFIED certified=1 feasible=1 iters=6 generatedColsBeforeNode=0 newCols=59 posCandidates=59 duplicateCandidates=0 updatedCols=0 zeroObjImproveIters=2 objFirst=144060173.758744 objLast=174467924.523141 objGain=30407750.764397 maxRC=59519200.094862 wallSec=0.018432 pricingSec=0.012477 cplexSolveSec=0.003184
    [CG] CG iter 1: obj=143944507.608661, maxRC=59517923.019928, +23 cols
      [BB] 根节点即为整数解，obj=174467924.523141
    [CG]   [DIAG] iter=1 posCols=23 newCols=23 effImprove=23 updated=0
    [CG] CG iter 4: obj=174518272.463255, maxRC=2669674.746932, +5 cols
    [CG]   [DIAG] iter=4 posCols=5 newCols=5 effImprove=5 updated=0
    [CG] CG iter 3: obj=165131341.946350, maxRC=5118128.238817, +14 cols
    [CG] CG iter 1: obj=143856600.782978, maxRC=59512413.976714, +23 cols
    [CG] CG iter 3: obj=165146090.238792, maxRC=5118128.238817, +14 cols
    [CG]   [DIAG] iter=3 posCols=14 newCols=14 effImprove=14 updated=0
    [CG]   [DIAG] iter=3 posCols=14 newCols=14 effImprove=14 updated=0
    [CG] CG iter 4: obj=174557970.749550, maxRC=2671769.720189, +5 cols
    [CG]   [DIAG] iter=4 posCols=5 newCols=5 effImprove=5 updated=0
    [CG]   [DIAG] iter=1 posCols=23 newCols=23 effImprove=23 updated=0
    [CG] CG iter 2: obj=160963415.054347, maxRC=10628130.311093, +16 cols
    [CG]   [DIAG] iter=2 posCols=16 newCols=16 effImprove=16 updated=0
    [CG] CG iter 5: obj=174518272.463255, maxRC=669607.454392, +1 cols
    [CG]   [DIAG] iter=5 posCols=1 newCols=1 effImprove=1 updated=0
    [CG] CG iter 5: obj=174557970.749550, maxRC=671941.503922, +1 cols
    [CG] CG iter 4: obj=174542608.749402, maxRC=2671769.720189, +5 cols
    [CG]   [DIAG] iter=5 posCols=1 newCols=1 effImprove=1 updated=0
    [CG]   [DIAG] iter=4 posCols=5 newCols=5 effImprove=5 updated=0
    [CG] CG iter 4: obj=174558445.823572, maxRC=2671769.720189, +5 cols
    [CG]   [DIAG] iter=4 posCols=5 newCols=5 effImprove=5 updated=0
    [CG] 列生成收敛，共 6 轮迭代
    [CG] [CG-NODE] depth=0 exit=CERTIFIED certified=1 feasible=1 iters=6 generatedColsBeforeNode=0 newCols=59 posCandidates=59 duplicateCandidates=0 updatedCols=0 zeroObjImproveIters=2 objFirst=144054454.544278 objLast=174518272.463255 objGain=30463817.918976 maxRC=59513921.369513 wallSec=0.017223 pricingSec=0.011965 cplexSolveSec=0.002752
    [CG] CG iter 2: obj=161043094.802565, maxRC=10622347.500943, +16 cols
    [CG]   [DIAG] iter=2 posCols=16 newCols=16 effImprove=16 updated=0
      [BB] 根节点即为整数解，obj=174518272.463255
    [CG] 列生成收敛，共 6 轮迭代
    [CG] [CG-NODE] depth=0 exit=CERTIFIED certified=1 feasible=1 iters=6 generatedColsBeforeNode=0 newCols=59 posCandidates=59 duplicateCandidates=0 updatedCols=0 zeroObjImproveIters=2 objFirst=144183840.662142 objLast=174557970.749550 objGain=30374130.087407 maxRC=59519752.128890 wallSec=0.017339 pricingSec=0.011777 cplexSolveSec=0.002902
    [CG] CG iter 5: obj=174542608.749402, maxRC=670752.855450, +1 cols
    [CG]   [DIAG] iter=5 posCols=1 newCols=1 effImprove=1 updated=0
    [CG] CG iter 5: obj=174558445.823572, maxRC=671937.026127, +1 cols
    [CG]   [DIAG] iter=5 posCols=1 newCols=1 effImprove=1 updated=0
      [BB] 根节点即为整数解，obj=174557970.749550
    [CG] CG iter 3: obj=165059431.448069, maxRC=5118128.238817, +14 cols
    [CG] CG iter 2: obj=161044111.927481, maxRC=10131689.670046, +17 cols
    [CG]   [DIAG] iter=3 posCols=14 newCols=14 effImprove=14 updated=0
    [CG]   [DIAG] iter=2 posCols=17 newCols=17 effImprove=17 updated=0
    [CG] 列生成收敛，共 6 轮迭代
    [CG] [CG-NODE] depth=0 exit=CERTIFIED certified=1 feasible=1 iters=6 generatedColsBeforeNode=0 newCols=59 posCandidates=59 duplicateCandidates=0 updatedCols=0 zeroObjImproveIters=2 objFirst=144166705.385869 objLast=174542608.749402 objGain=30375903.363532 maxRC=59519832.925579 wallSec=0.017482 pricingSec=0.011837 cplexSolveSec=0.003002
    [CG] 列生成收敛，共 6 轮迭代
    [CG] [CG-NODE] depth=0 exit=CERTIFIED certified=1 feasible=1 iters=6 generatedColsBeforeNode=0 newCols=59 posCandidates=59 duplicateCandidates=0 updatedCols=0 zeroObjImproveIters=2 objFirst=144179705.236609 objLast=174558445.823572 objGain=30378740.586963 maxRC=59519752.493170 wallSec=0.017379 pricingSec=0.011651 cplexSolveSec=0.003029
      [BB] 根节点即为整数解，obj=174542608.749402
    [CG] 列生成开始，初始列数=128
      [BB] 根节点即为整数解，obj=174558445.823572
    [CG] CG iter 4: obj=174463301.985774, maxRC=2671769.720189, +5 cols
    [CG] CG iter 3: obj=165077571.739123, maxRC=5117696.879094, +14 cols
    [CG]   [DIAG] iter=4 posCols=5 newCols=5 effImprove=5 updated=0
    [CG]   [DIAG] iter=3 posCols=14 newCols=14 effImprove=14 updated=0
    [CG] CG iter 3: obj=169831816.429848, maxRC=3473825.448440, +11 cols
    [CG]   [DIAG] iter=3 posCols=11 newCols=11 effImprove=11 updated=0
    [CG] CG iter 5: obj=174463301.985774, maxRC=655791.673570, +1 cols
    [CG]   [DIAG] iter=5 posCols=1 newCols=1 effImprove=1 updated=0
    [CG] CG iter 4: obj=174495828.994942, maxRC=2671581.650410, +5 cols
    [CG]   [DIAG] iter=4 posCols=5 newCols=5 effImprove=5 updated=0
    [CG] 列生成收敛，共 6 轮迭代
    [CG] [CG-NODE] depth=0 exit=CERTIFIED certified=1 feasible=1 iters=6 generatedColsBeforeNode=0 newCols=59 posCandidates=59 duplicateCandidates=0 updatedCols=0 zeroObjImproveIters=2 objFirst=144052538.413452 objLast=174463301.985774 objGain=30410763.572322 maxRC=59519192.989864 wallSec=0.012085 pricingSec=0.007860 cplexSolveSec=0.002406
    [CG] 列生成开始，初始列数=128
      [BB] 根节点即为整数解，obj=174463301.985774
    [CG] CG iter 5: obj=174495828.994942, maxRC=645184.098431, +1 cols
    [CG] CG iter 4: obj=173035396.110007, maxRC=1407266.686404, +5 cols
    [CG]   [DIAG] iter=5 posCols=1 newCols=1 effImprove=1 updated=0
    [CG]   [DIAG] iter=4 posCols=5 newCols=5 effImprove=5 updated=0
    [CG] 列生成开始，初始列数=128
    [CG] 列生成收敛，共 6 轮迭代
    [CG] [CG-NODE] depth=0 exit=CERTIFIED certified=1 feasible=1 iters=6 generatedColsBeforeNode=0 newCols=59 posCandidates=59 duplicateCandidates=0 updatedCols=0 zeroObjImproveIters=2 objFirst=143944507.608661 objLast=174495828.994942 objGain=30551321.386281 maxRC=59517923.019928 wallSec=0.012807 pricingSec=0.008384 cplexSolveSec=0.002534
    [CG] CG iter 5: obj=174499184.409036, maxRC=680437.830523, +4 cols
    [CG]   [DIAG] iter=5 posCols=4 newCols=4 effImprove=4 updated=0
      [BB] 根节点即为整数解，obj=174495828.994942
    [CG] 列生成收敛，共 6 轮迭代
    [CG] [CG-NODE] depth=0 exit=CERTIFIED certified=1 feasible=1 iters=6 generatedColsBeforeNode=0 newCols=60 posCandidates=60 duplicateCandidates=0 updatedCols=0 zeroObjImproveIters=1 objFirst=143856600.782978 objLast=174499184.409036 objGain=30642583.626058 maxRC=59512413.976714 wallSec=0.014131 pricingSec=0.009358 cplexSolveSec=0.002794
      [BB] 根节点即为整数解，obj=174499184.409036
    [CG] CG iter 1: obj=144072928.191166, maxRC=59512413.976714, +23 cols
    [CG]   [DIAG] iter=1 posCols=23 newCols=23 effImprove=23 updated=0
    [CG] CG iter 2: obj=161044070.240101, maxRC=10622347.500943, +16 cols
    [CG]   [DIAG] iter=2 posCols=16 newCols=16 effImprove=16 updated=0
    [CG] CG iter 1: obj=144148304.316980, maxRC=59519484.279724, +23 cols
    [CG]   [DIAG] iter=1 posCols=23 newCols=23 effImprove=23 updated=0
    [CG] CG iter 3: obj=165142869.255674, maxRC=5118051.893602, +14 cols
    [CG]   [DIAG] iter=3 posCols=14 newCols=14 effImprove=14 updated=0
    [CG] CG iter 4: obj=174555297.890045, maxRC=2671733.340801, +5 cols
    [CG] CG iter 2: obj=161043637.803547, maxRC=10628157.855972, +16 cols
    [CG]   [DIAG] iter=4 posCols=5 newCols=5 effImprove=5 updated=0
    [CG]   [DIAG] iter=2 posCols=16 newCols=16 effImprove=16 updated=0
    [CG] CG iter 5: obj=174555297.890045, maxRC=672420.917388, +1 cols
    [CG]   [DIAG] iter=5 posCols=1 newCols=1 effImprove=1 updated=0
    [CG] CG iter 3: obj=165132695.471929, maxRC=5118128.238817, +14 cols
    [CG] 列生成收敛，共 6 轮迭代
    [CG] [CG-NODE] depth=0 exit=CERTIFIED certified=1 feasible=1 iters=6 generatedColsBeforeNode=0 newCols=59 posCandidates=59 duplicateCandidates=0 updatedCols=0 zeroObjImproveIters=2 objFirst=144072928.191166 objLast=174555297.890045 objGain=30482369.698879 maxRC=59512413.976714 wallSec=0.012977 pricingSec=0.008493 cplexSolveSec=0.002567
    [CG]   [DIAG] iter=3 posCols=14 newCols=14 effImprove=14 updated=0
      [BB] 根节点即为整数解，obj=174555297.890045
    [CG] CG iter 4: obj=174544323.805977, maxRC=2671769.720189, +5 cols
    [CG]   [DIAG] iter=4 posCols=5 newCols=5 effImprove=5 updated=0
    [CG] CG iter 1: obj=144147363.221890, maxRC=59517546.133663, +23 cols
    [CG]   [DIAG] iter=1 posCols=23 newCols=23 effImprove=23 updated=0
    [CG] CG iter 5: obj=174544323.805977, maxRC=670308.554842, +1 cols
    [CG]   [DIAG] iter=5 posCols=1 newCols=1 effImprove=1 updated=0
    [CG] 列生成收敛，共 6 轮迭代
    [CG] [CG-NODE] depth=0 exit=CERTIFIED certified=1 feasible=1 iters=6 generatedColsBeforeNode=0 newCols=59 posCandidates=59 duplicateCandidates=0 updatedCols=0 zeroObjImproveIters=2 objFirst=144148304.316980 objLast=174544323.805977 objGain=30396019.488997 maxRC=59519484.279724 wallSec=0.013542 pricingSec=0.008710 cplexSolveSec=0.002509
      [BB] 根节点即为整数解，obj=174544323.805977
    [CG] CG iter 2: obj=161040082.352738, maxRC=10626443.653018, +16 cols
    [CG]   [DIAG] iter=2 posCols=16 newCols=16 effImprove=16 updated=0
    [CG] CG iter 3: obj=165129449.155818, maxRC=5118128.238817, +14 cols
    [CG]   [DIAG] iter=3 posCols=14 newCols=14 effImprove=14 updated=0
    [CG] CG iter 4: obj=174541386.492863, maxRC=2671769.720189, +5 cols
    [CG]   [DIAG] iter=4 posCols=5 newCols=5 effImprove=5 updated=0
    [CG] CG iter 5: obj=174541386.492863, maxRC=671006.070594, +1 cols
    [CG]   [DIAG] iter=5 posCols=1 newCols=1 effImprove=1 updated=0
    [CG] 列生成收敛，共 6 轮迭代
    [CG] [CG-NODE] depth=0 exit=CERTIFIED certified=1 feasible=1 iters=6 generatedColsBeforeNode=0 newCols=59 posCandidates=59 duplicateCandidates=0 updatedCols=0 zeroObjImproveIters=2 objFirst=144147363.221890 objLast=174541386.492863 objGain=30394023.270973 maxRC=59517546.133663 wallSec=0.019284 pricingSec=0.013015 cplexSolveSec=0.003589
      [BB] 根节点即为整数解，obj=174541386.492863
[GA] 代数 9: Best=174587340.13, Avg=174546808.07, Worst=174392091.56, Valid=30/30, 耗时=0.07s (连续9代未提升)
  ├─ 求解: 30 个体 fork 并行 | CG迭代=169 加列=1706 BB分支=0
  ├─ 并行墙钟=0.0745s | 串行等效(ΣBP)=0.4370s | 加速比=5.87x
  ├─ 管理开销=-0.3625s (fork=0.0048 wait=0.0692 merge=0.0004)
  └─ CG明细: gen_logs/run_gen9_ind{0..29}.log
    [CG] 列生成开始，初始列数=128
    [CG] 列生成开始，初始列数=128
    [CG] 列生成开始，初始列数=128
    [CG] 列生成开始，初始列数=128
    [CG] 列生成开始，初始列数=128
    [CG] 列生成开始，初始列数=128
    [CG] 列生成开始，初始列数=128
    [CG] 列生成开始，初始列数=128
    [CG] CG iter 1: obj=144172031.570772, maxRC=59517923.019928, +23 cols
    [CG]   [DIAG] iter=1 posCols=23 newCols=23 effImprove=23 updated=0
    [CG] CG iter 2: obj=161040238.642078, maxRC=10622347.500943, +16 cols
    [CG]   [DIAG] iter=2 posCols=16 newCols=16 effImprove=16 updated=0
    [CG] CG iter 3: obj=165139042.034165, maxRC=5116567.936269, +14 cols
    [CG]   [DIAG] iter=3 posCols=14 newCols=14 effImprove=14 updated=0
    [CG] CG iter 4: obj=174549981.693367, maxRC=2671105.743468, +5 cols
    [CG]   [DIAG] iter=4 posCols=5 newCols=5 effImprove=5 updated=0
    [CG] CG iter 1: obj=144152734.692128, maxRC=59517801.878186, +23 cols
    [CG] CG iter 5: obj=174549981.693367, maxRC=670026.337721, +1 cols
    [CG]   [DIAG] iter=5 posCols=1 newCols=1 effImprove=1 updated=0
    [CG]   [DIAG] iter=1 posCols=23 newCols=23 effImprove=23 updated=0
    [CG] 列生成收敛，共 6 轮迭代
    [CG] [CG-NODE] depth=0 exit=CERTIFIED certified=1 feasible=1 iters=6 generatedColsBeforeNode=0 newCols=59 posCandidates=59 duplicateCandidates=0 updatedCols=0 zeroObjImproveIters=2 objFirst=144172031.570772 objLast=174549981.693367 objGain=30377950.122596 maxRC=59517923.019928 wallSec=0.012676 pricingSec=0.008582 cplexSolveSec=0.002337
      [BB] 根节点即为整数解，obj=174549981.693367
    [CG] CG iter 1: obj=143946959.763033, maxRC=59506588.338022, +23 cols
    [CG] CG iter 1: obj=144183485.770964, maxRC=59519308.082075, +23 cols
    [CG]   [DIAG] iter=1 posCols=23 newCols=23 effImprove=23 updated=0
    [CG] CG iter 1: obj=144172234.179605, maxRC=59519403.483036, +23 cols
    [CG] CG iter 1: obj=144146223.936391, maxRC=59519752.128890, +23 cols
    [CG]   [DIAG] iter=1 posCols=23 newCols=23 effImprove=23 updated=0
    [CG] CG iter 1: obj=144159059.048519, maxRC=59517894.779518, +23 cols
    [CG]   [DIAG] iter=1 posCols=23 newCols=23 effImprove=23 updated=0
    [CG]   [DIAG] iter=1 posCols=23 newCols=23 effImprove=23 updated=0
    [CG]   [DIAG] iter=1 posCols=23 newCols=23 effImprove=23 updated=0
    [CG] CG iter 1: obj=144178406.816016, maxRC=59519752.128890, +23 cols
    [CG] CG iter 2: obj=161038135.427495, maxRC=10626762.644451, +16 cols
    [CG]   [DIAG] iter=1 posCols=23 newCols=23 effImprove=23 updated=0
    [CG]   [DIAG] iter=2 posCols=16 newCols=16 effImprove=16 updated=0
    [CG] CG iter 2: obj=161045569.207266, maxRC=10623487.104912, +17 cols
    [CG]   [DIAG] iter=2 posCols=17 newCols=17 effImprove=17 updated=0
    [CG] CG iter 2: obj=161042722.477440, maxRC=10628741.008264, +16 cols
    [CG] CG iter 2: obj=161047457.063221, maxRC=10623467.315918, +16 cols
    [CG] CG iter 2: obj=161046203.044239, maxRC=10623075.454368, +16 cols
    [CG]   [DIAG] iter=2 posCols=16 newCols=16 effImprove=16 updated=0
    [CG] CG iter 2: obj=161043159.868131, maxRC=10622296.947960, +16 cols
    [CG]   [DIAG] iter=2 posCols=16 newCols=16 effImprove=16 updated=0
    [CG]   [DIAG] iter=2 posCols=16 newCols=16 effImprove=16 updated=0
    [CG]   [DIAG] iter=2 posCols=16 newCols=16 effImprove=16 updated=0
    [CG] CG iter 2: obj=161047450.780799, maxRC=10623461.803284, +16 cols
    [CG]   [DIAG] iter=2 posCols=16 newCols=16 effImprove=16 updated=0
    [CG] CG iter 3: obj=167686637.783402, maxRC=6205264.992252, +12 cols
    [CG]   [DIAG] iter=3 posCols=12 newCols=12 effImprove=12 updated=0
    [CG] CG iter 3: obj=165139594.742553, maxRC=5118137.235220, +14 cols
    [CG] CG iter 3: obj=165121209.142496, maxRC=5118128.238817, +14 cols
    [CG] CG iter 3: obj=165127451.004297, maxRC=5117556.663803, +14 cols
    [CG] CG iter 3: obj=165135817.256721, maxRC=5118065.972866, +14 cols
    [CG]   [DIAG] iter=3 posCols=14 newCols=14 effImprove=14 updated=0
    [CG]   [DIAG] iter=3 posCols=14 newCols=14 effImprove=14 updated=0
    [CG]   [DIAG] iter=3 posCols=14 newCols=14 effImprove=14 updated=0
    [CG] CG iter 3: obj=165144859.733372, maxRC=5118135.459319, +14 cols
    [CG]   [DIAG] iter=3 posCols=14 newCols=14 effImprove=14 updated=0
    [CG]   [DIAG] iter=3 posCols=14 newCols=14 effImprove=14 updated=0
    [CG] 列生成开始，初始列数=128
    [CG] CG iter 4: obj=170328036.999349, maxRC=4182615.240403, +5 cols
    [CG] CG iter 3: obj=165146099.272410, maxRC=5118128.238817, +14 cols
    [CG]   [DIAG] iter=4 posCols=5 newCols=5 effImprove=5 updated=0
    [CG] CG iter 4: obj=174550428.165975, maxRC=2671772.914694, +5 cols
    [CG]   [DIAG] iter=3 posCols=14 newCols=14 effImprove=14 updated=0
    [CG] CG iter 4: obj=174535805.657713, maxRC=2671769.720189, +5 cols
    [CG]   [DIAG] iter=4 posCols=5 newCols=5 effImprove=5 updated=0
    [CG]   [DIAG] iter=4 posCols=5 newCols=5 effImprove=5 updated=0
    [CG] CG iter 4: obj=174548702.349155, maxRC=2671739.467129, +5 cols
    [CG]   [DIAG] iter=4 posCols=5 newCols=5 effImprove=5 updated=0
    [CG] CG iter 4: obj=174557244.331045, maxRC=2671770.539117, +5 cols
    [CG]   [DIAG] iter=4 posCols=5 newCols=5 effImprove=5 updated=0
    [CG] CG iter 4: obj=174538715.747686, maxRC=2671522.264408, +5 cols
    [CG] 列生成收敛，共 5 轮迭代
    [CG] [CG-NODE] depth=0 exit=CERTIFIED certified=1 feasible=1 iters=5 generatedColsBeforeNode=0 newCols=57 posCandidates=57 duplicateCandidates=0 updatedCols=0 zeroObjImproveIters=0 objFirst=143946959.763033 objLast=174546432.403912 objGain=30599472.640879 maxRC=59506588.338022 wallSec=0.016595 pricingSec=0.011860 cplexSolveSec=0.002574
    [CG]   [DIAG] iter=4 posCols=5 newCols=5 effImprove=5 updated=0
    [CG] CG iter 5: obj=174550428.165975, maxRC=673754.755675, +1 cols
    [CG]   [DIAG] iter=5 posCols=1 newCols=1 effImprove=1 updated=0
    [CG] CG iter 5: obj=174535805.657713, maxRC=661776.260483, +1 cols
    [CG]   [DIAG] iter=5 posCols=1 newCols=1 effImprove=1 updated=0
    [CG] CG iter 5: obj=174548702.349155, maxRC=670269.131856, +1 cols
    [CG] CG iter 4: obj=174558455.070948, maxRC=2671769.720189, +5 cols
    [CG]   [DIAG] iter=5 posCols=1 newCols=1 effImprove=1 updated=0
    [CG]   [DIAG] iter=4 posCols=5 newCols=5 effImprove=5 updated=0
      [BB] 根节点即为整数解，obj=174546432.403912
    [CG] CG iter 5: obj=174557244.331045, maxRC=672139.627754, +1 cols
    [CG]   [DIAG] iter=5 posCols=1 newCols=1 effImprove=1 updated=0
    [CG] 列生成收敛，共 6 轮迭代
    [CG] [CG-NODE] depth=0 exit=CERTIFIED certified=1 feasible=1 iters=6 generatedColsBeforeNode=0 newCols=59 posCandidates=59 duplicateCandidates=0 updatedCols=0 zeroObjImproveIters=2 objFirst=144172234.179605 objLast=174550428.165975 objGain=30378193.986370 maxRC=59519403.483036 wallSec=0.017130 pricingSec=0.011833 cplexSolveSec=0.002919
    [CG] 列生成收敛，共 6 轮迭代
    [CG] [CG-NODE] depth=0 exit=CERTIFIED certified=1 feasible=1 iters=6 generatedColsBeforeNode=0 newCols=59 posCandidates=59 duplicateCandidates=0 updatedCols=0 zeroObjImproveIters=2 objFirst=144146223.936391 objLast=174535805.657713 objGain=30389581.721322 maxRC=59519752.128890 wallSec=0.017346 pricingSec=0.011786 cplexSolveSec=0.002936
    [CG] 列生成收敛，共 6 轮迭代
    [CG] [CG-NODE] depth=0 exit=CERTIFIED certified=1 feasible=1 iters=6 generatedColsBeforeNode=0 newCols=59 posCandidates=59 duplicateCandidates=0 updatedCols=0 zeroObjImproveIters=2 objFirst=144159059.048519 objLast=174548702.349155 objGain=30389643.300636 maxRC=59517894.779518 wallSec=0.016980 pricingSec=0.011664 cplexSolveSec=0.002937
    [CG] CG iter 5: obj=174558455.070948, maxRC=671936.798610, +1 cols
    [CG]   [DIAG] iter=5 posCols=1 newCols=1 effImprove=1 updated=0
      [BB] 根节点即为整数解，obj=174550428.165975
      [BB] 根节点即为整数解，obj=174535805.657713
      [BB] 根节点即为整数解，obj=174548702.349155
    [CG] CG iter 5: obj=174538715.747686, maxRC=669962.684207, +1 cols
    [CG]   [DIAG] iter=5 posCols=1 newCols=1 effImprove=1 updated=0
    [CG] 列生成收敛，共 6 轮迭代
    [CG] [CG-NODE] depth=0 exit=CERTIFIED certified=1 feasible=1 iters=6 generatedColsBeforeNode=0 newCols=59 posCandidates=59 duplicateCandidates=0 updatedCols=0 zeroObjImproveIters=2 objFirst=144183485.770964 objLast=174557244.331045 objGain=30373758.560080 maxRC=59519308.082075 wallSec=0.017497 pricingSec=0.012225 cplexSolveSec=0.003006
      [BB] 根节点即为整数解，obj=174557244.331045
    [CG] 列生成收敛，共 6 轮迭代
    [CG] [CG-NODE] depth=0 exit=CERTIFIED certified=1 feasible=1 iters=6 generatedColsBeforeNode=0 newCols=59 posCandidates=59 duplicateCandidates=0 updatedCols=0 zeroObjImproveIters=2 objFirst=144178406.816016 objLast=174558455.070948 objGain=30380048.254931 maxRC=59519752.128890 wallSec=0.017350 pricingSec=0.011628 cplexSolveSec=0.003061
      [BB] 根节点即为整数解，obj=174558455.070948
    [CG] 列生成收敛，共 6 轮迭代
    [CG] [CG-NODE] depth=0 exit=CERTIFIED certified=1 feasible=1 iters=6 generatedColsBeforeNode=0 newCols=59 posCandidates=59 duplicateCandidates=0 updatedCols=0 zeroObjImproveIters=2 objFirst=144152734.692128 objLast=174538715.747686 objGain=30385981.055558 maxRC=59517801.878186 wallSec=0.018070 pricingSec=0.011972 cplexSolveSec=0.003675
      [BB] 根节点即为整数解，obj=174538715.747686
    [CG] 列生成开始，初始列数=128
    [CG] 列生成开始，初始列数=128
    [CG] 列生成开始，初始列数=128
    [CG] 列生成开始，初始列数=128
    [CG] 列生成开始，初始列数=128
    [CG] 列生成开始，初始列数=128
    [CG] 列生成开始，初始列数=128
    [CG] CG iter 1: obj=144178687.451016, maxRC=59519752.493170, +23 cols
    [CG]   [DIAG] iter=1 posCols=23 newCols=23 effImprove=23 updated=0
    [CG] CG iter 2: obj=161043310.878639, maxRC=10628130.311093, +16 cols
    [CG]   [DIAG] iter=2 posCols=16 newCols=16 effImprove=16 updated=0
    [CG] CG iter 3: obj=165140469.398897, maxRC=5118065.972866, +14 cols
    [CG]   [DIAG] iter=3 posCols=14 newCols=14 effImprove=14 updated=0
    [CG] CG iter 1: obj=144103780.714476, maxRC=59519227.024554, +23 cols
    [CG]   [DIAG] iter=1 posCols=23 newCols=23 effImprove=23 updated=0
    [CG] CG iter 4: obj=174551430.395981, maxRC=2671739.467129, +5 cols
    [CG]   [DIAG] iter=4 posCols=5 newCols=5 effImprove=5 updated=0
    [CG] CG iter 2: obj=161033803.817712, maxRC=10628141.476673, +17 cols
    [CG]   [DIAG] iter=2 posCols=17 newCols=17 effImprove=17 updated=0
    [CG] CG iter 5: obj=174551430.395981, maxRC=673421.556713, +1 cols
    [CG]   [DIAG] iter=5 posCols=1 newCols=1 effImprove=1 updated=0
    [CG] 列生成收敛，共 6 轮迭代
    [CG] [CG-NODE] depth=0 exit=CERTIFIED certified=1 feasible=1 iters=6 generatedColsBeforeNode=0 newCols=59 posCandidates=59 duplicateCandidates=0 updatedCols=0 zeroObjImproveIters=2 objFirst=144178687.451016 objLast=174551430.395981 objGain=30372742.944965 maxRC=59519752.493170 wallSec=0.011770 pricingSec=0.007422 cplexSolveSec=0.002437
      [BB] 根节点即为整数解，obj=174551430.395981
    [CG] CG iter 3: obj=167649263.784837, maxRC=6214313.897598, +11 cols
    [CG]   [DIAG] iter=3 posCols=11 newCols=11 effImprove=11 updated=0
    [CG] CG iter 4: obj=170268240.341981, maxRC=4159576.822590, +5 cols
    [CG]   [DIAG] iter=4 posCols=5 newCols=5 effImprove=5 updated=0
    [CG] CG iter 1: obj=144114301.701670, maxRC=59442649.121132, +23 cols
    [CG] 列生成收敛，共 5 轮迭代
    [CG] [CG-NODE] depth=0 exit=CERTIFIED certified=1 feasible=1 iters=5 generatedColsBeforeNode=0 newCols=56 posCandidates=56 duplicateCandidates=0 updatedCols=0 zeroObjImproveIters=0 objFirst=144103780.714476 objLast=174485375.191055 objGain=30381594.476579 maxRC=59519227.024554 wallSec=0.010381 pricingSec=0.006550 cplexSolveSec=0.001959
      [BB] 根节点即为整数解，obj=174485375.191055
    [CG]   [DIAG] iter=1 posCols=23 newCols=23 effImprove=23 updated=0
    [CG] CG iter 1: obj=144035146.948937, maxRC=59509937.267270, +23 cols
    [CG]   [DIAG] iter=1 posCols=23 newCols=23 effImprove=23 updated=0
    [CG] CG iter 1: obj=144148240.441648, maxRC=59519484.279724, +23 cols
    [CG] 列生成开始，初始列数=128
    [CG]   [DIAG] iter=1 posCols=23 newCols=23 effImprove=23 updated=0
    [CG] CG iter 1: obj=144151173.275100, maxRC=59518959.436220, +23 cols
    [CG] CG iter 2: obj=161003812.407795, maxRC=10620677.466461, +16 cols
    [CG]   [DIAG] iter=1 posCols=23 newCols=23 effImprove=23 updated=0
    [CG] CG iter 1: obj=144172758.173186, maxRC=59519752.128890, +23 cols
    [CG]   [DIAG] iter=2 posCols=16 newCols=16 effImprove=16 updated=0
    [CG]   [DIAG] iter=1 posCols=23 newCols=23 effImprove=23 updated=0
    [CG] CG iter 2: obj=160913060.224108, maxRC=10573300.203702, +16 cols
    [CG]   [DIAG] iter=2 posCols=16 newCols=16 effImprove=16 updated=0
    [CG] CG iter 2: obj=161043586.179322, maxRC=10628157.855972, +16 cols
    [CG]   [DIAG] iter=2 posCols=16 newCols=16 effImprove=16 updated=0
    [CG] 列生成开始，初始列数=128
    [CG] CG iter 2: obj=161026951.250496, maxRC=10623056.014005, +16 cols
    [CG] CG iter 3: obj=165102937.365911, maxRC=5118051.893602, +14 cols
    [CG]   [DIAG] iter=2 posCols=16 newCols=16 effImprove=16 updated=0
    [CG]   [DIAG] iter=3 posCols=14 newCols=14 effImprove=14 updated=0
    [CG] CG iter 2: obj=161043312.719897, maxRC=10627910.966633, +16 cols
    [CG]   [DIAG] iter=2 posCols=16 newCols=16 effImprove=16 updated=0
    [CG] CG iter 4: obj=174515690.514353, maxRC=2671733.340801, +5 cols
    [CG]   [DIAG] iter=4 posCols=5 newCols=5 effImprove=5 updated=0
    [CG] CG iter 3: obj=165132643.847704, maxRC=5118135.459319, +14 cols
    [CG]   [DIAG] iter=3 posCols=14 newCols=14 effImprove=14 updated=0
    [CG] CG iter 3: obj=165022336.577049, maxRC=5118065.972866, +14 cols
    [CG] CG iter 3: obj=165117525.920166, maxRC=5118135.459319, +14 cols
    [CG]   [DIAG] iter=3 posCols=14 newCols=14 effImprove=14 updated=0
    [CG]   [DIAG] iter=3 posCols=14 newCols=14 effImprove=14 updated=0
    [CG] CG iter 5: obj=174515690.514353, maxRC=673415.933323, +1 cols
    [CG]   [DIAG] iter=5 posCols=1 newCols=1 effImprove=1 updated=0
    [CG] CG iter 3: obj=165140440.272063, maxRC=5118135.459319, +14 cols
    [CG]   [DIAG] iter=3 posCols=14 newCols=14 effImprove=14 updated=0
    [CG] CG iter 4: obj=174544279.402254, maxRC=2671770.539117, +5 cols
    [CG]   [DIAG] iter=4 posCols=5 newCols=5 effImprove=5 updated=0
    [CG] 列生成收敛，共 6 轮迭代
    [CG] [CG-NODE] depth=0 exit=CERTIFIED certified=1 feasible=1 iters=6 generatedColsBeforeNode=0 newCols=59 posCandidates=59 duplicateCandidates=0 updatedCols=0 zeroObjImproveIters=2 objFirst=144035146.948937 objLast=174515690.514353 objGain=30480543.565416 maxRC=59509937.267270 wallSec=0.016192 pricingSec=0.010292 cplexSolveSec=0.003081
    [CG] CG iter 4: obj=174530544.910800, maxRC=2671770.539117, +5 cols
    [CG]   [DIAG] iter=4 posCols=5 newCols=5 effImprove=5 updated=0
      [BB] 根节点即为整数解，obj=174515690.514353
    [CG] CG iter 4: obj=174445265.154754, maxRC=2671739.467129, +5 cols
    [CG]   [DIAG] iter=4 posCols=5 newCols=5 effImprove=5 updated=0
    [CG] CG iter 1: obj=143852873.291892, maxRC=59512413.976714, +23 cols
    [CG] CG iter 4: obj=174551511.823950, maxRC=2671770.539117, +5 cols
    [CG]   [DIAG] iter=4 posCols=5 newCols=5 effImprove=5 updated=0
    [CG] CG iter 5: obj=174544279.402254, maxRC=670311.580966, +1 cols
    [CG]   [DIAG] iter=5 posCols=1 newCols=1 effImprove=1 updated=0
    [CG]   [DIAG] iter=1 posCols=23 newCols=23 effImprove=23 updated=0
    [CG] CG iter 5: obj=174530544.910800, maxRC=668932.102971, +1 cols
    [CG]   [DIAG] iter=5 posCols=1 newCols=1 effImprove=1 updated=0
    [CG] CG iter 5: obj=174445265.154754, maxRC=702531.207334, +1 cols
    [CG] CG iter 5: obj=174551511.823950, maxRC=673454.398037, +1 cols
    [CG]   [DIAG] iter=5 posCols=1 newCols=1 effImprove=1 updated=0
    [CG]   [DIAG] iter=5 posCols=1 newCols=1 effImprove=1 updated=0
    [CG] 列生成收敛，共 6 轮迭代
    [CG] [CG-NODE] depth=0 exit=CERTIFIED certified=1 feasible=1 iters=6 generatedColsBeforeNode=0 newCols=59 posCandidates=59 duplicateCandidates=0 updatedCols=0 zeroObjImproveIters=2 objFirst=144148240.441648 objLast=174544279.402254 objGain=30396038.960607 maxRC=59519484.279724 wallSec=0.018060 pricingSec=0.012177 cplexSolveSec=0.003122
    [CG] 列生成收敛，共 6 轮迭代
    [CG] [CG-NODE] depth=0 exit=CERTIFIED certified=1 feasible=1 iters=6 generatedColsBeforeNode=0 newCols=59 posCandidates=59 duplicateCandidates=0 updatedCols=0 zeroObjImproveIters=2 objFirst=144151173.275100 objLast=174530544.910800 objGain=30379371.635700 maxRC=59518959.436220 wallSec=0.017900 pricingSec=0.012142 cplexSolveSec=0.002980
      [BB] 根节点即为整数解，obj=174544279.402254
      [BB] 根节点即为整数解，obj=174530544.910800
    [CG] CG iter 2: obj=161044111.927481, maxRC=10131689.670046, +17 cols
    [CG] 列生成收敛，共 6 轮迭代
    [CG] [CG-NODE] depth=0 exit=CERTIFIED certified=1 feasible=1 iters=6 generatedColsBeforeNode=0 newCols=59 posCandidates=59 duplicateCandidates=0 updatedCols=0 zeroObjImproveIters=2 objFirst=144172758.173186 objLast=174551511.823950 objGain=30378753.650763 maxRC=59519752.128890 wallSec=0.018088 pricingSec=0.012288 cplexSolveSec=0.003040
    [CG]   [DIAG] iter=2 posCols=17 newCols=17 effImprove=17 updated=0
    [CG] 列生成收敛，共 6 轮迭代
    [CG] [CG-NODE] depth=0 exit=CERTIFIED certified=1 feasible=1 iters=6 generatedColsBeforeNode=0 newCols=59 posCandidates=59 duplicateCandidates=0 updatedCols=0 zeroObjImproveIters=2 objFirst=144114301.701670 objLast=174445265.154754 objGain=30330963.453085 maxRC=59442649.121132 wallSec=0.024220 pricingSec=0.017625 cplexSolveSec=0.003607
      [BB] 根节点即为整数解，obj=174551511.823950
      [BB] 根节点即为整数解，obj=174445265.154754
    [CG] 列生成开始，初始列数=128
    [CG] CG iter 3: obj=169828088.938763, maxRC=3477552.939526, +11 cols
    [CG]   [DIAG] iter=3 posCols=11 newCols=11 effImprove=11 updated=0
    [CG] CG iter 4: obj=173035396.110007, maxRC=1407266.686404, +5 cols
    [CG]   [DIAG] iter=4 posCols=5 newCols=5 effImprove=5 updated=0
    [CG] CG iter 5: obj=174499184.409036, maxRC=680437.830523, +4 cols
    [CG]   [DIAG] iter=5 posCols=4 newCols=4 effImprove=4 updated=0
    [CG] 列生成收敛，共 6 轮迭代
    [CG] [CG-NODE] depth=0 exit=CERTIFIED certified=1 feasible=1 iters=6 generatedColsBeforeNode=0 newCols=60 posCandidates=60 duplicateCandidates=0 updatedCols=0 zeroObjImproveIters=1 objFirst=143852873.291892 objLast=174499184.409036 objGain=30646311.117144 maxRC=59512413.976714 wallSec=0.020634 pricingSec=0.014159 cplexSolveSec=0.003112
      [BB] 根节点即为整数解，obj=174499184.409036
    [CG] 列生成开始，初始列数=128
    [CG] 列生成开始，初始列数=128
    [CG] 列生成开始，初始列数=128
    [CG] 列生成开始，初始列数=128
    [CG] CG iter 1: obj=144063416.503020, maxRC=59513921.369513, +23 cols
    [CG]   [DIAG] iter=1 posCols=23 newCols=23 effImprove=23 updated=0
    [CG] CG iter 1: obj=144161062.155212, maxRC=59519484.279724, +23 cols
    [CG]   [DIAG] iter=1 posCols=23 newCols=23 effImprove=23 updated=0
    [CG] CG iter 1: obj=144171571.180133, maxRC=59519752.493170, +23 cols
    [CG]   [DIAG] iter=1 posCols=23 newCols=23 effImprove=23 updated=0
    [CG] CG iter 2: obj=161040639.569507, maxRC=10631964.326097, +16 cols
    [CG] CG iter 2: obj=161047493.693035, maxRC=10623491.811541, +16 cols
    [CG]   [DIAG] iter=2 posCols=16 newCols=16 effImprove=16 updated=0
    [CG]   [DIAG] iter=2 posCols=16 newCols=16 effImprove=16 updated=0
    [CG] 列生成开始，初始列数=128
    [CG] CG iter 3: obj=165146124.302861, maxRC=5118130.937372, +14 cols
    [CG] CG iter 2: obj=161043589.816549, maxRC=10628130.311093, +16 cols
    [CG]   [DIAG] iter=3 posCols=14 newCols=14 effImprove=14 updated=0
    [CG]   [DIAG] iter=2 posCols=16 newCols=16 effImprove=16 updated=0
    [CG] CG iter 3: obj=165136622.394828, maxRC=5118128.238817, +14 cols
    [CG]   [DIAG] iter=3 posCols=14 newCols=14 effImprove=14 updated=0
    [CG] CG iter 4: obj=174558463.028814, maxRC=2671770.705676, +5 cols
    [CG]   [DIAG] iter=4 posCols=5 newCols=5 effImprove=5 updated=0
    [CG] CG iter 5: obj=174558463.028814, maxRC=671907.964422, +1 cols
    [CG]   [DIAG] iter=5 posCols=1 newCols=1 effImprove=1 updated=0
    [CG] CG iter 4: obj=174546533.209568, maxRC=2671769.720189, +5 cols
    [CG]   [DIAG] iter=4 posCols=5 newCols=5 effImprove=5 updated=0
    [CG] CG iter 3: obj=165132663.082178, maxRC=5118128.238817, +14 cols
    [CG]   [DIAG] iter=3 posCols=14 newCols=14 effImprove=14 updated=0
    [CG] 列生成收敛，共 6 轮迭代
    [CG] [CG-NODE] depth=0 exit=CERTIFIED certified=1 feasible=1 iters=6 generatedColsBeforeNode=0 newCols=59 posCandidates=59 duplicateCandidates=0 updatedCols=0 zeroObjImproveIters=2 objFirst=144161062.155212 objLast=174558463.028814 objGain=30397400.873602 maxRC=59519484.279724 wallSec=0.007506 pricingSec=0.004644 cplexSolveSec=0.001549
      [BB] 根节点即为整数解，obj=174558463.028814
    [CG] CG iter 5: obj=174546533.209568, maxRC=674866.964345, +1 cols
    [CG]   [DIAG] iter=5 posCols=1 newCols=1 effImprove=1 updated=0
    [CG] CG iter 4: obj=174544312.064636, maxRC=2671769.720189, +5 cols
    [CG]   [DIAG] iter=4 posCols=5 newCols=5 effImprove=5 updated=0
    [CG] 列生成收敛，共 6 轮迭代
    [CG] [CG-NODE] depth=0 exit=CERTIFIED certified=1 feasible=1 iters=6 generatedColsBeforeNode=0 newCols=59 posCandidates=59 duplicateCandidates=0 updatedCols=0 zeroObjImproveIters=2 objFirst=144063416.503020 objLast=174546533.209568 objGain=30483116.706548 maxRC=59513921.369513 wallSec=0.014472 pricingSec=0.010010 cplexSolveSec=0.002545
      [BB] 根节点即为整数解，obj=174546533.209568
    [CG] CG iter 5: obj=174544312.064636, maxRC=670339.889421, +1 cols
    [CG]   [DIAG] iter=5 posCols=1 newCols=1 effImprove=1 updated=0
    [CG] 列生成收敛，共 6 轮迭代
    [CG] [CG-NODE] depth=0 exit=CERTIFIED certified=1 feasible=1 iters=6 generatedColsBeforeNode=0 newCols=59 posCandidates=59 duplicateCandidates=0 updatedCols=0 zeroObjImproveIters=2 objFirst=144171571.180133 objLast=174544312.064636 objGain=30372740.884502 maxRC=59519752.493170 wallSec=0.013944 pricingSec=0.009368 cplexSolveSec=0.002528
    [CG] CG iter 1: obj=144158215.156773, maxRC=59519779.058582, +23 cols
      [BB] 根节点即为整数解，obj=174544312.064636
    [CG]   [DIAG] iter=1 posCols=23 newCols=23 effImprove=23 updated=0
    [CG] CG iter 2: obj=161044176.860028, maxRC=10623496.537295, +16 cols
    [CG]   [DIAG] iter=2 posCols=16 newCols=16 effImprove=16 updated=0
    [CG] 列生成开始，初始列数=128
    [CG] CG iter 3: obj=165136906.869818, maxRC=5117663.623090, +14 cols
    [CG]   [DIAG] iter=3 posCols=14 newCols=14 effImprove=14 updated=0
    [CG] CG iter 4: obj=174549215.503554, maxRC=2671567.551353, +5 cols
    [CG]   [DIAG] iter=4 posCols=5 newCols=5 effImprove=5 updated=0
    [CG] 列生成开始，初始列数=128
    [CG] 列生成开始，初始列数=128
    [CG] CG iter 1: obj=143884464.685515, maxRC=59506588.338022, +23 cols
    [CG] CG iter 5: obj=174549215.503554, maxRC=668854.805812, +1 cols
    [CG]   [DIAG] iter=5 posCols=1 newCols=1 effImprove=1 updated=0
    [CG]   [DIAG] iter=1 posCols=23 newCols=23 effImprove=23 updated=0
    [CG] 列生成收敛，共 6 轮迭代
    [CG] [CG-NODE] depth=0 exit=CERTIFIED certified=1 feasible=1 iters=6 generatedColsBeforeNode=0 newCols=59 posCandidates=59 duplicateCandidates=0 updatedCols=0 zeroObjImproveIters=2 objFirst=144158215.156773 objLast=174549215.503554 objGain=30391000.346780 maxRC=59519779.058582 wallSec=0.010492 pricingSec=0.006509 cplexSolveSec=0.002089
      [BB] 根节点即为整数解，obj=174549215.503554
    [CG] CG iter 1: obj=143986854.827156, maxRC=59480323.589610, +23 cols
    [CG]   [DIAG] iter=1 posCols=23 newCols=23 effImprove=23 updated=0
    [CG] CG iter 2: obj=161045572.804753, maxRC=10623487.104912, +17 cols
    [CG]   [DIAG] iter=2 posCols=17 newCols=17 effImprove=17 updated=0
    [CG] CG iter 2: obj=160988589.372068, maxRC=10601372.130984, +16 cols
    [CG]   [DIAG] iter=2 posCols=16 newCols=16 effImprove=16 updated=0
    [CG] CG iter 1: obj=144149126.792412, maxRC=59519801.501261, +23 cols
    [CG] 列生成开始，初始列数=128
    [CG]   [DIAG] iter=1 posCols=23 newCols=23 effImprove=23 updated=0
    [CG] CG iter 3: obj=167660160.481772, maxRC=6216573.467556, +11 cols
    [CG] CG iter 1: obj=144061784.947926, maxRC=59513160.093134, +23 cols
    [CG]   [DIAG] iter=3 posCols=11 newCols=11 effImprove=11 updated=0
    [CG]   [DIAG] iter=1 posCols=23 newCols=23 effImprove=23 updated=0
    [CG] CG iter 3: obj=165027149.130576, maxRC=5118137.235220, +14 cols
    [CG]   [DIAG] iter=3 posCols=14 newCols=14 effImprove=14 updated=0
    [CG] CG iter 4: obj=170275078.169848, maxRC=4158057.550617, +5 cols
    [CG]   [DIAG] iter=4 posCols=5 newCols=5 effImprove=5 updated=0
    [CG] CG iter 4: obj=174450277.587875, maxRC=2671772.914694, +5 cols
    [CG]   [DIAG] iter=4 posCols=5 newCols=5 effImprove=5 updated=0
    [CG] 列生成收敛，共 5 轮迭代
    [CG] [CG-NODE] depth=0 exit=CERTIFIED certified=1 feasible=1 iters=5 generatedColsBeforeNode=0 newCols=56 posCandidates=56 duplicateCandidates=0 updatedCols=0 zeroObjImproveIters=0 objFirst=143884464.685515 objLast=174493473.574410 objGain=30609008.888895 maxRC=59506588.338022 wallSec=0.014099 pricingSec=0.009600 cplexSolveSec=0.002420
    [CG] CG iter 2: obj=161033957.346219, maxRC=10637693.597980, +16 cols
    [CG]   [DIAG] iter=2 posCols=16 newCols=16 effImprove=16 updated=0
      [BB] 根节点即为整数解，obj=174493473.574410
    [CG] CG iter 5: obj=174450277.587875, maxRC=658580.573563, +1 cols
    [CG]   [DIAG] iter=5 posCols=1 newCols=1 effImprove=1 updated=0
    [CG] CG iter 2: obj=161041407.141480, maxRC=10624043.718664, +17 cols
    [CG]   [DIAG] iter=2 posCols=17 newCols=17 effImprove=17 updated=0
    [CG] 列生成收敛，共 6 轮迭代
    [CG] [CG-NODE] depth=0 exit=CERTIFIED certified=1 feasible=1 iters=6 generatedColsBeforeNode=0 newCols=59 posCandidates=59 duplicateCandidates=0 updatedCols=0 zeroObjImproveIters=2 objFirst=143986854.827156 objLast=174450277.587875 objGain=30463422.760718 maxRC=59480323.589610 wallSec=0.012426 pricingSec=0.008234 cplexSolveSec=0.002289
      [BB] 根节点即为整数解，obj=174450277.587875
    [CG] CG iter 1: obj=144108886.750951, maxRC=59519752.128890, +23 cols
    [CG]   [DIAG] iter=1 posCols=23 newCols=23 effImprove=23 updated=0
    [CG] CG iter 3: obj=165128221.507472, maxRC=5117556.663803, +14 cols
    [CG]   [DIAG] iter=3 posCols=14 newCols=14 effImprove=14 updated=0
    [CG] CG iter 3: obj=167682444.976535, maxRC=6203519.746774, +12 cols
    [CG]   [DIAG] iter=3 posCols=12 newCols=12 effImprove=12 updated=0
    [CG] CG iter 2: obj=161047452.352799, maxRC=10623467.315918, +17 cols
    [CG] CG iter 4: obj=174535870.190404, maxRC=2671522.264408, +5 cols
    [CG]   [DIAG] iter=2 posCols=17 newCols=17 effImprove=17 updated=0
    [CG]   [DIAG] iter=4 posCols=5 newCols=5 effImprove=5 updated=0
    [CG] CG iter 4: obj=170325390.397572, maxRC=4182780.360634, +5 cols
    [CG]   [DIAG] iter=4 posCols=5 newCols=5 effImprove=5 updated=0
    [CG] CG iter 5: obj=174535870.190404, maxRC=675880.799278, +1 cols
    [CG]   [DIAG] iter=5 posCols=1 newCols=1 effImprove=1 updated=0
    [CG] CG iter 3: obj=167664388.898502, maxRC=6215567.060292, +11 cols
    [CG]   [DIAG] iter=3 posCols=11 newCols=11 effImprove=11 updated=0
    [CG] 列生成收敛，共 5 轮迭代
    [CG] [CG-NODE] depth=0 exit=CERTIFIED certified=1 feasible=1 iters=5 generatedColsBeforeNode=0 newCols=57 posCandidates=57 duplicateCandidates=0 updatedCols=0 zeroObjImproveIters=0 objFirst=144061784.947926 objLast=174544293.844756 objGain=30482508.896830 maxRC=59513160.093134 wallSec=0.017830 pricingSec=0.011972 cplexSolveSec=0.002955
    [CG] 列生成收敛，共 6 轮迭代
    [CG] [CG-NODE] depth=0 exit=CERTIFIED certified=1 feasible=1 iters=6 generatedColsBeforeNode=0 newCols=59 posCandidates=59 duplicateCandidates=0 updatedCols=0 zeroObjImproveIters=2 objFirst=144149126.792412 objLast=174535870.190404 objGain=30386743.397992 maxRC=59519801.501261 wallSec=0.017908 pricingSec=0.012217 cplexSolveSec=0.003078
      [BB] 根节点即为整数解，obj=174544293.844756
    [CG] CG iter 4: obj=170281627.997512, maxRC=4160261.822469, +5 cols
    [CG]   [DIAG] iter=4 posCols=5 newCols=5 effImprove=5 updated=0
      [BB] 根节点即为整数解，obj=174535870.190404
    [CG] 列生成收敛，共 5 轮迭代
    [CG] [CG-NODE] depth=0 exit=CERTIFIED certified=1 feasible=1 iters=5 generatedColsBeforeNode=0 newCols=56 posCandidates=56 duplicateCandidates=0 updatedCols=0 zeroObjImproveIters=0 objFirst=144108886.750951 objLast=174500031.435397 objGain=30391144.684446 maxRC=59519752.128890 wallSec=0.009328 pricingSec=0.006137 cplexSolveSec=0.001634
      [BB] 根节点即为整数解，obj=174500031.435397
    [CG] CG iter 1: obj=143955791.966197, maxRC=59513933.151729, +23 cols
    [CG]   [DIAG] iter=1 posCols=23 newCols=23 effImprove=23 updated=0
    [CG] CG iter 2: obj=161046957.492772, maxRC=10623501.050245, +16 cols
    [CG]   [DIAG] iter=2 posCols=16 newCols=16 effImprove=16 updated=0
    [CG] CG iter 1: obj=144146965.563248, maxRC=59517546.133663, +23 cols
    [CG]   [DIAG] iter=1 posCols=23 newCols=23 effImprove=23 updated=0
    [CG] CG iter 1: obj=144022517.722438, maxRC=59519801.501261, +23 cols
    [CG] CG iter 3: obj=165145595.324337, maxRC=5118137.235220, +14 cols
    [CG]   [DIAG] iter=3 posCols=14 newCols=14 effImprove=14 updated=0
    [CG]   [DIAG] iter=1 posCols=23 newCols=23 effImprove=23 updated=0
    [CG] CG iter 4: obj=174557944.043102, maxRC=2671772.914694, +5 cols
    [CG]   [DIAG] iter=4 posCols=5 newCols=5 effImprove=5 updated=0
    [CG] CG iter 2: obj=161039684.694096, maxRC=10626443.653018, +16 cols
    [CG]   [DIAG] iter=2 posCols=16 newCols=16 effImprove=16 updated=0
    [CG] CG iter 5: obj=174557944.043102, maxRC=671945.788822, +1 cols
    [CG]   [DIAG] iter=5 posCols=1 newCols=1 effImprove=1 updated=0
    [CG] 列生成收敛，共 6 轮迭代
    [CG] [CG-NODE] depth=0 exit=CERTIFIED certified=1 feasible=1 iters=6 generatedColsBeforeNode=0 newCols=59 posCandidates=59 duplicateCandidates=0 updatedCols=0 zeroObjImproveIters=2 objFirst=143955791.966197 objLast=174557944.043102 objGain=30602152.076905 maxRC=59513933.151729 wallSec=0.014038 pricingSec=0.008798 cplexSolveSec=0.002512
      [BB] 根节点即为整数解，obj=174557944.043102
    [CG] CG iter 2: obj=161044935.298682, maxRC=10623711.796763, +17 cols
    [CG] CG iter 3: obj=165129051.497177, maxRC=5118128.238817, +14 cols
    [CG]   [DIAG] iter=3 posCols=14 newCols=14 effImprove=14 updated=0
    [CG]   [DIAG] iter=2 posCols=17 newCols=17 effImprove=17 updated=0
    [CG] CG iter 4: obj=174540988.834221, maxRC=2671769.720189, +5 cols
    [CG]   [DIAG] iter=4 posCols=5 newCols=5 effImprove=5 updated=0
    [CG] CG iter 5: obj=174540988.834221, maxRC=671006.070594, +1 cols
    [CG]   [DIAG] iter=5 posCols=1 newCols=1 effImprove=1 updated=0
    [CG] CG iter 3: obj=167619520.690963, maxRC=6233473.036794, +11 cols
    [CG]   [DIAG] iter=3 posCols=11 newCols=11 effImprove=11 updated=0
    [CG] 列生成收敛，共 6 轮迭代
    [CG] [CG-NODE] depth=0 exit=CERTIFIED certified=1 feasible=1 iters=6 generatedColsBeforeNode=0 newCols=59 posCandidates=59 duplicateCandidates=0 updatedCols=0 zeroObjImproveIters=2 objFirst=144146965.563248 objLast=174540988.834221 objGain=30394023.270973 maxRC=59517546.133663 wallSec=0.012545 pricingSec=0.008653 cplexSolveSec=0.002264
      [BB] 根节点即为整数解，obj=174540988.834221
    [CG] CG iter 4: obj=170194983.810978, maxRC=4120700.056842, +5 cols
    [CG]   [DIAG] iter=4 posCols=5 newCols=5 effImprove=5 updated=0
    [CG] 列生成收敛，共 5 轮迭代
    [CG] [CG-NODE] depth=0 exit=CERTIFIED certified=1 feasible=1 iters=5 generatedColsBeforeNode=0 newCols=56 posCandidates=56 duplicateCandidates=0 updatedCols=0 zeroObjImproveIters=0 objFirst=144022517.722438 objLast=174413483.214740 objGain=30390965.492303 maxRC=59519801.501261 wallSec=0.018680 pricingSec=0.012704 cplexSolveSec=0.003081
      [BB] 根节点即为整数解，obj=174413483.214740
[GA] 代数 10: Best=174587348.71, Avg=174554436.54, Worst=174442368.90, Valid=30/30, 耗时=0.07s (连续10代未提升 → 提前停止)
  ├─ 求解: 30 个体 fork 并行 | CG迭代=162 加列=1637 BB分支=0
  ├─ 并行墙钟=0.0677s | 串行等效(ΣBP)=0.4411s | 加速比=6.51x
  ├─ 管理开销=-0.3734s (fork=0.0048 wait=0.0625 merge=0.0004)
  └─ CG明细: gen_logs/run_gen10_ind{0..29}.log

========== 遗传算法完成 ==========
总耗时: 0.695223s
最优适应度: 174587348.71
最优w: w0=0.13 w1=0.01 w2=0.00 w3=0.00 w4=0.01 w5=0.24 w6=0.00 w7=0.00 

========== 并行效率总报告 ==========
并行代数            : 11
并行墙钟(累计)      : 0.6909s
串行等效(ΣBP累计)   : 4.2188s
净管理开销          : -3.5279s (-510.6%)
  ├─ fork  : 0.0471s
  ├─ wait  : 0.6390s
  └─ merge : 0.0041s
加速比              : 6.11x
结论: 加速比 > 1，并行有效收益。
====================================

--- 最优解详细结果 ---
FORMAL_PASS seed=1010 distance=10.00 profit=174587348.71 wall=0.71
