
      ========== [环节4/5] 列生成 CG（RMP + 定价子问题迭代求 LP 松弛） ==========
        设计: CPLEX 增量式 RMP(动态加列，不重建模型) ↔ 逐 DC 定价生成负 RC 新列
        定价并行: 否(串行逐DC) | DC 数=8 | 定价线程=4(上限pricing_threads=4)[未启用,parallel_pricing=false]
        核预算: core_budget=0(0=不限制) | GA并发进程数=见num_threads | 峰值占核=GA进程×定价线程
        RMP求解: CPLEX线程=1(cplex_threads=1)[GA并行时子进程强制回退1避免过度订阅]
        收敛: 最大迭代=2000 | tailing-off 早停=否(连续20轮改善<1e-06) | RC 阈值=1e-06
        优化: 每DC持久 PricingSolver(缓存跨迭代保留) + 持久线程池(不再每轮建销)

      ========== [环节5/5] 定价子问题 PS（每DC生成最大负 RC 列，本次瓶颈~83%） ==========
        算法: Simplified候选 + Algorithm3完整校验
        无损缓存: cachedBestCols仅提供 incumbent/上界剪枝，不跳过完整定价
        完整定价: 候选价格(保留价去重)×两点组合 O(候选价×n_neg²×numRetailer)

    ========== [环节3/5] 分支定界 BB（DFS 深度优先，恢复整数解） ==========
      设计: 根节点列生成求 LP → 按 x_ij(DC-零售商对)分数值分支 → 左 x_ij=0 / 右 x_ij=1
      策略: 深度优先(DFS 栈) | 选最大分数化变量分支 | LP≤下界则剪枝
      认证: 所有节点严格列生成 | 目标gap=0 | 最大节点数=10000 | 时间上限=600s
      资源限制仅改变求解状态，不允许LP值冒充整数可行解

  ========== [环节2/5] 分支定价 BP（固定 w_j 下精确求解整数规划） ==========
    设计: 列生成(求 LP 松弛) + 分支定界(恢复整数) = 分支定价
    收尾: 内层列利润已包含减排投资成本；BP整数结果完成后仅加回碳配额常数收益
    优化: fitnessCache 仅复用相同 w 的认证最优结果；未认证结果再次出现时重算
    投资成本模型: ½δw²D^γ, γ=0.500000
    投资成本处理: 列内扣除(新)

========== [环节1/5] 遗传算法 GA（外层：对减排率 w_j 编码搜索） ==========
  设计: 二进制编码 w_j → 轮盘赌选择 → 两点交叉 → 按位变异 → 精英保留
  配置: 种群=30 | 最大代数=50 | 编码位数=10/DC | 基因总长=80
        交叉率=0.7 | 逐位变异率=0.0125(自适应1/L) | 精英保留=是 | w范围=[0,1]
        提前停止=是 | 连续未提升阈值=10代 | 提升容差=0.001
  优化: 二进制解码查表(替代 std::pow) | 相同 w 仅复用认证最优的BP缓存

  +--------------- [并行诊断] 适应度评估层（GA 第4层外层） ---------------
  | 评估任务: 每代对 30 个个体各调用一次分支定价 BP.solve(w)（含 CG->定价->BB）
  | 并行三条件:
  |   1) parallel_fitness = true   [满足]
  |   2) population_size > 1 : 30   [满足]
  |   3) num_threads > 1 : 配置=8 -> 实际=8（0 表示自动取 CPU 核数=36）   [满足]
  +---------------------------------------------------------------
  | >>> 当前模式: 【并行】GA 适应度评估层 fork 进程级并行
  |     并发度: 8 个子进程同时运行（个体总数 30，分批调度）
  |     隔离方式: 每个体 fork() 独立子进程 + Instance.deepCopy() 深拷贝
  |               （不共享求解器，各持独立 BranchAndPrice，无锁无竞争）
  |     结果回传: 子进程算完经管道 pipe() 回传 fitness 及 BP/CG/PS 计时
  |     下层状态: 每个子进程内部 BP->CG->定价PS->BB 全部【串行】
  |     计时口径: 并行时 BP/CG/PS 取墙钟聚合，避免子进程 CPU 时间累加超过总时间
  | 注: 定价子问题 PS 并行开关 parallel_pricing=false —— true 时并行逐DC，false 时串行逐DC；线程数配置在 CG 环节横幅始终展示，仅 false 时不生效）
  +---------------------------------------------------------------
    [CG] 列生成开始，初始列数=128
    [CG] 列生成开始，初始列数=128
    [CG] 列生成开始，初始列数=128
    [CG] 列生成开始，初始列数=128
    [CG] 列生成开始，初始列数=128
    [CG] 列生成开始，初始列数=128
    [CG] 列生成开始，初始列数=128
    [CG] 列生成开始，初始列数=128
    [CG] CG iter 1: obj=146033258.169589, maxRC=59519752.128890, +23 cols
    [CG] CG iter 1: obj=144939463.418514, maxRC=59237875.228948, +23 cols
    [CG]   [DIAG] iter=1 posCols=23 newCols=23 effImprove=23 updated=0
    [CG] CG iter 1: obj=144582110.303311, maxRC=58975790.194723, +23 cols
    [CG] CG iter 1: obj=145189917.092899, maxRC=59336934.681075, +23 cols
    [CG]   [DIAG] iter=1 posCols=23 newCols=23 effImprove=23 updated=0
    [CG] CG iter 1: obj=144764419.395862, maxRC=59314115.694631, +23 cols
    [CG] CG iter 1: obj=145200609.085142, maxRC=59151250.202710, +23 cols
    [CG]   [DIAG] iter=1 posCols=23 newCols=23 effImprove=23 updated=0
    [CG] CG iter 1: obj=145597783.073601, maxRC=59427496.810743, +23 cols
    [CG]   [DIAG] iter=1 posCols=23 newCols=23 effImprove=23 updated=0
    [CG] CG iter 1: obj=144277300.674867, maxRC=59496798.589991, +23 cols
    [CG]   [DIAG] iter=1 posCols=23 newCols=23 effImprove=23 updated=0
    [CG]   [DIAG] iter=1 posCols=23 newCols=23 effImprove=23 updated=0
    [CG]   [DIAG] iter=1 posCols=23 newCols=23 effImprove=23 updated=0
    [CG]   [DIAG] iter=1 posCols=23 newCols=23 effImprove=23 updated=0
    [CG] CG iter 2: obj=161889106.568182, maxRC=10623485.371715, +16 cols
    [CG]   [DIAG] iter=2 posCols=16 newCols=16 effImprove=16 updated=0
    [CG] CG iter 2: obj=160777036.836310, maxRC=10501241.137245, +16 cols
    [CG]   [DIAG] iter=2 posCols=16 newCols=16 effImprove=16 updated=0
    [CG] CG iter 2: obj=160454244.788823, maxRC=10462309.597492, +16 cols
    [CG] CG iter 2: obj=161365347.250765, maxRC=10579022.720334, +16 cols
    [CG]   [DIAG] iter=2 posCols=16 newCols=16 effImprove=16 updated=0
    [CG]   [DIAG] iter=2 posCols=16 newCols=16 effImprove=16 updated=0
    [CG] CG iter 2: obj=160903862.853999, maxRC=10444627.329924, +16 cols
    [CG] CG iter 2: obj=161532980.254040, maxRC=10583079.134471, +16 cols
    [CG] CG iter 2: obj=160665624.493309, maxRC=10842231.957126, +16 cols
    [CG] CG iter 2: obj=161080558.467187, maxRC=10691986.716924, +16 cols
    [CG]   [DIAG] iter=2 posCols=16 newCols=16 effImprove=16 updated=0
    [CG]   [DIAG] iter=2 posCols=16 newCols=16 effImprove=16 updated=0
    [CG]   [DIAG] iter=2 posCols=16 newCols=16 effImprove=16 updated=0
    [CG]   [DIAG] iter=2 posCols=16 newCols=16 effImprove=16 updated=0
    [CG] CG iter 3: obj=165913374.599378, maxRC=4679779.578765, +14 cols
    [CG]   [DIAG] iter=3 posCols=14 newCols=14 effImprove=14 updated=0
    [CG] CG iter 3: obj=165087675.512490, maxRC=5014310.807837, +15 cols
    [CG]   [DIAG] iter=3 posCols=15 newCols=15 effImprove=15 updated=0
    [CG] CG iter 3: obj=163854385.377095, maxRC=5870604.583489, +16 cols
    [CG]   [DIAG] iter=3 posCols=16 newCols=16 effImprove=16 updated=0
    [CG] CG iter 3: obj=165556954.441924, maxRC=5104703.587840, +14 cols
    [CG] CG iter 3: obj=164933477.556207, maxRC=4629993.563243, +14 cols
    [CG] CG iter 3: obj=165538872.540433, maxRC=4649210.513524, +14 cols
    [CG]   [DIAG] iter=3 posCols=14 newCols=14 effImprove=14 updated=0
    [CG] CG iter 4: obj=174540105.993442, maxRC=2360557.280068, +8 cols
    [CG]   [DIAG] iter=3 posCols=14 newCols=14 effImprove=14 updated=0
    [CG]   [DIAG] iter=4 posCols=8 newCols=8 effImprove=8 updated=0
    [CG]   [DIAG] iter=3 posCols=14 newCols=14 effImprove=14 updated=0
    [CG] CG iter 3: obj=164516920.175367, maxRC=4996385.776850, +15 cols
    [CG] CG iter 3: obj=164340757.782653, maxRC=5583273.414184, +16 cols
    [CG]   [DIAG] iter=3 posCols=15 newCols=15 effImprove=15 updated=0
    [CG]   [DIAG] iter=3 posCols=16 newCols=16 effImprove=16 updated=0
    [CG] CG iter 4: obj=174611368.425665, maxRC=2628492.745460, +6 cols
    [CG]   [DIAG] iter=4 posCols=6 newCols=6 effImprove=6 updated=0
    [CG] CG iter 4: obj=173260338.779233, maxRC=2678192.071597, +8 cols
    [CG]   [DIAG] iter=4 posCols=8 newCols=8 effImprove=8 updated=0
    [CG] CG iter 5: obj=175854907.778942, maxRC=336753.722206, +2 cols
    [CG]   [DIAG] iter=5 posCols=2 newCols=2 effImprove=2 updated=0
    [CG] CG iter 4: obj=175163229.485658, maxRC=2666146.262741, +6 cols
    [CG]   [DIAG] iter=4 posCols=6 newCols=6 effImprove=6 updated=0
    [CG] CG iter 4: obj=173597294.758875, maxRC=1225620.722118, +4 cols
    [CG] CG iter 4: obj=174137955.404935, maxRC=1306633.603441, +4 cols
    [CG]   [DIAG] iter=4 posCols=4 newCols=4 effImprove=4 updated=0
    [CG]   [DIAG] iter=4 posCols=4 newCols=4 effImprove=4 updated=0
    [CG] CG iter 4: obj=173962870.939179, maxRC=2621031.000065, +5 cols
    [CG] CG iter 5: obj=174648567.037757, maxRC=919407.610707, +1 cols
    [CG]   [DIAG] iter=4 posCols=5 newCols=5 effImprove=5 updated=0
    [CG]   [DIAG] iter=5 posCols=1 newCols=1 effImprove=1 updated=0
    [CG] CG iter 4: obj=173517514.659007, maxRC=2431974.495536, +7 cols
    [CG]   [DIAG] iter=4 posCols=7 newCols=7 effImprove=7 updated=0
    [CG] 列生成收敛，共 6 轮迭代
    [CG] [CG-NODE] depth=0 exit=CERTIFIED certified=1 feasible=1 iters=6 generatedColsBeforeNode=0 newCols=63 posCandidates=63 duplicateCandidates=0 updatedCols=0 zeroObjImproveIters=1 objFirst=146033258.169589 objLast=175854907.778942 objGain=29821649.609353 maxRC=59519752.128890 wallSec=0.018176 pricingSec=0.012424 cplexSolveSec=0.003049
    [CG] CG iter 5: obj=174582954.533705, maxRC=52769.552440, +1 cols
    [CG]   [DIAG] iter=5 posCols=1 newCols=1 effImprove=1 updated=0
    [CG] CG iter 5: obj=175217691.047587, maxRC=955849.127520, +1 cols
    [CG]   [DIAG] iter=5 posCols=1 newCols=1 effImprove=1 updated=0
    [CG] 列生成收敛，共 5 轮迭代
    [CG] 列生成收敛，共 5 轮迭代
    [CG] [CG-NODE] depth=0 exit=CERTIFIED certified=1 feasible=1 iters=5 generatedColsBeforeNode=0 newCols=57 posCandidates=57 duplicateCandidates=0 updatedCols=0 zeroObjImproveIters=0 objFirst=145597783.073601 objLast=175444589.008376 objGain=29846805.934775 maxRC=59427496.810743 wallSec=0.017707 pricingSec=0.011985 cplexSolveSec=0.002707
    [CG] [CG-NODE] depth=0 exit=CERTIFIED certified=1 feasible=1 iters=5 generatedColsBeforeNode=0 newCols=57 posCandidates=57 duplicateCandidates=0 updatedCols=0 zeroObjImproveIters=0 objFirst=145200609.085142 objLast=174822915.480993 objGain=29622306.395851 maxRC=59151250.202710 wallSec=0.017738 pricingSec=0.011919 cplexSolveSec=0.002641
      [BB] 根节点即为整数解，obj=175854907.778942
    [CG] 列生成收敛，共 6 轮迭代
    [CG] [CG-NODE] depth=0 exit=CERTIFIED certified=1 feasible=1 iters=6 generatedColsBeforeNode=0 newCols=61 posCandidates=61 duplicateCandidates=0 updatedCols=0 zeroObjImproveIters=1 objFirst=144939463.418514 objLast=174648567.037757 objGain=29709103.619244 maxRC=59237875.228948 wallSec=0.018195 pricingSec=0.012385 cplexSolveSec=0.003096
    [CG] CG iter 5: obj=173962870.939179, maxRC=704491.241014, +1 cols
    [CG]   [DIAG] iter=5 posCols=1 newCols=1 effImprove=1 updated=0
      [BB] 根节点即为整数解，obj=175444589.008376
      [BB] 根节点即为整数解，obj=174822915.480993
      [BB] 根节点即为整数解，obj=174648567.037757
    [CG] CG iter 5: obj=174706779.260982, maxRC=35944.454984, +1 cols
    [CG]   [DIAG] iter=5 posCols=1 newCols=1 effImprove=1 updated=0
    [CG] 列生成收敛，共 6 轮迭代
    [CG] [CG-NODE] depth=0 exit=CERTIFIED certified=1 feasible=1 iters=6 generatedColsBeforeNode=0 newCols=60 posCandidates=60 duplicateCandidates=0 updatedCols=0 zeroObjImproveIters=1 objFirst=145189917.092899 objLast=175217691.047587 objGain=30027773.954688 maxRC=59336934.681075 wallSec=0.018442 pricingSec=0.012336 cplexSolveSec=0.003022
    [CG] 列生成收敛，共 6 轮迭代
    [CG] [CG-NODE] depth=0 exit=CERTIFIED certified=1 feasible=1 iters=6 generatedColsBeforeNode=0 newCols=64 posCandidates=64 duplicateCandidates=0 updatedCols=0 zeroObjImproveIters=1 objFirst=144582110.303311 objLast=174582954.533705 objGain=30000844.230394 maxRC=58975790.194723 wallSec=0.018352 pricingSec=0.012332 cplexSolveSec=0.002962
      [BB] 根节点即为整数解，obj=175217691.047587
      [BB] 根节点即为整数解，obj=174582954.533705
    [CG] 列生成收敛，共 6 轮迭代
    [CG] [CG-NODE] depth=0 exit=CERTIFIED certified=1 feasible=1 iters=6 generatedColsBeforeNode=0 newCols=60 posCandidates=60 duplicateCandidates=0 updatedCols=0 zeroObjImproveIters=2 objFirst=144277300.674867 objLast=173962870.939179 objGain=29685570.264312 maxRC=59496798.589991 wallSec=0.018232 pricingSec=0.012391 cplexSolveSec=0.002901
    [CG] 列生成收敛，共 6 轮迭代
    [CG] [CG-NODE] depth=0 exit=CERTIFIED certified=1 feasible=1 iters=6 generatedColsBeforeNode=0 newCols=63 posCandidates=63 duplicateCandidates=0 updatedCols=0 zeroObjImproveIters=0 objFirst=144764419.395862 objLast=174742723.715966 objGain=29978304.320104 maxRC=59314115.694631 wallSec=0.018382 pricingSec=0.012430 cplexSolveSec=0.002828
      [BB] 根节点即为整数解，obj=173962870.939179
      [BB] 根节点即为整数解，obj=174742723.715966
    [CG] 列生成开始，初始列数=128
    [CG] 列生成开始，初始列数=128
    [CG] 列生成开始，初始列数=128
    [CG] 列生成开始，初始列数=128
    [CG] 列生成开始，初始列数=128
    [CG] 列生成开始，初始列数=128
    [CG] 列生成开始，初始列数=128
    [CG] 列生成开始，初始列数=128
    [CG] CG iter 1: obj=144827307.536988, maxRC=59023067.213761, +23 cols
    [CG] CG iter 1: obj=144889965.778201, maxRC=59287079.171277, +23 cols
    [CG]   [DIAG] iter=1 posCols=23 newCols=23 effImprove=23 updated=0
    [CG] CG iter 1: obj=144943668.364071, maxRC=59084968.304056, +23 cols
    [CG]   [DIAG] iter=1 posCols=23 newCols=23 effImprove=23 updated=0
    [CG]   [DIAG] iter=1 posCols=23 newCols=23 effImprove=23 updated=0
    [CG] CG iter 2: obj=160401629.156357, maxRC=8261919.965130, +16 cols
    [CG]   [DIAG] iter=2 posCols=16 newCols=16 effImprove=16 updated=0
    [CG] CG iter 2: obj=160876880.943016, maxRC=10502007.892641, +16 cols
    [CG]   [DIAG] iter=2 posCols=16 newCols=16 effImprove=16 updated=0
    [CG] CG iter 2: obj=160832624.011605, maxRC=9265518.226097, +17 cols
    [CG]   [DIAG] iter=2 posCols=17 newCols=17 effImprove=17 updated=0
    [CG] CG iter 3: obj=173106784.634460, maxRC=1495908.626877, +8 cols
    [CG]   [DIAG] iter=3 posCols=8 newCols=8 effImprove=8 updated=0
    [CG] CG iter 3: obj=174743081.632339, maxRC=4288808.966867, +8 cols
    [CG]   [DIAG] iter=3 posCols=8 newCols=8 effImprove=8 updated=0
    [CG] CG iter 3: obj=164860144.230119, maxRC=4647131.448020, +14 cols
    [CG]   [DIAG] iter=3 posCols=14 newCols=14 effImprove=14 updated=0
    [CG] CG iter 4: obj=173106784.634460, maxRC=2164503.798286, +4 cols
    [CG]   [DIAG] iter=4 posCols=4 newCols=4 effImprove=4 updated=0
    [CG] CG iter 4: obj=174743081.632339, maxRC=1244824.804899, +5 cols
    [CG]   [DIAG] iter=4 posCols=5 newCols=5 effImprove=5 updated=0
    [CG] CG iter 4: obj=173409198.440097, maxRC=2362330.133321, +8 cols
    [CG]   [DIAG] iter=4 posCols=8 newCols=8 effImprove=8 updated=0
    [CG] CG iter 5: obj=174398954.369380, maxRC=46124.834808, +1 cols
    [CG]   [DIAG] iter=5 posCols=1 newCols=1 effImprove=1 updated=0
    [CG] 列生成收敛，共 5 轮迭代
    [CG] [CG-NODE] depth=0 exit=CERTIFIED certified=1 feasible=1 iters=5 generatedColsBeforeNode=0 newCols=53 posCandidates=53 duplicateCandidates=0 updatedCols=0 zeroObjImproveIters=1 objFirst=144943668.364071 objLast=174856638.728703 objGain=29912970.364631 maxRC=59084968.304056 wallSec=0.009655 pricingSec=0.006383 cplexSolveSec=0.001685
    [CG] 列生成收敛，共 6 轮迭代
    [CG] CG iter 5: obj=174785157.935998, maxRC=330893.838473, +2 cols
    [CG] [CG-NODE] depth=0 exit=CERTIFIED certified=1 feasible=1 iters=6 generatedColsBeforeNode=0 newCols=52 posCandidates=52 duplicateCandidates=0 updatedCols=0 zeroObjImproveIters=2 objFirst=144827307.536988 objLast=174398954.369380 objGain=29571646.832391 maxRC=59023067.213761 wallSec=0.010069 pricingSec=0.006541 cplexSolveSec=0.001806
    [CG]   [DIAG] iter=5 posCols=2 newCols=2 effImprove=2 updated=0
      [BB] 根节点即为整数解，obj=174856638.728703
      [BB] 根节点即为整数解，obj=174398954.369380
    [CG] 列生成收敛，共 6 轮迭代
    [CG] [CG-NODE] depth=0 exit=CERTIFIED certified=1 feasible=1 iters=6 generatedColsBeforeNode=0 newCols=63 posCandidates=63 duplicateCandidates=0 updatedCols=0 zeroObjImproveIters=1 objFirst=144889965.778201 objLast=174785157.935998 objGain=29895192.157797 maxRC=59287079.171277 wallSec=0.010248 pricingSec=0.006735 cplexSolveSec=0.001847
      [BB] 根节点即为整数解，obj=174785157.935998
    [CG] 列生成开始，初始列数=128
    [CG] 列生成开始，初始列数=128
    [CG] 列生成开始，初始列数=128
    [CG] CG iter 1: obj=144803302.748741, maxRC=59028192.396611, +23 cols
    [CG]   [DIAG] iter=1 posCols=23 newCols=23 effImprove=23 updated=0
    [CG] CG iter 1: obj=144943320.276518, maxRC=59032415.280435, +23 cols
    [CG] CG iter 1: obj=144882136.287676, maxRC=59091272.362774, +23 cols
    [CG]   [DIAG] iter=1 posCols=23 newCols=23 effImprove=23 updated=0
    [CG]   [DIAG] iter=1 posCols=23 newCols=23 effImprove=23 updated=0
    [CG] CG iter 1: obj=145382833.643148, maxRC=59508025.552600, +23 cols
    [CG] CG iter 1: obj=145543019.545447, maxRC=59519481.825103, +23 cols
    [CG]   [DIAG] iter=1 posCols=23 newCols=23 effImprove=23 updated=0
    [CG]   [DIAG] iter=1 posCols=23 newCols=23 effImprove=23 updated=0
    [CG] CG iter 2: obj=160710404.302493, maxRC=10429572.883640, +16 cols
    [CG]   [DIAG] iter=2 posCols=16 newCols=16 effImprove=16 updated=0
    [CG] CG iter 2: obj=160685433.232479, maxRC=8242974.425138, +16 cols
    [CG] CG iter 2: obj=160551791.886521, maxRC=9297754.066325, +17 cols
    [CG]   [DIAG] iter=2 posCols=16 newCols=16 effImprove=16 updated=0
    [CG]   [DIAG] iter=2 posCols=17 newCols=17 effImprove=17 updated=0
    [CG] CG iter 2: obj=161450412.510102, maxRC=10850251.874185, +16 cols
    [CG]   [DIAG] iter=2 posCols=16 newCols=16 effImprove=16 updated=0
    [CG] CG iter 2: obj=161615258.768641, maxRC=10716590.536901, +17 cols
    [CG]   [DIAG] iter=2 posCols=17 newCols=17 effImprove=17 updated=0
    [CG] CG iter 3: obj=173413689.500530, maxRC=1770027.413867, +9 cols
    [CG]   [DIAG] iter=3 posCols=9 newCols=9 effImprove=9 updated=0
    [CG] CG iter 3: obj=170698921.742611, maxRC=9544460.284041, +15 cols
    [CG]   [DIAG] iter=3 posCols=15 newCols=15 effImprove=15 updated=0
    [CG] CG iter 3: obj=165488429.355839, maxRC=5066608.022123, +17 cols
    [CG] CG iter 3: obj=164114506.393036, maxRC=5753259.265069, +15 cols
    [CG]   [DIAG] iter=3 posCols=17 newCols=17 effImprove=17 updated=0
    [CG] CG iter 3: obj=168635038.147936, maxRC=6112898.926828, +12 cols
    [CG] CG iter 4: obj=173413689.500530, maxRC=1187999.986198, +4 cols
    [CG]   [DIAG] iter=4 posCols=4 newCols=4 effImprove=4 updated=0
    [CG]   [DIAG] iter=3 posCols=12 newCols=12 effImprove=12 updated=0
    [CG]   [DIAG] iter=3 posCols=15 newCols=15 effImprove=15 updated=0
    [CG] CG iter 5: obj=174554981.399168, maxRC=158617.705477, +1 cols
    [CG]   [DIAG] iter=5 posCols=1 newCols=1 effImprove=1 updated=0
    [CG] CG iter 4: obj=175438332.632365, maxRC=1138643.878158, +3 cols
    [CG] CG iter 4: obj=173134387.833966, maxRC=3738880.182558, +7 cols
    [CG]   [DIAG] iter=4 posCols=3 newCols=3 effImprove=3 updated=0
    [CG]   [DIAG] iter=4 posCols=7 newCols=7 effImprove=7 updated=0
    [CG] CG iter 4: obj=175076962.138197, maxRC=2157646.085691, +6 cols
    [CG]   [DIAG] iter=4 posCols=6 newCols=6 effImprove=6 updated=0
    [CG] 列生成收敛，共 6 轮迭代
    [CG] [CG-NODE] depth=0 exit=CERTIFIED certified=1 feasible=1 iters=6 generatedColsBeforeNode=0 newCols=53 posCandidates=53 duplicateCandidates=0 updatedCols=0 zeroObjImproveIters=1 objFirst=144943320.276518 objLast=174713599.104644 objGain=29770278.828126 maxRC=59032415.280435 wallSec=0.017849 pricingSec=0.012184 cplexSolveSec=0.003101
    [CG] CG iter 4: obj=173494144.028360, maxRC=2603260.498442, +7 cols
    [CG] 列生成收敛，共 5 轮迭代
    [CG] [CG-NODE] depth=0 exit=CERTIFIED certified=1 feasible=1 iters=5 generatedColsBeforeNode=0 newCols=55 posCandidates=55 duplicateCandidates=0 updatedCols=0 zeroObjImproveIters=1 objFirst=145543019.545447 objLast=175438332.632365 objGain=29895313.086918 maxRC=59519481.825103 wallSec=0.017216 pricingSec=0.011894 cplexSolveSec=0.002752
    [CG]   [DIAG] iter=4 posCols=7 newCols=7 effImprove=7 updated=0
      [BB] 根节点即为整数解，obj=174713599.104644
      [BB] 根节点即为整数解，obj=175438332.632365
    [CG] 列生成收敛，共 5 轮迭代
    [CG] CG iter 5: obj=173134387.833966, maxRC=1210167.429497, +2 cols
    [CG] [CG-NODE] depth=0 exit=CERTIFIED certified=1 feasible=1 iters=5 generatedColsBeforeNode=0 newCols=62 posCandidates=62 duplicateCandidates=0 updatedCols=0 zeroObjImproveIters=1 objFirst=145382833.643148 objLast=175076962.138197 objGain=29694128.495048 maxRC=59508025.552600 wallSec=0.017762 pricingSec=0.012323 cplexSolveSec=0.002861
    [CG]   [DIAG] iter=5 posCols=2 newCols=2 effImprove=2 updated=0
      [BB] 根节点即为整数解，obj=175076962.138197
    [CG] CG iter 5: obj=174736438.029847, maxRC=29140.395530, +1 cols
    [CG] CG iter 6: obj=174344555.263463, maxRC=1100293.274688, +4 cols
    [CG]   [DIAG] iter=5 posCols=1 newCols=1 effImprove=1 updated=0
    [CG]   [DIAG] iter=6 posCols=4 newCols=4 effImprove=4 updated=0
    [CG] 列生成收敛，共 7 轮迭代
    [CG] [CG-NODE] depth=0 exit=CERTIFIED certified=1 feasible=1 iters=7 generatedColsBeforeNode=0 newCols=68 posCandidates=68 duplicateCandidates=0 updatedCols=0 zeroObjImproveIters=2 objFirst=144882136.287676 objLast=174344555.263463 objGain=29462418.975787 maxRC=59091272.362774 wallSec=0.019709 pricingSec=0.013581 cplexSolveSec=0.003385
    [CG] 列生成收敛，共 6 轮迭代
    [CG] [CG-NODE] depth=0 exit=CERTIFIED certified=1 feasible=1 iters=6 generatedColsBeforeNode=0 newCols=62 posCandidates=62 duplicateCandidates=0 updatedCols=0 zeroObjImproveIters=1 objFirst=144803302.748741 objLast=174736438.029847 objGain=29933135.281107 maxRC=59028192.396611 wallSec=0.020584 pricingSec=0.013863 cplexSolveSec=0.003727
      [BB] 根节点即为整数解，obj=174344555.263463
      [BB] 根节点即为整数解，obj=174736438.029847
    [CG] 列生成开始，初始列数=128
    [CG] CG iter 1: obj=145115028.244621, maxRC=59309951.563968, +23 cols
    [CG] 列生成开始，初始列数=128
    [CG]   [DIAG] iter=1 posCols=23 newCols=23 effImprove=23 updated=0
    [CG] 列生成开始，初始列数=128
    [CG] CG iter 1: obj=145309252.437694, maxRC=59508834.693463, +23 cols
    [CG] CG iter 2: obj=161032665.654947, maxRC=9369901.292633, +17 cols
    [CG]   [DIAG] iter=2 posCols=17 newCols=17 effImprove=17 updated=0
    [CG] 列生成开始，初始列数=128
    [CG]   [DIAG] iter=1 posCols=23 newCols=23 effImprove=23 updated=0
    [CG] CG iter 3: obj=174988007.266720, maxRC=4355657.568490, +8 cols
    [CG]   [DIAG] iter=3 posCols=8 newCols=8 effImprove=8 updated=0
    [CG] CG iter 1: obj=145221149.890237, maxRC=59414141.513033, +23 cols
    [CG]   [DIAG] iter=1 posCols=23 newCols=23 effImprove=23 updated=0
    [CG] 列生成开始，初始列数=128
    [CG] CG iter 4: obj=174988007.266720, maxRC=2165408.952451, +4 cols
    [CG]   [DIAG] iter=4 posCols=4 newCols=4 effImprove=4 updated=0
    [CG] CG iter 2: obj=161698162.839155, maxRC=10722753.114889, +17 cols
    [CG]   [DIAG] iter=2 posCols=17 newCols=17 effImprove=17 updated=0
    [CG] 列生成收敛，共 5 轮迭代
    [CG] [CG-NODE] depth=0 exit=CERTIFIED certified=1 feasible=1 iters=5 generatedColsBeforeNode=0 newCols=52 posCandidates=52 duplicateCandidates=0 updatedCols=0 zeroObjImproveIters=1 objFirst=145115028.244621 objLast=175119031.506626 objGain=30004003.262005 maxRC=59309951.563968 wallSec=0.013575 pricingSec=0.009471 cplexSolveSec=0.002065
      [BB] 根节点即为整数解，obj=175119031.506626
    [CG] CG iter 2: obj=161607846.092908, maxRC=10637345.149675, +16 cols
    [CG]   [DIAG] iter=2 posCols=16 newCols=16 effImprove=16 updated=0
    [CG] CG iter 1: obj=144987359.184134, maxRC=59416125.086773, +23 cols
    [CG] CG iter 3: obj=168617702.959163, maxRC=5467342.219539, +10 cols
    [CG]   [DIAG] iter=1 posCols=23 newCols=23 effImprove=23 updated=0
    [CG]   [DIAG] iter=3 posCols=10 newCols=10 effImprove=10 updated=0
    [CG] CG iter 4: obj=174085045.178702, maxRC=1772871.931920, +5 cols
    [CG]   [DIAG] iter=4 posCols=5 newCols=5 effImprove=5 updated=0
    [CG] CG iter 2: obj=161013457.491969, maxRC=10560643.139650, +16 cols
    [CG]   [DIAG] iter=2 posCols=16 newCols=16 effImprove=16 updated=0
    [CG] CG iter 3: obj=165848591.010165, maxRC=5111566.598507, +14 cols
    [CG] 列生成开始，初始列数=128
    [CG]   [DIAG] iter=3 posCols=14 newCols=14 effImprove=14 updated=0
    [CG] CG iter 5: obj=175226126.162536, maxRC=1032828.613140, +2 cols
    [CG]   [DIAG] iter=5 posCols=2 newCols=2 effImprove=2 updated=0
    [CG] CG iter 4: obj=175446079.213279, maxRC=2669011.838622, +6 cols
    [CG]   [DIAG] iter=4 posCols=6 newCols=6 effImprove=6 updated=0
    [CG] CG iter 1: obj=145130038.842188, maxRC=59338042.921975, +23 cols
    [CG] CG iter 3: obj=165090923.151017, maxRC=5078484.284700, +15 cols
    [CG] 列生成收敛，共 6 轮迭代
    [CG]   [DIAG] iter=1 posCols=23 newCols=23 effImprove=23 updated=0
    [CG] [CG-NODE] depth=0 exit=CERTIFIED certified=1 feasible=1 iters=6 generatedColsBeforeNode=0 newCols=57 posCandidates=57 duplicateCandidates=0 updatedCols=0 zeroObjImproveIters=1 objFirst=145309252.437694 objLast=175226126.162536 objGain=29916873.724842 maxRC=59508834.693463 wallSec=0.017003 pricingSec=0.011680 cplexSolveSec=0.002965
    [CG]   [DIAG] iter=3 posCols=15 newCols=15 effImprove=15 updated=0
      [BB] 根节点即为整数解，obj=175226126.162536
    [CG] CG iter 5: obj=175505083.008491, maxRC=969312.158739, +1 cols
    [CG]   [DIAG] iter=5 posCols=1 newCols=1 effImprove=1 updated=0
    [CG] CG iter 4: obj=174686820.861739, maxRC=2655216.254050, +5 cols
    [CG]   [DIAG] iter=4 posCols=5 newCols=5 effImprove=5 updated=0
    [CG] 列生成收敛，共 6 轮迭代
    [CG] [CG-NODE] depth=0 exit=CERTIFIED certified=1 feasible=1 iters=6 generatedColsBeforeNode=0 newCols=60 posCandidates=60 duplicateCandidates=0 updatedCols=0 zeroObjImproveIters=1 objFirst=145221149.890237 objLast=175505083.008491 objGain=30283933.118254 maxRC=59414141.513033 wallSec=0.017784 pricingSec=0.012448 cplexSolveSec=0.003043
    [CG] CG iter 2: obj=161200384.308807, maxRC=10646324.583709, +17 cols
    [CG]   [DIAG] iter=2 posCols=17 newCols=17 effImprove=17 updated=0
      [BB] 根节点即为整数解，obj=175505083.008491
    [CG] CG iter 5: obj=174686820.861739, maxRC=860167.786903, +1 cols
    [CG]   [DIAG] iter=5 posCols=1 newCols=1 effImprove=1 updated=0
    [CG] 列生成收敛，共 6 轮迭代
    [CG] [CG-NODE] depth=0 exit=CERTIFIED certified=1 feasible=1 iters=6 generatedColsBeforeNode=0 newCols=60 posCandidates=60 duplicateCandidates=0 updatedCols=0 zeroObjImproveIters=2 objFirst=144987359.184134 objLast=174686820.861739 objGain=29699461.677605 maxRC=59416125.086773 wallSec=0.010177 pricingSec=0.006580 cplexSolveSec=0.002115
    [CG] CG iter 1: obj=145158561.234893, maxRC=59510810.113420, +23 cols
      [BB] 根节点即为整数解，obj=174686820.861739
    [CG] CG iter 3: obj=168264143.274546, maxRC=6098759.309998, +12 cols
    [CG]   [DIAG] iter=3 posCols=12 newCols=12 effImprove=12 updated=0
    [CG]   [DIAG] iter=1 posCols=23 newCols=23 effImprove=23 updated=0
    [CG] 列生成开始，初始列数=128
    [CG] CG iter 4: obj=175146553.304405, maxRC=1145063.258483, +3 cols
    [CG]   [DIAG] iter=4 posCols=3 newCols=3 effImprove=3 updated=0
    [CG] 列生成收敛，共 5 轮迭代
    [CG] CG iter 2: obj=161586178.391599, maxRC=10162125.339665, +16 cols
    [CG] [CG-NODE] depth=0 exit=CERTIFIED certified=1 feasible=1 iters=5 generatedColsBeforeNode=0 newCols=55 posCandidates=55 duplicateCandidates=0 updatedCols=0 zeroObjImproveIters=1 objFirst=145130038.842188 objLast=175146553.304405 objGain=30016514.462217 maxRC=59338042.921975 wallSec=0.009712 pricingSec=0.006495 cplexSolveSec=0.001806
    [CG]   [DIAG] iter=2 posCols=16 newCols=16 effImprove=16 updated=0
      [BB] 根节点即为整数解，obj=175146553.304405
    [CG] 列生成开始，初始列数=128
    [CG] CG iter 3: obj=166841427.217962, maxRC=5723200.139604, +17 cols
    [CG] 列生成开始，初始列数=128
    [CG]   [DIAG] iter=3 posCols=17 newCols=17 effImprove=17 updated=0
    [CG] CG iter 1: obj=144697162.451050, maxRC=59441611.756487, +23 cols
    [CG]   [DIAG] iter=1 posCols=23 newCols=23 effImprove=23 updated=0
    [CG] CG iter 4: obj=172882270.226255, maxRC=2994416.654421, +7 cols
    [CG]   [DIAG] iter=4 posCols=7 newCols=7 effImprove=7 updated=0
    [CG] CG iter 1: obj=144615903.292753, maxRC=59396330.865301, +23 cols
    [CG] 列生成开始，初始列数=128
    [CG] CG iter 5: obj=175039172.679972, maxRC=761760.634227, +2 cols
    [CG]   [DIAG] iter=5 posCols=2 newCols=2 effImprove=2 updated=0
    [CG]   [DIAG] iter=1 posCols=23 newCols=23 effImprove=23 updated=0
    [CG] CG iter 6: obj=175039172.679972, maxRC=7596.205367, +1 cols
    [CG]   [DIAG] iter=6 posCols=1 newCols=1 effImprove=1 updated=0
    [CG] CG iter 2: obj=161080418.190126, maxRC=10866481.941831, +17 cols
    [CG]   [DIAG] iter=2 posCols=17 newCols=17 effImprove=17 updated=0
    [CG] CG iter 2: obj=160977009.871273, maxRC=10550519.327427, +16 cols
    [CG] 列生成收敛，共 7 轮迭代
    [CG] [CG-NODE] depth=0 exit=CERTIFIED certified=1 feasible=1 iters=7 generatedColsBeforeNode=0 newCols=66 posCandidates=66 duplicateCandidates=0 updatedCols=0 zeroObjImproveIters=2 objFirst=145158561.234893 objLast=175039172.679972 objGain=29880611.445079 maxRC=59510810.113420 wallSec=0.015454 pricingSec=0.010007 cplexSolveSec=0.003016
    [CG]   [DIAG] iter=2 posCols=16 newCols=16 effImprove=16 updated=0
    [CG] CG iter 1: obj=145079578.781802, maxRC=59042957.822234, +23 cols
      [BB] 根节点即为整数解，obj=175039172.679972
    [CG]   [DIAG] iter=1 posCols=23 newCols=23 effImprove=23 updated=0
    [CG] CG iter 3: obj=165120693.633064, maxRC=5030351.128610, +15 cols
    [CG]   [DIAG] iter=3 posCols=15 newCols=15 effImprove=15 updated=0
    [CG] CG iter 3: obj=164883377.727630, maxRC=5467200.572069, +17 cols
    [CG]   [DIAG] iter=3 posCols=17 newCols=17 effImprove=17 updated=0
    [CG] CG iter 4: obj=174669245.486764, maxRC=2635170.649752, +5 cols
    [CG] CG iter 2: obj=160949555.394759, maxRC=9236516.698015, +17 cols
    [CG]   [DIAG] iter=4 posCols=5 newCols=5 effImprove=5 updated=0
    [CG]   [DIAG] iter=2 posCols=17 newCols=17 effImprove=17 updated=0
    [CG] CG iter 5: obj=174669245.486764, maxRC=827383.535333, +1 cols
    [CG]   [DIAG] iter=5 posCols=1 newCols=1 effImprove=1 updated=0
    [CG] CG iter 4: obj=174598335.140920, maxRC=2000314.688584, +6 cols
    [CG]   [DIAG] iter=4 posCols=6 newCols=6 effImprove=6 updated=0
    [CG] 列生成开始，初始列数=128
    [CG] 列生成收敛，共 6 轮迭代
    [CG] [CG-NODE] depth=0 exit=CERTIFIED certified=1 feasible=1 iters=6 generatedColsBeforeNode=0 newCols=60 posCandidates=60 duplicateCandidates=0 updatedCols=0 zeroObjImproveIters=2 objFirst=144615903.292753 objLast=174669245.486764 objGain=30053342.194011 maxRC=59396330.865301 wallSec=0.011529 pricingSec=0.007796 cplexSolveSec=0.002063
      [BB] 根节点即为整数解，obj=174669245.486764
    [CG] CG iter 1: obj=144368764.086919, maxRC=58947105.203567, +23 cols
    [CG] CG iter 3: obj=171257212.141290, maxRC=5666163.371371, +12 cols
    [CG]   [DIAG] iter=3 posCols=12 newCols=12 effImprove=12 updated=0
    [CG] CG iter 1: obj=144790106.188278, maxRC=59383777.897882, +23 cols
    [CG]   [DIAG] iter=1 posCols=23 newCols=23 effImprove=23 updated=0
    [CG]   [DIAG] iter=1 posCols=23 newCols=23 effImprove=23 updated=0
    [CG] 列生成收敛，共 5 轮迭代
    [CG] [CG-NODE] depth=0 exit=CERTIFIED certified=1 feasible=1 iters=5 generatedColsBeforeNode=0 newCols=63 posCandidates=63 duplicateCandidates=0 updatedCols=0 zeroObjImproveIters=1 objFirst=144697162.451050 objLast=174598335.140920 objGain=29901172.689871 maxRC=59441611.756487 wallSec=0.017967 pricingSec=0.012492 cplexSolveSec=0.002904
      [BB] 根节点即为整数解，obj=174598335.140920
    [CG] CG iter 4: obj=173806224.812801, maxRC=1420154.913245, +6 cols
    [CG]   [DIAG] iter=4 posCols=6 newCols=6 effImprove=6 updated=0
    [CG] CG iter 2: obj=160848187.895491, maxRC=10600991.212006, +16 cols
    [CG]   [DIAG] iter=2 posCols=16 newCols=16 effImprove=16 updated=0
    [CG] CG iter 2: obj=160096106.950571, maxRC=7948971.347431, +16 cols
    [CG]   [DIAG] iter=2 posCols=16 newCols=16 effImprove=16 updated=0
    [CG] 列生成收敛，共 5 轮迭代
    [CG] [CG-NODE] depth=0 exit=CERTIFIED certified=1 feasible=1 iters=5 generatedColsBeforeNode=0 newCols=58 posCandidates=58 duplicateCandidates=0 updatedCols=0 zeroObjImproveIters=0 objFirst=145079578.781802 objLast=175062745.941795 objGain=29983167.159993 maxRC=59042957.822234 wallSec=0.017112 pricingSec=0.012104 cplexSolveSec=0.002597
      [BB] 根节点即为整数解，obj=175062745.941795
    [CG] CG iter 3: obj=165063206.689912, maxRC=4985904.859558, +15 cols
    [CG] CG iter 3: obj=173733680.959730, maxRC=1886441.318151, +8 cols
    [CG]   [DIAG] iter=3 posCols=8 newCols=8 effImprove=8 updated=0
    [CG]   [DIAG] iter=3 posCols=15 newCols=15 effImprove=15 updated=0
    [CG] CG iter 4: obj=174540642.255608, maxRC=2616668.374324, +5 cols
    [CG]   [DIAG] iter=4 posCols=5 newCols=5 effImprove=5 updated=0
    [CG] CG iter 4: obj=173733680.959730, maxRC=2208099.344412, +4 cols
    [CG]   [DIAG] iter=4 posCols=4 newCols=4 effImprove=4 updated=0
    [CG] CG iter 5: obj=174540642.255608, maxRC=813677.369741, +1 cols
    [CG]   [DIAG] iter=5 posCols=1 newCols=1 effImprove=1 updated=0
    [CG] 列生成收敛，共 5 轮迭代
    [CG] [CG-NODE] depth=0 exit=CERTIFIED certified=1 feasible=1 iters=5 generatedColsBeforeNode=0 newCols=51 posCandidates=51 duplicateCandidates=0 updatedCols=0 zeroObjImproveIters=1 objFirst=144368764.086919 objLast=173806270.796445 objGain=29437506.709526 maxRC=58947105.203567 wallSec=0.012112 pricingSec=0.008049 cplexSolveSec=0.002262
    [CG] 列生成收敛，共 6 轮迭代
      [BB] 根节点即为整数解，obj=173806270.796445
    [CG] [CG-NODE] depth=0 exit=CERTIFIED certified=1 feasible=1 iters=6 generatedColsBeforeNode=0 newCols=60 posCandidates=60 duplicateCandidates=0 updatedCols=0 zeroObjImproveIters=2 objFirst=144790106.188278 objLast=174540642.255608 objGain=29750536.067330 maxRC=59383777.897882 wallSec=0.010415 pricingSec=0.006834 cplexSolveSec=0.002052
      [BB] 根节点即为整数解，obj=174540642.255608
    [CG] CG iter 1: obj=145317502.896871, maxRC=59465683.938327, +23 cols
    [CG]   [DIAG] iter=1 posCols=23 newCols=23 effImprove=23 updated=0
    [CG] CG iter 1: obj=144778169.628785, maxRC=59487161.840926, +23 cols
    [CG]   [DIAG] iter=1 posCols=23 newCols=23 effImprove=23 updated=0
    [CG] CG iter 2: obj=161706721.741512, maxRC=10703388.936982, +16 cols
    [CG]   [DIAG] iter=2 posCols=16 newCols=16 effImprove=16 updated=0
    [CG] CG iter 1: obj=144725113.172315, maxRC=59084571.429119, +23 cols
    [CG]   [DIAG] iter=1 posCols=23 newCols=23 effImprove=23 updated=0
    [CG] CG iter 2: obj=161022077.664830, maxRC=10176447.877084, +16 cols
    [CG]   [DIAG] iter=2 posCols=16 newCols=16 effImprove=16 updated=0
    [CG] CG iter 3: obj=165296692.728533, maxRC=4536097.605794, +14 cols
    [CG]   [DIAG] iter=3 posCols=14 newCols=14 effImprove=14 updated=0
    [CG] CG iter 3: obj=166515171.186782, maxRC=5657006.410291, +17 cols
    [CG]   [DIAG] iter=3 posCols=17 newCols=17 effImprove=17 updated=0
    [CG] CG iter 4: obj=173830389.591787, maxRC=2360606.063083, +7 cols
    [CG]   [DIAG] iter=4 posCols=7 newCols=7 effImprove=7 updated=0
    [CG] CG iter 2: obj=160536428.585283, maxRC=9271829.872047, +17 cols
    [CG] CG iter 4: obj=172499931.089713, maxRC=3107560.404451, +7 cols
    [CG]   [DIAG] iter=4 posCols=7 newCols=7 effImprove=7 updated=0
    [CG]   [DIAG] iter=2 posCols=17 newCols=17 effImprove=17 updated=0
    [CG] CG iter 5: obj=175211113.142472, maxRC=992209.707611, +1 cols
    [CG]   [DIAG] iter=5 posCols=1 newCols=1 effImprove=1 updated=0
    [CG] CG iter 5: obj=174767865.782211, maxRC=413161.453851, +2 cols
    [CG]   [DIAG] iter=5 posCols=2 newCols=2 effImprove=2 updated=0
    [CG] 列生成收敛，共 6 轮迭代
    [CG] [CG-NODE] depth=0 exit=CERTIFIED certified=1 feasible=1 iters=6 generatedColsBeforeNode=0 newCols=61 posCandidates=61 duplicateCandidates=0 updatedCols=0 zeroObjImproveIters=1 objFirst=145317502.896871 objLast=175211113.142472 objGain=29893610.245601 maxRC=59465683.938327 wallSec=0.014147 pricingSec=0.009776 cplexSolveSec=0.002415
    [CG] 列生成收敛，共 6 轮迭代
    [CG] [CG-NODE] depth=0 exit=CERTIFIED certified=1 feasible=1 iters=6 generatedColsBeforeNode=0 newCols=65 posCandidates=65 duplicateCandidates=0 updatedCols=0 zeroObjImproveIters=1 objFirst=144778169.628785 objLast=174767865.782211 objGain=29989696.153426 maxRC=59487161.840926 wallSec=0.010714 pricingSec=0.007202 cplexSolveSec=0.001931
      [BB] 根节点即为整数解，obj=175211113.142472
      [BB] 根节点即为整数解，obj=174767865.782211
    [CG] CG iter 3: obj=170692925.561223, maxRC=9758141.791308, +16 cols
    [CG]   [DIAG] iter=3 posCols=16 newCols=16 effImprove=16 updated=0
    [CG] CG iter 4: obj=173207583.651079, maxRC=4685320.000359, +12 cols
    [CG]   [DIAG] iter=4 posCols=12 newCols=12 effImprove=12 updated=0
    [CG] CG iter 5: obj=173207583.651079, maxRC=1148031.505511, +5 cols
    [CG]   [DIAG] iter=5 posCols=5 newCols=5 effImprove=5 updated=0
    [CG] CG iter 6: obj=174355615.156590, maxRC=1032436.290067, +3 cols
    [CG]   [DIAG] iter=6 posCols=3 newCols=3 effImprove=3 updated=0
    [CG] 列生成收敛，共 7 轮迭代
    [CG] [CG-NODE] depth=0 exit=CERTIFIED certified=1 feasible=1 iters=7 generatedColsBeforeNode=0 newCols=76 posCandidates=76 duplicateCandidates=0 updatedCols=0 zeroObjImproveIters=2 objFirst=144725113.172315 objLast=174355615.156590 objGain=29630501.984274 maxRC=59084571.429119 wallSec=0.023372 pricingSec=0.015887 cplexSolveSec=0.004275
      [BB] 根节点即为整数解，obj=174355615.156590
[GA] 代数 0: Best=175883793.46, Avg=174874301.65, Worst=173835156.48, Valid=30/30, 耗时=0.08s
  ├─ 求解: 30 个体 fork 并行 | CG迭代=173 加列=1797 BB分支=0
  ├─ 并行墙钟=0.0760s | 串行等效(ΣBP)=0.4766s | 加速比=6.27x
  ├─ 管理开销=-0.4006s (fork=0.0044 wait=0.0710 merge=0.0005)
  └─ CG明细: gen_logs/run_gen0_ind{0..29}.log
    [CG] 列生成开始，初始列数=128
    [CG] 列生成开始，初始列数=128
    [CG] 列生成开始，初始列数=128
    [CG] 列生成开始，初始列数=128
    [CG] 列生成开始，初始列数=128
    [CG] 列生成开始，初始列数=128
    [CG] 列生成开始，初始列数=128
    [CG] 列生成开始，初始列数=128
    [CG] CG iter 1: obj=144871965.207784, maxRC=59487161.840926, +23 cols
    [CG]   [DIAG] iter=1 posCols=23 newCols=23 effImprove=23 updated=0
    [CG] CG iter 2: obj=161098232.797062, maxRC=10607177.209765, +16 cols
    [CG]   [DIAG] iter=2 posCols=16 newCols=16 effImprove=16 updated=0
    [CG] CG iter 1: obj=146013837.496694, maxRC=59519752.128890, +23 cols
    [CG] CG iter 1: obj=145079837.352040, maxRC=59042957.822234, +23 cols
    [CG]   [DIAG] iter=1 posCols=23 newCols=23 effImprove=23 updated=0
    [CG] CG iter 3: obj=165066847.592868, maxRC=4527140.384957, +14 cols
    [CG]   [DIAG] iter=3 posCols=14 newCols=14 effImprove=14 updated=0
    [CG]   [DIAG] iter=1 posCols=23 newCols=23 effImprove=23 updated=0
    [CG] CG iter 4: obj=173450770.116446, maxRC=1425413.565530, +5 cols
    [CG]   [DIAG] iter=4 posCols=5 newCols=5 effImprove=5 updated=0
    [CG] CG iter 1: obj=145017399.520944, maxRC=59032415.280435, +23 cols
    [CG] CG iter 1: obj=144935110.044751, maxRC=59231476.778668, +23 cols
    [CG]   [DIAG] iter=1 posCols=23 newCols=23 effImprove=23 updated=0
    [CG]   [DIAG] iter=1 posCols=23 newCols=23 effImprove=23 updated=0
    [CG] CG iter 5: obj=174876183.681976, maxRC=284004.476153, +2 cols
    [CG] CG iter 2: obj=161889106.568182, maxRC=10623485.371715, +16 cols
    [CG]   [DIAG] iter=5 posCols=2 newCols=2 effImprove=2 updated=0
    [CG] CG iter 2: obj=160949743.187659, maxRC=9236405.146801, +17 cols
    [CG]   [DIAG] iter=2 posCols=16 newCols=16 effImprove=16 updated=0
    [CG]   [DIAG] iter=2 posCols=17 newCols=17 effImprove=17 updated=0
    [CG] 列生成收敛，共 6 轮迭代
    [CG] [CG-NODE] depth=0 exit=CERTIFIED certified=1 feasible=1 iters=6 generatedColsBeforeNode=0 newCols=60 posCandidates=60 duplicateCandidates=0 updatedCols=0 zeroObjImproveIters=1 objFirst=144871965.207784 objLast=174876183.681976 objGain=30004218.474192 maxRC=59487161.840926 wallSec=0.011685 pricingSec=0.007759 cplexSolveSec=0.002208
      [BB] 根节点即为整数解，obj=174876183.681976
    [CG] CG iter 2: obj=160685433.232479, maxRC=8317053.669564, +16 cols
    [CG] CG iter 3: obj=171257545.017686, maxRC=5666163.371371, +12 cols
    [CG]   [DIAG] iter=2 posCols=16 newCols=16 effImprove=16 updated=0
    [CG] CG iter 3: obj=165913374.599378, maxRC=4679779.578765, +14 cols
    [CG]   [DIAG] iter=3 posCols=12 newCols=12 effImprove=12 updated=0
    [CG]   [DIAG] iter=3 posCols=14 newCols=14 effImprove=14 updated=0
    [CG] CG iter 2: obj=160766285.012267, maxRC=10497149.084347, +16 cols
    [CG]   [DIAG] iter=2 posCols=16 newCols=16 effImprove=16 updated=0
    [CG] CG iter 1: obj=145383564.674476, maxRC=59508025.552600, +23 cols
    [CG] CG iter 4: obj=174540105.993442, maxRC=2360557.280068, +8 cols
    [CG] CG iter 3: obj=173487768.744956, maxRC=1678997.002003, +9 cols
    [CG]   [DIAG] iter=4 posCols=8 newCols=8 effImprove=8 updated=0
    [CG] CG iter 4: obj=173806557.689198, maxRC=1420154.913245, +6 cols
    [CG]   [DIAG] iter=3 posCols=9 newCols=9 effImprove=9 updated=0
    [CG]   [DIAG] iter=4 posCols=6 newCols=6 effImprove=6 updated=0
    [CG]   [DIAG] iter=1 posCols=23 newCols=23 effImprove=23 updated=0
    [CG] CG iter 1: obj=145698545.985128, maxRC=59519766.154613, +23 cols
    [CG] CG iter 1: obj=145548478.756097, maxRC=59414576.188624, +23 cols
    [CG]   [DIAG] iter=1 posCols=23 newCols=23 effImprove=23 updated=0
    [CG] CG iter 5: obj=175854907.778942, maxRC=336753.722206, +2 cols
    [CG]   [DIAG] iter=5 posCols=2 newCols=2 effImprove=2 updated=0
    [CG] CG iter 3: obj=165077825.929612, maxRC=5014310.807837, +15 cols
    [CG] 列生成收敛，共 5 轮迭代
    [CG]   [DIAG] iter=1 posCols=23 newCols=23 effImprove=23 updated=0
    [CG] [CG-NODE] depth=0 exit=CERTIFIED certified=1 feasible=1 iters=5 generatedColsBeforeNode=0 newCols=58 posCandidates=58 duplicateCandidates=0 updatedCols=0 zeroObjImproveIters=0 objFirst=145079837.352040 objLast=175063078.818191 objGain=29983241.466151 maxRC=59042957.822234 wallSec=0.013349 pricingSec=0.009000 cplexSolveSec=0.002386
    [CG] CG iter 4: obj=173487768.744956, maxRC=2301063.928217, +4 cols
    [CG]   [DIAG] iter=3 posCols=15 newCols=15 effImprove=15 updated=0
    [CG]   [DIAG] iter=4 posCols=4 newCols=4 effImprove=4 updated=0
      [BB] 根节点即为整数解，obj=175063078.818191
    [CG] 列生成收敛，共 6 轮迭代
    [CG] [CG-NODE] depth=0 exit=CERTIFIED certified=1 feasible=1 iters=6 generatedColsBeforeNode=0 newCols=63 posCandidates=63 duplicateCandidates=0 updatedCols=0 zeroObjImproveIters=1 objFirst=146013837.496694 objLast=175854907.778942 objGain=29841070.282248 maxRC=59519752.128890 wallSec=0.014055 pricingSec=0.009186 cplexSolveSec=0.002692
      [BB] 根节点即为整数解，obj=175854907.778942
    [CG] CG iter 2: obj=161450412.510102, maxRC=10850251.874185, +16 cols
    [CG] CG iter 5: obj=174822443.232057, maxRC=80444.979106, +1 cols
    [CG]   [DIAG] iter=5 posCols=1 newCols=1 effImprove=1 updated=0
    [CG] CG iter 4: obj=174602421.083951, maxRC=2628492.745460, +6 cols
    [CG] 列生成开始，初始列数=128
    [CG]   [DIAG] iter=2 posCols=16 newCols=16 effImprove=16 updated=0
    [CG]   [DIAG] iter=4 posCols=6 newCols=6 effImprove=6 updated=0
    [CG] 列生成收敛，共 6 轮迭代
    [CG] [CG-NODE] depth=0 exit=CERTIFIED certified=1 feasible=1 iters=6 generatedColsBeforeNode=0 newCols=53 posCandidates=53 duplicateCandidates=0 updatedCols=0 zeroObjImproveIters=2 objFirst=145017399.520944 objLast=174822443.232057 objGain=29805043.711113 maxRC=59032415.280435 wallSec=0.015830 pricingSec=0.010547 cplexSolveSec=0.002962
    [CG] CG iter 2: obj=161804889.245202, maxRC=10623491.311119, +16 cols
    [CG] CG iter 5: obj=174642158.773664, maxRC=919407.610707, +1 cols
    [CG]   [DIAG] iter=5 posCols=1 newCols=1 effImprove=1 updated=0
    [CG]   [DIAG] iter=2 posCols=16 newCols=16 effImprove=16 updated=0
    [CG] CG iter 2: obj=161692812.359391, maxRC=10637624.500976, +16 cols
      [BB] 根节点即为整数解，obj=174822443.232057
    [CG]   [DIAG] iter=2 posCols=16 newCols=16 effImprove=16 updated=0
    [CG] CG iter 3: obj=165489160.387167, maxRC=5066608.022123, +17 cols
    [CG] 列生成收敛，共 6 轮迭代
    [CG] [CG-NODE] depth=0 exit=CERTIFIED certified=1 feasible=1 iters=6 generatedColsBeforeNode=0 newCols=61 posCandidates=61 duplicateCandidates=0 updatedCols=0 zeroObjImproveIters=1 objFirst=144935110.044751 objLast=174642158.773664 objGain=29707048.728913 maxRC=59231476.778668 wallSec=0.016424 pricingSec=0.011013 cplexSolveSec=0.003040
    [CG]   [DIAG] iter=3 posCols=17 newCols=17 effImprove=17 updated=0
    [CG] 列生成开始，初始列数=128
      [BB] 根节点即为整数解，obj=174642158.773664
    [CG] CG iter 3: obj=166054809.566503, maxRC=5111566.598507, +15 cols
    [CG] CG iter 4: obj=175077693.169524, maxRC=2157646.085691, +6 cols
    [CG] CG iter 3: obj=165068245.142167, maxRC=5791899.079818, +15 cols
    [CG]   [DIAG] iter=3 posCols=15 newCols=15 effImprove=15 updated=0
    [CG]   [DIAG] iter=4 posCols=6 newCols=6 effImprove=6 updated=0
    [CG]   [DIAG] iter=3 posCols=15 newCols=15 effImprove=15 updated=0
    [CG] 列生成开始，初始列数=128
    [CG] 列生成收敛，共 5 轮迭代
    [CG] [CG-NODE] depth=0 exit=CERTIFIED certified=1 feasible=1 iters=5 generatedColsBeforeNode=0 newCols=62 posCandidates=62 duplicateCandidates=0 updatedCols=0 zeroObjImproveIters=1 objFirst=145383564.674476 objLast=175077693.169524 objGain=29694128.495048 maxRC=59508025.552600 wallSec=0.018101 pricingSec=0.012338 cplexSolveSec=0.003094
    [CG] CG iter 4: obj=175660606.896526, maxRC=2669011.838622, +6 cols
    [CG]   [DIAG] iter=4 posCols=6 newCols=6 effImprove=6 updated=0
      [BB] 根节点即为整数解，obj=175077693.169524
    [CG] CG iter 4: obj=174378630.873579, maxRC=2581813.111217, +8 cols
    [CG]   [DIAG] iter=4 posCols=8 newCols=8 effImprove=8 updated=0
    [CG] 列生成开始，初始列数=128
    [CG] CG iter 5: obj=175685980.598502, maxRC=945116.778135, +1 cols
    [CG]   [DIAG] iter=5 posCols=1 newCols=1 effImprove=1 updated=0
    [CG] CG iter 5: obj=175674453.898601, maxRC=62127.183161, +1 cols
    [CG]   [DIAG] iter=5 posCols=1 newCols=1 effImprove=1 updated=0
    [CG] 列生成收敛，共 6 轮迭代
    [CG] [CG-NODE] depth=0 exit=CERTIFIED certified=1 feasible=1 iters=6 generatedColsBeforeNode=0 newCols=61 posCandidates=61 duplicateCandidates=0 updatedCols=0 zeroObjImproveIters=1 objFirst=145698545.985128 objLast=175685980.598502 objGain=29987434.613374 maxRC=59519766.154613 wallSec=0.019924 pricingSec=0.013366 cplexSolveSec=0.003685
    [CG] 列生成开始，初始列数=128
    [CG] 列生成收敛，共 6 轮迭代
      [BB] 根节点即为整数解，obj=175685980.598502
    [CG] [CG-NODE] depth=0 exit=CERTIFIED certified=1 feasible=1 iters=6 generatedColsBeforeNode=0 newCols=63 posCandidates=63 duplicateCandidates=0 updatedCols=0 zeroObjImproveIters=1 objFirst=145548478.756097 objLast=175674453.898601 objGain=30125975.142504 maxRC=59414576.188624 wallSec=0.020066 pricingSec=0.013383 cplexSolveSec=0.003769
      [BB] 根节点即为整数解，obj=175674453.898601
    [CG] 列生成开始，初始列数=128
    [CG] CG iter 1: obj=144604699.141029, maxRC=59244326.517129, +23 cols
    [CG] 列生成开始，初始列数=128
    [CG]   [DIAG] iter=1 posCols=23 newCols=23 effImprove=23 updated=0
    [CG] 列生成开始，初始列数=128
    [CG] CG iter 2: obj=160606998.250854, maxRC=9330976.628353, +17 cols
    [CG]   [DIAG] iter=2 posCols=17 newCols=17 effImprove=17 updated=0
    [CG] CG iter 3: obj=170660292.400303, maxRC=9762286.280000, +15 cols
    [CG]   [DIAG] iter=3 posCols=15 newCols=15 effImprove=15 updated=0
    [CG] CG iter 4: obj=173194361.868782, maxRC=3838409.370314, +7 cols
    [CG]   [DIAG] iter=4 posCols=7 newCols=7 effImprove=7 updated=0
    [CG] CG iter 1: obj=145453213.432004, maxRC=59376558.169955, +23 cols
    [CG] CG iter 1: obj=144802962.343510, maxRC=59028236.094862, +23 cols
    [CG] CG iter 5: obj=173194361.868782, maxRC=1224317.940554, +2 cols
    [CG]   [DIAG] iter=1 posCols=23 newCols=23 effImprove=23 updated=0
    [CG]   [DIAG] iter=5 posCols=2 newCols=2 effImprove=2 updated=0
    [CG]   [DIAG] iter=1 posCols=23 newCols=23 effImprove=23 updated=0
    [CG] CG iter 6: obj=174418679.809336, maxRC=1017128.930156, +3 cols
    [CG]   [DIAG] iter=6 posCols=3 newCols=3 effImprove=3 updated=0
    [CG] CG iter 2: obj=161446039.962574, maxRC=10532135.015713, +16 cols
    [CG]   [DIAG] iter=2 posCols=16 newCols=16 effImprove=16 updated=0
    [CG] 列生成收敛，共 7 轮迭代
    [CG] [CG-NODE] depth=0 exit=CERTIFIED certified=1 feasible=1 iters=7 generatedColsBeforeNode=0 newCols=67 posCandidates=67 duplicateCandidates=0 updatedCols=0 zeroObjImproveIters=2 objFirst=144604699.141029 objLast=174418679.809336 objGain=29813980.668306 maxRC=59244326.517129 wallSec=0.012666 pricingSec=0.008498 cplexSolveSec=0.002354
      [BB] 根节点即为整数解，obj=174418679.809336
    [CG] CG iter 2: obj=160709866.798984, maxRC=10430285.656827, +16 cols
    [CG]   [DIAG] iter=2 posCols=16 newCols=16 effImprove=16 updated=0
    [CG] CG iter 3: obj=165590618.832157, maxRC=5098563.848648, +15 cols
    [CG]   [DIAG] iter=3 posCols=15 newCols=15 effImprove=15 updated=0
    [CG] CG iter 1: obj=145290146.702258, maxRC=59465683.938327, +23 cols
    [CG] CG iter 1: obj=144974094.929635, maxRC=59336934.681075, +23 cols
    [CG] CG iter 4: obj=175208637.312309, maxRC=2663585.207203, +6 cols
    [CG]   [DIAG] iter=4 posCols=6 newCols=6 effImprove=6 updated=0
    [CG]   [DIAG] iter=1 posCols=23 newCols=23 effImprove=23 updated=0
    [CG]   [DIAG] iter=1 posCols=23 newCols=23 effImprove=23 updated=0
    [CG] CG iter 5: obj=175219480.117482, maxRC=925510.445854, +1 cols
    [CG]   [DIAG] iter=5 posCols=1 newCols=1 effImprove=1 updated=0
    [CG] CG iter 3: obj=164113755.116682, maxRC=5753259.265069, +15 cols
    [CG]   [DIAG] iter=3 posCols=15 newCols=15 effImprove=15 updated=0
    [CG] 列生成收敛，共 6 轮迭代
    [CG] [CG-NODE] depth=0 exit=CERTIFIED certified=1 feasible=1 iters=6 generatedColsBeforeNode=0 newCols=61 posCandidates=61 duplicateCandidates=0 updatedCols=0 zeroObjImproveIters=1 objFirst=145453213.432004 objLast=175219480.117482 objGain=29766266.685478 maxRC=59376558.169955 wallSec=0.013174 pricingSec=0.008397 cplexSolveSec=0.002403
    [CG] 列生成开始，初始列数=128
      [BB] 根节点即为整数解，obj=175219480.117482
    [CG] CG iter 2: obj=161191444.177053, maxRC=10793289.400252, +16 cols
    [CG]   [DIAG] iter=2 posCols=16 newCols=16 effImprove=16 updated=0
    [CG] CG iter 1: obj=144592809.820249, maxRC=59028934.324755, +23 cols
    [CG] CG iter 2: obj=161684976.045211, maxRC=10703388.936982, +16 cols
    [CG] CG iter 3: obj=165248813.994479, maxRC=5104793.177341, +17 cols
    [CG] CG iter 4: obj=173493381.714332, maxRC=2603457.138818, +7 cols
    [CG]   [DIAG] iter=2 posCols=16 newCols=16 effImprove=16 updated=0
    [CG]   [DIAG] iter=3 posCols=17 newCols=17 effImprove=17 updated=0
    [CG]   [DIAG] iter=4 posCols=7 newCols=7 effImprove=7 updated=0
    [CG]   [DIAG] iter=1 posCols=23 newCols=23 effImprove=23 updated=0
    [CG] CG iter 1: obj=145498655.286188, maxRC=59508834.693463, +23 cols
    [CG] CG iter 1: obj=145324197.910853, maxRC=59430897.237005, +23 cols
    [CG]   [DIAG] iter=1 posCols=23 newCols=23 effImprove=23 updated=0
    [CG] CG iter 4: obj=174862775.808191, maxRC=2163451.931259, +6 cols
    [CG]   [DIAG] iter=4 posCols=6 newCols=6 effImprove=6 updated=0
    [CG]   [DIAG] iter=1 posCols=23 newCols=23 effImprove=23 updated=0
    [CG] CG iter 5: obj=174735479.075444, maxRC=29026.564652, +1 cols
    [CG]   [DIAG] iter=5 posCols=1 newCols=1 effImprove=1 updated=0
    [CG] CG iter 5: obj=174917343.087588, maxRC=39418.084719, +1 cols
    [CG]   [DIAG] iter=5 posCols=1 newCols=1 effImprove=1 updated=0
    [CG] 列生成开始，初始列数=128
    [CG] CG iter 3: obj=165268467.934016, maxRC=4536763.106697, +14 cols
    [CG]   [DIAG] iter=3 posCols=14 newCols=14 effImprove=14 updated=0
    [CG] 列生成收敛，共 6 轮迭代
    [CG] [CG-NODE] depth=0 exit=CERTIFIED certified=1 feasible=1 iters=6 generatedColsBeforeNode=0 newCols=63 posCandidates=63 duplicateCandidates=0 updatedCols=0 zeroObjImproveIters=1 objFirst=144974094.929635 objLast=174917343.087588 objGain=29943248.157952 maxRC=59336934.681075 wallSec=0.013403 pricingSec=0.009201 cplexSolveSec=0.002280
    [CG] CG iter 2: obj=160507966.269073, maxRC=10450907.691458, +16 cols
    [CG] 列生成收敛，共 6 轮迭代
    [CG]   [DIAG] iter=2 posCols=16 newCols=16 effImprove=16 updated=0
    [CG] [CG-NODE] depth=0 exit=CERTIFIED certified=1 feasible=1 iters=6 generatedColsBeforeNode=0 newCols=62 posCandidates=62 duplicateCandidates=0 updatedCols=0 zeroObjImproveIters=1 objFirst=144802962.343510 objLast=174735479.075444 objGain=29932516.731934 maxRC=59028236.094862 wallSec=0.020724 pricingSec=0.013960 cplexSolveSec=0.003870
      [BB] 根节点即为整数解，obj=174917343.087588
      [BB] 根节点即为整数解，obj=174735479.075444
    [CG] CG iter 2: obj=161838225.700209, maxRC=10661483.989990, +16 cols
    [CG] CG iter 2: obj=161331548.784104, maxRC=10800374.388112, +16 cols
    [CG]   [DIAG] iter=2 posCols=16 newCols=16 effImprove=16 updated=0
    [CG]   [DIAG] iter=2 posCols=16 newCols=16 effImprove=16 updated=0
    [CG] CG iter 4: obj=173795821.209252, maxRC=2360606.063083, +7 cols
    [CG]   [DIAG] iter=4 posCols=7 newCols=7 effImprove=7 updated=0
    [CG] CG iter 3: obj=164565172.047986, maxRC=5432153.650033, +17 cols
    [CG]   [DIAG] iter=3 posCols=17 newCols=17 effImprove=17 updated=0
    [CG] CG iter 5: obj=175183756.947858, maxRC=992209.707611, +1 cols
    [CG]   [DIAG] iter=5 posCols=1 newCols=1 effImprove=1 updated=0
    [CG] CG iter 3: obj=165566288.358428, maxRC=4554850.640234, +14 cols
    [CG] CG iter 3: obj=165374071.174121, maxRC=5066432.137298, +17 cols
    [CG]   [DIAG] iter=3 posCols=14 newCols=14 effImprove=14 updated=0
    [CG]   [DIAG] iter=3 posCols=17 newCols=17 effImprove=17 updated=0
    [CG] 列生成收敛，共 6 轮迭代
    [CG] [CG-NODE] depth=0 exit=CERTIFIED certified=1 feasible=1 iters=6 generatedColsBeforeNode=0 newCols=61 posCandidates=61 duplicateCandidates=0 updatedCols=0 zeroObjImproveIters=1 objFirst=145290146.702258 objLast=175183756.947858 objGain=29893610.245601 maxRC=59465683.938327 wallSec=0.020349 pricingSec=0.013674 cplexSolveSec=0.003808
    [CG] 列生成开始，初始列数=128
      [BB] 根节点即为整数解，obj=175183756.947858
    [CG] CG iter 4: obj=174105216.010087, maxRC=1500475.997471, +5 cols
    [CG] CG iter 4: obj=174447166.802717, maxRC=2293395.075637, +6 cols
    [CG]   [DIAG] iter=4 posCols=5 newCols=5 effImprove=5 updated=0
    [CG]   [DIAG] iter=4 posCols=6 newCols=6 effImprove=6 updated=0
    [CG] 列生成开始，初始列数=128
    [CG] CG iter 4: obj=174979442.882638, maxRC=2140804.126479, +6 cols
    [CG]   [DIAG] iter=4 posCols=6 newCols=6 effImprove=6 updated=0
    [CG] CG iter 5: obj=175472536.879337, maxRC=424140.784132, +1 cols
    [CG]   [DIAG] iter=5 posCols=1 newCols=1 effImprove=1 updated=0
    [CG] CG iter 5: obj=174683839.710106, maxRC=113626.593456, +2 cols
    [CG]   [DIAG] iter=5 posCols=2 newCols=2 effImprove=2 updated=0
    [CG] 列生成收敛，共 5 轮迭代
    [CG] [CG-NODE] depth=0 exit=CERTIFIED certified=1 feasible=1 iters=5 generatedColsBeforeNode=0 newCols=62 posCandidates=62 duplicateCandidates=0 updatedCols=0 zeroObjImproveIters=1 objFirst=145324197.910853 objLast=174979442.882638 objGain=29655244.971786 maxRC=59430897.237005 wallSec=0.017123 pricingSec=0.011665 cplexSolveSec=0.003168
    [CG] CG iter 6: obj=175472536.879337, maxRC=145866.739001, +1 cols
    [CG]   [DIAG] iter=6 posCols=1 newCols=1 effImprove=1 updated=0
      [BB] 根节点即为整数解，obj=174979442.882638
    [CG] 列生成开始，初始列数=128
    [CG] 列生成收敛，共 6 轮迭代
    [CG] [CG-NODE] depth=0 exit=CERTIFIED certified=1 feasible=1 iters=6 generatedColsBeforeNode=0 newCols=64 posCandidates=64 duplicateCandidates=0 updatedCols=0 zeroObjImproveIters=1 objFirst=144592809.820249 objLast=174683839.710106 objGain=30091029.889857 maxRC=59028934.324755 wallSec=0.021153 pricingSec=0.014379 cplexSolveSec=0.003860
      [BB] 根节点即为整数解，obj=174683839.710106
    [CG] CG iter 1: obj=144507402.723200, maxRC=59396230.439231, +23 cols
    [CG] 列生成收敛，共 7 轮迭代
    [CG] [CG-NODE] depth=0 exit=CERTIFIED certified=1 feasible=1 iters=7 generatedColsBeforeNode=0 newCols=60 posCandidates=60 duplicateCandidates=0 updatedCols=0 zeroObjImproveIters=2 objFirst=145498655.286188 objLast=175472536.879337 objGain=29973881.593150 maxRC=59508834.693463 wallSec=0.017899 pricingSec=0.011592 cplexSolveSec=0.003836
    [CG]   [DIAG] iter=1 posCols=23 newCols=23 effImprove=23 updated=0
      [BB] 根节点即为整数解，obj=175472536.879337
    [CG] CG iter 2: obj=160897377.003574, maxRC=10655297.219233, +16 cols
    [CG]   [DIAG] iter=2 posCols=16 newCols=16 effImprove=16 updated=0
    [CG] 列生成开始，初始列数=128
    [CG] CG iter 3: obj=165012620.434327, maxRC=5030351.128610, +15 cols
    [CG]   [DIAG] iter=3 posCols=15 newCols=15 effImprove=15 updated=0
    [CG] 列生成开始，初始列数=128
    [CG] CG iter 1: obj=145105138.478921, maxRC=59300073.180316, +23 cols
    [CG]   [DIAG] iter=1 posCols=23 newCols=23 effImprove=23 updated=0
    [CG] CG iter 4: obj=174530356.380056, maxRC=2635170.649752, +5 cols
    [CG]   [DIAG] iter=4 posCols=5 newCols=5 effImprove=5 updated=0
    [CG] 列生成开始，初始列数=128
    [CG] CG iter 5: obj=174530356.380056, maxRC=865722.363999, +1 cols
    [CG]   [DIAG] iter=5 posCols=1 newCols=1 effImprove=1 updated=0
    [CG] CG iter 2: obj=160876652.933396, maxRC=9366159.743347, +17 cols
    [CG]   [DIAG] iter=2 posCols=17 newCols=17 effImprove=17 updated=0
    [CG] 列生成收敛，共 6 轮迭代
    [CG] [CG-NODE] depth=0 exit=CERTIFIED certified=1 feasible=1 iters=6 generatedColsBeforeNode=0 newCols=60 posCandidates=60 duplicateCandidates=0 updatedCols=0 zeroObjImproveIters=2 objFirst=144507402.723200 objLast=174530356.380056 objGain=30022953.656856 maxRC=59396230.439231 wallSec=0.015196 pricingSec=0.010396 cplexSolveSec=0.002787
      [BB] 根节点即为整数解，obj=174530356.380056
    [CG] CG iter 3: obj=171126541.724732, maxRC=9640267.331646, +15 cols
    [CG] CG iter 1: obj=144940784.954278, maxRC=59084968.304056, +23 cols
    [CG]   [DIAG] iter=3 posCols=15 newCols=15 effImprove=15 updated=0
    [CG]   [DIAG] iter=1 posCols=23 newCols=23 effImprove=23 updated=0
    [CG] CG iter 4: obj=173593610.603124, maxRC=5088708.902197, +12 cols
    [CG]   [DIAG] iter=4 posCols=12 newCols=12 effImprove=12 updated=0
    [CG] CG iter 2: obj=160832624.011605, maxRC=9265518.226097, +17 cols
    [CG]   [DIAG] iter=2 posCols=17 newCols=17 effImprove=17 updated=0
    [CG] 列生成开始，初始列数=128
    [CG] CG iter 3: obj=174743081.632339, maxRC=4288808.966867, +8 cols
    [CG]   [DIAG] iter=3 posCols=8 newCols=8 effImprove=8 updated=0
    [CG] CG iter 5: obj=173593610.603124, maxRC=1191142.457506, +5 cols
    [CG]   [DIAG] iter=5 posCols=5 newCols=5 effImprove=5 updated=0
    [CG] CG iter 4: obj=174743081.632339, maxRC=1244824.804899, +5 cols
    [CG]   [DIAG] iter=4 posCols=5 newCols=5 effImprove=5 updated=0
    [CG] CG iter 1: obj=145383917.070595, maxRC=59508025.552600, +23 cols
    [CG] CG iter 1: obj=145604396.157096, maxRC=59427895.609356, +23 cols
    [CG] CG iter 6: obj=174784753.060631, maxRC=1013186.961879, +3 cols
    [CG]   [DIAG] iter=6 posCols=3 newCols=3 effImprove=3 updated=0
    [CG]   [DIAG] iter=1 posCols=23 newCols=23 effImprove=23 updated=0
    [CG]   [DIAG] iter=1 posCols=23 newCols=23 effImprove=23 updated=0
    [CG] CG iter 1: obj=145377992.725129, maxRC=59517048.754166, +23 cols
    [CG] 列生成收敛，共 5 轮迭代
    [CG] [CG-NODE] depth=0 exit=CERTIFIED certified=1 feasible=1 iters=5 generatedColsBeforeNode=0 newCols=53 posCandidates=53 duplicateCandidates=0 updatedCols=0 zeroObjImproveIters=1 objFirst=144940784.954278 objLast=174856638.728703 objGain=29915853.774425 maxRC=59084968.304056 wallSec=0.010259 pricingSec=0.007094 cplexSolveSec=0.001785
    [CG]   [DIAG] iter=1 posCols=23 newCols=23 effImprove=23 updated=0
      [BB] 根节点即为整数解，obj=174856638.728703
    [CG] 列生成收敛，共 7 轮迭代
    [CG] [CG-NODE] depth=0 exit=CERTIFIED certified=1 feasible=1 iters=7 generatedColsBeforeNode=0 newCols=75 posCandidates=75 duplicateCandidates=0 updatedCols=0 zeroObjImproveIters=2 objFirst=145105138.478921 objLast=174784753.060631 objGain=29679614.581710 maxRC=59300073.180316 wallSec=0.017357 pricingSec=0.011886 cplexSolveSec=0.003136
      [BB] 根节点即为整数解，obj=174784753.060631
    [CG] CG iter 1: obj=145030839.627660, maxRC=59083036.652514, +23 cols
    [CG] CG iter 2: obj=161465403.269491, maxRC=10738979.526545, +16 cols
    [CG]   [DIAG] iter=2 posCols=16 newCols=16 effImprove=16 updated=0
    [CG]   [DIAG] iter=1 posCols=23 newCols=23 effImprove=23 updated=0
    [CG] CG iter 2: obj=161451199.182420, maxRC=10849205.150820, +16 cols
    [CG] CG iter 2: obj=161532980.254040, maxRC=10583079.134471, +16 cols
    [CG]   [DIAG] iter=2 posCols=16 newCols=16 effImprove=16 updated=0
    [CG]   [DIAG] iter=2 posCols=16 newCols=16 effImprove=16 updated=0
    [CG] CG iter 3: obj=165556026.451138, maxRC=5126642.997488, +17 cols
    [CG]   [DIAG] iter=3 posCols=17 newCols=17 effImprove=17 updated=0
    [CG] CG iter 2: obj=160969774.532241, maxRC=9334581.661048, +17 cols
    [CG]   [DIAG] iter=2 posCols=17 newCols=17 effImprove=17 updated=0
    [CG] CG iter 4: obj=175201143.492977, maxRC=2113794.716177, +6 cols
    [CG]   [DIAG] iter=4 posCols=6 newCols=6 effImprove=6 updated=0
    [CG] CG iter 3: obj=174886378.314566, maxRC=4712247.415791, +12 cols
    [CG]   [DIAG] iter=3 posCols=12 newCols=12 effImprove=12 updated=0
    [CG] CG iter 3: obj=165489512.783286, maxRC=5066608.022123, +17 cols
    [CG] CG iter 3: obj=165538872.540433, maxRC=4649210.513524, +14 cols
    [CG]   [DIAG] iter=3 posCols=17 newCols=17 effImprove=17 updated=0
    [CG]   [DIAG] iter=3 posCols=14 newCols=14 effImprove=14 updated=0
    [CG] CG iter 5: obj=175201143.492977, maxRC=18031.159029, +1 cols
    [CG]   [DIAG] iter=5 posCols=1 newCols=1 effImprove=1 updated=0
    [CG] CG iter 4: obj=174886378.314566, maxRC=808740.549805, +4 cols
    [CG]   [DIAG] iter=4 posCols=4 newCols=4 effImprove=4 updated=0
    [CG] 列生成收敛，共 6 轮迭代
    [CG] [CG-NODE] depth=0 exit=CERTIFIED certified=1 feasible=1 iters=6 generatedColsBeforeNode=0 newCols=63 posCandidates=63 duplicateCandidates=0 updatedCols=0 zeroObjImproveIters=2 objFirst=145377992.725129 objLast=175201143.492977 objGain=29823150.767847 maxRC=59517048.754166 wallSec=0.010863 pricingSec=0.007230 cplexSolveSec=0.001981
    [CG] CG iter 4: obj=174137955.404935, maxRC=1306633.603441, +4 cols
    [CG]   [DIAG] iter=4 posCols=4 newCols=4 effImprove=4 updated=0
      [BB] 根节点即为整数解，obj=175201143.492977
    [CG] 列生成收敛，共 5 轮迭代
    [CG] [CG-NODE] depth=0 exit=CERTIFIED certified=1 feasible=1 iters=5 generatedColsBeforeNode=0 newCols=56 posCandidates=56 duplicateCandidates=0 updatedCols=0 zeroObjImproveIters=1 objFirst=145030839.627660 objLast=175099589.504517 objGain=30068749.876856 maxRC=59083036.652514 wallSec=0.011898 pricingSec=0.008102 cplexSolveSec=0.001969
    [CG] CG iter 4: obj=175078367.173181, maxRC=2157646.085691, +6 cols
    [CG]   [DIAG] iter=4 posCols=6 newCols=6 effImprove=6 updated=0
      [BB] 根节点即为整数解，obj=175099589.504517
    [CG] 列生成收敛，共 5 轮迭代
    [CG] [CG-NODE] depth=0 exit=CERTIFIED certified=1 feasible=1 iters=5 generatedColsBeforeNode=0 newCols=57 posCandidates=57 duplicateCandidates=0 updatedCols=0 zeroObjImproveIters=0 objFirst=145604396.157096 objLast=175444589.008376 objGain=29840192.851280 maxRC=59427895.609356 wallSec=0.017453 pricingSec=0.012112 cplexSolveSec=0.002890
      [BB] 根节点即为整数解，obj=175444589.008376
    [CG] 列生成收敛，共 5 轮迭代
    [CG] [CG-NODE] depth=0 exit=CERTIFIED certified=1 feasible=1 iters=5 generatedColsBeforeNode=0 newCols=62 posCandidates=62 duplicateCandidates=0 updatedCols=0 zeroObjImproveIters=1 objFirst=145383917.070595 objLast=175078367.173181 objGain=29694450.102586 maxRC=59508025.552600 wallSec=0.018401 pricingSec=0.012750 cplexSolveSec=0.003026
      [BB] 根节点即为整数解，obj=175078367.173181
    [CG] CG iter 1: obj=145629792.418173, maxRC=59519481.825103, +23 cols
    [CG] CG iter 1: obj=144645679.492412, maxRC=59022131.386268, +23 cols
    [CG]   [DIAG] iter=1 posCols=23 newCols=23 effImprove=23 updated=0
    [CG]   [DIAG] iter=1 posCols=23 newCols=23 effImprove=23 updated=0
    [CG] CG iter 2: obj=160283637.969798, maxRC=9251949.638336, +17 cols
    [CG]   [DIAG] iter=2 posCols=17 newCols=17 effImprove=17 updated=0
    [CG] CG iter 2: obj=161711506.318335, maxRC=10627691.494633, +16 cols
    [CG]   [DIAG] iter=2 posCols=16 newCols=16 effImprove=16 updated=0
    [CG] CG iter 3: obj=174034994.935231, maxRC=4366377.941777, +8 cols
    [CG]   [DIAG] iter=3 posCols=8 newCols=8 effImprove=8 updated=0
    [CG] CG iter 4: obj=174034994.935231, maxRC=1174319.957604, +5 cols
    [CG]   [DIAG] iter=4 posCols=5 newCols=5 effImprove=5 updated=0
    [CG] CG iter 3: obj=165918117.124682, maxRC=5117858.363099, +15 cols
    [CG]   [DIAG] iter=3 posCols=15 newCols=15 effImprove=15 updated=0
    [CG] 列生成收敛，共 5 轮迭代
    [CG] [CG-NODE] depth=0 exit=CERTIFIED certified=1 feasible=1 iters=5 generatedColsBeforeNode=0 newCols=53 posCandidates=53 duplicateCandidates=0 updatedCols=0 zeroObjImproveIters=1 objFirst=144645679.492412 objLast=174145895.267622 objGain=29500215.775211 maxRC=59022131.386268 wallSec=0.013400 pricingSec=0.008868 cplexSolveSec=0.002327
      [BB] 根节点即为整数解，obj=174145895.267622
    [CG] CG iter 4: obj=175507573.515925, maxRC=2671650.288191, +6 cols
    [CG]   [DIAG] iter=4 posCols=6 newCols=6 effImprove=6 updated=0
    [CG] CG iter 5: obj=175549140.809432, maxRC=914478.227420, +1 cols
    [CG]   [DIAG] iter=5 posCols=1 newCols=1 effImprove=1 updated=0
    [CG] 列生成收敛，共 6 轮迭代
    [CG] [CG-NODE] depth=0 exit=CERTIFIED certified=1 feasible=1 iters=6 generatedColsBeforeNode=0 newCols=61 posCandidates=61 duplicateCandidates=0 updatedCols=0 zeroObjImproveIters=1 objFirst=145629792.418173 objLast=175549140.809432 objGain=29919348.391258 maxRC=59519481.825103 wallSec=0.018761 pricingSec=0.012924 cplexSolveSec=0.003214
      [BB] 根节点即为整数解，obj=175549140.809432
[GA] 代数 1: Best=175883793.46, Avg=175072120.02, Worst=174174780.95, Valid=30/30, 耗时=0.06s (连续1代未提升)
  ├─ 求解: 30 个体 fork 并行 | CG迭代=145 加列=1521 BB分支=0
  ├─ 并行墙钟=0.0630s | 串行等效(ΣBP)=0.4066s | 加速比=6.46x
  ├─ 管理开销=-0.3436s (fork=0.0041 wait=0.0584 merge=0.0005)
  └─ CG明细: gen_logs/run_gen1_ind{0..29}.log
    [CG] 列生成开始，初始列数=128
    [CG] 列生成开始，初始列数=128
    [CG] 列生成开始，初始列数=128
    [CG] 列生成开始，初始列数=128
    [CG] 列生成开始，初始列数=128
    [CG] 列生成开始，初始列数=128
    [CG] 列生成开始，初始列数=128
    [CG] 列生成开始，初始列数=128
    [CG] CG iter 1: obj=144754397.658513, maxRC=59042957.822234, +23 cols
    [CG]   [DIAG] iter=1 posCols=23 newCols=23 effImprove=23 updated=0
    [CG] CG iter 2: obj=160775621.473901, maxRC=10573280.052831, +17 cols
    [CG]   [DIAG] iter=2 posCols=17 newCols=17 effImprove=17 updated=0
    [CG] CG iter 1: obj=145732900.827980, maxRC=59519766.154613, +23 cols
    [CG]   [DIAG] iter=1 posCols=23 newCols=23 effImprove=23 updated=0
    [CG] CG iter 3: obj=164066015.058574, maxRC=5748710.824038, +15 cols
    [CG]   [DIAG] iter=3 posCols=15 newCols=15 effImprove=15 updated=0
    [CG] CG iter 4: obj=173423363.020798, maxRC=2644189.143676, +8 cols
    [CG]   [DIAG] iter=4 posCols=8 newCols=8 effImprove=8 updated=0
    [CG] CG iter 1: obj=145701278.537711, maxRC=59507993.954534, +23 cols
    [CG] CG iter 5: obj=174627037.955202, maxRC=17993.687217, +1 cols
    [CG]   [DIAG] iter=5 posCols=1 newCols=1 effImprove=1 updated=0
    [CG]   [DIAG] iter=1 posCols=23 newCols=23 effImprove=23 updated=0
    [CG] 列生成收敛，共 6 轮迭代
    [CG] CG iter 2: obj=161804710.220536, maxRC=10623609.337863, +16 cols
    [CG] [CG-NODE] depth=0 exit=CERTIFIED certified=1 feasible=1 iters=6 generatedColsBeforeNode=0 newCols=64 posCandidates=64 duplicateCandidates=0 updatedCols=0 zeroObjImproveIters=1 objFirst=144754397.658513 objLast=174627037.955202 objGain=29872640.296690 maxRC=59042957.822234 wallSec=0.009384 pricingSec=0.006103 cplexSolveSec=0.001753
    [CG] CG iter 1: obj=145047074.905787, maxRC=59319401.365653, +23 cols
    [CG]   [DIAG] iter=2 posCols=16 newCols=16 effImprove=16 updated=0
      [BB] 根节点即为整数解，obj=174627037.955202
    [CG]   [DIAG] iter=1 posCols=23 newCols=23 effImprove=23 updated=0
    [CG] CG iter 2: obj=161619302.553138, maxRC=10626577.924609, +16 cols
    [CG]   [DIAG] iter=2 posCols=16 newCols=16 effImprove=16 updated=0
    [CG] CG iter 3: obj=166091358.415200, maxRC=5111566.598507, +15 cols
    [CG] CG iter 1: obj=144652443.013065, maxRC=59084968.304056, +23 cols
    [CG]   [DIAG] iter=3 posCols=15 newCols=15 effImprove=15 updated=0
    [CG]   [DIAG] iter=1 posCols=23 newCols=23 effImprove=23 updated=0
    [CG] CG iter 1: obj=145322025.034521, maxRC=59376558.169955, +23 cols
    [CG] CG iter 3: obj=165915131.814034, maxRC=5066608.022123, +15 cols
    [CG] CG iter 2: obj=161080374.275443, maxRC=10695371.248875, +16 cols
    [CG]   [DIAG] iter=2 posCols=16 newCols=16 effImprove=16 updated=0
    [CG]   [DIAG] iter=3 posCols=15 newCols=15 effImprove=15 updated=0
    [CG]   [DIAG] iter=1 posCols=23 newCols=23 effImprove=23 updated=0
    [CG] CG iter 4: obj=175693486.890308, maxRC=2669011.838622, +6 cols
    [CG]   [DIAG] iter=4 posCols=6 newCols=6 effImprove=6 updated=0
    [CG] CG iter 4: obj=175464527.729957, maxRC=2650268.874672, +5 cols
    [CG] CG iter 3: obj=164338819.226395, maxRC=5581587.973212, +16 cols
    [CG]   [DIAG] iter=4 posCols=5 newCols=5 effImprove=5 updated=0
    [CG]   [DIAG] iter=3 posCols=16 newCols=16 effImprove=16 updated=0
    [CG] CG iter 2: obj=160833370.447271, maxRC=10384293.673112, +16 cols
    [CG] 列生成开始，初始列数=128
    [CG]   [DIAG] iter=2 posCols=16 newCols=16 effImprove=16 updated=0
    [CG] CG iter 5: obj=175734215.399649, maxRC=945145.642247, +1 cols
    [CG]   [DIAG] iter=5 posCols=1 newCols=1 effImprove=1 updated=0
    [CG] CG iter 4: obj=173512136.297264, maxRC=2429528.346885, +7 cols
    [CG] CG iter 1: obj=145772872.811617, maxRC=59519481.825103, +23 cols
    [CG]   [DIAG] iter=4 posCols=7 newCols=7 effImprove=7 updated=0
    [CG] CG iter 5: obj=175464527.729957, maxRC=914106.162416, +1 cols
    [CG]   [DIAG] iter=5 posCols=1 newCols=1 effImprove=1 updated=0
    [CG] CG iter 2: obj=161412967.698909, maxRC=10532135.015713, +16 cols
    [CG]   [DIAG] iter=1 posCols=23 newCols=23 effImprove=23 updated=0
    [CG]   [DIAG] iter=2 posCols=16 newCols=16 effImprove=16 updated=0
    [CG] CG iter 5: obj=174703008.489194, maxRC=38042.688808, +1 cols
    [CG]   [DIAG] iter=5 posCols=1 newCols=1 effImprove=1 updated=0
    [CG] 列生成收敛，共 6 轮迭代
    [CG] [CG-NODE] depth=0 exit=CERTIFIED certified=1 feasible=1 iters=6 generatedColsBeforeNode=0 newCols=60 posCandidates=60 duplicateCandidates=0 updatedCols=0 zeroObjImproveIters=2 objFirst=145701278.537711 objLast=175464527.729957 objGain=29763249.192246 maxRC=59507993.954534 wallSec=0.012969 pricingSec=0.008379 cplexSolveSec=0.002432
    [CG] 列生成收敛，共 6 轮迭代
    [CG] [CG-NODE] depth=0 exit=CERTIFIED certified=1 feasible=1 iters=6 generatedColsBeforeNode=0 newCols=61 posCandidates=61 duplicateCandidates=0 updatedCols=0 zeroObjImproveIters=1 objFirst=145732900.827980 objLast=175734215.399649 objGain=30001314.571669 maxRC=59519766.154613 wallSec=0.013640 pricingSec=0.008850 cplexSolveSec=0.002826
    [CG] 列生成收敛，共 6 轮迭代
    [CG] [CG-NODE] depth=0 exit=CERTIFIED certified=1 feasible=1 iters=6 generatedColsBeforeNode=0 newCols=63 posCandidates=63 duplicateCandidates=0 updatedCols=0 zeroObjImproveIters=0 objFirst=145047074.905787 objLast=174741051.178002 objGain=29693976.272215 maxRC=59319401.365653 wallSec=0.013532 pricingSec=0.009150 cplexSolveSec=0.002309
      [BB] 根节点即为整数解，obj=175464527.729957
      [BB] 根节点即为整数解，obj=175734215.399649
      [BB] 根节点即为整数解，obj=174741051.178002
    [CG] CG iter 3: obj=165174807.700405, maxRC=5034431.246563, +14 cols
    [CG]   [DIAG] iter=3 posCols=14 newCols=14 effImprove=14 updated=0
    [CG] CG iter 1: obj=146033195.308790, maxRC=59519779.217754, +23 cols
    [CG]   [DIAG] iter=1 posCols=23 newCols=23 effImprove=23 updated=0
    [CG] CG iter 3: obj=165495257.571425, maxRC=5098346.615806, +15 cols
    [CG]   [DIAG] iter=3 posCols=15 newCols=15 effImprove=15 updated=0
    [CG] CG iter 2: obj=161750897.717289, maxRC=10627691.494633, +16 cols
    [CG] CG iter 4: obj=174743828.068005, maxRC=2636869.414568, +6 cols
    [CG]   [DIAG] iter=2 posCols=16 newCols=16 effImprove=16 updated=0
    [CG]   [DIAG] iter=4 posCols=6 newCols=6 effImprove=6 updated=0
    [CG] CG iter 4: obj=175099237.495660, maxRC=2663494.619779, +6 cols
    [CG]   [DIAG] iter=4 posCols=6 newCols=6 effImprove=6 updated=0
    [CG] CG iter 5: obj=174857385.164369, maxRC=911052.588004, +1 cols
    [CG]   [DIAG] iter=5 posCols=1 newCols=1 effImprove=1 updated=0
    [CG] CG iter 5: obj=175116902.096890, maxRC=903531.738317, +1 cols
    [CG]   [DIAG] iter=5 posCols=1 newCols=1 effImprove=1 updated=0
    [CG] CG iter 2: obj=161889133.015012, maxRC=10623496.537295, +16 cols
    [CG] 列生成收敛，共 6 轮迭代
    [CG] [CG-NODE] depth=0 exit=CERTIFIED certified=1 feasible=1 iters=6 generatedColsBeforeNode=0 newCols=60 posCandidates=60 duplicateCandidates=0 updatedCols=0 zeroObjImproveIters=1 objFirst=144652443.013065 objLast=174857385.164369 objGain=30204942.151304 maxRC=59084968.304056 wallSec=0.016615 pricingSec=0.010974 cplexSolveSec=0.003101
    [CG]   [DIAG] iter=2 posCols=16 newCols=16 effImprove=16 updated=0
    [CG] 列生成开始，初始列数=128
    [CG] 列生成开始，初始列数=128
      [BB] 根节点即为整数解，obj=174857385.164369
    [CG] CG iter 3: obj=166027812.864344, maxRC=5117883.828552, +15 cols
    [CG] 列生成开始，初始列数=128
    [CG] 列生成收敛，共 6 轮迭代
    [CG] [CG-NODE] depth=0 exit=CERTIFIED certified=1 feasible=1 iters=6 generatedColsBeforeNode=0 newCols=61 posCandidates=61 duplicateCandidates=0 updatedCols=0 zeroObjImproveIters=1 objFirst=145322025.034521 objLast=175116902.096890 objGain=29794877.062369 maxRC=59376558.169955 wallSec=0.016419 pricingSec=0.010823 cplexSolveSec=0.003123
    [CG]   [DIAG] iter=3 posCols=15 newCols=15 effImprove=15 updated=0
      [BB] 根节点即为整数解，obj=175116902.096890
    [CG] CG iter 4: obj=175629168.569088, maxRC=2671661.148327, +6 cols
    [CG]   [DIAG] iter=4 posCols=6 newCols=6 effImprove=6 updated=0
    [CG] CG iter 3: obj=165913358.166716, maxRC=4679781.320047, +14 cols
    [CG]   [DIAG] iter=3 posCols=14 newCols=14 effImprove=14 updated=0
    [CG] CG iter 5: obj=175670764.667367, maxRC=935986.296319, +1 cols
    [CG]   [DIAG] iter=5 posCols=1 newCols=1 effImprove=1 updated=0
    [CG] CG iter 4: obj=174540051.961712, maxRC=2360557.280068, +8 cols
    [CG]   [DIAG] iter=4 posCols=8 newCols=8 effImprove=8 updated=0
    [CG] 列生成开始，初始列数=128
    [CG] 列生成开始，初始列数=128
    [CG] 列生成收敛，共 6 轮迭代
    [CG] [CG-NODE] depth=0 exit=CERTIFIED certified=1 feasible=1 iters=6 generatedColsBeforeNode=0 newCols=61 posCandidates=61 duplicateCandidates=0 updatedCols=0 zeroObjImproveIters=1 objFirst=145772872.811617 objLast=175670764.667367 objGain=29897891.855750 maxRC=59519481.825103 wallSec=0.019299 pricingSec=0.012882 cplexSolveSec=0.003680
      [BB] 根节点即为整数解，obj=175670764.667367
    [CG] CG iter 5: obj=175854854.577915, maxRC=336780.782594, +2 cols
    [CG]   [DIAG] iter=5 posCols=2 newCols=2 effImprove=2 updated=0
    [CG] 列生成收敛，共 6 轮迭代
    [CG] [CG-NODE] depth=0 exit=CERTIFIED certified=1 feasible=1 iters=6 generatedColsBeforeNode=0 newCols=63 posCandidates=63 duplicateCandidates=0 updatedCols=0 zeroObjImproveIters=1 objFirst=146033195.308790 objLast=175854854.577915 objGain=29821659.269125 maxRC=59519779.217754 wallSec=0.019886 pricingSec=0.013275 cplexSolveSec=0.003649
      [BB] 根节点即为整数解，obj=175854854.577915
    [CG] 列生成开始，初始列数=128
    [CG] CG iter 1: obj=145575267.409058, maxRC=59430897.237005, +23 cols
    [CG]   [DIAG] iter=1 posCols=23 newCols=23 effImprove=23 updated=0
    [CG] 列生成开始，初始列数=128
    [CG] CG iter 2: obj=161508901.654107, maxRC=10566120.029301, +16 cols
    [CG]   [DIAG] iter=2 posCols=16 newCols=16 effImprove=16 updated=0
    [CG] CG iter 1: obj=144981254.742553, maxRC=59336934.681075, +23 cols
    [CG]   [DIAG] iter=1 posCols=23 newCols=23 effImprove=23 updated=0
    [CG] CG iter 3: obj=165729161.140175, maxRC=5066432.137298, +15 cols
    [CG]   [DIAG] iter=3 posCols=15 newCols=15 effImprove=15 updated=0
    [CG] CG iter 1: obj=144885645.659121, maxRC=59231476.778668, +23 cols
    [CG] CG iter 4: obj=175302283.541256, maxRC=2650195.614122, +5 cols
    [CG]   [DIAG] iter=4 posCols=5 newCols=5 effImprove=5 updated=0
    [CG]   [DIAG] iter=1 posCols=23 newCols=23 effImprove=23 updated=0
    [CG] CG iter 5: obj=175302283.541256, maxRC=906168.706698, +1 cols
    [CG]   [DIAG] iter=5 posCols=1 newCols=1 effImprove=1 updated=0
    [CG] 列生成收敛，共 6 轮迭代
    [CG] CG iter 2: obj=160734754.670210, maxRC=9347408.586986, +17 cols
    [CG] [CG-NODE] depth=0 exit=CERTIFIED certified=1 feasible=1 iters=6 generatedColsBeforeNode=0 newCols=60 posCandidates=60 duplicateCandidates=0 updatedCols=0 zeroObjImproveIters=2 objFirst=145575267.409058 objLast=175302283.541256 objGain=29727016.132199 maxRC=59430897.237005 wallSec=0.009970 pricingSec=0.006413 cplexSolveSec=0.001890
    [CG]   [DIAG] iter=2 posCols=17 newCols=17 effImprove=17 updated=0
    [CG] CG iter 2: obj=161192297.070061, maxRC=10793289.400252, +16 cols
    [CG]   [DIAG] iter=2 posCols=16 newCols=16 effImprove=16 updated=0
      [BB] 根节点即为整数解，obj=175302283.541256
    [CG] CG iter 3: obj=174589428.822118, maxRC=4282456.701743, +8 cols
    [CG]   [DIAG] iter=3 posCols=8 newCols=8 effImprove=8 updated=0
    [CG] CG iter 4: obj=174589428.822118, maxRC=2051891.070319, +4 cols
    [CG]   [DIAG] iter=4 posCols=4 newCols=4 effImprove=4 updated=0
    [CG] 列生成收敛，共 5 轮迭代
    [CG] [CG-NODE] depth=0 exit=CERTIFIED certified=1 feasible=1 iters=5 generatedColsBeforeNode=0 newCols=52 posCandidates=52 duplicateCandidates=0 updatedCols=0 zeroObjImproveIters=1 objFirst=144885645.659121 objLast=174634081.098549 objGain=29748435.439428 maxRC=59231476.778668 wallSec=0.008240 pricingSec=0.005444 cplexSolveSec=0.001458
      [BB] 根节点即为整数解，obj=174634081.098549
    [CG] CG iter 3: obj=165255781.005952, maxRC=5105148.538976, +17 cols
    [CG]   [DIAG] iter=3 posCols=17 newCols=17 effImprove=17 updated=0
    [CG] CG iter 1: obj=145555779.399341, maxRC=59519644.562382, +23 cols
    [CG] CG iter 1: obj=145948081.473479, maxRC=59519752.128890, +23 cols
    [CG]   [DIAG] iter=1 posCols=23 newCols=23 effImprove=23 updated=0
    [CG] CG iter 1: obj=145770822.155280, maxRC=59519749.227507, +23 cols
    [CG]   [DIAG] iter=1 posCols=23 newCols=23 effImprove=23 updated=0
    [CG]   [DIAG] iter=1 posCols=23 newCols=23 effImprove=23 updated=0
    [CG] CG iter 1: obj=145762643.756153, maxRC=59465683.938327, +23 cols
    [CG] CG iter 4: obj=174870098.181300, maxRC=2162267.248756, +6 cols
    [CG] 列生成开始，初始列数=128
    [CG]   [DIAG] iter=4 posCols=6 newCols=6 effImprove=6 updated=0
    [CG]   [DIAG] iter=1 posCols=23 newCols=23 effImprove=23 updated=0
    [CG] 列生成开始，初始列数=128
    [CG] CG iter 2: obj=161843179.219274, maxRC=10681805.202974, +16 cols
    [CG]   [DIAG] iter=2 posCols=16 newCols=16 effImprove=16 updated=0
    [CG] CG iter 1: obj=145409327.751022, maxRC=59508025.552600, +23 cols
    [CG]   [DIAG] iter=1 posCols=23 newCols=23 effImprove=23 updated=0
    [CG] CG iter 2: obj=161698584.203829, maxRC=9519287.183338, +17 cols
    [CG] CG iter 5: obj=174927950.609433, maxRC=41556.309943, +1 cols
    [CG]   [DIAG] iter=5 posCols=1 newCols=1 effImprove=1 updated=0
    [CG]   [DIAG] iter=2 posCols=17 newCols=17 effImprove=17 updated=0
    [CG] CG iter 2: obj=161805489.097623, maxRC=10732402.191915, +16 cols
    [CG]   [DIAG] iter=2 posCols=16 newCols=16 effImprove=16 updated=0
    [CG] CG iter 3: obj=165846517.983349, maxRC=4678694.857029, +14 cols
    [CG]   [DIAG] iter=3 posCols=14 newCols=14 effImprove=14 updated=0
    [CG] CG iter 3: obj=175460374.068772, maxRC=4458714.820076, +9 cols
    [CG] 列生成收敛，共 6 轮迭代
    [CG] CG iter 2: obj=161768126.210536, maxRC=10594308.417221, +16 cols
    [CG] [CG-NODE] depth=0 exit=CERTIFIED certified=1 feasible=1 iters=6 generatedColsBeforeNode=0 newCols=63 posCandidates=63 duplicateCandidates=0 updatedCols=0 zeroObjImproveIters=1 objFirst=144981254.742553 objLast=174927950.609433 objGain=29946695.866880 maxRC=59336934.681075 wallSec=0.019051 pricingSec=0.013034 cplexSolveSec=0.003333
    [CG]   [DIAG] iter=3 posCols=9 newCols=9 effImprove=9 updated=0
    [CG]   [DIAG] iter=2 posCols=16 newCols=16 effImprove=16 updated=0
      [BB] 根节点即为整数解，obj=174927950.609433
    [CG] CG iter 2: obj=161470469.313023, maxRC=10850251.874185, +16 cols
    [CG]   [DIAG] iter=2 posCols=16 newCols=16 effImprove=16 updated=0
    [CG] CG iter 4: obj=174471620.276768, maxRC=2360557.280068, +8 cols
    [CG]   [DIAG] iter=4 posCols=8 newCols=8 effImprove=8 updated=0
    [CG] CG iter 4: obj=175460374.068772, maxRC=1470050.039766, +6 cols
    [CG]   [DIAG] iter=4 posCols=6 newCols=6 effImprove=6 updated=0
    [CG] CG iter 3: obj=165384044.322687, maxRC=4522564.506057, +14 cols
    [CG]   [DIAG] iter=3 posCols=14 newCols=14 effImprove=14 updated=0
    [CG] CG iter 5: obj=175770505.441805, maxRC=339312.372687, +2 cols
    [CG]   [DIAG] iter=5 posCols=2 newCols=2 effImprove=2 updated=0
    [CG] 列生成收敛，共 5 轮迭代
    [CG] [CG-NODE] depth=0 exit=CERTIFIED certified=1 feasible=1 iters=5 generatedColsBeforeNode=0 newCols=55 posCandidates=55 duplicateCandidates=0 updatedCols=0 zeroObjImproveIters=1 objFirst=145770822.155280 objLast=175515436.605729 objGain=29744614.450449 maxRC=59519749.227507 wallSec=0.012663 pricingSec=0.008767 cplexSolveSec=0.002028
    [CG] CG iter 3: obj=165797312.194455, maxRC=4692488.736410, +14 cols
    [CG] CG iter 3: obj=165509217.190088, maxRC=5077241.406925, +17 cols
    [CG]   [DIAG] iter=3 posCols=17 newCols=17 effImprove=17 updated=0
    [CG]   [DIAG] iter=3 posCols=14 newCols=14 effImprove=14 updated=0
      [BB] 根节点即为整数解，obj=175515436.605729
    [CG] 列生成收敛，共 6 轮迭代
    [CG] [CG-NODE] depth=0 exit=CERTIFIED certified=1 feasible=1 iters=6 generatedColsBeforeNode=0 newCols=63 posCandidates=63 duplicateCandidates=0 updatedCols=0 zeroObjImproveIters=1 objFirst=145948081.473479 objLast=175770505.441805 objGain=29822423.968326 maxRC=59519752.128890 wallSec=0.009948 pricingSec=0.006579 cplexSolveSec=0.001834
      [BB] 根节点即为整数解，obj=175770505.441805
    [CG] CG iter 4: obj=173896364.899382, maxRC=2360557.280068, +7 cols
    [CG]   [DIAG] iter=4 posCols=7 newCols=7 effImprove=7 updated=0
    [CG] CG iter 4: obj=175108383.357247, maxRC=2166072.863247, +6 cols
    [CG] CG iter 4: obj=174439131.956159, maxRC=2360606.063083, +8 cols
    [CG]   [DIAG] iter=4 posCols=6 newCols=6 effImprove=6 updated=0
    [CG]   [DIAG] iter=4 posCols=8 newCols=8 effImprove=8 updated=0
    [CG] CG iter 5: obj=175293474.624125, maxRC=995423.864477, +1 cols
    [CG]   [DIAG] iter=5 posCols=1 newCols=1 effImprove=1 updated=0
    [CG] 列生成收敛，共 5 轮迭代
    [CG] [CG-NODE] depth=0 exit=CERTIFIED certified=1 feasible=1 iters=5 generatedColsBeforeNode=0 newCols=62 posCandidates=62 duplicateCandidates=0 updatedCols=0 zeroObjImproveIters=1 objFirst=145409327.751022 objLast=175108383.357247 objGain=29699055.606225 maxRC=59508025.552600 wallSec=0.010078 pricingSec=0.006861 cplexSolveSec=0.001752
    [CG] CG iter 5: obj=175760924.267394, maxRC=335575.977108, +2 cols
    [CG]   [DIAG] iter=5 posCols=2 newCols=2 effImprove=2 updated=0
      [BB] 根节点即为整数解，obj=175108383.357247
    [CG] 列生成收敛，共 6 轮迭代
    [CG] [CG-NODE] depth=0 exit=CERTIFIED certified=1 feasible=1 iters=6 generatedColsBeforeNode=0 newCols=61 posCandidates=61 duplicateCandidates=0 updatedCols=0 zeroObjImproveIters=1 objFirst=145555779.399341 objLast=175293474.624125 objGain=29737695.224784 maxRC=59519644.562382 wallSec=0.017593 pricingSec=0.012168 cplexSolveSec=0.002904
      [BB] 根节点即为整数解，obj=175293474.624125
    [CG] CG iter 1: obj=145341558.987168, maxRC=59517048.754166, +23 cols
    [CG] 列生成开始，初始列数=128
    [CG]   [DIAG] iter=1 posCols=23 newCols=23 effImprove=23 updated=0
    [CG] 列生成收敛，共 6 轮迭代
    [CG] [CG-NODE] depth=0 exit=CERTIFIED certified=1 feasible=1 iters=6 generatedColsBeforeNode=0 newCols=63 posCandidates=63 duplicateCandidates=0 updatedCols=0 zeroObjImproveIters=1 objFirst=145762643.756153 objLast=175760924.267394 objGain=29998280.511241 maxRC=59465683.938327 wallSec=0.017760 pricingSec=0.012300 cplexSolveSec=0.002908
    [CG] 列生成开始，初始列数=128
      [BB] 根节点即为整数解，obj=175760924.267394
    [CG] CG iter 2: obj=161447075.910789, maxRC=10738979.526545, +16 cols
    [CG]   [DIAG] iter=2 posCols=16 newCols=16 effImprove=16 updated=0
    [CG] 列生成开始，初始列数=128
    [CG] CG iter 3: obj=165524940.803687, maxRC=5120410.206211, +17 cols
    [CG]   [DIAG] iter=3 posCols=17 newCols=17 effImprove=17 updated=0
    [CG] CG iter 4: obj=175149937.406800, maxRC=2064787.466094, +6 cols
    [CG]   [DIAG] iter=4 posCols=6 newCols=6 effImprove=6 updated=0
    [CG] CG iter 5: obj=175149937.406799, maxRC=18139.413538, +1 cols
    [CG]   [DIAG] iter=5 posCols=1 newCols=1 effImprove=1 updated=0
    [CG] 列生成收敛，共 6 轮迭代
    [CG] [CG-NODE] depth=0 exit=CERTIFIED certified=1 feasible=1 iters=6 generatedColsBeforeNode=0 newCols=63 posCandidates=63 duplicateCandidates=0 updatedCols=0 zeroObjImproveIters=2 objFirst=145341558.987168 objLast=175149937.406799 objGain=29808378.419632 maxRC=59517048.754166 wallSec=0.007568 pricingSec=0.004799 cplexSolveSec=0.001467
    [CG] 列生成开始，初始列数=128
      [BB] 根节点即为整数解，obj=175149937.406799
    [CG] 列生成开始，初始列数=128
    [CG] CG iter 1: obj=145447704.239842, maxRC=59465683.938327, +23 cols
    [CG]   [DIAG] iter=1 posCols=23 newCols=23 effImprove=23 updated=0
    [CG] CG iter 2: obj=161684976.045211, maxRC=10703388.936982, +16 cols
    [CG]   [DIAG] iter=2 posCols=16 newCols=16 effImprove=16 updated=0
    [CG] CG iter 3: obj=165450343.248881, maxRC=4599099.906611, +14 cols
    [CG]   [DIAG] iter=3 posCols=14 newCols=14 effImprove=14 updated=0
    [CG] CG iter 4: obj=174027598.422114, maxRC=1514871.975646, +5 cols
    [CG]   [DIAG] iter=4 posCols=5 newCols=5 effImprove=5 updated=0
    [CG] CG iter 5: obj=175341314.485443, maxRC=425052.760620, +1 cols
    [CG]   [DIAG] iter=5 posCols=1 newCols=1 effImprove=1 updated=0
    [CG] CG iter 6: obj=175341314.485443, maxRC=146398.754061, +1 cols
    [CG]   [DIAG] iter=6 posCols=1 newCols=1 effImprove=1 updated=0
    [CG] 列生成收敛，共 7 轮迭代
    [CG] [CG-NODE] depth=0 exit=CERTIFIED certified=1 feasible=1 iters=7 generatedColsBeforeNode=0 newCols=60 posCandidates=60 duplicateCandidates=0 updatedCols=0 zeroObjImproveIters=2 objFirst=145447704.239842 objLast=175341314.485443 objGain=29893610.245601 maxRC=59465683.938327 wallSec=0.007289 pricingSec=0.004600 cplexSolveSec=0.001468
      [BB] 根节点即为整数解，obj=175341314.485443
    [CG] CG iter 1: obj=144943777.930562, maxRC=59205165.055448, +23 cols
    [CG]   [DIAG] iter=1 posCols=23 newCols=23 effImprove=23 updated=0
    [CG] CG iter 1: obj=144850121.350751, maxRC=59084968.304056, +23 cols
    [CG]   [DIAG] iter=1 posCols=23 newCols=23 effImprove=23 updated=0
    [CG] CG iter 2: obj=160770584.385233, maxRC=10466276.914793, +16 cols
    [CG] CG iter 2: obj=160743351.199515, maxRC=10480324.407625, +16 cols
    [CG]   [DIAG] iter=2 posCols=16 newCols=16 effImprove=16 updated=0
    [CG]   [DIAG] iter=2 posCols=16 newCols=16 effImprove=16 updated=0
    [CG] CG iter 3: obj=165011105.311054, maxRC=5064982.893790, +17 cols
    [CG]   [DIAG] iter=3 posCols=17 newCols=17 effImprove=17 updated=0
    [CG] CG iter 1: obj=145630466.315055, maxRC=59427895.609356, +23 cols
    [CG] CG iter 3: obj=165061623.535151, maxRC=5034431.246563, +15 cols
    [CG]   [DIAG] iter=3 posCols=15 newCols=15 effImprove=15 updated=0
    [CG]   [DIAG] iter=1 posCols=23 newCols=23 effImprove=23 updated=0
    [CG] CG iter 4: obj=174627295.258706, maxRC=2113794.716177, +6 cols
    [CG]   [DIAG] iter=4 posCols=6 newCols=6 effImprove=6 updated=0
    [CG] CG iter 5: obj=174738445.505093, maxRC=45936.535195, +2 cols
    [CG]   [DIAG] iter=5 posCols=2 newCols=2 effImprove=2 updated=0
    [CG] CG iter 4: obj=174607029.598015, maxRC=2636869.414568, +6 cols
    [CG]   [DIAG] iter=4 posCols=6 newCols=6 effImprove=6 updated=0
    [CG] 列生成收敛，共 6 轮迭代
    [CG] [CG-NODE] depth=0 exit=CERTIFIED certified=1 feasible=1 iters=6 generatedColsBeforeNode=0 newCols=64 posCandidates=64 duplicateCandidates=0 updatedCols=0 zeroObjImproveIters=1 objFirst=144850121.350751 objLast=174738445.505093 objGain=29888324.154342 maxRC=59084968.304056 wallSec=0.011179 pricingSec=0.007559 cplexSolveSec=0.001957
      [BB] 根节点即为整数解，obj=174738445.505093
    [CG] CG iter 5: obj=174681051.834216, maxRC=922161.950721, +1 cols
    [CG]   [DIAG] iter=5 posCols=1 newCols=1 effImprove=1 updated=0
    [CG] CG iter 2: obj=161554248.437193, maxRC=10583079.134471, +16 cols
    [CG]   [DIAG] iter=2 posCols=16 newCols=16 effImprove=16 updated=0
    [CG] 列生成收敛，共 6 轮迭代
    [CG] [CG-NODE] depth=0 exit=CERTIFIED certified=1 feasible=1 iters=6 generatedColsBeforeNode=0 newCols=61 posCandidates=61 duplicateCandidates=0 updatedCols=0 zeroObjImproveIters=1 objFirst=144943777.930562 objLast=174681051.834216 objGain=29737273.903654 maxRC=59205165.055448 wallSec=0.017729 pricingSec=0.012337 cplexSolveSec=0.002901
      [BB] 根节点即为整数解，obj=174681051.834216
    [CG] CG iter 1: obj=145124017.034603, maxRC=59038900.593735, +23 cols
    [CG]   [DIAG] iter=1 posCols=23 newCols=23 effImprove=23 updated=0
    [CG] CG iter 3: obj=165561741.381855, maxRC=4661624.638813, +14 cols
    [CG]   [DIAG] iter=3 posCols=14 newCols=14 effImprove=14 updated=0
    [CG] CG iter 2: obj=160685433.232479, maxRC=8317053.669564, +16 cols
    [CG]   [DIAG] iter=2 posCols=16 newCols=16 effImprove=16 updated=0
    [CG] CG iter 4: obj=174172455.716804, maxRC=2361409.353998, +8 cols
    [CG]   [DIAG] iter=4 posCols=8 newCols=8 effImprove=8 updated=0
    [CG] CG iter 3: obj=173487768.744956, maxRC=1678997.002003, +9 cols
    [CG]   [DIAG] iter=3 posCols=9 newCols=9 effImprove=9 updated=0
    [CG] CG iter 1: obj=145407806.096959, maxRC=59509296.792453, +23 cols
    [CG] CG iter 5: obj=175485343.345404, maxRC=328090.315338, +2 cols
    [CG] CG iter 4: obj=173487768.744956, maxRC=2301063.928217, +4 cols
    [CG]   [DIAG] iter=5 posCols=2 newCols=2 effImprove=2 updated=0
    [CG]   [DIAG] iter=4 posCols=4 newCols=4 effImprove=4 updated=0
    [CG]   [DIAG] iter=1 posCols=23 newCols=23 effImprove=23 updated=0
    [CG] CG iter 5: obj=174822443.232057, maxRC=80444.979106, +1 cols
    [CG]   [DIAG] iter=5 posCols=1 newCols=1 effImprove=1 updated=0
    [CG] 列生成收敛，共 6 轮迭代
    [CG] [CG-NODE] depth=0 exit=CERTIFIED certified=1 feasible=1 iters=6 generatedColsBeforeNode=0 newCols=63 posCandidates=63 duplicateCandidates=0 updatedCols=0 zeroObjImproveIters=1 objFirst=145630466.315055 objLast=175485343.345404 objGain=29854877.030349 maxRC=59427895.609356 wallSec=0.016727 pricingSec=0.011191 cplexSolveSec=0.003127
    [CG] CG iter 2: obj=161825673.233167, maxRC=10649850.175247, +16 cols
    [CG]   [DIAG] iter=2 posCols=16 newCols=16 effImprove=16 updated=0
    [CG] 列生成收敛，共 6 轮迭代
    [CG] [CG-NODE] depth=0 exit=CERTIFIED certified=1 feasible=1 iters=6 generatedColsBeforeNode=0 newCols=53 posCandidates=53 duplicateCandidates=0 updatedCols=0 zeroObjImproveIters=2 objFirst=145124017.034603 objLast=174822443.232057 objGain=29698426.197455 maxRC=59038900.593735 wallSec=0.013847 pricingSec=0.009147 cplexSolveSec=0.002351
      [BB] 根节点即为整数解，obj=175485343.345404
      [BB] 根节点即为整数解，obj=174822443.232057
    [CG] CG iter 3: obj=165425911.936681, maxRC=4516981.194398, +14 cols
    [CG]   [DIAG] iter=3 posCols=14 newCols=14 effImprove=14 updated=0
    [CG] CG iter 4: obj=173929658.381952, maxRC=2360606.063083, +8 cols
    [CG]   [DIAG] iter=4 posCols=8 newCols=8 effImprove=8 updated=0
    [CG] CG iter 5: obj=175358160.479755, maxRC=963211.419981, +1 cols
    [CG]   [DIAG] iter=5 posCols=1 newCols=1 effImprove=1 updated=0
    [CG] 列生成收敛，共 6 轮迭代
    [CG] [CG-NODE] depth=0 exit=CERTIFIED certified=1 feasible=1 iters=6 generatedColsBeforeNode=0 newCols=62 posCandidates=62 duplicateCandidates=0 updatedCols=0 zeroObjImproveIters=1 objFirst=145407806.096959 objLast=175358160.479755 objGain=29950354.382796 maxRC=59509296.792453 wallSec=0.015951 pricingSec=0.011292 cplexSolveSec=0.002139
      [BB] 根节点即为整数解，obj=175358160.479755
[GA] 代数 2: Best=175883793.46, Avg=175272929.52, Worst=174655923.64, Valid=30/30, 耗时=0.05s (连续2代未提升)
  ├─ 求解: 30 个体 fork 并行 | CG迭代=136 加列=1398 BB分支=0
  ├─ 并行墙钟=0.0514s | 串行等效(ΣBP)=0.3228s | 加速比=6.27x
  ├─ 管理开销=-0.2713s (fork=0.0034 wait=0.0476 merge=0.0004)
  └─ CG明细: gen_logs/run_gen2_ind{0..29}.log
    [CG] 列生成开始，初始列数=128
    [CG] 列生成开始，初始列数=128
    [CG] 列生成开始，初始列数=128
    [CG] 列生成开始，初始列数=128
    [CG] 列生成开始，初始列数=128
    [CG] 列生成开始，初始列数=128
    [CG] 列生成开始，初始列数=128
    [CG] 列生成开始，初始列数=128
    [CG] CG iter 1: obj=145691459.067706, maxRC=59511439.073894, +23 cols
    [CG]   [DIAG] iter=1 posCols=23 newCols=23 effImprove=23 updated=0
    [CG] CG iter 2: obj=161750897.717289, maxRC=10627691.494633, +16 cols
    [CG]   [DIAG] iter=2 posCols=16 newCols=16 effImprove=16 updated=0
    [CG] CG iter 3: obj=166011870.665472, maxRC=5117883.828552, +15 cols
    [CG] CG iter 1: obj=145918312.813242, maxRC=59519644.926662, +23 cols
    [CG]   [DIAG] iter=3 posCols=15 newCols=15 effImprove=15 updated=0
    [CG]   [DIAG] iter=1 posCols=23 newCols=23 effImprove=23 updated=0
    [CG] CG iter 4: obj=175614815.073278, maxRC=2671661.148327, +6 cols
    [CG]   [DIAG] iter=4 posCols=6 newCols=6 effImprove=6 updated=0
    [CG] CG iter 5: obj=175649745.668755, maxRC=935986.296319, +1 cols
    [CG]   [DIAG] iter=5 posCols=1 newCols=1 effImprove=1 updated=0
    [CG] CG iter 2: obj=161805489.097623, maxRC=10732402.191915, +16 cols
    [CG]   [DIAG] iter=2 posCols=16 newCols=16 effImprove=16 updated=0
    [CG] 列生成收敛，共 6 轮迭代
    [CG] [CG-NODE] depth=0 exit=CERTIFIED certified=1 feasible=1 iters=6 generatedColsBeforeNode=0 newCols=61 posCandidates=61 duplicateCandidates=0 updatedCols=0 zeroObjImproveIters=1 objFirst=145691459.067706 objLast=175649745.668755 objGain=29958286.601050 maxRC=59511439.073894 wallSec=0.008636 pricingSec=0.005686 cplexSolveSec=0.001596
      [BB] 根节点即为整数解，obj=175649745.668755
    [CG] CG iter 1: obj=145408653.283811, maxRC=59519749.227507, +23 cols
    [CG]   [DIAG] iter=1 posCols=23 newCols=23 effImprove=23 updated=0
    [CG] CG iter 3: obj=165154017.479105, maxRC=5764731.477497, +16 cols
    [CG]   [DIAG] iter=3 posCols=16 newCols=16 effImprove=16 updated=0
    [CG] CG iter 4: obj=174421871.481353, maxRC=2553495.824629, +8 cols
    [CG]   [DIAG] iter=4 posCols=8 newCols=8 effImprove=8 updated=0
    [CG] CG iter 1: obj=146000805.862810, maxRC=59519752.128890, +23 cols
    [CG] CG iter 2: obj=161698867.852162, maxRC=10810987.597081, +17 cols
    [CG]   [DIAG] iter=2 posCols=17 newCols=17 effImprove=17 updated=0
    [CG]   [DIAG] iter=1 posCols=23 newCols=23 effImprove=23 updated=0
    [CG] CG iter 5: obj=175706547.143932, maxRC=11207.595168, +1 cols
    [CG]   [DIAG] iter=5 posCols=1 newCols=1 effImprove=1 updated=0
    [CG] 列生成收敛，共 6 轮迭代
    [CG] [CG-NODE] depth=0 exit=CERTIFIED certified=1 feasible=1 iters=6 generatedColsBeforeNode=0 newCols=64 posCandidates=64 duplicateCandidates=0 updatedCols=0 zeroObjImproveIters=1 objFirst=145918312.813242 objLast=175706547.143932 objGain=29788234.330689 maxRC=59519644.926662 wallSec=0.010260 pricingSec=0.006773 cplexSolveSec=0.001903
      [BB] 根节点即为整数解，obj=175706547.143932
    [CG] CG iter 3: obj=168555594.458113, maxRC=5408644.817910, +10 cols
    [CG]   [DIAG] iter=3 posCols=10 newCols=10 effImprove=10 updated=0
    [CG] CG iter 2: obj=161879528.582514, maxRC=10634065.780949, +16 cols
    [CG]   [DIAG] iter=2 posCols=16 newCols=16 effImprove=16 updated=0
    [CG] 列生成开始，初始列数=128
    [CG] CG iter 4: obj=173964239.276023, maxRC=1690766.040137, +6 cols
    [CG]   [DIAG] iter=4 posCols=6 newCols=6 effImprove=6 updated=0
    [CG] CG iter 1: obj=146011291.121070, maxRC=59519819.616098, +23 cols
    [CG] 列生成收敛，共 5 轮迭代
    [CG] [CG-NODE] depth=0 exit=CERTIFIED certified=1 feasible=1 iters=5 generatedColsBeforeNode=0 newCols=56 posCandidates=56 duplicateCandidates=0 updatedCols=0 zeroObjImproveIters=0 objFirst=145408653.283811 objLast=175102820.325151 objGain=29694167.041341 maxRC=59519749.227507 wallSec=0.011994 pricingSec=0.008084 cplexSolveSec=0.002109
    [CG] 列生成开始，初始列数=128
    [CG]   [DIAG] iter=1 posCols=23 newCols=23 effImprove=23 updated=0
    [CG] CG iter 1: obj=145914262.278166, maxRC=59519749.227507, +23 cols
      [BB] 根节点即为整数解，obj=175102820.325151
    [CG] CG iter 1: obj=145408718.281313, maxRC=59510229.969378, +23 cols
    [CG] CG iter 3: obj=165900426.495788, maxRC=4679790.081390, +14 cols
    [CG]   [DIAG] iter=3 posCols=14 newCols=14 effImprove=14 updated=0
    [CG]   [DIAG] iter=1 posCols=23 newCols=23 effImprove=23 updated=0
    [CG]   [DIAG] iter=1 posCols=23 newCols=23 effImprove=23 updated=0
    [CG] CG iter 1: obj=145777538.954505, maxRC=59519481.825103, +23 cols
    [CG]   [DIAG] iter=1 posCols=23 newCols=23 effImprove=23 updated=0
    [CG] CG iter 4: obj=174526850.133340, maxRC=2360557.284392, +8 cols
    [CG]   [DIAG] iter=4 posCols=8 newCols=8 effImprove=8 updated=0
    [CG] CG iter 2: obj=161875198.649497, maxRC=10641252.803509, +16 cols
    [CG] CG iter 5: obj=175838921.847033, maxRC=336782.852406, +2 cols
    [CG]   [DIAG] iter=5 posCols=2 newCols=2 effImprove=2 updated=0
    [CG]   [DIAG] iter=2 posCols=16 newCols=16 effImprove=16 updated=0
    [CG] CG iter 2: obj=161827518.594445, maxRC=10650538.809705, +16 cols
    [CG] CG iter 2: obj=161850061.619184, maxRC=10673737.990243, +16 cols
    [CG]   [DIAG] iter=2 posCols=16 newCols=16 effImprove=16 updated=0
    [CG]   [DIAG] iter=2 posCols=16 newCols=16 effImprove=16 updated=0
    [CG] 列生成收敛，共 6 轮迭代
    [CG] [CG-NODE] depth=0 exit=CERTIFIED certified=1 feasible=1 iters=6 generatedColsBeforeNode=0 newCols=63 posCandidates=63 duplicateCandidates=0 updatedCols=0 zeroObjImproveIters=1 objFirst=146000805.862810 objLast=175838921.847033 objGain=29838115.984224 maxRC=59519752.128890 wallSec=0.015106 pricingSec=0.010065 cplexSolveSec=0.002762
    [CG] CG iter 2: obj=161754288.429863, maxRC=10623512.806048, +16 cols
      [BB] 根节点即为整数解，obj=175838921.847033
    [CG]   [DIAG] iter=2 posCols=16 newCols=16 effImprove=16 updated=0
    [CG] 列生成开始，初始列数=128
    [CG] CG iter 3: obj=165890951.486514, maxRC=4678684.656088, +14 cols
    [CG] CG iter 3: obj=165427675.783803, maxRC=4516545.634375, +14 cols
    [CG]   [DIAG] iter=3 posCols=14 newCols=14 effImprove=14 updated=0
    [CG] CG iter 3: obj=165858720.147132, maxRC=4679697.286116, +14 cols
    [CG]   [DIAG] iter=3 posCols=14 newCols=14 effImprove=14 updated=0
    [CG]   [DIAG] iter=3 posCols=14 newCols=14 effImprove=14 updated=0
    [CG] CG iter 1: obj=146033246.277999, maxRC=59519752.128890, +23 cols
    [CG] CG iter 3: obj=166032520.474741, maxRC=5117883.828552, +15 cols
    [CG]   [DIAG] iter=1 posCols=23 newCols=23 effImprove=23 updated=0
    [CG] CG iter 4: obj=173930905.154896, maxRC=2360606.063083, +8 cols
    [CG]   [DIAG] iter=4 posCols=8 newCols=8 effImprove=8 updated=0
    [CG]   [DIAG] iter=3 posCols=15 newCols=15 effImprove=15 updated=0
    [CG] CG iter 4: obj=174516629.120723, maxRC=2360557.280068, +8 cols
    [CG]   [DIAG] iter=4 posCols=8 newCols=8 effImprove=8 updated=0
    [CG] CG iter 4: obj=174484894.472491, maxRC=2360561.725537, +8 cols
    [CG]   [DIAG] iter=4 posCols=8 newCols=8 effImprove=8 updated=0
    [CG] CG iter 5: obj=175359793.895796, maxRC=963211.419981, +1 cols
    [CG]   [DIAG] iter=5 posCols=1 newCols=1 effImprove=1 updated=0
    [CG] CG iter 2: obj=161889094.676592, maxRC=10623485.371715, +16 cols
    [CG]   [DIAG] iter=2 posCols=16 newCols=16 effImprove=16 updated=0
    [CG] CG iter 4: obj=175635079.301742, maxRC=2671661.148327, +6 cols
    [CG]   [DIAG] iter=4 posCols=6 newCols=6 effImprove=6 updated=0
    [CG] CG iter 5: obj=175826515.305960, maxRC=339312.372687, +2 cols
    [CG] 列生成开始，初始列数=128
    [CG]   [DIAG] iter=5 posCols=2 newCols=2 effImprove=2 updated=0
    [CG] CG iter 5: obj=175785771.708415, maxRC=336747.648556, +2 cols
    [CG]   [DIAG] iter=5 posCols=2 newCols=2 effImprove=2 updated=0
    [CG] CG iter 3: obj=165913362.707788, maxRC=4679779.578765, +14 cols
    [CG]   [DIAG] iter=3 posCols=14 newCols=14 effImprove=14 updated=0
    [CG] 列生成收敛，共 6 轮迭代
    [CG] [CG-NODE] depth=0 exit=CERTIFIED certified=1 feasible=1 iters=6 generatedColsBeforeNode=0 newCols=62 posCandidates=62 duplicateCandidates=0 updatedCols=0 zeroObjImproveIters=1 objFirst=145408718.281313 objLast=175359793.895796 objGain=29951075.614483 maxRC=59510229.969378 wallSec=0.018507 pricingSec=0.012191 cplexSolveSec=0.003282
    [CG] 列生成收敛，共 6 轮迭代
    [CG] [CG-NODE] depth=0 exit=CERTIFIED certified=1 feasible=1 iters=6 generatedColsBeforeNode=0 newCols=63 posCandidates=63 duplicateCandidates=0 updatedCols=0 zeroObjImproveIters=1 objFirst=146011291.121070 objLast=175826515.305960 objGain=29815224.184890 maxRC=59519819.616098 wallSec=0.018578 pricingSec=0.012207 cplexSolveSec=0.003425
    [CG] CG iter 5: obj=175676675.400022, maxRC=934541.074586, +1 cols
    [CG]   [DIAG] iter=5 posCols=1 newCols=1 effImprove=1 updated=0
      [BB] 根节点即为整数解，obj=175359793.895796
    [CG] 列生成收敛，共 6 轮迭代
    [CG] [CG-NODE] depth=0 exit=CERTIFIED certified=1 feasible=1 iters=6 generatedColsBeforeNode=0 newCols=63 posCandidates=63 duplicateCandidates=0 updatedCols=0 zeroObjImproveIters=1 objFirst=145914262.278166 objLast=175785771.708415 objGain=29871509.430249 maxRC=59519749.227507 wallSec=0.018444 pricingSec=0.012284 cplexSolveSec=0.003384
    [CG] CG iter 4: obj=174540123.841561, maxRC=2360557.280068, +8 cols
    [CG]   [DIAG] iter=4 posCols=8 newCols=8 effImprove=8 updated=0
      [BB] 根节点即为整数解，obj=175826515.305960
      [BB] 根节点即为整数解，obj=175785771.708415
    [CG] CG iter 5: obj=175854895.887352, maxRC=336753.722206, +2 cols
    [CG]   [DIAG] iter=5 posCols=2 newCols=2 effImprove=2 updated=0
    [CG] 列生成收敛，共 6 轮迭代
    [CG] [CG-NODE] depth=0 exit=CERTIFIED certified=1 feasible=1 iters=6 generatedColsBeforeNode=0 newCols=61 posCandidates=61 duplicateCandidates=0 updatedCols=0 zeroObjImproveIters=1 objFirst=145777538.954505 objLast=175676675.400022 objGain=29899136.445516 maxRC=59519481.825103 wallSec=0.019451 pricingSec=0.013142 cplexSolveSec=0.003482
    [CG] 列生成收敛，共 6 轮迭代
    [CG] [CG-NODE] depth=0 exit=CERTIFIED certified=1 feasible=1 iters=6 generatedColsBeforeNode=0 newCols=63 posCandidates=63 duplicateCandidates=0 updatedCols=0 zeroObjImproveIters=1 objFirst=146033246.277999 objLast=175854895.887352 objGain=29821649.609354 maxRC=59519752.128890 wallSec=0.007442 pricingSec=0.004910 cplexSolveSec=0.001409
      [BB] 根节点即为整数解，obj=175676675.400022
      [BB] 根节点即为整数解，obj=175854895.887352
    [CG] 列生成开始，初始列数=128
    [CG] 列生成开始，初始列数=128
    [CG] 列生成开始，初始列数=128
    [CG] 列生成开始，初始列数=128
    [CG] 列生成开始，初始列数=128
    [CG] CG iter 1: obj=145498091.453279, maxRC=59508834.693463, +23 cols
    [CG]   [DIAG] iter=1 posCols=23 newCols=23 effImprove=23 updated=0
    [CG] CG iter 2: obj=161837749.585246, maxRC=10661483.989990, +16 cols
    [CG]   [DIAG] iter=2 posCols=16 newCols=16 effImprove=16 updated=0
    [CG] CG iter 1: obj=145281440.282573, maxRC=59508834.693463, +23 cols
    [CG]   [DIAG] iter=1 posCols=23 newCols=23 effImprove=23 updated=0
    [CG] CG iter 3: obj=165565815.626330, maxRC=4554850.640234, +14 cols
    [CG] CG iter 2: obj=161680327.431673, maxRC=10661483.989990, +16 cols
    [CG] CG iter 1: obj=145465229.128693, maxRC=59508834.693463, +23 cols
    [CG]   [DIAG] iter=3 posCols=14 newCols=14 effImprove=14 updated=0
    [CG]   [DIAG] iter=2 posCols=16 newCols=16 effImprove=16 updated=0
    [CG] CG iter 1: obj=145752606.754297, maxRC=59427895.609356, +23 cols
    [CG]   [DIAG] iter=1 posCols=23 newCols=23 effImprove=23 updated=0
    [CG]   [DIAG] iter=1 posCols=23 newCols=23 effImprove=23 updated=0
    [CG] CG iter 4: obj=174104622.437470, maxRC=1500710.894606, +5 cols
    [CG]   [DIAG] iter=4 posCols=5 newCols=5 effImprove=5 updated=0
    [CG] CG iter 3: obj=165697719.975417, maxRC=5089988.382249, +15 cols
    [CG]   [DIAG] iter=3 posCols=15 newCols=15 effImprove=15 updated=0
    [CG] CG iter 1: obj=145327874.095437, maxRC=59376558.169955, +23 cols
    [CG] CG iter 2: obj=161813953.094875, maxRC=10693527.863950, +16 cols
    [CG]   [DIAG] iter=2 posCols=16 newCols=16 effImprove=16 updated=0
    [CG]   [DIAG] iter=1 posCols=23 newCols=23 effImprove=23 updated=0
    [CG] CG iter 4: obj=175294035.684099, maxRC=2660010.133761, +5 cols
    [CG]   [DIAG] iter=4 posCols=5 newCols=5 effImprove=5 updated=0
    [CG] CG iter 5: obj=175472060.764375, maxRC=424140.784132, +1 cols
    [CG]   [DIAG] iter=5 posCols=1 newCols=1 effImprove=1 updated=0
    [CG] CG iter 1: obj=145552531.458256, maxRC=59427846.395144, +23 cols
    [CG]   [DIAG] iter=1 posCols=23 newCols=23 effImprove=23 updated=0
    [CG] CG iter 5: obj=175294035.684098, maxRC=858354.643847, +1 cols
    [CG]   [DIAG] iter=5 posCols=1 newCols=1 effImprove=1 updated=0
    [CG] CG iter 2: obj=161712146.705728, maxRC=10583079.134471, +16 cols
    [CG] CG iter 6: obj=175472060.764375, maxRC=145866.739001, +1 cols
    [CG]   [DIAG] iter=6 posCols=1 newCols=1 effImprove=1 updated=0
    [CG]   [DIAG] iter=2 posCols=16 newCols=16 effImprove=16 updated=0
    [CG] CG iter 2: obj=161412967.698909, maxRC=10532135.015713, +16 cols
    [CG] 列生成收敛，共 6 轮迭代
    [CG] [CG-NODE] depth=0 exit=CERTIFIED certified=1 feasible=1 iters=6 generatedColsBeforeNode=0 newCols=60 posCandidates=60 duplicateCandidates=0 updatedCols=0 zeroObjImproveIters=2 objFirst=145281440.282573 objLast=175294035.684098 objGain=30012595.401525 maxRC=59508834.693463 wallSec=0.012954 pricingSec=0.008588 cplexSolveSec=0.002215
    [CG] CG iter 3: obj=165532214.583936, maxRC=4554850.640234, +14 cols
    [CG]   [DIAG] iter=2 posCols=16 newCols=16 effImprove=16 updated=0
    [CG]   [DIAG] iter=3 posCols=14 newCols=14 effImprove=14 updated=0
      [BB] 根节点即为整数解，obj=175294035.684098
    [CG] 列生成收敛，共 7 轮迭代
    [CG] [CG-NODE] depth=0 exit=CERTIFIED certified=1 feasible=1 iters=7 generatedColsBeforeNode=0 newCols=60 posCandidates=60 duplicateCandidates=0 updatedCols=0 zeroObjImproveIters=2 objFirst=145498091.453279 objLast=175472060.764375 objGain=29973969.311096 maxRC=59508834.693463 wallSec=0.019792 pricingSec=0.013311 cplexSolveSec=0.003670
      [BB] 根节点即为整数解，obj=175472060.764375
    [CG] CG iter 4: obj=174070818.427096, maxRC=1500475.997471, +5 cols
    [CG]   [DIAG] iter=4 posCols=5 newCols=5 effImprove=5 updated=0
    [CG] CG iter 2: obj=161542603.277892, maxRC=10583079.134471, +16 cols
    [CG] CG iter 1: obj=145735613.521406, maxRC=59519766.154613, +23 cols
    [CG]   [DIAG] iter=2 posCols=16 newCols=16 effImprove=16 updated=0
    [CG] CG iter 3: obj=165472370.493131, maxRC=5098346.615806, +15 cols
    [CG]   [DIAG] iter=1 posCols=23 newCols=23 effImprove=23 updated=0
    [CG]   [DIAG] iter=3 posCols=15 newCols=15 effImprove=15 updated=0
    [CG] CG iter 3: obj=165723085.750246, maxRC=4690265.306152, +14 cols
    [CG]   [DIAG] iter=3 posCols=14 newCols=14 effImprove=14 updated=0
    [CG] CG iter 5: obj=175429295.016599, maxRC=424140.784132, +1 cols
    [CG]   [DIAG] iter=5 posCols=1 newCols=1 effImprove=1 updated=0
    [CG] CG iter 4: obj=175073872.361708, maxRC=2663494.619779, +6 cols
    [CG]   [DIAG] iter=4 posCols=6 newCols=6 effImprove=6 updated=0
    [CG] CG iter 2: obj=161806935.969978, maxRC=10623732.584950, +16 cols
    [CG]   [DIAG] iter=2 posCols=16 newCols=16 effImprove=16 updated=0
    [CG] CG iter 6: obj=175429295.016599, maxRC=145866.739001, +1 cols
    [CG]   [DIAG] iter=6 posCols=1 newCols=1 effImprove=1 updated=0
    [CG] CG iter 3: obj=165548435.512228, maxRC=4649210.513524, +14 cols
    [CG] CG iter 5: obj=175091536.962938, maxRC=899045.204259, +1 cols
    [CG]   [DIAG] iter=5 posCols=1 newCols=1 effImprove=1 updated=0
    [CG] CG iter 4: obj=174382474.409721, maxRC=2360795.017688, +8 cols
    [CG]   [DIAG] iter=3 posCols=14 newCols=14 effImprove=14 updated=0
    [CG]   [DIAG] iter=4 posCols=8 newCols=8 effImprove=8 updated=0
    [CG] 列生成收敛，共 6 轮迭代
    [CG] 列生成收敛，共 7 轮迭代
    [CG] CG iter 3: obj=166093541.420901, maxRC=5112532.597502, +15 cols
    [CG] [CG-NODE] depth=0 exit=CERTIFIED certified=1 feasible=1 iters=6 generatedColsBeforeNode=0 newCols=61 posCandidates=61 duplicateCandidates=0 updatedCols=0 zeroObjImproveIters=1 objFirst=145327874.095437 objLast=175091536.962938 objGain=29763662.867501 maxRC=59376558.169955 wallSec=0.012037 pricingSec=0.007998 cplexSolveSec=0.002250
    [CG] [CG-NODE] depth=0 exit=CERTIFIED certified=1 feasible=1 iters=7 generatedColsBeforeNode=0 newCols=60 posCandidates=60 duplicateCandidates=0 updatedCols=0 zeroObjImproveIters=2 objFirst=145465229.128693 objLast=175429295.016599 objGain=29964065.887905 maxRC=59508834.693463 wallSec=0.012237 pricingSec=0.007851 cplexSolveSec=0.002573
    [CG] CG iter 1: obj=145762590.236824, maxRC=59465683.938327, +23 cols
    [CG]   [DIAG] iter=3 posCols=15 newCols=15 effImprove=15 updated=0
      [BB] 根节点即为整数解，obj=175091536.962938
    [CG] 列生成开始，初始列数=128
    [CG]   [DIAG] iter=1 posCols=23 newCols=23 effImprove=23 updated=0
      [BB] 根节点即为整数解，obj=175429295.016599
    [CG] CG iter 4: obj=174149283.053414, maxRC=1304928.978814, +4 cols
    [CG]   [DIAG] iter=4 posCols=4 newCols=4 effImprove=4 updated=0
    [CG] CG iter 5: obj=175688171.637772, maxRC=345393.057888, +2 cols
    [CG] CG iter 4: obj=175696601.293424, maxRC=2669415.635678, +6 cols
    [CG]   [DIAG] iter=4 posCols=6 newCols=6 effImprove=6 updated=0
    [CG]   [DIAG] iter=5 posCols=2 newCols=2 effImprove=2 updated=0
    [CG] 列生成开始，初始列数=128
    [CG] CG iter 5: obj=175738465.915669, maxRC=945597.285432, +1 cols
    [CG]   [DIAG] iter=5 posCols=1 newCols=1 effImprove=1 updated=0
    [CG] 列生成收敛，共 5 轮迭代
    [CG] [CG-NODE] depth=0 exit=CERTIFIED certified=1 feasible=1 iters=5 generatedColsBeforeNode=0 newCols=57 posCandidates=57 duplicateCandidates=0 updatedCols=0 zeroObjImproveIters=0 objFirst=145552531.458256 objLast=175454212.032228 objGain=29901680.573973 maxRC=59427846.395144 wallSec=0.013024 pricingSec=0.008646 cplexSolveSec=0.002461
    [CG] 列生成收敛，共 6 轮迭代
    [CG] 列生成收敛，共 6 轮迭代
    [CG] [CG-NODE] depth=0 exit=CERTIFIED certified=1 feasible=1 iters=6 generatedColsBeforeNode=0 newCols=61 posCandidates=61 duplicateCandidates=0 updatedCols=0 zeroObjImproveIters=1 objFirst=145735613.521406 objLast=175738465.915669 objGain=30002852.394263 maxRC=59519766.154613 wallSec=0.012632 pricingSec=0.007834 cplexSolveSec=0.002457
    [CG] [CG-NODE] depth=0 exit=CERTIFIED certified=1 feasible=1 iters=6 generatedColsBeforeNode=0 newCols=63 posCandidates=63 duplicateCandidates=0 updatedCols=0 zeroObjImproveIters=1 objFirst=145752606.754297 objLast=175688171.637772 objGain=29935564.883474 maxRC=59427895.609356 wallSec=0.019619 pricingSec=0.013293 cplexSolveSec=0.003574
      [BB] 根节点即为整数解，obj=175454212.032228
      [BB] 根节点即为整数解，obj=175738465.915669
    [CG] CG iter 2: obj=161768086.838811, maxRC=10594296.419547, +16 cols
      [BB] 根节点即为整数解，obj=175688171.637772
    [CG]   [DIAG] iter=2 posCols=16 newCols=16 effImprove=16 updated=0
    [CG] 列生成开始，初始列数=128
    [CG] CG iter 3: obj=165797265.186347, maxRC=4692488.736410, +14 cols
    [CG]   [DIAG] iter=3 posCols=14 newCols=14 effImprove=14 updated=0
    [CG] 列生成开始，初始列数=128
    [CG] CG iter 4: obj=174439088.203661, maxRC=2360606.063083, +8 cols
    [CG]   [DIAG] iter=4 posCols=8 newCols=8 effImprove=8 updated=0
    [CG] 列生成开始，初始列数=128
    [CG] CG iter 5: obj=175760882.039056, maxRC=335575.977108, +2 cols
    [CG]   [DIAG] iter=5 posCols=2 newCols=2 effImprove=2 updated=0
    [CG] 列生成开始，初始列数=128
    [CG] 列生成收敛，共 6 轮迭代
    [CG] [CG-NODE] depth=0 exit=CERTIFIED certified=1 feasible=1 iters=6 generatedColsBeforeNode=0 newCols=63 posCandidates=63 duplicateCandidates=0 updatedCols=0 zeroObjImproveIters=1 objFirst=145762590.236824 objLast=175760882.039056 objGain=29998291.802232 maxRC=59465683.938327 wallSec=0.016656 pricingSec=0.011076 cplexSolveSec=0.003075
    [CG] 列生成开始，初始列数=128
      [BB] 根节点即为整数解，obj=175760882.039056
    [CG] CG iter 1: obj=145829740.850841, maxRC=59519752.128890, +23 cols
    [CG]   [DIAG] iter=1 posCols=23 newCols=23 effImprove=23 updated=0
    [CG] 列生成开始，初始列数=128
    [CG] CG iter 2: obj=161742651.021792, maxRC=10681805.202974, +16 cols
    [CG]   [DIAG] iter=2 posCols=16 newCols=16 effImprove=16 updated=0
    [CG] CG iter 3: obj=166030492.593759, maxRC=5118128.238817, +15 cols
    [CG]   [DIAG] iter=3 posCols=15 newCols=15 effImprove=15 updated=0
    [CG] CG iter 4: obj=175615947.088584, maxRC=2671769.720189, +6 cols
    [CG]   [DIAG] iter=4 posCols=6 newCols=6 effImprove=6 updated=0
    [CG] CG iter 1: obj=145610453.487494, maxRC=59508025.552600, +23 cols
    [CG]   [DIAG] iter=1 posCols=23 newCols=23 effImprove=23 updated=0
    [CG] CG iter 5: obj=175669977.244322, maxRC=959443.138533, +1 cols
    [CG]   [DIAG] iter=5 posCols=1 newCols=1 effImprove=1 updated=0
    [CG] CG iter 1: obj=145517499.447411, maxRC=59100867.980836, +23 cols
    [CG]   [DIAG] iter=1 posCols=23 newCols=23 effImprove=23 updated=0
    [CG] CG iter 1: obj=145564391.398189, maxRC=59519749.227507, +23 cols
    [CG] 列生成收敛，共 6 轮迭代
    [CG] [CG-NODE] depth=0 exit=CERTIFIED certified=1 feasible=1 iters=6 generatedColsBeforeNode=0 newCols=61 posCandidates=61 duplicateCandidates=0 updatedCols=0 zeroObjImproveIters=1 objFirst=145829740.850841 objLast=175669977.244322 objGain=29840236.393481 maxRC=59519752.128890 wallSec=0.010226 pricingSec=0.006646 cplexSolveSec=0.002030
      [BB] 根节点即为整数解，obj=175669977.244322
    [CG]   [DIAG] iter=1 posCols=23 newCols=23 effImprove=23 updated=0
    [CG] CG iter 2: obj=161561266.660351, maxRC=9512934.661395, +17 cols
    [CG]   [DIAG] iter=2 posCols=17 newCols=17 effImprove=17 updated=0
    [CG] CG iter 2: obj=161058681.657527, maxRC=9265518.226097, +17 cols
    [CG]   [DIAG] iter=2 posCols=17 newCols=17 effImprove=17 updated=0
    [CG] CG iter 3: obj=175283216.620853, maxRC=4428003.086646, +9 cols
    [CG] CG iter 2: obj=161603457.259327, maxRC=10857739.730526, +16 cols
    [CG]   [DIAG] iter=3 posCols=9 newCols=9 effImprove=9 updated=0
    [CG] CG iter 3: obj=171471212.984279, maxRC=7536945.219763, +12 cols
    [CG]   [DIAG] iter=3 posCols=12 newCols=12 effImprove=12 updated=0
    [CG]   [DIAG] iter=2 posCols=16 newCols=16 effImprove=16 updated=0
    [CG] CG iter 1: obj=145948001.537284, maxRC=59519841.930057, +23 cols
    [CG]   [DIAG] iter=1 posCols=23 newCols=23 effImprove=23 updated=0
    [CG] CG iter 4: obj=173951906.196714, maxRC=1467210.069736, +5 cols
    [CG]   [DIAG] iter=4 posCols=5 newCols=5 effImprove=5 updated=0
    [CG] CG iter 4: obj=175283216.620853, maxRC=1470050.039766, +6 cols
    [CG]   [DIAG] iter=4 posCols=6 newCols=6 effImprove=6 updated=0
    [CG] CG iter 5: obj=175202991.487247, maxRC=1466625.915057, +3 cols
    [CG]   [DIAG] iter=5 posCols=3 newCols=3 effImprove=3 updated=0
    [CG] CG iter 3: obj=165639320.201844, maxRC=5118125.278983, +17 cols
    [CG]   [DIAG] iter=3 posCols=17 newCols=17 effImprove=17 updated=0
    [CG] CG iter 1: obj=145554167.515400, maxRC=59519752.128890, +23 cols
    [CG] CG iter 5: obj=175283216.620853, maxRC=703444.672798, +3 cols
    [CG] 列生成收敛，共 6 轮迭代
    [CG] [CG-NODE] depth=0 exit=CERTIFIED certified=1 feasible=1 iters=6 generatedColsBeforeNode=0 newCols=60 posCandidates=60 duplicateCandidates=0 updatedCols=0 zeroObjImproveIters=1 objFirst=145517499.447411 objLast=175202991.487247 objGain=29685492.039836 maxRC=59100867.980836 wallSec=0.012841 pricingSec=0.008629 cplexSolveSec=0.002340
    [CG]   [DIAG] iter=5 posCols=3 newCols=3 effImprove=3 updated=0
    [CG]   [DIAG] iter=1 posCols=23 newCols=23 effImprove=23 updated=0
    [CG] CG iter 2: obj=161843188.641168, maxRC=10681814.646219, +16 cols
      [BB] 根节点即为整数解，obj=175202991.487247
    [CG]   [DIAG] iter=2 posCols=16 newCols=16 effImprove=16 updated=0
    [CG] CG iter 1: obj=145514656.813064, maxRC=59427895.609356, +23 cols
    [CG] CG iter 4: obj=175279370.241061, maxRC=2189581.907795, +6 cols
    [CG] 列生成收敛，共 6 轮迭代
    [CG]   [DIAG] iter=4 posCols=6 newCols=6 effImprove=6 updated=0
    [CG] [CG-NODE] depth=0 exit=CERTIFIED certified=1 feasible=1 iters=6 generatedColsBeforeNode=0 newCols=58 posCandidates=58 duplicateCandidates=0 updatedCols=0 zeroObjImproveIters=2 objFirst=145610453.487494 objLast=175292349.777495 objGain=29681896.290001 maxRC=59508025.552600 wallSec=0.017413 pricingSec=0.011737 cplexSolveSec=0.003184
    [CG]   [DIAG] iter=1 posCols=23 newCols=23 effImprove=23 updated=0
      [BB] 根节点即为整数解，obj=175292349.777495
    [CG] CG iter 1: obj=145458143.668823, maxRC=59517048.754166, +23 cols
    [CG] CG iter 3: obj=165846500.766962, maxRC=4678703.487659, +14 cols
    [CG]   [DIAG] iter=3 posCols=14 newCols=14 effImprove=14 updated=0
    [CG] CG iter 2: obj=161752191.300229, maxRC=10623485.371715, +16 cols
    [CG] 列生成收敛，共 5 轮迭代
    [CG]   [DIAG] iter=1 posCols=23 newCols=23 effImprove=23 updated=0
    [CG] [CG-NODE] depth=0 exit=CERTIFIED certified=1 feasible=1 iters=5 generatedColsBeforeNode=0 newCols=62 posCandidates=62 duplicateCandidates=0 updatedCols=0 zeroObjImproveIters=0 objFirst=145564391.398189 objLast=175290098.589771 objGain=29725707.191582 maxRC=59519749.227507 wallSec=0.018746 pricingSec=0.012913 cplexSolveSec=0.003231
    [CG]   [DIAG] iter=2 posCols=16 newCols=16 effImprove=16 updated=0
      [BB] 根节点即为整数解，obj=175290098.589771
    [CG] CG iter 2: obj=161510769.654737, maxRC=10583079.134471, +16 cols
    [CG] CG iter 4: obj=174471556.585379, maxRC=2360557.297400, +8 cols
    [CG]   [DIAG] iter=4 posCols=8 newCols=8 effImprove=8 updated=0
    [CG]   [DIAG] iter=2 posCols=16 newCols=16 effImprove=16 updated=0
    [CG] CG iter 3: obj=166062080.876041, maxRC=5109833.248586, +15 cols
    [CG] CG iter 5: obj=175770448.273045, maxRC=339316.261251, +2 cols
    [CG]   [DIAG] iter=5 posCols=2 newCols=2 effImprove=2 updated=0
    [CG]   [DIAG] iter=3 posCols=15 newCols=15 effImprove=15 updated=0
    [CG] CG iter 2: obj=161490554.693245, maxRC=10738979.526545, +16 cols
    [CG]   [DIAG] iter=2 posCols=16 newCols=16 effImprove=16 updated=0
    [CG] 列生成收敛，共 6 轮迭代
    [CG] CG iter 3: obj=165808230.105438, maxRC=5089988.382249, +15 cols
    [CG] [CG-NODE] depth=0 exit=CERTIFIED certified=1 feasible=1 iters=6 generatedColsBeforeNode=0 newCols=63 posCandidates=63 duplicateCandidates=0 updatedCols=0 zeroObjImproveIters=1 objFirst=145948001.537284 objLast=175770448.273045 objGain=29822446.735761 maxRC=59519841.930057 wallSec=0.017504 pricingSec=0.012231 cplexSolveSec=0.002884
    [CG]   [DIAG] iter=3 posCols=15 newCols=15 effImprove=15 updated=0
      [BB] 根节点即为整数解，obj=175770448.273045
    [CG] CG iter 4: obj=175654582.643285, maxRC=2668287.651064, +6 cols
    [CG]   [DIAG] iter=4 posCols=6 newCols=6 effImprove=6 updated=0
    [CG] CG iter 4: obj=175392634.135469, maxRC=2660010.133761, +6 cols
    [CG]   [DIAG] iter=4 posCols=6 newCols=6 effImprove=6 updated=0
    [CG] CG iter 5: obj=175441864.562949, maxRC=934793.282865, +1 cols
    [CG]   [DIAG] iter=5 posCols=1 newCols=1 effImprove=1 updated=0
    [CG] CG iter 3: obj=165621051.293552, maxRC=5014310.807837, +17 cols
    [CG] CG iter 5: obj=175700019.853307, maxRC=932630.036471, +1 cols
    [CG]   [DIAG] iter=5 posCols=1 newCols=1 effImprove=1 updated=0
    [CG]   [DIAG] iter=3 posCols=17 newCols=17 effImprove=17 updated=0
    [CG] 列生成收敛，共 6 轮迭代
    [CG] [CG-NODE] depth=0 exit=CERTIFIED certified=1 feasible=1 iters=6 generatedColsBeforeNode=0 newCols=61 posCandidates=61 duplicateCandidates=0 updatedCols=0 zeroObjImproveIters=1 objFirst=145514656.813064 objLast=175441864.562949 objGain=29927207.749885 maxRC=59427895.609356 wallSec=0.017778 pricingSec=0.012270 cplexSolveSec=0.003003
      [BB] 根节点即为整数解，obj=175441864.562949
    [CG] 列生成收敛，共 6 轮迭代
    [CG] [CG-NODE] depth=0 exit=CERTIFIED certified=1 feasible=1 iters=6 generatedColsBeforeNode=0 newCols=61 posCandidates=61 duplicateCandidates=0 updatedCols=0 zeroObjImproveIters=1 objFirst=145554167.515400 objLast=175700019.853307 objGain=30145852.337907 maxRC=59519752.128890 wallSec=0.018501 pricingSec=0.012791 cplexSolveSec=0.003140
      [BB] 根节点即为整数解，obj=175700019.853307
    [CG] CG iter 4: obj=175193416.189255, maxRC=2039148.439517, +6 cols
    [CG]   [DIAG] iter=4 posCols=6 newCols=6 effImprove=6 updated=0
    [CG] CG iter 5: obj=175193416.189255, maxRC=18139.413538, +1 cols
    [CG]   [DIAG] iter=5 posCols=1 newCols=1 effImprove=1 updated=0
    [CG] 列生成收敛，共 6 轮迭代
    [CG] [CG-NODE] depth=0 exit=CERTIFIED certified=1 feasible=1 iters=6 generatedColsBeforeNode=0 newCols=63 posCandidates=63 duplicateCandidates=0 updatedCols=0 zeroObjImproveIters=2 objFirst=145458143.668823 objLast=175193416.189255 objGain=29735272.520432 maxRC=59517048.754166 wallSec=0.017591 pricingSec=0.011774 cplexSolveSec=0.003434
      [BB] 根节点即为整数解，obj=175193416.189255
[GA] 代数 3: Best=175883793.46, Avg=175565473.43, Worst=175120422.65, Valid=30/30, 耗时=0.06s (连续3代未提升)
  ├─ 求解: 30 个体 fork 并行 | CG迭代=149 加列=1530 BB分支=0
  ├─ 并行墙钟=0.0589s | 串行等效(ΣBP)=0.3844s | 加速比=6.52x
  ├─ 管理开销=-0.3255s (fork=0.0038 wait=0.0547 merge=0.0004)
  └─ CG明细: gen_logs/run_gen3_ind{0..29}.log
    [CG] 列生成开始，初始列数=128
    [CG] 列生成开始，初始列数=128
    [CG] 列生成开始，初始列数=128
    [CG] 列生成开始，初始列数=128
    [CG] 列生成开始，初始列数=128
    [CG] 列生成开始，初始列数=128
    [CG] 列生成开始，初始列数=128
    [CG] 列生成开始，初始列数=128
    [CG] CG iter 1: obj=145758154.672799, maxRC=59436005.252399, +23 cols
    [CG]   [DIAG] iter=1 posCols=23 newCols=23 effImprove=23 updated=0
    [CG] CG iter 1: obj=145943967.878115, maxRC=59519752.128890, +23 cols
    [CG]   [DIAG] iter=1 posCols=23 newCols=23 effImprove=23 updated=0
    [CG] CG iter 2: obj=161725804.267273, maxRC=10588291.950036, +16 cols
    [CG]   [DIAG] iter=2 posCols=16 newCols=16 effImprove=16 updated=0
    [CG] CG iter 1: obj=145757798.548760, maxRC=59517066.137535, +23 cols
    [CG]   [DIAG] iter=1 posCols=23 newCols=23 effImprove=23 updated=0
    [CG] CG iter 3: obj=165735777.702632, maxRC=4687666.965602, +14 cols
    [CG]   [DIAG] iter=3 posCols=14 newCols=14 effImprove=14 updated=0
    [CG] CG iter 2: obj=161821810.571553, maxRC=10681805.202974, +16 cols
    [CG]   [DIAG] iter=2 posCols=16 newCols=16 effImprove=16 updated=0
    [CG] CG iter 1: obj=145779012.482199, maxRC=59519779.058582, +23 cols
    [CG]   [DIAG] iter=1 posCols=23 newCols=23 effImprove=23 updated=0
    [CG] CG iter 4: obj=174390640.319830, maxRC=2360795.017688, +8 cols
    [CG]   [DIAG] iter=4 posCols=8 newCols=8 effImprove=8 updated=0
    [CG] CG iter 2: obj=161738527.040350, maxRC=10738993.557491, +16 cols
    [CG]   [DIAG] iter=2 posCols=16 newCols=16 effImprove=16 updated=0
    [CG] CG iter 3: obj=165826390.928033, maxRC=4667174.821384, +14 cols
    [CG] CG iter 5: obj=175696334.031288, maxRC=345393.057888, +2 cols
    [CG]   [DIAG] iter=5 posCols=2 newCols=2 effImprove=2 updated=0
    [CG]   [DIAG] iter=3 posCols=14 newCols=14 effImprove=14 updated=0
    [CG] CG iter 1: obj=145997731.607137, maxRC=59519766.154613, +23 cols
    [CG] 列生成收敛，共 6 轮迭代
    [CG] [CG-NODE] depth=0 exit=CERTIFIED certified=1 feasible=1 iters=6 generatedColsBeforeNode=0 newCols=63 posCandidates=63 duplicateCandidates=0 updatedCols=0 zeroObjImproveIters=1 objFirst=145758154.672799 objLast=175696334.031288 objGain=29938179.358488 maxRC=59436005.252399 wallSec=0.011469 pricingSec=0.007472 cplexSolveSec=0.002125
    [CG] CG iter 2: obj=161839160.649038, maxRC=10623496.537295, +16 cols
    [CG]   [DIAG] iter=1 posCols=23 newCols=23 effImprove=23 updated=0
    [CG]   [DIAG] iter=2 posCols=16 newCols=16 effImprove=16 updated=0
    [CG] CG iter 4: obj=174440694.061795, maxRC=2360841.822335, +8 cols
    [CG]   [DIAG] iter=4 posCols=8 newCols=8 effImprove=8 updated=0
      [BB] 根节点即为整数解，obj=175696334.031288
    [CG] CG iter 5: obj=175733254.715390, maxRC=329089.017528, +2 cols
    [CG] CG iter 1: obj=145554171.593193, maxRC=59519752.288062, +23 cols
    [CG]   [DIAG] iter=5 posCols=2 newCols=2 effImprove=2 updated=0
    [CG] CG iter 3: obj=165869020.363568, maxRC=5110591.308952, +17 cols
    [CG] CG iter 1: obj=145787795.124988, maxRC=59519789.391480, +23 cols
    [CG] CG iter 3: obj=166134570.543598, maxRC=5118128.238817, +15 cols
    [CG]   [DIAG] iter=3 posCols=17 newCols=17 effImprove=17 updated=0
    [CG]   [DIAG] iter=3 posCols=15 newCols=15 effImprove=15 updated=0
    [CG] CG iter 2: obj=161856896.961719, maxRC=10623732.584950, +16 cols
    [CG] CG iter 1: obj=145829751.922722, maxRC=59519752.128890, +23 cols
    [CG]   [DIAG] iter=1 posCols=23 newCols=23 effImprove=23 updated=0
    [CG]   [DIAG] iter=1 posCols=23 newCols=23 effImprove=23 updated=0
    [CG]   [DIAG] iter=2 posCols=16 newCols=16 effImprove=16 updated=0
    [CG] 列生成收敛，共 6 轮迭代
    [CG] [CG-NODE] depth=0 exit=CERTIFIED certified=1 feasible=1 iters=6 generatedColsBeforeNode=0 newCols=63 posCandidates=63 duplicateCandidates=0 updatedCols=0 zeroObjImproveIters=1 objFirst=145943967.878115 objLast=175733254.715390 objGain=29789286.837276 maxRC=59519752.128890 wallSec=0.013492 pricingSec=0.008885 cplexSolveSec=0.002232
    [CG]   [DIAG] iter=1 posCols=23 newCols=23 effImprove=23 updated=0
      [BB] 根节点即为整数解，obj=175733254.715390
    [CG] CG iter 4: obj=175742465.964025, maxRC=2671769.720189, +6 cols
    [CG]   [DIAG] iter=4 posCols=6 newCols=6 effImprove=6 updated=0
    [CG] CG iter 4: obj=175537665.760386, maxRC=2154604.503576, +6 cols
    [CG]   [DIAG] iter=4 posCols=6 newCols=6 effImprove=6 updated=0
    [CG] CG iter 3: obj=165880007.742135, maxRC=4672035.129069, +14 cols
    [CG] CG iter 5: obj=175794420.190211, maxRC=948061.476189, +1 cols
    [CG]   [DIAG] iter=5 posCols=1 newCols=1 effImprove=1 updated=0
    [CG]   [DIAG] iter=3 posCols=14 newCols=14 effImprove=14 updated=0
    [CG] CG iter 2: obj=161711431.216266, maxRC=9506440.761740, +17 cols
    [CG] 列生成开始，初始列数=128
    [CG]   [DIAG] iter=2 posCols=17 newCols=17 effImprove=17 updated=0
    [CG] CG iter 2: obj=161742662.093673, maxRC=10681805.202974, +16 cols
    [CG] 列生成收敛，共 6 轮迭代
    [CG] [CG-NODE] depth=0 exit=CERTIFIED certified=1 feasible=1 iters=6 generatedColsBeforeNode=0 newCols=61 posCandidates=61 duplicateCandidates=0 updatedCols=0 zeroObjImproveIters=1 objFirst=145779012.482199 objLast=175794420.190211 objGain=30015407.708011 maxRC=59519779.058582 wallSec=0.014605 pricingSec=0.009935 cplexSolveSec=0.002499
    [CG]   [DIAG] iter=2 posCols=16 newCols=16 effImprove=16 updated=0
      [BB] 根节点即为整数解，obj=175794420.190211
    [CG] CG iter 4: obj=174495863.973197, maxRC=2360736.199329, +8 cols
    [CG] CG iter 2: obj=161752191.300229, maxRC=10623485.371715, +16 cols
    [CG] CG iter 5: obj=175567956.233580, maxRC=16586.833416, +1 cols
    [CG]   [DIAG] iter=4 posCols=8 newCols=8 effImprove=8 updated=0
    [CG]   [DIAG] iter=5 posCols=1 newCols=1 effImprove=1 updated=0
    [CG]   [DIAG] iter=2 posCols=16 newCols=16 effImprove=16 updated=0
    [CG] CG iter 3: obj=175483249.942663, maxRC=4435618.366963, +9 cols
    [CG]   [DIAG] iter=3 posCols=9 newCols=9 effImprove=9 updated=0
    [CG] CG iter 5: obj=175810434.974468, maxRC=332016.277198, +2 cols
    [CG]   [DIAG] iter=5 posCols=2 newCols=2 effImprove=2 updated=0
    [CG] 列生成收敛，共 6 轮迭代
    [CG] [CG-NODE] depth=0 exit=CERTIFIED certified=1 feasible=1 iters=6 generatedColsBeforeNode=0 newCols=63 posCandidates=63 duplicateCandidates=0 updatedCols=0 zeroObjImproveIters=1 objFirst=145757798.548760 objLast=175567956.233580 objGain=29810157.684819 maxRC=59517066.137535 wallSec=0.015096 pricingSec=0.009811 cplexSolveSec=0.002835
    [CG] CG iter 3: obj=166030503.665641, maxRC=5118128.238817, +15 cols
      [BB] 根节点即为整数解，obj=175567956.233580
    [CG] CG iter 4: obj=175483249.942663, maxRC=1470050.039766, +6 cols
    [CG]   [DIAG] iter=4 posCols=6 newCols=6 effImprove=6 updated=0
    [CG]   [DIAG] iter=3 posCols=15 newCols=15 effImprove=15 updated=0
    [CG] 列生成收敛，共 6 轮迭代
    [CG] [CG-NODE] depth=0 exit=CERTIFIED certified=1 feasible=1 iters=6 generatedColsBeforeNode=0 newCols=63 posCandidates=63 duplicateCandidates=0 updatedCols=0 zeroObjImproveIters=1 objFirst=145997731.607137 objLast=175810434.974468 objGain=29812703.367331 maxRC=59519766.154613 wallSec=0.016201 pricingSec=0.010831 cplexSolveSec=0.002801
    [CG] 列生成开始，初始列数=128
      [BB] 根节点即为整数解，obj=175810434.974468
    [CG] CG iter 3: obj=166062080.876041, maxRC=5109833.248586, +15 cols
    [CG] CG iter 4: obj=175615958.160466, maxRC=2671769.720189, +6 cols
    [CG]   [DIAG] iter=3 posCols=15 newCols=15 effImprove=15 updated=0
    [CG] 列生成收敛，共 5 轮迭代
    [CG]   [DIAG] iter=4 posCols=6 newCols=6 effImprove=6 updated=0
    [CG] [CG-NODE] depth=0 exit=CERTIFIED certified=1 feasible=1 iters=5 generatedColsBeforeNode=0 newCols=55 posCandidates=55 duplicateCandidates=0 updatedCols=0 zeroObjImproveIters=1 objFirst=145787795.124988 objLast=175538289.990906 objGain=29750494.865918 maxRC=59519789.391480 wallSec=0.016636 pricingSec=0.011186 cplexSolveSec=0.002781
      [BB] 根节点即为整数解，obj=175538289.990906
    [CG] CG iter 5: obj=175669988.316204, maxRC=959443.138533, +1 cols
    [CG]   [DIAG] iter=5 posCols=1 newCols=1 effImprove=1 updated=0
    [CG] CG iter 4: obj=175654582.643285, maxRC=2668287.651064, +6 cols
    [CG]   [DIAG] iter=4 posCols=6 newCols=6 effImprove=6 updated=0
    [CG] 列生成开始，初始列数=128
    [CG] 列生成收敛，共 6 轮迭代
    [CG] [CG-NODE] depth=0 exit=CERTIFIED certified=1 feasible=1 iters=6 generatedColsBeforeNode=0 newCols=61 posCandidates=61 duplicateCandidates=0 updatedCols=0 zeroObjImproveIters=1 objFirst=145829751.922722 objLast=175669988.316204 objGain=29840236.393481 maxRC=59519752.128890 wallSec=0.017706 pricingSec=0.011848 cplexSolveSec=0.003159
      [BB] 根节点即为整数解，obj=175669988.316204
    [CG] 列生成开始，初始列数=128
    [CG] 列生成开始，初始列数=128
    [CG] CG iter 5: obj=175700019.853307, maxRC=932630.036471, +1 cols
    [CG]   [DIAG] iter=5 posCols=1 newCols=1 effImprove=1 updated=0
    [CG] 列生成开始，初始列数=128
    [CG] 列生成收敛，共 6 轮迭代
    [CG] [CG-NODE] depth=0 exit=CERTIFIED certified=1 feasible=1 iters=6 generatedColsBeforeNode=0 newCols=61 posCandidates=61 duplicateCandidates=0 updatedCols=0 zeroObjImproveIters=1 objFirst=145554171.593193 objLast=175700019.853307 objGain=30145848.260114 maxRC=59519752.288062 wallSec=0.019244 pricingSec=0.012423 cplexSolveSec=0.003736
      [BB] 根节点即为整数解，obj=175700019.853307
    [CG] 列生成开始，初始列数=128
    [CG] CG iter 1: obj=145198646.258443, maxRC=59508395.561310, +23 cols
    [CG] 列生成开始，初始列数=128
    [CG]   [DIAG] iter=1 posCols=23 newCols=23 effImprove=23 updated=0
    [CG] CG iter 1: obj=145962908.259120, maxRC=59519752.128890, +23 cols
    [CG]   [DIAG] iter=1 posCols=23 newCols=23 effImprove=23 updated=0
    [CG] CG iter 2: obj=161589477.456512, maxRC=10661177.978333, +16 cols
    [CG]   [DIAG] iter=2 posCols=16 newCols=16 effImprove=16 updated=0
    [CG] CG iter 1: obj=145823223.404793, maxRC=59427895.609356, +23 cols
    [CG]   [DIAG] iter=1 posCols=23 newCols=23 effImprove=23 updated=0
    [CG] CG iter 2: obj=161889085.540508, maxRC=10623485.371715, +16 cols
    [CG]   [DIAG] iter=2 posCols=16 newCols=16 effImprove=16 updated=0
    [CG] CG iter 3: obj=165300351.182831, maxRC=4421095.305855, +14 cols
    [CG]   [DIAG] iter=3 posCols=14 newCols=14 effImprove=14 updated=0
    [CG] CG iter 3: obj=165896192.370443, maxRC=4673035.343078, +14 cols
    [CG] CG iter 2: obj=161712388.810774, maxRC=10583079.134471, +16 cols
    [CG]   [DIAG] iter=3 posCols=14 newCols=14 effImprove=14 updated=0
    [CG]   [DIAG] iter=2 posCols=16 newCols=16 effImprove=16 updated=0
    [CG] CG iter 4: obj=173710329.739389, maxRC=1417288.197715, +5 cols
    [CG]   [DIAG] iter=4 posCols=5 newCols=5 effImprove=5 updated=0
    [CG] CG iter 4: obj=174518081.723068, maxRC=2360557.280068, +8 cols
    [CG]   [DIAG] iter=4 posCols=8 newCols=8 effImprove=8 updated=0
    [CG] CG iter 3: obj=165740487.473020, maxRC=4697009.541840, +14 cols
    [CG]   [DIAG] iter=3 posCols=14 newCols=14 effImprove=14 updated=0
    [CG] CG iter 5: obj=175832888.425855, maxRC=351752.850290, +2 cols
    [CG]   [DIAG] iter=5 posCols=2 newCols=2 effImprove=2 updated=0
    [CG] CG iter 1: obj=145774854.704132, maxRC=59519644.926662, +23 cols
    [CG] CG iter 5: obj=175127617.937105, maxRC=410431.563429, +1 cols
    [CG]   [DIAG] iter=5 posCols=1 newCols=1 effImprove=1 updated=0
    [CG]   [DIAG] iter=1 posCols=23 newCols=23 effImprove=23 updated=0
    [CG] CG iter 4: obj=174404768.733468, maxRC=2360795.017688, +8 cols
    [CG]   [DIAG] iter=4 posCols=8 newCols=8 effImprove=8 updated=0
    [CG] 列生成收敛，共 6 轮迭代
    [CG] [CG-NODE] depth=0 exit=CERTIFIED certified=1 feasible=1 iters=6 generatedColsBeforeNode=0 newCols=63 posCandidates=63 duplicateCandidates=0 updatedCols=0 zeroObjImproveIters=1 objFirst=145962908.259120 objLast=175832888.425855 objGain=29869980.166735 maxRC=59519752.128890 wallSec=0.009301 pricingSec=0.005979 cplexSolveSec=0.001811
      [BB] 根节点即为整数解，obj=175832888.425855
    [CG] CG iter 6: obj=175127617.937105, maxRC=137869.261682, +1 cols
    [CG]   [DIAG] iter=6 posCols=1 newCols=1 effImprove=1 updated=0
    [CG] CG iter 5: obj=175710412.068231, maxRC=330393.929804, +2 cols
    [CG]   [DIAG] iter=5 posCols=2 newCols=2 effImprove=2 updated=0
    [CG] CG iter 1: obj=145777825.071570, maxRC=59519481.825103, +23 cols
    [CG] 列生成收敛，共 6 轮迭代
    [CG] [CG-NODE] depth=0 exit=CERTIFIED certified=1 feasible=1 iters=6 generatedColsBeforeNode=0 newCols=63 posCandidates=63 duplicateCandidates=0 updatedCols=0 zeroObjImproveIters=1 objFirst=145823223.404793 objLast=175710412.068231 objGain=29887188.663438 maxRC=59427895.609356 wallSec=0.009902 pricingSec=0.006311 cplexSolveSec=0.001929
    [CG] 列生成收敛，共 7 轮迭代
    [CG] CG iter 2: obj=161723935.334961, maxRC=10782969.169069, +16 cols
    [CG] [CG-NODE] depth=0 exit=CERTIFIED certified=1 feasible=1 iters=7 generatedColsBeforeNode=0 newCols=60 posCandidates=60 duplicateCandidates=0 updatedCols=0 zeroObjImproveIters=2 objFirst=145198646.258443 objLast=175127617.937105 objGain=29928971.678662 maxRC=59508395.561310 wallSec=0.014772 pricingSec=0.009767 cplexSolveSec=0.002804
    [CG]   [DIAG] iter=1 posCols=23 newCols=23 effImprove=23 updated=0
    [CG]   [DIAG] iter=2 posCols=16 newCols=16 effImprove=16 updated=0
      [BB] 根节点即为整数解，obj=175710412.068231
      [BB] 根节点即为整数解，obj=175127617.937105
    [CG] CG iter 3: obj=165838066.815859, maxRC=5118128.238817, +17 cols
    [CG]   [DIAG] iter=3 posCols=17 newCols=17 effImprove=17 updated=0
    [CG] CG iter 1: obj=146010770.913800, maxRC=59519800.737826, +23 cols
    [CG]   [DIAG] iter=1 posCols=23 newCols=23 effImprove=23 updated=0
    [CG] 列生成开始，初始列数=128
    [CG] CG iter 1: obj=145715437.544865, maxRC=59427895.609356, +23 cols
    [CG] CG iter 2: obj=161754288.429863, maxRC=10623512.806048, +16 cols
    [CG] CG iter 4: obj=175500730.554164, maxRC=2147715.425774, +6 cols
    [CG]   [DIAG] iter=4 posCols=6 newCols=6 effImprove=6 updated=0
    [CG]   [DIAG] iter=2 posCols=16 newCols=16 effImprove=16 updated=0
    [CG] 列生成开始，初始列数=128
    [CG]   [DIAG] iter=1 posCols=23 newCols=23 effImprove=23 updated=0
    [CG] CG iter 2: obj=161875198.649497, maxRC=10641252.803509, +16 cols
    [CG]   [DIAG] iter=2 posCols=16 newCols=16 effImprove=16 updated=0
    [CG] CG iter 5: obj=175538042.664490, maxRC=8589.989017, +2 cols
    [CG] 列生成开始，初始列数=128
    [CG]   [DIAG] iter=5 posCols=2 newCols=2 effImprove=2 updated=0
    [CG] 列生成收敛，共 6 轮迭代
    [CG] [CG-NODE] depth=0 exit=CERTIFIED certified=1 feasible=1 iters=6 generatedColsBeforeNode=0 newCols=64 posCandidates=64 duplicateCandidates=0 updatedCols=0 zeroObjImproveIters=1 objFirst=145774854.704132 objLast=175538042.664490 objGain=29763187.960358 maxRC=59519644.926662 wallSec=0.012162 pricingSec=0.008187 cplexSolveSec=0.002232
      [BB] 根节点即为整数解，obj=175538042.664490
    [CG] CG iter 3: obj=165890669.381136, maxRC=4678574.503970, +14 cols
    [CG] CG iter 3: obj=166032520.474741, maxRC=5117883.828552, +15 cols
    [CG]   [DIAG] iter=3 posCols=14 newCols=14 effImprove=14 updated=0
    [CG] CG iter 2: obj=161686796.119166, maxRC=10636218.003581, +16 cols
    [CG]   [DIAG] iter=3 posCols=15 newCols=15 effImprove=15 updated=0
    [CG]   [DIAG] iter=2 posCols=16 newCols=16 effImprove=16 updated=0
    [CG] CG iter 4: obj=175635079.301742, maxRC=2671661.148327, +6 cols
    [CG] CG iter 4: obj=174516267.158528, maxRC=2360557.280068, +8 cols
    [CG]   [DIAG] iter=4 posCols=6 newCols=6 effImprove=6 updated=0
    [CG]   [DIAG] iter=4 posCols=8 newCols=8 effImprove=8 updated=0
    [CG] CG iter 3: obj=165682588.038328, maxRC=4698810.009394, +14 cols
    [CG]   [DIAG] iter=3 posCols=14 newCols=14 effImprove=14 updated=0
    [CG] CG iter 1: obj=145542469.789284, maxRC=59517048.754166, +23 cols
    [CG] CG iter 5: obj=175676675.400022, maxRC=934541.074586, +1 cols
    [CG]   [DIAG] iter=5 posCols=1 newCols=1 effImprove=1 updated=0
    [CG]   [DIAG] iter=1 posCols=23 newCols=23 effImprove=23 updated=0
    [CG] CG iter 5: obj=175826153.343765, maxRC=339558.731377, +2 cols
    [CG]   [DIAG] iter=5 posCols=2 newCols=2 effImprove=2 updated=0
    [CG] 列生成收敛，共 6 轮迭代
    [CG] [CG-NODE] depth=0 exit=CERTIFIED certified=1 feasible=1 iters=6 generatedColsBeforeNode=0 newCols=61 posCandidates=61 duplicateCandidates=0 updatedCols=0 zeroObjImproveIters=1 objFirst=145777825.071570 objLast=175676675.400022 objGain=29898850.328452 maxRC=59519481.825103 wallSec=0.018409 pricingSec=0.012595 cplexSolveSec=0.003253
    [CG] CG iter 4: obj=174349497.528977, maxRC=2360606.063083, +8 cols
    [CG]   [DIAG] iter=4 posCols=8 newCols=8 effImprove=8 updated=0
      [BB] 根节点即为整数解，obj=175676675.400022
    [CG] CG iter 5: obj=175644714.571299, maxRC=350575.105192, +2 cols
    [CG]   [DIAG] iter=5 posCols=2 newCols=2 effImprove=2 updated=0
    [CG] CG iter 2: obj=161531645.907760, maxRC=10738979.526545, +16 cols
    [CG] CG iter 1: obj=145562132.796843, maxRC=59508834.693463, +23 cols
    [CG] 列生成收敛，共 6 轮迭代
    [CG] [CG-NODE] depth=0 exit=CERTIFIED certified=1 feasible=1 iters=6 generatedColsBeforeNode=0 newCols=63 posCandidates=63 duplicateCandidates=0 updatedCols=0 zeroObjImproveIters=1 objFirst=146010770.913800 objLast=175826153.343765 objGain=29815382.429965 maxRC=59519800.737826 wallSec=0.012248 pricingSec=0.007886 cplexSolveSec=0.002504
    [CG]   [DIAG] iter=2 posCols=16 newCols=16 effImprove=16 updated=0
    [CG]   [DIAG] iter=1 posCols=23 newCols=23 effImprove=23 updated=0
    [CG] 列生成开始，初始列数=128
      [BB] 根节点即为整数解，obj=175826153.343765
    [CG] 列生成收敛，共 6 轮迭代
    [CG] [CG-NODE] depth=0 exit=CERTIFIED certified=1 feasible=1 iters=6 generatedColsBeforeNode=0 newCols=63 posCandidates=63 duplicateCandidates=0 updatedCols=0 zeroObjImproveIters=1 objFirst=145715437.544865 objLast=175644714.571299 objGain=29929277.026434 maxRC=59427895.609356 wallSec=0.018058 pricingSec=0.012236 cplexSolveSec=0.003065
      [BB] 根节点即为整数解，obj=175644714.571299
    [CG] CG iter 2: obj=161853112.976670, maxRC=10641319.793940, +16 cols
    [CG]   [DIAG] iter=2 posCols=16 newCols=16 effImprove=16 updated=0
    [CG] CG iter 3: obj=164850033.389748, maxRC=5572192.951011, +16 cols
    [CG]   [DIAG] iter=3 posCols=16 newCols=16 effImprove=16 updated=0
    [CG] CG iter 3: obj=165636854.501025, maxRC=4575035.188296, +14 cols
    [CG]   [DIAG] iter=3 posCols=14 newCols=14 effImprove=14 updated=0
    [CG] 列生成开始，初始列数=128
    [CG] CG iter 4: obj=174189442.267553, maxRC=1500710.894606, +5 cols
    [CG]   [DIAG] iter=4 posCols=5 newCols=5 effImprove=5 updated=0
    [CG] CG iter 4: obj=173986858.616778, maxRC=2365842.988605, +7 cols
    [CG]   [DIAG] iter=4 posCols=7 newCols=7 effImprove=7 updated=0
    [CG] CG iter 5: obj=175542264.769338, maxRC=424140.784132, +1 cols
    [CG]   [DIAG] iter=5 posCols=1 newCols=1 effImprove=1 updated=0
    [CG] CG iter 6: obj=175542264.769338, maxRC=145866.739001, +1 cols
    [CG]   [DIAG] iter=6 posCols=1 newCols=1 effImprove=1 updated=0
    [CG] CG iter 5: obj=175200172.344115, maxRC=68767.087296, +1 cols
    [CG]   [DIAG] iter=5 posCols=1 newCols=1 effImprove=1 updated=0
    [CG] 列生成收敛，共 7 轮迭代
    [CG] [CG-NODE] depth=0 exit=CERTIFIED certified=1 feasible=1 iters=7 generatedColsBeforeNode=0 newCols=60 posCandidates=60 duplicateCandidates=0 updatedCols=0 zeroObjImproveIters=2 objFirst=145562132.796843 objLast=175542264.769338 objGain=29980131.972495 maxRC=59508834.693463 wallSec=0.007757 pricingSec=0.004748 cplexSolveSec=0.001637
    [CG] 列生成开始，初始列数=128
      [BB] 根节点即为整数解，obj=175542264.769338
    [CG] 列生成开始，初始列数=128
    [CG] 列生成收敛，共 6 轮迭代
    [CG] [CG-NODE] depth=0 exit=CERTIFIED certified=1 feasible=1 iters=6 generatedColsBeforeNode=0 newCols=63 posCandidates=63 duplicateCandidates=0 updatedCols=0 zeroObjImproveIters=0 objFirst=145542469.789284 objLast=175268939.431411 objGain=29726469.642126 maxRC=59517048.754166 wallSec=0.017102 pricingSec=0.011592 cplexSolveSec=0.002939
      [BB] 根节点即为整数解，obj=175268939.431411
    [CG] CG iter 1: obj=145512182.048252, maxRC=59519752.128890, +23 cols
    [CG]   [DIAG] iter=1 posCols=23 newCols=23 effImprove=23 updated=0
    [CG] CG iter 1: obj=146006320.619716, maxRC=59519752.128890, +23 cols
    [CG]   [DIAG] iter=1 posCols=23 newCols=23 effImprove=23 updated=0
    [CG] 列生成开始，初始列数=128
    [CG] CG iter 2: obj=161723106.880651, maxRC=10661063.970137, +16 cols
    [CG]   [DIAG] iter=2 posCols=16 newCols=16 effImprove=16 updated=0
    [CG] CG iter 2: obj=161889109.980773, maxRC=10623485.371715, +16 cols
    [CG] 列生成开始，初始列数=128
    [CG]   [DIAG] iter=2 posCols=16 newCols=16 effImprove=16 updated=0
    [CG] CG iter 1: obj=145653854.137217, maxRC=59519841.930057, +23 cols
    [CG]   [DIAG] iter=1 posCols=23 newCols=23 effImprove=23 updated=0
    [CG] CG iter 1: obj=145577802.621318, maxRC=59518434.882581, +23 cols
    [CG] CG iter 3: obj=165888138.302680, maxRC=4669791.261694, +14 cols
    [CG] CG iter 3: obj=166019493.286414, maxRC=5109833.248586, +15 cols
    [CG]   [DIAG] iter=3 posCols=14 newCols=14 effImprove=14 updated=0
    [CG]   [DIAG] iter=1 posCols=23 newCols=23 effImprove=23 updated=0
    [CG]   [DIAG] iter=3 posCols=15 newCols=15 effImprove=15 updated=0
    [CG] CG iter 1: obj=145720555.785068, maxRC=59465683.938327, +23 cols
    [CG] CG iter 2: obj=161752197.309532, maxRC=10623494.814960, +16 cols
    [CG]   [DIAG] iter=2 posCols=16 newCols=16 effImprove=16 updated=0
    [CG]   [DIAG] iter=1 posCols=23 newCols=23 effImprove=23 updated=0
    [CG] CG iter 4: obj=175601183.408717, maxRC=2668287.651064, +6 cols
    [CG]   [DIAG] iter=4 posCols=6 newCols=6 effImprove=6 updated=0
    [CG] CG iter 4: obj=174507800.275056, maxRC=2360557.297400, +8 cols
    [CG]   [DIAG] iter=4 posCols=8 newCols=8 effImprove=8 updated=0
    [CG] CG iter 2: obj=161773062.039329, maxRC=10661483.989990, +16 cols
    [CG]   [DIAG] iter=2 posCols=16 newCols=16 effImprove=16 updated=0
    [CG] CG iter 3: obj=166062060.837627, maxRC=5109833.248586, +15 cols
    [CG] CG iter 5: obj=175645880.000590, maxRC=945828.993330, +1 cols
    [CG]   [DIAG] iter=5 posCols=1 newCols=1 effImprove=1 updated=0
    [CG] CG iter 2: obj=161770125.204691, maxRC=10594296.419547, +16 cols
    [CG]   [DIAG] iter=3 posCols=15 newCols=15 effImprove=15 updated=0
    [CG]   [DIAG] iter=2 posCols=16 newCols=16 effImprove=16 updated=0
    [CG] CG iter 5: obj=175822608.583186, maxRC=358838.562847, +2 cols
    [CG]   [DIAG] iter=5 posCols=2 newCols=2 effImprove=2 updated=0
    [CG] 列生成收敛，共 6 轮迭代
    [CG] [CG-NODE] depth=0 exit=CERTIFIED certified=1 feasible=1 iters=6 generatedColsBeforeNode=0 newCols=61 posCandidates=61 duplicateCandidates=0 updatedCols=0 zeroObjImproveIters=1 objFirst=145512182.048252 objLast=175645880.000590 objGain=30133697.952338 maxRC=59519752.128890 wallSec=0.014788 pricingSec=0.010307 cplexSolveSec=0.002463
    [CG] CG iter 4: obj=175654536.557154, maxRC=2668287.651064, +6 cols
    [CG]   [DIAG] iter=4 posCols=6 newCols=6 effImprove=6 updated=0
    [CG] CG iter 3: obj=165496256.320244, maxRC=4517259.980711, +14 cols
      [BB] 根节点即为整数解，obj=175645880.000590
    [CG]   [DIAG] iter=3 posCols=14 newCols=14 effImprove=14 updated=0
    [CG] CG iter 3: obj=165799290.668166, maxRC=4692488.736410, +14 cols
    [CG] 列生成收敛，共 6 轮迭代
    [CG]   [DIAG] iter=3 posCols=14 newCols=14 effImprove=14 updated=0
    [CG] [CG-NODE] depth=0 exit=CERTIFIED certified=1 feasible=1 iters=6 generatedColsBeforeNode=0 newCols=63 posCandidates=63 duplicateCandidates=0 updatedCols=0 zeroObjImproveIters=1 objFirst=146006320.619716 objLast=175822608.583186 objGain=29816287.963470 maxRC=59519752.128890 wallSec=0.013916 pricingSec=0.009456 cplexSolveSec=0.002652
    [CG] CG iter 5: obj=175699946.666825, maxRC=932630.036471, +1 cols
    [CG]   [DIAG] iter=5 posCols=1 newCols=1 effImprove=1 updated=0
      [BB] 根节点即为整数解，obj=175822608.583186
    [CG] CG iter 4: obj=173999809.962110, maxRC=1470614.412610, +5 cols
    [CG]   [DIAG] iter=4 posCols=5 newCols=5 effImprove=5 updated=0
    [CG] CG iter 4: obj=174441488.263416, maxRC=2360606.063083, +8 cols
    [CG]   [DIAG] iter=4 posCols=8 newCols=8 effImprove=8 updated=0
    [CG] 列生成收敛，共 6 轮迭代
    [CG] [CG-NODE] depth=0 exit=CERTIFIED certified=1 feasible=1 iters=6 generatedColsBeforeNode=0 newCols=61 posCandidates=61 duplicateCandidates=0 updatedCols=0 zeroObjImproveIters=1 objFirst=145653854.137217 objLast=175699946.666825 objGain=30046092.529608 maxRC=59519841.930057 wallSec=0.007958 pricingSec=0.005058 cplexSolveSec=0.001644
      [BB] 根节点即为整数解，obj=175699946.666825
    [CG] CG iter 5: obj=175380334.484258, maxRC=420256.822211, +1 cols
    [CG]   [DIAG] iter=5 posCols=1 newCols=1 effImprove=1 updated=0
    [CG] CG iter 5: obj=175762920.404937, maxRC=335575.977108, +2 cols
    [CG]   [DIAG] iter=5 posCols=2 newCols=2 effImprove=2 updated=0
    [CG] 列生成收敛，共 6 轮迭代
    [CG] [CG-NODE] depth=0 exit=CERTIFIED certified=1 feasible=1 iters=6 generatedColsBeforeNode=0 newCols=63 posCandidates=63 duplicateCandidates=0 updatedCols=0 zeroObjImproveIters=1 objFirst=145720555.785068 objLast=175762920.404937 objGain=30042364.619869 maxRC=59465683.938327 wallSec=0.008777 pricingSec=0.005504 cplexSolveSec=0.001802
      [BB] 根节点即为整数解，obj=175762920.404937
    [CG] CG iter 6: obj=175380334.484258, maxRC=143600.972141, +1 cols
    [CG]   [DIAG] iter=6 posCols=1 newCols=1 effImprove=1 updated=0
    [CG] CG iter 1: obj=145548549.037220, maxRC=59519403.483036, +23 cols
    [CG]   [DIAG] iter=1 posCols=23 newCols=23 effImprove=23 updated=0
    [CG] 列生成收敛，共 7 轮迭代
    [CG] [CG-NODE] depth=0 exit=CERTIFIED certified=1 feasible=1 iters=7 generatedColsBeforeNode=0 newCols=60 posCandidates=60 duplicateCandidates=0 updatedCols=0 zeroObjImproveIters=2 objFirst=145577802.621318 objLast=175380334.484258 objGain=29802531.862940 maxRC=59518434.882581 wallSec=0.011560 pricingSec=0.007207 cplexSolveSec=0.002605
    [CG] CG iter 1: obj=145950017.739889, maxRC=59434539.272980, +23 cols
      [BB] 根节点即为整数解，obj=175380334.484258
    [CG]   [DIAG] iter=1 posCols=23 newCols=23 effImprove=23 updated=0
    [CG] CG iter 2: obj=161752191.300229, maxRC=10623485.371715, +16 cols
    [CG]   [DIAG] iter=2 posCols=16 newCols=16 effImprove=16 updated=0
    [CG] CG iter 2: obj=161724833.374222, maxRC=9427755.024239, +17 cols
    [CG]   [DIAG] iter=2 posCols=17 newCols=17 effImprove=17 updated=0
    [CG] CG iter 1: obj=145863420.833808, maxRC=59513034.735019, +23 cols
    [CG]   [DIAG] iter=1 posCols=23 newCols=23 effImprove=23 updated=0
    [CG] CG iter 3: obj=172040641.386733, maxRC=9674306.586068, +15 cols
    [CG]   [DIAG] iter=3 posCols=15 newCols=15 effImprove=15 updated=0
    [CG] CG iter 3: obj=166062080.876041, maxRC=5109833.248586, +15 cols
    [CG]   [DIAG] iter=3 posCols=15 newCols=15 effImprove=15 updated=0
    [CG] CG iter 4: obj=174548598.564990, maxRC=5152035.549831, +12 cols
    [CG]   [DIAG] iter=4 posCols=12 newCols=12 effImprove=12 updated=0
    [CG] CG iter 2: obj=161876746.874475, maxRC=10638459.062252, +16 cols
    [CG]   [DIAG] iter=2 posCols=16 newCols=16 effImprove=16 updated=0
    [CG] CG iter 4: obj=175654582.643285, maxRC=2668287.651064, +6 cols
    [CG]   [DIAG] iter=4 posCols=6 newCols=6 effImprove=6 updated=0
    [CG] CG iter 5: obj=174548598.564990, maxRC=1183516.693237, +5 cols
    [CG]   [DIAG] iter=5 posCols=5 newCols=5 effImprove=5 updated=0
    [CG] CG iter 6: obj=175732115.258226, maxRC=1050126.218616, +3 cols
    [CG]   [DIAG] iter=6 posCols=3 newCols=3 effImprove=3 updated=0
    [CG] CG iter 5: obj=175700019.853307, maxRC=932630.036471, +1 cols
    [CG]   [DIAG] iter=5 posCols=1 newCols=1 effImprove=1 updated=0
    [CG] 列生成收敛，共 7 轮迭代
    [CG] [CG-NODE] depth=0 exit=CERTIFIED certified=1 feasible=1 iters=7 generatedColsBeforeNode=0 newCols=75 posCandidates=75 duplicateCandidates=0 updatedCols=0 zeroObjImproveIters=2 objFirst=145950017.739889 objLast=175732115.258226 objGain=29782097.518337 maxRC=59434539.272980 wallSec=0.012439 pricingSec=0.008162 cplexSolveSec=0.002408
    [CG] CG iter 3: obj=165879160.887695, maxRC=4673042.811572, +14 cols
    [CG]   [DIAG] iter=3 posCols=14 newCols=14 effImprove=14 updated=0
      [BB] 根节点即为整数解，obj=175732115.258226
    [CG] 列生成收敛，共 6 轮迭代
    [CG] [CG-NODE] depth=0 exit=CERTIFIED certified=1 feasible=1 iters=6 generatedColsBeforeNode=0 newCols=61 posCandidates=61 duplicateCandidates=0 updatedCols=0 zeroObjImproveIters=1 objFirst=145548549.037220 objLast=175700019.853307 objGain=30151470.816087 maxRC=59519403.483036 wallSec=0.019227 pricingSec=0.012892 cplexSolveSec=0.003580
      [BB] 根节点即为整数解，obj=175700019.853307
    [CG] CG iter 4: obj=174500842.278859, maxRC=2360557.297400, +8 cols
    [CG]   [DIAG] iter=4 posCols=8 newCols=8 effImprove=8 updated=0
    [CG] CG iter 5: obj=175811595.350587, maxRC=351756.738854, +2 cols
    [CG]   [DIAG] iter=5 posCols=2 newCols=2 effImprove=2 updated=0
    [CG] 列生成收敛，共 6 轮迭代
    [CG] [CG-NODE] depth=0 exit=CERTIFIED certified=1 feasible=1 iters=6 generatedColsBeforeNode=0 newCols=63 posCandidates=63 duplicateCandidates=0 updatedCols=0 zeroObjImproveIters=1 objFirst=145863420.833808 objLast=175811595.350587 objGain=29948174.516779 maxRC=59513034.735019 wallSec=0.015327 pricingSec=0.010709 cplexSolveSec=0.002563
      [BB] 根节点即为整数解，obj=175811595.350587
[GA] 代数 4: Best=175883793.46, Avg=175687732.89, Worst=175156503.62, Valid=30/30, 耗时=0.05s (连续4代未提升)
  ├─ 求解: 30 个体 fork 并行 | CG迭代=153 加列=1557 BB分支=0
  ├─ 并行墙钟=0.0549s | 串行等效(ΣBP)=0.3545s | 加速比=6.46x
  ├─ 管理开销=-0.2997s (fork=0.0039 wait=0.0505 merge=0.0004)
  └─ CG明细: gen_logs/run_gen4_ind{0..29}.log
    [CG] 列生成开始，初始列数=128
    [CG] 列生成开始，初始列数=128
    [CG] 列生成开始，初始列数=128
    [CG] 列生成开始，初始列数=128
    [CG] 列生成开始，初始列数=128
    [CG] 列生成开始，初始列数=128
    [CG] 列生成开始，初始列数=128
    [CG] 列生成开始，初始列数=128
    [CG] CG iter 1: obj=145715459.389949, maxRC=59427895.609356, +23 cols
    [CG]   [DIAG] iter=1 posCols=23 newCols=23 effImprove=23 updated=0
    [CG] CG iter 2: obj=161686817.964249, maxRC=10636218.003581, +16 cols
    [CG]   [DIAG] iter=2 posCols=16 newCols=16 effImprove=16 updated=0
    [CG] CG iter 3: obj=165682609.883411, maxRC=4698810.009394, +14 cols
    [CG]   [DIAG] iter=3 posCols=14 newCols=14 effImprove=14 updated=0
    [CG] CG iter 4: obj=174349500.745617, maxRC=2360606.063083, +8 cols
    [CG]   [DIAG] iter=4 posCols=8 newCols=8 effImprove=8 updated=0
    [CG] CG iter 5: obj=175644736.416382, maxRC=350575.105192, +2 cols
    [CG]   [DIAG] iter=5 posCols=2 newCols=2 effImprove=2 updated=0
    [CG] 列生成收敛，共 6 轮迭代
    [CG] [CG-NODE] depth=0 exit=CERTIFIED certified=1 feasible=1 iters=6 generatedColsBeforeNode=0 newCols=63 posCandidates=63 duplicateCandidates=0 updatedCols=0 zeroObjImproveIters=1 objFirst=145715459.389949 objLast=175644736.416382 objGain=29929277.026434 maxRC=59427895.609356 wallSec=0.008943 pricingSec=0.005731 cplexSolveSec=0.001793
      [BB] 根节点即为整数解，obj=175644736.416382
    [CG] CG iter 1: obj=145964382.923268, maxRC=59519779.058582, +23 cols
    [CG]   [DIAG] iter=1 posCols=23 newCols=23 effImprove=23 updated=0
    [CG] CG iter 1: obj=145554083.934021, maxRC=59519841.930057, +23 cols
    [CG] CG iter 1: obj=145571975.285154, maxRC=59435807.305927, +23 cols
    [CG]   [DIAG] iter=1 posCols=23 newCols=23 effImprove=23 updated=0
    [CG]   [DIAG] iter=1 posCols=23 newCols=23 effImprove=23 updated=0
    [CG] CG iter 2: obj=161888605.046229, maxRC=10623496.537295, +16 cols
    [CG]   [DIAG] iter=2 posCols=16 newCols=16 effImprove=16 updated=0
    [CG] 列生成开始，初始列数=128
    [CG] CG iter 2: obj=161752197.309532, maxRC=10623494.814960, +16 cols
    [CG]   [DIAG] iter=2 posCols=16 newCols=16 effImprove=16 updated=0
    [CG] CG iter 2: obj=161676686.844868, maxRC=10588291.950036, +16 cols
    [CG]   [DIAG] iter=2 posCols=16 newCols=16 effImprove=16 updated=0
    [CG] CG iter 3: obj=165895710.611433, maxRC=4673037.993026, +14 cols
    [CG]   [DIAG] iter=3 posCols=14 newCols=14 effImprove=14 updated=0
    [CG] CG iter 4: obj=174517525.332736, maxRC=2360557.297400, +8 cols
    [CG] CG iter 1: obj=145653937.929080, maxRC=59519752.128890, +23 cols
    [CG]   [DIAG] iter=4 posCols=8 newCols=8 effImprove=8 updated=0
    [CG] CG iter 3: obj=166062068.232618, maxRC=5109833.248586, +15 cols
    [CG]   [DIAG] iter=1 posCols=23 newCols=23 effImprove=23 updated=0
    [CG]   [DIAG] iter=3 posCols=15 newCols=15 effImprove=15 updated=0
    [CG] CG iter 3: obj=165978098.258100, maxRC=5110725.242835, +15 cols
    [CG]   [DIAG] iter=3 posCols=15 newCols=15 effImprove=15 updated=0
    [CG] CG iter 5: obj=175832399.954050, maxRC=351756.738854, +2 cols
    [CG]   [DIAG] iter=5 posCols=2 newCols=2 effImprove=2 updated=0
    [CG] CG iter 1: obj=145582711.293885, maxRC=59519403.483036, +23 cols
    [CG] CG iter 1: obj=145557040.475512, maxRC=59519481.825103, +23 cols
    [CG] CG iter 1: obj=145949012.532774, maxRC=59434539.455120, +23 cols
    [CG]   [DIAG] iter=1 posCols=23 newCols=23 effImprove=23 updated=0
    [CG] CG iter 4: obj=175654536.767637, maxRC=2668287.651064, +6 cols
    [CG]   [DIAG] iter=4 posCols=6 newCols=6 effImprove=6 updated=0
    [CG]   [DIAG] iter=1 posCols=23 newCols=23 effImprove=23 updated=0
    [CG]   [DIAG] iter=1 posCols=23 newCols=23 effImprove=23 updated=0
    [CG] CG iter 4: obj=175584899.881844, maxRC=2668660.271336, +6 cols
    [CG] 列生成收敛，共 6 轮迭代
    [CG] [CG-NODE] depth=0 exit=CERTIFIED certified=1 feasible=1 iters=6 generatedColsBeforeNode=0 newCols=63 posCandidates=63 duplicateCandidates=0 updatedCols=0 zeroObjImproveIters=1 objFirst=145964382.923268 objLast=175832399.954050 objGain=29868017.030783 maxRC=59519779.058582 wallSec=0.014399 pricingSec=0.009473 cplexSolveSec=0.002776
    [CG]   [DIAG] iter=4 posCols=6 newCols=6 effImprove=6 updated=0
      [BB] 根节点即为整数解，obj=175832399.954050
    [CG] CG iter 2: obj=161752191.300229, maxRC=10623485.371715, +16 cols
    [CG] CG iter 5: obj=175699956.408471, maxRC=932630.036471, +1 cols
    [CG]   [DIAG] iter=5 posCols=1 newCols=1 effImprove=1 updated=0
    [CG]   [DIAG] iter=2 posCols=16 newCols=16 effImprove=16 updated=0
    [CG] CG iter 5: obj=175658985.459547, maxRC=949982.807033, +1 cols
    [CG]   [DIAG] iter=5 posCols=1 newCols=1 effImprove=1 updated=0
    [CG] 列生成收敛，共 6 轮迭代
    [CG] [CG-NODE] depth=0 exit=CERTIFIED certified=1 feasible=1 iters=6 generatedColsBeforeNode=0 newCols=61 posCandidates=61 duplicateCandidates=0 updatedCols=0 zeroObjImproveIters=1 objFirst=145554083.934021 objLast=175699956.408471 objGain=30145872.474450 maxRC=59519841.930057 wallSec=0.016023 pricingSec=0.010783 cplexSolveSec=0.002998
    [CG] CG iter 2: obj=161752191.300229, maxRC=10623485.371715, +16 cols
    [CG] 列生成收敛，共 6 轮迭代
    [CG] [CG-NODE] depth=0 exit=CERTIFIED certified=1 feasible=1 iters=6 generatedColsBeforeNode=0 newCols=61 posCandidates=61 duplicateCandidates=0 updatedCols=0 zeroObjImproveIters=1 objFirst=145571975.285154 objLast=175658985.459547 objGain=30087010.174393 maxRC=59435807.305927 wallSec=0.015976 pricingSec=0.010652 cplexSolveSec=0.003008
    [CG] CG iter 2: obj=161724657.947042, maxRC=9427810.408352, +17 cols
    [CG] CG iter 2: obj=161543037.633992, maxRC=10623512.806048, +16 cols
    [CG]   [DIAG] iter=2 posCols=16 newCols=16 effImprove=16 updated=0
      [BB] 根节点即为整数解，obj=175699956.408471
    [CG]   [DIAG] iter=2 posCols=17 newCols=17 effImprove=17 updated=0
    [CG]   [DIAG] iter=2 posCols=16 newCols=16 effImprove=16 updated=0
      [BB] 根节点即为整数解，obj=175658985.459547
    [CG] CG iter 3: obj=166062080.876041, maxRC=5109833.248586, +15 cols
    [CG]   [DIAG] iter=3 posCols=15 newCols=15 effImprove=15 updated=0
    [CG] CG iter 3: obj=172039608.221193, maxRC=9675070.147871, +15 cols
    [CG] CG iter 3: obj=166062080.876041, maxRC=5109833.248586, +15 cols
    [CG] CG iter 3: obj=165821308.335501, maxRC=5117883.828552, +15 cols
    [CG]   [DIAG] iter=3 posCols=15 newCols=15 effImprove=15 updated=0
    [CG]   [DIAG] iter=3 posCols=15 newCols=15 effImprove=15 updated=0
    [CG] CG iter 4: obj=175654582.643285, maxRC=2668287.651064, +6 cols
    [CG]   [DIAG] iter=4 posCols=6 newCols=6 effImprove=6 updated=0
    [CG]   [DIAG] iter=3 posCols=15 newCols=15 effImprove=15 updated=0
    [CG] CG iter 5: obj=175700019.853307, maxRC=932630.036471, +1 cols
    [CG] CG iter 4: obj=175654582.643285, maxRC=2668287.651064, +6 cols
    [CG]   [DIAG] iter=5 posCols=1 newCols=1 effImprove=1 updated=0
    [CG]   [DIAG] iter=4 posCols=6 newCols=6 effImprove=6 updated=0
    [CG] CG iter 4: obj=175423828.505872, maxRC=2671661.148327, +6 cols
    [CG] 列生成开始，初始列数=128
    [CG]   [DIAG] iter=4 posCols=6 newCols=6 effImprove=6 updated=0
    [CG] CG iter 4: obj=174548334.850438, maxRC=5152021.876194, +12 cols
    [CG]   [DIAG] iter=4 posCols=12 newCols=12 effImprove=12 updated=0
    [CG] 列生成收敛，共 6 轮迭代
    [CG] [CG-NODE] depth=0 exit=CERTIFIED certified=1 feasible=1 iters=6 generatedColsBeforeNode=0 newCols=61 posCandidates=61 duplicateCandidates=0 updatedCols=0 zeroObjImproveIters=1 objFirst=145653937.929080 objLast=175700019.853307 objGain=30046081.924227 maxRC=59519752.128890 wallSec=0.018482 pricingSec=0.012561 cplexSolveSec=0.003187
    [CG] 列生成开始，初始列数=128
    [CG] CG iter 5: obj=175700019.853307, maxRC=932630.036471, +1 cols
    [CG]   [DIAG] iter=5 posCols=1 newCols=1 effImprove=1 updated=0
    [CG] CG iter 5: obj=175465424.604151, maxRC=934471.104691, +1 cols
    [CG] 列生成开始，初始列数=128
    [CG]   [DIAG] iter=5 posCols=1 newCols=1 effImprove=1 updated=0
      [BB] 根节点即为整数解，obj=175700019.853307
    [CG] CG iter 5: obj=174548334.850438, maxRC=1183516.693237, +5 cols
    [CG] 列生成收敛，共 6 轮迭代
    [CG]   [DIAG] iter=5 posCols=5 newCols=5 effImprove=5 updated=0
    [CG] [CG-NODE] depth=0 exit=CERTIFIED certified=1 feasible=1 iters=6 generatedColsBeforeNode=0 newCols=61 posCandidates=61 duplicateCandidates=0 updatedCols=0 zeroObjImproveIters=1 objFirst=145582711.293885 objLast=175700019.853307 objGain=30117308.559422 maxRC=59519403.483036 wallSec=0.018623 pricingSec=0.012810 cplexSolveSec=0.003080
    [CG] 列生成收敛，共 6 轮迭代
    [CG] [CG-NODE] depth=0 exit=CERTIFIED certified=1 feasible=1 iters=6 generatedColsBeforeNode=0 newCols=61 posCandidates=61 duplicateCandidates=0 updatedCols=0 zeroObjImproveIters=1 objFirst=145557040.475512 objLast=175465424.604151 objGain=29908384.128639 maxRC=59519481.825103 wallSec=0.018531 pricingSec=0.012646 cplexSolveSec=0.003108
      [BB] 根节点即为整数解，obj=175700019.853307
      [BB] 根节点即为整数解，obj=175465424.604151
    [CG] CG iter 6: obj=175731851.543675, maxRC=1050126.218616, +3 cols
    [CG]   [DIAG] iter=6 posCols=3 newCols=3 effImprove=3 updated=0
    [CG] 列生成收敛，共 7 轮迭代
    [CG] [CG-NODE] depth=0 exit=CERTIFIED certified=1 feasible=1 iters=7 generatedColsBeforeNode=0 newCols=75 posCandidates=75 duplicateCandidates=0 updatedCols=0 zeroObjImproveIters=2 objFirst=145949012.532774 objLast=175731851.543675 objGain=29782839.010901 maxRC=59434539.455120 wallSec=0.020230 pricingSec=0.013550 cplexSolveSec=0.003474
      [BB] 根节点即为整数解，obj=175731851.543675
    [CG] 列生成开始，初始列数=128
    [CG] CG iter 1: obj=145519410.147655, maxRC=59519752.128890, +23 cols
    [CG] 列生成开始，初始列数=128
    [CG]   [DIAG] iter=1 posCols=23 newCols=23 effImprove=23 updated=0
    [CG] 列生成开始，初始列数=128
    [CG] 列生成开始，初始列数=128
    [CG] CG iter 2: obj=161722947.194892, maxRC=10661274.180293, +16 cols
    [CG]   [DIAG] iter=2 posCols=16 newCols=16 effImprove=16 updated=0
    [CG] CG iter 1: obj=145531941.854595, maxRC=59519752.128890, +23 cols
    [CG]   [DIAG] iter=1 posCols=23 newCols=23 effImprove=23 updated=0
    [CG] CG iter 2: obj=161723106.880651, maxRC=10661063.970137, +16 cols
    [CG]   [DIAG] iter=2 posCols=16 newCols=16 effImprove=16 updated=0
    [CG] CG iter 3: obj=166005726.563404, maxRC=5109833.248586, +15 cols
    [CG]   [DIAG] iter=3 posCols=15 newCols=15 effImprove=15 updated=0
    [CG] CG iter 3: obj=166019493.286414, maxRC=5109833.248586, +15 cols
    [CG]   [DIAG] iter=3 posCols=15 newCols=15 effImprove=15 updated=0
    [CG] CG iter 1: obj=145622632.779195, maxRC=59439708.266435, +23 cols
    [CG] CG iter 4: obj=175588587.381649, maxRC=2668287.651064, +6 cols
    [CG]   [DIAG] iter=1 posCols=23 newCols=23 effImprove=23 updated=0
    [CG]   [DIAG] iter=4 posCols=6 newCols=6 effImprove=6 updated=0
    [CG] CG iter 4: obj=175601183.408717, maxRC=2668287.651064, +6 cols
    [CG]   [DIAG] iter=4 posCols=6 newCols=6 effImprove=6 updated=0
    [CG] CG iter 1: obj=145547270.726660, maxRC=59519752.128890, +23 cols
    [CG] CG iter 5: obj=175645880.000590, maxRC=945828.993330, +1 cols
    [CG]   [DIAG] iter=5 posCols=1 newCols=1 effImprove=1 updated=0
    [CG] CG iter 5: obj=175627738.957170, maxRC=945903.258824, +1 cols
    [CG]   [DIAG] iter=5 posCols=1 newCols=1 effImprove=1 updated=0
    [CG]   [DIAG] iter=1 posCols=23 newCols=23 effImprove=23 updated=0
    [CG] 列生成收敛，共 6 轮迭代
    [CG] [CG-NODE] depth=0 exit=CERTIFIED certified=1 feasible=1 iters=6 generatedColsBeforeNode=0 newCols=61 posCandidates=61 duplicateCandidates=0 updatedCols=0 zeroObjImproveIters=1 objFirst=145531941.854595 objLast=175645880.000590 objGain=30113938.145995 maxRC=59519752.128890 wallSec=0.010237 pricingSec=0.006752 cplexSolveSec=0.001875
      [BB] 根节点即为整数解，obj=175645880.000590
    [CG] CG iter 2: obj=161721630.263032, maxRC=10571427.704025, +16 cols
    [CG]   [DIAG] iter=2 posCols=16 newCols=16 effImprove=16 updated=0
    [CG] 列生成收敛，共 6 轮迭代
    [CG] [CG-NODE] depth=0 exit=CERTIFIED certified=1 feasible=1 iters=6 generatedColsBeforeNode=0 newCols=61 posCandidates=61 duplicateCandidates=0 updatedCols=0 zeroObjImproveIters=1 objFirst=145519410.147655 objLast=175627738.957170 objGain=30108328.809515 maxRC=59519752.128890 wallSec=0.018228 pricingSec=0.012956 cplexSolveSec=0.002996
      [BB] 根节点即为整数解，obj=175627738.957170
    [CG] CG iter 2: obj=161744457.640945, maxRC=10661063.970137, +16 cols
    [CG]   [DIAG] iter=2 posCols=16 newCols=16 effImprove=16 updated=0
    [CG] CG iter 3: obj=165753910.370212, maxRC=4695539.658681, +14 cols
    [CG] CG iter 1: obj=145811823.736283, maxRC=59465683.938327, +23 cols
    [CG]   [DIAG] iter=3 posCols=14 newCols=14 effImprove=14 updated=0
    [CG]   [DIAG] iter=1 posCols=23 newCols=23 effImprove=23 updated=0
    [CG] CG iter 4: obj=174413436.398449, maxRC=2360790.971128, +8 cols
    [CG]   [DIAG] iter=4 posCols=8 newCols=8 effImprove=8 updated=0
    [CG] CG iter 3: obj=166038756.354354, maxRC=5109833.248586, +15 cols
    [CG]   [DIAG] iter=3 posCols=15 newCols=15 effImprove=15 updated=0
    [CG] CG iter 5: obj=175725409.465044, maxRC=330506.532769, +2 cols
    [CG] CG iter 1: obj=146010728.453097, maxRC=59519798.014298, +23 cols
    [CG]   [DIAG] iter=5 posCols=2 newCols=2 effImprove=2 updated=0
    [CG] 列生成开始，初始列数=128
    [CG]   [DIAG] iter=1 posCols=23 newCols=23 effImprove=23 updated=0
    [CG] 列生成开始，初始列数=128
    [CG] CG iter 2: obj=161782189.695261, maxRC=10594296.419547, +16 cols
    [CG] 列生成收敛，共 6 轮迭代
    [CG] [CG-NODE] depth=0 exit=CERTIFIED certified=1 feasible=1 iters=6 generatedColsBeforeNode=0 newCols=63 posCandidates=63 duplicateCandidates=0 updatedCols=0 zeroObjImproveIters=1 objFirst=145622632.779195 objLast=175725409.465044 objGain=30102776.685849 maxRC=59439708.266435 wallSec=0.013480 pricingSec=0.009017 cplexSolveSec=0.002467
    [CG]   [DIAG] iter=2 posCols=16 newCols=16 effImprove=16 updated=0
    [CG] CG iter 4: obj=175622534.169011, maxRC=2668287.651064, +6 cols
      [BB] 根节点即为整数解，obj=175725409.465044
    [CG]   [DIAG] iter=4 posCols=6 newCols=6 effImprove=6 updated=0
    [CG] CG iter 1: obj=145695209.121114, maxRC=59436005.252399, +23 cols
    [CG] CG iter 2: obj=161875198.649497, maxRC=10641252.803509, +16 cols
    [CG]   [DIAG] iter=2 posCols=16 newCols=16 effImprove=16 updated=0
    [CG]   [DIAG] iter=1 posCols=23 newCols=23 effImprove=23 updated=0
    [CG] CG iter 5: obj=175667230.760884, maxRC=949607.502666, +1 cols
    [CG]   [DIAG] iter=5 posCols=1 newCols=1 effImprove=1 updated=0
    [CG] CG iter 3: obj=165811276.345269, maxRC=4692488.736410, +14 cols
    [CG]   [DIAG] iter=3 posCols=14 newCols=14 effImprove=14 updated=0
    [CG] CG iter 3: obj=165890669.381136, maxRC=4678574.503970, +14 cols
    [CG]   [DIAG] iter=3 posCols=14 newCols=14 effImprove=14 updated=0
    [CG] 列生成收敛，共 6 轮迭代
    [CG] [CG-NODE] depth=0 exit=CERTIFIED certified=1 feasible=1 iters=6 generatedColsBeforeNode=0 newCols=61 posCandidates=61 duplicateCandidates=0 updatedCols=0 zeroObjImproveIters=1 objFirst=145547270.726660 objLast=175667230.760884 objGain=30119960.034224 maxRC=59519752.128890 wallSec=0.012903 pricingSec=0.008203 cplexSolveSec=0.002732
    [CG] CG iter 4: obj=174516267.158528, maxRC=2360557.280068, +8 cols
    [CG]   [DIAG] iter=4 posCols=8 newCols=8 effImprove=8 updated=0
    [CG] CG iter 4: obj=174455703.152465, maxRC=2360606.063083, +8 cols
      [BB] 根节点即为整数解，obj=175667230.760884
    [CG] CG iter 2: obj=161723216.830128, maxRC=10588291.950036, +16 cols
    [CG]   [DIAG] iter=4 posCols=8 newCols=8 effImprove=8 updated=0
    [CG]   [DIAG] iter=2 posCols=16 newCols=16 effImprove=16 updated=0
    [CG] CG iter 5: obj=175826153.343765, maxRC=339558.731377, +2 cols
    [CG] 列生成开始，初始列数=128
    [CG]   [DIAG] iter=5 posCols=2 newCols=2 effImprove=2 updated=0
    [CG] 列生成收敛，共 6 轮迭代
    [CG] [CG-NODE] depth=0 exit=CERTIFIED certified=1 feasible=1 iters=6 generatedColsBeforeNode=0 newCols=63 posCandidates=63 duplicateCandidates=0 updatedCols=0 zeroObjImproveIters=1 objFirst=146010728.453097 objLast=175826153.343765 objGain=29815424.890667 maxRC=59519798.014298 wallSec=0.011509 pricingSec=0.007527 cplexSolveSec=0.002205
    [CG] CG iter 5: obj=175774984.895507, maxRC=335575.977108, +2 cols
    [CG]   [DIAG] iter=5 posCols=2 newCols=2 effImprove=2 updated=0
      [BB] 根节点即为整数解，obj=175826153.343765
    [CG] 列生成收敛，共 6 轮迭代
    [CG] CG iter 3: obj=165664446.457095, maxRC=4659826.534401, +14 cols
    [CG] [CG-NODE] depth=0 exit=CERTIFIED certified=1 feasible=1 iters=6 generatedColsBeforeNode=0 newCols=63 posCandidates=63 duplicateCandidates=0 updatedCols=0 zeroObjImproveIters=1 objFirst=145811823.736283 objLast=175774984.895507 objGain=29963161.159224 maxRC=59465683.938327 wallSec=0.018716 pricingSec=0.012537 cplexSolveSec=0.003392
    [CG]   [DIAG] iter=3 posCols=14 newCols=14 effImprove=14 updated=0
      [BB] 根节点即为整数解，obj=175774984.895507
    [CG] CG iter 1: obj=145552905.472704, maxRC=59519670.787331, +23 cols
    [CG] CG iter 4: obj=174299854.336945, maxRC=2360795.017688, +7 cols
    [CG]   [DIAG] iter=1 posCols=23 newCols=23 effImprove=23 updated=0
    [CG] 列生成开始，初始列数=128
    [CG]   [DIAG] iter=4 posCols=7 newCols=7 effImprove=7 updated=0
    [CG] CG iter 1: obj=145709201.541037, maxRC=59519752.128890, +23 cols
    [CG]   [DIAG] iter=1 posCols=23 newCols=23 effImprove=23 updated=0
    [CG] CG iter 5: obj=175606010.746497, maxRC=405718.785001, +2 cols
    [CG]   [DIAG] iter=5 posCols=2 newCols=2 effImprove=2 updated=0
    [CG] CG iter 2: obj=161889088.953099, maxRC=10623485.371715, +16 cols
    [CG]   [DIAG] iter=2 posCols=16 newCols=16 effImprove=16 updated=0
    [CG] 列生成开始，初始列数=128
    [CG] CG iter 2: obj=161752191.300229, maxRC=10623485.371715, +16 cols
    [CG] 列生成收敛，共 6 轮迭代
    [CG] [CG-NODE] depth=0 exit=CERTIFIED certified=1 feasible=1 iters=6 generatedColsBeforeNode=0 newCols=62 posCandidates=62 duplicateCandidates=0 updatedCols=0 zeroObjImproveIters=1 objFirst=145695209.121114 objLast=175606010.746497 objGain=29910801.625383 maxRC=59436005.252399 wallSec=0.016443 pricingSec=0.011176 cplexSolveSec=0.002994
    [CG]   [DIAG] iter=2 posCols=16 newCols=16 effImprove=16 updated=0
      [BB] 根节点即为整数解，obj=175606010.746497
    [CG] CG iter 3: obj=165896195.930726, maxRC=4673042.811572, +14 cols
    [CG]   [DIAG] iter=3 posCols=14 newCols=14 effImprove=14 updated=0
    [CG] CG iter 1: obj=145720563.749948, maxRC=59465683.938327, +23 cols
    [CG] CG iter 4: obj=174518091.218161, maxRC=2360557.297400, +8 cols
    [CG]   [DIAG] iter=4 posCols=8 newCols=8 effImprove=8 updated=0
    [CG]   [DIAG] iter=1 posCols=23 newCols=23 effImprove=23 updated=0
    [CG] CG iter 5: obj=175832904.443577, maxRC=351756.738854, +2 cols
    [CG]   [DIAG] iter=5 posCols=2 newCols=2 effImprove=2 updated=0
    [CG] CG iter 3: obj=166062080.876041, maxRC=5109833.248586, +15 cols
    [CG]   [DIAG] iter=3 posCols=15 newCols=15 effImprove=15 updated=0
    [CG] 列生成收敛，共 6 轮迭代
    [CG] [CG-NODE] depth=0 exit=CERTIFIED certified=1 feasible=1 iters=6 generatedColsBeforeNode=0 newCols=63 posCandidates=63 duplicateCandidates=0 updatedCols=0 zeroObjImproveIters=1 objFirst=145709201.541037 objLast=175832904.443577 objGain=30123702.902540 maxRC=59519752.128890 wallSec=0.009312 pricingSec=0.006252 cplexSolveSec=0.001561
      [BB] 根节点即为整数解，obj=175832904.443577
    [CG] CG iter 4: obj=175654582.643285, maxRC=2668287.651064, +6 cols
    [CG]   [DIAG] iter=4 posCols=6 newCols=6 effImprove=6 updated=0
    [CG] CG iter 2: obj=161770131.017781, maxRC=10594292.438272, +16 cols
    [CG]   [DIAG] iter=2 posCols=16 newCols=16 effImprove=16 updated=0
    [CG] CG iter 5: obj=175700019.853307, maxRC=932630.036471, +1 cols
    [CG]   [DIAG] iter=5 posCols=1 newCols=1 effImprove=1 updated=0
    [CG] 列生成收敛，共 6 轮迭代
    [CG] [CG-NODE] depth=0 exit=CERTIFIED certified=1 feasible=1 iters=6 generatedColsBeforeNode=0 newCols=61 posCandidates=61 duplicateCandidates=0 updatedCols=0 zeroObjImproveIters=1 objFirst=145552905.472704 objLast=175700019.853307 objGain=30147114.380603 maxRC=59519670.787331 wallSec=0.019259 pricingSec=0.013711 cplexSolveSec=0.002907
    [CG] CG iter 3: obj=165799298.351644, maxRC=4692488.736410, +14 cols
    [CG]   [DIAG] iter=3 posCols=14 newCols=14 effImprove=14 updated=0
      [BB] 根节点即为整数解，obj=175700019.853307
    [CG] CG iter 4: obj=174441495.806193, maxRC=2360606.063083, +8 cols
    [CG]   [DIAG] iter=4 posCols=8 newCols=8 effImprove=8 updated=0
    [CG] CG iter 5: obj=175762929.149736, maxRC=335575.977108, +2 cols
    [CG]   [DIAG] iter=5 posCols=2 newCols=2 effImprove=2 updated=0
    [CG] CG iter 1: obj=145691632.316759, maxRC=59511477.205892, +23 cols
    [CG]   [DIAG] iter=1 posCols=23 newCols=23 effImprove=23 updated=0
    [CG] 列生成收敛，共 6 轮迭代
    [CG] [CG-NODE] depth=0 exit=CERTIFIED certified=1 feasible=1 iters=6 generatedColsBeforeNode=0 newCols=63 posCandidates=63 duplicateCandidates=0 updatedCols=0 zeroObjImproveIters=1 objFirst=145720563.749948 objLast=175762929.149736 objGain=30042365.399788 maxRC=59465683.938327 wallSec=0.013542 pricingSec=0.008952 cplexSolveSec=0.002508
      [BB] 根节点即为整数解，obj=175762929.149736
    [CG] CG iter 2: obj=161751109.098341, maxRC=10627721.696205, +16 cols
    [CG]   [DIAG] iter=2 posCols=16 newCols=16 effImprove=16 updated=0
    [CG] CG iter 1: obj=145962668.454422, maxRC=59519734.703453, +23 cols
    [CG]   [DIAG] iter=1 posCols=23 newCols=23 effImprove=23 updated=0
    [CG] CG iter 3: obj=166012078.291406, maxRC=5117883.828552, +15 cols
    [CG]   [DIAG] iter=3 posCols=15 newCols=15 effImprove=15 updated=0
    [CG] CG iter 4: obj=175615018.944093, maxRC=2671661.148327, +6 cols
    [CG]   [DIAG] iter=4 posCols=6 newCols=6 effImprove=6 updated=0
    [CG] CG iter 5: obj=175649933.373559, maxRC=935986.296319, +1 cols
    [CG]   [DIAG] iter=5 posCols=1 newCols=1 effImprove=1 updated=0
    [CG] CG iter 2: obj=161889089.958061, maxRC=10623485.371715, +16 cols
    [CG] 列生成收敛，共 6 轮迭代
    [CG] [CG-NODE] depth=0 exit=CERTIFIED certified=1 feasible=1 iters=6 generatedColsBeforeNode=0 newCols=61 posCandidates=61 duplicateCandidates=0 updatedCols=0 zeroObjImproveIters=1 objFirst=145691632.316759 objLast=175649933.373559 objGain=29958301.056800 maxRC=59511477.205892 wallSec=0.011339 pricingSec=0.007353 cplexSolveSec=0.002173
    [CG]   [DIAG] iter=2 posCols=16 newCols=16 effImprove=16 updated=0
      [BB] 根节点即为整数解，obj=175649933.373559
    [CG] CG iter 3: obj=165896196.787995, maxRC=4673035.343078, +14 cols
    [CG] CG iter 1: obj=145627240.526116, maxRC=59507568.758737, +23 cols
    [CG]   [DIAG] iter=3 posCols=14 newCols=14 effImprove=14 updated=0
    [CG]   [DIAG] iter=1 posCols=23 newCols=23 effImprove=23 updated=0
    [CG] CG iter 4: obj=174518090.094412, maxRC=2360557.280068, +8 cols
    [CG]   [DIAG] iter=4 posCols=8 newCols=8 effImprove=8 updated=0
    [CG] CG iter 2: obj=161750897.717289, maxRC=10627691.494633, +16 cols
    [CG]   [DIAG] iter=2 posCols=16 newCols=16 effImprove=16 updated=0
    [CG] CG iter 5: obj=175832892.843407, maxRC=351752.850290, +2 cols
    [CG]   [DIAG] iter=5 posCols=2 newCols=2 effImprove=2 updated=0
    [CG] 列生成收敛，共 6 轮迭代
    [CG] [CG-NODE] depth=0 exit=CERTIFIED certified=1 feasible=1 iters=6 generatedColsBeforeNode=0 newCols=63 posCandidates=63 duplicateCandidates=0 updatedCols=0 zeroObjImproveIters=1 objFirst=145962668.454422 objLast=175832892.843407 objGain=29870224.388985 maxRC=59519734.703453 wallSec=0.017509 pricingSec=0.012195 cplexSolveSec=0.003042
      [BB] 根节点即为整数解，obj=175832892.843407
    [CG] CG iter 3: obj=166011870.665472, maxRC=5117883.828552, +14 cols
    [CG]   [DIAG] iter=3 posCols=14 newCols=14 effImprove=14 updated=0
    [CG] CG iter 4: obj=175614815.073278, maxRC=2671661.148327, +6 cols
    [CG]   [DIAG] iter=4 posCols=6 newCols=6 effImprove=6 updated=0
    [CG] CG iter 5: obj=175649745.668755, maxRC=935986.296319, +1 cols
    [CG]   [DIAG] iter=5 posCols=1 newCols=1 effImprove=1 updated=0
    [CG] 列生成收敛，共 6 轮迭代
    [CG] [CG-NODE] depth=0 exit=CERTIFIED certified=1 feasible=1 iters=6 generatedColsBeforeNode=0 newCols=60 posCandidates=60 duplicateCandidates=0 updatedCols=0 zeroObjImproveIters=1 objFirst=145627240.526116 objLast=175649745.668755 objGain=30022505.142640 maxRC=59507568.758737 wallSec=0.016857 pricingSec=0.011563 cplexSolveSec=0.002929
      [BB] 根节点即为整数解，obj=175649745.668755
[GA] 代数 5: Best=175883793.46, Avg=175726063.33, Worst=175494310.29, Valid=30/30, 耗时=0.05s (连续5代未提升)
  ├─ 求解: 30 个体 fork 并行 | CG迭代=127 加列=1311 BB分支=0
  ├─ 并行墙钟=0.0543s | 串行等效(ΣBP)=0.3259s | 加速比=6.00x
  ├─ 管理开销=-0.2716s (fork=0.0033 wait=0.0506 merge=0.0004)
  └─ CG明细: gen_logs/run_gen5_ind{0..29}.log
    [CG] 列生成开始，初始列数=128
    [CG] 列生成开始，初始列数=128
    [CG] 列生成开始，初始列数=128
    [CG] 列生成开始，初始列数=128
    [CG] 列生成开始，初始列数=128
    [CG] 列生成开始，初始列数=128
    [CG] 列生成开始，初始列数=128
    [CG] 列生成开始，初始列数=128
    [CG] CG iter 1: obj=145791901.715796, maxRC=59465683.938327, +23 cols
    [CG]   [DIAG] iter=1 posCols=23 newCols=23 effImprove=23 updated=0
    [CG] CG iter 1: obj=145908018.965984, maxRC=59519403.483036, +23 cols
    [CG]   [DIAG] iter=1 posCols=23 newCols=23 effImprove=23 updated=0
    [CG] CG iter 2: obj=161784142.042504, maxRC=10594296.419547, +16 cols
    [CG]   [DIAG] iter=2 posCols=16 newCols=16 effImprove=16 updated=0
    [CG] CG iter 1: obj=145962648.199268, maxRC=59519734.703453, +23 cols
    [CG]   [DIAG] iter=1 posCols=23 newCols=23 effImprove=23 updated=0
    [CG] CG iter 1: obj=145760958.543578, maxRC=59519403.483036, +23 cols
    [CG] CG iter 2: obj=161788373.076843, maxRC=10623485.371715, +16 cols
    [CG]   [DIAG] iter=2 posCols=16 newCols=16 effImprove=16 updated=0
    [CG]   [DIAG] iter=1 posCols=23 newCols=23 effImprove=23 updated=0
    [CG] CG iter 3: obj=165788137.188926, maxRC=4683561.353059, +14 cols
    [CG]   [DIAG] iter=3 posCols=14 newCols=14 effImprove=14 updated=0
    [CG] CG iter 4: obj=174426503.496178, maxRC=2360581.054656, +8 cols
    [CG] CG iter 3: obj=166094724.439849, maxRC=5109833.248586, +15 cols
    [CG] CG iter 2: obj=161889074.143843, maxRC=10623485.371715, +16 cols
    [CG]   [DIAG] iter=4 posCols=8 newCols=8 effImprove=8 updated=0
    [CG]   [DIAG] iter=2 posCols=16 newCols=16 effImprove=16 updated=0
    [CG]   [DIAG] iter=3 posCols=15 newCols=15 effImprove=15 updated=0
    [CG] CG iter 2: obj=161785828.380077, maxRC=10623485.371715, +16 cols
    [CG]   [DIAG] iter=2 posCols=16 newCols=16 effImprove=16 updated=0
    [CG] CG iter 5: obj=175746287.612047, maxRC=358309.729122, +2 cols
    [CG]   [DIAG] iter=5 posCols=2 newCols=2 effImprove=2 updated=0
    [CG] CG iter 4: obj=175690764.419900, maxRC=2668287.651064, +6 cols
    [CG]   [DIAG] iter=4 posCols=6 newCols=6 effImprove=6 updated=0
    [CG] 列生成收敛，共 6 轮迭代
    [CG] [CG-NODE] depth=0 exit=CERTIFIED certified=1 feasible=1 iters=6 generatedColsBeforeNode=0 newCols=63 posCandidates=63 duplicateCandidates=0 updatedCols=0 zeroObjImproveIters=1 objFirst=145791901.715796 objLast=175746287.612047 objGain=29954385.896252 maxRC=59465683.938327 wallSec=0.012714 pricingSec=0.008621 cplexSolveSec=0.002342
    [CG] CG iter 3: obj=165896180.420410, maxRC=4673055.206678, +14 cols
    [CG] CG iter 5: obj=175736201.629922, maxRC=939033.607275, +1 cols
    [CG]   [DIAG] iter=3 posCols=14 newCols=14 effImprove=14 updated=0
    [CG]   [DIAG] iter=5 posCols=1 newCols=1 effImprove=1 updated=0
      [BB] 根节点即为整数解，obj=175746287.612047
    [CG] CG iter 3: obj=166067918.895929, maxRC=5109833.248586, +15 cols
    [CG]   [DIAG] iter=3 posCols=15 newCols=15 effImprove=15 updated=0
    [CG] CG iter 1: obj=145758585.409673, maxRC=59519798.014298, +23 cols
    [CG] 列生成收敛，共 6 轮迭代
    [CG] [CG-NODE] depth=0 exit=CERTIFIED certified=1 feasible=1 iters=6 generatedColsBeforeNode=0 newCols=61 posCandidates=61 duplicateCandidates=0 updatedCols=0 zeroObjImproveIters=1 objFirst=145908018.965984 objLast=175736201.629922 objGain=29828182.663937 maxRC=59519403.483036 wallSec=0.013177 pricingSec=0.008563 cplexSolveSec=0.002520
    [CG]   [DIAG] iter=1 posCols=23 newCols=23 effImprove=23 updated=0
    [CG] CG iter 1: obj=145746869.649635, maxRC=59519752.128890, +23 cols
    [CG] CG iter 1: obj=145552530.142874, maxRC=59519647.544131, +23 cols
      [BB] 根节点即为整数解，obj=175736201.629922
    [CG] CG iter 4: obj=174518085.584764, maxRC=2360557.557802, +8 cols
    [CG]   [DIAG] iter=4 posCols=8 newCols=8 effImprove=8 updated=0
    [CG]   [DIAG] iter=1 posCols=23 newCols=23 effImprove=23 updated=0
    [CG] CG iter 4: obj=175665900.295220, maxRC=2668287.651064, +6 cols
    [CG]   [DIAG] iter=1 posCols=23 newCols=23 effImprove=23 updated=0
    [CG]   [DIAG] iter=4 posCols=6 newCols=6 effImprove=6 updated=0
    [CG] CG iter 1: obj=145564043.342799, maxRC=59519841.930057, +23 cols
    [CG]   [DIAG] iter=1 posCols=23 newCols=23 effImprove=23 updated=0
    [CG] CG iter 5: obj=175832911.714339, maxRC=351762.379125, +2 cols
    [CG]   [DIAG] iter=5 posCols=2 newCols=2 effImprove=2 updated=0
    [CG] CG iter 5: obj=175701341.719677, maxRC=938583.175048, +1 cols
    [CG]   [DIAG] iter=5 posCols=1 newCols=1 effImprove=1 updated=0
    [CG] CG iter 2: obj=161872091.722569, maxRC=10641252.803509, +16 cols
    [CG] 列生成收敛，共 6 轮迭代
    [CG] 列生成收敛，共 6 轮迭代
    [CG]   [DIAG] iter=2 posCols=16 newCols=16 effImprove=16 updated=0
    [CG] [CG-NODE] depth=0 exit=CERTIFIED certified=1 feasible=1 iters=6 generatedColsBeforeNode=0 newCols=63 posCandidates=63 duplicateCandidates=0 updatedCols=0 zeroObjImproveIters=1 objFirst=145962648.199268 objLast=175832911.714339 objGain=29870263.515070 maxRC=59519734.703453 wallSec=0.014630 pricingSec=0.010037 cplexSolveSec=0.002541
    [CG] [CG-NODE] depth=0 exit=CERTIFIED certified=1 feasible=1 iters=6 generatedColsBeforeNode=0 newCols=61 posCandidates=61 duplicateCandidates=0 updatedCols=0 zeroObjImproveIters=1 objFirst=145760958.543578 objLast=175701341.719677 objGain=29940383.176099 maxRC=59519403.483036 wallSec=0.014186 pricingSec=0.009204 cplexSolveSec=0.002693
    [CG] CG iter 2: obj=161885999.123898, maxRC=10623485.371715, +16 cols
      [BB] 根节点即为整数解，obj=175832911.714339
    [CG] CG iter 2: obj=161752191.300229, maxRC=10623485.371715, +16 cols
      [BB] 根节点即为整数解，obj=175701341.719677
    [CG]   [DIAG] iter=2 posCols=16 newCols=16 effImprove=16 updated=0
    [CG]   [DIAG] iter=2 posCols=16 newCols=16 effImprove=16 updated=0
    [CG] CG iter 2: obj=161752197.309532, maxRC=10623494.814960, +16 cols
    [CG]   [DIAG] iter=2 posCols=16 newCols=16 effImprove=16 updated=0
    [CG] CG iter 3: obj=165884865.104545, maxRC=4677503.898095, +14 cols
    [CG]   [DIAG] iter=3 posCols=14 newCols=14 effImprove=14 updated=0
    [CG] CG iter 3: obj=165910288.747822, maxRC=4679779.578765, +14 cols
    [CG]   [DIAG] iter=3 posCols=14 newCols=14 effImprove=14 updated=0
    [CG] CG iter 3: obj=166062080.876041, maxRC=5109833.248586, +15 cols
    [CG] 列生成开始，初始列数=128
    [CG]   [DIAG] iter=3 posCols=15 newCols=15 effImprove=15 updated=0
    [CG] CG iter 3: obj=166062068.232618, maxRC=5109833.248586, +15 cols
    [CG]   [DIAG] iter=3 posCols=15 newCols=15 effImprove=15 updated=0
    [CG] CG iter 4: obj=174509118.423061, maxRC=2360557.280068, +8 cols
    [CG]   [DIAG] iter=4 posCols=8 newCols=8 effImprove=8 updated=0
    [CG] CG iter 4: obj=174536439.798170, maxRC=2360557.280068, +8 cols
    [CG]   [DIAG] iter=4 posCols=8 newCols=8 effImprove=8 updated=0
    [CG] CG iter 4: obj=175654582.643285, maxRC=2668287.651064, +6 cols
    [CG] 列生成开始，初始列数=128
    [CG]   [DIAG] iter=4 posCols=6 newCols=6 effImprove=6 updated=0
    [CG] CG iter 4: obj=175654536.767637, maxRC=2668287.651064, +6 cols
    [CG] 列生成开始，初始列数=128
    [CG] CG iter 5: obj=175819562.528584, maxRC=341935.500637, +2 cols
    [CG]   [DIAG] iter=4 posCols=6 newCols=6 effImprove=6 updated=0
    [CG]   [DIAG] iter=5 posCols=2 newCols=2 effImprove=2 updated=0
    [CG] CG iter 5: obj=175851800.334658, maxRC=336753.722206, +2 cols
    [CG]   [DIAG] iter=5 posCols=2 newCols=2 effImprove=2 updated=0
    [CG] CG iter 5: obj=175700019.853307, maxRC=932630.036471, +1 cols
    [CG]   [DIAG] iter=5 posCols=1 newCols=1 effImprove=1 updated=0
    [CG] 列生成收敛，共 6 轮迭代
    [CG] [CG-NODE] depth=0 exit=CERTIFIED certified=1 feasible=1 iters=6 generatedColsBeforeNode=0 newCols=63 posCandidates=63 duplicateCandidates=0 updatedCols=0 zeroObjImproveIters=1 objFirst=145758585.409673 objLast=175819562.528584 objGain=30060977.118910 maxRC=59519798.014298 wallSec=0.017327 pricingSec=0.012266 cplexSolveSec=0.002672
    [CG] CG iter 5: obj=175699956.408471, maxRC=932630.036471, +1 cols
    [CG]   [DIAG] iter=5 posCols=1 newCols=1 effImprove=1 updated=0
      [BB] 根节点即为整数解，obj=175819562.528584
    [CG] 列生成收敛，共 6 轮迭代
    [CG] [CG-NODE] depth=0 exit=CERTIFIED certified=1 feasible=1 iters=6 generatedColsBeforeNode=0 newCols=63 posCandidates=63 duplicateCandidates=0 updatedCols=0 zeroObjImproveIters=1 objFirst=145746869.649635 objLast=175851800.334658 objGain=30104930.685023 maxRC=59519752.128890 wallSec=0.017720 pricingSec=0.012120 cplexSolveSec=0.002937
    [CG] 列生成收敛，共 6 轮迭代
    [CG] [CG-NODE] depth=0 exit=CERTIFIED certified=1 feasible=1 iters=6 generatedColsBeforeNode=0 newCols=61 posCandidates=61 duplicateCandidates=0 updatedCols=0 zeroObjImproveIters=1 objFirst=145552530.142874 objLast=175700019.853307 objGain=30147489.710433 maxRC=59519647.544131 wallSec=0.017673 pricingSec=0.012157 cplexSolveSec=0.002906
    [CG] 列生成开始，初始列数=128
      [BB] 根节点即为整数解，obj=175851800.334658
      [BB] 根节点即为整数解，obj=175700019.853307
    [CG] 列生成收敛，共 6 轮迭代
    [CG] [CG-NODE] depth=0 exit=CERTIFIED certified=1 feasible=1 iters=6 generatedColsBeforeNode=0 newCols=61 posCandidates=61 duplicateCandidates=0 updatedCols=0 zeroObjImproveIters=1 objFirst=145564043.342799 objLast=175699956.408471 objGain=30135913.065672 maxRC=59519841.930057 wallSec=0.017627 pricingSec=0.012117 cplexSolveSec=0.002895
      [BB] 根节点即为整数解，obj=175699956.408471
    [CG] 列生成开始，初始列数=128
    [CG] 列生成开始，初始列数=128
    [CG] 列生成开始，初始列数=128
    [CG] 列生成开始，初始列数=128
    [CG] CG iter 1: obj=145893642.509662, maxRC=59513133.419368, +23 cols
    [CG]   [DIAG] iter=1 posCols=23 newCols=23 effImprove=23 updated=0
    [CG] CG iter 2: obj=161866426.591535, maxRC=10641110.538127, +16 cols
    [CG]   [DIAG] iter=2 posCols=16 newCols=16 effImprove=16 updated=0
    [CG] CG iter 3: obj=165881826.215160, maxRC=4678322.926807, +14 cols
    [CG]   [DIAG] iter=3 posCols=14 newCols=14 effImprove=14 updated=0
    [CG] CG iter 4: obj=174505786.907336, maxRC=2360568.572278, +8 cols
    [CG]   [DIAG] iter=4 posCols=8 newCols=8 effImprove=8 updated=0
    [CG] CG iter 5: obj=175816936.383572, maxRC=339344.191146, +2 cols
    [CG]   [DIAG] iter=5 posCols=2 newCols=2 effImprove=2 updated=0
    [CG] 列生成收敛，共 6 轮迭代
    [CG] [CG-NODE] depth=0 exit=CERTIFIED certified=1 feasible=1 iters=6 generatedColsBeforeNode=0 newCols=63 posCandidates=63 duplicateCandidates=0 updatedCols=0 zeroObjImproveIters=1 objFirst=145893642.509662 objLast=175816936.383572 objGain=29923293.873910 maxRC=59513133.419368 wallSec=0.008743 pricingSec=0.005647 cplexSolveSec=0.001646
      [BB] 根节点即为整数解，obj=175816936.383572
    [CG] CG iter 1: obj=145564008.795879, maxRC=59429005.054917, +23 cols
    [CG] 列生成开始，初始列数=128
    [CG] CG iter 1: obj=145708824.100544, maxRC=59519752.128890, +23 cols
    [CG]   [DIAG] iter=1 posCols=23 newCols=23 effImprove=23 updated=0
    [CG]   [DIAG] iter=1 posCols=23 newCols=23 effImprove=23 updated=0
    [CG] CG iter 1: obj=145836108.135004, maxRC=59519798.014298, +23 cols
    [CG] CG iter 1: obj=145753571.112275, maxRC=59379068.275561, +23 cols
    [CG] CG iter 1: obj=145939787.750262, maxRC=59434539.272980, +23 cols
    [CG]   [DIAG] iter=1 posCols=23 newCols=23 effImprove=23 updated=0
    [CG]   [DIAG] iter=1 posCols=23 newCols=23 effImprove=23 updated=0
    [CG]   [DIAG] iter=1 posCols=23 newCols=23 effImprove=23 updated=0
    [CG] CG iter 2: obj=161662521.659458, maxRC=10583919.328055, +16 cols
    [CG]   [DIAG] iter=2 posCols=16 newCols=16 effImprove=16 updated=0
    [CG] CG iter 2: obj=161888785.567654, maxRC=10623485.371715, +16 cols
    [CG]   [DIAG] iter=2 posCols=16 newCols=16 effImprove=16 updated=0
    [CG] CG iter 3: obj=165964886.027113, maxRC=5109620.212483, +15 cols
    [CG]   [DIAG] iter=3 posCols=15 newCols=15 effImprove=15 updated=0
    [CG] CG iter 2: obj=161557283.506858, maxRC=9398244.366299, +17 cols
    [CG]   [DIAG] iter=2 posCols=17 newCols=17 effImprove=17 updated=0
    [CG] CG iter 3: obj=165895865.768298, maxRC=4672935.405594, +14 cols
    [CG] CG iter 2: obj=161759824.635175, maxRC=10627935.904653, +16 cols
    [CG] CG iter 4: obj=175571535.574928, maxRC=2668198.671997, +6 cols
    [CG]   [DIAG] iter=3 posCols=14 newCols=14 effImprove=14 updated=0
    [CG]   [DIAG] iter=4 posCols=6 newCols=6 effImprove=6 updated=0
    [CG]   [DIAG] iter=2 posCols=16 newCols=16 effImprove=16 updated=0
    [CG] CG iter 2: obj=161714911.879879, maxRC=9427755.024239, +17 cols
    [CG] CG iter 1: obj=145760836.570436, maxRC=59517066.137535, +23 cols
    [CG]   [DIAG] iter=2 posCols=17 newCols=17 effImprove=17 updated=0
    [CG] CG iter 5: obj=175647023.140814, maxRC=949515.682571, +1 cols
    [CG]   [DIAG] iter=5 posCols=1 newCols=1 effImprove=1 updated=0
    [CG]   [DIAG] iter=1 posCols=23 newCols=23 effImprove=23 updated=0
    [CG] CG iter 4: obj=174517649.598702, maxRC=2360562.298624, +8 cols
    [CG]   [DIAG] iter=4 posCols=8 newCols=8 effImprove=8 updated=0
    [CG] 列生成收敛，共 6 轮迭代
    [CG] CG iter 3: obj=171799149.761923, maxRC=9676993.916655, +15 cols
    [CG] [CG-NODE] depth=0 exit=CERTIFIED certified=1 feasible=1 iters=6 generatedColsBeforeNode=0 newCols=61 posCandidates=61 duplicateCandidates=0 updatedCols=0 zeroObjImproveIters=1 objFirst=145564008.795879 objLast=175647023.140814 objGain=30083014.344935 maxRC=59429005.054917 wallSec=0.010401 pricingSec=0.006646 cplexSolveSec=0.002008
    [CG]   [DIAG] iter=3 posCols=15 newCols=15 effImprove=15 updated=0
      [BB] 根节点即为整数解，obj=175647023.140814
    [CG] CG iter 5: obj=175832446.071667, maxRC=351682.379615, +2 cols
    [CG]   [DIAG] iter=5 posCols=2 newCols=2 effImprove=2 updated=0
    [CG] CG iter 3: obj=166020774.275792, maxRC=5118128.238817, +15 cols
    [CG]   [DIAG] iter=3 posCols=15 newCols=15 effImprove=15 updated=0
    [CG] 列生成收敛，共 6 轮迭代
    [CG] [CG-NODE] depth=0 exit=CERTIFIED certified=1 feasible=1 iters=6 generatedColsBeforeNode=0 newCols=63 posCandidates=63 duplicateCandidates=0 updatedCols=0 zeroObjImproveIters=1 objFirst=145708824.100544 objLast=175832446.071667 objGain=30123621.971123 maxRC=59519752.128890 wallSec=0.011966 pricingSec=0.007910 cplexSolveSec=0.002268
    [CG] CG iter 4: obj=174325328.610022, maxRC=5116743.990395, +12 cols
    [CG]   [DIAG] iter=4 posCols=12 newCols=12 effImprove=12 updated=0
      [BB] 根节点即为整数解，obj=175832446.071667
    [CG] CG iter 3: obj=172030411.397105, maxRC=9674306.586068, +15 cols
    [CG]   [DIAG] iter=3 posCols=15 newCols=15 effImprove=15 updated=0
    [CG] CG iter 2: obj=161740733.008085, maxRC=10736067.472421, +16 cols
    [CG]   [DIAG] iter=2 posCols=16 newCols=16 effImprove=16 updated=0
    [CG] CG iter 4: obj=175623941.140595, maxRC=2671769.720189, +6 cols
    [CG]   [DIAG] iter=4 posCols=6 newCols=6 effImprove=6 updated=0
    [CG] CG iter 5: obj=174325328.610022, maxRC=1188685.313192, +5 cols
    [CG]   [DIAG] iter=5 posCols=5 newCols=5 effImprove=5 updated=0
    [CG] 列生成开始，初始列数=128
    [CG] CG iter 1: obj=145945741.555382, maxRC=59434539.455120, +23 cols
    [CG] CG iter 5: obj=175659050.807641, maxRC=936180.189093, +1 cols
    [CG]   [DIAG] iter=5 posCols=1 newCols=1 effImprove=1 updated=0
    [CG] CG iter 1: obj=145952755.876846, maxRC=59519800.737826, +23 cols
    [CG]   [DIAG] iter=1 posCols=23 newCols=23 effImprove=23 updated=0
    [CG] CG iter 6: obj=175514013.923214, maxRC=1053906.516327, +3 cols
    [CG] CG iter 4: obj=174538368.575362, maxRC=5151486.125159, +12 cols
    [CG]   [DIAG] iter=1 posCols=23 newCols=23 effImprove=23 updated=0
    [CG]   [DIAG] iter=6 posCols=3 newCols=3 effImprove=3 updated=0
    [CG]   [DIAG] iter=4 posCols=12 newCols=12 effImprove=12 updated=0
    [CG] CG iter 3: obj=165872058.385243, maxRC=5110591.308952, +17 cols
    [CG] 列生成收敛，共 6 轮迭代
    [CG] [CG-NODE] depth=0 exit=CERTIFIED certified=1 feasible=1 iters=6 generatedColsBeforeNode=0 newCols=61 posCandidates=61 duplicateCandidates=0 updatedCols=0 zeroObjImproveIters=1 objFirst=145836108.135004 objLast=175659050.807641 objGain=29822942.672637 maxRC=59519798.014298 wallSec=0.018729 pricingSec=0.012301 cplexSolveSec=0.003374
    [CG]   [DIAG] iter=3 posCols=17 newCols=17 effImprove=17 updated=0
    [CG] 列生成开始，初始列数=128
    [CG] 列生成收敛，共 7 轮迭代
    [CG] [CG-NODE] depth=0 exit=CERTIFIED certified=1 feasible=1 iters=7 generatedColsBeforeNode=0 newCols=75 posCandidates=75 duplicateCandidates=0 updatedCols=0 zeroObjImproveIters=2 objFirst=145753571.112275 objLast=175514013.923214 objGain=29760442.810939 maxRC=59379068.275561 wallSec=0.014106 pricingSec=0.009469 cplexSolveSec=0.002665
      [BB] 根节点即为整数解，obj=175659050.807641
      [BB] 根节点即为整数解，obj=175514013.923214
    [CG] CG iter 2: obj=161832586.589409, maxRC=10697391.365444, +16 cols
    [CG]   [DIAG] iter=2 posCols=16 newCols=16 effImprove=16 updated=0
    [CG] CG iter 5: obj=174538368.575362, maxRC=1183445.640036, +5 cols
    [CG]   [DIAG] iter=5 posCols=5 newCols=5 effImprove=5 updated=0
    [CG] CG iter 2: obj=161721990.524525, maxRC=9427810.408352, +17 cols
    [CG]   [DIAG] iter=2 posCols=17 newCols=17 effImprove=17 updated=0
    [CG] CG iter 4: obj=175541601.750482, maxRC=2155411.731955, +6 cols
    [CG]   [DIAG] iter=4 posCols=6 newCols=6 effImprove=6 updated=0
    [CG] CG iter 3: obj=165189829.764007, maxRC=5763730.827963, +16 cols
    [CG]   [DIAG] iter=3 posCols=16 newCols=16 effImprove=16 updated=0
    [CG] CG iter 6: obj=175721814.215398, maxRC=1049369.516475, +3 cols
    [CG]   [DIAG] iter=6 posCols=3 newCols=3 effImprove=3 updated=0
    [CG] CG iter 5: obj=175571892.223676, maxRC=17118.592566, +1 cols
    [CG]   [DIAG] iter=5 posCols=1 newCols=1 effImprove=1 updated=0
    [CG] CG iter 4: obj=174456860.989239, maxRC=2542730.034529, +8 cols
    [CG]   [DIAG] iter=4 posCols=8 newCols=8 effImprove=8 updated=0
    [CG] CG iter 3: obj=172035835.768324, maxRC=9673267.373534, +15 cols
    [CG] 列生成收敛，共 7 轮迭代
    [CG]   [DIAG] iter=3 posCols=15 newCols=15 effImprove=15 updated=0
    [CG] [CG-NODE] depth=0 exit=CERTIFIED certified=1 feasible=1 iters=7 generatedColsBeforeNode=0 newCols=75 posCandidates=75 duplicateCandidates=0 updatedCols=0 zeroObjImproveIters=2 objFirst=145939787.750262 objLast=175721814.215398 objGain=29782026.465136 maxRC=59434539.272980 wallSec=0.021343 pricingSec=0.014460 cplexSolveSec=0.003777
    [CG] 列生成收敛，共 6 轮迭代
    [CG] [CG-NODE] depth=0 exit=CERTIFIED certified=1 feasible=1 iters=6 generatedColsBeforeNode=0 newCols=63 posCandidates=63 duplicateCandidates=0 updatedCols=0 zeroObjImproveIters=1 objFirst=145760836.570436 objLast=175571892.223676 objGain=29811055.653240 maxRC=59517066.137535 wallSec=0.019407 pricingSec=0.013411 cplexSolveSec=0.003332
      [BB] 根节点即为整数解，obj=175721814.215398
    [CG] CG iter 5: obj=175751252.671527, maxRC=16115.957810, +1 cols
    [CG]   [DIAG] iter=5 posCols=1 newCols=1 effImprove=1 updated=0
      [BB] 根节点即为整数解，obj=175571892.223676
    [CG] 列生成收敛，共 6 轮迭代
    [CG] [CG-NODE] depth=0 exit=CERTIFIED certified=1 feasible=1 iters=6 generatedColsBeforeNode=0 newCols=64 posCandidates=64 duplicateCandidates=0 updatedCols=0 zeroObjImproveIters=1 objFirst=145952755.876846 objLast=175751252.671527 objGain=29798496.794681 maxRC=59519800.737826 wallSec=0.010415 pricingSec=0.006835 cplexSolveSec=0.001962
    [CG] CG iter 4: obj=174543261.098709, maxRC=5152021.876194, +12 cols
      [BB] 根节点即为整数解，obj=175751252.671527
    [CG]   [DIAG] iter=4 posCols=12 newCols=12 effImprove=12 updated=0
    [CG] 列生成开始，初始列数=128
    [CG] CG iter 5: obj=174543261.098709, maxRC=1183516.693237, +5 cols
    [CG]   [DIAG] iter=5 posCols=5 newCols=5 effImprove=5 updated=0
    [CG] CG iter 6: obj=175726777.791945, maxRC=1050126.218616, +3 cols
    [CG]   [DIAG] iter=6 posCols=3 newCols=3 effImprove=3 updated=0
    [CG] 列生成收敛，共 7 轮迭代
    [CG] [CG-NODE] depth=0 exit=CERTIFIED certified=1 feasible=1 iters=7 generatedColsBeforeNode=0 newCols=75 posCandidates=75 duplicateCandidates=0 updatedCols=0 zeroObjImproveIters=2 objFirst=145945741.555382 objLast=175726777.791945 objGain=29781036.236564 maxRC=59434539.455120 wallSec=0.018781 pricingSec=0.013292 cplexSolveSec=0.002990
    [CG] CG iter 1: obj=145855248.430929, maxRC=59519798.014298, +23 cols
      [BB] 根节点即为整数解，obj=175726777.791945
    [CG]   [DIAG] iter=1 posCols=23 newCols=23 effImprove=23 updated=0
    [CG] CG iter 2: obj=161761322.118897, maxRC=9542017.663917, +17 cols
    [CG]   [DIAG] iter=2 posCols=17 newCols=17 effImprove=17 updated=0
    [CG] CG iter 3: obj=171945906.446937, maxRC=9686464.246244, +15 cols
    [CG]   [DIAG] iter=3 posCols=15 newCols=15 effImprove=15 updated=0
    [CG] CG iter 1: obj=145663522.506937, maxRC=59519752.128890, +23 cols
    [CG] CG iter 4: obj=174460618.069562, maxRC=5874199.485058, +14 cols
    [CG]   [DIAG] iter=4 posCols=14 newCols=14 effImprove=14 updated=0
    [CG]   [DIAG] iter=1 posCols=23 newCols=23 effImprove=23 updated=0
    [CG] CG iter 5: obj=174460618.069562, maxRC=1164442.772601, +3 cols
    [CG]   [DIAG] iter=5 posCols=3 newCols=3 effImprove=3 updated=0
    [CG] CG iter 6: obj=175625060.842163, maxRC=1044499.468906, +3 cols
    [CG]   [DIAG] iter=6 posCols=3 newCols=3 effImprove=3 updated=0
    [CG] CG iter 2: obj=161856993.004770, maxRC=10664497.637937, +16 cols
    [CG] 列生成收敛，共 7 轮迭代
    [CG]   [DIAG] iter=2 posCols=16 newCols=16 effImprove=16 updated=0
    [CG] [CG-NODE] depth=0 exit=CERTIFIED certified=1 feasible=1 iters=7 generatedColsBeforeNode=0 newCols=75 posCandidates=75 duplicateCandidates=0 updatedCols=0 zeroObjImproveIters=2 objFirst=145855248.430929 objLast=175625060.842163 objGain=29769812.411234 maxRC=59519798.014298 wallSec=0.010813 pricingSec=0.007243 cplexSolveSec=0.002078
      [BB] 根节点即为整数解，obj=175625060.842163
    [CG] CG iter 3: obj=165849535.651985, maxRC=4672289.601343, +14 cols
    [CG]   [DIAG] iter=3 posCols=14 newCols=14 effImprove=14 updated=0
    [CG] CG iter 4: obj=174470539.612591, maxRC=2360557.297400, +8 cols
    [CG]   [DIAG] iter=4 posCols=8 newCols=8 effImprove=8 updated=0
    [CG] CG iter 5: obj=175774007.648342, maxRC=353399.294155, +2 cols
    [CG]   [DIAG] iter=5 posCols=2 newCols=2 effImprove=2 updated=0
    [CG] CG iter 1: obj=145760661.677194, maxRC=59517066.137535, +23 cols
    [CG]   [DIAG] iter=1 posCols=23 newCols=23 effImprove=23 updated=0
    [CG] 列生成收敛，共 6 轮迭代
    [CG] [CG-NODE] depth=0 exit=CERTIFIED certified=1 feasible=1 iters=6 generatedColsBeforeNode=0 newCols=63 posCandidates=63 duplicateCandidates=0 updatedCols=0 zeroObjImproveIters=1 objFirst=145663522.506937 objLast=175774007.648342 objGain=30110485.141404 maxRC=59519752.128890 wallSec=0.014917 pricingSec=0.010340 cplexSolveSec=0.002618
      [BB] 根节点即为整数解，obj=175774007.648342
    [CG] CG iter 2: obj=161745644.861562, maxRC=10738993.557491, +16 cols
    [CG]   [DIAG] iter=2 posCols=16 newCols=16 effImprove=16 updated=0
    [CG] CG iter 3: obj=165870622.689929, maxRC=5110591.308952, +17 cols
    [CG]   [DIAG] iter=3 posCols=17 newCols=17 effImprove=17 updated=0
    [CG] CG iter 4: obj=175539268.086747, maxRC=2150394.032015, +6 cols
    [CG]   [DIAG] iter=4 posCols=6 newCols=6 effImprove=6 updated=0
    [CG] CG iter 5: obj=175566995.866748, maxRC=16586.833416, +1 cols
    [CG]   [DIAG] iter=5 posCols=1 newCols=1 effImprove=1 updated=0
    [CG] 列生成收敛，共 6 轮迭代
    [CG] [CG-NODE] depth=0 exit=CERTIFIED certified=1 feasible=1 iters=6 generatedColsBeforeNode=0 newCols=63 posCandidates=63 duplicateCandidates=0 updatedCols=0 zeroObjImproveIters=1 objFirst=145760661.677194 objLast=175566995.866748 objGain=29806334.189554 maxRC=59517066.137535 wallSec=0.014889 pricingSec=0.009736 cplexSolveSec=0.002712
      [BB] 根节点即为整数解，obj=175566995.866748
[GA] 代数 6: Best=175883793.46, Avg=175764293.38, Worst=175542899.61, Valid=30/30, 耗时=0.05s (连续6代未提升)
  ├─ 求解: 30 个体 fork 并行 | CG迭代=124 加列=1297 BB分支=0
  ├─ 并行墙钟=0.0515s | 串行等效(ΣBP)=0.3043s | 加速比=5.90x
  ├─ 管理开销=-0.2527s (fork=0.0022 wait=0.0490 merge=0.0003)
  └─ CG明细: gen_logs/run_gen6_ind{0..29}.log
    [CG] 列生成开始，初始列数=128
    [CG] 列生成开始，初始列数=128
    [CG] 列生成开始，初始列数=128
    [CG] 列生成开始，初始列数=128
    [CG] 列生成开始，初始列数=128
    [CG] 列生成开始，初始列数=128
    [CG] 列生成开始，初始列数=128
    [CG] 列生成开始，初始列数=128
    [CG] CG iter 1: obj=145706832.477136, maxRC=59519670.787331, +23 cols
    [CG]   [DIAG] iter=1 posCols=23 newCols=23 effImprove=23 updated=0
    [CG] CG iter 1: obj=146032914.677949, maxRC=59519752.128890, +23 cols
    [CG]   [DIAG] iter=1 posCols=23 newCols=23 effImprove=23 updated=0
    [CG] CG iter 2: obj=161888283.274186, maxRC=10624321.363769, +16 cols
    [CG]   [DIAG] iter=2 posCols=16 newCols=16 effImprove=16 updated=0
    [CG] CG iter 2: obj=161888822.919850, maxRC=10623485.371715, +16 cols
    [CG]   [DIAG] iter=2 posCols=16 newCols=16 effImprove=16 updated=0
    [CG] CG iter 3: obj=165895094.319547, maxRC=4673042.811572, +14 cols
    [CG]   [DIAG] iter=3 posCols=14 newCols=14 effImprove=14 updated=0
    [CG] CG iter 1: obj=145695919.896177, maxRC=59519752.128890, +23 cols
    [CG]   [DIAG] iter=1 posCols=23 newCols=23 effImprove=23 updated=0
    [CG] CG iter 4: obj=174516992.311994, maxRC=2360557.297400, +8 cols
    [CG] CG iter 1: obj=145893634.863612, maxRC=59513133.419368, +23 cols
    [CG]   [DIAG] iter=4 posCols=8 newCols=8 effImprove=8 updated=0
    [CG] CG iter 3: obj=165913067.912469, maxRC=4679698.867127, +14 cols
    [CG]   [DIAG] iter=3 posCols=14 newCols=14 effImprove=14 updated=0
    [CG]   [DIAG] iter=1 posCols=23 newCols=23 effImprove=23 updated=0
    [CG] CG iter 5: obj=175831568.439652, maxRC=351756.738854, +2 cols
    [CG]   [DIAG] iter=5 posCols=2 newCols=2 effImprove=2 updated=0
    [CG] CG iter 4: obj=174539707.216269, maxRC=2360561.725537, +8 cols
    [CG]   [DIAG] iter=4 posCols=8 newCols=8 effImprove=8 updated=0
    [CG] 列生成收敛，共 6 轮迭代
    [CG] [CG-NODE] depth=0 exit=CERTIFIED certified=1 feasible=1 iters=6 generatedColsBeforeNode=0 newCols=63 posCandidates=63 duplicateCandidates=0 updatedCols=0 zeroObjImproveIters=1 objFirst=145706832.477136 objLast=175831568.439652 objGain=30124735.962516 maxRC=59519670.787331 wallSec=0.011568 pricingSec=0.007867 cplexSolveSec=0.002075
    [CG] CG iter 2: obj=161875807.308238, maxRC=10623485.371715, +16 cols
      [BB] 根节点即为整数解，obj=175831568.439652
    [CG]   [DIAG] iter=2 posCols=16 newCols=16 effImprove=16 updated=0
    [CG] CG iter 5: obj=175854511.105153, maxRC=336695.430764, +2 cols
    [CG]   [DIAG] iter=5 posCols=2 newCols=2 effImprove=2 updated=0
    [CG] CG iter 2: obj=161866420.250821, maxRC=10641110.538127, +16 cols
    [CG]   [DIAG] iter=2 posCols=16 newCols=16 effImprove=16 updated=0
    [CG] 列生成收敛，共 6 轮迭代
    [CG] [CG-NODE] depth=0 exit=CERTIFIED certified=1 feasible=1 iters=6 generatedColsBeforeNode=0 newCols=63 posCandidates=63 duplicateCandidates=0 updatedCols=0 zeroObjImproveIters=1 objFirst=146032914.677949 objLast=175854511.105153 objGain=29821596.427204 maxRC=59519752.128890 wallSec=0.012690 pricingSec=0.008420 cplexSolveSec=0.002332
      [BB] 根节点即为整数解，obj=175854511.105153
    [CG] CG iter 3: obj=165882914.285865, maxRC=4673042.811572, +14 cols
    [CG] CG iter 1: obj=145640333.218783, maxRC=59518310.986239, +23 cols
    [CG]   [DIAG] iter=3 posCols=14 newCols=14 effImprove=14 updated=0
    [CG] CG iter 1: obj=145841662.806329, maxRC=59519798.014298, +23 cols
    [CG]   [DIAG] iter=1 posCols=23 newCols=23 effImprove=23 updated=0
    [CG] CG iter 1: obj=145741810.301161, maxRC=59519752.128890, +23 cols
    [CG] CG iter 1: obj=145635125.012257, maxRC=59519752.128890, +23 cols
    [CG]   [DIAG] iter=1 posCols=23 newCols=23 effImprove=23 updated=0
    [CG] CG iter 3: obj=165881819.962325, maxRC=4678322.926807, +14 cols
    [CG]   [DIAG] iter=1 posCols=23 newCols=23 effImprove=23 updated=0
    [CG]   [DIAG] iter=3 posCols=14 newCols=14 effImprove=14 updated=0
    [CG]   [DIAG] iter=1 posCols=23 newCols=23 effImprove=23 updated=0
    [CG] CG iter 4: obj=174502261.716921, maxRC=2360557.297400, +8 cols
    [CG]   [DIAG] iter=4 posCols=8 newCols=8 effImprove=8 updated=0
    [CG] CG iter 4: obj=174505779.261286, maxRC=2360568.572278, +8 cols
    [CG]   [DIAG] iter=4 posCols=8 newCols=8 effImprove=8 updated=0
    [CG] CG iter 5: obj=175819622.798717, maxRC=351756.738854, +2 cols
    [CG]   [DIAG] iter=5 posCols=2 newCols=2 effImprove=2 updated=0
    [CG] CG iter 2: obj=161857414.755328, maxRC=10664497.637937, +16 cols
    [CG]   [DIAG] iter=2 posCols=16 newCols=16 effImprove=16 updated=0
    [CG] CG iter 2: obj=161763504.745581, maxRC=10623510.309735, +16 cols
    [CG] 列生成开始，初始列数=128
    [CG]   [DIAG] iter=2 posCols=16 newCols=16 effImprove=16 updated=0
    [CG] CG iter 2: obj=161882321.072131, maxRC=10627910.966633, +16 cols
    [CG] CG iter 2: obj=161794868.807101, maxRC=10623485.371715, +16 cols
    [CG]   [DIAG] iter=2 posCols=16 newCols=16 effImprove=16 updated=0
    [CG]   [DIAG] iter=2 posCols=16 newCols=16 effImprove=16 updated=0
    [CG] 列生成收敛，共 6 轮迭代
    [CG] CG iter 5: obj=175816930.042857, maxRC=339344.191146, +2 cols
    [CG] [CG-NODE] depth=0 exit=CERTIFIED certified=1 feasible=1 iters=6 generatedColsBeforeNode=0 newCols=63 posCandidates=63 duplicateCandidates=0 updatedCols=0 zeroObjImproveIters=1 objFirst=145695919.896177 objLast=175819622.798717 objGain=30123702.902540 maxRC=59519752.128890 wallSec=0.014797 pricingSec=0.010279 cplexSolveSec=0.002505
    [CG]   [DIAG] iter=5 posCols=2 newCols=2 effImprove=2 updated=0
      [BB] 根节点即为整数解，obj=175819622.798717
    [CG] 列生成收敛，共 6 轮迭代
    [CG] CG iter 3: obj=165849957.196330, maxRC=4672289.601343, +14 cols
    [CG] [CG-NODE] depth=0 exit=CERTIFIED certified=1 feasible=1 iters=6 generatedColsBeforeNode=0 newCols=63 posCandidates=63 duplicateCandidates=0 updatedCols=0 zeroObjImproveIters=1 objFirst=145893634.863612 objLast=175816930.042857 objGain=29923295.179246 maxRC=59513133.419368 wallSec=0.015592 pricingSec=0.010971 cplexSolveSec=0.002585
    [CG]   [DIAG] iter=3 posCols=14 newCols=14 effImprove=14 updated=0
      [BB] 根节点即为整数解，obj=175816930.042857
    [CG] CG iter 3: obj=166026418.965979, maxRC=5118128.238817, +15 cols
    [CG] CG iter 3: obj=165905187.170145, maxRC=4679788.944743, +14 cols
    [CG] CG iter 3: obj=165812286.990831, maxRC=4627235.059950, +14 cols
    [CG]   [DIAG] iter=3 posCols=15 newCols=15 effImprove=15 updated=0
    [CG]   [DIAG] iter=3 posCols=14 newCols=14 effImprove=14 updated=0
    [CG]   [DIAG] iter=3 posCols=14 newCols=14 effImprove=14 updated=0
    [CG] 列生成开始，初始列数=128
    [CG] CG iter 4: obj=174470962.348662, maxRC=2360557.297400, +8 cols
    [CG]   [DIAG] iter=4 posCols=8 newCols=8 effImprove=8 updated=0
    [CG] CG iter 4: obj=175630799.945746, maxRC=2671769.720189, +6 cols
    [CG]   [DIAG] iter=4 posCols=6 newCols=6 effImprove=6 updated=0
    [CG] CG iter 4: obj=174389080.508409, maxRC=1289215.965569, +4 cols
    [CG] CG iter 4: obj=174531318.278481, maxRC=2360557.284392, +8 cols
    [CG]   [DIAG] iter=4 posCols=4 newCols=4 effImprove=4 updated=0
    [CG]   [DIAG] iter=4 posCols=8 newCols=8 effImprove=8 updated=0
    [CG] CG iter 5: obj=175774429.398899, maxRC=353399.294155, +2 cols
    [CG]   [DIAG] iter=5 posCols=2 newCols=2 effImprove=2 updated=0
    [CG] 列生成开始，初始列数=128
    [CG] CG iter 5: obj=175666138.295369, maxRC=934662.361973, +1 cols
    [CG]   [DIAG] iter=5 posCols=1 newCols=1 effImprove=1 updated=0
    [CG] 列生成收敛，共 5 轮迭代
    [CG] [CG-NODE] depth=0 exit=CERTIFIED certified=1 feasible=1 iters=5 generatedColsBeforeNode=0 newCols=57 posCandidates=57 duplicateCandidates=0 updatedCols=0 zeroObjImproveIters=0 objFirst=145635125.012257 objLast=175678296.473978 objGain=30043171.461720 maxRC=59519752.128890 wallSec=0.016335 pricingSec=0.011332 cplexSolveSec=0.002658
    [CG] CG iter 5: obj=175845448.605006, maxRC=336749.308948, +2 cols
    [CG]   [DIAG] iter=5 posCols=2 newCols=2 effImprove=2 updated=0
      [BB] 根节点即为整数解，obj=175678296.473978
    [CG] 列生成收敛，共 6 轮迭代
    [CG] [CG-NODE] depth=0 exit=CERTIFIED certified=1 feasible=1 iters=6 generatedColsBeforeNode=0 newCols=63 posCandidates=63 duplicateCandidates=0 updatedCols=0 zeroObjImproveIters=1 objFirst=145640333.218783 objLast=175774429.398899 objGain=30134096.180116 maxRC=59518310.986239 wallSec=0.017152 pricingSec=0.011803 cplexSolveSec=0.002896
    [CG] 列生成收敛，共 6 轮迭代
    [CG] [CG-NODE] depth=0 exit=CERTIFIED certified=1 feasible=1 iters=6 generatedColsBeforeNode=0 newCols=61 posCandidates=61 duplicateCandidates=0 updatedCols=0 zeroObjImproveIters=1 objFirst=145841662.806329 objLast=175666138.295369 objGain=29824475.489040 maxRC=59519798.014298 wallSec=0.017084 pricingSec=0.011638 cplexSolveSec=0.002964
      [BB] 根节点即为整数解，obj=175774429.398899
    [CG] 列生成收敛，共 6 轮迭代
    [CG] [CG-NODE] depth=0 exit=CERTIFIED certified=1 feasible=1 iters=6 generatedColsBeforeNode=0 newCols=63 posCandidates=63 duplicateCandidates=0 updatedCols=0 zeroObjImproveIters=1 objFirst=145741810.301161 objLast=175845448.605006 objGain=30103638.303845 maxRC=59519752.128890 wallSec=0.017149 pricingSec=0.011594 cplexSolveSec=0.002910
      [BB] 根节点即为整数解，obj=175666138.295369
      [BB] 根节点即为整数解，obj=175845448.605006
    [CG] 列生成开始，初始列数=128
    [CG] 列生成开始，初始列数=128
    [CG] 列生成开始，初始列数=128
    [CG] 列生成开始，初始列数=128
    [CG] 列生成开始，初始列数=128
    [CG] CG iter 1: obj=145717053.794722, maxRC=59519403.483036, +23 cols
    [CG]   [DIAG] iter=1 posCols=23 newCols=23 effImprove=23 updated=0
    [CG] CG iter 1: obj=145883619.696083, maxRC=59486380.040814, +23 cols
    [CG]   [DIAG] iter=1 posCols=23 newCols=23 effImprove=23 updated=0
    [CG] CG iter 2: obj=161866282.772886, maxRC=10623485.371715, +16 cols
    [CG]   [DIAG] iter=2 posCols=16 newCols=16 effImprove=16 updated=0
    [CG] CG iter 3: obj=165889078.721569, maxRC=4668763.448917, +14 cols
    [CG]   [DIAG] iter=3 posCols=14 newCols=14 effImprove=14 updated=0
    [CG] CG iter 2: obj=161730950.364720, maxRC=10601726.137506, +16 cols
    [CG] CG iter 4: obj=174504812.639454, maxRC=2360807.365775, +8 cols
    [CG]   [DIAG] iter=2 posCols=16 newCols=16 effImprove=16 updated=0
    [CG]   [DIAG] iter=4 posCols=8 newCols=8 effImprove=8 updated=0
    [CG] CG iter 5: obj=175814871.499353, maxRC=330050.095486, +2 cols
    [CG]   [DIAG] iter=5 posCols=2 newCols=2 effImprove=2 updated=0
    [CG] 列生成收敛，共 6 轮迭代
    [CG] [CG-NODE] depth=0 exit=CERTIFIED certified=1 feasible=1 iters=6 generatedColsBeforeNode=0 newCols=63 posCandidates=63 duplicateCandidates=0 updatedCols=0 zeroObjImproveIters=1 objFirst=145717053.794722 objLast=175814871.499353 objGain=30097817.704631 maxRC=59519403.483036 wallSec=0.008319 pricingSec=0.005387 cplexSolveSec=0.001536
      [BB] 根节点即为整数解，obj=175814871.499353
    [CG] CG iter 3: obj=166041779.974952, maxRC=5109833.248586, +15 cols
    [CG]   [DIAG] iter=3 posCols=15 newCols=15 effImprove=15 updated=0
    [CG] CG iter 4: obj=175642298.202229, maxRC=2668287.651064, +6 cols
    [CG]   [DIAG] iter=4 posCols=6 newCols=6 effImprove=6 updated=0
    [CG] CG iter 5: obj=175700953.743603, maxRC=939033.607275, +1 cols
    [CG]   [DIAG] iter=5 posCols=1 newCols=1 effImprove=1 updated=0
    [CG] CG iter 1: obj=145708710.929247, maxRC=59519752.128890, +23 cols
    [CG] CG iter 1: obj=145704521.356202, maxRC=59519752.128890, +23 cols
    [CG]   [DIAG] iter=1 posCols=23 newCols=23 effImprove=23 updated=0
    [CG] 列生成开始，初始列数=128
    [CG]   [DIAG] iter=1 posCols=23 newCols=23 effImprove=23 updated=0
    [CG] CG iter 1: obj=145502919.912136, maxRC=59434517.671181, +23 cols
    [CG] 列生成收敛，共 6 轮迭代
    [CG] [CG-NODE] depth=0 exit=CERTIFIED certified=1 feasible=1 iters=6 generatedColsBeforeNode=0 newCols=61 posCandidates=61 duplicateCandidates=0 updatedCols=0 zeroObjImproveIters=1 objFirst=145883619.696083 objLast=175700953.743603 objGain=29817334.047520 maxRC=59486380.040814 wallSec=0.013812 pricingSec=0.009033 cplexSolveSec=0.002616
    [CG]   [DIAG] iter=1 posCols=23 newCols=23 effImprove=23 updated=0
      [BB] 根节点即为整数解，obj=175700953.743603
    [CG] CG iter 1: obj=145934248.980110, maxRC=59519752.128890, +23 cols
    [CG] CG iter 2: obj=161888693.736649, maxRC=10623485.371715, +16 cols
    [CG]   [DIAG] iter=2 posCols=16 newCols=16 effImprove=16 updated=0
    [CG] CG iter 2: obj=161885687.076952, maxRC=10627557.110082, +16 cols
    [CG]   [DIAG] iter=2 posCols=16 newCols=16 effImprove=16 updated=0
    [CG]   [DIAG] iter=1 posCols=23 newCols=23 effImprove=23 updated=0
    [CG] CG iter 2: obj=161606144.271341, maxRC=9427810.408352, +17 cols
    [CG]   [DIAG] iter=2 posCols=17 newCols=17 effImprove=17 updated=0
    [CG] CG iter 3: obj=165895766.823862, maxRC=4672891.948714, +14 cols
    [CG]   [DIAG] iter=3 posCols=14 newCols=14 effImprove=14 updated=0
    [CG] CG iter 3: obj=165891474.541285, maxRC=4673042.811572, +14 cols
    [CG]   [DIAG] iter=3 posCols=14 newCols=14 effImprove=14 updated=0
    [CG] CG iter 3: obj=175531986.435130, maxRC=4345382.971847, +8 cols
    [CG]   [DIAG] iter=3 posCols=8 newCols=8 effImprove=8 updated=0
    [CG] CG iter 4: obj=174517507.968446, maxRC=2360563.549002, +8 cols
    [CG]   [DIAG] iter=4 posCols=8 newCols=8 effImprove=8 updated=0
    [CG] CG iter 4: obj=174513349.226418, maxRC=2360557.297400, +8 cols
    [CG]   [DIAG] iter=4 posCols=8 newCols=8 effImprove=8 updated=0
    [CG] CG iter 4: obj=175531986.435130, maxRC=1183516.693237, +5 cols
    [CG]   [DIAG] iter=4 posCols=5 newCols=5 effImprove=5 updated=0
    [CG] CG iter 5: obj=175832287.661219, maxRC=351655.008439, +2 cols
    [CG]   [DIAG] iter=5 posCols=2 newCols=2 effImprove=2 updated=0
    [CG] 列生成开始，初始列数=128
    [CG] CG iter 2: obj=161808935.052304, maxRC=10623485.371715, +16 cols
    [CG] CG iter 5: obj=175827026.916328, maxRC=351756.738854, +2 cols
    [CG]   [DIAG] iter=2 posCols=16 newCols=16 effImprove=16 updated=0
    [CG]   [DIAG] iter=5 posCols=2 newCols=2 effImprove=2 updated=0
    [CG] 列生成收敛，共 6 轮迭代
    [CG] [CG-NODE] depth=0 exit=CERTIFIED certified=1 feasible=1 iters=6 generatedColsBeforeNode=0 newCols=63 posCandidates=63 duplicateCandidates=0 updatedCols=0 zeroObjImproveIters=1 objFirst=145708710.929247 objLast=175832287.661219 objGain=30123576.731973 maxRC=59519752.128890 wallSec=0.010514 pricingSec=0.006660 cplexSolveSec=0.002057
    [CG] 列生成收敛，共 5 轮迭代
    [CG] [CG-NODE] depth=0 exit=CERTIFIED certified=1 feasible=1 iters=5 generatedColsBeforeNode=0 newCols=53 posCandidates=53 duplicateCandidates=0 updatedCols=0 zeroObjImproveIters=1 objFirst=145502919.912136 objLast=175611395.510484 objGain=30108475.598347 maxRC=59434517.671181 wallSec=0.010373 pricingSec=0.006741 cplexSolveSec=0.001905
    [CG] CG iter 1: obj=145963486.946791, maxRC=59519798.014298, +23 cols
      [BB] 根节点即为整数解，obj=175832287.661219
      [BB] 根节点即为整数解，obj=175611395.510484
    [CG] 列生成收敛，共 6 轮迭代
    [CG] [CG-NODE] depth=0 exit=CERTIFIED certified=1 feasible=1 iters=6 generatedColsBeforeNode=0 newCols=63 posCandidates=63 duplicateCandidates=0 updatedCols=0 zeroObjImproveIters=1 objFirst=145704521.356202 objLast=175827026.916328 objGain=30122505.560126 maxRC=59519752.128890 wallSec=0.010959 pricingSec=0.007148 cplexSolveSec=0.002062
    [CG]   [DIAG] iter=1 posCols=23 newCols=23 effImprove=23 updated=0
      [BB] 根节点即为整数解，obj=175827026.916328
    [CG] CG iter 3: obj=166115286.415309, maxRC=5118138.735229, +15 cols
    [CG]   [DIAG] iter=3 posCols=15 newCols=15 effImprove=15 updated=0
    [CG] CG iter 2: obj=161875199.166853, maxRC=10641252.803509, +16 cols
    [CG]   [DIAG] iter=2 posCols=16 newCols=16 effImprove=16 updated=0
    [CG] 列生成开始，初始列数=128
    [CG] CG iter 1: obj=145783527.060484, maxRC=59519752.128890, +23 cols
    [CG] CG iter 4: obj=175719631.882002, maxRC=2671773.401886, +6 cols
    [CG]   [DIAG] iter=4 posCols=6 newCols=6 effImprove=6 updated=0
    [CG] 列生成开始，初始列数=128
    [CG] CG iter 1: obj=146006555.639082, maxRC=59519842.202999, +23 cols
    [CG] 列生成开始，初始列数=128
    [CG]   [DIAG] iter=1 posCols=23 newCols=23 effImprove=23 updated=0
    [CG]   [DIAG] iter=1 posCols=23 newCols=23 effImprove=23 updated=0
    [CG] CG iter 5: obj=175774762.858587, maxRC=942709.615466, +1 cols
    [CG]   [DIAG] iter=5 posCols=1 newCols=1 effImprove=1 updated=0
    [CG] CG iter 3: obj=165836639.404295, maxRC=4656818.159720, +14 cols
    [CG]   [DIAG] iter=3 posCols=14 newCols=14 effImprove=14 updated=0
    [CG] CG iter 2: obj=161868043.562716, maxRC=10623494.814960, +16 cols
    [CG]   [DIAG] iter=2 posCols=16 newCols=16 effImprove=16 updated=0
    [CG] 列生成收敛，共 6 轮迭代
    [CG] [CG-NODE] depth=0 exit=CERTIFIED certified=1 feasible=1 iters=6 generatedColsBeforeNode=0 newCols=61 posCandidates=61 duplicateCandidates=0 updatedCols=0 zeroObjImproveIters=1 objFirst=145934248.980110 objLast=175774762.858587 objGain=29840513.878477 maxRC=59519752.128890 wallSec=0.019707 pricingSec=0.013347 cplexSolveSec=0.003508
      [BB] 根节点即为整数解，obj=175774762.858587
    [CG] CG iter 4: obj=174447269.307972, maxRC=2360557.280068, +7 cols
    [CG]   [DIAG] iter=4 posCols=7 newCols=7 effImprove=7 updated=0
    [CG] CG iter 2: obj=161885999.123898, maxRC=10623485.371715, +16 cols
    [CG] CG iter 3: obj=165890698.663577, maxRC=4667993.175619, +14 cols
    [CG]   [DIAG] iter=3 posCols=14 newCols=14 effImprove=14 updated=0
    [CG]   [DIAG] iter=2 posCols=16 newCols=16 effImprove=16 updated=0
    [CG] CG iter 5: obj=175757154.662506, maxRC=386927.237759, +2 cols
    [CG]   [DIAG] iter=5 posCols=2 newCols=2 effImprove=2 updated=0
    [CG] CG iter 4: obj=174506227.089124, maxRC=2360824.316177, +8 cols
    [CG]   [DIAG] iter=4 posCols=8 newCols=8 effImprove=8 updated=0
    [CG] CG iter 5: obj=175815338.689933, maxRC=329567.443013, +2 cols
    [CG]   [DIAG] iter=5 posCols=2 newCols=2 effImprove=2 updated=0
    [CG] 列生成开始，初始列数=128
    [CG] 列生成收敛，共 6 轮迭代
    [CG] [CG-NODE] depth=0 exit=CERTIFIED certified=1 feasible=1 iters=6 generatedColsBeforeNode=0 newCols=62 posCandidates=62 duplicateCandidates=0 updatedCols=0 zeroObjImproveIters=1 objFirst=145963486.946791 objLast=175757154.662506 objGain=29793667.715715 maxRC=59519798.014298 wallSec=0.019017 pricingSec=0.012845 cplexSolveSec=0.003418
    [CG] 列生成收敛，共 6 轮迭代
    [CG] [CG-NODE] depth=0 exit=CERTIFIED certified=1 feasible=1 iters=6 generatedColsBeforeNode=0 newCols=63 posCandidates=63 duplicateCandidates=0 updatedCols=0 zeroObjImproveIters=1 objFirst=146006555.639082 objLast=175815338.689933 objGain=29808783.050850 maxRC=59519842.202999 wallSec=0.010616 pricingSec=0.007017 cplexSolveSec=0.001970
    [CG] CG iter 3: obj=165910288.747822, maxRC=4679779.578765, +14 cols
      [BB] 根节点即为整数解，obj=175757154.662506
    [CG]   [DIAG] iter=3 posCols=14 newCols=14 effImprove=14 updated=0
      [BB] 根节点即为整数解，obj=175815338.689933
    [CG] CG iter 1: obj=145703583.062856, maxRC=59519403.483036, +23 cols
    [CG]   [DIAG] iter=1 posCols=23 newCols=23 effImprove=23 updated=0
    [CG] CG iter 1: obj=145733033.209767, maxRC=59485051.559032, +23 cols
    [CG]   [DIAG] iter=1 posCols=23 newCols=23 effImprove=23 updated=0
    [CG] CG iter 2: obj=161889088.953099, maxRC=10623485.371715, +16 cols
    [CG]   [DIAG] iter=2 posCols=16 newCols=16 effImprove=16 updated=0
    [CG] CG iter 4: obj=174536439.798170, maxRC=2360557.280068, +8 cols
    [CG]   [DIAG] iter=4 posCols=8 newCols=8 effImprove=8 updated=0
    [CG] CG iter 3: obj=165896195.930726, maxRC=4673042.811572, +14 cols
    [CG]   [DIAG] iter=3 posCols=14 newCols=14 effImprove=14 updated=0
    [CG] CG iter 4: obj=174518091.218161, maxRC=2360557.297400, +8 cols
    [CG]   [DIAG] iter=4 posCols=8 newCols=8 effImprove=8 updated=0
    [CG] CG iter 2: obj=161811793.067396, maxRC=10618398.052994, +16 cols
    [CG] CG iter 5: obj=175851800.334658, maxRC=336753.722206, +2 cols
    [CG]   [DIAG] iter=2 posCols=16 newCols=16 effImprove=16 updated=0
    [CG]   [DIAG] iter=5 posCols=2 newCols=2 effImprove=2 updated=0
    [CG] CG iter 5: obj=175832904.443577, maxRC=351756.738854, +2 cols
    [CG]   [DIAG] iter=5 posCols=2 newCols=2 effImprove=2 updated=0
    [CG] 列生成开始，初始列数=128
    [CG] 列生成收敛，共 6 轮迭代
    [CG] [CG-NODE] depth=0 exit=CERTIFIED certified=1 feasible=1 iters=6 generatedColsBeforeNode=0 newCols=63 posCandidates=63 duplicateCandidates=0 updatedCols=0 zeroObjImproveIters=1 objFirst=145703583.062856 objLast=175832904.443577 objGain=30129321.380721 maxRC=59519403.483036 wallSec=0.007587 pricingSec=0.004672 cplexSolveSec=0.001463
    [CG] 列生成开始，初始列数=128
      [BB] 根节点即为整数解，obj=175832904.443577
    [CG] CG iter 1: obj=145722671.090024, maxRC=59519752.288062, +23 cols
    [CG] 列生成收敛，共 6 轮迭代
    [CG] [CG-NODE] depth=0 exit=CERTIFIED certified=1 feasible=1 iters=6 generatedColsBeforeNode=0 newCols=63 posCandidates=63 duplicateCandidates=0 updatedCols=0 zeroObjImproveIters=1 objFirst=145783527.060484 objLast=175851800.334658 objGain=30068273.274174 maxRC=59519752.128890 wallSec=0.020729 pricingSec=0.013781 cplexSolveSec=0.003894
    [CG]   [DIAG] iter=1 posCols=23 newCols=23 effImprove=23 updated=0
    [CG] CG iter 3: obj=165828530.350955, maxRC=4688959.117068, +14 cols
    [CG]   [DIAG] iter=3 posCols=14 newCols=14 effImprove=14 updated=0
      [BB] 根节点即为整数解，obj=175851800.334658
    [CG] CG iter 1: obj=145761777.086383, maxRC=59519798.014298, +23 cols
    [CG] CG iter 4: obj=174472166.691612, maxRC=2360557.280068, +8 cols
    [CG] CG iter 2: obj=161885999.123898, maxRC=10623485.371715, +16 cols
    [CG]   [DIAG] iter=4 posCols=8 newCols=8 effImprove=8 updated=0
    [CG]   [DIAG] iter=2 posCols=16 newCols=16 effImprove=16 updated=0
    [CG]   [DIAG] iter=1 posCols=23 newCols=23 effImprove=23 updated=0
    [CG] CG iter 1: obj=145588245.980203, maxRC=59519841.930057, +23 cols
    [CG] CG iter 5: obj=175782610.797134, maxRC=341935.500637, +2 cols
    [CG]   [DIAG] iter=1 posCols=23 newCols=23 effImprove=23 updated=0
    [CG]   [DIAG] iter=5 posCols=2 newCols=2 effImprove=2 updated=0
    [CG] CG iter 2: obj=161874799.052040, maxRC=10641252.803509, +16 cols
    [CG]   [DIAG] iter=2 posCols=16 newCols=16 effImprove=16 updated=0
    [CG] CG iter 3: obj=165910298.537648, maxRC=4679789.109927, +14 cols
    [CG]   [DIAG] iter=3 posCols=14 newCols=14 effImprove=14 updated=0
    [CG] 列生成收敛，共 6 轮迭代
    [CG] [CG-NODE] depth=0 exit=CERTIFIED certified=1 feasible=1 iters=6 generatedColsBeforeNode=0 newCols=63 posCandidates=63 duplicateCandidates=0 updatedCols=0 zeroObjImproveIters=1 objFirst=145733033.209767 objLast=175782610.797134 objGain=30049577.587367 maxRC=59485051.559032 wallSec=0.013804 pricingSec=0.009226 cplexSolveSec=0.002582
    [CG] CG iter 3: obj=165887554.273774, maxRC=4677503.898095, +14 cols
    [CG]   [DIAG] iter=3 posCols=14 newCols=14 effImprove=14 updated=0
      [BB] 根节点即为整数解，obj=175782610.797134
    [CG] CG iter 4: obj=174536449.539815, maxRC=2360557.280068, +8 cols
    [CG]   [DIAG] iter=4 posCols=8 newCols=8 effImprove=8 updated=0
    [CG] CG iter 4: obj=174512310.099771, maxRC=2360557.280068, +8 cols
    [CG]   [DIAG] iter=4 posCols=8 newCols=8 effImprove=8 updated=0
    [CG] CG iter 2: obj=161752197.309532, maxRC=10623494.814960, +16 cols
    [CG]   [DIAG] iter=2 posCols=16 newCols=16 effImprove=16 updated=0
    [CG] CG iter 5: obj=175851810.076304, maxRC=336743.574814, +2 cols
    [CG]   [DIAG] iter=5 posCols=2 newCols=2 effImprove=2 updated=0
    [CG] CG iter 5: obj=175822269.858055, maxRC=341935.500637, +2 cols
    [CG]   [DIAG] iter=5 posCols=2 newCols=2 effImprove=2 updated=0
    [CG] 列生成收敛，共 6 轮迭代
    [CG] [CG-NODE] depth=0 exit=CERTIFIED certified=1 feasible=1 iters=6 generatedColsBeforeNode=0 newCols=63 posCandidates=63 duplicateCandidates=0 updatedCols=0 zeroObjImproveIters=1 objFirst=145722671.090024 objLast=175851810.076304 objGain=30129138.986279 maxRC=59519752.288062 wallSec=0.012160 pricingSec=0.007962 cplexSolveSec=0.002292
      [BB] 根节点即为整数解，obj=175851810.076304
    [CG] 列生成收敛，共 6 轮迭代
    [CG] [CG-NODE] depth=0 exit=CERTIFIED certified=1 feasible=1 iters=6 generatedColsBeforeNode=0 newCols=63 posCandidates=63 duplicateCandidates=0 updatedCols=0 zeroObjImproveIters=1 objFirst=145761777.086383 objLast=175822269.858055 objGain=30060492.771672 maxRC=59519798.014298 wallSec=0.008695 pricingSec=0.005470 cplexSolveSec=0.001647
    [CG] CG iter 3: obj=166062060.837627, maxRC=5109833.248586, +15 cols
      [BB] 根节点即为整数解，obj=175822269.858055
    [CG]   [DIAG] iter=3 posCols=15 newCols=15 effImprove=15 updated=0
    [CG] CG iter 4: obj=175654536.557154, maxRC=2668287.651064, +6 cols
    [CG]   [DIAG] iter=4 posCols=6 newCols=6 effImprove=6 updated=0
    [CG] CG iter 5: obj=175699946.666825, maxRC=932630.036471, +1 cols
    [CG]   [DIAG] iter=5 posCols=1 newCols=1 effImprove=1 updated=0
    [CG] 列生成收敛，共 6 轮迭代
    [CG] [CG-NODE] depth=0 exit=CERTIFIED certified=1 feasible=1 iters=6 generatedColsBeforeNode=0 newCols=61 posCandidates=61 duplicateCandidates=0 updatedCols=0 zeroObjImproveIters=1 objFirst=145588245.980203 objLast=175699946.666825 objGain=30111700.686622 maxRC=59519841.930057 wallSec=0.014401 pricingSec=0.010289 cplexSolveSec=0.002334
      [BB] 根节点即为整数解，obj=175699946.666825
    [CG] CG iter 1: obj=145855256.166312, maxRC=59519798.014298, +23 cols
    [CG]   [DIAG] iter=1 posCols=23 newCols=23 effImprove=23 updated=0
    [CG] CG iter 1: obj=145565110.510415, maxRC=59429005.054917, +23 cols
    [CG]   [DIAG] iter=1 posCols=23 newCols=23 effImprove=23 updated=0
    [CG] CG iter 2: obj=161761329.854281, maxRC=9542017.663917, +17 cols
    [CG]   [DIAG] iter=2 posCols=17 newCols=17 effImprove=17 updated=0
    [CG] CG iter 2: obj=161663321.790541, maxRC=10582877.425041, +16 cols
    [CG]   [DIAG] iter=2 posCols=16 newCols=16 effImprove=16 updated=0
    [CG] CG iter 3: obj=171945914.182321, maxRC=9686464.246244, +15 cols
    [CG]   [DIAG] iter=3 posCols=15 newCols=15 effImprove=15 updated=0
    [CG] CG iter 3: obj=165966002.476057, maxRC=5109620.212483, +15 cols
    [CG]   [DIAG] iter=3 posCols=15 newCols=15 effImprove=15 updated=0
    [CG] CG iter 4: obj=174460625.804945, maxRC=5874199.485058, +14 cols
    [CG]   [DIAG] iter=4 posCols=14 newCols=14 effImprove=14 updated=0
    [CG] CG iter 4: obj=175572954.731434, maxRC=2668198.671997, +6 cols
    [CG]   [DIAG] iter=4 posCols=6 newCols=6 effImprove=6 updated=0
    [CG] CG iter 5: obj=175648442.297320, maxRC=949148.829350, +1 cols
    [CG]   [DIAG] iter=5 posCols=1 newCols=1 effImprove=1 updated=0
    [CG] CG iter 5: obj=174460625.804945, maxRC=1164442.772601, +3 cols
    [CG]   [DIAG] iter=5 posCols=3 newCols=3 effImprove=3 updated=0
    [CG] 列生成收敛，共 6 轮迭代
    [CG] [CG-NODE] depth=0 exit=CERTIFIED certified=1 feasible=1 iters=6 generatedColsBeforeNode=0 newCols=61 posCandidates=61 duplicateCandidates=0 updatedCols=0 zeroObjImproveIters=1 objFirst=145565110.510415 objLast=175648442.297320 objGain=30083331.786905 maxRC=59429005.054917 wallSec=0.016521 pricingSec=0.011257 cplexSolveSec=0.003032
      [BB] 根节点即为整数解，obj=175648442.297320
    [CG] CG iter 6: obj=175625068.577546, maxRC=1044503.675266, +3 cols
    [CG]   [DIAG] iter=6 posCols=3 newCols=3 effImprove=3 updated=0
    [CG] 列生成收敛，共 7 轮迭代
    [CG] [CG-NODE] depth=0 exit=CERTIFIED certified=1 feasible=1 iters=7 generatedColsBeforeNode=0 newCols=75 posCandidates=75 duplicateCandidates=0 updatedCols=0 zeroObjImproveIters=2 objFirst=145855256.166312 objLast=175625068.577546 objGain=29769812.411234 maxRC=59519798.014298 wallSec=0.017806 pricingSec=0.012115 cplexSolveSec=0.003248
      [BB] 根节点即为整数解，obj=175625068.577546
[GA] 代数 7: Best=175883793.46, Avg=175810116.90, Worst=175640281.20, Valid=30/30, 耗时=0.06s (连续7代未提升)
  ├─ 求解: 30 个体 fork 并行 | CG迭代=143 加列=1497 BB分支=0
  ├─ 并行墙钟=0.0572s | 串行等效(ΣBP)=0.3434s | 加速比=6.01x
  ├─ 管理开销=-0.2862s (fork=0.0036 wait=0.0531 merge=0.0004)
  └─ CG明细: gen_logs/run_gen7_ind{0..29}.log
    [CG] 列生成开始，初始列数=128
    [CG] 列生成开始，初始列数=128
    [CG] 列生成开始，初始列数=128
    [CG] 列生成开始，初始列数=128
    [CG] 列生成开始，初始列数=128
    [CG] 列生成开始，初始列数=128
    [CG] 列生成开始，初始列数=128
    [CG] 列生成开始，初始列数=128
    [CG] CG iter 1: obj=145934190.772902, maxRC=59519752.128890, +23 cols
    [CG]   [DIAG] iter=1 posCols=23 newCols=23 effImprove=23 updated=0
    [CG] CG iter 2: obj=161805533.176156, maxRC=10627557.110082, +16 cols
    [CG]   [DIAG] iter=2 posCols=16 newCols=16 effImprove=16 updated=0
    [CG] CG iter 1: obj=145717054.885889, maxRC=59519403.483036, +23 cols
    [CG] CG iter 1: obj=145955909.045859, maxRC=59519789.597342, +23 cols
    [CG]   [DIAG] iter=1 posCols=23 newCols=23 effImprove=23 updated=0
    [CG]   [DIAG] iter=1 posCols=23 newCols=23 effImprove=23 updated=0
    [CG] CG iter 3: obj=166110575.327020, maxRC=5118138.735229, +15 cols
    [CG]   [DIAG] iter=3 posCols=15 newCols=15 effImprove=15 updated=0
    [CG] CG iter 1: obj=146000357.787253, maxRC=59519493.284202, +23 cols
    [CG] CG iter 2: obj=161866282.772886, maxRC=10623485.371715, +16 cols
    [CG] CG iter 4: obj=175713754.354753, maxRC=2671773.401886, +6 cols
    [CG]   [DIAG] iter=2 posCols=16 newCols=16 effImprove=16 updated=0
    [CG]   [DIAG] iter=1 posCols=23 newCols=23 effImprove=23 updated=0
    [CG]   [DIAG] iter=4 posCols=6 newCols=6 effImprove=6 updated=0
    [CG] CG iter 2: obj=161867309.742213, maxRC=10641395.022115, +16 cols
    [CG] CG iter 5: obj=175768885.331338, maxRC=944103.781935, +1 cols
    [CG]   [DIAG] iter=5 posCols=1 newCols=1 effImprove=1 updated=0
    [CG]   [DIAG] iter=2 posCols=16 newCols=16 effImprove=16 updated=0
    [CG] CG iter 3: obj=165889082.371891, maxRC=4668766.324908, +14 cols
    [CG]   [DIAG] iter=3 posCols=14 newCols=14 effImprove=14 updated=0
    [CG] 列生成收敛，共 6 轮迭代
    [CG] [CG-NODE] depth=0 exit=CERTIFIED certified=1 feasible=1 iters=6 generatedColsBeforeNode=0 newCols=61 posCandidates=61 duplicateCandidates=0 updatedCols=0 zeroObjImproveIters=1 objFirst=145934190.772902 objLast=175768885.331338 objGain=29834694.558436 maxRC=59519752.128890 wallSec=0.010163 pricingSec=0.006383 cplexSolveSec=0.002096
      [BB] 根节点即为整数解，obj=175768885.331338
    [CG] CG iter 2: obj=161867639.462689, maxRC=10623494.814960, +16 cols
    [CG]   [DIAG] iter=2 posCols=16 newCols=16 effImprove=16 updated=0
    [CG] CG iter 4: obj=174504816.606611, maxRC=2360807.365775, +8 cols
    [CG]   [DIAG] iter=4 posCols=8 newCols=8 effImprove=8 updated=0
    [CG] CG iter 3: obj=165880017.726937, maxRC=4677517.744717, +14 cols
    [CG]   [DIAG] iter=3 posCols=14 newCols=14 effImprove=14 updated=0
    [CG] CG iter 1: obj=145901046.859120, maxRC=59513114.914245, +23 cols
    [CG]   [DIAG] iter=1 posCols=23 newCols=23 effImprove=23 updated=0
    [CG] CG iter 5: obj=175814875.466511, maxRC=330046.501607, +2 cols
    [CG]   [DIAG] iter=5 posCols=2 newCols=2 effImprove=2 updated=0
    [CG] CG iter 4: obj=174503470.041580, maxRC=2360558.391292, +8 cols
    [CG]   [DIAG] iter=4 posCols=8 newCols=8 effImprove=8 updated=0
    [CG] CG iter 3: obj=165889910.982057, maxRC=4667880.035989, +14 cols
    [CG]   [DIAG] iter=3 posCols=14 newCols=14 effImprove=14 updated=0
    [CG] 列生成收敛，共 6 轮迭代
    [CG] [CG-NODE] depth=0 exit=CERTIFIED certified=1 feasible=1 iters=6 generatedColsBeforeNode=0 newCols=63 posCandidates=63 duplicateCandidates=0 updatedCols=0 zeroObjImproveIters=1 objFirst=145717054.885889 objLast=175814875.466511 objGain=30097820.580622 maxRC=59519403.483036 wallSec=0.012332 pricingSec=0.007719 cplexSolveSec=0.002244
    [CG] CG iter 1: obj=145722588.481040, maxRC=59519841.930057, +23 cols
      [BB] 根节点即为整数解，obj=175814875.466511
    [CG] CG iter 5: obj=175814728.973035, maxRC=341938.490510, +2 cols
    [CG]   [DIAG] iter=5 posCols=2 newCols=2 effImprove=2 updated=0
    [CG]   [DIAG] iter=1 posCols=23 newCols=23 effImprove=23 updated=0
    [CG] CG iter 4: obj=174505315.234854, maxRC=2360824.316177, +8 cols
    [CG]   [DIAG] iter=4 posCols=8 newCols=8 effImprove=8 updated=0
    [CG] CG iter 1: obj=146010419.462613, maxRC=59519798.014298, +23 cols
    [CG] 列生成收敛，共 6 轮迭代
    [CG] CG iter 2: obj=161873855.480347, maxRC=10641240.385830, +16 cols
    [CG] [CG-NODE] depth=0 exit=CERTIFIED certified=1 feasible=1 iters=6 generatedColsBeforeNode=0 newCols=63 posCandidates=63 duplicateCandidates=0 updatedCols=0 zeroObjImproveIters=1 objFirst=145955909.045859 objLast=175814728.973035 objGain=29858819.927176 maxRC=59519789.597342 wallSec=0.013383 pricingSec=0.008692 cplexSolveSec=0.002619
    [CG]   [DIAG] iter=1 posCols=23 newCols=23 effImprove=23 updated=0
    [CG]   [DIAG] iter=2 posCols=16 newCols=16 effImprove=16 updated=0
      [BB] 根节点即为整数解，obj=175814728.973035
    [CG] 列生成开始，初始列数=128
    [CG] CG iter 5: obj=175814424.332377, maxRC=329892.163612, +2 cols
    [CG]   [DIAG] iter=5 posCols=2 newCols=2 effImprove=2 updated=0
    [CG] CG iter 1: obj=146006445.702748, maxRC=59519842.202999, +23 cols
    [CG]   [DIAG] iter=1 posCols=23 newCols=23 effImprove=23 updated=0
    [CG] 列生成收敛，共 6 轮迭代
    [CG] [CG-NODE] depth=0 exit=CERTIFIED certified=1 feasible=1 iters=6 generatedColsBeforeNode=0 newCols=63 posCandidates=63 duplicateCandidates=0 updatedCols=0 zeroObjImproveIters=1 objFirst=146000357.787253 objLast=175814424.332377 objGain=29814066.545124 maxRC=59519493.284202 wallSec=0.014887 pricingSec=0.009904 cplexSolveSec=0.002843
    [CG] CG iter 2: obj=161866288.782190, maxRC=10623494.814960, +16 cols
    [CG]   [DIAG] iter=2 posCols=16 newCols=16 effImprove=16 updated=0
      [BB] 根节点即为整数解，obj=175814424.332377
    [CG] 列生成开始，初始列数=128
    [CG] CG iter 3: obj=165889211.939444, maxRC=4678330.622439, +14 cols
    [CG] CG iter 2: obj=161874973.900025, maxRC=10641542.573138, +16 cols
    [CG]   [DIAG] iter=3 posCols=14 newCols=14 effImprove=14 updated=0
    [CG]   [DIAG] iter=2 posCols=16 newCols=16 effImprove=16 updated=0
    [CG] CG iter 2: obj=161868043.562716, maxRC=10623494.814960, +16 cols
    [CG]   [DIAG] iter=2 posCols=16 newCols=16 effImprove=16 updated=0
    [CG] CG iter 4: obj=174514550.871524, maxRC=2360568.572278, +8 cols
    [CG] CG iter 3: obj=165889057.944899, maxRC=4668764.611053, +14 cols
    [CG]   [DIAG] iter=4 posCols=8 newCols=8 effImprove=8 updated=0
    [CG]   [DIAG] iter=3 posCols=14 newCols=14 effImprove=14 updated=0
    [CG] 列生成开始，初始列数=128
    [CG] CG iter 3: obj=165890355.483936, maxRC=4678574.503970, +14 cols
    [CG]   [DIAG] iter=3 posCols=14 newCols=14 effImprove=14 updated=0
    [CG] CG iter 4: obj=174504739.452972, maxRC=2360807.365775, +8 cols
    [CG]   [DIAG] iter=4 posCols=8 newCols=8 effImprove=8 updated=0
    [CG] CG iter 5: obj=175824290.887036, maxRC=339344.191146, +2 cols
    [CG] CG iter 3: obj=165890609.517299, maxRC=4667978.692232, +14 cols
    [CG]   [DIAG] iter=5 posCols=2 newCols=2 effImprove=2 updated=0
    [CG]   [DIAG] iter=3 posCols=14 newCols=14 effImprove=14 updated=0
    [CG] CG iter 4: obj=174515949.848239, maxRC=2360557.280068, +8 cols
    [CG]   [DIAG] iter=4 posCols=8 newCols=8 effImprove=8 updated=0
    [CG] CG iter 5: obj=175814798.312871, maxRC=330050.095486, +2 cols
    [CG]   [DIAG] iter=5 posCols=2 newCols=2 effImprove=2 updated=0
    [CG] 列生成开始，初始列数=128
    [CG] CG iter 4: obj=174506102.669403, maxRC=2360824.316177, +8 cols
    [CG]   [DIAG] iter=4 posCols=8 newCols=8 effImprove=8 updated=0
    [CG] CG iter 5: obj=175825756.564974, maxRC=339558.731377, +2 cols
    [CG]   [DIAG] iter=5 posCols=2 newCols=2 effImprove=2 updated=0
    [CG] 列生成收敛，共 6 轮迭代
    [CG] [CG-NODE] depth=0 exit=CERTIFIED certified=1 feasible=1 iters=6 generatedColsBeforeNode=0 newCols=63 posCandidates=63 duplicateCandidates=0 updatedCols=0 zeroObjImproveIters=1 objFirst=145901046.859120 objLast=175824290.887036 objGain=29923244.027916 maxRC=59513114.914245 wallSec=0.018275 pricingSec=0.012170 cplexSolveSec=0.003476
    [CG] 列生成收敛，共 6 轮迭代
    [CG] [CG-NODE] depth=0 exit=CERTIFIED certified=1 feasible=1 iters=6 generatedColsBeforeNode=0 newCols=63 posCandidates=63 duplicateCandidates=0 updatedCols=0 zeroObjImproveIters=1 objFirst=145722588.481040 objLast=175814798.312871 objGain=30092209.831831 maxRC=59519841.930057 wallSec=0.018170 pricingSec=0.012307 cplexSolveSec=0.003266
      [BB] 根节点即为整数解，obj=175824290.887036
      [BB] 根节点即为整数解，obj=175814798.312871
    [CG] 列生成收敛，共 6 轮迭代
    [CG] [CG-NODE] depth=0 exit=CERTIFIED certified=1 feasible=1 iters=6 generatedColsBeforeNode=0 newCols=63 posCandidates=63 duplicateCandidates=0 updatedCols=0 zeroObjImproveIters=1 objFirst=146010419.462613 objLast=175825756.564974 objGain=29815337.102362 maxRC=59519798.014298 wallSec=0.019017 pricingSec=0.012889 cplexSolveSec=0.003284
    [CG] CG iter 5: obj=175815214.270212, maxRC=329639.603372, +2 cols
    [CG]   [DIAG] iter=5 posCols=2 newCols=2 effImprove=2 updated=0
      [BB] 根节点即为整数解，obj=175825756.564974
    [CG] 列生成收敛，共 6 轮迭代
    [CG] [CG-NODE] depth=0 exit=CERTIFIED certified=1 feasible=1 iters=6 generatedColsBeforeNode=0 newCols=63 posCandidates=63 duplicateCandidates=0 updatedCols=0 zeroObjImproveIters=1 objFirst=146006445.702748 objLast=175815214.270212 objGain=29808768.567464 maxRC=59519842.202999 wallSec=0.019080 pricingSec=0.012771 cplexSolveSec=0.003344
      [BB] 根节点即为整数解，obj=175815214.270212
    [CG] CG iter 1: obj=145971572.076495, maxRC=59519798.014298, +23 cols
    [CG] 列生成开始，初始列数=128
    [CG]   [DIAG] iter=1 posCols=23 newCols=23 effImprove=23 updated=0
    [CG] 列生成开始，初始列数=128
    [CG] 列生成开始，初始列数=128
    [CG] CG iter 2: obj=161875199.166853, maxRC=10641252.803509, +16 cols
    [CG]   [DIAG] iter=2 posCols=16 newCols=16 effImprove=16 updated=0
    [CG] 列生成开始，初始列数=128
    [CG] CG iter 3: obj=165845927.393370, maxRC=4660582.297012, +14 cols
    [CG]   [DIAG] iter=3 posCols=14 newCols=14 effImprove=14 updated=0
    [CG] CG iter 4: obj=174459118.574966, maxRC=2360557.280068, +7 cols
    [CG]   [DIAG] iter=4 posCols=7 newCols=7 effImprove=7 updated=0
    [CG] CG iter 1: obj=145891221.581234, maxRC=59513133.419368, +23 cols
    [CG] CG iter 5: obj=175769003.929501, maxRC=378777.672267, +2 cols
    [CG]   [DIAG] iter=5 posCols=2 newCols=2 effImprove=2 updated=0
    [CG]   [DIAG] iter=1 posCols=23 newCols=23 effImprove=23 updated=0
    [CG] 列生成收敛，共 6 轮迭代
    [CG] [CG-NODE] depth=0 exit=CERTIFIED certified=1 feasible=1 iters=6 generatedColsBeforeNode=0 newCols=62 posCandidates=62 duplicateCandidates=0 updatedCols=0 zeroObjImproveIters=1 objFirst=145971572.076495 objLast=175769003.929501 objGain=29797431.853007 maxRC=59519798.014298 wallSec=0.012087 pricingSec=0.007694 cplexSolveSec=0.002443
      [BB] 根节点即为整数解，obj=175769003.929501
    [CG] CG iter 2: obj=161866420.250821, maxRC=10641110.538127, +16 cols
    [CG]   [DIAG] iter=2 posCols=16 newCols=16 effImprove=16 updated=0
    [CG] CG iter 1: obj=145770109.279547, maxRC=59519752.128890, +23 cols
    [CG] CG iter 1: obj=145840077.525653, maxRC=59519798.014298, +23 cols
    [CG]   [DIAG] iter=1 posCols=23 newCols=23 effImprove=23 updated=0
    [CG]   [DIAG] iter=1 posCols=23 newCols=23 effImprove=23 updated=0
    [CG] CG iter 3: obj=165879101.219191, maxRC=4677252.320932, +14 cols
    [CG]   [DIAG] iter=3 posCols=14 newCols=14 effImprove=14 updated=0
    [CG] CG iter 1: obj=145840270.418121, maxRC=59519780.058633, +23 cols
    [CG] CG iter 2: obj=161875807.308238, maxRC=10623485.371715, +16 cols
    [CG]   [DIAG] iter=2 posCols=16 newCols=16 effImprove=16 updated=0
    [CG]   [DIAG] iter=1 posCols=23 newCols=23 effImprove=23 updated=0
    [CG] CG iter 1: obj=145587386.692152, maxRC=59512429.810681, +23 cols
    [CG] 列生成开始，初始列数=128
    [CG]   [DIAG] iter=1 posCols=23 newCols=23 effImprove=23 updated=0
    [CG] CG iter 4: obj=174502295.373034, maxRC=2360568.572278, +8 cols
    [CG]   [DIAG] iter=4 posCols=8 newCols=8 effImprove=8 updated=0
    [CG] CG iter 2: obj=161762220.266939, maxRC=10623510.309735, +16 cols
    [CG] CG iter 1: obj=145741166.171645, maxRC=59519752.128890, +23 cols
    [CG]   [DIAG] iter=2 posCols=16 newCols=16 effImprove=16 updated=0
    [CG]   [DIAG] iter=1 posCols=23 newCols=23 effImprove=23 updated=0
    [CG] CG iter 3: obj=165882914.285865, maxRC=4673042.811572, +14 cols
    [CG]   [DIAG] iter=3 posCols=14 newCols=14 effImprove=14 updated=0
    [CG] CG iter 5: obj=175813446.154605, maxRC=341720.960405, +2 cols
    [CG]   [DIAG] iter=5 posCols=2 newCols=2 effImprove=2 updated=0
    [CG] CG iter 2: obj=161762304.640690, maxRC=10623504.849969, +16 cols
    [CG]   [DIAG] iter=2 posCols=16 newCols=16 effImprove=16 updated=0
    [CG] CG iter 4: obj=174502261.716921, maxRC=2360557.297400, +8 cols
    [CG] CG iter 2: obj=161781177.157626, maxRC=10618448.508245, +16 cols
    [CG]   [DIAG] iter=4 posCols=8 newCols=8 effImprove=8 updated=0
    [CG]   [DIAG] iter=2 posCols=16 newCols=16 effImprove=16 updated=0
    [CG] 列生成收敛，共 6 轮迭代
    [CG] [CG-NODE] depth=0 exit=CERTIFIED certified=1 feasible=1 iters=6 generatedColsBeforeNode=0 newCols=63 posCandidates=63 duplicateCandidates=0 updatedCols=0 zeroObjImproveIters=1 objFirst=145891221.581234 objLast=175813446.154605 objGain=29922224.573371 maxRC=59513133.419368 wallSec=0.018597 pricingSec=0.012693 cplexSolveSec=0.003099
    [CG] CG iter 3: obj=166025134.487337, maxRC=5117696.879094, +15 cols
    [CG] CG iter 2: obj=161881853.166126, maxRC=10628507.602744, +16 cols
    [CG]   [DIAG] iter=3 posCols=15 newCols=15 effImprove=15 updated=0
      [BB] 根节点即为整数解，obj=175813446.154605
    [CG]   [DIAG] iter=2 posCols=16 newCols=16 effImprove=16 updated=0
    [CG] CG iter 5: obj=175819622.798717, maxRC=351756.738854, +2 cols
    [CG]   [DIAG] iter=5 posCols=2 newCols=2 effImprove=2 updated=0
    [CG] 列生成收敛，共 6 轮迭代
    [CG] [CG-NODE] depth=0 exit=CERTIFIED certified=1 feasible=1 iters=6 generatedColsBeforeNode=0 newCols=63 posCandidates=63 duplicateCandidates=0 updatedCols=0 zeroObjImproveIters=1 objFirst=145770109.279547 objLast=175819622.798717 objGain=30049513.519170 maxRC=59519752.128890 wallSec=0.011079 pricingSec=0.007274 cplexSolveSec=0.002034
    [CG] CG iter 3: obj=165782197.586238, maxRC=4623041.593526, +14 cols
    [CG] CG iter 4: obj=175629084.107382, maxRC=2671581.650410, +6 cols
    [CG] CG iter 3: obj=166025339.224779, maxRC=5118128.238817, +15 cols
    [CG]   [DIAG] iter=4 posCols=6 newCols=6 effImprove=6 updated=0
    [CG]   [DIAG] iter=3 posCols=14 newCols=14 effImprove=14 updated=0
    [CG]   [DIAG] iter=3 posCols=15 newCols=15 effImprove=15 updated=0
      [BB] 根节点即为整数解，obj=175819622.798717
    [CG] CG iter 3: obj=165904533.047764, maxRC=4679788.944743, +14 cols
    [CG]   [DIAG] iter=3 posCols=14 newCols=14 effImprove=14 updated=0
    [CG] CG iter 5: obj=175663956.389676, maxRC=934400.400051, +1 cols
    [CG]   [DIAG] iter=5 posCols=1 newCols=1 effImprove=1 updated=0
    [CG] CG iter 4: obj=174358169.983260, maxRC=1289272.739831, +4 cols
    [CG]   [DIAG] iter=4 posCols=4 newCols=4 effImprove=4 updated=0
    [CG] CG iter 4: obj=175629608.264899, maxRC=2671769.720189, +6 cols
    [CG]   [DIAG] iter=4 posCols=6 newCols=6 effImprove=6 updated=0
    [CG] CG iter 4: obj=174530659.159667, maxRC=2360557.284392, +8 cols
    [CG]   [DIAG] iter=4 posCols=8 newCols=8 effImprove=8 updated=0
    [CG] 列生成收敛，共 6 轮迭代
    [CG] [CG-NODE] depth=0 exit=CERTIFIED certified=1 feasible=1 iters=6 generatedColsBeforeNode=0 newCols=61 posCandidates=61 duplicateCandidates=0 updatedCols=0 zeroObjImproveIters=1 objFirst=145840077.525653 objLast=175663956.389676 objGain=29823878.864023 maxRC=59519798.014298 wallSec=0.017471 pricingSec=0.012286 cplexSolveSec=0.002969
    [CG] 列生成收敛，共 5 轮迭代
    [CG] [CG-NODE] depth=0 exit=CERTIFIED certified=1 feasible=1 iters=5 generatedColsBeforeNode=0 newCols=57 posCandidates=57 duplicateCandidates=0 updatedCols=0 zeroObjImproveIters=0 objFirst=145587386.692152 objLast=175647442.723091 objGain=30060056.030939 maxRC=59512429.810681 wallSec=0.011979 pricingSec=0.007924 cplexSolveSec=0.002166
    [CG] CG iter 5: obj=175664952.668459, maxRC=934452.122990, +1 cols
    [CG]   [DIAG] iter=5 posCols=1 newCols=1 effImprove=1 updated=0
      [BB] 根节点即为整数解，obj=175663956.389676
      [BB] 根节点即为整数解，obj=175647442.723091
    [CG] CG iter 5: obj=175844624.222607, maxRC=336749.308948, +2 cols
    [CG]   [DIAG] iter=5 posCols=2 newCols=2 effImprove=2 updated=0
    [CG] 列生成开始，初始列数=128
    [CG] 列生成收敛，共 6 轮迭代
    [CG] [CG-NODE] depth=0 exit=CERTIFIED certified=1 feasible=1 iters=6 generatedColsBeforeNode=0 newCols=61 posCandidates=61 duplicateCandidates=0 updatedCols=0 zeroObjImproveIters=1 objFirst=145840270.418121 objLast=175664952.668459 objGain=29824682.250339 maxRC=59519780.058633 wallSec=0.017140 pricingSec=0.011673 cplexSolveSec=0.002916
    [CG] 列生成收敛，共 6 轮迭代
    [CG] [CG-NODE] depth=0 exit=CERTIFIED certified=1 feasible=1 iters=6 generatedColsBeforeNode=0 newCols=63 posCandidates=63 duplicateCandidates=0 updatedCols=0 zeroObjImproveIters=1 objFirst=145741166.171645 objLast=175844624.222607 objGain=30103458.050962 maxRC=59519752.128890 wallSec=0.012977 pricingSec=0.008525 cplexSolveSec=0.002430
      [BB] 根节点即为整数解，obj=175664952.668459
      [BB] 根节点即为整数解，obj=175844624.222607
    [CG] 列生成开始，初始列数=128
    [CG] CG iter 1: obj=145737256.707655, maxRC=59519752.128890, +23 cols
    [CG]   [DIAG] iter=1 posCols=23 newCols=23 effImprove=23 updated=0
    [CG] 列生成开始，初始列数=128
    [CG] 列生成开始，初始列数=128
    [CG] 列生成开始，初始列数=128
    [CG] CG iter 2: obj=161875827.818556, maxRC=10623485.371715, +16 cols
    [CG]   [DIAG] iter=2 posCols=16 newCols=16 effImprove=16 updated=0
    [CG] CG iter 3: obj=165900096.196700, maxRC=4679787.047259, +14 cols
    [CG]   [DIAG] iter=3 posCols=14 newCols=14 effImprove=14 updated=0
    [CG] CG iter 1: obj=145778710.739572, maxRC=59519752.128890, +23 cols
    [CG] CG iter 4: obj=174524284.639236, maxRC=2360557.297400, +8 cols
    [CG]   [DIAG] iter=4 posCols=8 newCols=8 effImprove=8 updated=0
    [CG]   [DIAG] iter=1 posCols=23 newCols=23 effImprove=23 updated=0
    [CG] CG iter 5: obj=175841641.634448, maxRC=336757.610771, +2 cols
    [CG]   [DIAG] iter=5 posCols=2 newCols=2 effImprove=2 updated=0
    [CG] 列生成收敛，共 6 轮迭代
    [CG] [CG-NODE] depth=0 exit=CERTIFIED certified=1 feasible=1 iters=6 generatedColsBeforeNode=0 newCols=63 posCandidates=63 duplicateCandidates=0 updatedCols=0 zeroObjImproveIters=1 objFirst=145737256.707655 objLast=175841641.634448 objGain=30104384.926793 maxRC=59519752.128890 wallSec=0.018787 pricingSec=0.012771 cplexSolveSec=0.003283
    [CG] CG iter 1: obj=145598550.808496, maxRC=59519798.014298, +23 cols
    [CG] CG iter 2: obj=161885687.076952, maxRC=10627557.110082, +16 cols
    [CG]   [DIAG] iter=2 posCols=16 newCols=16 effImprove=16 updated=0
    [CG]   [DIAG] iter=1 posCols=23 newCols=23 effImprove=23 updated=0
      [BB] 根节点即为整数解，obj=175841641.634448
    [CG] CG iter 1: obj=145810735.276098, maxRC=59510570.390201, +23 cols
    [CG] CG iter 1: obj=146006441.685026, maxRC=59519779.415266, +23 cols
    [CG]   [DIAG] iter=1 posCols=23 newCols=23 effImprove=23 updated=0
    [CG]   [DIAG] iter=1 posCols=23 newCols=23 effImprove=23 updated=0
    [CG] CG iter 3: obj=165891474.541285, maxRC=4673042.811572, +14 cols
    [CG]   [DIAG] iter=3 posCols=14 newCols=14 effImprove=14 updated=0
    [CG] CG iter 2: obj=161760324.003963, maxRC=10623510.309735, +16 cols
    [CG]   [DIAG] iter=2 posCols=16 newCols=16 effImprove=16 updated=0
    [CG] CG iter 2: obj=161866760.323881, maxRC=10623485.371715, +16 cols
    [CG]   [DIAG] iter=2 posCols=16 newCols=16 effImprove=16 updated=0
    [CG] CG iter 4: obj=174513349.226418, maxRC=2360557.297400, +8 cols
    [CG]   [DIAG] iter=4 posCols=8 newCols=8 effImprove=8 updated=0
    [CG] CG iter 3: obj=165840179.977444, maxRC=4649010.415668, +14 cols
    [CG]   [DIAG] iter=3 posCols=14 newCols=14 effImprove=14 updated=0
    [CG] CG iter 2: obj=161867866.820928, maxRC=10623431.066813, +16 cols
    [CG] CG iter 1: obj=145708957.318787, maxRC=59519734.703453, +23 cols
    [CG]   [DIAG] iter=2 posCols=16 newCols=16 effImprove=16 updated=0
    [CG] CG iter 5: obj=175827026.916328, maxRC=351756.738854, +2 cols
    [CG]   [DIAG] iter=1 posCols=23 newCols=23 effImprove=23 updated=0
    [CG]   [DIAG] iter=5 posCols=2 newCols=2 effImprove=2 updated=0
    [CG] CG iter 3: obj=166071419.562508, maxRC=5118128.238817, +15 cols
    [CG]   [DIAG] iter=3 posCols=15 newCols=15 effImprove=15 updated=0
    [CG] CG iter 4: obj=174442260.251422, maxRC=2360807.365775, +7 cols
    [CG]   [DIAG] iter=4 posCols=7 newCols=7 effImprove=7 updated=0
    [CG] 列生成收敛，共 6 轮迭代
    [CG] [CG-NODE] depth=0 exit=CERTIFIED certified=1 feasible=1 iters=6 generatedColsBeforeNode=0 newCols=63 posCandidates=63 duplicateCandidates=0 updatedCols=0 zeroObjImproveIters=1 objFirst=145778710.739572 objLast=175827026.916328 objGain=30048316.176756 maxRC=59519752.128890 wallSec=0.015947 pricingSec=0.010913 cplexSolveSec=0.002697
    [CG] CG iter 5: obj=175752233.980333, maxRC=373299.848779, +2 cols
    [CG]   [DIAG] iter=5 posCols=2 newCols=2 effImprove=2 updated=0
      [BB] 根节点即为整数解，obj=175827026.916328
    [CG] CG iter 4: obj=175670981.240893, maxRC=2671769.720189, +6 cols
    [CG]   [DIAG] iter=4 posCols=6 newCols=6 effImprove=6 updated=0
    [CG] 列生成收敛，共 6 轮迭代
    [CG] [CG-NODE] depth=0 exit=CERTIFIED certified=1 feasible=1 iters=6 generatedColsBeforeNode=0 newCols=62 posCandidates=62 duplicateCandidates=0 updatedCols=0 zeroObjImproveIters=1 objFirst=145810735.276098 objLast=175752233.980333 objGain=29941498.704236 maxRC=59510570.390201 wallSec=0.009353 pricingSec=0.005998 cplexSolveSec=0.001758
    [CG] CG iter 2: obj=161889088.953099, maxRC=10623485.371715, +16 cols
    [CG]   [DIAG] iter=2 posCols=16 newCols=16 effImprove=16 updated=0
    [CG] CG iter 3: obj=165890521.601650, maxRC=4668027.794260, +14 cols
      [BB] 根节点即为整数解，obj=175752233.980333
    [CG]   [DIAG] iter=3 posCols=14 newCols=14 effImprove=14 updated=0
    [CG] CG iter 5: obj=175726072.623765, maxRC=934099.529366, +1 cols
    [CG]   [DIAG] iter=5 posCols=1 newCols=1 effImprove=1 updated=0
    [CG] CG iter 3: obj=165896195.930726, maxRC=4673042.811572, +14 cols
    [CG] CG iter 4: obj=174506084.005562, maxRC=2360824.316177, +8 cols
    [CG]   [DIAG] iter=3 posCols=14 newCols=14 effImprove=14 updated=0
    [CG] 列生成收敛，共 6 轮迭代
    [CG]   [DIAG] iter=4 posCols=8 newCols=8 effImprove=8 updated=0
    [CG] [CG-NODE] depth=0 exit=CERTIFIED certified=1 feasible=1 iters=6 generatedColsBeforeNode=0 newCols=61 posCandidates=61 duplicateCandidates=0 updatedCols=0 zeroObjImproveIters=1 objFirst=145598550.808496 objLast=175726072.623765 objGain=30127521.815269 maxRC=59519798.014298 wallSec=0.012247 pricingSec=0.007953 cplexSolveSec=0.002411
      [BB] 根节点即为整数解，obj=175726072.623765
    [CG] CG iter 5: obj=175815195.606371, maxRC=329567.443013, +2 cols
    [CG] CG iter 4: obj=174518091.218161, maxRC=2360557.297400, +8 cols
    [CG]   [DIAG] iter=5 posCols=2 newCols=2 effImprove=2 updated=0
    [CG]   [DIAG] iter=4 posCols=8 newCols=8 effImprove=8 updated=0
    [CG] CG iter 5: obj=175832904.443577, maxRC=351756.738854, +2 cols
    [CG] 列生成收敛，共 6 轮迭代
    [CG]   [DIAG] iter=5 posCols=2 newCols=2 effImprove=2 updated=0
    [CG] [CG-NODE] depth=0 exit=CERTIFIED certified=1 feasible=1 iters=6 generatedColsBeforeNode=0 newCols=63 posCandidates=63 duplicateCandidates=0 updatedCols=0 zeroObjImproveIters=1 objFirst=146006441.685026 objLast=175815195.606371 objGain=29808753.921345 maxRC=59519779.415266 wallSec=0.014369 pricingSec=0.009493 cplexSolveSec=0.002816
      [BB] 根节点即为整数解，obj=175815195.606371
    [CG] CG iter 1: obj=145744821.818033, maxRC=59519670.787331, +23 cols
    [CG] 列生成收敛，共 6 轮迭代
    [CG] [CG-NODE] depth=0 exit=CERTIFIED certified=1 feasible=1 iters=6 generatedColsBeforeNode=0 newCols=63 posCandidates=63 duplicateCandidates=0 updatedCols=0 zeroObjImproveIters=1 objFirst=145708957.318787 objLast=175832904.443577 objGain=30123947.124790 maxRC=59519734.703453 wallSec=0.012340 pricingSec=0.007877 cplexSolveSec=0.002470
    [CG]   [DIAG] iter=1 posCols=23 newCols=23 effImprove=23 updated=0
      [BB] 根节点即为整数解，obj=175832904.443577
    [CG] CG iter 2: obj=161887979.888741, maxRC=10624321.363769, +16 cols
    [CG]   [DIAG] iter=2 posCols=16 newCols=16 effImprove=16 updated=0
    [CG] CG iter 3: obj=165894764.157119, maxRC=4672935.405594, +14 cols
    [CG]   [DIAG] iter=3 posCols=14 newCols=14 effImprove=14 updated=0
    [CG] CG iter 4: obj=174516550.692535, maxRC=2360562.298624, +8 cols
    [CG]   [DIAG] iter=4 posCols=8 newCols=8 effImprove=8 updated=0
    [CG] CG iter 5: obj=175831110.067742, maxRC=351682.379615, +2 cols
    [CG]   [DIAG] iter=5 posCols=2 newCols=2 effImprove=2 updated=0
    [CG] 列生成收敛，共 6 轮迭代
    [CG] [CG-NODE] depth=0 exit=CERTIFIED certified=1 feasible=1 iters=6 generatedColsBeforeNode=0 newCols=63 posCandidates=63 duplicateCandidates=0 updatedCols=0 zeroObjImproveIters=1 objFirst=145744821.818033 objLast=175831110.067742 objGain=30086288.249709 maxRC=59519670.787331 wallSec=0.015927 pricingSec=0.011205 cplexSolveSec=0.002600
      [BB] 根节点即为整数解，obj=175831110.067742
[GA] 代数 8: Best=175883793.46, Avg=175826960.21, Worst=175676328.41, Valid=30/30, 耗时=0.05s (连续8代未提升)
  ├─ 求解: 30 个体 fork 并行 | CG迭代=131 加列=1370 BB分支=0
  ├─ 并行墙钟=0.0530s | 串行等效(ΣBP)=0.3316s | 加速比=6.26x
  ├─ 管理开销=-0.2786s (fork=0.0033 wait=0.0492 merge=0.0004)
  └─ CG明细: gen_logs/run_gen8_ind{0..29}.log
    [CG] 列生成开始，初始列数=128
    [CG] 列生成开始，初始列数=128
    [CG] 列生成开始，初始列数=128
    [CG] 列生成开始，初始列数=128
    [CG] 列生成开始，初始列数=128
    [CG] 列生成开始，初始列数=128
    [CG] 列生成开始，初始列数=128
    [CG] 列生成开始，初始列数=128
    [CG] CG iter 1: obj=145898787.510752, maxRC=59513182.105248, +23 cols
    [CG]   [DIAG] iter=1 posCols=23 newCols=23 effImprove=23 updated=0
    [CG] CG iter 1: obj=145464231.401291, maxRC=59519752.128890, +23 cols
    [CG] CG iter 2: obj=161874118.509447, maxRC=10641517.635119, +16 cols
    [CG]   [DIAG] iter=2 posCols=16 newCols=16 effImprove=16 updated=0
    [CG]   [DIAG] iter=1 posCols=23 newCols=23 effImprove=23 updated=0
    [CG] CG iter 1: obj=145981348.008490, maxRC=59519789.597342, +23 cols
    [CG] CG iter 3: obj=165886733.168548, maxRC=4677183.380367, +14 cols
    [CG]   [DIAG] iter=1 posCols=23 newCols=23 effImprove=23 updated=0
    [CG]   [DIAG] iter=3 posCols=14 newCols=14 effImprove=14 updated=0
    [CG] CG iter 2: obj=161644118.813353, maxRC=10623485.371715, +16 cols
    [CG]   [DIAG] iter=2 posCols=16 newCols=16 effImprove=16 updated=0
    [CG] CG iter 4: obj=174511264.525644, maxRC=2360568.572278, +8 cols
    [CG]   [DIAG] iter=4 posCols=8 newCols=8 effImprove=8 updated=0
    [CG] CG iter 1: obj=145854653.992096, maxRC=59510570.390201, +23 cols
    [CG]   [DIAG] iter=1 posCols=23 newCols=23 effImprove=23 updated=0
    [CG] CG iter 5: obj=175820972.084830, maxRC=341720.960405, +2 cols
    [CG]   [DIAG] iter=5 posCols=2 newCols=2 effImprove=2 updated=0
    [CG] CG iter 2: obj=161867852.228603, maxRC=10641395.022115, +16 cols
    [CG]   [DIAG] iter=2 posCols=16 newCols=16 effImprove=16 updated=0
    [CG] CG iter 3: obj=165651225.790980, maxRC=4673042.811572, +14 cols
    [CG] 列生成收敛，共 6 轮迭代
    [CG] [CG-NODE] depth=0 exit=CERTIFIED certified=1 feasible=1 iters=6 generatedColsBeforeNode=0 newCols=63 posCandidates=63 duplicateCandidates=0 updatedCols=0 zeroObjImproveIters=1 objFirst=145898787.510752 objLast=175820972.084830 objGain=29922184.574078 maxRC=59513182.105248 wallSec=0.008762 pricingSec=0.005552 cplexSolveSec=0.001771
    [CG]   [DIAG] iter=3 posCols=14 newCols=14 effImprove=14 updated=0
      [BB] 根节点即为整数解，obj=175820972.084830
    [CG] CG iter 1: obj=145743148.432527, maxRC=59519403.483036, +23 cols
    [CG]   [DIAG] iter=1 posCols=23 newCols=23 effImprove=23 updated=0
    [CG] CG iter 4: obj=174219405.818473, maxRC=2360557.297400, +8 cols
    [CG]   [DIAG] iter=4 posCols=8 newCols=8 effImprove=8 updated=0
    [CG] CG iter 3: obj=165880563.291665, maxRC=4677517.744717, +14 cols
    [CG] CG iter 2: obj=161868037.553413, maxRC=10623485.371715, +16 cols
    [CG]   [DIAG] iter=3 posCols=14 newCols=14 effImprove=14 updated=0
    [CG]   [DIAG] iter=2 posCols=16 newCols=16 effImprove=16 updated=0
    [CG] CG iter 5: obj=175587934.303831, maxRC=351756.738854, +2 cols
    [CG]   [DIAG] iter=5 posCols=2 newCols=2 effImprove=2 updated=0
    [CG] CG iter 4: obj=174504132.994607, maxRC=2360558.391292, +8 cols
    [CG]   [DIAG] iter=4 posCols=8 newCols=8 effImprove=8 updated=0
    [CG] CG iter 1: obj=145709197.685370, maxRC=59519752.128890, +23 cols
    [CG] 列生成收敛，共 6 轮迭代
    [CG] [CG-NODE] depth=0 exit=CERTIFIED certified=1 feasible=1 iters=6 generatedColsBeforeNode=0 newCols=63 posCandidates=63 duplicateCandidates=0 updatedCols=0 zeroObjImproveIters=1 objFirst=145464231.401291 objLast=175587934.303831 objGain=30123702.902540 maxRC=59519752.128890 wallSec=0.011476 pricingSec=0.007409 cplexSolveSec=0.002289
    [CG] CG iter 2: obj=161851238.531045, maxRC=10623485.371715, +16 cols
    [CG]   [DIAG] iter=1 posCols=23 newCols=23 effImprove=23 updated=0
    [CG] CG iter 3: obj=165890630.293969, maxRC=4667977.530097, +14 cols
    [CG]   [DIAG] iter=2 posCols=16 newCols=16 effImprove=16 updated=0
      [BB] 根节点即为整数解，obj=175587934.303831
    [CG]   [DIAG] iter=3 posCols=14 newCols=14 effImprove=14 updated=0
    [CG] CG iter 5: obj=175815271.459425, maxRC=341938.490510, +2 cols
    [CG]   [DIAG] iter=5 posCols=2 newCols=2 effImprove=2 updated=0
    [CG] 列生成收敛，共 6 轮迭代
    [CG] [CG-NODE] depth=0 exit=CERTIFIED certified=1 feasible=1 iters=6 generatedColsBeforeNode=0 newCols=63 posCandidates=63 duplicateCandidates=0 updatedCols=0 zeroObjImproveIters=1 objFirst=145981348.008490 objLast=175815271.459425 objGain=29833923.450936 maxRC=59519789.597342 wallSec=0.012285 pricingSec=0.008039 cplexSolveSec=0.002391
    [CG] CG iter 1: obj=145775655.598054, maxRC=59519703.443010, +23 cols
    [CG] CG iter 4: obj=174506175.855885, maxRC=2360824.316177, +8 cols
      [BB] 根节点即为整数解，obj=175815271.459425
    [CG]   [DIAG] iter=4 posCols=8 newCols=8 effImprove=8 updated=0
    [CG] 列生成开始，初始列数=128
    [CG]   [DIAG] iter=1 posCols=23 newCols=23 effImprove=23 updated=0
    [CG] CG iter 1: obj=145765103.785696, maxRC=59519752.128890, +23 cols
    [CG] CG iter 3: obj=165875528.302661, maxRC=4679787.047259, +14 cols
    [CG]   [DIAG] iter=3 posCols=14 newCols=14 effImprove=14 updated=0
    [CG]   [DIAG] iter=1 posCols=23 newCols=23 effImprove=23 updated=0
    [CG] CG iter 2: obj=161889085.540508, maxRC=10623485.371715, +16 cols
    [CG]   [DIAG] iter=2 posCols=16 newCols=16 effImprove=16 updated=0
    [CG] CG iter 5: obj=175815287.456693, maxRC=329639.603372, +2 cols
    [CG]   [DIAG] iter=5 posCols=2 newCols=2 effImprove=2 updated=0
    [CG] CG iter 4: obj=174494536.270244, maxRC=2360557.297400, +8 cols
    [CG]   [DIAG] iter=4 posCols=8 newCols=8 effImprove=8 updated=0
    [CG] 列生成收敛，共 6 轮迭代
    [CG] [CG-NODE] depth=0 exit=CERTIFIED certified=1 feasible=1 iters=6 generatedColsBeforeNode=0 newCols=63 posCandidates=63 duplicateCandidates=0 updatedCols=0 zeroObjImproveIters=1 objFirst=145854653.992096 objLast=175815287.456693 objGain=29960633.464597 maxRC=59510570.390201 wallSec=0.014288 pricingSec=0.009602 cplexSolveSec=0.002742
      [BB] 根节点即为整数解，obj=175815287.456693
    [CG] CG iter 5: obj=175817052.346937, maxRC=336757.610771, +2 cols
    [CG] CG iter 2: obj=161878078.975588, maxRC=10623368.044352, +16 cols
    [CG]   [DIAG] iter=5 posCols=2 newCols=2 effImprove=2 updated=0
    [CG] 列生成开始，初始列数=128
    [CG] CG iter 3: obj=165896192.370443, maxRC=4673035.343078, +14 cols
    [CG]   [DIAG] iter=2 posCols=16 newCols=16 effImprove=16 updated=0
    [CG]   [DIAG] iter=3 posCols=14 newCols=14 effImprove=14 updated=0
    [CG] CG iter 2: obj=161875807.308238, maxRC=10623485.371715, +16 cols
    [CG] 列生成开始，初始列数=128
    [CG]   [DIAG] iter=2 posCols=16 newCols=16 effImprove=16 updated=0
    [CG] 列生成收敛，共 6 轮迭代
    [CG] [CG-NODE] depth=0 exit=CERTIFIED certified=1 feasible=1 iters=6 generatedColsBeforeNode=0 newCols=63 posCandidates=63 duplicateCandidates=0 updatedCols=0 zeroObjImproveIters=1 objFirst=145743148.432527 objLast=175817052.346937 objGain=30073903.914410 maxRC=59519403.483036 wallSec=0.014976 pricingSec=0.009997 cplexSolveSec=0.002845
      [BB] 根节点即为整数解，obj=175817052.346937
    [CG] CG iter 4: obj=174518081.723068, maxRC=2360557.280068, +8 cols
    [CG]   [DIAG] iter=4 posCols=8 newCols=8 effImprove=8 updated=0
    [CG] CG iter 3: obj=165902345.719018, maxRC=4679848.519330, +14 cols
    [CG]   [DIAG] iter=3 posCols=14 newCols=14 effImprove=14 updated=0
    [CG] CG iter 3: obj=165877193.192047, maxRC=4670741.177667, +14 cols
    [CG]   [DIAG] iter=3 posCols=14 newCols=14 effImprove=14 updated=0
    [CG] CG iter 5: obj=175832888.425855, maxRC=351752.850290, +2 cols
    [CG]   [DIAG] iter=5 posCols=2 newCols=2 effImprove=2 updated=0
    [CG] CG iter 4: obj=174527156.792844, maxRC=2360557.280068, +8 cols
    [CG]   [DIAG] iter=4 posCols=8 newCols=8 effImprove=8 updated=0
    [CG] 列生成收敛，共 6 轮迭代
    [CG] [CG-NODE] depth=0 exit=CERTIFIED certified=1 feasible=1 iters=6 generatedColsBeforeNode=0 newCols=63 posCandidates=63 duplicateCandidates=0 updatedCols=0 zeroObjImproveIters=1 objFirst=145709197.685370 objLast=175832888.425855 objGain=30123690.740485 maxRC=59519752.128890 wallSec=0.016368 pricingSec=0.011261 cplexSolveSec=0.002826
    [CG] CG iter 4: obj=174494954.589165, maxRC=2360557.297400, +8 cols
    [CG]   [DIAG] iter=4 posCols=8 newCols=8 effImprove=8 updated=0
      [BB] 根节点即为整数解，obj=175832888.425855
    [CG] CG iter 5: obj=175843880.485430, maxRC=336753.722206, +2 cols
    [CG]   [DIAG] iter=5 posCols=2 newCols=2 effImprove=2 updated=0
    [CG] CG iter 5: obj=175812315.670961, maxRC=356771.856392, +2 cols
    [CG]   [DIAG] iter=5 posCols=2 newCols=2 effImprove=2 updated=0
    [CG] 列生成开始，初始列数=128
    [CG] 列生成开始，初始列数=128
    [CG] 列生成收敛，共 6 轮迭代
    [CG] [CG-NODE] depth=0 exit=CERTIFIED certified=1 feasible=1 iters=6 generatedColsBeforeNode=0 newCols=63 posCandidates=63 duplicateCandidates=0 updatedCols=0 zeroObjImproveIters=1 objFirst=145775655.598054 objLast=175843880.485430 objGain=30068224.887376 maxRC=59519703.443010 wallSec=0.017295 pricingSec=0.012074 cplexSolveSec=0.002881
    [CG] 列生成收敛，共 6 轮迭代
    [CG] [CG-NODE] depth=0 exit=CERTIFIED certified=1 feasible=1 iters=6 generatedColsBeforeNode=0 newCols=63 posCandidates=63 duplicateCandidates=0 updatedCols=0 zeroObjImproveIters=1 objFirst=145765103.785696 objLast=175812315.670961 objGain=30047211.885265 maxRC=59519752.128890 wallSec=0.017837 pricingSec=0.012372 cplexSolveSec=0.002943
      [BB] 根节点即为整数解，obj=175843880.485430
      [BB] 根节点即为整数解，obj=175812315.670961
    [CG] 列生成开始，初始列数=128
    [CG] 列生成开始，初始列数=128
    [CG] CG iter 1: obj=145722673.364070, maxRC=59519752.128890, +23 cols
    [CG]   [DIAG] iter=1 posCols=23 newCols=23 effImprove=23 updated=0
    [CG] 列生成开始，初始列数=128
    [CG] CG iter 2: obj=161866282.772886, maxRC=10623485.371715, +16 cols
    [CG]   [DIAG] iter=2 posCols=16 newCols=16 effImprove=16 updated=0
    [CG] CG iter 3: obj=165889082.371891, maxRC=4668766.324908, +14 cols
    [CG]   [DIAG] iter=3 posCols=14 newCols=14 effImprove=14 updated=0
    [CG] CG iter 4: obj=174504816.606611, maxRC=2360807.365775, +8 cols
    [CG]   [DIAG] iter=4 posCols=8 newCols=8 effImprove=8 updated=0
    [CG] CG iter 1: obj=146015503.379409, maxRC=59519665.248937, +23 cols
    [CG]   [DIAG] iter=1 posCols=23 newCols=23 effImprove=23 updated=0
    [CG] CG iter 1: obj=145814300.283076, maxRC=59519670.787331, +23 cols
    [CG] CG iter 5: obj=175814875.466511, maxRC=330046.501607, +2 cols
    [CG]   [DIAG] iter=5 posCols=2 newCols=2 effImprove=2 updated=0
    [CG]   [DIAG] iter=1 posCols=23 newCols=23 effImprove=23 updated=0
    [CG] 列生成收敛，共 6 轮迭代
    [CG] [CG-NODE] depth=0 exit=CERTIFIED certified=1 feasible=1 iters=6 generatedColsBeforeNode=0 newCols=63 posCandidates=63 duplicateCandidates=0 updatedCols=0 zeroObjImproveIters=1 objFirst=145722673.364070 objLast=175814875.466511 objGain=30092202.102441 maxRC=59519752.128890 wallSec=0.010666 pricingSec=0.006971 cplexSolveSec=0.002088
      [BB] 根节点即为整数解，obj=175814875.466511
    [CG] CG iter 2: obj=161888269.558182, maxRC=10624353.467164, +16 cols
    [CG]   [DIAG] iter=2 posCols=16 newCols=16 effImprove=16 updated=0
    [CG] CG iter 1: obj=145692723.431123, maxRC=59519497.755989, +23 cols
    [CG] CG iter 3: obj=165895070.148757, maxRC=4673042.811572, +14 cols
    [CG]   [DIAG] iter=1 posCols=23 newCols=23 effImprove=23 updated=0
    [CG]   [DIAG] iter=3 posCols=14 newCols=14 effImprove=14 updated=0
    [CG] CG iter 2: obj=161888283.274186, maxRC=10624321.363769, +16 cols
    [CG] CG iter 1: obj=145773092.261392, maxRC=59519403.483036, +23 cols
    [CG]   [DIAG] iter=2 posCols=16 newCols=16 effImprove=16 updated=0
    [CG] CG iter 4: obj=174516976.728733, maxRC=2360557.297400, +8 cols
    [CG]   [DIAG] iter=1 posCols=23 newCols=23 effImprove=23 updated=0
    [CG]   [DIAG] iter=4 posCols=8 newCols=8 effImprove=8 updated=0
    [CG] CG iter 1: obj=145979895.388737, maxRC=59519789.597342, +23 cols
    [CG]   [DIAG] iter=1 posCols=23 newCols=23 effImprove=23 updated=0
    [CG] CG iter 5: obj=175831535.209894, maxRC=351756.738854, +2 cols
    [CG]   [DIAG] iter=5 posCols=2 newCols=2 effImprove=2 updated=0
    [CG] 列生成收敛，共 6 轮迭代
    [CG] CG iter 2: obj=161852366.390893, maxRC=10641252.065366, +16 cols
    [CG] [CG-NODE] depth=0 exit=CERTIFIED certified=1 feasible=1 iters=6 generatedColsBeforeNode=0 newCols=63 posCandidates=63 duplicateCandidates=0 updatedCols=0 zeroObjImproveIters=1 objFirst=146015503.379409 objLast=175831535.209894 objGain=29816031.830484 maxRC=59519665.248937 wallSec=0.010144 pricingSec=0.006725 cplexSolveSec=0.001858
    [CG]   [DIAG] iter=2 posCols=16 newCols=16 effImprove=16 updated=0
    [CG] CG iter 3: obj=165895094.319547, maxRC=4673042.811572, +14 cols
      [BB] 根节点即为整数解，obj=175831535.209894
    [CG]   [DIAG] iter=3 posCols=14 newCols=14 effImprove=14 updated=0
    [CG] CG iter 2: obj=161885687.076952, maxRC=10627557.110082, +16 cols
    [CG] CG iter 2: obj=161880743.027092, maxRC=10623502.543699, +16 cols
    [CG]   [DIAG] iter=2 posCols=16 newCols=16 effImprove=16 updated=0
    [CG]   [DIAG] iter=2 posCols=16 newCols=16 effImprove=16 updated=0
    [CG] 列生成开始，初始列数=128
    [CG] CG iter 4: obj=174516992.311994, maxRC=2360557.297400, +8 cols
    [CG]   [DIAG] iter=4 posCols=8 newCols=8 effImprove=8 updated=0
    [CG] CG iter 3: obj=165864021.619788, maxRC=4666642.569943, +14 cols
    [CG]   [DIAG] iter=3 posCols=14 newCols=14 effImprove=14 updated=0
    [CG] CG iter 1: obj=145435087.923856, maxRC=59519798.014298, +23 cols
    [CG] CG iter 3: obj=165904952.118455, maxRC=4679491.834080, +14 cols
    [CG] CG iter 5: obj=175831568.439652, maxRC=351756.738854, +2 cols
    [CG]   [DIAG] iter=5 posCols=2 newCols=2 effImprove=2 updated=0
    [CG]   [DIAG] iter=3 posCols=14 newCols=14 effImprove=14 updated=0
    [CG]   [DIAG] iter=1 posCols=23 newCols=23 effImprove=23 updated=0
    [CG] CG iter 3: obj=165891474.541285, maxRC=4673042.811572, +14 cols
    [CG]   [DIAG] iter=3 posCols=14 newCols=14 effImprove=14 updated=0
    [CG] CG iter 4: obj=174477949.835007, maxRC=2360807.365775, +8 cols
    [CG]   [DIAG] iter=4 posCols=8 newCols=8 effImprove=8 updated=0
    [CG] 列生成收敛，共 6 轮迭代
    [CG] [CG-NODE] depth=0 exit=CERTIFIED certified=1 feasible=1 iters=6 generatedColsBeforeNode=0 newCols=63 posCandidates=63 duplicateCandidates=0 updatedCols=0 zeroObjImproveIters=1 objFirst=145814300.283076 objLast=175831568.439652 objGain=30017268.156576 maxRC=59519670.787331 wallSec=0.018197 pricingSec=0.012458 cplexSolveSec=0.003126
    [CG] CG iter 4: obj=174529974.039285, maxRC=2360567.282805, +8 cols
    [CG]   [DIAG] iter=4 posCols=8 newCols=8 effImprove=8 updated=0
      [BB] 根节点即为整数解，obj=175831568.439652
    [CG] CG iter 5: obj=175783092.263940, maxRC=334895.315285, +2 cols
    [CG] CG iter 4: obj=174513349.226418, maxRC=2360557.297400, +8 cols
    [CG]   [DIAG] iter=5 posCols=2 newCols=2 effImprove=2 updated=0
    [CG]   [DIAG] iter=4 posCols=8 newCols=8 effImprove=8 updated=0
    [CG] CG iter 5: obj=175846083.762901, maxRC=336566.284382, +2 cols
    [CG]   [DIAG] iter=5 posCols=2 newCols=2 effImprove=2 updated=0
    [CG] CG iter 2: obj=161875201.276165, maxRC=10641252.803509, +16 cols
    [CG] 列生成收敛，共 6 轮迭代
    [CG] [CG-NODE] depth=0 exit=CERTIFIED certified=1 feasible=1 iters=6 generatedColsBeforeNode=0 newCols=63 posCandidates=63 duplicateCandidates=0 updatedCols=0 zeroObjImproveIters=1 objFirst=145692723.431123 objLast=175783092.263940 objGain=30090368.832817 maxRC=59519497.755989 wallSec=0.011839 pricingSec=0.007553 cplexSolveSec=0.002442
    [CG]   [DIAG] iter=2 posCols=16 newCols=16 effImprove=16 updated=0
    [CG] CG iter 5: obj=175827026.916328, maxRC=351756.738854, +2 cols
    [CG] 列生成收敛，共 6 轮迭代
    [CG] [CG-NODE] depth=0 exit=CERTIFIED certified=1 feasible=1 iters=6 generatedColsBeforeNode=0 newCols=63 posCandidates=63 duplicateCandidates=0 updatedCols=0 zeroObjImproveIters=1 objFirst=145979895.388737 objLast=175846083.762901 objGain=29866188.374164 maxRC=59519789.597342 wallSec=0.010843 pricingSec=0.007037 cplexSolveSec=0.002168
    [CG]   [DIAG] iter=5 posCols=2 newCols=2 effImprove=2 updated=0
      [BB] 根节点即为整数解，obj=175783092.263940
      [BB] 根节点即为整数解，obj=175846083.762901
    [CG] 列生成收敛，共 6 轮迭代
    [CG] [CG-NODE] depth=0 exit=CERTIFIED certified=1 feasible=1 iters=6 generatedColsBeforeNode=0 newCols=63 posCandidates=63 duplicateCandidates=0 updatedCols=0 zeroObjImproveIters=1 objFirst=145773092.261392 objLast=175827026.916328 objGain=30053934.654937 maxRC=59519403.483036 wallSec=0.017904 pricingSec=0.012286 cplexSolveSec=0.003122
      [BB] 根节点即为整数解，obj=175827026.916328
    [CG] CG iter 3: obj=165576356.519018, maxRC=4550801.928974, +14 cols
    [CG]   [DIAG] iter=3 posCols=14 newCols=14 effImprove=14 updated=0
    [CG] CG iter 1: obj=145744676.127995, maxRC=59519670.787331, +23 cols
    [CG] CG iter 4: obj=174115471.987091, maxRC=1508702.126635, +5 cols
    [CG]   [DIAG] iter=4 posCols=5 newCols=5 effImprove=5 updated=0
    [CG]   [DIAG] iter=1 posCols=23 newCols=23 effImprove=23 updated=0
    [CG] CG iter 5: obj=175499233.127261, maxRC=425288.211059, +1 cols
    [CG]   [DIAG] iter=5 posCols=1 newCols=1 effImprove=1 updated=0
    [CG] CG iter 2: obj=161887979.888741, maxRC=10624321.363769, +16 cols
    [CG]   [DIAG] iter=2 posCols=16 newCols=16 effImprove=16 updated=0
    [CG] CG iter 6: obj=175499233.127261, maxRC=146536.107616, +1 cols
    [CG]   [DIAG] iter=6 posCols=1 newCols=1 effImprove=1 updated=0
    [CG] 列生成收敛，共 7 轮迭代
    [CG] [CG-NODE] depth=0 exit=CERTIFIED certified=1 feasible=1 iters=7 generatedColsBeforeNode=0 newCols=60 posCandidates=60 duplicateCandidates=0 updatedCols=0 zeroObjImproveIters=2 objFirst=145435087.923856 objLast=175499233.127261 objGain=30064145.203405 maxRC=59519798.014298 wallSec=0.018714 pricingSec=0.012532 cplexSolveSec=0.003485
    [CG] CG iter 3: obj=165894597.802541, maxRC=4672868.575938, +14 cols
    [CG]   [DIAG] iter=3 posCols=14 newCols=14 effImprove=14 updated=0
      [BB] 根节点即为整数解，obj=175499233.127261
    [CG] CG iter 4: obj=174516338.172841, maxRC=2360562.298624, +8 cols
    [CG]   [DIAG] iter=4 posCols=8 newCols=8 effImprove=8 updated=0
    [CG] CG iter 5: obj=175830897.548047, maxRC=351828.179389, +2 cols
    [CG]   [DIAG] iter=5 posCols=2 newCols=2 effImprove=2 updated=0
    [CG] 列生成收敛，共 6 轮迭代
    [CG] [CG-NODE] depth=0 exit=CERTIFIED certified=1 feasible=1 iters=6 generatedColsBeforeNode=0 newCols=63 posCandidates=63 duplicateCandidates=0 updatedCols=0 zeroObjImproveIters=1 objFirst=145744676.127995 objLast=175830897.548047 objGain=30086221.420053 maxRC=59519670.787331 wallSec=0.016553 pricingSec=0.011553 cplexSolveSec=0.002650
      [BB] 根节点即为整数解，obj=175830897.548047
    [CG] CG iter 1: obj=145599180.556559, maxRC=59513894.439822, +23 cols
    [CG]   [DIAG] iter=1 posCols=23 newCols=23 effImprove=23 updated=0
    [CG] CG iter 2: obj=161875807.308238, maxRC=10623485.371715, +16 cols
    [CG]   [DIAG] iter=2 posCols=16 newCols=16 effImprove=16 updated=0
    [CG] CG iter 3: obj=165882914.285865, maxRC=4673042.811572, +14 cols
    [CG]   [DIAG] iter=3 posCols=14 newCols=14 effImprove=14 updated=0
    [CG] CG iter 4: obj=174502261.716921, maxRC=2360557.297400, +8 cols
    [CG]   [DIAG] iter=4 posCols=8 newCols=8 effImprove=8 updated=0
    [CG] CG iter 5: obj=175819622.798717, maxRC=351756.738854, +2 cols
    [CG]   [DIAG] iter=5 posCols=2 newCols=2 effImprove=2 updated=0
    [CG] 列生成收敛，共 6 轮迭代
    [CG] [CG-NODE] depth=0 exit=CERTIFIED certified=1 feasible=1 iters=6 generatedColsBeforeNode=0 newCols=63 posCandidates=63 duplicateCandidates=0 updatedCols=0 zeroObjImproveIters=1 objFirst=145599180.556559 objLast=175819622.798717 objGain=30220442.242158 maxRC=59513894.439822 wallSec=0.015530 pricingSec=0.010550 cplexSolveSec=0.002739
      [BB] 根节点即为整数解，obj=175819622.798717
[GA] 代数 9: Best=175883793.46, Avg=175819910.20, Worst=175528118.81, Valid=30/30, 耗时=0.04s (连续9代未提升)
  ├─ 求解: 30 个体 fork 并行 | CG迭代=103 加列=1068 BB分支=0
  ├─ 并行墙钟=0.0433s | 串行等效(ΣBP)=0.2480s | 加速比=5.73x
  ├─ 管理开销=-0.2047s (fork=0.0026 wait=0.0403 merge=0.0003)
  └─ CG明细: gen_logs/run_gen9_ind{0..29}.log
    [CG] 列生成开始，初始列数=128
    [CG] 列生成开始，初始列数=128
    [CG] 列生成开始，初始列数=128
    [CG] 列生成开始，初始列数=128
    [CG] 列生成开始，初始列数=128
    [CG] 列生成开始，初始列数=128
    [CG] 列生成开始，初始列数=128
    [CG] 列生成开始，初始列数=128
    [CG] CG iter 1: obj=146001751.458053, maxRC=59519789.597342, +23 cols
    [CG]   [DIAG] iter=1 posCols=23 newCols=23 effImprove=23 updated=0
    [CG] CG iter 2: obj=161868683.800894, maxRC=10641395.022115, +16 cols
    [CG]   [DIAG] iter=2 posCols=16 newCols=16 effImprove=16 updated=0
    [CG] CG iter 1: obj=146006437.636619, maxRC=59519779.415266, +23 cols
    [CG]   [DIAG] iter=1 posCols=23 newCols=23 effImprove=23 updated=0
    [CG] CG iter 3: obj=165881388.640267, maxRC=4677517.744717, +14 cols
    [CG]   [DIAG] iter=3 posCols=14 newCols=14 effImprove=14 updated=0
    [CG] CG iter 1: obj=145770337.652628, maxRC=59519752.128890, +23 cols
    [CG] CG iter 4: obj=174505115.771276, maxRC=2360558.391292, +8 cols
    [CG]   [DIAG] iter=4 posCols=8 newCols=8 effImprove=8 updated=0
    [CG]   [DIAG] iter=1 posCols=23 newCols=23 effImprove=23 updated=0
    [CG] CG iter 2: obj=161867863.223441, maxRC=10623431.066813, +16 cols
    [CG]   [DIAG] iter=2 posCols=16 newCols=16 effImprove=16 updated=0
    [CG] CG iter 5: obj=175816103.031716, maxRC=341938.490510, +2 cols
    [CG]   [DIAG] iter=5 posCols=2 newCols=2 effImprove=2 updated=0
    [CG] 列生成收敛，共 6 轮迭代
    [CG] [CG-NODE] depth=0 exit=CERTIFIED certified=1 feasible=1 iters=6 generatedColsBeforeNode=0 newCols=63 posCandidates=63 duplicateCandidates=0 updatedCols=0 zeroObjImproveIters=1 objFirst=146001751.458053 objLast=175816103.031716 objGain=29814351.573663 maxRC=59519789.597342 wallSec=0.010032 pricingSec=0.006621 cplexSolveSec=0.001900
      [BB] 根节点即为整数解，obj=175816103.031716
    [CG] CG iter 3: obj=165890517.977189, maxRC=4668027.794260, +14 cols
    [CG]   [DIAG] iter=3 posCols=14 newCols=14 effImprove=14 updated=0
    [CG] CG iter 2: obj=161877313.990008, maxRC=10627557.110082, +16 cols
    [CG]   [DIAG] iter=2 posCols=16 newCols=16 effImprove=16 updated=0
    [CG] CG iter 4: obj=174506079.957156, maxRC=2360824.316177, +8 cols
    [CG]   [DIAG] iter=4 posCols=8 newCols=8 effImprove=8 updated=0
    [CG] CG iter 3: obj=165883101.454341, maxRC=4673042.811572, +14 cols
    [CG]   [DIAG] iter=3 posCols=14 newCols=14 effImprove=14 updated=0
    [CG] CG iter 5: obj=175815192.008885, maxRC=329567.443013, +2 cols
    [CG]   [DIAG] iter=5 posCols=2 newCols=2 effImprove=2 updated=0
    [CG] 列生成开始，初始列数=128
    [CG] 列生成收敛，共 6 轮迭代
    [CG] CG iter 4: obj=174503449.928932, maxRC=2360557.297400, +8 cols
    [CG] [CG-NODE] depth=0 exit=CERTIFIED certified=1 feasible=1 iters=6 generatedColsBeforeNode=0 newCols=63 posCandidates=63 duplicateCandidates=0 updatedCols=0 zeroObjImproveIters=1 objFirst=146006437.636619 objLast=175815192.008885 objGain=29808754.372266 maxRC=59519779.415266 wallSec=0.012634 pricingSec=0.008504 cplexSolveSec=0.002372
    [CG]   [DIAG] iter=4 posCols=8 newCols=8 effImprove=8 updated=0
      [BB] 根节点即为整数解，obj=175815192.008885
    [CG] CG iter 5: obj=175818653.829384, maxRC=351756.738854, +2 cols
    [CG]   [DIAG] iter=5 posCols=2 newCols=2 effImprove=2 updated=0
    [CG] CG iter 1: obj=145696980.710994, maxRC=59512328.557972, +23 cols
    [CG] CG iter 1: obj=145844757.020063, maxRC=59513126.738262, +23 cols
    [CG] CG iter 1: obj=145778315.767881, maxRC=59519752.493170, +23 cols
    [CG]   [DIAG] iter=1 posCols=23 newCols=23 effImprove=23 updated=0
    [CG]   [DIAG] iter=1 posCols=23 newCols=23 effImprove=23 updated=0
    [CG]   [DIAG] iter=1 posCols=23 newCols=23 effImprove=23 updated=0
    [CG] CG iter 1: obj=145928572.294722, maxRC=59519403.483036, +23 cols
    [CG] 列生成收敛，共 6 轮迭代
    [CG] [CG-NODE] depth=0 exit=CERTIFIED certified=1 feasible=1 iters=6 generatedColsBeforeNode=0 newCols=63 posCandidates=63 duplicateCandidates=0 updatedCols=0 zeroObjImproveIters=1 objFirst=145770337.652628 objLast=175818653.829384 objGain=30048316.176756 maxRC=59519752.128890 wallSec=0.013234 pricingSec=0.009078 cplexSolveSec=0.002397
    [CG] CG iter 1: obj=145963062.642794, maxRC=59519798.014298, +23 cols
    [CG]   [DIAG] iter=1 posCols=23 newCols=23 effImprove=23 updated=0
      [BB] 根节点即为整数解，obj=175818653.829384
    [CG]   [DIAG] iter=1 posCols=23 newCols=23 effImprove=23 updated=0
    [CG] CG iter 2: obj=161865968.957578, maxRC=10641110.538127, +16 cols
    [CG] CG iter 2: obj=161832585.048127, maxRC=10697391.365444, +16 cols
    [CG] CG iter 2: obj=161885281.345861, maxRC=10627557.110082, +16 cols
    [CG]   [DIAG] iter=2 posCols=16 newCols=16 effImprove=16 updated=0
    [CG]   [DIAG] iter=2 posCols=16 newCols=16 effImprove=16 updated=0
    [CG]   [DIAG] iter=2 posCols=16 newCols=16 effImprove=16 updated=0
    [CG] 列生成开始，初始列数=128
    [CG] CG iter 2: obj=161805533.176156, maxRC=10627557.110082, +16 cols
    [CG]   [DIAG] iter=2 posCols=16 newCols=16 effImprove=16 updated=0
    [CG] CG iter 2: obj=161866689.733152, maxRC=10641252.803509, +16 cols
    [CG]   [DIAG] iter=2 posCols=16 newCols=16 effImprove=16 updated=0
    [CG] CG iter 3: obj=165878690.983722, maxRC=4677472.863546, +14 cols
    [CG] CG iter 3: obj=165891068.470537, maxRC=4673052.743372, +14 cols
    [CG] CG iter 3: obj=165191750.895572, maxRC=5764629.766432, +16 cols
    [CG]   [DIAG] iter=3 posCols=14 newCols=14 effImprove=14 updated=0
    [CG]   [DIAG] iter=3 posCols=14 newCols=14 effImprove=14 updated=0
    [CG]   [DIAG] iter=3 posCols=16 newCols=16 effImprove=16 updated=0
    [CG] CG iter 3: obj=166110575.327020, maxRC=5118138.735229, +15 cols
    [CG] CG iter 3: obj=165837417.959669, maxRC=4660582.297012, +14 cols
    [CG]   [DIAG] iter=3 posCols=15 newCols=15 effImprove=15 updated=0
    [CG]   [DIAG] iter=3 posCols=14 newCols=14 effImprove=14 updated=0
    [CG] CG iter 4: obj=174501929.800947, maxRC=2360562.598193, +8 cols
    [CG] CG iter 4: obj=174512952.852394, maxRC=2360557.436267, +8 cols
    [CG]   [DIAG] iter=4 posCols=8 newCols=8 effImprove=8 updated=0
    [CG] CG iter 4: obj=174460083.553923, maxRC=2543631.839188, +8 cols
    [CG]   [DIAG] iter=4 posCols=8 newCols=8 effImprove=8 updated=0
    [CG]   [DIAG] iter=4 posCols=8 newCols=8 effImprove=8 updated=0
    [CG] 列生成开始，初始列数=128
    [CG] CG iter 4: obj=175713754.354753, maxRC=2671773.401886, +6 cols
    [CG]   [DIAG] iter=4 posCols=6 newCols=6 effImprove=6 updated=0
    [CG] CG iter 4: obj=174449054.879855, maxRC=2360557.280068, +7 cols
    [CG]   [DIAG] iter=4 posCols=7 newCols=7 effImprove=7 updated=0
    [CG] CG iter 5: obj=175813334.610899, maxRC=341858.563757, +2 cols
    [CG]   [DIAG] iter=5 posCols=2 newCols=2 effImprove=2 updated=0
    [CG] CG iter 5: obj=175826638.527811, maxRC=351761.503272, +2 cols
    [CG]   [DIAG] iter=5 posCols=2 newCols=2 effImprove=2 updated=0
    [CG] CG iter 5: obj=175754471.037675, maxRC=16762.080620, +1 cols
    [CG]   [DIAG] iter=5 posCols=1 newCols=1 effImprove=1 updated=0
    [CG] CG iter 5: obj=175768885.331338, maxRC=944103.781935, +1 cols
    [CG]   [DIAG] iter=5 posCols=1 newCols=1 effImprove=1 updated=0
    [CG] CG iter 5: obj=175760494.495800, maxRC=378777.672267, +2 cols
    [CG]   [DIAG] iter=5 posCols=2 newCols=2 effImprove=2 updated=0
    [CG] 列生成收敛，共 6 轮迭代
    [CG] [CG-NODE] depth=0 exit=CERTIFIED certified=1 feasible=1 iters=6 generatedColsBeforeNode=0 newCols=63 posCandidates=63 duplicateCandidates=0 updatedCols=0 zeroObjImproveIters=1 objFirst=145696980.710994 objLast=175813334.610899 objGain=30116353.899905 maxRC=59512328.557972 wallSec=0.017360 pricingSec=0.012050 cplexSolveSec=0.002851
    [CG] 列生成收敛，共 6 轮迭代
    [CG] [CG-NODE] depth=0 exit=CERTIFIED certified=1 feasible=1 iters=6 generatedColsBeforeNode=0 newCols=63 posCandidates=63 duplicateCandidates=0 updatedCols=0 zeroObjImproveIters=1 objFirst=145778315.767881 objLast=175826638.527811 objGain=30048322.759931 maxRC=59519752.493170 wallSec=0.017067 pricingSec=0.012082 cplexSolveSec=0.002752
    [CG] 列生成收敛，共 6 轮迭代
    [CG] [CG-NODE] depth=0 exit=CERTIFIED certified=1 feasible=1 iters=6 generatedColsBeforeNode=0 newCols=64 posCandidates=64 duplicateCandidates=0 updatedCols=0 zeroObjImproveIters=1 objFirst=145844757.020063 objLast=175754471.037675 objGain=29909714.017612 maxRC=59513126.738262 wallSec=0.016989 pricingSec=0.012051 cplexSolveSec=0.002768
      [BB] 根节点即为整数解，obj=175813334.610899
      [BB] 根节点即为整数解，obj=175826638.527811
      [BB] 根节点即为整数解，obj=175754471.037675
    [CG] 列生成收敛，共 6 轮迭代
    [CG] [CG-NODE] depth=0 exit=CERTIFIED certified=1 feasible=1 iters=6 generatedColsBeforeNode=0 newCols=61 posCandidates=61 duplicateCandidates=0 updatedCols=0 zeroObjImproveIters=1 objFirst=145928572.294722 objLast=175768885.331338 objGain=29840313.036617 maxRC=59519403.483036 wallSec=0.017454 pricingSec=0.012013 cplexSolveSec=0.002924
    [CG] 列生成收敛，共 6 轮迭代
    [CG] [CG-NODE] depth=0 exit=CERTIFIED certified=1 feasible=1 iters=6 generatedColsBeforeNode=0 newCols=62 posCandidates=62 duplicateCandidates=0 updatedCols=0 zeroObjImproveIters=1 objFirst=145963062.642794 objLast=175760494.495800 objGain=29797431.853007 maxRC=59519798.014298 wallSec=0.017507 pricingSec=0.011996 cplexSolveSec=0.002935
      [BB] 根节点即为整数解，obj=175768885.331338
      [BB] 根节点即为整数解，obj=175760494.495800
    [CG] CG iter 1: obj=145984626.328715, maxRC=59519438.190230, +23 cols
    [CG]   [DIAG] iter=1 posCols=23 newCols=23 effImprove=23 updated=0
    [CG] 列生成开始，初始列数=128
    [CG] CG iter 2: obj=161885115.414955, maxRC=10623166.630982, +16 cols
    [CG]   [DIAG] iter=2 posCols=16 newCols=16 effImprove=16 updated=0
    [CG] 列生成开始，初始列数=128
    [CG] CG iter 3: obj=165909413.228014, maxRC=4679962.203135, +14 cols
    [CG]   [DIAG] iter=3 posCols=14 newCols=14 effImprove=14 updated=0
    [CG] CG iter 1: obj=145971887.760382, maxRC=59519752.128890, +23 cols
    [CG] 列生成开始，初始列数=128
    [CG] 列生成开始，初始列数=128
    [CG]   [DIAG] iter=1 posCols=23 newCols=23 effImprove=23 updated=0
    [CG] 列生成开始，初始列数=128
    [CG] CG iter 4: obj=174535734.122007, maxRC=2360557.280068, +8 cols
    [CG]   [DIAG] iter=4 posCols=8 newCols=8 effImprove=8 updated=0
    [CG] CG iter 5: obj=175851094.658495, maxRC=336743.574814, +2 cols
    [CG]   [DIAG] iter=5 posCols=2 newCols=2 effImprove=2 updated=0
    [CG] 列生成收敛，共 6 轮迭代
    [CG] [CG-NODE] depth=0 exit=CERTIFIED certified=1 feasible=1 iters=6 generatedColsBeforeNode=0 newCols=63 posCandidates=63 duplicateCandidates=0 updatedCols=0 zeroObjImproveIters=1 objFirst=145984626.328715 objLast=175851094.658495 objGain=29866468.329780 maxRC=59519438.190230 wallSec=0.008620 pricingSec=0.005548 cplexSolveSec=0.001683
      [BB] 根节点即为整数解，obj=175851094.658495
    [CG] CG iter 2: obj=161875140.742602, maxRC=10641227.865490, +16 cols
    [CG]   [DIAG] iter=2 posCols=16 newCols=16 effImprove=16 updated=0
    [CG] CG iter 3: obj=165845883.099124, maxRC=4660592.497952, +14 cols
    [CG]   [DIAG] iter=3 posCols=14 newCols=14 effImprove=14 updated=0
    [CG] CG iter 4: obj=174459112.741672, maxRC=2360557.280068, +7 cols
    [CG]   [DIAG] iter=4 posCols=7 newCols=7 effImprove=7 updated=0
    [CG] 列生成开始，初始列数=128
    [CG] CG iter 5: obj=175768998.096207, maxRC=378777.672267, +2 cols
    [CG]   [DIAG] iter=5 posCols=2 newCols=2 effImprove=2 updated=0
    [CG] CG iter 1: obj=145825359.665543, maxRC=59519730.686262, +23 cols
    [CG]   [DIAG] iter=1 posCols=23 newCols=23 effImprove=23 updated=0
    [CG] 列生成收敛，共 6 轮迭代
    [CG] [CG-NODE] depth=0 exit=CERTIFIED certified=1 feasible=1 iters=6 generatedColsBeforeNode=0 newCols=62 posCandidates=62 duplicateCandidates=0 updatedCols=0 zeroObjImproveIters=1 objFirst=145971887.760382 objLast=175768998.096207 objGain=29797110.335825 maxRC=59519752.128890 wallSec=0.014538 pricingSec=0.010190 cplexSolveSec=0.002485
    [CG] CG iter 1: obj=145730730.157901, maxRC=59519670.787331, +23 cols
      [BB] 根节点即为整数解，obj=175768998.096207
    [CG]   [DIAG] iter=1 posCols=23 newCols=23 effImprove=23 updated=0
    [CG] CG iter 2: obj=161733541.405493, maxRC=10641227.865490, +16 cols
    [CG]   [DIAG] iter=2 posCols=16 newCols=16 effImprove=16 updated=0
    [CG] CG iter 3: obj=165704283.762015, maxRC=4660592.497952, +14 cols
    [CG]   [DIAG] iter=3 posCols=14 newCols=14 effImprove=14 updated=0
    [CG] CG iter 2: obj=161803974.220443, maxRC=10624321.363769, +16 cols
    [CG] CG iter 1: obj=145619631.522062, maxRC=59513894.439822, +23 cols
    [CG]   [DIAG] iter=2 posCols=16 newCols=16 effImprove=16 updated=0
    [CG]   [DIAG] iter=1 posCols=23 newCols=23 effImprove=23 updated=0
    [CG] CG iter 4: obj=174286828.983453, maxRC=2360557.280068, +7 cols
    [CG]   [DIAG] iter=4 posCols=7 newCols=7 effImprove=7 updated=0
    [CG] CG iter 5: obj=175627398.759098, maxRC=378777.672267, +2 cols
    [CG]   [DIAG] iter=5 posCols=2 newCols=2 effImprove=2 updated=0
    [CG] 列生成收敛，共 6 轮迭代
    [CG] [CG-NODE] depth=0 exit=CERTIFIED certified=1 feasible=1 iters=6 generatedColsBeforeNode=0 newCols=62 posCandidates=62 duplicateCandidates=0 updatedCols=0 zeroObjImproveIters=1 objFirst=145825359.665543 objLast=175627398.759098 objGain=29802039.093555 maxRC=59519730.686262 wallSec=0.008504 pricingSec=0.005524 cplexSolveSec=0.001553
    [CG] CG iter 1: obj=145700333.114182, maxRC=59519789.597342, +23 cols
    [CG] CG iter 3: obj=166093749.975598, maxRC=5118133.336291, +15 cols
    [CG] CG iter 2: obj=161888279.861596, maxRC=10624321.363769, +16 cols
      [BB] 根节点即为整数解，obj=175627398.759098
    [CG]   [DIAG] iter=3 posCols=15 newCols=15 effImprove=15 updated=0
    [CG]   [DIAG] iter=2 posCols=16 newCols=16 effImprove=16 updated=0
    [CG]   [DIAG] iter=1 posCols=23 newCols=23 effImprove=23 updated=0
    [CG] 列生成开始，初始列数=128
    [CG] CG iter 4: obj=175698881.236465, maxRC=2671771.566589, +6 cols
    [CG]   [DIAG] iter=4 posCols=6 newCols=6 effImprove=6 updated=0
    [CG] CG iter 3: obj=165907327.106263, maxRC=4677920.096231, +14 cols
    [CG]   [DIAG] iter=3 posCols=14 newCols=14 effImprove=14 updated=0
    [CG] CG iter 5: obj=175747259.385909, maxRC=942246.903309, +1 cols
    [CG]   [DIAG] iter=5 posCols=1 newCols=1 effImprove=1 updated=0
    [CG] CG iter 4: obj=174532630.166113, maxRC=2360557.280068, +8 cols
    [CG]   [DIAG] iter=4 posCols=8 newCols=8 effImprove=8 updated=0
    [CG] 列生成收敛，共 6 轮迭代
    [CG] [CG-NODE] depth=0 exit=CERTIFIED certified=1 feasible=1 iters=6 generatedColsBeforeNode=0 newCols=61 posCandidates=61 duplicateCandidates=0 updatedCols=0 zeroObjImproveIters=1 objFirst=145730730.157901 objLast=175747259.385909 objGain=30016529.228008 maxRC=59519670.787331 wallSec=0.010678 pricingSec=0.006991 cplexSolveSec=0.002075
    [CG] CG iter 5: obj=175847199.771141, maxRC=341037.094851, +2 cols
    [CG]   [DIAG] iter=5 posCols=2 newCols=2 effImprove=2 updated=0
      [BB] 根节点即为整数解，obj=175747259.385909
    [CG] CG iter 2: obj=161880891.279393, maxRC=10623502.543699, +16 cols
    [CG] 列生成开始，初始列数=128
    [CG]   [DIAG] iter=2 posCols=16 newCols=16 effImprove=16 updated=0
    [CG] 列生成收敛，共 6 轮迭代
    [CG] [CG-NODE] depth=0 exit=CERTIFIED certified=1 feasible=1 iters=6 generatedColsBeforeNode=0 newCols=63 posCandidates=63 duplicateCandidates=0 updatedCols=0 zeroObjImproveIters=1 objFirst=145619631.522062 objLast=175847199.771141 objGain=30227568.249079 maxRC=59513894.439822 wallSec=0.010407 pricingSec=0.006523 cplexSolveSec=0.002065
      [BB] 根节点即为整数解，obj=175847199.771141
    [CG] CG iter 3: obj=165887765.380590, maxRC=4672677.892745, +14 cols
    [CG] CG iter 1: obj=145596664.626994, maxRC=59519752.128890, +23 cols
    [CG]   [DIAG] iter=3 posCols=14 newCols=14 effImprove=14 updated=0
    [CG]   [DIAG] iter=1 posCols=23 newCols=23 effImprove=23 updated=0
    [CG] 列生成开始，初始列数=128
    [CG] CG iter 1: obj=145695910.992392, maxRC=59519819.456926, +23 cols
    [CG] 列生成开始，初始列数=128
    [CG] CG iter 4: obj=174507929.835936, maxRC=2360567.282805, +8 cols
    [CG]   [DIAG] iter=1 posCols=23 newCols=23 effImprove=23 updated=0
    [CG] CG iter 2: obj=161791498.254495, maxRC=10623485.371715, +16 cols
    [CG]   [DIAG] iter=4 posCols=8 newCols=8 effImprove=8 updated=0
    [CG]   [DIAG] iter=2 posCols=16 newCols=16 effImprove=16 updated=0
    [CG] CG iter 1: obj=145766729.762162, maxRC=59519703.443010, +23 cols
    [CG]   [DIAG] iter=1 posCols=23 newCols=23 effImprove=23 updated=0
    [CG] CG iter 5: obj=175824017.202937, maxRC=351714.806118, +2 cols
    [CG]   [DIAG] iter=5 posCols=2 newCols=2 effImprove=2 updated=0
    [CG] CG iter 3: obj=166081571.294423, maxRC=5118133.336291, +15 cols
    [CG]   [DIAG] iter=3 posCols=15 newCols=15 effImprove=15 updated=0
    [CG] CG iter 2: obj=161875865.732490, maxRC=10623510.309735, +16 cols
    [CG] 列生成收敛，共 6 轮迭代
    [CG]   [DIAG] iter=2 posCols=16 newCols=16 effImprove=16 updated=0
    [CG] [CG-NODE] depth=0 exit=CERTIFIED certified=1 feasible=1 iters=6 generatedColsBeforeNode=0 newCols=63 posCandidates=63 duplicateCandidates=0 updatedCols=0 zeroObjImproveIters=1 objFirst=145700333.114182 objLast=175824017.202937 objGain=30123684.088755 maxRC=59519789.597342 wallSec=0.019688 pricingSec=0.013189 cplexSolveSec=0.003601
    [CG] CG iter 4: obj=175686935.595530, maxRC=2671771.566589, +6 cols
    [CG]   [DIAG] iter=4 posCols=6 newCols=6 effImprove=6 updated=0
      [BB] 根节点即为整数解，obj=175824017.202937
    [CG] CG iter 5: obj=175735313.744973, maxRC=941976.056747, +1 cols
    [CG]   [DIAG] iter=5 posCols=1 newCols=1 effImprove=1 updated=0
    [CG] CG iter 2: obj=161878078.975588, maxRC=10623368.044352, +16 cols
    [CG]   [DIAG] iter=2 posCols=16 newCols=16 effImprove=16 updated=0
    [CG] 列生成收敛，共 6 轮迭代
    [CG] [CG-NODE] depth=0 exit=CERTIFIED certified=1 feasible=1 iters=6 generatedColsBeforeNode=0 newCols=61 posCandidates=61 duplicateCandidates=0 updatedCols=0 zeroObjImproveIters=1 objFirst=145596664.626994 objLast=175735313.744973 objGain=30138649.117979 maxRC=59519752.128890 wallSec=0.011820 pricingSec=0.007847 cplexSolveSec=0.002078
    [CG] CG iter 3: obj=165882958.580111, maxRC=4673032.610631, +14 cols
      [BB] 根节点即为整数解，obj=175735313.744973
    [CG]   [DIAG] iter=3 posCols=14 newCols=14 effImprove=14 updated=0
    [CG] CG iter 1: obj=145649799.737182, maxRC=59513182.105248, +23 cols
    [CG]   [DIAG] iter=1 posCols=23 newCols=23 effImprove=23 updated=0
    [CG] CG iter 3: obj=165902345.719018, maxRC=4679848.519330, +14 cols
    [CG]   [DIAG] iter=3 posCols=14 newCols=14 effImprove=14 updated=0
    [CG] CG iter 4: obj=174502267.550215, maxRC=2360557.297400, +8 cols
    [CG]   [DIAG] iter=4 posCols=8 newCols=8 effImprove=8 updated=0
    [CG] CG iter 1: obj=146013670.422445, maxRC=59519752.128890, +23 cols
    [CG]   [DIAG] iter=1 posCols=23 newCols=23 effImprove=23 updated=0
    [CG] CG iter 5: obj=175819628.632011, maxRC=351756.738854, +2 cols
    [CG] CG iter 4: obj=174527156.792844, maxRC=2360557.280068, +8 cols
    [CG]   [DIAG] iter=5 posCols=2 newCols=2 effImprove=2 updated=0
    [CG]   [DIAG] iter=4 posCols=8 newCols=8 effImprove=8 updated=0
    [CG] CG iter 2: obj=161874884.830127, maxRC=10623485.371715, +16 cols
    [CG] CG iter 2: obj=161874901.237834, maxRC=10641517.635119, +16 cols
    [CG]   [DIAG] iter=2 posCols=16 newCols=16 effImprove=16 updated=0
    [CG]   [DIAG] iter=2 posCols=16 newCols=16 effImprove=16 updated=0
    [CG] 列生成收敛，共 6 轮迭代
    [CG] [CG-NODE] depth=0 exit=CERTIFIED certified=1 feasible=1 iters=6 generatedColsBeforeNode=0 newCols=63 posCandidates=63 duplicateCandidates=0 updatedCols=0 zeroObjImproveIters=1 objFirst=145695910.992392 objLast=175819628.632011 objGain=30123717.639619 maxRC=59519819.456926 wallSec=0.018116 pricingSec=0.012409 cplexSolveSec=0.003123
    [CG] CG iter 5: obj=175843880.485430, maxRC=336753.722206, +2 cols
    [CG]   [DIAG] iter=5 posCols=2 newCols=2 effImprove=2 updated=0
    [CG] 列生成开始，初始列数=128
      [BB] 根节点即为整数解，obj=175819628.632011
    [CG] 列生成开始，初始列数=128
    [CG] CG iter 3: obj=165893417.353872, maxRC=4677226.232862, +14 cols
    [CG]   [DIAG] iter=3 posCols=14 newCols=14 effImprove=14 updated=0
    [CG] 列生成收敛，共 6 轮迭代
    [CG] [CG-NODE] depth=0 exit=CERTIFIED certified=1 feasible=1 iters=6 generatedColsBeforeNode=0 newCols=63 posCandidates=63 duplicateCandidates=0 updatedCols=0 zeroObjImproveIters=1 objFirst=145766729.762162 objLast=175843880.485430 objGain=30077150.723269 maxRC=59519703.443010 wallSec=0.018663 pricingSec=0.013030 cplexSolveSec=0.002983
      [BB] 根节点即为整数解，obj=175843880.485430
    [CG] CG iter 3: obj=165870069.857435, maxRC=4670508.137476, +14 cols
    [CG]   [DIAG] iter=3 posCols=14 newCols=14 effImprove=14 updated=0
    [CG] CG iter 4: obj=174515560.967523, maxRC=2360570.413146, +8 cols
    [CG]   [DIAG] iter=4 posCols=8 newCols=8 effImprove=8 updated=0
    [CG] CG iter 5: obj=175832781.613501, maxRC=341423.041190, +2 cols
    [CG]   [DIAG] iter=5 posCols=2 newCols=2 effImprove=2 updated=0
    [CG] CG iter 4: obj=174490070.882205, maxRC=2360557.297400, +8 cols
    [CG]   [DIAG] iter=4 posCols=8 newCols=8 effImprove=8 updated=0
    [CG] 列生成收敛，共 6 轮迭代
    [CG] [CG-NODE] depth=0 exit=CERTIFIED certified=1 feasible=1 iters=6 generatedColsBeforeNode=0 newCols=63 posCandidates=63 duplicateCandidates=0 updatedCols=0 zeroObjImproveIters=1 objFirst=146013670.422445 objLast=175832781.613501 objGain=29819111.191055 maxRC=59519752.128890 wallSec=0.010691 pricingSec=0.006994 cplexSolveSec=0.002015
      [BB] 根节点即为整数解，obj=175832781.613501
    [CG] CG iter 5: obj=175799887.610369, maxRC=357279.019731, +2 cols
    [CG]   [DIAG] iter=5 posCols=2 newCols=2 effImprove=2 updated=0
    [CG] 列生成收敛，共 6 轮迭代
    [CG] [CG-NODE] depth=0 exit=CERTIFIED certified=1 feasible=1 iters=6 generatedColsBeforeNode=0 newCols=63 posCandidates=63 duplicateCandidates=0 updatedCols=0 zeroObjImproveIters=1 objFirst=145649799.737182 objLast=175799887.610369 objGain=30150087.873188 maxRC=59513182.105248 wallSec=0.013824 pricingSec=0.008854 cplexSolveSec=0.002820
    [CG] 列生成开始，初始列数=128
    [CG] 列生成开始，初始列数=128
      [BB] 根节点即为整数解，obj=175799887.610369
    [CG] CG iter 1: obj=145846392.009247, maxRC=59513133.419368, +23 cols
    [CG] CG iter 1: obj=145774304.342243, maxRC=59519686.017572, +23 cols
    [CG]   [DIAG] iter=1 posCols=23 newCols=23 effImprove=23 updated=0
    [CG]   [DIAG] iter=1 posCols=23 newCols=23 effImprove=23 updated=0
    [CG] CG iter 2: obj=161878078.975588, maxRC=10623368.044352, +16 cols
    [CG]   [DIAG] iter=2 posCols=16 newCols=16 effImprove=16 updated=0
    [CG] CG iter 2: obj=161866420.250821, maxRC=10641110.538127, +16 cols
    [CG]   [DIAG] iter=2 posCols=16 newCols=16 effImprove=16 updated=0
    [CG] CG iter 3: obj=165902345.719018, maxRC=4679848.519330, +14 cols
    [CG]   [DIAG] iter=3 posCols=14 newCols=14 effImprove=14 updated=0
    [CG] CG iter 3: obj=165827789.667386, maxRC=4656566.582557, +14 cols
    [CG]   [DIAG] iter=3 posCols=14 newCols=14 effImprove=14 updated=0
    [CG] CG iter 4: obj=174527156.792844, maxRC=2360557.280068, +8 cols
    [CG]   [DIAG] iter=4 posCols=8 newCols=8 effImprove=8 updated=0
    [CG] CG iter 4: obj=174436780.062672, maxRC=2360568.572278, +7 cols
    [CG]   [DIAG] iter=4 posCols=7 newCols=7 effImprove=7 updated=0
    [CG] CG iter 5: obj=175843880.485430, maxRC=336753.722206, +2 cols
    [CG]   [DIAG] iter=5 posCols=2 newCols=2 effImprove=2 updated=0
    [CG] CG iter 5: obj=175747930.844243, maxRC=386712.697527, +2 cols
    [CG]   [DIAG] iter=5 posCols=2 newCols=2 effImprove=2 updated=0
    [CG] 列生成收敛，共 6 轮迭代
    [CG] [CG-NODE] depth=0 exit=CERTIFIED certified=1 feasible=1 iters=6 generatedColsBeforeNode=0 newCols=63 posCandidates=63 duplicateCandidates=0 updatedCols=0 zeroObjImproveIters=1 objFirst=145774304.342243 objLast=175843880.485430 objGain=30069576.143187 maxRC=59519686.017572 wallSec=0.014215 pricingSec=0.009989 cplexSolveSec=0.002306
    [CG] CG iter 1: obj=145720739.049542, maxRC=59519752.128890, +23 cols
      [BB] 根节点即为整数解，obj=175843880.485430
    [CG]   [DIAG] iter=1 posCols=23 newCols=23 effImprove=23 updated=0
    [CG] 列生成收敛，共 6 轮迭代
    [CG] [CG-NODE] depth=0 exit=CERTIFIED certified=1 feasible=1 iters=6 generatedColsBeforeNode=0 newCols=62 posCandidates=62 duplicateCandidates=0 updatedCols=0 zeroObjImproveIters=1 objFirst=145846392.009247 objLast=175747930.844243 objGain=29901538.834996 maxRC=59513133.419368 wallSec=0.015021 pricingSec=0.010439 cplexSolveSec=0.002489
      [BB] 根节点即为整数解，obj=175747930.844243
    [CG] CG iter 1: obj=145852369.537031, maxRC=59513133.419368, +23 cols
    [CG]   [DIAG] iter=1 posCols=23 newCols=23 effImprove=23 updated=0
    [CG] CG iter 1: obj=145585337.995220, maxRC=59512325.396379, +23 cols
    [CG]   [DIAG] iter=1 posCols=23 newCols=23 effImprove=23 updated=0
    [CG] CG iter 2: obj=161864348.458358, maxRC=10623485.371715, +16 cols
    [CG]   [DIAG] iter=2 posCols=16 newCols=16 effImprove=16 updated=0
    [CG] CG iter 2: obj=161834745.883355, maxRC=10641110.538127, +16 cols
    [CG]   [DIAG] iter=2 posCols=16 newCols=16 effImprove=16 updated=0
    [CG] CG iter 2: obj=161888283.274186, maxRC=10624321.363769, +16 cols
    [CG]   [DIAG] iter=2 posCols=16 newCols=16 effImprove=16 updated=0
    [CG] CG iter 3: obj=165887148.057363, maxRC=4668766.324908, +14 cols
    [CG]   [DIAG] iter=3 posCols=14 newCols=14 effImprove=14 updated=0
    [CG] CG iter 4: obj=174502631.261374, maxRC=2360807.365775, +8 cols
    [CG] CG iter 3: obj=165895094.319547, maxRC=4673042.811572, +14 cols
    [CG] CG iter 3: obj=165845034.292813, maxRC=4659201.918213, +14 cols
    [CG]   [DIAG] iter=4 posCols=8 newCols=8 effImprove=8 updated=0
    [CG]   [DIAG] iter=3 posCols=14 newCols=14 effImprove=14 updated=0
    [CG]   [DIAG] iter=3 posCols=14 newCols=14 effImprove=14 updated=0
    [CG] CG iter 5: obj=175812941.151983, maxRC=330046.501607, +2 cols
    [CG]   [DIAG] iter=5 posCols=2 newCols=2 effImprove=2 updated=0
    [CG] CG iter 4: obj=174516992.311994, maxRC=2360557.297400, +8 cols
    [CG]   [DIAG] iter=4 posCols=8 newCols=8 effImprove=8 updated=0
    [CG] CG iter 4: obj=174451231.086143, maxRC=2360966.488690, +8 cols
    [CG]   [DIAG] iter=4 posCols=8 newCols=8 effImprove=8 updated=0
    [CG] CG iter 1: obj=145486551.749078, maxRC=59513894.439822, +23 cols
    [CG] 列生成收敛，共 6 轮迭代
    [CG] [CG-NODE] depth=0 exit=CERTIFIED certified=1 feasible=1 iters=6 generatedColsBeforeNode=0 newCols=63 posCandidates=63 duplicateCandidates=0 updatedCols=0 zeroObjImproveIters=1 objFirst=145720739.049542 objLast=175812941.151983 objGain=30092202.102441 maxRC=59519752.128890 wallSec=0.012653 pricingSec=0.008808 cplexSolveSec=0.002036
    [CG] CG iter 5: obj=175831568.439652, maxRC=351756.738854, +2 cols
    [CG]   [DIAG] iter=5 posCols=2 newCols=2 effImprove=2 updated=0
      [BB] 根节点即为整数解，obj=175812941.151983
    [CG]   [DIAG] iter=1 posCols=23 newCols=23 effImprove=23 updated=0
    [CG] CG iter 5: obj=175753509.005856, maxRC=330778.425099, +2 cols
    [CG]   [DIAG] iter=5 posCols=2 newCols=2 effImprove=2 updated=0
    [CG] 列生成收敛，共 6 轮迭代
    [CG] [CG-NODE] depth=0 exit=CERTIFIED certified=1 feasible=1 iters=6 generatedColsBeforeNode=0 newCols=63 posCandidates=63 duplicateCandidates=0 updatedCols=0 zeroObjImproveIters=1 objFirst=145585337.995220 objLast=175831568.439652 objGain=30246230.444432 maxRC=59512325.396379 wallSec=0.010078 pricingSec=0.006336 cplexSolveSec=0.001966
      [BB] 根节点即为整数解，obj=175831568.439652
    [CG] 列生成收敛，共 6 轮迭代
    [CG] [CG-NODE] depth=0 exit=CERTIFIED certified=1 feasible=1 iters=6 generatedColsBeforeNode=0 newCols=63 posCandidates=63 duplicateCandidates=0 updatedCols=0 zeroObjImproveIters=1 objFirst=145852369.537031 objLast=175753509.005856 objGain=29901139.468825 maxRC=59513133.419368 wallSec=0.010711 pricingSec=0.006468 cplexSolveSec=0.001858
      [BB] 根节点即为整数解，obj=175753509.005856
    [CG] CG iter 2: obj=161783955.391912, maxRC=10623485.371715, +16 cols
    [CG]   [DIAG] iter=2 posCols=16 newCols=16 effImprove=16 updated=0
    [CG] CG iter 3: obj=165784136.739154, maxRC=4620071.183319, +14 cols
    [CG]   [DIAG] iter=3 posCols=14 newCols=14 effImprove=14 updated=0
    [CG] CG iter 4: obj=174353727.603369, maxRC=1290998.359001, +4 cols
    [CG]   [DIAG] iter=4 posCols=4 newCols=4 effImprove=4 updated=0
    [CG] 列生成收敛，共 5 轮迭代
    [CG] [CG-NODE] depth=0 exit=CERTIFIED certified=1 feasible=1 iters=5 generatedColsBeforeNode=0 newCols=57 posCandidates=57 duplicateCandidates=0 updatedCols=0 zeroObjImproveIters=0 objFirst=145486551.749078 objLast=175644725.962369 objGain=30158174.213291 maxRC=59513894.439822 wallSec=0.018502 pricingSec=0.012728 cplexSolveSec=0.003185
      [BB] 根节点即为整数解，obj=175644725.962369
[GA] 代数 10: Best=175883793.46, Avg=175823834.51, Worst=175656284.44, Valid=30/30, 耗时=0.06s (连续10代未提升 → 提前停止)
  ├─ 求解: 30 个体 fork 并行 | CG迭代=149 加列=1560 BB分支=0
  ├─ 并行墙钟=0.0565s | 串行等效(ΣBP)=0.3551s | 加速比=6.28x
  ├─ 管理开销=-0.2986s (fork=0.0039 wait=0.0521 merge=0.0004)
  └─ CG明细: gen_logs/run_gen10_ind{0..29}.log

========== 遗传算法完成 ==========
总耗时: 0.624954s
最优适应度: 175883793.46
最优w: w0=0.00 w1=0.00 w2=0.00 w3=0.00 w4=0.00 w5=0.00 w6=0.00 w7=0.00 

========== 并行效率总报告 ==========
并行代数            : 11
并行墙钟(累计)      : 0.6200s
串行等效(ΣBP累计)   : 3.8532s
净管理开销          : -3.2332s (-521.4%)
  ├─ fork  : 0.0384s
  ├─ wait  : 0.5765s
  └─ merge : 0.0044s
加速比              : 6.21x
结论: 加速比 > 1，并行有效收益。
====================================

--- 最优解详细结果 ---
FORMAL_PASS seed=606 distance=0.00 profit=175883793.46 wall=0.64
