
      ========== [环节4/5] 列生成 CG（RMP + 定价子问题迭代求 LP 松弛） ==========
        设计: CPLEX 增量式 RMP(动态加列，不重建模型) ↔ 逐 DC 定价生成负 RC 新列
        定价并行: 否(串行逐DC) | DC 数=8 | 定价线程=4(上限pricing_threads=4)[未启用,parallel_pricing=false]
        核预算: core_budget=0(0=不限制) | GA并发进程数=见num_threads | 峰值占核=GA进程×定价线程
        RMP求解: CPLEX线程=1(cplex_threads=1)[GA并行时子进程强制回退1避免过度订阅]
        收敛: 最大迭代=2000 | tailing-off 早停=否(连续20轮改善<1e-06) | RC 阈值=1e-06
        优化: 每DC持久 PricingSolver(缓存跨迭代保留) + 持久线程池(不再每轮建销)

      ========== [环节5/5] 定价子问题 PS（每DC生成最大负 RC 列，本次瓶颈~83%） ==========
        算法: Simplified候选 + Algorithm3完整校验
        无损缓存: cachedBestCols仅提供 incumbent/上界剪枝，不跳过完整定价
        完整定价: 候选价格(保留价去重)×两点组合 O(候选价×n_neg²×numRetailer)

    ========== [环节3/5] 分支定界 BB（DFS 深度优先，恢复整数解） ==========
      设计: 根节点列生成求 LP → 按 x_ij(DC-零售商对)分数值分支 → 左 x_ij=0 / 右 x_ij=1
      策略: 深度优先(DFS 栈) | 选最大分数化变量分支 | LP≤下界则剪枝
      认证: 所有节点严格列生成 | 目标gap=0 | 最大节点数=10000 | 时间上限=600s
      资源限制仅改变求解状态，不允许LP值冒充整数可行解

  ========== [环节2/5] 分支定价 BP（固定 w_j 下精确求解整数规划） ==========
    设计: 列生成(求 LP 松弛) + 分支定界(恢复整数) = 分支定价
    收尾: 内层列利润已包含减排投资成本；BP整数结果完成后仅加回碳配额常数收益
    优化: fitnessCache 仅复用相同 w 的认证最优结果；未认证结果再次出现时重算
    投资成本模型: ½δw²D^γ, γ=0.500000
    投资成本处理: 列内扣除(新)

========== [环节1/5] 遗传算法 GA（外层：对减排率 w_j 编码搜索） ==========
  设计: 二进制编码 w_j → 轮盘赌选择 → 两点交叉 → 按位变异 → 精英保留
  配置: 种群=30 | 最大代数=50 | 编码位数=10/DC | 基因总长=80
        交叉率=0.7 | 逐位变异率=0.0125(自适应1/L) | 精英保留=是 | w范围=[0,1]
        提前停止=是 | 连续未提升阈值=10代 | 提升容差=0.001
  优化: 二进制解码查表(替代 std::pow) | 相同 w 仅复用认证最优的BP缓存

  +--------------- [并行诊断] 适应度评估层（GA 第4层外层） ---------------
  | 评估任务: 每代对 30 个个体各调用一次分支定价 BP.solve(w)（含 CG->定价->BB）
  | 并行三条件:
  |   1) parallel_fitness = true   [满足]
  |   2) population_size > 1 : 30   [满足]
  |   3) num_threads > 1 : 配置=8 -> 实际=8（0 表示自动取 CPU 核数=36）   [满足]
  +---------------------------------------------------------------
  | >>> 当前模式: 【并行】GA 适应度评估层 fork 进程级并行
  |     并发度: 8 个子进程同时运行（个体总数 30，分批调度）
  |     隔离方式: 每个体 fork() 独立子进程 + Instance.deepCopy() 深拷贝
  |               （不共享求解器，各持独立 BranchAndPrice，无锁无竞争）
  |     结果回传: 子进程算完经管道 pipe() 回传 fitness 及 BP/CG/PS 计时
  |     下层状态: 每个子进程内部 BP->CG->定价PS->BB 全部【串行】
  |     计时口径: 并行时 BP/CG/PS 取墙钟聚合，避免子进程 CPU 时间累加超过总时间
  | 注: 定价子问题 PS 并行开关 parallel_pricing=false —— true 时并行逐DC，false 时串行逐DC；线程数配置在 CG 环节横幅始终展示，仅 false 时不生效）
  +---------------------------------------------------------------
    [CG] 列生成开始，初始列数=128
    [CG] 列生成开始，初始列数=128
    [CG] 列生成开始，初始列数=128
    [CG] 列生成开始，初始列数=128
    [CG] 列生成开始，初始列数=128
    [CG] 列生成开始，初始列数=128
    [CG] 列生成开始，初始列数=128
    [CG] 列生成开始，初始列数=128
    [CG] CG iter 1: obj=142335363.754659, maxRC=59519752.128890, +23 cols
    [CG] CG iter 1: obj=141327253.094673, maxRC=59508092.020645, +23 cols
    [CG] CG iter 1: obj=140947836.067016, maxRC=59500919.860532, +23 cols
    [CG]   [DIAG] iter=1 posCols=23 newCols=23 effImprove=23 updated=0
    [CG]   [DIAG] iter=1 posCols=23 newCols=23 effImprove=23 updated=0
    [CG] CG iter 1: obj=140989431.837435, maxRC=59496774.214835, +23 cols
    [CG]   [DIAG] iter=1 posCols=23 newCols=23 effImprove=23 updated=0
    [CG] CG iter 1: obj=141302041.958766, maxRC=59505741.446093, +23 cols
    [CG] CG iter 1: obj=141197138.128017, maxRC=59512067.504564, +23 cols
    [CG]   [DIAG] iter=1 posCols=23 newCols=23 effImprove=23 updated=0
    [CG] CG iter 1: obj=140959788.869660, maxRC=59502681.053617, +23 cols
    [CG]   [DIAG] iter=1 posCols=23 newCols=23 effImprove=23 updated=0
    [CG] CG iter 1: obj=140677246.230001, maxRC=59402380.905926, +23 cols
    [CG]   [DIAG] iter=1 posCols=23 newCols=23 effImprove=23 updated=0
    [CG]   [DIAG] iter=1 posCols=23 newCols=23 effImprove=23 updated=0
    [CG]   [DIAG] iter=1 posCols=23 newCols=23 effImprove=23 updated=0
    [CG] CG iter 2: obj=160205777.658157, maxRC=10623485.371715, +17 cols
    [CG] CG iter 2: obj=159773607.689555, maxRC=9477539.556503, +17 cols
    [CG]   [DIAG] iter=2 posCols=17 newCols=17 effImprove=17 updated=0
    [CG]   [DIAG] iter=2 posCols=17 newCols=17 effImprove=17 updated=0
    [CG] CG iter 2: obj=159480863.399519, maxRC=10741432.894867, +17 cols
    [CG]   [DIAG] iter=2 posCols=17 newCols=17 effImprove=17 updated=0
    [CG] CG iter 2: obj=159550131.742600, maxRC=10649702.408606, +17 cols
    [CG] CG iter 2: obj=159735659.134564, maxRC=10610828.414461, +17 cols
    [CG]   [DIAG] iter=2 posCols=17 newCols=17 effImprove=17 updated=0
    [CG]   [DIAG] iter=2 posCols=17 newCols=17 effImprove=17 updated=0
    [CG] CG iter 2: obj=159337095.932753, maxRC=10625245.855801, +17 cols
    [CG] CG iter 2: obj=159559016.339133, maxRC=10692046.907810, +17 cols
    [CG]   [DIAG] iter=2 posCols=17 newCols=17 effImprove=17 updated=0
    [CG]   [DIAG] iter=2 posCols=17 newCols=17 effImprove=17 updated=0
    [CG] CG iter 2: obj=159145361.513588, maxRC=10444601.725444, +17 cols
    [CG]   [DIAG] iter=2 posCols=17 newCols=17 effImprove=17 updated=0
    [CG] CG iter 3: obj=166348277.353052, maxRC=6307268.735563, +12 cols
    [CG]   [DIAG] iter=3 posCols=12 newCols=12 effImprove=12 updated=0
    [CG] CG iter 3: obj=166104062.611478, maxRC=7019004.655931, +15 cols
    [CG] CG iter 3: obj=165378384.378063, maxRC=6299033.318310, +11 cols
    [CG]   [DIAG] iter=3 posCols=15 newCols=15 effImprove=15 updated=0
    [CG]   [DIAG] iter=3 posCols=11 newCols=11 effImprove=11 updated=0
    [CG] CG iter 3: obj=165381836.413445, maxRC=5796023.955473, +11 cols
    [CG]   [DIAG] iter=3 posCols=11 newCols=11 effImprove=11 updated=0
    [CG] CG iter 3: obj=165605930.761166, maxRC=5672600.227047, +11 cols
    [CG] CG iter 3: obj=167260919.205957, maxRC=5076296.663858, +10 cols
    [CG]   [DIAG] iter=3 posCols=11 newCols=11 effImprove=11 updated=0
    [CG]   [DIAG] iter=3 posCols=10 newCols=10 effImprove=10 updated=0
    [CG] CG iter 3: obj=165277246.930854, maxRC=6286631.785914, +11 cols
    [CG]   [DIAG] iter=3 posCols=11 newCols=11 effImprove=11 updated=0
    [CG] CG iter 3: obj=163868163.394651, maxRC=8748058.218200, +13 cols
    [CG]   [DIAG] iter=3 posCols=13 newCols=13 effImprove=13 updated=0
    [CG] CG iter 4: obj=169098679.010291, maxRC=4100569.741606, +5 cols
    [CG]   [DIAG] iter=4 posCols=5 newCols=5 effImprove=5 updated=0
    [CG] CG iter 4: obj=170898770.440935, maxRC=2495016.653844, +7 cols
    [CG] CG iter 4: obj=172094200.498672, maxRC=1179002.426748, +2 cols
    [CG] CG iter 4: obj=168022238.335127, maxRC=3897391.415347, +5 cols
    [CG]   [DIAG] iter=4 posCols=7 newCols=7 effImprove=7 updated=0
    [CG]   [DIAG] iter=4 posCols=2 newCols=2 effImprove=2 updated=0
    [CG]   [DIAG] iter=4 posCols=5 newCols=5 effImprove=5 updated=0
    [CG] CG iter 4: obj=172132797.086053, maxRC=1262412.174504, +2 cols
    [CG]   [DIAG] iter=4 posCols=2 newCols=2 effImprove=2 updated=0
    [CG] CG iter 4: obj=172337215.869815, maxRC=1585287.568084, +6 cols
    [CG]   [DIAG] iter=4 posCols=6 newCols=6 effImprove=6 updated=0
    [CG] CG iter 4: obj=167915807.004066, maxRC=3925748.222960, +5 cols
    [CG] 列生成收敛，共 5 轮迭代
    [CG] [CG-NODE] depth=0 exit=CERTIFIED certified=1 feasible=1 iters=5 generatedColsBeforeNode=0 newCols=57 posCandidates=57 duplicateCandidates=0 updatedCols=0 zeroObjImproveIters=0 objFirst=142335363.754659 objLast=173317075.098162 objGain=30981711.343503 maxRC=59519752.128890 wallSec=0.018594 pricingSec=0.012708 cplexSolveSec=0.003118
    [CG]   [DIAG] iter=4 posCols=5 newCols=5 effImprove=5 updated=0
    [CG] CG iter 4: obj=168764172.065430, maxRC=3040672.237593, +8 cols
    [CG]   [DIAG] iter=4 posCols=8 newCols=8 effImprove=8 updated=0
    [CG] 列生成收敛，共 5 轮迭代
    [CG] [CG-NODE] depth=0 exit=CERTIFIED certified=1 feasible=1 iters=5 generatedColsBeforeNode=0 newCols=53 posCandidates=53 duplicateCandidates=0 updatedCols=0 zeroObjImproveIters=0 objFirst=140989431.837435 objLast=172356862.795667 objGain=31367430.958232 maxRC=59496774.214835 wallSec=0.018337 pricingSec=0.012522 cplexSolveSec=0.003050
    [CG] 列生成收敛，共 5 轮迭代
    [CG] [CG-NODE] depth=0 exit=CERTIFIED certified=1 feasible=1 iters=5 generatedColsBeforeNode=0 newCols=62 posCandidates=62 duplicateCandidates=0 updatedCols=0 zeroObjImproveIters=0 objFirst=141327253.094673 objLast=172789255.100434 objGain=31462002.005761 maxRC=59508092.020645 wallSec=0.018649 pricingSec=0.012725 cplexSolveSec=0.003059
    [CG] 列生成收敛，共 5 轮迭代
    [CG] [CG-NODE] depth=0 exit=CERTIFIED certified=1 feasible=1 iters=5 generatedColsBeforeNode=0 newCols=56 posCandidates=56 duplicateCandidates=0 updatedCols=0 zeroObjImproveIters=0 objFirst=140947836.067016 objLast=172237029.301965 objGain=31289193.234948 maxRC=59500919.860532 wallSec=0.018539 pricingSec=0.012659 cplexSolveSec=0.003091
      [BB] 根节点即为整数解，obj=173317075.098162
    [CG] CG iter 5: obj=172448115.233849, maxRC=473294.994813, +3 cols
    [CG]   [DIAG] iter=5 posCols=3 newCols=3 effImprove=3 updated=0
      [BB] 根节点即为整数解，obj=172356862.795667
    [CG] CG iter 5: obj=172337215.869815, maxRC=69065.539903, +1 cols
    [CG]   [DIAG] iter=5 posCols=1 newCols=1 effImprove=1 updated=0
      [BB] 根节点即为整数解，obj=172789255.100434
      [BB] 根节点即为整数解，obj=172237029.301965
    [CG] 列生成收敛，共 5 轮迭代
    [CG] CG iter 5: obj=171804844.303023, maxRC=136031.097454, +3 cols
    [CG] [CG-NODE] depth=0 exit=CERTIFIED certified=1 feasible=1 iters=5 generatedColsBeforeNode=0 newCols=56 posCandidates=56 duplicateCandidates=0 updatedCols=0 zeroObjImproveIters=0 objFirst=140959788.869660 objLast=172181062.432059 objGain=31221273.562399 maxRC=59502681.053617 wallSec=0.018440 pricingSec=0.012472 cplexSolveSec=0.003165
    [CG]   [DIAG] iter=5 posCols=3 newCols=3 effImprove=3 updated=0
    [CG] 列生成收敛，共 6 轮迭代
    [CG] [CG-NODE] depth=0 exit=CERTIFIED certified=1 feasible=1 iters=6 generatedColsBeforeNode=0 newCols=56 posCandidates=56 duplicateCandidates=0 updatedCols=0 zeroObjImproveIters=1 objFirst=141302041.958766 objLast=172448115.233849 objGain=31146073.275083 maxRC=59505741.446093 wallSec=0.018894 pricingSec=0.012714 cplexSolveSec=0.003330
      [BB] 根节点即为整数解，obj=172181062.432059
    [CG] 列生成收敛，共 6 轮迭代
    [CG] [CG-NODE] depth=0 exit=CERTIFIED certified=1 feasible=1 iters=6 generatedColsBeforeNode=0 newCols=57 posCandidates=57 duplicateCandidates=0 updatedCols=0 zeroObjImproveIters=2 objFirst=141197138.128017 objLast=172337215.869815 objGain=31140077.741798 maxRC=59512067.504564 wallSec=0.018967 pricingSec=0.012757 cplexSolveSec=0.003315
      [BB] 根节点即为整数解，obj=172448115.233849
      [BB] 根节点即为整数解，obj=172337215.869815
    [CG] 列生成收敛，共 6 轮迭代
    [CG] [CG-NODE] depth=0 exit=CERTIFIED certified=1 feasible=1 iters=6 generatedColsBeforeNode=0 newCols=64 posCandidates=64 duplicateCandidates=0 updatedCols=0 zeroObjImproveIters=1 objFirst=140677246.230001 objLast=171804844.303023 objGain=31127598.073022 maxRC=59402380.905926 wallSec=0.019014 pricingSec=0.012757 cplexSolveSec=0.003385
      [BB] 根节点即为整数解，obj=171804844.303023
    [CG] 列生成开始，初始列数=128
    [CG] 列生成开始，初始列数=128
    [CG] 列生成开始，初始列数=128
    [CG] 列生成开始，初始列数=128
    [CG] 列生成开始，初始列数=128
    [CG] 列生成开始，初始列数=128
    [CG] 列生成开始，初始列数=128
    [CG] 列生成开始，初始列数=128
    [CG] CG iter 1: obj=141237527.862297, maxRC=59207286.056147, +23 cols
    [CG] CG iter 1: obj=141774375.351434, maxRC=59286756.666299, +23 cols
    [CG]   [DIAG] iter=1 posCols=23 newCols=23 effImprove=23 updated=0
    [CG]   [DIAG] iter=1 posCols=23 newCols=23 effImprove=23 updated=0
    [CG] CG iter 1: obj=141426757.591457, maxRC=59092997.134332, +23 cols
    [CG]   [DIAG] iter=1 posCols=23 newCols=23 effImprove=23 updated=0
    [CG] CG iter 2: obj=159764446.746361, maxRC=10039869.843850, +17 cols
    [CG] CG iter 2: obj=159201443.162446, maxRC=10658267.925262, +18 cols
    [CG]   [DIAG] iter=2 posCols=17 newCols=17 effImprove=17 updated=0
    [CG]   [DIAG] iter=2 posCols=18 newCols=18 effImprove=18 updated=0
    [CG] CG iter 2: obj=159075486.927985, maxRC=10353093.642526, +17 cols
    [CG]   [DIAG] iter=2 posCols=17 newCols=17 effImprove=17 updated=0
    [CG] CG iter 3: obj=166975012.987559, maxRC=9174213.849826, +11 cols
    [CG]   [DIAG] iter=3 posCols=11 newCols=11 effImprove=11 updated=0
    [CG] CG iter 3: obj=167562213.895597, maxRC=3781987.903398, +12 cols
    [CG]   [DIAG] iter=3 posCols=12 newCols=12 effImprove=12 updated=0
    [CG] CG iter 4: obj=172073031.506828, maxRC=2494353.595380, +10 cols
    [CG]   [DIAG] iter=4 posCols=10 newCols=10 effImprove=10 updated=0
    [CG] CG iter 3: obj=164173152.590270, maxRC=5703345.271280, +13 cols
    [CG] CG iter 4: obj=171099870.803957, maxRC=1730564.145529, +8 cols
    [CG]   [DIAG] iter=4 posCols=8 newCols=8 effImprove=8 updated=0
    [CG]   [DIAG] iter=3 posCols=13 newCols=13 effImprove=13 updated=0
    [CG] CG iter 5: obj=172073031.506828, maxRC=158608.376713, +1 cols
    [CG]   [DIAG] iter=5 posCols=1 newCols=1 effImprove=1 updated=0
    [CG] CG iter 5: obj=172881486.278845, maxRC=1160799.989533, +5 cols
    [CG]   [DIAG] iter=5 posCols=5 newCols=5 effImprove=5 updated=0
    [CG] CG iter 4: obj=169399741.224638, maxRC=3461853.570157, +10 cols
    [CG]   [DIAG] iter=4 posCols=10 newCols=10 effImprove=10 updated=0
    [CG] 列生成收敛，共 6 轮迭代
    [CG] [CG-NODE] depth=0 exit=CERTIFIED certified=1 feasible=1 iters=6 generatedColsBeforeNode=0 newCols=63 posCandidates=63 duplicateCandidates=0 updatedCols=0 zeroObjImproveIters=2 objFirst=141237527.862297 objLast=172073031.506828 objGain=30835503.644531 maxRC=59207286.056147 wallSec=0.010864 pricingSec=0.006982 cplexSolveSec=0.001944
    [CG] 列生成收敛，共 6 轮迭代
    [CG] [CG-NODE] depth=0 exit=CERTIFIED certified=1 feasible=1 iters=6 generatedColsBeforeNode=0 newCols=65 posCandidates=65 duplicateCandidates=0 updatedCols=0 zeroObjImproveIters=1 objFirst=141774375.351434 objLast=172881486.278845 objGain=31107110.927411 maxRC=59286756.666299 wallSec=0.010792 pricingSec=0.006922 cplexSolveSec=0.001999
      [BB] 根节点即为整数解，obj=172073031.506828
      [BB] 根节点即为整数解，obj=172881486.278845
    [CG] CG iter 5: obj=169399741.224638, maxRC=2799134.309676, +8 cols
    [CG]   [DIAG] iter=5 posCols=8 newCols=8 effImprove=8 updated=0
    [CG] CG iter 6: obj=172198875.534314, maxRC=331437.222042, +4 cols
    [CG]   [DIAG] iter=6 posCols=4 newCols=4 effImprove=4 updated=0
    [CG] 列生成收敛，共 7 轮迭代
    [CG] [CG-NODE] depth=0 exit=CERTIFIED certified=1 feasible=1 iters=7 generatedColsBeforeNode=0 newCols=75 posCandidates=75 duplicateCandidates=0 updatedCols=0 zeroObjImproveIters=1 objFirst=141426757.591457 objLast=172203970.053416 objGain=30777212.461958 maxRC=59092997.134332 wallSec=0.011762 pricingSec=0.007540 cplexSolveSec=0.002291
      [BB] 根节点即为整数解，obj=172203970.053416
    [CG] CG iter 1: obj=141251278.054361, maxRC=59281292.360541, +23 cols
    [CG]   [DIAG] iter=1 posCols=23 newCols=23 effImprove=23 updated=0
    [CG] 列生成开始，初始列数=128
    [CG] CG iter 1: obj=141337104.053267, maxRC=59515502.517558, +23 cols
    [CG] 列生成开始，初始列数=128
    [CG] CG iter 1: obj=141178958.231559, maxRC=58976074.967111, +23 cols
    [CG] CG iter 1: obj=140916784.180614, maxRC=59020496.673825, +23 cols
    [CG]   [DIAG] iter=1 posCols=23 newCols=23 effImprove=23 updated=0
    [CG]   [DIAG] iter=1 posCols=23 newCols=23 effImprove=23 updated=0
    [CG]   [DIAG] iter=1 posCols=23 newCols=23 effImprove=23 updated=0
    [CG] CG iter 1: obj=141145250.386484, maxRC=59462099.882520, +23 cols
    [CG] CG iter 2: obj=159350787.956039, maxRC=9371473.961834, +17 cols
    [CG] 列生成开始，初始列数=128
    [CG]   [DIAG] iter=2 posCols=17 newCols=17 effImprove=17 updated=0
    [CG]   [DIAG] iter=1 posCols=23 newCols=23 effImprove=23 updated=0
    [CG] CG iter 2: obj=159730993.953615, maxRC=9492518.113624, +17 cols
    [CG] CG iter 2: obj=158956604.173563, maxRC=8887771.450893, +17 cols
    [CG] CG iter 2: obj=158885627.534102, maxRC=9227524.768624, +17 cols
    [CG]   [DIAG] iter=2 posCols=17 newCols=17 effImprove=17 updated=0
    [CG]   [DIAG] iter=2 posCols=17 newCols=17 effImprove=17 updated=0
    [CG]   [DIAG] iter=2 posCols=17 newCols=17 effImprove=17 updated=0
    [CG] CG iter 3: obj=165732526.265109, maxRC=7021610.875829, +15 cols
    [CG] CG iter 2: obj=159755094.769134, maxRC=10601311.234332, +17 cols
    [CG]   [DIAG] iter=3 posCols=15 newCols=15 effImprove=15 updated=0
    [CG]   [DIAG] iter=2 posCols=17 newCols=17 effImprove=17 updated=0
    [CG] CG iter 4: obj=170603786.376391, maxRC=2341541.113545, +7 cols
    [CG] CG iter 3: obj=166107357.357307, maxRC=6888491.268587, +15 cols
    [CG]   [DIAG] iter=4 posCols=7 newCols=7 effImprove=7 updated=0
    [CG]   [DIAG] iter=3 posCols=15 newCols=15 effImprove=15 updated=0
    [CG] CG iter 3: obj=165253966.318655, maxRC=8902995.851554, +14 cols
    [CG] CG iter 3: obj=165332225.547286, maxRC=8922133.470836, +15 cols
    [CG]   [DIAG] iter=3 posCols=14 newCols=14 effImprove=14 updated=0
    [CG]   [DIAG] iter=3 posCols=15 newCols=15 effImprove=15 updated=0
    [CG] 列生成收敛，共 5 轮迭代
    [CG] CG iter 3: obj=165679601.832810, maxRC=6361157.081777, +11 cols
    [CG] [CG-NODE] depth=0 exit=CERTIFIED certified=1 feasible=1 iters=5 generatedColsBeforeNode=0 newCols=62 posCandidates=62 duplicateCandidates=0 updatedCols=0 zeroObjImproveIters=0 objFirst=141251278.054361 objLast=172416365.557590 objGain=31165087.503229 maxRC=59281292.360541 wallSec=0.018789 pricingSec=0.012776 cplexSolveSec=0.003139
    [CG]   [DIAG] iter=3 posCols=11 newCols=11 effImprove=11 updated=0
    [CG] CG iter 4: obj=170840017.133846, maxRC=2497859.646262, +7 cols
    [CG]   [DIAG] iter=4 posCols=7 newCols=7 effImprove=7 updated=0
      [BB] 根节点即为整数解，obj=172416365.557590
    [CG] CG iter 4: obj=170167749.268566, maxRC=1945483.693786, +6 cols
    [CG] CG iter 4: obj=169980085.854079, maxRC=3097759.084102, +7 cols
    [CG]   [DIAG] iter=4 posCols=6 newCols=6 effImprove=6 updated=0
    [CG]   [DIAG] iter=4 posCols=7 newCols=7 effImprove=7 updated=0
    [CG] 列生成收敛，共 5 轮迭代
    [CG] [CG-NODE] depth=0 exit=CERTIFIED certified=1 feasible=1 iters=5 generatedColsBeforeNode=0 newCols=62 posCandidates=62 duplicateCandidates=0 updatedCols=0 zeroObjImproveIters=0 objFirst=141337104.053267 objLast=172659068.157431 objGain=31321964.104163 maxRC=59515502.517558 wallSec=0.018752 pricingSec=0.012475 cplexSolveSec=0.003006
    [CG] CG iter 5: obj=171915360.812050, maxRC=224993.607457, +2 cols
    [CG]   [DIAG] iter=5 posCols=2 newCols=2 effImprove=2 updated=0
    [CG] CG iter 5: obj=171787187.177276, maxRC=268765.951719, +1 cols
    [CG]   [DIAG] iter=5 posCols=1 newCols=1 effImprove=1 updated=0
    [CG] CG iter 4: obj=168263073.906919, maxRC=3920281.328174, +5 cols
      [BB] 根节点即为整数解，obj=172659068.157431
    [CG]   [DIAG] iter=4 posCols=5 newCols=5 effImprove=5 updated=0
    [CG] CG iter 6: obj=171915360.812050, maxRC=114133.238485, +1 cols
    [CG]   [DIAG] iter=6 posCols=1 newCols=1 effImprove=1 updated=0
    [CG] 列生成收敛，共 6 轮迭代
    [CG] [CG-NODE] depth=0 exit=CERTIFIED certified=1 feasible=1 iters=6 generatedColsBeforeNode=0 newCols=63 posCandidates=63 duplicateCandidates=0 updatedCols=0 zeroObjImproveIters=1 objFirst=141178958.231559 objLast=171787187.177276 objGain=30608228.945716 maxRC=58976074.967111 wallSec=0.019282 pricingSec=0.012898 cplexSolveSec=0.003281
      [BB] 根节点即为整数解，obj=171787187.177276
    [CG] 列生成收敛，共 5 轮迭代
    [CG] [CG-NODE] depth=0 exit=CERTIFIED certified=1 feasible=1 iters=5 generatedColsBeforeNode=0 newCols=56 posCandidates=56 duplicateCandidates=0 updatedCols=0 zeroObjImproveIters=0 objFirst=141145250.386484 objLast=172504885.574964 objGain=31359635.188480 maxRC=59462099.882520 wallSec=0.018965 pricingSec=0.012865 cplexSolveSec=0.003233
    [CG] 列生成收敛，共 7 轮迭代
    [CG] [CG-NODE] depth=0 exit=CERTIFIED certified=1 feasible=1 iters=7 generatedColsBeforeNode=0 newCols=63 posCandidates=63 duplicateCandidates=0 updatedCols=0 zeroObjImproveIters=2 objFirst=140916784.180614 objLast=171915360.812050 objGain=30998576.631436 maxRC=59020496.673825 wallSec=0.019461 pricingSec=0.013115 cplexSolveSec=0.003449
      [BB] 根节点即为整数解，obj=172504885.574964
      [BB] 根节点即为整数解，obj=171915360.812050
    [CG] 列生成开始，初始列数=128
    [CG] 列生成开始，初始列数=128
    [CG] 列生成开始，初始列数=128
    [CG] 列生成开始，初始列数=128
    [CG] 列生成开始，初始列数=128
    [CG] CG iter 1: obj=141556435.277826, maxRC=59472218.272752, +23 cols
    [CG] CG iter 1: obj=141355589.045395, maxRC=59003009.267255, +23 cols
    [CG]   [DIAG] iter=1 posCols=23 newCols=23 effImprove=23 updated=0
    [CG]   [DIAG] iter=1 posCols=23 newCols=23 effImprove=23 updated=0
    [CG] CG iter 2: obj=159074741.849727, maxRC=10103629.048952, +16 cols
    [CG]   [DIAG] iter=2 posCols=16 newCols=16 effImprove=16 updated=0
    [CG] CG iter 1: obj=141808682.537746, maxRC=59451427.737212, +23 cols
    [CG]   [DIAG] iter=1 posCols=23 newCols=23 effImprove=23 updated=0
    [CG] CG iter 2: obj=159605567.869350, maxRC=10596043.524688, +17 cols
    [CG]   [DIAG] iter=2 posCols=17 newCols=17 effImprove=17 updated=0
    [CG] CG iter 3: obj=162760772.173704, maxRC=9251233.003870, +14 cols
    [CG]   [DIAG] iter=3 posCols=14 newCols=14 effImprove=14 updated=0
    [CG] CG iter 1: obj=141992254.292679, maxRC=59506763.289144, +23 cols
    [CG] CG iter 4: obj=172043648.486866, maxRC=2668688.062417, +6 cols
    [CG] CG iter 2: obj=159694094.477917, maxRC=10586462.819635, +17 cols
    [CG] CG iter 3: obj=167471468.864759, maxRC=5098128.184418, +10 cols
    [CG]   [DIAG] iter=1 posCols=23 newCols=23 effImprove=23 updated=0
    [CG]   [DIAG] iter=4 posCols=6 newCols=6 effImprove=6 updated=0
    [CG]   [DIAG] iter=3 posCols=10 newCols=10 effImprove=10 updated=0
    [CG]   [DIAG] iter=2 posCols=17 newCols=17 effImprove=17 updated=0
    [CG] 列生成收敛，共 5 轮迭代
    [CG] [CG-NODE] depth=0 exit=CERTIFIED certified=1 feasible=1 iters=5 generatedColsBeforeNode=0 newCols=59 posCandidates=59 duplicateCandidates=0 updatedCols=0 zeroObjImproveIters=1 objFirst=141355589.045395 objLast=172043648.486866 objGain=30688059.441471 maxRC=59003009.267255 wallSec=0.015850 pricingSec=0.010809 cplexSolveSec=0.002322
      [BB] 根节点即为整数解，obj=172043648.486866
    [CG] CG iter 4: obj=172569597.049177, maxRC=1518398.677727, +6 cols
    [CG]   [DIAG] iter=4 posCols=6 newCols=6 effImprove=6 updated=0
    [CG] CG iter 2: obj=160081093.478745, maxRC=10635926.062928, +17 cols
    [CG]   [DIAG] iter=2 posCols=17 newCols=17 effImprove=17 updated=0
    [CG] CG iter 3: obj=165798979.598658, maxRC=6290244.123571, +12 cols
    [CG]   [DIAG] iter=3 posCols=12 newCols=12 effImprove=12 updated=0
    [CG] CG iter 5: obj=172569597.049177, maxRC=70981.381896, +1 cols
    [CG]   [DIAG] iter=5 posCols=1 newCols=1 effImprove=1 updated=0
    [CG] CG iter 1: obj=140952034.327969, maxRC=59496060.734348, +23 cols
    [CG] 列生成收敛，共 6 轮迭代
    [CG] [CG-NODE] depth=0 exit=CERTIFIED certified=1 feasible=1 iters=6 generatedColsBeforeNode=0 newCols=57 posCandidates=57 duplicateCandidates=0 updatedCols=0 zeroObjImproveIters=2 objFirst=141556435.277826 objLast=172569597.049177 objGain=31013161.771351 maxRC=59472218.272752 wallSec=0.017704 pricingSec=0.012260 cplexSolveSec=0.002937
    [CG] CG iter 4: obj=168532699.681007, maxRC=4089026.560222, +5 cols
    [CG]   [DIAG] iter=4 posCols=5 newCols=5 effImprove=5 updated=0
    [CG] CG iter 3: obj=166188840.862000, maxRC=6316579.035262, +12 cols
    [CG]   [DIAG] iter=1 posCols=23 newCols=23 effImprove=23 updated=0
    [CG]   [DIAG] iter=3 posCols=12 newCols=12 effImprove=12 updated=0
      [BB] 根节点即为整数解，obj=172569597.049177
    [CG] 列生成收敛，共 5 轮迭代
    [CG] [CG-NODE] depth=0 exit=CERTIFIED certified=1 feasible=1 iters=5 generatedColsBeforeNode=0 newCols=57 posCandidates=57 duplicateCandidates=0 updatedCols=0 zeroObjImproveIters=0 objFirst=141808682.537746 objLast=172769792.946240 objGain=30961110.408493 maxRC=59451427.737212 wallSec=0.016867 pricingSec=0.011936 cplexSolveSec=0.002533
    [CG] CG iter 4: obj=168925635.154642, maxRC=4076628.982483, +5 cols
      [BB] 根节点即为整数解，obj=172769792.946240
    [CG]   [DIAG] iter=4 posCols=5 newCols=5 effImprove=5 updated=0
    [CG] CG iter 2: obj=159450417.209908, maxRC=10770683.886131, +17 cols
    [CG] CG iter 5: obj=173140951.410956, maxRC=17063.393817, +1 cols
    [CG]   [DIAG] iter=5 posCols=1 newCols=1 effImprove=1 updated=0
    [CG]   [DIAG] iter=2 posCols=17 newCols=17 effImprove=17 updated=0
    [CG] 列生成开始，初始列数=128
    [CG] 列生成收敛，共 6 轮迭代
    [CG] [CG-NODE] depth=0 exit=CERTIFIED certified=1 feasible=1 iters=6 generatedColsBeforeNode=0 newCols=58 posCandidates=58 duplicateCandidates=0 updatedCols=0 zeroObjImproveIters=1 objFirst=141992254.292679 objLast=173140951.410956 objGain=31148697.118276 maxRC=59506763.289144 wallSec=0.011672 pricingSec=0.007522 cplexSolveSec=0.002334
    [CG] CG iter 1: obj=141364040.682979, maxRC=59095680.495083, +23 cols
      [BB] 根节点即为整数解，obj=173140951.410956
    [CG]   [DIAG] iter=1 posCols=23 newCols=23 effImprove=23 updated=0
    [CG] CG iter 3: obj=165257742.864995, maxRC=6345132.558498, +12 cols
    [CG]   [DIAG] iter=3 posCols=12 newCols=12 effImprove=12 updated=0
    [CG] 列生成开始，初始列数=128
    [CG] CG iter 4: obj=167840696.992084, maxRC=3826745.716848, +5 cols
    [CG]   [DIAG] iter=4 posCols=5 newCols=5 effImprove=5 updated=0
    [CG] CG iter 2: obj=159253065.707450, maxRC=10388780.286573, +17 cols
    [CG]   [DIAG] iter=2 posCols=17 newCols=17 effImprove=17 updated=0
    [CG] 列生成开始，初始列数=128
    [CG] 列生成收敛，共 5 轮迭代
    [CG] [CG-NODE] depth=0 exit=CERTIFIED certified=1 feasible=1 iters=5 generatedColsBeforeNode=0 newCols=57 posCandidates=57 duplicateCandidates=0 updatedCols=0 zeroObjImproveIters=0 objFirst=140952034.327969 objLast=172039711.830482 objGain=31087677.502512 maxRC=59496060.734348 wallSec=0.011961 pricingSec=0.007952 cplexSolveSec=0.002236
      [BB] 根节点即为整数解，obj=172039711.830482
    [CG] CG iter 1: obj=141343092.085226, maxRC=59346128.921320, +23 cols
    [CG]   [DIAG] iter=1 posCols=23 newCols=23 effImprove=23 updated=0
    [CG] CG iter 3: obj=164044109.783937, maxRC=5643479.963597, +12 cols
    [CG]   [DIAG] iter=3 posCols=12 newCols=12 effImprove=12 updated=0
    [CG] 列生成开始，初始列数=128
    [CG] CG iter 1: obj=141097123.513998, maxRC=59488291.937722, +23 cols
    [CG]   [DIAG] iter=1 posCols=23 newCols=23 effImprove=23 updated=0
    [CG] CG iter 2: obj=159584557.525344, maxRC=9412307.406518, +17 cols
    [CG]   [DIAG] iter=2 posCols=17 newCols=17 effImprove=17 updated=0
    [CG] CG iter 4: obj=169204878.044723, maxRC=3015480.882434, +10 cols
    [CG]   [DIAG] iter=4 posCols=10 newCols=10 effImprove=10 updated=0
    [CG] 列生成开始，初始列数=128
    [CG] CG iter 5: obj=170964933.127775, maxRC=1143253.841758, +5 cols
    [CG]   [DIAG] iter=5 posCols=5 newCols=5 effImprove=5 updated=0
    [CG] CG iter 2: obj=159329627.327305, maxRC=9578731.564139, +17 cols
    [CG]   [DIAG] iter=2 posCols=17 newCols=17 effImprove=17 updated=0
    [CG] CG iter 3: obj=165982504.951454, maxRC=7075719.288191, +15 cols
    [CG] CG iter 6: obj=172108186.969534, maxRC=145330.810609, +1 cols
    [CG]   [DIAG] iter=6 posCols=1 newCols=1 effImprove=1 updated=0
    [CG]   [DIAG] iter=3 posCols=15 newCols=15 effImprove=15 updated=0
    [CG] 列生成收敛，共 7 轮迭代
    [CG] [CG-NODE] depth=0 exit=CERTIFIED certified=1 feasible=1 iters=7 generatedColsBeforeNode=0 newCols=68 posCandidates=68 duplicateCandidates=0 updatedCols=0 zeroObjImproveIters=1 objFirst=141364040.682979 objLast=172108186.969534 objGain=30744146.286555 maxRC=59095680.495083 wallSec=0.015896 pricingSec=0.010639 cplexSolveSec=0.003057
      [BB] 根节点即为整数解，obj=172108186.969534
    [CG] CG iter 4: obj=170919794.332854, maxRC=2486226.803787, +7 cols
    [CG]   [DIAG] iter=4 posCols=7 newCols=7 effImprove=7 updated=0
    [CG] CG iter 3: obj=165526893.782731, maxRC=6923254.888336, +15 cols
    [CG]   [DIAG] iter=3 posCols=15 newCols=15 effImprove=15 updated=0
    [CG] CG iter 5: obj=172708783.204136, maxRC=35280.239936, +1 cols
    [CG]   [DIAG] iter=5 posCols=1 newCols=1 effImprove=1 updated=0
    [CG] CG iter 4: obj=170266453.994382, maxRC=3001371.397822, +7 cols
    [CG]   [DIAG] iter=4 posCols=7 newCols=7 effImprove=7 updated=0
    [CG] 列生成收敛，共 6 轮迭代
    [CG] [CG-NODE] depth=0 exit=CERTIFIED certified=1 feasible=1 iters=6 generatedColsBeforeNode=0 newCols=63 posCandidates=63 duplicateCandidates=0 updatedCols=0 zeroObjImproveIters=1 objFirst=141343092.085226 objLast=172708783.204136 objGain=31365691.118910 maxRC=59346128.921320 wallSec=0.018897 pricingSec=0.012732 cplexSolveSec=0.003421
      [BB] 根节点即为整数解，obj=172708783.204136
    [CG] 列生成收敛，共 5 轮迭代
    [CG] [CG-NODE] depth=0 exit=CERTIFIED certified=1 feasible=1 iters=5 generatedColsBeforeNode=0 newCols=62 posCandidates=62 duplicateCandidates=0 updatedCols=0 zeroObjImproveIters=0 objFirst=141097123.513998 objLast=172166945.389024 objGain=31069821.875026 maxRC=59488291.937722 wallSec=0.017992 pricingSec=0.012361 cplexSolveSec=0.002931
      [BB] 根节点即为整数解，obj=172166945.389024
    [CG] 列生成开始，初始列数=128
    [CG] CG iter 1: obj=141083956.239680, maxRC=59188348.437508, +23 cols
    [CG]   [DIAG] iter=1 posCols=23 newCols=23 effImprove=23 updated=0
    [CG] CG iter 2: obj=158978596.620070, maxRC=9329732.887976, +17 cols
    [CG] CG iter 1: obj=141004818.995968, maxRC=59505105.603497, +23 cols
    [CG]   [DIAG] iter=2 posCols=17 newCols=17 effImprove=17 updated=0
    [CG]   [DIAG] iter=1 posCols=23 newCols=23 effImprove=23 updated=0
    [CG] CG iter 1: obj=140805438.014830, maxRC=58977836.186561, +23 cols
    [CG] CG iter 3: obj=165346860.363226, maxRC=8868771.061756, +14 cols
    [CG]   [DIAG] iter=3 posCols=14 newCols=14 effImprove=14 updated=0
    [CG]   [DIAG] iter=1 posCols=23 newCols=23 effImprove=23 updated=0
    [CG] CG iter 4: obj=170235759.739170, maxRC=1948475.533009, +6 cols
    [CG]   [DIAG] iter=4 posCols=6 newCols=6 effImprove=6 updated=0
    [CG] CG iter 1: obj=141115950.292346, maxRC=59295542.481159, +23 cols
    [CG] CG iter 5: obj=171993906.846754, maxRC=199734.513380, +2 cols
    [CG]   [DIAG] iter=5 posCols=2 newCols=2 effImprove=2 updated=0
    [CG] CG iter 2: obj=159195952.358326, maxRC=10812376.452181, +17 cols
    [CG]   [DIAG] iter=1 posCols=23 newCols=23 effImprove=23 updated=0
    [CG]   [DIAG] iter=2 posCols=17 newCols=17 effImprove=17 updated=0
    [CG] CG iter 6: obj=171993906.846754, maxRC=78081.484473, +1 cols
    [CG]   [DIAG] iter=6 posCols=1 newCols=1 effImprove=1 updated=0
    [CG] 列生成收敛，共 7 轮迭代
    [CG] [CG-NODE] depth=0 exit=CERTIFIED certified=1 feasible=1 iters=7 generatedColsBeforeNode=0 newCols=63 posCandidates=63 duplicateCandidates=0 updatedCols=0 zeroObjImproveIters=2 objFirst=141083956.239680 objLast=171993906.846754 objGain=30909950.607074 maxRC=59188348.437508 wallSec=0.010217 pricingSec=0.006359 cplexSolveSec=0.002094
    [CG] CG iter 2: obj=158476131.303331, maxRC=10432011.957002, +17 cols
      [BB] 根节点即为整数解，obj=171993906.846754
    [CG]   [DIAG] iter=2 posCols=17 newCols=17 effImprove=17 updated=0
    [CG] CG iter 1: obj=141210107.818832, maxRC=59463701.613694, +23 cols
    [CG]   [DIAG] iter=1 posCols=23 newCols=23 effImprove=23 updated=0
    [CG] CG iter 2: obj=159187668.671973, maxRC=9424284.085316, +17 cols
    [CG] CG iter 3: obj=163900477.057764, maxRC=5733930.663711, +13 cols
    [CG]   [DIAG] iter=2 posCols=17 newCols=17 effImprove=17 updated=0
    [CG]   [DIAG] iter=3 posCols=13 newCols=13 effImprove=13 updated=0
    [CG] CG iter 3: obj=164486881.740352, maxRC=5795486.178986, +11 cols
    [CG] CG iter 1: obj=141251767.934526, maxRC=59101552.498573, +23 cols
    [CG] CG iter 4: obj=169205478.724281, maxRC=3368438.367301, +9 cols
    [CG]   [DIAG] iter=4 posCols=9 newCols=9 effImprove=9 updated=0
    [CG] CG iter 2: obj=159792634.100939, maxRC=9453974.037997, +17 cols
    [CG]   [DIAG] iter=3 posCols=11 newCols=11 effImprove=11 updated=0
    [CG]   [DIAG] iter=2 posCols=17 newCols=17 effImprove=17 updated=0
    [CG]   [DIAG] iter=1 posCols=23 newCols=23 effImprove=23 updated=0
    [CG] CG iter 3: obj=165392852.698993, maxRC=8761795.891154, +15 cols
    [CG]   [DIAG] iter=3 posCols=15 newCols=15 effImprove=15 updated=0
    [CG] CG iter 5: obj=169205478.724281, maxRC=1756001.991227, +6 cols
    [CG]   [DIAG] iter=5 posCols=6 newCols=6 effImprove=6 updated=0
    [CG] CG iter 4: obj=171456375.900860, maxRC=484978.300507, +2 cols
    [CG]   [DIAG] iter=4 posCols=2 newCols=2 effImprove=2 updated=0
    [CG] CG iter 2: obj=158949689.992805, maxRC=10496800.063177, +17 cols
    [CG] CG iter 4: obj=170085729.325802, maxRC=2056744.211873, +9 cols
    [CG]   [DIAG] iter=2 posCols=17 newCols=17 effImprove=17 updated=0
    [CG]   [DIAG] iter=4 posCols=9 newCols=9 effImprove=9 updated=0
    [CG] CG iter 3: obj=166194952.263233, maxRC=6812879.697981, +15 cols
    [CG] CG iter 6: obj=172104636.657126, maxRC=296360.727062, +2 cols
    [CG]   [DIAG] iter=3 posCols=15 newCols=15 effImprove=15 updated=0
    [CG]   [DIAG] iter=6 posCols=2 newCols=2 effImprove=2 updated=0
    [CG] 列生成收敛，共 5 轮迭代
    [CG] 列生成收敛，共 7 轮迭代
    [CG] [CG-NODE] depth=0 exit=CERTIFIED certified=1 feasible=1 iters=5 generatedColsBeforeNode=0 newCols=64 posCandidates=64 duplicateCandidates=0 updatedCols=0 zeroObjImproveIters=0 objFirst=141115950.292346 objLast=172013904.403007 objGain=30897954.110661 maxRC=59295542.481159 wallSec=0.017971 pricingSec=0.012404 cplexSolveSec=0.003006
    [CG] [CG-NODE] depth=0 exit=CERTIFIED certified=1 feasible=1 iters=7 generatedColsBeforeNode=0 newCols=70 posCandidates=70 duplicateCandidates=0 updatedCols=0 zeroObjImproveIters=2 objFirst=141004818.995968 objLast=172104636.657126 objGain=31099817.661158 maxRC=59505105.603497 wallSec=0.020444 pricingSec=0.013611 cplexSolveSec=0.003890
    [CG] 列生成收敛，共 5 轮迭代
    [CG] [CG-NODE] depth=0 exit=CERTIFIED certified=1 feasible=1 iters=5 generatedColsBeforeNode=0 newCols=53 posCandidates=53 duplicateCandidates=0 updatedCols=0 zeroObjImproveIters=1 objFirst=140805438.014830 objLast=171456375.900860 objGain=30650937.886030 maxRC=58977836.186561 wallSec=0.018627 pricingSec=0.012545 cplexSolveSec=0.003211
    [CG] CG iter 4: obj=170850295.748146, maxRC=2372586.987110, +7 cols
    [CG]   [DIAG] iter=4 posCols=7 newCols=7 effImprove=7 updated=0
      [BB] 根节点即为整数解，obj=172013904.403007
      [BB] 根节点即为整数解，obj=172104636.657126
    [CG] CG iter 3: obj=165019389.391877, maxRC=6289168.441486, +12 cols
    [CG]   [DIAG] iter=3 posCols=12 newCols=12 effImprove=12 updated=0
      [BB] 根节点即为整数解，obj=171456375.900860
    [CG] 列生成收敛，共 5 轮迭代
    [CG] [CG-NODE] depth=0 exit=CERTIFIED certified=1 feasible=1 iters=5 generatedColsBeforeNode=0 newCols=62 posCandidates=62 duplicateCandidates=0 updatedCols=0 zeroObjImproveIters=0 objFirst=141210107.818832 objLast=172662457.920294 objGain=31452350.101462 maxRC=59463701.613694 wallSec=0.017461 pricingSec=0.011994 cplexSolveSec=0.002865
      [BB] 根节点即为整数解，obj=172662457.920294
    [CG] CG iter 4: obj=167793383.535519, maxRC=4189439.576773, +7 cols
    [CG]   [DIAG] iter=4 posCols=7 newCols=7 effImprove=7 updated=0
    [CG] CG iter 5: obj=172022605.816321, maxRC=1399905.701711, +2 cols
    [CG]   [DIAG] iter=5 posCols=2 newCols=2 effImprove=2 updated=0
    [CG] 列生成收敛，共 6 轮迭代
    [CG] [CG-NODE] depth=0 exit=CERTIFIED certified=1 feasible=1 iters=6 generatedColsBeforeNode=0 newCols=61 posCandidates=61 duplicateCandidates=0 updatedCols=0 zeroObjImproveIters=1 objFirst=141251767.934526 objLast=172022605.816321 objGain=30770837.881795 maxRC=59101552.498573 wallSec=0.012782 pricingSec=0.008269 cplexSolveSec=0.002434
      [BB] 根节点即为整数解，obj=172022605.816321
[GA] 代数 0: Best=173345960.78, Avg=172352696.36, Worst=171485261.59, Valid=30/30, 耗时=0.08s
  ├─ 求解: 30 个体 fork 并行 | CG迭代=170 加列=1824 BB分支=0
  ├─ 并行墙钟=0.0750s | 串行等效(ΣBP)=0.5104s | 加速比=6.80x
  ├─ 管理开销=-0.4353s (fork=0.0050 wait=0.0695 merge=0.0005)
  └─ CG明细: gen_logs/run_gen0_ind{0..29}.log
    [CG] 列生成开始，初始列数=128
    [CG] 列生成开始，初始列数=128
    [CG] 列生成开始，初始列数=128
    [CG] 列生成开始，初始列数=128
    [CG] 列生成开始，初始列数=128
    [CG] 列生成开始，初始列数=128
    [CG] 列生成开始，初始列数=128
    [CG] 列生成开始，初始列数=128
    [CG] CG iter 1: obj=140729158.662601, maxRC=59402380.905926, +23 cols
    [CG]   [DIAG] iter=1 posCols=23 newCols=23 effImprove=23 updated=0
    [CG] CG iter 1: obj=141299903.012917, maxRC=59182975.897298, +23 cols
    [CG]   [DIAG] iter=1 posCols=23 newCols=23 effImprove=23 updated=0
    [CG] CG iter 2: obj=159279203.891858, maxRC=10641215.750098, +17 cols
    [CG]   [DIAG] iter=2 posCols=17 newCols=17 effImprove=17 updated=0
    [CG] CG iter 2: obj=159033752.825953, maxRC=9360664.999055, +17 cols
    [CG]   [DIAG] iter=2 posCols=17 newCols=17 effImprove=17 updated=0
    [CG] CG iter 3: obj=166848389.989334, maxRC=5076296.663858, +10 cols
    [CG]   [DIAG] iter=3 posCols=10 newCols=10 effImprove=10 updated=0
    [CG] CG iter 4: obj=171924686.653192, maxRC=1651027.348768, +6 cols
    [CG]   [DIAG] iter=4 posCols=6 newCols=6 effImprove=6 updated=0
    [CG] CG iter 3: obj=165405762.918588, maxRC=7053622.308474, +15 cols
    [CG]   [DIAG] iter=3 posCols=15 newCols=15 effImprove=15 updated=0
    [CG] CG iter 5: obj=171924686.653192, maxRC=116947.880518, +1 cols
    [CG]   [DIAG] iter=5 posCols=1 newCols=1 effImprove=1 updated=0
    [CG] CG iter 4: obj=170398035.017350, maxRC=3060242.531690, +7 cols
    [CG]   [DIAG] iter=4 posCols=7 newCols=7 effImprove=7 updated=0
    [CG] CG iter 1: obj=142000546.173203, maxRC=59506763.289144, +23 cols
    [CG] 列生成收敛，共 6 轮迭代
    [CG] [CG-NODE] depth=0 exit=CERTIFIED certified=1 feasible=1 iters=6 generatedColsBeforeNode=0 newCols=57 posCandidates=57 duplicateCandidates=0 updatedCols=0 zeroObjImproveIters=2 objFirst=140729158.662601 objLast=171924686.653192 objGain=31195527.990591 maxRC=59402380.905926 wallSec=0.010598 pricingSec=0.006960 cplexSolveSec=0.002034
      [BB] 根节点即为整数解，obj=171924686.653192
    [CG]   [DIAG] iter=1 posCols=23 newCols=23 effImprove=23 updated=0
    [CG] CG iter 5: obj=172155129.163851, maxRC=12230.858338, +1 cols
    [CG]   [DIAG] iter=5 posCols=1 newCols=1 effImprove=1 updated=0
    [CG] 列生成收敛，共 6 轮迭代
    [CG] [CG-NODE] depth=0 exit=CERTIFIED certified=1 feasible=1 iters=6 generatedColsBeforeNode=0 newCols=63 posCandidates=63 duplicateCandidates=0 updatedCols=0 zeroObjImproveIters=0 objFirst=141299903.012917 objLast=172167360.022188 objGain=30867457.009271 maxRC=59182975.897298 wallSec=0.011770 pricingSec=0.007698 cplexSolveSec=0.002217
      [BB] 根节点即为整数解，obj=172167360.022188
    [CG] CG iter 2: obj=160087121.732507, maxRC=10628105.718733, +17 cols
    [CG]   [DIAG] iter=2 posCols=17 newCols=17 effImprove=17 updated=0
    [CG] CG iter 1: obj=141318030.729845, maxRC=59508092.020645, +23 cols
    [CG]   [DIAG] iter=1 posCols=23 newCols=23 effImprove=23 updated=0
    [CG] CG iter 1: obj=141376365.806063, maxRC=59519458.306213, +23 cols
    [CG] 列生成开始，初始列数=128
    [CG]   [DIAG] iter=1 posCols=23 newCols=23 effImprove=23 updated=0
    [CG] CG iter 1: obj=141947396.381927, maxRC=59507742.307929, +23 cols
    [CG] CG iter 1: obj=141145151.328743, maxRC=59512067.504564, +23 cols
    [CG] 列生成开始，初始列数=128
    [CG] CG iter 1: obj=141334064.276661, maxRC=59509974.760990, +23 cols
    [CG]   [DIAG] iter=1 posCols=23 newCols=23 effImprove=23 updated=0
    [CG]   [DIAG] iter=1 posCols=23 newCols=23 effImprove=23 updated=0
    [CG] CG iter 3: obj=166198434.801719, maxRC=6317656.087673, +12 cols
    [CG]   [DIAG] iter=1 posCols=23 newCols=23 effImprove=23 updated=0
    [CG]   [DIAG] iter=3 posCols=12 newCols=12 effImprove=12 updated=0
    [CG] CG iter 2: obj=159777300.582657, maxRC=9475380.936676, +17 cols
    [CG] CG iter 2: obj=159616230.217219, maxRC=10638876.747456, +17 cols
    [CG]   [DIAG] iter=2 posCols=17 newCols=17 effImprove=17 updated=0
    [CG] CG iter 4: obj=168933927.035166, maxRC=4079008.094088, +5 cols
    [CG]   [DIAG] iter=2 posCols=17 newCols=17 effImprove=17 updated=0
    [CG]   [DIAG] iter=4 posCols=5 newCols=5 effImprove=5 updated=0
    [CG] CG iter 2: obj=160037211.146377, maxRC=10693711.020131, +17 cols
    [CG] CG iter 2: obj=159721203.855294, maxRC=9489388.256838, +17 cols
    [CG] CG iter 2: obj=159415458.398001, maxRC=10692046.907810, +17 cols
    [CG]   [DIAG] iter=2 posCols=17 newCols=17 effImprove=17 updated=0
    [CG]   [DIAG] iter=2 posCols=17 newCols=17 effImprove=17 updated=0
    [CG]   [DIAG] iter=2 posCols=17 newCols=17 effImprove=17 updated=0
    [CG] CG iter 5: obj=173151622.403084, maxRC=17063.393817, +1 cols
    [CG]   [DIAG] iter=5 posCols=1 newCols=1 effImprove=1 updated=0
    [CG] CG iter 3: obj=165491172.446255, maxRC=5766326.876922, +11 cols
    [CG]   [DIAG] iter=3 posCols=11 newCols=11 effImprove=11 updated=0
    [CG] 列生成收敛，共 6 轮迭代
    [CG] [CG-NODE] depth=0 exit=CERTIFIED certified=1 feasible=1 iters=6 generatedColsBeforeNode=0 newCols=58 posCandidates=58 duplicateCandidates=0 updatedCols=0 zeroObjImproveIters=1 objFirst=142000546.173203 objLast=173151622.403084 objGain=31151076.229882 maxRC=59506763.289144 wallSec=0.016312 pricingSec=0.011253 cplexSolveSec=0.002858
    [CG] CG iter 3: obj=166118370.871342, maxRC=6308769.199656, +12 cols
    [CG] CG iter 3: obj=166110050.511508, maxRC=7006005.733872, +15 cols
    [CG]   [DIAG] iter=3 posCols=12 newCols=12 effImprove=12 updated=0
    [CG] CG iter 3: obj=165325916.020460, maxRC=6289491.924138, +11 cols
      [BB] 根节点即为整数解，obj=173151622.403084
    [CG]   [DIAG] iter=3 posCols=15 newCols=15 effImprove=15 updated=0
    [CG]   [DIAG] iter=3 posCols=11 newCols=11 effImprove=11 updated=0
    [CG] CG iter 3: obj=166098387.117782, maxRC=6889626.071287, +15 cols
    [CG] CG iter 4: obj=172177628.481753, maxRC=1152911.201586, +2 cols
    [CG]   [DIAG] iter=3 posCols=15 newCols=15 effImprove=15 updated=0
    [CG]   [DIAG] iter=4 posCols=2 newCols=2 effImprove=2 updated=0
    [CG] CG iter 4: obj=168864537.965446, maxRC=4058619.987525, +5 cols
    [CG]   [DIAG] iter=4 posCols=5 newCols=5 effImprove=5 updated=0
    [CG] CG iter 5: obj=172410410.524763, maxRC=57294.124415, +1 cols
    [CG]   [DIAG] iter=5 posCols=1 newCols=1 effImprove=1 updated=0
    [CG] CG iter 4: obj=167977334.325345, maxRC=3908812.880923, +5 cols
    [CG]   [DIAG] iter=4 posCols=5 newCols=5 effImprove=5 updated=0
    [CG] CG iter 4: obj=170890975.787752, maxRC=2452968.623511, +7 cols
    [CG] CG iter 4: obj=170832624.935308, maxRC=2496925.826731, +7 cols
    [CG]   [DIAG] iter=4 posCols=7 newCols=7 effImprove=7 updated=0
    [CG]   [DIAG] iter=4 posCols=7 newCols=7 effImprove=7 updated=0
    [CG] 列生成收敛，共 6 轮迭代
    [CG] CG iter 1: obj=141398341.880158, maxRC=59509729.358002, +23 cols
    [CG] [CG-NODE] depth=0 exit=CERTIFIED certified=1 feasible=1 iters=6 generatedColsBeforeNode=0 newCols=54 posCandidates=54 duplicateCandidates=0 updatedCols=0 zeroObjImproveIters=1 objFirst=141376365.806063 objLast=172410410.524763 objGain=31034044.718700 maxRC=59519458.306213 wallSec=0.017456 pricingSec=0.012243 cplexSolveSec=0.002880
    [CG] CG iter 5: obj=173062170.988654, maxRC=17763.775959, +1 cols
    [CG]   [DIAG] iter=5 posCols=1 newCols=1 effImprove=1 updated=0
    [CG]   [DIAG] iter=1 posCols=23 newCols=23 effImprove=23 updated=0
      [BB] 根节点即为整数解，obj=172410410.524763
    [CG] 列生成收敛，共 5 轮迭代
    [CG] [CG-NODE] depth=0 exit=CERTIFIED certified=1 feasible=1 iters=5 generatedColsBeforeNode=0 newCols=56 posCandidates=56 duplicateCandidates=0 updatedCols=0 zeroObjImproveIters=0 objFirst=141145151.328743 objLast=172218000.557612 objGain=31072849.228868 maxRC=59512067.504564 wallSec=0.017872 pricingSec=0.012346 cplexSolveSec=0.002801
    [CG] 列生成收敛，共 5 轮迭代
    [CG] [CG-NODE] depth=0 exit=CERTIFIED certified=1 feasible=1 iters=5 generatedColsBeforeNode=0 newCols=62 posCandidates=62 duplicateCandidates=0 updatedCols=0 zeroObjImproveIters=0 objFirst=141334064.276661 objLast=172650742.139361 objGain=31316677.862700 maxRC=59509974.760990 wallSec=0.017653 pricingSec=0.012318 cplexSolveSec=0.002780
    [CG] 列生成收敛，共 5 轮迭代
      [BB] 根节点即为整数解，obj=172218000.557612
    [CG] [CG-NODE] depth=0 exit=CERTIFIED certified=1 feasible=1 iters=5 generatedColsBeforeNode=0 newCols=62 posCandidates=62 duplicateCandidates=0 updatedCols=0 zeroObjImproveIters=0 objFirst=141318030.729845 objLast=172781460.447251 objGain=31463429.717407 maxRC=59508092.020645 wallSec=0.018532 pricingSec=0.012894 cplexSolveSec=0.003038
    [CG] 列生成收敛，共 6 轮迭代
      [BB] 根节点即为整数解，obj=172650742.139361
    [CG] [CG-NODE] depth=0 exit=CERTIFIED certified=1 feasible=1 iters=6 generatedColsBeforeNode=0 newCols=58 posCandidates=58 duplicateCandidates=0 updatedCols=0 zeroObjImproveIters=1 objFirst=141947396.381927 objLast=173062170.988654 objGain=31114774.606727 maxRC=59507742.307929 wallSec=0.018154 pricingSec=0.012375 cplexSolveSec=0.003044
    [CG] CG iter 2: obj=159772726.977568, maxRC=9477236.927868, +17 cols
    [CG]   [DIAG] iter=2 posCols=17 newCols=17 effImprove=17 updated=0
      [BB] 根节点即为整数解，obj=172781460.447251
      [BB] 根节点即为整数解，obj=173062170.988654
    [CG] 列生成开始，初始列数=128
    [CG] CG iter 3: obj=166103209.426013, maxRC=7019057.009330, +15 cols
    [CG]   [DIAG] iter=3 posCols=15 newCols=15 effImprove=15 updated=0
    [CG] CG iter 4: obj=170897945.939556, maxRC=2495009.221450, +7 cols
    [CG]   [DIAG] iter=4 posCols=7 newCols=7 effImprove=7 updated=0
    [CG] 列生成收敛，共 5 轮迭代
    [CG] [CG-NODE] depth=0 exit=CERTIFIED certified=1 feasible=1 iters=5 generatedColsBeforeNode=0 newCols=62 posCandidates=62 duplicateCandidates=0 updatedCols=0 zeroObjImproveIters=0 objFirst=141398341.880158 objLast=172788423.166661 objGain=31390081.286504 maxRC=59509729.358002 wallSec=0.007774 pricingSec=0.004918 cplexSolveSec=0.001396
      [BB] 根节点即为整数解，obj=172788423.166661
    [CG] 列生成开始，初始列数=128
    [CG] 列生成开始，初始列数=128
    [CG] 列生成开始，初始列数=128
    [CG] 列生成开始，初始列数=128
    [CG] 列生成开始，初始列数=128
    [CG] 列生成开始，初始列数=128
    [CG] CG iter 1: obj=141081968.460236, maxRC=59500811.598559, +23 cols
    [CG]   [DIAG] iter=1 posCols=23 newCols=23 effImprove=23 updated=0
    [CG] CG iter 2: obj=159721285.991917, maxRC=9492518.113624, +17 cols
    [CG]   [DIAG] iter=2 posCols=17 newCols=17 effImprove=17 updated=0
    [CG] CG iter 1: obj=141841144.896598, maxRC=59516511.894965, +23 cols
    [CG]   [DIAG] iter=1 posCols=23 newCols=23 effImprove=23 updated=0
    [CG] CG iter 1: obj=142018880.879744, maxRC=59519752.128890, +23 cols
    [CG]   [DIAG] iter=1 posCols=23 newCols=23 effImprove=23 updated=0
    [CG] CG iter 1: obj=142106105.668064, maxRC=59286756.666299, +23 cols
    [CG] CG iter 3: obj=166097081.184169, maxRC=6886575.977066, +15 cols
    [CG]   [DIAG] iter=3 posCols=15 newCols=15 effImprove=15 updated=0
    [CG] CG iter 2: obj=159753838.600942, maxRC=9473412.268266, +17 cols
    [CG]   [DIAG] iter=1 posCols=23 newCols=23 effImprove=23 updated=0
    [CG]   [DIAG] iter=2 posCols=17 newCols=17 effImprove=17 updated=0
    [CG] CG iter 3: obj=166151903.111924, maxRC=7057403.684086, +15 cols
    [CG]   [DIAG] iter=3 posCols=15 newCols=15 effImprove=15 updated=0
    [CG] CG iter 4: obj=170830309.172149, maxRC=2497859.646262, +7 cols
    [CG]   [DIAG] iter=4 posCols=7 newCols=7 effImprove=7 updated=0
    [CG] CG iter 2: obj=160171810.046511, maxRC=10187424.808941, +17 cols
    [CG]   [DIAG] iter=2 posCols=17 newCols=17 effImprove=17 updated=0
    [CG] CG iter 2: obj=159798417.770597, maxRC=9985272.575727, +16 cols
    [CG]   [DIAG] iter=2 posCols=16 newCols=16 effImprove=16 updated=0
    [CG] 列生成收敛，共 5 轮迭代
    [CG] [CG-NODE] depth=0 exit=CERTIFIED certified=1 feasible=1 iters=5 generatedColsBeforeNode=0 newCols=62 posCandidates=62 duplicateCandidates=0 updatedCols=0 zeroObjImproveIters=0 objFirst=141081968.460236 objLast=172649360.195733 objGain=31567391.735497 maxRC=59500811.598559 wallSec=0.016923 pricingSec=0.012184 cplexSolveSec=0.002571
    [CG] CG iter 4: obj=171047404.661385, maxRC=2476216.795366, +7 cols
    [CG] CG iter 3: obj=167893142.904024, maxRC=3760419.971316, +12 cols
      [BB] 根节点即为整数解，obj=172649360.195733
    [CG]   [DIAG] iter=3 posCols=12 newCols=12 effImprove=12 updated=0
    [CG]   [DIAG] iter=4 posCols=7 newCols=7 effImprove=7 updated=0
    [CG] CG iter 3: obj=163720120.131270, maxRC=9353857.549491, +14 cols
    [CG]   [DIAG] iter=3 posCols=14 newCols=14 effImprove=14 updated=0
    [CG] CG iter 4: obj=171430799.812383, maxRC=1690034.495291, +8 cols
    [CG]   [DIAG] iter=4 posCols=8 newCols=8 effImprove=8 updated=0
    [CG] 列生成收敛，共 5 轮迭代
    [CG] [CG-NODE] depth=0 exit=CERTIFIED certified=1 feasible=1 iters=5 generatedColsBeforeNode=0 newCols=62 posCandidates=62 duplicateCandidates=0 updatedCols=0 zeroObjImproveIters=0 objFirst=141841144.896598 objLast=172865234.155979 objGain=31024089.259381 maxRC=59516511.894965 wallSec=0.008365 pricingSec=0.004931 cplexSolveSec=0.001753
    [CG] CG iter 4: obj=172958637.836074, maxRC=2671771.566589, +6 cols
    [CG]   [DIAG] iter=4 posCols=6 newCols=6 effImprove=6 updated=0
    [CG] CG iter 5: obj=173255175.140685, maxRC=1142178.357797, +4 cols
    [CG]   [DIAG] iter=5 posCols=4 newCols=4 effImprove=4 updated=0
      [BB] 根节点即为整数解，obj=172865234.155979
    [CG] CG iter 5: obj=172958637.836074, maxRC=30177.286026, +1 cols
    [CG] 列生成收敛，共 6 轮迭代
    [CG]   [DIAG] iter=5 posCols=1 newCols=1 effImprove=1 updated=0
    [CG] [CG-NODE] depth=0 exit=CERTIFIED certified=1 feasible=1 iters=6 generatedColsBeforeNode=0 newCols=64 posCandidates=64 duplicateCandidates=0 updatedCols=0 zeroObjImproveIters=1 objFirst=142018880.879744 objLast=173255175.140685 objGain=31236294.260942 maxRC=59519752.128890 wallSec=0.011619 pricingSec=0.007250 cplexSolveSec=0.002190
      [BB] 根节点即为整数解，obj=173255175.140685
    [CG] 列生成收敛，共 6 轮迭代
    [CG] [CG-NODE] depth=0 exit=CERTIFIED certified=1 feasible=1 iters=6 generatedColsBeforeNode=0 newCols=60 posCandidates=60 duplicateCandidates=0 updatedCols=0 zeroObjImproveIters=2 objFirst=142106105.668064 objLast=172958637.836074 objGain=30852532.168010 maxRC=59286756.666299 wallSec=0.013926 pricingSec=0.009239 cplexSolveSec=0.002586
    [CG] 列生成开始，初始列数=128
      [BB] 根节点即为整数解，obj=172958637.836074
    [CG] 列生成开始，初始列数=128
    [CG] CG iter 1: obj=140952986.159299, maxRC=59505741.446093, +23 cols
    [CG]   [DIAG] iter=1 posCols=23 newCols=23 effImprove=23 updated=0
    [CG] CG iter 1: obj=141120595.908947, maxRC=59070251.216745, +23 cols
    [CG] CG iter 1: obj=141620479.623240, maxRC=59439967.920739, +23 cols
    [CG] CG iter 1: obj=141175659.982704, maxRC=59222273.025374, +23 cols
    [CG]   [DIAG] iter=1 posCols=23 newCols=23 effImprove=23 updated=0
    [CG]   [DIAG] iter=1 posCols=23 newCols=23 effImprove=23 updated=0
    [CG]   [DIAG] iter=1 posCols=23 newCols=23 effImprove=23 updated=0
    [CG] 列生成开始，初始列数=128
    [CG] CG iter 2: obj=159385803.854973, maxRC=10810243.851264, +17 cols
    [CG]   [DIAG] iter=2 posCols=17 newCols=17 effImprove=17 updated=0
    [CG] CG iter 2: obj=159693672.732015, maxRC=9440750.253216, +17 cols
    [CG] 列生成开始，初始列数=128
    [CG]   [DIAG] iter=2 posCols=17 newCols=17 effImprove=17 updated=0
    [CG] CG iter 2: obj=158838761.543678, maxRC=10476802.953818, +17 cols
    [CG] CG iter 2: obj=159125818.948670, maxRC=10585990.291934, +17 cols
    [CG]   [DIAG] iter=2 posCols=17 newCols=17 effImprove=17 updated=0
    [CG]   [DIAG] iter=2 posCols=17 newCols=17 effImprove=17 updated=0
    [CG] CG iter 3: obj=165257352.656543, maxRC=6290753.917750, +11 cols
    [CG]   [DIAG] iter=3 posCols=11 newCols=11 effImprove=11 updated=0
    [CG] CG iter 3: obj=164843070.291086, maxRC=6270697.266848, +12 cols
    [CG] CG iter 3: obj=166050809.697068, maxRC=7068864.454760, +15 cols
    [CG]   [DIAG] iter=3 posCols=12 newCols=12 effImprove=12 updated=0
    [CG]   [DIAG] iter=3 posCols=15 newCols=15 effImprove=15 updated=0
    [CG] CG iter 3: obj=165109368.959385, maxRC=6308171.793902, +12 cols
    [CG]   [DIAG] iter=3 posCols=12 newCols=12 effImprove=12 updated=0
    [CG] CG iter 1: obj=141213326.201887, maxRC=59496774.214835, +23 cols
    [CG]   [DIAG] iter=1 posCols=23 newCols=23 effImprove=23 updated=0
    [CG] CG iter 4: obj=167907829.909938, maxRC=3876777.639732, +5 cols
    [CG]   [DIAG] iter=4 posCols=5 newCols=5 effImprove=5 updated=0
    [CG] CG iter 4: obj=167598593.260091, maxRC=4156718.150093, +7 cols
    [CG]   [DIAG] iter=4 posCols=7 newCols=7 effImprove=7 updated=0
    [CG] CG iter 4: obj=170909704.763885, maxRC=2542698.276217, +7 cols
    [CG]   [DIAG] iter=4 posCols=7 newCols=7 effImprove=7 updated=0
    [CG] CG iter 2: obj=159595061.481182, maxRC=9340555.493373, +17 cols
    [CG] CG iter 4: obj=167824682.414821, maxRC=4077643.170025, +6 cols
    [CG]   [DIAG] iter=2 posCols=17 newCols=17 effImprove=17 updated=0
    [CG]   [DIAG] iter=4 posCols=6 newCols=6 effImprove=6 updated=0
    [CG] 列生成收敛，共 5 轮迭代
    [CG] [CG-NODE] depth=0 exit=CERTIFIED certified=1 feasible=1 iters=5 generatedColsBeforeNode=0 newCols=56 posCandidates=56 duplicateCandidates=0 updatedCols=0 zeroObjImproveIters=0 objFirst=140952986.159299 objLast=172099925.697467 objGain=31146939.538168 maxRC=59505741.446093 wallSec=0.017711 pricingSec=0.012162 cplexSolveSec=0.002858
      [BB] 根节点即为整数解，obj=172099925.697467
    [CG] CG iter 5: obj=171849643.977222, maxRC=1336939.245257, +2 cols
    [CG] 列生成收敛，共 5 轮迭代
    [CG]   [DIAG] iter=5 posCols=2 newCols=2 effImprove=2 updated=0
    [CG] [CG-NODE] depth=0 exit=CERTIFIED certified=1 feasible=1 iters=5 generatedColsBeforeNode=0 newCols=62 posCandidates=62 duplicateCandidates=0 updatedCols=0 zeroObjImproveIters=0 objFirst=141620479.623240 objLast=172771383.521469 objGain=31150903.898228 maxRC=59439967.920739 wallSec=0.017804 pricingSec=0.012257 cplexSolveSec=0.002858
    [CG] CG iter 3: obj=165836145.137407, maxRC=7011547.010855, +15 cols
    [CG] 列生成收敛，共 5 轮迭代
    [CG]   [DIAG] iter=3 posCols=15 newCols=15 effImprove=15 updated=0
    [CG] [CG-NODE] depth=0 exit=CERTIFIED certified=1 feasible=1 iters=5 generatedColsBeforeNode=0 newCols=58 posCandidates=58 duplicateCandidates=0 updatedCols=0 zeroObjImproveIters=0 objFirst=141175659.982704 objLast=172040998.183650 objGain=30865338.200946 maxRC=59222273.025374 wallSec=0.017660 pricingSec=0.012215 cplexSolveSec=0.002870
      [BB] 根节点即为整数解，obj=172771383.521469
      [BB] 根节点即为整数解，obj=172040998.183650
    [CG] CG iter 4: obj=172240469.329666, maxRC=1445809.788843, +7 cols
    [CG]   [DIAG] iter=4 posCols=7 newCols=7 effImprove=7 updated=0
    [CG] 列生成收敛，共 6 轮迭代
    [CG] [CG-NODE] depth=0 exit=CERTIFIED certified=1 feasible=1 iters=6 generatedColsBeforeNode=0 newCols=61 posCandidates=61 duplicateCandidates=0 updatedCols=0 zeroObjImproveIters=1 objFirst=141120595.908947 objLast=171849643.977222 objGain=30729048.068275 maxRC=59070251.216745 wallSec=0.018262 pricingSec=0.012521 cplexSolveSec=0.003061
      [BB] 根节点即为整数解，obj=171849643.977222
    [CG] 列生成收敛，共 5 轮迭代
    [CG] [CG-NODE] depth=0 exit=CERTIFIED certified=1 feasible=1 iters=5 generatedColsBeforeNode=0 newCols=62 posCandidates=62 duplicateCandidates=0 updatedCols=0 zeroObjImproveIters=0 objFirst=141213326.201887 objLast=172528330.640033 objGain=31315004.438146 maxRC=59496774.214835 wallSec=0.006656 pricingSec=0.004244 cplexSolveSec=0.001255
      [BB] 根节点即为整数解，obj=172528330.640033
    [CG] 列生成开始，初始列数=128
    [CG] 列生成开始，初始列数=128
    [CG] 列生成开始，初始列数=128
    [CG] 列生成开始，初始列数=128
    [CG] CG iter 1: obj=141252639.417867, maxRC=59296866.602534, +23 cols
    [CG] 列生成开始，初始列数=128
    [CG]   [DIAG] iter=1 posCols=23 newCols=23 effImprove=23 updated=0
    [CG] CG iter 1: obj=141464044.721773, maxRC=59506502.489638, +23 cols
    [CG]   [DIAG] iter=1 posCols=23 newCols=23 effImprove=23 updated=0
    [CG] CG iter 2: obj=159280191.650508, maxRC=10513889.620223, +17 cols
    [CG]   [DIAG] iter=2 posCols=17 newCols=17 effImprove=17 updated=0
    [CG] CG iter 2: obj=159789034.989968, maxRC=10625793.579700, +17 cols
    [CG]   [DIAG] iter=2 posCols=17 newCols=17 effImprove=17 updated=0
    [CG] CG iter 1: obj=141179520.011570, maxRC=58976074.967111, +23 cols
    [CG] CG iter 3: obj=167109299.002143, maxRC=5097465.698977, +10 cols
    [CG]   [DIAG] iter=1 posCols=23 newCols=23 effImprove=23 updated=0
    [CG]   [DIAG] iter=3 posCols=10 newCols=10 effImprove=10 updated=0
    [CG] CG iter 2: obj=158957012.284147, maxRC=8886708.833928, +17 cols
    [CG] CG iter 4: obj=172206764.701120, maxRC=1513870.258660, +6 cols
    [CG]   [DIAG] iter=4 posCols=6 newCols=6 effImprove=6 updated=0
    [CG]   [DIAG] iter=2 posCols=17 newCols=17 effImprove=17 updated=0
    [CG] CG iter 3: obj=165729143.889290, maxRC=6286576.061824, +11 cols
    [CG] CG iter 5: obj=172206764.701120, maxRC=104346.011996, +1 cols
    [CG] CG iter 1: obj=141301608.349858, maxRC=59505708.358177, +23 cols
    [CG]   [DIAG] iter=5 posCols=1 newCols=1 effImprove=1 updated=0
    [CG]   [DIAG] iter=3 posCols=11 newCols=11 effImprove=11 updated=0
    [CG]   [DIAG] iter=1 posCols=23 newCols=23 effImprove=23 updated=0
    [CG] CG iter 3: obj=165332894.410532, maxRC=8922282.077718, +15 cols
    [CG]   [DIAG] iter=3 posCols=15 newCols=15 effImprove=15 updated=0
    [CG] 列生成收敛，共 6 轮迭代
    [CG] [CG-NODE] depth=0 exit=CERTIFIED certified=1 feasible=1 iters=6 generatedColsBeforeNode=0 newCols=57 posCandidates=57 duplicateCandidates=0 updatedCols=0 zeroObjImproveIters=2 objFirst=141252639.417867 objLast=172206764.701120 objGain=30954125.283253 maxRC=59296866.602534 wallSec=0.013387 pricingSec=0.009053 cplexSolveSec=0.002348
    [CG] CG iter 1: obj=141332202.984460, maxRC=59508092.020645, +23 cols
      [BB] 根节点即为整数解，obj=172206764.701120
    [CG]   [DIAG] iter=1 posCols=23 newCols=23 effImprove=23 updated=0
    [CG] CG iter 4: obj=169980812.918274, maxRC=3097924.368285, +7 cols
    [CG]   [DIAG] iter=4 posCols=7 newCols=7 effImprove=7 updated=0
    [CG] CG iter 4: obj=168367648.238410, maxRC=3925480.819001, +5 cols
    [CG]   [DIAG] iter=4 posCols=5 newCols=5 effImprove=5 updated=0
    [CG] CG iter 5: obj=171787914.241470, maxRC=269344.409032, +1 cols
    [CG]   [DIAG] iter=5 posCols=1 newCols=1 effImprove=1 updated=0
    [CG] CG iter 1: obj=142007744.517379, maxRC=59506763.289144, +23 cols
    [CG] CG iter 2: obj=159735595.101318, maxRC=10610804.398341, +17 cols
    [CG]   [DIAG] iter=2 posCols=17 newCols=17 effImprove=17 updated=0
    [CG]   [DIAG] iter=1 posCols=23 newCols=23 effImprove=23 updated=0
    [CG] 列生成收敛，共 6 轮迭代
    [CG] [CG-NODE] depth=0 exit=CERTIFIED certified=1 feasible=1 iters=6 generatedColsBeforeNode=0 newCols=63 posCandidates=63 duplicateCandidates=0 updatedCols=0 zeroObjImproveIters=1 objFirst=141179520.011570 objLast=171787914.241470 objGain=30608394.229900 maxRC=58976074.967111 wallSec=0.006959 pricingSec=0.004529 cplexSolveSec=0.001323
      [BB] 根节点即为整数解，obj=171787914.241470
    [CG] 列生成收敛，共 5 轮迭代
    [CG] CG iter 2: obj=159773607.689555, maxRC=9477539.556503, +17 cols
    [CG] [CG-NODE] depth=0 exit=CERTIFIED certified=1 feasible=1 iters=5 generatedColsBeforeNode=0 newCols=56 posCandidates=56 duplicateCandidates=0 updatedCols=0 zeroObjImproveIters=0 objFirst=141464044.721773 objLast=172632903.374242 objGain=31168858.652469 maxRC=59506502.489638 wallSec=0.016829 pricingSec=0.011967 cplexSolveSec=0.002673
    [CG]   [DIAG] iter=2 posCols=17 newCols=17 effImprove=17 updated=0
      [BB] 根节点即为整数解，obj=172632903.374242
    [CG] CG iter 3: obj=165605871.263818, maxRC=5672603.429838, +11 cols
    [CG]   [DIAG] iter=3 posCols=11 newCols=11 effImprove=11 updated=0
    [CG] CG iter 2: obj=160081093.478745, maxRC=10635926.062928, +17 cols
    [CG]   [DIAG] iter=2 posCols=17 newCols=17 effImprove=17 updated=0
    [CG] CG iter 3: obj=166104062.611478, maxRC=7019004.655931, +15 cols
    [CG]   [DIAG] iter=3 posCols=15 newCols=15 effImprove=15 updated=0
    [CG] CG iter 4: obj=172132754.241939, maxRC=1262412.174504, +2 cols
    [CG]   [DIAG] iter=4 posCols=2 newCols=2 effImprove=2 updated=0
    [CG] 列生成开始，初始列数=128
    [CG] 列生成开始，初始列数=128
    [CG] CG iter 4: obj=170898770.440935, maxRC=2495016.653844, +7 cols
    [CG]   [DIAG] iter=4 posCols=7 newCols=7 effImprove=7 updated=0
    [CG] CG iter 5: obj=172448058.939292, maxRC=473294.994813, +3 cols
    [CG]   [DIAG] iter=5 posCols=3 newCols=3 effImprove=3 updated=0
    [CG] CG iter 3: obj=166196673.130503, maxRC=6313230.392913, +12 cols
    [CG]   [DIAG] iter=3 posCols=12 newCols=12 effImprove=12 updated=0
    [CG] 列生成收敛，共 5 轮迭代
    [CG] [CG-NODE] depth=0 exit=CERTIFIED certified=1 feasible=1 iters=5 generatedColsBeforeNode=0 newCols=62 posCandidates=62 duplicateCandidates=0 updatedCols=0 zeroObjImproveIters=0 objFirst=141332202.984460 objLast=172789255.100434 objGain=31457052.115975 maxRC=59508092.020645 wallSec=0.010737 pricingSec=0.007209 cplexSolveSec=0.001927
    [CG] 列生成收敛，共 6 轮迭代
    [CG] [CG-NODE] depth=0 exit=CERTIFIED certified=1 feasible=1 iters=6 generatedColsBeforeNode=0 newCols=56 posCandidates=56 duplicateCandidates=0 updatedCols=0 zeroObjImproveIters=1 objFirst=141301608.349858 objLast=172448058.939292 objGain=31146450.589434 maxRC=59505708.358177 wallSec=0.016632 pricingSec=0.011411 cplexSolveSec=0.002911
      [BB] 根节点即为整数解，obj=172789255.100434
      [BB] 根节点即为整数解，obj=172448058.939292
    [CG] CG iter 4: obj=168941299.691648, maxRC=4083894.557821, +5 cols
    [CG]   [DIAG] iter=4 posCols=5 newCols=5 effImprove=5 updated=0
    [CG] CG iter 5: obj=173156615.947961, maxRC=1398.856812, +1 cols
    [CG]   [DIAG] iter=5 posCols=1 newCols=1 effImprove=1 updated=0
    [CG] 列生成收敛，共 6 轮迭代
    [CG] [CG-NODE] depth=0 exit=CERTIFIED certified=1 feasible=1 iters=6 generatedColsBeforeNode=0 newCols=58 posCandidates=58 duplicateCandidates=0 updatedCols=0 zeroObjImproveIters=1 objFirst=142007744.517379 objLast=173156615.947961 objGain=31148871.430582 maxRC=59506763.289144 wallSec=0.012073 pricingSec=0.007963 cplexSolveSec=0.002391
      [BB] 根节点即为整数解，obj=173156615.947961
    [CG] CG iter 1: obj=140835754.861916, maxRC=59496774.214835, +23 cols
    [CG]   [DIAG] iter=1 posCols=23 newCols=23 effImprove=23 updated=0
    [CG] CG iter 1: obj=141089618.007382, maxRC=59188348.437508, +23 cols
    [CG]   [DIAG] iter=1 posCols=23 newCols=23 effImprove=23 updated=0
    [CG] CG iter 2: obj=159550341.776218, maxRC=10649507.431265, +17 cols
    [CG]   [DIAG] iter=2 posCols=17 newCols=17 effImprove=17 updated=0
    [CG] CG iter 1: obj=141478917.691039, maxRC=59475741.097069, +23 cols
    [CG]   [DIAG] iter=1 posCols=23 newCols=23 effImprove=23 updated=0
    [CG] CG iter 2: obj=158978019.405032, maxRC=9329978.748676, +17 cols
    [CG] CG iter 2: obj=159601146.691077, maxRC=10598316.148575, +17 cols
    [CG]   [DIAG] iter=2 posCols=17 newCols=17 effImprove=17 updated=0
    [CG]   [DIAG] iter=2 posCols=17 newCols=17 effImprove=17 updated=0
    [CG] CG iter 3: obj=165374241.037209, maxRC=5788218.545619, +11 cols
    [CG]   [DIAG] iter=3 posCols=11 newCols=11 effImprove=11 updated=0
    [CG] CG iter 3: obj=165450615.793831, maxRC=5792721.031646, +11 cols
    [CG]   [DIAG] iter=3 posCols=11 newCols=11 effImprove=11 updated=0
    [CG] CG iter 4: obj=172150646.536714, maxRC=1190603.859074, +2 cols
    [CG]   [DIAG] iter=4 posCols=2 newCols=2 effImprove=2 updated=0
    [CG] CG iter 4: obj=172071534.137243, maxRC=1179002.426748, +2 cols
    [CG]   [DIAG] iter=4 posCols=2 newCols=2 effImprove=2 updated=0
    [CG] CG iter 3: obj=165346192.939447, maxRC=8868622.777794, +14 cols
    [CG] CG iter 5: obj=172433940.684552, maxRC=337739.696798, +1 cols
    [CG]   [DIAG] iter=5 posCols=1 newCols=1 effImprove=1 updated=0
    [CG]   [DIAG] iter=3 posCols=14 newCols=14 effImprove=14 updated=0
    [CG] 列生成收敛，共 6 轮迭代
    [CG] [CG-NODE] depth=0 exit=CERTIFIED certified=1 feasible=1 iters=6 generatedColsBeforeNode=0 newCols=54 posCandidates=54 duplicateCandidates=0 updatedCols=0 zeroObjImproveIters=1 objFirst=141478917.691039 objLast=172433940.684552 objGain=30955022.993513 maxRC=59475741.097069 wallSec=0.008646 pricingSec=0.005746 cplexSolveSec=0.001544
      [BB] 根节点即为整数解，obj=172433940.684552
    [CG] CG iter 4: obj=170241256.583712, maxRC=1951516.322214, +6 cols
    [CG]   [DIAG] iter=4 posCols=6 newCols=6 effImprove=6 updated=0
    [CG] 列生成收敛，共 5 轮迭代
    [CG] [CG-NODE] depth=0 exit=CERTIFIED certified=1 feasible=1 iters=5 generatedColsBeforeNode=0 newCols=53 posCandidates=53 duplicateCandidates=0 updatedCols=0 zeroObjImproveIters=0 objFirst=140835754.861916 objLast=172341462.009576 objGain=31505707.147660 maxRC=59496774.214835 wallSec=0.017734 pricingSec=0.012393 cplexSolveSec=0.002893
    [CG] CG iter 1: obj=141134281.719601, maxRC=59264020.816683, +23 cols
      [BB] 根节点即为整数解，obj=172341462.009576
    [CG]   [DIAG] iter=1 posCols=23 newCols=23 effImprove=23 updated=0
    [CG] CG iter 5: obj=171999403.691296, maxRC=199734.513380, +2 cols
    [CG]   [DIAG] iter=5 posCols=2 newCols=2 effImprove=2 updated=0
    [CG] CG iter 6: obj=171999403.691296, maxRC=80999.931418, +1 cols
    [CG]   [DIAG] iter=6 posCols=1 newCols=1 effImprove=1 updated=0
    [CG] 列生成收敛，共 7 轮迭代
    [CG] [CG-NODE] depth=0 exit=CERTIFIED certified=1 feasible=1 iters=7 generatedColsBeforeNode=0 newCols=63 posCandidates=63 duplicateCandidates=0 updatedCols=0 zeroObjImproveIters=2 objFirst=141089618.007382 objLast=171999403.691296 objGain=30909785.683915 maxRC=59188348.437508 wallSec=0.018870 pricingSec=0.012874 cplexSolveSec=0.003309
    [CG] CG iter 2: obj=159112290.989725, maxRC=9407586.166212, +17 cols
    [CG]   [DIAG] iter=2 posCols=17 newCols=17 effImprove=17 updated=0
      [BB] 根节点即为整数解，obj=171999403.691296
    [CG] CG iter 3: obj=165438753.055671, maxRC=8822724.880457, +15 cols
    [CG]   [DIAG] iter=3 posCols=15 newCols=15 effImprove=15 updated=0
    [CG] CG iter 4: obj=170279043.114966, maxRC=1974989.847048, +8 cols
    [CG]   [DIAG] iter=4 posCols=8 newCols=8 effImprove=8 updated=0
    [CG] 列生成收敛，共 5 轮迭代
    [CG] [CG-NODE] depth=0 exit=CERTIFIED certified=1 feasible=1 iters=5 generatedColsBeforeNode=0 newCols=63 posCandidates=63 duplicateCandidates=0 updatedCols=0 zeroObjImproveIters=0 objFirst=141134281.719601 objLast=172063716.208411 objGain=30929434.488810 maxRC=59264020.816683 wallSec=0.015409 pricingSec=0.010531 cplexSolveSec=0.002608
      [BB] 根节点即为整数解，obj=172063716.208411
[GA] 代数 1: Best=173345960.78, Avg=172537753.59, Worst=171816799.93, Valid=30/30, 耗时=0.07s (连续1代未提升)
  ├─ 求解: 30 个体 fork 并行 | CG迭代=155 加列=1664 BB分支=0
  ├─ 并行墙钟=0.0654s | 串行等效(ΣBP)=0.4103s | 加速比=6.28x
  ├─ 管理开销=-0.3449s (fork=0.0045 wait=0.0604 merge=0.0004)
  └─ CG明细: gen_logs/run_gen1_ind{0..29}.log
    [CG] 列生成开始，初始列数=128
    [CG] 列生成开始，初始列数=128
    [CG] 列生成开始，初始列数=128
    [CG] 列生成开始，初始列数=128
    [CG] 列生成开始，初始列数=128
    [CG] 列生成开始，初始列数=128
    [CG] 列生成开始，初始列数=128
    [CG] 列生成开始，初始列数=128
    [CG] CG iter 1: obj=141407763.238143, maxRC=59508092.020645, +23 cols
    [CG]   [DIAG] iter=1 posCols=23 newCols=23 effImprove=23 updated=0
    [CG] CG iter 2: obj=159850831.856469, maxRC=10237671.189741, +17 cols
    [CG]   [DIAG] iter=2 posCols=17 newCols=17 effImprove=17 updated=0
    [CG] CG iter 1: obj=141703680.035668, maxRC=59473236.118959, +23 cols
    [CG]   [DIAG] iter=1 posCols=23 newCols=23 effImprove=23 updated=0
    [CG] CG iter 3: obj=164921334.163466, maxRC=8737167.650871, +13 cols
    [CG]   [DIAG] iter=3 posCols=13 newCols=13 effImprove=13 updated=0
    [CG] CG iter 4: obj=169958471.045797, maxRC=2904894.427802, +8 cols
    [CG]   [DIAG] iter=4 posCols=8 newCols=8 effImprove=8 updated=0
    [CG] CG iter 2: obj=159701567.990723, maxRC=10598316.148575, +17 cols
    [CG] CG iter 5: obj=172863365.473599, maxRC=141097.493672, +2 cols
    [CG]   [DIAG] iter=5 posCols=2 newCols=2 effImprove=2 updated=0
    [CG]   [DIAG] iter=2 posCols=17 newCols=17 effImprove=17 updated=0
    [CG] 列生成收敛，共 6 轮迭代
    [CG] [CG-NODE] depth=0 exit=CERTIFIED certified=1 feasible=1 iters=6 generatedColsBeforeNode=0 newCols=63 posCandidates=63 duplicateCandidates=0 updatedCols=0 zeroObjImproveIters=1 objFirst=141407763.238143 objLast=172863365.473599 objGain=31455602.235456 maxRC=59508092.020645 wallSec=0.009065 pricingSec=0.006058 cplexSolveSec=0.001756
      [BB] 根节点即为整数解，obj=172863365.473599
    [CG] CG iter 1: obj=141839500.099498, maxRC=59452702.534669, +23 cols
    [CG]   [DIAG] iter=1 posCols=23 newCols=23 effImprove=23 updated=0
    [CG] CG iter 3: obj=165696723.074438, maxRC=6255578.064915, +12 cols
    [CG]   [DIAG] iter=3 posCols=12 newCols=12 effImprove=12 updated=0
    [CG] CG iter 4: obj=168387917.951711, maxRC=3988875.640855, +5 cols
    [CG]   [DIAG] iter=4 posCols=5 newCols=5 effImprove=5 updated=0
    [CG] CG iter 1: obj=142147420.053007, maxRC=59289261.644409, +23 cols
    [CG]   [DIAG] iter=1 posCols=23 newCols=23 effImprove=23 updated=0
    [CG] CG iter 2: obj=159699534.658051, maxRC=10579784.952628, +17 cols
    [CG]   [DIAG] iter=2 posCols=17 newCols=17 effImprove=17 updated=0
    [CG] 列生成收敛，共 5 轮迭代
    [CG] [CG-NODE] depth=0 exit=CERTIFIED certified=1 feasible=1 iters=5 generatedColsBeforeNode=0 newCols=57 posCandidates=57 duplicateCandidates=0 updatedCols=0 zeroObjImproveIters=0 objFirst=141703680.035668 objLast=172660087.740404 objGain=30956407.704736 maxRC=59473236.118959 wallSec=0.010963 pricingSec=0.007469 cplexSolveSec=0.001970
      [BB] 根节点即为整数解，obj=172660087.740404
    [CG] 列生成开始，初始列数=128
    [CG] CG iter 3: obj=165808753.737364, maxRC=6290761.148719, +12 cols
    [CG]   [DIAG] iter=3 posCols=12 newCols=12 effImprove=12 updated=0
    [CG] CG iter 2: obj=159798426.188222, maxRC=9985261.783268, +16 cols
    [CG]   [DIAG] iter=2 posCols=16 newCols=16 effImprove=16 updated=0
    [CG] CG iter 1: obj=141560326.717601, maxRC=59286756.666299, +23 cols
    [CG] CG iter 4: obj=168542647.807759, maxRC=4091991.952909, +5 cols
    [CG]   [DIAG] iter=1 posCols=23 newCols=23 effImprove=23 updated=0
    [CG]   [DIAG] iter=4 posCols=5 newCols=5 effImprove=5 updated=0
    [CG] CG iter 1: obj=142151446.695294, maxRC=59509132.097522, +23 cols
    [CG] CG iter 1: obj=141638717.784589, maxRC=59509319.086001, +23 cols
    [CG] 列生成开始，初始列数=128
    [CG]   [DIAG] iter=1 posCols=23 newCols=23 effImprove=23 updated=0
    [CG] 列生成收敛，共 5 轮迭代
    [CG] [CG-NODE] depth=0 exit=CERTIFIED certified=1 feasible=1 iters=5 generatedColsBeforeNode=0 newCols=57 posCandidates=57 duplicateCandidates=0 updatedCols=0 zeroObjImproveIters=0 objFirst=141839500.099498 objLast=172781726.635258 objGain=30942226.535760 maxRC=59452702.534669 wallSec=0.012837 pricingSec=0.008792 cplexSolveSec=0.002182
    [CG]   [DIAG] iter=1 posCols=23 newCols=23 effImprove=23 updated=0
    [CG] CG iter 1: obj=141688954.211048, maxRC=59507761.782303, +23 cols
      [BB] 根节点即为整数解，obj=172781726.635258
    [CG]   [DIAG] iter=1 posCols=23 newCols=23 effImprove=23 updated=0
    [CG] CG iter 3: obj=163720128.363897, maxRC=9353857.549491, +14 cols
    [CG]   [DIAG] iter=3 posCols=14 newCols=14 effImprove=14 updated=0
    [CG] CG iter 2: obj=159347646.380388, maxRC=10496925.835329, +17 cols
    [CG]   [DIAG] iter=2 posCols=17 newCols=17 effImprove=17 updated=0
    [CG] CG iter 2: obj=160199924.272677, maxRC=10630705.627961, +17 cols
    [CG] CG iter 2: obj=159745348.938965, maxRC=10637643.403966, +17 cols
    [CG]   [DIAG] iter=2 posCols=17 newCols=17 effImprove=17 updated=0
    [CG]   [DIAG] iter=2 posCols=17 newCols=17 effImprove=17 updated=0
    [CG] CG iter 2: obj=160117092.494492, maxRC=9475096.890954, +17 cols
    [CG]   [DIAG] iter=2 posCols=17 newCols=17 effImprove=17 updated=0
    [CG] CG iter 4: obj=172958646.253700, maxRC=2671771.566589, +6 cols
    [CG]   [DIAG] iter=4 posCols=6 newCols=6 effImprove=6 updated=0
    [CG] CG iter 3: obj=165382269.920932, maxRC=6269886.262708, +12 cols
    [CG]   [DIAG] iter=3 posCols=12 newCols=12 effImprove=12 updated=0
    [CG] CG iter 5: obj=172958646.253700, maxRC=30177.286026, +1 cols
    [CG]   [DIAG] iter=5 posCols=1 newCols=1 effImprove=1 updated=0
    [CG] CG iter 3: obj=166339009.560820, maxRC=6306268.220795, +12 cols
    [CG] CG iter 3: obj=165806665.193645, maxRC=6290008.242442, +12 cols
    [CG]   [DIAG] iter=3 posCols=12 newCols=12 effImprove=12 updated=0
    [CG]   [DIAG] iter=3 posCols=12 newCols=12 effImprove=12 updated=0
    [CG] CG iter 4: obj=168100293.285400, maxRC=4088171.802817, +5 cols
    [CG] CG iter 3: obj=166507214.699076, maxRC=7006052.727700, +15 cols
    [CG]   [DIAG] iter=4 posCols=5 newCols=5 effImprove=5 updated=0
    [CG] 列生成开始，初始列数=128
    [CG]   [DIAG] iter=3 posCols=15 newCols=15 effImprove=15 updated=0
    [CG] 列生成收敛，共 6 轮迭代
    [CG] [CG-NODE] depth=0 exit=CERTIFIED certified=1 feasible=1 iters=6 generatedColsBeforeNode=0 newCols=60 posCandidates=60 duplicateCandidates=0 updatedCols=0 zeroObjImproveIters=2 objFirst=142147420.053007 objLast=172958646.253700 objGain=30811226.200692 maxRC=59289261.644409 wallSec=0.015933 pricingSec=0.010780 cplexSolveSec=0.002951
      [BB] 根节点即为整数解，obj=172958646.253700
    [CG] 列生成收敛，共 5 轮迭代
    [CG] CG iter 4: obj=168528069.604319, maxRC=4034966.359585, +5 cols
    [CG] [CG-NODE] depth=0 exit=CERTIFIED certified=1 feasible=1 iters=5 generatedColsBeforeNode=0 newCols=57 posCandidates=57 duplicateCandidates=0 updatedCols=0 zeroObjImproveIters=0 objFirst=141560326.717601 objLast=172373943.535431 objGain=30813616.817829 maxRC=59286756.666299 wallSec=0.016521 pricingSec=0.011347 cplexSolveSec=0.002643
    [CG]   [DIAG] iter=4 posCols=5 newCols=5 effImprove=5 updated=0
    [CG] CG iter 1: obj=142018529.746546, maxRC=59507742.307929, +23 cols
    [CG]   [DIAG] iter=1 posCols=23 newCols=23 effImprove=23 updated=0
    [CG] CG iter 4: obj=169090494.431924, maxRC=4098402.708075, +5 cols
      [BB] 根节点即为整数解，obj=172373943.535431
    [CG] CG iter 4: obj=171355839.389990, maxRC=2363901.658982, +7 cols
    [CG]   [DIAG] iter=4 posCols=5 newCols=5 effImprove=5 updated=0
    [CG]   [DIAG] iter=4 posCols=7 newCols=7 effImprove=7 updated=0
    [CG] 列生成收敛，共 5 轮迭代
    [CG] [CG-NODE] depth=0 exit=CERTIFIED certified=1 feasible=1 iters=5 generatedColsBeforeNode=0 newCols=57 posCandidates=57 duplicateCandidates=0 updatedCols=0 zeroObjImproveIters=0 objFirst=141638717.784589 objLast=172762989.876158 objGain=31124272.091569 maxRC=59509319.086001 wallSec=0.016619 pricingSec=0.011310 cplexSolveSec=0.002798
    [CG] CG iter 2: obj=160093235.774007, maxRC=10620467.558108, +17 cols
    [CG]   [DIAG] iter=2 posCols=17 newCols=17 effImprove=17 updated=0
    [CG] 列生成收敛，共 5 轮迭代
    [CG] [CG-NODE] depth=0 exit=CERTIFIED certified=1 feasible=1 iters=5 generatedColsBeforeNode=0 newCols=57 posCandidates=57 duplicateCandidates=0 updatedCols=0 zeroObjImproveIters=0 objFirst=142151446.695294 objLast=173306740.524929 objGain=31155293.829635 maxRC=59509132.097522 wallSec=0.016964 pricingSec=0.011461 cplexSolveSec=0.002890
      [BB] 根节点即为整数解，obj=172762989.876158
    [CG] 列生成收敛，共 5 轮迭代
    [CG] [CG-NODE] depth=0 exit=CERTIFIED certified=1 feasible=1 iters=5 generatedColsBeforeNode=0 newCols=62 posCandidates=62 duplicateCandidates=0 updatedCols=0 zeroObjImproveIters=0 objFirst=141688954.211048 objLast=173178643.047342 objGain=31489688.836294 maxRC=59507761.782303 wallSec=0.016752 pricingSec=0.011463 cplexSolveSec=0.002707
      [BB] 根节点即为整数解，obj=173306740.524929
      [BB] 根节点即为整数解，obj=173178643.047342
    [CG] CG iter 3: obj=166216434.424781, maxRC=6315132.237329, +12 cols
    [CG]   [DIAG] iter=3 posCols=12 newCols=12 effImprove=12 updated=0
    [CG] CG iter 4: obj=168959055.299286, maxRC=4089054.517411, +5 cols
    [CG]   [DIAG] iter=4 posCols=5 newCols=5 effImprove=5 updated=0
    [CG] 列生成开始，初始列数=128
    [CG] CG iter 5: obj=173179038.801990, maxRC=332.504425, +1 cols
    [CG]   [DIAG] iter=5 posCols=1 newCols=1 effImprove=1 updated=0
    [CG] 列生成开始，初始列数=128
    [CG] 列生成收敛，共 6 轮迭代
    [CG] [CG-NODE] depth=0 exit=CERTIFIED certified=1 feasible=1 iters=6 generatedColsBeforeNode=0 newCols=58 posCandidates=58 duplicateCandidates=0 updatedCols=0 zeroObjImproveIters=1 objFirst=142018529.746546 objLast=173179038.801990 objGain=31160509.055444 maxRC=59507742.307929 wallSec=0.006728 pricingSec=0.004270 cplexSolveSec=0.001341
      [BB] 根节点即为整数解，obj=173179038.801990
    [CG] 列生成开始，初始列数=128
    [CG] 列生成开始，初始列数=128
    [CG] 列生成开始，初始列数=128
    [CG] 列生成开始，初始列数=128
    [CG] CG iter 1: obj=141992447.408454, maxRC=59519752.128890, +23 cols
    [CG]   [DIAG] iter=1 posCols=23 newCols=23 effImprove=23 updated=0
    [CG] CG iter 2: obj=160122423.088215, maxRC=10202958.034413, +17 cols
    [CG]   [DIAG] iter=2 posCols=17 newCols=17 effImprove=17 updated=0
    [CG] CG iter 1: obj=142106220.176127, maxRC=59286756.666299, +23 cols
    [CG]   [DIAG] iter=1 posCols=23 newCols=23 effImprove=23 updated=0
    [CG] CG iter 1: obj=141547835.338776, maxRC=59508092.020645, +23 cols
    [CG] CG iter 3: obj=166208663.102671, maxRC=5800844.311860, +11 cols
    [CG]   [DIAG] iter=1 posCols=23 newCols=23 effImprove=23 updated=0
    [CG] CG iter 2: obj=159798417.770597, maxRC=9985272.575727, +16 cols
    [CG]   [DIAG] iter=3 posCols=11 newCols=11 effImprove=11 updated=0
    [CG]   [DIAG] iter=2 posCols=16 newCols=16 effImprove=16 updated=0
    [CG] CG iter 4: obj=173007521.861715, maxRC=1428558.361191, +2 cols
    [CG]   [DIAG] iter=4 posCols=2 newCols=2 effImprove=2 updated=0
    [CG] CG iter 2: obj=160007255.377726, maxRC=10237502.325655, +17 cols
    [CG] CG iter 3: obj=163720244.845097, maxRC=9353857.549491, +14 cols
    [CG]   [DIAG] iter=2 posCols=17 newCols=17 effImprove=17 updated=0
    [CG]   [DIAG] iter=3 posCols=14 newCols=14 effImprove=14 updated=0
    [CG] CG iter 5: obj=173149946.745116, maxRC=466777.667914, +2 cols
    [CG]   [DIAG] iter=5 posCols=2 newCols=2 effImprove=2 updated=0
    [CG] CG iter 1: obj=141283864.777564, maxRC=59496774.214835, +23 cols
    [CG] CG iter 4: obj=172958752.344137, maxRC=2671771.566589, +6 cols
    [CG]   [DIAG] iter=4 posCols=6 newCols=6 effImprove=6 updated=0
    [CG] CG iter 3: obj=165064630.395904, maxRC=8738504.392201, +13 cols
    [CG]   [DIAG] iter=1 posCols=23 newCols=23 effImprove=23 updated=0
    [CG]   [DIAG] iter=3 posCols=13 newCols=13 effImprove=13 updated=0
    [CG] CG iter 5: obj=172958752.344137, maxRC=30062.777963, +1 cols
    [CG] 列生成收敛，共 6 轮迭代
    [CG]   [DIAG] iter=5 posCols=1 newCols=1 effImprove=1 updated=0
    [CG] [CG-NODE] depth=0 exit=CERTIFIED certified=1 feasible=1 iters=6 generatedColsBeforeNode=0 newCols=55 posCandidates=55 duplicateCandidates=0 updatedCols=0 zeroObjImproveIters=1 objFirst=141992447.408454 objLast=173149946.745116 objGain=31157499.336661 maxRC=59519752.128890 wallSec=0.016035 pricingSec=0.011213 cplexSolveSec=0.002838
      [BB] 根节点即为整数解，obj=173149946.745116
    [CG] CG iter 4: obj=170101066.641041, maxRC=2910045.600076, +8 cols
    [CG]   [DIAG] iter=4 posCols=8 newCols=8 effImprove=8 updated=0
    [CG] 列生成收敛，共 6 轮迭代
    [CG] [CG-NODE] depth=0 exit=CERTIFIED certified=1 feasible=1 iters=6 generatedColsBeforeNode=0 newCols=60 posCandidates=60 duplicateCandidates=0 updatedCols=0 zeroObjImproveIters=2 objFirst=142106220.176127 objLast=172958752.344137 objGain=30852532.168010 maxRC=59286756.666299 wallSec=0.009055 pricingSec=0.005993 cplexSolveSec=0.001729
      [BB] 根节点即为整数解，obj=172958752.344137
    [CG] CG iter 5: obj=173011112.241117, maxRC=141355.287633, +2 cols
    [CG]   [DIAG] iter=5 posCols=2 newCols=2 effImprove=2 updated=0
    [CG] 列生成收敛，共 6 轮迭代
    [CG] [CG-NODE] depth=0 exit=CERTIFIED certified=1 feasible=1 iters=6 generatedColsBeforeNode=0 newCols=63 posCandidates=63 duplicateCandidates=0 updatedCols=0 zeroObjImproveIters=1 objFirst=141547835.338776 objLast=173011112.241117 objGain=31463276.902341 maxRC=59508092.020645 wallSec=0.009718 pricingSec=0.006376 cplexSolveSec=0.001884
    [CG] CG iter 1: obj=141084726.574501, maxRC=59508092.020645, +23 cols
    [CG] CG iter 2: obj=159655025.263924, maxRC=9280591.710631, +17 cols
      [BB] 根节点即为整数解，obj=173011112.241117
    [CG]   [DIAG] iter=2 posCols=17 newCols=17 effImprove=17 updated=0
    [CG]   [DIAG] iter=1 posCols=23 newCols=23 effImprove=23 updated=0
    [CG] 列生成开始，初始列数=128
    [CG] CG iter 2: obj=159554015.465297, maxRC=9475380.936676, +17 cols
    [CG]   [DIAG] iter=2 posCols=17 newCols=17 effImprove=17 updated=0
    [CG] CG iter 3: obj=172588294.422775, maxRC=1445809.788843, +3 cols
    [CG]   [DIAG] iter=3 posCols=3 newCols=3 effImprove=3 updated=0
    [CG] 列生成开始，初始列数=128
    [CG] 列生成开始，初始列数=128
    [CG] CG iter 3: obj=165886765.394147, maxRC=7006005.733872, +15 cols
    [CG] CG iter 4: obj=172588294.422775, maxRC=182042.663128, +4 cols
    [CG]   [DIAG] iter=4 posCols=4 newCols=4 effImprove=4 updated=0
    [CG]   [DIAG] iter=3 posCols=15 newCols=15 effImprove=15 updated=0
    [CG] CG iter 4: obj=170667690.670391, maxRC=2452968.623511, +7 cols
    [CG]   [DIAG] iter=4 posCols=7 newCols=7 effImprove=7 updated=0
    [CG] 列生成收敛，共 5 轮迭代
    [CG] [CG-NODE] depth=0 exit=CERTIFIED certified=1 feasible=1 iters=5 generatedColsBeforeNode=0 newCols=47 posCandidates=47 duplicateCandidates=0 updatedCols=0 zeroObjImproveIters=2 objFirst=141283864.777564 objLast=172588294.422775 objGain=31304429.645211 maxRC=59496774.214835 wallSec=0.016948 pricingSec=0.011450 cplexSolveSec=0.003106
    [CG] 列生成收敛，共 5 轮迭代
    [CG] [CG-NODE] depth=0 exit=CERTIFIED certified=1 feasible=1 iters=5 generatedColsBeforeNode=0 newCols=62 posCandidates=62 duplicateCandidates=0 updatedCols=0 zeroObjImproveIters=0 objFirst=141084726.574501 objLast=172558175.329891 objGain=31473448.755389 maxRC=59508092.020645 wallSec=0.011409 pricingSec=0.007573 cplexSolveSec=0.002011
      [BB] 根节点即为整数解，obj=172588294.422775
      [BB] 根节点即为整数解，obj=172558175.329891
    [CG] CG iter 1: obj=141853186.433743, maxRC=59508321.109784, +23 cols
    [CG]   [DIAG] iter=1 posCols=23 newCols=23 effImprove=23 updated=0
    [CG] CG iter 1: obj=142148897.466170, maxRC=59519802.031488, +23 cols
    [CG] CG iter 1: obj=142335083.386145, maxRC=59519752.128890, +23 cols
    [CG]   [DIAG] iter=1 posCols=23 newCols=23 effImprove=23 updated=0
    [CG]   [DIAG] iter=1 posCols=23 newCols=23 effImprove=23 updated=0
    [CG] CG iter 2: obj=160108538.261148, maxRC=10228154.150288, +17 cols
    [CG]   [DIAG] iter=2 posCols=17 newCols=17 effImprove=17 updated=0
    [CG] CG iter 2: obj=160205537.071913, maxRC=10623485.371715, +17 cols
    [CG] CG iter 1: obj=142326177.034079, maxRC=59519752.128890, +23 cols
    [CG] CG iter 2: obj=160101561.410384, maxRC=10623510.309735, +17 cols
    [CG] CG iter 1: obj=141334498.522028, maxRC=59508121.380828, +23 cols
    [CG]   [DIAG] iter=2 posCols=17 newCols=17 effImprove=17 updated=0
    [CG]   [DIAG] iter=1 posCols=23 newCols=23 effImprove=23 updated=0
    [CG]   [DIAG] iter=2 posCols=17 newCols=17 effImprove=17 updated=0
    [CG]   [DIAG] iter=1 posCols=23 newCols=23 effImprove=23 updated=0
    [CG] 列生成开始，初始列数=128
    [CG] CG iter 2: obj=160199403.805444, maxRC=10631365.072833, +17 cols
    [CG]   [DIAG] iter=2 posCols=17 newCols=17 effImprove=17 updated=0
    [CG] CG iter 3: obj=166191426.893652, maxRC=5800063.475279, +11 cols
    [CG] CG iter 2: obj=159774409.429060, maxRC=9476873.774699, +17 cols
    [CG]   [DIAG] iter=3 posCols=11 newCols=11 effImprove=11 updated=0
    [CG]   [DIAG] iter=2 posCols=17 newCols=17 effImprove=17 updated=0
    [CG] 列生成开始，初始列数=128
    [CG] CG iter 3: obj=166348016.875673, maxRC=6307288.626699, +12 cols
    [CG]   [DIAG] iter=3 posCols=12 newCols=12 effImprove=12 updated=0
    [CG] CG iter 3: obj=166224134.047407, maxRC=6314927.923745, +12 cols
    [CG]   [DIAG] iter=3 posCols=12 newCols=12 effImprove=12 updated=0
    [CG] CG iter 3: obj=166338053.604892, maxRC=6306213.014636, +12 cols
    [CG]   [DIAG] iter=3 posCols=12 newCols=12 effImprove=12 updated=0
    [CG] CG iter 4: obj=172991030.701306, maxRC=1428558.361191, +2 cols
    [CG]   [DIAG] iter=4 posCols=2 newCols=2 effImprove=2 updated=0
    [CG] CG iter 3: obj=166105481.781671, maxRC=7019355.418531, +15 cols
    [CG]   [DIAG] iter=3 posCols=15 newCols=15 effImprove=15 updated=0
    [CG] CG iter 4: obj=169089513.497669, maxRC=4098107.126130, +5 cols
    [CG]   [DIAG] iter=4 posCols=5 newCols=5 effImprove=5 updated=0
    [CG] CG iter 4: obj=169098438.424048, maxRC=4100569.741606, +5 cols
    [CG]   [DIAG] iter=4 posCols=5 newCols=5 effImprove=5 updated=0
    [CG] CG iter 5: obj=173131929.699515, maxRC=469742.701706, +2 cols
    [CG]   [DIAG] iter=5 posCols=2 newCols=2 effImprove=2 updated=0
    [CG] CG iter 4: obj=170900299.299653, maxRC=2493988.957265, +7 cols
    [CG] CG iter 4: obj=168966546.757003, maxRC=4087053.744259, +5 cols
    [CG]   [DIAG] iter=4 posCols=7 newCols=7 effImprove=7 updated=0
    [CG]   [DIAG] iter=4 posCols=5 newCols=5 effImprove=5 updated=0
    [CG] 列生成收敛，共 5 轮迭代
    [CG] [CG-NODE] depth=0 exit=CERTIFIED certified=1 feasible=1 iters=5 generatedColsBeforeNode=0 newCols=57 posCandidates=57 duplicateCandidates=0 updatedCols=0 zeroObjImproveIters=0 objFirst=142326177.034079 objLast=173305559.539347 objGain=30979382.505268 maxRC=59519752.128890 wallSec=0.007801 pricingSec=0.004977 cplexSolveSec=0.001416
      [BB] 根节点即为整数解，obj=173305559.539347
    [CG] 列生成收敛，共 5 轮迭代
    [CG] [CG-NODE] depth=0 exit=CERTIFIED certified=1 feasible=1 iters=5 generatedColsBeforeNode=0 newCols=62 posCandidates=62 duplicateCandidates=0 updatedCols=0 zeroObjImproveIters=0 objFirst=141334498.522028 objLast=172790807.674440 objGain=31456309.152412 maxRC=59508121.380828 wallSec=0.006916 pricingSec=0.004580 cplexSolveSec=0.001264
    [CG] 列生成收敛，共 5 轮迭代
    [CG] [CG-NODE] depth=0 exit=CERTIFIED certified=1 feasible=1 iters=5 generatedColsBeforeNode=0 newCols=57 posCandidates=57 duplicateCandidates=0 updatedCols=0 zeroObjImproveIters=0 objFirst=142335083.386145 objLast=173316834.511918 objGain=30981751.125773 maxRC=59519752.128890 wallSec=0.016655 pricingSec=0.011550 cplexSolveSec=0.002662
      [BB] 根节点即为整数解，obj=172790807.674440
    [CG] 列生成收敛，共 6 轮迭代
    [CG] [CG-NODE] depth=0 exit=CERTIFIED certified=1 feasible=1 iters=6 generatedColsBeforeNode=0 newCols=55 posCandidates=55 duplicateCandidates=0 updatedCols=0 zeroObjImproveIters=1 objFirst=141853186.433743 objLast=173131929.699515 objGain=31278743.265772 maxRC=59508321.109784 wallSec=0.017238 pricingSec=0.011813 cplexSolveSec=0.002816
    [CG] 列生成收敛，共 5 轮迭代
    [CG] [CG-NODE] depth=0 exit=CERTIFIED certified=1 feasible=1 iters=5 generatedColsBeforeNode=0 newCols=57 posCandidates=57 duplicateCandidates=0 updatedCols=0 zeroObjImproveIters=0 objFirst=142148897.466170 objLast=173186311.345566 objGain=31037413.879395 maxRC=59519802.031488 wallSec=0.017056 pricingSec=0.011788 cplexSolveSec=0.002766
      [BB] 根节点即为整数解，obj=173316834.511918
      [BB] 根节点即为整数解，obj=173131929.699515
      [BB] 根节点即为整数解，obj=173186311.345566
    [CG] CG iter 1: obj=142018862.607491, maxRC=59519752.131033, +23 cols
    [CG]   [DIAG] iter=1 posCols=23 newCols=23 effImprove=23 updated=0
    [CG] CG iter 2: obj=160171786.802641, maxRC=10187403.393944, +17 cols
    [CG]   [DIAG] iter=2 posCols=17 newCols=17 effImprove=17 updated=0
    [CG] CG iter 3: obj=167893126.251717, maxRC=3760419.971316, +12 cols
    [CG]   [DIAG] iter=3 posCols=12 newCols=12 effImprove=12 updated=0
    [CG] CG iter 4: obj=171430783.160077, maxRC=1690034.495291, +8 cols
    [CG]   [DIAG] iter=4 posCols=8 newCols=8 effImprove=8 updated=0
    [CG] CG iter 1: obj=141347926.570553, maxRC=59508092.020645, +23 cols
    [CG]   [DIAG] iter=1 posCols=23 newCols=23 effImprove=23 updated=0
    [CG] CG iter 5: obj=173255158.488379, maxRC=1142178.357797, +4 cols
    [CG]   [DIAG] iter=5 posCols=4 newCols=4 effImprove=4 updated=0
    [CG] 列生成收敛，共 6 轮迭代
    [CG] [CG-NODE] depth=0 exit=CERTIFIED certified=1 feasible=1 iters=6 generatedColsBeforeNode=0 newCols=64 posCandidates=64 duplicateCandidates=0 updatedCols=0 zeroObjImproveIters=1 objFirst=142018862.607491 objLast=173255158.488379 objGain=31236295.880888 maxRC=59519752.131033 wallSec=0.008083 pricingSec=0.005277 cplexSolveSec=0.001536
      [BB] 根节点即为整数解，obj=173255158.488379
    [CG] CG iter 2: obj=159779981.542268, maxRC=9473933.107784, +17 cols
    [CG]   [DIAG] iter=2 posCols=17 newCols=17 effImprove=17 updated=0
    [CG] CG iter 1: obj=141938661.418884, maxRC=59507689.461632, +23 cols
    [CG]   [DIAG] iter=1 posCols=23 newCols=23 effImprove=23 updated=0
    [CG] CG iter 3: obj=166114289.199588, maxRC=7028146.350710, +15 cols
    [CG]   [DIAG] iter=3 posCols=15 newCols=15 effImprove=15 updated=0
    [CG] CG iter 4: obj=170916844.073220, maxRC=2507191.102132, +7 cols
    [CG]   [DIAG] iter=4 posCols=7 newCols=7 effImprove=7 updated=0
    [CG] CG iter 2: obj=160037211.146377, maxRC=10693711.020131, +17 cols
    [CG]   [DIAG] iter=2 posCols=17 newCols=17 effImprove=17 updated=0
    [CG] 列生成收敛，共 5 轮迭代
    [CG] [CG-NODE] depth=0 exit=CERTIFIED certified=1 feasible=1 iters=5 generatedColsBeforeNode=0 newCols=62 posCandidates=62 duplicateCandidates=0 updatedCols=0 zeroObjImproveIters=0 objFirst=141347926.570553 objLast=172807328.732720 objGain=31459402.162167 maxRC=59508092.020645 wallSec=0.015088 pricingSec=0.010944 cplexSolveSec=0.002141
      [BB] 根节点即为整数解，obj=172807328.732720
    [CG] CG iter 3: obj=166114441.637950, maxRC=6310459.630369, +12 cols
    [CG]   [DIAG] iter=3 posCols=12 newCols=12 effImprove=12 updated=0
    [CG] CG iter 4: obj=168856679.498661, maxRC=4054961.066304, +5 cols
    [CG]   [DIAG] iter=4 posCols=5 newCols=5 effImprove=5 updated=0
    [CG] CG iter 5: obj=173054312.521869, maxRC=25622.242744, +1 cols
    [CG]   [DIAG] iter=5 posCols=1 newCols=1 effImprove=1 updated=0
    [CG] 列生成收敛，共 6 轮迭代
    [CG] [CG-NODE] depth=0 exit=CERTIFIED certified=1 feasible=1 iters=6 generatedColsBeforeNode=0 newCols=58 posCandidates=58 duplicateCandidates=0 updatedCols=0 zeroObjImproveIters=1 objFirst=141938661.418884 objLast=173054312.521869 objGain=31115651.102985 maxRC=59507689.461632 wallSec=0.014227 pricingSec=0.009402 cplexSolveSec=0.002814
      [BB] 根节点即为整数解，obj=173054312.521869
[GA] 代数 2: Best=173345960.78, Avg=172997201.89, Worst=172402829.22, Valid=30/30, 耗时=0.05s (连续2代未提升)
  ├─ 求解: 30 个体 fork 并行 | CG迭代=119 加列=1287 BB分支=0
  ├─ 并行墙钟=0.0490s | 串行等效(ΣBP)=0.2939s | 加速比=5.99x
  ├─ 管理开销=-0.2448s (fork=0.0029 wait=0.0458 merge=0.0003)
  └─ CG明细: gen_logs/run_gen2_ind{0..29}.log
    [CG] 列生成开始，初始列数=128
    [CG] 列生成开始，初始列数=128
    [CG] 列生成开始，初始列数=128
    [CG] 列生成开始，初始列数=128
    [CG] 列生成开始，初始列数=128
    [CG] 列生成开始，初始列数=128
    [CG] 列生成开始，初始列数=128
    [CG] 列生成开始，初始列数=128
    [CG] CG iter 1: obj=141742998.317381, maxRC=59507742.307929, +23 cols
    [CG]   [DIAG] iter=1 posCols=23 newCols=23 effImprove=23 updated=0
    [CG] CG iter 1: obj=141917645.820078, maxRC=59509916.304237, +23 cols
    [CG] CG iter 2: obj=159820954.502174, maxRC=9504767.021917, +17 cols
    [CG]   [DIAG] iter=2 posCols=17 newCols=17 effImprove=17 updated=0
    [CG]   [DIAG] iter=1 posCols=23 newCols=23 effImprove=23 updated=0
    [CG] CG iter 3: obj=166184036.867661, maxRC=6998186.685966, +15 cols
    [CG]   [DIAG] iter=3 posCols=15 newCols=15 effImprove=15 updated=0
    [CG] CG iter 2: obj=160140307.284982, maxRC=10228154.150288, +17 cols
    [CG] CG iter 1: obj=142152850.358409, maxRC=59519752.128890, +23 cols
    [CG]   [DIAG] iter=2 posCols=17 newCols=17 effImprove=17 updated=0
    [CG]   [DIAG] iter=1 posCols=23 newCols=23 effImprove=23 updated=0
    [CG] CG iter 4: obj=171032933.304706, maxRC=2430631.234558, +7 cols
    [CG]   [DIAG] iter=4 posCols=7 newCols=7 effImprove=7 updated=0
    [CG] CG iter 1: obj=142334037.373301, maxRC=59519752.128890, +23 cols
    [CG]   [DIAG] iter=1 posCols=23 newCols=23 effImprove=23 updated=0
    [CG] CG iter 3: obj=166230070.956963, maxRC=5800700.486235, +11 cols
    [CG]   [DIAG] iter=3 posCols=11 newCols=11 effImprove=11 updated=0
    [CG] CG iter 5: obj=172850154.176065, maxRC=11529.214295, +1 cols
    [CG]   [DIAG] iter=5 posCols=1 newCols=1 effImprove=1 updated=0
    [CG] CG iter 2: obj=160031177.104436, maxRC=10631365.072833, +17 cols
    [CG]   [DIAG] iter=2 posCols=17 newCols=17 effImprove=17 updated=0
    [CG] 列生成收敛，共 6 轮迭代
    [CG] [CG-NODE] depth=0 exit=CERTIFIED certified=1 feasible=1 iters=6 generatedColsBeforeNode=0 newCols=63 posCandidates=63 duplicateCandidates=0 updatedCols=0 zeroObjImproveIters=1 objFirst=141742998.317381 objLast=172850154.176065 objGain=31107155.858683 maxRC=59507742.307929 wallSec=0.008846 pricingSec=0.005959 cplexSolveSec=0.001595
    [CG] CG iter 4: obj=173034972.195300, maxRC=1428558.361191, +2 cols
    [CG]   [DIAG] iter=4 posCols=2 newCols=2 effImprove=2 updated=0
      [BB] 根节点即为整数解，obj=172850154.176065
    [CG] CG iter 1: obj=142335354.374395, maxRC=59519752.128890, +23 cols
    [CG] CG iter 5: obj=173169352.492327, maxRC=475363.815879, +2 cols
    [CG]   [DIAG] iter=5 posCols=2 newCols=2 effImprove=2 updated=0
    [CG] CG iter 2: obj=160204759.409340, maxRC=10624198.808965, +17 cols
    [CG]   [DIAG] iter=1 posCols=23 newCols=23 effImprove=23 updated=0
    [CG]   [DIAG] iter=2 posCols=17 newCols=17 effImprove=17 updated=0
    [CG] CG iter 3: obj=166163520.891336, maxRC=6305006.976751, +12 cols
    [CG] 列生成收敛，共 6 轮迭代
    [CG] [CG-NODE] depth=0 exit=CERTIFIED certified=1 feasible=1 iters=6 generatedColsBeforeNode=0 newCols=55 posCandidates=55 duplicateCandidates=0 updatedCols=0 zeroObjImproveIters=1 objFirst=141917645.820078 objLast=173169352.492327 objGain=31251706.672249 maxRC=59509916.304237 wallSec=0.009682 pricingSec=0.006519 cplexSolveSec=0.001785
    [CG]   [DIAG] iter=3 posCols=12 newCols=12 effImprove=12 updated=0
      [BB] 根节点即为整数解，obj=173169352.492327
    [CG] CG iter 3: obj=166346882.122713, maxRC=6307197.232884, +12 cols
    [CG] CG iter 4: obj=168913774.746228, maxRC=4093446.706404, +5 cols
    [CG]   [DIAG] iter=4 posCols=5 newCols=5 effImprove=5 updated=0
    [CG]   [DIAG] iter=3 posCols=12 newCols=12 effImprove=12 updated=0
    [CG] CG iter 2: obj=160205777.658157, maxRC=10623485.371715, +17 cols
    [CG]   [DIAG] iter=2 posCols=17 newCols=17 effImprove=17 updated=0
    [CG] 列生成收敛，共 5 轮迭代
    [CG] [CG-NODE] depth=0 exit=CERTIFIED certified=1 feasible=1 iters=5 generatedColsBeforeNode=0 newCols=57 posCandidates=57 duplicateCandidates=0 updatedCols=0 zeroObjImproveIters=0 objFirst=142152850.358409 objLast=173131679.069361 objGain=30978828.710952 maxRC=59519752.128890 wallSec=0.010918 pricingSec=0.007485 cplexSolveSec=0.001873
      [BB] 根节点即为整数解，obj=173131679.069361
    [CG] CG iter 4: obj=169097405.287139, maxRC=4100376.731740, +5 cols
    [CG]   [DIAG] iter=4 posCols=5 newCols=5 effImprove=5 updated=0
    [CG] CG iter 3: obj=166348272.662920, maxRC=6307257.097444, +12 cols
    [CG]   [DIAG] iter=3 posCols=12 newCols=12 effImprove=12 updated=0
    [CG] 列生成开始，初始列数=128
    [CG] 列生成收敛，共 5 轮迭代
    [CG] [CG-NODE] depth=0 exit=CERTIFIED certified=1 feasible=1 iters=5 generatedColsBeforeNode=0 newCols=57 posCandidates=57 duplicateCandidates=0 updatedCols=0 zeroObjImproveIters=0 objFirst=142334037.373301 objLast=173315608.365143 objGain=30981570.991842 maxRC=59519752.128890 wallSec=0.012337 pricingSec=0.008578 cplexSolveSec=0.002112
      [BB] 根节点即为整数解，obj=173315608.365143
    [CG] CG iter 1: obj=141829867.165774, maxRC=59483466.410111, +23 cols
    [CG]   [DIAG] iter=1 posCols=23 newCols=23 effImprove=23 updated=0
    [CG] CG iter 4: obj=169098669.630027, maxRC=4100583.543127, +5 cols
    [CG]   [DIAG] iter=4 posCols=5 newCols=5 effImprove=5 updated=0
    [CG] 列生成开始，初始列数=128
    [CG] CG iter 1: obj=142260207.346673, maxRC=59519752.128890, +23 cols
    [CG] 列生成收敛，共 5 轮迭代
    [CG] [CG-NODE] depth=0 exit=CERTIFIED certified=1 feasible=1 iters=5 generatedColsBeforeNode=0 newCols=57 posCandidates=57 duplicateCandidates=0 updatedCols=0 zeroObjImproveIters=0 objFirst=142335354.374395 objLast=173317065.717897 objGain=30981711.343503 maxRC=59519752.128890 wallSec=0.012592 pricingSec=0.008588 cplexSolveSec=0.002225
    [CG]   [DIAG] iter=1 posCols=23 newCols=23 effImprove=23 updated=0
      [BB] 根节点即为整数解，obj=173317065.717897
    [CG] CG iter 1: obj=142052141.533574, maxRC=59286756.666299, +23 cols
    [CG]   [DIAG] iter=1 posCols=23 newCols=23 effImprove=23 updated=0
    [CG] CG iter 2: obj=160111330.939830, maxRC=9469982.204918, +17 cols
    [CG] 列生成开始，初始列数=128
    [CG] CG iter 2: obj=160142308.861383, maxRC=10623485.371715, +17 cols
    [CG]   [DIAG] iter=2 posCols=17 newCols=17 effImprove=17 updated=0
    [CG]   [DIAG] iter=2 posCols=17 newCols=17 effImprove=17 updated=0
    [CG] CG iter 2: obj=159759168.375941, maxRC=10548660.782976, +17 cols
    [CG]   [DIAG] iter=2 posCols=17 newCols=17 effImprove=17 updated=0
    [CG] 列生成开始，初始列数=128
    [CG] 列生成开始，初始列数=128
    [CG] CG iter 3: obj=166276155.541865, maxRC=6310303.332363, +12 cols
    [CG]   [DIAG] iter=3 posCols=12 newCols=12 effImprove=12 updated=0
    [CG] CG iter 3: obj=165907971.198883, maxRC=6305374.558242, +12 cols
    [CG]   [DIAG] iter=3 posCols=12 newCols=12 effImprove=12 updated=0
    [CG] CG iter 3: obj=166495822.398591, maxRC=7013420.662706, +15 cols
    [CG] CG iter 4: obj=169029591.795904, maxRC=4097084.235035, +5 cols
    [CG]   [DIAG] iter=4 posCols=5 newCols=5 effImprove=5 updated=0
    [CG]   [DIAG] iter=3 posCols=15 newCols=15 effImprove=15 updated=0
    [CG] CG iter 4: obj=168677360.692390, maxRC=4184209.560414, +7 cols
    [CG]   [DIAG] iter=4 posCols=7 newCols=7 effImprove=7 updated=0
    [CG] 列生成收敛，共 5 轮迭代
    [CG] [CG-NODE] depth=0 exit=CERTIFIED certified=1 feasible=1 iters=5 generatedColsBeforeNode=0 newCols=57 posCandidates=57 duplicateCandidates=0 updatedCols=0 zeroObjImproveIters=0 objFirst=142260207.346673 objLast=173249366.469774 objGain=30989159.123102 maxRC=59519752.128890 wallSec=0.017249 pricingSec=0.011900 cplexSolveSec=0.002727
      [BB] 根节点即为整数解，obj=173249366.469774
    [CG] CG iter 5: obj=172888835.153689, maxRC=1482232.331661, +3 cols
    [CG]   [DIAG] iter=5 posCols=3 newCols=3 effImprove=3 updated=0
    [CG] CG iter 4: obj=171351221.390147, maxRC=2390568.918031, +7 cols
    [CG]   [DIAG] iter=4 posCols=7 newCols=7 effImprove=7 updated=0
    [CG] 列生成收敛，共 6 轮迭代
    [CG] [CG-NODE] depth=0 exit=CERTIFIED certified=1 feasible=1 iters=6 generatedColsBeforeNode=0 newCols=62 posCandidates=62 duplicateCandidates=0 updatedCols=0 zeroObjImproveIters=1 objFirst=142052141.533574 objLast=172888835.153689 objGain=30836693.620115 maxRC=59286756.666299 wallSec=0.017842 pricingSec=0.012177 cplexSolveSec=0.002949
      [BB] 根节点即为整数解，obj=172888835.153689
    [CG] 列生成收敛，共 5 轮迭代
    [CG] [CG-NODE] depth=0 exit=CERTIFIED certified=1 feasible=1 iters=5 generatedColsBeforeNode=0 newCols=62 posCandidates=62 duplicateCandidates=0 updatedCols=0 zeroObjImproveIters=0 objFirst=141829867.165774 objLast=173171272.237923 objGain=31341405.072150 maxRC=59483466.410111 wallSec=0.018447 pricingSec=0.012205 cplexSolveSec=0.003239
      [BB] 根节点即为整数解，obj=173171272.237923
    [CG] 列生成开始，初始列数=128
    [CG] CG iter 1: obj=141166095.932797, maxRC=59508092.020645, +23 cols
    [CG]   [DIAG] iter=1 posCols=23 newCols=23 effImprove=23 updated=0
    [CG] CG iter 2: obj=159554015.465297, maxRC=9475380.936676, +17 cols
    [CG]   [DIAG] iter=2 posCols=17 newCols=17 effImprove=17 updated=0
    [CG] 列生成开始，初始列数=128
    [CG] 列生成开始，初始列数=128
    [CG] CG iter 3: obj=165886765.394147, maxRC=7049437.062133, +15 cols
    [CG]   [DIAG] iter=3 posCols=15 newCols=15 effImprove=15 updated=0
    [CG] CG iter 4: obj=170711121.998652, maxRC=2567796.878563, +7 cols
    [CG]   [DIAG] iter=4 posCols=7 newCols=7 effImprove=7 updated=0
    [CG] 列生成收敛，共 5 轮迭代
    [CG] [CG-NODE] depth=0 exit=CERTIFIED certified=1 feasible=1 iters=5 generatedColsBeforeNode=0 newCols=62 posCandidates=62 duplicateCandidates=0 updatedCols=0 zeroObjImproveIters=0 objFirst=141166095.932797 objLast=172601606.658152 objGain=31435510.725354 maxRC=59508092.020645 wallSec=0.008007 pricingSec=0.005294 cplexSolveSec=0.001436
      [BB] 根节点即为整数解，obj=172601606.658152
    [CG] CG iter 1: obj=141960994.305160, maxRC=59506763.289144, +23 cols
    [CG]   [DIAG] iter=1 posCols=23 newCols=23 effImprove=23 updated=0
    [CG] CG iter 1: obj=142043873.924883, maxRC=59519752.131033, +23 cols
    [CG]   [DIAG] iter=1 posCols=23 newCols=23 effImprove=23 updated=0
    [CG] CG iter 1: obj=141684705.226227, maxRC=59519822.012806, +23 cols
    [CG] CG iter 2: obj=160034343.266526, maxRC=10635926.062928, +17 cols
    [CG]   [DIAG] iter=1 posCols=23 newCols=23 effImprove=23 updated=0
    [CG]   [DIAG] iter=2 posCols=17 newCols=17 effImprove=17 updated=0
    [CG] CG iter 1: obj=142327082.210046, maxRC=59519752.128890, +23 cols
    [CG] CG iter 2: obj=160191542.143202, maxRC=10144922.566949, +17 cols
    [CG] 列生成开始，初始列数=128
    [CG]   [DIAG] iter=2 posCols=17 newCols=17 effImprove=17 updated=0
    [CG]   [DIAG] iter=1 posCols=23 newCols=23 effImprove=23 updated=0
    [CG] CG iter 2: obj=159590170.216425, maxRC=9477539.556503, +17 cols
    [CG]   [DIAG] iter=2 posCols=17 newCols=17 effImprove=17 updated=0
    [CG] CG iter 3: obj=166149922.918283, maxRC=6313230.392913, +12 cols
    [CG]   [DIAG] iter=3 posCols=12 newCols=12 effImprove=12 updated=0
    [CG] CG iter 3: obj=167922826.753721, maxRC=3766750.190498, +12 cols
    [CG]   [DIAG] iter=3 posCols=12 newCols=12 effImprove=12 updated=0
    [CG] CG iter 3: obj=165924765.802768, maxRC=7054700.901147, +15 cols
    [CG]   [DIAG] iter=3 posCols=15 newCols=15 effImprove=15 updated=0
    [CG] CG iter 4: obj=168894549.479428, maxRC=4083894.557821, +5 cols
    [CG]   [DIAG] iter=4 posCols=5 newCols=5 effImprove=5 updated=0
    [CG] CG iter 2: obj=160198716.232931, maxRC=10623485.371715, +17 cols
    [CG]   [DIAG] iter=2 posCols=17 newCols=17 effImprove=17 updated=0
    [CG] CG iter 4: obj=171461365.165629, maxRC=1690034.495291, +8 cols
    [CG] CG iter 4: obj=170748745.725096, maxRC=2573834.254342, +7 cols
    [CG]   [DIAG] iter=4 posCols=8 newCols=8 effImprove=8 updated=0
    [CG]   [DIAG] iter=4 posCols=7 newCols=7 effImprove=7 updated=0
    [CG] CG iter 5: obj=173109865.735742, maxRC=1398.856812, +1 cols
    [CG]   [DIAG] iter=5 posCols=1 newCols=1 effImprove=1 updated=0
    [CG] CG iter 1: obj=142106582.175324, maxRC=59509132.097522, +23 cols
    [CG] 列生成收敛，共 5 轮迭代
    [CG] [CG-NODE] depth=0 exit=CERTIFIED certified=1 feasible=1 iters=5 generatedColsBeforeNode=0 newCols=62 posCandidates=62 duplicateCandidates=0 updatedCols=0 zeroObjImproveIters=0 objFirst=141684705.226227 objLast=172636750.514803 objGain=30952045.288576 maxRC=59519822.012806 wallSec=0.008823 pricingSec=0.005893 cplexSolveSec=0.001622
    [CG]   [DIAG] iter=1 posCols=23 newCols=23 effImprove=23 updated=0
    [CG] CG iter 5: obj=173279918.723982, maxRC=1145523.133249, +5 cols
      [BB] 根节点即为整数解，obj=172636750.514803
    [CG]   [DIAG] iter=5 posCols=5 newCols=5 effImprove=5 updated=0
    [CG] 列生成收敛，共 6 轮迭代
    [CG] [CG-NODE] depth=0 exit=CERTIFIED certified=1 feasible=1 iters=6 generatedColsBeforeNode=0 newCols=58 posCandidates=58 duplicateCandidates=0 updatedCols=0 zeroObjImproveIters=1 objFirst=141960994.305160 objLast=173109865.735742 objGain=31148871.430582 maxRC=59506763.289144 wallSec=0.017460 pricingSec=0.012015 cplexSolveSec=0.002938
    [CG] CG iter 3: obj=166339233.102337, maxRC=6306506.029461, +12 cols
    [CG]   [DIAG] iter=3 posCols=12 newCols=12 effImprove=12 updated=0
      [BB] 根节点即为整数解，obj=173109865.735742
    [CG] CG iter 1: obj=141395895.005444, maxRC=59364509.549216, +23 cols
    [CG] 列生成收敛，共 6 轮迭代
    [CG] [CG-NODE] depth=0 exit=CERTIFIED certified=1 feasible=1 iters=6 generatedColsBeforeNode=0 newCols=65 posCandidates=65 duplicateCandidates=0 updatedCols=0 zeroObjImproveIters=1 objFirst=142043873.924883 objLast=173279918.723982 objGain=31236044.799099 maxRC=59519752.131033 wallSec=0.017006 pricingSec=0.011454 cplexSolveSec=0.003039
    [CG]   [DIAG] iter=1 posCols=23 newCols=23 effImprove=23 updated=0
      [BB] 根节点即为整数解，obj=173279918.723982
    [CG] CG iter 4: obj=169088872.053474, maxRC=4098866.681519, +5 cols
    [CG]   [DIAG] iter=4 posCols=5 newCols=5 effImprove=5 updated=0
    [CG] CG iter 2: obj=159558878.987145, maxRC=10093696.960652, +17 cols
    [CG] CG iter 2: obj=160199924.272677, maxRC=10630705.627961, +17 cols
    [CG]   [DIAG] iter=2 posCols=17 newCols=17 effImprove=17 updated=0
    [CG] 列生成收敛，共 5 轮迭代
    [CG] [CG-NODE] depth=0 exit=CERTIFIED certified=1 feasible=1 iters=5 generatedColsBeforeNode=0 newCols=57 posCandidates=57 duplicateCandidates=0 updatedCols=0 zeroObjImproveIters=0 objFirst=142327082.210046 objLast=173307923.642202 objGain=30980841.432157 maxRC=59519752.128890 wallSec=0.016696 pricingSec=0.011375 cplexSolveSec=0.002763
    [CG] 列生成开始，初始列数=128
    [CG]   [DIAG] iter=2 posCols=17 newCols=17 effImprove=17 updated=0
      [BB] 根节点即为整数解，obj=173307923.642202
    [CG] CG iter 1: obj=141782562.523233, maxRC=59508629.421287, +23 cols
    [CG] CG iter 3: obj=167334520.085349, maxRC=3590203.362342, +12 cols
    [CG]   [DIAG] iter=1 posCols=23 newCols=23 effImprove=23 updated=0
    [CG]   [DIAG] iter=3 posCols=12 newCols=12 effImprove=12 updated=0
    [CG] 列生成开始，初始列数=128
    [CG] 列生成开始，初始列数=128
    [CG] CG iter 4: obj=170762470.061048, maxRC=1720639.306111, +8 cols
    [CG]   [DIAG] iter=4 posCols=8 newCols=8 effImprove=8 updated=0
    [CG] CG iter 3: obj=166317061.262327, maxRC=6315441.081245, +11 cols
    [CG]   [DIAG] iter=3 posCols=11 newCols=11 effImprove=11 updated=0
    [CG] CG iter 2: obj=160168210.051078, maxRC=9475366.771057, +17 cols
    [CG] CG iter 5: obj=172626274.354047, maxRC=1104985.963806, +4 cols
    [CG]   [DIAG] iter=2 posCols=17 newCols=17 effImprove=17 updated=0
    [CG]   [DIAG] iter=5 posCols=4 newCols=4 effImprove=4 updated=0
    [CG] 列生成开始，初始列数=128
    [CG] 列生成收敛，共 6 轮迭代
    [CG] [CG-NODE] depth=0 exit=CERTIFIED certified=1 feasible=1 iters=6 generatedColsBeforeNode=0 newCols=64 posCandidates=64 duplicateCandidates=0 updatedCols=0 zeroObjImproveIters=1 objFirst=141395895.005444 objLast=172626274.354047 objGain=31230379.348603 maxRC=59364509.549216 wallSec=0.011359 pricingSec=0.007599 cplexSolveSec=0.002175
    [CG] CG iter 1: obj=141846515.444416, maxRC=59519752.128890, +23 cols
      [BB] 根节点即为整数解，obj=172626274.354047
    [CG]   [DIAG] iter=1 posCols=23 newCols=23 effImprove=23 updated=0
    [CG] CG iter 4: obj=169046597.834937, maxRC=4078323.196427, +5 cols
    [CG]   [DIAG] iter=4 posCols=5 newCols=5 effImprove=5 updated=0
    [CG] CG iter 3: obj=166562630.351031, maxRC=7046207.417607, +15 cols
    [CG]   [DIAG] iter=3 posCols=15 newCols=15 effImprove=15 updated=0
    [CG] 列生成收敛，共 5 轮迭代
    [CG] [CG-NODE] depth=0 exit=CERTIFIED certified=1 feasible=1 iters=5 generatedColsBeforeNode=0 newCols=56 posCandidates=56 duplicateCandidates=0 updatedCols=0 zeroObjImproveIters=0 objFirst=142106582.175324 objLast=173262843.927942 objGain=31156261.752618 maxRC=59509132.097522 wallSec=0.019568 pricingSec=0.013407 cplexSolveSec=0.003461
      [BB] 根节点即为整数解，obj=173262843.927942
    [CG] CG iter 2: obj=160105310.427725, maxRC=10240494.015132, +17 cols
    [CG]   [DIAG] iter=2 posCols=17 newCols=17 effImprove=17 updated=0
    [CG] CG iter 4: obj=171456404.910207, maxRC=2464341.077462, +7 cols
    [CG]   [DIAG] iter=4 posCols=7 newCols=7 effImprove=7 updated=0
    [CG] CG iter 1: obj=141979423.043463, maxRC=59508092.020645, +23 cols
    [CG]   [DIAG] iter=1 posCols=23 newCols=23 effImprove=23 updated=0
    [CG] 列生成收敛，共 5 轮迭代
    [CG] [CG-NODE] depth=0 exit=CERTIFIED certified=1 feasible=1 iters=5 generatedColsBeforeNode=0 newCols=62 posCandidates=62 duplicateCandidates=0 updatedCols=0 zeroObjImproveIters=0 objFirst=141782562.523233 objLast=173274235.137447 objGain=31491672.614214 maxRC=59508629.421287 wallSec=0.014345 pricingSec=0.010179 cplexSolveSec=0.002285
    [CG] CG iter 3: obj=165154215.595964, maxRC=8714649.056561, +13 cols
    [CG]   [DIAG] iter=3 posCols=13 newCols=13 effImprove=13 updated=0
      [BB] 根节点即为整数解，obj=173274235.137447
    [CG] 列生成开始，初始列数=128
    [CG] CG iter 2: obj=160125286.487362, maxRC=10627178.414242, +17 cols
    [CG]   [DIAG] iter=2 posCols=17 newCols=17 effImprove=17 updated=0
    [CG] CG iter 4: obj=170251425.602845, maxRC=2881350.054482, +8 cols
    [CG]   [DIAG] iter=4 posCols=8 newCols=8 effImprove=8 updated=0
    [CG] CG iter 5: obj=173132775.657326, maxRC=146022.370772, +2 cols
    [CG]   [DIAG] iter=5 posCols=2 newCols=2 effImprove=2 updated=0
    [CG] CG iter 3: obj=166235506.166305, maxRC=6318975.287493, +12 cols
    [CG]   [DIAG] iter=3 posCols=12 newCols=12 effImprove=12 updated=0
    [CG] 列生成收敛，共 6 轮迭代
    [CG] [CG-NODE] depth=0 exit=CERTIFIED certified=1 feasible=1 iters=6 generatedColsBeforeNode=0 newCols=63 posCandidates=63 duplicateCandidates=0 updatedCols=0 zeroObjImproveIters=1 objFirst=141846515.444416 objLast=173132775.657326 objGain=31286260.212910 maxRC=59519752.128890 wallSec=0.011846 pricingSec=0.008105 cplexSolveSec=0.002033
      [BB] 根节点即为整数解，obj=173132775.657326
    [CG] CG iter 4: obj=168967854.328820, maxRC=4076103.215873, +5 cols
    [CG]   [DIAG] iter=4 posCols=5 newCols=5 effImprove=5 updated=0
    [CG] 列生成开始，初始列数=128
    [CG] CG iter 5: obj=173186542.361489, maxRC=20856.482746, +1 cols
    [CG]   [DIAG] iter=5 posCols=1 newCols=1 effImprove=1 updated=0
    [CG] CG iter 1: obj=141576178.956537, maxRC=59506960.710109, +23 cols
    [CG]   [DIAG] iter=1 posCols=23 newCols=23 effImprove=23 updated=0
    [CG] 列生成开始，初始列数=128
    [CG] 列生成收敛，共 6 轮迭代
    [CG] [CG-NODE] depth=0 exit=CERTIFIED certified=1 feasible=1 iters=6 generatedColsBeforeNode=0 newCols=58 posCandidates=58 duplicateCandidates=0 updatedCols=0 zeroObjImproveIters=1 objFirst=141979423.043463 objLast=173186542.361489 objGain=31207119.318026 maxRC=59508092.020645 wallSec=0.008294 pricingSec=0.005364 cplexSolveSec=0.001654
      [BB] 根节点即为整数解，obj=173186542.361489
    [CG] CG iter 2: obj=159963281.933919, maxRC=10235054.314359, +17 cols
    [CG]   [DIAG] iter=2 posCols=17 newCols=17 effImprove=17 updated=0
    [CG] CG iter 3: obj=165038323.745473, maxRC=8733092.166390, +13 cols
    [CG] 列生成开始，初始列数=128
    [CG]   [DIAG] iter=3 posCols=13 newCols=13 effImprove=13 updated=0
    [CG] CG iter 1: obj=141277756.607414, maxRC=59496774.214835, +23 cols
    [CG]   [DIAG] iter=1 posCols=23 newCols=23 effImprove=23 updated=0
    [CG] CG iter 4: obj=170081574.680163, maxRC=2899777.948644, +9 cols
    [CG] 列生成开始，初始列数=128
    [CG]   [DIAG] iter=4 posCols=9 newCols=9 effImprove=9 updated=0
    [CG] CG iter 5: obj=172981352.628807, maxRC=141355.287633, +2 cols
    [CG]   [DIAG] iter=5 posCols=2 newCols=2 effImprove=2 updated=0
    [CG] CG iter 1: obj=141953537.219554, maxRC=59507501.565993, +23 cols
    [CG] 列生成收敛，共 6 轮迭代
    [CG] [CG-NODE] depth=0 exit=CERTIFIED certified=1 feasible=1 iters=6 generatedColsBeforeNode=0 newCols=64 posCandidates=64 duplicateCandidates=0 updatedCols=0 zeroObjImproveIters=1 objFirst=141576178.956537 objLast=172981352.628807 objGain=31405173.672271 maxRC=59506960.710109 wallSec=0.010846 pricingSec=0.006906 cplexSolveSec=0.002124
    [CG] CG iter 2: obj=159655025.263924, maxRC=9280591.710631, +17 cols
    [CG]   [DIAG] iter=1 posCols=23 newCols=23 effImprove=23 updated=0
      [BB] 根节点即为整数解，obj=172981352.628807
    [CG]   [DIAG] iter=2 posCols=17 newCols=17 effImprove=17 updated=0
    [CG] CG iter 1: obj=141308305.313876, maxRC=59492728.446436, +23 cols
    [CG]   [DIAG] iter=1 posCols=23 newCols=23 effImprove=23 updated=0
    [CG] CG iter 2: obj=160100235.837349, maxRC=10623020.394578, +17 cols
    [CG] CG iter 3: obj=165899633.851128, maxRC=7017180.426597, +15 cols
    [CG]   [DIAG] iter=2 posCols=17 newCols=17 effImprove=17 updated=0
    [CG]   [DIAG] iter=3 posCols=15 newCols=15 effImprove=15 updated=0
    [CG] CG iter 2: obj=159678326.862174, maxRC=9494460.047914, +17 cols
    [CG]   [DIAG] iter=2 posCols=17 newCols=17 effImprove=17 updated=0
    [CG] CG iter 4: obj=172291497.227999, maxRC=1439375.912409, +7 cols
    [CG]   [DIAG] iter=4 posCols=7 newCols=7 effImprove=7 updated=0
    [CG] CG iter 3: obj=166210847.537367, maxRC=6320117.078571, +12 cols
    [CG] CG iter 3: obj=165975960.392649, maxRC=7012344.322844, +15 cols
    [CG]   [DIAG] iter=3 posCols=12 newCols=12 effImprove=12 updated=0
    [CG]   [DIAG] iter=3 posCols=15 newCols=15 effImprove=15 updated=0
    [CG] 列生成开始，初始列数=128
    [CG] CG iter 1: obj=142097318.131655, maxRC=59513894.439822, +23 cols
    [CG] 列生成收敛，共 5 轮迭代
    [CG] [CG-NODE] depth=0 exit=CERTIFIED certified=1 feasible=1 iters=5 generatedColsBeforeNode=0 newCols=62 posCandidates=62 duplicateCandidates=0 updatedCols=0 zeroObjImproveIters=0 objFirst=141277756.607414 objLast=172582186.252626 objGain=31304429.645211 maxRC=59496774.214835 wallSec=0.013423 pricingSec=0.009320 cplexSolveSec=0.002324
    [CG]   [DIAG] iter=1 posCols=23 newCols=23 effImprove=23 updated=0
      [BB] 根节点即为整数解，obj=172582186.252626
    [CG] CG iter 4: obj=170768338.097250, maxRC=2567365.095402, +7 cols
    [CG]   [DIAG] iter=4 posCols=7 newCols=7 effImprove=7 updated=0
    [CG] CG iter 4: obj=168941300.334725, maxRC=4076154.333470, +5 cols
    [CG]   [DIAG] iter=4 posCols=5 newCols=5 effImprove=5 updated=0
    [CG] 列生成收敛，共 5 轮迭代
    [CG] [CG-NODE] depth=0 exit=CERTIFIED certified=1 feasible=1 iters=5 generatedColsBeforeNode=0 newCols=62 posCandidates=62 duplicateCandidates=0 updatedCols=0 zeroObjImproveIters=0 objFirst=141308305.313876 objLast=172662945.481771 objGain=31354640.167896 maxRC=59492728.446436 wallSec=0.010405 pricingSec=0.007028 cplexSolveSec=0.001792
    [CG] CG iter 5: obj=173161069.869268, maxRC=23670.451787, +1 cols
    [CG]   [DIAG] iter=5 posCols=1 newCols=1 effImprove=1 updated=0
      [BB] 根节点即为整数解，obj=172662945.481771
    [CG] CG iter 2: obj=160149641.669770, maxRC=10696779.032023, +17 cols
    [CG]   [DIAG] iter=2 posCols=17 newCols=17 effImprove=17 updated=0
    [CG] 列生成收敛，共 6 轮迭代
    [CG] [CG-NODE] depth=0 exit=CERTIFIED certified=1 feasible=1 iters=6 generatedColsBeforeNode=0 newCols=58 posCandidates=58 duplicateCandidates=0 updatedCols=0 zeroObjImproveIters=1 objFirst=141953537.219554 objLast=173161069.869268 objGain=31207532.649714 maxRC=59507501.565993 wallSec=0.013518 pricingSec=0.009640 cplexSolveSec=0.002233
      [BB] 根节点即为整数解，obj=173161069.869268
    [CG] CG iter 1: obj=142246702.291253, maxRC=59515296.906958, +23 cols
    [CG] CG iter 1: obj=141579531.865862, maxRC=59508092.020645, +23 cols
    [CG]   [DIAG] iter=1 posCols=23 newCols=23 effImprove=23 updated=0
    [CG]   [DIAG] iter=1 posCols=23 newCols=23 effImprove=23 updated=0
    [CG] CG iter 3: obj=166238928.211385, maxRC=6305407.834167, +11 cols
    [CG]   [DIAG] iter=3 posCols=11 newCols=11 effImprove=11 updated=0
    [CG] CG iter 2: obj=159991373.833002, maxRC=9477539.556503, +17 cols
    [CG] CG iter 4: obj=168981733.939999, maxRC=4060135.574830, +5 cols
    [CG]   [DIAG] iter=4 posCols=5 newCols=5 effImprove=5 updated=0
    [CG]   [DIAG] iter=2 posCols=17 newCols=17 effImprove=17 updated=0
    [CG] 列生成收敛，共 5 轮迭代
    [CG] [CG-NODE] depth=0 exit=CERTIFIED certified=1 feasible=1 iters=5 generatedColsBeforeNode=0 newCols=56 posCandidates=56 duplicateCandidates=0 updatedCols=0 zeroObjImproveIters=0 objFirst=142097318.131655 objLast=173177775.697048 objGain=31080457.565394 maxRC=59513894.439822 wallSec=0.010748 pricingSec=0.007286 cplexSolveSec=0.001884
      [BB] 根节点即为整数解，obj=173177775.697048
    [CG] CG iter 2: obj=160121420.891577, maxRC=10620417.359823, +17 cols
    [CG] CG iter 3: obj=166376905.956965, maxRC=7019004.655931, +15 cols
    [CG]   [DIAG] iter=2 posCols=17 newCols=17 effImprove=17 updated=0
    [CG]   [DIAG] iter=3 posCols=15 newCols=15 effImprove=15 updated=0
    [CG] CG iter 4: obj=171236631.437162, maxRC=2409408.989053, +7 cols
    [CG]   [DIAG] iter=4 posCols=7 newCols=7 effImprove=7 updated=0
    [CG] 列生成收敛，共 5 轮迭代
    [CG] [CG-NODE] depth=0 exit=CERTIFIED certified=1 feasible=1 iters=5 generatedColsBeforeNode=0 newCols=62 posCandidates=62 duplicateCandidates=0 updatedCols=0 zeroObjImproveIters=0 objFirst=141579531.865862 objLast=173062098.445922 objGain=31482566.580059 maxRC=59508092.020645 wallSec=0.009786 pricingSec=0.006545 cplexSolveSec=0.001728
      [BB] 根节点即为整数解，obj=173062098.445922
    [CG] CG iter 3: obj=166258268.867485, maxRC=6308155.003391, +12 cols
    [CG]   [DIAG] iter=3 posCols=12 newCols=12 effImprove=12 updated=0
    [CG] CG iter 1: obj=141828064.745513, maxRC=59519752.128890, +23 cols
    [CG]   [DIAG] iter=1 posCols=23 newCols=23 effImprove=23 updated=0
    [CG] CG iter 4: obj=169009556.792552, maxRC=4099054.154301, +5 cols
    [CG]   [DIAG] iter=4 posCols=5 newCols=5 effImprove=5 updated=0
    [CG] 列生成收敛，共 5 轮迭代
    [CG] [CG-NODE] depth=0 exit=CERTIFIED certified=1 feasible=1 iters=5 generatedColsBeforeNode=0 newCols=57 posCandidates=57 duplicateCandidates=0 updatedCols=0 zeroObjImproveIters=0 objFirst=142246702.291253 objLast=173229544.146581 objGain=30982841.855328 maxRC=59515296.906958 wallSec=0.015417 pricingSec=0.010429 cplexSolveSec=0.002774
      [BB] 根节点即为整数解，obj=173229544.146581
    [CG] CG iter 2: obj=159988200.207067, maxRC=10202958.034413, +17 cols
    [CG]   [DIAG] iter=2 posCols=17 newCols=17 effImprove=17 updated=0
    [CG] CG iter 3: obj=166021567.233832, maxRC=5778131.105962, +11 cols
    [CG]   [DIAG] iter=3 posCols=11 newCols=11 effImprove=11 updated=0
    [CG] CG iter 4: obj=172750812.259698, maxRC=1428558.361191, +2 cols
    [CG]   [DIAG] iter=4 posCols=2 newCols=2 effImprove=2 updated=0
    [CG] CG iter 1: obj=141611277.697878, maxRC=59509319.086001, +23 cols
    [CG] CG iter 5: obj=172959546.425760, maxRC=443533.753746, +1 cols
    [CG]   [DIAG] iter=5 posCols=1 newCols=1 effImprove=1 updated=0
    [CG]   [DIAG] iter=1 posCols=23 newCols=23 effImprove=23 updated=0
    [CG] CG iter 6: obj=172959546.425760, maxRC=131148.759935, +1 cols
    [CG]   [DIAG] iter=6 posCols=1 newCols=1 effImprove=1 updated=0
    [CG] 列生成收敛，共 7 轮迭代
    [CG] [CG-NODE] depth=0 exit=CERTIFIED certified=1 feasible=1 iters=7 generatedColsBeforeNode=0 newCols=55 posCandidates=55 duplicateCandidates=0 updatedCols=0 zeroObjImproveIters=2 objFirst=141828064.745513 objLast=172959546.425760 objGain=31131481.680247 maxRC=59519752.128890 wallSec=0.019393 pricingSec=0.012912 cplexSolveSec=0.003863
    [CG] CG iter 2: obj=159745348.938965, maxRC=10637643.403966, +17 cols
      [BB] 根节点即为整数解，obj=172959546.425760
    [CG]   [DIAG] iter=2 posCols=17 newCols=17 effImprove=17 updated=0
    [CG] CG iter 3: obj=165806665.193645, maxRC=6290008.242442, +12 cols
    [CG]   [DIAG] iter=3 posCols=12 newCols=12 effImprove=12 updated=0
    [CG] CG iter 4: obj=168528069.604319, maxRC=4034966.359585, +5 cols
    [CG]   [DIAG] iter=4 posCols=5 newCols=5 effImprove=5 updated=0
    [CG] 列生成收敛，共 5 轮迭代
    [CG] [CG-NODE] depth=0 exit=CERTIFIED certified=1 feasible=1 iters=5 generatedColsBeforeNode=0 newCols=57 posCandidates=57 duplicateCandidates=0 updatedCols=0 zeroObjImproveIters=0 objFirst=141611277.697878 objLast=172762989.876158 objGain=31151712.178280 maxRC=59509319.086001 wallSec=0.019389 pricingSec=0.013278 cplexSolveSec=0.003455
      [BB] 根节点即为整数解，obj=172762989.876158
[GA] 代数 3: Best=173345960.78, Avg=173075684.00, Worst=172611071.94, Valid=30/30, 耗时=0.06s (连续3代未提升)
  ├─ 求解: 30 个体 fork 并行 | CG迭代=147 加列=1610 BB分支=0
  ├─ 并行墙钟=0.0631s | 串行等效(ΣBP)=0.3709s | 加速比=5.88x
  ├─ 管理开销=-0.3078s (fork=0.0042 wait=0.0585 merge=0.0003)
  └─ CG明细: gen_logs/run_gen3_ind{0..29}.log
    [CG] 列生成开始，初始列数=128
    [CG] 列生成开始，初始列数=128
    [CG] 列生成开始，初始列数=128
    [CG] 列生成开始，初始列数=128
    [CG] 列生成开始，初始列数=128
    [CG] 列生成开始，初始列数=128
    [CG] 列生成开始，初始列数=128
    [CG] 列生成开始，初始列数=128
    [CG] CG iter 1: obj=142174041.880096, maxRC=59513586.111182, +23 cols
    [CG]   [DIAG] iter=1 posCols=23 newCols=23 effImprove=23 updated=0
    [CG] CG iter 1: obj=141932534.572084, maxRC=59507501.565993, +23 cols
    [CG]   [DIAG] iter=1 posCols=23 newCols=23 effImprove=23 updated=0
    [CG] CG iter 2: obj=160109724.230801, maxRC=10694390.305488, +17 cols
    [CG]   [DIAG] iter=2 posCols=17 newCols=17 effImprove=17 updated=0
    [CG] CG iter 1: obj=142007610.000092, maxRC=59507501.565993, +23 cols
    [CG] CG iter 2: obj=160082382.689827, maxRC=10623020.394578, +17 cols
    [CG] CG iter 3: obj=166211608.794562, maxRC=6297287.019940, +12 cols
    [CG]   [DIAG] iter=3 posCols=12 newCols=12 effImprove=12 updated=0
    [CG]   [DIAG] iter=2 posCols=17 newCols=17 effImprove=17 updated=0
    [CG]   [DIAG] iter=1 posCols=23 newCols=23 effImprove=23 updated=0
    [CG] CG iter 4: obj=168972910.749767, maxRC=4074618.727118, +7 cols
    [CG]   [DIAG] iter=4 posCols=7 newCols=7 effImprove=7 updated=0
    [CG] CG iter 1: obj=141971693.958850, maxRC=59519752.128890, +23 cols
    [CG]   [DIAG] iter=1 posCols=23 newCols=23 effImprove=23 updated=0
    [CG] CG iter 3: obj=166191419.639871, maxRC=6321691.828545, +12 cols
    [CG]   [DIAG] iter=3 posCols=12 newCols=12 effImprove=12 updated=0
    [CG] CG iter 5: obj=173170743.254057, maxRC=1476452.016945, +2 cols
    [CG]   [DIAG] iter=5 posCols=2 newCols=2 effImprove=2 updated=0
    [CG] CG iter 1: obj=142021045.908967, maxRC=59518388.322654, +23 cols
    [CG] CG iter 2: obj=160146206.633336, maxRC=10623020.394578, +17 cols
    [CG]   [DIAG] iter=2 posCols=17 newCols=17 effImprove=17 updated=0
    [CG]   [DIAG] iter=1 posCols=23 newCols=23 effImprove=23 updated=0
    [CG] CG iter 1: obj=141721958.754293, maxRC=59269657.476969, +23 cols
    [CG] CG iter 2: obj=160141878.911137, maxRC=10202958.034413, +17 cols
    [CG] CG iter 4: obj=168923447.187204, maxRC=4076154.333470, +5 cols
    [CG]   [DIAG] iter=2 posCols=17 newCols=17 effImprove=17 updated=0
    [CG] CG iter 6: obj=173170743.254057, maxRC=101974.021636, +1 cols
    [CG]   [DIAG] iter=4 posCols=5 newCols=5 effImprove=5 updated=0
    [CG]   [DIAG] iter=1 posCols=23 newCols=23 effImprove=23 updated=0
    [CG]   [DIAG] iter=6 posCols=1 newCols=1 effImprove=1 updated=0
    [CG] CG iter 1: obj=141994635.361648, maxRC=59513894.439822, +23 cols
    [CG]   [DIAG] iter=1 posCols=23 newCols=23 effImprove=23 updated=0
    [CG] 列生成收敛，共 7 轮迭代
    [CG] [CG-NODE] depth=0 exit=CERTIFIED certified=1 feasible=1 iters=7 generatedColsBeforeNode=0 newCols=62 posCandidates=62 duplicateCandidates=0 updatedCols=0 zeroObjImproveIters=2 objFirst=142174041.880096 objLast=173170743.254057 objGain=30996701.373961 maxRC=59513586.111182 wallSec=0.013791 pricingSec=0.009153 cplexSolveSec=0.002813
    [CG] CG iter 1: obj=141863838.113226, maxRC=59508321.109784, +23 cols
    [CG] CG iter 5: obj=173143216.721746, maxRC=23670.451787, +1 cols
    [CG]   [DIAG] iter=5 posCols=1 newCols=1 effImprove=1 updated=0
    [CG] CG iter 3: obj=166240856.207423, maxRC=5808378.376078, +11 cols
      [BB] 根节点即为整数解，obj=173170743.254057
    [CG]   [DIAG] iter=1 posCols=23 newCols=23 effImprove=23 updated=0
    [CG]   [DIAG] iter=3 posCols=11 newCols=11 effImprove=11 updated=0
    [CG] CG iter 3: obj=166260869.325629, maxRC=6316066.086295, +11 cols
    [CG]   [DIAG] iter=3 posCols=11 newCols=11 effImprove=11 updated=0
    [CG] CG iter 2: obj=160173169.711471, maxRC=10144644.115381, +17 cols
    [CG]   [DIAG] iter=2 posCols=17 newCols=17 effImprove=17 updated=0
    [CG] CG iter 2: obj=159739800.442703, maxRC=10074970.866183, +17 cols
    [CG] 列生成收敛，共 6 轮迭代
    [CG] CG iter 4: obj=173057702.108610, maxRC=1442887.846183, +2 cols
    [CG] [CG-NODE] depth=0 exit=CERTIFIED certified=1 feasible=1 iters=6 generatedColsBeforeNode=0 newCols=58 posCandidates=58 duplicateCandidates=0 updatedCols=0 zeroObjImproveIters=1 objFirst=141932534.572084 objLast=173143216.721746 objGain=31210682.149662 maxRC=59507501.565993 wallSec=0.014138 pricingSec=0.009329 cplexSolveSec=0.002855
    [CG]   [DIAG] iter=4 posCols=2 newCols=2 effImprove=2 updated=0
    [CG]   [DIAG] iter=2 posCols=17 newCols=17 effImprove=17 updated=0
    [CG] CG iter 2: obj=160061093.727488, maxRC=10696779.032023, +17 cols
    [CG]   [DIAG] iter=2 posCols=17 newCols=17 effImprove=17 updated=0
      [BB] 根节点即为整数解，obj=173143216.721746
    [CG] CG iter 5: obj=173187997.453902, maxRC=471408.595298, +2 cols
    [CG]   [DIAG] iter=5 posCols=2 newCols=2 effImprove=2 updated=0
    [CG] CG iter 4: obj=168987271.130712, maxRC=4076154.333470, +5 cols
    [CG]   [DIAG] iter=4 posCols=5 newCols=5 effImprove=5 updated=0
    [CG] 列生成收敛，共 6 轮迭代
    [CG] CG iter 2: obj=160117482.529562, maxRC=10228154.150288, +17 cols
    [CG] [CG-NODE] depth=0 exit=CERTIFIED certified=1 feasible=1 iters=6 generatedColsBeforeNode=0 newCols=55 posCandidates=55 duplicateCandidates=0 updatedCols=0 zeroObjImproveIters=1 objFirst=141971693.958850 objLast=173187997.453902 objGain=31216303.495052 maxRC=59519752.128890 wallSec=0.015990 pricingSec=0.011165 cplexSolveSec=0.002776
    [CG] CG iter 3: obj=166143322.514552, maxRC=6312484.907340, +12 cols
    [CG] CG iter 3: obj=167893055.207660, maxRC=3766750.190498, +12 cols
    [CG]   [DIAG] iter=2 posCols=17 newCols=17 effImprove=17 updated=0
    [CG]   [DIAG] iter=3 posCols=12 newCols=12 effImprove=12 updated=0
      [BB] 根节点即为整数解，obj=173187997.453902
    [CG]   [DIAG] iter=3 posCols=12 newCols=12 effImprove=12 updated=0
    [CG] CG iter 3: obj=166195408.650222, maxRC=6148087.763165, +12 cols
    [CG]   [DIAG] iter=3 posCols=12 newCols=12 effImprove=12 updated=0
    [CG] 列生成收敛，共 5 轮迭代
    [CG] [CG-NODE] depth=0 exit=CERTIFIED certified=1 feasible=1 iters=5 generatedColsBeforeNode=0 newCols=56 posCandidates=56 duplicateCandidates=0 updatedCols=0 zeroObjImproveIters=0 objFirst=142007610.000092 objLast=173207040.665255 objGain=31199430.665163 maxRC=59507501.565993 wallSec=0.016250 pricingSec=0.011033 cplexSolveSec=0.003046
    [CG] CG iter 4: obj=168893205.316339, maxRC=4060147.636368, +5 cols
    [CG]   [DIAG] iter=4 posCols=5 newCols=5 effImprove=5 updated=0
      [BB] 根节点即为整数解，obj=173207040.665255
    [CG] 列生成开始，初始列数=128
    [CG] CG iter 4: obj=171697000.830097, maxRC=2592897.828479, +9 cols
    [CG]   [DIAG] iter=4 posCols=9 newCols=9 effImprove=9 updated=0
    [CG] CG iter 4: obj=171431593.619568, maxRC=1690458.381050, +8 cols
    [CG]   [DIAG] iter=4 posCols=8 newCols=8 effImprove=8 updated=0
    [CG] CG iter 5: obj=173089234.975268, maxRC=23780.373616, +1 cols
    [CG]   [DIAG] iter=5 posCols=1 newCols=1 effImprove=1 updated=0
    [CG] CG iter 3: obj=166203309.503632, maxRC=5801294.405775, +11 cols
    [CG]   [DIAG] iter=3 posCols=11 newCols=11 effImprove=11 updated=0
    [CG] 列生成收敛，共 6 轮迭代
    [CG] CG iter 5: obj=171697000.830098, maxRC=1138578.067555, +3 cols
    [CG] [CG-NODE] depth=0 exit=CERTIFIED certified=1 feasible=1 iters=6 generatedColsBeforeNode=0 newCols=58 posCandidates=58 duplicateCandidates=0 updatedCols=0 zeroObjImproveIters=1 objFirst=141994635.361648 objLast=173089234.975268 objGain=31094599.613620 maxRC=59513894.439822 wallSec=0.017114 pricingSec=0.011543 cplexSolveSec=0.002980
    [CG]   [DIAG] iter=5 posCols=3 newCols=3 effImprove=3 updated=0
    [CG] 列生成开始，初始列数=128
      [BB] 根节点即为整数解，obj=173089234.975268
    [CG] CG iter 5: obj=173250008.871451, maxRC=1145523.133249, +5 cols
    [CG]   [DIAG] iter=5 posCols=5 newCols=5 effImprove=5 updated=0
    [CG] CG iter 4: obj=173006731.054492, maxRC=1428558.361191, +2 cols
    [CG]   [DIAG] iter=4 posCols=2 newCols=2 effImprove=2 updated=0
    [CG] 列生成收敛，共 6 轮迭代
    [CG] [CG-NODE] depth=0 exit=CERTIFIED certified=1 feasible=1 iters=6 generatedColsBeforeNode=0 newCols=64 posCandidates=64 duplicateCandidates=0 updatedCols=0 zeroObjImproveIters=1 objFirst=141721958.754293 objLast=172835578.897653 objGain=31113620.143359 maxRC=59269657.476969 wallSec=0.018672 pricingSec=0.012675 cplexSolveSec=0.003481
      [BB] 根节点即为整数解，obj=172835578.897653
    [CG] 列生成收敛，共 6 轮迭代
    [CG] 列生成开始，初始列数=128
    [CG] [CG-NODE] depth=0 exit=CERTIFIED certified=1 feasible=1 iters=6 generatedColsBeforeNode=0 newCols=65 posCandidates=65 duplicateCandidates=0 updatedCols=0 zeroObjImproveIters=1 objFirst=142021045.908967 objLast=173250008.871451 objGain=31228962.962484 maxRC=59518388.322654 wallSec=0.019008 pricingSec=0.012609 cplexSolveSec=0.003786
    [CG] CG iter 5: obj=173143990.071094, maxRC=471085.985887, +2 cols
    [CG]   [DIAG] iter=5 posCols=2 newCols=2 effImprove=2 updated=0
    [CG] 列生成开始，初始列数=128
      [BB] 根节点即为整数解，obj=173250008.871451
    [CG] 列生成收敛，共 6 轮迭代
    [CG] [CG-NODE] depth=0 exit=CERTIFIED certified=1 feasible=1 iters=6 generatedColsBeforeNode=0 newCols=55 posCandidates=55 duplicateCandidates=0 updatedCols=0 zeroObjImproveIters=1 objFirst=141863838.113226 objLast=173143990.071094 objGain=31280151.957868 maxRC=59508321.109784 wallSec=0.019851 pricingSec=0.013289 cplexSolveSec=0.003767
      [BB] 根节点即为整数解，obj=173143990.071094
    [CG] 列生成开始，初始列数=128
    [CG] 列生成开始，初始列数=128
    [CG] 列生成开始，初始列数=128
    [CG] 列生成开始，初始列数=128
    [CG] CG iter 1: obj=141728323.501144, maxRC=59508092.020645, +23 cols
    [CG]   [DIAG] iter=1 posCols=23 newCols=23 effImprove=23 updated=0
    [CG] CG iter 2: obj=160142295.940529, maxRC=9480903.717869, +17 cols
    [CG]   [DIAG] iter=2 posCols=17 newCols=17 effImprove=17 updated=0
    [CG] CG iter 3: obj=166524258.717150, maxRC=7016977.263159, +15 cols
    [CG]   [DIAG] iter=3 posCols=15 newCols=15 effImprove=15 updated=0
    [CG] CG iter 4: obj=171383183.908581, maxRC=2415409.987999, +7 cols
    [CG]   [DIAG] iter=4 posCols=7 newCols=7 effImprove=7 updated=0
    [CG] CG iter 1: obj=142314616.700406, maxRC=59519752.128890, +23 cols
    [CG] 列生成收敛，共 5 轮迭代
    [CG] [CG-NODE] depth=0 exit=CERTIFIED certified=1 feasible=1 iters=5 generatedColsBeforeNode=0 newCols=62 posCandidates=62 duplicateCandidates=0 updatedCols=0 zeroObjImproveIters=0 objFirst=141728323.501144 objLast=173208650.917340 objGain=31480327.416195 maxRC=59508092.020645 wallSec=0.009881 pricingSec=0.006449 cplexSolveSec=0.001809
      [BB] 根节点即为整数解，obj=173208650.917340
    [CG]   [DIAG] iter=1 posCols=23 newCols=23 effImprove=23 updated=0
    [CG] CG iter 1: obj=141741100.167646, maxRC=59507742.307929, +23 cols
    [CG]   [DIAG] iter=1 posCols=23 newCols=23 effImprove=23 updated=0
    [CG] CG iter 2: obj=160204759.409340, maxRC=10624198.808965, +17 cols
    [CG]   [DIAG] iter=2 posCols=17 newCols=17 effImprove=17 updated=0
    [CG] CG iter 1: obj=141944731.795081, maxRC=59513894.439822, +23 cols
    [CG] 列生成开始，初始列数=128
    [CG] CG iter 1: obj=142106573.634767, maxRC=59509132.097522, +23 cols
    [CG]   [DIAG] iter=1 posCols=23 newCols=23 effImprove=23 updated=0
    [CG]   [DIAG] iter=1 posCols=23 newCols=23 effImprove=23 updated=0
    [CG] CG iter 2: obj=159820954.502174, maxRC=9504767.021917, +17 cols
    [CG]   [DIAG] iter=2 posCols=17 newCols=17 effImprove=17 updated=0
    [CG] CG iter 3: obj=166346882.122713, maxRC=6307197.232884, +12 cols
    [CG]   [DIAG] iter=3 posCols=12 newCols=12 effImprove=12 updated=0
    [CG] CG iter 2: obj=160199915.732121, maxRC=10630705.627961, +17 cols
    [CG] CG iter 2: obj=160009131.123201, maxRC=9506879.688002, +17 cols
    [CG]   [DIAG] iter=2 posCols=17 newCols=17 effImprove=17 updated=0
    [CG]   [DIAG] iter=2 posCols=17 newCols=17 effImprove=17 updated=0
    [CG] CG iter 1: obj=141965356.136788, maxRC=59508092.020645, +23 cols
    [CG] CG iter 4: obj=169097405.287139, maxRC=4100376.731740, +5 cols
    [CG] CG iter 3: obj=166184036.867661, maxRC=6996288.536230, +15 cols
    [CG]   [DIAG] iter=4 posCols=5 newCols=5 effImprove=5 updated=0
    [CG]   [DIAG] iter=3 posCols=15 newCols=15 effImprove=15 updated=0
    [CG]   [DIAG] iter=1 posCols=23 newCols=23 effImprove=23 updated=0
    [CG] CG iter 3: obj=166317052.721770, maxRC=6315441.081245, +11 cols
    [CG]   [DIAG] iter=3 posCols=11 newCols=11 effImprove=11 updated=0
    [CG] 列生成收敛，共 5 轮迭代
    [CG] [CG-NODE] depth=0 exit=CERTIFIED certified=1 feasible=1 iters=5 generatedColsBeforeNode=0 newCols=57 posCandidates=57 duplicateCandidates=0 updatedCols=0 zeroObjImproveIters=0 objFirst=142314616.700406 objLast=173315608.365143 objGain=31000991.664737 maxRC=59519752.128890 wallSec=0.017988 pricingSec=0.012374 cplexSolveSec=0.003058
    [CG] CG iter 1: obj=142043600.936821, maxRC=59519752.131033, +23 cols
    [CG] CG iter 3: obj=166372199.530104, maxRC=6997727.098002, +15 cols
      [BB] 根节点即为整数解，obj=173315608.365143
    [CG] CG iter 4: obj=171031035.154971, maxRC=2425555.740710, +7 cols
    [CG]   [DIAG] iter=3 posCols=15 newCols=15 effImprove=15 updated=0
    [CG]   [DIAG] iter=4 posCols=7 newCols=7 effImprove=7 updated=0
    [CG]   [DIAG] iter=1 posCols=23 newCols=23 effImprove=23 updated=0
    [CG] CG iter 4: obj=169046589.294381, maxRC=4078323.196427, +5 cols
    [CG]   [DIAG] iter=4 posCols=5 newCols=5 effImprove=5 updated=0
    [CG] CG iter 2: obj=160115058.260114, maxRC=10640399.215726, +17 cols
    [CG]   [DIAG] iter=2 posCols=17 newCols=17 effImprove=17 updated=0
    [CG] CG iter 5: obj=172848256.026329, maxRC=9525.841750, +1 cols
    [CG]   [DIAG] iter=5 posCols=1 newCols=1 effImprove=1 updated=0
    [CG] CG iter 4: obj=171220098.940386, maxRC=2430369.950486, +7 cols
    [CG]   [DIAG] iter=4 posCols=7 newCols=7 effImprove=7 updated=0
    [CG] 列生成收敛，共 5 轮迭代
    [CG] [CG-NODE] depth=0 exit=CERTIFIED certified=1 feasible=1 iters=5 generatedColsBeforeNode=0 newCols=56 posCandidates=56 duplicateCandidates=0 updatedCols=0 zeroObjImproveIters=0 objFirst=142106573.634767 objLast=173262835.387386 objGain=31156261.752618 maxRC=59509132.097522 wallSec=0.014743 pricingSec=0.010218 cplexSolveSec=0.002397
    [CG] CG iter 1: obj=141887290.747633, maxRC=59508321.109784, +23 cols
      [BB] 根节点即为整数解，obj=173262835.387386
    [CG]   [DIAG] iter=1 posCols=23 newCols=23 effImprove=23 updated=0
    [CG] 列生成收敛，共 6 轮迭代
    [CG] [CG-NODE] depth=0 exit=CERTIFIED certified=1 feasible=1 iters=6 generatedColsBeforeNode=0 newCols=63 posCandidates=63 duplicateCandidates=0 updatedCols=0 zeroObjImproveIters=1 objFirst=141741100.167646 objLast=172848256.026329 objGain=31107155.858683 maxRC=59507742.307929 wallSec=0.018383 pricingSec=0.012663 cplexSolveSec=0.003112
    [CG] CG iter 5: obj=173037955.567506, maxRC=10732.227199, +1 cols
      [BB] 根节点即为整数解，obj=172848256.026329
    [CG]   [DIAG] iter=5 posCols=1 newCols=1 effImprove=1 updated=0
    [CG] CG iter 3: obj=166219243.766536, maxRC=6317154.563467, +12 cols
    [CG]   [DIAG] iter=3 posCols=12 newCols=12 effImprove=12 updated=0
    [CG] 列生成开始，初始列数=128
    [CG] CG iter 2: obj=160191269.155140, maxRC=10144922.566949, +17 cols
    [CG] 列生成收敛，共 6 轮迭代
    [CG] [CG-NODE] depth=0 exit=CERTIFIED certified=1 feasible=1 iters=6 generatedColsBeforeNode=0 newCols=63 posCandidates=63 duplicateCandidates=0 updatedCols=0 zeroObjImproveIters=1 objFirst=141944731.795081 objLast=173037955.567506 objGain=31093223.772425 maxRC=59513894.439822 wallSec=0.018069 pricingSec=0.012406 cplexSolveSec=0.003002
    [CG]   [DIAG] iter=2 posCols=17 newCols=17 effImprove=17 updated=0
      [BB] 根节点即为整数解，obj=173037955.567506
    [CG] CG iter 4: obj=168953787.422146, maxRC=4072086.998753, +5 cols
    [CG]   [DIAG] iter=4 posCols=5 newCols=5 effImprove=5 updated=0
    [CG] CG iter 2: obj=160133314.449760, maxRC=10186539.686118, +17 cols
    [CG]   [DIAG] iter=2 posCols=17 newCols=17 effImprove=17 updated=0
    [CG] CG iter 5: obj=173168459.237695, maxRC=20856.482746, +1 cols
    [CG]   [DIAG] iter=5 posCols=1 newCols=1 effImprove=1 updated=0
    [CG] 列生成收敛，共 6 轮迭代
    [CG] [CG-NODE] depth=0 exit=CERTIFIED certified=1 feasible=1 iters=6 generatedColsBeforeNode=0 newCols=58 posCandidates=58 duplicateCandidates=0 updatedCols=0 zeroObjImproveIters=1 objFirst=141965356.136788 objLast=173168459.237695 objGain=31203103.100906 maxRC=59508092.020645 wallSec=0.015671 pricingSec=0.010612 cplexSolveSec=0.002735
    [CG] CG iter 3: obj=167922553.765660, maxRC=3766750.190498, +12 cols
    [CG]   [DIAG] iter=3 posCols=12 newCols=12 effImprove=12 updated=0
      [BB] 根节点即为整数解，obj=173168459.237695
    [CG] CG iter 3: obj=167873564.550246, maxRC=3722698.223512, +12 cols
    [CG]   [DIAG] iter=3 posCols=12 newCols=12 effImprove=12 updated=0
    [CG] 列生成开始，初始列数=128
    [CG] 列生成开始，初始列数=128
    [CG] CG iter 4: obj=171352218.977645, maxRC=1682939.692570, +8 cols
    [CG] CG iter 4: obj=171461092.177567, maxRC=1690034.495291, +8 cols
    [CG]   [DIAG] iter=4 posCols=8 newCols=8 effImprove=8 updated=0
    [CG]   [DIAG] iter=4 posCols=8 newCols=8 effImprove=8 updated=0
    [CG] 列生成开始，初始列数=128
    [CG] CG iter 5: obj=173176057.668423, maxRC=1160552.146625, +5 cols
    [CG]   [DIAG] iter=5 posCols=5 newCols=5 effImprove=5 updated=0
    [CG] 列生成开始，初始列数=128
    [CG] CG iter 5: obj=173279645.735920, maxRC=1145523.133249, +5 cols
    [CG]   [DIAG] iter=5 posCols=5 newCols=5 effImprove=5 updated=0
    [CG] CG iter 1: obj=141782694.414159, maxRC=59508629.421287, +23 cols
    [CG]   [DIAG] iter=1 posCols=23 newCols=23 effImprove=23 updated=0
    [CG] 列生成收敛，共 6 轮迭代
    [CG] [CG-NODE] depth=0 exit=CERTIFIED certified=1 feasible=1 iters=6 generatedColsBeforeNode=0 newCols=65 posCandidates=65 duplicateCandidates=0 updatedCols=0 zeroObjImproveIters=1 objFirst=141887290.747633 objLast=173176057.668423 objGain=31288766.920790 maxRC=59508321.109784 wallSec=0.017501 pricingSec=0.011787 cplexSolveSec=0.003233
    [CG] CG iter 2: obj=160168306.044942, maxRC=9475311.405087, +17 cols
      [BB] 根节点即为整数解，obj=173176057.668423
    [CG]   [DIAG] iter=2 posCols=17 newCols=17 effImprove=17 updated=0
    [CG] 列生成收敛，共 6 轮迭代
    [CG] [CG-NODE] depth=0 exit=CERTIFIED certified=1 feasible=1 iters=6 generatedColsBeforeNode=0 newCols=65 posCandidates=65 duplicateCandidates=0 updatedCols=0 zeroObjImproveIters=1 objFirst=142043600.936821 objLast=173279645.735920 objGain=31236044.799099 maxRC=59519752.131033 wallSec=0.019958 pricingSec=0.013454 cplexSolveSec=0.003888
    [CG] CG iter 1: obj=141960708.280332, maxRC=59506763.289144, +23 cols
      [BB] 根节点即为整数解，obj=173279645.735920
    [CG] CG iter 3: obj=166562785.324190, maxRC=7046240.742079, +15 cols
    [CG]   [DIAG] iter=1 posCols=23 newCols=23 effImprove=23 updated=0
    [CG]   [DIAG] iter=3 posCols=15 newCols=15 effImprove=15 updated=0
    [CG] CG iter 4: obj=171456573.199780, maxRC=2464242.562797, +7 cols
    [CG]   [DIAG] iter=4 posCols=7 newCols=7 effImprove=7 updated=0
    [CG] 列生成收敛，共 5 轮迭代
    [CG] [CG-NODE] depth=0 exit=CERTIFIED certified=1 feasible=1 iters=5 generatedColsBeforeNode=0 newCols=62 posCandidates=62 duplicateCandidates=0 updatedCols=0 zeroObjImproveIters=0 objFirst=141782694.414159 objLast=173274403.427020 objGain=31491709.012861 maxRC=59508629.421287 wallSec=0.007391 pricingSec=0.004897 cplexSolveSec=0.001339
      [BB] 根节点即为整数解，obj=173274403.427020
    [CG] CG iter 2: obj=160034135.365266, maxRC=10636197.084477, +17 cols
    [CG]   [DIAG] iter=2 posCols=17 newCols=17 effImprove=17 updated=0
    [CG] 列生成开始，初始列数=128
    [CG] 列生成开始，初始列数=128
    [CG] CG iter 3: obj=166149591.612859, maxRC=6313193.063802, +12 cols
    [CG]   [DIAG] iter=3 posCols=12 newCols=12 effImprove=12 updated=0
    [CG] CG iter 4: obj=168894263.454601, maxRC=4083811.948114, +5 cols
    [CG]   [DIAG] iter=4 posCols=5 newCols=5 effImprove=5 updated=0
    [CG] 列生成开始，初始列数=128
    [CG] CG iter 5: obj=173109497.101206, maxRC=1398.856812, +1 cols
    [CG]   [DIAG] iter=5 posCols=1 newCols=1 effImprove=1 updated=0
    [CG] 列生成收敛，共 6 轮迭代
    [CG] [CG-NODE] depth=0 exit=CERTIFIED certified=1 feasible=1 iters=6 generatedColsBeforeNode=0 newCols=58 posCandidates=58 duplicateCandidates=0 updatedCols=0 zeroObjImproveIters=1 objFirst=141960708.280332 objLast=173109497.101206 objGain=31148788.820874 maxRC=59506763.289144 wallSec=0.016244 pricingSec=0.011472 cplexSolveSec=0.002721
      [BB] 根节点即为整数解，obj=173109497.101206
    [CG] CG iter 1: obj=141621837.585849, maxRC=59492728.446436, +23 cols
    [CG]   [DIAG] iter=1 posCols=23 newCols=23 effImprove=23 updated=0
    [CG] CG iter 1: obj=142086070.413701, maxRC=59519752.288062, +23 cols
    [CG]   [DIAG] iter=1 posCols=23 newCols=23 effImprove=23 updated=0
    [CG] CG iter 1: obj=141953540.763688, maxRC=59507501.565993, +23 cols
    [CG]   [DIAG] iter=1 posCols=23 newCols=23 effImprove=23 updated=0
    [CG] CG iter 2: obj=159687423.665960, maxRC=10679294.896036, +17 cols
    [CG]   [DIAG] iter=2 posCols=17 newCols=17 effImprove=17 updated=0
    [CG] CG iter 2: obj=160100237.939008, maxRC=10623002.338781, +17 cols
    [CG]   [DIAG] iter=2 posCols=17 newCols=17 effImprove=17 updated=0
    [CG] CG iter 2: obj=160203136.132570, maxRC=10138598.490752, +17 cols
    [CG]   [DIAG] iter=2 posCols=17 newCols=17 effImprove=17 updated=0
    [CG] CG iter 3: obj=166210855.911876, maxRC=6320119.598210, +12 cols
    [CG] CG iter 1: obj=142305054.631814, maxRC=59519752.128890, +23 cols
    [CG]   [DIAG] iter=3 posCols=12 newCols=12 effImprove=12 updated=0
    [CG] CG iter 3: obj=165724063.315483, maxRC=6278168.511305, +12 cols
    [CG]   [DIAG] iter=1 posCols=23 newCols=23 effImprove=23 updated=0
    [CG]   [DIAG] iter=3 posCols=12 newCols=12 effImprove=12 updated=0
    [CG] CG iter 1: obj=142158733.942386, maxRC=59486728.686669, +23 cols
    [CG] CG iter 4: obj=168941303.878859, maxRC=4076161.683485, +5 cols
    [CG]   [DIAG] iter=4 posCols=5 newCols=5 effImprove=5 updated=0
    [CG]   [DIAG] iter=1 posCols=23 newCols=23 effImprove=23 updated=0
    [CG] CG iter 3: obj=167965408.399047, maxRC=3732952.167593, +12 cols
    [CG]   [DIAG] iter=3 posCols=12 newCols=12 effImprove=12 updated=0
    [CG] CG iter 5: obj=173161080.763416, maxRC=23670.451787, +1 cols
    [CG]   [DIAG] iter=5 posCols=1 newCols=1 effImprove=1 updated=0
    [CG] CG iter 4: obj=168450024.401638, maxRC=4021443.932973, +5 cols
    [CG]   [DIAG] iter=4 posCols=5 newCols=5 effImprove=5 updated=0
    [CG] 列生成收敛，共 6 轮迭代
    [CG] [CG-NODE] depth=0 exit=CERTIFIED certified=1 feasible=1 iters=6 generatedColsBeforeNode=0 newCols=58 posCandidates=58 duplicateCandidates=0 updatedCols=0 zeroObjImproveIters=1 objFirst=141953540.763688 objLast=173161080.763416 objGain=31207539.999729 maxRC=59507501.565993 wallSec=0.007341 pricingSec=0.004757 cplexSolveSec=0.001416
      [BB] 根节点即为整数解，obj=173161080.763416
    [CG] CG iter 4: obj=171496128.461253, maxRC=1700030.280856, +8 cols
    [CG]   [DIAG] iter=4 posCols=8 newCols=8 effImprove=8 updated=0
    [CG] 列生成收敛，共 5 轮迭代
    [CG] [CG-NODE] depth=0 exit=CERTIFIED certified=1 feasible=1 iters=5 generatedColsBeforeNode=0 newCols=57 posCandidates=57 duplicateCandidates=0 updatedCols=0 zeroObjImproveIters=0 objFirst=141621837.585849 objLast=172672042.285557 objGain=31050204.699708 maxRC=59492728.446436 wallSec=0.011786 pricingSec=0.008046 cplexSolveSec=0.002099
      [BB] 根节点即为整数解，obj=172672042.285557
    [CG] CG iter 2: obj=160180599.782974, maxRC=10623469.392767, +17 cols
    [CG]   [DIAG] iter=2 posCols=17 newCols=17 effImprove=17 updated=0
    [CG] CG iter 5: obj=173313985.088374, maxRC=1122783.054211, +4 cols
    [CG]   [DIAG] iter=5 posCols=4 newCols=4 effImprove=4 updated=0
    [CG] CG iter 1: obj=141881958.067445, maxRC=59509916.304237, +23 cols
    [CG] CG iter 2: obj=159999385.341874, maxRC=10611220.942649, +17 cols
    [CG]   [DIAG] iter=1 posCols=23 newCols=23 effImprove=23 updated=0
    [CG]   [DIAG] iter=2 posCols=17 newCols=17 effImprove=17 updated=0
    [CG] 列生成收敛，共 6 轮迭代
    [CG] [CG-NODE] depth=0 exit=CERTIFIED certified=1 feasible=1 iters=6 generatedColsBeforeNode=0 newCols=64 posCandidates=64 duplicateCandidates=0 updatedCols=0 zeroObjImproveIters=1 objFirst=142086070.413701 objLast=173313985.088374 objGain=31227914.674673 maxRC=59519752.288062 wallSec=0.014302 pricingSec=0.009361 cplexSolveSec=0.002725
      [BB] 根节点即为整数解，obj=173313985.088374
    [CG] CG iter 2: obj=160140307.284982, maxRC=10228154.150288, +17 cols
    [CG]   [DIAG] iter=2 posCols=17 newCols=17 effImprove=17 updated=0
    [CG] CG iter 3: obj=166316793.142713, maxRC=6306065.026155, +12 cols
    [CG]   [DIAG] iter=3 posCols=12 newCols=12 effImprove=12 updated=0
    [CG] CG iter 1: obj=141408907.271114, maxRC=59508092.020645, +23 cols
    [CG] CG iter 3: obj=166142929.916436, maxRC=6307234.631632, +12 cols
    [CG]   [DIAG] iter=1 posCols=23 newCols=23 effImprove=23 updated=0
    [CG]   [DIAG] iter=3 posCols=12 newCols=12 effImprove=12 updated=0
    [CG] CG iter 3: obj=166212227.080647, maxRC=5782856.609919, +11 cols
    [CG]   [DIAG] iter=3 posCols=11 newCols=11 effImprove=11 updated=0
    [CG] CG iter 4: obj=169065979.019633, maxRC=4095921.392791, +5 cols
    [CG]   [DIAG] iter=4 posCols=5 newCols=5 effImprove=5 updated=0
    [CG] CG iter 4: obj=172982628.609222, maxRC=1390846.082579, +2 cols
    [CG]   [DIAG] iter=4 posCols=2 newCols=2 effImprove=2 updated=0
    [CG] CG iter 4: obj=168895901.900583, maxRC=4112867.319910, +5 cols
    [CG]   [DIAG] iter=4 posCols=5 newCols=5 effImprove=5 updated=0
    [CG] CG iter 2: obj=159851765.677641, maxRC=10237671.189741, +17 cols
    [CG] CG iter 5: obj=173133664.739694, maxRC=475363.815879, +2 cols
    [CG]   [DIAG] iter=5 posCols=2 newCols=2 effImprove=2 updated=0
    [CG]   [DIAG] iter=2 posCols=17 newCols=17 effImprove=17 updated=0
    [CG] 列生成收敛，共 5 轮迭代
    [CG] [CG-NODE] depth=0 exit=CERTIFIED certified=1 feasible=1 iters=5 generatedColsBeforeNode=0 newCols=57 posCandidates=57 duplicateCandidates=0 updatedCols=0 zeroObjImproveIters=0 objFirst=142305054.631814 objLast=173286245.459870 objGain=30981190.828055 maxRC=59519752.128890 wallSec=0.017306 pricingSec=0.012034 cplexSolveSec=0.002946
      [BB] 根节点即为整数解，obj=173286245.459870
    [CG] 列生成收敛，共 5 轮迭代
    [CG] [CG-NODE] depth=0 exit=CERTIFIED certified=1 feasible=1 iters=5 generatedColsBeforeNode=0 newCols=57 posCandidates=57 duplicateCandidates=0 updatedCols=0 zeroObjImproveIters=0 objFirst=142158733.942386 objLast=173113537.817553 objGain=30954803.875167 maxRC=59486728.686669 wallSec=0.018018 pricingSec=0.012447 cplexSolveSec=0.003061
    [CG] 列生成收敛，共 6 轮迭代
    [CG] [CG-NODE] depth=0 exit=CERTIFIED certified=1 feasible=1 iters=6 generatedColsBeforeNode=0 newCols=55 posCandidates=55 duplicateCandidates=0 updatedCols=0 zeroObjImproveIters=1 objFirst=141881958.067445 objLast=173133664.739694 objGain=31251706.672249 maxRC=59509916.304237 wallSec=0.010332 pricingSec=0.006972 cplexSolveSec=0.001869
      [BB] 根节点即为整数解，obj=173133664.739694
      [BB] 根节点即为整数解，obj=173113537.817553
    [CG] CG iter 3: obj=164922373.090538, maxRC=8737062.544971, +13 cols
    [CG]   [DIAG] iter=3 posCols=13 newCols=13 effImprove=13 updated=0
    [CG] CG iter 4: obj=169959986.948528, maxRC=2904705.765374, +8 cols
    [CG]   [DIAG] iter=4 posCols=8 newCols=8 effImprove=8 updated=0
    [CG] CG iter 5: obj=172864692.713902, maxRC=141130.060209, +2 cols
    [CG]   [DIAG] iter=5 posCols=2 newCols=2 effImprove=2 updated=0
    [CG] 列生成收敛，共 6 轮迭代
    [CG] [CG-NODE] depth=0 exit=CERTIFIED certified=1 feasible=1 iters=6 generatedColsBeforeNode=0 newCols=63 posCandidates=63 duplicateCandidates=0 updatedCols=0 zeroObjImproveIters=1 objFirst=141408907.271114 objLast=172864692.713902 objGain=31455785.442788 maxRC=59508092.020645 wallSec=0.014688 pricingSec=0.010238 cplexSolveSec=0.002452
      [BB] 根节点即为整数解，obj=172864692.713902
[GA] 代数 4: Best=173345960.78, Avg=173178843.78, Worst=172700927.97, Valid=30/30, 耗时=0.06s (连续4代未提升)
  ├─ 求解: 30 个体 fork 并行 | CG迭代=143 加列=1493 BB分支=0
  ├─ 并行墙钟=0.0580s | 串行等效(ΣBP)=0.3915s | 加速比=6.75x
  ├─ 管理开销=-0.3335s (fork=0.0039 wait=0.0536 merge=0.0004)
  └─ CG明细: gen_logs/run_gen4_ind{0..29}.log
    [CG] 列生成开始，初始列数=128
    [CG] 列生成开始，初始列数=128
    [CG] 列生成开始，初始列数=128
    [CG] 列生成开始，初始列数=128
    [CG] 列生成开始，初始列数=128
    [CG] 列生成开始，初始列数=128
    [CG] 列生成开始，初始列数=128
    [CG] 列生成开始，初始列数=128
    [CG] CG iter 1: obj=142311749.807249, maxRC=59518325.011962, +23 cols
    [CG]   [DIAG] iter=1 posCols=23 newCols=23 effImprove=23 updated=0
    [CG] CG iter 2: obj=160205792.263979, maxRC=10623491.311119, +17 cols
    [CG]   [DIAG] iter=2 posCols=17 newCols=17 effImprove=17 updated=0
    [CG] CG iter 3: obj=166348287.915715, maxRC=6307269.009646, +12 cols
    [CG]   [DIAG] iter=3 posCols=12 newCols=12 effImprove=12 updated=0
    [CG] CG iter 1: obj=141664234.586481, maxRC=59508092.020645, +23 cols
    [CG] CG iter 1: obj=141956242.957253, maxRC=59508321.109784, +23 cols
    [CG]   [DIAG] iter=1 posCols=23 newCols=23 effImprove=23 updated=0
    [CG]   [DIAG] iter=1 posCols=23 newCols=23 effImprove=23 updated=0
    [CG] CG iter 4: obj=169098689.847037, maxRC=4100562.650262, +5 cols
    [CG]   [DIAG] iter=4 posCols=5 newCols=5 effImprove=5 updated=0
    [CG] 列生成收敛，共 5 轮迭代
    [CG] [CG-NODE] depth=0 exit=CERTIFIED certified=1 feasible=1 iters=5 generatedColsBeforeNode=0 newCols=57 posCandidates=57 duplicateCandidates=0 updatedCols=0 zeroObjImproveIters=0 objFirst=142311749.807249 objLast=173317084.057878 objGain=31005334.250629 maxRC=59518325.011962 wallSec=0.007208 pricingSec=0.004423 cplexSolveSec=0.001342
    [CG] CG iter 2: obj=160157372.974472, maxRC=10185000.102797, +17 cols
    [CG]   [DIAG] iter=2 posCols=17 newCols=17 effImprove=17 updated=0
      [BB] 根节点即为整数解，obj=173317084.057878
    [CG] CG iter 2: obj=160078207.025866, maxRC=9480903.717869, +17 cols
    [CG]   [DIAG] iter=2 posCols=17 newCols=17 effImprove=17 updated=0
    [CG] CG iter 3: obj=167952133.865983, maxRC=3679038.081785, +12 cols
    [CG]   [DIAG] iter=3 posCols=12 newCols=12 effImprove=12 updated=0
    [CG] CG iter 1: obj=141977610.677972, maxRC=59506225.666795, +23 cols
    [CG] CG iter 4: obj=171431280.628113, maxRC=1699649.562487, +8 cols
    [CG] CG iter 1: obj=141977034.853662, maxRC=59507733.181401, +23 cols
    [CG]   [DIAG] iter=4 posCols=8 newCols=8 effImprove=8 updated=0
    [CG]   [DIAG] iter=1 posCols=23 newCols=23 effImprove=23 updated=0
    [CG] CG iter 3: obj=166460169.802486, maxRC=7016977.263159, +15 cols
    [CG]   [DIAG] iter=1 posCols=23 newCols=23 effImprove=23 updated=0
    [CG]   [DIAG] iter=3 posCols=15 newCols=15 effImprove=15 updated=0
    [CG] CG iter 5: obj=173255119.318892, maxRC=1122376.952111, +4 cols
    [CG]   [DIAG] iter=5 posCols=4 newCols=4 effImprove=4 updated=0
    [CG] 列生成开始，初始列数=128
    [CG] 列生成收敛，共 6 轮迭代
    [CG] [CG-NODE] depth=0 exit=CERTIFIED certified=1 feasible=1 iters=6 generatedColsBeforeNode=0 newCols=64 posCandidates=64 duplicateCandidates=0 updatedCols=0 zeroObjImproveIters=1 objFirst=141956242.957253 objLast=173255119.318892 objGain=31298876.361639 maxRC=59508321.109784 wallSec=0.009016 pricingSec=0.005830 cplexSolveSec=0.001679
    [CG] CG iter 4: obj=171319094.993917, maxRC=2415409.987999, +7 cols
    [CG]   [DIAG] iter=4 posCols=7 newCols=7 effImprove=7 updated=0
      [BB] 根节点即为整数解，obj=173255119.318892
    [CG] CG iter 2: obj=160121607.768021, maxRC=10625801.145326, +17 cols
    [CG] CG iter 2: obj=160124202.153012, maxRC=10663763.362884, +17 cols
    [CG]   [DIAG] iter=2 posCols=17 newCols=17 effImprove=17 updated=0
    [CG]   [DIAG] iter=2 posCols=17 newCols=17 effImprove=17 updated=0
    [CG] 列生成收敛，共 5 轮迭代
    [CG] [CG-NODE] depth=0 exit=CERTIFIED certified=1 feasible=1 iters=5 generatedColsBeforeNode=0 newCols=62 posCandidates=62 duplicateCandidates=0 updatedCols=0 zeroObjImproveIters=0 objFirst=141664234.586481 objLast=173144562.002676 objGain=31480327.416195 maxRC=59508092.020645 wallSec=0.009896 pricingSec=0.006606 cplexSolveSec=0.001841
      [BB] 根节点即为整数解，obj=173144562.002676
    [CG] CG iter 3: obj=166232071.989431, maxRC=6319081.444875, +12 cols
    [CG] CG iter 3: obj=166222035.256274, maxRC=6310625.649841, +11 cols
    [CG]   [DIAG] iter=3 posCols=12 newCols=12 effImprove=12 updated=0
    [CG]   [DIAG] iter=3 posCols=11 newCols=11 effImprove=11 updated=0
    [CG] CG iter 4: obj=168960035.145545, maxRC=4066784.597885, +5 cols
    [CG] CG iter 4: obj=168964526.309329, maxRC=4076937.689477, +5 cols
    [CG] 列生成开始，初始列数=128
    [CG]   [DIAG] iter=4 posCols=5 newCols=5 effImprove=5 updated=0
    [CG]   [DIAG] iter=4 posCols=5 newCols=5 effImprove=5 updated=0
    [CG] CG iter 1: obj=141788317.690805, maxRC=59508629.421287, +23 cols
    [CG]   [DIAG] iter=1 posCols=23 newCols=23 effImprove=23 updated=0
    [CG] CG iter 5: obj=173167464.076838, maxRC=17049.673321, +1 cols
    [CG]   [DIAG] iter=5 posCols=1 newCols=1 effImprove=1 updated=0
    [CG] CG iter 5: obj=173183287.532625, maxRC=21145.671943, +1 cols
    [CG]   [DIAG] iter=5 posCols=1 newCols=1 effImprove=1 updated=0
    [CG] CG iter 1: obj=141967093.960834, maxRC=59508092.020645, +23 cols
    [CG]   [DIAG] iter=1 posCols=23 newCols=23 effImprove=23 updated=0
    [CG] 列生成收敛，共 6 轮迭代
    [CG] [CG-NODE] depth=0 exit=CERTIFIED certified=1 feasible=1 iters=6 generatedColsBeforeNode=0 newCols=57 posCandidates=57 duplicateCandidates=0 updatedCols=0 zeroObjImproveIters=1 objFirst=141977034.853662 objLast=173167464.076838 objGain=31190429.223176 maxRC=59507733.181401 wallSec=0.012452 pricingSec=0.008187 cplexSolveSec=0.002368
    [CG] 列生成收敛，共 6 轮迭代
    [CG] [CG-NODE] depth=0 exit=CERTIFIED certified=1 feasible=1 iters=6 generatedColsBeforeNode=0 newCols=58 posCandidates=58 duplicateCandidates=0 updatedCols=0 zeroObjImproveIters=1 objFirst=141977610.677972 objLast=173183287.532625 objGain=31205676.854652 maxRC=59506225.666795 wallSec=0.012613 pricingSec=0.008125 cplexSolveSec=0.002393
      [BB] 根节点即为整数解，obj=173167464.076838
      [BB] 根节点即为整数解，obj=173183287.532625
    [CG] 列生成开始，初始列数=128
    [CG] CG iter 2: obj=160117382.038214, maxRC=9505825.612325, +17 cols
    [CG]   [DIAG] iter=2 posCols=17 newCols=17 effImprove=17 updated=0
    [CG] CG iter 1: obj=141740652.583773, maxRC=59508092.020645, +23 cols
    [CG]   [DIAG] iter=1 posCols=23 newCols=23 effImprove=23 updated=0
    [CG] CG iter 2: obj=160116321.404649, maxRC=10638751.994843, +17 cols
    [CG]   [DIAG] iter=2 posCols=17 newCols=17 effImprove=17 updated=0
    [CG] 列生成开始，初始列数=128
    [CG] 列生成开始，初始列数=128
    [CG] CG iter 3: obj=166479534.577137, maxRC=7027842.998583, +15 cols
    [CG] CG iter 1: obj=142314265.090524, maxRC=59519752.128890, +23 cols
    [CG]   [DIAG] iter=3 posCols=15 newCols=15 effImprove=15 updated=0
    [CG] CG iter 2: obj=160151261.023243, maxRC=9475613.102507, +17 cols
    [CG]   [DIAG] iter=1 posCols=23 newCols=23 effImprove=23 updated=0
    [CG]   [DIAG] iter=2 posCols=17 newCols=17 effImprove=17 updated=0
    [CG] CG iter 3: obj=166221256.866316, maxRC=6317381.444410, +12 cols
    [CG]   [DIAG] iter=3 posCols=12 newCols=12 effImprove=12 updated=0
    [CG] CG iter 4: obj=171366093.445589, maxRC=3058526.061900, +7 cols
    [CG] CG iter 2: obj=160204718.284922, maxRC=10624198.808965, +17 cols
    [CG]   [DIAG] iter=4 posCols=7 newCols=7 effImprove=7 updated=0
    [CG]   [DIAG] iter=2 posCols=17 newCols=17 effImprove=17 updated=0
    [CG] CG iter 4: obj=168955525.246191, maxRC=4072589.155429, +5 cols
    [CG]   [DIAG] iter=4 posCols=5 newCols=5 effImprove=5 updated=0
    [CG] CG iter 3: obj=166538840.933127, maxRC=7020164.949324, +15 cols
    [CG]   [DIAG] iter=3 posCols=15 newCols=15 effImprove=15 updated=0
    [CG] 列生成收敛，共 5 轮迭代
    [CG] [CG-NODE] depth=0 exit=CERTIFIED certified=1 feasible=1 iters=5 generatedColsBeforeNode=0 newCols=62 posCandidates=62 duplicateCandidates=0 updatedCols=0 zeroObjImproveIters=0 objFirst=141788317.690805 objLast=173183923.672829 objGain=31395605.982024 maxRC=59508629.421287 wallSec=0.017086 pricingSec=0.012027 cplexSolveSec=0.002750
    [CG] CG iter 3: obj=166346685.755563, maxRC=6307213.276277, +12 cols
    [CG]   [DIAG] iter=3 posCols=12 newCols=12 effImprove=12 updated=0
      [BB] 根节点即为整数解，obj=173183923.672829
    [CG] CG iter 5: obj=173170699.218417, maxRC=20856.482746, +1 cols
    [CG]   [DIAG] iter=5 posCols=1 newCols=1 effImprove=1 updated=0
    [CG] CG iter 4: obj=169097060.773820, maxRC=4100305.678539, +5 cols
    [CG]   [DIAG] iter=4 posCols=5 newCols=5 effImprove=5 updated=0
    [CG] CG iter 4: obj=171399027.051653, maxRC=2405976.585585, +7 cols
    [CG]   [DIAG] iter=4 posCols=7 newCols=7 effImprove=7 updated=0
    [CG] 列生成收敛，共 5 轮迭代
    [CG] [CG-NODE] depth=0 exit=CERTIFIED certified=1 feasible=1 iters=5 generatedColsBeforeNode=0 newCols=57 posCandidates=57 duplicateCandidates=0 updatedCols=0 zeroObjImproveIters=0 objFirst=142314265.090524 objLast=173315263.851824 objGain=31000998.761301 maxRC=59519752.128890 wallSec=0.009593 pricingSec=0.006702 cplexSolveSec=0.001518
    [CG] 列生成收敛，共 6 轮迭代
    [CG] [CG-NODE] depth=0 exit=CERTIFIED certified=1 feasible=1 iters=6 generatedColsBeforeNode=0 newCols=58 posCandidates=58 duplicateCandidates=0 updatedCols=0 zeroObjImproveIters=1 objFirst=141967093.960834 objLast=173170699.218417 objGain=31203605.257583 maxRC=59508092.020645 wallSec=0.017417 pricingSec=0.012181 cplexSolveSec=0.002995
      [BB] 根节点即为整数解，obj=173315263.851824
      [BB] 根节点即为整数解，obj=173170699.218417
    [CG] 列生成收敛，共 5 轮迭代
    [CG] [CG-NODE] depth=0 exit=CERTIFIED certified=1 feasible=1 iters=5 generatedColsBeforeNode=0 newCols=62 posCandidates=62 duplicateCandidates=0 updatedCols=0 zeroObjImproveIters=0 objFirst=141740652.583773 objLast=173224494.060412 objGain=31483841.476639 maxRC=59508092.020645 wallSec=0.017613 pricingSec=0.012194 cplexSolveSec=0.002865
      [BB] 根节点即为整数解，obj=173224494.060412
    [CG] CG iter 1: obj=142022396.396210, maxRC=59507501.565993, +23 cols
    [CG] 列生成开始，初始列数=128
    [CG]   [DIAG] iter=1 posCols=23 newCols=23 effImprove=23 updated=0
    [CG] 列生成开始，初始列数=128
    [CG] CG iter 1: obj=141983606.296852, maxRC=59509132.097522, +23 cols
    [CG]   [DIAG] iter=1 posCols=23 newCols=23 effImprove=23 updated=0
    [CG] CG iter 2: obj=160146206.633336, maxRC=10623020.394578, +17 cols
    [CG] CG iter 2: obj=160154621.485613, maxRC=10690192.424690, +17 cols
    [CG]   [DIAG] iter=2 posCols=17 newCols=17 effImprove=17 updated=0
    [CG]   [DIAG] iter=2 posCols=17 newCols=17 effImprove=17 updated=0
    [CG] 列生成开始，初始列数=128
    [CG] CG iter 1: obj=142215652.575157, maxRC=59518310.986239, +23 cols
    [CG]   [DIAG] iter=1 posCols=23 newCols=23 effImprove=23 updated=0
    [CG] 列生成开始，初始列数=128
    [CG] CG iter 3: obj=166229051.157901, maxRC=6314021.726483, +11 cols
    [CG]   [DIAG] iter=3 posCols=11 newCols=11 effImprove=11 updated=0
    [CG] CG iter 3: obj=166268262.523688, maxRC=6312891.891426, +11 cols
    [CG] CG iter 4: obj=168952901.324574, maxRC=4045498.835083, +5 cols
    [CG] CG iter 2: obj=160141016.410322, maxRC=10623485.371715, +17 cols
    [CG]   [DIAG] iter=4 posCols=5 newCols=5 effImprove=5 updated=0
    [CG]   [DIAG] iter=3 posCols=11 newCols=11 effImprove=11 updated=0
    [CG]   [DIAG] iter=2 posCols=17 newCols=17 effImprove=17 updated=0
    [CG] 列生成收敛，共 5 轮迭代
    [CG] [CG-NODE] depth=0 exit=CERTIFIED certified=1 feasible=1 iters=5 generatedColsBeforeNode=0 newCols=56 posCandidates=56 duplicateCandidates=0 updatedCols=0 zeroObjImproveIters=0 objFirst=141983606.296852 objLast=173150962.175321 objGain=31167355.878469 maxRC=59509132.097522 wallSec=0.008673 pricingSec=0.005799 cplexSolveSec=0.001543
      [BB] 根节点即为整数解，obj=173150962.175321
    [CG] CG iter 3: obj=166274749.530779, maxRC=6310416.892388, +12 cols
    [CG] CG iter 4: obj=169002057.526830, maxRC=4083030.268413, +5 cols
    [CG]   [DIAG] iter=4 posCols=5 newCols=5 effImprove=5 updated=0
    [CG]   [DIAG] iter=3 posCols=12 newCols=12 effImprove=12 updated=0
    [CG] CG iter 4: obj=169028299.344843, maxRC=4097084.235035, +5 cols
    [CG]   [DIAG] iter=4 posCols=5 newCols=5 effImprove=5 updated=0
    [CG] CG iter 1: obj=142080449.043062, maxRC=59508092.020645, +23 cols
    [CG] CG iter 5: obj=173221827.061372, maxRC=8884.055670, +1 cols
    [CG]   [DIAG] iter=5 posCols=1 newCols=1 effImprove=1 updated=0
    [CG]   [DIAG] iter=1 posCols=23 newCols=23 effImprove=23 updated=0
    [CG] 列生成收敛，共 5 轮迭代
    [CG] [CG-NODE] depth=0 exit=CERTIFIED certified=1 feasible=1 iters=5 generatedColsBeforeNode=0 newCols=57 posCandidates=57 duplicateCandidates=0 updatedCols=0 zeroObjImproveIters=0 objFirst=142215652.575157 objLast=173248074.018713 objGain=31032421.443556 maxRC=59518310.986239 wallSec=0.010606 pricingSec=0.007177 cplexSolveSec=0.001901
    [CG] CG iter 1: obj=142334916.455130, maxRC=59519752.128890, +23 cols
      [BB] 根节点即为整数解，obj=173248074.018713
    [CG]   [DIAG] iter=1 posCols=23 newCols=23 effImprove=23 updated=0
    [CG] 列生成收敛，共 6 轮迭代
    [CG] [CG-NODE] depth=0 exit=CERTIFIED certified=1 feasible=1 iters=6 generatedColsBeforeNode=0 newCols=57 posCandidates=57 duplicateCandidates=0 updatedCols=0 zeroObjImproveIters=1 objFirst=142022396.396210 objLast=173221827.061372 objGain=31199430.665163 maxRC=59507501.565993 wallSec=0.014591 pricingSec=0.009902 cplexSolveSec=0.002783
    [CG] 列生成开始，初始列数=128
      [BB] 根节点即为整数解，obj=173221827.061372
    [CG] CG iter 2: obj=160205755.260774, maxRC=10623469.392767, +17 cols
    [CG]   [DIAG] iter=2 posCols=17 newCols=17 effImprove=17 updated=0
    [CG] CG iter 1: obj=141980324.002558, maxRC=59509916.304237, +23 cols
    [CG] CG iter 2: obj=160190047.735197, maxRC=10627178.414242, +17 cols
    [CG]   [DIAG] iter=1 posCols=23 newCols=23 effImprove=23 updated=0
    [CG]   [DIAG] iter=2 posCols=17 newCols=17 effImprove=17 updated=0
    [CG] CG iter 3: obj=166348047.214509, maxRC=6307299.735216, +12 cols
    [CG]   [DIAG] iter=3 posCols=12 newCols=12 effImprove=12 updated=0
    [CG] 列生成开始，初始列数=128
    [CG] CG iter 2: obj=160188818.869099, maxRC=10132746.079937, +17 cols
    [CG]   [DIAG] iter=2 posCols=17 newCols=17 effImprove=17 updated=0
    [CG] CG iter 3: obj=166309033.988578, maxRC=6315827.130668, +11 cols
    [CG] CG iter 4: obj=169098231.710762, maxRC=4100469.243233, +5 cols
    [CG]   [DIAG] iter=4 posCols=5 newCols=5 effImprove=5 updated=0
    [CG]   [DIAG] iter=3 posCols=11 newCols=11 effImprove=11 updated=0
    [CG] 列生成收敛，共 5 轮迭代
    [CG] [CG-NODE] depth=0 exit=CERTIFIED certified=1 feasible=1 iters=5 generatedColsBeforeNode=0 newCols=57 posCandidates=57 duplicateCandidates=0 updatedCols=0 zeroObjImproveIters=0 objFirst=142334916.455130 objLast=173316639.869543 objGain=30981723.414413 maxRC=59519752.128890 wallSec=0.008590 pricingSec=0.005745 cplexSolveSec=0.001530
      [BB] 根节点即为整数解，obj=173316639.869543
    [CG] 列生成开始，初始列数=128
    [CG] CG iter 3: obj=167954908.675151, maxRC=3734527.620963, +12 cols
    [CG] CG iter 4: obj=169038233.994269, maxRC=4079588.722444, +5 cols
    [CG]   [DIAG] iter=3 posCols=12 newCols=12 effImprove=12 updated=0
    [CG]   [DIAG] iter=4 posCols=5 newCols=5 effImprove=5 updated=0
    [CG] 列生成收敛，共 5 轮迭代
    [CG] [CG-NODE] depth=0 exit=CERTIFIED certified=1 feasible=1 iters=5 generatedColsBeforeNode=0 newCols=56 posCandidates=56 duplicateCandidates=0 updatedCols=0 zeroObjImproveIters=0 objFirst=142080449.043062 objLast=173255543.440938 objGain=31175094.397876 maxRC=59508092.020645 wallSec=0.017221 pricingSec=0.011954 cplexSolveSec=0.002808
    [CG] CG iter 4: obj=171434224.495464, maxRC=1681037.812700, +8 cols
    [CG]   [DIAG] iter=4 posCols=8 newCols=8 effImprove=8 updated=0
      [BB] 根节点即为整数解，obj=173255543.440938
    [CG] CG iter 5: obj=173251544.485061, maxRC=1168649.793862, +5 cols
    [CG]   [DIAG] iter=5 posCols=5 newCols=5 effImprove=5 updated=0
    [CG] 列生成开始，初始列数=128
    [CG] 列生成收敛，共 6 轮迭代
    [CG] [CG-NODE] depth=0 exit=CERTIFIED certified=1 feasible=1 iters=6 generatedColsBeforeNode=0 newCols=65 posCandidates=65 duplicateCandidates=0 updatedCols=0 zeroObjImproveIters=1 objFirst=141980324.002558 objLast=173251544.485061 objGain=31271220.482503 maxRC=59509916.304237 wallSec=0.011618 pricingSec=0.007682 cplexSolveSec=0.002211
      [BB] 根节点即为整数解，obj=173251544.485061
    [CG] CG iter 1: obj=142309149.259305, maxRC=59519752.128890, +23 cols
    [CG]   [DIAG] iter=1 posCols=23 newCols=23 effImprove=23 updated=0
    [CG] CG iter 1: obj=142128872.119071, maxRC=59486728.686669, +23 cols
    [CG] CG iter 2: obj=160204759.409340, maxRC=10624198.808965, +17 cols
    [CG]   [DIAG] iter=2 posCols=17 newCols=17 effImprove=17 updated=0
    [CG] CG iter 1: obj=141745659.162946, maxRC=59508629.421287, +23 cols
    [CG]   [DIAG] iter=1 posCols=23 newCols=23 effImprove=23 updated=0
    [CG]   [DIAG] iter=1 posCols=23 newCols=23 effImprove=23 updated=0
    [CG] CG iter 1: obj=141953287.224413, maxRC=59507501.565993, +23 cols
    [CG] CG iter 1: obj=141889837.185382, maxRC=59510570.390201, +23 cols
    [CG]   [DIAG] iter=1 posCols=23 newCols=23 effImprove=23 updated=0
    [CG]   [DIAG] iter=1 posCols=23 newCols=23 effImprove=23 updated=0
    [CG] CG iter 1: obj=141884378.588128, maxRC=59509916.304237, +23 cols
    [CG] CG iter 3: obj=166344148.402163, maxRC=6308191.974724, +12 cols
    [CG]   [DIAG] iter=3 posCols=12 newCols=12 effImprove=12 updated=0
    [CG]   [DIAG] iter=1 posCols=23 newCols=23 effImprove=23 updated=0
    [CG] CG iter 2: obj=160141486.782455, maxRC=9491289.146058, +17 cols
    [CG] CG iter 4: obj=169091937.846038, maxRC=4098072.370374, +5 cols
    [CG]   [DIAG] iter=2 posCols=17 newCols=17 effImprove=17 updated=0
    [CG]   [DIAG] iter=4 posCols=5 newCols=5 effImprove=5 updated=0
    [CG] CG iter 2: obj=160142065.623136, maxRC=10220552.989320, +17 cols
    [CG]   [DIAG] iter=2 posCols=17 newCols=17 effImprove=17 updated=0
    [CG] 列生成收敛，共 5 轮迭代
    [CG] [CG-NODE] depth=0 exit=CERTIFIED certified=1 feasible=1 iters=5 generatedColsBeforeNode=0 newCols=57 posCandidates=57 duplicateCandidates=0 updatedCols=0 zeroObjImproveIters=0 objFirst=142309149.259305 objLast=173310140.924042 objGain=31000991.664737 maxRC=59519752.128890 wallSec=0.007722 pricingSec=0.004746 cplexSolveSec=0.001286
      [BB] 根节点即为整数解，obj=173310140.924042
    [CG] CG iter 2: obj=160009131.123201, maxRC=9506879.688002, +17 cols
    [CG]   [DIAG] iter=2 posCols=17 newCols=17 effImprove=17 updated=0
    [CG] CG iter 3: obj=166215040.261510, maxRC=5783177.073917, +11 cols
    [CG] CG iter 2: obj=159974229.864074, maxRC=10611220.942649, +17 cols
    [CG]   [DIAG] iter=3 posCols=11 newCols=11 effImprove=11 updated=0
    [CG]   [DIAG] iter=2 posCols=17 newCols=17 effImprove=17 updated=0
    [CG] CG iter 3: obj=166519025.290563, maxRC=7036471.783101, +15 cols
    [CG]   [DIAG] iter=3 posCols=15 newCols=15 effImprove=15 updated=0
    [CG] CG iter 4: obj=172985762.254083, maxRC=1390846.082579, +2 cols
    [CG]   [DIAG] iter=4 posCols=2 newCols=2 effImprove=2 updated=0
    [CG] CG iter 2: obj=160100237.939008, maxRC=10623002.338781, +17 cols
    [CG]   [DIAG] iter=2 posCols=17 newCols=17 effImprove=17 updated=0
    [CG] CG iter 5: obj=173136798.384555, maxRC=474540.756219, +2 cols
    [CG]   [DIAG] iter=5 posCols=2 newCols=2 effImprove=2 updated=0
    [CG] CG iter 4: obj=171408881.296279, maxRC=2492398.655737, +7 cols
    [CG]   [DIAG] iter=4 posCols=7 newCols=7 effImprove=7 updated=0
    [CG] 列生成收敛，共 6 轮迭代
    [CG] [CG-NODE] depth=0 exit=CERTIFIED certified=1 feasible=1 iters=6 generatedColsBeforeNode=0 newCols=55 posCandidates=55 duplicateCandidates=0 updatedCols=0 zeroObjImproveIters=1 objFirst=141884378.588128 objLast=173136798.384555 objGain=31252419.796427 maxRC=59509916.304237 wallSec=0.007037 pricingSec=0.004579 cplexSolveSec=0.001358
      [BB] 根节点即为整数解，obj=173136798.384555
    [CG] CG iter 3: obj=166372199.530104, maxRC=6997961.251080, +15 cols
    [CG]   [DIAG] iter=3 posCols=15 newCols=15 effImprove=15 updated=0
    [CG] CG iter 5: obj=173226711.523518, maxRC=17725.745316, +1 cols
    [CG]   [DIAG] iter=5 posCols=1 newCols=1 effImprove=1 updated=0
    [CG] CG iter 3: obj=166111675.844640, maxRC=6305999.922571, +12 cols
    [CG]   [DIAG] iter=3 posCols=12 newCols=12 effImprove=12 updated=0
    [CG] CG iter 4: obj=171220333.093464, maxRC=2430995.944352, +7 cols
    [CG] CG iter 3: obj=166210729.142239, maxRC=6320174.192522, +12 cols
    [CG]   [DIAG] iter=4 posCols=7 newCols=7 effImprove=7 updated=0
    [CG]   [DIAG] iter=3 posCols=12 newCols=12 effImprove=12 updated=0
    [CG] 列生成收敛，共 6 轮迭代
    [CG] [CG-NODE] depth=0 exit=CERTIFIED certified=1 feasible=1 iters=6 generatedColsBeforeNode=0 newCols=63 posCandidates=63 duplicateCandidates=0 updatedCols=0 zeroObjImproveIters=1 objFirst=141745659.162946 objLast=173226711.523518 objGain=31481052.360572 maxRC=59508629.421287 wallSec=0.010910 pricingSec=0.007204 cplexSolveSec=0.002067
      [BB] 根节点即为整数解，obj=173226711.523518
    [CG] CG iter 5: obj=173038189.720585, maxRC=10979.333346, +1 cols
    [CG]   [DIAG] iter=5 posCols=1 newCols=1 effImprove=1 updated=0
    [CG] CG iter 4: obj=168863649.209454, maxRC=4108319.469468, +5 cols
    [CG]   [DIAG] iter=4 posCols=5 newCols=5 effImprove=5 updated=0
    [CG] CG iter 4: obj=168941050.339584, maxRC=4076043.560994, +5 cols
    [CG]   [DIAG] iter=4 posCols=5 newCols=5 effImprove=5 updated=0
    [CG] 列生成收敛，共 6 轮迭代
    [CG] [CG-NODE] depth=0 exit=CERTIFIED certified=1 feasible=1 iters=6 generatedColsBeforeNode=0 newCols=63 posCandidates=63 duplicateCandidates=0 updatedCols=0 zeroObjImproveIters=1 objFirst=141889837.185382 objLast=173038189.720585 objGain=31148352.535202 maxRC=59510570.390201 wallSec=0.013608 pricingSec=0.009322 cplexSolveSec=0.002465
      [BB] 根节点即为整数解，obj=173038189.720585
    [CG] 列生成收敛，共 5 轮迭代
    [CG] [CG-NODE] depth=0 exit=CERTIFIED certified=1 feasible=1 iters=5 generatedColsBeforeNode=0 newCols=57 posCandidates=57 duplicateCandidates=0 updatedCols=0 zeroObjImproveIters=0 objFirst=142128872.119071 objLast=173083143.407879 objGain=30954271.288808 maxRC=59486728.686669 wallSec=0.018655 pricingSec=0.013034 cplexSolveSec=0.003045
    [CG] CG iter 5: obj=173160827.224141, maxRC=23923.991062, +1 cols
    [CG]   [DIAG] iter=5 posCols=1 newCols=1 effImprove=1 updated=0
      [BB] 根节点即为整数解，obj=173083143.407879
    [CG] 列生成收敛，共 6 轮迭代
    [CG] [CG-NODE] depth=0 exit=CERTIFIED certified=1 feasible=1 iters=6 generatedColsBeforeNode=0 newCols=58 posCandidates=58 duplicateCandidates=0 updatedCols=0 zeroObjImproveIters=1 objFirst=141953287.224413 objLast=173160827.224141 objGain=31207539.999729 maxRC=59507501.565993 wallSec=0.018946 pricingSec=0.012928 cplexSolveSec=0.003327
      [BB] 根节点即为整数解，obj=173160827.224141
[GA] 代数 5: Best=173345969.74, Avg=173243363.42, Worst=173066841.25, Valid=30/30, 耗时=0.04s (连续5代未提升)
  ├─ 求解: 30 个体 fork 并行 | CG迭代=115 加列=1238 BB分支=0
  ├─ 并行墙钟=0.0408s | 串行等效(ΣBP)=0.2657s | 加速比=6.51x
  ├─ 管理开销=-0.2249s (fork=0.0032 wait=0.0373 merge=0.0003)
  └─ CG明细: gen_logs/run_gen5_ind{0..29}.log
    [CG] 列生成开始，初始列数=128
    [CG] 列生成开始，初始列数=128
    [CG] 列生成开始，初始列数=128
    [CG] 列生成开始，初始列数=128
    [CG] 列生成开始，初始列数=128
    [CG] 列生成开始，初始列数=128
    [CG] 列生成开始，初始列数=128
    [CG] 列生成开始，初始列数=128
    [CG] CG iter 1: obj=142138528.884610, maxRC=59508129.148104, +23 cols
    [CG]   [DIAG] iter=1 posCols=23 newCols=23 effImprove=23 updated=0
    [CG] CG iter 1: obj=142255943.112936, maxRC=59518351.082776, +23 cols
    [CG]   [DIAG] iter=1 posCols=23 newCols=23 effImprove=23 updated=0
    [CG] CG iter 2: obj=160202709.843381, maxRC=10627157.755583, +17 cols
    [CG]   [DIAG] iter=2 posCols=17 newCols=17 effImprove=17 updated=0
    [CG] CG iter 2: obj=160193132.080902, maxRC=10623501.770124, +17 cols
    [CG]   [DIAG] iter=2 posCols=17 newCols=17 effImprove=17 updated=0
    [CG] CG iter 3: obj=166343490.960806, maxRC=6306756.337142, +12 cols
    [CG] CG iter 1: obj=142334916.529742, maxRC=59519752.128890, +23 cols
    [CG]   [DIAG] iter=3 posCols=12 newCols=12 effImprove=12 updated=0
    [CG]   [DIAG] iter=1 posCols=23 newCols=23 effImprove=23 updated=0
    [CG] CG iter 3: obj=166314445.814952, maxRC=6316070.589677, +11 cols
    [CG]   [DIAG] iter=3 posCols=11 newCols=11 effImprove=11 updated=0
    [CG] CG iter 4: obj=169094463.461367, maxRC=4099498.592602, +5 cols
    [CG]   [DIAG] iter=4 posCols=5 newCols=5 effImprove=5 updated=0
    [CG] 列生成收敛，共 5 轮迭代
    [CG] CG iter 4: obj=169043681.917126, maxRC=4081235.504526, +5 cols
    [CG] [CG-NODE] depth=0 exit=CERTIFIED certified=1 feasible=1 iters=5 generatedColsBeforeNode=0 newCols=57 posCandidates=57 duplicateCandidates=0 updatedCols=0 zeroObjImproveIters=0 objFirst=142138528.884610 objLast=173311782.522595 objGain=31173253.637986 maxRC=59508129.148104 wallSec=0.006953 pricingSec=0.004465 cplexSolveSec=0.001335
    [CG]   [DIAG] iter=4 posCols=5 newCols=5 effImprove=5 updated=0
      [BB] 根节点即为整数解，obj=173311782.522595
    [CG] CG iter 2: obj=160205754.743418, maxRC=10623469.392767, +17 cols
    [CG] 列生成收敛，共 5 轮迭代
    [CG]   [DIAG] iter=2 posCols=17 newCols=17 effImprove=17 updated=0
    [CG] [CG-NODE] depth=0 exit=CERTIFIED certified=1 feasible=1 iters=5 generatedColsBeforeNode=0 newCols=56 posCandidates=56 duplicateCandidates=0 updatedCols=0 zeroObjImproveIters=0 objFirst=142255943.112936 objLast=173262070.549438 objGain=31006127.436502 maxRC=59518351.082776 wallSec=0.007241 pricingSec=0.004756 cplexSolveSec=0.001358
      [BB] 根节点即为整数解，obj=173262070.549438
    [CG] CG iter 3: obj=166348046.993137, maxRC=6307299.439232, +12 cols
    [CG]   [DIAG] iter=3 posCols=12 newCols=12 effImprove=12 updated=0
    [CG] CG iter 1: obj=142308431.600385, maxRC=59519752.128890, +23 cols
    [CG]   [DIAG] iter=1 posCols=23 newCols=23 effImprove=23 updated=0
    [CG] 列生成开始，初始列数=128
    [CG] CG iter 4: obj=169098231.193406, maxRC=4100469.243233, +5 cols
    [CG]   [DIAG] iter=4 posCols=5 newCols=5 effImprove=5 updated=0
    [CG] CG iter 1: obj=142334916.763146, maxRC=59519752.131033, +23 cols
    [CG]   [DIAG] iter=1 posCols=23 newCols=23 effImprove=23 updated=0
    [CG] 列生成收敛，共 5 轮迭代
    [CG] [CG-NODE] depth=0 exit=CERTIFIED certified=1 feasible=1 iters=5 generatedColsBeforeNode=0 newCols=57 posCandidates=57 duplicateCandidates=0 updatedCols=0 zeroObjImproveIters=0 objFirst=142334916.529742 objLast=173316639.352187 objGain=30981722.822445 maxRC=59519752.128890 wallSec=0.010495 pricingSec=0.006807 cplexSolveSec=0.002015
      [BB] 根节点即为整数解，obj=173316639.352187
    [CG] 列生成开始，初始列数=128
    [CG] CG iter 1: obj=142333887.660420, maxRC=59518388.320511, +23 cols
    [CG] CG iter 2: obj=160202386.943263, maxRC=10627557.110082, +17 cols
    [CG]   [DIAG] iter=1 posCols=23 newCols=23 effImprove=23 updated=0
    [CG]   [DIAG] iter=2 posCols=17 newCols=17 effImprove=17 updated=0
    [CG] CG iter 2: obj=160205744.099521, maxRC=10623469.392767, +17 cols
    [CG]   [DIAG] iter=2 posCols=17 newCols=17 effImprove=17 updated=0
    [CG] CG iter 1: obj=141949371.254325, maxRC=59507024.196319, +23 cols
    [CG] 列生成开始，初始列数=128
    [CG]   [DIAG] iter=1 posCols=23 newCols=23 effImprove=23 updated=0
    [CG] CG iter 3: obj=166331847.189463, maxRC=6311217.538289, +12 cols
    [CG]   [DIAG] iter=3 posCols=12 newCols=12 effImprove=12 updated=0
    [CG] CG iter 2: obj=160202937.755538, maxRC=10622427.628388, +17 cols
    [CG]   [DIAG] iter=2 posCols=17 newCols=17 effImprove=17 updated=0
    [CG] CG iter 2: obj=160116321.404649, maxRC=10638751.994843, +17 cols
    [CG]   [DIAG] iter=2 posCols=17 newCols=17 effImprove=17 updated=0
    [CG] CG iter 4: obj=169071746.856017, maxRC=4089376.613627, +5 cols
    [CG]   [DIAG] iter=4 posCols=5 newCols=5 effImprove=5 updated=0
    [CG] CG iter 3: obj=166348036.053256, maxRC=6307299.735216, +12 cols
    [CG]   [DIAG] iter=3 posCols=12 newCols=12 effImprove=12 updated=0
    [CG] CG iter 3: obj=166345590.482960, maxRC=6307358.780927, +12 cols
    [CG] CG iter 5: obj=173288945.601474, maxRC=6307.456250, +1 cols
    [CG] CG iter 3: obj=166221256.866316, maxRC=6317381.444410, +12 cols
    [CG]   [DIAG] iter=5 posCols=1 newCols=1 effImprove=1 updated=0
    [CG]   [DIAG] iter=3 posCols=12 newCols=12 effImprove=12 updated=0
    [CG]   [DIAG] iter=3 posCols=12 newCols=12 effImprove=12 updated=0
    [CG] CG iter 4: obj=169098220.549509, maxRC=4100469.243233, +5 cols
    [CG]   [DIAG] iter=4 posCols=5 newCols=5 effImprove=5 updated=0
    [CG] 列生成收敛，共 6 轮迭代
    [CG] [CG-NODE] depth=0 exit=CERTIFIED certified=1 feasible=1 iters=6 generatedColsBeforeNode=0 newCols=58 posCandidates=58 duplicateCandidates=0 updatedCols=0 zeroObjImproveIters=1 objFirst=142308431.600385 objLast=173288945.601474 objGain=30980514.001089 maxRC=59519752.128890 wallSec=0.015364 pricingSec=0.010282 cplexSolveSec=0.002980
    [CG] CG iter 4: obj=168955525.246191, maxRC=4072589.155429, +5 cols
    [CG] CG iter 1: obj=142237788.463327, maxRC=59518388.320511, +23 cols
    [CG]   [DIAG] iter=4 posCols=5 newCols=5 effImprove=5 updated=0
    [CG]   [DIAG] iter=1 posCols=23 newCols=23 effImprove=23 updated=0
      [BB] 根节点即为整数解，obj=173288945.601474
    [CG] CG iter 4: obj=169096082.185562, maxRC=4101169.975277, +5 cols
    [CG]   [DIAG] iter=4 posCols=5 newCols=5 effImprove=5 updated=0
    [CG] CG iter 5: obj=173170699.218417, maxRC=20856.482746, +1 cols
    [CG]   [DIAG] iter=5 posCols=1 newCols=1 effImprove=1 updated=0
    [CG] 列生成收敛，共 5 轮迭代
    [CG] [CG-NODE] depth=0 exit=CERTIFIED certified=1 feasible=1 iters=5 generatedColsBeforeNode=0 newCols=57 posCandidates=57 duplicateCandidates=0 updatedCols=0 zeroObjImproveIters=0 objFirst=142334916.763146 objLast=173316628.708291 objGain=30981711.945145 maxRC=59519752.131033 wallSec=0.016279 pricingSec=0.011735 cplexSolveSec=0.002728
      [BB] 根节点即为整数解，obj=173316628.708291
    [CG] 列生成收敛，共 5 轮迭代
    [CG] [CG-NODE] depth=0 exit=CERTIFIED certified=1 feasible=1 iters=5 generatedColsBeforeNode=0 newCols=57 posCandidates=57 duplicateCandidates=0 updatedCols=0 zeroObjImproveIters=0 objFirst=142333887.660420 objLast=173314516.314874 objGain=30980628.654454 maxRC=59518388.320511 wallSec=0.015732 pricingSec=0.010828 cplexSolveSec=0.002789
    [CG] 列生成收敛，共 6 轮迭代
    [CG] [CG-NODE] depth=0 exit=CERTIFIED certified=1 feasible=1 iters=6 generatedColsBeforeNode=0 newCols=58 posCandidates=58 duplicateCandidates=0 updatedCols=0 zeroObjImproveIters=1 objFirst=141949371.254325 objLast=173170699.218417 objGain=31221327.964092 maxRC=59507024.196319 wallSec=0.016268 pricingSec=0.010966 cplexSolveSec=0.003017
    [CG] CG iter 2: obj=160138173.716810, maxRC=10622400.890834, +17 cols
    [CG]   [DIAG] iter=2 posCols=17 newCols=17 effImprove=17 updated=0
      [BB] 根节点即为整数解，obj=173314516.314874
      [BB] 根节点即为整数解，obj=173170699.218417
    [CG] CG iter 3: obj=166272068.179826, maxRC=6310510.685349, +12 cols
    [CG]   [DIAG] iter=3 posCols=12 newCols=12 effImprove=12 updated=0
    [CG] CG iter 1: obj=142308795.617629, maxRC=59519752.128890, +23 cols
    [CG] CG iter 1: obj=141711845.878295, maxRC=59508092.020645, +23 cols
    [CG]   [DIAG] iter=1 posCols=23 newCols=23 effImprove=23 updated=0
    [CG]   [DIAG] iter=1 posCols=23 newCols=23 effImprove=23 updated=0
    [CG] CG iter 4: obj=169025699.975012, maxRC=4097696.280544, +5 cols
    [CG]   [DIAG] iter=4 posCols=5 newCols=5 effImprove=5 updated=0
    [CG] 列生成开始，初始列数=128
    [CG] 列生成收敛，共 5 轮迭代
    [CG] [CG-NODE] depth=0 exit=CERTIFIED certified=1 feasible=1 iters=5 generatedColsBeforeNode=0 newCols=57 posCandidates=57 duplicateCandidates=0 updatedCols=0 zeroObjImproveIters=0 objFirst=142237788.463327 objLast=173245524.502162 objGain=31007736.038835 maxRC=59518388.320511 wallSec=0.010070 pricingSec=0.006820 cplexSolveSec=0.001756
      [BB] 根节点即为整数解，obj=173245524.502162
    [CG] CG iter 2: obj=160115808.581568, maxRC=9475613.102507, +17 cols
    [CG]   [DIAG] iter=2 posCols=17 newCols=17 effImprove=17 updated=0
    [CG] CG iter 2: obj=160204759.409340, maxRC=10624198.808965, +17 cols
    [CG]   [DIAG] iter=2 posCols=17 newCols=17 effImprove=17 updated=0
    [CG] 列生成开始，初始列数=128
    [CG] 列生成开始，初始列数=128
    [CG] 列生成开始，初始列数=128
    [CG] CG iter 3: obj=166500488.742390, maxRC=7042396.466683, +15 cols
    [CG]   [DIAG] iter=3 posCols=15 newCols=15 effImprove=15 updated=0
    [CG] CG iter 3: obj=166343971.581325, maxRC=6308263.655623, +12 cols
    [CG]   [DIAG] iter=3 posCols=12 newCols=12 effImprove=12 updated=0
    [CG] CG iter 4: obj=171385534.770771, maxRC=2473948.324065, +7 cols
    [CG] 列生成开始，初始列数=128
    [CG]   [DIAG] iter=4 posCols=7 newCols=7 effImprove=7 updated=0
    [CG] CG iter 4: obj=169091584.204361, maxRC=4097913.555823, +5 cols
    [CG]   [DIAG] iter=4 posCols=5 newCols=5 effImprove=5 updated=0
    [CG] 列生成收敛，共 5 轮迭代
    [CG] [CG-NODE] depth=0 exit=CERTIFIED certified=1 feasible=1 iters=5 generatedColsBeforeNode=0 newCols=62 posCandidates=62 duplicateCandidates=0 updatedCols=0 zeroObjImproveIters=0 objFirst=141711845.878295 objLast=173213118.929655 objGain=31501273.051360 maxRC=59508092.020645 wallSec=0.010052 pricingSec=0.006767 cplexSolveSec=0.001882
      [BB] 根节点即为整数解，obj=173213118.929655
    [CG] 列生成收敛，共 5 轮迭代
    [CG] [CG-NODE] depth=0 exit=CERTIFIED certified=1 feasible=1 iters=5 generatedColsBeforeNode=0 newCols=57 posCandidates=57 duplicateCandidates=0 updatedCols=0 zeroObjImproveIters=0 objFirst=142308795.617629 objLast=173309787.282366 objGain=31000991.664737 maxRC=59519752.128890 wallSec=0.021477 pricingSec=0.015537 cplexSolveSec=0.003168
      [BB] 根节点即为整数解，obj=173309787.282366
    [CG] CG iter 1: obj=142311406.968738, maxRC=59518310.986239, +23 cols
    [CG]   [DIAG] iter=1 posCols=23 newCols=23 effImprove=23 updated=0
    [CG] 列生成开始，初始列数=128
    [CG] CG iter 2: obj=160205485.447688, maxRC=10623485.371715, +17 cols
    [CG]   [DIAG] iter=2 posCols=17 newCols=17 effImprove=17 updated=0
    [CG] 列生成开始，初始列数=128
    [CG] CG iter 3: obj=166347969.777924, maxRC=6307303.418845, +12 cols
    [CG]   [DIAG] iter=3 posCols=12 newCols=12 effImprove=12 updated=0
    [CG] CG iter 4: obj=169098406.118445, maxRC=4100581.803145, +5 cols
    [CG]   [DIAG] iter=4 posCols=5 newCols=5 effImprove=5 updated=0
    [CG] CG iter 1: obj=142335365.543821, maxRC=59519752.128890, +23 cols
    [CG]   [DIAG] iter=1 posCols=23 newCols=23 effImprove=23 updated=0
    [CG] 列生成收敛，共 5 轮迭代
    [CG] [CG-NODE] depth=0 exit=CERTIFIED certified=1 feasible=1 iters=5 generatedColsBeforeNode=0 newCols=57 posCandidates=57 duplicateCandidates=0 updatedCols=0 zeroObjImproveIters=0 objFirst=142311406.968738 objLast=173316790.108195 objGain=31005383.139457 maxRC=59518310.986239 wallSec=0.018402 pricingSec=0.012778 cplexSolveSec=0.003071
    [CG] CG iter 1: obj=142038147.749970, maxRC=59508629.421287, +23 cols
      [BB] 根节点即为整数解，obj=173316790.108195
    [CG]   [DIAG] iter=1 posCols=23 newCols=23 effImprove=23 updated=0
    [CG] CG iter 2: obj=160205778.839279, maxRC=10623479.978949, +17 cols
    [CG]   [DIAG] iter=2 posCols=17 newCols=17 effImprove=17 updated=0
    [CG] CG iter 2: obj=160167888.511169, maxRC=10626523.196542, +17 cols
    [CG] CG iter 3: obj=166348280.499481, maxRC=6307269.486568, +12 cols
    [CG]   [DIAG] iter=2 posCols=17 newCols=17 effImprove=17 updated=0
    [CG]   [DIAG] iter=3 posCols=12 newCols=12 effImprove=12 updated=0
    [CG] 列生成开始，初始列数=128
    [CG] CG iter 4: obj=169098680.799453, maxRC=4100571.849878, +5 cols
    [CG]   [DIAG] iter=4 posCols=5 newCols=5 effImprove=5 updated=0
    [CG] CG iter 3: obj=166284094.943404, maxRC=6319027.995186, +11 cols
    [CG]   [DIAG] iter=3 posCols=11 newCols=11 effImprove=11 updated=0
    [CG] 列生成收敛，共 5 轮迭代
    [CG] [CG-NODE] depth=0 exit=CERTIFIED certified=1 feasible=1 iters=5 generatedColsBeforeNode=0 newCols=57 posCandidates=57 duplicateCandidates=0 updatedCols=0 zeroObjImproveIters=0 objFirst=142335365.543821 objLast=173317078.995595 objGain=30981713.451774 maxRC=59519752.128890 wallSec=0.010321 pricingSec=0.007044 cplexSolveSec=0.001818
      [BB] 根节点即为整数解，obj=173317078.995595
    [CG] CG iter 1: obj=142058589.060769, maxRC=59509132.097522, +23 cols
    [CG] CG iter 1: obj=142176883.117367, maxRC=59519752.128890, +23 cols
    [CG] CG iter 1: obj=142311962.912878, maxRC=59519752.128890, +23 cols
    [CG] CG iter 1: obj=141977167.957910, maxRC=59505669.307618, +23 cols
    [CG] CG iter 4: obj=169016306.599899, maxRC=4079831.791852, +5 cols
    [CG]   [DIAG] iter=4 posCols=5 newCols=5 effImprove=5 updated=0
    [CG]   [DIAG] iter=1 posCols=23 newCols=23 effImprove=23 updated=0
    [CG]   [DIAG] iter=1 posCols=23 newCols=23 effImprove=23 updated=0
    [CG]   [DIAG] iter=1 posCols=23 newCols=23 effImprove=23 updated=0
    [CG]   [DIAG] iter=1 posCols=23 newCols=23 effImprove=23 updated=0
    [CG] CG iter 5: obj=173233805.548271, maxRC=27621.634283, +1 cols
    [CG]   [DIAG] iter=5 posCols=1 newCols=1 effImprove=1 updated=0
    [CG] 列生成收敛，共 6 轮迭代
    [CG] [CG-NODE] depth=0 exit=CERTIFIED certified=1 feasible=1 iters=6 generatedColsBeforeNode=0 newCols=57 posCandidates=57 duplicateCandidates=0 updatedCols=0 zeroObjImproveIters=1 objFirst=142038147.749970 objLast=173233805.548271 objGain=31195657.798301 maxRC=59508629.421287 wallSec=0.015492 pricingSec=0.010534 cplexSolveSec=0.002768
    [CG] CG iter 2: obj=160120608.688782, maxRC=10625423.577404, +17 cols
      [BB] 根节点即为整数解，obj=173233805.548271
    [CG]   [DIAG] iter=2 posCols=17 newCols=17 effImprove=17 updated=0
    [CG] CG iter 2: obj=160062672.876313, maxRC=10623469.392767, +17 cols
    [CG] CG iter 2: obj=160154621.485613, maxRC=10690192.424690, +17 cols
    [CG]   [DIAG] iter=2 posCols=17 newCols=17 effImprove=17 updated=0
    [CG]   [DIAG] iter=2 posCols=17 newCols=17 effImprove=17 updated=0
    [CG] 列生成开始，初始列数=128
    [CG] CG iter 2: obj=160186043.712336, maxRC=10623485.371715, +17 cols
    [CG]   [DIAG] iter=2 posCols=17 newCols=17 effImprove=17 updated=0
    [CG] CG iter 3: obj=166231162.305819, maxRC=6319105.072274, +12 cols
    [CG]   [DIAG] iter=3 posCols=12 newCols=12 effImprove=12 updated=0
    [CG] CG iter 3: obj=166197489.353397, maxRC=6310318.377370, +12 cols
    [CG] CG iter 3: obj=166266542.539860, maxRC=6298109.479559, +12 cols
    [CG]   [DIAG] iter=3 posCols=12 newCols=12 effImprove=12 updated=0
    [CG]   [DIAG] iter=3 posCols=12 newCols=12 effImprove=12 updated=0
    [CG] CG iter 4: obj=168963640.253116, maxRC=4077192.581491, +5 cols
    [CG]   [DIAG] iter=4 posCols=5 newCols=5 effImprove=5 updated=0
    [CG] CG iter 3: obj=166326810.672815, maxRC=6309001.469980, +12 cols
    [CG]   [DIAG] iter=3 posCols=12 newCols=12 effImprove=12 updated=0
    [CG] 列生成开始，初始列数=128
    [CG] CG iter 5: obj=173182433.221145, maxRC=21244.141793, +1 cols
    [CG]   [DIAG] iter=5 posCols=1 newCols=1 effImprove=1 updated=0
    [CG] CG iter 1: obj=142274134.674363, maxRC=59519752.128890, +23 cols
    [CG] CG iter 4: obj=169027884.088491, maxRC=4080121.935199, +7 cols
    [CG] CG iter 4: obj=168940198.372999, maxRC=4093770.747174, +5 cols
    [CG]   [DIAG] iter=1 posCols=23 newCols=23 effImprove=23 updated=0
    [CG]   [DIAG] iter=4 posCols=7 newCols=7 effImprove=7 updated=0
    [CG]   [DIAG] iter=4 posCols=5 newCols=5 effImprove=5 updated=0
    [CG] 列生成收敛，共 6 轮迭代
    [CG] [CG-NODE] depth=0 exit=CERTIFIED certified=1 feasible=1 iters=6 generatedColsBeforeNode=0 newCols=58 posCandidates=58 duplicateCandidates=0 updatedCols=0 zeroObjImproveIters=1 objFirst=141977167.957910 objLast=173182433.221145 objGain=31205265.263235 maxRC=59505669.307618 wallSec=0.013220 pricingSec=0.009101 cplexSolveSec=0.002458
    [CG] CG iter 4: obj=169078945.064470, maxRC=4100569.741606, +5 cols
    [CG] CG iter 1: obj=141971903.344105, maxRC=59509916.304237, +23 cols
    [CG]   [DIAG] iter=4 posCols=5 newCols=5 effImprove=5 updated=0
      [BB] 根节点即为整数解，obj=173182433.221145
    [CG]   [DIAG] iter=1 posCols=23 newCols=23 effImprove=23 updated=0
    [CG] 列生成收敛，共 5 轮迭代
    [CG] [CG-NODE] depth=0 exit=CERTIFIED certified=1 feasible=1 iters=5 generatedColsBeforeNode=0 newCols=57 posCandidates=57 duplicateCandidates=0 updatedCols=0 zeroObjImproveIters=0 objFirst=142176883.117367 objLast=173158606.531780 objGain=30981723.414413 maxRC=59519752.128890 wallSec=0.018231 pricingSec=0.012461 cplexSolveSec=0.003097
    [CG] CG iter 5: obj=173225944.939238, maxRC=1480064.538689, +2 cols
    [CG]   [DIAG] iter=5 posCols=2 newCols=2 effImprove=2 updated=0
      [BB] 根节点即为整数解，obj=173158606.531780
    [CG] 列生成收敛，共 5 轮迭代
    [CG] [CG-NODE] depth=0 exit=CERTIFIED certified=1 feasible=1 iters=5 generatedColsBeforeNode=0 newCols=57 posCandidates=57 duplicateCandidates=0 updatedCols=0 zeroObjImproveIters=0 objFirst=142311962.912878 objLast=173297341.152341 objGain=30985378.239463 maxRC=59519752.128890 wallSec=0.018907 pricingSec=0.013035 cplexSolveSec=0.003243
    [CG] CG iter 2: obj=160170098.466074, maxRC=10624198.808965, +17 cols
      [BB] 根节点即为整数解，obj=173297341.152341
    [CG]   [DIAG] iter=2 posCols=17 newCols=17 effImprove=17 updated=0
    [CG] CG iter 6: obj=173225944.939238, maxRC=102382.632049, +1 cols
    [CG]   [DIAG] iter=6 posCols=1 newCols=1 effImprove=1 updated=0
    [CG] CG iter 2: obj=160182697.588919, maxRC=10133114.366620, +17 cols
    [CG] 列生成收敛，共 7 轮迭代
    [CG] [CG-NODE] depth=0 exit=CERTIFIED certified=1 feasible=1 iters=7 generatedColsBeforeNode=0 newCols=62 posCandidates=62 duplicateCandidates=0 updatedCols=0 zeroObjImproveIters=2 objFirst=142058589.060769 objLast=173225944.939238 objGain=31167355.878469 maxRC=59509132.097522 wallSec=0.019661 pricingSec=0.013164 cplexSolveSec=0.003578
    [CG]   [DIAG] iter=2 posCols=17 newCols=17 effImprove=17 updated=0
      [BB] 根节点即为整数解，obj=173225944.939238
    [CG] CG iter 3: obj=166309310.638059, maxRC=6308263.655623, +12 cols
    [CG]   [DIAG] iter=3 posCols=12 newCols=12 effImprove=12 updated=0
    [CG] CG iter 1: obj=142013585.459042, maxRC=59507733.181401, +23 cols
    [CG] 列生成开始，初始列数=128
    [CG]   [DIAG] iter=1 posCols=23 newCols=23 effImprove=23 updated=0
    [CG] CG iter 3: obj=167944064.008592, maxRC=3734527.620963, +12 cols
    [CG]   [DIAG] iter=3 posCols=12 newCols=12 effImprove=12 updated=0
    [CG] CG iter 4: obj=169056923.261095, maxRC=4097913.555823, +5 cols
    [CG]   [DIAG] iter=4 posCols=5 newCols=5 effImprove=5 updated=0
    [CG] CG iter 2: obj=160155564.054446, maxRC=10623170.451625, +17 cols
    [CG]   [DIAG] iter=2 posCols=17 newCols=17 effImprove=17 updated=0
    [CG] 列生成收敛，共 5 轮迭代
    [CG] [CG-NODE] depth=0 exit=CERTIFIED certified=1 feasible=1 iters=5 generatedColsBeforeNode=0 newCols=57 posCandidates=57 duplicateCandidates=0 updatedCols=0 zeroObjImproveIters=0 objFirst=142274134.674363 objLast=173275126.339100 objGain=31000991.664737 maxRC=59519752.128890 wallSec=0.010732 pricingSec=0.007146 cplexSolveSec=0.002062
    [CG] CG iter 4: obj=171423379.828905, maxRC=1681037.812700, +8 cols
    [CG]   [DIAG] iter=4 posCols=8 newCols=8 effImprove=8 updated=0
      [BB] 根节点即为整数解，obj=173275126.339100
    [CG] CG iter 3: obj=166268625.373694, maxRC=6317632.008458, +11 cols
    [CG]   [DIAG] iter=3 posCols=11 newCols=11 effImprove=11 updated=0
    [CG] CG iter 5: obj=173240699.818502, maxRC=1168649.793862, +5 cols
    [CG] CG iter 4: obj=168996585.750925, maxRC=4076057.602938, +5 cols
    [CG]   [DIAG] iter=5 posCols=5 newCols=5 effImprove=5 updated=0
    [CG]   [DIAG] iter=4 posCols=5 newCols=5 effImprove=5 updated=0
    [CG] CG iter 5: obj=173216352.708036, maxRC=23633.520089, +1 cols
    [CG]   [DIAG] iter=5 posCols=1 newCols=1 effImprove=1 updated=0
    [CG] 列生成收敛，共 6 轮迭代
    [CG] [CG-NODE] depth=0 exit=CERTIFIED certified=1 feasible=1 iters=6 generatedColsBeforeNode=0 newCols=65 posCandidates=65 duplicateCandidates=0 updatedCols=0 zeroObjImproveIters=1 objFirst=141971903.344105 objLast=173240699.818502 objGain=31268796.474397 maxRC=59509916.304237 wallSec=0.017784 pricingSec=0.012393 cplexSolveSec=0.002991
    [CG] 列生成收敛，共 6 轮迭代
    [CG] [CG-NODE] depth=0 exit=CERTIFIED certified=1 feasible=1 iters=6 generatedColsBeforeNode=0 newCols=57 posCandidates=57 duplicateCandidates=0 updatedCols=0 zeroObjImproveIters=1 objFirst=142013585.459042 objLast=173216352.708036 objGain=31202767.248994 maxRC=59507733.181401 wallSec=0.009011 pricingSec=0.005923 cplexSolveSec=0.001726
      [BB] 根节点即为整数解，obj=173240699.818502
      [BB] 根节点即为整数解，obj=173216352.708036
    [CG] CG iter 1: obj=141778820.601147, maxRC=59508092.020645, +23 cols
    [CG]   [DIAG] iter=1 posCols=23 newCols=23 effImprove=23 updated=0
    [CG] CG iter 2: obj=160151261.023243, maxRC=9475613.102507, +17 cols
    [CG]   [DIAG] iter=2 posCols=17 newCols=17 effImprove=17 updated=0
    [CG] CG iter 1: obj=141916990.158307, maxRC=59507501.565993, +23 cols
    [CG] CG iter 3: obj=166538840.933127, maxRC=7020164.949324, +15 cols
    [CG]   [DIAG] iter=3 posCols=15 newCols=15 effImprove=15 updated=0
    [CG]   [DIAG] iter=1 posCols=23 newCols=23 effImprove=23 updated=0
    [CG] CG iter 4: obj=171399027.051653, maxRC=2405976.585585, +7 cols
    [CG]   [DIAG] iter=4 posCols=7 newCols=7 effImprove=7 updated=0
    [CG] 列生成收敛，共 5 轮迭代
    [CG] [CG-NODE] depth=0 exit=CERTIFIED certified=1 feasible=1 iters=5 generatedColsBeforeNode=0 newCols=62 posCandidates=62 duplicateCandidates=0 updatedCols=0 zeroObjImproveIters=0 objFirst=141778820.601147 objLast=173224494.060412 objGain=31445673.459265 maxRC=59508092.020645 wallSec=0.010349 pricingSec=0.006988 cplexSolveSec=0.001798
      [BB] 根节点即为整数解，obj=173224494.060412
    [CG] CG iter 2: obj=160068876.037574, maxRC=10663595.250040, +17 cols
    [CG]   [DIAG] iter=2 posCols=17 newCols=17 effImprove=17 updated=0
    [CG] CG iter 3: obj=166164265.794456, maxRC=6313113.239593, +12 cols
    [CG]   [DIAG] iter=3 posCols=12 newCols=12 effImprove=12 updated=0
    [CG] CG iter 4: obj=168904753.273479, maxRC=4066888.678432, +5 cols
    [CG]   [DIAG] iter=4 posCols=5 newCols=5 effImprove=5 updated=0
    [CG] CG iter 5: obj=173112192.132218, maxRC=17086.605019, +1 cols
    [CG]   [DIAG] iter=5 posCols=1 newCols=1 effImprove=1 updated=0
    [CG] 列生成收敛，共 6 轮迭代
    [CG] [CG-NODE] depth=0 exit=CERTIFIED certified=1 feasible=1 iters=6 generatedColsBeforeNode=0 newCols=58 posCandidates=58 duplicateCandidates=0 updatedCols=0 zeroObjImproveIters=1 objFirst=141916990.158307 objLast=173112192.132218 objGain=31195201.973911 maxRC=59507501.565993 wallSec=0.017279 pricingSec=0.012145 cplexSolveSec=0.002884
      [BB] 根节点即为整数解，obj=173112192.132218
[GA] 代数 6: Best=173345969.74, Avg=173272514.75, Worst=173141077.82, Valid=30/30, 耗时=0.05s (连续6代未提升)
  ├─ 求解: 30 个体 fork 并行 | CG迭代=119 加列=1280 BB分支=0
  ├─ 并行墙钟=0.0531s | 串行等效(ΣBP)=0.3151s | 加速比=5.94x
  ├─ 管理开销=-0.2620s (fork=0.0034 wait=0.0493 merge=0.0003)
  └─ CG明细: gen_logs/run_gen6_ind{0..29}.log
    [CG] 列生成开始，初始列数=128
    [CG] 列生成开始，初始列数=128
    [CG] 列生成开始，初始列数=128
    [CG] 列生成开始，初始列数=128
    [CG] 列生成开始，初始列数=128
    [CG] 列生成开始，初始列数=128
    [CG] 列生成开始，初始列数=128
    [CG] 列生成开始，初始列数=128
    [CG] CG iter 1: obj=142332324.509700, maxRC=59519779.058582, +23 cols
    [CG]   [DIAG] iter=1 posCols=23 newCols=23 effImprove=23 updated=0
    [CG] CG iter 1: obj=142276059.016695, maxRC=59518290.485260, +23 cols
    [CG]   [DIAG] iter=1 posCols=23 newCols=23 effImprove=23 updated=0
    [CG] CG iter 1: obj=142207399.620588, maxRC=59519827.093440, +23 cols
    [CG]   [DIAG] iter=1 posCols=23 newCols=23 effImprove=23 updated=0
    [CG] CG iter 2: obj=160205802.206550, maxRC=10623469.799741, +17 cols
    [CG]   [DIAG] iter=2 posCols=17 newCols=17 effImprove=17 updated=0
    [CG] CG iter 2: obj=160205794.189085, maxRC=10623481.111465, +17 cols
    [CG]   [DIAG] iter=2 posCols=17 newCols=17 effImprove=17 updated=0
    [CG] CG iter 2: obj=160115489.126020, maxRC=10627583.708145, +17 cols
    [CG]   [DIAG] iter=2 posCols=17 newCols=17 effImprove=17 updated=0
    [CG] CG iter 3: obj=166346783.774695, maxRC=6307782.933322, +12 cols
    [CG] CG iter 3: obj=166330824.491593, maxRC=6314481.092496, +11 cols
    [CG]   [DIAG] iter=3 posCols=12 newCols=12 effImprove=12 updated=0
    [CG]   [DIAG] iter=3 posCols=11 newCols=11 effImprove=11 updated=0
    [CG] CG iter 3: obj=166232316.233394, maxRC=6312680.592173, +12 cols
    [CG]   [DIAG] iter=3 posCols=12 newCols=12 effImprove=12 updated=0
    [CG] CG iter 4: obj=169095659.397097, maxRC=4099344.659729, +5 cols
    [CG] CG iter 4: obj=169063754.793051, maxRC=4084705.040066, +5 cols
    [CG]   [DIAG] iter=4 posCols=5 newCols=5 effImprove=5 updated=0
    [CG]   [DIAG] iter=4 posCols=5 newCols=5 effImprove=5 updated=0
    [CG] CG iter 4: obj=168973678.953832, maxRC=4082421.093275, +5 cols
    [CG]   [DIAG] iter=4 posCols=5 newCols=5 effImprove=5 updated=0
    [CG] 列生成收敛，共 5 轮迭代
    [CG] [CG-NODE] depth=0 exit=CERTIFIED certified=1 feasible=1 iters=5 generatedColsBeforeNode=0 newCols=57 posCandidates=57 duplicateCandidates=0 updatedCols=0 zeroObjImproveIters=0 objFirst=142332324.509700 objLast=173314063.621205 objGain=30981739.111505 maxRC=59519779.058582 wallSec=0.010368 pricingSec=0.006961 cplexSolveSec=0.001858
    [CG] CG iter 5: obj=173282153.039923, maxRC=18963.097069, +1 cols
    [CG]   [DIAG] iter=5 posCols=1 newCols=1 effImprove=1 updated=0
      [BB] 根节点即为整数解，obj=173314063.621205
    [CG] 列生成收敛，共 5 轮迭代
    [CG] [CG-NODE] depth=0 exit=CERTIFIED certified=1 feasible=1 iters=5 generatedColsBeforeNode=0 newCols=57 posCandidates=57 duplicateCandidates=0 updatedCols=0 zeroObjImproveIters=0 objFirst=142207399.620588 objLast=173193649.251253 objGain=30986249.630665 maxRC=59519827.093440 wallSec=0.010839 pricingSec=0.007159 cplexSolveSec=0.002010
      [BB] 根节点即为整数解，obj=173193649.251253
    [CG] 列生成收敛，共 6 轮迭代
    [CG] [CG-NODE] depth=0 exit=CERTIFIED certified=1 feasible=1 iters=6 generatedColsBeforeNode=0 newCols=57 posCandidates=57 duplicateCandidates=0 updatedCols=0 zeroObjImproveIters=1 objFirst=142276059.016695 objLast=173282153.039923 objGain=31006094.023228 maxRC=59518290.485260 wallSec=0.010303 pricingSec=0.006890 cplexSolveSec=0.001958
      [BB] 根节点即为整数解，obj=173282153.039923
    [CG] CG iter 1: obj=142275995.764366, maxRC=59518351.082776, +23 cols
    [CG]   [DIAG] iter=1 posCols=23 newCols=23 effImprove=23 updated=0
    [CG] CG iter 1: obj=142172016.872301, maxRC=59510102.628039, +23 cols
    [CG] CG iter 1: obj=141975333.632006, maxRC=59506225.666795, +23 cols
    [CG]   [DIAG] iter=1 posCols=23 newCols=23 effImprove=23 updated=0
    [CG]   [DIAG] iter=1 posCols=23 newCols=23 effImprove=23 updated=0
    [CG] 列生成开始，初始列数=128
    [CG] CG iter 1: obj=142151189.745509, maxRC=59518388.684791, +23 cols
    [CG]   [DIAG] iter=1 posCols=23 newCols=23 effImprove=23 updated=0
    [CG] CG iter 1: obj=142125806.178910, maxRC=59508189.745620, +23 cols
    [CG] 列生成开始，初始列数=128
    [CG] CG iter 2: obj=160193132.080902, maxRC=10623501.770124, +17 cols
    [CG]   [DIAG] iter=1 posCols=23 newCols=23 effImprove=23 updated=0
    [CG]   [DIAG] iter=2 posCols=17 newCols=17 effImprove=17 updated=0
    [CG] 列生成开始，初始列数=128
    [CG] CG iter 2: obj=160121396.546208, maxRC=10626068.997751, +17 cols
    [CG] CG iter 2: obj=160184896.176730, maxRC=10638258.308074, +17 cols
    [CG]   [DIAG] iter=2 posCols=17 newCols=17 effImprove=17 updated=0
    [CG]   [DIAG] iter=2 posCols=17 newCols=17 effImprove=17 updated=0
    [CG] CG iter 2: obj=160200741.226366, maxRC=10134094.632467, +17 cols
    [CG]   [DIAG] iter=2 posCols=17 newCols=17 effImprove=17 updated=0
    [CG] CG iter 3: obj=166324472.140666, maxRC=6311781.678069, +12 cols
    [CG]   [DIAG] iter=3 posCols=12 newCols=12 effImprove=12 updated=0
    [CG] CG iter 2: obj=160190047.735197, maxRC=10627178.414242, +17 cols
    [CG]   [DIAG] iter=2 posCols=17 newCols=17 effImprove=17 updated=0
    [CG] CG iter 3: obj=166230744.466411, maxRC=6319472.096594, +12 cols
    [CG] CG iter 3: obj=166298034.149284, maxRC=6314168.734572, +11 cols
    [CG]   [DIAG] iter=3 posCols=11 newCols=11 effImprove=11 updated=0
    [CG]   [DIAG] iter=3 posCols=12 newCols=12 effImprove=12 updated=0
    [CG] CG iter 4: obj=169063734.568555, maxRC=4090539.332659, +5 cols
    [CG]   [DIAG] iter=4 posCols=5 newCols=5 effImprove=5 updated=0
    [CG] CG iter 3: obj=168029771.619199, maxRC=3667067.836857, +12 cols
    [CG]   [DIAG] iter=3 posCols=12 newCols=12 effImprove=12 updated=0
    [CG] CG iter 4: obj=169029589.273461, maxRC=4077026.955955, +5 cols
    [CG] CG iter 4: obj=168962249.263362, maxRC=4075931.697744, +5 cols
    [CG]   [DIAG] iter=4 posCols=5 newCols=5 effImprove=5 updated=0
    [CG]   [DIAG] iter=4 posCols=5 newCols=5 effImprove=5 updated=0
    [CG] CG iter 3: obj=166330808.883194, maxRC=6306758.736888, +12 cols
    [CG]   [DIAG] iter=3 posCols=12 newCols=12 effImprove=12 updated=0
    [CG] CG iter 5: obj=173282123.200868, maxRC=6285.312643, +1 cols
    [CG]   [DIAG] iter=5 posCols=1 newCols=1 effImprove=1 updated=0
    [CG] CG iter 4: obj=171494609.594358, maxRC=1700457.042607, +8 cols
    [CG]   [DIAG] iter=4 posCols=8 newCols=8 effImprove=8 updated=0
    [CG] 列生成收敛，共 5 轮迭代
    [CG] CG iter 5: obj=173180929.746839, maxRC=23132.444292, +1 cols
    [CG] [CG-NODE] depth=0 exit=CERTIFIED certified=1 feasible=1 iters=5 generatedColsBeforeNode=0 newCols=56 posCandidates=56 duplicateCandidates=0 updatedCols=0 zeroObjImproveIters=0 objFirst=142172016.872301 objLast=173242898.406313 objGain=31070881.534012 maxRC=59510102.628039 wallSec=0.016808 pricingSec=0.011994 cplexSolveSec=0.002475
    [CG]   [DIAG] iter=5 posCols=1 newCols=1 effImprove=1 updated=0
    [CG] 列生成收敛，共 6 轮迭代
    [CG] [CG-NODE] depth=0 exit=CERTIFIED certified=1 feasible=1 iters=6 generatedColsBeforeNode=0 newCols=58 posCandidates=58 duplicateCandidates=0 updatedCols=0 zeroObjImproveIters=1 objFirst=142275995.764366 objLast=173282123.200868 objGain=31006127.436502 maxRC=59518351.082776 wallSec=0.017282 pricingSec=0.012080 cplexSolveSec=0.002876
      [BB] 根节点即为整数解，obj=173242898.406313
    [CG] CG iter 4: obj=169081783.783501, maxRC=4099467.024534, +5 cols
    [CG]   [DIAG] iter=4 posCols=5 newCols=5 effImprove=5 updated=0
      [BB] 根节点即为整数解，obj=173282123.200868
    [CG] 列生成收敛，共 6 轮迭代
    [CG] CG iter 5: obj=173312323.734999, maxRC=1122781.362784, +4 cols
    [CG] [CG-NODE] depth=0 exit=CERTIFIED certified=1 feasible=1 iters=6 generatedColsBeforeNode=0 newCols=58 posCandidates=58 duplicateCandidates=0 updatedCols=0 zeroObjImproveIters=1 objFirst=141975333.632006 objLast=173180929.746838 objGain=31205596.114832 maxRC=59506225.666795 wallSec=0.017454 pricingSec=0.012178 cplexSolveSec=0.002780
    [CG]   [DIAG] iter=5 posCols=4 newCols=4 effImprove=4 updated=0
      [BB] 根节点即为整数解，obj=173180929.746838
    [CG] 列生成收敛，共 5 轮迭代
    [CG] [CG-NODE] depth=0 exit=CERTIFIED certified=1 feasible=1 iters=5 generatedColsBeforeNode=0 newCols=57 posCandidates=57 duplicateCandidates=0 updatedCols=0 zeroObjImproveIters=0 objFirst=142125806.178910 objLast=173299093.230170 objGain=31173287.051260 maxRC=59508189.745620 wallSec=0.017472 pricingSec=0.011893 cplexSolveSec=0.002714
      [BB] 根节点即为整数解，obj=173299093.230170
    [CG] 列生成收敛，共 6 轮迭代
    [CG] [CG-NODE] depth=0 exit=CERTIFIED certified=1 feasible=1 iters=6 generatedColsBeforeNode=0 newCols=64 posCandidates=64 duplicateCandidates=0 updatedCols=0 zeroObjImproveIters=1 objFirst=142151189.745509 objLast=173312323.734999 objGain=31161133.989490 maxRC=59518388.684791 wallSec=0.017909 pricingSec=0.012308 cplexSolveSec=0.003012
      [BB] 根节点即为整数解，obj=173312323.734999
    [CG] 列生成开始，初始列数=128
    [CG] 列生成开始，初始列数=128
    [CG] 列生成开始，初始列数=128
    [CG] 列生成开始，初始列数=128
    [CG] 列生成开始，初始列数=128
    [CG] CG iter 1: obj=142295772.147015, maxRC=59519752.128890, +23 cols
    [CG]   [DIAG] iter=1 posCols=23 newCols=23 effImprove=23 updated=0
    [CG] CG iter 1: obj=142249159.261456, maxRC=59519752.128890, +23 cols
    [CG] CG iter 1: obj=142255940.136698, maxRC=59518351.082776, +23 cols
    [CG] CG iter 1: obj=142082763.557887, maxRC=59506225.666795, +23 cols
    [CG]   [DIAG] iter=1 posCols=23 newCols=23 effImprove=23 updated=0
    [CG]   [DIAG] iter=1 posCols=23 newCols=23 effImprove=23 updated=0
    [CG]   [DIAG] iter=1 posCols=23 newCols=23 effImprove=23 updated=0
    [CG] CG iter 1: obj=142311687.917352, maxRC=59518325.011962, +23 cols
    [CG]   [DIAG] iter=1 posCols=23 newCols=23 effImprove=23 updated=0
    [CG] CG iter 2: obj=160202386.943263, maxRC=10627557.110082, +17 cols
    [CG]   [DIAG] iter=2 posCols=17 newCols=17 effImprove=17 updated=0
    [CG] CG iter 2: obj=160156145.210036, maxRC=10625801.145326, +17 cols
    [CG] CG iter 2: obj=160170098.466074, maxRC=10624198.808965, +17 cols
    [CG]   [DIAG] iter=2 posCols=17 newCols=17 effImprove=17 updated=0
    [CG]   [DIAG] iter=2 posCols=17 newCols=17 effImprove=17 updated=0
    [CG] CG iter 2: obj=160193130.155796, maxRC=10623511.969778, +17 cols
    [CG]   [DIAG] iter=2 posCols=17 newCols=17 effImprove=17 updated=0
    [CG] CG iter 2: obj=160205740.639754, maxRC=10623491.311119, +17 cols
    [CG]   [DIAG] iter=2 posCols=17 newCols=17 effImprove=17 updated=0
    [CG] CG iter 1: obj=142334897.905352, maxRC=59519752.128890, +23 cols
    [CG]   [DIAG] iter=1 posCols=23 newCols=23 effImprove=23 updated=0
    [CG] CG iter 3: obj=166325517.462778, maxRC=6313919.352462, +11 cols
    [CG]   [DIAG] iter=3 posCols=11 newCols=11 effImprove=11 updated=0
    [CG] CG iter 3: obj=166289817.269072, maxRC=6307613.397095, +12 cols
    [CG]   [DIAG] iter=3 posCols=12 newCols=12 effImprove=12 updated=0
    [CG] CG iter 3: obj=166348240.817966, maxRC=6307283.801793, +12 cols
    [CG] CG iter 3: obj=166309310.638059, maxRC=6308263.655623, +12 cols
    [CG]   [DIAG] iter=3 posCols=12 newCols=12 effImprove=12 updated=0
    [CG] CG iter 3: obj=166314440.223962, maxRC=6316069.168397, +11 cols
    [CG]   [DIAG] iter=3 posCols=12 newCols=12 effImprove=12 updated=0
    [CG]   [DIAG] iter=3 posCols=11 newCols=11 effImprove=11 updated=0
    [CG] CG iter 2: obj=160205736.119028, maxRC=10623469.392767, +17 cols
    [CG] CG iter 4: obj=169059087.402647, maxRC=4083510.752965, +5 cols
    [CG]   [DIAG] iter=2 posCols=17 newCols=17 effImprove=17 updated=0
    [CG]   [DIAG] iter=4 posCols=5 newCols=5 effImprove=5 updated=0
    [CG] CG iter 4: obj=169039378.431942, maxRC=4095518.282009, +5 cols
    [CG]   [DIAG] iter=4 posCols=5 newCols=5 effImprove=5 updated=0
    [CG] CG iter 4: obj=169098657.541434, maxRC=4100574.711800, +5 cols
    [CG]   [DIAG] iter=4 posCols=5 newCols=5 effImprove=5 updated=0
    [CG] CG iter 1: obj=142171160.744239, maxRC=59519752.128890, +23 cols
    [CG] 列生成收敛，共 5 轮迭代
    [CG] [CG-NODE] depth=0 exit=CERTIFIED certified=1 feasible=1 iters=5 generatedColsBeforeNode=0 newCols=56 posCandidates=56 duplicateCandidates=0 updatedCols=0 zeroObjImproveIters=0 objFirst=142295772.147015 objLast=173276286.148103 objGain=30980514.001089 maxRC=59519752.128890 wallSec=0.016368 pricingSec=0.011639 cplexSolveSec=0.002552
    [CG] CG iter 4: obj=169056923.261095, maxRC=4097913.555823, +5 cols
    [CG]   [DIAG] iter=4 posCols=5 newCols=5 effImprove=5 updated=0
    [CG] CG iter 4: obj=169043678.940888, maxRC=4081231.468494, +5 cols
    [CG]   [DIAG] iter=4 posCols=5 newCols=5 effImprove=5 updated=0
    [CG] CG iter 3: obj=166348028.368747, maxRC=6307299.439232, +12 cols
    [CG]   [DIAG] iter=3 posCols=12 newCols=12 effImprove=12 updated=0
    [CG] 列生成收敛，共 5 轮迭代
    [CG]   [DIAG] iter=1 posCols=23 newCols=23 effImprove=23 updated=0
      [BB] 根节点即为整数解，obj=173276286.148103
    [CG] [CG-NODE] depth=0 exit=CERTIFIED certified=1 feasible=1 iters=5 generatedColsBeforeNode=0 newCols=57 posCandidates=57 duplicateCandidates=0 updatedCols=0 zeroObjImproveIters=0 objFirst=142082763.557887 objLast=173258105.694204 objGain=31175342.136317 maxRC=59506225.666795 wallSec=0.009709 pricingSec=0.006367 cplexSolveSec=0.001854
    [CG] 列生成收敛，共 5 轮迭代
    [CG] [CG-NODE] depth=0 exit=CERTIFIED certified=1 feasible=1 iters=5 generatedColsBeforeNode=0 newCols=57 posCandidates=57 duplicateCandidates=0 updatedCols=0 zeroObjImproveIters=0 objFirst=142311687.917352 objLast=173317039.654155 objGain=31005351.736803 maxRC=59518325.011962 wallSec=0.008974 pricingSec=0.005944 cplexSolveSec=0.001667
      [BB] 根节点即为整数解，obj=173258105.694204
      [BB] 根节点即为整数解，obj=173317039.654155
    [CG] 列生成收敛，共 5 轮迭代
    [CG] [CG-NODE] depth=0 exit=CERTIFIED certified=1 feasible=1 iters=5 generatedColsBeforeNode=0 newCols=57 posCandidates=57 duplicateCandidates=0 updatedCols=0 zeroObjImproveIters=0 objFirst=142249159.261456 objLast=173275126.339100 objGain=31025967.077644 maxRC=59519752.128890 wallSec=0.016732 pricingSec=0.011570 cplexSolveSec=0.002716
    [CG] 列生成收敛，共 5 轮迭代
    [CG] [CG-NODE] depth=0 exit=CERTIFIED certified=1 feasible=1 iters=5 generatedColsBeforeNode=0 newCols=56 posCandidates=56 duplicateCandidates=0 updatedCols=0 zeroObjImproveIters=0 objFirst=142255940.136698 objLast=173262063.537169 objGain=31006123.400471 maxRC=59518351.082776 wallSec=0.016529 pricingSec=0.011369 cplexSolveSec=0.002677
    [CG] CG iter 4: obj=169098212.569016, maxRC=4100469.243233, +5 cols
    [CG]   [DIAG] iter=4 posCols=5 newCols=5 effImprove=5 updated=0
      [BB] 根节点即为整数解，obj=173275126.339100
      [BB] 根节点即为整数解，obj=173262063.537169
    [CG] 列生成收敛，共 5 轮迭代
    [CG] [CG-NODE] depth=0 exit=CERTIFIED certified=1 feasible=1 iters=5 generatedColsBeforeNode=0 newCols=57 posCandidates=57 duplicateCandidates=0 updatedCols=0 zeroObjImproveIters=0 objFirst=142334897.905352 objLast=173316620.727797 objGain=30981722.822445 maxRC=59519752.128890 wallSec=0.010212 pricingSec=0.006704 cplexSolveSec=0.001841
      [BB] 根节点即为整数解，obj=173316620.727797
    [CG] CG iter 2: obj=160103127.551313, maxRC=10641227.865490, +17 cols
    [CG]   [DIAG] iter=2 posCols=17 newCols=17 effImprove=17 updated=0
    [CG] 列生成开始，初始列数=128
    [CG] 列生成开始，初始列数=128
    [CG] 列生成开始，初始列数=128
    [CG] CG iter 3: obj=166221599.062513, maxRC=6314094.143089, +12 cols
    [CG]   [DIAG] iter=3 posCols=12 newCols=12 effImprove=12 updated=0
    [CG] 列生成开始，初始列数=128
    [CG] 列生成开始，初始列数=128
    [CG] CG iter 4: obj=168968530.184169, maxRC=4085226.785768, +5 cols
    [CG]   [DIAG] iter=4 posCols=5 newCols=5 effImprove=5 updated=0
    [CG] 列生成开始，初始列数=128
    [CG] CG iter 1: obj=141788318.270905, maxRC=59508643.447009, +23 cols
    [CG]   [DIAG] iter=1 posCols=23 newCols=23 effImprove=23 updated=0
    [CG] CG iter 5: obj=173181571.097750, maxRC=6319.618305, +1 cols
    [CG]   [DIAG] iter=5 posCols=1 newCols=1 effImprove=1 updated=0
    [CG] 列生成收敛，共 6 轮迭代
    [CG] [CG-NODE] depth=0 exit=CERTIFIED certified=1 feasible=1 iters=6 generatedColsBeforeNode=0 newCols=58 posCandidates=58 duplicateCandidates=0 updatedCols=0 zeroObjImproveIters=1 objFirst=142171160.744239 objLast=173181571.097750 objGain=31010410.353511 maxRC=59519752.128890 wallSec=0.015702 pricingSec=0.010584 cplexSolveSec=0.003008
      [BB] 根节点即为整数解，obj=173181571.097750
    [CG] CG iter 2: obj=160117396.644037, maxRC=9505829.402262, +17 cols
    [CG]   [DIAG] iter=2 posCols=17 newCols=17 effImprove=17 updated=0
    [CG] CG iter 3: obj=166479546.030073, maxRC=7027839.229506, +15 cols
    [CG]   [DIAG] iter=3 posCols=15 newCols=15 effImprove=15 updated=0
    [CG] CG iter 4: obj=171366097.815627, maxRC=3058524.184871, +7 cols
    [CG]   [DIAG] iter=4 posCols=7 newCols=7 effImprove=7 updated=0
    [CG] 列生成开始，初始列数=128
    [CG] 列生成收敛，共 5 轮迭代
    [CG] [CG-NODE] depth=0 exit=CERTIFIED certified=1 feasible=1 iters=5 generatedColsBeforeNode=0 newCols=62 posCandidates=62 duplicateCandidates=0 updatedCols=0 zeroObjImproveIters=0 objFirst=141788318.270905 objLast=173183932.632545 objGain=31395614.361640 maxRC=59508643.447009 wallSec=0.017614 pricingSec=0.012232 cplexSolveSec=0.002830
      [BB] 根节点即为整数解，obj=173183932.632545
    [CG] CG iter 1: obj=141783843.005108, maxRC=59508629.421287, +23 cols
    [CG] CG iter 1: obj=141970449.082879, maxRC=59367992.702763, +23 cols
    [CG] 列生成开始，初始列数=128
    [CG]   [DIAG] iter=1 posCols=23 newCols=23 effImprove=23 updated=0
    [CG]   [DIAG] iter=1 posCols=23 newCols=23 effImprove=23 updated=0
    [CG] CG iter 1: obj=142311749.227149, maxRC=59518310.986239, +23 cols
    [CG]   [DIAG] iter=1 posCols=23 newCols=23 effImprove=23 updated=0
    [CG] CG iter 1: obj=141986384.557093, maxRC=59509916.304237, +23 cols
    [CG] CG iter 2: obj=160167808.590089, maxRC=9475598.936888, +17 cols
    [CG]   [DIAG] iter=2 posCols=17 newCols=17 effImprove=17 updated=0
    [CG]   [DIAG] iter=1 posCols=23 newCols=23 effImprove=23 updated=0
    [CG] CG iter 2: obj=159913868.341870, maxRC=10602684.143135, +17 cols
    [CG]   [DIAG] iter=2 posCols=17 newCols=17 effImprove=17 updated=0
    [CG] CG iter 2: obj=160205777.658157, maxRC=10623485.371715, +17 cols
    [CG]   [DIAG] iter=2 posCols=17 newCols=17 effImprove=17 updated=0
    [CG] CG iter 3: obj=166561981.669036, maxRC=7047899.790322, +15 cols
    [CG] CG iter 3: obj=166049129.644401, maxRC=6302544.557548, +12 cols
    [CG] CG iter 2: obj=160182697.588919, maxRC=10133114.366620, +17 cols
    [CG]   [DIAG] iter=3 posCols=15 newCols=15 effImprove=15 updated=0
    [CG]   [DIAG] iter=3 posCols=12 newCols=12 effImprove=12 updated=0
    [CG] CG iter 1: obj=142273806.320714, maxRC=59519832.925579, +23 cols
    [CG]   [DIAG] iter=2 posCols=17 newCols=17 effImprove=17 updated=0
    [CG] CG iter 1: obj=142334934.692019, maxRC=59519752.128890, +23 cols
    [CG]   [DIAG] iter=1 posCols=23 newCols=23 effImprove=23 updated=0
    [CG]   [DIAG] iter=1 posCols=23 newCols=23 effImprove=23 updated=0
    [CG] CG iter 1: obj=141984209.805510, maxRC=59509113.354287, +23 cols
    [CG]   [DIAG] iter=1 posCols=23 newCols=23 effImprove=23 updated=0
    [CG] CG iter 4: obj=171457532.577017, maxRC=2469446.336357, +7 cols
    [CG] CG iter 4: obj=168815860.010739, maxRC=4144196.099152, +7 cols
    [CG]   [DIAG] iter=4 posCols=7 newCols=7 effImprove=7 updated=0
    [CG] CG iter 3: obj=166348277.353052, maxRC=6307268.735563, +12 cols
    [CG]   [DIAG] iter=4 posCols=7 newCols=7 effImprove=7 updated=0
    [CG]   [DIAG] iter=3 posCols=12 newCols=12 effImprove=12 updated=0
    [CG] CG iter 2: obj=160170162.886608, maxRC=10624226.353844, +17 cols
    [CG]   [DIAG] iter=2 posCols=17 newCols=17 effImprove=17 updated=0
    [CG] CG iter 3: obj=167958545.221579, maxRC=3720046.407976, +12 cols
    [CG]   [DIAG] iter=3 posCols=12 newCols=12 effImprove=12 updated=0
    [CG] CG iter 2: obj=160205585.826189, maxRC=10623616.753774, +17 cols
    [CG]   [DIAG] iter=2 posCols=17 newCols=17 effImprove=17 updated=0
    [CG] CG iter 4: obj=169098679.010291, maxRC=4100569.741606, +5 cols
    [CG] 列生成收敛，共 5 轮迭代
    [CG]   [DIAG] iter=4 posCols=5 newCols=5 effImprove=5 updated=0
    [CG] [CG-NODE] depth=0 exit=CERTIFIED certified=1 feasible=1 iters=5 generatedColsBeforeNode=0 newCols=62 posCandidates=62 duplicateCandidates=0 updatedCols=0 zeroObjImproveIters=0 objFirst=141783843.005108 objLast=173275362.804256 objGain=31491519.799148 maxRC=59508629.421287 wallSec=0.015399 pricingSec=0.010685 cplexSolveSec=0.002657
    [CG] CG iter 2: obj=160116488.141012, maxRC=10638751.994843, +17 cols
    [CG] CG iter 5: obj=173022307.938306, maxRC=1480064.538689, +3 cols
    [CG]   [DIAG] iter=2 posCols=17 newCols=17 effImprove=17 updated=0
    [CG]   [DIAG] iter=5 posCols=3 newCols=3 effImprove=3 updated=0
    [CG] CG iter 3: obj=166309348.432688, maxRC=6308266.855284, +12 cols
    [CG]   [DIAG] iter=3 posCols=12 newCols=12 effImprove=12 updated=0
      [BB] 根节点即为整数解，obj=173275362.804256
    [CG] 列生成收敛，共 5 轮迭代
    [CG] [CG-NODE] depth=0 exit=CERTIFIED certified=1 feasible=1 iters=5 generatedColsBeforeNode=0 newCols=57 posCandidates=57 duplicateCandidates=0 updatedCols=0 zeroObjImproveIters=0 objFirst=142311749.227149 objLast=173317075.098162 objGain=31005325.871013 maxRC=59518310.986239 wallSec=0.016430 pricingSec=0.011612 cplexSolveSec=0.002691
    [CG] CG iter 4: obj=171423379.828905, maxRC=1681037.812700, +8 cols
    [CG]   [DIAG] iter=4 posCols=8 newCols=8 effImprove=8 updated=0
      [BB] 根节点即为整数解，obj=173317075.098162
    [CG] CG iter 3: obj=166348010.599143, maxRC=6307250.893289, +12 cols
    [CG] 列生成收敛，共 6 轮迭代
    [CG]   [DIAG] iter=3 posCols=12 newCols=12 effImprove=12 updated=0
    [CG] [CG-NODE] depth=0 exit=CERTIFIED certified=1 feasible=1 iters=6 generatedColsBeforeNode=0 newCols=62 posCandidates=62 duplicateCandidates=0 updatedCols=0 zeroObjImproveIters=1 objFirst=141970449.082879 objLast=173022307.938306 objGain=31051858.855427 maxRC=59367992.702763 wallSec=0.016343 pricingSec=0.011148 cplexSolveSec=0.003051
    [CG] CG iter 4: obj=169056964.255386, maxRC=4097871.465065, +5 cols
    [CG]   [DIAG] iter=4 posCols=5 newCols=5 effImprove=5 updated=0
    [CG] CG iter 3: obj=166221423.602678, maxRC=6317381.444410, +12 cols
      [BB] 根节点即为整数解，obj=173022307.938306
    [CG]   [DIAG] iter=3 posCols=12 newCols=12 effImprove=12 updated=0
    [CG] 列生成收敛，共 5 轮迭代
    [CG] [CG-NODE] depth=0 exit=CERTIFIED certified=1 feasible=1 iters=5 generatedColsBeforeNode=0 newCols=57 posCandidates=57 duplicateCandidates=0 updatedCols=0 zeroObjImproveIters=0 objFirst=142273806.320714 objLast=173275154.513977 objGain=31001348.193264 maxRC=59519832.925579 wallSec=0.011267 pricingSec=0.007486 cplexSolveSec=0.002031
    [CG] CG iter 5: obj=173240699.818502, maxRC=1168649.793862, +5 cols
    [CG] CG iter 4: obj=169098420.151457, maxRC=4100544.004256, +5 cols
    [CG]   [DIAG] iter=5 posCols=5 newCols=5 effImprove=5 updated=0
      [BB] 根节点即为整数解，obj=173275154.513977
    [CG]   [DIAG] iter=4 posCols=5 newCols=5 effImprove=5 updated=0
    [CG] CG iter 4: obj=168955691.982554, maxRC=4072589.155429, +5 cols
    [CG]   [DIAG] iter=4 posCols=5 newCols=5 effImprove=5 updated=0
    [CG] 列生成收敛，共 5 轮迭代
    [CG] [CG-NODE] depth=0 exit=CERTIFIED certified=1 feasible=1 iters=5 generatedColsBeforeNode=0 newCols=57 posCandidates=57 duplicateCandidates=0 updatedCols=0 zeroObjImproveIters=0 objFirst=142334934.692019 objLast=173316790.501978 objGain=30981855.809959 maxRC=59519752.128890 wallSec=0.017346 pricingSec=0.012053 cplexSolveSec=0.002778
      [BB] 根节点即为整数解，obj=173316790.501978
    [CG] 列生成收敛，共 6 轮迭代
    [CG] CG iter 5: obj=173170865.954780, maxRC=20856.482746, +1 cols
    [CG] [CG-NODE] depth=0 exit=CERTIFIED certified=1 feasible=1 iters=6 generatedColsBeforeNode=0 newCols=65 posCandidates=65 duplicateCandidates=0 updatedCols=0 zeroObjImproveIters=1 objFirst=141986384.557093 objLast=173240699.818502 objGain=31254315.261409 maxRC=59509916.304237 wallSec=0.017633 pricingSec=0.011937 cplexSolveSec=0.003403
    [CG]   [DIAG] iter=5 posCols=1 newCols=1 effImprove=1 updated=0
      [BB] 根节点即为整数解，obj=173240699.818502
    [CG] 列生成开始，初始列数=128
    [CG] 列生成收敛，共 6 轮迭代
    [CG] [CG-NODE] depth=0 exit=CERTIFIED certified=1 feasible=1 iters=6 generatedColsBeforeNode=0 newCols=58 posCandidates=58 duplicateCandidates=0 updatedCols=0 zeroObjImproveIters=1 objFirst=141984209.805510 objLast=173170865.954780 objGain=31186656.149270 maxRC=59509113.354287 wallSec=0.017993 pricingSec=0.012377 cplexSolveSec=0.003018
    [CG] CG iter 1: obj=142299860.503582, maxRC=59519752.128890, +23 cols
      [BB] 根节点即为整数解，obj=173170865.954780
    [CG]   [DIAG] iter=1 posCols=23 newCols=23 effImprove=23 updated=0
    [CG] CG iter 2: obj=160198000.311339, maxRC=10632770.086570, +17 cols
    [CG]   [DIAG] iter=2 posCols=17 newCols=17 effImprove=17 updated=0
    [CG] CG iter 3: obj=166333456.023115, maxRC=6307011.923813, +12 cols
    [CG]   [DIAG] iter=3 posCols=12 newCols=12 effImprove=12 updated=0
    [CG] CG iter 4: obj=169082649.090315, maxRC=4095488.696137, +5 cols
    [CG]   [DIAG] iter=4 posCols=5 newCols=5 effImprove=5 updated=0
    [CG] 列生成收敛，共 5 轮迭代
    [CG] [CG-NODE] depth=0 exit=CERTIFIED certified=1 feasible=1 iters=5 generatedColsBeforeNode=0 newCols=57 posCandidates=57 duplicateCandidates=0 updatedCols=0 zeroObjImproveIters=0 objFirst=142299860.503582 objLast=173298268.494082 objGain=30998407.990500 maxRC=59519752.128890 wallSec=0.014117 pricingSec=0.010080 cplexSolveSec=0.002251
      [BB] 根节点即为整数解，obj=173298268.494082
    [CG] CG iter 1: obj=142254969.112958, maxRC=59518351.082776, +23 cols
    [CG]   [DIAG] iter=1 posCols=23 newCols=23 effImprove=23 updated=0
    [CG] CG iter 2: obj=160193132.080902, maxRC=10623501.770124, +17 cols
    [CG]   [DIAG] iter=2 posCols=17 newCols=17 effImprove=17 updated=0
    [CG] CG iter 3: obj=166313958.814963, maxRC=6316280.048279, +11 cols
    [CG]   [DIAG] iter=3 posCols=11 newCols=11 effImprove=11 updated=0
    [CG] CG iter 4: obj=169042707.917148, maxRC=4080782.084976, +5 cols
    [CG]   [DIAG] iter=4 posCols=5 newCols=5 effImprove=5 updated=0
    [CG] 列生成收敛，共 5 轮迭代
    [CG] [CG-NODE] depth=0 exit=CERTIFIED certified=1 feasible=1 iters=5 generatedColsBeforeNode=0 newCols=56 posCandidates=56 duplicateCandidates=0 updatedCols=0 zeroObjImproveIters=0 objFirst=142254969.112958 objLast=173261096.549460 objGain=31006127.436502 maxRC=59518351.082776 wallSec=0.014865 pricingSec=0.009910 cplexSolveSec=0.002528
      [BB] 根节点即为整数解，obj=173261096.549460
[GA] 代数 7: Best=173345969.74, Avg=173285866.38, Worst=173051193.62, Valid=30/30, 耗时=0.06s (连续7代未提升)
  ├─ 求解: 30 个体 fork 并行 | CG迭代=133 加列=1455 BB分支=0
  ├─ 并行墙钟=0.0639s | 串行等效(ΣBP)=0.3786s | 加速比=5.92x
  ├─ 管理开销=-0.3146s (fork=0.0037 wait=0.0599 merge=0.0003)
  └─ CG明细: gen_logs/run_gen7_ind{0..29}.log
    [CG] 列生成开始，初始列数=128
    [CG] 列生成开始，初始列数=128
    [CG] 列生成开始，初始列数=128
    [CG] 列生成开始，初始列数=128
    [CG] 列生成开始，初始列数=128
    [CG] 列生成开始，初始列数=128
    [CG] 列生成开始，初始列数=128
    [CG] 列生成开始，初始列数=128
    [CG] CG iter 1: obj=142234660.011729, maxRC=59513894.439822, +23 cols
    [CG] CG iter 1: obj=141839815.989630, maxRC=59508715.300123, +23 cols
    [CG]   [DIAG] iter=1 posCols=23 newCols=23 effImprove=23 updated=0
    [CG] CG iter 1: obj=142138678.322963, maxRC=59506225.666795, +23 cols
    [CG] CG iter 1: obj=142172362.417379, maxRC=59519752.128890, +23 cols
    [CG]   [DIAG] iter=1 posCols=23 newCols=23 effImprove=23 updated=0
    [CG]   [DIAG] iter=1 posCols=23 newCols=23 effImprove=23 updated=0
    [CG]   [DIAG] iter=1 posCols=23 newCols=23 effImprove=23 updated=0
    [CG] CG iter 1: obj=142276031.177185, maxRC=59518290.485260, +23 cols
    [CG] CG iter 1: obj=142293030.390869, maxRC=59519779.058582, +23 cols
    [CG]   [DIAG] iter=1 posCols=23 newCols=23 effImprove=23 updated=0
    [CG]   [DIAG] iter=1 posCols=23 newCols=23 effImprove=23 updated=0
    [CG] CG iter 1: obj=142334814.351816, maxRC=59519752.128890, +23 cols
    [CG]   [DIAG] iter=1 posCols=23 newCols=23 effImprove=23 updated=0
    [CG] CG iter 2: obj=160203184.711918, maxRC=10626523.196542, +17 cols
    [CG]   [DIAG] iter=2 posCols=17 newCols=17 effImprove=17 updated=0
    [CG] CG iter 2: obj=160154858.888232, maxRC=9483247.838503, +17 cols
    [CG] CG iter 2: obj=160201999.158069, maxRC=10622227.774609, +17 cols
    [CG] CG iter 2: obj=160125721.020992, maxRC=10626523.196542, +17 cols
    [CG]   [DIAG] iter=2 posCols=17 newCols=17 effImprove=17 updated=0
    [CG]   [DIAG] iter=2 posCols=17 newCols=17 effImprove=17 updated=0
    [CG]   [DIAG] iter=2 posCols=17 newCols=17 effImprove=17 updated=0
    [CG] CG iter 1: obj=142335105.123839, maxRC=59519752.128890, +23 cols
    [CG] CG iter 2: obj=160205737.419661, maxRC=10623491.311119, +17 cols
    [CG] CG iter 2: obj=160205802.206550, maxRC=10623469.799741, +17 cols
    [CG]   [DIAG] iter=2 posCols=17 newCols=17 effImprove=17 updated=0
    [CG]   [DIAG] iter=1 posCols=23 newCols=23 effImprove=23 updated=0
    [CG]   [DIAG] iter=2 posCols=17 newCols=17 effImprove=17 updated=0
    [CG] CG iter 2: obj=160205686.662206, maxRC=10623473.374041, +17 cols
    [CG]   [DIAG] iter=2 posCols=17 newCols=17 effImprove=17 updated=0
    [CG] CG iter 3: obj=166344051.841435, maxRC=6306879.405728, +12 cols
    [CG]   [DIAG] iter=3 posCols=12 newCols=12 effImprove=12 updated=0
    [CG] CG iter 3: obj=166235260.082881, maxRC=6319486.682354, +12 cols
    [CG]   [DIAG] iter=3 posCols=12 newCols=12 effImprove=12 updated=0
    [CG] CG iter 3: obj=166344456.062237, maxRC=6307393.354564, +12 cols
    [CG] CG iter 3: obj=166540869.061512, maxRC=7041417.535440, +15 cols
    [CG]   [DIAG] iter=3 posCols=12 newCols=12 effImprove=12 updated=0
    [CG]   [DIAG] iter=3 posCols=15 newCols=15 effImprove=15 updated=0
    [CG] CG iter 3: obj=166330764.056284, maxRC=6314479.671217, +11 cols
    [CG]   [DIAG] iter=3 posCols=11 newCols=11 effImprove=11 updated=0
    [CG] CG iter 3: obj=166327136.715280, maxRC=6316070.826296, +11 cols
    [CG]   [DIAG] iter=3 posCols=11 newCols=11 effImprove=11 updated=0
    [CG] CG iter 4: obj=169094714.015011, maxRC=4099571.236423, +5 cols
    [CG]   [DIAG] iter=4 posCols=5 newCols=5 effImprove=5 updated=0
    [CG] CG iter 4: obj=168966509.512060, maxRC=4075405.837086, +5 cols
    [CG]   [DIAG] iter=4 posCols=5 newCols=5 effImprove=5 updated=0
    [CG] CG iter 3: obj=166347980.872054, maxRC=6307313.986688, +12 cols
    [CG]   [DIAG] iter=3 posCols=12 newCols=12 effImprove=12 updated=0
    [CG] CG iter 4: obj=169094761.523302, maxRC=4101237.711961, +5 cols
    [CG]   [DIAG] iter=4 posCols=5 newCols=5 effImprove=5 updated=0
    [CG] CG iter 4: obj=171432691.417690, maxRC=2478473.572871, +7 cols
    [CG]   [DIAG] iter=4 posCols=7 newCols=7 effImprove=7 updated=0
    [CG] CG iter 2: obj=160205590.652998, maxRC=10623603.398459, +17 cols
    [CG] CG iter 4: obj=169063696.972494, maxRC=4084701.004034, +5 cols
    [CG] 列生成收敛，共 5 轮迭代
    [CG] CG iter 4: obj=169056365.278267, maxRC=4081268.279914, +5 cols
    [CG]   [DIAG] iter=4 posCols=5 newCols=5 effImprove=5 updated=0
    [CG] [CG-NODE] depth=0 exit=CERTIFIED certified=1 feasible=1 iters=5 generatedColsBeforeNode=0 newCols=57 posCandidates=57 duplicateCandidates=0 updatedCols=0 zeroObjImproveIters=0 objFirst=142234660.011729 objLast=173312224.166982 objGain=31077564.155253 maxRC=59513894.439822 wallSec=0.016848 pricingSec=0.011604 cplexSolveSec=0.002730
    [CG]   [DIAG] iter=4 posCols=5 newCols=5 effImprove=5 updated=0
    [CG]   [DIAG] iter=2 posCols=17 newCols=17 effImprove=17 updated=0
    [CG] CG iter 5: obj=173185398.250030, maxRC=22865.398702, +1 cols
    [CG]   [DIAG] iter=5 posCols=1 newCols=1 effImprove=1 updated=0
      [BB] 根节点即为整数解，obj=173312224.166982
    [CG] 列生成收敛，共 5 轮迭代
    [CG] [CG-NODE] depth=0 exit=CERTIFIED certified=1 feasible=1 iters=5 generatedColsBeforeNode=0 newCols=57 posCandidates=57 duplicateCandidates=0 updatedCols=0 zeroObjImproveIters=0 objFirst=142138678.322963 objLast=173313204.035658 objGain=31174525.712696 maxRC=59506225.666795 wallSec=0.016750 pricingSec=0.011287 cplexSolveSec=0.002950
    [CG] CG iter 4: obj=169098180.399699, maxRC=4100480.524852, +5 cols
    [CG] CG iter 5: obj=173250570.523509, maxRC=5071.785640, +1 cols
    [CG]   [DIAG] iter=4 posCols=5 newCols=5 effImprove=5 updated=0
    [CG]   [DIAG] iter=5 posCols=1 newCols=1 effImprove=1 updated=0
      [BB] 根节点即为整数解，obj=173313204.035658
    [CG] CG iter 5: obj=173282091.183335, maxRC=18963.097069, +1 cols
    [CG]   [DIAG] iter=5 posCols=1 newCols=1 effImprove=1 updated=0
    [CG] 列生成收敛，共 5 轮迭代
    [CG] [CG-NODE] depth=0 exit=CERTIFIED certified=1 feasible=1 iters=5 generatedColsBeforeNode=0 newCols=56 posCandidates=56 duplicateCandidates=0 updatedCols=0 zeroObjImproveIters=0 objFirst=142293030.390869 objLast=173274769.502374 objGain=30981739.111505 maxRC=59519779.058582 wallSec=0.016729 pricingSec=0.011351 cplexSolveSec=0.002800
    [CG] 列生成收敛，共 6 轮迭代
    [CG] [CG-NODE] depth=0 exit=CERTIFIED certified=1 feasible=1 iters=6 generatedColsBeforeNode=0 newCols=58 posCandidates=58 duplicateCandidates=0 updatedCols=0 zeroObjImproveIters=1 objFirst=142172362.417379 objLast=173185398.250030 objGain=31013035.832651 maxRC=59519752.128890 wallSec=0.016946 pricingSec=0.011388 cplexSolveSec=0.002982
      [BB] 根节点即为整数解，obj=173274769.502374
      [BB] 根节点即为整数解，obj=173185398.250030
    [CG] 列生成收敛，共 6 轮迭代
    [CG] 列生成收敛，共 5 轮迭代
    [CG] [CG-NODE] depth=0 exit=CERTIFIED certified=1 feasible=1 iters=6 generatedColsBeforeNode=0 newCols=63 posCandidates=63 duplicateCandidates=0 updatedCols=0 zeroObjImproveIters=1 objFirst=141839815.989630 objLast=173250570.523509 objGain=31410754.533879 maxRC=59508715.300123 wallSec=0.017781 pricingSec=0.011827 cplexSolveSec=0.003172
    [CG] [CG-NODE] depth=0 exit=CERTIFIED certified=1 feasible=1 iters=5 generatedColsBeforeNode=0 newCols=57 posCandidates=57 duplicateCandidates=0 updatedCols=0 zeroObjImproveIters=0 objFirst=142334814.351816 objLast=173316575.680441 objGain=30981761.328625 maxRC=59519752.128890 wallSec=0.017688 pricingSec=0.012235 cplexSolveSec=0.002807
    [CG] 列生成收敛，共 6 轮迭代
    [CG] [CG-NODE] depth=0 exit=CERTIFIED certified=1 feasible=1 iters=6 generatedColsBeforeNode=0 newCols=57 posCandidates=57 duplicateCandidates=0 updatedCols=0 zeroObjImproveIters=1 objFirst=142276031.177185 objLast=173282091.183335 objGain=31006060.006150 maxRC=59518290.485260 wallSec=0.017120 pricingSec=0.011491 cplexSolveSec=0.003041
      [BB] 根节点即为整数解，obj=173250570.523509
      [BB] 根节点即为整数解，obj=173316575.680441
    [CG] CG iter 3: obj=166348022.227966, maxRC=6307252.429659, +12 cols
      [BB] 根节点即为整数解，obj=173282091.183335
    [CG]   [DIAG] iter=3 posCols=12 newCols=12 effImprove=12 updated=0
    [CG] CG iter 4: obj=169098429.648540, maxRC=4100547.672367, +5 cols
    [CG]   [DIAG] iter=4 posCols=5 newCols=5 effImprove=5 updated=0
    [CG] 列生成开始，初始列数=128
    [CG] 列生成收敛，共 5 轮迭代
    [CG] [CG-NODE] depth=0 exit=CERTIFIED certified=1 feasible=1 iters=5 generatedColsBeforeNode=0 newCols=57 posCandidates=57 duplicateCandidates=0 updatedCols=0 zeroObjImproveIters=0 objFirst=142335105.123839 objLast=173316803.667171 objGain=30981698.543333 maxRC=59519752.128890 wallSec=0.019629 pricingSec=0.013560 cplexSolveSec=0.003176
      [BB] 根节点即为整数解，obj=173316803.667171
    [CG] 列生成开始，初始列数=128
    [CG] 列生成开始，初始列数=128
    [CG] 列生成开始，初始列数=128
    [CG] 列生成开始，初始列数=128
    [CG] 列生成开始，初始列数=128
    [CG] 列生成开始，初始列数=128
    [CG] 列生成开始，初始列数=128
    [CG] CG iter 1: obj=142151176.978196, maxRC=59518388.684791, +23 cols
    [CG]   [DIAG] iter=1 posCols=23 newCols=23 effImprove=23 updated=0
    [CG] CG iter 1: obj=142034076.378923, maxRC=59508189.745620, +23 cols
    [CG]   [DIAG] iter=1 posCols=23 newCols=23 effImprove=23 updated=0
    [CG] CG iter 1: obj=142243474.230135, maxRC=59519752.128890, +23 cols
    [CG]   [DIAG] iter=1 posCols=23 newCols=23 effImprove=23 updated=0
    [CG] CG iter 2: obj=160200729.535849, maxRC=10134081.582215, +17 cols
    [CG]   [DIAG] iter=2 posCols=17 newCols=17 effImprove=17 updated=0
    [CG] CG iter 1: obj=142269600.660183, maxRC=59519832.925579, +23 cols
    [CG]   [DIAG] iter=1 posCols=23 newCols=23 effImprove=23 updated=0
    [CG] CG iter 2: obj=160123575.216324, maxRC=10715446.918985, +17 cols
    [CG]   [DIAG] iter=2 posCols=17 newCols=17 effImprove=17 updated=0
    [CG] CG iter 3: obj=168029784.138498, maxRC=3667096.921275, +12 cols
    [CG]   [DIAG] iter=3 posCols=12 newCols=12 effImprove=12 updated=0
    [CG] CG iter 2: obj=160203856.911266, maxRC=10625690.119118, +17 cols
    [CG]   [DIAG] iter=2 posCols=17 newCols=17 effImprove=17 updated=0
    [CG] CG iter 1: obj=142129880.090348, maxRC=59508189.745620, +23 cols
    [CG]   [DIAG] iter=1 posCols=23 newCols=23 effImprove=23 updated=0
    [CG] CG iter 2: obj=160165603.584400, maxRC=10624226.353844, +17 cols
    [CG] CG iter 3: obj=166224241.725908, maxRC=6294600.855779, +12 cols
    [CG]   [DIAG] iter=3 posCols=12 newCols=12 effImprove=12 updated=0
    [CG]   [DIAG] iter=2 posCols=17 newCols=17 effImprove=17 updated=0
    [CG] CG iter 4: obj=171494641.386930, maxRC=1700457.042607, +8 cols
    [CG]   [DIAG] iter=4 posCols=8 newCols=8 effImprove=8 updated=0
    [CG] CG iter 1: obj=142062140.067647, maxRC=59509113.354287, +23 cols
    [CG]   [DIAG] iter=1 posCols=23 newCols=23 effImprove=23 updated=0
    [CG] CG iter 3: obj=166345314.326446, maxRC=6306957.277136, +12 cols
    [CG]   [DIAG] iter=3 posCols=12 newCols=12 effImprove=12 updated=0
    [CG] CG iter 4: obj=168990053.983514, maxRC=4072469.606813, +7 cols
    [CG]   [DIAG] iter=4 posCols=7 newCols=7 effImprove=7 updated=0
    [CG] CG iter 5: obj=173312334.903640, maxRC=1122787.787337, +4 cols
    [CG]   [DIAG] iter=5 posCols=4 newCols=4 effImprove=4 updated=0
    [CG] CG iter 3: obj=166304965.951319, maxRC=6308195.174385, +12 cols
    [CG] CG iter 2: obj=160193015.532912, maxRC=10623562.168062, +17 cols
    [CG]   [DIAG] iter=3 posCols=12 newCols=12 effImprove=12 updated=0
    [CG]   [DIAG] iter=2 posCols=17 newCols=17 effImprove=17 updated=0
    [CG] CG iter 5: obj=173180367.573253, maxRC=1479686.488595, +2 cols
    [CG]   [DIAG] iter=5 posCols=2 newCols=2 effImprove=2 updated=0
    [CG] CG iter 4: obj=169096048.578711, maxRC=4099944.872236, +5 cols
    [CG]   [DIAG] iter=4 posCols=5 newCols=5 effImprove=5 updated=0
    [CG] 列生成收敛，共 6 轮迭代
    [CG] [CG-NODE] depth=0 exit=CERTIFIED certified=1 feasible=1 iters=6 generatedColsBeforeNode=0 newCols=64 posCandidates=64 duplicateCandidates=0 updatedCols=0 zeroObjImproveIters=1 objFirst=142151176.978196 objLast=173312334.903640 objGain=31161157.925444 maxRC=59518388.684791 wallSec=0.010278 pricingSec=0.006320 cplexSolveSec=0.002063
    [CG] CG iter 2: obj=160162458.936998, maxRC=10638751.994843, +17 cols
      [BB] 根节点即为整数解，obj=173312334.903640
    [CG]   [DIAG] iter=2 posCols=17 newCols=17 effImprove=17 updated=0
    [CG] CG iter 4: obj=169052758.594855, maxRC=4098030.279616, +5 cols
    [CG] CG iter 6: obj=173180367.573253, maxRC=101849.869934, +1 cols
    [CG]   [DIAG] iter=4 posCols=5 newCols=5 effImprove=5 updated=0
    [CG]   [DIAG] iter=6 posCols=1 newCols=1 effImprove=1 updated=0
    [CG] CG iter 3: obj=166335467.552971, maxRC=6307276.027572, +12 cols
    [CG]   [DIAG] iter=3 posCols=12 newCols=12 effImprove=12 updated=0
    [CG] 列生成收敛，共 7 轮迭代
    [CG] 列生成收敛，共 5 轮迭代
    [CG] CG iter 1: obj=142273811.570976, maxRC=59519832.925579, +23 cols
    [CG] [CG-NODE] depth=0 exit=CERTIFIED certified=1 feasible=1 iters=7 generatedColsBeforeNode=0 newCols=62 posCandidates=62 duplicateCandidates=0 updatedCols=0 zeroObjImproveIters=2 objFirst=142034076.378923 objLast=173180367.573253 objGain=31146291.194329 maxRC=59508189.745620 wallSec=0.010029 pricingSec=0.006143 cplexSolveSec=0.002120
    [CG] 列生成收敛，共 5 轮迭代
    [CG] [CG-NODE] depth=0 exit=CERTIFIED certified=1 feasible=1 iters=5 generatedColsBeforeNode=0 newCols=57 posCandidates=57 duplicateCandidates=0 updatedCols=0 zeroObjImproveIters=0 objFirst=142243474.230135 objLast=173313808.705259 objGain=31070334.475124 maxRC=59519752.128890 wallSec=0.009864 pricingSec=0.005977 cplexSolveSec=0.002020
    [CG] [CG-NODE] depth=0 exit=CERTIFIED certified=1 feasible=1 iters=5 generatedColsBeforeNode=0 newCols=57 posCandidates=57 duplicateCandidates=0 updatedCols=0 zeroObjImproveIters=0 objFirst=142269600.660183 objLast=173270948.853447 objGain=31001348.193264 maxRC=59519832.925579 wallSec=0.009501 pricingSec=0.005818 cplexSolveSec=0.001827
      [BB] 根节点即为整数解，obj=173180367.573253
    [CG]   [DIAG] iter=1 posCols=23 newCols=23 effImprove=23 updated=0
      [BB] 根节点即为整数解，obj=173270948.853447
    [CG] CG iter 3: obj=166271199.121490, maxRC=6313436.411593, +11 cols
      [BB] 根节点即为整数解，obj=173313808.705259
    [CG]   [DIAG] iter=3 posCols=11 newCols=11 effImprove=11 updated=0
    [CG] CG iter 4: obj=169085880.353543, maxRC=4100541.295355, +5 cols
    [CG]   [DIAG] iter=4 posCols=5 newCols=5 effImprove=5 updated=0
    [CG] CG iter 4: obj=169001170.239639, maxRC=4072359.815252, +5 cols
    [CG]   [DIAG] iter=4 posCols=5 newCols=5 effImprove=5 updated=0
    [CG] 列生成收敛，共 5 轮迭代
    [CG] [CG-NODE] depth=0 exit=CERTIFIED certified=1 feasible=1 iters=5 generatedColsBeforeNode=0 newCols=57 posCandidates=57 duplicateCandidates=0 updatedCols=0 zeroObjImproveIters=0 objFirst=142129880.090348 objLast=173304251.691022 objGain=31174371.600674 maxRC=59508189.745620 wallSec=0.010344 pricingSec=0.006517 cplexSolveSec=0.001912
      [BB] 根节点即为整数解，obj=173304251.691022
    [CG] 列生成收敛，共 5 轮迭代
    [CG] [CG-NODE] depth=0 exit=CERTIFIED certified=1 feasible=1 iters=5 generatedColsBeforeNode=0 newCols=56 posCandidates=56 duplicateCandidates=0 updatedCols=0 zeroObjImproveIters=0 objFirst=142062140.067647 objLast=173216344.211864 objGain=31154204.144217 maxRC=59509113.354287 wallSec=0.008907 pricingSec=0.005837 cplexSolveSec=0.001644
    [CG] CG iter 2: obj=160170166.893041, maxRC=10624226.353844, +17 cols
    [CG]   [DIAG] iter=2 posCols=17 newCols=17 effImprove=17 updated=0
      [BB] 根节点即为整数解，obj=173216344.211864
    [CG] 列生成开始，初始列数=128
    [CG] CG iter 3: obj=166309360.330909, maxRC=6308273.503242, +12 cols
    [CG] 列生成开始，初始列数=128
    [CG]   [DIAG] iter=3 posCols=12 newCols=12 effImprove=12 updated=0
    [CG] 列生成开始，初始列数=128
    [CG] 列生成开始，初始列数=128
    [CG] CG iter 4: obj=169056982.801565, maxRC=4097880.505736, +5 cols
    [CG]   [DIAG] iter=4 posCols=5 newCols=5 effImprove=5 updated=0
    [CG] 列生成开始，初始列数=128
    [CG] 列生成收敛，共 5 轮迭代
    [CG] [CG-NODE] depth=0 exit=CERTIFIED certified=1 feasible=1 iters=5 generatedColsBeforeNode=0 newCols=57 posCandidates=57 duplicateCandidates=0 updatedCols=0 zeroObjImproveIters=0 objFirst=142273811.570976 objLast=173275167.516813 objGain=31001355.945836 maxRC=59519832.925579 wallSec=0.013255 pricingSec=0.008509 cplexSolveSec=0.002264
    [CG] 列生成开始，初始列数=128
      [BB] 根节点即为整数解，obj=173275167.516813
    [CG] CG iter 1: obj=142309184.659142, maxRC=59518325.011962, +23 cols
    [CG]   [DIAG] iter=1 posCols=23 newCols=23 effImprove=23 updated=0
    [CG] CG iter 1: obj=141929629.622057, maxRC=59502699.055184, +23 cols
    [CG] CG iter 2: obj=160203912.301240, maxRC=10625645.207047, +17 cols
    [CG]   [DIAG] iter=2 posCols=17 newCols=17 effImprove=17 updated=0
    [CG]   [DIAG] iter=1 posCols=23 newCols=23 effImprove=23 updated=0
    [CG] 列生成开始，初始列数=128
    [CG] CG iter 2: obj=160083250.761908, maxRC=10638258.308074, +17 cols
    [CG]   [DIAG] iter=2 posCols=17 newCols=17 effImprove=17 updated=0
    [CG] CG iter 1: obj=141921650.176146, maxRC=59513921.369513, +23 cols
    [CG]   [DIAG] iter=1 posCols=23 newCols=23 effImprove=23 updated=0
    [CG] CG iter 1: obj=142312855.094682, maxRC=59519752.288062, +23 cols
    [CG] CG iter 3: obj=166345389.121963, maxRC=6306964.550292, +12 cols
    [CG]   [DIAG] iter=1 posCols=23 newCols=23 effImprove=23 updated=0
    [CG]   [DIAG] iter=3 posCols=12 newCols=12 effImprove=12 updated=0
    [CG] CG iter 3: obj=166187432.064877, maxRC=6323125.404156, +12 cols
    [CG]   [DIAG] iter=3 posCols=12 newCols=12 effImprove=12 updated=0
    [CG] CG iter 1: obj=142177475.032127, maxRC=59519752.128890, +23 cols
    [CG]   [DIAG] iter=1 posCols=23 newCols=23 effImprove=23 updated=0
    [CG] CG iter 2: obj=160155909.876264, maxRC=9503649.546743, +17 cols
    [CG]   [DIAG] iter=2 posCols=17 newCols=17 effImprove=17 updated=0
    [CG] CG iter 2: obj=160189613.659397, maxRC=10643765.606717, +17 cols
    [CG] CG iter 4: obj=168927943.858638, maxRC=4077026.955955, +5 cols
    [CG]   [DIAG] iter=2 posCols=17 newCols=17 effImprove=17 updated=0
    [CG]   [DIAG] iter=4 posCols=5 newCols=5 effImprove=5 updated=0
    [CG] CG iter 1: obj=142335366.392602, maxRC=59519752.128890, +23 cols
    [CG]   [DIAG] iter=1 posCols=23 newCols=23 effImprove=23 updated=0
    [CG] CG iter 4: obj=169096115.426507, maxRC=4099953.001768, +5 cols
    [CG]   [DIAG] iter=4 posCols=5 newCols=5 effImprove=5 updated=0
    [CG] CG iter 2: obj=160117093.376894, maxRC=10623485.371715, +17 cols
    [CG]   [DIAG] iter=2 posCols=17 newCols=17 effImprove=17 updated=0
    [CG] CG iter 5: obj=173141252.991491, maxRC=28446.009228, +1 cols
    [CG]   [DIAG] iter=5 posCols=1 newCols=1 effImprove=1 updated=0
    [CG] CG iter 3: obj=166522397.589045, maxRC=7036011.978023, +15 cols
    [CG]   [DIAG] iter=3 posCols=15 newCols=15 effImprove=15 updated=0
    [CG] CG iter 3: obj=166322625.729296, maxRC=6304501.249614, +12 cols
    [CG]   [DIAG] iter=3 posCols=12 newCols=12 effImprove=12 updated=0
    [CG] 列生成收敛，共 6 轮迭代
    [CG] [CG-NODE] depth=0 exit=CERTIFIED certified=1 feasible=1 iters=6 generatedColsBeforeNode=0 newCols=58 posCandidates=58 duplicateCandidates=0 updatedCols=0 zeroObjImproveIters=1 objFirst=141929629.622057 objLast=173141252.991491 objGain=31211623.369434 maxRC=59502699.055184 wallSec=0.007523 pricingSec=0.004529 cplexSolveSec=0.001548
    [CG] CG iter 2: obj=160205778.839279, maxRC=10623479.978949, +17 cols
    [CG]   [DIAG] iter=2 posCols=17 newCols=17 effImprove=17 updated=0
      [BB] 根节点即为整数解，obj=173141252.991491
    [CG] 列生成收敛，共 5 轮迭代
    [CG] [CG-NODE] depth=0 exit=CERTIFIED certified=1 feasible=1 iters=5 generatedColsBeforeNode=0 newCols=57 posCandidates=57 duplicateCandidates=0 updatedCols=0 zeroObjImproveIters=0 objFirst=142309184.659142 objLast=173313888.896902 objGain=31004704.237760 maxRC=59518325.011962 wallSec=0.017284 pricingSec=0.011852 cplexSolveSec=0.002803
    [CG] CG iter 4: obj=171407387.366516, maxRC=3059987.141573, +7 cols
    [CG] CG iter 3: obj=166237262.653378, maxRC=6319285.939947, +12 cols
    [CG]   [DIAG] iter=4 posCols=7 newCols=7 effImprove=7 updated=0
    [CG]   [DIAG] iter=3 posCols=12 newCols=12 effImprove=12 updated=0
    [CG] CG iter 4: obj=169076165.680553, maxRC=4094339.643381, +5 cols
    [CG]   [DIAG] iter=4 posCols=5 newCols=5 effImprove=5 updated=0
      [BB] 根节点即为整数解，obj=173313888.896902
    [CG] 列生成收敛，共 5 轮迭代
    [CG] [CG-NODE] depth=0 exit=CERTIFIED certified=1 feasible=1 iters=5 generatedColsBeforeNode=0 newCols=62 posCandidates=62 duplicateCandidates=0 updatedCols=0 zeroObjImproveIters=0 objFirst=141921650.176146 objLast=173225252.958684 objGain=31303602.782538 maxRC=59513921.369513 wallSec=0.007061 pricingSec=0.004407 cplexSolveSec=0.001294
    [CG] CG iter 3: obj=166348280.923871, maxRC=6307262.437351, +12 cols
    [CG]   [DIAG] iter=3 posCols=12 newCols=12 effImprove=12 updated=0
      [BB] 根节点即为整数解，obj=173225252.958684
    [CG] CG iter 4: obj=168974844.472057, maxRC=4084610.777742, +5 cols
    [CG] 列生成收敛，共 5 轮迭代
    [CG]   [DIAG] iter=4 posCols=5 newCols=5 effImprove=5 updated=0
    [CG] [CG-NODE] depth=0 exit=CERTIFIED certified=1 feasible=1 iters=5 generatedColsBeforeNode=0 newCols=57 posCandidates=57 duplicateCandidates=0 updatedCols=0 zeroObjImproveIters=0 objFirst=142312855.094682 objLast=173288435.278665 objGain=30975580.183984 maxRC=59519752.288062 wallSec=0.006798 pricingSec=0.004203 cplexSolveSec=0.001293
      [BB] 根节点即为整数解，obj=173288435.278665
    [CG] CG iter 5: obj=173193237.578355, maxRC=19199.377470, +1 cols
    [CG]   [DIAG] iter=5 posCols=1 newCols=1 effImprove=1 updated=0
    [CG] CG iter 4: obj=169098681.648234, maxRC=4100581.381040, +5 cols
    [CG]   [DIAG] iter=4 posCols=5 newCols=5 effImprove=5 updated=0
    [CG] CG iter 1: obj=141967993.055740, maxRC=59508643.447009, +23 cols
    [CG] 列生成收敛，共 6 轮迭代
    [CG]   [DIAG] iter=1 posCols=23 newCols=23 effImprove=23 updated=0
    [CG] [CG-NODE] depth=0 exit=CERTIFIED certified=1 feasible=1 iters=6 generatedColsBeforeNode=0 newCols=58 posCandidates=58 duplicateCandidates=0 updatedCols=0 zeroObjImproveIters=1 objFirst=142177475.032127 objLast=173193237.578355 objGain=31015762.546227 maxRC=59519752.128890 wallSec=0.006977 pricingSec=0.004348 cplexSolveSec=0.001456
    [CG] 列生成收敛，共 5 轮迭代
    [CG] [CG-NODE] depth=0 exit=CERTIFIED certified=1 feasible=1 iters=5 generatedColsBeforeNode=0 newCols=57 posCandidates=57 duplicateCandidates=0 updatedCols=0 zeroObjImproveIters=0 objFirst=142335366.392602 objLast=173317079.844376 objGain=30981713.451774 maxRC=59519752.128890 wallSec=0.006751 pricingSec=0.004237 cplexSolveSec=0.001282
      [BB] 根节点即为整数解，obj=173193237.578355
      [BB] 根节点即为整数解，obj=173317079.844376
    [CG] 列生成开始，初始列数=128
    [CG] CG iter 2: obj=160029035.965499, maxRC=9474129.666730, +17 cols
    [CG]   [DIAG] iter=2 posCols=17 newCols=17 effImprove=17 updated=0
    [CG] CG iter 1: obj=141803608.508938, maxRC=59508189.745620, +23 cols
    [CG] 列生成开始，初始列数=128
    [CG]   [DIAG] iter=1 posCols=23 newCols=23 effImprove=23 updated=0
    [CG] CG iter 2: obj=160190047.735197, maxRC=9475613.102507, +17 cols
    [CG] 列生成开始，初始列数=128
    [CG]   [DIAG] iter=2 posCols=17 newCols=17 effImprove=17 updated=0
    [CG] CG iter 3: obj=166424779.780002, maxRC=7050256.737428, +15 cols
    [CG]   [DIAG] iter=3 posCols=15 newCols=15 effImprove=15 updated=0
    [CG] CG iter 4: obj=171322155.702721, maxRC=2470379.861092, +7 cols
    [CG] CG iter 3: obj=166586233.712637, maxRC=7054738.046455, +15 cols
    [CG]   [DIAG] iter=4 posCols=7 newCols=7 effImprove=7 updated=0
    [CG]   [DIAG] iter=3 posCols=15 newCols=15 effImprove=15 updated=0
    [CG] 列生成收敛，共 5 轮迭代
    [CG] [CG-NODE] depth=0 exit=CERTIFIED certified=1 feasible=1 iters=5 generatedColsBeforeNode=0 newCols=62 posCandidates=62 duplicateCandidates=0 updatedCols=0 zeroObjImproveIters=0 objFirst=141967993.055740 objLast=173139990.519639 objGain=31171997.463899 maxRC=59508643.447009 wallSec=0.011314 pricingSec=0.007511 cplexSolveSec=0.002137
    [CG] CG iter 4: obj=171479671.660523, maxRC=2475665.159092, +7 cols
    [CG]   [DIAG] iter=4 posCols=7 newCols=7 effImprove=7 updated=0
      [BB] 根节点即为整数解，obj=173139990.519639
    [CG] CG iter 1: obj=141989560.170044, maxRC=59508629.421287, +23 cols
    [CG]   [DIAG] iter=1 posCols=23 newCols=23 effImprove=23 updated=0
    [CG] CG iter 5: obj=173297555.914914, maxRC=925.165970, +1 cols
    [CG]   [DIAG] iter=5 posCols=1 newCols=1 effImprove=1 updated=0
    [CG] CG iter 2: obj=160072709.475883, maxRC=10627151.816180, +17 cols
    [CG] 列生成收敛，共 6 轮迭代
    [CG]   [DIAG] iter=2 posCols=17 newCols=17 effImprove=17 updated=0
    [CG] [CG-NODE] depth=0 exit=CERTIFIED certified=1 feasible=1 iters=6 generatedColsBeforeNode=0 newCols=63 posCandidates=63 duplicateCandidates=0 updatedCols=0 zeroObjImproveIters=1 objFirst=141803608.508938 objLast=173297555.914914 objGain=31493947.405977 maxRC=59508189.745620 wallSec=0.009266 pricingSec=0.006014 cplexSolveSec=0.001784
      [BB] 根节点即为整数解，obj=173297555.914914
    [CG] CG iter 3: obj=166173231.510832, maxRC=6294010.301729, +12 cols
    [CG]   [DIAG] iter=3 posCols=12 newCols=12 effImprove=12 updated=0
    [CG] CG iter 4: obj=168911457.975980, maxRC=4066615.130161, +5 cols
    [CG]   [DIAG] iter=4 posCols=5 newCols=5 effImprove=5 updated=0
    [CG] CG iter 1: obj=142307278.550753, maxRC=59519749.227507, +23 cols
    [CG] 列生成收敛，共 5 轮迭代
    [CG] [CG-NODE] depth=0 exit=CERTIFIED certified=1 feasible=1 iters=5 generatedColsBeforeNode=0 newCols=57 posCandidates=57 duplicateCandidates=0 updatedCols=0 zeroObjImproveIters=0 objFirst=141989560.170044 objLast=173142297.858445 objGain=31152737.688401 maxRC=59508629.421287 wallSec=0.006742 pricingSec=0.004310 cplexSolveSec=0.001260
    [CG]   [DIAG] iter=1 posCols=23 newCols=23 effImprove=23 updated=0
      [BB] 根节点即为整数解，obj=173142297.858445
    [CG] CG iter 2: obj=160205736.636384, maxRC=10623469.392767, +17 cols
    [CG]   [DIAG] iter=2 posCols=17 newCols=17 effImprove=17 updated=0
    [CG] CG iter 3: obj=166348028.590118, maxRC=6307299.735216, +12 cols
    [CG]   [DIAG] iter=3 posCols=12 newCols=12 effImprove=12 updated=0
    [CG] CG iter 4: obj=169098213.086372, maxRC=4100469.243233, +5 cols
    [CG]   [DIAG] iter=4 posCols=5 newCols=5 effImprove=5 updated=0
    [CG] 列生成收敛，共 5 轮迭代
    [CG] [CG-NODE] depth=0 exit=CERTIFIED certified=1 feasible=1 iters=5 generatedColsBeforeNode=0 newCols=57 posCandidates=57 duplicateCandidates=0 updatedCols=0 zeroObjImproveIters=0 objFirst=142307278.550753 objLast=173316621.245153 objGain=31009342.694400 maxRC=59519749.227507 wallSec=0.008735 pricingSec=0.005635 cplexSolveSec=0.001695
      [BB] 根节点即为整数解，obj=173316621.245153
    [CG] CG iter 1: obj=142067179.735557, maxRC=59509132.097522, +23 cols
    [CG]   [DIAG] iter=1 posCols=23 newCols=23 effImprove=23 updated=0
    [CG] CG iter 2: obj=160154620.968257, maxRC=10690192.424690, +17 cols
    [CG]   [DIAG] iter=2 posCols=17 newCols=17 effImprove=17 updated=0
    [CG] CG iter 3: obj=166266542.318488, maxRC=6298109.183575, +12 cols
    [CG]   [DIAG] iter=3 posCols=12 newCols=12 effImprove=12 updated=0
    [CG] CG iter 4: obj=169027883.571135, maxRC=4080121.935199, +7 cols
    [CG]   [DIAG] iter=4 posCols=7 newCols=7 effImprove=7 updated=0
    [CG] CG iter 5: obj=173225944.421882, maxRC=1480064.538689, +2 cols
    [CG]   [DIAG] iter=5 posCols=2 newCols=2 effImprove=2 updated=0
    [CG] CG iter 6: obj=173225944.421882, maxRC=102382.632049, +1 cols
    [CG]   [DIAG] iter=6 posCols=1 newCols=1 effImprove=1 updated=0
    [CG] 列生成收敛，共 7 轮迭代
    [CG] [CG-NODE] depth=0 exit=CERTIFIED certified=1 feasible=1 iters=7 generatedColsBeforeNode=0 newCols=62 posCandidates=62 duplicateCandidates=0 updatedCols=0 zeroObjImproveIters=2 objFirst=142067179.735557 objLast=173225944.421882 objGain=31158764.686325 maxRC=59509132.097522 wallSec=0.017908 pricingSec=0.012693 cplexSolveSec=0.002890
      [BB] 根节点即为整数解，obj=173225944.421882
[GA] 代数 8: Best=173345969.74, Avg=173290262.33, Worst=173168876.21, Valid=30/30, 耗时=0.06s (连续8代未提升)
  ├─ 求解: 30 个体 fork 并行 | CG迭代=141 加列=1522 BB分支=0
  ├─ 并行墙钟=0.0592s | 串行等效(ΣBP)=0.3242s | 加速比=5.47x
  ├─ 管理开销=-0.2650s (fork=0.0044 wait=0.0544 merge=0.0003)
  └─ CG明细: gen_logs/run_gen8_ind{0..29}.log
    [CG] 列生成开始，初始列数=128
    [CG] 列生成开始，初始列数=128
    [CG] 列生成开始，初始列数=128
    [CG] 列生成开始，初始列数=128
    [CG] 列生成开始，初始列数=128
    [CG] 列生成开始，初始列数=128
    [CG] 列生成开始，初始列数=128
    [CG] 列生成开始，初始列数=128
    [CG] CG iter 1: obj=142285650.708997, maxRC=59518325.011962, +23 cols
    [CG] CG iter 1: obj=142289427.026623, maxRC=59519832.925579, +23 cols
    [CG] CG iter 1: obj=141808928.958995, maxRC=59508189.745620, +23 cols
    [CG]   [DIAG] iter=1 posCols=23 newCols=23 effImprove=23 updated=0
    [CG]   [DIAG] iter=1 posCols=23 newCols=23 effImprove=23 updated=0
    [CG]   [DIAG] iter=1 posCols=23 newCols=23 effImprove=23 updated=0
    [CG] CG iter 1: obj=142276003.685251, maxRC=59518290.485260, +23 cols
    [CG] CG iter 1: obj=142329754.161524, maxRC=59519752.288062, +23 cols
    [CG]   [DIAG] iter=1 posCols=23 newCols=23 effImprove=23 updated=0
    [CG]   [DIAG] iter=1 posCols=23 newCols=23 effImprove=23 updated=0
    [CG] CG iter 1: obj=142311735.277366, maxRC=59519752.128890, +23 cols
    [CG]   [DIAG] iter=1 posCols=23 newCols=23 effImprove=23 updated=0
    [CG] CG iter 2: obj=160192803.386886, maxRC=9474061.984676, +17 cols
    [CG] CG iter 2: obj=160200332.783898, maxRC=10623491.311119, +17 cols
    [CG] CG iter 2: obj=160165678.379585, maxRC=10624226.353844, +17 cols
    [CG]   [DIAG] iter=2 posCols=17 newCols=17 effImprove=17 updated=0
    [CG]   [DIAG] iter=2 posCols=17 newCols=17 effImprove=17 updated=0
    [CG]   [DIAG] iter=2 posCols=17 newCols=17 effImprove=17 updated=0
    [CG] CG iter 2: obj=160205695.276942, maxRC=10623491.311119, +17 cols
    [CG]   [DIAG] iter=2 posCols=17 newCols=17 effImprove=17 updated=0
    [CG] CG iter 2: obj=160200996.963061, maxRC=10623479.978949, +17 cols
    [CG]   [DIAG] iter=2 posCols=17 newCols=17 effImprove=17 updated=0
    [CG] CG iter 1: obj=142293027.076237, maxRC=59519779.058582, +23 cols
    [CG] CG iter 3: obj=166340846.197200, maxRC=6306505.716488, +12 cols
    [CG] CG iter 3: obj=166305047.184471, maxRC=6308188.736417, +12 cols
    [CG] CG iter 2: obj=160185851.880368, maxRC=10623616.753774, +17 cols
    [CG]   [DIAG] iter=3 posCols=12 newCols=12 effImprove=12 updated=0
    [CG]   [DIAG] iter=3 posCols=12 newCols=12 effImprove=12 updated=0
    [CG] CG iter 3: obj=166590647.698621, maxRC=7057208.589825, +15 cols
    [CG]   [DIAG] iter=2 posCols=17 newCols=17 effImprove=17 updated=0
    [CG]   [DIAG] iter=3 posCols=15 newCols=15 effImprove=15 updated=0
    [CG]   [DIAG] iter=1 posCols=23 newCols=23 effImprove=23 updated=0
    [CG] CG iter 3: obj=166330722.209550, maxRC=6314479.375233, +11 cols
    [CG]   [DIAG] iter=3 posCols=11 newCols=11 effImprove=11 updated=0
    [CG] CG iter 4: obj=169090484.835364, maxRC=4098859.590175, +5 cols
    [CG] CG iter 3: obj=166343093.134377, maxRC=6307697.581554, +12 cols
    [CG] CG iter 4: obj=169052833.390039, maxRC=4098030.279616, +5 cols
    [CG]   [DIAG] iter=4 posCols=5 newCols=5 effImprove=5 updated=0
    [CG]   [DIAG] iter=4 posCols=5 newCols=5 effImprove=5 updated=0
    [CG] CG iter 4: obj=171486000.386806, maxRC=2476491.116048, +7 cols
    [CG]   [DIAG] iter=3 posCols=12 newCols=12 effImprove=12 updated=0
    [CG]   [DIAG] iter=4 posCols=7 newCols=7 effImprove=7 updated=0
    [CG] CG iter 3: obj=166326543.918906, maxRC=6308983.627705, +12 cols
    [CG] 列生成收敛，共 5 轮迭代
    [CG] [CG-NODE] depth=0 exit=CERTIFIED certified=1 feasible=1 iters=5 generatedColsBeforeNode=0 newCols=57 posCandidates=57 duplicateCandidates=0 updatedCols=0 zeroObjImproveIters=0 objFirst=142285650.708997 objLast=173309534.547063 objGain=31023883.838066 maxRC=59518325.011962 wallSec=0.009036 pricingSec=0.005956 cplexSolveSec=0.001665
    [CG]   [DIAG] iter=3 posCols=12 newCols=12 effImprove=12 updated=0
    [CG] 列生成收敛，共 5 轮迭代
    [CG] [CG-NODE] depth=0 exit=CERTIFIED certified=1 feasible=1 iters=5 generatedColsBeforeNode=0 newCols=57 posCandidates=57 duplicateCandidates=0 updatedCols=0 zeroObjImproveIters=0 objFirst=142289427.026623 objLast=173271023.648631 objGain=30981596.622007 maxRC=59519832.925579 wallSec=0.009015 pricingSec=0.005957 cplexSolveSec=0.001660
    [CG] CG iter 4: obj=169063654.829775, maxRC=4084701.004034, +5 cols
    [CG]   [DIAG] iter=4 posCols=5 newCols=5 effImprove=5 updated=0
    [CG] CG iter 5: obj=173303884.641197, maxRC=12.138634, +1 cols
    [CG]   [DIAG] iter=5 posCols=1 newCols=1 effImprove=1 updated=0
      [BB] 根节点即为整数解，obj=173309534.547063
      [BB] 根节点即为整数解，obj=173271023.648631
    [CG] CG iter 2: obj=160205798.944422, maxRC=10623469.799741, +17 cols
    [CG] CG iter 4: obj=169093921.529335, maxRC=4100585.914363, +5 cols
    [CG]   [DIAG] iter=2 posCols=17 newCols=17 effImprove=17 updated=0
    [CG]   [DIAG] iter=4 posCols=5 newCols=5 effImprove=5 updated=0
    [CG] 列生成收敛，共 6 轮迭代
    [CG] [CG-NODE] depth=0 exit=CERTIFIED certified=1 feasible=1 iters=6 generatedColsBeforeNode=0 newCols=63 posCandidates=63 duplicateCandidates=0 updatedCols=0 zeroObjImproveIters=1 objFirst=141808928.958995 objLast=173303884.641197 objGain=31494955.682202 maxRC=59508189.745620 wallSec=0.009597 pricingSec=0.006277 cplexSolveSec=0.001864
    [CG] CG iter 5: obj=173282049.040616, maxRC=18963.097069, +1 cols
    [CG]   [DIAG] iter=5 posCols=1 newCols=1 effImprove=1 updated=0
    [CG] CG iter 4: obj=169078686.205636, maxRC=4100544.004256, +5 cols
    [CG]   [DIAG] iter=4 posCols=5 newCols=5 effImprove=5 updated=0
      [BB] 根节点即为整数解，obj=173303884.641197
    [CG] 列生成收敛，共 5 轮迭代
    [CG] [CG-NODE] depth=0 exit=CERTIFIED certified=1 feasible=1 iters=5 generatedColsBeforeNode=0 newCols=57 posCandidates=57 duplicateCandidates=0 updatedCols=0 zeroObjImproveIters=0 objFirst=142329754.161524 objLast=173312310.317998 objGain=30982556.156475 maxRC=59519752.288062 wallSec=0.010228 pricingSec=0.006848 cplexSolveSec=0.001879
      [BB] 根节点即为整数解，obj=173312310.317998
    [CG] 列生成收敛，共 6 轮迭代
    [CG] [CG-NODE] depth=0 exit=CERTIFIED certified=1 feasible=1 iters=6 generatedColsBeforeNode=0 newCols=57 posCandidates=57 duplicateCandidates=0 updatedCols=0 zeroObjImproveIters=1 objFirst=142276003.685251 objLast=173282049.040616 objGain=31006045.355365 maxRC=59518290.485260 wallSec=0.010400 pricingSec=0.006703 cplexSolveSec=0.002138
    [CG] 列生成收敛，共 5 轮迭代
    [CG] [CG-NODE] depth=0 exit=CERTIFIED certified=1 feasible=1 iters=5 generatedColsBeforeNode=0 newCols=57 posCandidates=57 duplicateCandidates=0 updatedCols=0 zeroObjImproveIters=0 objFirst=142311735.277366 objLast=173297056.556157 objGain=30985321.278791 maxRC=59519752.128890 wallSec=0.010350 pricingSec=0.006925 cplexSolveSec=0.001897
      [BB] 根节点即为整数解，obj=173282049.040616
    [CG] CG iter 3: obj=166327144.729950, maxRC=6316082.155599, +11 cols
      [BB] 根节点即为整数解，obj=173297056.556157
    [CG]   [DIAG] iter=3 posCols=11 newCols=11 effImprove=11 updated=0
    [CG] 列生成开始，初始列数=128
    [CG] CG iter 4: obj=169056384.622239, maxRC=4081282.344399, +5 cols
    [CG] 列生成开始，初始列数=128
    [CG]   [DIAG] iter=4 posCols=5 newCols=5 effImprove=5 updated=0
    [CG] 列生成收敛，共 5 轮迭代
    [CG] [CG-NODE] depth=0 exit=CERTIFIED certified=1 feasible=1 iters=5 generatedColsBeforeNode=0 newCols=56 posCandidates=56 duplicateCandidates=0 updatedCols=0 zeroObjImproveIters=0 objFirst=142293027.076237 objLast=173274779.438868 objGain=30981752.362630 maxRC=59519779.058582 wallSec=0.012178 pricingSec=0.008270 cplexSolveSec=0.002172
    [CG] CG iter 1: obj=142218623.714485, maxRC=59519752.288062, +23 cols
    [CG] 列生成开始，初始列数=128
      [BB] 根节点即为整数解，obj=173274779.438868
    [CG]   [DIAG] iter=1 posCols=23 newCols=23 effImprove=23 updated=0
    [CG] 列生成开始，初始列数=128
    [CG] 列生成开始，初始列数=128
    [CG] 列生成开始，初始列数=128
    [CG] CG iter 2: obj=160109507.433222, maxRC=10643765.606717, +17 cols
    [CG]   [DIAG] iter=2 posCols=17 newCols=17 effImprove=17 updated=0
    [CG] CG iter 1: obj=142330266.342224, maxRC=59519752.128890, +23 cols
    [CG] 列生成开始，初始列数=128
    [CG]   [DIAG] iter=1 posCols=23 newCols=23 effImprove=23 updated=0
    [CG] CG iter 2: obj=160203184.711918, maxRC=10626523.196542, +17 cols
    [CG]   [DIAG] iter=2 posCols=17 newCols=17 effImprove=17 updated=0
    [CG] CG iter 3: obj=166235456.926110, maxRC=6311563.826625, +12 cols
    [CG]   [DIAG] iter=3 posCols=12 newCols=12 effImprove=12 updated=0
    [CG] CG iter 3: obj=166343490.267392, maxRC=6307073.964233, +12 cols
    [CG]   [DIAG] iter=3 posCols=12 newCols=12 effImprove=12 updated=0
    [CG] CG iter 1: obj=142307247.197276, maxRC=59519749.227507, +23 cols
    [CG]   [DIAG] iter=1 posCols=23 newCols=23 effImprove=23 updated=0
    [CG] CG iter 4: obj=169093590.866925, maxRC=4099110.883759, +5 cols
    [CG] CG iter 1: obj=142236442.732004, maxRC=59513894.439822, +23 cols
    [CG]   [DIAG] iter=4 posCols=5 newCols=5 effImprove=5 updated=0
    [CG]   [DIAG] iter=1 posCols=23 newCols=23 effImprove=23 updated=0
    [CG] CG iter 4: obj=168996059.454377, maxRC=4094339.643381, +5 cols
    [CG]   [DIAG] iter=4 posCols=5 newCols=5 effImprove=5 updated=0
    [CG] 列生成收敛，共 5 轮迭代
    [CG] [CG-NODE] depth=0 exit=CERTIFIED certified=1 feasible=1 iters=5 generatedColsBeforeNode=0 newCols=57 posCandidates=57 duplicateCandidates=0 updatedCols=0 zeroObjImproveIters=0 objFirst=142330266.342224 objLast=173311101.018896 objGain=30980834.676672 maxRC=59519752.128890 wallSec=0.006420 pricingSec=0.004142 cplexSolveSec=0.001143
      [BB] 根节点即为整数解，obj=173311101.018896
    [CG] CG iter 2: obj=160205704.343472, maxRC=10623469.392767, +17 cols
    [CG]   [DIAG] iter=2 posCols=17 newCols=17 effImprove=17 updated=0
    [CG] CG iter 2: obj=160204482.810535, maxRC=10624905.323385, +17 cols
    [CG]   [DIAG] iter=2 posCols=17 newCols=17 effImprove=17 updated=0
    [CG] 列生成收敛，共 5 轮迭代
    [CG] [CG-NODE] depth=0 exit=CERTIFIED certified=1 feasible=1 iters=5 generatedColsBeforeNode=0 newCols=57 posCandidates=57 duplicateCandidates=0 updatedCols=0 zeroObjImproveIters=0 objFirst=142218623.714485 objLast=173208329.052490 objGain=30989705.338005 maxRC=59519752.288062 wallSec=0.017222 pricingSec=0.012243 cplexSolveSec=0.002687
      [BB] 根节点即为整数解，obj=173208329.052490
    [CG] CG iter 3: obj=166348000.806448, maxRC=6307303.305022, +12 cols
    [CG]   [DIAG] iter=3 posCols=12 newCols=12 effImprove=12 updated=0
    [CG] CG iter 3: obj=166346096.062890, maxRC=6307102.084394, +12 cols
    [CG]   [DIAG] iter=3 posCols=12 newCols=12 effImprove=12 updated=0
    [CG] CG iter 4: obj=169098188.872507, maxRC=4100474.265676, +5 cols
    [CG]   [DIAG] iter=4 posCols=5 newCols=5 effImprove=5 updated=0
    [CG] CG iter 4: obj=169096496.735286, maxRC=4100055.416269, +5 cols
    [CG]   [DIAG] iter=4 posCols=5 newCols=5 effImprove=5 updated=0
    [CG] 列生成收敛，共 5 轮迭代
    [CG] [CG-NODE] depth=0 exit=CERTIFIED certified=1 feasible=1 iters=5 generatedColsBeforeNode=0 newCols=57 posCandidates=57 duplicateCandidates=0 updatedCols=0 zeroObjImproveIters=0 objFirst=142307247.197276 objLast=173316594.049715 objGain=31009346.852439 maxRC=59519749.227507 wallSec=0.007805 pricingSec=0.005059 cplexSolveSec=0.001400
    [CG] 列生成收敛，共 5 轮迭代
    [CG] [CG-NODE] depth=0 exit=CERTIFIED certified=1 feasible=1 iters=5 generatedColsBeforeNode=0 newCols=57 posCandidates=57 duplicateCandidates=0 updatedCols=0 zeroObjImproveIters=0 objFirst=142236442.732004 objLast=173314491.067103 objGain=31078048.335099 maxRC=59513894.439822 wallSec=0.007204 pricingSec=0.004205 cplexSolveSec=0.001513
      [BB] 根节点即为整数解，obj=173316594.049715
    [CG] 列生成开始，初始列数=128
      [BB] 根节点即为整数解，obj=173314491.067103
    [CG] 列生成开始，初始列数=128
    [CG] CG iter 1: obj=142245129.943838, maxRC=59519832.925579, +23 cols
    [CG] 列生成开始，初始列数=128
    [CG]   [DIAG] iter=1 posCols=23 newCols=23 effImprove=23 updated=0
    [CG] 列生成开始，初始列数=128
    [CG] CG iter 2: obj=160205139.211302, maxRC=10624226.353844, +17 cols
    [CG]   [DIAG] iter=2 posCols=17 newCols=17 effImprove=17 updated=0
    [CG] CG iter 3: obj=166347261.627874, maxRC=6307174.103441, +12 cols
    [CG]   [DIAG] iter=3 posCols=12 newCols=12 effImprove=12 updated=0
    [CG] CG iter 1: obj=142294280.239417, maxRC=59519832.925579, +23 cols
    [CG]   [DIAG] iter=1 posCols=23 newCols=23 effImprove=23 updated=0
    [CG] CG iter 1: obj=142267813.810904, maxRC=59519752.128890, +23 cols
    [CG] CG iter 4: obj=169097761.662857, maxRC=4100334.640982, +5 cols
    [CG]   [DIAG] iter=4 posCols=5 newCols=5 effImprove=5 updated=0
    [CG]   [DIAG] iter=1 posCols=23 newCols=23 effImprove=23 updated=0
    [CG] CG iter 2: obj=160165497.216432, maxRC=10624256.113728, +17 cols
    [CG]   [DIAG] iter=2 posCols=17 newCols=17 effImprove=17 updated=0
    [CG] 列生成收敛，共 5 轮迭代
    [CG] [CG-NODE] depth=0 exit=CERTIFIED certified=1 feasible=1 iters=5 generatedColsBeforeNode=0 newCols=57 posCandidates=57 duplicateCandidates=0 updatedCols=0 zeroObjImproveIters=0 objFirst=142245129.943838 objLast=173315951.921449 objGain=31070821.977611 maxRC=59519832.925579 wallSec=0.009830 pricingSec=0.006588 cplexSolveSec=0.001743
      [BB] 根节点即为整数解，obj=173315951.921449
    [CG] CG iter 3: obj=166307380.997230, maxRC=6307232.354075, +12 cols
    [CG]   [DIAG] iter=3 posCols=12 newCols=12 effImprove=12 updated=0
    [CG] CG iter 1: obj=142284708.835014, maxRC=59519779.058582, +23 cols
    [CG]   [DIAG] iter=1 posCols=23 newCols=23 effImprove=23 updated=0
    [CG] CG iter 4: obj=169057727.295503, maxRC=4100227.332513, +5 cols
    [CG]   [DIAG] iter=4 posCols=5 newCols=5 effImprove=5 updated=0
    [CG] CG iter 1: obj=142284170.242355, maxRC=59519752.128890, +23 cols
    [CG] CG iter 2: obj=160164321.284365, maxRC=10625690.119118, +17 cols
    [CG] 列生成收敛，共 5 轮迭代
    [CG] [CG-NODE] depth=0 exit=CERTIFIED certified=1 feasible=1 iters=5 generatedColsBeforeNode=0 newCols=57 posCandidates=57 duplicateCandidates=0 updatedCols=0 zeroObjImproveIters=0 objFirst=142294280.239417 objLast=173275905.850075 objGain=30981625.610659 maxRC=59519832.925579 wallSec=0.006079 pricingSec=0.004002 cplexSolveSec=0.001077
    [CG]   [DIAG] iter=2 posCols=17 newCols=17 effImprove=17 updated=0
    [CG]   [DIAG] iter=1 posCols=23 newCols=23 effImprove=23 updated=0
      [BB] 根节点即为整数解，obj=173275905.850075
    [CG] CG iter 1: obj=142200959.987778, maxRC=59519752.128890, +23 cols
    [CG]   [DIAG] iter=1 posCols=23 newCols=23 effImprove=23 updated=0
    [CG] CG iter 2: obj=160197480.650694, maxRC=10623469.799741, +17 cols
    [CG]   [DIAG] iter=2 posCols=17 newCols=17 effImprove=17 updated=0
    [CG] 列生成开始，初始列数=128
    [CG] CG iter 2: obj=160182237.653453, maxRC=10625639.267643, +17 cols
    [CG] CG iter 3: obj=166302797.093355, maxRC=6308076.760725, +12 cols
    [CG]   [DIAG] iter=2 posCols=17 newCols=17 effImprove=17 updated=0
    [CG]   [DIAG] iter=3 posCols=12 newCols=12 effImprove=12 updated=0
    [CG] CG iter 2: obj=160150977.278560, maxRC=10624198.808965, +17 cols
    [CG]   [DIAG] iter=2 posCols=17 newCols=17 effImprove=17 updated=0
    [CG] 列生成开始，初始列数=128
    [CG] CG iter 1: obj=142127989.249120, maxRC=59519752.288062, +23 cols
    [CG] CG iter 3: obj=166318815.159425, maxRC=6316070.826296, +11 cols
    [CG]   [DIAG] iter=3 posCols=11 newCols=11 effImprove=11 updated=0
    [CG]   [DIAG] iter=1 posCols=23 newCols=23 effImprove=23 updated=0
    [CG] CG iter 4: obj=169050602.397636, maxRC=4097430.078728, +5 cols
    [CG] CG iter 1: obj=142307271.252812, maxRC=59519823.850746, +23 cols
    [CG]   [DIAG] iter=4 posCols=5 newCols=5 effImprove=5 updated=0
    [CG] CG iter 3: obj=166317715.500103, maxRC=6306743.422880, +12 cols
    [CG]   [DIAG] iter=3 posCols=12 newCols=12 effImprove=12 updated=0
    [CG]   [DIAG] iter=1 posCols=23 newCols=23 effImprove=23 updated=0
    [CG] CG iter 4: obj=169048043.722412, maxRC=4081268.279914, +5 cols
    [CG]   [DIAG] iter=4 posCols=5 newCols=5 effImprove=5 updated=0
    [CG] CG iter 3: obj=166265727.352703, maxRC=6321374.607908, +12 cols
    [CG]   [DIAG] iter=3 posCols=12 newCols=12 effImprove=12 updated=0
    [CG] CG iter 2: obj=160029757.563701, maxRC=10641372.457365, +17 cols
    [CG] 列生成收敛，共 5 轮迭代
    [CG]   [DIAG] iter=2 posCols=17 newCols=17 effImprove=17 updated=0
    [CG] [CG-NODE] depth=0 exit=CERTIFIED certified=1 feasible=1 iters=5 generatedColsBeforeNode=0 newCols=57 posCandidates=57 duplicateCandidates=0 updatedCols=0 zeroObjImproveIters=0 objFirst=142267813.810904 objLast=173268362.524184 objGain=31000548.713281 maxRC=59519752.128890 wallSec=0.015772 pricingSec=0.010241 cplexSolveSec=0.002931
    [CG] 列生成收敛，共 5 轮迭代
    [CG] [CG-NODE] depth=0 exit=CERTIFIED certified=1 feasible=1 iters=5 generatedColsBeforeNode=0 newCols=56 posCandidates=56 duplicateCandidates=0 updatedCols=0 zeroObjImproveIters=0 objFirst=142284708.835014 objLast=173266447.946519 objGain=30981739.111505 maxRC=59519779.058582 wallSec=0.010255 pricingSec=0.006631 cplexSolveSec=0.002023
    [CG] CG iter 4: obj=169064422.747207, maxRC=4094833.906964, +5 cols
    [CG]   [DIAG] iter=4 posCols=5 newCols=5 effImprove=5 updated=0
      [BB] 根节点即为整数解，obj=173268362.524184
      [BB] 根节点即为整数解，obj=173266447.946519
    [CG] CG iter 4: obj=168998351.145544, maxRC=4079710.127246, +5 cols
    [CG]   [DIAG] iter=4 posCols=5 newCols=5 effImprove=5 updated=0
    [CG] CG iter 2: obj=160205803.155094, maxRC=10623495.990829, +17 cols
    [CG]   [DIAG] iter=2 posCols=17 newCols=17 effImprove=17 updated=0
    [CG] 列生成收敛，共 5 轮迭代
    [CG] [CG-NODE] depth=0 exit=CERTIFIED certified=1 feasible=1 iters=5 generatedColsBeforeNode=0 newCols=57 posCandidates=57 duplicateCandidates=0 updatedCols=0 zeroObjImproveIters=0 objFirst=142284170.242355 objLast=173283286.144211 objGain=30999115.901855 maxRC=59519752.128890 wallSec=0.016914 pricingSec=0.011726 cplexSolveSec=0.002739
    [CG] CG iter 3: obj=166160875.809069, maxRC=6306245.070935, +12 cols
      [BB] 根节点即为整数解，obj=173283286.144211
    [CG]   [DIAG] iter=3 posCols=12 newCols=12 effImprove=12 updated=0
    [CG] CG iter 5: obj=173216542.502274, maxRC=29353.248807, +1 cols
    [CG]   [DIAG] iter=5 posCols=1 newCols=1 effImprove=1 updated=0
    [CG] CG iter 1: obj=142139005.088272, maxRC=59506653.589027, +23 cols
    [CG]   [DIAG] iter=1 posCols=23 newCols=23 effImprove=23 updated=0
    [CG] CG iter 3: obj=166348071.499534, maxRC=6307302.005750, +12 cols
    [CG] CG iter 4: obj=168911921.634795, maxRC=4092869.084735, +5 cols
    [CG] 列生成收敛，共 6 轮迭代
    [CG]   [DIAG] iter=4 posCols=5 newCols=5 effImprove=5 updated=0
    [CG]   [DIAG] iter=3 posCols=12 newCols=12 effImprove=12 updated=0
    [CG] [CG-NODE] depth=0 exit=CERTIFIED certified=1 feasible=1 iters=6 generatedColsBeforeNode=0 newCols=58 posCandidates=58 duplicateCandidates=0 updatedCols=0 zeroObjImproveIters=1 objFirst=142200959.987778 objLast=173216542.502274 objGain=31015582.514496 maxRC=59519752.128890 wallSec=0.017775 pricingSec=0.011988 cplexSolveSec=0.003153
      [BB] 根节点即为整数解，obj=173216542.502274
    [CG] CG iter 2: obj=160202775.053569, maxRC=10622520.702136, +17 cols
    [CG] 列生成开始，初始列数=128
    [CG]   [DIAG] iter=2 posCols=17 newCols=17 effImprove=17 updated=0
    [CG] CG iter 1: obj=142142032.297572, maxRC=59508221.843395, +23 cols
    [CG] 列生成收敛，共 5 轮迭代
    [CG] [CG-NODE] depth=0 exit=CERTIFIED certified=1 feasible=1 iters=5 generatedColsBeforeNode=0 newCols=57 posCandidates=57 duplicateCandidates=0 updatedCols=0 zeroObjImproveIters=0 objFirst=142127989.249120 objLast=173124921.427160 objGain=30996932.178040 maxRC=59519752.288062 wallSec=0.010821 pricingSec=0.007299 cplexSolveSec=0.001986
    [CG]   [DIAG] iter=1 posCols=23 newCols=23 effImprove=23 updated=0
    [CG] CG iter 4: obj=169098258.266321, maxRC=4100430.583821, +5 cols
      [BB] 根节点即为整数解，obj=173124921.427160
    [CG]   [DIAG] iter=4 posCols=5 newCols=5 effImprove=5 updated=0
    [CG] 列生成开始，初始列数=128
    [CG] CG iter 3: obj=166345164.460384, maxRC=6307374.568717, +12 cols
    [CG]   [DIAG] iter=3 posCols=12 newCols=12 effImprove=12 updated=0
    [CG] CG iter 2: obj=160177880.200222, maxRC=10624188.651472, +17 cols
    [CG]   [DIAG] iter=2 posCols=17 newCols=17 effImprove=17 updated=0
    [CG] 列生成收敛，共 5 轮迭代
    [CG] [CG-NODE] depth=0 exit=CERTIFIED certified=1 feasible=1 iters=5 generatedColsBeforeNode=0 newCols=57 posCandidates=57 duplicateCandidates=0 updatedCols=0 zeroObjImproveIters=0 objFirst=142307271.252812 objLast=173316654.933514 objGain=31009383.680702 maxRC=59519823.850746 wallSec=0.011477 pricingSec=0.007786 cplexSolveSec=0.002096
    [CG] CG iter 4: obj=169095451.135602, maxRC=4101042.131440, +5 cols
    [CG]   [DIAG] iter=4 posCols=5 newCols=5 effImprove=5 updated=0
    [CG] 列生成开始，初始列数=128
      [BB] 根节点即为整数解，obj=173316654.933514
    [CG] 列生成收敛，共 5 轮迭代
    [CG] [CG-NODE] depth=0 exit=CERTIFIED certified=1 feasible=1 iters=5 generatedColsBeforeNode=0 newCols=57 posCandidates=57 duplicateCandidates=0 updatedCols=0 zeroObjImproveIters=0 objFirst=142139005.088272 objLast=173313869.990361 objGain=31174864.902089 maxRC=59506653.589027 wallSec=0.006922 pricingSec=0.004550 cplexSolveSec=0.001260
    [CG] CG iter 3: obj=166310840.316232, maxRC=6303584.440258, +12 cols
      [BB] 根节点即为整数解，obj=173313869.990361
    [CG]   [DIAG] iter=3 posCols=12 newCols=12 effImprove=12 updated=0
    [CG] CG iter 4: obj=169057912.428668, maxRC=4093142.763494, +5 cols
    [CG]   [DIAG] iter=4 posCols=5 newCols=5 effImprove=5 updated=0
    [CG] 列生成收敛，共 5 轮迭代
    [CG] [CG-NODE] depth=0 exit=CERTIFIED certified=1 feasible=1 iters=5 generatedColsBeforeNode=0 newCols=57 posCandidates=57 duplicateCandidates=0 updatedCols=0 zeroObjImproveIters=0 objFirst=142142032.297572 objLast=173278809.887506 objGain=31136777.589935 maxRC=59508221.843395 wallSec=0.006835 pricingSec=0.004490 cplexSolveSec=0.001252
      [BB] 根节点即为整数解，obj=173278809.887506
    [CG] 列生成开始，初始列数=128
    [CG] 列生成开始，初始列数=128
    [CG] CG iter 1: obj=141709309.184683, maxRC=59508189.745620, +23 cols
    [CG]   [DIAG] iter=1 posCols=23 newCols=23 effImprove=23 updated=0
    [CG] CG iter 2: obj=160109872.972995, maxRC=9475613.102507, +17 cols
    [CG]   [DIAG] iter=2 posCols=17 newCols=17 effImprove=17 updated=0
    [CG] CG iter 3: obj=166501350.763084, maxRC=7039010.759819, +15 cols
    [CG]   [DIAG] iter=3 posCols=15 newCols=15 effImprove=15 updated=0
    [CG] CG iter 4: obj=171399496.898321, maxRC=2461540.597039, +7 cols
    [CG]   [DIAG] iter=4 posCols=7 newCols=7 effImprove=7 updated=0
    [CG] 列生成收敛，共 5 轮迭代
    [CG] [CG-NODE] depth=0 exit=CERTIFIED certified=1 feasible=1 iters=5 generatedColsBeforeNode=0 newCols=62 posCandidates=62 duplicateCandidates=0 updatedCols=0 zeroObjImproveIters=0 objFirst=141709309.184683 objLast=173217381.152712 objGain=31508071.968030 maxRC=59508189.745620 wallSec=0.006393 pricingSec=0.004109 cplexSolveSec=0.001200
      [BB] 根节点即为整数解，obj=173217381.152712
    [CG] CG iter 1: obj=142310331.935633, maxRC=59486181.278679, +23 cols
    [CG]   [DIAG] iter=1 posCols=23 newCols=23 effImprove=23 updated=0
    [CG] CG iter 2: obj=160147468.859606, maxRC=10601345.393430, +17 cols
    [CG]   [DIAG] iter=2 posCols=17 newCols=17 effImprove=17 updated=0
    [CG] CG iter 1: obj=141921917.964665, maxRC=59513921.369513, +23 cols
    [CG]   [DIAG] iter=1 posCols=23 newCols=23 effImprove=23 updated=0
    [CG] CG iter 3: obj=166295553.974823, maxRC=6308548.016918, +12 cols
    [CG]   [DIAG] iter=3 posCols=12 newCols=12 effImprove=12 updated=0
    [CG] CG iter 4: obj=169047058.912016, maxRC=4116015.211348, +5 cols
    [CG]   [DIAG] iter=4 posCols=5 newCols=5 effImprove=5 updated=0
    [CG] CG iter 1: obj=142272911.189519, maxRC=59518325.011962, +23 cols
    [CG]   [DIAG] iter=1 posCols=23 newCols=23 effImprove=23 updated=0
    [CG] CG iter 2: obj=160155909.876264, maxRC=9503649.546743, +17 cols
    [CG]   [DIAG] iter=2 posCols=17 newCols=17 effImprove=17 updated=0
    [CG] 列生成收敛，共 5 轮迭代
    [CG] [CG-NODE] depth=0 exit=CERTIFIED certified=1 feasible=1 iters=5 generatedColsBeforeNode=0 newCols=57 posCandidates=57 duplicateCandidates=0 updatedCols=0 zeroObjImproveIters=0 objFirst=142310331.935633 objLast=173267583.656288 objGain=30957251.720655 maxRC=59486181.278679 wallSec=0.010336 pricingSec=0.006870 cplexSolveSec=0.001843
      [BB] 根节点即为整数解，obj=173267583.656288
    [CG] CG iter 2: obj=160203746.541806, maxRC=10625852.128211, +17 cols
    [CG] CG iter 1: obj=142276034.153423, maxRC=59518290.485260, +23 cols
    [CG]   [DIAG] iter=2 posCols=17 newCols=17 effImprove=17 updated=0
    [CG]   [DIAG] iter=1 posCols=23 newCols=23 effImprove=23 updated=0
    [CG] CG iter 3: obj=166522397.589045, maxRC=7036279.766542, +15 cols
    [CG]   [DIAG] iter=3 posCols=15 newCols=15 effImprove=15 updated=0
    [CG] CG iter 3: obj=166327105.072889, maxRC=6314392.762803, +11 cols
    [CG]   [DIAG] iter=3 posCols=11 newCols=11 effImprove=11 updated=0
    [CG] CG iter 4: obj=171407655.155035, maxRC=3059987.141573, +7 cols
    [CG]   [DIAG] iter=4 posCols=7 newCols=7 effImprove=7 updated=0
    [CG] CG iter 2: obj=160205739.344767, maxRC=10623481.111465, +17 cols
    [CG]   [DIAG] iter=2 posCols=17 newCols=17 effImprove=17 updated=0
    [CG] CG iter 4: obj=169059841.956884, maxRC=4083503.308609, +5 cols
    [CG]   [DIAG] iter=4 posCols=5 newCols=5 effImprove=5 updated=0
    [CG] 列生成收敛，共 5 轮迭代
    [CG] [CG-NODE] depth=0 exit=CERTIFIED certified=1 feasible=1 iters=5 generatedColsBeforeNode=0 newCols=62 posCandidates=62 duplicateCandidates=0 updatedCols=0 zeroObjImproveIters=0 objFirst=141921917.964665 objLast=173225520.747203 objGain=31303602.782538 maxRC=59513921.369513 wallSec=0.014509 pricingSec=0.010064 cplexSolveSec=0.002531
      [BB] 根节点即为整数解，obj=173225520.747203
    [CG] 列生成收敛，共 5 轮迭代
    [CG] [CG-NODE] depth=0 exit=CERTIFIED certified=1 feasible=1 iters=5 generatedColsBeforeNode=0 newCols=56 posCandidates=56 duplicateCandidates=0 updatedCols=0 zeroObjImproveIters=0 objFirst=142272911.189519 objLast=173277553.460702 objGain=31004642.271184 maxRC=59518325.011962 wallSec=0.012903 pricingSec=0.008716 cplexSolveSec=0.002337
      [BB] 根节点即为整数解，obj=173277553.460702
    [CG] CG iter 3: obj=166330769.647274, maxRC=6314481.092496, +11 cols
    [CG]   [DIAG] iter=3 posCols=11 newCols=11 effImprove=11 updated=0
    [CG] CG iter 4: obj=169063699.948732, maxRC=4084705.040066, +5 cols
    [CG]   [DIAG] iter=4 posCols=5 newCols=5 effImprove=5 updated=0
    [CG] CG iter 5: obj=173282098.195604, maxRC=18963.097069, +1 cols
    [CG]   [DIAG] iter=5 posCols=1 newCols=1 effImprove=1 updated=0
    [CG] 列生成收敛，共 6 轮迭代
    [CG] [CG-NODE] depth=0 exit=CERTIFIED certified=1 feasible=1 iters=6 generatedColsBeforeNode=0 newCols=57 posCandidates=57 duplicateCandidates=0 updatedCols=0 zeroObjImproveIters=1 objFirst=142276034.153423 objLast=173282098.195604 objGain=31006064.042181 maxRC=59518290.485260 wallSec=0.014792 pricingSec=0.010383 cplexSolveSec=0.002565
      [BB] 根节点即为整数解，obj=173282098.195604
[GA] 代数 9: Best=173345969.74, Avg=173308666.77, Worst=173153807.11, Valid=30/30, 耗时=0.05s (连续9代未提升)
  ├─ 求解: 30 个体 fork 并行 | CG迭代=134 加列=1496 BB分支=0
  ├─ 并行墙钟=0.0482s | 串行等效(ΣBP)=0.2869s | 加速比=5.96x
  ├─ 管理开销=-0.2387s (fork=0.0028 wait=0.0450 merge=0.0003)
  └─ CG明细: gen_logs/run_gen9_ind{0..29}.log
    [CG] 列生成开始，初始列数=128
    [CG] 列生成开始，初始列数=128
    [CG] 列生成开始，初始列数=128
    [CG] 列生成开始，初始列数=128
    [CG] 列生成开始，初始列数=128
    [CG] 列生成开始，初始列数=128
    [CG] 列生成开始，初始列数=128
    [CG] 列生成开始，初始列数=128
    [CG] CG iter 1: obj=142282687.902395, maxRC=59518290.485260, +23 cols
    [CG]   [DIAG] iter=1 posCols=23 newCols=23 effImprove=23 updated=0
    [CG] CG iter 1: obj=142333215.036240, maxRC=59519776.157199, +23 cols
    [CG]   [DIAG] iter=1 posCols=23 newCols=23 effImprove=23 updated=0
    [CG] CG iter 2: obj=160205695.276942, maxRC=10623491.311119, +17 cols
    [CG]   [DIAG] iter=2 posCols=17 newCols=17 effImprove=17 updated=0
    [CG] CG iter 3: obj=166334064.318121, maxRC=6313049.738030, +11 cols
    [CG]   [DIAG] iter=3 posCols=11 newCols=11 effImprove=11 updated=0
    [CG] CG iter 2: obj=160204482.542614, maxRC=10623480.558347, +17 cols
    [CG]   [DIAG] iter=2 posCols=17 newCols=17 effImprove=17 updated=0
    [CG] CG iter 4: obj=169070339.046918, maxRC=4087802.280079, +5 cols
    [CG]   [DIAG] iter=4 posCols=5 newCols=5 effImprove=5 updated=0
    [CG] CG iter 1: obj=142287041.802288, maxRC=59519832.925579, +23 cols
    [CG]   [DIAG] iter=1 posCols=23 newCols=23 effImprove=23 updated=0
    [CG] CG iter 5: obj=173288733.257759, maxRC=12278.879926, +1 cols
    [CG]   [DIAG] iter=5 posCols=1 newCols=1 effImprove=1 updated=0
    [CG] CG iter 3: obj=166346352.069346, maxRC=6307170.692945, +12 cols
    [CG]   [DIAG] iter=3 posCols=12 newCols=12 effImprove=12 updated=0
    [CG] 列生成收敛，共 6 轮迭代
    [CG] [CG-NODE] depth=0 exit=CERTIFIED certified=1 feasible=1 iters=6 generatedColsBeforeNode=0 newCols=57 posCandidates=57 duplicateCandidates=0 updatedCols=0 zeroObjImproveIters=1 objFirst=142282687.902395 objLast=173288733.257759 objGain=31006045.355365 maxRC=59518290.485260 wallSec=0.008443 pricingSec=0.005580 cplexSolveSec=0.001585
      [BB] 根节点即为整数解，obj=173288733.257759
    [CG] CG iter 2: obj=160163293.155249, maxRC=10624226.353844, +17 cols
    [CG] CG iter 4: obj=169096407.523328, maxRC=4100118.211185, +5 cols
    [CG]   [DIAG] iter=4 posCols=5 newCols=5 effImprove=5 updated=0
    [CG]   [DIAG] iter=2 posCols=17 newCols=17 effImprove=17 updated=0
    [CG] 列生成收敛，共 5 轮迭代
    [CG] [CG-NODE] depth=0 exit=CERTIFIED certified=1 feasible=1 iters=5 generatedColsBeforeNode=0 newCols=57 posCandidates=57 duplicateCandidates=0 updatedCols=0 zeroObjImproveIters=0 objFirst=142333215.036240 objLast=173314924.818132 objGain=30981709.781892 maxRC=59519776.157199 wallSec=0.009437 pricingSec=0.006264 cplexSolveSec=0.001752
      [BB] 根节点即为整数解，obj=173314924.818132
    [CG] CG iter 3: obj=166302661.960136, maxRC=6308188.736417, +12 cols
    [CG]   [DIAG] iter=3 posCols=12 newCols=12 effImprove=12 updated=0
    [CG] CG iter 1: obj=142249389.755484, maxRC=59519752.128890, +23 cols
    [CG] 列生成开始，初始列数=128
    [CG]   [DIAG] iter=1 posCols=23 newCols=23 effImprove=23 updated=0
    [CG] CG iter 4: obj=169050448.165704, maxRC=4098030.279616, +5 cols
    [CG]   [DIAG] iter=4 posCols=5 newCols=5 effImprove=5 updated=0
    [CG] 列生成收敛，共 5 轮迭代
    [CG] [CG-NODE] depth=0 exit=CERTIFIED certified=1 feasible=1 iters=5 generatedColsBeforeNode=0 newCols=57 posCandidates=57 duplicateCandidates=0 updatedCols=0 zeroObjImproveIters=0 objFirst=142287041.802288 objLast=173268638.424295 objGain=30981596.622007 maxRC=59519832.925579 wallSec=0.010987 pricingSec=0.007350 cplexSolveSec=0.002006
    [CG] 列生成开始，初始列数=128
      [BB] 根节点即为整数解，obj=173268638.424295
    [CG] CG iter 2: obj=160205074.790768, maxRC=10624198.808965, +17 cols
    [CG]   [DIAG] iter=2 posCols=17 newCols=17 effImprove=17 updated=0
    [CG] 列生成开始，初始列数=128
    [CG] CG iter 3: obj=166344490.112694, maxRC=6308165.645621, +12 cols
    [CG]   [DIAG] iter=3 posCols=12 newCols=12 effImprove=12 updated=0
    [CG] CG iter 1: obj=142279217.701173, maxRC=59517935.661053, +23 cols
    [CG]   [DIAG] iter=1 posCols=23 newCols=23 effImprove=23 updated=0
    [CG] CG iter 1: obj=142162268.774031, maxRC=59486728.686669, +23 cols
    [CG] CG iter 4: obj=169092253.227466, maxRC=4098072.370374, +5 cols
    [CG]   [DIAG] iter=4 posCols=5 newCols=5 effImprove=5 updated=0
    [CG]   [DIAG] iter=1 posCols=23 newCols=23 effImprove=23 updated=0
    [CG] 列生成收敛，共 5 轮迭代
    [CG] [CG-NODE] depth=0 exit=CERTIFIED certified=1 feasible=1 iters=5 generatedColsBeforeNode=0 newCols=57 posCandidates=57 duplicateCandidates=0 updatedCols=0 zeroObjImproveIters=0 objFirst=142249389.755484 objLast=173310456.305470 objGain=31061066.549986 maxRC=59519752.128890 wallSec=0.015027 pricingSec=0.010146 cplexSolveSec=0.002647
      [BB] 根节点即为整数解，obj=173310456.305470
    [CG] CG iter 2: obj=160200332.783898, maxRC=10623491.311119, +17 cols
    [CG]   [DIAG] iter=2 posCols=17 newCols=17 effImprove=17 updated=0
    [CG] CG iter 2: obj=160056508.495627, maxRC=10601699.399951, +17 cols
    [CG]   [DIAG] iter=2 posCols=17 newCols=17 effImprove=17 updated=0
    [CG] CG iter 1: obj=142331747.648147, maxRC=59519752.128890, +23 cols
    [CG]   [DIAG] iter=1 posCols=23 newCols=23 effImprove=23 updated=0
    [CG] CG iter 3: obj=166340846.197200, maxRC=6306505.716488, +12 cols
    [CG]   [DIAG] iter=3 posCols=12 newCols=12 effImprove=12 updated=0
    [CG] CG iter 1: obj=141990967.467135, maxRC=59499121.360580, +23 cols
    [CG]   [DIAG] iter=1 posCols=23 newCols=23 effImprove=23 updated=0
    [CG] CG iter 3: obj=166164440.346769, maxRC=6294897.604674, +12 cols
    [CG]   [DIAG] iter=3 posCols=12 newCols=12 effImprove=12 updated=0
    [CG] CG iter 2: obj=160203138.073063, maxRC=10626583.422057, +17 cols
    [CG]   [DIAG] iter=2 posCols=17 newCols=17 effImprove=17 updated=0
    [CG] 列生成开始，初始列数=128
    [CG] CG iter 1: obj=142309659.784052, maxRC=59519832.925579, +23 cols
    [CG] CG iter 4: obj=169090484.835364, maxRC=4098859.590175, +5 cols
    [CG]   [DIAG] iter=4 posCols=5 newCols=5 effImprove=5 updated=0
    [CG] CG iter 2: obj=160177880.200222, maxRC=10624188.651472, +17 cols
    [CG]   [DIAG] iter=2 posCols=17 newCols=17 effImprove=17 updated=0
    [CG]   [DIAG] iter=1 posCols=23 newCols=23 effImprove=23 updated=0
    [CG] CG iter 3: obj=166344195.724674, maxRC=6306846.505041, +12 cols
    [CG] CG iter 4: obj=168896518.606567, maxRC=4080366.168810, +5 cols
    [CG]   [DIAG] iter=3 posCols=12 newCols=12 effImprove=12 updated=0
    [CG]   [DIAG] iter=4 posCols=5 newCols=5 effImprove=5 updated=0
    [CG] CG iter 1: obj=142235960.155636, maxRC=59380190.021232, +23 cols
    [CG] 列生成收敛，共 5 轮迭代
    [CG]   [DIAG] iter=1 posCols=23 newCols=23 effImprove=23 updated=0
    [CG] [CG-NODE] depth=0 exit=CERTIFIED certified=1 feasible=1 iters=5 generatedColsBeforeNode=0 newCols=57 posCandidates=57 duplicateCandidates=0 updatedCols=0 zeroObjImproveIters=0 objFirst=142279217.701173 objLast=173309534.547063 objGain=31030316.845890 maxRC=59517935.661053 wallSec=0.017890 pricingSec=0.012377 cplexSolveSec=0.002934
    [CG] CG iter 3: obj=166310840.316232, maxRC=6303584.440258, +12 cols
    [CG]   [DIAG] iter=3 posCols=12 newCols=12 effImprove=12 updated=0
    [CG] CG iter 4: obj=169095087.288489, maxRC=4099691.481396, +5 cols
    [CG]   [DIAG] iter=4 posCols=5 newCols=5 effImprove=5 updated=0
      [BB] 根节点即为整数解，obj=173309534.547063
    [CG] 列生成收敛，共 5 轮迭代
    [CG] CG iter 1: obj=142130279.818394, maxRC=59506653.589027, +23 cols
    [CG] [CG-NODE] depth=0 exit=CERTIFIED certified=1 feasible=1 iters=5 generatedColsBeforeNode=0 newCols=57 posCandidates=57 duplicateCandidates=0 updatedCols=0 zeroObjImproveIters=0 objFirst=142162268.774031 objLast=173130050.409863 objGain=30967781.635831 maxRC=59486728.686669 wallSec=0.019002 pricingSec=0.013607 cplexSolveSec=0.002875
    [CG] 列生成收敛，共 5 轮迭代
    [CG] [CG-NODE] depth=0 exit=CERTIFIED certified=1 feasible=1 iters=5 generatedColsBeforeNode=0 newCols=57 posCandidates=57 duplicateCandidates=0 updatedCols=0 zeroObjImproveIters=0 objFirst=142331747.648147 objLast=173312569.220256 objGain=30980821.572109 maxRC=59519752.128890 wallSec=0.008829 pricingSec=0.006129 cplexSolveSec=0.001431
    [CG] CG iter 4: obj=169057912.428668, maxRC=4093142.763494, +5 cols
      [BB] 根节点即为整数解，obj=173130050.409863
    [CG]   [DIAG] iter=4 posCols=5 newCols=5 effImprove=5 updated=0
      [BB] 根节点即为整数解，obj=173312569.220256
    [CG]   [DIAG] iter=1 posCols=23 newCols=23 effImprove=23 updated=0
    [CG] CG iter 2: obj=159968313.375711, maxRC=10042568.595395, +16 cols
    [CG] CG iter 2: obj=160204823.829874, maxRC=10624226.353844, +17 cols
    [CG]   [DIAG] iter=2 posCols=16 newCols=16 effImprove=16 updated=0
    [CG]   [DIAG] iter=2 posCols=17 newCols=17 effImprove=17 updated=0
    [CG] 列生成收敛，共 5 轮迭代
    [CG] [CG-NODE] depth=0 exit=CERTIFIED certified=1 feasible=1 iters=5 generatedColsBeforeNode=0 newCols=57 posCandidates=57 duplicateCandidates=0 updatedCols=0 zeroObjImproveIters=0 objFirst=141990967.467135 objLast=173278809.887506 objGain=31287842.420371 maxRC=59499121.360580 wallSec=0.010399 pricingSec=0.007425 cplexSolveSec=0.001535
      [BB] 根节点即为整数解，obj=173278809.887506
    [CG] CG iter 3: obj=163884952.324252, maxRC=9386992.404355, +14 cols
    [CG]   [DIAG] iter=3 posCols=14 newCols=14 effImprove=14 updated=0
    [CG] CG iter 3: obj=166346919.917343, maxRC=6307200.432544, +12 cols
    [CG] CG iter 4: obj=173116917.028467, maxRC=2671769.720189, +6 cols
    [CG] CG iter 2: obj=160202775.053569, maxRC=10622520.702136, +17 cols
    [CG]   [DIAG] iter=4 posCols=6 newCols=6 effImprove=6 updated=0
    [CG]   [DIAG] iter=3 posCols=12 newCols=12 effImprove=12 updated=0
    [CG]   [DIAG] iter=2 posCols=17 newCols=17 effImprove=17 updated=0
    [CG] 列生成开始，初始列数=128
    [CG] CG iter 5: obj=173116917.028467, maxRC=11876.682406, +1 cols
    [CG]   [DIAG] iter=5 posCols=1 newCols=1 effImprove=1 updated=0
    [CG] 列生成开始，初始列数=128
    [CG] 列生成收敛，共 6 轮迭代
    [CG] [CG-NODE] depth=0 exit=CERTIFIED certified=1 feasible=1 iters=6 generatedColsBeforeNode=0 newCols=60 posCandidates=60 duplicateCandidates=0 updatedCols=0 zeroObjImproveIters=2 objFirst=142235960.155636 objLast=173116917.028467 objGain=30880956.872831 maxRC=59380190.021232 wallSec=0.009029 pricingSec=0.005996 cplexSolveSec=0.001638
    [CG] CG iter 4: obj=169097446.281429, maxRC=4100334.640982, +5 cols
    [CG]   [DIAG] iter=4 posCols=5 newCols=5 effImprove=5 updated=0
      [BB] 根节点即为整数解，obj=173116917.028467
    [CG] 列生成开始，初始列数=128
    [CG] 列生成开始，初始列数=128
    [CG] CG iter 3: obj=166340791.221466, maxRC=6309097.564132, +12 cols
    [CG]   [DIAG] iter=3 posCols=12 newCols=12 effImprove=12 updated=0
    [CG] 列生成收敛，共 5 轮迭代
    [CG] [CG-NODE] depth=0 exit=CERTIFIED certified=1 feasible=1 iters=5 generatedColsBeforeNode=0 newCols=57 posCandidates=57 duplicateCandidates=0 updatedCols=0 zeroObjImproveIters=0 objFirst=142309659.784052 objLast=173315636.540021 objGain=31005976.755968 maxRC=59519832.925579 wallSec=0.021670 pricingSec=0.016818 cplexSolveSec=0.002500
      [BB] 根节点即为整数解，obj=173315636.540021
    [CG] CG iter 4: obj=169086704.657766, maxRC=4097180.572224, +5 cols
    [CG]   [DIAG] iter=4 posCols=5 newCols=5 effImprove=5 updated=0
    [CG] 列生成开始，初始列数=128
    [CG] 列生成收敛，共 5 轮迭代
    [CG] [CG-NODE] depth=0 exit=CERTIFIED certified=1 feasible=1 iters=5 generatedColsBeforeNode=0 newCols=57 posCandidates=57 duplicateCandidates=0 updatedCols=0 zeroObjImproveIters=0 objFirst=142130279.818394 objLast=173305123.512525 objGain=31174843.694131 maxRC=59506653.589027 wallSec=0.022480 pricingSec=0.017251 cplexSolveSec=0.002673
      [BB] 根节点即为整数解，obj=173305123.512525
    [CG] 列生成开始，初始列数=128
    [CG] CG iter 1: obj=142241002.175691, maxRC=59519752.128890, +23 cols
    [CG]   [DIAG] iter=1 posCols=23 newCols=23 effImprove=23 updated=0
    [CG] CG iter 1: obj=142238225.863782, maxRC=59513894.439822, +23 cols
    [CG]   [DIAG] iter=1 posCols=23 newCols=23 effImprove=23 updated=0
    [CG] CG iter 1: obj=142289339.654750, maxRC=59519832.925579, +23 cols
    [CG] 列生成开始，初始列数=128
    [CG] CG iter 2: obj=160205769.677664, maxRC=10623485.371715, +17 cols
    [CG] CG iter 2: obj=160151318.582532, maxRC=10623802.330150, +17 cols
    [CG]   [DIAG] iter=2 posCols=17 newCols=17 effImprove=17 updated=0
    [CG]   [DIAG] iter=2 posCols=17 newCols=17 effImprove=17 updated=0
    [CG]   [DIAG] iter=1 posCols=23 newCols=23 effImprove=23 updated=0
    [CG] CG iter 3: obj=166348074.087176, maxRC=6307293.568002, +12 cols
    [CG]   [DIAG] iter=3 posCols=12 newCols=12 effImprove=12 updated=0
    [CG] CG iter 3: obj=166288898.579538, maxRC=6311995.597576, +12 cols
    [CG]   [DIAG] iter=3 posCols=12 newCols=12 effImprove=12 updated=0
    [CG] CG iter 4: obj=169098279.867063, maxRC=4100466.133139, +5 cols
    [CG]   [DIAG] iter=4 posCols=5 newCols=5 effImprove=5 updated=0
    [CG] CG iter 2: obj=160165678.379585, maxRC=10624226.353844, +17 cols
    [CG]   [DIAG] iter=2 posCols=17 newCols=17 effImprove=17 updated=0
    [CG] 列生成收敛，共 5 轮迭代
    [CG] [CG-NODE] depth=0 exit=CERTIFIED certified=1 feasible=1 iters=5 generatedColsBeforeNode=0 newCols=57 posCandidates=57 duplicateCandidates=0 updatedCols=0 zeroObjImproveIters=0 objFirst=142238225.863782 objLast=173316675.954934 objGain=31078450.091152 maxRC=59513894.439822 wallSec=0.006737 pricingSec=0.004190 cplexSolveSec=0.001187
    [CG] CG iter 1: obj=142283892.502330, maxRC=59518325.011962, +23 cols
    [CG] CG iter 4: obj=169044105.099149, maxRC=4100500.791512, +5 cols
      [BB] 根节点即为整数解，obj=173316675.954934
    [CG]   [DIAG] iter=4 posCols=5 newCols=5 effImprove=5 updated=0
    [CG]   [DIAG] iter=1 posCols=23 newCols=23 effImprove=23 updated=0
    [CG] CG iter 3: obj=166305003.498535, maxRC=6308206.425987, +12 cols
    [CG] 列生成收敛，共 5 轮迭代
    [CG] [CG-NODE] depth=0 exit=CERTIFIED certified=1 feasible=1 iters=5 generatedColsBeforeNode=0 newCols=57 posCandidates=57 duplicateCandidates=0 updatedCols=0 zeroObjImproveIters=0 objFirst=142241002.175691 objLast=173262411.465385 objGain=31021409.289694 maxRC=59519752.128890 wallSec=0.011016 pricingSec=0.007602 cplexSolveSec=0.001851
    [CG]   [DIAG] iter=3 posCols=12 newCols=12 effImprove=12 updated=0
      [BB] 根节点即为整数解，obj=173262411.465385
    [CG] CG iter 2: obj=160199045.916770, maxRC=10624911.262789, +17 cols
    [CG] CG iter 1: obj=142307475.584670, maxRC=59519752.288062, +23 cols
    [CG]   [DIAG] iter=2 posCols=17 newCols=17 effImprove=17 updated=0
    [CG]   [DIAG] iter=1 posCols=23 newCols=23 effImprove=23 updated=0
    [CG] CG iter 4: obj=169052746.018166, maxRC=4097991.069179, +5 cols
    [CG]   [DIAG] iter=4 posCols=5 newCols=5 effImprove=5 updated=0
    [CG] CG iter 3: obj=166338880.635470, maxRC=6306308.697168, +12 cols
    [CG]   [DIAG] iter=3 posCols=12 newCols=12 effImprove=12 updated=0
    [CG] 列生成收敛，共 5 轮迭代
    [CG] [CG-NODE] depth=0 exit=CERTIFIED certified=1 feasible=1 iters=5 generatedColsBeforeNode=0 newCols=57 posCandidates=57 duplicateCandidates=0 updatedCols=0 zeroObjImproveIters=0 objFirst=142289339.654750 objLast=173270936.276758 objGain=30981596.622007 maxRC=59519832.925579 wallSec=0.008604 pricingSec=0.005233 cplexSolveSec=0.001502
      [BB] 根节点即为整数解，obj=173270936.276758
    [CG] CG iter 2: obj=160200996.963061, maxRC=10623479.978949, +17 cols
    [CG] 列生成开始，初始列数=128
    [CG]   [DIAG] iter=2 posCols=17 newCols=17 effImprove=17 updated=0
    [CG] CG iter 4: obj=169088726.628697, maxRC=4098460.710113, +5 cols
    [CG]   [DIAG] iter=4 posCols=5 newCols=5 effImprove=5 updated=0
    [CG] 列生成开始，初始列数=128
    [CG] 列生成收敛，共 5 轮迭代
    [CG] [CG-NODE] depth=0 exit=CERTIFIED certified=1 feasible=1 iters=5 generatedColsBeforeNode=0 newCols=57 posCandidates=57 duplicateCandidates=0 updatedCols=0 zeroObjImproveIters=0 objFirst=142283892.502330 objLast=173307374.584343 objGain=31023482.082013 maxRC=59518325.011962 wallSec=0.007162 pricingSec=0.004813 cplexSolveSec=0.001265
      [BB] 根节点即为整数解，obj=173307374.584343
    [CG] CG iter 3: obj=166331953.845950, maxRC=6312206.428952, +12 cols
    [CG]   [DIAG] iter=3 posCols=12 newCols=12 effImprove=12 updated=0
    [CG] CG iter 4: obj=169071642.952482, maxRC=4090590.128797, +5 cols
    [CG]   [DIAG] iter=4 posCols=5 newCols=5 effImprove=5 updated=0
    [CG] CG iter 5: obj=173290031.741145, maxRC=6344.179340, +1 cols
    [CG]   [DIAG] iter=5 posCols=1 newCols=1 effImprove=1 updated=0
    [CG] 列生成开始，初始列数=128
    [CG] 列生成收敛，共 6 轮迭代
    [CG] [CG-NODE] depth=0 exit=CERTIFIED certified=1 feasible=1 iters=6 generatedColsBeforeNode=0 newCols=58 posCandidates=58 duplicateCandidates=0 updatedCols=0 zeroObjImproveIters=1 objFirst=142307475.584670 objLast=173290031.741145 objGain=30982556.156475 maxRC=59519752.288062 wallSec=0.010692 pricingSec=0.007154 cplexSolveSec=0.001908
    [CG] CG iter 1: obj=142312898.629329, maxRC=59519749.227507, +23 cols
      [BB] 根节点即为整数解，obj=173290031.741145
    [CG] 列生成开始，初始列数=128
    [CG]   [DIAG] iter=1 posCols=23 newCols=23 effImprove=23 updated=0
    [CG] CG iter 1: obj=141779426.161256, maxRC=59508189.745620, +23 cols
    [CG]   [DIAG] iter=1 posCols=23 newCols=23 effImprove=23 updated=0
    [CG] CG iter 2: obj=160205737.902107, maxRC=10623485.371715, +17 cols
    [CG]   [DIAG] iter=2 posCols=17 newCols=17 effImprove=17 updated=0
    [CG] CG iter 1: obj=142277331.067717, maxRC=59519773.415360, +23 cols
    [CG]   [DIAG] iter=1 posCols=23 newCols=23 effImprove=23 updated=0
    [CG] CG iter 3: obj=166348034.687692, maxRC=6307300.976545, +12 cols
    [CG]   [DIAG] iter=3 posCols=12 newCols=12 effImprove=12 updated=0
    [CG] CG iter 1: obj=142321954.038490, maxRC=59519752.288062, +23 cols
    [CG]   [DIAG] iter=1 posCols=23 newCols=23 effImprove=23 updated=0
    [CG] CG iter 1: obj=142335313.135555, maxRC=59519752.128890, +23 cols
    [CG] CG iter 2: obj=160170408.105568, maxRC=10623474.312691, +17 cols
    [CG]   [DIAG] iter=2 posCols=17 newCols=17 effImprove=17 updated=0
    [CG]   [DIAG] iter=1 posCols=23 newCols=23 effImprove=23 updated=0
    [CG] CG iter 4: obj=169098232.496186, maxRC=4100462.194765, +5 cols
    [CG]   [DIAG] iter=4 posCols=5 newCols=5 effImprove=5 updated=0
    [CG] CG iter 2: obj=160192803.386886, maxRC=9474061.984676, +17 cols
    [CG]   [DIAG] iter=2 posCols=17 newCols=17 effImprove=17 updated=0
    [CG] CG iter 2: obj=160197539.133217, maxRC=10627626.709638, +17 cols
    [CG]   [DIAG] iter=2 posCols=17 newCols=17 effImprove=17 updated=0
    [CG] 列生成收敛，共 5 轮迭代
    [CG] [CG-NODE] depth=0 exit=CERTIFIED certified=1 feasible=1 iters=5 generatedColsBeforeNode=0 newCols=57 posCandidates=57 duplicateCandidates=0 updatedCols=0 zeroObjImproveIters=0 objFirst=142312898.629329 objLast=173316625.602483 objGain=31003726.973154 maxRC=59519749.227507 wallSec=0.009496 pricingSec=0.005822 cplexSolveSec=0.001766
    [CG] CG iter 3: obj=166301641.418179, maxRC=6311760.242633, +12 cols
    [CG]   [DIAG] iter=3 posCols=12 newCols=12 effImprove=12 updated=0
      [BB] 根节点即为整数解，obj=173316625.602483
    [CG] CG iter 3: obj=166336182.704191, maxRC=6307637.069477, +12 cols
    [CG]   [DIAG] iter=3 posCols=12 newCols=12 effImprove=12 updated=0
    [CG] CG iter 4: obj=169040874.634825, maxRC=4090475.710522, +5 cols
    [CG]   [DIAG] iter=4 posCols=5 newCols=5 effImprove=5 updated=0
    [CG] CG iter 5: obj=173259297.269801, maxRC=6162.279746, +1 cols
    [CG]   [DIAG] iter=5 posCols=1 newCols=1 effImprove=1 updated=0
    [CG] CG iter 4: obj=169086142.614258, maxRC=4098142.232535, +5 cols
    [CG]   [DIAG] iter=4 posCols=5 newCols=5 effImprove=5 updated=0
    [CG] CG iter 2: obj=160205738.286431, maxRC=10623473.374041, +17 cols
    [CG]   [DIAG] iter=2 posCols=17 newCols=17 effImprove=17 updated=0
    [CG] 列生成收敛，共 6 轮迭代
    [CG] [CG-NODE] depth=0 exit=CERTIFIED certified=1 feasible=1 iters=6 generatedColsBeforeNode=0 newCols=58 posCandidates=58 duplicateCandidates=0 updatedCols=0 zeroObjImproveIters=1 objFirst=142277331.067717 objLast=173259297.269801 objGain=30981966.202084 maxRC=59519773.415360 wallSec=0.006812 pricingSec=0.004380 cplexSolveSec=0.001369
    [CG] 列生成收敛，共 5 轮迭代
    [CG] [CG-NODE] depth=0 exit=CERTIFIED certified=1 feasible=1 iters=5 generatedColsBeforeNode=0 newCols=57 posCandidates=57 duplicateCandidates=0 updatedCols=0 zeroObjImproveIters=0 objFirst=142321954.038490 objLast=173303310.954977 objGain=30981356.916488 maxRC=59519752.288062 wallSec=0.006344 pricingSec=0.004190 cplexSolveSec=0.001181
      [BB] 根节点即为整数解，obj=173259297.269801
      [BB] 根节点即为整数解，obj=173303310.954977
    [CG] CG iter 3: obj=166590647.698621, maxRC=7007826.727333, +15 cols
    [CG]   [DIAG] iter=3 posCols=15 newCols=15 effImprove=15 updated=0
    [CG] CG iter 1: obj=142129595.358643, maxRC=59508189.745620, +23 cols
    [CG]   [DIAG] iter=1 posCols=23 newCols=23 effImprove=23 updated=0
    [CG] CG iter 3: obj=166348235.812746, maxRC=6307263.474148, +12 cols
    [CG]   [DIAG] iter=3 posCols=12 newCols=12 effImprove=12 updated=0
    [CG] CG iter 4: obj=171436618.524314, maxRC=2345912.874588, +7 cols
    [CG]   [DIAG] iter=4 posCols=7 newCols=7 effImprove=7 updated=0
    [CG] CG iter 2: obj=160192803.386886, maxRC=10623789.914156, +17 cols
    [CG]   [DIAG] iter=2 posCols=17 newCols=17 effImprove=17 updated=0
    [CG] CG iter 4: obj=169098628.391187, maxRC=4100590.563760, +5 cols
    [CG]   [DIAG] iter=4 posCols=5 newCols=5 effImprove=5 updated=0
    [CG] CG iter 1: obj=141992349.948105, maxRC=59518310.986239, +23 cols
    [CG]   [DIAG] iter=1 posCols=23 newCols=23 effImprove=23 updated=0
    [CG] 列生成收敛，共 5 轮迭代
    [CG] CG iter 3: obj=166335133.680164, maxRC=6307233.443076, +12 cols
    [CG] [CG-NODE] depth=0 exit=CERTIFIED certified=1 feasible=1 iters=5 generatedColsBeforeNode=0 newCols=62 posCandidates=62 duplicateCandidates=0 updatedCols=0 zeroObjImproveIters=0 objFirst=141779426.161256 objLast=173254502.778705 objGain=31475076.617450 maxRC=59508189.745620 wallSec=0.017625 pricingSec=0.012176 cplexSolveSec=0.002998
    [CG] 列生成收敛，共 5 轮迭代
    [CG]   [DIAG] iter=3 posCols=12 newCols=12 effImprove=12 updated=0
    [CG] [CG-NODE] depth=0 exit=CERTIFIED certified=1 feasible=1 iters=5 generatedColsBeforeNode=0 newCols=57 posCandidates=57 duplicateCandidates=0 updatedCols=0 zeroObjImproveIters=0 objFirst=142335313.135555 objLast=173317035.770049 objGain=30981722.634494 maxRC=59519752.128890 wallSec=0.014331 pricingSec=0.009975 cplexSolveSec=0.002429
      [BB] 根节点即为整数解，obj=173254502.778705
      [BB] 根节点即为整数解，obj=173317035.770049
    [CG] CG iter 4: obj=169085566.918302, maxRC=4100464.208807, +5 cols
    [CG]   [DIAG] iter=4 posCols=5 newCols=5 effImprove=5 updated=0
    [CG] 列生成收敛，共 5 轮迭代
    [CG] [CG-NODE] depth=0 exit=CERTIFIED certified=1 feasible=1 iters=5 generatedColsBeforeNode=0 newCols=57 posCandidates=57 duplicateCandidates=0 updatedCols=0 zeroObjImproveIters=0 objFirst=142129595.358643 objLast=173303884.641197 objGain=31174289.282554 maxRC=59508189.745620 wallSec=0.007894 pricingSec=0.005370 cplexSolveSec=0.001328
      [BB] 根节点即为整数解，obj=173303884.641197
    [CG] CG iter 2: obj=160205777.658157, maxRC=9473918.942165, +17 cols
    [CG]   [DIAG] iter=2 posCols=17 newCols=17 effImprove=17 updated=0
    [CG] CG iter 3: obj=166603786.909725, maxRC=7057305.861216, +15 cols
    [CG]   [DIAG] iter=3 posCols=15 newCols=15 effImprove=15 updated=0
    [CG] CG iter 4: obj=171499218.471041, maxRC=2476243.927892, +7 cols
    [CG]   [DIAG] iter=4 posCols=7 newCols=7 effImprove=7 updated=0
    [CG] 列生成收敛，共 5 轮迭代
    [CG] [CG-NODE] depth=0 exit=CERTIFIED certified=1 feasible=1 iters=5 generatedColsBeforeNode=0 newCols=62 posCandidates=62 duplicateCandidates=0 updatedCols=0 zeroObjImproveIters=0 objFirst=141992349.948105 objLast=173317075.098162 objGain=31324725.150057 maxRC=59518310.986239 wallSec=0.011106 pricingSec=0.007495 cplexSolveSec=0.001982
      [BB] 根节点即为整数解，obj=173317075.098162
[GA] 代数 10: Best=173345969.74, Avg=173312080.75, Worst=173145802.71, Valid=30/30, 耗时=0.04s (连续10代未提升 → 提前停止)
  ├─ 求解: 30 个体 fork 并行 | CG迭代=119 加列=1326 BB分支=0
  ├─ 并行墙钟=0.0428s | 串行等效(ΣBP)=0.2756s | 加速比=6.44x
  ├─ 管理开销=-0.2328s (fork=0.0032 wait=0.0392 merge=0.0003)
  └─ CG明细: gen_logs/run_gen10_ind{0..29}.log

========== 遗传算法完成 ==========
总耗时: 0.622446s
最优适应度: 173345969.74
最优w: w0=0.25 w1=0.00 w2=0.00 w3=0.00 w4=0.00 w5=0.00 w6=0.00 w7=0.00 

========== 并行效率总报告 ==========
并行代数            : 11
并行墙钟(累计)      : 0.6185s
串行等效(ΣBP累计)   : 3.8228s
净管理开销          : -3.2043s (-518.1%)
  ├─ fork  : 0.0411s
  ├─ wait  : 0.5730s
  └─ merge : 0.0037s
加速比              : 6.18x
结论: 加速比 > 1，并行有效收益。
====================================

--- 最优解详细结果 ---
FORMAL_PASS seed=404 distance=20.00 profit=173345969.74 wall=0.64
