experiment_part,experiment_id,batch_directory,run_key,size_id,random_seed,scenario_id,num_dc,raw_vector_source,raw_vector_length,expected_vector_length,open_dc_count,open_dc_set,classification,reconstruction_method,affected_metrics,raw_file_sha256,normalized_file_sha256,notes
Part1_RQ4/A1,A1_cplex_vs_bp,/home/peizeyu2026/smart_wolf_project/ZTT-OR/20260715 ZTT-OR/5_重构代码v2/6_数值实验/03_正式结果/Part1_RQ4/A1_cplex_vs_bp/formal_90pairs_20260801_202000,5x10/0/707,5x10,707,,5,fixed_w scalar,0,5,,,NOT_APPLICABLE,not_applicable,none,0237b06e61623e8758b06ea4759133682108c3262a8e408759d6baba4ff141d3,,A1 uses fixed scalar w and does not report candidate-vector derived metrics
Part1_RQ4/A1,A1_cplex_vs_bp,/home/peizeyu2026/smart_wolf_project/ZTT-OR/20260715 ZTT-OR/5_重构代码v2/6_数值实验/03_正式结果/Part1_RQ4/A1_cplex_vs_bp/formal_90pairs_20260801_202000,5x10/0/808,5x10,808,,5,fixed_w scalar,0,5,,,NOT_APPLICABLE,not_applicable,none,168bf3600ea5e6c70ff0aebadec51c5ca87cb2ec5a0f1a0b182e785741316a98,,A1 uses fixed scalar w and does not report candidate-vector derived metrics
Part1_RQ4/A1,A1_cplex_vs_bp,/home/peizeyu2026/smart_wolf_project/ZTT-OR/20260715 ZTT-OR/5_重构代码v2/6_数值实验/03_正式结果/Part1_RQ4/A1_cplex_vs_bp/formal_90pairs_20260801_202000,5x10/0/101,5x10,101,,5,fixed_w scalar,0,5,,,NOT_APPLICABLE,not_applicable,none,51b3afc1124def0a22bb12d87828a1bf585ba61a57f35c378005cd77a0c3ebd6,,A1 uses fixed scalar w and does not report candidate-vector derived metrics
Part1_RQ4/A1,A1_cplex_vs_bp,/home/peizeyu2026/smart_wolf_project/ZTT-OR/20260715 ZTT-OR/5_重构代码v2/6_数值实验/03_正式结果/Part1_RQ4/A1_cplex_vs_bp/formal_90pairs_20260801_202000,5x10/0/909,5x10,909,,5,fixed_w scalar,0,5,,,NOT_APPLICABLE,not_applicable,none,5e9f716270fc2803a7aa46bae913c57837cd5f487e69125b1913c0bc70e80e22,,A1 uses fixed scalar w and does not report candidate-vector derived metrics
Part1_RQ4/A1,A1_cplex_vs_bp,/home/peizeyu2026/smart_wolf_project/ZTT-OR/20260715 ZTT-OR/5_重构代码v2/6_数值实验/03_正式结果/Part1_RQ4/A1_cplex_vs_bp/formal_90pairs_20260801_202000,5x10/0/202,5x10,202,,5,fixed_w scalar,0,5,,,NOT_APPLICABLE,not_applicable,none,305d79acd4213b57ee62c5f54b27bc6421c4a003b71bcb60772fc4dac5e0daa1,,A1 uses fixed scalar w and does not report candidate-vector derived metrics
Part1_RQ4/A1,A1_cplex_vs_bp,/home/peizeyu2026/smart_wolf_project/ZTT-OR/20260715 ZTT-OR/5_重构代码v2/6_数值实验/03_正式结果/Part1_RQ4/A1_cplex_vs_bp/formal_90pairs_20260801_202000,5x10/0/1010,5x10,1010,,5,fixed_w scalar,0,5,,,NOT_APPLICABLE,not_applicable,none,0281e1ff0dd748371d4e4c969e92a6beec341065176ea4d0e6ffedaa5e92d47d,,A1 uses fixed scalar w and does not report candidate-vector derived metrics
Part1_RQ4/A1,A1_cplex_vs_bp,/home/peizeyu2026/smart_wolf_project/ZTT-OR/20260715 ZTT-OR/5_重构代码v2/6_数值实验/03_正式结果/Part1_RQ4/A1_cplex_vs_bp/formal_90pairs_20260801_202000,5x10/0/303,5x10,303,,5,fixed_w scalar,0,5,,,NOT_APPLICABLE,not_applicable,none,6459d4ee684d4c8376be4b148fb37af5a4b4eed4ab0edf29b08d5252bbcdebbe,,A1 uses fixed scalar w and does not report candidate-vector derived metrics
Part1_RQ4/A1,A1_cplex_vs_bp,/home/peizeyu2026/smart_wolf_project/ZTT-OR/20260715 ZTT-OR/5_重构代码v2/6_数值实验/03_正式结果/Part1_RQ4/A1_cplex_vs_bp/formal_90pairs_20260801_202000,5x10/0/404,5x10,404,,5,fixed_w scalar,0,5,,,NOT_APPLICABLE,not_applicable,none,b14b72e0e26b4a4187bda42cfe0fd4b74ee22f372dd1e01adc07df66b12df93d,,A1 uses fixed scalar w and does not report candidate-vector derived metrics
Part1_RQ4/A1,A1_cplex_vs_bp,/home/peizeyu2026/smart_wolf_project/ZTT-OR/20260715 ZTT-OR/5_重构代码v2/6_数值实验/03_正式结果/Part1_RQ4/A1_cplex_vs_bp/formal_90pairs_20260801_202000,5x10/0/505,5x10,505,,5,fixed_w scalar,0,5,,,NOT_APPLICABLE,not_applicable,none,5c1c0d3f2e724e286396f767cfba3def8638bf32bed8533f53d078c63c901848,,A1 uses fixed scalar w and does not report candidate-vector derived metrics
Part1_RQ4/A1,A1_cplex_vs_bp,/home/peizeyu2026/smart_wolf_project/ZTT-OR/20260715 ZTT-OR/5_重构代码v2/6_数值实验/03_正式结果/Part1_RQ4/A1_cplex_vs_bp/formal_90pairs_20260801_202000,5x10/0/606,5x10,606,,5,fixed_w scalar,0,5,,,NOT_APPLICABLE,not_applicable,none,96ac60d2585923befbe86fdf606a9e8f55c748632b383cf7eeda3b317b19d36a,,A1 uses fixed scalar w and does not report candidate-vector derived metrics
Part1_RQ4/A1,A1_cplex_vs_bp,/home/peizeyu2026/smart_wolf_project/ZTT-OR/20260715 ZTT-OR/5_重构代码v2/6_数值实验/03_正式结果/Part1_RQ4/A1_cplex_vs_bp/formal_90pairs_20260801_202000,5x10/0.40000000000000002/404,5x10,404,,5,fixed_w scalar,0,5,,,NOT_APPLICABLE,not_applicable,none,7ba39119439c6e58894a042d0bc2ee7470a37033015db87ab503618bea1c0e6d,,A1 uses fixed scalar w and does not report candidate-vector derived metrics
Part1_RQ4/A1,A1_cplex_vs_bp,/home/peizeyu2026/smart_wolf_project/ZTT-OR/20260715 ZTT-OR/5_重构代码v2/6_数值实验/03_正式结果/Part1_RQ4/A1_cplex_vs_bp/formal_90pairs_20260801_202000,5x10/0.40000000000000002/505,5x10,505,,5,fixed_w scalar,0,5,,,NOT_APPLICABLE,not_applicable,none,e2b108ec137db5f8b30727dac203503ddaad5479759092ff3ac3617bf7d55ac9,,A1 uses fixed scalar w and does not report candidate-vector derived metrics
Part1_RQ4/A1,A1_cplex_vs_bp,/home/peizeyu2026/smart_wolf_project/ZTT-OR/20260715 ZTT-OR/5_重构代码v2/6_数值实验/03_正式结果/Part1_RQ4/A1_cplex_vs_bp/formal_90pairs_20260801_202000,5x10/0.40000000000000002/606,5x10,606,,5,fixed_w scalar,0,5,,,NOT_APPLICABLE,not_applicable,none,80553d05a43e978e55262a1720d0074959a0d3b92e53d38cc4e6ba03ec9b76e4,,A1 uses fixed scalar w and does not report candidate-vector derived metrics
Part1_RQ4/A1,A1_cplex_vs_bp,/home/peizeyu2026/smart_wolf_project/ZTT-OR/20260715 ZTT-OR/5_重构代码v2/6_数值实验/03_正式结果/Part1_RQ4/A1_cplex_vs_bp/formal_90pairs_20260801_202000,5x10/0.40000000000000002/707,5x10,707,,5,fixed_w scalar,0,5,,,NOT_APPLICABLE,not_applicable,none,12b4ae6d337d5f72a9c8a9edb77364b717d48bd0a5272317862fcf9f06556bcb,,A1 uses fixed scalar w and does not report candidate-vector derived metrics
Part1_RQ4/A1,A1_cplex_vs_bp,/home/peizeyu2026/smart_wolf_project/ZTT-OR/20260715 ZTT-OR/5_重构代码v2/6_数值实验/03_正式结果/Part1_RQ4/A1_cplex_vs_bp/formal_90pairs_20260801_202000,5x10/0.40000000000000002/808,5x10,808,,5,fixed_w scalar,0,5,,,NOT_APPLICABLE,not_applicable,none,dbe8c4d06e587a31fb533e89abee851fee635dbe11634c51fd009a10a807baae,,A1 uses fixed scalar w and does not report candidate-vector derived metrics
Part1_RQ4/A1,A1_cplex_vs_bp,/home/peizeyu2026/smart_wolf_project/ZTT-OR/20260715 ZTT-OR/5_重构代码v2/6_数值实验/03_正式结果/Part1_RQ4/A1_cplex_vs_bp/formal_90pairs_20260801_202000,5x10/0.40000000000000002/101,5x10,101,,5,fixed_w scalar,0,5,,,NOT_APPLICABLE,not_applicable,none,840bc4161d435b9196661cf6bc0f017943d07f945bea4ddd5dfc800380cf0074,,A1 uses fixed scalar w and does not report candidate-vector derived metrics
Part1_RQ4/A1,A1_cplex_vs_bp,/home/peizeyu2026/smart_wolf_project/ZTT-OR/20260715 ZTT-OR/5_重构代码v2/6_数值实验/03_正式结果/Part1_RQ4/A1_cplex_vs_bp/formal_90pairs_20260801_202000,5x10/0.40000000000000002/909,5x10,909,,5,fixed_w scalar,0,5,,,NOT_APPLICABLE,not_applicable,none,c5404ad6745b9dcef3f63fc136adb549c08022055369e47870ee090c6e21d467,,A1 uses fixed scalar w and does not report candidate-vector derived metrics
Part1_RQ4/A1,A1_cplex_vs_bp,/home/peizeyu2026/smart_wolf_project/ZTT-OR/20260715 ZTT-OR/5_重构代码v2/6_数值实验/03_正式结果/Part1_RQ4/A1_cplex_vs_bp/formal_90pairs_20260801_202000,5x10/0.40000000000000002/202,5x10,202,,5,fixed_w scalar,0,5,,,NOT_APPLICABLE,not_applicable,none,82ce7fc0019731dab505480dbe2d81162cee568de65ad70ee5ba172275734b9d,,A1 uses fixed scalar w and does not report candidate-vector derived metrics
Part1_RQ4/A1,A1_cplex_vs_bp,/home/peizeyu2026/smart_wolf_project/ZTT-OR/20260715 ZTT-OR/5_重构代码v2/6_数值实验/03_正式结果/Part1_RQ4/A1_cplex_vs_bp/formal_90pairs_20260801_202000,5x10/0.40000000000000002/1010,5x10,1010,,5,fixed_w scalar,0,5,,,NOT_APPLICABLE,not_applicable,none,d1f2995f028fca56c08c156fe2d4a2db90d56a809b8a80d8e1470edcdd74c2ef,,A1 uses fixed scalar w and does not report candidate-vector derived metrics
Part1_RQ4/A1,A1_cplex_vs_bp,/home/peizeyu2026/smart_wolf_project/ZTT-OR/20260715 ZTT-OR/5_重构代码v2/6_数值实验/03_正式结果/Part1_RQ4/A1_cplex_vs_bp/formal_90pairs_20260801_202000,5x10/0.40000000000000002/303,5x10,303,,5,fixed_w scalar,0,5,,,NOT_APPLICABLE,not_applicable,none,f5fb09a957ae2b5af50c520002210ceefddd705a5f69684f25de54e8a2e91115,,A1 uses fixed scalar w and does not report candidate-vector derived metrics
Part1_RQ4/A1,A1_cplex_vs_bp,/home/peizeyu2026/smart_wolf_project/ZTT-OR/20260715 ZTT-OR/5_重构代码v2/6_数值实验/03_正式结果/Part1_RQ4/A1_cplex_vs_bp/formal_90pairs_20260801_202000,5x10/0.80000000000000004/101,5x10,101,,5,fixed_w scalar,0,5,,,NOT_APPLICABLE,not_applicable,none,7185b3e5c2c653d48aaaae617a9d23d228c6ba47332cd1a5bba8a3798066e0b6,,A1 uses fixed scalar w and does not report candidate-vector derived metrics
Part1_RQ4/A1,A1_cplex_vs_bp,/home/peizeyu2026/smart_wolf_project/ZTT-OR/20260715 ZTT-OR/5_重构代码v2/6_数值实验/03_正式结果/Part1_RQ4/A1_cplex_vs_bp/formal_90pairs_20260801_202000,5x10/0.80000000000000004/202,5x10,202,,5,fixed_w scalar,0,5,,,NOT_APPLICABLE,not_applicable,none,b8fa24c35d74d4e6f4816f5afb0dd16c57527e4ddb8b12c0594ed9cbb4ec5731,,A1 uses fixed scalar w and does not report candidate-vector derived metrics
Part1_RQ4/A1,A1_cplex_vs_bp,/home/peizeyu2026/smart_wolf_project/ZTT-OR/20260715 ZTT-OR/5_重构代码v2/6_数值实验/03_正式结果/Part1_RQ4/A1_cplex_vs_bp/formal_90pairs_20260801_202000,5x10/0.80000000000000004/909,5x10,909,,5,fixed_w scalar,0,5,,,NOT_APPLICABLE,not_applicable,none,7e06cb03c79a7e9fa7d616c4065fb3e1331dbd1d1e4bd777f2b722c9733cb19a,,A1 uses fixed scalar w and does not report candidate-vector derived metrics
Part1_RQ4/A1,A1_cplex_vs_bp,/home/peizeyu2026/smart_wolf_project/ZTT-OR/20260715 ZTT-OR/5_重构代码v2/6_数值实验/03_正式结果/Part1_RQ4/A1_cplex_vs_bp/formal_90pairs_20260801_202000,5x10/0.80000000000000004/1010,5x10,1010,,5,fixed_w scalar,0,5,,,NOT_APPLICABLE,not_applicable,none,0c9059dd63f84f8e03d877a1ad2da7b16b5e9b4578a4de7b3ec49d8cf61462ae,,A1 uses fixed scalar w and does not report candidate-vector derived metrics
Part1_RQ4/A1,A1_cplex_vs_bp,/home/peizeyu2026/smart_wolf_project/ZTT-OR/20260715 ZTT-OR/5_重构代码v2/6_数值实验/03_正式结果/Part1_RQ4/A1_cplex_vs_bp/formal_90pairs_20260801_202000,5x10/0.80000000000000004/303,5x10,303,,5,fixed_w scalar,0,5,,,NOT_APPLICABLE,not_applicable,none,de0759bb436637562248dce610ced7a4edcae5f4296ade331769eb27a0adfdfd,,A1 uses fixed scalar w and does not report candidate-vector derived metrics
Part1_RQ4/A1,A1_cplex_vs_bp,/home/peizeyu2026/smart_wolf_project/ZTT-OR/20260715 ZTT-OR/5_重构代码v2/6_数值实验/03_正式结果/Part1_RQ4/A1_cplex_vs_bp/formal_90pairs_20260801_202000,5x10/0.80000000000000004/404,5x10,404,,5,fixed_w scalar,0,5,,,NOT_APPLICABLE,not_applicable,none,a4734d78dbbc5583de253c309c03fedfd42a3f14556bdf480b7f873d0262ed6d,,A1 uses fixed scalar w and does not report candidate-vector derived metrics
Part1_RQ4/A1,A1_cplex_vs_bp,/home/peizeyu2026/smart_wolf_project/ZTT-OR/20260715 ZTT-OR/5_重构代码v2/6_数值实验/03_正式结果/Part1_RQ4/A1_cplex_vs_bp/formal_90pairs_20260801_202000,5x10/0.80000000000000004/505,5x10,505,,5,fixed_w scalar,0,5,,,NOT_APPLICABLE,not_applicable,none,556f84c1ded84f6b5fcb98dee98f93d95940b135f3008c7876563410aadd1727,,A1 uses fixed scalar w and does not report candidate-vector derived metrics
Part1_RQ4/A1,A1_cplex_vs_bp,/home/peizeyu2026/smart_wolf_project/ZTT-OR/20260715 ZTT-OR/5_重构代码v2/6_数值实验/03_正式结果/Part1_RQ4/A1_cplex_vs_bp/formal_90pairs_20260801_202000,5x10/0.80000000000000004/606,5x10,606,,5,fixed_w scalar,0,5,,,NOT_APPLICABLE,not_applicable,none,ff99cccfce699bb053bfc80faad239d718acef965b4afe7fec61a7e83859b611,,A1 uses fixed scalar w and does not report candidate-vector derived metrics
Part1_RQ4/A1,A1_cplex_vs_bp,/home/peizeyu2026/smart_wolf_project/ZTT-OR/20260715 ZTT-OR/5_重构代码v2/6_数值实验/03_正式结果/Part1_RQ4/A1_cplex_vs_bp/formal_90pairs_20260801_202000,5x10/0.80000000000000004/707,5x10,707,,5,fixed_w scalar,0,5,,,NOT_APPLICABLE,not_applicable,none,c91b196b4601331857f5e1432fcbc92fe87dfc499e051a0d603bf4950ec6c126,,A1 uses fixed scalar w and does not report candidate-vector derived metrics
Part1_RQ4/A1,A1_cplex_vs_bp,/home/peizeyu2026/smart_wolf_project/ZTT-OR/20260715 ZTT-OR/5_重构代码v2/6_数值实验/03_正式结果/Part1_RQ4/A1_cplex_vs_bp/formal_90pairs_20260801_202000,5x10/0.80000000000000004/808,5x10,808,,5,fixed_w scalar,0,5,,,NOT_APPLICABLE,not_applicable,none,19009adb5347b89fe18913397ca515df517b8ee8d605f1fff2fdb97d2372ecfc,,A1 uses fixed scalar w and does not report candidate-vector derived metrics
Part1_RQ4/A1,A1_cplex_vs_bp,/home/peizeyu2026/smart_wolf_project/ZTT-OR/20260715 ZTT-OR/5_重构代码v2/6_数值实验/03_正式结果/Part1_RQ4/A1_cplex_vs_bp/formal_90pairs_20260801_202000,3x5/0.40000000000000002/101,3x5,101,,3,fixed_w scalar,0,3,,,NOT_APPLICABLE,not_applicable,none,c16635e175dcd228b10a51e9fb05204a04afd4338ec6f3da0738863421198d27,,A1 uses fixed scalar w and does not report candidate-vector derived metrics
Part1_RQ4/A1,A1_cplex_vs_bp,/home/peizeyu2026/smart_wolf_project/ZTT-OR/20260715 ZTT-OR/5_重构代码v2/6_数值实验/03_正式结果/Part1_RQ4/A1_cplex_vs_bp/formal_90pairs_20260801_202000,3x5/0.40000000000000002/808,3x5,808,,3,fixed_w scalar,0,3,,,NOT_APPLICABLE,not_applicable,none,4df20dc03e4c186c12e051b2914f03de06766b7524b78a12031da8f7e7f363b3,,A1 uses fixed scalar w and does not report candidate-vector derived metrics
Part1_RQ4/A1,A1_cplex_vs_bp,/home/peizeyu2026/smart_wolf_project/ZTT-OR/20260715 ZTT-OR/5_重构代码v2/6_数值实验/03_正式结果/Part1_RQ4/A1_cplex_vs_bp/formal_90pairs_20260801_202000,3x5/0.40000000000000002/909,3x5,909,,3,fixed_w scalar,0,3,,,NOT_APPLICABLE,not_applicable,none,1f0ce7237b66cda7f7c4d7c2d5bdb6f2fa59ead26eb099059ad76cb1718e22e8,,A1 uses fixed scalar w and does not report candidate-vector derived metrics
Part1_RQ4/A1,A1_cplex_vs_bp,/home/peizeyu2026/smart_wolf_project/ZTT-OR/20260715 ZTT-OR/5_重构代码v2/6_数值实验/03_正式结果/Part1_RQ4/A1_cplex_vs_bp/formal_90pairs_20260801_202000,3x5/0.40000000000000002/202,3x5,202,,3,fixed_w scalar,0,3,,,NOT_APPLICABLE,not_applicable,none,fadb2052d7c7e0ab7c61897a824451ba7fd1df6b5421504559a465255d6de3c1,,A1 uses fixed scalar w and does not report candidate-vector derived metrics
Part1_RQ4/A1,A1_cplex_vs_bp,/home/peizeyu2026/smart_wolf_project/ZTT-OR/20260715 ZTT-OR/5_重构代码v2/6_数值实验/03_正式结果/Part1_RQ4/A1_cplex_vs_bp/formal_90pairs_20260801_202000,3x5/0.40000000000000002/1010,3x5,1010,,3,fixed_w scalar,0,3,,,NOT_APPLICABLE,not_applicable,none,8c05c482399eb1691f2c8d357f8912b5acb28696c8f97cd1035f0554ffc883cf,,A1 uses fixed scalar w and does not report candidate-vector derived metrics
Part1_RQ4/A1,A1_cplex_vs_bp,/home/peizeyu2026/smart_wolf_project/ZTT-OR/20260715 ZTT-OR/5_重构代码v2/6_数值实验/03_正式结果/Part1_RQ4/A1_cplex_vs_bp/formal_90pairs_20260801_202000,3x5/0.40000000000000002/303,3x5,303,,3,fixed_w scalar,0,3,,,NOT_APPLICABLE,not_applicable,none,d1d1276ed262f6f41a363f2cf6ecdd17ed5e6d3fc6eb2f371e260e1b91ad0b4b,,A1 uses fixed scalar w and does not report candidate-vector derived metrics
Part1_RQ4/A1,A1_cplex_vs_bp,/home/peizeyu2026/smart_wolf_project/ZTT-OR/20260715 ZTT-OR/5_重构代码v2/6_数值实验/03_正式结果/Part1_RQ4/A1_cplex_vs_bp/formal_90pairs_20260801_202000,3x5/0.40000000000000002/404,3x5,404,,3,fixed_w scalar,0,3,,,NOT_APPLICABLE,not_applicable,none,bb33355d358728aa09b5a77f0a93477e20a15d0a7cc3a10e870338db9abf1e06,,A1 uses fixed scalar w and does not report candidate-vector derived metrics
Part1_RQ4/A1,A1_cplex_vs_bp,/home/peizeyu2026/smart_wolf_project/ZTT-OR/20260715 ZTT-OR/5_重构代码v2/6_数值实验/03_正式结果/Part1_RQ4/A1_cplex_vs_bp/formal_90pairs_20260801_202000,3x5/0.40000000000000002/505,3x5,505,,3,fixed_w scalar,0,3,,,NOT_APPLICABLE,not_applicable,none,c5c9bac6d8c392fb2cc387b69cd8cc6eba2293d41a03f7f334da616ca3623e86,,A1 uses fixed scalar w and does not report candidate-vector derived metrics
Part1_RQ4/A1,A1_cplex_vs_bp,/home/peizeyu2026/smart_wolf_project/ZTT-OR/20260715 ZTT-OR/5_重构代码v2/6_数值实验/03_正式结果/Part1_RQ4/A1_cplex_vs_bp/formal_90pairs_20260801_202000,3x5/0.40000000000000002/606,3x5,606,,3,fixed_w scalar,0,3,,,NOT_APPLICABLE,not_applicable,none,62e49bf06cca3eaa452618594005ae2b7a03b62167a391de2ccc7c1083e6ebf5,,A1 uses fixed scalar w and does not report candidate-vector derived metrics
Part1_RQ4/A1,A1_cplex_vs_bp,/home/peizeyu2026/smart_wolf_project/ZTT-OR/20260715 ZTT-OR/5_重构代码v2/6_数值实验/03_正式结果/Part1_RQ4/A1_cplex_vs_bp/formal_90pairs_20260801_202000,3x5/0.40000000000000002/707,3x5,707,,3,fixed_w scalar,0,3,,,NOT_APPLICABLE,not_applicable,none,90ee640cfd576433f42e8ce8c155233328b42c0dbd3169efe1049ca787104aaa,,A1 uses fixed scalar w and does not report candidate-vector derived metrics
Part1_RQ4/A1,A1_cplex_vs_bp,/home/peizeyu2026/smart_wolf_project/ZTT-OR/20260715 ZTT-OR/5_重构代码v2/6_数值实验/03_正式结果/Part1_RQ4/A1_cplex_vs_bp/formal_90pairs_20260801_202000,3x5/0.80000000000000004/505,3x5,505,,3,fixed_w scalar,0,3,,,NOT_APPLICABLE,not_applicable,none,fe37a7bf9d55c95d9d0d8adfc5faa97a8ffbec497323af3395e833fc9a247a4f,,A1 uses fixed scalar w and does not report candidate-vector derived metrics
Part1_RQ4/A1,A1_cplex_vs_bp,/home/peizeyu2026/smart_wolf_project/ZTT-OR/20260715 ZTT-OR/5_重构代码v2/6_数值实验/03_正式结果/Part1_RQ4/A1_cplex_vs_bp/formal_90pairs_20260801_202000,3x5/0.80000000000000004/606,3x5,606,,3,fixed_w scalar,0,3,,,NOT_APPLICABLE,not_applicable,none,e9889111fb1879008aaa30814c9c57c90f10a11d4cf69779b62336d68f20dacc,,A1 uses fixed scalar w and does not report candidate-vector derived metrics
Part1_RQ4/A1,A1_cplex_vs_bp,/home/peizeyu2026/smart_wolf_project/ZTT-OR/20260715 ZTT-OR/5_重构代码v2/6_数值实验/03_正式结果/Part1_RQ4/A1_cplex_vs_bp/formal_90pairs_20260801_202000,3x5/0.80000000000000004/707,3x5,707,,3,fixed_w scalar,0,3,,,NOT_APPLICABLE,not_applicable,none,e22fa0db8bd7355294ae9cc350bcb0f343e719fd3ce94e5771dffca9e3b27024,,A1 uses fixed scalar w and does not report candidate-vector derived metrics
Part1_RQ4/A1,A1_cplex_vs_bp,/home/peizeyu2026/smart_wolf_project/ZTT-OR/20260715 ZTT-OR/5_重构代码v2/6_数值实验/03_正式结果/Part1_RQ4/A1_cplex_vs_bp/formal_90pairs_20260801_202000,3x5/0.80000000000000004/808,3x5,808,,3,fixed_w scalar,0,3,,,NOT_APPLICABLE,not_applicable,none,3908e59adde5af929c8cf5b10c99af05949afd6e7afdf1e46a5a2efac88247d5,,A1 uses fixed scalar w and does not report candidate-vector derived metrics
Part1_RQ4/A1,A1_cplex_vs_bp,/home/peizeyu2026/smart_wolf_project/ZTT-OR/20260715 ZTT-OR/5_重构代码v2/6_数值实验/03_正式结果/Part1_RQ4/A1_cplex_vs_bp/formal_90pairs_20260801_202000,3x5/0.80000000000000004/101,3x5,101,,3,fixed_w scalar,0,3,,,NOT_APPLICABLE,not_applicable,none,0246b25baf4c5b76e2503635e6214a6042db4dfc446b79de27326efbfcad6ff1,,A1 uses fixed scalar w and does not report candidate-vector derived metrics
Part1_RQ4/A1,A1_cplex_vs_bp,/home/peizeyu2026/smart_wolf_project/ZTT-OR/20260715 ZTT-OR/5_重构代码v2/6_数值实验/03_正式结果/Part1_RQ4/A1_cplex_vs_bp/formal_90pairs_20260801_202000,3x5/0.80000000000000004/909,3x5,909,,3,fixed_w scalar,0,3,,,NOT_APPLICABLE,not_applicable,none,3d7f89f8e44ea52e0e560aa36f86046365b4c7681251165e35858f10008c9235,,A1 uses fixed scalar w and does not report candidate-vector derived metrics
Part1_RQ4/A1,A1_cplex_vs_bp,/home/peizeyu2026/smart_wolf_project/ZTT-OR/20260715 ZTT-OR/5_重构代码v2/6_数值实验/03_正式结果/Part1_RQ4/A1_cplex_vs_bp/formal_90pairs_20260801_202000,3x5/0.80000000000000004/202,3x5,202,,3,fixed_w scalar,0,3,,,NOT_APPLICABLE,not_applicable,none,dd29ec3da69aa37322d619e750627122cc99b526675c5fb80d4ab53c8f24a431,,A1 uses fixed scalar w and does not report candidate-vector derived metrics
Part1_RQ4/A1,A1_cplex_vs_bp,/home/peizeyu2026/smart_wolf_project/ZTT-OR/20260715 ZTT-OR/5_重构代码v2/6_数值实验/03_正式结果/Part1_RQ4/A1_cplex_vs_bp/formal_90pairs_20260801_202000,3x5/0.80000000000000004/1010,3x5,1010,,3,fixed_w scalar,0,3,,,NOT_APPLICABLE,not_applicable,none,104e6c5b69298dee6a71699aed854cb249558347aa4dd49d181fa75b7e910164,,A1 uses fixed scalar w and does not report candidate-vector derived metrics
Part1_RQ4/A1,A1_cplex_vs_bp,/home/peizeyu2026/smart_wolf_project/ZTT-OR/20260715 ZTT-OR/5_重构代码v2/6_数值实验/03_正式结果/Part1_RQ4/A1_cplex_vs_bp/formal_90pairs_20260801_202000,3x5/0.80000000000000004/303,3x5,303,,3,fixed_w scalar,0,3,,,NOT_APPLICABLE,not_applicable,none,8b8f51821bb018c6a6aacd1d4a2510ef2ce57c24806f5cbe88844d866abe54ee,,A1 uses fixed scalar w and does not report candidate-vector derived metrics
Part1_RQ4/A1,A1_cplex_vs_bp,/home/peizeyu2026/smart_wolf_project/ZTT-OR/20260715 ZTT-OR/5_重构代码v2/6_数值实验/03_正式结果/Part1_RQ4/A1_cplex_vs_bp/formal_90pairs_20260801_202000,3x5/0.80000000000000004/404,3x5,404,,3,fixed_w scalar,0,3,,,NOT_APPLICABLE,not_applicable,none,9b70f7da0a960aeddaeb24a8f4df6dc8cbeb8362b19e9a8bfdb2c033874d673d,,A1 uses fixed scalar w and does not report candidate-vector derived metrics
Part1_RQ4/A1,A1_cplex_vs_bp,/home/peizeyu2026/smart_wolf_project/ZTT-OR/20260715 ZTT-OR/5_重构代码v2/6_数值实验/03_正式结果/Part1_RQ4/A1_cplex_vs_bp/formal_90pairs_20260801_202000,3x5/0/303,3x5,303,,3,fixed_w scalar,0,3,,,NOT_APPLICABLE,not_applicable,none,b8b8ea07b99291d7aea9813603417d4e41e93af560db7e3cd8273911d6e36f68,,A1 uses fixed scalar w and does not report candidate-vector derived metrics
Part1_RQ4/A1,A1_cplex_vs_bp,/home/peizeyu2026/smart_wolf_project/ZTT-OR/20260715 ZTT-OR/5_重构代码v2/6_数值实验/03_正式结果/Part1_RQ4/A1_cplex_vs_bp/formal_90pairs_20260801_202000,3x5/0/404,3x5,404,,3,fixed_w scalar,0,3,,,NOT_APPLICABLE,not_applicable,none,a37eb2880418f5c0423ba65791bf96512bd3449b7354acebd228eca081a56512,,A1 uses fixed scalar w and does not report candidate-vector derived metrics
Part1_RQ4/A1,A1_cplex_vs_bp,/home/peizeyu2026/smart_wolf_project/ZTT-OR/20260715 ZTT-OR/5_重构代码v2/6_数值实验/03_正式结果/Part1_RQ4/A1_cplex_vs_bp/formal_90pairs_20260801_202000,3x5/0/505,3x5,505,,3,fixed_w scalar,0,3,,,NOT_APPLICABLE,not_applicable,none,f6fd5b4812b39629c89050dafcb45fb5526b1b25d8fd8b914b24c6acfc8d5afb,,A1 uses fixed scalar w and does not report candidate-vector derived metrics
Part1_RQ4/A1,A1_cplex_vs_bp,/home/peizeyu2026/smart_wolf_project/ZTT-OR/20260715 ZTT-OR/5_重构代码v2/6_数值实验/03_正式结果/Part1_RQ4/A1_cplex_vs_bp/formal_90pairs_20260801_202000,3x5/0/606,3x5,606,,3,fixed_w scalar,0,3,,,NOT_APPLICABLE,not_applicable,none,2774ebb2af420600bf1e63e1980ee23ded66a0bd376fd4bfa6062b3ac75b2027,,A1 uses fixed scalar w and does not report candidate-vector derived metrics
Part1_RQ4/A1,A1_cplex_vs_bp,/home/peizeyu2026/smart_wolf_project/ZTT-OR/20260715 ZTT-OR/5_重构代码v2/6_数值实验/03_正式结果/Part1_RQ4/A1_cplex_vs_bp/formal_90pairs_20260801_202000,3x5/0/707,3x5,707,,3,fixed_w scalar,0,3,,,NOT_APPLICABLE,not_applicable,none,22e4fb703907e50995a4d8f3a4eabc1456b0f8d2e9796a438f51073a8beb16f1,,A1 uses fixed scalar w and does not report candidate-vector derived metrics
Part1_RQ4/A1,A1_cplex_vs_bp,/home/peizeyu2026/smart_wolf_project/ZTT-OR/20260715 ZTT-OR/5_重构代码v2/6_数值实验/03_正式结果/Part1_RQ4/A1_cplex_vs_bp/formal_90pairs_20260801_202000,3x5/0/808,3x5,808,,3,fixed_w scalar,0,3,,,NOT_APPLICABLE,not_applicable,none,fd750da571bac9513a713826f927e99effa297a1cd088a8d174fc10e0439f309,,A1 uses fixed scalar w and does not report candidate-vector derived metrics
Part1_RQ4/A1,A1_cplex_vs_bp,/home/peizeyu2026/smart_wolf_project/ZTT-OR/20260715 ZTT-OR/5_重构代码v2/6_数值实验/03_正式结果/Part1_RQ4/A1_cplex_vs_bp/formal_90pairs_20260801_202000,3x5/0/101,3x5,101,,3,fixed_w scalar,0,3,,,NOT_APPLICABLE,not_applicable,none,74897d8d28f9d786b1b897763f96b148999e2050d264ba26a1d91be0360658f1,,A1 uses fixed scalar w and does not report candidate-vector derived metrics
Part1_RQ4/A1,A1_cplex_vs_bp,/home/peizeyu2026/smart_wolf_project/ZTT-OR/20260715 ZTT-OR/5_重构代码v2/6_数值实验/03_正式结果/Part1_RQ4/A1_cplex_vs_bp/formal_90pairs_20260801_202000,3x5/0/909,3x5,909,,3,fixed_w scalar,0,3,,,NOT_APPLICABLE,not_applicable,none,58be07645a03003fbca9cf6d292f1156274f35611f72eeb3bb8c77397aed622c,,A1 uses fixed scalar w and does not report candidate-vector derived metrics
Part1_RQ4/A1,A1_cplex_vs_bp,/home/peizeyu2026/smart_wolf_project/ZTT-OR/20260715 ZTT-OR/5_重构代码v2/6_数值实验/03_正式结果/Part1_RQ4/A1_cplex_vs_bp/formal_90pairs_20260801_202000,3x5/0/202,3x5,202,,3,fixed_w scalar,0,3,,,NOT_APPLICABLE,not_applicable,none,0deb5ae9342e48fa7a993ef9134ebb63750d074ff7c4d4e4ad25a60d926ee6f2,,A1 uses fixed scalar w and does not report candidate-vector derived metrics
Part1_RQ4/A1,A1_cplex_vs_bp,/home/peizeyu2026/smart_wolf_project/ZTT-OR/20260715 ZTT-OR/5_重构代码v2/6_数值实验/03_正式结果/Part1_RQ4/A1_cplex_vs_bp/formal_90pairs_20260801_202000,3x5/0/1010,3x5,1010,,3,fixed_w scalar,0,3,,,NOT_APPLICABLE,not_applicable,none,c336e059357c896464258dfd53ceb960d022405b0f11f879b745f2760f53e7ca,,A1 uses fixed scalar w and does not report candidate-vector derived metrics
Part1_RQ4/A1,A1_cplex_vs_bp,/home/peizeyu2026/smart_wolf_project/ZTT-OR/20260715 ZTT-OR/5_重构代码v2/6_数值实验/03_正式结果/Part1_RQ4/A1_cplex_vs_bp/formal_90pairs_20260801_202000,3x10/0.40000000000000002/606,3x10,606,,3,fixed_w scalar,0,3,,,NOT_APPLICABLE,not_applicable,none,e9c0aa22e04df5544437f9e49ac11d67224af5f3ecc382bb111c6234ef28ce23,,A1 uses fixed scalar w and does not report candidate-vector derived metrics
Part1_RQ4/A1,A1_cplex_vs_bp,/home/peizeyu2026/smart_wolf_project/ZTT-OR/20260715 ZTT-OR/5_重构代码v2/6_数值实验/03_正式结果/Part1_RQ4/A1_cplex_vs_bp/formal_90pairs_20260801_202000,3x10/0.40000000000000002/707,3x10,707,,3,fixed_w scalar,0,3,,,NOT_APPLICABLE,not_applicable,none,b307c43f962350e01abc3768ecd9e79bde29265a4ef493bbdd735e470c770c1e,,A1 uses fixed scalar w and does not report candidate-vector derived metrics
Part1_RQ4/A1,A1_cplex_vs_bp,/home/peizeyu2026/smart_wolf_project/ZTT-OR/20260715 ZTT-OR/5_重构代码v2/6_数值实验/03_正式结果/Part1_RQ4/A1_cplex_vs_bp/formal_90pairs_20260801_202000,3x10/0.40000000000000002/808,3x10,808,,3,fixed_w scalar,0,3,,,NOT_APPLICABLE,not_applicable,none,5b15bddbce5761be317d00966bb5ea9a70080afc2660de0b4418df42f4231de2,,A1 uses fixed scalar w and does not report candidate-vector derived metrics
Part1_RQ4/A1,A1_cplex_vs_bp,/home/peizeyu2026/smart_wolf_project/ZTT-OR/20260715 ZTT-OR/5_重构代码v2/6_数值实验/03_正式结果/Part1_RQ4/A1_cplex_vs_bp/formal_90pairs_20260801_202000,3x10/0.40000000000000002/101,3x10,101,,3,fixed_w scalar,0,3,,,NOT_APPLICABLE,not_applicable,none,4669e76f84308ff073cce803ce7fc5cd35d6c8fb7dcdf5e75d19c51e80ab2dc9,,A1 uses fixed scalar w and does not report candidate-vector derived metrics
Part1_RQ4/A1,A1_cplex_vs_bp,/home/peizeyu2026/smart_wolf_project/ZTT-OR/20260715 ZTT-OR/5_重构代码v2/6_数值实验/03_正式结果/Part1_RQ4/A1_cplex_vs_bp/formal_90pairs_20260801_202000,3x10/0.40000000000000002/909,3x10,909,,3,fixed_w scalar,0,3,,,NOT_APPLICABLE,not_applicable,none,42307b106fe8810e15e9d26e0f869bc0a3f61e07ae2a5d9e0895ae8a8dc89b8d,,A1 uses fixed scalar w and does not report candidate-vector derived metrics
Part1_RQ4/A1,A1_cplex_vs_bp,/home/peizeyu2026/smart_wolf_project/ZTT-OR/20260715 ZTT-OR/5_重构代码v2/6_数值实验/03_正式结果/Part1_RQ4/A1_cplex_vs_bp/formal_90pairs_20260801_202000,3x10/0.40000000000000002/202,3x10,202,,3,fixed_w scalar,0,3,,,NOT_APPLICABLE,not_applicable,none,07beb9512aca6e87a0d0744139dbf018d3c5e51e51b51879d375ef931b8a70d2,,A1 uses fixed scalar w and does not report candidate-vector derived metrics
Part1_RQ4/A1,A1_cplex_vs_bp,/home/peizeyu2026/smart_wolf_project/ZTT-OR/20260715 ZTT-OR/5_重构代码v2/6_数值实验/03_正式结果/Part1_RQ4/A1_cplex_vs_bp/formal_90pairs_20260801_202000,3x10/0.40000000000000002/1010,3x10,1010,,3,fixed_w scalar,0,3,,,NOT_APPLICABLE,not_applicable,none,8f2b3724db4c7f785fc1bd42df4d15520dfae859d224a97fe9b5c7d009dacde0,,A1 uses fixed scalar w and does not report candidate-vector derived metrics
Part1_RQ4/A1,A1_cplex_vs_bp,/home/peizeyu2026/smart_wolf_project/ZTT-OR/20260715 ZTT-OR/5_重构代码v2/6_数值实验/03_正式结果/Part1_RQ4/A1_cplex_vs_bp/formal_90pairs_20260801_202000,3x10/0.40000000000000002/303,3x10,303,,3,fixed_w scalar,0,3,,,NOT_APPLICABLE,not_applicable,none,a182d1e58f5d717f5afc73b173f3828ae3d9bce01d65c47aae6ce74a227bad14,,A1 uses fixed scalar w and does not report candidate-vector derived metrics
Part1_RQ4/A1,A1_cplex_vs_bp,/home/peizeyu2026/smart_wolf_project/ZTT-OR/20260715 ZTT-OR/5_重构代码v2/6_数值实验/03_正式结果/Part1_RQ4/A1_cplex_vs_bp/formal_90pairs_20260801_202000,3x10/0.40000000000000002/404,3x10,404,,3,fixed_w scalar,0,3,,,NOT_APPLICABLE,not_applicable,none,06de3a13fc1e74f7fee820bd79ca3b759da34ccbc4cb377bc565baac48a6ca41,,A1 uses fixed scalar w and does not report candidate-vector derived metrics
Part1_RQ4/A1,A1_cplex_vs_bp,/home/peizeyu2026/smart_wolf_project/ZTT-OR/20260715 ZTT-OR/5_重构代码v2/6_数值实验/03_正式结果/Part1_RQ4/A1_cplex_vs_bp/formal_90pairs_20260801_202000,3x10/0.40000000000000002/505,3x10,505,,3,fixed_w scalar,0,3,,,NOT_APPLICABLE,not_applicable,none,e9f9c9782e87197ecbdfe8189cddc7d1b9cabf344118a65ea83375ddfdde93f9,,A1 uses fixed scalar w and does not report candidate-vector derived metrics
Part1_RQ4/A1,A1_cplex_vs_bp,/home/peizeyu2026/smart_wolf_project/ZTT-OR/20260715 ZTT-OR/5_重构代码v2/6_数值实验/03_正式结果/Part1_RQ4/A1_cplex_vs_bp/formal_90pairs_20260801_202000,3x10/0.80000000000000004/303,3x10,303,,3,fixed_w scalar,0,3,,,NOT_APPLICABLE,not_applicable,none,9163f3f1335db0f6b1be6d860572a4553e38532ae451339bfba7e750982d74b2,,A1 uses fixed scalar w and does not report candidate-vector derived metrics
Part1_RQ4/A1,A1_cplex_vs_bp,/home/peizeyu2026/smart_wolf_project/ZTT-OR/20260715 ZTT-OR/5_重构代码v2/6_数值实验/03_正式结果/Part1_RQ4/A1_cplex_vs_bp/formal_90pairs_20260801_202000,3x10/0.80000000000000004/404,3x10,404,,3,fixed_w scalar,0,3,,,NOT_APPLICABLE,not_applicable,none,8754fe1978f3cc5dcb4b8317b68a2773ae4e529b26140cf87543a2fc681afd33,,A1 uses fixed scalar w and does not report candidate-vector derived metrics
Part1_RQ4/A1,A1_cplex_vs_bp,/home/peizeyu2026/smart_wolf_project/ZTT-OR/20260715 ZTT-OR/5_重构代码v2/6_数值实验/03_正式结果/Part1_RQ4/A1_cplex_vs_bp/formal_90pairs_20260801_202000,3x10/0.80000000000000004/505,3x10,505,,3,fixed_w scalar,0,3,,,NOT_APPLICABLE,not_applicable,none,b7050e3c334b8943abb8da2ac158d38c6d94e0b948a8336687a189d26f44abab,,A1 uses fixed scalar w and does not report candidate-vector derived metrics
Part1_RQ4/A1,A1_cplex_vs_bp,/home/peizeyu2026/smart_wolf_project/ZTT-OR/20260715 ZTT-OR/5_重构代码v2/6_数值实验/03_正式结果/Part1_RQ4/A1_cplex_vs_bp/formal_90pairs_20260801_202000,3x10/0.80000000000000004/606,3x10,606,,3,fixed_w scalar,0,3,,,NOT_APPLICABLE,not_applicable,none,54151ed95ffe2bb2a232b9fda538c410e0eded6cc4a7c3b3b9afc31ed28eeb9c,,A1 uses fixed scalar w and does not report candidate-vector derived metrics
Part1_RQ4/A1,A1_cplex_vs_bp,/home/peizeyu2026/smart_wolf_project/ZTT-OR/20260715 ZTT-OR/5_重构代码v2/6_数值实验/03_正式结果/Part1_RQ4/A1_cplex_vs_bp/formal_90pairs_20260801_202000,3x10/0.80000000000000004/707,3x10,707,,3,fixed_w scalar,0,3,,,NOT_APPLICABLE,not_applicable,none,e17b34d3dd5b879863ad2538825c85c70618c3c711962089437d0f26eda847e7,,A1 uses fixed scalar w and does not report candidate-vector derived metrics
Part1_RQ4/A1,A1_cplex_vs_bp,/home/peizeyu2026/smart_wolf_project/ZTT-OR/20260715 ZTT-OR/5_重构代码v2/6_数值实验/03_正式结果/Part1_RQ4/A1_cplex_vs_bp/formal_90pairs_20260801_202000,3x10/0.80000000000000004/808,3x10,808,,3,fixed_w scalar,0,3,,,NOT_APPLICABLE,not_applicable,none,9fb7ad6d78544f2f21710f8df734ad60bbcbbbde56a6c3332bf497e5f3d00b45,,A1 uses fixed scalar w and does not report candidate-vector derived metrics
Part1_RQ4/A1,A1_cplex_vs_bp,/home/peizeyu2026/smart_wolf_project/ZTT-OR/20260715 ZTT-OR/5_重构代码v2/6_数值实验/03_正式结果/Part1_RQ4/A1_cplex_vs_bp/formal_90pairs_20260801_202000,3x10/0.80000000000000004/101,3x10,101,,3,fixed_w scalar,0,3,,,NOT_APPLICABLE,not_applicable,none,b9a37f3bf6e8ee2ebafdf5c1f80c3ff5b75afb55b5d1f6f399f77458ae31659f,,A1 uses fixed scalar w and does not report candidate-vector derived metrics
Part1_RQ4/A1,A1_cplex_vs_bp,/home/peizeyu2026/smart_wolf_project/ZTT-OR/20260715 ZTT-OR/5_重构代码v2/6_数值实验/03_正式结果/Part1_RQ4/A1_cplex_vs_bp/formal_90pairs_20260801_202000,3x10/0.80000000000000004/909,3x10,909,,3,fixed_w scalar,0,3,,,NOT_APPLICABLE,not_applicable,none,7bc64e0358d1708f3abc944935f76aa02a41a23e22bbcd4cfeacc5303d0501e4,,A1 uses fixed scalar w and does not report candidate-vector derived metrics
Part1_RQ4/A1,A1_cplex_vs_bp,/home/peizeyu2026/smart_wolf_project/ZTT-OR/20260715 ZTT-OR/5_重构代码v2/6_数值实验/03_正式结果/Part1_RQ4/A1_cplex_vs_bp/formal_90pairs_20260801_202000,3x10/0.80000000000000004/202,3x10,202,,3,fixed_w scalar,0,3,,,NOT_APPLICABLE,not_applicable,none,34779cc3f8b1e6b87822784fe85b51ad276d5963e6b108076ce722f96030fa9d,,A1 uses fixed scalar w and does not report candidate-vector derived metrics
Part1_RQ4/A1,A1_cplex_vs_bp,/home/peizeyu2026/smart_wolf_project/ZTT-OR/20260715 ZTT-OR/5_重构代码v2/6_数值实验/03_正式结果/Part1_RQ4/A1_cplex_vs_bp/formal_90pairs_20260801_202000,3x10/0.80000000000000004/1010,3x10,1010,,3,fixed_w scalar,0,3,,,NOT_APPLICABLE,not_applicable,none,56255846dccb997ebecaf52ed0503e51d8aa47e7623e479142bcebfd9aa33684,,A1 uses fixed scalar w and does not report candidate-vector derived metrics
Part1_RQ4/A1,A1_cplex_vs_bp,/home/peizeyu2026/smart_wolf_project/ZTT-OR/20260715 ZTT-OR/5_重构代码v2/6_数值实验/03_正式结果/Part1_RQ4/A1_cplex_vs_bp/formal_90pairs_20260801_202000,3x10/0/101,3x10,101,,3,fixed_w scalar,0,3,,,NOT_APPLICABLE,not_applicable,none,87022f19af21b8629d0d46368bb7ccaeffffdf1bcdfe5e0e8f3dd35c77a15607,,A1 uses fixed scalar w and does not report candidate-vector derived metrics
Part1_RQ4/A1,A1_cplex_vs_bp,/home/peizeyu2026/smart_wolf_project/ZTT-OR/20260715 ZTT-OR/5_重构代码v2/6_数值实验/03_正式结果/Part1_RQ4/A1_cplex_vs_bp/formal_90pairs_20260801_202000,3x10/0/202,3x10,202,,3,fixed_w scalar,0,3,,,NOT_APPLICABLE,not_applicable,none,e479cc02d9d0989fb5af1e9ed58842c286f97a5c6d3f13a1be718674746c1cf0,,A1 uses fixed scalar w and does not report candidate-vector derived metrics
Part1_RQ4/A1,A1_cplex_vs_bp,/home/peizeyu2026/smart_wolf_project/ZTT-OR/20260715 ZTT-OR/5_重构代码v2/6_数值实验/03_正式结果/Part1_RQ4/A1_cplex_vs_bp/formal_90pairs_20260801_202000,3x10/0/909,3x10,909,,3,fixed_w scalar,0,3,,,NOT_APPLICABLE,not_applicable,none,af5aa0c360a4e1fefdcecc816f356789b04749b7a081ae80324baf0354a24dee,,A1 uses fixed scalar w and does not report candidate-vector derived metrics
Part1_RQ4/A1,A1_cplex_vs_bp,/home/peizeyu2026/smart_wolf_project/ZTT-OR/20260715 ZTT-OR/5_重构代码v2/6_数值实验/03_正式结果/Part1_RQ4/A1_cplex_vs_bp/formal_90pairs_20260801_202000,3x10/0/1010,3x10,1010,,3,fixed_w scalar,0,3,,,NOT_APPLICABLE,not_applicable,none,9fff654b984b6909bcd2f53fcaca33fd7cf19d53f71617c64cefddfeb5bba5ae,,A1 uses fixed scalar w and does not report candidate-vector derived metrics
Part1_RQ4/A1,A1_cplex_vs_bp,/home/peizeyu2026/smart_wolf_project/ZTT-OR/20260715 ZTT-OR/5_重构代码v2/6_数值实验/03_正式结果/Part1_RQ4/A1_cplex_vs_bp/formal_90pairs_20260801_202000,3x10/0/303,3x10,303,,3,fixed_w scalar,0,3,,,NOT_APPLICABLE,not_applicable,none,50936cf66cbb306413d2dfd574ac0a3c4e70c366c638122bbe2be86961ce85bb,,A1 uses fixed scalar w and does not report candidate-vector derived metrics
Part1_RQ4/A1,A1_cplex_vs_bp,/home/peizeyu2026/smart_wolf_project/ZTT-OR/20260715 ZTT-OR/5_重构代码v2/6_数值实验/03_正式结果/Part1_RQ4/A1_cplex_vs_bp/formal_90pairs_20260801_202000,3x10/0/404,3x10,404,,3,fixed_w scalar,0,3,,,NOT_APPLICABLE,not_applicable,none,45639f97a74aedddd486bdc2fbdd144dfb495524b5f5d2a6e5e6f8cc4559ee2e,,A1 uses fixed scalar w and does not report candidate-vector derived metrics
Part1_RQ4/A1,A1_cplex_vs_bp,/home/peizeyu2026/smart_wolf_project/ZTT-OR/20260715 ZTT-OR/5_重构代码v2/6_数值实验/03_正式结果/Part1_RQ4/A1_cplex_vs_bp/formal_90pairs_20260801_202000,3x10/0/505,3x10,505,,3,fixed_w scalar,0,3,,,NOT_APPLICABLE,not_applicable,none,f3276dc750d2d75e18e4fbed527d905fa71e305b5c7f68f241a4ebd40499d206,,A1 uses fixed scalar w and does not report candidate-vector derived metrics
Part1_RQ4/A1,A1_cplex_vs_bp,/home/peizeyu2026/smart_wolf_project/ZTT-OR/20260715 ZTT-OR/5_重构代码v2/6_数值实验/03_正式结果/Part1_RQ4/A1_cplex_vs_bp/formal_90pairs_20260801_202000,3x10/0/606,3x10,606,,3,fixed_w scalar,0,3,,,NOT_APPLICABLE,not_applicable,none,a3a9eb7f4314d802d2027e578b7ad69ebfbc919a8377e7a1c8c64424dc47921c,,A1 uses fixed scalar w and does not report candidate-vector derived metrics
Part1_RQ4/A1,A1_cplex_vs_bp,/home/peizeyu2026/smart_wolf_project/ZTT-OR/20260715 ZTT-OR/5_重构代码v2/6_数值实验/03_正式结果/Part1_RQ4/A1_cplex_vs_bp/formal_90pairs_20260801_202000,3x10/0/707,3x10,707,,3,fixed_w scalar,0,3,,,NOT_APPLICABLE,not_applicable,none,038f411e3369ebc8e144855deb1c2a5a74675e9ba349635666c6456ebc08b01c,,A1 uses fixed scalar w and does not report candidate-vector derived metrics
Part1_RQ4/A1,A1_cplex_vs_bp,/home/peizeyu2026/smart_wolf_project/ZTT-OR/20260715 ZTT-OR/5_重构代码v2/6_数值实验/03_正式结果/Part1_RQ4/A1_cplex_vs_bp/formal_90pairs_20260801_202000,3x10/0/808,3x10,808,,3,fixed_w scalar,0,3,,,NOT_APPLICABLE,not_applicable,none,fc19be35c062442faeb832fa2acdee033a0abbeac9f4c5f67abaa0dfc502a858,,A1 uses fixed scalar w and does not report candidate-vector derived metrics
Part1_RQ4/A1,A1_cplex_vs_bp,/home/peizeyu2026/smart_wolf_project/ZTT-OR/20260715 ZTT-OR/5_重构代码v2/6_数值实验/03_正式结果/Part1_RQ4/A1_cplex_vs_bp/formal_extension_20260801_211500,5x14/0/707,5x14,707,,5,fixed_w scalar,0,5,,,NOT_APPLICABLE,not_applicable,none,0560427b5764cca1ada71c42dae4d660389d5642d26f18bd5f1ffbef0302f12d,,A1 uses fixed scalar w and does not report candidate-vector derived metrics
Part1_RQ4/A1,A1_cplex_vs_bp,/home/peizeyu2026/smart_wolf_project/ZTT-OR/20260715 ZTT-OR/5_重构代码v2/6_数值实验/03_正式结果/Part1_RQ4/A1_cplex_vs_bp/formal_extension_20260801_211500,5x14/0/808,5x14,808,,5,fixed_w scalar,0,5,,,NOT_APPLICABLE,not_applicable,none,2726a8629a2f2a2ef361cc68bbc52bebea8fa1d711eddcb02fc2e67d1a0aa143,,A1 uses fixed scalar w and does not report candidate-vector derived metrics
Part1_RQ4/A1,A1_cplex_vs_bp,/home/peizeyu2026/smart_wolf_project/ZTT-OR/20260715 ZTT-OR/5_重构代码v2/6_数值实验/03_正式结果/Part1_RQ4/A1_cplex_vs_bp/formal_extension_20260801_211500,5x14/0/101,5x14,101,,5,fixed_w scalar,0,5,,,NOT_APPLICABLE,not_applicable,none,01ac21a096c0a5f4ae5f123da4f703b7d2a9df0ccf713b5621369b8ceeee5cc8,,A1 uses fixed scalar w and does not report candidate-vector derived metrics
Part1_RQ4/A1,A1_cplex_vs_bp,/home/peizeyu2026/smart_wolf_project/ZTT-OR/20260715 ZTT-OR/5_重构代码v2/6_数值实验/03_正式结果/Part1_RQ4/A1_cplex_vs_bp/formal_extension_20260801_211500,5x14/0/909,5x14,909,,5,fixed_w scalar,0,5,,,NOT_APPLICABLE,not_applicable,none,9db1245a2b51571eafc664d9a645037cba44d29a516fe232721f35f289910fb9,,A1 uses fixed scalar w and does not report candidate-vector derived metrics
Part1_RQ4/A1,A1_cplex_vs_bp,/home/peizeyu2026/smart_wolf_project/ZTT-OR/20260715 ZTT-OR/5_重构代码v2/6_数值实验/03_正式结果/Part1_RQ4/A1_cplex_vs_bp/formal_extension_20260801_211500,5x14/0/202,5x14,202,,5,fixed_w scalar,0,5,,,NOT_APPLICABLE,not_applicable,none,6edbd5e5cacc49a99c5c838e49ac25ebe8019b883a5aba95a0ad8f55a6a02df6,,A1 uses fixed scalar w and does not report candidate-vector derived metrics
Part1_RQ4/A1,A1_cplex_vs_bp,/home/peizeyu2026/smart_wolf_project/ZTT-OR/20260715 ZTT-OR/5_重构代码v2/6_数值实验/03_正式结果/Part1_RQ4/A1_cplex_vs_bp/formal_extension_20260801_211500,5x14/0/1010,5x14,1010,,5,fixed_w scalar,0,5,,,NOT_APPLICABLE,not_applicable,none,32b6e020172d7e57d1f3539285d1c9872571007a73f248aaff23e39ea1bee98a,,A1 uses fixed scalar w and does not report candidate-vector derived metrics
Part1_RQ4/A1,A1_cplex_vs_bp,/home/peizeyu2026/smart_wolf_project/ZTT-OR/20260715 ZTT-OR/5_重构代码v2/6_数值实验/03_正式结果/Part1_RQ4/A1_cplex_vs_bp/formal_extension_20260801_211500,5x14/0/303,5x14,303,,5,fixed_w scalar,0,5,,,NOT_APPLICABLE,not_applicable,none,ee1b5ba04b44983cb3366e9aec73ca31ae8fad4f8c249898785ab28cc614d978,,A1 uses fixed scalar w and does not report candidate-vector derived metrics
Part1_RQ4/A1,A1_cplex_vs_bp,/home/peizeyu2026/smart_wolf_project/ZTT-OR/20260715 ZTT-OR/5_重构代码v2/6_数值实验/03_正式结果/Part1_RQ4/A1_cplex_vs_bp/formal_extension_20260801_211500,5x14/0/404,5x14,404,,5,fixed_w scalar,0,5,,,NOT_APPLICABLE,not_applicable,none,bdf9ba83b2620737b952d0d8cabd1fa8c18b93d1e49574673ffd0dd8903e7bf4,,A1 uses fixed scalar w and does not report candidate-vector derived metrics
Part1_RQ4/A1,A1_cplex_vs_bp,/home/peizeyu2026/smart_wolf_project/ZTT-OR/20260715 ZTT-OR/5_重构代码v2/6_数值实验/03_正式结果/Part1_RQ4/A1_cplex_vs_bp/formal_extension_20260801_211500,5x14/0/505,5x14,505,,5,fixed_w scalar,0,5,,,NOT_APPLICABLE,not_applicable,none,84eda12bdbd715ec05f29312c8ad5fbf46fa13e742aa6797a625ec69ba36fb54,,A1 uses fixed scalar w and does not report candidate-vector derived metrics
Part1_RQ4/A1,A1_cplex_vs_bp,/home/peizeyu2026/smart_wolf_project/ZTT-OR/20260715 ZTT-OR/5_重构代码v2/6_数值实验/03_正式结果/Part1_RQ4/A1_cplex_vs_bp/formal_extension_20260801_211500,5x14/0/606,5x14,606,,5,fixed_w scalar,0,5,,,NOT_APPLICABLE,not_applicable,none,5895d7a9cf7e4d9aa5d7f1be85fe1a837047dcca61b0a8c88e7e0f3fb930c912,,A1 uses fixed scalar w and does not report candidate-vector derived metrics
Part1_RQ4/A1,A1_cplex_vs_bp,/home/peizeyu2026/smart_wolf_project/ZTT-OR/20260715 ZTT-OR/5_重构代码v2/6_数值实验/03_正式结果/Part1_RQ4/A1_cplex_vs_bp/formal_extension_20260801_211500,5x14/0.40000000000000002/404,5x14,404,,5,fixed_w scalar,0,5,,,NOT_APPLICABLE,not_applicable,none,4c5f4cb8316cb1bf3584308c23332dade5ff9b05ccbbe5298f5d248b96e45092,,A1 uses fixed scalar w and does not report candidate-vector derived metrics
Part1_RQ4/A1,A1_cplex_vs_bp,/home/peizeyu2026/smart_wolf_project/ZTT-OR/20260715 ZTT-OR/5_重构代码v2/6_数值实验/03_正式结果/Part1_RQ4/A1_cplex_vs_bp/formal_extension_20260801_211500,5x14/0.40000000000000002/505,5x14,505,,5,fixed_w scalar,0,5,,,NOT_APPLICABLE,not_applicable,none,32e832e39cb81fc1d466e8f313af7ab12eabd08e9671623ab24766ace1b3b0a3,,A1 uses fixed scalar w and does not report candidate-vector derived metrics
Part1_RQ4/A1,A1_cplex_vs_bp,/home/peizeyu2026/smart_wolf_project/ZTT-OR/20260715 ZTT-OR/5_重构代码v2/6_数值实验/03_正式结果/Part1_RQ4/A1_cplex_vs_bp/formal_extension_20260801_211500,5x14/0.40000000000000002/606,5x14,606,,5,fixed_w scalar,0,5,,,NOT_APPLICABLE,not_applicable,none,a69a720577139aa9c8d129c390866a8187971d9e7c346fbc0e0b385644a81940,,A1 uses fixed scalar w and does not report candidate-vector derived metrics
Part1_RQ4/A1,A1_cplex_vs_bp,/home/peizeyu2026/smart_wolf_project/ZTT-OR/20260715 ZTT-OR/5_重构代码v2/6_数值实验/03_正式结果/Part1_RQ4/A1_cplex_vs_bp/formal_extension_20260801_211500,5x14/0.40000000000000002/707,5x14,707,,5,fixed_w scalar,0,5,,,NOT_APPLICABLE,not_applicable,none,e0541a799c26b0e564d03abceefbbae16695cd398cfda3ed7e6cdef8696ff389,,A1 uses fixed scalar w and does not report candidate-vector derived metrics
Part1_RQ4/A1,A1_cplex_vs_bp,/home/peizeyu2026/smart_wolf_project/ZTT-OR/20260715 ZTT-OR/5_重构代码v2/6_数值实验/03_正式结果/Part1_RQ4/A1_cplex_vs_bp/formal_extension_20260801_211500,5x14/0.40000000000000002/808,5x14,808,,5,fixed_w scalar,0,5,,,NOT_APPLICABLE,not_applicable,none,1c0be16db7fcda06751df806b344a7cea5448aa4717574bf5e36b9eb93aeb85c,,A1 uses fixed scalar w and does not report candidate-vector derived metrics
Part1_RQ4/A1,A1_cplex_vs_bp,/home/peizeyu2026/smart_wolf_project/ZTT-OR/20260715 ZTT-OR/5_重构代码v2/6_数值实验/03_正式结果/Part1_RQ4/A1_cplex_vs_bp/formal_extension_20260801_211500,5x14/0.40000000000000002/101,5x14,101,,5,fixed_w scalar,0,5,,,NOT_APPLICABLE,not_applicable,none,dcf83ff5ff607cb2cb7713c33167fc1d9726d2d6d784215d82efc930b588d85d,,A1 uses fixed scalar w and does not report candidate-vector derived metrics
Part1_RQ4/A1,A1_cplex_vs_bp,/home/peizeyu2026/smart_wolf_project/ZTT-OR/20260715 ZTT-OR/5_重构代码v2/6_数值实验/03_正式结果/Part1_RQ4/A1_cplex_vs_bp/formal_extension_20260801_211500,5x14/0.40000000000000002/909,5x14,909,,5,fixed_w scalar,0,5,,,NOT_APPLICABLE,not_applicable,none,7a80f3c3e02f11b984d1ba5c2783de3cf01693d4f040be9e64dbde8255320bd4,,A1 uses fixed scalar w and does not report candidate-vector derived metrics
Part1_RQ4/A1,A1_cplex_vs_bp,/home/peizeyu2026/smart_wolf_project/ZTT-OR/20260715 ZTT-OR/5_重构代码v2/6_数值实验/03_正式结果/Part1_RQ4/A1_cplex_vs_bp/formal_extension_20260801_211500,5x14/0.40000000000000002/202,5x14,202,,5,fixed_w scalar,0,5,,,NOT_APPLICABLE,not_applicable,none,468bc22ba5d8b0a9c93e64003733ac23f2cac1a74280f7fb51e3359f10ca1762,,A1 uses fixed scalar w and does not report candidate-vector derived metrics
Part1_RQ4/A1,A1_cplex_vs_bp,/home/peizeyu2026/smart_wolf_project/ZTT-OR/20260715 ZTT-OR/5_重构代码v2/6_数值实验/03_正式结果/Part1_RQ4/A1_cplex_vs_bp/formal_extension_20260801_211500,5x14/0.40000000000000002/1010,5x14,1010,,5,fixed_w scalar,0,5,,,NOT_APPLICABLE,not_applicable,none,26beb2c7b74d45579baebda48a9583d2e300c67e0a5af2c2e0cff37a9c5ad89d,,A1 uses fixed scalar w and does not report candidate-vector derived metrics
Part1_RQ4/A1,A1_cplex_vs_bp,/home/peizeyu2026/smart_wolf_project/ZTT-OR/20260715 ZTT-OR/5_重构代码v2/6_数值实验/03_正式结果/Part1_RQ4/A1_cplex_vs_bp/formal_extension_20260801_211500,5x14/0.40000000000000002/303,5x14,303,,5,fixed_w scalar,0,5,,,NOT_APPLICABLE,not_applicable,none,06493f49ae617b50b1d4a1f3516412890fe43a075edfb2c694c5fec6ad2e47e0,,A1 uses fixed scalar w and does not report candidate-vector derived metrics
Part1_RQ4/A1,A1_cplex_vs_bp,/home/peizeyu2026/smart_wolf_project/ZTT-OR/20260715 ZTT-OR/5_重构代码v2/6_数值实验/03_正式结果/Part1_RQ4/A1_cplex_vs_bp/formal_extension_20260801_211500,5x14/0.80000000000000004/101,5x14,101,,5,fixed_w scalar,0,5,,,NOT_APPLICABLE,not_applicable,none,db12c5348a0e1b9653a5c76a1c7b4dcf93f347b7d1f3bb45724f8736174078f5,,A1 uses fixed scalar w and does not report candidate-vector derived metrics
Part1_RQ4/A1,A1_cplex_vs_bp,/home/peizeyu2026/smart_wolf_project/ZTT-OR/20260715 ZTT-OR/5_重构代码v2/6_数值实验/03_正式结果/Part1_RQ4/A1_cplex_vs_bp/formal_extension_20260801_211500,5x14/0.80000000000000004/202,5x14,202,,5,fixed_w scalar,0,5,,,NOT_APPLICABLE,not_applicable,none,1aab0bfb78cac845998a954a7dd0d1684c197a93dd37d74ed3d53423ead1ba15,,A1 uses fixed scalar w and does not report candidate-vector derived metrics
Part1_RQ4/A1,A1_cplex_vs_bp,/home/peizeyu2026/smart_wolf_project/ZTT-OR/20260715 ZTT-OR/5_重构代码v2/6_数值实验/03_正式结果/Part1_RQ4/A1_cplex_vs_bp/formal_extension_20260801_211500,5x14/0.80000000000000004/909,5x14,909,,5,fixed_w scalar,0,5,,,NOT_APPLICABLE,not_applicable,none,d3c8724addce65c5b0a7a5a2d489adae44e22bf75de95f3f47d9c317e9a4c924,,A1 uses fixed scalar w and does not report candidate-vector derived metrics
Part1_RQ4/A1,A1_cplex_vs_bp,/home/peizeyu2026/smart_wolf_project/ZTT-OR/20260715 ZTT-OR/5_重构代码v2/6_数值实验/03_正式结果/Part1_RQ4/A1_cplex_vs_bp/formal_extension_20260801_211500,5x14/0.80000000000000004/1010,5x14,1010,,5,fixed_w scalar,0,5,,,NOT_APPLICABLE,not_applicable,none,315bf9e5c72cce12dfcea0621b0d0c32c60c1f4adc9338d5e7d25b00c189d309,,A1 uses fixed scalar w and does not report candidate-vector derived metrics
Part1_RQ4/A1,A1_cplex_vs_bp,/home/peizeyu2026/smart_wolf_project/ZTT-OR/20260715 ZTT-OR/5_重构代码v2/6_数值实验/03_正式结果/Part1_RQ4/A1_cplex_vs_bp/formal_extension_20260801_211500,5x14/0.80000000000000004/303,5x14,303,,5,fixed_w scalar,0,5,,,NOT_APPLICABLE,not_applicable,none,4b77c8ba306224cfbf4962dc4387d31e7b2653a9e3b2c45177385d01c49da376,,A1 uses fixed scalar w and does not report candidate-vector derived metrics
Part1_RQ4/A1,A1_cplex_vs_bp,/home/peizeyu2026/smart_wolf_project/ZTT-OR/20260715 ZTT-OR/5_重构代码v2/6_数值实验/03_正式结果/Part1_RQ4/A1_cplex_vs_bp/formal_extension_20260801_211500,5x14/0.80000000000000004/404,5x14,404,,5,fixed_w scalar,0,5,,,NOT_APPLICABLE,not_applicable,none,2ceed6fd0bf3a43c67acbc1a32c6cfd4b331a1e243dac31dca69c1727478c44a,,A1 uses fixed scalar w and does not report candidate-vector derived metrics
Part1_RQ4/A1,A1_cplex_vs_bp,/home/peizeyu2026/smart_wolf_project/ZTT-OR/20260715 ZTT-OR/5_重构代码v2/6_数值实验/03_正式结果/Part1_RQ4/A1_cplex_vs_bp/formal_extension_20260801_211500,5x14/0.80000000000000004/505,5x14,505,,5,fixed_w scalar,0,5,,,NOT_APPLICABLE,not_applicable,none,cf9a9dd8a317a4f311487c7026b24c09126df9618393b1bc53865cb77e634e05,,A1 uses fixed scalar w and does not report candidate-vector derived metrics
Part1_RQ4/A1,A1_cplex_vs_bp,/home/peizeyu2026/smart_wolf_project/ZTT-OR/20260715 ZTT-OR/5_重构代码v2/6_数值实验/03_正式结果/Part1_RQ4/A1_cplex_vs_bp/formal_extension_20260801_211500,5x14/0.80000000000000004/606,5x14,606,,5,fixed_w scalar,0,5,,,NOT_APPLICABLE,not_applicable,none,5eedb6691af6b59dd5b85a59562e51c4143ee8ccf0787b49b3b088ea671d6900,,A1 uses fixed scalar w and does not report candidate-vector derived metrics
Part1_RQ4/A1,A1_cplex_vs_bp,/home/peizeyu2026/smart_wolf_project/ZTT-OR/20260715 ZTT-OR/5_重构代码v2/6_数值实验/03_正式结果/Part1_RQ4/A1_cplex_vs_bp/formal_extension_20260801_211500,5x14/0.80000000000000004/707,5x14,707,,5,fixed_w scalar,0,5,,,NOT_APPLICABLE,not_applicable,none,b0cce756b75a625d2ab2c5309e93fc47ca47c8fd2bfb5b2e1c9aeddc27b740d3,,A1 uses fixed scalar w and does not report candidate-vector derived metrics
Part1_RQ4/A1,A1_cplex_vs_bp,/home/peizeyu2026/smart_wolf_project/ZTT-OR/20260715 ZTT-OR/5_重构代码v2/6_数值实验/03_正式结果/Part1_RQ4/A1_cplex_vs_bp/formal_extension_20260801_211500,5x14/0.80000000000000004/808,5x14,808,,5,fixed_w scalar,0,5,,,NOT_APPLICABLE,not_applicable,none,fec91376b90d291b99d1995fc710a43744615d0ffc3fb2bae84a21438e3af078,,A1 uses fixed scalar w and does not report candidate-vector derived metrics
Part1_RQ4/A1,A1_cplex_vs_bp,/home/peizeyu2026/smart_wolf_project/ZTT-OR/20260715 ZTT-OR/5_重构代码v2/6_数值实验/03_正式结果/Part1_RQ4/A1_cplex_vs_bp/formal_extension_20260801_211500,5x16/0.80000000000000004/707,5x16,707,,5,fixed_w scalar,0,5,,,NOT_APPLICABLE,not_applicable,none,2e9a7e956a2907216ca8ee744e960af99f5925ae214f0d4267abe51d3c33424a,,A1 uses fixed scalar w and does not report candidate-vector derived metrics
Part1_RQ4/A1,A1_cplex_vs_bp,/home/peizeyu2026/smart_wolf_project/ZTT-OR/20260715 ZTT-OR/5_重构代码v2/6_数值实验/03_正式结果/Part1_RQ4/A1_cplex_vs_bp/formal_extension_20260801_211500,5x16/0.80000000000000004/808,5x16,808,,5,fixed_w scalar,0,5,,,NOT_APPLICABLE,not_applicable,none,a0f7a4856ff0bc93c4bd953c7001610214f6f6dd9d89fc773fde4b8a6093ff8e,,A1 uses fixed scalar w and does not report candidate-vector derived metrics
Part1_RQ4/A1,A1_cplex_vs_bp,/home/peizeyu2026/smart_wolf_project/ZTT-OR/20260715 ZTT-OR/5_重构代码v2/6_数值实验/03_正式结果/Part1_RQ4/A1_cplex_vs_bp/formal_extension_20260801_211500,5x16/0.80000000000000004/101,5x16,101,,5,fixed_w scalar,0,5,,,NOT_APPLICABLE,not_applicable,none,c057f5f6a98d8d6ec992c4848973b14fbe7d108c0a312043d7e1437b134bf864,,A1 uses fixed scalar w and does not report candidate-vector derived metrics
Part1_RQ4/A1,A1_cplex_vs_bp,/home/peizeyu2026/smart_wolf_project/ZTT-OR/20260715 ZTT-OR/5_重构代码v2/6_数值实验/03_正式结果/Part1_RQ4/A1_cplex_vs_bp/formal_extension_20260801_211500,5x16/0.80000000000000004/909,5x16,909,,5,fixed_w scalar,0,5,,,NOT_APPLICABLE,not_applicable,none,c7af9425d0160b703f05519730312ded17080d765f4d5b5884d6c68b6d16e759,,A1 uses fixed scalar w and does not report candidate-vector derived metrics
Part1_RQ4/A1,A1_cplex_vs_bp,/home/peizeyu2026/smart_wolf_project/ZTT-OR/20260715 ZTT-OR/5_重构代码v2/6_数值实验/03_正式结果/Part1_RQ4/A1_cplex_vs_bp/formal_extension_20260801_211500,5x16/0.80000000000000004/202,5x16,202,,5,fixed_w scalar,0,5,,,NOT_APPLICABLE,not_applicable,none,40d599e161f51132b489367da1fce104d18c92bc8e82f313533d8d5d95d78f0b,,A1 uses fixed scalar w and does not report candidate-vector derived metrics
Part1_RQ4/A1,A1_cplex_vs_bp,/home/peizeyu2026/smart_wolf_project/ZTT-OR/20260715 ZTT-OR/5_重构代码v2/6_数值实验/03_正式结果/Part1_RQ4/A1_cplex_vs_bp/formal_extension_20260801_211500,5x16/0.80000000000000004/1010,5x16,1010,,5,fixed_w scalar,0,5,,,NOT_APPLICABLE,not_applicable,none,cce9f80bbe432f333aeee4808a9fcbc66763b3d2041da5e2e64df824da3cd432,,A1 uses fixed scalar w and does not report candidate-vector derived metrics
Part1_RQ4/A1,A1_cplex_vs_bp,/home/peizeyu2026/smart_wolf_project/ZTT-OR/20260715 ZTT-OR/5_重构代码v2/6_数值实验/03_正式结果/Part1_RQ4/A1_cplex_vs_bp/formal_extension_20260801_211500,5x16/0.80000000000000004/303,5x16,303,,5,fixed_w scalar,0,5,,,NOT_APPLICABLE,not_applicable,none,5ed3a551fcf0debc46923af272044938d2e152c8e8d36b48fdf79dbe11439820,,A1 uses fixed scalar w and does not report candidate-vector derived metrics
Part1_RQ4/A1,A1_cplex_vs_bp,/home/peizeyu2026/smart_wolf_project/ZTT-OR/20260715 ZTT-OR/5_重构代码v2/6_数值实验/03_正式结果/Part1_RQ4/A1_cplex_vs_bp/formal_extension_20260801_211500,5x16/0.80000000000000004/404,5x16,404,,5,fixed_w scalar,0,5,,,NOT_APPLICABLE,not_applicable,none,4e9dd6fc521f0cabe74b43644d6155da07b37e16c7f41a6f3947d58d1a04489d,,A1 uses fixed scalar w and does not report candidate-vector derived metrics
Part1_RQ4/A1,A1_cplex_vs_bp,/home/peizeyu2026/smart_wolf_project/ZTT-OR/20260715 ZTT-OR/5_重构代码v2/6_数值实验/03_正式结果/Part1_RQ4/A1_cplex_vs_bp/formal_extension_20260801_211500,5x16/0.80000000000000004/505,5x16,505,,5,fixed_w scalar,0,5,,,NOT_APPLICABLE,not_applicable,none,1dddce9d5085864e5960260951f7185ed53f0235578a4494d66fbc95819d32f2,,A1 uses fixed scalar w and does not report candidate-vector derived metrics
Part1_RQ4/A1,A1_cplex_vs_bp,/home/peizeyu2026/smart_wolf_project/ZTT-OR/20260715 ZTT-OR/5_重构代码v2/6_数值实验/03_正式结果/Part1_RQ4/A1_cplex_vs_bp/formal_extension_20260801_211500,5x16/0.80000000000000004/606,5x16,606,,5,fixed_w scalar,0,5,,,NOT_APPLICABLE,not_applicable,none,d33f0f220f73d5b433599b0f14fa85373f32fe8f01c9f940b2a203d086b242aa,,A1 uses fixed scalar w and does not report candidate-vector derived metrics
Part1_RQ4/A1,A1_cplex_vs_bp,/home/peizeyu2026/smart_wolf_project/ZTT-OR/20260715 ZTT-OR/5_重构代码v2/6_数值实验/03_正式结果/Part1_RQ4/A1_cplex_vs_bp/formal_extension_20260801_211500,5x16/0/505,5x16,505,,5,fixed_w scalar,0,5,,,NOT_APPLICABLE,not_applicable,none,0545e0a8d27454b0ab6c294ec4db73edb0c42951143b695fd5b762182adc92ce,,A1 uses fixed scalar w and does not report candidate-vector derived metrics
Part1_RQ4/A1,A1_cplex_vs_bp,/home/peizeyu2026/smart_wolf_project/ZTT-OR/20260715 ZTT-OR/5_重构代码v2/6_数值实验/03_正式结果/Part1_RQ4/A1_cplex_vs_bp/formal_extension_20260801_211500,5x16/0/606,5x16,606,,5,fixed_w scalar,0,5,,,NOT_APPLICABLE,not_applicable,none,8ecdc109fa660dc824aa0713dcd779c7106110f9bf0e5eee5eb5c195e349d6b6,,A1 uses fixed scalar w and does not report candidate-vector derived metrics
Part1_RQ4/A1,A1_cplex_vs_bp,/home/peizeyu2026/smart_wolf_project/ZTT-OR/20260715 ZTT-OR/5_重构代码v2/6_数值实验/03_正式结果/Part1_RQ4/A1_cplex_vs_bp/formal_extension_20260801_211500,5x16/0/707,5x16,707,,5,fixed_w scalar,0,5,,,NOT_APPLICABLE,not_applicable,none,44415bf1eb294cbd1d1e8261f4245a1c6937a7360eb41c602b37e4fa076ac317,,A1 uses fixed scalar w and does not report candidate-vector derived metrics
Part1_RQ4/A1,A1_cplex_vs_bp,/home/peizeyu2026/smart_wolf_project/ZTT-OR/20260715 ZTT-OR/5_重构代码v2/6_数值实验/03_正式结果/Part1_RQ4/A1_cplex_vs_bp/formal_extension_20260801_211500,5x16/0/808,5x16,808,,5,fixed_w scalar,0,5,,,NOT_APPLICABLE,not_applicable,none,113009527f5e63b9afc97db73040e04446ee3124b81aa8640b8796bc0bb62df3,,A1 uses fixed scalar w and does not report candidate-vector derived metrics
Part1_RQ4/A1,A1_cplex_vs_bp,/home/peizeyu2026/smart_wolf_project/ZTT-OR/20260715 ZTT-OR/5_重构代码v2/6_数值实验/03_正式结果/Part1_RQ4/A1_cplex_vs_bp/formal_extension_20260801_211500,5x16/0/101,5x16,101,,5,fixed_w scalar,0,5,,,NOT_APPLICABLE,not_applicable,none,87eb8b3fa88f3ddd40e34a07f6788badfa4ac4b04498f5b6d0bf79fcdef734c9,,A1 uses fixed scalar w and does not report candidate-vector derived metrics
Part1_RQ4/A1,A1_cplex_vs_bp,/home/peizeyu2026/smart_wolf_project/ZTT-OR/20260715 ZTT-OR/5_重构代码v2/6_数值实验/03_正式结果/Part1_RQ4/A1_cplex_vs_bp/formal_extension_20260801_211500,5x16/0/909,5x16,909,,5,fixed_w scalar,0,5,,,NOT_APPLICABLE,not_applicable,none,77bab54b6df935fa4a11e015b3e785f15c4290003f0bce09606576821fc28f13,,A1 uses fixed scalar w and does not report candidate-vector derived metrics
Part1_RQ4/A1,A1_cplex_vs_bp,/home/peizeyu2026/smart_wolf_project/ZTT-OR/20260715 ZTT-OR/5_重构代码v2/6_数值实验/03_正式结果/Part1_RQ4/A1_cplex_vs_bp/formal_extension_20260801_211500,5x16/0/202,5x16,202,,5,fixed_w scalar,0,5,,,NOT_APPLICABLE,not_applicable,none,2fbdd3dae232a25bf83c770b5752e498091739bd9678ff0863636df2bef79f0f,,A1 uses fixed scalar w and does not report candidate-vector derived metrics
Part1_RQ4/A1,A1_cplex_vs_bp,/home/peizeyu2026/smart_wolf_project/ZTT-OR/20260715 ZTT-OR/5_重构代码v2/6_数值实验/03_正式结果/Part1_RQ4/A1_cplex_vs_bp/formal_extension_20260801_211500,5x16/0/1010,5x16,1010,,5,fixed_w scalar,0,5,,,NOT_APPLICABLE,not_applicable,none,83386a3d118176452c0854d0e2f0e2edd6fe46694110dd5a02aaa0b3ab2a86f8,,A1 uses fixed scalar w and does not report candidate-vector derived metrics
Part1_RQ4/A1,A1_cplex_vs_bp,/home/peizeyu2026/smart_wolf_project/ZTT-OR/20260715 ZTT-OR/5_重构代码v2/6_数值实验/03_正式结果/Part1_RQ4/A1_cplex_vs_bp/formal_extension_20260801_211500,5x16/0/303,5x16,303,,5,fixed_w scalar,0,5,,,NOT_APPLICABLE,not_applicable,none,a2de364f1faca73ad33aee2fef68121672a28606cbdc064c78a5fee59e19b5f7,,A1 uses fixed scalar w and does not report candidate-vector derived metrics
Part1_RQ4/A1,A1_cplex_vs_bp,/home/peizeyu2026/smart_wolf_project/ZTT-OR/20260715 ZTT-OR/5_重构代码v2/6_数值实验/03_正式结果/Part1_RQ4/A1_cplex_vs_bp/formal_extension_20260801_211500,5x16/0/404,5x16,404,,5,fixed_w scalar,0,5,,,NOT_APPLICABLE,not_applicable,none,5762280bc8f6d3940e427b856a7afc2403ead8eb4434d0d82ccaf05ad20d8fec,,A1 uses fixed scalar w and does not report candidate-vector derived metrics
Part1_RQ4/A1,A1_cplex_vs_bp,/home/peizeyu2026/smart_wolf_project/ZTT-OR/20260715 ZTT-OR/5_重构代码v2/6_数值实验/03_正式结果/Part1_RQ4/A1_cplex_vs_bp/formal_extension_20260801_211500,5x16/0.40000000000000002/202,5x16,202,,5,fixed_w scalar,0,5,,,NOT_APPLICABLE,not_applicable,none,d17a52342eebc9266bdf27ccbac7d5ff0178bfb27903ad2f49e615897b296ae4,,A1 uses fixed scalar w and does not report candidate-vector derived metrics
Part1_RQ4/A1,A1_cplex_vs_bp,/home/peizeyu2026/smart_wolf_project/ZTT-OR/20260715 ZTT-OR/5_重构代码v2/6_数值实验/03_正式结果/Part1_RQ4/A1_cplex_vs_bp/formal_extension_20260801_211500,5x16/0.40000000000000002/303,5x16,303,,5,fixed_w scalar,0,5,,,NOT_APPLICABLE,not_applicable,none,3b31fc0d07ec7c507ccdd4d647a96111a7c35689fbf08d3914b3a7b41530ade1,,A1 uses fixed scalar w and does not report candidate-vector derived metrics
Part1_RQ4/A1,A1_cplex_vs_bp,/home/peizeyu2026/smart_wolf_project/ZTT-OR/20260715 ZTT-OR/5_重构代码v2/6_数值实验/03_正式结果/Part1_RQ4/A1_cplex_vs_bp/formal_extension_20260801_211500,5x16/0.40000000000000002/1010,5x16,1010,,5,fixed_w scalar,0,5,,,NOT_APPLICABLE,not_applicable,none,7dbb2d35a55a3a73edf3de429af0ef55515e220cce1fea8c2efa31ae72d0bb4a,,A1 uses fixed scalar w and does not report candidate-vector derived metrics
Part1_RQ4/A1,A1_cplex_vs_bp,/home/peizeyu2026/smart_wolf_project/ZTT-OR/20260715 ZTT-OR/5_重构代码v2/6_数值实验/03_正式结果/Part1_RQ4/A1_cplex_vs_bp/formal_extension_20260801_211500,5x16/0.40000000000000002/404,5x16,404,,5,fixed_w scalar,0,5,,,NOT_APPLICABLE,not_applicable,none,33b0f24cc551d51393875168074f176f3a7291fc2a19ea6ec47009215c067775,,A1 uses fixed scalar w and does not report candidate-vector derived metrics
Part1_RQ4/A1,A1_cplex_vs_bp,/home/peizeyu2026/smart_wolf_project/ZTT-OR/20260715 ZTT-OR/5_重构代码v2/6_数值实验/03_正式结果/Part1_RQ4/A1_cplex_vs_bp/formal_extension_20260801_211500,5x16/0.40000000000000002/505,5x16,505,,5,fixed_w scalar,0,5,,,NOT_APPLICABLE,not_applicable,none,02f630a2442b69374fbbd2a5cec7ec0db06979063fba89d764295513be1f1042,,A1 uses fixed scalar w and does not report candidate-vector derived metrics
Part1_RQ4/A1,A1_cplex_vs_bp,/home/peizeyu2026/smart_wolf_project/ZTT-OR/20260715 ZTT-OR/5_重构代码v2/6_数值实验/03_正式结果/Part1_RQ4/A1_cplex_vs_bp/formal_extension_20260801_211500,5x16/0.40000000000000002/606,5x16,606,,5,fixed_w scalar,0,5,,,NOT_APPLICABLE,not_applicable,none,5bbdf0e216dddd51dedabcdbcdc70b144a31fedcc0b1ed4ec493a6462472185b,,A1 uses fixed scalar w and does not report candidate-vector derived metrics
Part1_RQ4/A1,A1_cplex_vs_bp,/home/peizeyu2026/smart_wolf_project/ZTT-OR/20260715 ZTT-OR/5_重构代码v2/6_数值实验/03_正式结果/Part1_RQ4/A1_cplex_vs_bp/formal_extension_20260801_211500,5x16/0.40000000000000002/707,5x16,707,,5,fixed_w scalar,0,5,,,NOT_APPLICABLE,not_applicable,none,9550292b9505c8c304c97c44a62e93c2ed8dfd68d12de3d187513255f179a3d9,,A1 uses fixed scalar w and does not report candidate-vector derived metrics
Part1_RQ4/A1,A1_cplex_vs_bp,/home/peizeyu2026/smart_wolf_project/ZTT-OR/20260715 ZTT-OR/5_重构代码v2/6_数值实验/03_正式结果/Part1_RQ4/A1_cplex_vs_bp/formal_extension_20260801_211500,5x16/0.40000000000000002/808,5x16,808,,5,fixed_w scalar,0,5,,,NOT_APPLICABLE,not_applicable,none,a9e2931dd241c522848e44bbb07183ed6c58482ea96207feb762c808ee376819,,A1 uses fixed scalar w and does not report candidate-vector derived metrics
Part1_RQ4/A1,A1_cplex_vs_bp,/home/peizeyu2026/smart_wolf_project/ZTT-OR/20260715 ZTT-OR/5_重构代码v2/6_数值实验/03_正式结果/Part1_RQ4/A1_cplex_vs_bp/formal_extension_20260801_211500,5x16/0.40000000000000002/101,5x16,101,,5,fixed_w scalar,0,5,,,NOT_APPLICABLE,not_applicable,none,291affd789b3ac16c22dd55fce76e855493d38d5ffc4e45d54355add03922679,,A1 uses fixed scalar w and does not report candidate-vector derived metrics
Part1_RQ4/A1,A1_cplex_vs_bp,/home/peizeyu2026/smart_wolf_project/ZTT-OR/20260715 ZTT-OR/5_重构代码v2/6_数值实验/03_正式结果/Part1_RQ4/A1_cplex_vs_bp/formal_extension_20260801_211500,5x16/0.40000000000000002/909,5x16,909,,5,fixed_w scalar,0,5,,,NOT_APPLICABLE,not_applicable,none,b9d75beee2e0aa2b6cdfd155d340549a1d2842f46f99ebb05be285d1b107c64a,,A1 uses fixed scalar w and does not report candidate-vector derived metrics
Part1_RQ4/A1,A1_cplex_vs_bp,/home/peizeyu2026/smart_wolf_project/ZTT-OR/20260715 ZTT-OR/5_重构代码v2/6_数值实验/03_正式结果/Part1_RQ4/A1_cplex_vs_bp/formal_extension_20260801_211500,5x18/0.40000000000000002/101,5x18,101,,5,fixed_w scalar,0,5,,,NOT_APPLICABLE,not_applicable,none,e2be52d9c7aa8c84acbf552f6068156310a2f01804099600a057c176c710649a,,A1 uses fixed scalar w and does not report candidate-vector derived metrics
Part1_RQ4/A1,A1_cplex_vs_bp,/home/peizeyu2026/smart_wolf_project/ZTT-OR/20260715 ZTT-OR/5_重构代码v2/6_数值实验/03_正式结果/Part1_RQ4/A1_cplex_vs_bp/formal_extension_20260801_211500,5x18/0.40000000000000002/808,5x18,808,,5,fixed_w scalar,0,5,,,NOT_APPLICABLE,not_applicable,none,565d755d2f752fa428d6edd2d01722c180b3fbc4d94198092e5dcda2fc630b8d,,A1 uses fixed scalar w and does not report candidate-vector derived metrics
Part1_RQ4/A1,A1_cplex_vs_bp,/home/peizeyu2026/smart_wolf_project/ZTT-OR/20260715 ZTT-OR/5_重构代码v2/6_数值实验/03_正式结果/Part1_RQ4/A1_cplex_vs_bp/formal_extension_20260801_211500,5x18/0.40000000000000002/909,5x18,909,,5,fixed_w scalar,0,5,,,NOT_APPLICABLE,not_applicable,none,288dd635665e6938bd6fdf676e0ecb40d02a94da528f782b8ce1c25ee87c7cda,,A1 uses fixed scalar w and does not report candidate-vector derived metrics
Part1_RQ4/A1,A1_cplex_vs_bp,/home/peizeyu2026/smart_wolf_project/ZTT-OR/20260715 ZTT-OR/5_重构代码v2/6_数值实验/03_正式结果/Part1_RQ4/A1_cplex_vs_bp/formal_extension_20260801_211500,5x18/0.40000000000000002/202,5x18,202,,5,fixed_w scalar,0,5,,,NOT_APPLICABLE,not_applicable,none,c879a3d5933c0facedd80ee494b032cc01298f2189604a853991a0593c4fcbaf,,A1 uses fixed scalar w and does not report candidate-vector derived metrics
Part1_RQ4/A1,A1_cplex_vs_bp,/home/peizeyu2026/smart_wolf_project/ZTT-OR/20260715 ZTT-OR/5_重构代码v2/6_数值实验/03_正式结果/Part1_RQ4/A1_cplex_vs_bp/formal_extension_20260801_211500,5x18/0.40000000000000002/1010,5x18,1010,,5,fixed_w scalar,0,5,,,NOT_APPLICABLE,not_applicable,none,bd0e9bf3e0a768d18fdb3725f1a7cae062215175ea24f17a01810f1782b1780f,,A1 uses fixed scalar w and does not report candidate-vector derived metrics
Part1_RQ4/A1,A1_cplex_vs_bp,/home/peizeyu2026/smart_wolf_project/ZTT-OR/20260715 ZTT-OR/5_重构代码v2/6_数值实验/03_正式结果/Part1_RQ4/A1_cplex_vs_bp/formal_extension_20260801_211500,5x18/0.40000000000000002/303,5x18,303,,5,fixed_w scalar,0,5,,,NOT_APPLICABLE,not_applicable,none,1fdad420a7069a293a7d8c0f5ceff23fb80c144dfbcfac42395e2a9414fe0a06,,A1 uses fixed scalar w and does not report candidate-vector derived metrics
Part1_RQ4/A1,A1_cplex_vs_bp,/home/peizeyu2026/smart_wolf_project/ZTT-OR/20260715 ZTT-OR/5_重构代码v2/6_数值实验/03_正式结果/Part1_RQ4/A1_cplex_vs_bp/formal_extension_20260801_211500,5x18/0.40000000000000002/404,5x18,404,,5,fixed_w scalar,0,5,,,NOT_APPLICABLE,not_applicable,none,5d28bd47821e5f54ff26b3acdde2ecf87bcabc3f7d058ddbf0a85929bc2abda9,,A1 uses fixed scalar w and does not report candidate-vector derived metrics
Part1_RQ4/A1,A1_cplex_vs_bp,/home/peizeyu2026/smart_wolf_project/ZTT-OR/20260715 ZTT-OR/5_重构代码v2/6_数值实验/03_正式结果/Part1_RQ4/A1_cplex_vs_bp/formal_extension_20260801_211500,5x18/0.40000000000000002/505,5x18,505,,5,fixed_w scalar,0,5,,,NOT_APPLICABLE,not_applicable,none,e26d8468e8761e519476efd92891a674fb6d55dc7b05ac30621cc4659abdf2cd,,A1 uses fixed scalar w and does not report candidate-vector derived metrics
Part1_RQ4/A1,A1_cplex_vs_bp,/home/peizeyu2026/smart_wolf_project/ZTT-OR/20260715 ZTT-OR/5_重构代码v2/6_数值实验/03_正式结果/Part1_RQ4/A1_cplex_vs_bp/formal_extension_20260801_211500,5x18/0.40000000000000002/606,5x18,606,,5,fixed_w scalar,0,5,,,NOT_APPLICABLE,not_applicable,none,e33dd177baba4d0e48f7b178ffdae6f1a69872cfae927c0198342519946814db,,A1 uses fixed scalar w and does not report candidate-vector derived metrics
Part1_RQ4/A1,A1_cplex_vs_bp,/home/peizeyu2026/smart_wolf_project/ZTT-OR/20260715 ZTT-OR/5_重构代码v2/6_数值实验/03_正式结果/Part1_RQ4/A1_cplex_vs_bp/formal_extension_20260801_211500,5x18/0.40000000000000002/707,5x18,707,,5,fixed_w scalar,0,5,,,NOT_APPLICABLE,not_applicable,none,036f3ba842705285d2f2202b67453a46ffbbd1054343e867518c6922d0f7cfa8,,A1 uses fixed scalar w and does not report candidate-vector derived metrics
Part1_RQ4/A1,A1_cplex_vs_bp,/home/peizeyu2026/smart_wolf_project/ZTT-OR/20260715 ZTT-OR/5_重构代码v2/6_数值实验/03_正式结果/Part1_RQ4/A1_cplex_vs_bp/formal_extension_20260801_211500,5x18/0.80000000000000004/505,5x18,505,,5,fixed_w scalar,0,5,,,NOT_APPLICABLE,not_applicable,none,b4d6533228682cf35eeac704301ae8cc83202ddf31262a9c388452e6c3ba0d50,,A1 uses fixed scalar w and does not report candidate-vector derived metrics
Part1_RQ4/A1,A1_cplex_vs_bp,/home/peizeyu2026/smart_wolf_project/ZTT-OR/20260715 ZTT-OR/5_重构代码v2/6_数值实验/03_正式结果/Part1_RQ4/A1_cplex_vs_bp/formal_extension_20260801_211500,5x18/0.80000000000000004/606,5x18,606,,5,fixed_w scalar,0,5,,,NOT_APPLICABLE,not_applicable,none,197b4754e9de537f17093211f92c7cd92f9dc457f9780d803970da06c9ae9c6c,,A1 uses fixed scalar w and does not report candidate-vector derived metrics
Part1_RQ4/A1,A1_cplex_vs_bp,/home/peizeyu2026/smart_wolf_project/ZTT-OR/20260715 ZTT-OR/5_重构代码v2/6_数值实验/03_正式结果/Part1_RQ4/A1_cplex_vs_bp/formal_extension_20260801_211500,5x18/0.80000000000000004/707,5x18,707,,5,fixed_w scalar,0,5,,,NOT_APPLICABLE,not_applicable,none,2ad69572ce2f08b4521fc5b19589f428585f057eab69a0a40dc70d7ab86a164c,,A1 uses fixed scalar w and does not report candidate-vector derived metrics
Part1_RQ4/A1,A1_cplex_vs_bp,/home/peizeyu2026/smart_wolf_project/ZTT-OR/20260715 ZTT-OR/5_重构代码v2/6_数值实验/03_正式结果/Part1_RQ4/A1_cplex_vs_bp/formal_extension_20260801_211500,5x18/0.80000000000000004/808,5x18,808,,5,fixed_w scalar,0,5,,,NOT_APPLICABLE,not_applicable,none,4334a7d0a9957bca6d0120e8acc35614bd90c077faa7bcd7e31ecd93049ace6d,,A1 uses fixed scalar w and does not report candidate-vector derived metrics
Part1_RQ4/A1,A1_cplex_vs_bp,/home/peizeyu2026/smart_wolf_project/ZTT-OR/20260715 ZTT-OR/5_重构代码v2/6_数值实验/03_正式结果/Part1_RQ4/A1_cplex_vs_bp/formal_extension_20260801_211500,5x18/0.80000000000000004/101,5x18,101,,5,fixed_w scalar,0,5,,,NOT_APPLICABLE,not_applicable,none,33d9776e61a20647f4338297e3c378e0d81f8b279786c72d58ef7fd3b2259734,,A1 uses fixed scalar w and does not report candidate-vector derived metrics
Part1_RQ4/A1,A1_cplex_vs_bp,/home/peizeyu2026/smart_wolf_project/ZTT-OR/20260715 ZTT-OR/5_重构代码v2/6_数值实验/03_正式结果/Part1_RQ4/A1_cplex_vs_bp/formal_extension_20260801_211500,5x18/0.80000000000000004/909,5x18,909,,5,fixed_w scalar,0,5,,,NOT_APPLICABLE,not_applicable,none,eb043cef1999c0af011ef099b1d28cbbc5bced4c2d768d78b879392eb3bb85d8,,A1 uses fixed scalar w and does not report candidate-vector derived metrics
Part1_RQ4/A1,A1_cplex_vs_bp,/home/peizeyu2026/smart_wolf_project/ZTT-OR/20260715 ZTT-OR/5_重构代码v2/6_数值实验/03_正式结果/Part1_RQ4/A1_cplex_vs_bp/formal_extension_20260801_211500,5x18/0.80000000000000004/202,5x18,202,,5,fixed_w scalar,0,5,,,NOT_APPLICABLE,not_applicable,none,3634bb4d50afc3be76a02bf0fa9d158ad6689497ced483db191a7fecac3a7b8e,,A1 uses fixed scalar w and does not report candidate-vector derived metrics
Part1_RQ4/A1,A1_cplex_vs_bp,/home/peizeyu2026/smart_wolf_project/ZTT-OR/20260715 ZTT-OR/5_重构代码v2/6_数值实验/03_正式结果/Part1_RQ4/A1_cplex_vs_bp/formal_extension_20260801_211500,5x18/0.80000000000000004/1010,5x18,1010,,5,fixed_w scalar,0,5,,,NOT_APPLICABLE,not_applicable,none,3009c420d1efbd5af0acc6842afe370e684080d1cc2ecb2ea9d182417659fd11,,A1 uses fixed scalar w and does not report candidate-vector derived metrics
Part1_RQ4/A1,A1_cplex_vs_bp,/home/peizeyu2026/smart_wolf_project/ZTT-OR/20260715 ZTT-OR/5_重构代码v2/6_数值实验/03_正式结果/Part1_RQ4/A1_cplex_vs_bp/formal_extension_20260801_211500,5x18/0.80000000000000004/303,5x18,303,,5,fixed_w scalar,0,5,,,NOT_APPLICABLE,not_applicable,none,3c7acbfadd377cf9b53ad00e94610117e6cef6dcc0f9a5c595911106ca0b3865,,A1 uses fixed scalar w and does not report candidate-vector derived metrics
Part1_RQ4/A1,A1_cplex_vs_bp,/home/peizeyu2026/smart_wolf_project/ZTT-OR/20260715 ZTT-OR/5_重构代码v2/6_数值实验/03_正式结果/Part1_RQ4/A1_cplex_vs_bp/formal_extension_20260801_211500,5x18/0.80000000000000004/404,5x18,404,,5,fixed_w scalar,0,5,,,NOT_APPLICABLE,not_applicable,none,e953e750aaea3646f4ce4c36cfa2270c381afca7a663cb61b96efe618b908ce7,,A1 uses fixed scalar w and does not report candidate-vector derived metrics
Part1_RQ4/A1,A1_cplex_vs_bp,/home/peizeyu2026/smart_wolf_project/ZTT-OR/20260715 ZTT-OR/5_重构代码v2/6_数值实验/03_正式结果/Part1_RQ4/A1_cplex_vs_bp/formal_extension_20260801_211500,5x18/0/303,5x18,303,,5,fixed_w scalar,0,5,,,NOT_APPLICABLE,not_applicable,none,aa3ea2ab613682e627f1ae6fb49851783f17ac55bf108b4c7556eb6b6a4e39fe,,A1 uses fixed scalar w and does not report candidate-vector derived metrics
Part1_RQ4/A1,A1_cplex_vs_bp,/home/peizeyu2026/smart_wolf_project/ZTT-OR/20260715 ZTT-OR/5_重构代码v2/6_数值实验/03_正式结果/Part1_RQ4/A1_cplex_vs_bp/formal_extension_20260801_211500,5x18/0/404,5x18,404,,5,fixed_w scalar,0,5,,,NOT_APPLICABLE,not_applicable,none,0ce246bc56419ecdc1cdfd423acfff5a747b12f394f42fea377462125cbccd66,,A1 uses fixed scalar w and does not report candidate-vector derived metrics
Part1_RQ4/A1,A1_cplex_vs_bp,/home/peizeyu2026/smart_wolf_project/ZTT-OR/20260715 ZTT-OR/5_重构代码v2/6_数值实验/03_正式结果/Part1_RQ4/A1_cplex_vs_bp/formal_extension_20260801_211500,5x18/0/505,5x18,505,,5,fixed_w scalar,0,5,,,NOT_APPLICABLE,not_applicable,none,54b7a624449a344a4ed6c314a4c393812047cf9a7477f9ba588608da34a989fd,,A1 uses fixed scalar w and does not report candidate-vector derived metrics
Part1_RQ4/A1,A1_cplex_vs_bp,/home/peizeyu2026/smart_wolf_project/ZTT-OR/20260715 ZTT-OR/5_重构代码v2/6_数值实验/03_正式结果/Part1_RQ4/A1_cplex_vs_bp/formal_extension_20260801_211500,5x18/0/606,5x18,606,,5,fixed_w scalar,0,5,,,NOT_APPLICABLE,not_applicable,none,dd4365cd679145a19096e1595e8221f7ef588e4457b60195629b8682799590e9,,A1 uses fixed scalar w and does not report candidate-vector derived metrics
Part1_RQ4/A1,A1_cplex_vs_bp,/home/peizeyu2026/smart_wolf_project/ZTT-OR/20260715 ZTT-OR/5_重构代码v2/6_数值实验/03_正式结果/Part1_RQ4/A1_cplex_vs_bp/formal_extension_20260801_211500,5x18/0/707,5x18,707,,5,fixed_w scalar,0,5,,,NOT_APPLICABLE,not_applicable,none,f4fbeeb8e54b237fde78028a2d327d9bc034693568bcda705b33ba4477baa38b,,A1 uses fixed scalar w and does not report candidate-vector derived metrics
Part1_RQ4/A1,A1_cplex_vs_bp,/home/peizeyu2026/smart_wolf_project/ZTT-OR/20260715 ZTT-OR/5_重构代码v2/6_数值实验/03_正式结果/Part1_RQ4/A1_cplex_vs_bp/formal_extension_20260801_211500,5x18/0/808,5x18,808,,5,fixed_w scalar,0,5,,,NOT_APPLICABLE,not_applicable,none,ad06acf61d5de57470f5998c48a45ba7c3df29b596ea66ce65709ac286167d33,,A1 uses fixed scalar w and does not report candidate-vector derived metrics
Part1_RQ4/A1,A1_cplex_vs_bp,/home/peizeyu2026/smart_wolf_project/ZTT-OR/20260715 ZTT-OR/5_重构代码v2/6_数值实验/03_正式结果/Part1_RQ4/A1_cplex_vs_bp/formal_extension_20260801_211500,5x18/0/101,5x18,101,,5,fixed_w scalar,0,5,,,NOT_APPLICABLE,not_applicable,none,74276e0041d6b631c8260119e32c834092755b09295212b4c63c31662a72893b,,A1 uses fixed scalar w and does not report candidate-vector derived metrics
Part1_RQ4/A1,A1_cplex_vs_bp,/home/peizeyu2026/smart_wolf_project/ZTT-OR/20260715 ZTT-OR/5_重构代码v2/6_数值实验/03_正式结果/Part1_RQ4/A1_cplex_vs_bp/formal_extension_20260801_211500,5x18/0/909,5x18,909,,5,fixed_w scalar,0,5,,,NOT_APPLICABLE,not_applicable,none,4816fd90f332047071f454ce8a2ba20e9e782165cd1bfca2854f3e742f263522,,A1 uses fixed scalar w and does not report candidate-vector derived metrics
Part1_RQ4/A1,A1_cplex_vs_bp,/home/peizeyu2026/smart_wolf_project/ZTT-OR/20260715 ZTT-OR/5_重构代码v2/6_数值实验/03_正式结果/Part1_RQ4/A1_cplex_vs_bp/formal_extension_20260801_211500,5x18/0/202,5x18,202,,5,fixed_w scalar,0,5,,,NOT_APPLICABLE,not_applicable,none,ea37793355a3618692a675d54e8ca39824e111ec7d923c5032abf7051b7eb656,,A1 uses fixed scalar w and does not report candidate-vector derived metrics
Part1_RQ4/A1,A1_cplex_vs_bp,/home/peizeyu2026/smart_wolf_project/ZTT-OR/20260715 ZTT-OR/5_重构代码v2/6_数值实验/03_正式结果/Part1_RQ4/A1_cplex_vs_bp/formal_extension_20260801_211500,5x18/0/1010,5x18,1010,,5,fixed_w scalar,0,5,,,NOT_APPLICABLE,not_applicable,none,b73f124e53c9558aa73481ad3d810371c4dc5594eafd613174c630258754d4d8,,A1 uses fixed scalar w and does not report candidate-vector derived metrics
Part1_RQ4/A1,A1_cplex_vs_bp,/home/peizeyu2026/smart_wolf_project/ZTT-OR/20260715 ZTT-OR/5_重构代码v2/6_数值实验/03_正式结果/Part1_RQ4/A1_cplex_vs_bp/formal_retimed_90pairs_20260801_204000,3x5/0/707,3x5,707,,3,fixed_w scalar,0,3,,,NOT_APPLICABLE,not_applicable,none,5697f79b308760ebf09a965fa931803581e53648fd077eb47268702a8127dd80,,A1 uses fixed scalar w and does not report candidate-vector derived metrics
Part1_RQ4/A1,A1_cplex_vs_bp,/home/peizeyu2026/smart_wolf_project/ZTT-OR/20260715 ZTT-OR/5_重构代码v2/6_数值实验/03_正式结果/Part1_RQ4/A1_cplex_vs_bp/formal_retimed_90pairs_20260801_204000,3x5/0/808,3x5,808,,3,fixed_w scalar,0,3,,,NOT_APPLICABLE,not_applicable,none,ad77aca5effb6fbb5a87b33787483fadb13ed347714fe8fa78858063c431fa04,,A1 uses fixed scalar w and does not report candidate-vector derived metrics
Part1_RQ4/A1,A1_cplex_vs_bp,/home/peizeyu2026/smart_wolf_project/ZTT-OR/20260715 ZTT-OR/5_重构代码v2/6_数值实验/03_正式结果/Part1_RQ4/A1_cplex_vs_bp/formal_retimed_90pairs_20260801_204000,3x5/0/101,3x5,101,,3,fixed_w scalar,0,3,,,NOT_APPLICABLE,not_applicable,none,1ff7c5c61013066d15a6391e72f0dada33eb9bc18caf73cc80bf64b36756650a,,A1 uses fixed scalar w and does not report candidate-vector derived metrics
Part1_RQ4/A1,A1_cplex_vs_bp,/home/peizeyu2026/smart_wolf_project/ZTT-OR/20260715 ZTT-OR/5_重构代码v2/6_数值实验/03_正式结果/Part1_RQ4/A1_cplex_vs_bp/formal_retimed_90pairs_20260801_204000,3x5/0/909,3x5,909,,3,fixed_w scalar,0,3,,,NOT_APPLICABLE,not_applicable,none,3eec6aecd2c56514e352d75c3964764e8d0f4cf332e3426e5357f8a3be78ffcd,,A1 uses fixed scalar w and does not report candidate-vector derived metrics
Part1_RQ4/A1,A1_cplex_vs_bp,/home/peizeyu2026/smart_wolf_project/ZTT-OR/20260715 ZTT-OR/5_重构代码v2/6_数值实验/03_正式结果/Part1_RQ4/A1_cplex_vs_bp/formal_retimed_90pairs_20260801_204000,3x5/0/202,3x5,202,,3,fixed_w scalar,0,3,,,NOT_APPLICABLE,not_applicable,none,7ab07bdc91c5ca7201a1f437d366207c9e52076f77a498cca00b05917d8d2849,,A1 uses fixed scalar w and does not report candidate-vector derived metrics
Part1_RQ4/A1,A1_cplex_vs_bp,/home/peizeyu2026/smart_wolf_project/ZTT-OR/20260715 ZTT-OR/5_重构代码v2/6_数值实验/03_正式结果/Part1_RQ4/A1_cplex_vs_bp/formal_retimed_90pairs_20260801_204000,3x5/0/1010,3x5,1010,,3,fixed_w scalar,0,3,,,NOT_APPLICABLE,not_applicable,none,fe113469f71269c424642216d748bb2bd71e4f88805caa61320bb0fa2fc34ee4,,A1 uses fixed scalar w and does not report candidate-vector derived metrics
Part1_RQ4/A1,A1_cplex_vs_bp,/home/peizeyu2026/smart_wolf_project/ZTT-OR/20260715 ZTT-OR/5_重构代码v2/6_数值实验/03_正式结果/Part1_RQ4/A1_cplex_vs_bp/formal_retimed_90pairs_20260801_204000,3x5/0/303,3x5,303,,3,fixed_w scalar,0,3,,,NOT_APPLICABLE,not_applicable,none,5e29bae5246e5d3b12e0c5646cabaa20ef2ffc98359f934243572887684761c3,,A1 uses fixed scalar w and does not report candidate-vector derived metrics
Part1_RQ4/A1,A1_cplex_vs_bp,/home/peizeyu2026/smart_wolf_project/ZTT-OR/20260715 ZTT-OR/5_重构代码v2/6_数值实验/03_正式结果/Part1_RQ4/A1_cplex_vs_bp/formal_retimed_90pairs_20260801_204000,3x5/0/404,3x5,404,,3,fixed_w scalar,0,3,,,NOT_APPLICABLE,not_applicable,none,e3518d82e375471786688061b7a3cca43ea8612c44415141696ebade6042ece2,,A1 uses fixed scalar w and does not report candidate-vector derived metrics
Part1_RQ4/A1,A1_cplex_vs_bp,/home/peizeyu2026/smart_wolf_project/ZTT-OR/20260715 ZTT-OR/5_重构代码v2/6_数值实验/03_正式结果/Part1_RQ4/A1_cplex_vs_bp/formal_retimed_90pairs_20260801_204000,3x5/0/505,3x5,505,,3,fixed_w scalar,0,3,,,NOT_APPLICABLE,not_applicable,none,917b3db906eff864aa8e6f157591c2da46e208bdffe314b2c47fb9d3d061983b,,A1 uses fixed scalar w and does not report candidate-vector derived metrics
Part1_RQ4/A1,A1_cplex_vs_bp,/home/peizeyu2026/smart_wolf_project/ZTT-OR/20260715 ZTT-OR/5_重构代码v2/6_数值实验/03_正式结果/Part1_RQ4/A1_cplex_vs_bp/formal_retimed_90pairs_20260801_204000,3x5/0/606,3x5,606,,3,fixed_w scalar,0,3,,,NOT_APPLICABLE,not_applicable,none,b7cfdb049ecb736f43799e23eb6974b03365852bc6727da4ce37fac4e20799c4,,A1 uses fixed scalar w and does not report candidate-vector derived metrics
Part1_RQ4/A1,A1_cplex_vs_bp,/home/peizeyu2026/smart_wolf_project/ZTT-OR/20260715 ZTT-OR/5_重构代码v2/6_数值实验/03_正式结果/Part1_RQ4/A1_cplex_vs_bp/formal_retimed_90pairs_20260801_204000,3x5/0.40000000000000002/404,3x5,404,,3,fixed_w scalar,0,3,,,NOT_APPLICABLE,not_applicable,none,4abc771e965dbe6f0db3c742ac45717fbfbff3de93a6829371251120a8e4e21a,,A1 uses fixed scalar w and does not report candidate-vector derived metrics
Part1_RQ4/A1,A1_cplex_vs_bp,/home/peizeyu2026/smart_wolf_project/ZTT-OR/20260715 ZTT-OR/5_重构代码v2/6_数值实验/03_正式结果/Part1_RQ4/A1_cplex_vs_bp/formal_retimed_90pairs_20260801_204000,3x5/0.40000000000000002/505,3x5,505,,3,fixed_w scalar,0,3,,,NOT_APPLICABLE,not_applicable,none,997d7736573c78d6cccbdf4a1b971f98d067cc3414c72b97b519cce1365694b2,,A1 uses fixed scalar w and does not report candidate-vector derived metrics
Part1_RQ4/A1,A1_cplex_vs_bp,/home/peizeyu2026/smart_wolf_project/ZTT-OR/20260715 ZTT-OR/5_重构代码v2/6_数值实验/03_正式结果/Part1_RQ4/A1_cplex_vs_bp/formal_retimed_90pairs_20260801_204000,3x5/0.40000000000000002/606,3x5,606,,3,fixed_w scalar,0,3,,,NOT_APPLICABLE,not_applicable,none,b59306dc61c933973cd3da3132df026d1512a420a03935eed194cff79eda1408,,A1 uses fixed scalar w and does not report candidate-vector derived metrics
Part1_RQ4/A1,A1_cplex_vs_bp,/home/peizeyu2026/smart_wolf_project/ZTT-OR/20260715 ZTT-OR/5_重构代码v2/6_数值实验/03_正式结果/Part1_RQ4/A1_cplex_vs_bp/formal_retimed_90pairs_20260801_204000,3x5/0.40000000000000002/707,3x5,707,,3,fixed_w scalar,0,3,,,NOT_APPLICABLE,not_applicable,none,057b040edb32a9a97e291bfbdb654097df813882dcd281f83c8e0b0c49753d02,,A1 uses fixed scalar w and does not report candidate-vector derived metrics
Part1_RQ4/A1,A1_cplex_vs_bp,/home/peizeyu2026/smart_wolf_project/ZTT-OR/20260715 ZTT-OR/5_重构代码v2/6_数值实验/03_正式结果/Part1_RQ4/A1_cplex_vs_bp/formal_retimed_90pairs_20260801_204000,3x5/0.40000000000000002/808,3x5,808,,3,fixed_w scalar,0,3,,,NOT_APPLICABLE,not_applicable,none,3d3f20e7b871acad74d890714f50be642671de17500439e46eca41d2ad6ddb56,,A1 uses fixed scalar w and does not report candidate-vector derived metrics
Part1_RQ4/A1,A1_cplex_vs_bp,/home/peizeyu2026/smart_wolf_project/ZTT-OR/20260715 ZTT-OR/5_重构代码v2/6_数值实验/03_正式结果/Part1_RQ4/A1_cplex_vs_bp/formal_retimed_90pairs_20260801_204000,3x5/0.40000000000000002/101,3x5,101,,3,fixed_w scalar,0,3,,,NOT_APPLICABLE,not_applicable,none,2d32b1e5e80831e748345d1bb8174ba69c7ccf62632c26a71ab71f0e1cb8e228,,A1 uses fixed scalar w and does not report candidate-vector derived metrics
Part1_RQ4/A1,A1_cplex_vs_bp,/home/peizeyu2026/smart_wolf_project/ZTT-OR/20260715 ZTT-OR/5_重构代码v2/6_数值实验/03_正式结果/Part1_RQ4/A1_cplex_vs_bp/formal_retimed_90pairs_20260801_204000,3x5/0.40000000000000002/909,3x5,909,,3,fixed_w scalar,0,3,,,NOT_APPLICABLE,not_applicable,none,482cc51769949e636a483e73545e2caad58bc05ecad5d326f66fd9e19faca8d4,,A1 uses fixed scalar w and does not report candidate-vector derived metrics
Part1_RQ4/A1,A1_cplex_vs_bp,/home/peizeyu2026/smart_wolf_project/ZTT-OR/20260715 ZTT-OR/5_重构代码v2/6_数值实验/03_正式结果/Part1_RQ4/A1_cplex_vs_bp/formal_retimed_90pairs_20260801_204000,3x5/0.40000000000000002/202,3x5,202,,3,fixed_w scalar,0,3,,,NOT_APPLICABLE,not_applicable,none,da143d7aad7f36cffd4e6068a73b6edceaeb90eac9c413bca598d94a4c275251,,A1 uses fixed scalar w and does not report candidate-vector derived metrics
Part1_RQ4/A1,A1_cplex_vs_bp,/home/peizeyu2026/smart_wolf_project/ZTT-OR/20260715 ZTT-OR/5_重构代码v2/6_数值实验/03_正式结果/Part1_RQ4/A1_cplex_vs_bp/formal_retimed_90pairs_20260801_204000,3x5/0.40000000000000002/1010,3x5,1010,,3,fixed_w scalar,0,3,,,NOT_APPLICABLE,not_applicable,none,a19d143c5bd36d018f190b0b6f29a0a65464d4b00dfe98efe3d65506cfab6de0,,A1 uses fixed scalar w and does not report candidate-vector derived metrics
Part1_RQ4/A1,A1_cplex_vs_bp,/home/peizeyu2026/smart_wolf_project/ZTT-OR/20260715 ZTT-OR/5_重构代码v2/6_数值实验/03_正式结果/Part1_RQ4/A1_cplex_vs_bp/formal_retimed_90pairs_20260801_204000,3x5/0.40000000000000002/303,3x5,303,,3,fixed_w scalar,0,3,,,NOT_APPLICABLE,not_applicable,none,b7e31539a0ed5eefc696eea07a8116a4715030cf46a964e621aadd0ab3669190,,A1 uses fixed scalar w and does not report candidate-vector derived metrics
Part1_RQ4/A1,A1_cplex_vs_bp,/home/peizeyu2026/smart_wolf_project/ZTT-OR/20260715 ZTT-OR/5_重构代码v2/6_数值实验/03_正式结果/Part1_RQ4/A1_cplex_vs_bp/formal_retimed_90pairs_20260801_204000,3x5/0.80000000000000004/101,3x5,101,,3,fixed_w scalar,0,3,,,NOT_APPLICABLE,not_applicable,none,e9cb1901aca0bb9da7f2ad7eb610bf42da7ccc7f6af415b62e65a59d14ff6e45,,A1 uses fixed scalar w and does not report candidate-vector derived metrics
Part1_RQ4/A1,A1_cplex_vs_bp,/home/peizeyu2026/smart_wolf_project/ZTT-OR/20260715 ZTT-OR/5_重构代码v2/6_数值实验/03_正式结果/Part1_RQ4/A1_cplex_vs_bp/formal_retimed_90pairs_20260801_204000,3x5/0.80000000000000004/202,3x5,202,,3,fixed_w scalar,0,3,,,NOT_APPLICABLE,not_applicable,none,7cd3ed0988ed025bc907860483eb1af54ca3b9d8bf7a3ba9f3a9578fd6e84e57,,A1 uses fixed scalar w and does not report candidate-vector derived metrics
Part1_RQ4/A1,A1_cplex_vs_bp,/home/peizeyu2026/smart_wolf_project/ZTT-OR/20260715 ZTT-OR/5_重构代码v2/6_数值实验/03_正式结果/Part1_RQ4/A1_cplex_vs_bp/formal_retimed_90pairs_20260801_204000,3x5/0.80000000000000004/909,3x5,909,,3,fixed_w scalar,0,3,,,NOT_APPLICABLE,not_applicable,none,1952f379693676141860efae92ebbd90500b54860081fd5ab2fae9f90249eeb4,,A1 uses fixed scalar w and does not report candidate-vector derived metrics
Part1_RQ4/A1,A1_cplex_vs_bp,/home/peizeyu2026/smart_wolf_project/ZTT-OR/20260715 ZTT-OR/5_重构代码v2/6_数值实验/03_正式结果/Part1_RQ4/A1_cplex_vs_bp/formal_retimed_90pairs_20260801_204000,3x5/0.80000000000000004/1010,3x5,1010,,3,fixed_w scalar,0,3,,,NOT_APPLICABLE,not_applicable,none,66786f532b7b0a4ca8b1cda10155cf893cea3a465f6eb9ee19fc4c532ad67ae3,,A1 uses fixed scalar w and does not report candidate-vector derived metrics
Part1_RQ4/A1,A1_cplex_vs_bp,/home/peizeyu2026/smart_wolf_project/ZTT-OR/20260715 ZTT-OR/5_重构代码v2/6_数值实验/03_正式结果/Part1_RQ4/A1_cplex_vs_bp/formal_retimed_90pairs_20260801_204000,3x5/0.80000000000000004/303,3x5,303,,3,fixed_w scalar,0,3,,,NOT_APPLICABLE,not_applicable,none,2b3db41c28386f13833aafec9db7582eb885243039ec5a3e6d87acf17c3782d9,,A1 uses fixed scalar w and does not report candidate-vector derived metrics
Part1_RQ4/A1,A1_cplex_vs_bp,/home/peizeyu2026/smart_wolf_project/ZTT-OR/20260715 ZTT-OR/5_重构代码v2/6_数值实验/03_正式结果/Part1_RQ4/A1_cplex_vs_bp/formal_retimed_90pairs_20260801_204000,3x5/0.80000000000000004/404,3x5,404,,3,fixed_w scalar,0,3,,,NOT_APPLICABLE,not_applicable,none,3c848f5808e4b18437704d65e40ef1618d83b3301c4f7be5aebff7bbde66c600,,A1 uses fixed scalar w and does not report candidate-vector derived metrics
Part1_RQ4/A1,A1_cplex_vs_bp,/home/peizeyu2026/smart_wolf_project/ZTT-OR/20260715 ZTT-OR/5_重构代码v2/6_数值实验/03_正式结果/Part1_RQ4/A1_cplex_vs_bp/formal_retimed_90pairs_20260801_204000,3x5/0.80000000000000004/505,3x5,505,,3,fixed_w scalar,0,3,,,NOT_APPLICABLE,not_applicable,none,068e80c63f80ee877346e70888d96d347c1275458032440e022b0a32bca267d2,,A1 uses fixed scalar w and does not report candidate-vector derived metrics
Part1_RQ4/A1,A1_cplex_vs_bp,/home/peizeyu2026/smart_wolf_project/ZTT-OR/20260715 ZTT-OR/5_重构代码v2/6_数值实验/03_正式结果/Part1_RQ4/A1_cplex_vs_bp/formal_retimed_90pairs_20260801_204000,3x5/0.80000000000000004/606,3x5,606,,3,fixed_w scalar,0,3,,,NOT_APPLICABLE,not_applicable,none,422acce8de06b8c7def77aa8d7a7e5b707aed32d0ffada686063dd9e7c34e371,,A1 uses fixed scalar w and does not report candidate-vector derived metrics
Part1_RQ4/A1,A1_cplex_vs_bp,/home/peizeyu2026/smart_wolf_project/ZTT-OR/20260715 ZTT-OR/5_重构代码v2/6_数值实验/03_正式结果/Part1_RQ4/A1_cplex_vs_bp/formal_retimed_90pairs_20260801_204000,3x5/0.80000000000000004/707,3x5,707,,3,fixed_w scalar,0,3,,,NOT_APPLICABLE,not_applicable,none,802269c3b40f93f4b6d16c6ad84654278d22c0d4fd89969383b54d6b1768c5a1,,A1 uses fixed scalar w and does not report candidate-vector derived metrics
Part1_RQ4/A1,A1_cplex_vs_bp,/home/peizeyu2026/smart_wolf_project/ZTT-OR/20260715 ZTT-OR/5_重构代码v2/6_数值实验/03_正式结果/Part1_RQ4/A1_cplex_vs_bp/formal_retimed_90pairs_20260801_204000,3x5/0.80000000000000004/808,3x5,808,,3,fixed_w scalar,0,3,,,NOT_APPLICABLE,not_applicable,none,01828553647bc742b26a00a83aaef3bffddad5c5e4e3cfb3d1de569f1a5f5897,,A1 uses fixed scalar w and does not report candidate-vector derived metrics
Part1_RQ4/A1,A1_cplex_vs_bp,/home/peizeyu2026/smart_wolf_project/ZTT-OR/20260715 ZTT-OR/5_重构代码v2/6_数值实验/03_正式结果/Part1_RQ4/A1_cplex_vs_bp/formal_retimed_90pairs_20260801_204000,3x10/0.80000000000000004/707,3x10,707,,3,fixed_w scalar,0,3,,,NOT_APPLICABLE,not_applicable,none,c2ceac9b35c57c3cb9257deb11c2792ff2084f1b42d60aa2ba9c7e4d927d41eb,,A1 uses fixed scalar w and does not report candidate-vector derived metrics
Part1_RQ4/A1,A1_cplex_vs_bp,/home/peizeyu2026/smart_wolf_project/ZTT-OR/20260715 ZTT-OR/5_重构代码v2/6_数值实验/03_正式结果/Part1_RQ4/A1_cplex_vs_bp/formal_retimed_90pairs_20260801_204000,3x10/0.80000000000000004/808,3x10,808,,3,fixed_w scalar,0,3,,,NOT_APPLICABLE,not_applicable,none,244aed0c5063ac91bd9528f2287bee2b4bc72579a5a42e91f4163707d9cda786,,A1 uses fixed scalar w and does not report candidate-vector derived metrics
Part1_RQ4/A1,A1_cplex_vs_bp,/home/peizeyu2026/smart_wolf_project/ZTT-OR/20260715 ZTT-OR/5_重构代码v2/6_数值实验/03_正式结果/Part1_RQ4/A1_cplex_vs_bp/formal_retimed_90pairs_20260801_204000,3x10/0.80000000000000004/101,3x10,101,,3,fixed_w scalar,0,3,,,NOT_APPLICABLE,not_applicable,none,5e22198dc4277868834df2d16564f995a2dbaa17563b7a50b9a1cf4623ffa06d,,A1 uses fixed scalar w and does not report candidate-vector derived metrics
Part1_RQ4/A1,A1_cplex_vs_bp,/home/peizeyu2026/smart_wolf_project/ZTT-OR/20260715 ZTT-OR/5_重构代码v2/6_数值实验/03_正式结果/Part1_RQ4/A1_cplex_vs_bp/formal_retimed_90pairs_20260801_204000,3x10/0.80000000000000004/909,3x10,909,,3,fixed_w scalar,0,3,,,NOT_APPLICABLE,not_applicable,none,afc12b6f5893d24f9b60d7e97370fd7cfe0a0c8032c6434f1021b692e869dbda,,A1 uses fixed scalar w and does not report candidate-vector derived metrics
Part1_RQ4/A1,A1_cplex_vs_bp,/home/peizeyu2026/smart_wolf_project/ZTT-OR/20260715 ZTT-OR/5_重构代码v2/6_数值实验/03_正式结果/Part1_RQ4/A1_cplex_vs_bp/formal_retimed_90pairs_20260801_204000,3x10/0.80000000000000004/202,3x10,202,,3,fixed_w scalar,0,3,,,NOT_APPLICABLE,not_applicable,none,e5679044a723ea5f47d13dad9ae96a8dd7971a0c35fbcd9de9b7f4e6793f7dea,,A1 uses fixed scalar w and does not report candidate-vector derived metrics
Part1_RQ4/A1,A1_cplex_vs_bp,/home/peizeyu2026/smart_wolf_project/ZTT-OR/20260715 ZTT-OR/5_重构代码v2/6_数值实验/03_正式结果/Part1_RQ4/A1_cplex_vs_bp/formal_retimed_90pairs_20260801_204000,3x10/0.80000000000000004/1010,3x10,1010,,3,fixed_w scalar,0,3,,,NOT_APPLICABLE,not_applicable,none,ec2def89a813382b29f4816a9e607e0057307b5bf4c27b3e7443df4acdb0ae80,,A1 uses fixed scalar w and does not report candidate-vector derived metrics
Part1_RQ4/A1,A1_cplex_vs_bp,/home/peizeyu2026/smart_wolf_project/ZTT-OR/20260715 ZTT-OR/5_重构代码v2/6_数值实验/03_正式结果/Part1_RQ4/A1_cplex_vs_bp/formal_retimed_90pairs_20260801_204000,3x10/0.80000000000000004/303,3x10,303,,3,fixed_w scalar,0,3,,,NOT_APPLICABLE,not_applicable,none,1e1feb07052901e728956e7ca0b2d7f91dd782e45e90e06da98ac8893cf2f81b,,A1 uses fixed scalar w and does not report candidate-vector derived metrics
Part1_RQ4/A1,A1_cplex_vs_bp,/home/peizeyu2026/smart_wolf_project/ZTT-OR/20260715 ZTT-OR/5_重构代码v2/6_数值实验/03_正式结果/Part1_RQ4/A1_cplex_vs_bp/formal_retimed_90pairs_20260801_204000,3x10/0.80000000000000004/404,3x10,404,,3,fixed_w scalar,0,3,,,NOT_APPLICABLE,not_applicable,none,0c0cc04b0db9b71198b289839e6ffe776bbb806e892446e94b6ec59eb7b86d4e,,A1 uses fixed scalar w and does not report candidate-vector derived metrics
Part1_RQ4/A1,A1_cplex_vs_bp,/home/peizeyu2026/smart_wolf_project/ZTT-OR/20260715 ZTT-OR/5_重构代码v2/6_数值实验/03_正式结果/Part1_RQ4/A1_cplex_vs_bp/formal_retimed_90pairs_20260801_204000,3x10/0.80000000000000004/505,3x10,505,,3,fixed_w scalar,0,3,,,NOT_APPLICABLE,not_applicable,none,66b2298d433e37dc3aa16ac858acd4a9d3da1c244d2904272d75e218666e5715,,A1 uses fixed scalar w and does not report candidate-vector derived metrics
Part1_RQ4/A1,A1_cplex_vs_bp,/home/peizeyu2026/smart_wolf_project/ZTT-OR/20260715 ZTT-OR/5_重构代码v2/6_数值实验/03_正式结果/Part1_RQ4/A1_cplex_vs_bp/formal_retimed_90pairs_20260801_204000,3x10/0.80000000000000004/606,3x10,606,,3,fixed_w scalar,0,3,,,NOT_APPLICABLE,not_applicable,none,a9fc0d34969e2b702fc59a78036dae29db319c3e892e4673af24b3bdd0df3040,,A1 uses fixed scalar w and does not report candidate-vector derived metrics
Part1_RQ4/A1,A1_cplex_vs_bp,/home/peizeyu2026/smart_wolf_project/ZTT-OR/20260715 ZTT-OR/5_重构代码v2/6_数值实验/03_正式结果/Part1_RQ4/A1_cplex_vs_bp/formal_retimed_90pairs_20260801_204000,3x10/0/606,3x10,606,,3,fixed_w scalar,0,3,,,NOT_APPLICABLE,not_applicable,none,b0a3cd9a784b8b3dcc9d18830a26a9499c1b6a406719edb8a90a8271d4c456d2,,A1 uses fixed scalar w and does not report candidate-vector derived metrics
Part1_RQ4/A1,A1_cplex_vs_bp,/home/peizeyu2026/smart_wolf_project/ZTT-OR/20260715 ZTT-OR/5_重构代码v2/6_数值实验/03_正式结果/Part1_RQ4/A1_cplex_vs_bp/formal_retimed_90pairs_20260801_204000,3x10/0/505,3x10,505,,3,fixed_w scalar,0,3,,,NOT_APPLICABLE,not_applicable,none,ef4f54ba750303d5f34e3c39df36eaa48b7186fbbf92407adaafc97fb1419f44,,A1 uses fixed scalar w and does not report candidate-vector derived metrics
Part1_RQ4/A1,A1_cplex_vs_bp,/home/peizeyu2026/smart_wolf_project/ZTT-OR/20260715 ZTT-OR/5_重构代码v2/6_数值实验/03_正式结果/Part1_RQ4/A1_cplex_vs_bp/formal_retimed_90pairs_20260801_204000,3x10/0/707,3x10,707,,3,fixed_w scalar,0,3,,,NOT_APPLICABLE,not_applicable,none,d87ec4b12339c7f31943e13e52d6cd0b8cae866c2f3b8f315d33a732cf1140fa,,A1 uses fixed scalar w and does not report candidate-vector derived metrics
Part1_RQ4/A1,A1_cplex_vs_bp,/home/peizeyu2026/smart_wolf_project/ZTT-OR/20260715 ZTT-OR/5_重构代码v2/6_数值实验/03_正式结果/Part1_RQ4/A1_cplex_vs_bp/formal_retimed_90pairs_20260801_204000,3x10/0/808,3x10,808,,3,fixed_w scalar,0,3,,,NOT_APPLICABLE,not_applicable,none,70ab68f895b618db88997cc8b8f6fab5584d94e036b72a6b89740586c6c3f8c9,,A1 uses fixed scalar w and does not report candidate-vector derived metrics
Part1_RQ4/A1,A1_cplex_vs_bp,/home/peizeyu2026/smart_wolf_project/ZTT-OR/20260715 ZTT-OR/5_重构代码v2/6_数值实验/03_正式结果/Part1_RQ4/A1_cplex_vs_bp/formal_retimed_90pairs_20260801_204000,3x10/0/101,3x10,101,,3,fixed_w scalar,0,3,,,NOT_APPLICABLE,not_applicable,none,8886d9bd6aa047537cd06724a7f513dc2a5fac306936b98b9a526e29c1ca49c5,,A1 uses fixed scalar w and does not report candidate-vector derived metrics
Part1_RQ4/A1,A1_cplex_vs_bp,/home/peizeyu2026/smart_wolf_project/ZTT-OR/20260715 ZTT-OR/5_重构代码v2/6_数值实验/03_正式结果/Part1_RQ4/A1_cplex_vs_bp/formal_retimed_90pairs_20260801_204000,3x10/0/909,3x10,909,,3,fixed_w scalar,0,3,,,NOT_APPLICABLE,not_applicable,none,c30e702c74ac330352e6591f27a0feb524f45e3d08385f1898d1e0e83a93a900,,A1 uses fixed scalar w and does not report candidate-vector derived metrics
Part1_RQ4/A1,A1_cplex_vs_bp,/home/peizeyu2026/smart_wolf_project/ZTT-OR/20260715 ZTT-OR/5_重构代码v2/6_数值实验/03_正式结果/Part1_RQ4/A1_cplex_vs_bp/formal_retimed_90pairs_20260801_204000,3x10/0/202,3x10,202,,3,fixed_w scalar,0,3,,,NOT_APPLICABLE,not_applicable,none,732eba5d676ae20277617db1dcbe58bc4612a78e55c1d971d07e85049725dafa,,A1 uses fixed scalar w and does not report candidate-vector derived metrics
Part1_RQ4/A1,A1_cplex_vs_bp,/home/peizeyu2026/smart_wolf_project/ZTT-OR/20260715 ZTT-OR/5_重构代码v2/6_数值实验/03_正式结果/Part1_RQ4/A1_cplex_vs_bp/formal_retimed_90pairs_20260801_204000,3x10/0/1010,3x10,1010,,3,fixed_w scalar,0,3,,,NOT_APPLICABLE,not_applicable,none,2ccc86462e7ae09b6cd5a5f4d50bee3a3cf8231d57bf2fb9b8e057fdefa64d31,,A1 uses fixed scalar w and does not report candidate-vector derived metrics
Part1_RQ4/A1,A1_cplex_vs_bp,/home/peizeyu2026/smart_wolf_project/ZTT-OR/20260715 ZTT-OR/5_重构代码v2/6_数值实验/03_正式结果/Part1_RQ4/A1_cplex_vs_bp/formal_retimed_90pairs_20260801_204000,3x10/0/303,3x10,303,,3,fixed_w scalar,0,3,,,NOT_APPLICABLE,not_applicable,none,67afecb2a0dbeaa1222485f326e29a4dd22efe72358d62cac7acc0cd451f7dae,,A1 uses fixed scalar w and does not report candidate-vector derived metrics
Part1_RQ4/A1,A1_cplex_vs_bp,/home/peizeyu2026/smart_wolf_project/ZTT-OR/20260715 ZTT-OR/5_重构代码v2/6_数值实验/03_正式结果/Part1_RQ4/A1_cplex_vs_bp/formal_retimed_90pairs_20260801_204000,3x10/0/404,3x10,404,,3,fixed_w scalar,0,3,,,NOT_APPLICABLE,not_applicable,none,bc00786bf4df25acb096d0789162386978cce4fae18b635728ae592cb9c897e2,,A1 uses fixed scalar w and does not report candidate-vector derived metrics
Part1_RQ4/A1,A1_cplex_vs_bp,/home/peizeyu2026/smart_wolf_project/ZTT-OR/20260715 ZTT-OR/5_重构代码v2/6_数值实验/03_正式结果/Part1_RQ4/A1_cplex_vs_bp/formal_retimed_90pairs_20260801_204000,3x10/0.40000000000000002/202,3x10,202,,3,fixed_w scalar,0,3,,,NOT_APPLICABLE,not_applicable,none,673e88ee4989f2e7c0957703fa10242d6aa741e5b1bf970fc142628b18f21d4b,,A1 uses fixed scalar w and does not report candidate-vector derived metrics
Part1_RQ4/A1,A1_cplex_vs_bp,/home/peizeyu2026/smart_wolf_project/ZTT-OR/20260715 ZTT-OR/5_重构代码v2/6_数值实验/03_正式结果/Part1_RQ4/A1_cplex_vs_bp/formal_retimed_90pairs_20260801_204000,3x10/0.40000000000000002/303,3x10,303,,3,fixed_w scalar,0,3,,,NOT_APPLICABLE,not_applicable,none,b178da8a09e5ba24abb474378d1427fe666128157528fdb1a37e2bbfb7ffcb04,,A1 uses fixed scalar w and does not report candidate-vector derived metrics
Part1_RQ4/A1,A1_cplex_vs_bp,/home/peizeyu2026/smart_wolf_project/ZTT-OR/20260715 ZTT-OR/5_重构代码v2/6_数值实验/03_正式结果/Part1_RQ4/A1_cplex_vs_bp/formal_retimed_90pairs_20260801_204000,3x10/0.40000000000000002/1010,3x10,1010,,3,fixed_w scalar,0,3,,,NOT_APPLICABLE,not_applicable,none,fc0b61d71df63a4a3e9c6fd4b35b0e62e139bcf4d66e38e12595587b74df4e30,,A1 uses fixed scalar w and does not report candidate-vector derived metrics
Part1_RQ4/A1,A1_cplex_vs_bp,/home/peizeyu2026/smart_wolf_project/ZTT-OR/20260715 ZTT-OR/5_重构代码v2/6_数值实验/03_正式结果/Part1_RQ4/A1_cplex_vs_bp/formal_retimed_90pairs_20260801_204000,3x10/0.40000000000000002/404,3x10,404,,3,fixed_w scalar,0,3,,,NOT_APPLICABLE,not_applicable,none,c77e5f6eabbb79ba72837303c5d098783cae41281869b1f4042d54ab284e9bf6,,A1 uses fixed scalar w and does not report candidate-vector derived metrics
Part1_RQ4/A1,A1_cplex_vs_bp,/home/peizeyu2026/smart_wolf_project/ZTT-OR/20260715 ZTT-OR/5_重构代码v2/6_数值实验/03_正式结果/Part1_RQ4/A1_cplex_vs_bp/formal_retimed_90pairs_20260801_204000,3x10/0.40000000000000002/505,3x10,505,,3,fixed_w scalar,0,3,,,NOT_APPLICABLE,not_applicable,none,ecc863809c92cf6881a8826889407f4bf993d081fa75974b3e457efc5beac87f,,A1 uses fixed scalar w and does not report candidate-vector derived metrics
Part1_RQ4/A1,A1_cplex_vs_bp,/home/peizeyu2026/smart_wolf_project/ZTT-OR/20260715 ZTT-OR/5_重构代码v2/6_数值实验/03_正式结果/Part1_RQ4/A1_cplex_vs_bp/formal_retimed_90pairs_20260801_204000,3x10/0.40000000000000002/606,3x10,606,,3,fixed_w scalar,0,3,,,NOT_APPLICABLE,not_applicable,none,1cd8e8cb8455650647cca8ef48841a9fa4fe6ab035fefb188e233b2d59181f93,,A1 uses fixed scalar w and does not report candidate-vector derived metrics
Part1_RQ4/A1,A1_cplex_vs_bp,/home/peizeyu2026/smart_wolf_project/ZTT-OR/20260715 ZTT-OR/5_重构代码v2/6_数值实验/03_正式结果/Part1_RQ4/A1_cplex_vs_bp/formal_retimed_90pairs_20260801_204000,3x10/0.40000000000000002/707,3x10,707,,3,fixed_w scalar,0,3,,,NOT_APPLICABLE,not_applicable,none,012951791557bdb30fe2f0a63afd1bfc32517e62c3743f1a7b5e5bfa37a47d01,,A1 uses fixed scalar w and does not report candidate-vector derived metrics
Part1_RQ4/A1,A1_cplex_vs_bp,/home/peizeyu2026/smart_wolf_project/ZTT-OR/20260715 ZTT-OR/5_重构代码v2/6_数值实验/03_正式结果/Part1_RQ4/A1_cplex_vs_bp/formal_retimed_90pairs_20260801_204000,3x10/0.40000000000000002/808,3x10,808,,3,fixed_w scalar,0,3,,,NOT_APPLICABLE,not_applicable,none,270c88f99194af9bcb172928e1ee10f53b157f44bd34ae6a66b9ff0d88848415,,A1 uses fixed scalar w and does not report candidate-vector derived metrics
Part1_RQ4/A1,A1_cplex_vs_bp,/home/peizeyu2026/smart_wolf_project/ZTT-OR/20260715 ZTT-OR/5_重构代码v2/6_数值实验/03_正式结果/Part1_RQ4/A1_cplex_vs_bp/formal_retimed_90pairs_20260801_204000,3x10/0.40000000000000002/101,3x10,101,,3,fixed_w scalar,0,3,,,NOT_APPLICABLE,not_applicable,none,ef0d0fd0296aa10e2d9831a2eb5e238764aed24c6d150d5bcd038f33947d4d0b,,A1 uses fixed scalar w and does not report candidate-vector derived metrics
Part1_RQ4/A1,A1_cplex_vs_bp,/home/peizeyu2026/smart_wolf_project/ZTT-OR/20260715 ZTT-OR/5_重构代码v2/6_数值实验/03_正式结果/Part1_RQ4/A1_cplex_vs_bp/formal_retimed_90pairs_20260801_204000,3x10/0.40000000000000002/909,3x10,909,,3,fixed_w scalar,0,3,,,NOT_APPLICABLE,not_applicable,none,d6fe9f24fde9dc487311b533da96fab097e9e488d233f08b742bf9c8af77eae0,,A1 uses fixed scalar w and does not report candidate-vector derived metrics
Part1_RQ4/A1,A1_cplex_vs_bp,/home/peizeyu2026/smart_wolf_project/ZTT-OR/20260715 ZTT-OR/5_重构代码v2/6_数值实验/03_正式结果/Part1_RQ4/A1_cplex_vs_bp/formal_retimed_90pairs_20260801_204000,5x10/0.40000000000000002/101,5x10,101,,5,fixed_w scalar,0,5,,,NOT_APPLICABLE,not_applicable,none,b4416b144e58716c8ff1c4b8739dab7f56ae2e26f33df4fbf8b39c7de3327099,,A1 uses fixed scalar w and does not report candidate-vector derived metrics
Part1_RQ4/A1,A1_cplex_vs_bp,/home/peizeyu2026/smart_wolf_project/ZTT-OR/20260715 ZTT-OR/5_重构代码v2/6_数值实验/03_正式结果/Part1_RQ4/A1_cplex_vs_bp/formal_retimed_90pairs_20260801_204000,5x10/0.40000000000000002/808,5x10,808,,5,fixed_w scalar,0,5,,,NOT_APPLICABLE,not_applicable,none,da3116c1c8ce264bc7a015c6461d680869af84e21faad19e3f0d43bc2b303a48,,A1 uses fixed scalar w and does not report candidate-vector derived metrics
Part1_RQ4/A1,A1_cplex_vs_bp,/home/peizeyu2026/smart_wolf_project/ZTT-OR/20260715 ZTT-OR/5_重构代码v2/6_数值实验/03_正式结果/Part1_RQ4/A1_cplex_vs_bp/formal_retimed_90pairs_20260801_204000,5x10/0.40000000000000002/909,5x10,909,,5,fixed_w scalar,0,5,,,NOT_APPLICABLE,not_applicable,none,54c6bb70245307814d360ee5798d0f2991452146c21bf53aba75611560d5b7c6,,A1 uses fixed scalar w and does not report candidate-vector derived metrics
Part1_RQ4/A1,A1_cplex_vs_bp,/home/peizeyu2026/smart_wolf_project/ZTT-OR/20260715 ZTT-OR/5_重构代码v2/6_数值实验/03_正式结果/Part1_RQ4/A1_cplex_vs_bp/formal_retimed_90pairs_20260801_204000,5x10/0.40000000000000002/202,5x10,202,,5,fixed_w scalar,0,5,,,NOT_APPLICABLE,not_applicable,none,00f2eb30dab5118c7be05a26187765ffea96f157f7a81bea08d922050d16bf64,,A1 uses fixed scalar w and does not report candidate-vector derived metrics
Part1_RQ4/A1,A1_cplex_vs_bp,/home/peizeyu2026/smart_wolf_project/ZTT-OR/20260715 ZTT-OR/5_重构代码v2/6_数值实验/03_正式结果/Part1_RQ4/A1_cplex_vs_bp/formal_retimed_90pairs_20260801_204000,5x10/0.40000000000000002/1010,5x10,1010,,5,fixed_w scalar,0,5,,,NOT_APPLICABLE,not_applicable,none,966b31cd8559fe98017cbbbf397247b657097568819d540fbb75c4a233d8e8d3,,A1 uses fixed scalar w and does not report candidate-vector derived metrics
Part1_RQ4/A1,A1_cplex_vs_bp,/home/peizeyu2026/smart_wolf_project/ZTT-OR/20260715 ZTT-OR/5_重构代码v2/6_数值实验/03_正式结果/Part1_RQ4/A1_cplex_vs_bp/formal_retimed_90pairs_20260801_204000,5x10/0.40000000000000002/303,5x10,303,,5,fixed_w scalar,0,5,,,NOT_APPLICABLE,not_applicable,none,68cab6b93764db9b92ad374486a31d969f3143b0961a1bf96812bba62cfea273,,A1 uses fixed scalar w and does not report candidate-vector derived metrics
Part1_RQ4/A1,A1_cplex_vs_bp,/home/peizeyu2026/smart_wolf_project/ZTT-OR/20260715 ZTT-OR/5_重构代码v2/6_数值实验/03_正式结果/Part1_RQ4/A1_cplex_vs_bp/formal_retimed_90pairs_20260801_204000,5x10/0.40000000000000002/404,5x10,404,,5,fixed_w scalar,0,5,,,NOT_APPLICABLE,not_applicable,none,a56a42be8a65b257701360e6f1d8ededcf42552e70d109bda39a5cfa6bf45cc2,,A1 uses fixed scalar w and does not report candidate-vector derived metrics
Part1_RQ4/A1,A1_cplex_vs_bp,/home/peizeyu2026/smart_wolf_project/ZTT-OR/20260715 ZTT-OR/5_重构代码v2/6_数值实验/03_正式结果/Part1_RQ4/A1_cplex_vs_bp/formal_retimed_90pairs_20260801_204000,5x10/0.40000000000000002/505,5x10,505,,5,fixed_w scalar,0,5,,,NOT_APPLICABLE,not_applicable,none,6874e70fc46dd00008d6b227515ff72c2325bd5cf4fb09a140224d915f459aff,,A1 uses fixed scalar w and does not report candidate-vector derived metrics
Part1_RQ4/A1,A1_cplex_vs_bp,/home/peizeyu2026/smart_wolf_project/ZTT-OR/20260715 ZTT-OR/5_重构代码v2/6_数值实验/03_正式结果/Part1_RQ4/A1_cplex_vs_bp/formal_retimed_90pairs_20260801_204000,5x10/0.40000000000000002/606,5x10,606,,5,fixed_w scalar,0,5,,,NOT_APPLICABLE,not_applicable,none,0cd48eeb010a6d3ba53f8f8a0789886245b4dce33252cbd51be1d2b56ed05aa1,,A1 uses fixed scalar w and does not report candidate-vector derived metrics
Part1_RQ4/A1,A1_cplex_vs_bp,/home/peizeyu2026/smart_wolf_project/ZTT-OR/20260715 ZTT-OR/5_重构代码v2/6_数值实验/03_正式结果/Part1_RQ4/A1_cplex_vs_bp/formal_retimed_90pairs_20260801_204000,5x10/0.40000000000000002/707,5x10,707,,5,fixed_w scalar,0,5,,,NOT_APPLICABLE,not_applicable,none,4e0f5083407af78ab849bb1a9fea4757f2e811c62e7a29a4840827203be686fc,,A1 uses fixed scalar w and does not report candidate-vector derived metrics
Part1_RQ4/A1,A1_cplex_vs_bp,/home/peizeyu2026/smart_wolf_project/ZTT-OR/20260715 ZTT-OR/5_重构代码v2/6_数值实验/03_正式结果/Part1_RQ4/A1_cplex_vs_bp/formal_retimed_90pairs_20260801_204000,5x10/0.80000000000000004/505,5x10,505,,5,fixed_w scalar,0,5,,,NOT_APPLICABLE,not_applicable,none,d45a7e30833d7d5fcfbd01c075de34a6dc06b29640fc8e2051b2c6c0cbde73ec,,A1 uses fixed scalar w and does not report candidate-vector derived metrics
Part1_RQ4/A1,A1_cplex_vs_bp,/home/peizeyu2026/smart_wolf_project/ZTT-OR/20260715 ZTT-OR/5_重构代码v2/6_数值实验/03_正式结果/Part1_RQ4/A1_cplex_vs_bp/formal_retimed_90pairs_20260801_204000,5x10/0.80000000000000004/606,5x10,606,,5,fixed_w scalar,0,5,,,NOT_APPLICABLE,not_applicable,none,f39cf6de074fbec9608372d7c78a40ce79604f4768264d50960f17ee1f17dac7,,A1 uses fixed scalar w and does not report candidate-vector derived metrics
Part1_RQ4/A1,A1_cplex_vs_bp,/home/peizeyu2026/smart_wolf_project/ZTT-OR/20260715 ZTT-OR/5_重构代码v2/6_数值实验/03_正式结果/Part1_RQ4/A1_cplex_vs_bp/formal_retimed_90pairs_20260801_204000,5x10/0.80000000000000004/707,5x10,707,,5,fixed_w scalar,0,5,,,NOT_APPLICABLE,not_applicable,none,02f03edde155b7c3e421177f243f74b44b1fe4867f6e3084de2e1493c81e7de3,,A1 uses fixed scalar w and does not report candidate-vector derived metrics
Part1_RQ4/A1,A1_cplex_vs_bp,/home/peizeyu2026/smart_wolf_project/ZTT-OR/20260715 ZTT-OR/5_重构代码v2/6_数值实验/03_正式结果/Part1_RQ4/A1_cplex_vs_bp/formal_retimed_90pairs_20260801_204000,5x10/0.80000000000000004/808,5x10,808,,5,fixed_w scalar,0,5,,,NOT_APPLICABLE,not_applicable,none,859692243e58da42ad95a961a37425093472116351523c570518312cfea27d48,,A1 uses fixed scalar w and does not report candidate-vector derived metrics
Part1_RQ4/A1,A1_cplex_vs_bp,/home/peizeyu2026/smart_wolf_project/ZTT-OR/20260715 ZTT-OR/5_重构代码v2/6_数值实验/03_正式结果/Part1_RQ4/A1_cplex_vs_bp/formal_retimed_90pairs_20260801_204000,5x10/0.80000000000000004/909,5x10,909,,5,fixed_w scalar,0,5,,,NOT_APPLICABLE,not_applicable,none,50a311a6bbed09e6931d3ef3a501c1a5d754fd864e4f5603da4d3240b7adb3db,,A1 uses fixed scalar w and does not report candidate-vector derived metrics
Part1_RQ4/A1,A1_cplex_vs_bp,/home/peizeyu2026/smart_wolf_project/ZTT-OR/20260715 ZTT-OR/5_重构代码v2/6_数值实验/03_正式结果/Part1_RQ4/A1_cplex_vs_bp/formal_retimed_90pairs_20260801_204000,5x10/0.80000000000000004/101,5x10,101,,5,fixed_w scalar,0,5,,,NOT_APPLICABLE,not_applicable,none,b1328fce27638309e7ecee7f1e2370d29b7e7db2021b7ed04d387572a77d4eb9,,A1 uses fixed scalar w and does not report candidate-vector derived metrics
Part1_RQ4/A1,A1_cplex_vs_bp,/home/peizeyu2026/smart_wolf_project/ZTT-OR/20260715 ZTT-OR/5_重构代码v2/6_数值实验/03_正式结果/Part1_RQ4/A1_cplex_vs_bp/formal_retimed_90pairs_20260801_204000,5x10/0.80000000000000004/1010,5x10,1010,,5,fixed_w scalar,0,5,,,NOT_APPLICABLE,not_applicable,none,38557629b50199d435c4100ee7355bd5e1c6445ff23cd4bbce08e057e37c720d,,A1 uses fixed scalar w and does not report candidate-vector derived metrics
Part1_RQ4/A1,A1_cplex_vs_bp,/home/peizeyu2026/smart_wolf_project/ZTT-OR/20260715 ZTT-OR/5_重构代码v2/6_数值实验/03_正式结果/Part1_RQ4/A1_cplex_vs_bp/formal_retimed_90pairs_20260801_204000,5x10/0.80000000000000004/202,5x10,202,,5,fixed_w scalar,0,5,,,NOT_APPLICABLE,not_applicable,none,170c2e2a95c551e6bf6f29f3a706b3137915b0c517241ac8d0475e9c5ea355c5,,A1 uses fixed scalar w and does not report candidate-vector derived metrics
Part1_RQ4/A1,A1_cplex_vs_bp,/home/peizeyu2026/smart_wolf_project/ZTT-OR/20260715 ZTT-OR/5_重构代码v2/6_数值实验/03_正式结果/Part1_RQ4/A1_cplex_vs_bp/formal_retimed_90pairs_20260801_204000,5x10/0.80000000000000004/303,5x10,303,,5,fixed_w scalar,0,5,,,NOT_APPLICABLE,not_applicable,none,de90061819c770a4e6bb09bfd5d1546ccb79a567d8d04a4678303cc1c6947a71,,A1 uses fixed scalar w and does not report candidate-vector derived metrics
Part1_RQ4/A1,A1_cplex_vs_bp,/home/peizeyu2026/smart_wolf_project/ZTT-OR/20260715 ZTT-OR/5_重构代码v2/6_数值实验/03_正式结果/Part1_RQ4/A1_cplex_vs_bp/formal_retimed_90pairs_20260801_204000,5x10/0.80000000000000004/404,5x10,404,,5,fixed_w scalar,0,5,,,NOT_APPLICABLE,not_applicable,none,478f19c75ca9d78198e14b1cb789addd6872b8eb00e07dd93f8fbf1beee95a0c,,A1 uses fixed scalar w and does not report candidate-vector derived metrics
Part1_RQ4/A1,A1_cplex_vs_bp,/home/peizeyu2026/smart_wolf_project/ZTT-OR/20260715 ZTT-OR/5_重构代码v2/6_数值实验/03_正式结果/Part1_RQ4/A1_cplex_vs_bp/formal_retimed_90pairs_20260801_204000,5x10/0/303,5x10,303,,5,fixed_w scalar,0,5,,,NOT_APPLICABLE,not_applicable,none,aff7bdaefd75edbdaaf30c2a558d4e7d6e5a09ba55792c5466d397a266a8da1f,,A1 uses fixed scalar w and does not report candidate-vector derived metrics
Part1_RQ4/A1,A1_cplex_vs_bp,/home/peizeyu2026/smart_wolf_project/ZTT-OR/20260715 ZTT-OR/5_重构代码v2/6_数值实验/03_正式结果/Part1_RQ4/A1_cplex_vs_bp/formal_retimed_90pairs_20260801_204000,5x10/0/404,5x10,404,,5,fixed_w scalar,0,5,,,NOT_APPLICABLE,not_applicable,none,4e978d923488ab2698de84d3c5b8727dd780f8cbb3d261b2c2ebbbb396069e13,,A1 uses fixed scalar w and does not report candidate-vector derived metrics
Part1_RQ4/A1,A1_cplex_vs_bp,/home/peizeyu2026/smart_wolf_project/ZTT-OR/20260715 ZTT-OR/5_重构代码v2/6_数值实验/03_正式结果/Part1_RQ4/A1_cplex_vs_bp/formal_retimed_90pairs_20260801_204000,5x10/0/505,5x10,505,,5,fixed_w scalar,0,5,,,NOT_APPLICABLE,not_applicable,none,20a7ed9ee77e17723df394a62a2fd55b53994461f63fb0fc0fc9d9fd60542427,,A1 uses fixed scalar w and does not report candidate-vector derived metrics
Part1_RQ4/A1,A1_cplex_vs_bp,/home/peizeyu2026/smart_wolf_project/ZTT-OR/20260715 ZTT-OR/5_重构代码v2/6_数值实验/03_正式结果/Part1_RQ4/A1_cplex_vs_bp/formal_retimed_90pairs_20260801_204000,5x10/0/606,5x10,606,,5,fixed_w scalar,0,5,,,NOT_APPLICABLE,not_applicable,none,00a39011dac11ad40874d7198412dc770e3d46987fb6bb75999b3b8e292b5a60,,A1 uses fixed scalar w and does not report candidate-vector derived metrics
Part1_RQ4/A1,A1_cplex_vs_bp,/home/peizeyu2026/smart_wolf_project/ZTT-OR/20260715 ZTT-OR/5_重构代码v2/6_数值实验/03_正式结果/Part1_RQ4/A1_cplex_vs_bp/formal_retimed_90pairs_20260801_204000,5x10/0/707,5x10,707,,5,fixed_w scalar,0,5,,,NOT_APPLICABLE,not_applicable,none,8be886436646eed0333449c8e04c1ca9f86c9045a6788840760887ec23d193de,,A1 uses fixed scalar w and does not report candidate-vector derived metrics
Part1_RQ4/A1,A1_cplex_vs_bp,/home/peizeyu2026/smart_wolf_project/ZTT-OR/20260715 ZTT-OR/5_重构代码v2/6_数值实验/03_正式结果/Part1_RQ4/A1_cplex_vs_bp/formal_retimed_90pairs_20260801_204000,5x10/0/808,5x10,808,,5,fixed_w scalar,0,5,,,NOT_APPLICABLE,not_applicable,none,2ec5ee53424e973b5f5881dfc92a71e9d17ad59be9329bc3d17d8f797b777a9b,,A1 uses fixed scalar w and does not report candidate-vector derived metrics
Part1_RQ4/A1,A1_cplex_vs_bp,/home/peizeyu2026/smart_wolf_project/ZTT-OR/20260715 ZTT-OR/5_重构代码v2/6_数值实验/03_正式结果/Part1_RQ4/A1_cplex_vs_bp/formal_retimed_90pairs_20260801_204000,5x10/0/101,5x10,101,,5,fixed_w scalar,0,5,,,NOT_APPLICABLE,not_applicable,none,1ac1b2d2f3f661470eb6c5e1e25bb6886341850f403f4b04db94a623e14145c3,,A1 uses fixed scalar w and does not report candidate-vector derived metrics
Part1_RQ4/A1,A1_cplex_vs_bp,/home/peizeyu2026/smart_wolf_project/ZTT-OR/20260715 ZTT-OR/5_重构代码v2/6_数值实验/03_正式结果/Part1_RQ4/A1_cplex_vs_bp/formal_retimed_90pairs_20260801_204000,5x10/0/909,5x10,909,,5,fixed_w scalar,0,5,,,NOT_APPLICABLE,not_applicable,none,c6846f5fa3a8cb8f1b9e755af7eb8f7ef3c97585d1b9e60aa2479394bd9ffd08,,A1 uses fixed scalar w and does not report candidate-vector derived metrics
Part1_RQ4/A1,A1_cplex_vs_bp,/home/peizeyu2026/smart_wolf_project/ZTT-OR/20260715 ZTT-OR/5_重构代码v2/6_数值实验/03_正式结果/Part1_RQ4/A1_cplex_vs_bp/formal_retimed_90pairs_20260801_204000,5x10/0/202,5x10,202,,5,fixed_w scalar,0,5,,,NOT_APPLICABLE,not_applicable,none,accc2024b229a85302af5697194e2d9a43973398a9b515c74daedf18420115ae,,A1 uses fixed scalar w and does not report candidate-vector derived metrics
Part1_RQ4/A1,A1_cplex_vs_bp,/home/peizeyu2026/smart_wolf_project/ZTT-OR/20260715 ZTT-OR/5_重构代码v2/6_数值实验/03_正式结果/Part1_RQ4/A1_cplex_vs_bp/formal_retimed_90pairs_20260801_204000,5x10/0/1010,5x10,1010,,5,fixed_w scalar,0,5,,,NOT_APPLICABLE,not_applicable,none,250a8374e82ac85138f19237186e4450b6151048e51ed7db4333ab724f3015d8,,A1 uses fixed scalar w and does not report candidate-vector derived metrics
Part1_RQ4/A2,A2_grid_vs_ga_bp,/home/peizeyu2026/smart_wolf_project/ZTT-OR/20260715 ZTT-OR/5_重构代码v2/6_数值实验/03_正式结果/Part1_RQ4/A2_grid_vs_ga_bp/formal_10seeds_20260801_164501,5x20/101,5x20,101,,5,grid_best_w1..w5; ga_best_w1..w5,5,5,,,VALID_EXACT_LENGTH,explicit_indexed_fields,none,91114a2b9274891f6f6a8267ac93327890e85c94dc66d647d70150429fb1cc14,,finite indexed fields
Part1_RQ4/A2,A2_grid_vs_ga_bp,/home/peizeyu2026/smart_wolf_project/ZTT-OR/20260715 ZTT-OR/5_重构代码v2/6_数值实验/03_正式结果/Part1_RQ4/A2_grid_vs_ga_bp/formal_10seeds_20260801_164501,5x20/202,5x20,202,,5,grid_best_w1..w5; ga_best_w1..w5,5,5,,,VALID_EXACT_LENGTH,explicit_indexed_fields,none,91114a2b9274891f6f6a8267ac93327890e85c94dc66d647d70150429fb1cc14,,finite indexed fields
Part1_RQ4/A2,A2_grid_vs_ga_bp,/home/peizeyu2026/smart_wolf_project/ZTT-OR/20260715 ZTT-OR/5_重构代码v2/6_数值实验/03_正式结果/Part1_RQ4/A2_grid_vs_ga_bp/formal_10seeds_20260801_164501,5x20/303,5x20,303,,5,grid_best_w1..w5; ga_best_w1..w5,5,5,,,VALID_EXACT_LENGTH,explicit_indexed_fields,none,91114a2b9274891f6f6a8267ac93327890e85c94dc66d647d70150429fb1cc14,,finite indexed fields
Part1_RQ4/A2,A2_grid_vs_ga_bp,/home/peizeyu2026/smart_wolf_project/ZTT-OR/20260715 ZTT-OR/5_重构代码v2/6_数值实验/03_正式结果/Part1_RQ4/A2_grid_vs_ga_bp/formal_10seeds_20260801_164501,5x20/404,5x20,404,,5,grid_best_w1..w5; ga_best_w1..w5,5,5,,,VALID_EXACT_LENGTH,explicit_indexed_fields,none,91114a2b9274891f6f6a8267ac93327890e85c94dc66d647d70150429fb1cc14,,finite indexed fields
Part1_RQ4/A2,A2_grid_vs_ga_bp,/home/peizeyu2026/smart_wolf_project/ZTT-OR/20260715 ZTT-OR/5_重构代码v2/6_数值实验/03_正式结果/Part1_RQ4/A2_grid_vs_ga_bp/formal_10seeds_20260801_164501,5x20/505,5x20,505,,5,grid_best_w1..w5; ga_best_w1..w5,5,5,,,VALID_EXACT_LENGTH,explicit_indexed_fields,none,91114a2b9274891f6f6a8267ac93327890e85c94dc66d647d70150429fb1cc14,,finite indexed fields
Part1_RQ4/A2,A2_grid_vs_ga_bp,/home/peizeyu2026/smart_wolf_project/ZTT-OR/20260715 ZTT-OR/5_重构代码v2/6_数值实验/03_正式结果/Part1_RQ4/A2_grid_vs_ga_bp/formal_10seeds_20260801_164501,5x20/606,5x20,606,,5,grid_best_w1..w5; ga_best_w1..w5,5,5,,,VALID_EXACT_LENGTH,explicit_indexed_fields,none,91114a2b9274891f6f6a8267ac93327890e85c94dc66d647d70150429fb1cc14,,finite indexed fields
Part1_RQ4/A2,A2_grid_vs_ga_bp,/home/peizeyu2026/smart_wolf_project/ZTT-OR/20260715 ZTT-OR/5_重构代码v2/6_数值实验/03_正式结果/Part1_RQ4/A2_grid_vs_ga_bp/formal_10seeds_20260801_164501,5x20/707,5x20,707,,5,grid_best_w1..w5; ga_best_w1..w5,5,5,,,VALID_EXACT_LENGTH,explicit_indexed_fields,none,91114a2b9274891f6f6a8267ac93327890e85c94dc66d647d70150429fb1cc14,,finite indexed fields
Part1_RQ4/A2,A2_grid_vs_ga_bp,/home/peizeyu2026/smart_wolf_project/ZTT-OR/20260715 ZTT-OR/5_重构代码v2/6_数值实验/03_正式结果/Part1_RQ4/A2_grid_vs_ga_bp/formal_10seeds_20260801_164501,5x20/808,5x20,808,,5,grid_best_w1..w5; ga_best_w1..w5,5,5,,,VALID_EXACT_LENGTH,explicit_indexed_fields,none,91114a2b9274891f6f6a8267ac93327890e85c94dc66d647d70150429fb1cc14,,finite indexed fields
Part1_RQ4/A2,A2_grid_vs_ga_bp,/home/peizeyu2026/smart_wolf_project/ZTT-OR/20260715 ZTT-OR/5_重构代码v2/6_数值实验/03_正式结果/Part1_RQ4/A2_grid_vs_ga_bp/formal_10seeds_20260801_164501,5x20/909,5x20,909,,5,grid_best_w1..w5; ga_best_w1..w5,5,5,,,VALID_EXACT_LENGTH,explicit_indexed_fields,none,91114a2b9274891f6f6a8267ac93327890e85c94dc66d647d70150429fb1cc14,,finite indexed fields
Part1_RQ4/A2,A2_grid_vs_ga_bp,/home/peizeyu2026/smart_wolf_project/ZTT-OR/20260715 ZTT-OR/5_重构代码v2/6_数值实验/03_正式结果/Part1_RQ4/A2_grid_vs_ga_bp/formal_10seeds_20260801_164501,5x20/1010,5x20,1010,,5,grid_best_w1..w5; ga_best_w1..w5,5,5,,,VALID_EXACT_LENGTH,explicit_indexed_fields,none,91114a2b9274891f6f6a8267ac93327890e85c94dc66d647d70150429fb1cc14,,finite indexed fields
Part1_RQ4/A3,A3_ga_bp_scalability,/home/peizeyu2026/smart_wolf_project/ZTT-OR/20260715 ZTT-OR/5_重构代码v2/results/paper_experiments/part1_algorithm_validation/A3_ga_bp_scalability/formal_100runs_resumable_20260802_000000,3x5/101,3x5,101,,3,best_w,3,3,,,VALID_EXACT_LENGTH,direct_best_w,derived w metrics only,b9ea302b3d5d4919c1325eaf09634b619a9e69ca8503f1558370d5d5adf9ca4d,,completed
Part1_RQ4/A3,A3_ga_bp_scalability,/home/peizeyu2026/smart_wolf_project/ZTT-OR/20260715 ZTT-OR/5_重构代码v2/results/paper_experiments/part1_algorithm_validation/A3_ga_bp_scalability/formal_100runs_resumable_20260802_000000,3x5/202,3x5,202,,3,best_w,3,3,,,VALID_EXACT_LENGTH,direct_best_w,derived w metrics only,764f5d8a577214a6f91aecbaf1e25f330f51685197d4ea76a1beeb3bfd0424e3,,completed
Part1_RQ4/A3,A3_ga_bp_scalability,/home/peizeyu2026/smart_wolf_project/ZTT-OR/20260715 ZTT-OR/5_重构代码v2/results/paper_experiments/part1_algorithm_validation/A3_ga_bp_scalability/formal_100runs_resumable_20260802_000000,3x5/303,3x5,303,,3,best_w,3,3,,,VALID_EXACT_LENGTH,direct_best_w,derived w metrics only,88bfd7a02a85e2022b33cc504ee7aabab9f970a7d462995e3b1a3325dafe4870,,completed
Part1_RQ4/A3,A3_ga_bp_scalability,/home/peizeyu2026/smart_wolf_project/ZTT-OR/20260715 ZTT-OR/5_重构代码v2/results/paper_experiments/part1_algorithm_validation/A3_ga_bp_scalability/formal_100runs_resumable_20260802_000000,3x5/404,3x5,404,,3,best_w,3,3,,,VALID_EXACT_LENGTH,direct_best_w,derived w metrics only,2213e107ca62cb67d7ab9939a22bff8b681388db1a7c1c48ceeb6741c22f0dd8,,completed
Part1_RQ4/A3,A3_ga_bp_scalability,/home/peizeyu2026/smart_wolf_project/ZTT-OR/20260715 ZTT-OR/5_重构代码v2/results/paper_experiments/part1_algorithm_validation/A3_ga_bp_scalability/formal_100runs_resumable_20260802_000000,3x5/505,3x5,505,,3,best_w,3,3,,,VALID_EXACT_LENGTH,direct_best_w,derived w metrics only,883cadecce5ed4a00304d62b58aab503b7570a5127f62f08fde9621b75e2ad44,,completed
Part1_RQ4/A3,A3_ga_bp_scalability,/home/peizeyu2026/smart_wolf_project/ZTT-OR/20260715 ZTT-OR/5_重构代码v2/results/paper_experiments/part1_algorithm_validation/A3_ga_bp_scalability/formal_100runs_resumable_20260802_000000,3x5/606,3x5,606,,3,best_w,3,3,,,VALID_EXACT_LENGTH,direct_best_w,derived w metrics only,7ce0a4b265c98f0406f6c5631ba8a7223a2ce82d2b97382ad794a562027d9892,,completed
Part1_RQ4/A3,A3_ga_bp_scalability,/home/peizeyu2026/smart_wolf_project/ZTT-OR/20260715 ZTT-OR/5_重构代码v2/results/paper_experiments/part1_algorithm_validation/A3_ga_bp_scalability/formal_100runs_resumable_20260802_000000,3x5/707,3x5,707,,3,best_w,3,3,,,VALID_EXACT_LENGTH,direct_best_w,derived w metrics only,ec6eb36a9b646e53c244d896f0bd09e6130851d5df3717e362d42b129d7e8e10,,completed
Part1_RQ4/A3,A3_ga_bp_scalability,/home/peizeyu2026/smart_wolf_project/ZTT-OR/20260715 ZTT-OR/5_重构代码v2/results/paper_experiments/part1_algorithm_validation/A3_ga_bp_scalability/formal_100runs_resumable_20260802_000000,3x5/808,3x5,808,,3,best_w,3,3,,,VALID_EXACT_LENGTH,direct_best_w,derived w metrics only,ff10ccabe07a76df2119e2c6f0b0b08abb0eb4aa85fa430abf8ff4f849899114,,completed
Part1_RQ4/A3,A3_ga_bp_scalability,/home/peizeyu2026/smart_wolf_project/ZTT-OR/20260715 ZTT-OR/5_重构代码v2/results/paper_experiments/part1_algorithm_validation/A3_ga_bp_scalability/formal_100runs_resumable_20260802_000000,3x5/909,3x5,909,,3,best_w,3,3,,,VALID_EXACT_LENGTH,direct_best_w,derived w metrics only,fa08c7a92ae557f8d5e5e72c25025ba9a21ab479460b7b77630e67a363297bbc,,completed
Part1_RQ4/A3,A3_ga_bp_scalability,/home/peizeyu2026/smart_wolf_project/ZTT-OR/20260715 ZTT-OR/5_重构代码v2/results/paper_experiments/part1_algorithm_validation/A3_ga_bp_scalability/formal_100runs_resumable_20260802_000000,3x5/1010,3x5,1010,,3,best_w,3,3,,,VALID_EXACT_LENGTH,direct_best_w,derived w metrics only,acaac7cb4afad75dfd8d717d74a3c829815a4cb8c40aaab580a0b54b4e556e36,,completed
Part1_RQ4/A3,A3_ga_bp_scalability,/home/peizeyu2026/smart_wolf_project/ZTT-OR/20260715 ZTT-OR/5_重构代码v2/results/paper_experiments/part1_algorithm_validation/A3_ga_bp_scalability/formal_100runs_resumable_20260802_000000,3x10/101,3x10,101,,3,best_w,3,3,,,VALID_EXACT_LENGTH,direct_best_w,derived w metrics only,a03ad108c3cd6b29c82b4dfe030c564aae6ff5650d471969557384994b729ff7,,completed
Part1_RQ4/A3,A3_ga_bp_scalability,/home/peizeyu2026/smart_wolf_project/ZTT-OR/20260715 ZTT-OR/5_重构代码v2/results/paper_experiments/part1_algorithm_validation/A3_ga_bp_scalability/formal_100runs_resumable_20260802_000000,3x10/202,3x10,202,,3,best_w,3,3,,,VALID_EXACT_LENGTH,direct_best_w,derived w metrics only,e9d725376b99f8ec1e14db9eecd2215c33ea9d04e650f753ec138b5e43d36af1,,completed
Part1_RQ4/A3,A3_ga_bp_scalability,/home/peizeyu2026/smart_wolf_project/ZTT-OR/20260715 ZTT-OR/5_重构代码v2/results/paper_experiments/part1_algorithm_validation/A3_ga_bp_scalability/formal_100runs_resumable_20260802_000000,3x10/303,3x10,303,,3,best_w,3,3,,,VALID_EXACT_LENGTH,direct_best_w,derived w metrics only,bd3aed1e1449b70860ba9feffa2d2cd14059e5ecdfdc207e2d00280128933e0e,,completed
Part1_RQ4/A3,A3_ga_bp_scalability,/home/peizeyu2026/smart_wolf_project/ZTT-OR/20260715 ZTT-OR/5_重构代码v2/results/paper_experiments/part1_algorithm_validation/A3_ga_bp_scalability/formal_100runs_resumable_20260802_000000,3x10/404,3x10,404,,3,best_w,3,3,,,VALID_EXACT_LENGTH,direct_best_w,derived w metrics only,f2d6328dbd4640d07b545c612265e1773ab95748ffcba10d4915a1775cd7883a,,completed
Part1_RQ4/A3,A3_ga_bp_scalability,/home/peizeyu2026/smart_wolf_project/ZTT-OR/20260715 ZTT-OR/5_重构代码v2/results/paper_experiments/part1_algorithm_validation/A3_ga_bp_scalability/formal_100runs_resumable_20260802_000000,3x10/505,3x10,505,,3,best_w,3,3,,,VALID_EXACT_LENGTH,direct_best_w,derived w metrics only,3467f0fe8bcbad6da22d719442c66d390099a8e945826004eb5fc3b9d92f0ccd,,completed
Part1_RQ4/A3,A3_ga_bp_scalability,/home/peizeyu2026/smart_wolf_project/ZTT-OR/20260715 ZTT-OR/5_重构代码v2/results/paper_experiments/part1_algorithm_validation/A3_ga_bp_scalability/formal_100runs_resumable_20260802_000000,3x10/606,3x10,606,,3,best_w,3,3,,,VALID_EXACT_LENGTH,direct_best_w,derived w metrics only,b6d9ef96062f95181cb6208526c8110a9ef7e2ce81d900f0a5c38f28ad9e17ef,,completed
Part1_RQ4/A3,A3_ga_bp_scalability,/home/peizeyu2026/smart_wolf_project/ZTT-OR/20260715 ZTT-OR/5_重构代码v2/results/paper_experiments/part1_algorithm_validation/A3_ga_bp_scalability/formal_100runs_resumable_20260802_000000,3x10/707,3x10,707,,3,best_w,3,3,,,VALID_EXACT_LENGTH,direct_best_w,derived w metrics only,a2c605d033b0cd50720df68010f528e0eb0f83fbf6b31552f5ccb26107050e32,,completed
Part1_RQ4/A3,A3_ga_bp_scalability,/home/peizeyu2026/smart_wolf_project/ZTT-OR/20260715 ZTT-OR/5_重构代码v2/results/paper_experiments/part1_algorithm_validation/A3_ga_bp_scalability/formal_100runs_resumable_20260802_000000,3x10/808,3x10,808,,3,best_w,3,3,,,VALID_EXACT_LENGTH,direct_best_w,derived w metrics only,232d167a2060e63f9dc3e0c1c5d4fe3534b3d5d08607ee6ef67f6fcf1d102917,,completed
Part1_RQ4/A3,A3_ga_bp_scalability,/home/peizeyu2026/smart_wolf_project/ZTT-OR/20260715 ZTT-OR/5_重构代码v2/results/paper_experiments/part1_algorithm_validation/A3_ga_bp_scalability/formal_100runs_resumable_20260802_000000,3x10/909,3x10,909,,3,best_w,3,3,,,VALID_EXACT_LENGTH,direct_best_w,derived w metrics only,1e124de334c2d7887803d375d0a6c07b3f9c49b0caedc91ef6a13d3a2f0ccdc3,,completed
Part1_RQ4/A3,A3_ga_bp_scalability,/home/peizeyu2026/smart_wolf_project/ZTT-OR/20260715 ZTT-OR/5_重构代码v2/results/paper_experiments/part1_algorithm_validation/A3_ga_bp_scalability/formal_100runs_resumable_20260802_000000,3x10/1010,3x10,1010,,3,best_w,3,3,,,VALID_EXACT_LENGTH,direct_best_w,derived w metrics only,3d8c808463dd27d374ba05c23ebb133fd3789f84be23e600e259b5c52c35366b,,completed
Part1_RQ4/A3,A3_ga_bp_scalability,/home/peizeyu2026/smart_wolf_project/ZTT-OR/20260715 ZTT-OR/5_重构代码v2/results/paper_experiments/part1_algorithm_validation/A3_ga_bp_scalability/formal_100runs_resumable_20260802_000000,5x10/101,5x10,101,,5,best_w,5,5,,,VALID_EXACT_LENGTH,direct_best_w,derived w metrics only,2e67830a169aa55eefddb47dbee106e66a78c8b44c3e3666ed7f9f9c5c253068,,completed
Part1_RQ4/A3,A3_ga_bp_scalability,/home/peizeyu2026/smart_wolf_project/ZTT-OR/20260715 ZTT-OR/5_重构代码v2/results/paper_experiments/part1_algorithm_validation/A3_ga_bp_scalability/formal_100runs_resumable_20260802_000000,5x10/202,5x10,202,,5,best_w,5,5,,,VALID_EXACT_LENGTH,direct_best_w,derived w metrics only,cb999c3b36269215d8ef47967efca63f69ad78aa7fc326a46cd019fb2d52bf4d,,completed
Part1_RQ4/A3,A3_ga_bp_scalability,/home/peizeyu2026/smart_wolf_project/ZTT-OR/20260715 ZTT-OR/5_重构代码v2/results/paper_experiments/part1_algorithm_validation/A3_ga_bp_scalability/formal_100runs_resumable_20260802_000000,5x10/303,5x10,303,,5,best_w,5,5,,,VALID_EXACT_LENGTH,direct_best_w,derived w metrics only,4e8fe568a6d0ac98ac30d087f1b97f0b1781c5bc514642c7c11307a30d9f99c3,,completed
Part1_RQ4/A3,A3_ga_bp_scalability,/home/peizeyu2026/smart_wolf_project/ZTT-OR/20260715 ZTT-OR/5_重构代码v2/results/paper_experiments/part1_algorithm_validation/A3_ga_bp_scalability/formal_100runs_resumable_20260802_000000,5x10/404,5x10,404,,5,best_w,5,5,,,VALID_EXACT_LENGTH,direct_best_w,derived w metrics only,17455b73724cb3f35fa1460f72eb48b9edd60b86d5a6994d2e9ad93c1e436f4a,,completed
Part1_RQ4/A3,A3_ga_bp_scalability,/home/peizeyu2026/smart_wolf_project/ZTT-OR/20260715 ZTT-OR/5_重构代码v2/results/paper_experiments/part1_algorithm_validation/A3_ga_bp_scalability/formal_100runs_resumable_20260802_000000,5x10/505,5x10,505,,5,best_w,5,5,,,VALID_EXACT_LENGTH,direct_best_w,derived w metrics only,d85885c2f61e64c1418cda19ceed6674a6e8feaa3b7c5d8a2a6f79d94fb1833d,,completed
Part1_RQ4/A3,A3_ga_bp_scalability,/home/peizeyu2026/smart_wolf_project/ZTT-OR/20260715 ZTT-OR/5_重构代码v2/results/paper_experiments/part1_algorithm_validation/A3_ga_bp_scalability/formal_100runs_resumable_20260802_000000,5x10/606,5x10,606,,5,best_w,5,5,,,VALID_EXACT_LENGTH,direct_best_w,derived w metrics only,fc48a5ea7bd97e5ecb256e34165bdc8f5da466b9f13a2d9120611193672ef233,,completed
Part1_RQ4/A3,A3_ga_bp_scalability,/home/peizeyu2026/smart_wolf_project/ZTT-OR/20260715 ZTT-OR/5_重构代码v2/results/paper_experiments/part1_algorithm_validation/A3_ga_bp_scalability/formal_100runs_resumable_20260802_000000,5x10/707,5x10,707,,5,best_w,5,5,,,VALID_EXACT_LENGTH,direct_best_w,derived w metrics only,18a36df16731ef07cd1d10695663e6da9cc7920c213c80363e660d1e47b2eecd,,completed
Part1_RQ4/A3,A3_ga_bp_scalability,/home/peizeyu2026/smart_wolf_project/ZTT-OR/20260715 ZTT-OR/5_重构代码v2/results/paper_experiments/part1_algorithm_validation/A3_ga_bp_scalability/formal_100runs_resumable_20260802_000000,5x10/808,5x10,808,,5,best_w,5,5,,,VALID_EXACT_LENGTH,direct_best_w,derived w metrics only,074a305515fad2ec5d0f6e6e3afa397b78a01d92f2a77909ae26a2684ff5f99c,,completed
Part1_RQ4/A3,A3_ga_bp_scalability,/home/peizeyu2026/smart_wolf_project/ZTT-OR/20260715 ZTT-OR/5_重构代码v2/results/paper_experiments/part1_algorithm_validation/A3_ga_bp_scalability/formal_100runs_resumable_20260802_000000,5x10/909,5x10,909,,5,best_w,5,5,,,VALID_EXACT_LENGTH,direct_best_w,derived w metrics only,3f06e58e0dfee6f4f4a2442a72859d2ad44590772af0b2f0d073184f8512c94d,,completed
Part1_RQ4/A3,A3_ga_bp_scalability,/home/peizeyu2026/smart_wolf_project/ZTT-OR/20260715 ZTT-OR/5_重构代码v2/results/paper_experiments/part1_algorithm_validation/A3_ga_bp_scalability/formal_100runs_resumable_20260802_000000,5x10/1010,5x10,1010,,5,best_w,5,5,,,VALID_EXACT_LENGTH,direct_best_w,derived w metrics only,283220eac624b7d597e4a49d9db37def155f950af72755b9ee8e07f5eb1b848c,,completed
Part1_RQ4/A3,A3_ga_bp_scalability,/home/peizeyu2026/smart_wolf_project/ZTT-OR/20260715 ZTT-OR/5_重构代码v2/results/paper_experiments/part1_algorithm_validation/A3_ga_bp_scalability/formal_100runs_resumable_20260802_000000,5x20/101,5x20,101,,5,best_w,5,5,,,VALID_EXACT_LENGTH,direct_best_w,derived w metrics only,cd21dde48fbea8bea23ec4d3483bce2d5516766131dd51bc8939c85810a4604b,,completed
Part1_RQ4/A3,A3_ga_bp_scalability,/home/peizeyu2026/smart_wolf_project/ZTT-OR/20260715 ZTT-OR/5_重构代码v2/results/paper_experiments/part1_algorithm_validation/A3_ga_bp_scalability/formal_100runs_resumable_20260802_000000,5x20/202,5x20,202,,5,best_w,5,5,,,VALID_EXACT_LENGTH,direct_best_w,derived w metrics only,5461f4ec642870ca08838bd1f8e3f4056432f01abdc47061ef797bd369fbb0eb,,completed
Part1_RQ4/A3,A3_ga_bp_scalability,/home/peizeyu2026/smart_wolf_project/ZTT-OR/20260715 ZTT-OR/5_重构代码v2/results/paper_experiments/part1_algorithm_validation/A3_ga_bp_scalability/formal_100runs_resumable_20260802_000000,5x20/303,5x20,303,,5,best_w,5,5,,,VALID_EXACT_LENGTH,direct_best_w,derived w metrics only,8a1375332f00d9af8168a5985d18a10d2ceb0962ec5cd61dee64593159dcaa9d,,completed
Part1_RQ4/A3,A3_ga_bp_scalability,/home/peizeyu2026/smart_wolf_project/ZTT-OR/20260715 ZTT-OR/5_重构代码v2/results/paper_experiments/part1_algorithm_validation/A3_ga_bp_scalability/formal_100runs_resumable_20260802_000000,5x20/404,5x20,404,,5,best_w,5,5,,,VALID_EXACT_LENGTH,direct_best_w,derived w metrics only,00e80a240af1bba15a84c68801ccfae7b78cac976c205d1a2c741fe3f5a62493,,completed
Part1_RQ4/A3,A3_ga_bp_scalability,/home/peizeyu2026/smart_wolf_project/ZTT-OR/20260715 ZTT-OR/5_重构代码v2/results/paper_experiments/part1_algorithm_validation/A3_ga_bp_scalability/formal_100runs_resumable_20260802_000000,5x20/505,5x20,505,,5,best_w,5,5,,,VALID_EXACT_LENGTH,direct_best_w,derived w metrics only,44105a0457389ab1ef7fb4ef57e87e28fda058974c989c6d2478b588101ffee8,,completed
Part1_RQ4/A3,A3_ga_bp_scalability,/home/peizeyu2026/smart_wolf_project/ZTT-OR/20260715 ZTT-OR/5_重构代码v2/results/paper_experiments/part1_algorithm_validation/A3_ga_bp_scalability/formal_100runs_resumable_20260802_000000,5x20/606,5x20,606,,5,best_w,5,5,,,VALID_EXACT_LENGTH,direct_best_w,derived w metrics only,6b3e345ff98a904db9c9a92626b2acb81bb7aacd287a6014cdaad061a9c7d125,,completed
Part1_RQ4/A3,A3_ga_bp_scalability,/home/peizeyu2026/smart_wolf_project/ZTT-OR/20260715 ZTT-OR/5_重构代码v2/results/paper_experiments/part1_algorithm_validation/A3_ga_bp_scalability/formal_100runs_resumable_20260802_000000,5x20/707,5x20,707,,5,best_w,5,5,,,VALID_EXACT_LENGTH,direct_best_w,derived w metrics only,39bcad614045407583fbd1205e0d22e4cba31cf5dc8b267cea2e9fe8c0efda7c,,completed
Part1_RQ4/A3,A3_ga_bp_scalability,/home/peizeyu2026/smart_wolf_project/ZTT-OR/20260715 ZTT-OR/5_重构代码v2/results/paper_experiments/part1_algorithm_validation/A3_ga_bp_scalability/formal_100runs_resumable_20260802_000000,5x20/808,5x20,808,,5,best_w,5,5,,,VALID_EXACT_LENGTH,direct_best_w,derived w metrics only,4fc60e27a1cb52fa381b3774c1cf1e2f65b76141343115ff48c40e6e6c463b2d,,completed
Part1_RQ4/A3,A3_ga_bp_scalability,/home/peizeyu2026/smart_wolf_project/ZTT-OR/20260715 ZTT-OR/5_重构代码v2/results/paper_experiments/part1_algorithm_validation/A3_ga_bp_scalability/formal_100runs_resumable_20260802_000000,5x20/909,5x20,909,,5,best_w,5,5,,,VALID_EXACT_LENGTH,direct_best_w,derived w metrics only,10fe8e314cb904d7b0678f1c4beaa9e6b5d81cfccee93919efb15a3827fce7cd,,completed
Part1_RQ4/A3,A3_ga_bp_scalability,/home/peizeyu2026/smart_wolf_project/ZTT-OR/20260715 ZTT-OR/5_重构代码v2/results/paper_experiments/part1_algorithm_validation/A3_ga_bp_scalability/formal_100runs_resumable_20260802_000000,5x20/1010,5x20,1010,,5,best_w,5,5,,,VALID_EXACT_LENGTH,direct_best_w,derived w metrics only,94036f65556d17eb667915dc05572769e67a8cdcaac08a2e82a33b344182f1e0,,completed
Part1_RQ4/A3,A3_ga_bp_scalability,/home/peizeyu2026/smart_wolf_project/ZTT-OR/20260715 ZTT-OR/5_重构代码v2/results/paper_experiments/part1_algorithm_validation/A3_ga_bp_scalability/formal_100runs_resumable_20260802_000000,5x30/101,5x30,101,,5,best_w,5,5,,,VALID_EXACT_LENGTH,direct_best_w,derived w metrics only,4879e98f7ca13d6ef21893a85c1b3fd58d8b086f75214b25406e6404f76c6629,,completed
Part1_RQ4/A3,A3_ga_bp_scalability,/home/peizeyu2026/smart_wolf_project/ZTT-OR/20260715 ZTT-OR/5_重构代码v2/results/paper_experiments/part1_algorithm_validation/A3_ga_bp_scalability/formal_100runs_resumable_20260802_000000,5x30/202,5x30,202,,5,best_w,5,5,,,VALID_EXACT_LENGTH,direct_best_w,derived w metrics only,627a5f746086ea361610e80d1dd509c6e1df41325e36febd7a4193e14d95779c,,completed
Part1_RQ4/A3,A3_ga_bp_scalability,/home/peizeyu2026/smart_wolf_project/ZTT-OR/20260715 ZTT-OR/5_重构代码v2/results/paper_experiments/part1_algorithm_validation/A3_ga_bp_scalability/formal_100runs_resumable_20260802_000000,5x30/303,5x30,303,,5,best_w,5,5,,,VALID_EXACT_LENGTH,direct_best_w,derived w metrics only,1ff9c9310960645ca1a73ad437afdb308fb07a51a7ec6bb2806691511ea94d15,,completed
Part1_RQ4/A3,A3_ga_bp_scalability,/home/peizeyu2026/smart_wolf_project/ZTT-OR/20260715 ZTT-OR/5_重构代码v2/results/paper_experiments/part1_algorithm_validation/A3_ga_bp_scalability/formal_100runs_resumable_20260802_000000,5x30/404,5x30,404,,5,best_w,5,5,,,VALID_EXACT_LENGTH,direct_best_w,derived w metrics only,733349fd1522e191c5dd095150694b6996f8c074511f0fedb90dd24d4cab2828,,completed
Part1_RQ4/A3,A3_ga_bp_scalability,/home/peizeyu2026/smart_wolf_project/ZTT-OR/20260715 ZTT-OR/5_重构代码v2/results/paper_experiments/part1_algorithm_validation/A3_ga_bp_scalability/formal_100runs_resumable_20260802_000000,5x30/505,5x30,505,,5,best_w,5,5,,,VALID_EXACT_LENGTH,direct_best_w,derived w metrics only,65a0d2f5da27fde1b7bdb4c8cc0c25d4ef26fff851e281d63ccf4471e879897c,,completed
Part1_RQ4/A3,A3_ga_bp_scalability,/home/peizeyu2026/smart_wolf_project/ZTT-OR/20260715 ZTT-OR/5_重构代码v2/results/paper_experiments/part1_algorithm_validation/A3_ga_bp_scalability/formal_100runs_resumable_20260802_000000,5x30/606,5x30,606,,5,best_w,5,5,,,VALID_EXACT_LENGTH,direct_best_w,derived w metrics only,95407a39b920f57ff0809acc7445f4e6839557c0962d78a5221933e1a6935d06,,completed
Part1_RQ4/A3,A3_ga_bp_scalability,/home/peizeyu2026/smart_wolf_project/ZTT-OR/20260715 ZTT-OR/5_重构代码v2/results/paper_experiments/part1_algorithm_validation/A3_ga_bp_scalability/formal_100runs_resumable_20260802_000000,5x30/707,5x30,707,,5,best_w,5,5,,,VALID_EXACT_LENGTH,direct_best_w,derived w metrics only,2aa0ea746fc61117ed069aa548f557583397b598a6427165ba616bf9e3736b63,,completed
Part1_RQ4/A3,A3_ga_bp_scalability,/home/peizeyu2026/smart_wolf_project/ZTT-OR/20260715 ZTT-OR/5_重构代码v2/results/paper_experiments/part1_algorithm_validation/A3_ga_bp_scalability/formal_100runs_resumable_20260802_000000,5x30/808,5x30,808,,5,best_w,5,5,,,VALID_EXACT_LENGTH,direct_best_w,derived w metrics only,6cd84357f7df5395a4d054578308c1505f74f73fafd55ae57e2e3f4bf7d4055c,,completed
Part1_RQ4/A3,A3_ga_bp_scalability,/home/peizeyu2026/smart_wolf_project/ZTT-OR/20260715 ZTT-OR/5_重构代码v2/results/paper_experiments/part1_algorithm_validation/A3_ga_bp_scalability/formal_100runs_resumable_20260802_000000,5x30/909,5x30,909,,5,best_w,5,5,,,VALID_EXACT_LENGTH,direct_best_w,derived w metrics only,c225124bb44d95e21e3c245e10ebf4de50217c6ca5f8ee0661d695e4fb15f95f,,completed
Part1_RQ4/A3,A3_ga_bp_scalability,/home/peizeyu2026/smart_wolf_project/ZTT-OR/20260715 ZTT-OR/5_重构代码v2/results/paper_experiments/part1_algorithm_validation/A3_ga_bp_scalability/formal_100runs_resumable_20260802_000000,5x30/1010,5x30,1010,,5,best_w,5,5,,,VALID_EXACT_LENGTH,direct_best_w,derived w metrics only,5114bea8a57119f54986f10c2d58d23d2af9efc4f5b0b4411f884ff590b8c96a,,completed
Part1_RQ4/A3,A3_ga_bp_scalability,/home/peizeyu2026/smart_wolf_project/ZTT-OR/20260715 ZTT-OR/5_重构代码v2/results/paper_experiments/part1_algorithm_validation/A3_ga_bp_scalability/formal_100runs_resumable_20260802_000000,10x30/101,10x30,101,,10,best_w,10,10,,,VALID_EXACT_LENGTH,direct_best_w,derived w metrics only,437ee607c30eede147e06d546b04026276728599ce735ca592e3668768558b29,,completed
Part1_RQ4/A3,A3_ga_bp_scalability,/home/peizeyu2026/smart_wolf_project/ZTT-OR/20260715 ZTT-OR/5_重构代码v2/results/paper_experiments/part1_algorithm_validation/A3_ga_bp_scalability/formal_100runs_resumable_20260802_000000,10x30/202,10x30,202,,10,best_w,10,10,,,VALID_EXACT_LENGTH,direct_best_w,derived w metrics only,ff1fd9b094a91d61a0173406a339428d36e561461469aa59663819095d7ab550,,completed
Part1_RQ4/A3,A3_ga_bp_scalability,/home/peizeyu2026/smart_wolf_project/ZTT-OR/20260715 ZTT-OR/5_重构代码v2/results/paper_experiments/part1_algorithm_validation/A3_ga_bp_scalability/formal_100runs_resumable_20260802_000000,10x30/303,10x30,303,,10,best_w,10,10,,,VALID_EXACT_LENGTH,direct_best_w,derived w metrics only,4948438ef418802b13ab43e4cd18028d28cd95d211b425c632af225764ed27cd,,completed
Part1_RQ4/A3,A3_ga_bp_scalability,/home/peizeyu2026/smart_wolf_project/ZTT-OR/20260715 ZTT-OR/5_重构代码v2/results/paper_experiments/part1_algorithm_validation/A3_ga_bp_scalability/formal_100runs_resumable_20260802_000000,10x30/404,10x30,404,,10,best_w,10,10,,,VALID_EXACT_LENGTH,direct_best_w,derived w metrics only,eb45838bdd58096b49ecaefdbf2e519c193cb6522e0c632faf54b239c9c22dae,,completed
Part1_RQ4/A3,A3_ga_bp_scalability,/home/peizeyu2026/smart_wolf_project/ZTT-OR/20260715 ZTT-OR/5_重构代码v2/results/paper_experiments/part1_algorithm_validation/A3_ga_bp_scalability/formal_100runs_resumable_20260802_000000,10x30/505,10x30,505,,10,best_w,10,10,,,VALID_EXACT_LENGTH,direct_best_w,derived w metrics only,124bcd281a0c48e6e2fa8f6949f03760eb023ef5daaa44e460ee1e22ede9b958,,completed
Part1_RQ4/A3,A3_ga_bp_scalability,/home/peizeyu2026/smart_wolf_project/ZTT-OR/20260715 ZTT-OR/5_重构代码v2/results/paper_experiments/part1_algorithm_validation/A3_ga_bp_scalability/formal_100runs_resumable_20260802_000000,10x30/606,10x30,606,,10,best_w,10,10,,,VALID_EXACT_LENGTH,direct_best_w,derived w metrics only,03c3991e6e5b72c363f57f362d48b2f7fa9e61a6eba3f56574973be513610ea6,,completed
Part1_RQ4/A3,A3_ga_bp_scalability,/home/peizeyu2026/smart_wolf_project/ZTT-OR/20260715 ZTT-OR/5_重构代码v2/results/paper_experiments/part1_algorithm_validation/A3_ga_bp_scalability/formal_100runs_resumable_20260802_000000,10x30/707,10x30,707,,10,best_w,10,10,,,VALID_EXACT_LENGTH,direct_best_w,derived w metrics only,eb7c61effd80437dead097c0e093b7129675b4ef14a43468d129849334ff442e,,completed
Part1_RQ4/A3,A3_ga_bp_scalability,/home/peizeyu2026/smart_wolf_project/ZTT-OR/20260715 ZTT-OR/5_重构代码v2/results/paper_experiments/part1_algorithm_validation/A3_ga_bp_scalability/formal_100runs_resumable_20260802_000000,10x30/808,10x30,808,,10,best_w,10,10,,,VALID_EXACT_LENGTH,direct_best_w,derived w metrics only,1a3a4e9fbbf0559af662d9b113a5e8d50917680da83e2742539c8bbfe315e3b7,,completed
Part1_RQ4/A3,A3_ga_bp_scalability,/home/peizeyu2026/smart_wolf_project/ZTT-OR/20260715 ZTT-OR/5_重构代码v2/results/paper_experiments/part1_algorithm_validation/A3_ga_bp_scalability/formal_100runs_resumable_20260802_000000,10x30/909,10x30,909,,10,best_w,10,10,,,VALID_EXACT_LENGTH,direct_best_w,derived w metrics only,2b1d5eb41b9079cef3a0a0ef128f517c4ace33f6e7c98aaf09143429496aa66e,,completed
Part1_RQ4/A3,A3_ga_bp_scalability,/home/peizeyu2026/smart_wolf_project/ZTT-OR/20260715 ZTT-OR/5_重构代码v2/results/paper_experiments/part1_algorithm_validation/A3_ga_bp_scalability/formal_100runs_resumable_20260802_000000,10x30/1010,10x30,1010,,10,best_w,10,10,,,VALID_EXACT_LENGTH,direct_best_w,derived w metrics only,84f60e575db6fb8a2e473c1601df341bab43a0c1c0ffa38d0382eb5870e26d6e,,completed
Part1_RQ4/A3,A3_ga_bp_scalability,/home/peizeyu2026/smart_wolf_project/ZTT-OR/20260715 ZTT-OR/5_重构代码v2/results/paper_experiments/part1_algorithm_validation/A3_ga_bp_scalability/formal_100runs_resumable_20260802_000000,15x30/101,15x30,101,,15,best_w,15,15,,,VALID_EXACT_LENGTH,direct_best_w,derived w metrics only,ad4b9d71a55f374bcb58f5b30f03f373e15a7af5a8ace22cd4e54bf294c75b64,,completed
Part1_RQ4/A3,A3_ga_bp_scalability,/home/peizeyu2026/smart_wolf_project/ZTT-OR/20260715 ZTT-OR/5_重构代码v2/results/paper_experiments/part1_algorithm_validation/A3_ga_bp_scalability/formal_100runs_resumable_20260802_000000,15x30/202,15x30,202,,15,best_w,15,15,,,VALID_EXACT_LENGTH,direct_best_w,derived w metrics only,5479b7dd9f1a60e05a2dc834a5c41995512178ab9e088e3b016d6946b6a76000,,completed
Part1_RQ4/A3,A3_ga_bp_scalability,/home/peizeyu2026/smart_wolf_project/ZTT-OR/20260715 ZTT-OR/5_重构代码v2/results/paper_experiments/part1_algorithm_validation/A3_ga_bp_scalability/formal_100runs_resumable_20260802_000000,15x30/303,15x30,303,,15,best_w,15,15,,,VALID_EXACT_LENGTH,direct_best_w,derived w metrics only,a07e75a9f9142110afac534146f10309b7a0e1beafb2cda737e6cd4b0278b4a8,,completed
Part1_RQ4/A3,A3_ga_bp_scalability,/home/peizeyu2026/smart_wolf_project/ZTT-OR/20260715 ZTT-OR/5_重构代码v2/results/paper_experiments/part1_algorithm_validation/A3_ga_bp_scalability/formal_100runs_resumable_20260802_000000,15x30/404,15x30,404,,15,best_w,15,15,,,VALID_EXACT_LENGTH,direct_best_w,derived w metrics only,7dce20c3c9e261cfcee290e380cafe16b9516bbd03a5c86b4333284befde6ca6,,completed
Part1_RQ4/A3,A3_ga_bp_scalability,/home/peizeyu2026/smart_wolf_project/ZTT-OR/20260715 ZTT-OR/5_重构代码v2/results/paper_experiments/part1_algorithm_validation/A3_ga_bp_scalability/formal_100runs_resumable_20260802_000000,15x30/505,15x30,505,,15,best_w,15,15,,,VALID_EXACT_LENGTH,direct_best_w,derived w metrics only,3fb8102c62abb47a8511186d89a281f7ed8412a98bc0441ec8f7037bed536039,,completed
Part1_RQ4/A3,A3_ga_bp_scalability,/home/peizeyu2026/smart_wolf_project/ZTT-OR/20260715 ZTT-OR/5_重构代码v2/results/paper_experiments/part1_algorithm_validation/A3_ga_bp_scalability/formal_100runs_resumable_20260802_000000,15x30/606,15x30,606,,15,best_w,15,15,,,VALID_EXACT_LENGTH,direct_best_w,derived w metrics only,6889a7ab5039363d2784818cb6fcb4fc1e08c72faf2147c5a9278fb83085332f,,completed
Part1_RQ4/A3,A3_ga_bp_scalability,/home/peizeyu2026/smart_wolf_project/ZTT-OR/20260715 ZTT-OR/5_重构代码v2/results/paper_experiments/part1_algorithm_validation/A3_ga_bp_scalability/formal_100runs_resumable_20260802_000000,15x30/707,15x30,707,,15,best_w,15,15,,,VALID_EXACT_LENGTH,direct_best_w,derived w metrics only,69c4e33c16b03a8db3cdad1e77c157012a6ae29db86028c90452135beacff8fb,,completed
Part1_RQ4/A3,A3_ga_bp_scalability,/home/peizeyu2026/smart_wolf_project/ZTT-OR/20260715 ZTT-OR/5_重构代码v2/results/paper_experiments/part1_algorithm_validation/A3_ga_bp_scalability/formal_100runs_resumable_20260802_000000,15x30/808,15x30,808,,15,best_w,15,15,,,VALID_EXACT_LENGTH,direct_best_w,derived w metrics only,8ea9ffcad93bae942f1092967501d4a65b4d64f36b3e642a2be355ca254f17be,,completed
Part1_RQ4/A3,A3_ga_bp_scalability,/home/peizeyu2026/smart_wolf_project/ZTT-OR/20260715 ZTT-OR/5_重构代码v2/results/paper_experiments/part1_algorithm_validation/A3_ga_bp_scalability/formal_100runs_resumable_20260802_000000,15x30/909,15x30,909,,15,best_w,15,15,,,VALID_EXACT_LENGTH,direct_best_w,derived w metrics only,087eda560f67ea927f5656af711ab67968ef5ba4e4ac944967979885f3ef2d7e,,completed
Part1_RQ4/A3,A3_ga_bp_scalability,/home/peizeyu2026/smart_wolf_project/ZTT-OR/20260715 ZTT-OR/5_重构代码v2/results/paper_experiments/part1_algorithm_validation/A3_ga_bp_scalability/formal_100runs_resumable_20260802_000000,15x30/1010,15x30,1010,,15,best_w,15,15,,,VALID_EXACT_LENGTH,direct_best_w,derived w metrics only,ffd12f84997d2cfe5a52f28a09f1a22e6792414873cfdbcaa31d131abb72e54e,,completed
Part1_RQ4/A3,A3_ga_bp_scalability,/home/peizeyu2026/smart_wolf_project/ZTT-OR/20260715 ZTT-OR/5_重构代码v2/results/paper_experiments/part1_algorithm_validation/A3_ga_bp_scalability/formal_100runs_resumable_20260802_000000,15x50/101,15x50,101,,15,best_w,15,15,,,VALID_EXACT_LENGTH,direct_best_w,derived w metrics only,6a145d70cb4ac97bd5a89b00b74113e4f9438e61c67e5954bb1a9989d0cf12e5,,completed
Part1_RQ4/A3,A3_ga_bp_scalability,/home/peizeyu2026/smart_wolf_project/ZTT-OR/20260715 ZTT-OR/5_重构代码v2/results/paper_experiments/part1_algorithm_validation/A3_ga_bp_scalability/formal_100runs_resumable_20260802_000000,15x50/202,15x50,202,,15,best_w,15,15,,,VALID_EXACT_LENGTH,direct_best_w,derived w metrics only,8f61d2cd0426b238e3b45ac1cc65d0bdbe07b7920166250d7a318994a452cefb,,completed
Part1_RQ4/A3,A3_ga_bp_scalability,/home/peizeyu2026/smart_wolf_project/ZTT-OR/20260715 ZTT-OR/5_重构代码v2/results/paper_experiments/part1_algorithm_validation/A3_ga_bp_scalability/formal_100runs_resumable_20260802_000000,15x50/303,15x50,303,,15,best_w,15,15,,,VALID_EXACT_LENGTH,direct_best_w,derived w metrics only,6a1aa88e2ce346b94fb1f5ea3d846e64be9f7325aac6ebd8a1b5cee44d4a90cf,,completed
Part1_RQ4/A3,A3_ga_bp_scalability,/home/peizeyu2026/smart_wolf_project/ZTT-OR/20260715 ZTT-OR/5_重构代码v2/results/paper_experiments/part1_algorithm_validation/A3_ga_bp_scalability/formal_100runs_resumable_20260802_000000,15x50/404,15x50,404,,15,best_w,15,15,,,VALID_EXACT_LENGTH,direct_best_w,derived w metrics only,d90041c29d6ec14ae50e27cb68e907effda1cbd99a02eb128dd3cdcbb357c9e4,,completed
Part1_RQ4/A3,A3_ga_bp_scalability,/home/peizeyu2026/smart_wolf_project/ZTT-OR/20260715 ZTT-OR/5_重构代码v2/results/paper_experiments/part1_algorithm_validation/A3_ga_bp_scalability/formal_100runs_resumable_20260802_000000,15x50/505,15x50,505,,15,best_w,15,15,,,VALID_EXACT_LENGTH,direct_best_w,derived w metrics only,52cf04215fb46b2f4e8a673491e676a3cf18dca0e37679f52f0c4b8103a8e8c0,,completed
Part1_RQ4/A3,A3_ga_bp_scalability,/home/peizeyu2026/smart_wolf_project/ZTT-OR/20260715 ZTT-OR/5_重构代码v2/results/paper_experiments/part1_algorithm_validation/A3_ga_bp_scalability/formal_100runs_resumable_20260802_000000,15x50/606,15x50,606,,15,best_w,15,15,,,VALID_EXACT_LENGTH,direct_best_w,derived w metrics only,4a2e50021ca5381067fb956c9ed1904740ca7031cad40bf1e03260cdb6744f77,,completed
Part1_RQ4/A3,A3_ga_bp_scalability,/home/peizeyu2026/smart_wolf_project/ZTT-OR/20260715 ZTT-OR/5_重构代码v2/results/paper_experiments/part1_algorithm_validation/A3_ga_bp_scalability/formal_100runs_resumable_20260802_000000,15x50/707,15x50,707,,15,best_w,15,15,,,VALID_EXACT_LENGTH,direct_best_w,derived w metrics only,2881003a6d0deb93dc8cb86679c7cdadd8d71511fd14f7a276d74d799b18c28d,,completed
Part1_RQ4/A3,A3_ga_bp_scalability,/home/peizeyu2026/smart_wolf_project/ZTT-OR/20260715 ZTT-OR/5_重构代码v2/results/paper_experiments/part1_algorithm_validation/A3_ga_bp_scalability/formal_100runs_resumable_20260802_000000,15x50/808,15x50,808,,15,best_w,15,15,,,VALID_EXACT_LENGTH,direct_best_w,derived w metrics only,1769942b6a532378b7dfdb4602fff4387f89969d0f86d34f32f995e7b3069a40,,completed
Part1_RQ4/A3,A3_ga_bp_scalability,/home/peizeyu2026/smart_wolf_project/ZTT-OR/20260715 ZTT-OR/5_重构代码v2/results/paper_experiments/part1_algorithm_validation/A3_ga_bp_scalability/formal_100runs_resumable_20260802_000000,15x50/909,15x50,909,,15,best_w,15,15,,,VALID_EXACT_LENGTH,direct_best_w,derived w metrics only,12796ce3298d580734f67534418f7912a3980b6181c964109ce3604f297b0f4a,,completed
Part1_RQ4/A3,A3_ga_bp_scalability,/home/peizeyu2026/smart_wolf_project/ZTT-OR/20260715 ZTT-OR/5_重构代码v2/results/paper_experiments/part1_algorithm_validation/A3_ga_bp_scalability/formal_100runs_resumable_20260802_000000,15x50/1010,15x50,1010,,15,best_w,15,15,,,VALID_EXACT_LENGTH,direct_best_w,derived w metrics only,48b9eb2a6cb4d0a6e081f3bfaa2121a0ae6e627ea7587bc3d45a63306b0f2429,,completed
Part1_RQ4/A3,A3_ga_bp_scalability,/home/peizeyu2026/smart_wolf_project/ZTT-OR/20260715 ZTT-OR/5_重构代码v2/results/paper_experiments/part1_algorithm_validation/A3_ga_bp_scalability/formal_100runs_resumable_20260802_000000,20x50/101,20x50,101,,20,best_w,20,20,,,VALID_EXACT_LENGTH,direct_best_w,derived w metrics only,6d9505b0ee7952677feff71e6f3e0a5e2c2957ac0a689d57b1c42fc79f470b32,,completed
Part1_RQ4/A3,A3_ga_bp_scalability,/home/peizeyu2026/smart_wolf_project/ZTT-OR/20260715 ZTT-OR/5_重构代码v2/results/paper_experiments/part1_algorithm_validation/A3_ga_bp_scalability/formal_100runs_resumable_20260802_000000,20x50/202,20x50,202,,20,best_w,20,20,,,VALID_EXACT_LENGTH,direct_best_w,derived w metrics only,bf8057cf014162fc1a86ac1ec34fc168a1c86f301762c7fb37aa9f26513adfd7,,completed
Part1_RQ4/A3,A3_ga_bp_scalability,/home/peizeyu2026/smart_wolf_project/ZTT-OR/20260715 ZTT-OR/5_重构代码v2/results/paper_experiments/part1_algorithm_validation/A3_ga_bp_scalability/formal_100runs_resumable_20260802_000000,20x50/303,20x50,303,,20,best_w,20,20,,,VALID_EXACT_LENGTH,direct_best_w,derived w metrics only,6dbe393029948a1105c51f95bd18dbd88c3df91fd8f5b276f78cf30a939541e2,,completed
Part1_RQ4/A3,A3_ga_bp_scalability,/home/peizeyu2026/smart_wolf_project/ZTT-OR/20260715 ZTT-OR/5_重构代码v2/results/paper_experiments/part1_algorithm_validation/A3_ga_bp_scalability/formal_100runs_resumable_20260802_000000,20x50/404,20x50,404,,20,best_w,20,20,,,VALID_EXACT_LENGTH,direct_best_w,derived w metrics only,2766cb0b38cc507725bba3c8544b574697a0c566d0d81278d75ef8e58cb9c9a6,,completed
Part1_RQ4/A3,A3_ga_bp_scalability,/home/peizeyu2026/smart_wolf_project/ZTT-OR/20260715 ZTT-OR/5_重构代码v2/results/paper_experiments/part1_algorithm_validation/A3_ga_bp_scalability/formal_100runs_resumable_20260802_000000,20x50/505,20x50,505,,20,best_w,20,20,,,VALID_EXACT_LENGTH,direct_best_w,derived w metrics only,4e2273eda21ac3b611b53962c3810df07e52609502a2cb9ed9f8c0a6ef88d0ca,,completed
Part1_RQ4/A3,A3_ga_bp_scalability,/home/peizeyu2026/smart_wolf_project/ZTT-OR/20260715 ZTT-OR/5_重构代码v2/results/paper_experiments/part1_algorithm_validation/A3_ga_bp_scalability/formal_100runs_resumable_20260802_000000,20x50/606,20x50,606,,20,best_w,20,20,,,VALID_EXACT_LENGTH,direct_best_w,derived w metrics only,280e4c38253e62de28bb6fb16cd95d218de6aca7a8700a564889570963e727da,,completed
Part1_RQ4/A3,A3_ga_bp_scalability,/home/peizeyu2026/smart_wolf_project/ZTT-OR/20260715 ZTT-OR/5_重构代码v2/results/paper_experiments/part1_algorithm_validation/A3_ga_bp_scalability/formal_100runs_resumable_20260802_000000,20x50/707,20x50,707,,20,best_w,20,20,,,VALID_EXACT_LENGTH,direct_best_w,derived w metrics only,f2ae697e153eedc32097da54c38ec701ceee43b244799613e0260ad3a1789afc,,completed
Part1_RQ4/A3,A3_ga_bp_scalability,/home/peizeyu2026/smart_wolf_project/ZTT-OR/20260715 ZTT-OR/5_重构代码v2/results/paper_experiments/part1_algorithm_validation/A3_ga_bp_scalability/formal_100runs_resumable_20260802_000000,20x50/808,20x50,808,,20,best_w,20,20,,,VALID_EXACT_LENGTH,direct_best_w,derived w metrics only,0c4377b03ecfc18bfc152d27fff9096c2fb1ae1f19c3a6acf9bccb3990c7aeaa,,completed
Part1_RQ4/A3,A3_ga_bp_scalability,/home/peizeyu2026/smart_wolf_project/ZTT-OR/20260715 ZTT-OR/5_重构代码v2/results/paper_experiments/part1_algorithm_validation/A3_ga_bp_scalability/formal_100runs_resumable_20260802_000000,20x50/909,20x50,909,,20,best_w,20,20,,,VALID_EXACT_LENGTH,direct_best_w,derived w metrics only,ae5267bb6b7e29546e812e0b9b14efeb53d37e4973ea0bcb5925524b148e6434,,completed
Part1_RQ4/A3,A3_ga_bp_scalability,/home/peizeyu2026/smart_wolf_project/ZTT-OR/20260715 ZTT-OR/5_重构代码v2/results/paper_experiments/part1_algorithm_validation/A3_ga_bp_scalability/formal_100runs_resumable_20260802_000000,20x50/1010,20x50,1010,,20,best_w,20,20,,,VALID_EXACT_LENGTH,direct_best_w,derived w metrics only,b17ee408bcda5d74f3e2007ffb8c5288e9d71484f072e51faef6bb6ba949e7b2,,completed
Part1_RQ4/A3,A3_ga_bp_scalability,/home/peizeyu2026/smart_wolf_project/ZTT-OR/20260715 ZTT-OR/5_重构代码v2/results/paper_experiments/part1_algorithm_validation/A3_ga_bp_scalability/formal_100runs_resumable_20260802_000000,30x100/101,30x100,101,,30,best_w,30,30,,,VALID_EXACT_LENGTH,direct_best_w,derived w metrics only,4db61e6dc02fed9b1974c49292fe77b9098852b73fe4b6fe978baa16aa3bea78,,completed
Part1_RQ4/A3,A3_ga_bp_scalability,/home/peizeyu2026/smart_wolf_project/ZTT-OR/20260715 ZTT-OR/5_重构代码v2/results/paper_experiments/part1_algorithm_validation/A3_ga_bp_scalability/formal_100runs_resumable_20260802_000000,30x100/202,30x100,202,,30,best_w,30,30,,,VALID_EXACT_LENGTH,direct_best_w,derived w metrics only,eb83fda91cd3b960f04898f11122a2b615496ad42eb7c418af2b828c4ba42a4e,,completed
Part1_RQ4/A3,A3_ga_bp_scalability,/home/peizeyu2026/smart_wolf_project/ZTT-OR/20260715 ZTT-OR/5_重构代码v2/results/paper_experiments/part1_algorithm_validation/A3_ga_bp_scalability/formal_100runs_resumable_20260802_000000,30x100/303,30x100,303,,30,best_w,30,30,,,VALID_EXACT_LENGTH,direct_best_w,derived w metrics only,490bba6a88a3b5b43a17b5332d8a434ab694695bbdbbab227796683da55c3977,,completed
Part1_RQ4/A3,A3_ga_bp_scalability,/home/peizeyu2026/smart_wolf_project/ZTT-OR/20260715 ZTT-OR/5_重构代码v2/results/paper_experiments/part1_algorithm_validation/A3_ga_bp_scalability/formal_100runs_resumable_20260802_000000,30x100/404,30x100,404,,30,best_w,30,30,,,VALID_EXACT_LENGTH,direct_best_w,derived w metrics only,c09f812acba3839f88f41b792717d834239b23c65e480199174503aa02b172e3,,completed
Part1_RQ4/A3,A3_ga_bp_scalability,/home/peizeyu2026/smart_wolf_project/ZTT-OR/20260715 ZTT-OR/5_重构代码v2/results/paper_experiments/part1_algorithm_validation/A3_ga_bp_scalability/formal_100runs_resumable_20260802_000000,30x100/505,30x100,505,,30,best_w,30,30,,,VALID_EXACT_LENGTH,direct_best_w,derived w metrics only,33b8927fb2d88642cb5169142727cccb0041c5d24078bc20de49ebf414b5aa55,,completed
Part1_RQ4/A3,A3_ga_bp_scalability,/home/peizeyu2026/smart_wolf_project/ZTT-OR/20260715 ZTT-OR/5_重构代码v2/results/paper_experiments/part1_algorithm_validation/A3_ga_bp_scalability/formal_100runs_resumable_20260802_000000,30x100/606,30x100,606,,30,best_w,30,30,,,VALID_EXACT_LENGTH,direct_best_w,derived w metrics only,acf5916fa686cfcd6e704cb51471fd3e3a05159c5086dc49a391643b9fa8dc19,,completed
Part1_RQ4/A3,A3_ga_bp_scalability,/home/peizeyu2026/smart_wolf_project/ZTT-OR/20260715 ZTT-OR/5_重构代码v2/results/paper_experiments/part1_algorithm_validation/A3_ga_bp_scalability/formal_100runs_resumable_20260802_000000,30x100/707,30x100,707,,30,best_w,30,30,,,VALID_EXACT_LENGTH,direct_best_w,derived w metrics only,8249f0a8f8f53749a21a5792d64c0873eb9abb1a5916a0f59fff0cc16953c5c2,,completed
Part1_RQ4/A3,A3_ga_bp_scalability,/home/peizeyu2026/smart_wolf_project/ZTT-OR/20260715 ZTT-OR/5_重构代码v2/results/paper_experiments/part1_algorithm_validation/A3_ga_bp_scalability/formal_100runs_resumable_20260802_000000,30x100/808,30x100,808,,30,best_w,,30,,,UNRECONSTRUCTABLE,direct_best_w,derived w metrics only,,,interrupted
Part2_RQ1,RQ1_no_vs_optimized_investment,/home/peizeyu2026/smart_wolf_project/ZTT-OR/20260715 ZTT-OR/5_重构代码v2/results/paper_experiments/part2_investment_value/RQ1_no_vs_optimized_investment/formal_20runs_clean_20260802_1120,10x30/101,10x30,101,,10,normalized_result.csv,10,10,,,VALID_EXACT_LENGTH,structured_normalized_output,mean_w derived metrics,edbef04bf447bf99348c6bf672c3e84f8a98fa835383b1d90a884a65442249fe,,normalized output
Part2_RQ1,RQ1_no_vs_optimized_investment,/home/peizeyu2026/smart_wolf_project/ZTT-OR/20260715 ZTT-OR/5_重构代码v2/results/paper_experiments/part2_investment_value/RQ1_no_vs_optimized_investment/formal_20runs_clean_20260802_1120,10x30/101,10x30,101,,10,normalized_result.csv,10,10,,,VALID_EXACT_LENGTH,structured_normalized_output,mean_w derived metrics,99f78b63aabd86ea43de9c6b2020643a4f9b36387ffa8f909a092c6361d9aa27,,normalized output
Part2_RQ1,RQ1_no_vs_optimized_investment,/home/peizeyu2026/smart_wolf_project/ZTT-OR/20260715 ZTT-OR/5_重构代码v2/results/paper_experiments/part2_investment_value/RQ1_no_vs_optimized_investment/formal_20runs_clean_20260802_1120,10x30/202,10x30,202,,10,normalized_result.csv,10,10,,,VALID_EXACT_LENGTH,structured_normalized_output,mean_w derived metrics,3aed2009929641777cda3e9be09a608a3826a0a1c01d272a3a59ae974142a4b1,,normalized output
Part2_RQ1,RQ1_no_vs_optimized_investment,/home/peizeyu2026/smart_wolf_project/ZTT-OR/20260715 ZTT-OR/5_重构代码v2/results/paper_experiments/part2_investment_value/RQ1_no_vs_optimized_investment/formal_20runs_clean_20260802_1120,10x30/202,10x30,202,,10,normalized_result.csv,10,10,,,VALID_EXACT_LENGTH,structured_normalized_output,mean_w derived metrics,a78d2314efe9454e7e2a052ca9accae668ce8fb143fc3055c0df25dd9b75efec,,normalized output
Part2_RQ1,RQ1_no_vs_optimized_investment,/home/peizeyu2026/smart_wolf_project/ZTT-OR/20260715 ZTT-OR/5_重构代码v2/results/paper_experiments/part2_investment_value/RQ1_no_vs_optimized_investment/formal_20runs_clean_20260802_1120,10x30/303,10x30,303,,10,normalized_result.csv,10,10,,,VALID_EXACT_LENGTH,structured_normalized_output,mean_w derived metrics,87da00ad0fae397cc6167294e43599a5ecb0e76ee2063b77c9b75a97caaabd8f,,normalized output
Part2_RQ1,RQ1_no_vs_optimized_investment,/home/peizeyu2026/smart_wolf_project/ZTT-OR/20260715 ZTT-OR/5_重构代码v2/results/paper_experiments/part2_investment_value/RQ1_no_vs_optimized_investment/formal_20runs_clean_20260802_1120,10x30/303,10x30,303,,10,normalized_result.csv,10,10,,,VALID_EXACT_LENGTH,structured_normalized_output,mean_w derived metrics,0bbdbd75e85fb80c39ab1df85167a075b70452cb0e71145042017e00e3a2e029,,normalized output
Part2_RQ1,RQ1_no_vs_optimized_investment,/home/peizeyu2026/smart_wolf_project/ZTT-OR/20260715 ZTT-OR/5_重构代码v2/results/paper_experiments/part2_investment_value/RQ1_no_vs_optimized_investment/formal_20runs_clean_20260802_1120,10x30/404,10x30,404,,10,normalized_result.csv,10,10,,,VALID_EXACT_LENGTH,structured_normalized_output,mean_w derived metrics,fec07e1f66998e266b5d44ad0ff0b16ebc38e5281d41a560c38302f4a244b22c,,normalized output
Part2_RQ1,RQ1_no_vs_optimized_investment,/home/peizeyu2026/smart_wolf_project/ZTT-OR/20260715 ZTT-OR/5_重构代码v2/results/paper_experiments/part2_investment_value/RQ1_no_vs_optimized_investment/formal_20runs_clean_20260802_1120,10x30/404,10x30,404,,10,normalized_result.csv,10,10,,,VALID_EXACT_LENGTH,structured_normalized_output,mean_w derived metrics,6a46600a932cc6d8e0b8fbcc8e0ec416a2c6ddadf7f5c160428a55b6559aad4b,,normalized output
Part2_RQ1,RQ1_no_vs_optimized_investment,/home/peizeyu2026/smart_wolf_project/ZTT-OR/20260715 ZTT-OR/5_重构代码v2/results/paper_experiments/part2_investment_value/RQ1_no_vs_optimized_investment/formal_20runs_clean_20260802_1120,10x30/505,10x30,505,,10,normalized_result.csv,10,10,,,VALID_EXACT_LENGTH,structured_normalized_output,mean_w derived metrics,6747e99831503d0adc79b356c30dd580ae68e2f4d0b1be72c0c4e2015ced6bd0,,normalized output
Part2_RQ1,RQ1_no_vs_optimized_investment,/home/peizeyu2026/smart_wolf_project/ZTT-OR/20260715 ZTT-OR/5_重构代码v2/results/paper_experiments/part2_investment_value/RQ1_no_vs_optimized_investment/formal_20runs_clean_20260802_1120,10x30/505,10x30,505,,10,normalized_result.csv,10,10,,,VALID_EXACT_LENGTH,structured_normalized_output,mean_w derived metrics,30998729dcbf2498d02d85075ff7ac4e3f0151d865087a23ada1b48384218acf,,normalized output
Part2_RQ1,RQ1_no_vs_optimized_investment,/home/peizeyu2026/smart_wolf_project/ZTT-OR/20260715 ZTT-OR/5_重构代码v2/results/paper_experiments/part2_investment_value/RQ1_no_vs_optimized_investment/formal_20runs_clean_20260802_1120,10x30/606,10x30,606,,10,normalized_result.csv,10,10,,,VALID_EXACT_LENGTH,structured_normalized_output,mean_w derived metrics,dfdd415d9d471b80a025d1d21f9f175744860dbd633bdfad75d156abf3d3f317,,normalized output
Part2_RQ1,RQ1_no_vs_optimized_investment,/home/peizeyu2026/smart_wolf_project/ZTT-OR/20260715 ZTT-OR/5_重构代码v2/results/paper_experiments/part2_investment_value/RQ1_no_vs_optimized_investment/formal_20runs_clean_20260802_1120,10x30/606,10x30,606,,10,normalized_result.csv,10,10,,,VALID_EXACT_LENGTH,structured_normalized_output,mean_w derived metrics,19ae6c0515516e518ab766ee8f482a3ced98018dfd50534de3ab35ac299f0a50,,normalized output
Part2_RQ1,RQ1_no_vs_optimized_investment,/home/peizeyu2026/smart_wolf_project/ZTT-OR/20260715 ZTT-OR/5_重构代码v2/results/paper_experiments/part2_investment_value/RQ1_no_vs_optimized_investment/formal_20runs_clean_20260802_1120,10x30/707,10x30,707,,10,normalized_result.csv,10,10,,,VALID_EXACT_LENGTH,structured_normalized_output,mean_w derived metrics,b2c5315cdd65d7d34577603c7564005e60002f0db47a6efac9a5d6c37bcb48fe,,normalized output
Part2_RQ1,RQ1_no_vs_optimized_investment,/home/peizeyu2026/smart_wolf_project/ZTT-OR/20260715 ZTT-OR/5_重构代码v2/results/paper_experiments/part2_investment_value/RQ1_no_vs_optimized_investment/formal_20runs_clean_20260802_1120,10x30/707,10x30,707,,10,normalized_result.csv,10,10,,,VALID_EXACT_LENGTH,structured_normalized_output,mean_w derived metrics,19916b49de679fb56bf9f0d6548b1e86a6220ea52796fc236ffbbf47cace733b,,normalized output
Part2_RQ1,RQ1_no_vs_optimized_investment,/home/peizeyu2026/smart_wolf_project/ZTT-OR/20260715 ZTT-OR/5_重构代码v2/results/paper_experiments/part2_investment_value/RQ1_no_vs_optimized_investment/formal_20runs_clean_20260802_1120,10x30/808,10x30,808,,10,normalized_result.csv,10,10,,,VALID_EXACT_LENGTH,structured_normalized_output,mean_w derived metrics,c912fb30a8e24b509189958565fe843c348cc179bdf85b5589860e182f31ff27,,normalized output
Part2_RQ1,RQ1_no_vs_optimized_investment,/home/peizeyu2026/smart_wolf_project/ZTT-OR/20260715 ZTT-OR/5_重构代码v2/results/paper_experiments/part2_investment_value/RQ1_no_vs_optimized_investment/formal_20runs_clean_20260802_1120,10x30/808,10x30,808,,10,normalized_result.csv,10,10,,,VALID_EXACT_LENGTH,structured_normalized_output,mean_w derived metrics,e4ecc5921a4b16a8196e20be8c76f788e9c64aaaf314f0053e55bf707b0c64d0,,normalized output
Part2_RQ1,RQ1_no_vs_optimized_investment,/home/peizeyu2026/smart_wolf_project/ZTT-OR/20260715 ZTT-OR/5_重构代码v2/results/paper_experiments/part2_investment_value/RQ1_no_vs_optimized_investment/formal_20runs_clean_20260802_1120,10x30/909,10x30,909,,10,normalized_result.csv,10,10,,,VALID_EXACT_LENGTH,structured_normalized_output,mean_w derived metrics,91001793354ce8524083b2346fbcf0988e52733e31222c5dbfdadce6c0ddc865,,normalized output
Part2_RQ1,RQ1_no_vs_optimized_investment,/home/peizeyu2026/smart_wolf_project/ZTT-OR/20260715 ZTT-OR/5_重构代码v2/results/paper_experiments/part2_investment_value/RQ1_no_vs_optimized_investment/formal_20runs_clean_20260802_1120,10x30/909,10x30,909,,10,normalized_result.csv,10,10,,,VALID_EXACT_LENGTH,structured_normalized_output,mean_w derived metrics,4711266a7ccad268c40921dba07c8c104cc7f1150c1c55398f41b14a0eed47c4,,normalized output
Part2_RQ1,RQ1_no_vs_optimized_investment,/home/peizeyu2026/smart_wolf_project/ZTT-OR/20260715 ZTT-OR/5_重构代码v2/results/paper_experiments/part2_investment_value/RQ1_no_vs_optimized_investment/formal_20runs_clean_20260802_1120,10x30/1010,10x30,1010,,10,normalized_result.csv,10,10,,,VALID_EXACT_LENGTH,structured_normalized_output,mean_w derived metrics,a339079973a9e978a4b5bb89f25d9d263ccd96161e053394217fb96ff66b12d3,,normalized output
Part2_RQ1,RQ1_no_vs_optimized_investment,/home/peizeyu2026/smart_wolf_project/ZTT-OR/20260715 ZTT-OR/5_重构代码v2/results/paper_experiments/part2_investment_value/RQ1_no_vs_optimized_investment/formal_20runs_clean_20260802_1120,10x30/1010,10x30,1010,,10,normalized_result.csv,10,10,,,VALID_EXACT_LENGTH,structured_normalized_output,mean_w derived metrics,d78ae6c66b2716456572ace46163863da4f5cfe151e14ecae6c23fe17a7189ac,,normalized output
